trip_uid,trip_id,route_id,direction_id,start_time,vehicle_id,last_observed,marked_past,num_updates,num_schedule_changes,num_schedule_rewrites
1756526400_7..S,024000_7..S,7,1,1756526400,07 0400 MST/CHS,1756542146,1756542149,917,0,0
1756526520_5..S32R,024200_5..S32R,5,1,1756526520,05 0402  DYR/180,1756541580,1756541585,716,0,0
1756526520_7..S,024200_7..S,7,1,1756526520,=7 0402 CHS/34H,1756541726,1756541730,224,0,0
1756526580_3..S88R,024300_3..S88R,3,1,1756526580,03 0403  148/34S,1756542509,1756542515,965,0,0
1756526580_5..N32R,024300_5..N32R,5,0,1756526580,05 0403  180/DYR,1756541651,1756541655,735,0,0
1756526640_4..S13R,024400_4..S13R,4,1,1756526640,04 0404  WDL/NLT,1756546379,1756546385,2627,0,0
1756526700_3..N90R,024500_3..N90R,3,0,1756526700,03 0405  34S/148,1756542434,1756542440,865,0,0
1756526760_1..S02X060,024600_1..S02X060,1,1,1756526760,01 0406  242/DYK,1756541880,1756541885,717,0,0
1756526760_1..S12R,024600_1..S12R,1,1,1756526760,01 0406  137/SFT,1756543229,1756543235,1145,0,0
1756526910_4..N13X004,024850_4..N13X004,4,0,1756526910,04 0408+ NLT/WDL,1756546589,1756546595,1973,0,0
1756526970_1..N02X061,024950_1..N02X061,1,0,1756526970,01 0409+ DYK/242,1756541999,1756542005,670,0,0
1756527030_7..N,025050_7..N,7,0,1756527030,07 0410+ 34H/MST,1756543721,1756543724,1125,0,0
1756527120_1..N12R,025200_1..N12R,1,0,1756527120,01 0412  SFT/137,1756543805,1756543808,1151,0,0
1756527150_6..N01X007,025250_6..N01X007,6,0,1756527150,06 0412+ BBR/PEL,1756544954,1756544960,1458,0,0
1756527210_2..N08R,025350_2..N08R,2,0,1756527210,02 0413+ FLA/241,1756547954,1756547960,2091,0,0
1756527540_2..S08R,025900_2..S08R,2,1,1756527540,02 0419  241/FLA,1756548254,1756548260,2111,0,0
1756527570_6..S01R,025950_6..S01R,6,1,1756527570,06 0439+ PEL/BBR,1756547054,1756547060,1858,0,0
1756527600_7..S,026000_7..S,7,1,1756527600,07 0420 MST/CHS,1756543358,1756543361,910,0,0
1756527720_5..S32R,026200_5..S32R,5,1,1756527720,05 0422  DYR/180,1756542794,1756542800,722,0,0
1756527720_7..S,026200_7..S,7,1,1756527720,=7 0422 CHS/34H,1756542890,1756542893,226,0,0
1756527780_3..S88R,026300_3..S88R,3,1,1756527780,03 0423  148/34S,1756543343,1756543346,868,0,0
1756527780_5..N32R,026300_5..N32R,5,0,1756527780,05 0423  180/DYR,1756542824,1756542830,730,0,0
1756527900_3..N90R,026500_3..N90R,3,0,1756527900,03 0425  34S/148,1756543589,1756543595,854,0,0
1756527960_1..S02X060,026600_1..S02X060,1,1,1756527960,01 0426  242/DYK,1756543163,1756543166,740,0,0
1756527960_1..S12R,026600_1..S12R,1,1,1756527960,01 0426  137/SFT,1756544504,1756544510,1102,0,0
1756528110_4..N13X004,026850_4..N13X004,4,0,1756528110,04 0428+ NLT/WDL,1756548389,1756548395,2133,0,0
1756528170_1..N02X061,026950_1..N02X061,1,0,1756528170,01 0429+ DYK/242,1756543184,1756543190,666,0,0
1756528230_7..N,027050_7..N,7,0,1756528230,07 0430+ 34H/MST,1756544804,1756544810,1134,0,0
1756528320_1..N12R,027200_1..N12R,1,0,1756528320,01 0432  SFT/137,1756544966,1756544969,1141,0,0
1756528350_6..N01X007,027250_6..N01X007,6,0,1756528350,06 0432+ BBR/PEL,1756546361,1756546364,1513,0,0
1756528410_2..N08R,027350_2..N08R,2,0,1756528410,02 0433+ FLA/241,1756549049,1756549055,2142,0,0
1756528440_4..S13R,027400_4..S13R,4,1,1756528440,04 0434  WDL/NLT,1756548464,1756548470,2077,0,0
1756528740_2..S08R,027900_2..S08R,2,1,1756528740,02 0439  241/FLA,1756549364,1756549370,2166,0,0
1756528770_6..S01R,027950_6..S01R,6,1,1756528770,06 0439+ PEL/BBR,1756541741,1756541745,121,0,0
1756528800_7..S,028000_7..S,7,1,1756528800,07 0440 MST/34H,1756545209,1756545215,1072,0,0
1756528920_5..S32R,028200_5..S32R,5,1,1756528920,05 0442  DYR/180,1756543964,1756543970,714,0,0
1756528920_7..S,028200_7..S,7,1,1756528920,=7 0442 CHS/34H,1756544234,1756544240,262,0,0
1756528980_3..S88R,028300_3..S88R,3,1,1756528980,03 0443  148/34S,1756544804,1756544810,938,0,0
1756528980_5..N32R,028300_5..N32R,5,0,1756528980,05 0443  180/DYR,1756544069,1756544075,742,0,0
1756529100_3..N90R,028500_3..N90R,3,0,1756529100,03 0445  34S/148,1756544834,1756544840,865,0,0
1756529160_1..S02X060,028600_1..S02X060,1,1,1756529160,01 0446  242/DYK,1756544264,1756544270,713,0,0
1756529160_1..S12R,028600_1..S12R,1,1,1756529160,01 0446  137/SFT,1756545773,1756545776,1192,0,0
1756529310_4..N13X004,028850_4..N13X004,4,0,1756529310,04 0448+ NLT/WDL,1756548869,1756548875,1940,0,0
1756529370_1..N02X061,028950_1..N02X061,1,0,1756529370,01 0449+ DYK/242,1756544429,1756544435,676,0,0
1756529430_7..N,029050_7..N,7,0,1756529430,07 0450+ 34H/MST,1756546094,1756546100,1088,0,0
1756529520_1..N12R,029200_1..N12R,1,0,1756529520,01 0452  SFT/137,1756546130,1756546133,1129,0,0
1756529550_6..N01X007,029250_6..N01X007,6,0,1756529550,06 0452+ BBR/PEL,1756547924,1756547930,1608,0,0
1756529610_2..N08R,029350_2..N08R,2,0,1756529610,02 0453+ FLA/241,1756549979,1756549985,2151,0,0
1756529640_4..S13R,029400_4..S13R,4,1,1756529640,04 0454  WDL/NLT,1756549304,1756549310,1981,0,0
1756529850_7..S,029750_7..S,7,1,1756529850,07 0457+ MST/34H,1756546334,1756546340,1056,0,0
1756529940_2..S01R,029900_2..S01R,2,1,1756529940,02 0459  241/FLA,1756549934,1756549940,2062,0,0
1756529970_6..S01R,029950_6..S01R,6,1,1756529970,06 0459+ PEL/BBR,1756547999,1756548005,1275,0,0
1756530060_1..S02X060,030100_1..S02X060,1,1,1756530060,01 0501  242/DYK,1756545194,1756545200,720,0,0
1756530120_5..S32R,030200_5..S32R,5,1,1756530120,05 0502  DYR/180,1756545224,1756545230,728,0,0
1756530180_3..S88R,030300_3..S88R,3,1,1756530180,03 0503  148/34S,1756546229,1756546235,996,0,0
1756530180_5..N32R,030300_5..N32R,5,0,1756530180,05 0503  180/DYR,1756545323,1756545326,754,0,0
1756530210_1..S12R,030350_1..S12R,1,1,1756530210,01 0503+ 137/SFT,1756546733,1756546736,1130,0,0
1756530270_1..N02X061,030450_1..N02X061,1,0,1756530270,01 0504+ DYK/242,1756545314,1756545320,672,0,0
1756530300_3..N90R,030500_3..N90R,3,0,1756530300,03 0505  34S/148,1756546211,1756546214,911,0,0
1756530510_4..N13X004,030850_4..N13X004,4,0,1756530510,04 0508+ NLT/WDL,1756550003,1756550006,1974,0,0
1756530630_7..N,031050_7..N,7,0,1756530630,07 0510+ 34H/MST,1756547549,1756547555,1163,0,0
1756530690_2..N08R,031150_2..N08R,2,0,1756530690,02 0511+ FLA/241,1756544834,1756544840,464,0,0
1756530720_1..N12R,031200_1..N12R,1,0,1756530720,01 0512  SFT/137,1756547390,1756547393,1145,0,0
1756530750_6..N01X007,031250_6..N01X007,6,0,1756530750,06 0512+ BBR/PEL,1756548944,1756548950,1559,0,0
1756530750_7..S,031250_7..S,7,1,1756530750,07 0512+ MST/34H,1756547114,1756547120,1047,0,0
1756530840_4..S41R,031400_4..S41R,4,1,1756530840,04 0514  WDL/UTI,1756549706,1756549709,1795,0,0
1756530900_6..S01R,031500_6..S01R,6,1,1756530900,06 0515  PEL/BBR,1756548809,1756548815,1443,0,0
1756530960_1..S02X060,031600_1..S02X060,1,1,1756530960,01 0516  242/DYK,1756546169,1756546175,740,0,0
1756531140_2..S01R,031900_2..S01R,2,1,1756531140,02 0519  241/FLA,1756551161,1756551164,2069,0,0
1756531170_1..N02X061,031950_1..N02X061,1,0,1756531170,01 0519+ DYK/242,1756546193,1756546196,666,0,0
1756531230_2..N08R,032050_2..N08R,2,0,1756531230,02 0520+ FLA/241,1756551710,1756551711,1831,0,0
1756531260_3..S01R,032100_3..S01R,3,1,1756531260,03 0521  148/NLT,1756549433,1756549436,1544,0,0
1756531320_1..S12R,032200_1..S12R,1,1,1756531320,01 0522  137/SFT,1756547819,1756547825,1100,0,0
1756531500_3..N90R,032500_3..N90R,3,0,1756531500,03 0525  34S/148,1756547393,1756547396,906,0,0
1756531650_7..S,032750_7..S,7,1,1756531650,07 0527+ MST/34H,1756547996,1756547999,1060,0,0
1756531680_1..S02X060,032800_1..S02X060,1,1,1756531680,01 0528  242/DYK,1756546853,1756546856,762,0,0
1756531710_4..N13X004,032850_4..N13X004,4,0,1756531710,04 0528+ NLT/WDL,1756551471,1756551473,2140,0,0
1756531800_6..S01R,033000_6..S01R,6,1,1756531800,06 0530  PEL/BBR,1756550114,1756550120,1611,0,0
1756531830_7..N,033050_7..N,7,0,1756531830,07 0530+ 34H/MST,1756548524,1756548530,1143,0,0
1756531890_1..N02X061,033150_1..N02X061,1,0,1756531890,01 0531+ DYK/242,1756546979,1756546985,716,0,0
1756531890_5..N32R,033150_5..N32R,5,0,1756531890,05 0531+ 180/DYR,1756547393,1756547396,695,0,0
1756531920_1..N12R,033200_1..N12R,1,0,1756531920,01 0532  SFT/137,1756548608,1756548611,1149,0,0
1756531950_4..S06R,033250_4..S06R,4,1,1756531950,04 0532+ WDL/UTI,1756550219,1756550225,1657,0,0
1756531950_6..N01X007,033250_6..N01X007,6,0,1756531950,06 0532+ BBR/PEL,1756549853,1756549856,1524,0,0
1756532010_2..S01R,033350_2..S01R,2,1,1756532010,02 0533+ 241/FLA,1756551869,1756551875,2018,0,0
1756532100_5..S01R,033500_5..S01R,5,1,1756532100,05 0535  DYR/180,1756547123,1756547126,674,0,0
1756532340_1..S12R,033900_1..S12R,1,1,1756532340,01 0539  137/SFT,1756549073,1756549076,1193,0,0
1756532370_7..S,033950_7..S,7,1,1756532370,07 0539+ MST/34H,1756548986,1756548989,1114,0,0
1756532400_1..S02X060,034000_1..S02X060,1,1,1756532400,01 0540  242/DYK,1756547633,1756547636,730,0,0
1756532400_6..S01R,034000_6..S01R,6,1,1756532400,06 0540  PEL/BBR,1756550361,1756550363,1531,0,0
1756532460_3..S01R,034100_3..S01R,3,1,1756532460,03 0541  148/NLT,1756550441,1756550444,1558,0,0
1756532550_5..S08R,034250_5..S08R,5,1,1756532550,05 0542+ DYR/BWG,1756550441,1756550444,1558,0,0
1756532610_1..N02X061,034350_1..N02X061,1,0,1756532610,01 0543+ DYK/242,1756547693,1756547696,746,0,0
1756532670_4..S06R,034450_4..S06R,4,1,1756532670,04 0544+ WDL/UTI,1756550843,1756550846,1612,0,0
1756532700_2..S01R,034500_2..S01R,2,1,1756532700,02 0545  241/FLA,1756552673,1756552676,1990,0,0
1756532700_3..N90R,034500_3..N90R,3,0,1756532700,03 0545  34S/148,1756548554,1756548560,895,0,0
1756532850_2..N01R,034750_2..N01R,2,0,1756532850,02 0547+ FLA/241,1756552703,1756552706,2204,0,0
1756532970_7..S,034950_7..S,7,1,1756532970,07 0549+ MST/34H,1756549476,1756549478,1074,0,0
1756533000_1..S12R,035000_1..S12R,1,1,1756533000,01 0550  137/SFT,1756549583,1756549586,1114,0,0
1756533000_6..S01R,035000_6..S01R,6,1,1756533000,06 0550  PEL/BBR,1756550864,1756550870,1539,0,0
1756533030_7..N,035050_7..N,7,0,1756533030,07 0550+ 34H/MST,1756549646,1756549649,1131,0,0
1756533120_1..N12R,035200_1..N12R,1,0,1756533120,01 0552  SFT/137,1756549703,1756549706,1154,0,0
1756533120_1..S02X060,035200_1..S02X060,1,1,1756533120,01 0552  242/DYK,1756548353,1756548356,761,0,0
1756533150_6..N01X007,035250_6..N01X007,6,0,1756533150,06 0552+ BBR/PEL,1756551041,1756551044,1598,0,0
1756533180_2..S01R,035300_2..S01R,2,1,1756533180,02 0553  241/FLA,1756552943,1756552949,1973,0,0
1756533210_4..N01R,035350_4..N01R,4,0,1756533210,04 0553+ NLT/WDL,1756552673,1756552676,2498,0,0
1756533330_1..N02X061,035550_1..N02X061,1,0,1756533330,01 0555+ DYK/242,1756548734,1756548740,783,0,0
1756533360_3..S01R,035600_3..S01R,3,1,1756533360,03 0556  148/NLT,1756551149,1756551155,1554,0,0
1756533390_4..S06R,035650_4..S06R,4,1,1756533390,04 0556+ WDL/UTI,1756551494,1756551500,1668,0,0
1756533510_6..S01R,035850_6..S01R,6,1,1756533510,06 0558+ PEL/BBR,1756551456,1756551458,1655,0,0
1756533510_7..S,035850_7..S,7,1,1756533510,07 0558+ MST/34H,1756550066,1756550069,1168,0,0
1756533600_1..S12R,036000_1..S12R,1,1,1756533600,01 0600  137/SFT,1756550249,1756550255,1175,0,0
1756533600_5..N01R,036000_5..N01R,5,0,1756533600,05 0600  180/DYR,1756548884,1756548890,743,0,0
1756533600_GS.N01R,036000_GS.N01R,GS,0,1756533600,0S 0600  GCS/TSS,1756548095,1756548098,533,0,0
1756533660_2..S01R,036100_2..S01R,2,1,1756533660,02 0601  241/FLA,1756553741,1756553744,1973,0,0
1756533750_3..N01R,036250_3..N01R,3,0,1756533750,03 0602+ NLT/148,1756552109,1756552115,1790,0,0
1756533750_5..S08R,036250_5..S08R,5,1,1756533750,05 0602+ DYR/BWG,1756551974,1756551980,1745,0,0
1756533780_2..N01R,036300_2..N01R,2,0,1756533780,02 0603  FLA/241,1756553561,1756553564,2078,0,0
1756533840_1..S02X060,036400_1..S02X060,1,1,1756533840,01 0604  242/DYK,1756549064,1756549070,791,0,0
1756533840_GS.S01R,036400_GS.S01R,GS,1,1756533840,0S 0604  TSS/GCS,1756548314,1756548320,591,0,0
1756533870_4..S06R,036450_4..S06R,4,1,1756533870,04 0604+ WDL/UTI,1756551914,1756551921,1645,0,0
1756533960_7..S,036600_7..S,7,1,1756533960,07 0606 MST/34H,1756550384,1756550390,1155,0,0
1756534020_6..S01R,036700_6..S01R,6,1,1756534020,06 0607  PEL/BBR,1756551986,1756551989,1669,0,0
1756534020_7..N,036700_7..N,7,0,1756534020,07 0607 34H/MST,1756550786,1756550789,1289,0,0
1756534050_1..N02X061,036750_1..N02X061,1,0,1756534050,01 0607+ DYK/242,1756549124,1756549130,727,0,0
1756534050_6..N01X007,036750_6..N01X007,6,0,1756534050,06 0607+ BBR/PEL,1756551974,1756551980,1665,0,0
1756534080_1..N12R,036800_1..N12R,1,0,1756534080,01 0608  SFT/137,1756550663,1756550666,1232,0,0
1756534140_2..S01R,036900_2..S01R,2,1,1756534140,02 0609  241/FLA,1756553969,1756553975,1939,0,0
1756534140_3..S01R,036900_3..S01R,3,1,1756534140,03 0609  148/NLT,1756552253,1756552256,1749,0,0
1756534200_1..S12R,037000_1..S12R,1,1,1756534200,01 0610  137/SFT,1756550751,1756550753,1181,0,0
1756534200_GS.N01R,037000_GS.N01R,GS,0,1756534200,0S 0610  GCS/TSS,1756548689,1756548695,531,0,0
1756534260_3..N42R,037100_3..N42R,3,0,1756534260,03 0611  TSQ/148,1756549949,1756549955,916,0,0
1756534350_4..S06R,037250_4..S06R,4,1,1756534350,04 0612+ WDL/UTI,1756552221,1756552223,1666,0,0
1756534410_7..S,037350_7..S,7,1,1756534410,07 0613+ MST/34H,1756551029,1756551035,1210,0,0
1756534440_GS.S01R,037400_GS.S01R,GS,1,1756534440,0S 0614  TSS/GCS,1756548914,1756548920,591,0,0
1756534500_6..S01R,037500_6..S01R,6,1,1756534500,06 0615  PEL/BBR,1756552460,1756552461,1660,0,0
1756534560_1..S02X060,037600_1..S02X060,1,1,1756534560,01 0616  242/DYK,1756549619,1756549625,726,0,0
1756534620_2..S01R,037700_2..S01R,2,1,1756534620,02 0617  241/FLA,1756554440,1756554443,1874,0,0
1756534650_4..N03R,037750_4..N03R,4,0,1756534650,04 0617+ NLT/WDL,1756553843,1756553846,2048,0,0
1756534680_1..S12R,037800_1..S12R,1,1,1756534680,01 0618  137/SFT,1756551261,1756551263,1270,0,0
1756534680_2..N01R,037800_2..N01R,2,0,1756534680,02 0618  FLA/241,1756554869,1756554875,1962,0,0
1756534680_7..S,037800_7..S,7,1,1756534680,07 0618 MST/34H,1756551338,1756551341,1264,0,0
1756534740_7..N,037900_7..N,7,0,1756534740,07 0619 34H/MST,1756551329,1756551335,1261,0,0
1756534770_1..N02X061,037950_1..N02X061,1,0,1756534770,01 0619+ DYK/242,1756549883,1756549886,734,0,0
1756534800_5..N01R,038000_5..N01R,5,0,1756534800,05 0620  180/DYR,1756549883,1756549886,734,0,0
1756534800_GS.N01R,038000_GS.N01R,GS,0,1756534800,0S 0620  GCS/TSS,1756549304,1756549310,535,0,0
1756534830_3..S01R,038050_3..S01R,3,1,1756534830,03 0620+ 148/NLT,1756553003,1756553006,1744,0,0
1756534830_4..S06R,038050_4..S06R,4,1,1756534830,04 0620+ WDL/UTI,1756553054,1756553060,1758,0,0
1756534920_3..N42R,038200_3..N42R,3,0,1756534920,03 0622  TSQ/148,1756550511,1756550513,941,0,0
1756534950_6..N01X007,038250_6..N01X007,6,0,1756534950,06 0622+ BBR/PEL,1756552919,1756552925,1724,0,0
1756534980_6..S01R,038300_6..S01R,6,1,1756534980,06 0623  PEL/BBR,1756552940,1756552943,1728,0,0
1756534980_7..S,038300_7..S,7,1,1756534980,07 0623 MST/34H,1756551488,1756551491,1210,0,0
1756535040_1..N12R,038400_1..N12R,1,0,1756535040,01 0624  SFT/137,1756551764,1756551770,1355,0,0
1756535040_GS.S01R,038400_GS.S01R,GS,1,1756535040,0S 0624  TSS/GCS,1756549514,1756549520,591,0,0
1756535070_2..S01R,038450_2..S01R,2,1,1756535070,02 0624+ 241/FLA,1756555091,1756555094,1846,0,0
1756535160_1..S12R,038600_1..S12R,1,1,1756535160,01 0626  137/SFT,1756551701,1756551704,1256,0,0
1756535280_1..S02X060,038800_1..S02X060,1,1,1756535280,01 0628  242/DYK,1756550421,1756550423,831,0,0
1756535280_7..S,038800_7..S,7,1,1756535280,07 0628 MST/34H,1756551803,1756551806,1221,0,0
1756535310_4..S06R,038850_4..S06R,4,1,1756535310,04 0628+ WDL/UTI,1756553375,1756553378,1763,0,0
1756535340_7..N,038900_7..N,7,0,1756535340,07 0629 34H/MST,1756551981,1756551983,1279,0,0
1756535400_GS.N01R,039000_GS.N01R,GS,0,1756535400,0S 0630  GCS/TSS,1756549844,1756549850,519,0,0
1756535460_2..N01R,039100_2..N01R,2,0,1756535460,02 0631  FLA/241,1756555199,1756555205,1788,0,0
1756535460_6..S01R,039100_6..S01R,6,1,1756535460,06 0631  PEL/BBR,1756553315,1756553318,1667,0,0
1756535490_1..N02X061,039150_1..N02X061,1,0,1756535490,01 0631+ DYK/242,1756550489,1756550495,774,0,0
1756535550_3..N01R,039250_3..N01R,3,0,1756535550,03 0632+ NLT/148,1756553741,1756553744,1781,0,0
1756535550_3..S01R,039250_3..S01R,3,1,1756535550,03 0632+ 148/NLT,1756554071,1756554074,1869,0,0
1756535550_7..S,039250_7..S,7,1,1756535550,07 0632+ MST/34H,1756552133,1756552136,1330,0,0
1756535580_2..S01R,039300_2..S01R,2,1,1756535580,02 0633  241/FLA,1756555409,1756555415,1830,0,0
1756535640_1..S12R,039400_1..S12R,1,1,1756535640,01 0634  137/SFT,1756552331,1756552334,1308,0,0
1756535640_GS.S01R,039400_GS.S01R,GS,1,1756535640,0S 0634  TSS/GCS,1756550105,1756550106,588,0,0
1756535790_1..N12R,039650_1..N12R,1,0,1756535790,01 0636+ SFT/137,1756552496,1756552499,1353,0,0
1756535790_4..S06R,039650_4..S06R,4,1,1756535790,04 0636+ WDL/UTI,1756553885,1756553888,1739,0,0
1756535820_7..N,039700_7..N,7,0,1756535820,07 0637 34H/MST,1756552394,1756552400,1337,0,0
1756535820_7..S,039700_7..S,7,1,1756535820,07 0637 MST/34H,1756552340,1756552341,1319,0,0
1756535850_6..N01X007,039750_6..N01X007,6,0,1756535850,06 0637+ BBR/PEL,1756554113,1756554116,1800,0,0
1756535940_6..S01R,039900_6..S01R,6,1,1756535940,06 0639  PEL/BBR,1756553993,1756553996,1768,0,0
1756536000_1..S02X060,040000_1..S02X060,1,1,1756536000,01 0640  242/DYK,1756551161,1756551164,839,0,0
1756536000_5..N01R,040000_5..N01R,5,0,1756536000,05 0640  180/DYR,1756551041,1756551044,799,0,0
1756536000_GS.N01R,040000_GS.N01R,GS,0,1756536000,0S 0640  GCS/TSS,1756550483,1756550486,530,0,0
1756536060_2..S01R,040100_2..S01R,2,1,1756536060,02 0641  241/FLA,1756556471,1756556474,1887,0,0
1756536120_1..S12R,040200_1..S12R,1,1,1756536120,01 0642  137/SFT,1756552841,1756552844,1384,0,0
1756536120_7..N,040200_7..N,7,0,1756536120,07 0642 34H/MST,1756552646,1756552649,1341,0,0
1756536120_7..S,040200_7..S,7,1,1756536120,07 0642 MST/34H,1756552731,1756552733,1369,0,0
1756536150_5..S08R,040250_5..S08R,5,1,1756536150,05 0642+ DYR/BWG,1756553795,1756553798,1636,0,0
1756536180_2..N01R,040300_2..N01R,2,0,1756536180,02 0643  FLA/241,1756556420,1756556425,1877,0,0
1756536210_1..N02X061,040350_1..N02X061,1,0,1756536210,01 0643+ DYK/242,1756551281,1756551284,878,0,0
1756536240_3..S01R,040400_3..S01R,3,1,1756536240,03 0644  148/NLT,1756554383,1756554386,1792,0,0
1756536240_GS.S01R,040400_GS.S01R,GS,1,1756536240,0S 0644  TSS/GCS,1756550699,1756550705,587,0,0
1756536270_3..N01R,040450_3..N01R,3,0,1756536270,03 0644+ NLT/148,1756554539,1756554545,1755,0,0
1756536270_4..N06R,040450_4..N06R,4,0,1756536270,04 0644+ UTI/WDL,1756554629,1756554635,1779,0,0
1756536270_4..S06R,040450_4..S06R,4,1,1756536270,04 0644+ WDL/UTI,1756554095,1756554098,1636,0,0
1756536420_6..S01R,040700_6..S01R,6,1,1756536420,06 0647  PEL/BBR,1756554299,1756554305,1691,0,0
1756536420_7..N,040700_7..N,7,0,1756536420,07 0647 34H/MST,1756552949,1756552955,1323,0,0
1756536420_7..S,040700_7..S,7,1,1756536420,07 0647 MST/34H,1756552961,1756552964,1325,0,0
1756536510_2..S01R,040850_2..S01R,2,1,1756536510,02 0648+ 241/FLA,1756556630,1756556635,1839,0,0
1756536540_1..N12R,040900_1..N12R,1,0,1756536540,01 0649  SFT/137,1756553123,1756553126,1376,0,0
1756536540_5..N75R,040900_5..N75R,5,0,1756536540,05 0649  BWG/DYR,1756554371,1756554374,1710,0,0
1756536600_1..S12R,041000_1..S12R,1,1,1756536600,01 0650  137/SFT,1756553399,1756553405,1371,0,0
1756536600_GS.N01R,041000_GS.N01R,GS,0,1756536600,0S 0650  GCS/TSS,1756551089,1756551095,532,0,0
1756536660_6..N01X007,041100_6..N01X007,6,0,1756536660,06 0651  BBR/PEL,1756554611,1756554614,1694,0,0
1756536720_1..S02X060,041200_1..S02X060,1,1,1756536720,01 0652  242/DYK,1756551749,1756551755,873,0,0
1756536720_7..N,041200_7..N,7,0,1756536720,07 0652 34H/MST,1756553225,1756553228,1310,0,0
1756536720_7..S,041200_7..S,7,1,1756536720,07 0652 MST/34H,1756553354,1756553360,1344,0,0
1756536750_4..S06R,041250_4..S06R,4,1,1756536750,04 0652+ WDL/UTI,1756555064,1756555070,1815,0,0
1756536750_5..S08R,041250_5..S08R,5,1,1756536750,05 0652+ DYR/BWG,1756550346,1756550348,65,0,0
1756536840_GS.S01R,041400_GS.S01R,GS,1,1756536840,0S 0654  TSS/GCS,1756551314,1756551320,592,0,0
1756536900_2..N01R,041500_2..N01R,2,0,1756536900,02 0655  FLA/241,1756557059,1756557065,1765,0,0
1756536900_6..S01R,041500_6..S01R,6,1,1756536900,06 0655  PEL/BBR,1756555211,1756555214,1762,0,0
1756536930_1..N02X061,041550_1..N02X061,1,0,1756536930,01 0655+ DYK/242,1756552079,1756552085,889,0,0
1756536960_3..S01R,041600_3..S01R,3,1,1756536960,03 0656  148/NLT,1756555121,1756555124,1738,0,0
1756536990_3..N01R,041650_3..N01R,3,0,1756536990,03 0656+ NLT/148,1756555253,1756555256,1773,0,0
1756536990_4..N06R,041650_4..N06R,4,0,1756536990,04 0656+ UTI/WDL,1756555559,1756555565,1855,0,0
1756537020_2..S01R,041700_2..S01R,2,1,1756537020,02 0657  241/FLA,1756556969,1756556975,1747,0,0
1756537020_7..N,041700_7..N,7,0,1756537020,07 0657 34H/MST,1756553714,1756553720,1336,0,0
1756537020_7..S,041700_7..S,7,1,1756537020,07 0657 MST/34H,1756553615,1756553618,1309,0,0
1756537080_1..N12R,041800_1..N12R,1,0,1756537080,01 0658  SFT/137,1756553756,1756553759,1374,0,0
1756537110_1..S12R,041850_1..S12R,1,1,1756537110,01 0658+ 137/SFT,1756553873,1756553876,769,0,0
1756537200_5..N01R,042000_5..N01R,5,0,1756537200,05 0700  180/DYR,1756552271,1756552274,847,0,0
1756537200_GS.N01R,042000_GS.N01R,GS,0,1756537200,0S 0700  GCS/TSS,1756551689,1756551695,532,0,0
1756537230_4..S06R,042050_4..S06R,4,1,1756537230,04 0700+ WDL/UTI,1756555466,1756555469,1730,0,0
1756537320_6..N01X007,042200_6..N01X007,6,0,1756537320,06 0702  BBR/PEL,1756555229,1756555235,1667,0,0
1756537320_7..N,042200_7..N,7,0,1756537320,07 0702 34H/MST,1756554293,1756554296,1433,0,0
1756537320_7..S,042200_7..S,7,1,1756537320,07 0702 MST/34H,1756553885,1756553888,1324,0,0
1756537350_5..S08R,042250_5..S08R,5,1,1756537350,05 0702+ DYR/BWG,1756555169,1756555175,1586,0,0
1756537380_6..S01R,042300_6..S01R,6,1,1756537380,06 0703  PEL/BBR,1756555424,1756555430,1719,0,0
1756537440_1..S02X060,042400_1..S02X060,1,1,1756537440,01 0704  242/DYK,1756552553,1756552556,940,0,0
1756537440_GS.S01R,042400_GS.S01R,GS,1,1756537440,0S 0704  TSS/GCS,1756551911,1756551914,591,0,0
1756537500_2..S01R,042500_2..S01R,2,1,1756537500,02 0705  241/FLA,1756557461,1756557464,1685,0,0
1756537590_1..S12R,042650_1..S12R,1,1,1756537590,01 0706+ 137/SFT,1756554353,1756554356,846,0,0
1756537590_2..N01R,042650_2..N01R,2,0,1756537590,02 0706+ FLA/241,1756557521,1756557524,1697,0,0
1756537590_4..N06R,042650_4..N06R,4,0,1756537590,04 0706+ UTI/WDL,1756556093,1756556096,1797,0,0
1756537620_3..N01R,042700_3..N01R,3,0,1756537620,03 0707  NLT/148,1756555883,1756555886,1741,0,0
1756537620_7..N,042700_7..N,7,0,1756537620,07 0707 34H/MST,1756554329,1756554335,1343,0,0
1756537620_7..S,042700_7..S,7,1,1756537620,07 0707 MST/34H,1756554134,1756554140,1291,0,0
1756537650_1..N02X061,042750_1..N02X061,1,0,1756537650,01 0707+ DYK/242,1756552589,1756552595,852,0,0
1756537680_1..N12R,042800_1..N12R,1,0,1756537680,01 0708  SFT/137,1756554311,1756554314,1322,0,0
1756537680_3..S01R,042800_3..S01R,3,1,1756537680,03 0708  148/NLT,1756556021,1756556024,1768,0,0
1756537710_4..S06R,042850_4..S06R,4,1,1756537710,04 0708+ WDL/UTI,1756555973,1756555976,1702,0,0
1756537740_5..N75R,042900_5..N75R,5,0,1756537740,05 0709  BWG/DYR,1756555979,1756555985,1739,0,0
1756537800_6..N01X007,043000_6..N01X007,6,0,1756537800,06 0710  BBR/PEL,1756555781,1756555784,1616,0,0
1756537800_GS.N01R,043000_GS.N01R,GS,0,1756537800,0S 0710  GCS/TSS,1756552277,1756552280,526,0,0
1756537860_6..S01R,043100_6..S01R,6,1,1756537860,06 0711  PEL/BBR,1756555829,1756555835,1629,0,0
1756537920_7..N,043200_7..N,7,0,1756537920,07 0712 34H/MST,1756554524,1756554530,1295,0,0
1756537920_7..S,043200_7..S,7,1,1756537920,07 0712 MST/34H,1756554575,1756554578,1308,0,0
1756538040_1..S12R,043400_1..S12R,1,1,1756538040,01 0714  137/SFT,1756554833,1756554836,1363,0,0
1756538040_GS.S01R,043400_GS.S01R,GS,1,1756538040,0S 0714  TSS/GCS,1756552526,1756552529,593,0,0
1756538160_1..S02X060,043600_1..S02X060,1,1,1756538160,01 0716  242/DYK,1756553231,1756553234,836,0,0
1756538190_4..N06R,043650_4..N06R,4,0,1756538190,04 0716+ UTI/WDL,1756556639,1756556645,1745,0,0
1756538190_4..S06R,043650_4..S06R,4,1,1756538190,04 0716+ WDL/UTI,1756556636,1756556639,1744,0,0
1756538220_1..N12R,043700_1..N12R,1,0,1756538220,01 0717  SFT/137,1756554839,1756554845,1265,0,0
1756538220_2..S01R,043700_2..S01R,2,1,1756538220,02 0717  241/FLA,1756557959,1756557965,1395,0,0
1756538220_5..N01R,043700_5..N01R,5,0,1756538220,05 0717  180/DYR,1756553381,1756553384,876,0,0
1756538220_6..N01X007,043700_6..N01X007,6,0,1756538220,06 0717  BBR/PEL,1756556141,1756556144,1612,0,0
1756538220_7..N,043700_7..N,7,0,1756538220,07 0717 34H/MST,1756554893,1756554896,1249,0,0
1756538220_7..S,043700_7..S,7,1,1756538220,07 0717 MST/34H,1756554899,1756554905,1251,0,0
1756538280_2..N01R,043800_2..N01R,2,0,1756538280,02 0718  FLA/241,1756558475,1756558480,1729,0,0
1756538280_3..N01R,043800_3..N01R,3,0,1756538280,03 0718  NLT/148,1756556621,1756556624,1740,0,0
1756538340_6..S01R,043900_6..S01R,6,1,1756538340,06 0719  PEL/BBR,1756556534,1756556540,1717,0,0
1756538370_1..N02X061,043950_1..N02X061,1,0,1756538370,01 0719+ DYK/242,1756553453,1756553456,795,0,0
1756538400_GS.N01R,044000_GS.N01R,GS,0,1756538400,0S 0720  GCS/TSS,1756552871,1756552874,521,0,0
1756538520_1..S12R,044200_1..S12R,1,1,1756538520,01 0722  137/SFT,1756555349,1756555355,1301,0,0
1756538520_7..N,044200_7..N,7,0,1756538520,07 0722 34H/MST,1756555079,1756555085,1224,0,0
1756538520_7..S,044200_7..S,7,1,1756538520,07 0722 MST/34H,1756627215,1756627218,20993,0,0
1756538550_5..S08R,044250_5..S08R,5,1,1756538550,05 0722+ DYR/BWG,1756556015,1756556018,1478,0,0
1756538640_GS.S01R,044400_GS.S01R,GS,1,1756538640,0S 0724  TSS/GCS,1756553129,1756553135,572,0,0
1756538670_4..N06R,044450_4..N06R,4,0,1756538670,04 0724+ UTI/WDL,1756557131,1756557134,1676,0,0
1756538670_4..S06R,044450_4..S06R,4,1,1756538670,04 0724+ WDL/UTI,1756556825,1756556830,1594,0,0
1756538670_7..S,044450_7..S,7,1,1756538670,07 0724+ MST/34H,1756555091,1756555094,644,0,0
1756538700_6..N01X007,044500_6..N01X007,6,0,1756538700,06 0725  BBR/PEL,1756556660,1756556665,1550,0,0
1756538700_GS.N04R,044500_GS.N04R,GS,0,1756538700,0S 0725  GCS/TSS,1756553180,1756553183,2270,0,0
1756538760_3..S01R,044600_3..S01R,3,1,1756538760,03 0726  148/NLT,1756557269,1756557275,1412,0,0
1756538820_1..N12R,044700_1..N12R,1,0,1756538820,01 0727  SFT/137,1756555601,1756555604,1268,0,0
1756538820_6..S01R,044700_6..S01R,6,1,1756538820,06 0727  PEL/BBR,1756556975,1756556980,1634,0,0
1756538820_7..N,044700_7..N,7,0,1756538820,07 0727 34H/MST,1756555574,1756555580,1217,0,0
1756538880_1..S02X060,044800_1..S02X060,1,1,1756538880,01 0728  242/DYK,1756554023,1756554026,847,0,0
1756538940_2..S01R,044900_2..S01R,2,1,1756538940,02 0729  241/FLA,1756558754,1756558760,1626,0,0
1756538940_GS.S04R,044900_GS.S04R,GS,1,1756538940,0S 0729  TSS/GCS,1756553420,1756553423,549,0,0
1756538970_2..N01R,044950_2..N01R,2,0,1756538970,02 0729+ FLA/241,1756558985,1756558990,1592,0,0
1756539000_1..S12R,045000_1..S12R,1,1,1756539000,01 0730  137/SFT,1756555769,1756555775,1214,0,0
1756539000_3..N01R,045000_3..N01R,3,0,1756539000,03 0730  NLT/148,1756557311,1756557314,1625,0,0
1756539000_GS.N01R,045000_GS.N01R,GS,0,1756539000,0S 0730  GCS/TSS,1756553480,1756553483,482,0,0
1756539090_1..N02X061,045150_1..N02X061,1,0,1756539090,01 0731+ DYK/242,1756554113,1756554116,772,0,0
1756539120_4..N06R,045200_4..N06R,4,0,1756539120,04 0732  UTI/WDL,1756557581,1756557584,1697,0,0
1756539120_7..N,045200_7..N,7,0,1756539120,07 0732 34H/MST,1756555736,1756555739,1207,0,0
1756539120_7..S,045200_7..S,7,1,1756539120,07 0732 MST/34H,1756555604,1756555610,1145,0,0
1756539150_4..S06R,045250_4..S06R,4,1,1756539150,04 0732+ WDL/UTI,1756557476,1756557479,1669,0,0
1756539180_6..N01X007,045300_6..N01X007,6,0,1756539180,06 0733  BBR/PEL,1756557221,1756557224,1601,0,0
1756539240_GS.S01R,045400_GS.S01R,GS,1,1756539240,0S 0734  TSS/GCS,1756553726,1756553729,531,0,0
1756539300_1..N12R,045500_1..N12R,1,0,1756539300,01 0735  SFT/137,1756556144,1756556150,1216,0,0
1756539300_6..S01R,045500_6..S01R,6,1,1756539300,06 0735  PEL/BBR,1756557320,1756557325,1529,0,0
1756539300_GS.N04R,045500_GS.N04R,GS,0,1756539300,0S 0735  GCS/TSS,1756553789,1756553795,464,0,0
1756539360_2..S01R,045600_2..S01R,2,1,1756539360,02 0736  241/FLA,1756553159,1756553168,338,0,0
1756539420_7..N,045700_7..N,7,0,1756539420,07 0737 34H/MST,1756556090,1756556093,1203,0,0
1756539420_7..S,045700_7..S,7,1,1756539420,07 0737 MST/34H,1756555886,1756555889,1149,0,0
1756539450_2..N01R,045750_2..N01R,2,0,1756539450,02 0737+ FLA/241,1756559300,1756559305,1575,0,0
1756539480_1..S12R,045800_1..S12R,1,1,1756539480,01 0738  137/SFT,1756556351,1756556354,1271,0,0
1756539540_GS.S04R,045900_GS.S04R,GS,1,1756539540,0S 0739  TSS/GCS,1756554014,1756554020,509,0,0
1756539600_1..S02X060,046000_1..S02X060,1,1,1756539600,01 0740  242/DYK,1756554683,1756554686,727,0,0
1756539600_4..N06R,046000_4..N06R,4,0,1756539600,04 0740  UTI/WDL,1756558055,1756558060,1626,0,0
1756539600_GS.N01R,046000_GS.N01R,GS,0,1756539600,0S 0740  GCS/TSS,1756554080,1756554083,442,0,0
1756539630_4..S06R,046050_4..S06R,4,1,1756539630,04 0740+ WDL/UTI,1756557854,1756557860,1573,0,0
1756539660_6..N01X007,046100_6..N01X007,6,0,1756539660,06 0741  BBR/PEL,1756557551,1756557554,1492,0,0
1756539720_3..N01R,046200_3..N01R,3,0,1756539720,03 0742  NLT/148,1756558094,1756558100,1637,0,0
1756539720_7..N,046200_7..N,7,0,1756539720,07 0742 34H/MST,1756556444,1756556450,1184,0,0
1756539720_7..S,046200_7..S,7,1,1756539720,07 0742 MST/34H,1756556321,1756556324,1151,0,0
1756539750_5..S08R,046250_5..S08R,5,1,1756539750,05 0742+ DYR/BWG,1756557581,1756557584,1500,0,0
1756539780_1..N12R,046300_1..N12R,1,0,1756539780,01 0743  SFT/137,1756556609,1756556615,1241,0,0
1756539780_6..S01R,046300_6..S01R,6,1,1756539780,06 0743  PEL/BBR,1756558085,1756558090,1634,0,0
1756539810_1..N02X061,046350_1..N02X061,1,0,1756539810,01 0743+ DYK/242,1756554893,1756554896,782,0,0
1756539840_3..S01R,046400_3..S01R,3,1,1756539840,03 0744  148/NLT,1756558064,1756558070,1628,0,0
1756539840_GS.S01R,046400_GS.S01R,GS,1,1756539840,0S 0744  TSS/GCS,1756554335,1756554338,493,0,0
1756539900_2..S01R,046500_2..S01R,2,1,1756539900,02 0745  241/FLA,1756559540,1756559545,1465,0,0
1756539900_GS.N04R,046500_GS.N04R,GS,0,1756539900,0S 0745  GCS/TSS,1756554371,1756554374,423,0,0
1756539930_2..N01R,046550_2..N01R,2,0,1756539930,02 0745+ FLA/241,1756559825,1756559830,1522,0,0
1756539960_1..S12R,046600_1..S12R,1,1,1756539960,01 0746  137/SFT,1756556759,1756556765,1187,0,0
1756540020_7..N,046700_7..N,7,0,1756540020,07 0747 34H/MST,1756556726,1756556729,1196,0,0
1756540020_7..S,046700_7..S,7,1,1756540020,07 0747 MST/34H,1756556576,1756556579,1156,0,0
1756540080_4..N06R,046800_4..N06R,4,0,1756540080,04 0748  UTI/WDL,1756558525,1756558526,1658,0,0
1756540110_4..S06R,046850_4..S06R,4,1,1756540110,04 0748+ WDL/UTI,1756558400,1756558405,1624,0,0
1756540140_5..N75R,046900_5..N75R,5,0,1756540140,05 0749  BWG/DYR,1756558055,1756558060,1532,0,0
1756540140_6..N01X007,046900_6..N01X007,6,0,1756540140,06 0749  BBR/PEL,1756558214,1756558220,1575,0,0
1756540140_GS.S04R,046900_GS.S04R,GS,1,1756540140,0S 0749  TSS/GCS,1756554605,1756554608,471,0,0
1756540200_GS.N01R,047000_GS.N01R,GS,0,1756540200,0S 0750  GCS/TSS,1756554680,1756554683,406,0,0
1756540260_1..N12R,047100_1..N12R,1,0,1756540260,01 0751  SFT/137,1756557131,1756557134,1187,0,0
1756540260_6..S01R,047100_6..S01R,6,1,1756540260,06 0751  PEL/BBR,1756558505,1756558510,1554,0,0
1756540320_1..S02X060,047200_1..S02X060,1,1,1756540320,01 0752  242/DYK,1756555439,1756555445,736,0,0
1756540320_7..N,047200_7..N,7,0,1756540320,07 0752 34H/MST,1756556924,1756556930,1148,0,0
1756540320_7..S,047200_7..S,7,1,1756540320,07 0752 MST/34H,1756556870,1756556875,1133,0,0
1756540380_2..S01R,047300_2..S01R,2,1,1756540380,02 0753  241/FLA,1756560143,1756560146,1515,0,0
1756540410_2..N01R,047350_2..N01R,2,0,1756540410,02 0753+ FLA/241,1756560233,1756560236,1539,0,0
1756540440_1..S12R,047400_1..S12R,1,1,1756540440,01 0754  137/SFT,1756557239,1756557245,1216,0,0
1756540440_3..N01R,047400_3..N01R,3,0,1756540440,03 0754  NLT/148,1756558784,1756558790,1629,0,0
1756540440_GS.S01R,047400_GS.S01R,GS,1,1756540440,0S 0754  TSS/GCS,1756554929,1756554935,457,0,0
1756540500_GS.N04R,047500_GS.N04R,GS,0,1756540500,0S 0755  GCS/TSS,1756554995,1756554998,403,0,0
1756540530_1..N02X061,047550_1..N02X061,1,0,1756540530,01 0755+ DYK/242,1756555529,1756555535,676,0,0
1756540560_3..S01R,047600_3..S01R,3,1,1756540560,03 0756  148/NLT,1756558634,1756558640,1505,0,0
1756540560_4..N06R,047600_4..N06R,4,0,1756540560,04 0756  UTI/WDL,1756559005,1756559006,1603,0,0
1756540590_4..S06R,047650_4..S06R,4,1,1756540590,04 0756+ WDL/UTI,1756558655,1756558660,1510,0,0
1756540620_6..N01X007,047700_6..N01X007,6,0,1756540620,06 0757  BBR/PEL,1756558705,1756558706,1523,0,0
1756540620_7..N,047700_7..N,7,0,1756540620,07 0757 34H/MST,1756557176,1756557179,1127,0,0
1756540620_7..S,047700_7..S,7,1,1756540620,07 0757 MST/34H,1756557164,1756557170,1124,0,0
1756540740_1..N12R,047900_1..N12R,1,0,1756540740,01 0759  SFT/137,1756557521,1756557524,1207,0,0
1756540740_6..S01R,047900_6..S01R,6,1,1756540740,06 0759  PEL/BBR,1756559065,1756559066,1619,0,0
1756540740_GS.S04R,047900_GS.S04R,GS,1,1756540740,0S 0759  TSS/GCS,1756555229,1756555235,450,0,0
1756540800_2..S01R,048000_2..S01R,2,1,1756540800,02 0800  241/FLA,1756560674,1756560680,1530,0,0
1756540800_GS.N01R,048000_GS.N01R,GS,0,1756540800,0S 0800  GCS/TSS,1756555295,1756555298,403,0,0
1756540890_2..N01R,048150_2..N01R,2,0,1756540890,02 0801+ FLA/241,1756560755,1756560758,1551,0,0
1756540920_1..S12R,048200_1..S12R,1,1,1756540920,01 0802  137/SFT,1756557701,1756557704,1175,0,0
1756540920_7..N,048200_7..N,7,0,1756540920,07 0802 34H/MST,1756557560,1756557565,1156,0,0
1756540920_7..S,048200_7..S,7,1,1756540920,07 0802 MST/34H,1756557605,1756557610,1168,0,0
1756540950_5..S08R,048250_5..S08R,5,1,1756540950,05 0802+ DYR/BWG,1756558769,1756558775,1461,0,0
1756541040_1..S02X060,048400_1..S02X060,1,1,1756541040,01 0804  242/DYK,1756556153,1756556156,762,0,0
1756541040_4..N06R,048400_4..N06R,4,0,1756541040,04 0804  UTI/WDL,1756559495,1756559500,1653,0,0
1756541040_GS.S01R,048400_GS.S01R,GS,1,1756541040,0S 0804  TSS/GCS,1756555505,1756555508,445,0,0
1756541070_4..S06R,048450_4..S06R,4,1,1756541070,04 0804+ WDL/UTI,1756559174,1756559180,1488,0,0
1756541100_6..N01X007,048500_6..N01X007,6,0,1756541100,06 0805  BBR/PEL,1756559165,1756559170,1485,0,0
1756541100_GS.N04R,048500_GS.N04R,GS,0,1756541100,0S 0805  GCS/TSS,1756555559,1756555565,397,0,0
1756541160_3..N01R,048600_3..N01R,3,0,1756541160,03 0806  NLT/148,1756559534,1756559540,1584,0,0
1756541220_1..N12R,048700_1..N12R,1,0,1756541220,01 0807  SFT/137,1756558304,1756558310,1256,0,0
1756541220_6..S01R,048700_6..S01R,6,1,1756541220,06 0807  PEL/BBR,1756559279,1756559285,1516,0,0
1756541220_7..S,048700_7..S,7,1,1756541220,07 0807 MST/34H,1756557740,1756557745,1106,0,0
1756541250_1..N02X061,048750_1..N02X061,1,0,1756541250,01 0807+ DYK/242,1756556351,1756556354,735,0,0
1756541280_3..S01R,048800_3..S01R,3,1,1756541280,03 0808  148/NLT,1756559375,1756559380,1541,0,0
1756541340_2..S01R,048900_2..S01R,2,1,1756541340,02 0809  241/FLA,1756560986,1756560989,1552,0,0
1756541340_5..N75R,048900_5..N75R,5,0,1756541340,05 0809  BWG/DYR,1756559504,1756559510,1343,0,0
1756541340_7..N,048900_7..N,7,0,1756541340,07 0809 34H/MST,1756555595,1756555598,470,0,0
1756541340_GS.S04R,048900_GS.S04R,GS,1,1756541340,0S 0809  TSS/GCS,1756555835,1756555838,453,0,0
1756541370_2..N01R,048950_2..N01R,2,0,1756541370,02 0809+ FLA/241,1756561316,1756561319,1581,0,0
1756541370_7..N,048950_7..N,7,0,1756541370,07 0809+ 34H/MST,1756557965,1756557970,629,0,0
1756541400_1..S12R,049000_1..S12R,1,1,1756541400,01 0810  137/SFT,1756558184,1756558190,1144,0,0
1756541400_GS.N01R,049000_GS.N01R,GS,0,1756541400,0S 0810  GCS/TSS,1756555904,1756555910,407,0,0
1756541460_4..N06R,049100_4..N06R,4,0,1756541460,04 0811  UTI/WDL,1756560263,1756560266,1698,0,0
1756541520_7..S,049200_7..S,7,1,1756541520,07 0812 MST/34H,1756558190,1756558195,1162,0,0
1756541580_6..N01X007,049300_6..N01X007,6,0,1756541580,06 0813  BBR/PEL,1756559665,1756559666,1538,0,0
1756541640_GS.S01R,049400_GS.S01R,GS,1,1756541640,0S 0814  TSS/GCS,1756556105,1756556108,448,0,0
1756541700_1..N12R,049500_1..N12R,1,0,1756541700,01 0815  SFT/137,1756558619,1756558625,1181,0,0
1756541700_6..S01R,049500_6..S01R,6,1,1756541700,06 0815  PEL/BBR,1756559954,1756559960,1536,0,0
1756541700_GS.N04R,049500_GS.N04R,GS,0,1756541700,0S 0815  GCS/TSS,1756556150,1756556153,396,0,0
1756541760_1..S02X060,049600_1..S02X060,1,1,1756541760,01 0816  242/DYK,1756556810,1756556815,697,0,0
1756541760_4..S06R,049600_4..S06R,4,1,1756541760,04 0816  WDL/UTI,1756559855,1756559860,1705,0,0
1756541820_2..S,049700_2..S,2,1,1756541820,/2 0817  241/FLA,1756562309,1756562315,1202,0,0
1756541820_2..S01R,049700_2..S01R,2,1,1756541820,02 0817  241/FLA,1756556945,1756556950,469,0,0
1756541820_7..N,049700_7..N,7,0,1756541820,07 0817 34H/MST,1756558385,1756558390,1133,0,0
1756541820_7..S,049700_7..S,7,1,1756541820,07 0817 MST/34H,1756558445,1756558450,1149,0,0
1756541850_2..N01R,049750_2..N01R,2,0,1756541850,02 0817+ FLA/241,1756561736,1756561739,1632,0,0
1756541880_1..S12R,049800_1..S12R,1,1,1756541880,01 0818  137/SFT,1756558664,1756558670,1193,0,0
1756541880_3..N01R,049800_3..N01R,3,0,1756541880,03 0818  NLT/148,1756560404,1756560410,1656,0,0
1756541940_GS.S04R,049900_GS.S04R,GS,1,1756541940,0S 0819  TSS/GCS,1756556429,1756556435,453,0,0
1756541970_1..N02X061,049950_1..N02X061,1,0,1756541970,01 0819+ DYK/242,1756557020,1756557025,673,0,0
1756542000_3..S01R,050000_3..S01R,3,1,1756542000,03 0820  148/NLT,1756560104,1756560110,1496,0,0
1756542000_4..N06R,050000_4..N06R,4,0,1756542000,04 0820  UTI/WDL,1756560473,1756560476,1594,0,0
1756542000_GS.N01R,050000_GS.N01R,GS,0,1756542000,0S 0820  GCS/TSS,1756556495,1756556500,406,0,0
1756542060_6..N01X007,050100_6..N01X007,6,0,1756542060,06 0821  BBR/PEL,1756560125,1756560128,1501,0,0
1756542120_7..N,050200_7..N,7,0,1756542120,07 0822 34H/MST,1756558679,1756558685,1108,0,0
1756542120_7..S,050200_7..S,7,1,1756542120,07 0822 MST/34H,1756558709,1756558715,1116,0,0
1756542150_5..S08R,050250_5..S08R,5,1,1756542150,05 0822+ DYR/BWG,1756560554,1756560560,1648,0,0
1756542180_1..N12R,050300_1..N12R,1,0,1756542180,01 0823  SFT/137,1756559060,1756559065,1218,0,0
1756542180_6..S01R,050300_6..S01R,6,1,1756542180,06 0823  PEL/BBR,1756560185,1756560188,1517,0,0
1756542240_2..S01R,050400_2..S01R,2,1,1756542240,02 0824  241/FLA,1756562474,1756562480,1737,0,0
1756542240_GS.S01R,050400_GS.S01R,GS,1,1756542240,0S 0824  TSS/GCS,1756556705,1756556710,447,0,0
1756542300_GS.N04R,050500_GS.N04R,GS,0,1756542300,0S 0825  GCS/TSS,1756556750,1756556755,396,0,0
1756542330_2..N01R,050550_2..N01R,2,0,1756542330,02 0825+ FLA/241,1756562174,1756562180,1629,0,0
1756542360_1..S12R,050600_1..S12R,1,1,1756542360,01 0826  137/SFT,1756559155,1756559156,1162,0,0
1756542420_7..N,050700_7..N,7,0,1756542420,07 0827 34H/MST,1756559000,1756559005,1096,0,0
1756542420_7..S,050700_7..S,7,1,1756542420,07 0827 MST/34H,1756558979,1756558985,1027,0,0
1756542480_1..S02X060,050800_1..S02X060,1,1,1756542480,01 0828  242/DYK,1756557611,1756557614,751,0,0
1756542480_4..N06R,050800_4..N06R,4,0,1756542480,04 0828  UTI/WDL,1756560926,1756560929,1635,0,0
1756542510_4..S06R,050850_4..S06R,4,1,1756542510,04 0828+ WDL/UTI,1756561379,1756561385,1756,0,0
1756542540_5..N75R,050900_5..N75R,5,0,1756542540,05 0829  BWG/DYR,1756560293,1756560296,1466,0,0
1756542540_6..N01X007,050900_6..N01X007,6,0,1756542540,06 0829  BBR/PEL,1756560635,1756560638,1557,0,0
1756542540_GS.S04R,050900_GS.S04R,GS,1,1756542540,0S 0829  TSS/GCS,1756557029,1756557035,452,0,0
1756542600_3..N01R,051000_3..N01R,3,0,1756542600,03 0830  NLT/148,1756560926,1756560929,1542,0,0
1756542600_GS.N01R,051000_GS.N01R,GS,0,1756542600,0S 0830  GCS/TSS,1756557089,1756557095,403,0,0
1756542660_1..N12R,051100_1..N12R,1,0,1756542660,01 0831  SFT/137,1756559405,1756559410,1149,0,0
1756542690_1..N02X061,051150_1..N02X061,1,0,1756542690,01 0831+ DYK/242,1756557599,1756557605,668,0,0
1756542720_3..S01R,051200_3..S01R,3,1,1756542720,03 0832  148/NLT,1756560896,1756560899,1547,0,0
1756542720_7..N,051200_7..N,7,0,1756542720,07 0832 34H/MST,1756559330,1756559335,1133,0,0
1756542720_7..S,051200_7..S,7,1,1756542720,07 0832 MST/34H,1756559171,1756559174,1091,0,0
1756542780_2..S01R,051300_2..S01R,2,1,1756542780,02 0833  241/FLA,1756562594,1756562600,1678,0,0
1756542810_2..N01R,051350_2..N01R,2,0,1756542810,02 0833+ FLA/241,1756562654,1756562660,1694,0,0
1756542840_1..S12R,051400_1..S12R,1,1,1756542840,01 0834  137/SFT,1756559624,1756559630,1208,0,0
1756542840_GS.S01R,051400_GS.S01R,GS,1,1756542840,0S 0834  TSS/GCS,1756557314,1756557320,448,0,0
1756542900_6..S01R,051500_6..S01R,6,1,1756542900,06 0835  PEL/BBR,1756560971,1756560974,1767,0,0
1756542900_GS.N04R,051500_GS.N04R,GS,0,1756542900,0S 0835  GCS/TSS,1756557374,1756557380,400,0,0
1756542960_4..N06R,051600_4..N06R,4,0,1756542960,04 0836  UTI/WDL,1756561526,1756561529,1635,0,0
1756542990_4..S06R,051650_4..S06R,4,1,1756542990,04 0836+ WDL/UTI,1756561700,1756561703,1681,0,0
1756543020_7..N,051700_7..N,7,0,1756543020,07 0837 34H/MST,1756559684,1756559690,1144,0,0
1756543020_7..S,051700_7..S,7,1,1756543020,07 0837 MST/34H,1756559639,1756559645,1132,0,0
1756543140_1..N12R,051900_1..N12R,1,0,1756543140,01 0839  SFT/137,1756559960,1756559965,1217,0,0
1756543140_6..N01X007,051900_6..N01X007,6,0,1756543140,06 0839  BBR/PEL,1756561124,1756561130,1528,0,0
1756543140_GS.S04R,051900_GS.S04R,GS,1,1756543140,0S 0839  TSS/GCS,1756557629,1756557635,451,0,0
1756543200_1..S02X060,052000_1..S02X060,1,1,1756543200,01 0840  242/DYK,1756558595,1756558600,774,0,0
1756543200_GS.N01R,052000_GS.N01R,GS,0,1756543200,0S 0840  GCS/TSS,1756557695,1756557700,403,0,0
1756543260_2..S01R,052100_2..S01R,2,1,1756543260,02 0841  241/FLA,1756563464,1756563470,1788,0,0
1756543290_2..N01R,052150_2..N01R,2,0,1756543290,02 0841+ FLA/241,1756563566,1756563569,1815,0,0
1756543320_1..S12R,052200_1..S12R,1,1,1756543320,01 0842  137/SFT,1756560164,1756560170,1192,0,0
1756543320_3..N01R,052200_3..N01R,3,0,1756543320,03 0842  NLT/148,1756561856,1756561859,1643,0,0
1756543320_7..N,052200_7..N,7,0,1756543320,07 0842 34H/MST,1756559840,1756559845,1124,0,0
1756543320_7..S,052200_7..S,7,1,1756543320,07 0842 MST/34H,1756559885,1756559890,1136,0,0
1756543350_5..S08R,052250_5..S08R,5,1,1756543350,05 0842+ DYR/BWG,1756561211,1756561214,1471,0,0
1756543410_1..N02X061,052350_1..N02X061,1,0,1756543410,01 0843+ DYK/242,1756558079,1756558085,636,0,0
1756543440_3..S01R,052400_3..S01R,3,1,1756543440,03 0844  148/NLT,1756561964,1756561970,1671,0,0
1756543440_4..N06R,052400_4..N06R,4,0,1756543440,04 0844  UTI/WDL,1756561964,1756561970,1672,0,0
1756543440_GS.S01R,052400_GS.S01R,GS,1,1756543440,0S 0844  TSS/GCS,1756557914,1756557920,447,0,0
1756543470_4..S06R,052450_4..S06R,4,1,1756543470,04 0844+ WDL/UTI,1756561901,1756561904,1575,0,0
1756543500_GS.N04R,052500_GS.N04R,GS,0,1756543500,0S 0845  GCS/TSS,1756557959,1756557965,395,0,0
1756543620_1..N12R,052700_1..N12R,1,0,1756543620,01 0847  SFT/137,1756560566,1756560569,1219,0,0
1756543620_6..N01X007,052700_6..N01X007,6,0,1756543620,06 0847  BBR/PEL,1756561586,1756561589,1491,0,0
1756543620_6..S01R,052700_6..S01R,6,1,1756543620,06 0847  PEL/BBR,1756561640,1756561643,1505,0,0
1756543620_7..N,052700_7..N,7,0,1756543620,07 0847 34H/MST,1756560608,1756560611,1205,0,0
1756543620_7..S,052700_7..S,7,1,1756543620,07 0847 MST/34H,1756560278,1756560281,1117,0,0
1756543680_2..S01R,052800_2..S01R,2,1,1756543680,02 0848  241/FLA,1756563686,1756563689,1782,0,0
1756543740_5..N75R,052900_5..N75R,5,0,1756543740,05 0849  BWG/DYR,1756561526,1756561529,1475,0,0
1756543740_GS.S04R,052900_GS.S04R,GS,1,1756543740,0S 0849  TSS/GCS,1756558229,1756558235,449,0,0
1756543770_2..N01R,052950_2..N01R,2,0,1756543770,02 0849+ FLA/241,1756563740,1756563743,1731,0,0
1756543800_1..S12R,053000_1..S12R,1,1,1756543800,01 0850  137/SFT,1756560596,1756560599,1147,0,0
1756543800_GS.N01R,053000_GS.N01R,GS,0,1756543800,0S 0850  GCS/TSS,1756558289,1756558295,400,0,0
1756543920_1..S02X060,053200_1..S02X060,1,1,1756543920,01 0852  242/DYK,1756559375,1756559380,821,0,0
1756543920_4..N06R,053200_4..N06R,4,0,1756543920,04 0852  UTI/WDL,1756562396,1756562399,1627,0,0
1756543920_7..N,053200_7..N,7,0,1756543920,07 0852 34H/MST,1756560689,1756560695,1192,0,0
1756543920_7..S,053200_7..S,7,1,1756543920,07 0852 MST/34H,1756560554,1756560560,1156,0,0
1756543950_4..S06R,053250_4..S06R,4,1,1756543950,04 0852+ WDL/UTI,1756562054,1756562060,1536,0,0
1756544040_3..N01R,053400_3..N01R,3,0,1756544040,03 0854  NLT/148,1756562366,1756562369,1619,0,0
1756544040_GS.S01R,053400_GS.S01R,GS,1,1756544040,0S 0854  TSS/GCS,1756558514,1756558520,447,0,0
1756544100_1..N12R,053500_1..N12R,1,0,1756544100,01 0855  SFT/137,1756561049,1756561055,1188,0,0
1756544100_6..N01X007,053500_6..N01X007,6,0,1756544100,06 0855  BBR/PEL,1756562174,1756562180,1489,0,0
1756544100_6..S01R,053500_6..S01R,6,1,1756544100,06 0855  PEL/BBR,1756562069,1756562075,1460,0,0
1756544100_GS.N04R,053500_GS.N04R,GS,0,1756544100,0S 0855  GCS/TSS,1756558559,1756558565,395,0,0
1756544130_1..N02X061,053550_1..N02X061,1,0,1756544130,01 0855+ DYK/242,1756559525,1756559530,764,0,0
1756544160_3..S01R,053600_3..S01R,3,1,1756544160,03 0856  148/NLT,1756562546,1756562549,1587,0,0
1756544220_2..S01R,053700_2..S01R,2,1,1756544220,02 0857  241/FLA,1756563950,1756563953,1712,0,0
1756544220_7..N,053700_7..N,7,0,1756544220,07 0857 34H/MST,1756560935,1756560938,1162,0,0
1756544220_7..S,053700_7..S,7,1,1756544220,07 0857 MST/34H,1756560848,1756560851,1139,0,0
1756544250_2..N01R,053750_2..N01R,2,0,1756544250,02 0857+ FLA/241,1756564010,1756564013,1724,0,0
1756544280_1..S12R,053800_1..S12R,1,1,1756544280,01 0858  137/SFT,1756561046,1756561049,1187,0,0
1756544340_GS.S04R,053900_GS.S04R,GS,1,1756544340,0S 0859  TSS/GCS,1756558820,1756558825,447,0,0
1756544400_4..N06R,054000_4..N06R,4,0,1756544400,04 0900  UTI/WDL,1756562936,1756562939,1610,0,0
1756544400_GS.N01R,054000_GS.N01R,GS,0,1756544400,0S 0900  GCS/TSS,1756558889,1756558895,401,0,0
1756544430_4..S06R,054050_4..S06R,4,1,1756544430,04 0900+ WDL/UTI,1756562489,1756562495,1492,0,0
1756544520_7..N,054200_7..N,7,0,1756544520,07 0902 34H/MST,1756561193,1756561196,1153,0,0
1756544520_7..S,054200_7..S,7,1,1756544520,07 0902 MST/34H,1756561115,1756561118,1132,0,0
1756544550_5..S08R,054250_5..S08R,5,1,1756544550,05 0902+ DYR/BWG,1756562309,1756562315,1444,0,0
1756544580_1..N12R,054300_1..N12R,1,0,1756544580,01 0903  SFT/137,1756561454,1756561460,1216,0,0
1756544580_6..N01X007,054300_6..N01X007,6,0,1756544580,06 0903  BBR/PEL,1756562576,1756562579,1515,0,0
1756544580_6..S01R,054300_6..S01R,6,1,1756544580,06 0903  PEL/BBR,1756562774,1756562780,1567,0,0
1756544640_GS.S01R,054400_GS.S01R,GS,1,1756544640,0S 0904  TSS/GCS,1756559114,1756559120,446,0,0
1756544700_2..S01R,054500_2..S01R,2,1,1756544700,02 0905  241/FLA,1756564586,1756564589,1721,0,0
1756544700_GS.N04R,054500_GS.N04R,GS,0,1756544700,0S 0905  GCS/TSS,1756559150,1756559155,393,0,0
1756544730_2..N01R,054550_2..N01R,2,0,1756544730,02 0905+ FLA/241,1756564586,1756564589,1721,0,0
1756544760_1..S12R,054600_1..S12R,1,1,1756544760,01 0906  137/SFT,1756561634,1756561640,1184,0,0
1756544760_3..N01R,054600_3..N01R,3,0,1756544760,03 0906  NLT/148,1756563035,1756563038,1556,0,0
1756544820_7..N,054700_7..N,7,0,1756544820,07 0907 34H/MST,1756561295,1756561298,1101,0,0
1756544820_7..S,054700_7..S,7,1,1756544820,07 0907 MST/34H,1756561364,1756561370,1120,0,0
1756544850_1..N02X061,054750_1..N02X061,1,0,1756544850,01 0907+ DYK/242,1756560224,1756560230,775,0,0
1756544880_3..S01R,054800_3..S01R,3,1,1756544880,03 0908  148/NLT,1756563464,1756563470,1671,0,0
1756544880_4..N06R,054800_4..N06R,4,0,1756544880,04 0908  UTI/WDL,1756563434,1756563440,1663,0,0
1756544910_4..S06R,054850_4..S06R,4,1,1756544910,04 0908+ WDL/UTI,1756562861,1756562864,1510,0,0
1756544940_5..N75R,054900_5..N75R,5,0,1756544940,05 0909  BWG/DYR,1756563125,1756563128,1579,0,0
1756544940_GS.S04R,054900_GS.S04R,GS,1,1756544940,0S 0909  TSS/GCS,1756559444,1756559450,452,0,0
1756545000_GS.N01R,055000_GS.N01R,GS,0,1756545000,0S 0910  GCS/TSS,1756559489,1756559495,401,0,0
1756545060_1..N12R,055100_1..N12R,1,0,1756545060,01 0911  SFT/137,1756561976,1756561979,1195,0,0
1756545060_6..N01X007,055100_6..N01X007,6,0,1756545060,06 0911  BBR/PEL,1756563035,1756563038,1476,0,0
1756545060_6..S01R,055100_6..S01R,6,1,1756545060,06 0911  PEL/BBR,1756563134,1756563140,1503,0,0
1756545120_2..S01R,055200_2..S01R,2,1,1756545120,02 0912  241/FLA,1756565096,1756565099,1763,0,0
1756545120_7..N,055200_7..N,7,0,1756545120,07 0912 34H/MST,1756561970,1756561973,1198,0,0
1756545120_7..S,055200_7..S,7,1,1756545120,07 0912 MST/34H,1756561685,1756561688,1122,0,0
1756545240_1..S12R,055400_1..S12R,1,1,1756545240,01 0914  137/SFT,1756562024,1756562030,1208,0,0
1756545240_GS.S01R,055400_GS.S01R,GS,1,1756545240,0S 0914  TSS/GCS,1756559705,1756559710,444,0,0
1756545300_GS.N04R,055500_GS.N04R,GS,0,1756545300,0S 0915  GCS/TSS,1756559774,1756559780,398,0,0
1756545360_1..S02X060,055600_1..S02X060,1,1,1756545360,01 0916  242/DYK,1756560485,1756560488,717,0,0
1756545360_3..N01R,055600_3..N01R,3,0,1756545360,03 0916  NLT/148,1756563860,1756563863,1617,0,0
1756545360_4..N06R,055600_4..N06R,4,0,1756545360,04 0916  UTI/WDL,1756563953,1756563956,1642,0,0
1756545390_4..S06R,055650_4..S06R,4,1,1756545390,04 0916+ WDL/UTI,1756563323,1756563326,1473,0,0
1756545420_7..N,055700_7..N,7,0,1756545420,07 0917 34H/MST,1756562078,1756562081,1157,0,0
1756545420_7..S,055700_7..S,7,1,1756545420,07 0917 MST/34H,1756562015,1756562018,1140,0,0
1756545450_2..N01R,055750_2..N01R,2,0,1756545450,02 0917+ FLA/241,1756565090,1756565093,1340,0,0
1756545540_1..N12R,055900_1..N12R,1,0,1756545540,01 0919  SFT/137,1756562483,1756562486,1250,0,0
1756545540_6..N01X007,055900_6..N01X007,6,0,1756545540,06 0919  BBR/PEL,1756563506,1756563509,1522,0,0
1756545540_6..S01R,055900_6..S01R,6,1,1756545540,06 0919  PEL/BBR,1756563809,1756563815,1604,0,0
1756545540_GS.S04R,055900_GS.S04R,GS,1,1756545540,0S 0919  TSS/GCS,1756560044,1756560050,455,0,0
1756545600_GS.N01R,056000_GS.N01R,GS,0,1756545600,0S 0920  GCS/TSS,1756560074,1756560080,403,0,0
1756545660_2..S01R,056100_2..S01R,2,1,1756545660,02 0921  241/FLA,1756565570,1756565573,1737,0,0
1756545720_1..S12R,056200_1..S12R,1,1,1756545720,01 0922  137/SFT,1756562495,1756562498,1173,0,0
1756545720_7..N,056200_7..N,7,0,1756545720,07 0922 34H/MST,1756562378,1756562381,1117,0,0
1756545720_7..S,056200_7..S,7,1,1756545720,07 0922 MST/34H,1756562393,1756562396,1121,0,0
1756545750_5..S08R,056250_5..S08R,5,1,1756545750,05 0922+ DYR/BWG,1756563641,1756563644,1479,0,0
1756545780_3..S01R,056300_3..S01R,3,1,1756545780,03 0923  148/NLT,1756564061,1756564064,1591,0,0
1756545840_4..N06R,056400_4..N06R,4,0,1756545840,04 0924  UTI/WDL,1756564451,1756564454,1695,0,0
1756545840_GS.S01R,056400_GS.S01R,GS,1,1756545840,0S 0924  TSS/GCS,1756560308,1756560311,465,0,0
1756545870_4..S06R,056450_4..S06R,4,1,1756545870,04 0924+ WDL/UTI,1756563869,1756563875,1460,0,0
1756545900_GS.N04R,056500_GS.N04R,GS,0,1756545900,0S 0925  GCS/TSS,1756560350,1756560353,415,0,0
1756545960_3..N01R,056600_3..N01R,3,0,1756545960,03 0926  NLT/148,1756564241,1756564244,1559,0,0
1756546020_1..N12R,056700_1..N12R,1,0,1756546020,01 0927  SFT/137,1756563170,1756563173,1272,0,0
1756546020_6..N01X007,056700_6..N01X007,6,0,1756546020,06 0927  BBR/PEL,1756564079,1756564085,1516,0,0
1756546020_6..S01R,056700_6..S01R,6,1,1756546020,06 0927  PEL/BBR,1756564004,1756564010,1496,0,0
1756546020_7..N,056700_7..N,7,0,1756546020,07 0927 34H/MST,1756562558,1756562561,1113,0,0
1756546050_7..S,056750_7..S,7,1,1756546050,07 0927+ MST/34H,1756562594,1756562600,1123,0,0
1756546080_1..S02X060,056800_1..S02X060,1,1,1756546080,01 0928  242/DYK,1756561355,1756561358,789,0,0
1756546140_2..S01R,056900_2..S01R,2,1,1756546140,02 0929  241/FLA,1756565951,1756565954,1754,0,0
1756546140_5..N75R,056900_5..N75R,5,0,1756546140,05 0929  BWG/DYR,1756564499,1756564505,1558,0,0
1756546140_GS.S04R,056900_GS.S04R,GS,1,1756546140,0S 0929  TSS/GCS,1756560638,1756560641,492,0,0
1756546170_2..N01R,056950_2..N01R,2,0,1756546170,02 0929+ FLA/241,1756566041,1756566044,1711,0,0
1756546200_1..S12R,057000_1..S12R,1,1,1756546200,01 0930  137/SFT,1756562984,1756562990,1142,0,0
1756546200_GS.N01R,057000_GS.N01R,GS,0,1756546200,0S 0930  GCS/TSS,1756560698,1756560701,447,0,0
1756546290_1..N02X061,057150_1..N02X061,1,0,1756546290,01 0931+ DYK/242,1756561355,1756561358,708,0,0
1756546320_3..S01R,057200_3..S01R,3,1,1756546320,03 0932  148/NLT,1756564619,1756564625,1579,0,0
1756546320_4..N06R,057200_4..N06R,4,0,1756546320,04 0932  UTI/WDL,1756564889,1756564895,1651,0,0
1756546320_7..N,057200_7..N,7,0,1756546320,07 0932 34H/MST,1756563089,1756563095,1174,0,0
1756546350_4..S06R,057250_4..S06R,4,1,1756546350,04 0932+ WDL/UTI,1756564388,1756564391,1517,0,0
1756546410_7..S,057350_7..S,7,1,1756546410,07 0933+ MST/34H,1756562885,1756562888,1111,0,0
1756546440_GS.S01R,057400_GS.S01R,GS,1,1756546440,0S 0934  TSS/GCS,1756560929,1756560935,509,0,0
1756546470_1..S02X060,057450_1..S02X060,1,1,1756546470,E1 0934+ 242/DYK,1756561856,1756561859,337,0,0
1756546500_1..N12R,057500_1..N12R,1,0,1756546500,01 0935  SFT/137,1756563476,1756563479,1193,0,0
1756546500_6..N01X007,057500_6..N01X007,6,0,1756546500,06 0935  BBR/PEL,1756564631,1756564634,1502,0,0
1756546500_6..S01R,057500_6..S01R,6,1,1756546500,06 0935  PEL/BBR,1756565030,1756565033,1608,0,0
1756546500_GS.N04R,057500_GS.N04R,GS,0,1756546500,0S 0935  GCS/TSS,1756560929,1756560935,449,0,0
1756546560_2..S01R,057600_2..S01R,2,1,1756546560,02 0936  241/FLA,1756566815,1756566818,1821,0,0
1756546560_3..N01R,057600_3..N01R,3,0,1756546560,03 0936  NLT/148,1756564919,1756564925,1579,0,0
1756546620_7..N,057700_7..N,7,0,1756546620,07 0937 34H/MST,1756563455,1756563458,1191,0,0
1756546650_2..N01R,057750_2..N01R,2,0,1756546650,02 0937+ FLA/241,1756566545,1756566548,1754,0,0
1756546680_1..S12R,057800_1..S12R,1,1,1756546680,01 0938  137/SFT,1756563455,1756563458,1187,0,0
1756546740_7..S,057900_7..S,7,1,1756546740,07 0939 MST/34H,1756563338,1756563341,1110,0,0
1756546740_GS.S04R,057900_GS.S04R,GS,1,1756546740,0S 0939  TSS/GCS,1756561229,1756561235,529,0,0
1756546800_1..S02X060,058000_1..S02X060,1,1,1756546800,01 0940  242/DYK,1756561499,1756561505,547,0,0
1756546800_GS.N01R,058000_GS.N01R,GS,0,1756546800,0S 0940  GCS/TSS,1756561298,1756561301,487,0,0
1756546830_4..S06R,058050_4..S06R,4,1,1756546830,04 0940+ WDL/UTI,1756565069,1756565075,1540,0,0
1756546920_7..N,058200_7..N,7,0,1756546920,07 0942 34H/MST,1756563680,1756563683,1160,0,0
1756546950_5..S08R,058250_5..S08R,5,1,1756546950,05 0942+ DYR/BWG,1756564505,1756564508,1389,0,0
1756546980_1..N12R,058300_1..N12R,1,0,1756546980,01 0943  SFT/137,1756563845,1756563848,1213,0,0
1756546980_6..S01R,058300_6..S01R,6,1,1756546980,06 0943  PEL/BBR,1756565186,1756565189,1571,0,0
1756547010_1..N02X061,058350_1..N02X061,1,0,1756547010,01 0943+ DYK/242,1756562285,1756562288,797,0,0
1756547040_GS.S01R,058400_GS.S01R,GS,1,1756547040,0S 0944  TSS/GCS,1756561514,1756561520,545,0,0
1756547100_2..S01R,058500_2..S01R,2,1,1756547100,02 0945  241/FLA,1756567046,1756567050,1748,0,0
1756547100_7..S,058500_7..S,7,1,1756547100,07 0945 MST/34H,1756563596,1756563599,1057,0,0
1756547100_GS.N04R,058500_GS.N04R,GS,0,1756547100,0S 0945  GCS/TSS,1756561544,1756561550,493,0,0
1756547130_2..N01R,058550_2..N01R,2,0,1756547130,02 0945+ FLA/241,1756561343,1756561535,439,0,0
1756547160_1..S02X060,058600_1..S02X060,1,1,1756547160,01 0946  242/DYK,1756562456,1756562459,239,0,0
1756547160_1..S12R,058600_1..S12R,1,1,1756547160,01 0946  137/SFT,1756563953,1756563956,1162,0,0
1756547160_3..N01R,058600_3..N01R,3,0,1756547160,03 0946  NLT/148,1756565390,1756565393,1545,0,0
1756547220_3..S01R,058700_3..S01R,3,1,1756547220,03 0947  148/NLT,1756565519,1756565525,1580,0,0
1756547220_6..N01X007,058700_6..N01X007,6,0,1756547220,06 0947  BBR/PEL,1756565180,1756565183,1912,0,0
1756547220_7..N,058700_7..N,7,0,1756547220,07 0947 34H/MST,1756563773,1756563776,1105,0,0
1756547310_4..S06R,058850_4..S06R,4,1,1756547310,04 0948+ WDL/UTI,1756565300,1756565303,1521,0,0
1756547340_5..N75R,058900_5..N75R,5,0,1756547340,05 0949  BWG/DYR,1756565531,1756565534,1582,0,0
1756547340_GS.S04R,058900_GS.S04R,GS,1,1756547340,0S 0949  TSS/GCS,1756561829,1756561835,569,0,0
1756547370_2..N01R,058950_2..N01R,2,0,1756547370,02 0949+ FLA/241,1756567316,1756567319,1362,0,0
1756547370_4..N06R,058950_4..N06R,4,0,1756547370,E4 0949+ UTI/WDL,1756566035,1756566038,1137,0,0
1756547400_GS.N01R,059000_GS.N01R,GS,0,1756547400,0S 0950  GCS/TSS,1756561880,1756561883,522,0,0
1756547460_1..N12R,059100_1..N12R,1,0,1756547460,01 0951  SFT/137,1756564319,1756564325,1180,0,0
1756547460_6..S01R,059100_6..S01R,6,1,1756547460,06 0951  PEL/BBR,1756565585,1756565588,1517,0,0
1756547460_7..S,059100_7..S,7,1,1756547460,07 0951 MST/34H,1756563950,1756563953,1096,0,0
1756547520_4..N06R,059200_4..N06R,4,0,1756547520,04 0952  UTI/WDL,1756566765,1756566770,1807,0,0
1756547520_7..N,059200_7..N,7,0,1756547520,07 0952 34H/MST,1756564124,1756564130,1143,0,0
1756547580_2..S01R,059300_2..S01R,2,1,1756547580,02 0953  241/FLA,1756567325,1756567328,1754,0,0
1756547640_1..S12R,059400_1..S12R,1,1,1756547640,01 0954  137/SFT,1756564439,1756564445,1212,0,0
1756547640_3..N01R,059400_3..N01R,3,0,1756547640,03 0954  NLT/148,1756561805,1756561808,509,0,0
1756547640_3..S01R,059400_3..S01R,3,1,1756547640,03 0954  148/NLT,1756566056,1756566059,1644,0,0
1756547640_GS.S01R,059400_GS.S01R,GS,1,1756547640,0S 0954  TSS/GCS,1756562111,1756562114,584,0,0
1756547700_GS.N04R,059500_GS.N04R,GS,0,1756547700,0S 0955  GCS/TSS,1756562171,1756562174,528,0,0
1756547730_1..N02X061,059550_1..N02X061,1,0,1756547730,01 0955+ DYK/242,1756562666,1756562669,659,0,0
1756547790_4..S06R,059650_4..S06R,4,1,1756547790,04 0956+ WDL/UTI,1756566125,1756566128,1582,0,0
1756547820_7..N,059700_7..N,7,0,1756547820,07 0957 34H/MST,1756564556,1756564559,1165,0,0
1756547820_7..S,059700_7..S,7,1,1756547820,07 0957 MST/34H,1756564439,1756564445,1134,0,0
1756547940_1..N12R,059900_1..N12R,1,0,1756547940,01 0959  SFT/137,1756564733,1756564736,1210,0,0
1756547940_6..N01X007,059900_6..N01X007,6,0,1756547940,06 0959  BBR/PEL,1756565876,1756565879,1516,0,0
1756547940_6..S01R,059900_6..S01R,6,1,1756547940,06 0959  PEL/BBR,1756566026,1756566029,1556,0,0
1756547940_GS.S04R,059900_GS.S04R,GS,1,1756547940,0S 0959  TSS/GCS,1756562429,1756562435,595,0,0
1756548000_2..S01R,060000_2..S01R,2,1,1756548000,02 1000  241/FLA,1756567874,1756567880,1748,0,0
1756548000_GS.N01R,060000_GS.N01R,GS,0,1756548000,0S 1000  GCS/TSS,1756562501,1756562504,534,0,0
1756548060_3..N01R,060100_3..N01R,3,0,1756548060,03 1001  NLT/148,1756566314,1756566320,1203,0,0
1756548090_2..N01R,060150_2..N01R,2,0,1756548090,02 1001+ FLA/241,1756567994,1756568000,1780,0,0
1756548120_1..S12R,060200_1..S12R,1,1,1756548120,01 1002  137/SFT,1756564919,1756564925,1180,0,0
1756548120_7..N,060200_7..N,7,0,1756548120,07 1002 34H/MST,1756564889,1756564895,1156,0,0
1756548150_5..S08R,060250_5..S08R,5,1,1756548150,05 1002+ DYR/BWG,1756565624,1756565630,1368,0,0
1756548180_7..S,060300_7..S,7,1,1756548180,07 1003 MST/34H,1756562585,1756562588,541,0,0
1756548240_1..S02X060,060400_1..S02X060,1,1,1756548240,01 1004  242/DYK,1756563494,1756563500,799,0,0
1756548240_3..S01R,060400_3..S01R,3,1,1756548240,03 1004  148/NLT,1756566446,1756566449,1588,0,0
1756548240_4..N06R,060400_4..N06R,4,0,1756548240,04 1004  UTI/WDL,1756567119,1756567121,1759,0,0
1756548240_GS.S01R,060400_GS.S01R,GS,1,1756548240,0S 1004  TSS/GCS,1756562720,1756562723,591,0,0
1756548270_4..S06R,060450_4..S06R,4,1,1756548270,04 1004+ WDL/UTI,1756566314,1756566320,1473,0,0
1756548300_GS.N04R,060500_GS.N04R,GS,0,1756548300,0S 1005  GCS/TSS,1756562759,1756562765,522,0,0
1756548360_7..S,060600_7..S,7,1,1756548360,07 1006 MST/34H,1756564916,1756564919,614,0,0
1756548420_1..N12R,060700_1..N12R,1,0,1756548420,01 1007  SFT/137,1756565189,1756565195,1172,0,0
1756548420_6..N01X007,060700_6..N01X007,6,0,1756548420,06 1007  BBR/PEL,1756566344,1756566350,1481,0,0
1756548420_6..S01R,060700_6..S01R,6,1,1756548420,06 1007  PEL/BBR,1756566765,1756566770,1550,0,0
1756548420_7..N,060700_7..N,7,0,1756548420,07 1007 34H/MST,1756565033,1756565036,1116,0,0
1756548450_1..N02X061,060750_1..N02X061,1,0,1756548450,01 1007+ DYK/242,1756563536,1756563539,730,0,0
1756548540_2..S01R,060900_2..S01R,2,1,1756548540,02 1009  241/FLA,1756562528,1756562945,461,0,0
1756548540_5..N75R,060900_5..N75R,5,0,1756548540,05 1009  BWG/DYR,1756567119,1756567121,1677,0,0
1756548540_7..S,060900_7..S,7,1,1756548540,07 1009 MST/34H,1756627215,1756627218,18231,0,0
1756548540_GS.S04R,060900_GS.S04R,GS,1,1756548540,0S 1009  TSS/GCS,1756563029,1756563032,593,0,0
1756548570_2..N01R,060950_2..N01R,2,0,1756548570,02 1009+ FLA/241,1756568645,1756568648,1792,0,0
1756548600_1..S12R,061000_1..S12R,1,1,1756548600,01 1010  137/SFT,1756565381,1756565384,1143,0,0
1756548600_GS.N01R,061000_GS.N01R,GS,0,1756548600,0S 1010  GCS/TSS,1756563101,1756563104,533,0,0
1756548720_2..S01R,061200_2..S01R,2,1,1756548720,02 1012  241/FLA,1756568816,1756568819,1464,0,0
1756548720_4..N06R,061200_4..N06R,4,0,1756548720,04 1012  UTI/WDL,1756567355,1756567358,1670,0,0
1756548750_4..S06R,061250_4..S06R,4,1,1756548750,04 1012+ WDL/UTI,1756567028,1756567031,1583,0,0
1756548750_7..N,061250_7..N,7,0,1756548750,07 1012+ 34H/MST,1756565735,1756565738,1233,0,0
1756548780_3..S01R,061300_3..S01R,3,1,1756548780,03 1013  148/NLT,1756567274,1756567280,1649,0,0
1756548840_GS.S01R,061400_GS.S01R,GS,1,1756548840,0S 1014  TSS/GCS,1756563314,1756563320,590,0,0
1756548900_1..N12R,061500_1..N12R,1,0,1756548900,01 1015  SFT/137,1756565933,1756565936,1211,0,0
1756548900_6..N01X007,061500_6..N01X007,6,0,1756548900,06 1015  BBR/PEL,1756566935,1756566938,1478,0,0
1756548900_6..S01R,061500_6..S01R,6,1,1756548900,06 1015  PEL/BBR,1756566971,1756566975,1488,0,0
1756548900_7..S,061500_7..S,7,1,1756548900,07 1015 MST/34H,1756565789,1756565795,1200,0,0
1756548900_GS.N04R,061500_GS.N04R,GS,0,1756548900,0S 1015  GCS/TSS,1756563344,1756563350,518,0,0
1756548960_1..S02X060,061600_1..S02X060,1,1,1756548960,01 1016  242/DYK,1756564169,1756564175,740,0,0
1756548960_3..N01R,061600_3..N01R,3,0,1756548960,03 1016  NLT/148,1756567424,1756567430,1609,0,0
1756549050_2..N01R,061750_2..N01R,2,0,1756549050,02 1017+ FLA/241,1756569431,1756569434,1922,0,0
1756549080_1..S12R,061800_1..S12R,1,1,1756549080,01 1018  137/SFT,1756565855,1756565858,1190,0,0
1756549110_7..N,061850_7..N,7,0,1756549110,07 1018+ 34H/MST,1756565990,1756565993,1154,0,0
1756549140_GS.S04R,061900_GS.S04R,GS,1,1756549140,0S 1019  TSS/GCS,1756563626,1756563629,593,0,0
1756549170_1..N02X061,061950_1..N02X061,1,0,1756549170,01 1019+ DYK/242,1756564340,1756564343,705,0,0
1756549200_4..N06R,062000_4..N06R,4,0,1756549200,04 1020  UTI/WDL,1756567826,1756567829,1636,0,0
1756549200_GS.N01R,062000_GS.N01R,GS,0,1756549200,0S 1020  GCS/TSS,1756563686,1756563689,525,0,0
1756549230_4..S06R,062050_4..S06R,4,1,1756549230,04 1020+ WDL/UTI,1756567478,1756567481,1543,0,0
1756549260_7..S,062100_7..S,7,1,1756549260,07 1021 MST/34H,1756565861,1756565864,1120,0,0
1756549350_5..S08R,062250_5..S08R,5,1,1756549350,05 1022+ DYR/BWG,1756567013,1756567016,1419,0,0
1756549380_1..N12R,062300_1..N12R,1,0,1756549380,01 1023  SFT/137,1756566209,1756566215,1205,0,0
1756549380_6..N01X007,062300_6..N01X007,6,0,1756549380,06 1023  BBR/PEL,1756567475,1756567478,1542,0,0
1756549380_6..S01R,062300_6..S01R,6,1,1756549380,06 1023  PEL/BBR,1756567493,1756567496,1547,0,0
1756549440_2..S01R,062400_2..S01R,2,1,1756549440,02 1024  241/FLA,1756569551,1756569554,1874,0,0
1756549440_GS.S01R,062400_GS.S01R,GS,1,1756549440,0S 1024  TSS/GCS,1756563923,1756563926,572,0,0
1756549470_7..N,062450_7..N,7,0,1756549470,07 1024+ 34H/MST,1756566308,1756566314,1159,0,0
1756549500_GS.N04R,062500_GS.N04R,GS,0,1756549500,0S 1025  GCS/TSS,1756563956,1756563959,499,0,0
1756549530_2..N01R,062550_2..N01R,2,0,1756549530,02 1025+ FLA/241,1756569560,1756569563,1796,0,0
1756549560_1..S12R,062600_1..S12R,1,1,1756549560,01 1026  137/SFT,1756566365,1756566368,1166,0,0
1756549560_3..N01R,062600_3..N01R,3,0,1756549560,03 1026  NLT/148,1756568153,1756568159,1643,0,0
1756549560_3..S01R,062600_3..S01R,3,1,1756549560,03 1026  148/NLT,1756567754,1756567760,1537,0,0
1756549620_7..S,062700_7..S,7,1,1756549620,07 1027 MST/34H,1756566170,1756566173,1121,0,0
1756549680_1..S02X060,062800_1..S02X060,1,1,1756549680,01 1028  242/DYK,1756564829,1756564835,756,0,0
1756549680_4..N06R,062800_4..N06R,4,0,1756549680,04 1028  UTI/WDL,1756568204,1756568210,1656,0,0
1756549710_4..S06R,062850_4..S06R,4,1,1756549710,04 1028+ WDL/UTI,1756567754,1756567760,1537,0,0
1756549740_5..N75R,062900_5..N75R,5,0,1756549740,05 1029  BWG/DYR,1756568375,1756568378,1701,0,0
1756549740_GS.S04R,062900_GS.S04R,GS,1,1756549740,0S 1029  TSS/GCS,1756564226,1756564229,554,0,0
1756549800_GS.N01R,063000_GS.N01R,GS,0,1756549800,0S 1030  GCS/TSS,1756564295,1756564298,488,0,0
1756549830_7..N,063050_7..N,7,0,1756549830,07 1030+ 34H/MST,1756566765,1756566770,1159,0,0
1756549860_1..N12R,063100_1..N12R,1,0,1756549860,01 1031  SFT/137,1756566765,1756566770,1145,0,0
1756549860_6..N01X007,063100_6..N01X007,6,0,1756549860,06 1031  BBR/PEL,1756567985,1756567988,1518,0,0
1756549860_6..S01R,063100_6..S01R,6,1,1756549860,06 1031  PEL/BBR,1756567973,1756567976,1515,0,0
1756549890_1..N02X061,063150_1..N02X061,1,0,1756549890,01 1031+ DYK/242,1756564970,1756564973,713,0,0
1756549980_2..S01R,063300_2..S01R,2,1,1756549980,02 1033  241/FLA,1756570049,1756570055,1846,0,0
1756549980_7..S,063300_7..S,7,1,1756549980,07 1033 MST/34H,1756566773,1756566776,1173,0,0
1756550010_2..N01R,063350_2..N01R,2,0,1756550010,02 1033+ FLA/241,1756569839,1756569845,1792,0,0
1756550040_1..S12R,063400_1..S12R,1,1,1756550040,01 1034  137/SFT,1756566845,1756566848,1214,0,0
1756550040_3..S01R,063400_3..S01R,3,1,1756550040,03 1034  148/NLT,1756568375,1756568378,1621,0,0
1756550040_GS.S01R,063400_GS.S01R,GS,1,1756550040,0S 1034  TSS/GCS,1756564511,1756564514,532,0,0
1756550100_3..N01R,063500_3..N01R,3,0,1756550100,03 1035  NLT/148,1756568594,1756568600,1600,0,0
1756550100_GS.N04R,063500_GS.N04R,GS,0,1756550100,0S 1035  GCS/TSS,1756564580,1756564583,465,0,0
1756550160_4..N06R,063600_4..N06R,4,0,1756550160,04 1036  UTI/WDL,1756568936,1756568939,1691,0,0
1756550190_4..S06R,063650_4..S06R,4,1,1756550190,04 1036+ WDL/UTI,1756568129,1756568135,1477,0,0
1756550190_7..N,063650_7..N,7,0,1756550190,07 1036+ 34H/MST,1756566765,1756566770,1125,0,0
1756550340_1..N12R,063900_1..N12R,1,0,1756550340,01 1039  SFT/137,1756567119,1756567121,1207,0,0
1756550340_6..N01X007,063900_6..N01X007,6,0,1756550340,06 1039  BBR/PEL,1756568276,1756568279,1515,0,0
1756550340_6..S01R,063900_6..S01R,6,1,1756550340,06 1039  PEL/BBR,1756568528,1756568531,1582,0,0
1756550340_7..S,063900_7..S,7,1,1756550340,07 1039 MST/34H,1756567119,1756567121,1179,0,0
1756550340_GS.S04R,063900_GS.S04R,GS,1,1756550340,0S 1039  TSS/GCS,1756564823,1756564826,514,0,0
1756550400_1..S02X060,064000_1..S02X060,1,1,1756550400,01 1040  242/DYK,1756565591,1756565594,720,0,0
1756550400_GS.N01R,064000_GS.N01R,GS,0,1756550400,0S 1040  GCS/TSS,1756564901,1756564904,451,0,0
1756550460_2..S01R,064100_2..S01R,2,1,1756550460,02 1041  241/FLA,1756570211,1756570214,1730,0,0
1756550490_2..N01R,064150_2..N01R,2,0,1756550490,02 1041+ FLA/241,1756570481,1756570484,1802,0,0
1756550520_1..S12R,064200_1..S12R,1,1,1756550520,01 1042  137/SFT,1756567304,1756567310,1178,0,0
1756550550_5..S08R,064250_5..S08R,5,1,1756550550,05 1042+ DYR/BWG,1756568555,1756568558,1510,0,0
1756550610_1..N02X061,064350_1..N02X061,1,0,1756550610,01 1043+ DYK/242,1756565699,1756565702,749,0,0
1756550640_3..S01R,064400_3..S01R,3,1,1756550640,03 1044  148/NLT,1756568885,1756568888,1598,0,0
1756550640_4..N06R,064400_4..N06R,4,0,1756550640,04 1044  UTI/WDL,1756569254,1756569260,1697,0,0
1756550640_GS.S01R,064400_GS.S01R,GS,1,1756550640,0S 1044  TSS/GCS,1756565111,1756565114,493,0,0
1756550670_4..S06R,064450_4..S06R,4,1,1756550670,04 1044+ WDL/UTI,1756569008,1756569011,1551,0,0
1756550700_7..N,064500_7..N,7,0,1756550700,07 1045 34H/MST,1756567790,1756567793,1034,0,0
1756550700_7..S,064500_7..S,7,1,1756550700,07 1045 MST/34H,1756567298,1756567301,1124,0,0
1756550700_GS.N04R,064500_GS.N04R,GS,0,1756550700,0S 1045  GCS/TSS,1756565186,1756565189,428,0,0
1756550760_3..N01R,064600_3..N01R,3,0,1756550760,03 1046  NLT/148,1756569359,1756569365,1645,0,0
1756550820_1..N12R,064700_1..N12R,1,0,1756550820,01 1047  SFT/137,1756567499,1756567505,1150,0,0
1756550820_6..N01X007,064700_6..N01X007,6,0,1756550820,06 1047  BBR/PEL,1756568984,1756568990,1545,0,0
1756550820_6..S01R,064700_6..S01R,6,1,1756550820,06 1047  PEL/BBR,1756569224,1756569230,1609,0,0
1756550880_2..S01R,064800_2..S01R,2,1,1756550880,02 1048  241/FLA,1756570805,1756570808,1808,0,0
1756550940_5..N75R,064900_5..N75R,5,0,1756550940,05 1049  BWG/DYR,1756568735,1756568738,1478,0,0
1756550940_GS.S04R,064900_GS.S04R,GS,1,1756550940,0S 1049  TSS/GCS,1756565411,1756565414,473,0,0
1756550970_2..N01R,064950_2..N01R,2,0,1756550970,02 1049+ FLA/241,1756571285,1756571288,1825,0,0
1756551000_1..S12R,065000_1..S12R,1,1,1756551000,01 1050  137/SFT,1756567796,1756567799,1149,0,0
1756551000_GS.N01R,065000_GS.N01R,GS,0,1756551000,0S 1050  GCS/TSS,1756565486,1756565489,408,0,0
1756551060_7..S,065100_7..S,7,1,1756551060,07 1051 MST/34H,1756567739,1756567745,1145,0,0
1756551120_1..S02X060,065200_1..S02X060,1,1,1756551120,01 1052  242/DYK,1756566254,1756566260,738,0,0
1756551120_4..N06R,065200_4..N06R,4,0,1756551120,04 1052  UTI/WDL,1756569809,1756569815,1685,0,0
1756551150_4..S06R,065250_4..S06R,4,1,1756551150,04 1052+ WDL/UTI,1756569254,1756569260,1537,0,0
1756551180_3..S01R,065300_3..S01R,3,1,1756551180,03 1053  148/NLT,1756569719,1756569725,1657,0,0
1756551240_GS.S01R,065400_GS.S01R,GS,1,1756551240,0S 1054  TSS/GCS,1756565711,1756565714,454,0,0
1756551270_7..N,065450_7..N,7,0,1756551270,07 1054+ 34H/MST,1756568099,1756568105,1203,0,0
1756551300_1..N12R,065500_1..N12R,1,0,1756551300,01 1055  SFT/137,1756568063,1756568066,1139,0,0
1756551300_6..N01X007,065500_6..N01X007,6,0,1756551300,06 1055  BBR/PEL,1756569275,1756569278,1461,0,0
1756551300_6..S01R,065500_6..S01R,6,1,1756551300,06 1055  PEL/BBR,1756569569,1756569575,1540,0,0
1756551300_GS.N04R,065500_GS.N04R,GS,0,1756551300,0S 1055  GCS/TSS,1756565741,1756565744,392,0,0
1756551330_1..N02X061,065550_1..N02X061,1,0,1756551330,01 1055+ DYK/242,1756566494,1756566500,721,0,0
1756551420_2..S01R,065700_2..S01R,2,1,1756551420,02 1057  241/FLA,1756571426,1756571430,1786,0,0
1756551420_7..S,065700_7..S,7,1,1756551420,07 1057 MST/34H,1756568024,1756568030,1135,0,0
1756551450_2..N01R,065750_2..N01R,2,0,1756551450,02 1057+ FLA/241,1756571396,1756571400,1780,0,0
1756551480_1..S12R,065800_1..S12R,1,1,1756551480,01 1058  137/SFT,1756568276,1756568279,1195,0,0
1756551540_3..N01R,065900_3..N01R,3,0,1756551540,03 1059  NLT/148,1756570241,1756570244,1717,0,0
1756551540_GS.S04R,065900_GS.S04R,GS,1,1756551540,0S 1059  TSS/GCS,1756566020,1756566023,447,0,0
1756551600_4..N06R,066000_4..N06R,4,0,1756551600,04 1100  UTI/WDL,1756570340,1756570343,1663,0,0
1756551600_GS.N01R,066000_GS.N01R,GS,0,1756551600,0S 1100  GCS/TSS,1756566071,1756566074,398,0,0
1756551630_4..S06R,066050_4..S06R,4,1,1756551630,04 1100+ WDL/UTI,1756570091,1756570094,1596,0,0
1756551630_7..N,066050_7..N,7,0,1756551630,07 1100+ 34H/MST,1756568504,1756568510,1215,0,0
1756551750_5..S08R,066250_5..S08R,5,1,1756551750,05 1102+ DYR/BWG,1756569908,1756569914,1551,0,0
1756551780_1..N12R,066300_1..N12R,1,0,1756551780,01 1103  SFT/137,1756568594,1756568600,1200,0,0
1756551780_6..N01X007,066300_6..N01X007,6,0,1756551780,06 1103  BBR/PEL,1756569779,1756569785,1516,0,0
1756551780_7..S,066300_7..S,7,1,1756551780,07 1103 MST/34H,1756568513,1756568516,1174,0,0
1756551840_1..S02X060,066400_1..S02X060,1,1,1756551840,01 1104  242/DYK,1756566995,1756566998,774,0,0
1756551840_GS.S01R,066400_GS.S01R,GS,1,1756551840,0S 1104  TSS/GCS,1756566320,1756566326,447,0,0
1756551900_2..S01R,066500_2..S01R,2,1,1756551900,02 1105  241/FLA,1756572125,1756572128,1804,0,0
1756551900_GS.N04R,066500_GS.N04R,GS,0,1756551900,0S 1105  GCS/TSS,1756566371,1756566374,397,0,0
1756551930_2..N01R,066550_2..N01R,2,0,1756551930,02 1105+ FLA/241,1756571975,1756571978,1774,0,0
1756551960_1..S12R,066600_1..S12R,1,1,1756551960,01 1106  137/SFT,1756568774,1756568780,1168,0,0
1756551960_3..N01R,066600_3..N01R,3,0,1756551960,03 1106  NLT/148,1756570655,1756570658,1667,0,0
1756551960_3..S01R,066600_3..S01R,3,1,1756551960,03 1106  148/NLT,1756570361,1756570364,1589,0,0
1756551990_7..N,066650_7..N,7,0,1756551990,07 1106+ 34H/MST,1756568579,1756568585,1104,0,0
1756552020_6..S01R,066700_6..S01R,6,1,1756552020,06 1107  PEL/BBR,1756570484,1756570490,1392,0,0
1756552050_1..N02X061,066750_1..N02X061,1,0,1756552050,01 1107+ DYK/242,1756567046,1756567050,708,0,0
1756552080_4..N06R,066800_4..N06R,4,0,1756552080,04 1108  UTI/WDL,1756570586,1756570589,1649,0,0
1756552110_4..S06R,066850_4..S06R,4,1,1756552110,04 1108+ WDL/UTI,1756570520,1756570523,1563,0,0
1756552140_5..N75R,066900_5..N75R,5,0,1756552140,05 1109  BWG/DYR,1756570028,1756570034,1493,0,0
1756552140_7..S,066900_7..S,7,1,1756552140,07 1109 MST/34H,1756568741,1756568744,1147,0,0
1756552140_GS.S04R,066900_GS.S04R,GS,1,1756552140,0S 1109  TSS/GCS,1756566620,1756566623,452,0,0
1756552200_GS.N01R,067000_GS.N01R,GS,0,1756552200,0S 1110  GCS/TSS,1756566665,1756566668,405,0,0
1756552260_1..N12R,067100_1..N12R,1,0,1756552260,01 1111  SFT/137,1756568936,1756568939,1131,0,0
1756552260_6..N01X007,067100_6..N01X007,6,0,1756552260,06 1111  BBR/PEL,1756570280,1756570283,1487,0,0
1756552320_2..S01R,067200_2..S01R,2,1,1756552320,02 1112  241/FLA,1756572266,1756572270,1773,0,0
1756552350_7..N,067250_7..N,7,0,1756552350,07 1112+ 34H/MST,1756568858,1756568861,1068,0,0
1756552410_2..N01R,067350_2..N01R,2,0,1756552410,02 1113+ FLA/241,1756572488,1756572491,1817,0,0
1756552440_1..S12R,067400_1..S12R,1,1,1756552440,01 1114  137/SFT,1756569224,1756569230,1208,0,0
1756552440_GS.S01R,067400_GS.S01R,GS,1,1756552440,0S 1114  TSS/GCS,1756567119,1756567121,478,0,0
1756552500_7..S,067500_7..S,7,1,1756552500,07 1115 MST/34H,1756569194,1756569200,1158,0,0
1756552500_GS.N04R,067500_GS.N04R,GS,0,1756552500,0S 1115  GCS/TSS,1756567119,1756567121,434,0,0
1756552560_1..S02X060,067600_1..S02X060,1,1,1756552560,01 1116  242/DYK,1756567796,1756567799,748,0,0
1756552560_3..N01R,067600_3..N01R,3,0,1756552560,03 1116  NLT/148,1756571225,1756571228,1660,0,0
1756552560_4..N06R,067600_4..N06R,4,0,1756552560,04 1116  UTI/WDL,1756571165,1756571168,1643,0,0
1756552710_3..S01R,067850_3..S01R,3,1,1756552710,03 1118+ 148/NLT,1756570946,1756570950,2167,0,0
1756552710_7..N,067850_7..N,7,0,1756552710,07 1118+ 34H/MST,1756569458,1756569461,1180,0,0
1756552740_1..N12R,067900_1..N12R,1,0,1756552740,01 1119  SFT/137,1756569575,1756569578,1221,0,0
1756552740_6..N01X007,067900_6..N01X007,6,0,1756552740,06 1119  BBR/PEL,1756570724,1756570730,1525,0,0
1756552740_6..S01R,067900_6..S01R,6,1,1756552740,06 1119  PEL/BBR,1756570976,1756570980,1594,0,0
1756552740_GS.S04R,067900_GS.S04R,GS,1,1756552740,0S 1119  TSS/GCS,1756624401,1756624404,2859,0,0
1756552770_1..N02X061,067950_1..N02X061,1,0,1756552770,01 1119+ DYK/242,1756567985,1756567988,718,0,0
1756552770_2..N01R,067950_2..N01R,2,0,1756552770,E2 1119+ 180/241,1756568204,1756568210,282,0,0
1756552800_GS.N01R,068000_GS.N01R,GS,0,1756552800,0S 1120  GCS/TSS,1756624401,1756624404,2806,0,0
1756552830_4..S06R,068050_4..S06R,4,1,1756552830,04 1120+ WDL/UTI,1756571441,1756571445,1387,0,0
1756552860_7..S,068100_7..S,7,1,1756552860,07 1121 MST/34H,1756569608,1756569611,1139,0,0
1756552890_2..N01R,068150_2..N01R,2,0,1756552890,02 1121+ FLA/241,1756572908,1756572911,1783,0,0
1756552920_1..S12R,068200_1..S12R,1,1,1756552920,01 1122  137/SFT,1756569701,1756569704,1175,0,0
1756552950_5..S08R,068250_5..S08R,5,1,1756552950,05 1122+ DYR/BWG,1756570784,1756570790,1461,0,0
1756553040_2..S01R,068400_2..S01R,2,1,1756553040,02 1124  241/FLA,1756572818,1756572821,1357,0,0
1756553040_4..N06R,068400_4..N06R,4,0,1756553040,04 1124  UTI/WDL,1756571655,1756571660,1695,0,0
1756553040_GS.S01R,068400_GS.S01R,GS,1,1756553040,0S 1124  TSS/GCS,1756567514,1756567520,511,0,0
1756553070_7..N,068450_7..N,7,0,1756553070,07 1124+ 34H/MST,1756569806,1756569809,1112,0,0
1756553100_GS.N04R,068500_GS.N04R,GS,0,1756553100,0S 1125  GCS/TSS,1756567574,1756567580,467,0,0
1756553160_3..N01R,068600_3..N01R,3,0,1756553160,03 1126  NLT/148,1756571765,1756571768,1644,0,0
1756553220_1..N12R,068700_1..N12R,1,0,1756553220,01 1127  SFT/137,1756570034,1756570040,1183,0,0
1756553220_6..N01X007,068700_6..N01X007,6,0,1756553220,06 1127  BBR/PEL,1756571205,1756571210,1495,0,0
1756553220_7..S,068700_7..S,7,1,1756553220,07 1127 MST/34H,1756569851,1756569854,1125,0,0
1756553280_1..S02X060,068800_1..S02X060,1,1,1756553280,01 1128  242/DYK,1756568705,1756568708,829,0,0
1756553340_5..N75R,068900_5..N75R,5,0,1756553340,05 1129  BWG/DYR,1756571246,1756571250,1506,0,0
1756553340_GS.S04R,068900_GS.S04R,GS,1,1756553340,0S 1129  TSS/GCS,1756567829,1756567835,535,0,0
1756553370_2..N01R,068950_2..N01R,2,0,1756553370,02 1129+ FLA/241,1756573538,1756573541,1788,0,0
1756553400_1..S12R,069000_1..S12R,1,1,1756553400,01 1130  137/SFT,1756570199,1756570205,1145,0,0
1756553400_GS.N01R,069000_GS.N01R,GS,0,1756553400,0S 1130  GCS/TSS,1756567865,1756567868,483,0,0
1756553430_7..N,069050_7..N,7,0,1756553430,07 1130+ 34H/MST,1756570040,1756570046,1146,0,0
1756553460_3..S01R,069100_3..S01R,3,1,1756553460,03 1131  148/NLT,1756572075,1756572080,1646,0,0
1756553460_6..S01R,069100_6..S01R,6,1,1756553460,06 1131  PEL/BBR,1756571648,1756571651,1183,0,0
1756553490_1..N02X061,069150_1..N02X061,1,0,1756553490,01 1131+ DYK/242,1756568615,1756568618,724,0,0
1756553520_4..N06R,069200_4..N06R,4,0,1756553520,04 1132  UTI/WDL,1756572278,1756572281,1700,0,0
1756553550_4..S06R,069250_4..S06R,4,1,1756553550,04 1132+ WDL/UTI,1756571990,1756571993,1623,0,0
1756553580_7..S,069300_7..S,7,1,1756553580,07 1133 MST/34H,1756570283,1756570286,1141,0,0
1756553640_GS.S01R,069400_GS.S01R,GS,1,1756553640,0S 1134  TSS/GCS,1756568114,1756568120,550,0,0
1756553700_1..N12R,069500_1..N12R,1,0,1756553700,01 1135  SFT/137,1756570511,1756570514,1148,0,0
1756553700_6..N01X007,069500_6..N01X007,6,0,1756553700,06 1135  BBR/PEL,1756571696,1756571700,1465,0,0
1756553700_GS.N04R,069500_GS.N04R,GS,0,1756553700,0S 1135  GCS/TSS,1756568174,1756568180,505,0,0
1756553760_2..S01R,069600_2..S01R,2,1,1756553760,02 1136  241/FLA,1756573958,1756573961,1812,0,0
1756553790_7..N,069650_7..N,7,0,1756553790,07 1136+ 34H/MST,1756570409,1756570415,1128,0,0
1756553820_3..N01R,069700_3..N01R,3,0,1756553820,03 1137  NLT/148,1756572266,1756572270,1617,0,0
1756553850_2..N01R,069750_2..N01R,2,0,1756553850,02 1137+ FLA/241,1756573976,1756573980,1816,0,0
1756553880_1..S12R,069800_1..S12R,1,1,1756553880,01 1138  137/SFT,1756570655,1756570658,1186,0,0
1756553940_7..S,069900_7..S,7,1,1756553940,07 1139 MST/34H,1756570649,1756570655,1154,0,0
1756553940_GS.S04R,069900_GS.S04R,GS,1,1756553940,0S 1139  TSS/GCS,1756568456,1756568459,580,0,0
1756553970_3..S01R,069950_3..S01R,3,1,1756553970,03 1139+ 148/NLT,1756572536,1756572540,1609,0,0
1756554000_1..S02X060,070000_1..S02X060,1,0,1756554000,$1 1140  242/DYK,1756571160,1756571165,1242,0,0
1756554000_4..N06R,070000_4..N06R,4,0,1756554000,04 1140  UTI/WDL,1756572566,1756572570,1617,0,0
1756554000_GS.N01R,070000_GS.N01R,GS,0,1756554000,0S 1140  GCS/TSS,1756568474,1756568480,523,0,0
1756554030_4..S06R,070050_4..S06R,4,1,1756554030,04 1140+ WDL/UTI,1756572296,1756572300,1545,0,0
1756554150_5..S08R,070250_5..S08R,5,1,1756554150,05 1142+ DYR/BWG,1756572150,1756572155,1506,0,0
1756554150_7..N,070250_7..N,7,0,1756554150,07 1142+ 34H/MST,1756570826,1756570830,1121,0,0
1756554180_1..N12R,070300_1..N12R,1,0,1756554180,01 1143  SFT/137,1756570913,1756570916,1176,0,0
1756554180_6..N01X007,070300_6..N01X007,6,0,1756554180,06 1143  BBR/PEL,1756572188,1756572191,1516,0,0
1756554180_6..S01R,070300_6..S01R,6,1,1756554180,06 1143  PEL/BBR,1756572713,1756572716,1656,0,0
1756554210_1..N02X061,070350_1..N02X061,1,0,1756554210,01 1143+ DYK/242,1756571715,1756571720,1365,0,0
1756554240_GS.S01R,070400_GS.S01R,GS,1,1756554240,0S 1144  TSS/GCS,1756568714,1756568720,586,0,0
1756554300_2..S01R,070500_2..S01R,2,1,1756554300,02 1145  241/FLA,1756574231,1756574235,1731,0,0
1756554300_7..S,070500_7..S,7,1,1756554300,07 1145 MST/34H,1756570913,1756570916,1144,0,0
1756554300_GS.N04R,070500_GS.N04R,GS,0,1756554300,0S 1145  GCS/TSS,1756568759,1756568765,505,0,0
1756554360_1..S12R,070600_1..S12R,1,1,1756554360,01 1146  137/SFT,1756571135,1756571138,1155,0,0
1756554360_3..N01R,070600_3..N01R,3,0,1756554360,03 1146  NLT/148,1756572825,1756572830,1606,0,0
1756554450_2..N01R,070750_2..N01R,2,0,1756554450,02 1147+ FLA/241,1756574378,1756574381,1841,0,0
1756554480_4..N06R,070800_4..N06R,4,0,1756554480,04 1148  UTI/WDL,1756573076,1756573080,1675,0,0
1756554510_4..S06R,070850_4..S06R,4,1,1756554510,04 1148+ WDL/UTI,1756573065,1756573070,1672,0,0
1756554510_7..N,070850_7..N,7,0,1756554510,07 1148+ 34H/MST,1756571205,1756571210,1100,0,0
1756554540_5..N75R,070900_5..N75R,5,0,1756554540,05 1149  BWG/DYR,1756572848,1756572851,1612,0,0
1756554540_GS.S04R,070900_GS.S04R,GS,1,1756554540,0S 1149  TSS/GCS,1756569029,1756569035,577,0,0
1756554600_GS.N01R,071000_GS.N01R,GS,0,1756554600,0S 1150  GCS/TSS,1756569074,1756569080,526,0,0
1756554660_1..N12R,071100_1..N12R,1,0,1756554660,01 1151  SFT/137,1756571430,1756571435,1153,0,0
1756554660_6..N01X007,071100_6..N01X007,6,0,1756554660,06 1151  BBR/PEL,1756572656,1756572660,1480,0,0
1756554660_6..S01R,071100_6..S01R,6,1,1756554660,06 1151  PEL/BBR,1756572855,1756572860,1533,0,0
1756554660_7..S,071100_7..S,7,1,1756554660,07 1151 MST/34H,1756571300,1756571303,1125,0,0
1756554720_1..S02X060,071200_1..S02X060,1,1,1756554720,$1 1152  242/DYK,1756571018,1756571021,1043,0,0
1756554720_3..S01R,071200_3..S01R,3,1,1756554720,03 1152  148/NLT,1756573035,1756573040,1583,0,0
1756554780_2..S01R,071300_2..S01R,2,1,1756554780,02 1153  241/FLA,1756574789,1756574795,1805,0,0
1756554840_1..S12R,071400_1..S12R,1,1,1756554840,01 1154  137/SFT,1756571675,1756571678,1218,0,0
1756554840_GS.S01R,071400_GS.S01R,GS,1,1756554840,0S 1154  TSS/GCS,1756569329,1756569335,594,0,0
1756554870_7..N,071450_7..N,7,0,1756554870,07 1154+ 34H/MST,1756571438,1756571441,1102,0,0
1756554900_GS.N04R,071500_GS.N04R,GS,0,1756554900,0S 1155  GCS/TSS,1756569371,1756569374,526,0,0
1756554960_4..N06R,071600_4..N06R,4,0,1756554960,04 1156  UTI/WDL,1756573946,1756573950,1747,0,0
1756554990_4..S06R,071650_4..S06R,4,1,1756554990,04 1156+ WDL/UTI,1756573358,1756573361,1590,0,0
1756555020_7..S,071700_7..S,7,1,1756555020,07 1157 MST/34H,1756571670,1756571675,1084,0,0
1756555050_2..N01R,071750_2..N01R,2,0,1756555050,02 1157+ FLA/241,1756574678,1756574681,1919,0,0
1756555140_1..N12R,071900_1..N12R,1,0,1756555140,01 1159  SFT/137,1756571850,1756571855,1186,0,0
1756555140_3..N01R,071900_3..N01R,3,0,1756555140,03 1159  NLT/148,1756573418,1756573421,1606,0,0
1756555140_6..N,071900_6..N,6,0,1756555140,/6 1159  BBR/PEL,1756573271,1756573275,796,0,0
1756555140_6..N01X007,071900_6..N01X007,6,0,1756555140,/6 1159  BBR/PEL,1756570175,1756570178,738,0,0
1756555140_6..S01R,071900_6..S01R,6,1,1756555140,06 1159  PEL/BBR,1756573211,1756573215,1551,0,0
1756555140_GS.S04R,071900_GS.S04R,GS,1,1756555140,0S 1159  TSS/GCS,1756569614,1756569620,591,0,0
1756555200_2..S01R,072000_2..S01R,2,1,1756555200,02 1200  241/FLA,1756575659,1756575665,1884,0,0
1756555200_GS.N01R,072000_GS.N01R,GS,0,1756555200,0S 1200  GCS/TSS,1756569668,1756569671,525,0,0
1756555230_7..N,072050_7..N,7,0,1756555230,07 1200+ 34H/MST,1756571790,1756571795,1116,0,0
1756555320_1..S12R,072200_1..S12R,1,1,1756555320,01 1202  137/SFT,1756572086,1756572090,1169,0,0
1756555350_5..S08R,072250_5..S08R,5,1,1756555350,05 1202+ DYR/BWG,1756573320,1756573325,1500,0,0
1756555380_7..S,072300_7..S,7,1,1756555380,07 1203 MST/34H,1756571990,1756571993,1131,0,0
1756555440_4..N06R,072400_4..N06R,4,0,1756555440,04 1204  UTI/WDL,1756574066,1756574070,1699,0,0
1756555440_GS.S01R,072400_GS.S01R,GS,1,1756555440,0S 1204  TSS/GCS,1756569899,1756569905,587,0,0
1756555470_4..S06R,072450_4..S06R,4,1,1756555470,04 1204+ WDL/UTI,1756573733,1756573736,1530,0,0
1756555500_GS.N04R,072500_GS.N04R,GS,0,1756555500,0S 1205  GCS/TSS,1756569980,1756569983,528,0,0
1756555590_7..N,072650_7..N,7,0,1756555590,07 1206+ 34H/MST,1756572341,1756572345,1149,0,0
1756555620_1..N12R,072700_1..N12R,1,0,1756555620,01 1207  SFT/137,1756572353,1756572356,1160,0,0
1756555620_3..N01R,072700_3..N01R,3,0,1756555620,03 1207  NLT/148,1756574145,1756574150,1640,0,0
1756555620_3..S01R,072700_3..S01R,3,1,1756555620,03 1207  148/NLT,1756573916,1756573920,1536,0,0
1756555620_6..N01X007,072700_6..N01X007,6,0,1756555620,06 1207  BBR/PEL,1756573886,1756573890,1571,0,0
1756555620_6..S01R,072700_6..S01R,6,1,1756555620,06 1207  PEL/BBR,1756574100,1756574105,1628,0,0
1756555650_2..N01R,072750_2..N01R,2,0,1756555650,02 1207+ FLA/241,1756575794,1756575800,2217,0,0
1756555740_2..S01R,072900_2..S01R,2,1,1756555740,02 1209  241/FLA,1756576070,1756576073,1912,0,0
1756555740_5..N75R,072900_5..N75R,5,0,1756555740,05 1209  BWG/DYR,1756573905,1756573910,1564,0,0
1756555740_7..S,072900_7..S,7,1,1756555740,07 1209 MST/34H,1756572563,1756572566,1188,0,0
1756555740_GS.S04R,072900_GS.S04R,GS,1,1756555740,0S 1209  TSS/GCS,1756570211,1756570214,588,0,0
1756555800_1..S12R,073000_1..S12R,1,1,1756555800,01 1210  137/SFT,1756572638,1756572641,1157,0,0
1756555800_GS.N01R,073000_GS.N01R,GS,0,1756555800,0S 1210  GCS/TSS,1756570298,1756570301,532,0,0
1756555920_4..N06R,073200_4..N06R,4,0,1756555920,04 1212  UTI/WDL,1756574558,1756574561,1671,0,0
1756555950_4..S06R,073250_4..S06R,4,1,1756555950,04 1212+ WDL/UTI,1756574135,1756574138,1558,0,0
1756555950_7..N,073250_7..N,7,0,1756555950,07 1212+ 34H/MST,1756572560,1756572563,1108,0,0
1756556040_GS.S01R,073400_GS.S01R,GS,1,1756556040,0S 1214  TSS/GCS,1756570544,1756570550,598,0,0
1756556100_1..N12R,073500_1..N12R,1,0,1756556100,01 1215  SFT/137,1756572776,1756572780,1114,0,0
1756556100_6..S01R,073500_6..S01R,6,1,1756556100,/6 1215  PEL/BBR,1756574873,1756574876,1675,0,0
1756556100_7..S,073500_7..S,7,1,1756556100,07 1215 MST/34H,1756572998,1756573001,1227,0,0
1756556100_GS.N04R,073500_GS.N04R,GS,0,1756556100,0S 1215  GCS/TSS,1756570559,1756570565,522,0,0
1756556220_2..S01R,073700_2..S01R,2,1,1756556220,02 1217  241/FLA,1756576280,1756576283,1810,0,0
1756556220_3..N01R,073700_3..N01R,3,0,1756556220,03 1217  NLT/148,1756574738,1756574741,1639,0,0
1756556250_2..N01R,073750_2..N01R,2,0,1756556250,02 1217+ FLA/241,1756576346,1756576349,1828,0,0
1756556280_1..S12R,073800_1..S12R,1,1,1756556280,01 1218  137/SFT,1756573058,1756573061,1191,0,0
1756556310_7..N,073850_7..N,7,0,1756556310,07 1218+ 34H/MST,1756573040,1756573043,1178,0,0
1756556340_6..N01X007,073900_6..N01X007,6,0,1756556340,06 1219  BBR/PEL,1756574385,1756574390,2064,0,0
1756556340_GS.S04R,073900_GS.S04R,GS,1,1756556340,0S 1219  TSS/GCS,1756570820,1756570823,591,0,0
1756556400_4..N06R,074000_4..N06R,4,0,1756556400,04 1220  UTI/WDL,1756574858,1756574861,1591,0,0
1756556400_GS.N01R,074000_GS.N01R,GS,0,1756556400,0S 1220  GCS/TSS,1756570871,1756570875,522,0,0
1756556430_4..S06R,074050_4..S06R,4,1,1756556430,04 1220+ WDL/UTI,1756574609,1756574615,1525,0,0
1756556460_7..S,074100_7..S,7,1,1756556460,07 1221 MST/34H,1756573065,1756573070,1123,0,0
1756556550_5..S08R,074250_5..S08R,5,1,1756556550,05 1222+ DYR/BWG,1756574145,1756574150,1401,0,0
1756556580_1..N12R,074300_1..N12R,1,0,1756556580,01 1223  SFT/137,1756573343,1756573346,1187,0,0
1756556580_3..S01R,074300_3..S01R,3,1,1756556580,03 1223  148/NLT,1756575038,1756575041,1639,0,0
1756556580_6..S01R,074300_6..S01R,6,1,1756556580,06 1223  PEL/BBR,1756575029,1756575035,1637,0,0
1756556640_2..S01R,074400_2..S01R,2,1,1756556640,02 1224  241/FLA,1756576496,1756576499,1788,0,0
1756556640_GS.S01R,074400_GS.S01R,GS,1,1756556640,0S 1224  TSS/GCS,1756571120,1756571123,571,0,0
1756556670_7..N,074450_7..N,7,0,1756556670,07 1224+ 34H/MST,1756573410,1756573415,1135,0,0
1756556700_1..N03R,074500_1..N03R,1,0,1756556700,E1 1225  215/242,1756571726,1756571730,189,0,0
1756556700_GS.N04R,074500_GS.N04R,GS,0,1756556700,0S 1225  GCS/TSS,1756571171,1756571175,502,0,0
1756556730_2..N01R,074550_2..N01R,2,0,1756556730,02 1225+ FLA/241,1756576556,1756576559,1724,0,0
1756556760_1..S12R,074600_1..S12R,1,1,1756556760,01 1226  137/SFT,1756573538,1756573541,1159,0,0
1756556760_3..N01R,074600_3..N01R,3,0,1756556760,03 1226  NLT/148,1756570379,1756570385,314,0,0
1756556820_7..S,074700_7..S,7,1,1756556820,07 1227 MST/34H,1756573691,1756573695,1210,0,0
1756556880_1..S02X060,074800_1..S02X060,1,1,1756556880,01 1228  242/DYK,1756572315,1756572320,831,0,0
1756556880_4..N06R,074800_4..N06R,4,0,1756556880,04 1228  UTI/WDL,1756575371,1756575374,1648,0,0
1756556910_4..S06R,074850_4..S06R,4,1,1756556910,04 1228+ WDL/UTI,1756575338,1756575341,1639,0,0
1756556940_5..N75R,074900_5..N75R,5,0,1756556940,05 1229  BWG/DYR,1756575098,1756575101,1575,0,0
1756556940_GS.S04R,074900_GS.S04R,GS,1,1756556940,0S 1229  TSS/GCS,1756571426,1756571430,553,0,0
1756557000_GS.N01R,075000_GS.N01R,GS,0,1756557000,0S 1230  GCS/TSS,1756571483,1756571486,484,0,0
1756557030_7..N,075050_7..N,7,0,1756557030,07 1230+ 34H/MST,1756573718,1756573721,1137,0,0
1756557060_1..N12R,075100_1..N12R,1,0,1756557060,01 1231  SFT/137,1756573841,1756573845,1160,0,0
1756557060_6..N01X007,075100_6..N01X007,6,0,1756557060,06 1231  BBR/PEL,1756574978,1756574981,1463,0,0
1756557060_6..S01R,075100_6..S01R,6,1,1756557060,06 1231  PEL/BBR,1756575314,1756575320,1553,0,0
1756557120_3..N01R,075200_3..N01R,3,0,1756557120,03 1232  NLT/148,1756575890,1756575893,1472,0,0
1756557120_3..S01R,075200_3..S01R,3,1,1756557120,03 1232  148/NLT,1756575590,1756575593,1626,0,0
1756557180_2..S01R,075300_2..S01R,2,1,1756557180,02 1233  241/FLA,1756577015,1756577018,1765,0,0
1756557180_7..S,075300_7..S,7,1,1756557180,07 1233 MST/34H,1756573890,1756573895,1143,0,0
1756557210_2..N01R,075350_2..N01R,2,0,1756557210,02 1233+ FLA/241,1756577165,1756577168,1805,0,0
1756557240_1..S12R,075400_1..S12R,1,1,1756557240,01 1234  137/SFT,1756574078,1756574081,1223,0,0
1756557240_GS.S01R,075400_GS.S01R,GS,1,1756557240,0S 1234  TSS/GCS,1756571720,1756571723,531,0,0
1756557300_GS.N04R,075500_GS.N04R,GS,0,1756557300,0S 1235  GCS/TSS,1756571771,1756571775,462,0,0
1756557360_4..N06R,075600_4..N06R,4,0,1756557360,04 1236  UTI/WDL,1756575959,1756575965,1635,0,0
1756557390_4..S06R,075650_4..S06R,4,1,1756557390,04 1236+ WDL/UTI,1756575674,1756575680,1569,0,0
1756557390_7..N,075650_7..N,7,0,1756557390,07 1236+ 34H/MST,1756573940,1756573943,1103,0,0
1756557540_1..N12R,075900_1..N12R,1,0,1756557540,01 1239  SFT/137,1756574336,1756574340,1212,0,0
1756557540_6..S01R,075900_6..S01R,6,1,1756557540,06 1239  PEL/BBR,1756575629,1756575635,1557,0,0
1756557540_7..S,075900_7..S,7,1,1756557540,07 1239 MST/34H,1756574115,1756574120,1138,0,0
1756557540_GS.S04R,075900_GS.S04R,GS,1,1756557540,0S 1239  TSS/GCS,1756572020,1756572023,511,0,0
1756557600_1..S02X060,076000_1..S02X060,1,1,1756557600,01 1240  242/DYK,1756572795,1756572800,721,0,0
1756557600_GS.N01R,076000_GS.N01R,GS,0,1756557600,0S 1240  GCS/TSS,1756572095,1756572098,448,0,0
1756557660_2..S01R,076100_2..S01R,2,1,1756557660,02 1241  241/FLA,1756577864,1756577870,1834,0,0
1756557660_3..S01R,076100_3..S01R,3,1,1756557660,03 1241  148/NLT,1756576079,1756576085,1599,0,0
1756557690_2..N01R,076150_2..N01R,2,0,1756557690,02 1241+ FLA/241,1756577714,1756577720,1794,0,0
1756557720_1..S12R,076200_1..S12R,1,1,1756557720,01 1242  137/SFT,1756574498,1756574501,1177,0,0
1756557750_5..S08R,076250_5..S08R,5,1,1756557750,05 1242+ DYR/BWG,1756575374,1756575380,1411,0,0
1756557750_7..N,076250_7..N,7,0,1756557750,07 1242+ 34H/MST,1756574411,1756574414,1104,0,0
1756557780_6..N01X007,076300_6..N01X007,6,0,1756557780,06 1243  BBR/PEL,1756575701,1756575704,2085,0,0
1756557810_1..N02X061,076350_1..N02X061,1,0,1756557810,01 1243+ DYK/242,1756573215,1756573220,807,0,0
1756557840_GS.S01R,076400_GS.S01R,GS,1,1756557840,0S 1244  TSS/GCS,1756572311,1756572315,492,0,0
1756557870_4..S06R,076450_4..S06R,4,1,1756557870,04 1244+ WDL/UTI,1756575980,1756575983,1492,0,0
1756557900_7..S,076500_7..S,7,1,1756557900,07 1245 MST/34H,1756574355,1756574360,1089,0,0
1756557900_GS.N04R,076500_GS.N04R,GS,0,1756557900,0S 1245  GCS/TSS,1756572401,1756572405,430,0,0
1756558020_1..N12R,076700_1..N12R,1,0,1756558020,01 1247  SFT/137,1756574918,1756574921,1209,0,0
1756558020_3..N01R,076700_3..N01R,3,0,1756558020,03 1247  NLT/148,1756576385,1756576388,1600,0,0
1756558020_6..S,076700_6..S,6,1,1756558020,06 1247  PEL/BBR,1756576730,1756576733,354,0,0
1756558020_6..S01R,076700_6..S01R,6,1,1756558020,06 1247  PEL/BBR,1756575146,1756575149,1270,0,0
1756558080_2..S01R,076800_2..S01R,2,1,1756558080,02 1248  241/FLA,1756578185,1756578186,1839,0,0
1756558080_4..N06R,076800_4..N06R,4,0,1756558080,04 1248  UTI/WDL,1756576544,1756576550,1832,0,0
1756558110_7..N,076850_7..N,7,0,1756558110,07 1248+ 34H/MST,1756574603,1756574606,1121,0,0
1756558140_5..N75R,076900_5..N75R,5,0,1756558140,05 1249  BWG/DYR,1756576181,1756576184,1546,0,0
1756558140_GS.S04R,076900_GS.S04R,GS,1,1756558140,0S 1249  TSS/GCS,1756572626,1756572630,475,0,0
1756558170_2..N01R,076950_2..N01R,2,0,1756558170,02 1249+ FLA/241,1756578275,1756578276,1783,0,0
1756558200_1..S12R,077000_1..S12R,1,1,1756558200,01 1250  137/SFT,1756574978,1756574981,1145,0,0
1756558200_3..S01R,077000_3..S01R,3,1,1756558200,03 1250  148/NLT,1756576655,1756576658,1593,0,0
1756558200_GS.N01R,077000_GS.N01R,GS,0,1756558200,0S 1250  GCS/TSS,1756572683,1756572686,406,0,0
1756558260_7..S,077100_7..S,7,1,1756558260,07 1251 MST/34H,1756574951,1756574954,1150,0,0
1756558320_1..S02X060,077200_1..S02X060,1,1,1756558320,01 1252  242/DYK,1756573395,1756573400,723,0,0
1756558350_4..S06R,077250_4..S06R,4,1,1756558350,04 1252+ WDL/UTI,1756576784,1756576790,1628,0,0
1756558440_GS.S01R,077400_GS.S01R,GS,1,1756558440,0S 1254  TSS/GCS,1756572926,1756572930,457,0,0
1756558470_7..N,077450_7..N,7,0,1756558470,07 1254+ 34H/MST,1756575341,1756575344,1206,0,0
1756558500_1..N12R,077500_1..N12R,1,0,1756558500,01 1255  SFT/137,1756575329,1756575335,1158,0,0
1756558500_6..N01X007,077500_6..N01X007,6,0,1756558500,06 1255  BBR/PEL,1756576475,1756576478,1463,0,0
1756558500_6..S01R,077500_6..S01R,6,1,1756558500,06 1255  PEL/BBR,1756576916,1756576919,1582,0,0
1756558500_GS.N04R,077500_GS.N04R,GS,0,1756558500,0S 1255  GCS/TSS,1756572983,1756572986,400,0,0
1756558530_1..N02X061,077550_1..N02X061,1,0,1756558530,01 1255+ DYK/242,1756573568,1756573571,688,0,0
1756558560_3..N01R,077600_3..N01R,3,0,1756558560,03 1256  NLT/148,1756576805,1756576808,1552,0,0
1756558620_2..S01R,077700_2..S01R,2,1,1756558620,02 1257  241/FLA,1756578464,1756578470,1766,0,0
1756558620_7..S,077700_7..S,7,1,1756558620,07 1257 MST/34H,1756575101,1756575104,1041,0,0
1756558650_2..N01R,077750_2..N01R,2,0,1756558650,02 1257+ FLA/241,1756578728,1756578731,1771,0,0
1756558680_1..S12R,077800_1..S12R,1,1,1756558680,01 1258  137/SFT,1756575470,1756575473,1195,0,0
1756558740_GS.S04R,077900_GS.S04R,GS,1,1756558740,0S 1259  TSS/GCS,1756573226,1756573230,449,0,0
1756558800_3..S01R,078000_3..S01R,3,1,1756558800,03 1300  148/NLT,1756577363,1756577366,1620,0,0
1756558800_4..N06R,078000_4..N06R,4,0,1756558800,04 1300  UTI/WDL,1756577435,1756577438,1639,0,0
1756558800_GS.N01R,078000_GS.N01R,GS,0,1756558800,0S 1300  GCS/TSS,1756573271,1756573275,398,0,0
1756558830_4..S06R,078050_4..S06R,4,1,1756558830,04 1300+ WDL/UTI,1756577129,1756577135,1558,0,0
1756558830_7..N,078050_7..N,7,0,1756558830,07 1300+ 34H/MST,1756575635,1756575638,1183,0,0
1756558950_5..S08R,078250_5..S08R,5,1,1756558950,05 1302+ DYR/BWG,1756576826,1756576829,1478,0,0
1756558980_1..N12R,078300_1..N12R,1,0,1756558980,01 1303  SFT/137,1756575770,1756575773,1195,0,0
1756558980_6..N01X007,078300_6..N01X007,6,0,1756558980,06 1303  BBR/PEL,1756576976,1756576979,1518,0,0
1756558980_6..S01R,078300_6..S01R,6,1,1756558980,06 1303  PEL/BBR,1756577075,1756577078,1543,0,0
1756558980_7..S,078300_7..S,7,1,1756558980,07 1303 MST/34H,1756575644,1756575650,1161,0,0
1756559040_1..S02X060,078400_1..S02X060,1,0,1756559040,$1 1304  242/DYK,1756575395,1756575398,1095,0,0
1756559040_GS.S01R,078400_GS.S01R,GS,1,1756559040,0S 1304  TSS/GCS,1756573511,1756573515,446,0,0
1756559100_2..S01R,078500_2..S01R,2,1,1756559100,02 1305  241/FLA,1756574198,1756574201,383,0,0
1756559100_GS.N04R,078500_GS.N04R,GS,0,1756559100,0S 1305  GCS/TSS,1756573556,1756573560,395,0,0
1756559130_2..N01R,078550_2..N01R,2,0,1756559130,02 1305+ FLA/241,1756579454,1756579460,1793,0,0
1756559160_1..S12R,078600_1..S12R,1,0,1756559160,01 1306  137/SFT,1756575896,1756575899,1149,0,0
1756559160_3..N01R,078600_3..N01R,3,0,1756559160,03 1306  NLT/148,1756577435,1756577438,1559,0,0
1756559190_7..N,078650_7..N,7,0,1756559190,07 1306+ 34H/MST,1756575881,1756575884,1125,0,0
1756559250_1..N02X061,078750_1..N02X061,1,0,1756559250,01 1307+ DYK/242,1756576694,1756576700,1363,0,0
1756559280_4..N06R,078800_4..N06R,4,0,1756559280,04 1308  UTI/WDL,1756577906,1756577909,1685,0,0
1756559310_4..S06R,078850_4..S06R,4,1,1756559310,04 1308+ WDL/UTI,1756577561,1756577564,1593,0,0
1756559340_2..S01R,078900_2..S01R,2,1,1756559340,02 1309  241/FLA,1756579619,1756579625,1619,0,0
1756559340_5..N75R,078900_5..N75R,5,0,1756559340,05 1309  BWG/DYR,1756577315,1756577318,1527,0,0
1756559340_7..S,078900_7..S,7,1,1756559340,07 1309 MST/34H,1756576013,1756576016,1160,0,0
1756559340_GS.S04R,078900_GS.S04R,GS,1,1756559340,0S 1309  TSS/GCS,1756573826,1756573830,449,0,0
1756559400_GS.N01R,079000_GS.N01R,GS,0,1756559400,0S 1310  GCS/TSS,1756573880,1756573883,399,0,0
1756559460_1..N12R,079100_1..N12R,1,0,1756559460,01 1311  SFT/137,1756576199,1756576205,1150,0,0
1756559460_6..N01X007,079100_6..N01X007,6,0,1756559460,06 1311  BBR/PEL,1756577366,1756577369,1461,0,0
1756559460_6..S01R,079100_6..S01R,6,1,1756559460,06 1311  PEL/BBR,1756577435,1756577438,1479,0,0
1756559520_3..S01R,079200_3..S01R,3,1,1756559520,03 1312  148/NLT,1756577945,1756577948,1615,0,0
1756559550_7..N,079250_7..N,7,0,1756559550,07 1312+ 34H/MST,1756576289,1756576295,1149,0,0
1756559640_1..S12R,079400_1..S12R,1,1,1756559640,01 1314  137/SFT,1756576475,1756576478,1223,0,0
1756559640_GS.S01R,079400_GS.S01R,GS,1,1756559640,0S 1314  TSS/GCS,1756574111,1756574115,446,0,0
1756559700_3..N01R,079500_3..N01R,3,0,1756559700,03 1315  NLT/148,1756577996,1756577999,1549,0,0
1756559700_7..S,079500_7..S,7,1,1756559700,07 1315 MST/34H,1756576421,1756576424,1104,0,0
1756559700_GS.N04R,079500_GS.N04R,GS,0,1756559700,0S 1315  GCS/TSS,1756574168,1756574171,397,0,0
1756559730_2..N01R,079550_2..N01R,2,0,1756559730,02 1315+ FLA/241,1756579868,1756579871,1736,0,0
1756559760_1..S02X060,079600_1..S02X060,1,0,1756559760,$1 1316  242/DYK,1756576085,1756576088,1039,0,0
1756559760_4..N06R,079600_4..N06R,4,0,1756559760,04 1316  UTI/WDL,1756578194,1756578200,1614,0,0
1756559790_4..S06R,079650_4..S06R,4,1,1756559790,04 1316+ WDL/UTI,1756578276,1756578278,1640,0,0
1756559910_7..N,079850_7..N,7,0,1756559910,07 1318+ 34H/MST,1756576589,1756576595,1150,0,0
1756559940_1..N12R,079900_1..N12R,1,0,1756559940,01 1319  SFT/137,1756576769,1756576775,1223,0,0
1756559940_6..N01X007,079900_6..N01X007,6,0,1756559940,06 1319  BBR/PEL,1756578036,1756578038,1561,0,0
1756559940_6..S01R,079900_6..S01R,6,1,1756559940,06 1319  PEL/BBR,1756578263,1756578266,1636,0,0
1756559940_GS.S04R,079900_GS.S04R,GS,1,1756559940,0S 1319  TSS/GCS,1756574429,1756574435,451,0,0
1756560000_GS.N01R,080000_GS.N01R,GS,0,1756560000,0S 1320  GCS/TSS,1756574498,1756574501,409,0,0
1756560060_2..S01R,080100_2..S01R,2,1,1756560060,02 1321  241/FLA,1756580138,1756580141,1913,0,0
1756560060_7..S,080100_7..S,7,1,1756560060,07 1321 MST/34H,1756576688,1756576691,1104,0,0
1756560090_3..S01R,080150_3..S01R,3,1,1756560090,03 1321+ 148/NLT,1756578566,1756578569,1656,0,0
1756560120_1..S12R,080200_1..S12R,1,1,1756560120,01 1322  137/SFT,1756576895,1756576898,1176,0,0
1756560150_5..S08R,080250_5..S08R,5,1,1756560150,05 1322+ DYR/BWG,1756578261,1756578263,1555,0,0
1756560240_4..N06R,080400_4..N06R,4,0,1756560240,04 1324  UTI/WDL,1756578839,1756578845,1746,0,0
1756560240_GS.S01R,080400_GS.S01R,GS,1,1756560240,0S 1324  TSS/GCS,1756574714,1756574720,467,0,0
1756560270_4..S06R,080450_4..S06R,4,1,1756560270,04 1324+ WDL/UTI,1756578623,1756578626,1595,0,0
1756560270_7..N,080450_7..N,7,0,1756560270,07 1324+ 34H/MST,1756576814,1756576820,1057,0,0
1756560300_GS.N04R,080500_GS.N04R,GS,0,1756560300,0S 1325  GCS/TSS,1756574774,1756574780,423,0,0
1756560330_2..N01R,080550_2..N01R,2,0,1756560330,02 1325+ FLA/241,1756580399,1756580405,1878,0,0
1756560420_1..N12R,080700_1..N12R,1,0,1756560420,01 1327  SFT/137,1756577165,1756577168,1167,0,0
1756560420_3..N01R,080700_3..N01R,3,0,1756560420,03 1327  NLT/148,1756578938,1756578941,1698,0,0
1756560420_6..N01X007,080700_6..N01X007,6,0,1756560420,06 1327  BBR/PEL,1756578884,1756578890,1629,0,0
1756560420_7..S,080700_7..S,7,1,1756560420,07 1327 MST/34H,1756577213,1756577216,1161,0,0
1756560540_2..S01R,080900_2..S01R,2,1,1756560540,02 1329  241/FLA,1756580330,1756580331,1903,0,0
1756560540_5..N75R,080900_5..N75R,5,0,1756560540,05 1329  BWG/DYR,1756578458,1756578461,1540,0,0
1756560540_GS.S04R,080900_GS.S04R,GS,1,1756560540,0S 1329  TSS/GCS,1756575029,1756575035,491,0,0
1756560600_1..S12R,081000_1..S12R,1,1,1756560600,01 1330  137/SFT,1756577396,1756577399,1147,0,0
1756560600_GS.N01R,081000_GS.N01R,GS,0,1756560600,0S 1330  GCS/TSS,1756575119,1756575125,453,0,0
1756560630_7..N,081050_7..N,7,0,1756560630,07 1330+ 34H/MST,1756577060,1756577063,1082,0,0
1756560660_3..S01R,081100_3..S01R,3,1,1756560660,03 1331  148/NLT,1756579058,1756579061,1655,0,0
1756560660_6..S01R,081100_6..S01R,6,1,1756560660,06 1331  PEL/BBR,1756579334,1756579340,1592,0,0
1756560720_4..N06R,081200_4..N06R,4,0,1756560720,04 1332  UTI/WDL,1756579469,1756579475,1789,0,0
1756560720_7..S,081200_7..S,7,1,1756560720,07 1332 MST/34H,1756577354,1756577360,1151,0,0
1756560750_4..S06R,081250_4..S06R,4,1,1756560750,04 1332+ WDL/UTI,1756579031,1756579034,1646,0,0
1756560840_GS.S01R,081400_GS.S01R,GS,1,1756560840,0S 1334  TSS/GCS,1756575311,1756575314,504,0,0
1756560900_1..N12R,081500_1..N12R,1,0,1756560900,01 1335  SFT/137,1756577711,1756577714,1151,0,0
1756560900_6..N01X007,081500_6..N01X007,6,0,1756560900,06 1335  BBR/PEL,1756579088,1756579091,1585,0,0
1756560900_GS.N04R,081500_GS.N04R,GS,0,1756560900,0S 1335  GCS/TSS,1756575371,1756575374,460,0,0
1756560930_2..N01R,081550_2..N01R,2,0,1756560930,02 1335+ FLA/241,1756580951,1756580954,2024,0,0
1756560960_2..S01R,081600_2..S01R,2,1,1756560960,02 1336  241/FLA,1756581050,1756581051,1972,0,0
1756560990_7..N,081650_7..N,7,0,1756560990,07 1336+ 34H/MST,1756577693,1756577696,1154,0,0
1756561020_7..S,081700_7..S,7,1,1756561020,07 1337 MST/34H,1756577609,1756577615,1132,0,0
1756561080_1..S12R,081800_1..S12R,1,1,1756561080,01 1338  137/SFT,1756577855,1756577858,1189,0,0
1756561140_GS.S04R,081900_GS.S04R,GS,1,1756561140,0S 1339  TSS/GCS,1756575620,1756575623,526,0,0
1756561200_1..N03R,082000_1..N03R,1,0,1756561200,$1 1340  215/242,1756576814,1756576820,46,0,0
1756561200_1..S02X060,082000_1..S02X060,1,0,1756561200,$1 1340  242/DYK,1756576640,1756576643,786,0,0
1756561200_4..N06R,082000_4..N06R,4,0,1756561200,04 1340  UTI/WDL,1756579658,1756579661,1692,0,0
1756561200_GS.N01R,082000_GS.N01R,GS,0,1756561200,0S 1340  GCS/TSS,1756575689,1756575695,485,0,0
1756561230_4..S06R,082050_4..S06R,4,1,1756561230,04 1340+ WDL/UTI,1756579754,1756579760,1723,0,0
1756561260_3..N01R,082100_3..N01R,3,0,1756561260,03 1341  NLT/148,1756579538,1756579541,1284,0,0
1756561320_3..S01R,082200_3..S01R,3,1,1756561320,03 1342  148/NLT,1756579964,1756579970,1747,0,0
1756561320_7..N,082200_7..N,7,0,1756561320,07 1342 34H/MST,1756577936,1756577939,1132,0,0
1756561320_7..S,082200_7..S,7,1,1756561320,07 1342 MST/34H,1756577933,1756577936,1131,0,0
1756561350_5..S08R,082250_5..S08R,5,1,1756561350,05 1342+ DYR/BWG,1756579266,1756579268,1563,0,0
1756561380_1..N12R,082300_1..N12R,1,0,1756561380,01 1343  SFT/137,1756578038,1756578041,1160,0,0
1756561380_6..N01X007,082300_6..N01X007,6,0,1756561380,06 1343  BBR/PEL,1756579604,1756579610,1674,0,0
1756561380_6..S01R,082300_6..S01R,6,1,1756561380,06 1343  PEL/BBR,1756579928,1756579931,1780,0,0
1756561440_GS.S01R,082400_GS.S01R,GS,1,1756561440,0S 1344  TSS/GCS,1756575914,1756575920,544,0,0
1756561500_2..S01R,082500_2..S01R,2,1,1756561500,02 1345  241/FLA,1756581569,1756581575,1991,0,0
1756561500_GS.N04R,082500_GS.N04R,GS,0,1756561500,0S 1345  GCS/TSS,1756575938,1756575941,491,0,0
1756561530_2..N,082550_2..N,2,0,1756561530,/2 1345+ FLA/241,1756581569,1756581575,1345,0,0
1756561530_2..N01R,082550_2..N01R,2,0,1756561530,/2 1345+ FLA/241,1756576454,1756576460,629,0,0
1756561560_1..S12R,082600_1..S12R,1,1,1756561560,01 1346  137/SFT,1756578356,1756578359,1184,0,0
1756561620_7..N,082700_7..N,7,0,1756561620,07 1347 34H/MST,1756578218,1756578221,1154,0,0
1756561620_7..S,082700_7..S,7,1,1756561620,07 1347 MST/34H,1756578173,1756578176,1140,0,0
1756561680_4..N06R,082800_4..N06R,4,0,1756561680,04 1348  UTI/WDL,1756580339,1756580345,1834,0,0
1756561710_4..S06R,082850_4..S06R,4,1,1756561710,04 1348+ WDL/UTI,1756580069,1756580075,1745,0,0
1756561740_5..N75R,082900_5..N75R,5,0,1756561740,05 1349  BWG/DYR,1756579568,1756579571,1582,0,0
1756561740_GS.S04R,082900_GS.S04R,GS,1,1756561740,0S 1349  TSS/GCS,1756576199,1756576205,561,0,0
1756561800_GS.N01R,083000_GS.N01R,GS,0,1756561800,0S 1350  GCS/TSS,1756576271,1756576274,520,0,0
1756561860_1..N12R,083100_1..N12R,1,0,1756561860,01 1351  SFT/137,1756578561,1756578563,1172,0,0
1756561860_6..N01X007,083100_6..N01X007,6,0,1756561860,06 1351  BBR/PEL,1756580174,1756580180,1700,0,0
1756561860_6..S01R,083100_6..S01R,6,1,1756561860,06 1351  PEL/BBR,1756580106,1756580108,1677,0,0
1756561920_1..S02X060,083200_1..S02X060,1,1,1756561920,01 1352  242/DYK,1756577936,1756577939,971,0,0
1756561920_3..S01R,083200_3..S01R,3,1,1756561920,03 1352  148/NLT,1756580351,1756580354,1741,0,0
1756561920_7..N,083200_7..N,7,0,1756561920,07 1352 34H/MST,1756578614,1756578620,1174,0,0
1756561920_7..S,083200_7..S,7,1,1756561920,07 1352 MST/34H,1756578641,1756578644,1182,0,0
1756561980_2..S01R,083300_2..S01R,2,1,1756561980,02 1353  241/FLA,1756581839,1756581845,1988,0,0
1756562010_2..N01R,083350_2..N01R,2,0,1756562010,02 1353+ FLA/241,1756581839,1756581845,1885,0,0
1756562040_1..S12R,083400_1..S12R,1,1,1756562040,01 1354  137/SFT,1756578878,1756578881,1277,0,0
1756562040_GS.S01R,083400_GS.S01R,GS,1,1756562040,0S 1354  TSS/GCS,1756576493,1756576496,579,0,0
1756562100_3..N01R,083500_3..N01R,3,0,1756562100,03 1355  NLT/148,1756580579,1756580585,1753,0,0
1756562100_GS.N04R,083500_GS.N04R,GS,0,1756562100,0S 1355  GCS/TSS,1756576580,1756576583,529,0,0
1756562160_4..N06R,083600_4..N06R,4,0,1756562160,04 1356  UTI/WDL,1756580789,1756580795,1819,0,0
1756562190_4..S06R,083650_4..S06R,4,1,1756562190,04 1356+ WDL/UTI,1756580540,1756580541,1739,0,0
1756562220_7..N,083700_7..N,7,0,1756562220,07 1357 34H/MST,1756578965,1756578966,1222,0,0
1756562340_1..N12R,083900_1..N12R,1,0,1756562340,01 1359  SFT/137,1756579176,1756579178,1293,0,0
1756562340_6..N01X007,083900_6..N01X007,6,0,1756562340,06 1359  BBR/PEL,1756580411,1756580414,1656,0,0
1756562340_6..S01R,083900_6..S01R,6,1,1756562340,06 1359  PEL/BBR,1756581044,1756581050,1901,0,0
1756562340_GS.S04R,083900_GS.S04R,GS,1,1756562340,0S 1359  TSS/GCS,1756576814,1756576820,592,0,0
1756562370_7..S,083950_7..S,7,1,1756562370,07 1359+ MST/34H,1756579055,1756579056,1222,0,0
1756562400_2..S01R,084000_2..S01R,2,1,1756562400,02 1400  241/FLA,1756582799,1756582805,2027,0,0
1756562400_GS.N01R,084000_GS.N01R,GS,0,1756562400,0S 1400  GCS/TSS,1756576904,1756576910,536,0,0
1756562460_3..S01R,084100_3..S01R,3,1,1756562460,03 1401  148/NLT,1756580999,1756581005,1808,0,0
1756562490_2..N01R,084150_2..N01R,2,0,1756562490,02 1401+ FLA/241,1756582595,1756582599,1986,0,0
1756562520_1..S12R,084200_1..S12R,1,1,1756562520,01 1402  137/SFT,1756579328,1756579331,1262,0,0
1756562520_7..N,084200_7..N,7,0,1756562520,07 1402 34H/MST,1756579109,1756579115,1177,0,0
1756562550_5..S08R,084250_5..S08R,5,1,1756562550,05 1402+ DYR/BWG,1756580681,1756580684,1704,0,0
1756562640_1..S02X060,084400_1..S02X060,1,1,1756562640,01 1404  242/DYK,1756578749,1756578755,1074,0,0
1756562640_4..N06R,084400_4..N06R,4,0,1756562640,04 1404  UTI/WDL,1756581071,1756581074,1830,0,0
1756562640_GS.S01R,084400_GS.S01R,GS,1,1756562640,0S 1404  TSS/GCS,1756577144,1756577150,599,0,0
1756562670_4..S06R,084450_4..S06R,4,1,1756562670,04 1404+ WDL/UTI,1756580804,1756580810,1664,0,0
1756562700_GS.N04R,084500_GS.N04R,GS,0,1756562700,0S 1405  GCS/TSS,1756577174,1756577180,527,0,0
1756562820_1..N12R,084700_1..N12R,1,0,1756562820,01 1407  SFT/137,1756579604,1756579610,1274,0,0
1756562820_3..N01R,084700_3..N01R,3,0,1756562820,03 1407  NLT/148,1756581341,1756581344,1838,0,0
1756562820_6..N01X007,084700_6..N01X007,6,0,1756562820,06 1407  BBR/PEL,1756580789,1756580795,1659,0,0
1756562820_7..N,084700_7..N,7,0,1756562820,07 1407 34H/MST,1756579499,1756579505,1200,0,0
1756562820_7..S,084700_7..S,7,1,1756562820,07 1407 MST/34H,1756579716,1756579718,1272,0,0
1756562940_2..S01R,084900_2..S01R,2,1,1756562940,02 1409  241/FLA,1756583099,1756583105,2007,0,0
1756562940_5..N75R,084900_5..N75R,5,0,1756562940,05 1409  BWG/DYR,1756581011,1756581014,1731,0,0
1756562940_GS.S04R,084900_GS.S04R,GS,1,1756562940,0S 1409  TSS/GCS,1756577414,1756577420,591,0,0
1756562970_2..N01R,084950_2..N01R,2,0,1756562970,02 1409+ FLA/241,1756582919,1756582925,1891,0,0
1756563000_1..S12R,085000_1..S12R,1,1,1756563000,01 1410  137/SFT,1756579778,1756579781,1251,0,0
1756563000_GS.N01R,085000_GS.N01R,GS,0,1756563000,0S 1410  GCS/TSS,1756577510,1756577513,536,0,0
1756563060_6..S01R,085100_6..S01R,6,1,1756563060,06 1411  PEL/BBR,1756581269,1756581275,1396,0,0
1756563120_4..N06R,085200_4..N06R,4,0,1756563120,04 1412  UTI/WDL,1756581680,1756581684,1861,0,0
1756563120_7..N,085200_7..N,7,0,1756563120,07 1412 34H/MST,1756579919,1756579925,1260,0,0
1756563120_7..S,085200_7..S,7,1,1756563120,07 1412 MST/34H,1756579805,1756579806,1222,0,0
1756563150_4..S06R,085250_4..S06R,4,1,1756563150,04 1412+ WDL/UTI,1756581386,1756581389,1772,0,0
1756563240_GS.S01R,085400_GS.S01R,GS,1,1756563240,0S 1414  TSS/GCS,1756577714,1756577720,591,0,0
1756563300_1..N12R,085500_1..N12R,1,0,1756563300,01 1415  SFT/137,1756580069,1756580075,1265,0,0
1756563300_6..N01X007,085500_6..N01X007,6,0,1756563300,06 1415  BBR/PEL,1756581251,1756581254,1649,0,0
1756563300_GS.N04R,085500_GS.N04R,GS,0,1756563300,0S 1415  GCS/TSS,1756577759,1756577765,523,0,0
1756563330_3..S01R,085550_3..S01R,3,1,1756563330,03 1415+ 148/NLT,1756581641,1756581644,2139,0,0
1756563360_1..S02X060,085600_1..S02X060,1,1,1756563360,01 1416  242/DYK,1756580069,1756580075,1265,0,0
1756563360_3..N01R,085600_3..N01R,3,0,1756563360,03 1416  NLT/148,1756581881,1756581884,1835,0,0
1756563420_2..S01R,085700_2..S01R,2,1,1756563420,02 1417  241/FLA,1756583480,1756583484,1923,0,0
1756563420_7..N,085700_7..N,7,0,1756563420,07 1417 34H/MST,1756580204,1756580210,1311,0,0
1756563420_7..S,085700_7..S,7,1,1756563420,07 1417 MST/34H,1756580129,1756580132,1286,0,0
1756563450_2..N01R,085750_2..N01R,2,0,1756563450,02 1417+ FLA/241,1756583261,1756583264,1879,0,0
1756563480_1..S12R,085800_1..S12R,1,1,1756563480,01 1418  137/SFT,1756580361,1756580363,1361,0,0
1756563540_GS.S04R,085900_GS.S04R,GS,1,1756563540,0S 1419  TSS/GCS,1756578023,1756578026,592,0,0
1756563570_1..N02X061,085950_1..N02X061,1,0,1756563570,01 1419+ DYK/242,1756578794,1756578800,769,0,0
1756563600_4..N06R,086000_4..N06R,4,0,1756563600,04 1420  UTI/WDL,1756582049,1756582055,1800,0,0
1756563600_GS.N01R,086000_GS.N01R,GS,0,1756563600,0S 1420  GCS/TSS,1756578095,1756578096,532,0,0
1756563630_4..S06R,086050_4..S06R,4,1,1756563630,04 1420+ WDL/UTI,1756582241,1756582244,1851,0,0
1756563720_7..N,086200_7..N,7,0,1756563720,07 1422 34H/MST,1756580414,1756580420,1290,0,0
1756563720_7..S,086200_7..S,7,1,1756563720,07 1422 MST/34H,1756580324,1756580330,1261,0,0
1756563750_5..S08R,086250_5..S08R,5,1,1756563750,05 1422+ DYR/BWG,1756581614,1756581620,1684,0,0
1756563780_1..N12R,086300_1..N12R,1,0,1756563780,01 1423  SFT/137,1756580534,1756580540,1338,0,0
1756563780_6..S01R,086300_6..S01R,6,1,1756563780,06 1423  PEL/BBR,1756582094,1756582100,1812,0,0
1756563840_GS.S01R,086400_GS.S01R,GS,1,1756563840,0S 1424  TSS/GCS,1756578341,1756578344,598,0,0
1756563900_6..N01X007,086500_6..N01X007,6,0,1756563900,06 1425  BBR/PEL,1756581821,1756581824,1926,0,0
1756563900_GS.N04R,086500_GS.N04R,GS,0,1756563900,0S 1425  GCS/TSS,1756578368,1756578371,525,0,0
1756563930_2..N01R,086550_2..N01R,2,0,1756563930,02 1425+ FLA/241,1756583801,1756583804,1828,0,0
1756563960_1..S12R,086600_1..S12R,1,1,1756563960,01 1426  137/SFT,1756580759,1756580765,1329,0,0
1756563960_3..N01R,086600_3..N01R,3,0,1756563960,03 1426  NLT/148,1756582439,1756582445,1824,0,0
1756564020_7..N,086700_7..N,7,0,1756564020,07 1427 34H/MST,1756580771,1756580774,1326,0,0
1756564020_7..S,086700_7..S,7,1,1756564020,07 1427 MST/34H,1756580675,1756580678,1295,0,0
1756564080_4..N06R,086800_4..N06R,4,0,1756564080,04 1428  UTI/WDL,1756582520,1756582524,1845,0,0
1756564110_4..S06R,086850_4..S06R,4,1,1756564110,04 1428+ WDL/UTI,1756582490,1756582494,1837,0,0
1756564140_2..S01R,086900_2..S01R,2,1,1756564140,02 1429  241/FLA,1756583909,1756583915,1555,0,0
1756564140_5..N75R,086900_5..N75R,5,0,1756564140,05 1429  BWG/DYR,1756582509,1756582511,1824,0,0
1756564140_GS.S04R,086900_GS.S04R,GS,1,1756564140,0S 1429  TSS/GCS,1756578623,1756578626,593,0,0
1756564200_GS.N01R,087000_GS.N01R,GS,0,1756564200,0S 1430  GCS/TSS,1756578695,1756578696,532,0,0
1756564260_1..N12R,087100_1..N12R,1,0,1756564260,01 1431  SFT/137,1756581089,1756581095,1355,0,0
1756564320_3..S01R,087200_3..S01R,3,1,1756564320,03 1432  148/NLT,1756582649,1756582655,1799,0,0
1756564320_7..N,087200_7..N,7,0,1756564320,07 1432 34H/MST,1756580978,1756580981,1322,0,0
1756564320_7..S,087200_7..S,7,1,1756564320,07 1432 MST/34H,1756580909,1756580915,1300,0,0
1756564380_2..S01R,087300_2..S01R,2,1,1756564380,02 1433  241/FLA,1756578839,1756578845,571,0,0
1756564410_2..N01R,087350_2..N01R,2,0,1756564410,02 1433+ FLA/241,1756584281,1756584284,1844,0,0
1756564440_1..S12R,087400_1..S12R,1,1,1756564440,01 1434  137/SFT,1756581221,1756581224,1398,0,0
1756564440_GS.S01R,087400_GS.S01R,GS,1,1756564440,0S 1434  TSS/GCS,1756578923,1756578926,593,0,0
1756564500_1..N02X061,087500_1..N02X061,1,0,1756564500,E1 1435  DYK/242,1756580054,1756580060,181,0,0
1756564500_3..N01R,087500_3..N01R,3,0,1756564500,03 1435  NLT/148,1756583159,1756583165,1856,0,0
1756564500_6..N01X007,087500_6..N01X007,6,0,1756564500,06 1435  BBR/PEL,1756582559,1756582565,2123,0,0
1756564500_6..S01R,087500_6..S01R,6,1,1756564500,06 1435  PEL/BBR,1756583244,1756583246,1868,0,0
1756564500_GS.N04R,087500_GS.N04R,GS,0,1756564500,0S 1435  GCS/TSS,1756578968,1756578971,526,0,0
1756564530_1..N02X061,087550_1..N02X061,1,0,1756564530,E1 1435+ DYK/242,1756579466,1756579469,363,0,0
1756564560_4..N06R,087600_4..N06R,4,0,1756564560,04 1436  UTI/WDL,1756583180,1756583184,1861,0,0
1756564590_4..S06R,087650_4..S06R,4,1,1756564590,04 1436+ WDL/UTI,1756582839,1756582841,1770,0,0
1756564620_7..N,087700_7..N,7,0,1756564620,07 1437 34H/MST,1756581464,1756581470,1380,0,0
1756564620_7..S,087700_7..S,7,1,1756564620,07 1437 MST/34H,1756581218,1756581221,1300,0,0
1756564740_1..N12R,087900_1..N12R,1,0,1756564740,01 1439  SFT/137,1756581524,1756581530,1416,0,0
1756564740_GS.S04R,087900_GS.S04R,GS,1,1756564740,0S 1439  TSS/GCS,1756579211,1756579214,591,0,0
1756564800_1..S02X060,088000_1..S02X060,1,1,1756564800,01 1440  242/DYK,1756579568,1756579571,702,0,0
1756564800_GS.N01R,088000_GS.N01R,GS,0,1756564800,0S 1440  GCS/TSS,1756579304,1756579310,536,0,0
1756564860_2..S01R,088100_2..S01R,2,1,1756564860,02 1441  241/FLA,1756584860,1756584864,1801,0,0
1756564890_2..N01R,088150_2..N01R,2,0,1756564890,02 1441+ FLA/241,1756584899,1756584905,1809,0,0
1756564890_3..S01R,088150_3..S01R,3,1,1756564890,03 1441+ 148/NLT,1756583249,1756583255,1800,0,0
1756564920_1..S12R,088200_1..S12R,1,1,1756564920,01 1442  137/SFT,1756581701,1756581704,1387,0,0
1756564920_7..S,088200_7..S,7,1,1756564920,07 1442 MST/34H,1756581599,1756581605,1343,0,0
1756564950_5..S08R,088250_5..S08R,5,1,1756564950,05 1442+ DYR/BWG,1756582721,1756582724,1659,0,0
1756565040_4..N06R,088400_4..N06R,4,0,1756565040,04 1444  UTI/WDL,1756583711,1756583714,1924,0,0
1756565040_GS.S01R,088400_GS.S01R,GS,1,1756565040,0S 1444  TSS/GCS,1756579523,1756579526,594,0,0
1756565070_4..S06R,088450_4..S06R,4,1,1756565070,04 1444+ WDL/UTI,1756583144,1756583150,1692,0,0
1756565100_6..N01X007,088500_6..N01X007,6,0,1756565100,06 1445  BBR/PEL,1756583390,1756583394,2344,0,0
1756565100_7..N,088500_7..N,7,0,1756565100,07 1445 34H/MST,1756581956,1756581959,1371,0,0
1756565100_GS.N04R,088500_GS.N04R,GS,0,1756565100,0S 1445  GCS/TSS,1756579565,1756579566,525,0,0
1756565160_1..S02X060,088600_1..S02X060,1,1,1756565160,01 1446  242/DYK,1756581041,1756581044,460,0,0
1756565220_1..N12R,088700_1..N12R,1,0,1756565220,01 1447  SFT/137,1756582016,1756582019,1391,0,0
1756565220_3..N01R,088700_3..N01R,3,0,1756565220,03 1447  NLT/148,1756583759,1756583765,1857,0,0
1756565220_6..S01R,088700_6..S01R,6,1,1756565220,06 1447  PEL/BBR,1756583384,1756583390,1756,0,0
1756565220_7..S,088700_7..S,7,1,1756565220,07 1447 MST/34H,1756581791,1756581794,1327,0,0
1756565280_2..S01R,088800_2..S01R,2,1,1756565280,02 1448  241/FLA,1756585229,1756585235,1796,0,0
1756565340_5..N75R,088900_5..N75R,5,0,1756565340,05 1449  BWG/DYR,1756583399,1756583405,1760,0,0
1756565340_GS.S04R,088900_GS.S04R,GS,1,1756565340,0S 1449  TSS/GCS,1756579814,1756579820,592,0,0
1756565400_1..S12R,089000_1..S12R,1,1,1756565400,01 1450  137/SFT,1756582169,1756582175,1352,0,0
1756565400_3..S01R,089000_3..S01R,3,1,1756565400,03 1450  148/NLT,1756583729,1756583735,1769,0,0
1756565400_GS.N01R,089000_GS.N01R,GS,0,1756565400,0S 1450  GCS/TSS,1756579895,1756579896,533,0,0
1756565490_2..N01R,089150_2..N01R,2,0,1756565490,02 1451+ FLA/241,1756585481,1756585484,1631,0,0
1756565520_4..N06R,089200_4..N06R,4,0,1756565520,04 1452  UTI/WDL,1756584041,1756584044,1852,0,0
1756565520_7..N,089200_7..N,7,0,1756565520,07 1452 34H/MST,1756582394,1756582400,1401,0,0
1756565520_7..S,089200_7..S,7,1,1756565520,07 1452 MST/34H,1756582109,1756582115,1325,0,0
1756565550_4..S06R,089250_4..S06R,4,1,1756565550,04 1452+ WDL/UTI,1756583810,1756583814,1790,0,0
1756565640_GS.S01R,089400_GS.S01R,GS,1,1756565640,0S 1454  TSS/GCS,1756580111,1756580114,591,0,0
1756565700_1..N12R,089500_1..N12R,1,0,1756565700,01 1455  SFT/137,1756582475,1756582479,1341,0,0
1756565700_6..N01X007,089500_6..N01X007,6,0,1756565700,06 1455  BBR/PEL,1756583690,1756583694,1665,0,0
1756565700_6..S,089500_6..S,6,1,1756565700,/6 1455  PEL/BBR,1756584284,1756584290,205,0,0
1756565700_6..S01R,089500_6..S01R,6,1,1756565700,06 1455  PEL/BBR,1756583405,1756583409,1589,0,0
1756565700_GS.N04R,089500_GS.N04R,GS,0,1756565700,0S 1455  GCS/TSS,1756580180,1756580181,529,0,0
1756565730_1..N02X061,089550_1..N02X061,1,0,1756565730,01 1455+ DYK/242,1756581119,1756581125,929,0,0
1756565760_3..N01R,089600_3..N01R,3,0,1756565760,03 1456  NLT/148,1756584380,1756584384,1850,0,0
1756565820_2..S01R,089700_2..S01R,2,1,1756565820,02 1457  241/FLA,1756585469,1756585475,1700,0,0
1756565820_7..N,089700_7..N,7,0,1756565820,07 1457 34H/MST,1756582505,1756582509,1356,0,0
1756565880_1..S12R,089800_1..S12R,1,1,1756565880,01 1458  137/SFT,1756582670,1756582674,1393,0,0
1756565910_7..S,089850_7..S,7,1,1756565910,07 1458+ MST/34H,1756582571,1756582574,1360,0,0
1756565940_GS.S04R,089900_GS.S04R,GS,1,1756565940,0S 1459  TSS/GCS,1756580426,1756580429,595,0,0
1756565970_3..S01R,089950_3..S01R,3,1,1756565970,03 1459+ 148/NLT,1756584299,1756584305,1730,0,0
1756566000_4..N06R,090000_4..N06R,4,0,1756566000,04 1500  UTI/WDL,1756584590,1756584594,1808,0,0
1756566000_GS.N01R,090000_GS.N01R,GS,0,1756566000,0S 1500  GCS/TSS,1756580504,1756580510,536,0,0
1756566030_4..S06R,090050_4..S06R,4,1,1756566030,04 1500+ WDL/UTI,1756584005,1756584009,1652,0,0
1756566090_2..N01R,090150_2..N01R,2,0,1756566090,02 1501+ FLA/241,1756585859,1756585865,1732,0,0
1756566120_7..N,090200_7..N,7,0,1756566120,07 1502 34H/MST,1756582841,1756582844,1333,0,0
1756566150_5..S08R,090250_5..S08R,5,1,1756566150,05 1502+ DYR/BWG,1756584104,1756584110,1679,0,0
1756566150_7..S,090250_7..S,7,1,1756566150,07 1502+ MST/34H,1756582839,1756582841,1332,0,0
1756566180_1..N12R,090300_1..N12R,1,0,1756566180,01 1503  SFT/137,1756582934,1756582940,1366,0,0
1756566180_6..S01R,090300_6..S01R,6,1,1756566180,06 1503  PEL/BBR,1756584659,1756584665,1827,0,0
1756566240_1..S02X060,090400_1..S02X060,1,1,1756566240,01 1504  242/DYK,1756581689,1756581695,1034,0,0
1756566240_GS.S01R,090400_GS.S01R,GS,1,1756566240,0S 1504  TSS/GCS,1756580729,1756580735,595,0,0
1756566300_2..S01R,090500_2..S01R,2,1,1756566300,02 1505  241/FLA,1756586564,1756586570,1832,0,0
1756566300_6..N01X007,090500_6..N01X007,6,0,1756566300,06 1505  BBR/PEL,1756584509,1756584515,2014,0,0
1756566300_GS.N04R,090500_GS.N04R,GS,0,1756566300,0S 1505  GCS/TSS,1756580774,1756580780,527,0,0
1756566360_1..S12R,090600_1..S12R,1,1,1756566360,01 1506  137/SFT,1756583150,1756583154,1324,0,0
1756566360_3..N01R,090600_3..N01R,3,0,1756566360,03 1506  NLT/148,1756584869,1756584875,1784,0,0
1756566390_7..S,090650_7..S,7,1,1756566390,07 1506+ MST/34H,1756583049,1756583051,1249,0,0
1756566420_7..N,090700_7..N,7,0,1756566420,07 1507 34H/MST,1756583079,1756583081,1257,0,0
1756566450_1..N02X061,090750_1..N02X061,1,0,1756566450,01 1507+ DYK/242,1756581950,1756581954,943,0,0
1756566480_4..N06R,090800_4..N06R,4,0,1756566480,04 1508  UTI/WDL,1756585040,1756585044,1829,0,0
1756566510_4..S06R,090850_4..S06R,4,1,1756566510,04 1508+ WDL/UTI,1756584971,1756584974,1811,0,0
1756566540_5..N75R,090900_5..N75R,5,0,1756566540,05 1509  BWG/DYR,1756584761,1756584764,1755,0,0
1756566540_GS.S04R,090900_GS.S04R,GS,1,1756566540,0S 1509  TSS/GCS,1756581014,1756581020,591,0,0
1756566600_GS.N01R,091000_GS.N01R,GS,0,1756566600,0S 1510  GCS/TSS,1756581104,1756581110,535,0,0
1756566630_7..S,091050_7..S,7,1,1756566630,07 1510+ MST/34H,1756583306,1756583309,1318,0,0
1756566660_1..N12R,091100_1..N12R,1,0,1756566660,01 1511  SFT/137,1756583456,1756583459,1308,0,0
1756566660_6..S01R,091100_6..S01R,6,1,1756566660,06 1511  PEL/BBR,1756584830,1756584834,1675,0,0
1756566690_2..N01R,091150_2..N01R,2,0,1756566690,/2 1511+ FLA/241,1756586825,1756586828,1989,0,0
1756566720_2..S01R,091200_2..S01R,2,1,1756566720,02 1512  241/FLA,1756586804,1756586810,1816,0,0
1756566720_3..S01R,091200_3..S01R,3,1,1756566720,03 1512  148/NLT,1756585121,1756585124,1753,0,0
1756566720_7..N,091200_7..N,7,0,1756566720,07 1512 34H/MST,1756583411,1756583414,1310,0,0
1756566840_1..S12R,091400_1..S12R,1,1,1756566840,01 1514  137/SFT,1756583621,1756583624,1352,0,0
1756566840_3..N01R,091400_3..N01R,3,0,1756566840,03 1514  NLT/148,1756585379,1756585385,1822,0,0
1756566840_GS.S01R,091400_GS.S01R,GS,1,1756566840,0S 1514  TSS/GCS,1756581326,1756581329,594,0,0
1756566870_7..S,091450_7..S,7,1,1756566870,07 1514+ MST/34H,1756583555,1756583559,1231,0,0
1756566900_6..N01X007,091500_6..N01X007,6,0,1756566900,06 1515  BBR/PEL,1756585490,1756585493,2275,0,0
1756566900_GS.N04R,091500_GS.N04R,GS,0,1756566900,0S 1515  GCS/TSS,1756581368,1756581371,525,0,0
1756566960_1..S02X060,091600_1..S02X060,1,1,1756566960,01 1516  242/DYK,1756582559,1756582565,972,0,0
1756566960_4..N06R,091600_4..N06R,4,0,1756566960,04 1516  UTI/WDL,1756585499,1756585505,1757,0,0
1756566990_4..S06R,091650_4..S06R,4,1,1756566990,04 1516+ WDL/UTI,1756585253,1756585256,1691,0,0
1756567020_7..N,091700_7..N,7,0,1756567020,07 1517 34H/MST,1756583534,1756583540,1227,0,0
1756567110_7..S,091850_7..S,7,1,1756567110,07 1518+ MST/34H,1756583816,1756583819,1302,0,0
1756567140_1..N12R,091900_1..N12R,1,0,1756567140,01 1519  SFT/137,1756583994,1756583996,1355,0,0
1756567140_6..S01R,091900_6..S01R,6,1,1756567140,06 1519  PEL/BBR,1756585580,1756585583,1778,0,0
1756567140_GS.S04R,091900_GS.S04R,GS,1,1756567140,0S 1519  TSS/GCS,1756581629,1756581635,594,0,0
1756567170_1..N02X061,091950_1..N02X061,1,0,1756567170,01 1519+ DYK/242,1756581965,1756581969,678,0,0
1756567200_GS.N01R,092000_GS.N01R,GS,0,1756567200,0S 1520  GCS/TSS,1756581680,1756581684,524,0,0
1756567260_2..S01R,092100_2..S01R,2,1,1756567260,02 1521  241/FLA,1756587209,1756587215,1764,0,0
1756567260_3..S01R,092100_3..S01R,3,1,1756567260,03 1521  148/NLT,1756585739,1756585745,1721,0,0
1756567290_2..N01R,092150_2..N01R,2,0,1756567290,02 1521+ FLA/241,1756587164,1756587170,1752,0,0
1756567320_1..S12R,092200_1..S12R,1,1,1756567320,01 1522  137/SFT,1756584110,1756584114,1286,0,0
1756567320_7..N,092200_7..N,7,0,1756567320,07 1522 34H/MST,1756583945,1756583949,1235,0,0
1756567350_5..S08R,092250_5..S08R,5,1,1756567350,05 1522+ DYR/BWG,1756584971,1756584974,1516,0,0
1756567350_7..S,092250_7..S,7,1,1756567350,07 1522+ MST/34H,1756584026,1756584029,1257,0,0
1756567440_4..N06R,092400_4..N06R,4,0,1756567440,04 1524  UTI/WDL,1756585970,1756585973,1782,0,0
1756567440_GS.S01R,092400_GS.S01R,GS,1,1756567440,0S 1524  TSS/GCS,1756581914,1756581920,571,0,0
1756567470_4..S06R,092450_4..S06R,4,1,1756567470,04 1524+ WDL/UTI,1756585631,1756585634,1594,0,0
1756567500_6..N01X007,092500_6..N01X007,6,0,1756567500,06 1525  BBR/PEL,1756585871,1756585874,2377,0,0
1756567500_GS.N04R,092500_GS.N04R,GS,0,1756567500,0S 1525  GCS/TSS,1756581971,1756581974,502,0,0
1756567560_3..N01R,092600_3..N01R,3,0,1756567560,03 1526  NLT/148,1756586180,1756586183,1740,0,0
1756567590_7..S,092650_7..S,7,1,1756567590,07 1526+ MST/34H,1756584275,1756584279,1257,0,0
1756567620_1..N12R,092700_1..N12R,1,0,1756567620,01 1527  SFT/137,1756584419,1756584425,1271,0,0
1756567620_6..S01R,092700_6..S01R,6,1,1756567620,06 1527  PEL/BBR,1756586315,1756586318,1776,0,0
1756567620_7..N,092700_7..N,7,0,1756567620,07 1527 34H/MST,1756584371,1756584374,1270,0,0
1756567680_1..S02X060,092800_1..S02X060,1,1,1756567680,01 1528  242/DYK,1756583420,1756583424,1003,0,0
1756567740_2..S01R,092900_2..S01R,2,1,1756567740,02 1529  241/FLA,1756588104,1756588110,1909,0,0
1756567740_5..N75R,092900_5..N75R,5,0,1756567740,05 1529  BWG/DYR,1756585709,1756585715,1615,0,0
1756567740_GS.S04R,092900_GS.S04R,GS,1,1756567740,0S 1529  TSS/GCS,1756582229,1756582235,554,0,0
1756567770_2..N01R,092950_2..N01R,2,0,1756567770,02 1529+ FLA/241,1756587708,1756587711,1732,0,0
1756567800_1..S12R,093000_1..S12R,1,1,1756567800,01 1530  137/SFT,1756584680,1756584684,1243,0,0
1756567800_GS.N01R,093000_GS.N01R,GS,0,1756567800,0S 1530  GCS/TSS,1756582274,1756582280,483,0,0
1756567830_7..S,093050_7..S,7,1,1756567830,07 1530+ MST/34H,1756584524,1756584530,1256,0,0
1756567860_3..S01R,093100_3..S01R,3,1,1756567860,03 1531  148/NLT,1756586306,1756586309,1677,0,0
1756567860_7..N,093100_7..N,7,0,1756567860,07 1531 34H/MST,1756584539,1756584545,1235,0,0
1756567890_1..N02X061,093150_1..N02X061,1,0,1756567890,01 1531+ DYK/242,1756582679,1756582685,709,0,0
1756567920_4..N06R,093200_4..N06R,4,0,1756567920,04 1532  UTI/WDL,1756586525,1756586528,1735,0,0
1756567950_4..S06R,093250_4..S06R,4,1,1756567950,04 1532+ WDL/UTI,1756586039,1756586045,1606,0,0
1756568040_GS.S01R,093400_GS.S01R,GS,1,1756568040,0S 1534  TSS/GCS,1756582529,1756582535,534,0,0
1756568070_7..S,093450_7..S,7,1,1756568070,07 1534+ MST/34H,1756584770,1756584774,1228,0,0
1756568100_1..N12R,093500_1..N12R,1,0,1756568100,01 1535  SFT/137,1756585115,1756585119,1260,0,0
1756568100_6..N01X007,093500_6..N01X007,6,0,1756568100,06 1535  BBR/PEL,1756586345,1756586348,1588,0,0
1756568100_7..N,093500_7..N,7,0,1756568100,07 1535 34H/MST,1756584674,1756584680,1203,0,0
1756568100_GS.N04R,093500_GS.N04R,GS,0,1756568100,0S 1535  GCS/TSS,1756582565,1756582569,461,0,0
1756568160_2..S01R,093600_2..S01R,2,1,1756568160,02 1536  241/FLA,1756588218,1756588221,1674,0,0
1756568220_3..N01R,093700_3..N01R,3,0,1756568220,03 1537  NLT/148,1756586774,1756586780,1703,0,0
1756568250_2..N01R,093750_2..N01R,2,0,1756568250,02 1537+ FLA/241,1756588194,1756588200,1782,0,0
1756568280_1..S12R,093800_1..S12R,1,1,1756568280,01 1538  137/SFT,1756585061,1756585064,1246,0,0
1756568310_7..S,093850_7..S,7,1,1756568310,07 1538+ MST/34H,1756584980,1756584984,1200,0,0
1756568340_6..S01R,093900_6..S01R,6,1,1756568340,06 1539  PEL/BBR,1756586555,1756586558,1645,0,0
1756568340_7..N,093900_7..N,7,0,1756568340,07 1539 34H/MST,1756584980,1756584984,1200,0,0
1756568340_GS.S04R,093900_GS.S04R,GS,1,1756568340,0S 1539  TSS/GCS,1756582829,1756582835,514,0,0
1756568400_4..N06R,094000_4..N06R,4,0,1756568400,04 1540  UTI/WDL,1756586876,1756586879,1634,0,0
1756568400_GS.N01R,094000_GS.N01R,GS,0,1756568400,0S 1540  GCS/TSS,1756582919,1756582925,453,0,0
1756568430_4..S06R,094050_4..S06R,4,1,1756568430,04 1540+ WDL/UTI,1756586879,1756586885,1635,0,0
1756568550_3..S01R,094250_3..S01R,3,1,1756568550,03 1542+ 148/NLT,1756586996,1756586999,1666,0,0
1756568550_5..S08R,094250_5..S08R,5,1,1756568550,05 1542+ DYR/BWG,1756586171,1756586174,1446,0,0
1756568550_7..S,094250_7..S,7,1,1756568550,07 1542+ MST/34H,1756585235,1756585238,1191,0,0
1756568580_1..N12R,094300_1..N12R,1,0,1756568580,01 1543  SFT/137,1756585403,1756585406,1241,0,0
1756568580_7..N,094300_7..N,7,0,1756568580,07 1543 34H/MST,1756585094,1756585100,1154,0,0
1756568610_1..N02X061,094350_1..N02X061,1,0,1756568610,01 1543+ DYK/242,1756583591,1756583594,757,0,0
1756568640_GS.S01R,094400_GS.S01R,GS,1,1756568640,0S 1544  TSS/GCS,1756583129,1756583135,495,0,0
1756568700_2..S01R,094500_2..S01R,2,1,1756568700,02 1545  241/FLA,1756588524,1756588530,1690,0,0
1756568700_GS.N04R,094500_GS.N04R,GS,0,1756568700,0S 1545  GCS/TSS,1756583186,1756583189,426,0,0
1756568730_2..N01R,094550_2..N01R,2,0,1756568730,02 1545+ FLA/241,1756588764,1756588770,1775,0,0
1756568760_1..S12R,094600_1..S12R,1,1,1756568760,01 1546  137/SFT,1756585511,1756585514,1174,0,0
1756568760_3..N01R,094600_3..N01R,3,0,1756568760,03 1546  NLT/148,1756587065,1756587068,1588,0,0
1756568790_7..S,094650_7..S,7,1,1756568790,07 1546+ MST/34H,1756585556,1756585559,1178,0,0
1756568820_6..N01X007,094700_6..N01X007,6,0,1756568820,06 1547  BBR/PEL,1756587504,1756587510,2720,0,0
1756568820_7..N,094700_7..N,7,0,1756568820,07 1547 34H/MST,1756585628,1756585631,1197,0,0
1756568880_4..N06R,094800_4..N06R,4,0,1756568880,04 1548  UTI/WDL,1756587519,1756587525,1706,0,0
1756568910_4..S06R,094850_4..S06R,4,1,1756568910,04 1548+ WDL/UTI,1756587050,1756587053,1584,0,0
1756568940_5..N75R,094900_5..N75R,5,0,1756568940,05 1549  BWG/DYR,1756587104,1756587110,1599,0,0
1756568940_GS.S04R,094900_GS.S04R,GS,1,1756568940,0S 1549  TSS/GCS,1756583441,1756583444,477,0,0
1756569000_GS.N01R,095000_GS.N01R,GS,0,1756569000,0S 1550  GCS/TSS,1756583480,1756583484,405,0,0
1756569030_7..S,095050_7..S,7,1,1756569030,07 1550+ MST/34H,1756585694,1756585700,1135,0,0
1756569060_1..N12R,095100_1..N12R,1,0,1756569060,01 1551  SFT/137,1756586000,1756586003,1207,0,0
1756569060_6..S01R,095100_6..S01R,6,1,1756569060,06 1551  PEL/BBR,1756587528,1756587531,1611,0,0
1756569060_7..N,095100_7..N,7,0,1756569060,07 1551 34H/MST,1756585745,1756585748,1148,0,0
1756569120_1..S02X060,095200_1..S02X060,1,1,1756569120,01 1552  242/DYK,1756584281,1756584284,749,0,0
1756569120_3..S01R,095200_3..S01R,3,1,1756569120,03 1552  148/NLT,1756587534,1756587540,1613,0,0
1756569180_2..S01R,095300_2..S01R,2,1,1756569180,02 1553  241/FLA,1756589229,1756589235,1819,0,0
1756569210_2..N01R,095350_2..N01R,2,0,1756569210,02 1553+ FLA/241,1756589064,1756589070,1775,0,0
1756569240_1..S12R,095400_1..S12R,1,1,1756569240,01 1554  137/SFT,1756586039,1756586045,1218,0,0
1756569240_GS.S01R,095400_GS.S01R,GS,1,1756569240,0S 1554  TSS/GCS,1756583720,1756583724,454,0,0
1756569270_7..S,095450_7..S,7,1,1756569270,07 1554+ MST/34H,1756585949,1756585955,1162,0,0
1756569300_3..N01R,095500_3..N01R,3,0,1756569300,03 1555  NLT/148,1756587759,1756587765,1588,0,0
1756569300_7..N,095500_7..N,7,0,1756569300,07 1555 34H/MST,1756585868,1756585871,1140,0,0
1756569300_GS.N04R,095500_GS.N04R,GS,0,1756569300,0S 1555  GCS/TSS,1756583780,1756583784,398,0,0
1756569330_1..N02X061,095550_1..N02X061,1,0,1756569330,01 1555+ DYK/242,1756584440,1756584444,706,0,0
1756569360_4..N06R,095600_4..N06R,4,0,1756569360,04 1556  UTI/WDL,1756588284,1756588290,1728,0,0
1756569390_4..S06R,095650_4..S06R,4,1,1756569390,04 1556+ WDL/UTI,1756587573,1756587576,1538,0,0
1756569510_7..S,095850_7..S,7,1,1756569510,07 1558+ MST/34H,1756586174,1756586180,1129,0,0
1756569540_1..N12R,095900_1..N12R,1,0,1756569540,01 1559  SFT/137,1756586360,1756586363,1218,0,0
1756569540_6..N01X007,095900_6..N01X007,6,0,1756569540,06 1559  BBR/PEL,1756587828,1756587831,1606,0,0
1756569540_7..N,095900_7..N,7,0,1756569540,07 1559 34H/MST,1756586204,1756586210,1137,0,0
1756569540_GS.S04R,095900_GS.S04R,GS,1,1756569540,0S 1559  TSS/GCS,1756584050,1756584054,452,0,0
1756569600_2..S01R,096000_2..S01R,2,1,1756569600,02 1600  241/FLA,1756589724,1756589730,1823,0,0
1756569600_GS.N01R,096000_GS.N01R,GS,0,1756569600,0S 1600  GCS/TSS,1756584086,1756584089,399,0,0
1756569660_3..S01R,096100_3..S01R,3,1,1756569660,03 1601  148/NLT,1756588179,1756588185,1620,0,0
1756569690_2..N01R,096150_2..N01R,2,0,1756569690,02 1601+ FLA/241,1756589589,1756589595,1787,0,0
1756569720_1..S12R,096200_1..S12R,1,1,1756569720,01 1602  137/SFT,1756586525,1756586528,1182,0,0
1756569750_5..S08R,096250_5..S08R,5,1,1756569750,05 1602+ DYR/BWG,1756587519,1756587525,1444,0,0
1756569750_7..S,096250_7..S,7,1,1756569750,07 1602+ MST/34H,1756586429,1756586435,1153,0,0
1756569780_6..S01R,096300_6..S01R,6,1,1756569780,06 1603  PEL/BBR,1756588185,1756588188,1405,0,0
1756569780_7..N,096300_7..N,7,0,1756569780,07 1603 34H/MST,1756586525,1756586528,1178,0,0
1756569840_1..S02X060,096400_1..S02X060,1,1,1756569840,01 1604  242/DYK,1756585445,1756585448,894,0,0
1756569840_4..N06R,096400_4..N06R,4,0,1756569840,04 1604  UTI/WDL,1756588569,1756588575,1724,0,0
1756569840_GS.S01R,096400_GS.S01R,GS,1,1756569840,0S 1604  TSS/GCS,1756584320,1756584324,446,0,0
1756569870_4..S06R,096450_4..S06R,4,1,1756569870,04 1604+ WDL/UTI,1756587999,1756588005,1492,0,0
1756569900_GS.N04R,096500_GS.N04R,GS,0,1756569900,0S 1605  GCS/TSS,1756584371,1756584374,396,0,0
1756569960_3..N01R,096600_3..N01R,3,0,1756569960,03 1606  NLT/148,1756588338,1756588341,1582,0,0
1756569990_7..S,096650_7..S,7,1,1756569990,07 1606+ MST/34H,1756586639,1756586645,1025,0,0
1756570020_1..N12R,096700_1..N12R,1,0,1756570020,01 1607  SFT/137,1756586843,1756586846,1187,0,0
1756570020_6..N01X007,096700_6..N01X007,6,0,1756570020,06 1607  BBR/PEL,1756588239,1756588245,1556,0,0
1756570020_7..N,096700_7..N,7,0,1756570020,07 1607 34H/MST,1756586606,1756586609,1132,0,0
1756570050_1..N02X061,096750_1..N02X061,1,0,1756570050,01 1607+ DYK/242,1756585361,1756585364,792,0,0
1756570140_2..S01R,096900_2..S01R,2,1,1756570140,02 1609  241/FLA,1756589964,1756589970,1827,0,0
1756570140_5..N75R,096900_5..N75R,5,0,1756570140,05 1609  BWG/DYR,1756588158,1756588161,1534,0,0
1756570140_GS.S04R,096900_GS.S04R,GS,1,1756570140,0S 1609  TSS/GCS,1756584629,1756584635,448,0,0
1756570200_1..S12R,097000_1..S12R,1,1,1756570200,01 1610  137/SFT,1756586996,1756586999,1148,0,0
1756570200_GS.N01R,097000_GS.N01R,GS,0,1756570200,0S 1610  GCS/TSS,1756584701,1756584704,402,0,0
1756570230_7..S,097050_7..S,7,1,1756570230,07 1610+ MST/34H,1756586873,1756586876,1097,0,0
1756570260_3..S01R,097100_3..S01R,3,1,1756570260,03 1611  148/NLT,1756588629,1756588635,1580,0,0
1756570260_7..N,097100_7..N,7,0,1756570260,07 1611 34H/MST,1756586903,1756586906,1156,0,0
1756570290_2..N01R,097150_2..N01R,2,0,1756570290,02 1611+ FLA/241,1756590279,1756590285,1797,0,0
1756570320_4..N06R,097200_4..N06R,4,0,1756570320,04 1612  UTI/WDL,1756588914,1756588920,1662,0,0
1756570350_4..S06R,097250_4..S06R,4,1,1756570350,04 1612+ WDL/UTI,1756588713,1756588716,1602,0,0
1756570440_GS.S01R,097400_GS.S01R,GS,1,1756570440,0S 1614  TSS/GCS,1756584941,1756584944,450,0,0
1756570470_7..S,097450_7..S,7,1,1756570470,07 1614+ MST/34H,1756587125,1756587128,1154,0,0
1756570500_1..N12R,097500_1..N12R,1,0,1756570500,01 1615  SFT/137,1756587324,1756587330,1152,0,0
1756570500_6..N01X007,097500_6..N01X007,6,0,1756570500,06 1615  BBR/PEL,1756588494,1756588500,1464,0,0
1756570500_6..S01R,097500_6..S01R,6,1,1756570500,06 1615  PEL/BBR,1756588485,1756588488,1461,0,0
1756570500_7..N,097500_7..N,7,0,1756570500,07 1615 34H/MST,1756587414,1756587420,1228,0,0
1756570500_GS.N04R,097500_GS.N04R,GS,0,1756570500,0S 1615  GCS/TSS,1756585004,1756585010,403,0,0
1756570560_1..S02X060,097600_1..S02X060,1,1,1756570560,01 1616  242/DYK,1756586306,1756586309,884,0,0
1756570560_3..N01R,097600_3..N01R,3,0,1756570560,03 1616  NLT/148,1756589568,1756589571,1789,0,0
1756570620_2..S01R,097700_2..S01R,2,1,1756570620,02 1617  241/FLA,1756590339,1756590345,1807,0,0
1756570680_1..S12R,097800_1..S12R,1,1,1756570680,01 1618  137/SFT,1756587489,1756587495,1196,0,0
1756570710_7..S,097850_7..S,7,1,1756570710,07 1618+ MST/34H,1756587396,1756587399,1157,0,0
1756570740_3..S01R,097900_3..S01R,3,1,1756570740,03 1619  148/NLT,1756589118,1756589121,1646,0,0
1756570740_7..N,097900_7..N,7,0,1756570740,07 1619 34H/MST,1756587519,1756587525,1190,0,0
1756570740_GS.S04R,097900_GS.S04R,GS,1,1756570740,0S 1619  TSS/GCS,1756585244,1756585250,453,0,0
1756570770_1..N02X061,097950_1..N02X061,1,0,1756570770,01 1619+ DYK/242,1756585670,1756585673,544,0,0
1756570800_4..N06R,098000_4..N06R,4,0,1756570800,04 1620  UTI/WDL,1756589259,1756589265,1610,0,0
1756570800_GS.N01R,098000_GS.N01R,GS,0,1756570800,0S 1620  GCS/TSS,1756585280,1756585283,402,0,0
1756570830_4..S06R,098050_4..S06R,4,1,1756570830,04 1620+ WDL/UTI,1756589004,1756589010,1530,0,0
1756570890_2..N01R,098150_2..N01R,2,0,1756570890,02 1621+ FLA/241,1756590519,1756590525,1861,0,0
1756570950_5..S08R,098250_5..S08R,5,1,1756570950,05 1622+ DYR/BWG,1756588779,1756588785,1460,0,0
1756570950_7..S,098250_7..S,7,1,1756570950,07 1622+ MST/34H,1756587624,1756587630,1149,0,0
1756570980_1..N12R,098300_1..N12R,1,0,1756570980,01 1623  SFT/137,1756587789,1756587795,1196,0,0
1756570980_6..N01X007,098300_6..N01X007,6,0,1756570980,06 1623  BBR/PEL,1756589049,1756589055,1543,0,0
1756570980_7..N,098300_7..N,7,0,1756570980,07 1623 34H/MST,1756587798,1756587801,1195,0,0
1756571040_2..S01R,098400_2..S01R,2,1,1756571040,02 1624  241/FLA,1756591374,1756591380,2021,0,0
1756571040_GS.S01R,098400_GS.S01R,GS,1,1756571040,0S 1624  TSS/GCS,1756585529,1756585535,469,0,0
1756571100_GS.N04R,098500_GS.N04R,GS,0,1756571100,0S 1625  GCS/TSS,1756585589,1756585595,425,0,0
1756571160_1..S12R,098600_1..S12R,1,1,1756571160,01 1626  137/SFT,1756587948,1756587951,1158,0,0
1756571160_3..N01R,098600_3..N01R,3,0,1756571160,$3 1626  NLT/148,1756589160,1756589163,1499,0,0
1756571190_7..S,098650_7..S,7,1,1756571190,07 1626+ MST/34H,1756587864,1756587870,1151,0,0
1756571220_6..S01R,098700_6..S01R,6,1,1756571220,06 1627  PEL/BBR,1756589760,1756589763,1803,0,0
1756571220_7..N,098700_7..N,7,0,1756571220,07 1627 34H/MST,1756587891,1756587894,1158,0,0
1756571280_1..S02X060,098800_1..S02X060,1,1,1756571280,01 1628  242/DYK,1756587044,1756587050,921,0,0
1756571280_4..N06R,098800_4..N06R,4,0,1756571280,04 1628  UTI/WDL,1756589739,1756589745,1684,0,0
1756571310_4..S06R,098850_4..S06R,4,1,1756571310,04 1628+ WDL/UTI,1756589484,1756589490,1603,0,0
1756571340_5..N75R,098900_5..N75R,5,0,1756571340,05 1629  BWG/DYR,1756589439,1756589445,1588,0,0
1756571340_GS.S04R,098900_GS.S04R,GS,1,1756571340,0S 1629  TSS/GCS,1756585844,1756585850,493,0,0
1756571400_GS.N01R,099000_GS.N01R,GS,0,1756571400,0S 1630  GCS/TSS,1756585856,1756585859,435,0,0
1756571430_7..S,099050_7..S,7,1,1756571430,07 1630+ MST/34H,1756588068,1756588071,1130,0,0
1756571460_1..N12R,099100_1..N12R,1,0,1756571460,01 1631  SFT/137,1756588344,1756588350,1183,0,0
1756571460_7..N,099100_7..N,7,0,1756571460,07 1631 34H/MST,1756588080,1756588083,1133,0,0
1756571490_1..N02X061,099150_1..N02X061,1,0,1756571490,01 1631+ DYK/242,1756586504,1756586510,696,0,0
1756571490_2..N01R,099150_2..N01R,2,0,1756571490,02 1631+ FLA/241,1756592214,1756592220,2311,0,0
1756571520_3..S01R,099200_3..S01R,3,1,1756571520,03 1632  148/NLT,1756590048,1756590051,1704,0,0
1756571580_2..S01R,099300_2..S01R,2,1,1756571580,02 1633  241/FLA,1756591644,1756591650,1972,0,0
1756571580_6..N01X007,099300_6..N01X007,6,0,1756571580,06 1633  BBR/PEL,1756589559,1756589565,1593,0,0
1756571640_1..S12R,099400_1..S12R,1,1,1756571640,01 1634  137/SFT,1756588434,1756588440,1207,0,0
1756571640_GS.S01R,099400_GS.S01R,GS,1,1756571640,0S 1634  TSS/GCS,1756586123,1756586126,506,0,0
1756571670_7..S,099450_7..S,7,1,1756571670,07 1634+ MST/34H,1756588329,1756588335,1156,0,0
1756571700_3..N01R,099500_3..N01R,3,0,1756571700,03 1635  NLT/148,1756590384,1756590390,1731,0,0
1756571700_7..N,099500_7..N,7,0,1756571700,07 1635 34H/MST,1756588278,1756588281,1130,0,0
1756571700_GS.N04R,099500_GS.N04R,GS,0,1756571700,0S 1635  GCS/TSS,1756586189,1756586195,464,0,0
1756571760_4..N06R,099600_4..N06R,4,0,1756571760,04 1636  UTI/WDL,1756590339,1756590345,1717,0,0
1756571790_4..S06R,099650_4..S06R,4,1,1756571790,04 1636+ WDL/UTI,1756589949,1756589955,1592,0,0
1756571910_7..S,099850_7..S,7,1,1756571910,07 1638+ MST/34H,1756588554,1756588560,1154,0,0
1756571940_1..N12R,099900_1..N12R,1,0,1756571940,01 1639  SFT/137,1756588740,1756588743,1208,0,0
1756571940_6..S01R,099900_6..S01R,6,1,1756571940,06 1639  PEL/BBR,1756590114,1756590120,1645,0,0
1756571940_7..N,099900_7..N,7,0,1756571940,07 1639 34H/MST,1756588584,1756588590,1146,0,0
1756571940_GS.S04R,099900_GS.S04R,GS,1,1756571940,0S 1639  TSS/GCS,1756586450,1756586453,533,0,0
1756572000_GS.N01R,100000_GS.N01R,GS,0,1756572000,0S 1640  GCS/TSS,1756586480,1756586483,481,0,0
1756572060_2..S01R,100100_2..S01R,2,1,1756572060,02 1641  241/FLA,1756591899,1756591905,1920,0,0
1756572090_3..S01R,100150_3..S01R,3,1,1756572090,03 1641+ 148/NLT,1756590444,1756590450,1670,0,0
1756572120_1..S12R,100200_1..S12R,1,1,1756572120,01 1642  137/SFT,1756588908,1756588911,1179,0,0
1756572120_2..N01R,100200_2..N01R,2,0,1756572120,02 1642  FLA/241,1756592520,1756592523,1879,0,0
1756572150_5..S08R,100250_5..S08R,5,1,1756572150,05 1642+ DYR/BWG,1756589934,1756589940,1507,0,0
1756572150_7..S,100250_7..S,7,1,1756572150,07 1642+ MST/34H,1756588818,1756588821,875,0,0
1756572180_6..N01X007,100300_6..N01X007,6,0,1756572180,06 1643  BBR/PEL,1756590339,1756590345,1845,0,0
1756572180_7..N,100300_7..N,7,0,1756572180,07 1643 34H/MST,1756588686,1756588689,1106,0,0
1756572210_1..N02X061,100350_1..N02X061,1,0,1756572210,01 1643+ DYK/242,1756587257,1756587265,737,0,0
1756572240_4..N06R,100400_4..N06R,4,0,1756572240,04 1644  UTI/WDL,1756590678,1756590681,1745,0,0
1756572240_GS.S01R,100400_GS.S01R,GS,1,1756572240,0S 1644  TSS/GCS,1756586708,1756586711,541,0,0
1756572270_4..S06R,100450_4..S06R,4,1,1756572270,04 1644+ WDL/UTI,1756590666,1756590669,1661,0,0
1756572300_GS.N04R,100500_GS.N04R,GS,0,1756572300,0S 1645  GCS/TSS,1756586810,1756586813,509,0,0
1756572360_3..N01R,100600_3..N01R,3,0,1756572360,03 1646  NLT/148,1756591014,1756591020,1774,0,0
1756572390_7..S,100650_7..S,7,1,1756572390,07 1646+ MST/34H,1756589031,1756589034,945,0,0
1756572420_1..N12R,100700_1..N12R,1,0,1756572420,01 1647  SFT/137,1756589829,1756589835,1392,0,0
1756572420_3..S01R,100700_3..S01R,3,1,1756572420,03 1647  148/NLT,1756590924,1756590930,1744,0,0
1756572420_6..S01R,100700_6..S01R,6,1,1756572420,06 1647  PEL/BBR,1756590504,1756590510,1609,0,0
1756572420_7..N,100700_7..N,7,0,1756572420,07 1647 34H/MST,1756589049,1756589055,1158,0,0
1756572540_5..N75R,100900_5..N75R,5,0,1756572540,05 1649  BWG/DYR,1756590408,1756590411,1579,0,0
1756572540_GS.S04R,100900_GS.S04R,GS,1,1756572540,0S 1649  TSS/GCS,1756587080,1756587083,581,0,0
1756572600_1..S12R,101000_1..S12R,1,1,1756572600,01 1650  137/SFT,1756589388,1756589391,1171,0,0
1756572600_GS.N01R,101000_GS.N01R,GS,0,1756572600,0S 1650  GCS/TSS,1756587080,1756587083,521,0,0
1756572630_7..S,101050_7..S,7,1,1756572630,07 1650+ MST/34H,1756589364,1756589370,1194,0,0
1756572660_7..N,101100_7..N,7,0,1756572660,07 1651 34H/MST,1756589328,1756589331,1183,0,0
1756572720_1..S02X060,101200_1..S02X060,1,1,1756572720,01 1652  242/DYK,1756587924,1756587930,751,0,0
1756572720_4..N06R,101200_4..N06R,4,0,1756572720,04 1652  UTI/WDL,1756591179,1756591185,1748,0,0
1756572750_2..N01R,101250_2..N01R,2,0,1756572750,02 1652+ FLA/241,1756592685,1756592688,1850,0,0
1756572750_4..S06R,101250_4..S06R,4,1,1756572750,04 1652+ WDL/UTI,1756591029,1756591035,1699,0,0
1756572780_2..S01R,101300_2..S01R,2,1,1756572780,02 1653  241/FLA,1756592835,1756592838,1710,0,0
1756572780_6..N01X007,101300_6..N01X007,6,0,1756572780,06 1653  BBR/PEL,1756590834,1756590840,2004,0,0
1756572840_GS.S01R,101400_GS.S01R,GS,1,1756572840,0S 1654  TSS/GCS,1756587318,1756587321,580,0,0
1756572870_7..S,101450_7..S,7,1,1756572870,07 1654+ MST/34H,1756589559,1756589565,1188,0,0
1756572900_6..S01R,101500_6..S01R,6,1,1756572900,06 1655  PEL/BBR,1756591194,1756591200,1673,0,0
1756572900_7..N,101500_7..N,7,0,1756572900,07 1655 34H/MST,1756589580,1756589581,1194,0,0
1756572900_GS.N04R,101500_GS.N04R,GS,0,1756572900,0S 1655  GCS/TSS,1756587405,1756587408,531,0,0
1756572930_1..N02X061,101550_1..N02X061,1,0,1756572930,01 1655+ DYK/242,1756588068,1756588071,709,0,0
1756572960_3..N01R,101600_3..N01R,3,0,1756572960,03 1656  NLT/148,1756591338,1756591341,1720,0,0
1756573080_1..S12R,101800_1..S12R,1,1,1756573080,01 1658  137/SFT,1756589904,1756589910,1257,0,0
1756573110_7..S,101850_7..S,7,1,1756573110,07 1658+ MST/34H,1756589871,1756589874,1223,0,0
1756573140_1..N12R,101900_1..N12R,1,0,1756573140,01 1659  SFT/137,1756590198,1756590201,1917,0,0
1756573140_7..N,101900_7..N,7,0,1756573140,07 1659 34H/MST,1756589868,1756589871,1225,0,0
1756573140_GS.S04R,101900_GS.S04R,GS,1,1756573140,0S 1659  TSS/GCS,1756587633,1756587636,592,0,0
1756573200_4..N06R,102000_4..N06R,4,0,1756573200,04 1700  UTI/WDL,1756591953,1756591956,1834,0,0
1756573200_GS.N01R,102000_GS.N01R,GS,0,1756573200,0S 1700  GCS/TSS,1756587669,1756587675,522,0,0
1756573230_4..S06R,102050_4..S06R,4,1,1756573230,04 1700+ WDL/UTI,1756591666,1756591668,1743,0,0
1756573350_5..S08R,102250_5..S08R,5,1,1756573350,05 1702+ DYR/BWG,1756591104,1756591110,1564,0,0
1756573350_7..S,102250_7..S,7,1,1756573350,07 1702+ MST/34H,1756590024,1756590030,1203,0,0
1756573380_2..N01R,102300_2..N01R,2,0,1756573380,02 1703  FLA/241,1756593390,1756593393,2085,0,0
1756573380_6..N01X007,102300_6..N01X007,6,0,1756573380,06 1703  BBR/PEL,1756591368,1756591371,1650,0,0
1756573380_6..S01R,102300_6..S01R,6,1,1756573380,06 1703  PEL/BBR,1756591794,1756591800,1784,0,0
1756573380_7..N,102300_7..N,7,0,1756573380,07 1703 34H/MST,1756590024,1756590030,1216,0,0
1756573440_1..S02X060,102400_1..S02X060,1,1,1756573440,01 1704  242/DYK,1756588554,1756588560,759,0,0
1756573440_GS.S01R,102400_GS.S01R,GS,1,1756573440,0S 1704  TSS/GCS,1756587903,1756587906,584,0,0
1756573500_2..S01R,102500_2..S01R,2,1,1756573500,02 1705  241/FLA,1756593255,1756593258,1873,0,0
1756573500_GS.N04R,102500_GS.N04R,GS,0,1756573500,0S 1705  GCS/TSS,1756587969,1756587975,522,0,0
1756573560_1..S12R,102600_1..S12R,1,1,1756573560,01 1706  137/SFT,1756590384,1756590390,1251,0,0
1756573560_3..N01R,102600_3..N01R,3,0,1756573560,03 1706  NLT/148,1756592883,1756592886,2019,0,0
1756573560_3..S01R,102600_3..S01R,3,1,1756573560,03 1706  148/NLT,1756592073,1756592076,1790,0,0
1756573590_7..S,102650_7..S,7,1,1756573590,07 1706+ MST/34H,1756590243,1756590246,1218,0,0
1756573620_7..N,102700_7..N,7,0,1756573620,07 1707 34H/MST,1756590264,1756590270,1225,0,0
1756573650_1..N02X061,102750_1..N02X061,1,0,1756573650,01 1707+ DYK/242,1756588818,1756588821,749,0,0
1756573680_4..N06R,102800_4..N06R,4,0,1756573680,04 1708  UTI/WDL,1756592163,1756592166,1818,0,0
1756573710_4..S06R,102850_4..S06R,4,1,1756573710,04 1708+ WDL/UTI,1756588350,1756588353,577,0,0
1756573740_5..N75R,102900_5..N75R,5,0,1756573740,05 1709  BWG/DYR,1756591851,1756591854,1717,0,0
1756573740_GS.S04R,102900_GS.S04R,GS,1,1756573740,0S 1709  TSS/GCS,1756588209,1756588215,586,0,0
1756573800_GS.N01R,103000_GS.N01R,GS,0,1756573800,0S 1710  GCS/TSS,1756588281,1756588284,525,0,0
1756573830_7..S,103050_7..S,7,1,1756573830,07 1710+ MST/34H,1756590468,1756590471,1234,0,0
1756573860_1..N12R,103100_1..N12R,1,0,1756573860,01 1711  SFT/137,1756590759,1756590765,1292,0,0
1756573860_6..S01R,103100_6..S01R,6,1,1756573860,06 1711  PEL/BBR,1756591944,1756591950,1671,0,0
1756573860_7..N,103100_7..N,7,0,1756573860,07 1711 34H/MST,1756590531,1756590534,1254,0,0
1756573920_2..S01R,103200_2..S01R,2,1,1756573920,02 1712  241/FLA,1756593975,1756593978,1937,0,0
1756574010_2..N01R,103350_2..N01R,2,0,1756574010,02 1713+ FLA/241,1756594200,1756594203,1982,0,0
1756574040_1..S12R,103400_1..S12R,1,1,1756574040,01 1714  137/SFT,1756590849,1756590855,1320,0,0
1756574040_GS.S01R,103400_GS.S01R,GS,1,1756574040,0S 1714  TSS/GCS,1756588506,1756588509,585,0,0
1756574070_3..N01R,103450_3..N01R,3,0,1756574070,$3 1714+ NLT/148,1756591786,1756591788,1541,0,0
1756574070_7..S,103450_7..S,7,1,1756574070,07 1714+ MST/34H,1756590738,1756590741,1249,0,0
1756574100_3..S01R,103500_3..S01R,3,1,1756574100,03 1715  148/NLT,1756592349,1756592355,1714,0,0
1756574100_6..N01X007,103500_6..N01X007,6,0,1756574100,06 1715  BBR/PEL,1756592061,1756592064,2099,0,0
1756574100_7..N,103500_7..N,7,0,1756574100,07 1715 34H/MST,1756590768,1756590771,1259,0,0
1756574100_GS.N04R,103500_GS.N04R,GS,0,1756574100,0S 1715  GCS/TSS,1756588581,1756588584,525,0,0
1756574160_1..S02X060,103600_1..S02X060,1,1,1756574160,01 1716  242/DYK,1756589274,1756589280,734,0,0
1756574160_4..N06R,103600_4..N06R,4,0,1756574160,04 1716  UTI/WDL,1756592625,1756592628,1790,0,0
1756574190_4..S06R,103650_4..S06R,4,1,1756574190,04 1716+ WDL/UTI,1756592169,1756592175,1660,0,0
1756574310_7..S,103850_7..S,7,1,1756574310,07 1718+ MST/34H,1756590945,1756590946,1259,0,0
1756574340_1..N12R,103900_1..N12R,1,0,1756574340,01 1719  SFT/137,1756591140,1756591141,1335,0,0
1756574340_6..S01R,103900_6..S01R,6,1,1756574340,06 1719  PEL/BBR,1756592889,1756592895,1861,0,0
1756574340_7..N,103900_7..N,7,0,1756574340,07 1719 34H/MST,1756591095,1756591096,1308,0,0
1756574340_GS.S04R,103900_GS.S04R,GS,1,1756574340,0S 1719  TSS/GCS,1756588836,1756588839,593,0,0
1756574370_1..N02X061,103950_1..N02X061,1,0,1756574370,01 1719+ DYK/242,1756589379,1756589385,688,0,0
1756574400_4..S06R,104000_4..S06R,4,1,1756574400,E4 1720  WDL/UTI,1756592391,1756592394,1175,0,0
1756574400_GS.N01R,104000_GS.N01R,GS,0,1756574400,0S 1720  GCS/TSS,1756588884,1756588890,526,0,0
1756574460_2..S01R,104100_2..S01R,2,1,1756574460,02 1721  241/FLA,1756594473,1756594476,1877,0,0
1756574490_2..N01R,104150_2..N01R,2,0,1756574490,02 1721+ FLA/241,1756592550,1756592553,1492,0,0
1756574520_1..S12R,104200_1..S12R,1,1,1756574520,01 1722  137/SFT,1756591299,1756591305,1308,0,0
1756574550_5..S08R,104250_5..S08R,5,1,1756574550,05 1722+ DYR/BWG,1756592166,1756592169,1579,0,0
1756574550_7..S,104250_7..S,7,1,1756574550,07 1722+ MST/34H,1756591278,1756591281,1307,0,0
1756574580_7..N,104300_7..N,7,0,1756574580,07 1723 34H/MST,1756591311,1756591314,1312,0,0
1756574640_4..N06R,104400_4..N06R,4,0,1756574640,04 1724  UTI/WDL,1756593204,1756593210,1865,0,0
1756574640_GS.S01R,104400_GS.S01R,GS,1,1756574640,0S 1724  TSS/GCS,1756589106,1756589109,585,0,0
1756574670_3..S01R,104450_3..S01R,3,1,1756574670,03 1724+ 148/NLT,1756589586,1756589589,514,0,0
1756574670_4..S06R,104450_4..S06R,4,1,1756574670,04 1724+ WDL/UTI,1756593003,1756593006,1731,0,0
1756574700_GS.N04R,104500_GS.N04R,GS,0,1756574700,0S 1725  GCS/TSS,1756589199,1756589205,530,0,0
1756574760_3..N01R,104600_3..N01R,3,1,1756574760,$3 1726  NLT/148,1756594014,1756594020,2001,0,0
1756574760_3..S01R,104600_3..S01R,3,1,1756574760,E3 1726  110/NLT,1756592544,1756592550,1071,0,0
1756574790_7..S,104650_7..S,7,1,1756574790,07 1726+ MST/34H,1756591471,1756591473,1302,0,0
1756574820_1..N12R,104700_1..N12R,1,0,1756574820,01 1727  SFT/137,1756591494,1756591500,1290,0,0
1756574820_6..N01X007,104700_6..N01X007,6,0,1756574820,06 1727  BBR/PEL,1756592784,1756592790,1673,0,0
1756574820_6..S01R,104700_6..S01R,6,1,1756574820,06 1727  PEL/BBR,1756593048,1756593051,1743,0,0
1756574820_7..N,104700_7..N,7,0,1756574820,07 1727 34H/MST,1756591486,1756591491,1307,0,0
1756574880_1..S02X060,104800_1..S02X060,1,1,1756574880,01 1728  242/DYK,1756590138,1756590141,852,0,0
1756574940_2..S,104900_2..S,2,1,1756574940,E2 1729  241/FLA,1756595775,1756595778,989,0,0
1756574940_2..S01R,104900_2..S01R,2,1,1756574940,02 1729  241/FLA,1756592079,1756592085,1295,0,0
1756574940_5..N75R,104900_5..N75R,5,0,1756574940,05 1729  BWG/DYR,1756592814,1756592820,1681,0,0
1756574940_GS.S04R,104900_GS.S04R,GS,1,1756574940,0S 1729  TSS/GCS,1756589409,1756589415,586,0,0
1756574970_2..N01R,104950_2..N01R,2,1,1756574970,$2 1729+ FLA/241,1756593204,1756593210,1467,0,0
1756575000_1..S12R,105000_1..S12R,1,1,1756575000,01 1730  137/SFT,1756591758,1756591761,1296,0,0
1756575000_GS.N01R,105000_GS.N01R,GS,0,1756575000,0S 1730  GCS/TSS,1756589514,1756589520,538,0,0
1756575030_7..S,105050_7..S,7,1,1756575030,07 1730+ MST/34H,1756591698,1756591701,1304,0,0
1756575060_7..N,105100_7..N,7,0,1756575060,07 1731 34H/MST,1756591731,1756591734,1315,0,0
1756575090_1..N02X061,105150_1..N02X061,1,0,1756575090,01 1731+ DYK/242,1756590219,1756590225,802,0,0
1756575120_4..N06R,105200_4..N06R,4,0,1756575120,04 1732  UTI/WDL,1756593654,1756593660,1828,0,0
1756575150_4..S06R,105250_4..S06R,4,1,1756575150,04 1732+ WDL/UTI,1756593399,1756593405,1760,0,0
1756575240_3..S01R,105400_3..S01R,3,1,1756575240,03 1734  148/NLT,1756593903,1756593906,1894,0,0
1756575240_GS.S01R,105400_GS.S01R,GS,1,1756575240,0S 1734  TSS/GCS,1756589739,1756589745,598,0,0
1756575270_7..S,105450_7..S,7,1,1756575270,07 1734+ MST/34H,1756591980,1756591983,1331,0,0
1756575300_1..N12R,105500_1..N12R,1,0,1756575300,01 1735  SFT/137,1756591959,1756591965,1279,0,0
1756575300_6..S01R,105500_6..S01R,6,1,1756575300,06 1735  PEL/BBR,1756593390,1756593393,1677,0,0
1756575300_7..N,105500_7..N,7,0,1756575300,07 1735 34H/MST,1756591944,1756591950,1320,0,0
1756575300_GS.N04R,105500_GS.N04R,GS,0,1756575300,0S 1735  GCS/TSS,1756589784,1756589790,530,0,0
1756575360_2..S,105600_2..S,2,1,1756575360,E2 1736  241/FLA,1756595913,1756595916,968,0,0
1756575360_2..S01R,105600_2..S01R,2,1,1756575360,02 1736  241/FLA,1756592274,1756592280,1192,0,0
1756575360_3..N01R,105600_3..N01R,3,0,1756575360,03 1736  NLT/148,1756592979,1756592985,1568,0,0
1756575450_2..N,105750_2..N,2,1,1756575450,$2 1737+ FLA/241,1756593459,1756593465,203,0,0
1756575450_2..N01R,105750_2..N01R,2,0,1756575450,02 1737+ FLA/241,1756592379,1756592385,1220,0,0
1756575480_1..S12R,105800_1..S12R,1,1,1756575480,01 1738  137/SFT,1756592283,1756592286,1377,0,0
1756575510_7..S,105850_7..S,7,1,1756575510,07 1738+ MST/34H,1756592316,1756592319,1369,0,0
1756575540_6..N01X007,105900_6..N01X007,6,0,1756575540,06 1739  BBR/PEL,1756593645,1756593648,2235,0,0
1756575540_7..N,105900_7..N,7,0,1756575540,07 1739 34H/MST,1756592346,1756592349,1378,0,0
1756575540_GS.S04R,105900_GS.S04R,GS,1,1756575540,0S 1739  TSS/GCS,1756590048,1756590051,600,0,0
1756575600_1..S02X060,106000_1..S02X060,1,1,1756575600,01 1740  242/DYK,1756590864,1756590870,848,0,0
1756575600_4..N06R,106000_4..N06R,4,0,1756575600,04 1740  UTI/WDL,1756594314,1756594320,1844,0,0
1756575600_GS.N01R,106000_GS.N01R,GS,0,1756575600,0S 1740  GCS/TSS,1756590066,1756590069,525,0,0
1756575630_4..S06R,106050_4..S06R,4,1,1756575630,04 1740+ WDL/UTI,1756594056,1756594059,1775,0,0
1756575750_5..S08R,106250_5..S08R,5,1,1756575750,05 1742+ DYR/BWG,1756593663,1756593666,1670,0,0
1756575750_7..S,106250_7..S,7,1,1756575750,07 1742+ MST/34H,1756592421,1756592424,1349,0,0
1756575780_1..N12R,106300_1..N12R,1,0,1756575780,01 1743  SFT/137,1756592679,1756592685,1408,0,0
1756575780_6..S01R,106300_6..S01R,6,1,1756575780,06 1743  PEL/BBR,1756594155,1756594158,1801,0,0
1756575780_7..N,106300_7..N,7,0,1756575780,07 1743 34H/MST,1756592583,1756592586,1387,0,0
1756575810_1..N02X061,106350_1..N02X061,1,0,1756575810,01 1743+ DYK/242,1756591014,1756591020,897,0,0
1756575840_GS.S01R,106400_GS.S01R,GS,1,1756575840,0S 1744  TSS/GCS,1756590306,1756590309,589,0,0
1756575900_2..S,106500_2..S,2,1,1756575900,E2 1745  241/FLA,1756596065,1756596066,948,0,0
1756575900_2..S01R,106500_2..S01R,2,1,1756575900,02 1745  241/FLA,1756592460,1756592463,1078,0,0
1756575900_GS.N04R,106500_GS.N04R,GS,0,1756575900,0S 1745  GCS/TSS,1756590411,1756590414,537,0,0
1756575930_2..N01R,106550_2..N01R,2,1,1756575930,$2 1745+ FLA/241,1756594689,1756594695,1427,0,0
1756575960_1..S12R,106600_1..S12R,1,0,1756575960,01 1746  137/SFT,1756592943,1756592946,1335,0,0
1756575960_3..N01R,106600_3..N01R,3,0,1756575960,<3 1746  NLT/148,1756593615,1756593618,1577,0,0
1756575960_3..S01R,106600_3..S01R,3,1,1756575960,03 1746  148/NLT,1756594434,1756594440,1788,0,0
1756575990_7..S,106650_7..S,7,1,1756575990,07 1746+ MST/34H,1756592658,1756592661,1340,0,0
1756576020_7..N,106700_7..N,7,0,1756576020,07 1747 34H/MST,1756592700,1756592703,1351,0,0
1756576080_4..N06R,106800_4..N06R,4,0,1756576080,04 1748  UTI/WDL,1756594653,1756594656,1853,0,0
1756576110_4..S06R,106850_4..S06R,4,1,1756576110,04 1748+ WDL/UTI,1756594464,1756594470,1804,0,0
1756576140_5..N75R,106900_5..N75R,5,0,1756576140,05 1749  BWG/DYR,1756594563,1756594566,1829,0,0
1756576140_GS.S04R,106900_GS.S04R,GS,1,1756576140,0S 1749  TSS/GCS,1756590639,1756590645,598,0,0
1756576200_GS.N01R,107000_GS.N01R,GS,0,1756576200,0S 1750  GCS/TSS,1756590669,1756590675,526,0,0
1756576230_7..S,107050_7..S,7,1,1756576230,07 1750+ MST/34H,1756592934,1756592940,1354,0,0
1756576260_1..N12R,107100_1..N12R,1,0,1756576260,01 1751  SFT/137,1756593183,1756593186,1382,0,0
1756576260_6..N01X007,107100_6..N01X007,6,0,1756576260,06 1751  BBR/PEL,1756594464,1756594470,1724,0,0
1756576260_6..S01R,107100_6..S01R,6,1,1756576260,06 1751  PEL/BBR,1756594305,1756594308,1681,0,0
1756576260_7..N,107100_7..N,7,0,1756576260,07 1751 34H/MST,1756592901,1756592904,1337,0,0
1756576320_1..S02X060,107200_1..S02X060,1,1,1756576320,01 1752  242/DYK,1756591548,1756591551,908,0,0
1756576380_2..S,107300_2..S,2,1,1756576380,E2 1753  241/FLA,1756596636,1756596639,1038,0,0
1756576380_2..S01R,107300_2..S01R,2,1,1756576380,02 1753  241/FLA,1756592709,1756592715,1048,0,0
1756576410_2..N01R,107350_2..N01R,2,1,1756576410,$2 1753+ FLA/241,1756595730,1756595733,1605,0,0
1756576440_1..S12R,107400_1..S12R,1,1,1756576440,01 1754  137/SFT,1756593243,1756593246,1389,0,0
1756576440_GS.S01R,107400_GS.S01R,GS,1,1756576440,0S 1754  TSS/GCS,1756590915,1756590916,590,0,0
1756576500_3..N01R,107500_3..N01R,3,0,1756576500,03 1755  NLT/148,1756594314,1756594320,1594,0,0
1756576500_3..S01R,107500_3..S01R,3,1,1756576500,03 1755  148/NLT,1756596441,1756596444,2120,0,0
1756576500_7..N,107500_7..N,7,0,1756576500,07 1755 34H/MST,1756593129,1756593135,1336,0,0
1756576500_GS.N04R,107500_GS.N04R,GS,0,1756576500,0S 1755  GCS/TSS,1756590993,1756590996,531,0,0
1756576530_1..N02X061,107550_1..N02X061,1,0,1756576530,01 1755+ DYK/242,1756591704,1756591710,869,0,0
1756576560_4..N06R,107600_4..N06R,4,0,1756576560,04 1756  UTI/WDL,1756595004,1756595010,1777,0,0
1756576590_4..S06R,107650_4..S06R,4,1,1756576590,04 1756+ WDL/UTI,1756594734,1756594740,1705,0,0
1756576590_7..S,107650_7..S,7,1,1756576590,07 1756+ MST/34H,1756593150,1756593153,1291,0,0
1756576740_1..N,107900_1..N,1,0,1756576740,/1 1759  SFT/137,1756593699,1756593705,68,0,0
1756576740_1..N12R,107900_1..N12R,1,0,1756576740,/1 1759  SFT/137,1756593264,1756593270,1314,0,0
1756576740_6..N01X007,107900_6..N01X007,6,0,1756576740,06 1759  BBR/PEL,1756594734,1756594740,1705,0,0
1756576740_6..S01R,107900_6..S01R,6,1,1756576740,06 1759  PEL/BBR,1756595226,1756595229,1834,0,0
1756576740_7..N,107900_7..N,7,0,1756576740,07 1759 34H/MST,1756593438,1756593441,1347,0,0
1756576740_GS.S04R,107900_GS.S04R,GS,1,1756576740,0S 1759  TSS/GCS,1756591236,1756591239,596,0,0
1756576800_2..S,108000_2..S,2,1,1756576800,E2 1800  241/FLA,1756597635,1756597640,1165,0,0
1756576800_2..S01R,108000_2..S01R,2,1,1756576800,02 1800  241/FLA,1756593231,1756593234,992,0,0
1756576800_GS.N01R,108000_GS.N01R,GS,0,1756576800,0S 1800  GCS/TSS,1756591269,1756591275,525,0,0
1756576890_2..N01R,108150_2..N01R,2,0,1756576890,02 1801+ FLA/241,1756598415,1756598420,1439,0,0
1756576920_1..S12R,108200_1..S12R,1,1,1756576920,01 1802  137/SFT,1756593714,1756593720,1339,0,0
1756576950_1..S12R,108250_1..S12R,1,1,1756576950,01 1802+ 137/SFT,1756591116,1756591119,15,0,0
1756576950_5..S08R,108250_5..S08R,5,1,1756576950,05 1802+ DYR/BWG,1756594581,1756594584,1569,0,0
1756576950_7..S,108250_7..S,7,1,1756576950,07 1802+ MST/34H,1756593696,1756593699,1324,0,0
1756576980_7..N,108300_7..N,7,0,1756576980,07 1803 34H/MST,1756593894,1756593900,1377,0,0
1756577040_1..S02X060,108400_1..S02X060,1,1,1756577040,01 1804  242/DYK,1756592211,1756592214,931,0,0
1756577040_4..N06R,108400_4..N06R,4,0,1756577040,04 1804  UTI/WDL,1756596155,1756596156,1986,0,0
1756577040_GS.S01R,108400_GS.S01R,GS,1,1756577040,0S 1804  TSS/GCS,1756591509,1756591515,588,0,0
1756577070_3..S01R,108450_3..S01R,3,1,1756577070,03 1804+ 148/NLT,1756591644,1756591650,659,0,0
1756577070_4..S06R,108450_4..S06R,4,1,1756577070,04 1804+ WDL/UTI,1756595181,1756595184,1632,0,0
1756577100_GS.N04R,108500_GS.N04R,GS,0,1756577100,0S 1805  GCS/TSS,1756591584,1756591590,528,0,0
1756577160_3..N01R,108600_3..N01R,3,1,1756577160,$3 1806  NLT/148,1756596699,1756596705,2036,0,0
1756577190_6..N01X007,108650_6..N01X007,6,0,1756577190,06 1806+ BBR/PEL,1756595175,1756595178,1630,0,0
1756577190_7..S,108650_7..S,7,1,1756577190,07 1806+ MST/34H,1756593759,1756593765,1274,0,0
1756577220_1..N12R,108700_1..N12R,1,0,1756577220,01 1807  SFT/137,1756594104,1756594110,1347,0,0
1756577220_6..S01R,108700_6..S01R,6,1,1756577220,06 1807  PEL/BBR,1756595385,1756595388,1685,0,0
1756577220_7..N,108700_7..N,7,0,1756577220,07 1807 34H/MST,1756593996,1756593999,1337,0,0
1756577250_1..N02X061,108750_1..N02X061,1,0,1756577250,01 1807+ DYK/242,1756592313,1756592316,865,0,0
1756577340_5..N75R,108900_5..N75R,5,0,1756577340,05 1809  BWG/DYR,1756595355,1756595358,1677,0,0
1756577340_GS.S04R,108900_GS.S04R,GS,1,1756577340,0S 1809  TSS/GCS,1756591848,1756591851,598,0,0
1756577370_2..N01R,108950_2..N01R,2,0,1756577370,02 1809+ FLA/241,1756599081,1756599084,1420,0,0
1756577400_1..S12R,109000_1..S12R,1,1,1756577400,01 1810  137/SFT,1756594215,1756594218,1279,0,0
1756577400_GS.N01R,109000_GS.N01R,GS,0,1756577400,0S 1810  GCS/TSS,1756591893,1756591896,530,0,0
1756577430_7..S,109050_7..S,7,1,1756577430,07 1810+ MST/34H,1756594116,1756594119,1263,0,0
1756577460_7..N,109100_7..N,7,0,1756577460,07 1811 34H/MST,1756594119,1756594125,1264,0,0
1756577520_4..N06R,109200_4..N06R,4,0,1756577520,04 1812  UTI/WDL,1756596654,1756596660,1927,0,0
1756577550_3..S01R,109250_3..S01R,3,1,1756577550,E3 1812+ 110/NLT,1756595475,1756595478,1005,0,0
1756577550_4..S06R,109250_4..S06R,4,1,1756577550,04 1812+ WDL/UTI,1756595946,1756595949,1736,0,0
1756577640_GS.S01R,109400_GS.S01R,GS,1,1756577640,0S 1814  TSS/GCS,1756592109,1756592115,588,0,0
1756577670_6..N01X007,109450_6..N01X007,6,0,1756577670,06 1814+ BBR/PEL,1756595943,1756595946,1640,0,0
1756577670_7..S,109450_7..S,7,1,1756577670,07 1814+ MST/34H,1756594326,1756594329,1268,0,0
1756577700_1..N12R,109500_1..N12R,1,0,1756577700,01 1815  SFT/137,1756594764,1756594770,1328,0,0
1756577700_6..S01R,109500_6..S01R,6,1,1756577700,06 1815  PEL/BBR,1756596024,1756596030,1662,0,0
1756577700_7..N,109500_7..N,7,0,1756577700,07 1815 34H/MST,1756594521,1756594524,1319,0,0
1756577700_GS.N04R,109500_GS.N04R,GS,0,1756577700,0S 1815  GCS/TSS,1756592178,1756592181,526,0,0
1756577760_1..S02X060,109600_1..S02X060,1,1,1756577760,01 1816  242/DYK,1756592895,1756592898,830,0,0
1756577820_3..N01R,109700_3..N01R,3,0,1756577820,03 1817  NLT/148,1756595349,1756595355,1482,0,0
1756577850_2..N,109750_2..N,2,0,1756577850,E2 1817+ FLA/241,1756599690,1756599693,1653,0,0
1756577850_2..N01R,109750_2..N01R,2,0,1756577850,=2 1817+ FLA/241,1756593459,1756593465,798,0,0
1756577880_1..S12R,109800_1..S12R,1,1,1756577880,01 1818  137/SFT,1756594653,1756594656,1298,0,0
1756577910_7..S,109850_7..S,7,1,1756577910,07 1818+ MST/34H,1756594698,1756594701,1296,0,0
1756577940_2..S,109900_2..S,2,1,1756577940,E2 1819  241/FLA,1756598520,1756598525,1057,0,0
1756577940_2..S01R,109900_2..S01R,2,1,1756577940,02 1819  241/FLA,1756594500,1756594503,1007,0,0
1756577940_7..N,109900_7..N,7,0,1756577940,07 1819 34H/MST,1756594659,1756594665,1286,0,0
1756577940_GS.S04R,109900_GS.S04R,GS,1,1756577940,0S 1819  TSS/GCS,1756592451,1756592454,596,0,0
1756577970_1..N02X061,109950_1..N02X061,1,0,1756577970,01 1819+ DYK/242,1756593114,1756593120,794,0,0
1756578000_4..N06R,110000_4..N06R,4,0,1756578000,04 1820  UTI/WDL,1756597515,1756597518,1963,0,0
1756578000_GS.N01R,110000_GS.N01R,GS,0,1756578000,0S 1820  GCS/TSS,1756592505,1756592508,527,0,0
1756578030_4..S06R,110050_4..S06R,4,1,1756578030,04 1820+ WDL/UTI,1756596210,1756596215,1616,0,0
1756578150_5..S08R,110250_5..S08R,5,1,1756578150,05 1822+ DYR/BWG,1756594200,1756594203,1083,0,0
1756578150_6..N01X007,110250_6..N01X007,6,0,1756578150,06 1822+ BBR/PEL,1756596585,1756596590,1716,0,0
1756578150_7..S,110250_7..S,7,1,1756578150,07 1822+ MST/34H,1756594818,1756594821,1261,0,0
1756578180_1..N,110300_1..N,1,0,1756578180,/1 1823  SFT/137,1756595361,1756595364,148,0,0
1756578180_1..N12R,110300_1..N12R,1,0,1756578180,/1 1823  SFT/137,1756594524,1756594530,1169,0,0
1756578180_6..S01R,110300_6..S01R,6,1,1756578180,06 1823  PEL/BBR,1756596264,1756596270,1631,0,0
1756578180_7..N,110300_7..N,7,0,1756578180,07 1823 34H/MST,1756594896,1756594899,1257,0,0
1756578240_GS.S01R,110400_GS.S01R,GS,1,1756578240,0S 1824  TSS/GCS,1756592715,1756592718,569,0,0
1756578300_GS.N04R,110500_GS.N04R,GS,0,1756578300,0S 1825  GCS/TSS,1756592781,1756592784,502,0,0
1756578330_2..N01R,110550_2..N01R,2,0,1756578330,02 1825+ FLA/241,1756599909,1756599915,1883,0,0
1756578330_2..S01R,110550_2..S01R,2,1,1756578330,E2 1825+ 110/FLA,1756596834,1756596840,859,0,0
1756578360_1..S12R,110600_1..S12R,1,1,1756578360,01 1826  137/SFT,1756595163,1756595166,1241,0,0
1756578360_3..N01R,110600_3..N01R,3,0,1756578360,03 1826  NLT/148,1756595964,1756595970,1412,0,0
1756578360_3..S01R,110600_3..S01R,3,1,1756578360,E3 1826  TSQ/NLT,1756596594,1756596600,59,0,0
1756578390_7..S,110650_7..S,7,1,1756578390,07 1826+ MST/34H,1756595028,1756595031,1225,0,0
1756578420_7..N,110700_7..N,7,0,1756578420,07 1827 34H/MST,1756595079,1756595085,1239,0,0
1756578480_1..S02X060,110800_1..S02X060,1,1,1756578480,01 1828  242/DYK,1756593624,1756593630,833,0,0
1756578480_4..N06R,110800_4..N06R,4,0,1756578480,04 1828  UTI/WDL,1756597836,1756597839,1951,0,0
1756578510_4..S06R,110850_4..S06R,4,1,1756578510,04 1828+ WDL/UTI,1756596675,1756596680,1643,0,0
1756578540_5..N75R,110900_5..N75R,5,0,1756578540,05 1829  BWG/DYR,1756597194,1756597200,1781,0,0
1756578540_GS.S04R,110900_GS.S04R,GS,1,1756578540,0S 1829  TSS/GCS,1756593045,1756593048,555,0,0
1756578600_GS.N01R,111000_GS.N01R,GS,0,1756578600,0S 1830  GCS/TSS,1756593081,1756593084,483,0,0
1756578630_6..N,111050_6..N,6,0,1756578630,/6 1830+ BBR/PEL,1756597095,1756597098,239,0,0
1756578630_6..N01X007,111050_6..N01X007,6,0,1756578630,06 1830+ BBR/PEL,1756595856,1756595859,1325,0,0
1756578630_7..S,111050_7..S,7,1,1756578630,07 1830+ MST/34H,1756595349,1756595355,1244,0,0
1756578660_1..N12R,111100_1..N12R,1,0,1756578660,01 1831  SFT/137,1756595739,1756595745,1296,0,0
1756578660_2..S01R,111100_2..S01R,2,1,1756578660,$2 1831  241/FLA,1756594734,1756594740,814,0,0
1756578660_7..N,111100_7..N,7,0,1756578660,07 1831 34H/MST,1756595301,1756595304,1182,0,0
1756578690_1..N02X061,111150_1..N02X061,1,0,1756578690,01 1831+ DYK/242,1756593693,1756593696,753,0,0
1756578840_1..S12R,111400_1..S12R,1,1,1756578840,01 1834  137/SFT,1756595595,1756595598,1257,0,0
1756578840_3..S01R,111400_3..S01R,3,1,1756578840,E3 1834  TSQ/NLT,1756596305,1756596306,797,0,0
1756578840_GS.S01R,111400_GS.S01R,GS,1,1756578840,0S 1834  TSS/GCS,1756593336,1756593339,534,0,0
1756578870_2..S01R,111450_2..S01R,2,1,1756578870,E2 1834+ 96S/FLA,1756596345,1756596350,629,0,0
1756578870_7..S,111450_7..S,7,1,1756578870,07 1834+ MST/34H,1756595574,1756595580,1193,0,0
1756578900_6..S01R,111500_6..S01R,6,1,1756578900,06 1835  PEL/BBR,1756597149,1756597155,1358,0,0
1756578900_7..N,111500_7..N,7,0,1756578900,07 1835 34H/MST,1756595529,1756595535,1181,0,0
1756578900_GS.N04R,111500_GS.N04R,GS,0,1756578900,0S 1835  GCS/TSS,1756593396,1756593399,466,0,0
1756578930_2..N01R,111550_2..N01R,2,0,1756578930,02 1835+ FLA/241,1756600344,1756600350,1748,0,0
1756578960_4..N06R,111600_4..N06R,4,0,1756578960,04 1836  UTI/WDL,1756598550,1756598555,1945,0,0
1756578990_4..S06R,111650_4..S06R,4,1,1756578990,04 1836+ WDL/UTI,1756597494,1756597500,1666,0,0
1756579110_6..N01X007,111850_6..N01X007,6,0,1756579110,06 1838+ BBR/PEL,1756597554,1756597560,1682,0,0
1756579110_7..S,111850_7..S,7,1,1756579110,07 1838+ MST/34H,1756595784,1756595790,1187,0,0
1756579140_1..N12R,111900_1..N12R,1,0,1756579140,01 1839  SFT/137,1756596519,1756596525,1407,0,0
1756579140_7..N,111900_7..N,7,0,1756579140,07 1839 34H/MST,1756595931,1756595934,1226,0,0
1756579140_GS.S04R,111900_GS.S04R,GS,1,1756579140,0S 1839  TSS/GCS,1756593669,1756593675,521,0,0
1756579200_1..S02X060,112000_1..S02X060,1,1,1756579200,01 1840  242/DYK,1756594314,1756594320,727,0,0
1756579200_GS.N01R,112000_GS.N01R,GS,0,1756579200,0S 1840  GCS/TSS,1756593714,1756593720,451,0,0
1756579230_2..S01R,112050_2..S01R,2,1,1756579230,E2 1840+ 96S/FLA,1756596936,1756596939,697,0,0
1756579320_1..S12R,112200_1..S12R,1,1,1756579320,01 1842  137/SFT,1756596204,1756596210,1228,0,0
1756579350_5..S08R,112250_5..S08R,5,1,1756579350,05 1842+ DYR/BWG,1756597125,1756597130,1472,0,0
1756579350_7..S,112250_7..S,7,1,1756579350,07 1842+ MST/34H,1756596020,1756596021,1192,0,0
1756579380_2..S01R,112300_2..S01R,2,1,1756579380,$2 1843  241/FLA,1756595205,1756595208,735,0,0
1756579410_1..N02X061,112350_1..N02X061,1,0,1756579410,01 1843+ DYK/242,1756594563,1756594566,792,0,0
1756579440_4..N06R,112400_4..N06R,4,0,1756579440,04 1844  UTI/WDL,1756598991,1756598994,1967,0,0
1756579440_GS.S01R,112400_GS.S01R,GS,1,1756579440,0S 1844  TSS/GCS,1756593906,1756593909,489,0,0
1756579500_7..N,112500_7..N,7,0,1756579500,07 1845 34H/MST,1756596075,1756596080,856,0,0
1756579500_GS.N04R,112500_GS.N04R,GS,0,1756579500,0S 1845  GCS/TSS,1756593996,1756593999,427,0,0
1756579530_2..N01R,112550_2..N01R,2,0,1756579530,02 1845+ FLA/241,1756600734,1756600740,1853,0,0
1756579560_3..N01R,112600_3..N01R,3,0,1756579560,03 1846  NLT/148,1756596996,1756596999,1344,0,0
1756579560_3..S01R,112600_3..S01R,3,1,1756579560,E3 1846  TSQ/NLT,1756596765,1756596770,738,0,0
1756579590_4..S06R,112650_4..S06R,4,1,1756579590,04 1846+ WDL/UTI,1756597850,1756597851,1570,0,0
1756579590_6..N01X007,112650_6..N01X007,6,0,1756579590,06 1846+ BBR/PEL,1756597884,1756597890,1580,0,0
1756579590_7..S,112650_7..S,7,1,1756579590,07 1846+ MST/34H,1756596279,1756596285,1171,0,0
1756579620_1..N12R,112700_1..N12R,1,0,1756579620,01 1847  SFT/137,1756596795,1756596800,1291,0,0
1756579620_6..S01R,112700_6..S01R,6,1,1756579620,06 1847  PEL/BBR,1756597581,1756597584,1500,0,0
1756579740_3..S01R,112900_3..S01R,3,1,1756579740,E3 1849  96S/NLT,1756597314,1756597320,875,0,0
1756579740_5..N75R,112900_5..N75R,5,0,1756579740,05 1849  BWG/DYR,1756599069,1756599075,1894,0,0
1756579740_GS.S04R,112900_GS.S04R,GS,1,1756579740,0S 1849  TSS/GCS,1756594254,1756594260,479,0,0
1756579800_1..S12R,113000_1..S12R,1,1,1756579800,01 1850  137/SFT,1756596576,1756596579,1143,0,0
1756579800_GS.N01R,113000_GS.N01R,GS,0,1756579800,0S 1850  GCS/TSS,1756594305,1756594308,409,0,0
1756579830_7..S,113050_7..S,7,1,1756579830,07 1850+ MST/34H,1756596429,1756596435,1109,0,0
1756579860_7..N,113100_7..N,7,0,1756579860,07 1851 34H/MST,1756596540,1756596545,1138,0,0
1756579920_1..S02X060,113200_1..S02X060,1,1,1756579920,01 1852  242/DYK,1756595064,1756595070,742,0,0
1756579950_4..N06R,113250_4..N06R,4,0,1756579950,04 1852+ UTI/WDL,1756599441,1756599444,1903,0,0
1756580040_GS.S01R,113400_GS.S01R,GS,1,1756580040,0S 1854  TSS/GCS,1756594509,1756594515,450,0,0
1756580070_6..N01X007,113450_6..N01X007,6,0,1756580070,06 1854+ BBR/PEL,1756598454,1756598460,1556,0,0
1756580070_7..S,113450_7..S,7,1,1756580070,07 1854+ MST/34H,1756596534,1756596540,1094,0,0
1756580100_1..N12R,113500_1..N12R,1,0,1756580100,01 1855  SFT/137,1756597005,1756597010,1171,0,0
1756580100_6..S01R,113500_6..S01R,6,1,1756580100,06 1855  PEL/BBR,1756598415,1756598420,1545,0,0
1756580100_7..N,113500_7..N,7,0,1756580100,07 1855 34H/MST,1756596699,1756596705,1138,0,0
1756580100_GS.N04R,113500_GS.N04R,GS,0,1756580100,0S 1855  GCS/TSS,1756594596,1756594599,400,0,0
1756580130_1..N02X061,113550_1..N02X061,1,0,1756580130,01 1855+ DYK/242,1756595145,1756595148,677,0,0
1756580130_2..N01R,113550_2..N01R,2,0,1756580130,02 1855+ FLA/241,1756601094,1756601100,1598,0,0
1756580160_3..S01R,113600_3..S01R,3,1,1756580160,E3 1856  TSQ/NLT,1756597635,1756597640,1093,0,0
1756580220_2..S01R,113700_2..S01R,2,1,1756580220,02 1857  241/FLA,1756594584,1756594593,398,0,0
1756580280_1..S12R,113800_1..S12R,1,1,1756580280,01 1858  137/SFT,1756597074,1756597080,1190,0,0
1756580310_4..N06R,113850_4..N06R,4,0,1756580310,04 1858+ UTI/WDL,1756594743,1756594746,571,0,0
1756580310_4..S06R,113850_4..S06R,4,1,1756580310,04 1858+ WDL/UTI,1756598735,1756598736,1629,0,0
1756580310_7..S,113850_7..S,7,1,1756580310,07 1858+ MST/34H,1756596950,1756596954,1141,0,0
1756580340_2..N01R,113900_2..N01R,2,0,1756580340,E2 1859  180/241,1756595814,1756595820,218,0,0
1756580340_7..N,113900_7..N,7,0,1756580340,07 1859 34H/MST,1756596990,1756596995,1151,0,0
1756580340_GS.S04R,113900_GS.S04R,GS,1,1756580340,0S 1859  TSS/GCS,1756594860,1756594863,453,0,0
1756580400_GS.N01R,114000_GS.N01R,GS,0,1756580400,0S 1900  GCS/TSS,1756594905,1756594908,403,0,0
1756580415_7..S,114025_7..S,7X,1,1756580415,E7 1900 WPT/34H,1756597145,1756597146,916,0,0
1756580430_2..S01R,114050_2..S01R,2,1,1756580430,E2 1900+ 96S/FLA,1756597956,1756597959,657,0,0
1756580460_7..S,114100_7..S,7X,1,1756580460,E7 1901 WPT/34H,1756597545,1756597550,360,1,0
1756580520_2..S01R,114200_2..S01R,2,1,1756580520,$2 1902  241/FLA,1756596510,1756596515,392,0,0
1756580520_7..S,114200_7..S,7X,1,1756580520,E7 1902 WPT/34H,1756597776,1756597779,324,1,0
1756580550_4..N06R,114250_4..N06R,4,0,1756580550,04 1902+ UTI/WDL,1756599921,1756599924,1382,0,0
1756580550_5..S08R,114250_5..S08R,5,1,1756580550,05 1902+ DYR/BWG,1756598634,1756598640,1524,0,0
1756580550_6..N01X007,114250_6..N01X007,6,0,1756580550,06 1902+ BBR/PEL,1756598871,1756598874,1586,0,0
1756580550_7..S,114250_7..S,7,1,1756580550,07 1902+ MST/34H,1756597140,1756597145,1139,0,0
1756580580_1..N12R,114300_1..N12R,1,0,1756580580,01 1903  SFT/137,1756597395,1756597400,1195,0,0
1756580580_6..S01R,114300_6..S01R,6,1,1756580580,06 1903  PEL/BBR,1756598640,1756598645,1525,0,0
1756580580_7..N,114300_7..N,7,0,1756580580,07 1903 34H/MST,1756597179,1756597185,1136,0,0
1756580640_1..S02X060,114400_1..S02X060,1,1,1756580640,01 1904  242/DYK,1756595805,1756595808,772,0,0
1756580640_3..N01R,114400_3..N01R,3,0,1756580640,03 1904  NLT/148,1756599291,1756599294,1698,0,0
1756580640_7..S,114400_7..S,7X,1,1756580640,E7 1904 WPT/34H,1756598259,1756598265,341,1,0
1756580640_GS.S01R,114400_GS.S01R,GS,1,1756580640,0S 1904  TSS/GCS,1756595121,1756595124,446,0,0
1756580700_GS.N04R,114500_GS.N04R,GS,0,1756580700,0S 1905  GCS/TSS,1756595190,1756595196,400,0,0
1756580730_2..N01R,114550_2..N01R,2,0,1756580730,02 1905+ FLA/241,1756601364,1756601370,1755,0,0
1756580730_5..N75R,114550_5..N75R,5,0,1756580730,E5 1905+ 14G/DYR,1756596804,1756596810,458,0,0
1756580760_1..S12R,114600_1..S12R,1,1,1756580760,01 1906  137/SFT,1756597524,1756597530,1150,0,0
1756580760_3..S01R,114600_3..S01R,3,1,1756580760,03 1906  148/NLT,1756598814,1756598820,525,0,0
1756580790_2..N01R,114650_2..N01R,2,0,1756580790,E2 1906+ 180/241,1756596435,1756596440,247,0,0
1756580790_7..S,114650_7..S,7,1,1756580790,07 1906+ MST/34H,1756597299,1756597305,1108,0,0
1756580820_7..N,114700_7..N,7,0,1756580820,07 1907 34H/MST,1756597575,1756597580,1181,0,0
1756580850_1..N02X061,114750_1..N02X061,1,0,1756580850,01 1907+ DYK/242,1756595973,1756595976,737,0,0
1756580940_5..N75R,114900_5..N75R,5,0,1756580940,05 1909  BWG/DYR,1756599429,1756599435,1655,0,0
1756580940_GS.S04R,114900_GS.S04R,GS,1,1756580940,0S 1909  TSS/GCS,1756595439,1756595445,451,0,0
1756581000_GS.N01R,115000_GS.N01R,GS,0,1756581000,0S 1910  GCS/TSS,1756595499,1756595505,403,0,0
1756581030_4..S06R,115050_4..S06R,4,1,1756581030,04 1910+ WDL/UTI,1756599471,1756599474,1586,0,0
1756581030_6..N01X007,115050_6..N01X007,6,0,1756581030,06 1910+ BBR/PEL,1756599480,1756599485,1588,0,0
1756581030_7..S,115050_7..S,7,1,1756581030,07 1910+ MST/34H,1756597524,1756597530,1086,0,0
1756581060_1..N12R,115100_1..N12R,1,0,1756581060,01 1911  SFT/137,1756597854,1756597860,1157,0,0
1756581060_6..S01R,115100_6..S01R,6,1,1756581060,06 1911  PEL/BBR,1756599249,1756599255,1527,0,0
1756581060_7..N,115100_7..N,7,0,1756581060,07 1911 34H/MST,1756597719,1756597725,1137,0,0
1756581120_2..N01R,115200_2..N01R,2,0,1756581120,02 1912  FLA/241,1756601736,1756601739,1742,0,0
1756581150_4..N06R,115250_4..N06R,4,0,1756581150,04 1912+ UTI/WDL,1756600041,1756600044,1381,0,0
1756581240_1..S12R,115400_1..S12R,1,1,1756581240,01 1914  137/SFT,1756598025,1756598030,1202,0,0
1756581240_3..N01R,115400_3..N01R,3,0,1756581240,03 1914  NLT/148,1756599840,1756599843,1683,0,0
1756581240_GS.S01R,115400_GS.S01R,GS,1,1756581240,0S 1914  TSS/GCS,1756595709,1756595715,445,0,0
1756581270_7..S,115450_7..S,7,1,1756581270,07 1914+ MST/34H,1756597869,1756597875,1111,0,0
1756581300_7..N,115500_7..N,7,0,1756581300,07 1915 34H/MST,1756598061,1756598064,1162,0,0
1756581300_GS.N04R,115500_GS.N04R,GS,0,1756581300,0S 1915  GCS/TSS,1756595799,1756595805,403,0,0
1756581360_1..S02X060,115600_1..S02X060,1,1,1756581360,01 1916  242/DYK,1756596564,1756596570,735,0,0
1756581390_2..S01R,115650_2..S01R,2,1,1756581390,E2 1916+ 96S/FLA,1756599000,1756599005,656,0,0
1756581510_6..N01X007,115850_6..N01X007,6,0,1756581510,06 1918+ BBR/PEL,1756599609,1756599615,1543,0,0
1756581540_1..N12R,115900_1..N12R,1,0,1756581540,01 1919  SFT/137,1756598304,1756598310,1196,0,0
1756581540_6..S01R,115900_6..S01R,6,1,1756581540,06 1919  PEL/BBR,1756599729,1756599735,1575,0,0
1756581540_7..N,115900_7..N,7,0,1756581540,07 1919 34H/MST,1756598295,1756598300,1180,0,0
1756581540_GS.S04R,115900_GS.S04R,GS,1,1756581540,0S 1919  TSS/GCS,1756596006,1756596009,444,0,0
1756581570_1..N02X061,115950_1..N02X061,1,0,1756581570,01 1919+ DYK/242,1756596765,1756596770,708,0,0
1756581600_GS.N01R,116000_GS.N01R,GS,0,1756581600,0S 1920  GCS/TSS,1756596099,1756596105,403,0,0
1756581630_4..N06R,116050_4..N06R,4,0,1756581630,04 1920+ UTI/WDL,1756600434,1756600440,1465,0,0
1756581630_7..S,116050_7..S,7,1,1756581630,07 1920+ MST/34H,1756598109,1756598115,970,0,0
1756581660_2..S01R,116100_2..S01R,2,1,1756581660,02 1921  241/FLA,1756602261,1756602264,1813,0,0
1756581690_2..N01R,116150_2..N01R,2,0,1756581690,02 1921+ FLA/241,1756602510,1756602516,1856,0,0
1756581720_1..S,116200_1..S,1,1,1756581720,/1 1922  137/SFT,1756598799,1756598805,151,0,0
1756581720_1..S12R,116200_1..S12R,1,1,1756581720,01 1922  137/SFT,1756598079,1756598085,1057,0,0
1756581750_4..S06R,116250_4..S06R,4,1,1756581750,04 1922+ WDL/UTI,1756599969,1756599975,1557,0,0
1756581750_5..S08R,116250_5..S08R,5,1,1756581750,05 1922+ DYR/BWG,1756599594,1756599600,1459,0,0
1756581780_7..N,116300_7..N,7,0,1756581780,07 1923 34H/MST,1756598601,1756598604,1189,0,0
1756581840_GS.S01R,116400_GS.S01R,GS,1,1756581840,0S 1924  TSS/GCS,1756596324,1756596330,448,0,0
1756581900_GS.N04R,116500_GS.N04R,GS,0,1756581900,0S 1925  GCS/TSS,1756596429,1756596435,409,0,0
1756581960_3..N01R,116600_3..N01R,3,0,1756581960,03 1926  NLT/148,1756600743,1756600746,1684,0,0
1756581960_3..S01R,116600_3..S01R,3,1,1756581960,E3 1926  TSQ/NLT,1756599660,1756599663,810,0,0
1756581990_4..N06R,116650_4..N06R,4,0,1756581990,04 1926+ UTI/WDL,1756600614,1756600620,1473,0,0
1756581990_6..N01X007,116650_6..N01X007,6,0,1756581990,06 1926+ BBR/PEL,1756600053,1756600056,1500,0,0
1756582020_1..N12R,116700_1..N12R,1,0,1756582020,01 1927  SFT/137,1756598829,1756598835,1175,0,0
1756582020_6..S01R,116700_6..S01R,6,1,1756582020,06 1927  PEL/BBR,1756600035,1756600038,1495,0,0
1756582020_7..N,116700_7..N,7,0,1756582020,07 1927 34H/MST,1756598769,1756598775,1178,0,0
1756582050_7..S,116750_7..S,7,1,1756582050,07 1927+ MST/34H,1756598901,1756598904,1184,0,0
1756582080_1..S02X060,116800_1..S02X060,1,1,1756582080,01 1928  242/DYK,1756597296,1756597299,769,0,0
1756582140_5..N75R,116900_5..N75R,5,0,1756582140,05 1929  BWG/DYR,1756601253,1756601256,1595,0,0
1756582140_GS.S04R,116900_GS.S04R,GS,1,1756582140,0S 1929  TSS/GCS,1756596606,1756596609,444,0,0
1756582170_2..N01R,116950_2..N01R,2,0,1756582170,02 1929+ FLA/241,1756603089,1756603095,1912,0,0
1756582200_1..S12R,117000_1..S12R,1,1,1756582200,01 1930  137/SFT,1756599000,1756599005,1141,0,0
1756582200_2..N01R,117000_2..N01R,2,0,1756582200,E2 1930  180/241,1756597695,1756597700,238,0,0
1756582200_GS.N01R,117000_GS.N01R,GS,0,1756582200,0S 1930  GCS/TSS,1756596660,1756596665,395,0,0
1756582260_3..S01R,117100_3..S01R,3,1,1756582260,E3 1931  96S/NLT,1756600464,1756600470,998,0,0
1756582260_7..N,117100_7..N,7,0,1756582260,07 1931 34H/MST,1756598985,1756598990,1147,0,0
1756582290_1..N02X061,117150_1..N02X061,1,0,1756582290,01 1931+ DYK/242,1756597446,1756597449,730,0,0
1756582350_4..N06R,117250_4..N06R,4,0,1756582350,04 1932+ UTI/WDL,1756600989,1756600995,1671,0,0
1756582350_7..S,117250_7..S,7,1,1756582350,07 1932+ MST/34H,1756599084,1756599090,1174,0,0
1756582380_2..S01R,117300_2..S01R,2,1,1756582380,02 1933  241/FLA,1756595760,1756595763,215,0,0
1756582440_GS.S01R,117400_GS.S01R,GS,1,1756582440,0S 1934  TSS/GCS,1756596900,1756596905,443,0,0
1756582470_4..S06R,117450_4..S06R,4,1,1756582470,04 1934+ WDL/UTI,1756600854,1756600860,1555,0,0
1756582500_1..N12R,117500_1..N12R,1,0,1756582500,01 1935  SFT/137,1756599246,1756599249,1127,0,0
1756582500_6..S01R,117500_6..S01R,6,1,1756582500,06 1935  PEL/BBR,1756600533,1756600536,1469,0,0
1756582500_7..N,117500_7..N,7,0,1756582500,07 1935 34H/MST,1756599219,1756599225,1168,0,0
1756582500_GS.N04R,117500_GS.N04R,GS,0,1756582500,0S 1935  GCS/TSS,1756596999,1756597005,401,0,0
1756582560_2..N01R,117600_2..N01R,2,0,1756582560,02 1936  FLA/241,1756603326,1756603329,1907,0,0
1756582560_3..N01R,117600_3..N01R,3,0,1756582560,03 1936  NLT/148,1756601109,1756601115,1623,0,0
1756582620_6..N01X007,117700_6..N01X007,6,0,1756582620,06 1937  BBR/PEL,1756600773,1756600776,1874,0,0
1756582650_7..S,117750_7..S,7,1,1756582650,07 1937+ MST/34H,1756599324,1756599330,1140,0,0
1756582680_1..S12R,117800_1..S12R,1,1,1756582680,01 1938  137/SFT,1756599450,1756599455,1181,0,0
1756582740_7..N,117900_7..N,7,0,1756582740,07 1939 34H/MST,1756599489,1756599495,1172,0,0
1756582740_GS.S04R,117900_GS.S04R,GS,1,1756582740,0S 1939  TSS/GCS,1756597194,1756597200,441,0,0
1756582800_1..S02X060,118000_1..S02X060,1,1,1756582800,01 1940  242/DYK,1756597974,1756597980,712,0,0
1756582800_7..S,118000_7..S,7X,1,1756582800,E7 1940 WPT/34H,1756599180,1756599185,503,0,0
1756582800_GS.N01R,118000_GS.N01R,GS,0,1756582800,0S 1940  GCS/TSS,1756597290,1756597295,400,0,0
1756582830_4..N06R,118050_4..N06R,4,0,1756582830,04 1940+ UTI/WDL,1756601334,1756601340,1605,0,0
1756582920_3..S01R,118200_3..S01R,3,1,1756582920,E3 1942  TSQ/NLT,1756600764,1756600770,913,0,0
1756582950_5..S08R,118250_5..S08R,5,1,1756582950,05 1942+ DYR/BWG,1756601124,1756601130,1549,0,0
1756582950_7..S,118250_7..S,7,1,1756582950,07 1942+ MST/34H,1756599744,1756599750,1181,0,0
1756582980_1..N12R,118300_1..N12R,1,0,1756582980,01 1943  SFT/137,1756599540,1756599545,1127,0,0
1756582980_6..S01R,118300_6..S01R,6,1,1756582980,06 1943  PEL/BBR,1756601184,1756601190,1565,0,0
1756582980_7..N,118300_7..N,7,0,1756582980,07 1943 34H/MST,1756599693,1756599696,1167,0,0
1756583010_1..N02X061,118350_1..N02X061,1,0,1756583010,01 1943+ DYK/242,1756598184,1756598190,767,0,0
1756583040_GS.S01R,118400_GS.S01R,GS,1,1756583040,0S 1944  TSS/GCS,1756597509,1756597515,444,0,0
1756583100_2..S01R,118500_2..S01R,2,1,1756583100,02 1945  241/FLA,1756603521,1756603524,1825,0,0
1756583100_GS.N04R,118500_GS.N04R,GS,0,1756583100,0S 1945  GCS/TSS,1756597575,1756597580,397,0,0
1756583160_1..S12R,118600_1..S12R,1,1,1756583160,01 1946  137/SFT,1756599939,1756599945,1153,0,0
1756583160_2..N01R,118600_2..N01R,2,0,1756583160,02 1946  FLA/241,1756604160,1756604163,1951,0,0
1756583160_3..N01R,118600_3..N01R,3,0,1756583160,03 1946  NLT/148,1756601931,1756601934,1683,0,0
1756583160_7..S,118600_7..S,7X,1,1756583160,E7 1946 WPT/34H,1756599684,1756599690,467,0,0
1756583190_4..N06R,118650_4..N06R,4,0,1756583190,04 1946+ UTI/WDL,1756601874,1756601880,1668,0,0
1756583220_7..N,118700_7..N,7,0,1756583220,07 1947 34H/MST,1756600191,1756600194,1238,0,0
1756583250_6..N01X007,118750_6..N01X007,6,0,1756583250,06 1947+ BBR/PEL,1756601235,1756601238,1996,0,0
1756583250_7..S,118750_7..S,7,1,1756583250,07 1947+ MST/34H,1756599924,1756599930,1155,0,0
1756583340_GS.S04R,118900_GS.S04R,GS,1,1756583340,0S 1949  TSS/GCS,1756597794,1756597800,441,0,0
1756583400_4..S06R,119000_4..S06R,4,1,1756583400,04 1950  WDL/UTI,1756601619,1756601625,1208,0,0
1756583400_GS.N01R,119000_GS.N01R,GS,0,1756583400,0S 1950  GCS/TSS,1756597875,1756597880,397,0,0
1756583460_1..N12R,119100_1..N12R,1,0,1756583460,01 1951  SFT/137,1756600281,1756600284,1164,0,0
1756583460_6..S01R,119100_6..S01R,6,1,1756583460,06 1951  PEL/BBR,1756601679,1756601685,1537,0,0
1756583460_7..N,119100_7..N,7,0,1756583460,07 1951 34H/MST,1756600323,1756600326,1205,0,0
1756583520_1..S02X060,119200_1..S02X060,1,1,1756583520,01 1952  242/DYK,1756598640,1756598645,728,0,0
1756583550_7..S,119250_7..S,7,1,1756583550,07 1952+ MST/34H,1756600245,1756600248,1145,0,0
1756583640_1..S12R,119400_1..S12R,1,1,1756583640,01 1954  137/SFT,1756600425,1756600428,1202,0,0
1756583640_GS.S01R,119400_GS.S01R,GS,1,1756583640,0S 1954  TSS/GCS,1756598109,1756598115,445,0,0
1756583700_3..S01R,119500_3..S01R,3,1,1756583700,03 1955  148/NLT,1756602639,1756602645,1711,0,0
1756583700_7..N,119500_7..N,7,0,1756583700,07 1955 34H/MST,1756600659,1756600665,1233,0,0
1756583700_7..S,119500_7..S,7X,1,1756583700,E7 1955 WPT/34H,1756600089,1756600095,488,0,0
1756583730_1..N02X061,119550_1..N02X061,1,0,1756583730,01 1955+ DYK/242,1756598760,1756598765,680,0,0
1756583760_2..N01R,119600_2..N01R,2,0,1756583760,02 1956  FLA/241,1756604286,1756604289,1857,0,0
1756583760_3..N01R,119600_3..N01R,3,0,1756583760,03 1956  NLT/148,1756602381,1756602384,1644,0,0
1756583820_2..S01R,119700_2..S01R,2,1,1756583820,02 1957  241/FLA,1756604358,1756604361,1871,0,0
1756583850_6..N01X007,119750_6..N01X007,6,0,1756583850,06 1957+ BBR/PEL,1756601616,1756601619,1441,0,0
1756583850_7..S,119750_7..S,7,1,1756583850,07 1957+ MST/34H,1756600449,1756600455,1107,0,0
1756583910_4..N06R,119850_4..N06R,4,0,1756583910,04 1958+ UTI/WDL,1756602270,1756602273,1614,0,0
1756583940_1..N12R,119900_1..N12R,1,0,1756583940,01 1959  SFT/137,1756600848,1756600851,1236,0,0
1756583940_6..S01R,119900_6..S01R,6,1,1756583940,06 1959  PEL/BBR,1756602093,1756602096,1567,0,0
1756584000_GS.N01R,120000_GS.N01R,GS,0,1756584000,0S 2000  GCS/TSS,1756598484,1756598490,401,0,0
1756584060_7..N,120100_7..N,7,0,1756584060,07 2001 34H/MST,1756600896,1756600899,772,0,0
1756584120_1..S12R,120200_1..S12R,1,1,1756584120,01 2002  137/SFT,1756600869,1756600875,1162,0,0
1756584150_5..S08R,120250_5..S08R,5,1,1756584150,05 2002+ DYR/BWG,1756602405,1756602408,1570,0,0
1756584150_7..S,120250_7..S,7,1,1756584150,07 2002+ MST/34H,1756600908,1756600911,1182,0,0
1756584240_1..S02X060,120400_1..S02X060,1,1,1756584240,01 2004  242/DYK,1756599300,1756599305,744,0,0
1756584240_GS.S01R,120400_GS.S01R,GS,1,1756584240,0S 2004  TSS/GCS,1756598715,1756598721,447,0,0
1756584330_6..N01X007,120550_6..N01X007,6,0,1756584330,06 2005+ BBR/PEL,1756602381,1756602384,1484,0,0
1756584360_7..S,120600_7..S,7X,1,1756584360,E7 2006 WPT/34H,1756600569,1756600575,431,0,0
1756584420_1..N12R,120700_1..N12R,1,0,1756584420,01 2007  SFT/137,1756601160,1756601163,1159,0,0
1756584420_6..S01R,120700_6..S01R,6,1,1756584420,06 2007  PEL/BBR,1756602438,1756602441,1499,0,0
1756584450_1..N02X061,120750_1..N02X061,1,0,1756584450,01 2007+ DYK/242,1756599561,1756599564,734,0,0
1756584450_7..N,120750_7..N,7,0,1756584450,07 2007+ 34H/MST,1756601250,1756601253,1128,0,0
1756584450_7..S,120750_7..S,7,1,1756584450,07 2007+ MST/34H,1756600995,1756600998,1074,0,0
1756584480_2..N01R,120800_2..N01R,2,0,1756584480,02 2008  FLA/241,1756604970,1756604973,1877,0,0
1756584510_4..N06R,120850_4..N06R,4,0,1756584510,04 2008+ UTI/WDL,1756603320,1756603323,1732,0,0
1756584540_5..N75R,120900_5..N75R,5,0,1756584540,05 2009  BWG/DYR,1756602600,1756602603,1521,0,0
1756584570_2..S01R,120950_2..S01R,2,1,1756584570,02 2009+ 241/FLA,1756604640,1756604643,1698,0,0
1756584570_3..S01R,120950_3..S01R,3,1,1756584570,03 2009+ 148/NLT,1756602939,1756602945,1048,0,0
1756584600_1..S12R,121000_1..S12R,1,1,1756584600,01 2010  137/SFT,1756601385,1756601388,1139,0,0
1756584600_GS.N01R,121000_GS.N01R,GS,0,1756584600,0S 2010  GCS/TSS,1756599075,1756599080,399,0,0
1756584630_4..S06R,121050_4..S06R,4,1,1756584630,04 2010+ WDL/UTI,1756599105,1756599110,532,0,0
1756584750_7..N,121250_7..N,7,0,1756584750,07 2012+ 34H/MST,1756601451,1756601454,1147,0,0
1756584810_6..N01X007,121350_6..N01X007,6,0,1756584810,06 2013+ BBR/PEL,1756602801,1756602804,1514,0,0
1756584840_GS.S01R,121400_GS.S01R,GS,1,1756584840,0S 2014  TSS/GCS,1756599300,1756599305,444,0,0
1756584900_1..N12R,121500_1..N12R,1,0,1756584900,01 2015  SFT/137,1756601670,1756601673,1136,0,0
1756584900_6..S01R,121500_6..S01R,6,1,1756584900,06 2015  PEL/BBR,1756603176,1756603179,1535,0,0
1756584960_1..S02X060,121600_1..S02X060,1,1,1756584960,01 2016  242/DYK,1756600089,1756600095,715,0,0
1756584960_3..N01R,121600_3..N01R,3,0,1756584960,03 2016  NLT/148,1756603401,1756603404,1595,0,0
1756585050_7..N,121750_7..N,7,0,1756585050,07 2017+ 34H/MST,1756602093,1756602096,1186,0,0
1756585050_7..S,121750_7..S,7,1,1756585050,07 2017+ MST/34H,1756601703,1756601709,1110,0,0
1756585080_1..S12R,121800_1..S12R,1,1,1756585080,01 2018  137/SFT,1756599525,1756599530,565,0,0
1756585170_1..N02X061,121950_1..N02X061,1,0,1756585170,01 2019+ DYK/242,1756600101,1756600104,639,0,0
1756585200_2..N01R,122000_2..N01R,2,0,1756585200,02 2020  FLA/241,1756599054,1756599065,177,0,0
1756585200_GS.N01R,122000_GS.N01R,GS,0,1756585200,0S 2020  GCS/TSS,1756599669,1756599675,401,0,0
1756585230_4..N06R,122050_4..N06R,4,0,1756585230,04 2020+ UTI/WDL,1756603689,1756603695,1593,0,0
1756585290_2..S01R,122150_2..S01R,2,1,1756585290,02 2021+ 241/FLA,1756605810,1756605813,1863,0,0
1756585290_6..N01X007,122150_6..N01X007,6,0,1756585290,06 2021+ BBR/PEL,1756603269,1756603275,1481,0,0
1756585320_7..S,122200_7..S,7,1,1756585320,07 2022 MST/34H,1756601880,1756601883,1113,0,0
1756585350_4..S06R,122250_4..S06R,4,1,1756585350,04 2022+ WDL/UTI,1756603701,1756603704,1596,0,0
1756585350_5..S08R,122250_5..S08R,5,1,1756585350,05 2022+ DYR/BWG,1756603374,1756603380,1509,0,0
1756585350_7..N,122250_7..N,7,0,1756585350,07 2022+ 34H/MST,1756602216,1756602219,1203,0,0
1756585380_1..N12R,122300_1..N12R,1,0,1756585380,01 2023  SFT/137,1756602189,1756602195,1195,0,0
1756585380_6..S01R,122300_6..S01R,6,1,1756585380,06 2023  PEL/BBR,1756603479,1756603485,1537,0,0
1756585440_1..S12R,122400_1..S12R,1,1,1756585440,01 2024  137/SFT,1756602381,1756602384,760,0,0
1756585440_3..S01R,122400_3..S01R,3,1,1756585440,03 2024  148/NLT,1756603701,1756603704,1595,0,0
1756585440_GS.S01R,122400_GS.S01R,GS,1,1756585440,0S 2024  TSS/GCS,1756599894,1756599900,460,0,0
1756585500_3..N01R,122500_3..N01R,3,0,1756585500,03 2025  NLT/148,1756604190,1756604193,1645,0,0
1756585560_2..N01R,122600_2..N01R,2,0,1756585560,02 2026  FLA/241,1756606290,1756606293,1640,0,0
1756585680_1..S02X060,122800_1..S02X060,1,1,1756585680,01 2028  242/DYK,1756600809,1756600815,748,0,0
1756585680_7..N,122800_7..N,7,0,1756585680,07 2028 34H/MST,1756602594,1756602600,1222,0,0
1756585680_7..S,122800_7..S,7,1,1756585680,07 2028 MST/34H,1756602339,1756602345,1156,0,0
1756585740_5..N75R,122900_5..N75R,5,0,1756585740,05 2029  BWG/DYR,1756603611,1756603614,1492,0,0
1756585740_6..N01X007,122900_6..N01X007,6,0,1756585740,06 2029  BBR/PEL,1756603809,1756603815,1545,0,0
1756585800_GS.N01R,123000_GS.N01R,GS,0,1756585800,0S 2030  GCS/TSS,1756600281,1756600284,441,0,0
1756585860_1..N12R,123100_1..N12R,1,0,1756585860,01 2031  SFT/137,1756602699,1756602705,1170,0,0
1756585860_6..S01R,123100_6..S01R,6,1,1756585860,06 2031  PEL/BBR,1756603914,1756603920,1493,0,0
1756585890_1..N02X061,123150_1..N02X061,1,0,1756585890,01 2031+ DYK/242,1756601019,1756601025,725,0,0
1756585920_2..N01R,123200_2..N01R,2,0,1756585920,02 2032  FLA/241,1756599081,1756599095,157,0,0
1756585950_4..N06R,123250_4..N06R,4,0,1756585950,04 2032+ UTI/WDL,1756604490,1756604493,1646,0,0
1756586040_1..S12R,123400_1..S12R,1,1,1756586040,01 2034  137/SFT,1756602699,1756602705,1169,0,0
1756586040_2..S01R,123400_2..S01R,2,1,1756586040,02 2034  241/FLA,1756605990,1756605993,1777,0,0
1756586040_7..N,123400_7..N,7,0,1756586040,07 2034 34H/MST,1756602765,1756602768,1164,0,0
1756586040_7..S,123400_7..S,7,1,1756586040,07 2034 MST/34H,1756602648,1756602651,1133,0,0
1756586040_GS.S01R,123400_GS.S01R,GS,1,1756586040,0S 2034  TSS/GCS,1756600494,1756600500,498,0,0
1756586070_4..S06R,123450_4..S06R,4,1,1756586070,04 2034+ WDL/UTI,1756604124,1756604130,1469,0,0
1756586220_6..N01X007,123700_6..N01X007,6,0,1756586220,06 2037  BBR/PEL,1756604109,1756604115,1465,0,0
1756586340_1..N12R,123900_1..N12R,1,0,1756586340,01 2039  SFT/137,1756603080,1756603083,1191,0,0
1756586340_3..S01R,123900_3..S01R,3,1,1756586340,03 2039  148/NLT,1756604841,1756604844,1317,0,0
1756586340_6..S01R,123900_6..S01R,6,1,1756586340,06 2039  PEL/BBR,1756604796,1756604799,1648,0,0
1756586400_1..S02X060,124000_1..S02X060,1,1,1756586400,01 2040  242/DYK,1756601616,1756601619,725,0,0
1756586400_7..N,124000_7..N,7,0,1756586400,07 2040 34H/MST,1756603473,1756603476,1255,0,0
1756586400_7..S,124000_7..S,7,1,1756586400,07 2040 MST/34H,1756603044,1756603050,1141,0,0
1756586400_GS.N01R,124000_GS.N01R,GS,0,1756586400,0S 2040  GCS/TSS,1756600869,1756600875,478,0,0
1756586520_1..S12R,124200_1..S12R,1,1,1756586520,01 2042  137/SFT,1756603281,1756603284,1166,0,0
1756586550_5..S08R,124250_5..S08R,5,1,1756586550,05 2042+ DYR/BWG,1756604241,1756604244,1421,0,0
1756586610_1..N02X061,124350_1..N02X061,1,0,1756586610,01 2043+ DYK/242,1756601625,1756601628,727,0,0
1756586640_2..N01R,124400_2..N01R,2,0,1756586640,02 2044  FLA/241,1756606860,1756606863,1834,0,0
1756586640_3..S01R,124400_3..S01R,3,1,1756586640,03 2044  148/NLT,1756599885,1756599888,263,0,0
1756586640_GS.S01R,124400_GS.S01R,GS,1,1756586640,0S 2044  TSS/GCS,1756601109,1756601115,542,0,0
1756586670_4..N06R,124450_4..N06R,4,0,1756586670,04 2044+ UTI/WDL,1756605021,1756605024,1549,0,0
1756586700_6..N01X007,124500_6..N01X007,6,0,1756586700,06 2045  BBR/PEL,1756604670,1756604673,1455,0,0
1756586760_2..S01R,124600_2..S01R,2,1,1756586760,02 2046  241/FLA,1756606656,1756606659,1731,0,0
1756586760_3..N01R,124600_3..N01R,3,0,1756586760,03 2046  NLT/148,1756605459,1756605465,1665,0,0
1756586760_7..N,124600_7..N,7,0,1756586760,07 2046 34H/MST,1756603671,1756603674,1226,0,0
1756586790_4..S05R,124650_4..S05R,4,1,1756586790,04 2046+ WDL/UTI,1756605054,1756605060,1558,0,0
1756586820_1..N12R,124700_1..N12R,1,0,1756586820,01 2047  SFT/137,1756603404,1756603410,1119,0,0
1756586820_7..S,124700_7..S,7,1,1756586820,07 2047 MST/34H,1756603320,1756603323,1100,0,0
1756586850_6..S01R,124750_6..S01R,6,1,1756586850,06 2047+ PEL/BBR,1756604994,1756605000,1542,0,0
1756586940_5..N75R,124900_5..N75R,5,0,1756586940,05 2049  BWG/DYR,1756605159,1756605165,1572,0,0
1756587000_1..S12R,125000_1..S12R,1,1,1756587000,01 2050  137/SFT,1756603749,1756603755,1131,0,0
1756587000_GS.N01R,125000_GS.N01R,GS,0,1756587000,0S 2050  GCS/TSS,1756601496,1756601499,525,0,0
1756587120_1..S02X060,125200_1..S02X060,1,1,1756587120,01 2052  242/DYK,1756602210,1756602213,722,0,0
1756587180_6..N01X007,125300_6..N01X007,6,0,1756587180,06 2053  BBR/PEL,1756605030,1756605033,1471,0,0
1756587240_3..S01R,125400_3..S01R,3,1,1756587240,03 2054  148/NLT,1756605441,1756605444,1580,0,0
1756587240_7..N,125400_7..N,7,0,1756587240,07 2054 34H/MST,1756603890,1756603896,1117,0,0
1756587240_7..S,125400_7..S,7,1,1756587240,07 2054 MST/34H,1756603749,1756603755,1080,0,0
1756587240_GS.S01R,125400_GS.S01R,GS,1,1756587240,0S 2054  TSS/GCS,1756601721,1756601724,584,0,0
1756587300_1..N12R,125500_1..N12R,1,0,1756587300,01 2055  SFT/137,1756603764,1756603770,1054,0,0
1756587330_1..N02X061,125550_1..N02X061,1,0,1756587330,01 2055+ DYK/242,1756602441,1756602444,703,0,0
1756587330_6..S01R,125550_6..S01R,6,1,1756587330,06 2055+ PEL/BBR,1756605399,1756605405,1488,0,0
1756587360_3..N01R,125600_3..N01R,3,0,1756587360,03 2056  NLT/148,1756606101,1756606104,1675,0,0
1756587390_4..N06R,125650_4..N06R,4,0,1756587390,04 2056+ UTI/WDL,1756606470,1756606473,1773,0,0
1756587480_1..S12R,125800_1..S12R,1,1,1756587480,01 2058  137/SFT,1756604259,1756604265,1185,0,0
1756587480_2..S01R,125800_2..S01R,2,1,1756587480,02 2058  241/FLA,1756607670,1756607673,1857,0,0
1756587510_4..S05R,125850_4..S05R,4,1,1756587510,04 2058+ WDL/UTI,1756606455,1756606458,1769,0,0
1756587600_GS.N01R,126000_GS.N01R,GS,0,1756587600,0S 2100  GCS/TSS,1756602108,1756602111,535,0,0
1756587660_6..N01X007,126100_6..N01X007,6,0,1756587660,06 2101  BBR/PEL,1756605570,1756605573,1454,0,0
1756587720_2..N01R,126200_2..N01R,2,0,1756587720,02 2102  FLA/241,1756607991,1756607994,1844,0,0
1756587720_7..N,126200_7..N,7,0,1756587720,07 2102 34H/MST,1756604424,1756604430,1152,0,0
1756587720_7..S,126200_7..S,7,1,1756587720,07 2102 MST/34H,1756604364,1756604370,1136,0,0
1756587750_5..S08R,126250_5..S08R,5,1,1756587750,05 2102+ DYR/BWG,1756605513,1756605516,1439,0,0
1756587780_1..N12R,126300_1..N12R,1,0,1756587780,01 2103  SFT/137,1756604601,1756604604,1197,0,0
1756587840_1..S02X060,126400_1..S02X060,1,1,1756587840,01 2104  242/DYK,1756602939,1756602945,755,0,0
1756587840_GS.S01R,126400_GS.S01R,GS,1,1756587840,0S 2104  TSS/GCS,1756602303,1756602309,588,0,0
1756587870_6..S01R,126450_6..S01R,6,1,1756587870,06 2104+ PEL/BBR,1756605759,1756605765,1425,0,0
1756587960_1..S12R,126600_1..S12R,1,1,1756587960,01 2106  137/SFT,1756604730,1756604733,1151,0,0
1756588050_1..N02X061,126750_1..N02X061,1,0,1756588050,01 2107+ DYK/242,1756603041,1756603044,702,0,0
1756588080_3..N01R,126800_3..N01R,3,0,1756588080,03 2108  NLT/148,1756606800,1756606803,1661,0,0
1756588110_4..N06R,126850_4..N06R,4,0,1756588110,04 2108+ UTI/WDL,1756606620,1756606623,1654,0,0
1756588110_6..N01X007,126850_6..N01X007,6,0,1756588110,06 2108+ BBR/PEL,1756605780,1756605783,1430,0,0
1756588140_3..S01R,126900_3..S01R,3,1,1756588140,03 2109  148/NLT,1756606479,1756606485,1062,0,0
1756588140_5..N75R,126900_5..N75R,5,0,1756588140,05 2109  BWG/DYR,1756606620,1756606623,1631,0,0
1756588140_7..N,126900_7..N,7,0,1756588140,07 2109 34H/MST,1756604814,1756604820,1160,0,0
1756588200_2..S01R,127000_2..S01R,2,1,1756588200,02 2110  241/FLA,1756601973,1756602603,339,0,0
1756588200_7..S,127000_7..S,7,1,1756588200,07 2110 MST/34H,1756604874,1756604880,1144,0,0
1756588200_GS.N01R,127000_GS.N01R,GS,0,1756588200,0S 2110  GCS/TSS,1756602678,1756602681,525,0,0
1756588230_4..S05R,127050_4..S05R,4,1,1756588230,04 2110+ WDL/UTI,1756607070,1756607073,1711,0,0
1756588260_1..N12R,127100_1..N12R,1,0,1756588260,01 2111  SFT/137,1756605021,1756605024,1149,0,0
1756588350_3..S01R,127250_3..S01R,3,1,1756588350,03 2112+ 148/NLT,1756602486,1756602489,475,0,0
1756588440_1..S12R,127400_1..S12R,1,1,1756588440,01 2114  137/SFT,1756605231,1756605234,1205,0,0
1756588440_GS.S01R,127400_GS.S01R,GS,1,1756588440,0S 2114  TSS/GCS,1756602903,1756602906,585,0,0
1756588560_1..S02X060,127600_1..S02X060,1,1,1756588560,01 2116  242/DYK,1756603611,1756603614,694,0,0
1756588560_2..S01R,127600_2..S01R,2,1,1756588560,02 2116  241/FLA,1756609251,1756609254,1722,0,0
1756588620_7..N,127700_7..N,7,0,1756588620,07 2117 34H/MST,1756605354,1756605360,1158,0,0
1756588680_6..N01X007,127800_6..N01X007,6,0,1756588680,06 2118  BBR/PEL,1756606350,1756606353,1422,0,0
1756588680_7..S,127800_7..S,7,1,1756588680,07 2118 MST/34H,1756605123,1756605126,1097,0,0
1756588710_6..S01R,127850_6..S01R,6,1,1756588710,06 2118+ PEL/BBR,1756606916,1756606920,1745,0,0
1756588770_1..N02X061,127950_1..N02X061,1,0,1756588770,01 2119+ DYK/242,1756603890,1756603896,688,0,0
1756588800_2..N01R,128000_2..N01R,2,0,1756588800,02 2120  FLA/241,1756609089,1756609091,1836,0,0
1756588800_3..N01R,128000_3..N01R,3,0,1756588800,03 2120  NLT/148,1756607280,1756607283,1605,0,0
1756588800_GS.N01R,128000_GS.N01R,GS,0,1756588800,0S 2120  GCS/TSS,1756603296,1756603299,525,0,0
1756588950_4..S05R,128250_4..S05R,4,1,1756588950,04 2122+ WDL/UTI,1756607486,1756607490,1689,0,0
1756588950_5..S08R,128250_5..S08R,5,1,1756588950,05 2122+ DYR/BWG,1756606356,1756606359,1344,0,0
1756588980_1..N12R,128300_1..N12R,1,0,1756588980,01 2123  SFT/137,1756605885,1756605888,1077,0,0
1756589040_3..S01R,128400_3..S01R,3,1,1756589040,03 2124  148/NLT,1756607460,1756607463,1680,0,0
1756589040_GS.S01R,128400_GS.S01R,GS,1,1756589040,0S 2124  TSS/GCS,1756603503,1756603506,566,0,0
1756589100_7..N,128500_7..N,7,0,1756589100,07 2125 34H/MST,1756605738,1756605741,1138,0,0
1756589160_1..S12R,128600_1..S12R,1,1,1756589160,01 2126  137/SFT,1756605870,1756605873,651,0,0
1756589160_6..N01X007,128600_6..N01X007,6,0,1756589160,06 2126  BBR/PEL,1756607061,1756607064,1468,0,0
1756589160_7..S,128600_7..S,7,1,1756589160,07 2126 MST/34H,1756605696,1756605699,1119,0,0
1756589280_1..S02X060,128800_1..S02X060,1,1,1756589280,01 2128  242/DYK,1756604469,1756604475,762,0,0
1756589340_5..N75R,128900_5..N75R,5,0,1756589340,05 2129  BWG/DYR,1756607291,1756607295,1544,0,0
1756589400_1..S12R,129000_1..S12R,1,1,1756589400,01 2130  137/SFT,1756603419,1756603425,404,0,0
1756589400_GS.N01R,129000_GS.N01R,GS,0,1756589400,0S 2130  GCS/TSS,1756603881,1756603884,483,0,0
1756589490_1..N02X061,129150_1..N02X061,1,0,1756589490,01 2131+ DYK/242,1756604418,1756604421,669,0,0
1756589520_2..N01R,129200_2..N01R,2,0,1756589520,02 2132  FLA/241,1756603851,1756603854,477,0,0
1756589550_4..N06R,129250_4..N06R,4,0,1756589550,04 2132+ UTI/WDL,1756608330,1756608333,1738,0,0
1756589550_6..S01R,129250_6..S01R,6,1,1756589550,06 2132+ PEL/BBR,1756607916,1756607919,1672,0,0
1756589580_7..N,129300_7..N,7,0,1756589580,07 2133 34H/MST,1756606170,1756606173,1140,0,0
1756589640_2..S01R,129400_2..S01R,2,1,1756589640,02 2134  241/FLA,1756610229,1756610235,1981,0,0
1756589640_6..N01X007,129400_6..N01X007,6,0,1756589640,06 2134  BBR/PEL,1756607511,1756607514,1538,0,0
1756589640_7..S,129400_7..S,7,1,1756589640,07 2134 MST/34H,1756606248,1756606251,1134,0,0
1756589640_GS.S01R,129400_GS.S01R,GS,1,1756589640,0S 2134  TSS/GCS,1756604091,1756604094,524,0,0
1756589670_4..S05R,129450_4..S05R,4,1,1756589670,04 2134+ WDL/UTI,1756608264,1756608270,1706,0,0
1756589700_1..N12R,129500_1..N12R,1,0,1756589700,01 2135  SFT/137,1756606269,1756606275,1082,0,0
1756589880_1..S12R,129800_1..S12R,1,1,1756589880,01 2138  137/SFT,1756606599,1756606605,1170,0,0
1756589880_2..N01R,129800_2..N01R,2,0,1756589880,02 2138  FLA/241,1756610061,1756610064,1836,0,0
1756590000_1..S02X060,130000_1..S02X060,1,1,1756590000,01 2140  242/DYK,1756605141,1756605144,703,0,0
1756590000_GS.N01R,130000_GS.N01R,GS,0,1756590000,0S 2140  GCS/TSS,1756604508,1756604511,449,0,0
1756590030_3..S01R,130050_3..S01R,3,1,1756590030,03 2140+ 148/NLT,1756608441,1756608444,1221,0,0
1756590060_7..N,130100_7..N,7,0,1756590060,07 2141 34H/MST,1756606809,1756606815,1138,0,0
1756590090_6..S01R,130150_6..S01R,6,1,1756590090,06 2141+ PEL/BBR,1756608041,1756608045,1555,0,0
1756590120_6..N01X007,130200_6..N01X007,6,0,1756590120,06 2142  BBR/PEL,1756607991,1756607994,1538,0,0
1756590120_7..S,130200_7..S,7,1,1756590120,07 2142 MST/34H,1756606584,1756606590,1078,0,0
1756590150_5..S01R,130250_5..S01R,5,1,1756590150,05 2142+ DYR/180,1756605411,1756605414,774,0,0
1756590180_1..N12R,130300_1..N12R,1,0,1756590180,01 2143  SFT/137,1756606866,1756606869,1165,0,0
1756590210_1..N02X061,130350_1..N02X061,1,0,1756590210,01 2143+ DYK/242,1756605330,1756605333,752,0,0
1756590240_3..N01R,130400_3..N01R,3,0,1756590240,03 2144  NLT/148,1756608480,1756608483,1566,0,0
1756590240_GS.S01R,130400_GS.S01R,GS,1,1756590240,0S 2144  TSS/GCS,1756604706,1756604709,492,0,0
1756590270_3..S01R,130450_3..S01R,3,1,1756590270,03 2144+ 148/NLT,1756604223,1756604226,379,0,0
1756590270_4..N06R,130450_4..N06R,4,0,1756590270,04 2144+ UTI/WDL,1756608690,1756608693,1615,0,0
1756590360_1..S12R,130600_1..S12R,1,1,1756590360,01 2146  137/SFT,1756607091,1756607094,1161,0,0
1756590390_4..S05R,130650_4..S05R,4,1,1756590390,04 2146+ WDL/UTI,1756608924,1756608930,1749,0,0
1756590540_5..N75R,130900_5..N75R,5,0,1756590540,05 2149  BWG/DYR,1756608171,1756608174,1519,0,0
1756590540_7..N,130900_7..N,7,0,1756590540,07 2149 34H/MST,1756607100,1756607103,1136,0,0
1756590600_4..S05R,131000_4..S05R,4,1,1756590600,E4 2150  161/WAL,1756606719,1756606725,468,0,0
1756590600_6..N01X007,131000_6..N01X007,6,0,1756590600,06 2150  BBR/PEL,1756608591,1756608594,1564,0,0
1756590600_7..S,131000_7..S,7,1,1756590600,07 2150 MST/34H,1756607040,1756607043,1116,0,0
1756590600_GS.N01R,131000_GS.N01R,GS,0,1756590600,0S 2150  GCS/TSS,1756605081,1756605084,408,0,0
1756590660_1..N12R,131100_1..N12R,1,0,1756590660,01 2151  SFT/137,1756607253,1756607256,1134,0,0
1756590720_1..S02X060,131200_1..S02X060,1,1,1756590720,01 2152  242/DYK,1756605891,1756605894,743,0,0
1756590720_4..S05R,131200_4..S05R,4,1,1756590720,E4 2152  WDL/UTI,1756605114,1756605123,47,0,0
1756590840_1..S12R,131400_1..S12R,1,1,1756590840,01 2154  137/SFT,1756607621,1756607625,1257,0,0
1756590840_GS.S01R,131400_GS.S01R,GS,1,1756590840,0S 2154  TSS/GCS,1756605300,1756605303,451,0,0
1756590930_1..N02X061,131550_1..N02X061,1,0,1756590930,01 2155+ DYK/242,1756605951,1756605954,679,0,0
1756590960_2..N01R,131600_2..N01R,2,0,1756590960,02 2156  FLA/241,1756611120,1756611123,1641,0,0
1756590960_3..N01R,131600_3..N01R,3,0,1756590960,03 2156  NLT/148,1756604859,1756605363,389,0,0
1756590990_3..S01R,131650_3..S01R,3,1,1756590990,03 2156+ 148/NLT,1756610400,1756610403,2041,0,0
1756590990_4..N06R,131650_4..N06R,4,0,1756590990,04 2156+ UTI/WDL,1756609320,1756609323,1666,0,0
1756591050_7..N,131750_7..N,7,0,1756591050,07 2157+ 34H/MST,1756607951,1756607955,1266,0,0
1756591080_2..S01R,131800_2..S01R,2,1,1756591080,02 2158  241/FLA,1756611009,1756611015,1803,0,0
1756591080_6..N01X007,131800_6..N01X007,6,0,1756591080,06 2158  BBR/PEL,1756608900,1756608903,1582,0,0
1756591080_7..S,131800_7..S,7,1,1756591080,07 2158 MST/34H,1756607799,1756607801,1216,0,0
1756591110_4..S05R,131850_4..S05R,4,1,1756591110,04 2158+ WDL/UTI,1756609839,1756609841,1882,0,0
1756591140_1..N12R,131900_1..N12R,1,0,1756591140,01 2159  SFT/137,1756607711,1756607715,1207,0,0
1756591170_6..S01R,131950_6..S01R,6,1,1756591170,06 2159+ PEL/BBR,1756609166,1756609170,1588,0,0
1756591200_GS.N01R,132000_GS.N01R,GS,0,1756591200,0S 2200  GCS/TSS,1756605681,1756605684,399,0,0
1756591320_1..S12R,132200_1..S12R,1,1,1756591320,01 2202  137/SFT,1756608101,1756608105,1256,0,0
1756591350_3..N01R,132250_3..N01R,3,0,1756591350,03 2202+ NLT/148,1756609781,1756609785,1460,0,0
1756591350_5..S01R,132250_5..S01R,5,1,1756591350,05 2202+ DYR/180,1756606401,1756606404,719,0,0
1756591440_1..S02X060,132400_1..S02X060,1,1,1756591440,01 2204  242/DYK,1756606530,1756606533,753,0,0
1756591440_GS.S01R,132400_GS.S01R,GS,1,1756591440,0S 2204  TSS/GCS,1756605891,1756605894,441,0,0
1756591530_7..N,132550_7..N,7,0,1756591530,07 2205+ 34H/MST,1756608171,1756608174,1228,0,0
1756591560_7..S,132600_7..S,7,1,1756591560,07 2206 MST/34H,1756608026,1756608030,1180,0,0
1756591620_1..N12R,132700_1..N12R,1,0,1756591620,01 2207  SFT/137,1756608189,1756608191,1205,0,0
1756591650_1..N02X061,132750_1..N02X061,1,0,1756591650,01 2207+ DYK/242,1756606749,1756606755,733,0,0
1756591680_2..N01R,132800_2..N01R,2,0,1756591680,02 2208  FLA/241,1756611840,1756611843,1905,0,0
1756591680_6..N01X007,132800_6..N01X007,6,0,1756591680,06 2208  BBR/PEL,1756609461,1756609464,1469,0,0
1756591710_6..S01R,132850_6..S01R,6,1,1756591710,06 2208+ PEL/BBR,1756609875,1756609878,1735,0,0
1756591740_5..N75R,132900_5..N75R,5,0,1756591740,05 2209  BWG/DYR,1756609541,1756609545,1628,0,0
1756591800_1..S12R,133000_1..S12R,1,1,1756591800,01 2210  137/SFT,1756608570,1756608573,1238,0,0
1756591800_2..S01R,133000_2..S01R,2,1,1756591800,02 2210  241/FLA,1756611729,1756611735,1798,0,0
1756591800_GS.N01R,133000_GS.N01R,GS,0,1756591800,0S 2210  GCS/TSS,1756606275,1756606278,398,0,0
1756591830_4..S01R,133050_4..S01R,4,1,1756591830,04 2210+ WDL/NLT,1756611381,1756611384,2084,0,0
1756591890_3..S01R,133150_3..S01R,3,1,1756591890,03 2211+ 148/NLT,1756610829,1756610835,1937,0,0
1756592010_7..N,133350_7..N,7,0,1756592010,07 2213+ 34H/MST,1756608656,1756608660,1248,0,0
1756592040_7..S,133400_7..S,7,1,1756592040,07 2214 MST/34H,1756608759,1756608765,1282,0,0
1756592040_GS.S01R,133400_GS.S01R,GS,1,1756592040,0S 2214  TSS/GCS,1756606488,1756606491,441,0,0
1756592160_1..S02X060,133600_1..S02X060,1,1,1756592160,01 2216  242/DYK,1756607231,1756607235,728,0,0
1756592250_6..S01R,133750_6..S01R,6,1,1756592250,06 2217+ PEL/BBR,1756610310,1756610313,1713,0,0
1756592280_1..S12R,133800_1..S12R,1,1,1756592280,01 2218  137/SFT,1756609071,1756609074,1317,0,0
1756592280_6..N01X007,133800_6..N01X007,6,0,1756592280,06 2218  BBR/PEL,1756610081,1756610085,1666,0,0
1756592340_1..N12R,133900_1..N12R,1,0,1756592340,01 2219  SFT/137,1756609053,1756609056,1407,0,0
1756592370_1..N02X061,133950_1..N02X061,1,0,1756592370,01 2219+ DYK/242,1756607351,1756607355,688,0,0
1756592400_2..N01R,134000_2..N01R,2,0,1756592400,02 2220  FLA/241,1756612179,1756612185,1812,0,0
1756592400_3..N01R,134000_3..N01R,3,0,1756592400,03 2220  NLT/148,1756610730,1756610733,1750,0,0
1756592400_GS.N01R,134000_GS.N01R,GS,0,1756592400,0S 2220  GCS/TSS,1756606866,1756606869,396,0,0
1756592430_4..N06R,134050_4..N06R,4,0,1756592430,04 2220+ UTI/WDL,1756610901,1756610904,1734,0,0
1756592490_7..N,134150_7..N,7,0,1756592490,07 2221+ 34H/MST,1756609203,1756609206,1301,0,0
1756592520_2..S01R,134200_2..S01R,2,1,1756592520,02 2222  241/FLA,1756612563,1756612566,1913,0,0
1756592520_7..S,134200_7..S,7,1,1756592520,07 2222 MST/34H,1756608975,1756608978,1212,0,0
1756592550_4..S01R,134250_4..S01R,4,1,1756592550,04 2222+ WDL/NLT,1756612101,1756612104,2116,0,0
1756592550_5..S01R,134250_5..S01R,5,1,1756592550,05 2222+ DYR/180,1756607621,1756607625,778,0,0
1756592640_GS.S01R,134400_GS.S01R,GS,1,1756592640,0S 2224  TSS/GCS,1756607091,1756607094,456,0,0
1756592760_1..S12R,134600_1..S12R,1,1,1756592760,01 2226  137/SFT,1756609521,1756609524,1302,0,0
1756592790_6..S01R,134650_6..S01R,6,1,1756592790,06 2226+ PEL/BBR,1756610655,1756610658,1650,0,0
1756592880_1..S02X060,134800_1..S02X060,1,1,1756592880,01 2228  242/DYK,1756607961,1756607964,810,0,0
1756592880_6..N01X007,134800_6..N01X007,6,0,1756592880,06 2228  BBR/PEL,1756610760,1756610763,1863,0,0
1756592940_5..N75R,134900_5..N75R,5,0,1756592940,05 2229  BWG/DYR,1756610499,1756610505,1609,0,0
1756592970_7..N,134950_7..N,7,0,1756592970,07 2229+ 34H/MST,1756609698,1756609701,1318,0,0
1756593000_7..S,135000_7..S,7,1,1756593000,07 2230 MST/34H,1756609641,1756609644,1299,0,0
1756593000_GS.N01R,135000_GS.N01R,GS,0,1756593000,0S 2230  GCS/TSS,1756607460,1756607463,435,0,0
1756593060_1..N12R,135100_1..N12R,1,0,1756593060,01 2231  SFT/137,1756609656,1756609659,1266,0,0
1756593090_1..N02X061,135150_1..N02X061,1,0,1756593090,01 2231+ DYK/242,1756608201,1756608204,810,0,0
1756593120_2..N01R,135200_2..N01R,2,0,1756593120,02 2232  FLA/241,1756613163,1756613166,1954,0,0
1756593120_3..N01R,135200_3..N01R,3,0,1756593120,03 2232  NLT/148,1756607535,1756607538,590,0,0
1756593150_4..N06R,135250_4..N06R,4,0,1756593150,04 2232+ UTI/WDL,1756612149,1756612155,1970,0,0
1756593240_1..S12R,135400_1..S12R,1,1,1756593240,01 2234  137/SFT,1756610051,1756610055,1391,0,0
1756593240_GS.S01R,135400_GS.S01R,GS,1,1756593240,0S 2234  TSS/GCS,1756607688,1756607691,496,0,0
1756593270_4..S01R,135450_4..S01R,4,1,1756593270,04 2234+ WDL/NLT,1756612794,1756612800,2061,0,0
1756593390_6..S01R,135650_6..S01R,6,1,1756593390,06 2236+ PEL/BBR,1756611318,1756611321,1668,0,0
1756593450_7..N,135750_7..N,7,0,1756593450,07 2237+ 34H/MST,1756610066,1756610070,1277,0,0
1756593480_7..S,135800_7..S,7,1,1756593480,07 2238 MST/34H,1756609956,1756609959,1242,0,0
1756593510_3..S01R,135850_3..S01R,3,1,1756593510,03 2238+ 148/NLT,1756611819,1756611825,1365,0,0
1756593540_1..N12R,135900_1..N12R,1,0,1756593540,01 2239  SFT/137,1756610001,1756610004,1296,0,0
1756593540_6..N01X007,135900_6..N01X007,6,0,1756593540,06 2239  BBR/PEL,1756611654,1756611660,1724,0,0
1756593600_1..S02X060,136000_1..S02X060,1,1,1756593600,01 2240  242/DYK,1756608759,1756608765,821,0,0
1756593600_GS.N01R,136000_GS.N01R,GS,0,1756593600,0S 2240  GCS/TSS,1756608084,1756608086,482,0,0
1756593660_2..S01R,136100_2..S01R,2,1,1756593660,02 2241  241/FLA,1756614129,1756614135,1776,0,0
1756593720_1..S12R,136200_1..S12R,1,1,1756593720,01 2242  137/SFT,1756610499,1756610505,1370,0,0
1756593750_5..S01R,136250_5..S01R,5,1,1756593750,05 2242+ DYR/180,1756608801,1756608804,834,0,0
1756593810_1..N02X061,136350_1..N02X061,1,0,1756593810,01 2243+ DYK/242,1756608750,1756608753,818,0,0
1756593840_2..N01R,136400_2..N01R,2,0,1756593840,02 2244  FLA/241,1756613433,1756613436,1906,0,0
1756593840_3..N01R,136400_3..N01R,3,0,1756593840,03 2244  NLT/148,1756612131,1756612134,1805,0,0
1756593840_GS.S01R,136400_GS.S01R,GS,1,1756593840,0S 2244  TSS/GCS,1756608324,1756608326,546,0,0
1756593870_4..N06R,136450_4..N06R,4,0,1756593870,04 2244+ UTI/WDL,1756612623,1756612626,1855,0,0
1756593930_3..S01R,136550_3..S01R,3,1,1756593930,03 2245+ 148/NLT,1756607313,1756607316,276,0,0
1756593930_7..N,136550_7..N,7,0,1756593930,07 2245+ 34H/MST,1756610649,1756610655,1370,0,0
1756593960_7..S,136600_7..S,7,1,1756593960,07 2246 MST/34H,1756610439,1756610445,1234,0,0
1756593990_4..S01R,136650_4..S01R,4,1,1756593990,04 2246+ WDL/NLT,1756613334,1756613340,2045,0,0
1756593990_6..S01R,136650_6..S01R,6,1,1756593990,06 2246+ PEL/BBR,1756612224,1756612230,1750,0,0
1756594020_1..N12R,136700_1..N12R,1,0,1756594020,01 2247  SFT/137,1756610646,1756610649,1329,0,0
1756594200_1..S12R,137000_1..S12R,1,1,1756594200,01 2250  137/SFT,1756610991,1756610994,1341,0,0
1756594200_GS.N01R,137000_GS.N01R,GS,0,1756594200,0S 2250  GCS/TSS,1756608741,1756608744,537,0,0
1756594320_1..S02X060,137200_1..S02X060,1,1,1756594320,01 2252  242/DYK,1756609481,1756609485,891,0,0
1756594350_6..N01X007,137250_6..N01X007,6,0,1756594350,06 2252+ BBR/PEL,1756612389,1756612395,2267,0,0
1756594410_7..N,137350_7..N,7,0,1756594410,07 2253+ 34H/MST,1756611096,1756611099,1339,0,0
1756594440_7..S,137400_7..S,7,1,1756594440,07 2254 MST/34H,1756610994,1756611000,1312,0,0
1756594440_GS.S01R,137400_GS.S01R,GS,1,1756594440,0S 2254  TSS/GCS,1756608930,1756608933,586,0,0
1756594500_1..N12R,137500_1..N12R,1,0,1756594500,01 2255  SFT/137,1756611069,1756611075,1270,0,0
1756594530_1..N02X061,137550_1..N02X061,1,0,1756594530,01 2255+ DYK/242,1756609650,1756609653,852,0,0
1756594560_2..N01R,137600_2..N01R,2,0,1756594560,02 2256  FLA/241,1756614096,1756614099,1886,0,0
1756594590_4..N06R,137650_4..N06R,4,0,1756594590,04 2256+ UTI/WDL,1756612959,1756612965,1773,0,0
1756594590_6..S01R,137650_6..S01R,6,1,1756594590,06 2256+ PEL/BBR,1756612554,1756612560,1665,0,0
1756594680_1..S12R,137800_1..S12R,1,1,1756594680,01 2258  137/SFT,1756611450,1756611453,1371,0,0
1756594710_4..S01R,137850_4..S01R,4,1,1756594710,04 2258+ WDL/NLT,1756614426,1756614429,2164,0,0
1756594800_2..S01R,138000_2..S01R,2,1,1756594800,02 2300  241/FLA,1756614939,1756614945,1979,0,0
1756594800_GS.N01R,138000_GS.N01R,GS,0,1756594800,0S 2300  GCS/TSS,1756609275,1756609278,526,0,0
1756594890_7..N,138150_7..N,7,0,1756594890,07 2301+ 34H/MST,1756611630,1756611633,1302,0,0
1756594920_7..S,138200_7..S,7,1,1756594920,07 2302 MST/34H,1756611423,1756611426,1247,0,0
1756594950_5..S01R,138250_5..S01R,5,1,1756594950,05 2302+ DYR/180,1756610031,1756610034,874,0,0
1756594980_1..N12R,138300_1..N12R,1,0,1756594980,01 2303  SFT/137,1756611585,1756611588,1308,0,0
1756595040_1..S02X060,138400_1..S02X060,1,1,1756595040,01 2304  242/DYK,1756610169,1756610175,919,0,0
1756595040_3..N01R,138400_3..N01R,3,0,1756595040,03 2304  NLT/148,1756613724,1756613730,1492,0,0
1756595040_GS.S01R,138400_GS.S01R,GS,1,1756595040,0S 2304  TSS/GCS,1756609551,1756609554,600,0,0
1756595070_3..S01R,138450_3..S01R,3,1,1756595070,03 2304+ 148/NLT,1756613493,1756613496,1716,0,0
1756595160_1..S12R,138600_1..S12R,1,1,1756595160,01 2306  137/SFT,1756611951,1756611954,1306,0,0
1756595160_6..N01X007,138600_6..N01X007,6,0,1756595160,06 2306  BBR/PEL,1756612824,1756612830,1538,0,0
1756595190_6..S01R,138650_6..S01R,6,1,1756595190,06 2306+ PEL/BBR,1756613103,1756613106,1612,0,0
1756595250_1..N02X061,138750_1..N02X061,1,0,1756595250,01 2307+ DYK/242,1756610271,1756610274,850,0,0
1756595280_2..N01R,138800_2..N01R,2,0,1756595280,02 2308  FLA/241,1756615374,1756615380,1985,0,0
1756595310_4..N06R,138850_4..N06R,4,0,1756595310,/4 2308+ UTI/WDL,1756614645,1756614648,1945,0,0
1756595370_7..N,138950_7..N,7,0,1756595370,07 2309+ 34H/MST,1756612296,1756612299,1331,0,0
1756595400_7..S,139000_7..S,7,1,1756595400,07 2310 MST/34H,1756612254,1756612260,1320,0,0
1756595400_GS.N01R,139000_GS.N01R,GS,0,1756595400,0S 2310  GCS/TSS,1756609869,1756609871,525,0,0
1756595430_4..S01R,139050_4..S01R,4,1,1756595430,04 2310+ WDL/NLT,1756609695,1756609719,569,0,0
1756595460_1..N12R,139100_1..N12R,1,0,1756595460,01 2311  SFT/137,1756612101,1756612104,1247,0,0
1756595640_1..S12R,139400_1..S12R,1,1,1756595640,01 2314  137/SFT,1756612419,1756612425,1332,0,0
1756595640_GS.S01R,139400_GS.S01R,GS,1,1756595640,0S 2314  TSS/GCS,1756610130,1756610133,594,0,0
1756595700_6..N01X007,139500_6..N01X007,6,0,1756595700,06 2315  BBR/PEL,1756613445,1756613448,1505,0,0
1756595760_1..S02X060,139600_1..S02X060,1,1,1756595760,01 2316  242/DYK,1756610841,1756610844,812,0,0
1756595790_4..S01R,139650_4..S01R,4,1,1756595790,04 2316+ WDL/NLT,1756615095,1756615098,1606,0,0
1756595790_6..S01R,139650_6..S01R,6,1,1756595790,06 2316+ PEL/BBR,1756613685,1756613688,1569,0,0
1756595850_7..N,139750_7..N,7,0,1756595850,07 2317+ 34H/MST,1756612641,1756612644,1299,0,0
1756595940_1..N12R,139900_1..N12R,1,0,1756595940,01 2319  SFT/137,1756612425,1756612428,1234,0,0
1756595940_7..S,139900_7..S,7,1,1756595940,07 2319 MST/34H,1756612659,1756612665,1214,0,0
1756595970_1..N02X061,139950_1..N02X061,1,0,1756595970,01 2319+ DYK/242,1756611081,1756611084,786,0,0
1756596000_5..N01R,140000_5..N01R,5,0,1756596000,05 2320  180/DYR,1756611120,1756611123,796,0,0
1756596000_GS.N01R,140000_GS.N01R,GS,0,1756596000,0S 2320  GCS/TSS,1756610478,1756610481,527,0,0
1756596030_2..N01R,140050_2..N01R,2,0,1756596030,02 2320+ FLA/241,1756616334,1756616340,1937,0,0
1756596030_4..N02R,140050_4..N02R,4,0,1756596030,04 2320+ NLT/WDL,1756615104,1756615110,1860,0,0
1756596030_4..N06R,140050_4..N06R,4,0,1756596030,04 2320+ UTI/WDL,1756614804,1756614810,1779,0,0
1756596120_1..S12R,140200_1..S12R,1,1,1756596120,01 2322  137/SFT,1756612923,1756612926,1276,0,0
1756596120_5..S01R,140200_5..S01R,5,1,1756596120,05 2322  DYR/180,1756611189,1756611195,815,0,0
1756596180_3..S88R,140300_3..S88R,3,1,1756596180,03 2323  148/34S,1756611780,1756611783,972,0,0
1756596240_3..N01R,140400_3..N01R,3,0,1756596240,03 2324  NLT/148,1756615056,1756615059,1847,0,0
1756596240_6..N01X007,140400_6..N01X007,6,0,1756596240,06 2324  BBR/PEL,1756613955,1756613958,1551,0,0
1756596240_GS.S01R,140400_GS.S01R,GS,1,1756596240,0S 2324  TSS/GCS,1756610733,1756610736,595,0,0
1756596330_7..N,140550_7..N,7,0,1756596330,07 2325+ 34H/MST,1756612815,1756612818,1199,0,0
1756596390_6..S01R,140650_6..S01R,6,1,1756596390,06 2326+ PEL/BBR,1756627215,1756627218,4948,0,0
1756596420_1..N12R,140700_1..N12R,1,0,1756596420,01 2327  SFT/137,1756627215,1756627218,4948,0,0
1756596480_1..S02X060,140800_1..S02X060,1,1,1756596480,01 2328  242/DYK,1756611531,1756611534,812,0,0
1756596540_7..S,140900_7..S,7,1,1756596540,07 2329 MST/34H,1756613553,1756613556,1296,0,0
1756596600_1..S12R,141000_1..S12R,1,1,1756596600,01 2330  137/SFT,1756613433,1756613436,1224,0,0
1756596600_GS.N01R,141000_GS.N01R,GS,0,1756596600,0S 2330  GCS/TSS,1756611081,1756611084,529,0,0
1756596630_2..S01R,141050_2..S01R,2,1,1756596630,02 2330+ 241/FLA,1756610811,1756610841,457,0,0
1756596690_1..N02X061,141150_1..N02X061,1,0,1756596690,01 2331+ DYK/242,1756611651,1756611654,750,0,0
1756596780_6..N01X007,141300_6..N01X007,6,0,1756596780,06 2333  BBR/PEL,1756614435,1756614438,1492,0,0
1756596810_7..N,141350_7..N,7,0,1756596810,07 2333+ 34H/MST,1756613514,1756613520,1213,0,0
1756596840_GS.S01R,141400_GS.S01R,GS,1,1756596840,0S 2334  TSS/GCS,1756611318,1756611321,592,0,0
1756596870_4..S01R,141450_4..S01R,4,1,1756596870,04 2334+ WDL/NLT,1756616184,1756616190,1861,0,0
1756596900_1..N12R,141500_1..N12R,1,0,1756596900,01 2335  SFT/137,1756627215,1756627218,4758,0,0
1756597050_6..S01R,141750_6..S01R,6,1,1756597050,06 2337+ PEL/BBR,1756615176,1756615179,1595,0,0
1756597080_1..S12R,141800_1..S12R,1,1,1756597080,01 2338  137/SFT,1756613904,1756613910,1254,0,0
1756597110_2..N01R,141850_2..N01R,2,0,1756597110,02 2338+ FLA/241,1756617294,1756617300,2043,0,0
1756597110_4..N02R,141850_4..N02R,4,0,1756597110,04 2338+ NLT/WDL,1756616154,1756616160,1366,0,0
1756597140_7..S,141900_7..S,7,1,1756597140,07 2339 MST/34H,1756613628,1756613631,1146,0,0
1756597200_1..S02X060,142000_1..S02X060,1,1,1756597200,01 2340  242/DYK,1756612260,1756612263,719,0,0
1756597200_GS.N01R,142000_GS.N01R,GS,0,1756597200,0S 2340  GCS/TSS,1756611669,1756611675,526,0,0
1756597290_7..N,142150_7..N,7,0,1756597290,07 2341+ 34H/MST,1756614114,1756614120,1232,0,0
1756597320_5..S32R,142200_5..S32R,5,1,1756597320,05 2342  DYR/180,1756612350,1756612353,639,0,0
1756597320_6..N01X007,142200_6..N01X007,6,0,1756597320,06 2342  BBR/PEL,1756615356,1756615359,1544,0,0
1756597350_2..S08R,142250_2..S08R,2,1,1756597350,02 2342+ 241/FLA,1756618866,1756618869,2138,0,0
1756597380_1..N12R,142300_1..N12R,1,0,1756597380,01 2343  SFT/137,1756627215,1756627218,4661,0,0
1756597440_4..S01R,142400_4..S01R,4,1,1756597440,04 2344  WDL/NLT,1756617225,1756617228,1958,0,0
1756597440_GS.S01R,142400_GS.S01R,GS,1,1756597440,0S 2344  TSS/GCS,1756611909,1756611915,590,0,0
1756597470_1..N02X061,142450_1..N02X061,1,0,1756597470,01 2344+ DYK/242,1756612503,1756612509,689,0,0
1756597500_3..S88R,142500_3..S88R,3,1,1756597500,03 2345  148/34S,1756613163,1756613166,864,0,0
1756597500_5..N01R,142500_5..N01R,5,0,1756597500,05 2345  180/DYR,1756612629,1756612635,722,0,0
1756597719_7..S,142865_7..S,7X,1,1756597719,E7 2348+ WPT/34H,1756616376,1756616379,1203,0,0
1756597740_7..S,142900_7..S,7,1,1756597740,07 2349 MST/34H,1756614399,1756614405,1173,0,0
1756597770_7..N,142950_7..N,7,0,1756597770,07 2349+ 34H/MST,1756614420,1756614423,1082,0,0
1756597800_1..S12R,143000_1..S12R,1,1,1756597800,01 2350  137/SFT,1756614546,1756614549,782,0,0
1756597800_GS.N01R,143000_GS.N01R,GS,0,1756597800,0S 2350  GCS/TSS,1756612284,1756612290,530,0,0
1756597860_1..N12R,143100_1..N12R,1,0,1756597860,01 2351  SFT/137,1756627215,1756627218,4471,0,0
1756597860_6..N,143100_6..N,6,0,1756597860,/6 2351  BBR/PEL,1756616094,1756616100,196,0,0
1756597860_6..N01X007,143100_6..N01X007,6,0,1756597860,/6 2351  BBR/PEL,1756615188,1756615191,1282,0,0
1756597890_2..N08R,143150_2..N08R,2,0,1756597890,02 2351+ FLA/241,1756617876,1756617879,1769,0,0
1756597920_1..S02X060,143200_1..S02X060,1,1,1756597920,01 2352  242/DYK,1756613064,1756613070,743,0,0
1756597950_6..S01R,143250_6..S01R,6,1,1756597950,06 2352+ PEL/BBR,1756615989,1756615995,1523,0,0
1756598040_GS.S01R,143400_GS.S01R,GS,1,1756598040,0S 2354  TSS/GCS,1756612509,1756612515,589,0,0
1756598190_1..N02X061,143650_1..N02X061,1,0,1756598190,01 2356+ DYK/242,1756613115,1756613118,670,0,0
1756598190_4..N02R,143650_4..N02R,4,0,1756598190,04 2356+ NLT/WDL,1756617564,1756617570,1858,0,0
1756598310_7..N,143850_7..N,7,0,1756598310,07 2358+ 34H/MST,1756615029,1756615035,1169,0,0
1756598340_1..N12R,143900_1..N12R,1,0,1756598340,01 2359  SFT/137,1756627215,1756627218,4385,0,0
1756598340_7..S,143900_7..S,7,1,1756598340,07 2359 MST/34H,1756615089,1756615095,1185,0,0
1756598460_2..N01R,144100_2..N01R,2,0,1756598460,02 0001  FLA/241,1756532249,1756532255,1763,0,0
1756598460_6..N01X007,144100_6..N01X007,6,0,1756598460,06 0001  BBR/PEL,1756530266,1756530269,1539,0,0
1756598520_5..S32R,000200_5..S32R,5,1,1756598520,05 0002  DYR/180,1756613403,1756613406,655,0,0
1756598550_2..S08R,000250_2..S08R,2,1,1756598550,02 0002+ 241/FLA,1756619109,1756619115,1872,0,0
1756598580_3..N90R,144300_3..N90R,3,0,1756598580,03 0003  34S/148,1756528100,1756528103,961,0,0
1756598580_3..S88R,000300_3..S88R,3,1,1756598580,03 0003  148/34S,1756614396,1756614399,932,0,0
1756598580_4..N01R,144300_4..N01R,4,0,1756598580,04 0003  NLT/WDL,1756532111,1756532114,2032,0,0
1756598640_4..S01R,000400_4..S01R,4,1,1756598640,04 0004  WDL/NLT,1756618464,1756618470,2017,0,0
1756598640_5..N32R,144400_5..N32R,5,0,1756598640,05 0004  180/DYR,1756527209,1756527215,724,0,0
1756598760_1..S02X060,000600_1..S02X060,1,1,1756598760,01 0006  242/DYK,1756613814,1756613820,697,0,0
1756598820_6..S01R,000700_6..S01R,6,1,1756598820,06 0007  PEL/BBR,1756616871,1756616874,1511,0,0
1756598910_7..N,000850_7..N,7,0,1756598910,07 0008+ 34H/MST,1756615569,1756615575,1112,0,0
1756598940_1..N12R,144900_1..N12R,1,0,1756598940,01 0009  SFT/137,1756540808,1756540811,4272,0,0
1756598970_1..N02X061,144950_1..N02X061,1,0,1756598970,01 0009+ DYK/242,1756527548,1756527551,654,0,0
1756599000_1..S12R,145000_1..S12R,1,1,1756599000,01 0010  137/SFT,1756529354,1756529360,1136,0,0
1756599060_6..N01X007,145100_6..N01X007,6,0,1756599060,06 0011  BBR/PEL,1756530458,1756530461,1429,0,0
1756599090_7..S,001150_7..S,7,1,1756599090,07 0011+ MST/34H,1756615770,1756615773,788,0,0
1756599240_2..N08R,145400_2..N08R,2,0,1756599240,02 0014  FLA/241,1756533821,1756533824,1918,0,0
1756599240_4..S13R,001400_4..S13R,4,1,1756599240,04 0014  WDL/NLT,1756619274,1756619280,2070,0,0
1756599510_7..N,001850_7..N,7,0,1756599510,07 0018+ 34H/MST,1756616133,1756616136,1138,0,0
1756599540_1..N12R,145900_1..N12R,1,0,1756599540,01 0019  SFT/137,1756540808,1756540811,4112,0,0
1756599600_4..N01R,146000_4..N01R,4,0,1756599600,04 0020  NLT/WDL,1756533050,1756533053,1962,0,0
1756599660_6..N01X007,146100_6..N01X007,6,0,1756599660,06 0021  BBR/PEL,1756531358,1756531361,1510,0,0
1756599720_5..S32R,002200_5..S32R,5,1,1756599720,05 0022  DYR/180,1756614765,1756614768,711,0,0
1756599720_6..S,002200_6..S,6,1,1756599720,06 0022  PEL/BBR,1756618194,1756618200,87,0,0
1756599720_6..S01R,002200_6..S01R,6,1,1756599720,06 0022  PEL/BBR,1756617819,1756617825,1526,0,0
1756599750_2..S08R,002250_2..S08R,2,1,1756599750,02 0022+ 241/FLA,1756620396,1756620399,1820,0,0
1756599780_3..S88R,002300_3..S88R,3,1,1756599780,03 0023  148/34S,1756615935,1756615938,1022,0,0
1756599780_5..N32R,002300_5..N32R,5,0,1756599780,05 0023  180/DYR,1756614924,1756614930,755,0,0
1756599870_1..S12R,002450_1..S12R,1,1,1756599870,01 0024+ 137/SFT,1756616865,1756616868,1189,0,0
1756599930_3..N90R,146550_3..N90R,3,0,1756599930,03 0025+ 34S/148,1756529246,1756529249,867,0,0
1756599930_7..S,002550_7..S,7,1,1756599930,07 0025+ MST/34H,1756616379,1756616385,950,0,0
1756599960_1..S02X060,002600_1..S02X060,1,1,1756599960,01 0026  242/DYK,1756615095,1756615098,720,0,0
1756600110_7..N,002850_7..N,7,0,1756600110,07 0028+ 34H/MST,1756616694,1756616700,1115,0,0
1756600140_1..N02X061,002900_1..N02X061,1,0,1756600140,01 0029  DYK/242,1756615074,1756615080,715,0,0
1756600260_6..N01X007,147100_6..N01X007,6,0,1756600260,06 0031  BBR/PEL,1756532171,1756532174,1568,0,0
1756600320_1..N12R,147200_1..N12R,1,0,1756600320,01 0032  SFT/137,1756530554,1756530560,1135,0,0
1756600410_2..N08R,147350_2..N08R,2,0,1756600410,02 0033+ FLA/241,1756534970,1756534973,1840,0,0
1756600440_4..S13R,003400_4..S13R,4,1,1756600440,04 0034  WDL/NLT,1756620564,1756620570,2094,0,0
1756600620_4..N01R,147700_4..N01R,4,0,1756600620,04 0037  NLT/WDL,1756533869,1756533875,1942,0,0
1756600710_7..N,003850_7..N,7,0,1756600710,07 0038+ 34H/MST,1756617264,1756617270,1128,0,0
1756600770_6..S01R,003950_6..S01R,6,1,1756600770,06 0039+ PEL/BBR,1756618968,1756618971,1509,0,0
1756600800_7..S,004000_7..S,7,1,1756600800,07 0040 MST/34H,1756617594,1756617600,1175,0,0
1756600860_6..N01X007,148100_6..N01X007,6,0,1756600860,06 0041  BBR/PEL,1756532561,1756532564,1512,0,0
1756600920_1..N12R,004200_1..N12R,1,0,1756600920,01 0042  SFT/137,1756617576,1756617579,1652,0,0
1756600920_5..S32R,004200_5..S32R,5,1,1756600920,05 0042  DYR/180,1756616016,1756616019,725,0,0
1756600950_2..S08R,004250_2..S08R,2,1,1756600950,02 0042+ 241/FLA,1756621845,1756621848,1808,0,0
1756600980_3..S88R,004300_3..S88R,3,1,1756600980,03 0043  148/34S,1756617105,1756617108,1014,0,0
1756600980_5..N32R,004300_5..N32R,5,0,1756600980,05 0043  180/DYR,1756616103,1756616109,748,0,0
1756601070_1..S12R,004450_1..S12R,1,1,1756601070,01 0044+ 137/SFT,1756617675,1756617678,1088,0,0
1756601100_3..N90R,004500_3..N90R,3,0,1756601100,03 0045  34S/148,1756616814,1756616820,857,0,0
1756601130_1..N12R,148550_1..N12R,1,0,1756601130,01 0045+ SFT/137,1756540808,1756540811,3632,0,0
1756601160_1..S02X060,004600_1..S02X060,1,1,1756601160,01 0046  242/DYK,1756616325,1756616328,726,0,0
1756601220_4..N13X004,148700_4..N13X004,4,0,1756601220,04 0047  NLT/WDL,1756535150,1756535153,2124,0,0
1756601310_7..N,004850_7..N,7,0,1756601310,07 0048+ 34H/MST,1756618008,1756618011,1169,0,0
1756601340_1..N02X061,004900_1..N02X061,1,0,1756601340,01 0049  DYK/242,1756616385,1756616388,742,0,0
1756601460_6..N01X007,149100_6..N01X007,6,0,1756601460,06 0051  BBR/PEL,1756533101,1756533104,1496,0,0
1756601550_1..N12R,005250_1..N12R,1,0,1756601550,01 0052+ SFT/137,1756618509,1756618515,1899,0,0
1756601610_2..N08R,149350_2..N08R,2,0,1756601610,02 0053+ FLA/241,1756536518,1756536521,1934,0,0
1756601640_4..S13R,005400_4..S13R,4,1,1756601640,04 0054  WDL/NLT,1756621845,1756621848,2116,0,0
1756601940_1..N12R,149900_1..N12R,1,0,1756601940,01 0059  SFT/137,1756540808,1756540811,3472,0,0
1756601970_6..S01R,005950_6..S01R,6,1,1756601970,06 0059+ PEL/BBR,1756620045,1756620048,1475,0,0
1756602000_7..S,006000_7..S,7,1,1756602000,07 0100 MST/34H,1756618563,1756618566,1504,418,0
1756602090_7..N,006150_7..N,7,0,1756602090,07 0101+ 34H/MST,1756618800,1756618803,1173,0,0
1756602120_5..S32R,006200_5..S32R,5,1,1756602120,05 0102  DYR/180,1756617156,1756617159,707,0,0
1756602150_2..S08R,006250_2..S08R,2,1,1756602150,02 0102+ 241/FLA,1756624074,1756624080,2011,0,0
1756602180_3..S88R,006300_3..S88R,3,1,1756602180,03 0103  148/34S,1756618125,1756618128,968,0,0
1756602180_5..N32R,006300_5..N32R,5,0,1756602180,05 0103  180/DYR,1756617255,1756617258,734,0,0
1756602180_6..N01X007,150300_6..N01X007,6,0,1756602180,06 0103  BBR/PEL,1756533803,1756533806,1524,0,0
1756602270_1..S12R,006450_1..S12R,1,1,1756602270,01 0104+ 137/SFT,1756619154,1756619160,1158,0,0
1756602300_3..N90R,006500_3..N90R,3,0,1756602300,03 0105  34S/148,1756618215,1756618218,912,0,0
1756602360_1..S02X060,006600_1..S02X060,1,1,1756602360,01 0106  242/DYK,1756617546,1756617549,733,0,0
1756602420_4..N13X004,150700_4..N13X004,4,0,1756602420,04 0107  NLT/WDL,1756536191,1756536194,2082,0,0
1756602540_1..N02X061,006900_1..N02X061,1,0,1756602540,01 0109  DYK/242,1756617474,1756617480,714,0,0
1756602627_7..S,007045_7..S,7X,1,1756602627,E7 0110 WPT/34H,1756617849,1756617855,314,1,0
1756602720_1..N12R,007200_1..N12R,1,0,1756602720,01 0112  SFT/137,1756619409,1756619415,1145,0,0
1756602810_2..N08R,151350_2..N08R,2,0,1756602810,02 0113+ FLA/241,1756537226,1756537229,1876,0,0
1756602840_4..S13R,007400_4..S13R,4,1,1756602840,04 0114  WDL/NLT,1756616991,1756617033,502,0,0
1756602900_6..N01X007,007500_6..N01X007,6,0,1756602900,06 0115  BBR/PEL,1756620795,1756620798,1435,0,0
1756602921_7..S,007536_7..S,7,1,1756602921,E7 0115 WPT/34H,1756619634,1756619640,424,0,0
1756602990_7..N,007650_7..N,7,0,1756602990,07 0116+ 34H/MST,1756619475,1756619478,1050,0,0
1756603170_6..S01R,007950_6..S01R,6,1,1756603170,06 0119+ PEL/BBR,1756621254,1756621260,1479,0,0
1756603200_7..S,008000_7..S,7,1,1756603200,07 0120 MST/34H,1756620006,1756620009,1192,0,0
1756603215_7..S,008026_7..S,7X,1,1756603215,E7 0120 WPT/34H,1756618854,1756618860,275,2,0
1756603320_5..S32R,008200_5..S32R,5,1,1756603320,05 0122  DYR/180,1756618374,1756618380,715,0,0
1756603350_2..S08R,008250_2..S08R,2,1,1756603350,02 0122+ 241/FLA,1756624233,1756624236,1805,0,0
1756603380_3..S88R,008300_3..S88R,3,1,1756603380,03 0123  148/34S,1756619265,1756619268,948,0,0
1756603380_5..N32R,008300_5..N32R,5,0,1756603380,05 0123  180/DYR,1756618506,1756618509,748,0,0
1756603440_4..S13R,008400_4..S13R,4,1,1756603440,04 0124  WDL/NLT,1756623696,1756623699,1790,0,0
1756603470_1..S12R,008450_1..S12R,1,1,1756603470,01 0124+ 137/SFT,1756620426,1756620429,1177,0,0
1756603500_3..N90R,008500_3..N90R,3,0,1756603500,03 0125  34S/148,1756619355,1756619358,892,0,0
1756603527_7..S,008545_7..S,7X,1,1756603527,E7 0125 WPT/34H,1756619796,1756619799,421,0,0
1756603560_1..S02X060,008600_1..S02X060,1,1,1756603560,01 0126  242/DYK,1756618764,1756618770,738,0,0
1756603620_4..N13X004,152700_4..N13X004,4,0,1756603620,04 0127  NLT/WDL,1756537694,1756537700,2163,0,0
1756603740_1..N02X061,008900_1..N02X061,1,0,1756603740,01 0129  DYK/242,1756618725,1756618728,727,0,0
1756603812_7..S,009021_7..S,7X,1,1756603812,E7 0130 WPT/34H,1756620453,1756620456,683,2,0
1756603920_1..N12R,009200_1..N12R,1,0,1756603920,01 0132  SFT/137,1756620549,1756620555,1131,0,0
1756603950_2..S08R,009250_2..S08R,2,1,1756603950,02 0132+ 241/FLA,1756617129,1756617135,188,0,0
1756603950_6..N01X007,009250_6..N01X007,6,0,1756603950,06 0132+ BBR/PEL,1756621776,1756621779,1459,0,0
1756604115_7..S,009526_7..S,7X,1,1756604115,E7 0135 WPT/34H,1756618839,1756618845,10,0,0
1756604190_7..N,009650_7..N,7,0,1756604190,07 0136+ 34H/MST,1756620654,1756620660,1089,0,0
1756604370_6..S01R,009950_6..S01R,6,1,1756604370,06 0139+ PEL/BBR,1756618629,1756618635,463,0,0
1756604400_7..S,010000_7..S,7,1,1756604400,07 0140 MST/34H,1756620984,1756620990,1139,0,0
1756604520_5..S32R,010200_5..S32R,5,1,1756604520,05 0142  DYR/180,1756619595,1756619598,717,0,0
1756604580_3..S88R,010300_3..S88R,3,1,1756604580,03 0143  148/34S,1756620534,1756620540,967,0,0
1756604580_5..N32R,010300_5..N32R,5,0,1756604580,05 0143  180/DYR,1756619715,1756619718,749,0,0
1756604670_1..S12R,010450_1..S12R,1,1,1756604670,01 0144+ 137/SFT,1756622145,1756622148,1317,0,0
1756604700_3..N90R,010500_3..N90R,3,0,1756604700,03 0145  34S/148,1756620705,1756620708,932,0,0
1756604760_1..S02X060,010600_1..S02X060,1,1,1756604760,01 0146  242/DYK,1756619874,1756619880,712,0,0
1756604940_1..N02X061,010900_1..N02X061,1,0,1756604940,01 0149  DYK/242,1756620006,1756620009,747,0,0
1756604970_6..S01R,010950_6..S01R,6,1,1756604970,06 0149+ PEL/BBR,1756623084,1756623090,1185,0,0
1756605015_7..S,011026_7..S,7X,1,1756605015,E7 0150 WPT/34H,1756621143,1756621146,499,0,0
1756605120_1..N12R,011200_1..N12R,1,0,1756605120,01 0152  SFT/137,1756621719,1756621725,1122,0,0
1756605150_2..S08R,011250_2..S08R,2,1,1756605150,02 0152+ 241/FLA,1756625418,1756625424,1547,0,0
1756605150_6..N01X007,011250_6..N01X007,6,0,1756605150,06 0152+ BBR/PEL,1756623006,1756623009,1465,0,0
1756605240_4..S13R,011400_4..S13R,4,1,1756605240,04 0154  WDL/NLT,1756625460,1756625463,2082,0,0
1756605390_7..N,011650_7..N,7,0,1756605390,07 0156+ 34H/MST,1756621974,1756621980,1096,0,0
1756605510_4..N13X004,011850_4..N13X004,4,0,1756605510,04 0158+ NLT/WDL,1756624914,1756624920,2307,0,0
1756605600_7..S,012000_7..S,7,1,1756605600,07 0200 MST/34H,1756622208,1756622211,1119,0,0
1756605720_5..S32R,012200_5..S32R,5,1,1756605720,05 0202  DYR/180,1756620816,1756620819,719,0,0
1756605780_3..S88R,012300_3..S88R,3,1,1756605780,03 0203  148/34S,1756621644,1756621650,941,0,0
1756605780_5..N32R,012300_5..N32R,5,0,1756605780,05 0203  180/DYR,1756620906,1756620909,743,0,0
1756605870_1..S12R,012450_1..S12R,1,1,1756605870,01 0204+ 137/SFT,1756622544,1756622550,1102,0,0
1756605900_3..N90R,012500_3..N90R,3,0,1756605900,03 0205  34S/148,1756621764,1756621770,894,0,0
1756605960_1..S02X060,012600_1..S02X060,1,1,1756605960,01 0206  242/DYK,1756621116,1756621119,721,0,0
1756606140_1..N02X061,012900_1..N02X061,1,0,1756606140,01 0209  DYK/242,1756621185,1756621188,739,0,0
1756606290_2..N08R,013150_2..N08R,2,0,1756606290,02 0211+ FLA/241,1756626570,1756626573,1742,0,0
1756606320_1..N12R,013200_1..N12R,1,0,1756606320,01 0212  SFT/137,1756622889,1756622895,1115,0,0
1756606350_6..N01X007,013250_6..N01X007,6,0,1756606350,06 0212+ BBR/PEL,1756624275,1756624278,1483,0,0
1756606440_4..S13R,013400_4..S13R,4,1,1756606440,04 0214  WDL/NLT,1756626858,1756626861,2129,0,0
1756606590_7..N,013650_7..N,7,0,1756606590,07 0216+ 34H/MST,1756623054,1756623060,1057,0,0
1756606770_6..S01R,013950_6..S01R,6,1,1756606770,06 0219+ PEL/BBR,1756624824,1756624830,1473,0,0
1756606800_7..S,014000_7..S,7,1,1756606800,07 0220 MST/34H,1756630794,,3539,0,0
1756606920_5..S32R,014200_5..S32R,5,1,1756606920,05 0222  DYR/180,1756621965,1756621968,711,0,0
1756606950_2..S08R,014250_2..S08R,2,1,1756606950,02 0222+ 241/FLA,1756626978,1756626981,1893,0,0
1756606980_3..S88R,014300_3..S88R,3,1,1756606980,03 0223  148/34S,1756622994,1756623000,986,0,0
1756606980_5..N32R,014300_5..N32R,5,0,1756606980,05 0223  180/DYR,1756622226,1756622229,781,0,0
1756607070_1..S12R,014450_1..S12R,1,1,1756607070,01 0224+ 137/SFT,1756623735,1756623738,1153,0,0
1756607100_3..N90R,014500_3..N90R,3,0,1756607100,03 0225  34S/148,1756622895,1756622898,879,0,0
1756607160_1..S02X060,014600_1..S02X060,1,1,1756607160,01 0226  242/DYK,1756622226,1756622229,701,0,0
1756607310_4..N13X004,014850_4..N13X004,4,0,1756607310,04 0228+ NLT/WDL,1756626789,1756626795,1960,0,0
1756607340_1..N02X061,014900_1..N02X061,1,0,1756607340,01 0229  DYK/242,1756622346,1756622349,733,0,0
1756607400_7..S,015000_7..S,7,1,1756607400,E7 0230 MST/34H,1756622589,1756622595,296,0,0
1756607415_7..S,015026_7..S,7X,1,1756607415,E7 0230 MST/34H,1756624119,1756624125,272,0,0
1756607490_2..N08R,015150_2..N08R,2,0,1756607490,02 0231+ FLA/241,1756627770,1756627773,1876,0,0
1756607520_1..N12R,015200_1..N12R,1,0,1756607520,01 0232  SFT/137,1756624413,1756624416,1143,0,0
1756607550_6..N01X007,015250_6..N01X007,6,0,1756607550,06 0232+ BBR/PEL,1756625595,1756625601,1479,0,0
1756607640_4..S13R,015400_4..S13R,4,1,1756607640,04 0234  WDL/NLT,1756627920,1756627923,2191,0,0
1756607790_7..N,015650_7..N,7,0,1756607790,07 0236+ 34H/MST,1756624275,1756624278,1111,0,0
1756607970_6..S01R,015950_6..S01R,6,1,1756607970,06 0239+ PEL/BBR,1756625805,1756625808,1375,0,0
1756608000_7..S,016000_7..S,7,1,1756608000,07 0240 MST/34H,1756630794,,3194,0,0
1756608120_5..S32R,016200_5..S32R,5,1,1756608120,05 0242  DYR/180,1756623186,1756623189,718,0,0
1756608150_2..S08R,016250_2..S08R,2,1,1756608150,02 0242+ 241/FLA,1756628520,1756628525,2051,0,0
1756608180_3..S88R,016300_3..S88R,3,1,1756608180,03 0243  148/34S,1756624065,1756624068,951,0,0
1756608180_5..N32R,016300_5..N32R,5,0,1756608180,05 0243  180/DYR,1756623264,1756623270,739,0,0
1756608270_1..S12R,016450_1..S12R,1,1,1756608270,01 0244+ 137/SFT,1756624854,1756624860,1148,0,0
1756608300_3..N90R,016500_3..N90R,3,0,1756608300,03 0245  34S/148,1756624146,1756624149,893,0,0
1756608360_1..S02X060,016600_1..S02X060,1,1,1756608360,01 0246  242/DYK,1756623474,1756623480,715,0,0
1756608510_4..N13X004,016850_4..N13X004,4,0,1756608510,04 0248+ NLT/WDL,1756628238,1756628241,2129,0,0
1756608540_1..N02X061,016900_1..N02X061,1,0,1756608540,01 0249  DYK/242,1756623495,1756623498,720,0,0
1756608690_2..N08R,017150_2..N08R,2,0,1756608690,02 0251+ FLA/241,1756628940,1756628945,2070,0,0
1756608720_1..N12R,017200_1..N12R,1,0,1756608720,01 0252  SFT/137,1756625427,1756625430,1119,0,0
1756608750_6..N01X007,017250_6..N01X007,6,0,1756608750,06 0252+ BBR/PEL,1756626630,1756626633,1412,0,0
1756608840_4..S13R,017400_4..S13R,4,1,1756608840,04 0254  WDL/NLT,1756629129,1756629135,2355,0,0
1756608990_7..N,017650_7..N,7,0,1756608990,07 0256+ 34H/MST,1756622901,1756622904,379,0,0
1756609170_6..S01R,017950_6..S01R,6,1,1756609170,06 0259+ PEL/BBR,1756627170,1756627173,1414,0,0
1756609200_7..S,018000_7..S,7,1,1756609200,07 0300 MST/34H,1756625715,1756625718,1045,0,0
1756609320_5..S32R,018200_5..S32R,5,1,1756609320,05 0302  DYR/180,1756624434,1756624440,729,0,0
1756609350_2..S08R,018250_2..S08R,2,1,1756609350,02 0302+ 241/FLA,1756629810,1756629815,2225,0,0
1756609380_5..N32R,018300_5..N32R,5,0,1756609380,05 0303  180/DYR,1756624575,1756624578,766,0,0
1756609470_1..S12R,018450_1..S12R,1,1,1756609470,01 0304+ 137/SFT,1756626180,1756626183,1145,0,0
1756609500_3..N90R,018500_3..N90R,3,0,1756609500,03 0305  34S/148,1756625298,1756625310,854,0,0
1756609560_1..S02X060,018600_1..S02X060,1,1,1756609560,01 0306  242/DYK,1756624734,1756624740,729,0,0
1756609590_7..N,018650_7..N,7,0,1756609590,07 0306+ 34H/MST,1756626183,1756626186,826,0,0
1756609710_4..N13X004,018850_4..N13X004,4,0,1756609710,04 0308+ NLT/WDL,1756623009,1756624113,311,0,0
1756609740_1..N02X061,018900_1..N02X061,1,0,1756609740,01 0309  DYK/242,1756624734,1756624740,729,0,0
1756609890_2..N08R,019150_2..N08R,2,0,1756609890,02 0311+ FLA/241,1756630380,1756630385,2284,0,0
1756609920_1..N12R,019200_1..N12R,1,0,1756609920,01 0312  SFT/137,1756626591,1756626594,1101,0,0
1756609980_3..S88R,019300_3..S88R,3,1,1756609980,03 0313  148/34S,1756625748,1756625751,662,0,0
1756610040_4..S13R,019400_4..S13R,4,1,1756610040,04 0314  WDL/NLT,1756630305,1756630310,2505,0,0
1756610310_4..N13X004,019850_4..N13X004,4,0,1756610310,04 0318+ NLT/WDL,1756630755,1756630760,2455,0,0
1756610370_6..S01R,019950_6..S01R,6,1,1756610370,06 0319+ PEL/BBR,1756628415,1756628418,1589,0,0
1756610400_7..S,020000_7..S,7,1,1756610400,07 0320 MST/34H,1756626951,1756626954,1030,0,0
1756610520_5..S32R,020200_5..S32R,5,1,1756610520,05 0322  DYR/180,1756625550,1756625556,667,0,0
1756610550_2..S08R,020250_2..S08R,2,1,1756610550,02 0322+ 241/FLA,1756630794,,2286,0,0
1756610580_5..N32R,020300_5..N32R,5,0,1756610580,05 0323  180/DYR,1756625658,1756625661,694,0,0
1756610670_1..S12R,020450_1..S12R,1,1,1756610670,01 0324+ 137/SFT,1756627290,1756627293,1141,0,0
1756610700_3..N90R,020500_3..N90R,3,0,1756610700,03 0325  34S/148,1756626849,1756626855,930,0,0
1756610760_1..S02X060,020600_1..S02X060,1,1,1756610760,01 0326  242/DYK,1756625814,1756625820,657,0,0
1756610940_1..N02X061,020900_1..N02X061,1,0,1756610940,01 0329  DYK/242,1756625934,1756625940,686,0,0
1756611090_2..N08R,021150_2..N08R,2,0,1756611090,02 0331+ FLA/241,1756630794,,2152,0,0
1756611120_1..N12R,021200_1..N12R,1,0,1756611120,01 0332  SFT/137,1756627749,1756627755,1163,0,0
1756611150_6..N01X007,021250_6..N01X007,6,0,1756611150,06 0332+ BBR/PEL,1756625820,1756625823,578,0,0
1756611390_7..N,021650_7..N,7,0,1756611390,07 0336+ 34H/MST,1756628034,1756628040,1120,0,0
1756611570_6..S01R,021950_6..S01R,6,1,1756611570,06 0339+ PEL/BBR,1756629615,1756629620,1750,0,0
1756611600_7..S,022000_7..S,7,1,1756611600,07 0340 MST/34H,1756628184,1756628190,1180,0,0
1756611720_5..S32R,022200_5..S32R,5,1,1756611720,05 0342  DYR/180,1756626759,1756626765,667,0,0
1756611750_2..S08R,022250_2..S08R,2,1,1756611750,02 0342+ 241/FLA,1756630794,,2023,0,0
1756611780_3..S88R,022300_3..S88R,3,1,1756611780,03 0343  148/34S,1756627599,1756627605,944,0,0
1756611780_5..N32R,022300_5..N32R,5,0,1756611780,05 0343  180/DYR,1756626810,1756626813,680,0,0
1756611840_4..S13R,022400_4..S13R,4,1,1756611840,04 0344  WDL/NLT,1756630794,,2409,0,0
1756611870_1..S12R,022450_1..S12R,1,1,1756611870,01 0344+ 137/SFT,1756628370,1756628373,1172,0,0
1756611900_3..N90R,022500_3..N90R,3,0,1756611900,03 0345  34S/148,1756627668,1756627671,891,0,0
1756611960_1..S02X060,022600_1..S02X060,1,1,1756611960,01 0346  242/DYK,1756627068,1756627071,668,0,0
1756612110_4..N13X004,022850_4..N13X004,4,0,1756612110,04 0348+ NLT/WDL,1756630794,,2328,0,0
1756612140_1..N02X061,022900_1..N02X061,1,0,1756612140,01 0349  DYK/242,1756627119,1756627125,682,0,0
1756612290_2..N08X003,023150_2..N08X003,2,0,1756612290,02 0351+ FLA/241,1756630794,,1884,0,0
1756612320_1..N12R,023200_1..N12R,1,0,1756612320,01 0352  SFT/137,1756628925,1756628930,1314,0,0
1756612350_6..N01X007,023250_6..N01X007,6,0,1756612350,06 0352+ BBR/PEL,1756630205,1756630206,1825,0,0
1756612590_7..N,023650_7..N,7,0,1756612590,07 0356+ 34H/MST,1756629201,1756629204,1353,0,0
1756612770_6..S01R,023950_6..S01R,6,1,1756612770,06 0359+ PEL/BBR,1756626690,1756626693,353,0,0
1756612800_7..S,024000_7..S,7,1,1756612800,07 0400 MST/34H,1756629324,1756629330,1343,0,0
1756526400_A..N43R,024000_A..N43R,A,0,1756526400,1A 0400 LEF/EUC,1756541435,1756541441,565,0,0
1756526460_H..N21R,024100_H..N21R,H,0,1756526460,1H 0401 RPK/BCR,1756551660,1756551667,1919,0,0
1756526520_A..N09R,024200_A..N09R,A,0,1756526520,1A 0402 FAR/207,1756547192,1756547200,1316,0,0
1756526730_H..S21R,024550_H..S21R,H,1,1756526730,1H 0405+ BCR/RPK,1756542132,1756542140,614,0,0
1756526790_A..S43R,024650_A..S43R,A,1,1756526790,1A 0406+ EUC/LEF,1756541810,1756541816,563,0,0
1756526910_E..N05R,024850_E..N05R,E,0,1756526910,1E 0408+ WTC/P-A,1756545255,1756545264,1006,0,0
1756526970_A..S74R,024950_A..S74R,A,1,1756526970,1A 0409+ 207/FAR,1756547808,1756547816,1338,2,0
1756527240_E..S04R,025400_E..S04R,E,1,1756527240,1E 0414 P-A/WTC,1756545420,1756545429,984,0,0
1756527600_A..N43R,026000_A..N43R,A,0,1756527600,1A 0420 LEF/EUC,1756542627,1756542636,564,0,0
1756527660_H..N21R,026100_H..N21R,H,0,1756527660,1H 0421 RPK/BCR,1756552862,1756552868,1919,0,0
1756527720_A..N09R,026200_A..N09R,A,0,1756527720,1A 0422 FAR/207,1756548237,1756548243,1295,0,0
1756527930_H..S21R,026550_H..S21R,H,1,1756527930,1H 0425+ BCR/RPK,1756542831,1756542838,547,0,0
1756527990_A..S43R,026650_A..S43R,A,1,1756527990,1A 0426+ EUC/LEF,1756542996,1756543003,561,0,0
1756528110_E..N05R,026850_E..N05R,E,0,1756528110,1E 0428+ WTC/P-A,1756546126,1756546134,962,0,0
1756528170_A..S74R,026950_A..S74R,A,1,1756528170,1A 0429+ 207/FAR,1756549550,1756549558,1410,2,0
1756528440_E..S04R,027400_E..S04R,E,1,1756528440,1E 0434 P-A/WTC,1756546502,1756546510,968,0,0
1756528800_A..N43R,028000_A..N43R,A,0,1756528800,1A 0440 LEF/EUC,1756544002,1756544009,587,0,0
1756528860_H..N21R,028100_H..N21R,H,0,1756528860,1H 0441 RPK/BCR,1756554063,1756554069,1919,0,0
1756528920_A..N09R,028200_A..N09R,A,0,1756528920,1A 0442 FAR/207,1756550219,1756550225,1399,0,0
1756529130_H..S21R,028550_H..S21R,H,1,1756529130,1H 0445+ BCR/RPK,1756544414,1756544423,598,0,0
1756529190_A..S43R,028650_A..S43R,A,1,1756529190,1A 0446+ EUC/LEF,1756545399,1756545405,721,0,0
1756529310_E..N05R,028850_E..N05R,E,0,1756529310,1E 0448+ WTC/P-A,1756547568,1756547576,994,0,0
1756529370_A..S74R,028950_A..S74R,A,1,1756529370,1A 0449+ 207/FAR,1756551195,1756551201,1469,2,0
1756529640_E..S04R,029400_E..S04R,E,1,1756529640,1E 0454 P-A/WTC,1756547606,1756547613,955,0,0
1756530000_A..N43R,030000_A..N43R,A,0,1756530000,1A 0500 LEF/EUC,1756544940,1756544948,552,0,0
1756530060_H..N21R,030100_H..N21R,H,0,1756530060,1H 0501 RPK/BCR,1756555256,1756555264,1918,0,0
1756530120_A..N09R,030200_A..N09R,A,0,1756530120,1A 0502 FAR/207,1756551645,1756551652,1429,0,0
1756530330_H..S21R,030550_H..S21R,H,1,1756530330,1H 0505+ BCR/RPK,1756545616,1756545624,598,0,0
1756530390_A..S43R,030650_A..S43R,A,1,1756530390,1A 0506+ EUC/LEF,1756545399,1756545405,561,0,0
1756530510_E..N05R,030850_E..N05R,E,0,1756530510,1E 0508+ WTC/P-A,1756548552,1756548559,965,0,0
1756530570_A..S74R,030950_A..S74R,A,1,1756530570,1A 0509+ 207/FAR,1756552418,1756552426,1472,0,0
1756530840_E..S04R,031400_E..S04R,E,1,1756530840,1E 0514 P-A/WTC,1756549032,1756549039,985,0,0
1756531200_A..N43R,032000_A..N43R,A,0,1756531200,1A 0520 LEF/EUC,1756546270,1756546276,569,0,0
1756531380_A..N55R,032300_A..N55R,A,0,1756531380,1A 0523 FAR/207,1756551705,1756551712,1269,0,0
1756531380_H..N21R,032300_H..N21R,H,0,1756531380,1H 0523 RPK/BCR,1756556577,1756556585,1918,0,0
1756531530_H..S21R,032550_H..S21R,H,1,1756531530,1H 0525+ BCR/RPK,1756546930,1756546937,613,0,0
1756531590_A..S43R,032650_A..S43R,A,1,1756531590,1A 0526+ EUC/LEF,1756548192,1756548198,773,0,0
1756531680_A..S58X006,032800_A..S58X006,A,1,1756531680,1A 0528 207/FAR,1756552786,1756552793,1373,0,0
1756531710_E..N05R,032850_E..N05R,E,0,1756531710,1E 0528+ WTC/P-A,1756549910,1756549918,986,0,0
1756531980_E..S69R,033300_E..S69R,E,1,1756531980,1E 0533 P-A/WTC,1756549189,1756549198,854,0,0
1756532340_C..S04R,033900_C..S04R,C,1,1756532340,1C 0539 168/EUC,1756551201,1756551210,1074,0,0
1756532400_A..N43R,034000_A..N43R,A,0,1756532400,1A 0540 LEF/EUC,1756547613,1756547621,588,0,0
1756532610_A..S58X006,034350_A..S58X006,A,1,1756532610,1A 0543+ 207/FAR,1756553147,1756553153,1297,0,0
1756532730_H..S21R,034550_H..S21R,H,1,1756532730,1H 0545+ BCR/RPK,1756548108,1756548116,610,0,0
1756532790_A..S43R,034650_A..S43R,A,1,1756532790,1A 0546+ EUC/LEF,1756548192,1756548198,613,0,0
1756532820_A..N55R,034700_A..N55R,A,0,1756532820,1A 0547 FAR/207,1756553289,1756553297,1288,0,0
1756532820_H..N21R,034700_H..N21R,H,0,1756532820,1H 0547 RPK/BCR,1756558019,1756558027,1918,0,0
1756532910_E..N05R,034850_E..N05R,E,0,1756532910,1E 0548+ WTC/P-A,1756550841,1756550849,950,0,0
1756533060_E..S69R,035100_E..S69R,E,1,1756533060,1E 0551 P-A/WTC,1756550496,1756550504,884,0,0
1756533180_C..N04R,035300_C..N04R,C,0,1756533180,1C 0553 EUC/168,1756551397,1756551405,988,0,0
1756533480_A..N54R,035800_A..N54R,A,0,1756533480,1A 0558 LEF/207,1756552568,1756552576,1104,0,0
1756533540_C..S04R,035900_C..S04R,C,1,1756533540,1C 0559 168/EUC,1756552358,1756552366,1068,0,0
1756533600_A..S58X006,036000_A..S58X006,A,1,1756533600,1A 0600 207/FAR,1756554453,1756554460,1339,1,1
1756533900_E..S69R,036500_E..S69R,E,1,1756533900,1E 0605 P-A/WTC,1756551231,1756551240,870,0,0
1756533930_H..S21R,036550_H..S21R,H,1,1756533930,1H 0605+ BCR/RPK,1756551216,1756551225,864,0,0
1756533990_A..S43R,036650_A..S43R,A,1,1756533990,1A 0606+ EUC/LEF,1756549189,1756549198,587,0,0
1756534110_E..N75R,036850_E..N75R,E,0,1756534110,1E 0608+ WTC/P-A,1756551757,1756551765,912,0,0
1756534140_H..N21R,036900_H..N21R,H,0,1756534140,1H 0609 RPK/BCR,1756559340,1756559348,1918,0,0
1756534260_A..N55R,037100_A..N55R,A,0,1756534260,1A 0611 FAR/207,1756554655,1756554664,1279,0,0
1756534380_C..N04R,037300_C..N04R,C,0,1756534380,1C 0613 EUC/168,1756552802,1756552808,1016,0,0
1756534560_A..S57X006,037600_A..S57X006,A,1,1756534560,1A 0616 207/LEF,1756553589,1756553597,1097,0,0
1756534620_E..S69R,037700_E..S69R,E,1,1756534620,1E 0617 P-A/WTC,1756551967,1756551976,873,0,0
1756534740_C..S04R,037900_C..S04R,C,1,1756534740,1C 0619 168/EUC,1756553199,1756553207,1021,0,0
1756534950_A..N54R,038250_A..N54R,A,0,1756534950,1A 0622+ LEF/207,1756553927,1756553934,1090,0,0
1756535010_E..N75R,038350_E..N75R,E,0,1756535010,1E 0623+ WTC/P-A,1756552883,1756552891,943,0,0
1756535250_H..S21R,038750_H..S21R,H,1,1756535250,1H 0627+ BCR/RPK,1756552222,1756552231,823,0,0
1756535340_A..S58X006,038900_A..S58X006,A,1,1756535340,1A 0629 207/FAR,1756555045,1756555054,1187,0,0
1756535340_E..S69R,038900_E..S69R,E,1,1756535340,1E 0629 P-A/WTC,1756552561,1756552568,856,0,0
1756535400_H..N21R,039000_H..N21R,H,0,1756535400,1H 0630 RPK/BCR,1756560602,1756560609,1919,0,0
1756535460_A..N55R,039100_A..N55R,A,0,1756535460,1A 0631 FAR/207,1756556397,1756556405,1351,0,0
1756535580_C..N04R,039300_C..N04R,C,0,1756535580,1C 0633 EUC/168,1756553859,1756553867,997,0,0
1756535940_A..S57X006,039900_A..S57X006,A,1,1756535940,1A 0639 207/LEF,1756555774,1756555781,1204,0,0
1756535940_C..S04R,039900_C..S04R,C,1,1756535940,1C 0639 168/EUC,1756555286,1756555294,1139,1,0
1756535940_E..N75R,039900_E..N75R,E,0,1756535940,1E 0639 WTC/P-A,1756553559,1756553567,909,0,0
1756536000_A..S37R,040000_A..S37R,A,1,1756536000,1A 0640 EUC/LEF,1756551081,1756551090,116,0,0
1756536060_E..S69R,040100_E..S69R,E,1,1756536060,1E 0641 P-A/WTC,1756553604,1756553612,899,0,0
1756536150_A..N54R,040250_A..N54R,A,0,1756536150,1A 0642+ LEF/207,1756555135,1756555144,1091,0,0
1756536540_A..S58X006,040900_A..S58X006,A,1,1756536540,1A 0649 207/FAR,1756557013,1756557021,1289,0,0
1756536600_H..N21R,041000_H..N21R,H,0,1756536600,1H 0650 RPK/BCR,1756561803,1756561811,1919,0,0
1756536660_A..N55R,041100_A..N55R,A,0,1756536660,1A 0651 FAR/207,1756557111,1756557118,1286,0,0
1756536690_C..N04R,041150_C..N04R,C,0,1756536690,1C 0651+ EUC/168,1756555009,1756555015,1002,0,0
1756536690_H..S21R,041150_H..S21R,H,1,1756536690,1H 0651+ BCR/RPK,1756554385,1756554393,911,0,0
1756536780_E..S69R,041300_E..S69R,E,1,1756536780,1E 0653 P-A/WTC,1756554123,1756554129,872,0,0
1756536840_E..N75R,041400_E..N75R,E,0,1756536840,1E 0654 WTC/P-A,1756554813,1756554820,956,0,0
1756536870_C..S04R,041450_C..S04R,C,1,1756536870,1C 0654+ 168/EUC,1756555511,1756555519,1045,0,0
1756536900_A..S37R,041500_A..S37R,A,1,1756536900,1A 0655 EUC/LEF,1756552463,1756552471,635,0,0
1756537170_A..S57X006,041950_A..S57X006,A,1,1756537170,1A 0659+ 207/LEF,1756556735,1756556742,1168,0,0
1756537500_E..S69R,042500_E..S69R,E,1,1756537500,1E 0705 P-A/WTC,1756555294,1756555301,932,0,0
1756537530_C..N04R,042550_C..N04R,C,0,1756537530,1C 0705+ EUC/168,1756556232,1756556240,1053,0,0
1756537680_C..S04R,042800_C..S04R,C,1,1756537680,1C 0708 168/EUC,1756556487,1756556495,1067,0,0
1756537740_A..S58X006,042900_A..S58X006,A,1,1756537740,1A 0709 207/FAR,1756558064,1756558072,1269,0,0
1756537740_E..N72R,042900_E..N72R,E,0,1756537740,1E 0709 WTC/P-A,1756555211,1756555219,889,0,0
1756537800_H..N21R,043000_H..N21R,H,0,1756537800,1H 0710 RPK/BCR,1756562997,1756563004,1917,0,0
1756537800_H..S21R,043000_H..S21R,H,1,1756537800,1H 0710 BCR/RPK,1756554393,1756554400,772,0,0
1756537860_A..N55R,043100_A..N55R,A,0,1756537860,1A 0711 FAR/207,1756557853,1756557862,1225,0,0
1756537950_A..N54R,043250_A..N54R,A,0,1756537950,1A 0712+ LEF/207,1756556892,1756556901,959,0,0
1756538160_A..S57X006,043600_A..S57X006,A,1,1756538160,1A 0716 207/LEF,1756557838,1756557846,1183,0,0
1756538220_E..S69R,043700_E..S69R,E,1,1756538220,1E 0717 P-A/WTC,1756555586,1756555594,875,0,0
1756538400_C..S04R,044000_C..S04R,C,1,1756538400,1C 0720 168/EUC,1756557058,1756557066,1047,0,0
1756538520_E..N72R,044200_E..N72R,E,0,1756538520,1E 0722 WTC/P-A,1756556315,1756556322,932,0,0
1756538610_C..N04R,044350_C..N04R,C,0,1756538610,1C 0723+ EUC/168,1756557021,1756557028,1014,0,0
1756538760_A..S58X006,044600_A..S58X006,A,1,1756538760,1A 0726 207/FAR,1756559829,1756559835,1368,1,1
1756538880_H..S21R,044800_H..S21R,H,1,1756538880,1H 0728 BCR/RPK,1756554408,1756554415,630,0,0
1756538940_E..S69R,044900_E..S69R,E,1,1756538940,1E 0729 P-A/WTC,1756556187,1756556195,859,0,0
1756539000_H..N21R,045000_H..N21R,H,0,1756539000,1H 0730 RPK/BCR,1756564198,1756564205,1914,0,0
1756539060_A..N55R,045100_A..N55R,A,0,1756539060,1A 0731 FAR/207,1756559115,1756559123,1233,0,0
1756539120_C..S04R,045200_C..S04R,C,1,1756539120,1C 0732 168/EUC,1756557673,1756557681,1033,0,0
1756539120_E..N72R,045200_E..N72R,E,0,1756539120,1E 0732 WTC/P-A,1756556637,1756556645,895,0,0
1756539330_C..N04R,045550_C..N04R,C,0,1756539330,1C 0735+ EUC/168,1756557853,1756557862,1029,0,0
1756539450_A..S57X006,045750_A..S57X006,A,1,1756539450,1A 0737+ 207/LEF,1756559805,1756559814,1273,0,0
1756539600_H..N21R,046000_H..N21R,H,0,1756539600,1H 0740 RPK/BCR,1756564799,1756564806,1914,0,0
1756539660_E..S69R,046100_E..S69R,E,1,1756539660,1E 0741 P-A/WTC,1756556991,1756556997,870,0,0
1756539750_A..N54R,046250_A..N54R,A,0,1756539750,1A 0742+ LEF/207,1756558500,1756558507,1059,0,0
1756539840_C..S04R,046400_C..S04R,C,1,1756539840,1C 0744 168/EUC,1756558514,1756558522,1049,0,0
1756539900_E..N72R,046500_E..N72R,E,0,1756539900,1E 0745 WTC/P-A,1756557884,1756557892,957,0,0
1756540050_A..S58X006,046750_A..S58X006,A,1,1756540050,1A 0747+ 207/FAR,1756560572,1756560579,1295,0,0
1756540050_C..N04R,046750_C..N04R,C,0,1756540050,1C 0747+ EUC/168,1756558814,1756558822,1061,0,0
1756540200_H..N21R,047000_H..N21R,H,0,1756540200,1H 0750 RPK/BCR,1756565399,1756565406,1914,0,0
1756540260_A..N55R,047100_A..N55R,A,0,1756540260,1A 0751 FAR/207,1756560662,1756560669,1280,0,0
1756540260_H..S21R,047100_H..S21R,H,1,1756540260,1H 0751 BCR/RPK,1756555676,1756555684,615,0,0
1756540380_E..S69R,047300_E..S69R,E,1,1756540380,1E 0753 P-A/WTC,1756557704,1756557711,870,0,0
1756540560_A..S57X006,047600_A..S57X006,A,1,1756540560,1A 0756 207/LEF,1756559866,1756559874,1134,0,0
1756540620_E..N72R,047700_E..N72R,E,0,1756540620,1E 0757 WTC/P-A,1756558237,1756558245,909,0,0
1756540740_H..S21R,047900_H..S21R,H,1,1756540740,1H 0759 BCR/RPK,1756555886,1756555895,580,0,0
1756540770_C..N04R,047950_C..N04R,C,0,1756540770,1C 0759+ EUC/168,1756559580,1756559588,1068,0,0
1756540950_A..N54R,048250_A..N54R,A,0,1756540950,1A 0802+ LEF/207,1756560309,1756560316,1141,0,0
1756541160_A..S58X006,048600_A..S58X006,A,1,1756541160,1A 0806 207/FAR,1756561330,1756561337,1249,0,0
1756541160_E..S69R,048600_E..S69R,E,1,1756541160,1E 0806 P-A/WTC,1756558574,1756558582,882,0,0
1756541280_C..S04R,048800_C..S04R,C,1,1756541280,1C 0808 168/EUC,1756560129,1756560136,1073,0,0
1756541340_E..N72R,048900_E..N72R,E,0,1756541340,1E 0809 WTC/P-A,1756558739,1756558747,880,0,0
1756541400_H..N21R,049000_H..N21R,H,0,1756541400,1H 0810 RPK/BCR,1756566601,1756566608,1915,0,0
1756541460_A..N55R,049100_A..N55R,A,0,1756541460,1A 0811 FAR/207,1756561772,1756561781,1268,0,0
1756541460_H..S21R,049100_H..S21R,H,1,1756541460,1H 0811 BCR/RPK,1756556735,1756556742,597,0,0
1756541490_C..N04R,049150_C..N04R,C,0,1756541490,1C 0811+ EUC/168,1756559964,1756559971,1023,0,0
1756541760_A..S57X006,049600_A..S57X006,A,1,1756541760,1A 0816 207/LEF,1756561142,1756561150,1144,0,0
1756541820_E..S69R,049700_E..S69R,E,1,1756541820,1E 0817 P-A/WTC,1756559265,1756559273,886,0,0
1756542000_C..S04R,050000_C..S04R,C,1,1756542000,1C 0820 168/EUC,1756560752,1756560759,1060,0,0
1756542060_E..N72R,050100_E..N72R,E,0,1756542060,1E 0821 WTC/P-A,1756559580,1756559588,896,0,0
1756542150_A..N54R,050250_A..N54R,A,0,1756542150,1A 0822+ LEF/207,1756561090,1756561097,1085,0,0
1756542210_C..N04R,050350_C..N04R,C,0,1756542210,1C 0823+ EUC/168,1756561128,1756561135,1082,0,0
1756542360_A..S58X006,050600_A..S58X006,A,1,1756542360,1A 0826 207/FAR,1756562869,1756562877,1293,0,0
1756542540_E..S69R,050900_E..S69R,E,1,1756542540,1E 0829 P-A/WTC,1756560399,1756560406,941,0,0
1756542600_H..N21R,051000_H..N21R,H,0,1756542600,1H 0830 RPK/BCR,1756567803,1756567809,1915,0,0
1756542660_A..N55R,051100_A..N55R,A,0,1756542660,1A 0831 FAR/207,1756563274,1756563282,1307,0,0
1756542660_H..S21R,051100_H..S21R,H,1,1756542660,1H 0831 BCR/RPK,1756557418,1756557426,528,0,0
1756542720_C..S04R,051200_C..S04R,C,1,1756542720,1C 0832 168/EUC,1756561112,1756561120,1012,0,0
1756542780_E..N72R,051300_E..N72R,E,0,1756542780,1E 0833 WTC/P-A,1756560069,1756560076,865,0,0
1756542930_C..N04R,051550_C..N04R,C,0,1756542930,1C 0835+ EUC/168,1756562224,1756562231,1131,0,0
1756542960_A..S57X006,051600_A..S57X006,A,1,1756542960,1A 0836 207/LEF,1756562652,1756562658,1184,0,0
1756543200_H..N21R,052000_H..N21R,H,0,1756543200,1H 0840 RPK/BCR,1756568403,1756568409,1915,0,0
1756543260_E..S69R,052100_E..S69R,E,1,1756543260,1E 0841 P-A/WTC,1756560549,1756560556,865,0,0
1756543350_A..N54R,052250_A..N54R,A,0,1756543350,1A 0842+ LEF/207,1756562313,1756562321,1087,0,0
1756543440_C..S04R,052400_C..S04R,C,1,1756543440,1C 0844 168/EUC,1756562246,1756562253,1066,0,0
1756543500_E..N72R,052500_E..N72R,E,0,1756543500,1E 0845 WTC/P-A,1756560910,1756560917,881,0,0
1756543650_A..S58X006,052750_A..S58X006,A,1,1756543650,1A 0847+ 207/FAR,1756563900,1756563911,1256,0,0
1756543680_H..N21X007,052800_H..N21X007,H,0,1756543680,1H 0848 RPK/RKB,1756559295,1756559303,642,0,0
1756543830_C..N04R,053050_C..N04R,C,0,1756543830,1C 0850+ EUC/168,1756562329,1756562336,803,0,0
1756543860_A..N55R,053100_A..N55R,A,0,1756543860,1A 0851 FAR/207,1756564273,1756564280,1277,0,0
1756543860_H..S21R,053100_H..S21R,H,1,1756543860,1H 0851 BCR/RPK,1756558784,1756558792,550,0,0
1756543980_E..S69R,053300_E..S69R,E,1,1756543980,1E 0853 P-A/WTC,1756561345,1756561352,875,0,0
1756544160_A..S57X006,053600_A..S57X006,A,1,1756544160,1A 0856 207/LEF,1756564055,1756564063,1208,0,0
1756544160_C..S04R,053600_C..S04R,C,1,1756544160,1C 0856 168/EUC,1756562847,1756562854,1050,0,0
1756544220_E..N72R,053700_E..N72R,E,0,1756544220,1E 0857 WTC/P-A,1756561532,1756561540,868,0,0
1756544340_H..S21R,053900_H..S21R,H,1,1756544340,1H 0859 BCR/RPK,1756559775,1756559783,618,0,0
1756544400_H..S21X007,054000_H..S21X007,H,1,1756544400,1H 0900 RKB/RPK,1756559926,1756559934,630,0,0
1756544550_A..N54R,054250_A..N54R,A,0,1756544550,1A 0902+ LEF/207,1756563730,1756563738,1114,0,0
1756544700_E..S69R,054500_E..S69R,E,1,1756544700,1E 0905 P-A/WTC,1756562493,1756562501,931,0,0
1756544730_C..N04R,054550_C..N04R,C,0,1756544730,1C 0905+ EUC/168,1756563049,1756563057,899,0,0
1756544760_A..S58X006,054600_A..S58X006,A,1,1756544760,1A 0906 207/FAR,1756566000,1756566007,1387,0,0
1756544880_C..S04R,054800_C..S04R,C,1,1756544880,1C 0908 168/EUC,1756563787,1756563792,1077,0,0
1756544880_H..N21X007,054800_H..N21X007,H,0,1756544880,1H 0908 RPK/RKB,1756560519,1756560526,645,0,0
1756544940_E..N72R,054900_E..N72R,E,0,1756544940,1E 0909 WTC/P-A,1756561645,1756561652,787,0,0
1756545060_A..N55R,055100_A..N55R,A,0,1756545060,1A 0911 FAR/207,1756565391,1756565399,1266,0,0
1756545420_E..S69R,055700_E..S69R,E,1,1756545420,1E 0917 P-A/WTC,1756562727,1756562733,866,0,0
1756545600_C..S04R,056000_C..S04R,C,1,1756545600,1C 0920 168/EUC,1756564378,1756564385,1059,0,0
1756545600_H..S21X007,056000_H..S21X007,H,1,1756545600,1H 0920 RKB/RPK,1756561991,1756561998,745,0,0
1756545630_C..N04R,056050_C..N04R,C,0,1756545630,1C 0920+ EUC/168,1756564115,1756564123,1020,0,0
1756545660_E..N72R,056100_E..N72R,E,0,1756545660,1E 0921 WTC/P-A,1756563724,1756563730,965,0,0
1756545750_A..N54R,056250_A..N54R,A,0,1756545750,1A 0922+ LEF/207,1756564859,1756564866,1103,0,0
1756545870_A..S57X006,056450_A..S57X006,A,1,1756545870,1A 0924+ 207/LEF,1756565174,1756565181,831,0,0
1756545960_A..S58X006,056600_A..S58X006,A,1,1756545960,1A 0926 207/FAR,1756566923,1756566931,1350,0,0
1756546080_H..N21X007,056800_H..N21X007,H,0,1756546080,1H 0928 RPK/RKB,1756561863,1756561871,664,0,0
1756546140_E..S69R,056900_E..S69R,E,1,1756546140,1E 0929 P-A/WTC,1756563589,1756563598,885,0,0
1756546260_A..N55R,057100_A..N55R,A,0,1756546260,1A 0931 FAR/207,1756566668,1756566676,1276,0,0
1756546320_C..S04R,057200_C..S04R,C,1,1756546320,1C 0932 168/EUC,1756564859,1756564866,1027,0,0
1756546380_E..N72R,057300_E..N72R,E,0,1756546380,1E 0933 WTC/P-A,1756563900,1756563911,892,0,0
1756546530_C..N04R,057550_C..N04R,C,0,1756546530,1C 0935+ EUC/168,1756564836,1756564844,996,0,0
1756546680_H..N21X007,057800_H..N21X007,H,0,1756546680,1H 0938 RPK/RKB,1756562733,1756562742,699,0,0
1756546800_H..S21X007,058000_H..S21X007,H,1,1756546800,1H 0940 RKB/RPK,1756562509,1756562517,653,0,0
1756546860_E..S69R,058100_E..S69R,E,1,1756546860,1E 0941 P-A/WTC,1756564190,1756564198,866,0,0
1756546950_A..N54R,058250_A..N54R,A,0,1756546950,1A 0942+ LEF/207,1756565865,1756565872,1077,0,0
1756547040_C..S04R,058400_C..S04R,C,1,1756547040,1C 0944 168/EUC,1756565496,1756565504,1016,0,0
1756547100_E..N72R,058500_E..N72R,E,0,1756547100,1E 0945 WTC/P-A,1756565039,1756565046,947,0,0
1756547250_A..S58X006,058750_A..S58X006,A,1,1756547250,1A 0947+ 207/FAR,1756567223,1756567231,1218,0,0
1756547250_C..N04R,058750_C..N04R,C,0,1756547250,1C 0947+ EUC/168,1756565700,1756565706,1015,0,0
1756547280_H..N21X007,058800_H..N21X007,H,0,1756547280,1H 0948 RPK/RKB,1756562914,1756562922,643,0,0
1756547400_H..S21X007,059000_H..S21X007,H,1,1756547400,1H 0950 RKB/RPK,1756563132,1756563139,656,0,0
1756547460_A..N55R,059100_A..N55R,A,0,1756547460,1A 0951 FAR/207,1756567742,1756567749,1259,0,0
1756547580_E..S69R,059300_E..S69R,E,1,1756547580,1E 0953 P-A/WTC,1756565159,1756565166,899,0,0
1756547760_A..S57X006,059600_A..S57X006,A,1,1756547760,1A 0956 207/LEF,1756567066,1756567073,1130,0,0
1756547760_C..S04R,059600_C..S04R,C,1,1756547760,1C 0956 168/EUC,1756566457,1756566466,1049,0,0
1756547820_E..N72R,059700_E..N72R,E,0,1756547820,1E 0957 WTC/P-A,1756565640,1756565646,931,0,0
1756547970_C..N04R,059950_C..N04R,C,0,1756547970,1C 0959+ EUC/168,1756567081,1756567088,1103,0,0
1756548000_H..S21X007,060000_H..S21X007,H,1,1756548000,1H 1000 RKB/RPK,1756564070,1756564078,698,0,0
1756548150_A..N54R,060250_A..N54R,A,0,1756548150,1A 1002+ LEF/207,1756567238,1756567246,1101,0,0
1756548300_E..S69R,060500_E..S69R,E,1,1756548300,1E 1005 P-A/WTC,1756565655,1756565661,869,0,0
1756548360_A..S58X006,060600_A..S58X006,A,1,1756548360,1A 1006 207/FAR,1756569235,1756569244,1339,0,0
1756548480_C..S04R,060800_C..S04R,C,1,1756548480,1C 1008 168/EUC,1756567066,1756567073,1034,0,0
1756548480_H..N21X007,060800_H..N21X007,H,0,1756548480,1H 1008 RPK/RKB,1756564258,1756564265,660,0,0
1756548540_E..N72R,060900_E..N72R,E,0,1756548540,1E 1009 WTC/P-A,1756566075,1756566082,893,0,0
1756548660_A..N55R,061100_A..N55R,A,0,1756548660,1A 1011 FAR/207,1756569325,1756569333,1311,0,0
1756548690_C..N04R,061150_C..N04R,C,0,1756548690,1C 1011+ EUC/168,1756567081,1756567088,1008,0,0
1756548960_A..S57X006,061600_A..S57X006,A,1,1756548960,1A 1016 207/LEF,1756568259,1756568267,1129,0,0
1756549020_E..S69R,061700_E..S69R,E,1,1756549020,1E 1017 P-A/WTC,1756566526,1756566532,890,0,0
1756549200_C..S04R,062000_C..S04R,C,1,1756549200,1C 1020 168/EUC,1756567803,1756567809,1036,0,0
1756549200_H..S21X007,062000_H..S21X007,H,1,1756549200,1H 1020 RKB/RPK,1756565361,1756565369,711,0,0
1756549260_E..N72R,062100_E..N72R,E,0,1756549260,1E 1021 WTC/P-A,1756568087,1756568094,1066,0,0
1756549350_A..N54R,062250_A..N54R,A,0,1756549350,1A 1022+ LEF/207,1756568289,1756568297,1081,0,0
1756549410_C..N04R,062350_C..N04R,C,0,1756549410,1C 1023+ EUC/168,1756568673,1756568680,1124,0,0
1756549560_A..S58X006,062600_A..S58X006,A,1,1756549560,1A 1026 207/FAR,1756569986,1756569994,1279,0,0
1756549680_H..N21X007,062800_H..N21X007,H,0,1756549680,1H 1028 RPK/RKB,1756565655,1756565661,686,0,0
1756549740_E..S69R,062900_E..S69R,E,1,1756549740,1E 1029 P-A/WTC,1756567899,1756567907,977,0,0
1756549860_A..N55R,063100_A..N55R,A,0,1756549860,1A 1031 FAR/207,1756570226,1756570235,1271,0,0
1756549920_C..S04R,063200_C..S04R,C,1,1756549920,1C 1032 168/EUC,1756569025,1756569033,1103,0,0
1756549980_E..N72R,063300_E..N72R,E,0,1756549980,1E 1033 WTC/P-A,1756568079,1756568087,969,0,0
1756550130_C..N04R,063550_C..N04R,C,0,1756550130,1C 1035+ EUC/168,1756568793,1756568800,1044,0,0
1756550160_A..S57X006,063600_A..S57X006,A,1,1756550160,1A 1036 207/LEF,1756569288,1756569295,1106,0,0
1756550280_H..N21X007,063800_H..N21X007,H,0,1756550280,1H 1038 RPK/RKB,1756566075,1756566082,662,0,0
1756550400_H..S21X007,064000_H..S21X007,H,1,1756550400,1H 1040 RKB/RPK,1756566608,1756566616,717,0,0
1756550460_E..S69R,064100_E..S69R,E,1,1756550460,1E 1041 P-A/WTC,1756567899,1756567907,881,0,0
1756550550_A..N54R,064250_A..N54R,A,0,1756550550,1A 1042+ LEF/207,1756569333,1756569340,1060,0,0
1756550700_E..N72R,064500_E..N72R,E,0,1756550700,1E 1045 WTC/P-A,1756568688,1756568695,954,0,0
1756550850_A..S58X006,064750_A..S58X006,A,1,1756550850,1A 1047+ 207/FAR,1756571601,1756571608,1322,0,0
1756550850_C..N04R,064750_C..N04R,C,0,1756550850,1C 1047+ EUC/168,1756569514,1756569521,1044,0,0
1756550880_H..N21X007,064800_H..N21X007,H,0,1756550880,1H 1048 RPK/RKB,1756566788,1756566796,677,0,0
1756551000_C..S04R,065000_C..S04R,C,1,1756551000,1C 1050 168/EUC,1756569415,1756569424,840,0,0
1756551000_H..S21X007,065000_H..S21X007,H,1,1756551000,1H 1050 RKB/RPK,1756566803,1756566811,663,0,0
1756551060_A..N55R,065100_A..N55R,A,0,1756551060,1A 1051 FAR/207,1756571457,1756571466,1275,0,0
1756551180_E..S69R,065300_E..S69R,E,1,1756551180,1E 1053 P-A/WTC,1756568793,1756568800,904,0,0
1756551360_A..S57X006,065600_A..S57X006,A,1,1756551360,1A 1056 207/LEF,1756570707,1756570715,1135,0,0
1756551420_E..N72R,065700_E..N72R,E,0,1756551420,1E 1057 WTC/P-A,1756568643,1756568650,854,0,0
1756551570_C..N04R,065950_C..N04R,C,0,1756551570,1C 1059+ EUC/168,1756570054,1756570061,1021,0,0
1756551750_A..N54R,066250_A..N54R,A,0,1756551750,1A 1102+ LEF/207,1756570677,1756570685,1080,0,0
1756551900_E..S69R,066500_E..S69R,E,1,1756551900,1E 1105 P-A/WTC,1756569535,1756569544,908,0,0
1756551960_A..S58X006,066600_A..S58X006,A,1,1756551960,1A 1106 207/FAR,1756572418,1756572426,1284,0,0
1756552080_C..S04R,066800_C..S04R,C,1,1756552080,1C 1108 168/EUC,1756571067,1756571075,1088,0,0
1756552080_H..N21X007,066800_H..N21X007,H,0,1756552080,1H 1108 RPK/RKB,1756567779,1756567787,650,0,0
1756552140_E..N72R,066900_E..N72R,E,0,1756552140,1E 1109 WTC/P-A,1756569626,1756569634,888,0,0
1756552200_H..S21X007,067000_H..S21X007,H,1,1756552200,1H 1110 RKB/RPK,1756568103,1756568109,677,0,0
1756552260_A..N55R,067100_A..N55R,A,0,1756552260,1A 1111 FAR/207,1756572539,1756572547,1260,0,0
1756552290_C..N04R,067150_C..N04R,C,0,1756552290,1C 1111+ EUC/168,1756570647,1756570655,1004,0,0
1756552560_A..S57X006,067600_A..S57X006,A,1,1756552560,1A 1116 207/LEF,1756571773,1756571781,1118,0,0
1756552620_E..S69R,067700_E..S69R,E,1,1756552620,1E 1117 P-A/WTC,1756569986,1756569994,872,0,0
1756552800_C..S04R,068000_C..S04R,C,1,1756552800,1C 1120 168/EUC,1756571427,1756571436,1040,0,0
1756552800_H..S21X007,068000_H..S21X007,H,1,1756552800,1H 1120 RKB/RPK,1756569851,1756569859,830,0,0
1756552860_E..N72R,068100_E..N72R,E,0,1756552860,1E 1121 WTC/P-A,1756570069,1756570076,851,0,0
1756552950_A..N54R,068250_A..N54R,A,0,1756552950,1A 1122+ LEF/207,1756571811,1756571818,1073,0,0
1756553010_C..N04R,068350_C..N04R,C,0,1756553010,1C 1123+ EUC/168,1756571916,1756571923,1079,0,0
1756553160_A..S58X006,068600_A..S58X006,A,1,1756553160,1A 1126 207/FAR,1756573778,1756573785,1308,0,0
1756553280_H..N21X007,068800_H..N21X007,H,0,1756553280,1H 1128 RPK/RKB,1756568928,1756568935,646,0,0
1756553340_E..S69R,068900_E..S69R,E,1,1756553340,1E 1129 P-A/WTC,1756571270,1756571277,950,0,0
1756553460_A..N55R,069100_A..N55R,A,0,1756553460,1A 1131 FAR/207,1756573680,1756573688,1255,0,0
1756553520_C..S04R,069200_C..S04R,C,1,1756553520,1C 1132 168/EUC,1756572133,1756572141,1041,0,0
1756553580_E..N72R,069300_E..N72R,E,0,1756553580,1E 1133 WTC/P-A,1756570955,1756570962,876,0,0
1756553730_C..N04R,069550_C..N04R,C,0,1756553730,1C 1135+ EUC/168,1756573004,1756573012,1129,0,0
1756553760_A..S57X006,069600_A..S57X006,A,1,1756553760,1A 1136 207/LEF,1756572734,1756572742,1089,0,0
1756553880_H..N21X007,069800_H..N21X007,H,0,1756553880,1H 1138 RPK/RKB,1756569634,1756569641,660,0,0
1756554000_H..S21X007,070000_H..S21X007,H,1,1756554000,1H 1140 RKB/RPK,1756569874,1756569881,676,0,0
1756554060_E..S69R,070100_E..S69R,E,1,1756554060,1E 1141 P-A/WTC,1756571638,1756571646,903,0,0
1756554150_A..N54R,070250_A..N54R,A,0,1756554150,1A 1142+ LEF/207,1756573034,1756573042,1077,0,0
1756554240_C..S04R,070400_C..S04R,C,1,1756554240,1C 1144 168/EUC,1756572959,1756572967,1055,0,0
1756554300_E..N72R,070500_E..N72R,E,0,1756554300,1E 1145 WTC/P-A,1756571601,1756571608,866,0,0
1756554450_A..S58X006,070750_A..S58X006,A,1,1756554450,1A 1147+ 207/FAR,1756575302,1756575309,1339,0,0
1756554480_H..N21X007,070800_H..N21X007,H,0,1756554480,1H 1148 RPK/RKB,1756570235,1756570241,660,0,0
1756554600_H..S21X007,071000_H..S21X007,H,1,1756554600,1H 1150 RKB/RPK,1756570316,1756570325,655,0,0
1756554660_A..N55R,071100_A..N55R,A,0,1756554660,1A 1151 FAR/207,1756574919,1756574926,1260,0,0
1756554690_C..N04R,071150_C..N04R,C,0,1756554690,1C 1151+ EUC/168,1756573523,1756573530,810,0,0
1756554780_E..S69R,071300_E..S69R,E,1,1756554780,1E 1153 P-A/WTC,1756572418,1756572426,911,0,0
1756554960_A..S57X006,071600_A..S57X006,A,1,1756554960,1A 1156 207/LEF,1756574544,1756574551,1171,0,0
1756554960_C..S04R,071600_C..S04R,C,1,1756554960,1C 1156 168/EUC,1756573598,1756573605,1045,0,0
1756555020_E..N72R,071700_E..N72R,E,0,1756555020,1E 1157 WTC/P-A,1756572358,1756572366,872,0,0
1756555350_A..N54R,072250_A..N54R,A,0,1756555350,1A 1202+ LEF/207,1756574409,1756574416,1101,0,0
1756555500_E..S69R,072500_E..S69R,E,1,1756555500,1E 1205 P-A/WTC,1756572997,1756573004,893,0,0
1756555560_A..S58X006,072600_A..S58X006,A,1,1756555560,1A 1206 207/FAR,1756576165,1756576172,1307,0,0
1756555650_C..N04R,072750_C..N04R,C,0,1756555650,1C 1207+ EUC/168,1756573958,1756573965,868,0,0
1756555680_C..S04R,072800_C..S04R,C,1,1756555680,1C 1208 168/EUC,1756574529,1756574536,1073,0,0
1756555680_H..N21X007,072800_H..N21X007,H,0,1756555680,1H 1208 RPK/RKB,1756571331,1756571337,647,0,0
1756555740_E..N72R,072900_E..N72R,E,0,1756555740,1E 1209 WTC/P-A,1756573259,1756573267,896,0,0
1756555800_H..S21X007,073000_H..S21X007,H,1,1756555800,1H 1210 RKB/RPK,1756571473,1756571481,650,0,0
1756555860_A..N55R,073100_A..N55R,A,0,1756555860,1A 1211 FAR/207,1756576406,1756576413,1299,0,0
1756556160_A..S57X006,073600_A..S57X006,A,1,1756556160,1A 1216 207/LEF,1756575370,1756575377,1121,0,0
1756556220_E..S69R,073700_E..S69R,E,1,1756556220,1E 1217 P-A/WTC,1756573485,1756573493,862,0,0
1756556400_C..S04R,074000_C..S04R,C,1,1756556400,1C 1220 168/EUC,1756575024,1756575031,1043,0,0
1756556400_H..S21X007,074000_H..S21X007,H,1,1756556400,1H 1220 RKB/RPK,1756571998,1756572006,640,0,0
1756556460_E..N72R,074100_E..N72R,E,0,1756556460,1E 1221 WTC/P-A,1756574160,1756574168,920,0,0
1756556550_A..N54R,074250_A..N54R,A,0,1756556550,1A 1222+ LEF/207,1756575647,1756575655,1104,0,0
1756556610_C..N04R,074350_C..N04R,C,0,1756556610,1C 1223+ EUC/168,1756575707,1756575715,1106,0,0
1756556760_A..S58X006,074600_A..S58X006,A,1,1756556760,1A 1226 207/FAR,1756577592,1756577599,1337,0,0
1756556880_H..N21X007,074800_H..N21X007,H,0,1756556880,1H 1228 RPK/RKB,1756572464,1756572472,638,0,0
1756556940_E..S69R,074900_E..S69R,E,1,1756556940,1E 1229 P-A/WTC,1756574566,1756574574,910,0,0
1756557060_A..N55R,075100_A..N55R,A,0,1756557060,1A 1231 FAR/207,1756577352,1756577359,1265,0,0
1756557120_C..S04R,075200_C..S04R,C,1,1756557120,1C 1232 168/EUC,1756575992,1756576000,1076,0,0
1756557180_E..N72R,075300_E..N72R,E,0,1756557180,1E 1233 WTC/P-A,1756574484,1756574491,867,0,0
1756557330_C..N04R,075550_C..N04R,C,0,1756557330,1C 1235+ EUC/168,1756576007,1756576015,1050,0,0
1756557360_A..S57X006,075600_A..S57X006,A,1,1756557360,1A 1236 207/LEF,1756576976,1756576983,1175,0,0
1756557480_H..N21X007,075800_H..N21X007,H,0,1756557480,1H 1238 RPK/RKB,1756573177,1756573184,653,0,0
1756557600_H..S21X007,076000_H..S21X007,H,1,1756557600,1H 1240 RKB/RPK,1756573740,1756573748,712,0,0
1756557660_E..S69R,076100_E..S69R,E,1,1756557660,1E 1241 P-A/WTC,1756574986,1756574994,870,0,0
1756557750_A..N54R,076250_A..N54R,A,0,1756557750,1A 1242+ LEF/207,1756576803,1756576811,1100,0,0
1756557840_C..S04R,076400_C..S04R,C,1,1756557840,1C 1244 168/EUC,1756576428,1756576436,1038,0,0
1756557900_E..N72R,076500_E..N72R,E,0,1756557900,1E 1245 WTC/P-A,1756575827,1756575835,950,0,0
1756558050_A..S58X006,076750_A..S58X006,A,1,1756558050,1A 1247+ 207/FAR,1756579274,1756579281,1389,0,0
1756558050_C..N04R,076750_C..N04R,C,0,1756558050,1C 1247+ EUC/168,1756576383,1756576391,1004,0,0
1756558080_H..N21X007,076800_H..N21X007,H,0,1756558080,1H 1248 RPK/RKB,1756573703,1756573710,643,0,0
1756558200_H..S21X007,077000_H..S21X007,H,1,1756558200,1H 1250 RKB/RPK,1756574183,1756574190,691,0,0
1756558260_A..N55R,077100_A..N55R,A,0,1756558260,1A 1251 FAR/207,1756578493,1756578500,1257,0,0
1756558380_E..S69R,077300_E..S69R,E,1,1756558380,1E 1253 P-A/WTC,1756575752,1756575760,876,0,0
1756558560_A..S57X006,077600_A..S57X006,A,1,1756558560,1A 1256 207/LEF,1756577997,1756578004,1151,0,0
1756558560_C..S04R,077600_C..S04R,C,1,1756558560,1C 1256 168/EUC,1756577337,1756577344,1063,0,0
1756558620_E..N72R,077700_E..N72R,E,0,1756558620,1E 1257 WTC/P-A,1756576533,1756576541,948,0,0
1756558770_C..N04R,077950_C..N04R,C,0,1756558770,1C 1259+ EUC/168,1756577367,1756577374,1039,0,0
1756558950_A..N54R,078250_A..N54R,A,0,1756558950,1A 1302+ LEF/207,1756578170,1756578178,1122,0,0
1756559100_E..S69R,078500_E..S69R,E,1,1756559100,1E 1305 P-A/WTC,1756576488,1756576496,878,0,0
1756559160_A..S58X006,078600_A..S58X006,A,1,1756559160,1A 1306 207/FAR,1756579574,1756579581,1281,0,0
1756559280_C..S04R,078800_C..S04R,C,1,1756559280,1C 1308 168/EUC,1756577847,1756577854,1035,0,0
1756559280_H..N21X007,078800_H..N21X007,H,0,1756559280,1H 1308 RPK/RKB,1756575189,1756575196,681,0,0
1756559340_E..N72R,078900_E..N72R,E,0,1756559340,1E 1309 WTC/P-A,1756577374,1756577382,962,0,0
1756559400_H..S21X007,079000_H..S21X007,H,1,1756559400,1H 1310 RKB/RPK,1756575647,1756575655,726,0,0
1756559460_A..N55R,079100_A..N55R,A,0,1756559460,1A 1311 FAR/207,1756579761,1756579769,1266,0,0
1756559490_C..N04R,079150_C..N04R,C,0,1756559490,1C 1311+ EUC/168,1756578200,1756578207,1054,0,0
1756559760_A..S57X006,079600_A..S57X006,A,1,1756559760,1A 1316 207/LEF,1756578935,1756578943,1116,0,0
1756559820_E..S69R,079700_E..S69R,E,1,1756559820,1E 1317 P-A/WTC,1756577397,1756577404,903,0,0
1756560000_C..S04R,080000_C..S04R,C,1,1756560000,1C 1320 168/EUC,1756578913,1756578920,1081,0,0
1756560000_H..S21X007,080000_H..S21X007,H,1,1756560000,1H 1320 RKB/RPK,1756575685,1756575692,651,0,0
1756560060_E..N72R,080100_E..N72R,E,0,1756560060,1E 1321 WTC/P-A,1756577367,1756577374,867,0,0
1756560150_A..N54R,080250_A..N54R,A,0,1756560150,1A 1322+ LEF/207,1756579130,1756579138,1090,0,0
1756560210_C..N04R,080350_C..N04R,C,0,1756560210,1C 1323+ EUC/168,1756578650,1756578658,1018,0,0
1756560360_A..S58X006,080600_A..S58X006,A,1,1756560360,1A 1326 207/FAR,1756581037,1756581045,1316,0,0
1756560480_H..N21X007,080800_H..N21X007,H,0,1756560480,1H 1328 RPK/RKB,1756576203,1756576210,656,0,0
1756560540_E..S69R,080900_E..S69R,E,1,1756560540,1E 1329 P-A/WTC,1756577967,1756577974,883,0,0
1756560660_A..N55R,081100_A..N55R,A,0,1756560660,1A 1331 FAR/207,1756580887,1756580895,1256,0,0
1756560780_E..N72R,081300_E..N72R,E,0,1756560780,1E 1333 WTC/P-A,1756578778,1756578785,959,0,0
1756560930_C..N04R,081550_C..N04R,C,0,1756560930,1C 1335+ EUC/168,1756579694,1756579701,1061,0,0
1756560960_A..S57X006,081600_A..S57X006,A,1,1756560960,1A 1336 207/LEF,1756580377,1756580385,1148,0,0
1756561080_C..S04R,081800_C..S04R,C,1,1756561080,1C 1338 168/EUC,1756579416,1756579424,850,0,0
1756561080_H..N21X007,081800_H..N21X007,H,0,1756561080,1H 1338 RPK/RKB,1756576563,1756576571,624,0,0
1756561200_H..S21X007,082000_H..S21X007,H,1,1756561200,1H 1340 RKB/RPK,1756576871,1756576878,649,0,0
1756561260_E..S69R,082100_E..S69R,E,1,1756561260,1E 1341 P-A/WTC,1756578560,1756578568,866,0,0
1756561350_A..N54R,082250_A..N54R,A,0,1756561350,1A 1342+ LEF/207,1756580377,1756580385,1096,0,0
1756561500_E..N72R,082500_E..N72R,E,0,1756561500,1E 1345 WTC/P-A,1756578913,1756578920,881,0,0
1756561650_A..S58X006,082750_A..S58X006,A,1,1756561650,1A 1347+ 207/FAR,1756582787,1756582794,1377,0,0
1756561650_C..N04R,082750_C..N04R,C,0,1756561650,1C 1347+ EUC/168,1756581098,1756581106,1152,1,0
1756561680_H..N21X007,082800_H..N21X007,H,0,1756561680,1H 1348 RPK/RKB,1756577389,1756577397,640,0,0
1756561800_H..S21X007,083000_H..S21X007,H,1,1756561800,1H 1350 RKB/RPK,1756577734,1756577742,684,0,0
1756561860_A..N55R,083100_A..N55R,A,0,1756561860,1A 1351 FAR/207,1756582322,1756582329,1287,0,0
1756561980_E..S69R,083300_E..S69R,E,1,1756561980,1E 1353 P-A/WTC,1756579416,1756579424,884,0,0
1756562160_A..S57X006,083600_A..S57X006,A,1,1756562160,1A 1356 207/LEF,1756581586,1756581593,1149,0,0
1756562160_C..S04R,083600_C..S04R,C,1,1756562160,1C 1356 168/EUC,1756581241,1756581248,1103,0,0
1756562220_E..N72R,083700_E..N72R,E,0,1756562220,1E 1357 WTC/P-A,1756579941,1756579949,922,0,0
1756562370_C..N04R,083950_C..N04R,C,0,1756562370,1C 1359+ EUC/168,1756581037,1756581045,1048,0,0
1756562550_A..N54R,084250_A..N54R,A,0,1756562550,1A 1402+ LEF/207,1756581458,1756581466,1080,0,0
1756562700_E..S69R,084500_E..S69R,E,1,1756562700,1E 1405 P-A/WTC,1756580437,1756580445,924,0,0
1756562760_A..S58X006,084600_A..S58X006,A,1,1756562760,1A 1406 207/FAR,1756583725,1756583733,1355,0,0
1756562880_C..S04R,084800_C..S04R,C,1,1756562880,1C 1408 168/EUC,1756581518,1756581526,1045,0,0
1756562880_H..N21X007,084800_H..N21X007,H,0,1756562880,1H 1408 RPK/RKB,1756578718,1756578725,671,0,0
1756562940_E..N72R,084900_E..N72R,E,0,1756562940,1E 1409 WTC/P-A,1756581286,1756581293,1005,0,0
1756563000_H..S21X007,085000_H..S21X007,H,1,1756563000,1H 1410 RKB/RPK,1756578718,1756578725,655,0,0
1756563060_A..N55R,085100_A..N55R,A,0,1756563060,1A 1411 FAR/207,1756583493,1756583500,1284,0,0
1756563090_C..N04R,085150_C..N04R,C,0,1756563090,1C 1411+ EUC/168,1756581518,1756581526,1017,0,0
1756563360_A..S57X006,085600_A..S57X006,A,1,1756563360,1A 1416 207/LEF,1756582929,1756582937,1169,0,0
1756563420_E..S69R,085700_E..S69R,E,1,1756563420,1E 1417 P-A/WTC,1756580715,1756580722,866,0,0
1756563600_C..S04R,086000_C..S04R,C,1,1756563600,1C 1420 168/EUC,1756582547,1756582554,1086,0,0
1756563600_H..S21X007,086000_H..S21X007,H,1,1756563600,1H 1420 RKB/RPK,1756579679,1756579686,704,0,0
1756563660_E..N72R,086100_E..N72R,E,0,1756563660,1E 1421 WTC/P-A,1756581728,1756581736,969,0,0
1756563750_A..N54R,086250_A..N54R,A,0,1756563750,1A 1422+ LEF/207,1756582749,1756582757,1093,0,0
1756563810_C..N04R,086350_C..N04R,C,0,1756563810,1C 1423+ EUC/168,1756582839,1756582847,1097,0,0
1756563960_A..S58X006,086600_A..S58X006,A,1,1756563960,1A 1426 207/FAR,1756584716,1756584724,1327,0,0
1756564080_H..N21X007,086800_H..N21X007,H,0,1756564080,1H 1428 RPK/RKB,1756579776,1756579784,653,0,0
1756564140_E..S69R,086900_E..S69R,E,1,1756564140,1E 1429 P-A/WTC,1756581541,1756581548,880,0,0
1756564260_A..N55R,087100_A..N55R,A,0,1756564260,1A 1431 FAR/207,1756584386,1756584394,1243,0,0
1756564320_C..S04R,087200_C..S04R,C,1,1756564320,1C 1432 168/EUC,1756583185,1756583193,1075,0,0
1756564380_E..N72R,087300_E..N72R,E,0,1756564380,1E 1433 WTC/P-A,1756581938,1756581946,901,0,0
1756564530_C..N04R,087550_C..N04R,C,0,1756564530,1C 1435+ EUC/168,1756583605,1756583613,1103,0,0
1756564560_A..S57X006,087600_A..S57X006,A,1,1756564560,1A 1436 207/LEF,1756584454,1756584461,1212,0,0
1756564680_H..N21X007,087800_H..N21X007,H,0,1756564680,1H 1438 RPK/RKB,1756580302,1756580310,643,0,0
1756564800_H..S21X007,088000_H..S21X007,H,1,1756564800,1H 1440 RKB/RPK,1756580617,1756580625,669,0,0
1756564860_E..S69R,088100_E..S69R,E,1,1756564860,1E 1441 P-A/WTC,1756582299,1756582307,885,0,0
1756564950_A..N54R,088250_A..N54R,A,0,1756564950,1A 1442+ LEF/207,1756583875,1756583884,1083,0,0
1756565040_C..S04R,088400_C..S04R,C,1,1756565040,1C 1444 168/EUC,1756583996,1756584004,1087,0,0
1756565100_E..N72R,088500_E..N72R,E,0,1756565100,1E 1445 WTC/P-A,1756583868,1756583875,1062,0,0
1756565250_A..S58X006,088750_A..S58X006,A,1,1756565250,1A 1447+ 207/FAR,1756586331,1756586338,1370,0,0
1756565280_H..N21X007,088800_H..N21X007,H,0,1756565280,1H 1448 RPK/RKB,1756581563,1756581571,731,0,0
1756565400_H..S21X007,089000_H..S21X007,H,1,1756565400,1H 1450 RKB/RPK,1756581346,1756581353,686,0,0
1756565460_A..N55R,089100_A..N55R,A,0,1756565460,1A 1451 FAR/207,1756585640,1756585647,1250,0,0
1756565580_E..S69R,089300_E..S69R,E,1,1756565580,1E 1453 P-A/WTC,1756583208,1756583215,910,0,0
1756565610_C..N04R,089350_C..N04R,C,0,1756565610,1C 1453+ EUC/168,1756583996,1756584004,842,0,0
1756565760_A..S57X006,089600_A..S57X006,A,1,1756565760,1A 1456 207/LEF,1756585092,1756585100,1137,0,0
1756565760_C..S04R,089600_C..S04R,C,1,1756565760,1C 1456 168/EUC,1756584176,1756584184,1015,0,0
1756565820_E..N72R,089700_E..N72R,E,0,1756565820,1E 1457 WTC/P-A,1756583845,1756583853,963,0,0
1756566150_A..N54R,090250_A..N54R,A,0,1756566150,1A 1502+ LEF/207,1756585107,1756585115,1087,0,0
1756566300_E..S69R,090500_E..S69R,E,1,1756566300,1E 1505 P-A/WTC,1756583644,1756583650,872,0,0
1756566360_A..S58X006,090600_A..S58X006,A,1,1756566360,1A 1506 207/FAR,1756586781,1756586788,1282,0,0
1756566480_C..S04R,090800_C..S04R,C,1,1756566480,1C 1508 168/EUC,1756585070,1756585077,1038,0,0
1756566480_H..N21X007,090800_H..N21X007,H,0,1756566480,1H 1508 RPK/RKB,1756582449,1756582457,689,0,0
1756566540_E..N72R,090900_E..N72R,E,0,1756566540,1E 1509 WTC/P-A,1756584094,1756584101,900,0,0
1756566600_H..S21X007,091000_H..S21X007,H,1,1756566600,1H 1510 RKB/RPK,1756582322,1756582329,656,0,0
1756566660_A..N55R,091100_A..N55R,A,0,1756566660,1A 1511 FAR/207,1756586954,1756586962,1265,0,0
1756566690_C..N04R,091150_C..N04R,C,0,1756566690,1C 1511+ EUC/168,1756585287,1756585295,1039,0,0
1756566960_A..S57X006,091600_A..S57X006,A,1,1756566960,1A 1516 207/LEF,1756586338,1756586346,1143,0,0
1756567020_E..S69R,091700_E..S69R,E,1,1756567020,1E 1517 P-A/WTC,1756584229,1756584236,854,0,0
1756567200_C..S04R,092000_C..S04R,C,1,1756567200,1C 1520 168/EUC,1756586001,1756586008,1066,0,0
1756567200_H..S21X007,092000_H..S21X007,H,1,1756567200,1H 1520 RKB/RPK,1756583005,1756583013,667,0,0
1756567260_E..N72R,092100_E..N72R,E,0,1756567260,1E 1521 WTC/P-A,1756584935,1756584942,916,0,0
1756567350_A..N54R,092250_A..N54R,A,0,1756567350,1A 1522+ LEF/207,1756586316,1756586323,1088,0,0
1756567410_C..N04R,092350_C..N04R,C,0,1756567410,1C 1523+ EUC/168,1756585655,1756585662,992,0,0
1756567560_A..S58X006,092600_A..S58X006,A,1,1756567560,1A 1526 207/FAR,1756588800,1756588808,1391,0,0
1756567680_H..N21X007,092800_H..N21X007,H,0,1756567680,1H 1528 RPK/RKB,1756583290,1756583298,641,0,0
1756567740_E..S69R,092900_E..S69R,E,1,1756567740,1E 1529 P-A/WTC,1756585467,1756585475,923,0,0
1756567860_A..N55R,093100_A..N55R,A,0,1756567860,1A 1531 FAR/207,1756588080,1756588088,1255,0,0
1756567920_C..S04R,093200_C..S04R,C,1,1756567920,1C 1532 168/EUC,1756586698,1756586706,1063,0,0
1756567980_E..N72R,093300_E..N72R,E,0,1756567980,1E 1533 WTC/P-A,1756585257,1756585265,863,0,0
1756568130_C..N04R,093550_C..N04R,C,0,1756568130,1C 1535+ EUC/168,1756586743,1756586751,1041,0,0
1756568160_A..S57X006,093600_A..S57X006,A,1,1756568160,1A 1536 207/LEF,1756588223,1756588230,1234,0,0
1756568280_H..N21X007,093800_H..N21X007,H,0,1756568280,1H 1538 RPK/RKB,1756584071,1756584079,665,0,0
1756568400_H..S21X007,094000_H..S21X007,H,1,1756568400,1H 1540 RKB/RPK,1756584071,1756584079,649,0,0
1756568460_E..S69R,094100_E..S69R,E,1,1756568460,1E 1541 P-A/WTC,1756585677,1756585685,855,0,0
1756568550_A..N54R,094250_A..N54R,A,0,1756568550,1A 1542+ LEF/207,1756587562,1756587569,1094,0,0
1756568640_C..S04R,094400_C..S04R,C,1,1756568640,1C 1544 168/EUC,1756587419,1756587427,1063,0,0
1756568700_E..N72R,094500_E..N72R,E,0,1756568700,1E 1545 WTC/P-A,1756586181,1756586188,890,0,0
1756568850_A..S58X006,094750_A..S58X006,A,1,1756568850,1A 1547+ 207/FAR,1756589446,1756589454,1305,0,0
1756568850_C..N04R,094750_C..N04R,C,0,1756568850,1C 1547+ EUC/168,1756587577,1756587584,1056,0,0
1756568880_H..N21X007,094800_H..N21X007,H,0,1756568880,1H 1548 RPK/RKB,1756584634,1756584641,660,0,0
1756569000_H..S21X007,095000_H..S21X007,H,1,1756569000,1H 1550 RKB/RPK,1756584836,1756584845,671,0,0
1756569060_A..N55R,095100_A..N55R,A,0,1756569060,1A 1551 FAR/207,1756589469,1756589476,1280,1,1
1756569180_E..S69R,095300_E..S69R,E,1,1756569180,1E 1553 P-A/WTC,1756586698,1756586706,895,0,0
1756569360_A..S57X006,095600_A..S57X006,A,1,1756569360,1A 1556 207/LEF,1756589206,1756589214,1205,0,0
1756569360_C..S04R,095600_C..S04R,C,1,1756569360,1C 1556 168/EUC,1756588395,1756588403,1097,0,0
1756569420_E..N72R,095700_E..N72R,E,0,1756569420,1E 1557 WTC/P-A,1756586661,1756586668,858,0,0
1756569570_C..N04R,095950_C..N04R,C,0,1756569570,1C 1559+ EUC/168,1756588020,1756588028,1020,0,0
1756569750_A..N54R,096250_A..N54R,A,0,1756569750,1A 1602+ LEF/207,1756588846,1756588854,1106,0,0
1756569900_E..S69R,096500_E..S69R,E,1,1756569900,1E 1605 P-A/WTC,1756587344,1756587352,886,0,0
1756569960_A..S58X006,096600_A..S58X006,A,1,1756569960,1A 1606 207/FAR,1756591151,1756591158,1385,0,0
1756570080_C..S04R,096800_C..S04R,C,1,1756570080,1C 1608 168/EUC,1756589461,1756589469,1144,0,0
1756570080_H..N21X007,096800_H..N21X007,H,0,1756570080,1H 1608 RPK/RKB,1756586391,1756586398,735,0,0
1756570140_E..N72R,096900_E..N72R,E,0,1756570140,1E 1609 WTC/P-A,1756587704,1756587712,902,0,0
1756570200_H..S21X007,097000_H..S21X007,H,1,1756570200,1H 1610 RKB/RPK,1756586481,1756586488,731,0,0
1756570260_A..N55R,097100_A..N55R,A,0,1756570260,1A 1611 FAR/207,1756590843,1756590851,1304,0,0
1756570290_C..N04R,097150_C..N04R,C,0,1756570290,1C 1611+ EUC/168,1756588906,1756588914,1042,0,0
1756570560_A..S57X006,097600_A..S57X006,A,1,1756570560,1A 1616 207/LEF,1756590347,1756590355,1198,0,0
1756570620_E..S69R,097700_E..S69R,E,1,1756570620,1E 1617 P-A/WTC,1756588929,1756588936,1001,0,0
1756570800_H..S21X007,098000_H..S21X007,H,1,1756570800,1H 1620 RKB/RPK,1756586758,1756586766,665,0,0
1756570860_E..N72R,098100_E..N72R,E,0,1756570860,1E 1621 WTC/P-A,1756588463,1756588470,907,0,0
1756570950_A..N54R,098250_A..N54R,A,0,1756570950,1A 1622+ LEF/207,1756589830,1756589837,1077,1,0
1756571010_C..N04R,098350_C..N04R,C,0,1756571010,1C 1623+ EUC/168,1756589446,1756589454,1018,0,0
1756571160_A..S58X006,098600_A..S58X006,A,1,1756571160,1A 1626 207/FAR,1756592810,1756592818,1446,0,0
1756571160_C..S04R,098600_C..S04R,C,1,1756571160,1C 1626 168/EUC,1756589807,1756589814,1046,0,0
1756571280_H..N21X007,098800_H..N21X007,H,0,1756571280,1H 1628 RPK/RKB,1756587037,1756587044,661,0,0
1756571340_E..S69R,098900_E..S69R,E,1,1756571340,1E 1629 P-A/WTC,1756588944,1756588951,907,0,0
1756571460_A..N55R,099100_A..N55R,A,0,1756571460,1A 1631 FAR/207,1756591954,1756591962,1292,0,0
1756571580_E..N72R,099300_E..N72R,E,0,1756571580,1E 1633 WTC/P-A,1756589019,1756589026,885,0,0
1756571730_C..N04R,099550_C..N04R,C,0,1756571730,1C 1635+ EUC/168,1756590392,1756590400,1048,0,0
1756571760_A..S57X006,099600_A..S57X006,A,1,1756571760,1A 1636 207/LEF,1756591827,1756591834,1235,0,0
1756571880_H..N21X007,099800_H..N21X007,H,0,1756571880,1H 1638 RPK/RKB,1756588320,1756588328,752,0,0
1756572000_H..S21X007,100000_H..S21X007,H,1,1756572000,1H 1640 RKB/RPK,1756587584,1756587592,638,0,0
1756572060_E..S69R,100100_E..S69R,E,1,1756572060,1E 1641 P-A/WTC,1756589319,1756589326,861,0,0
1756572150_A..N54R,100250_A..N54R,A,0,1756572150,1A 1642+ LEF/207,1756591211,1756591218,1101,0,0
1756572240_C..S04R,100400_C..S04R,C,1,1756572240,1C 1644 168/EUC,1756591383,1756591391,1112,0,0
1756572300_E..N72R,100500_E..N72R,E,0,1756572300,1E 1645 WTC/P-A,1756589852,1756589859,900,0,0
1756572450_A..S58X006,100750_A..S58X006,A,1,1756572450,1A 1647+ 207/FAR,1756593530,1756593538,1370,0,0
1756572450_C..N04R,100750_C..N04R,C,0,1756572450,1C 1647+ EUC/168,1756591188,1756591196,1058,0,0
1756572480_H..N21X007,100800_H..N21X007,H,0,1756572480,1H 1648 RPK/RKB,1756588560,1756588568,704,0,0
1756572600_H..S21X007,101000_H..S21X007,H,1,1756572600,1H 1650 RKB/RPK,1756588185,1756588193,638,0,0
1756572660_A..N55R,101100_A..N55R,A,0,1756572660,1A 1651 FAR/207,1756593253,1756593260,1305,0,0
1756572780_E..S69R,101300_E..S69R,E,1,1756572780,1E 1653 P-A/WTC,1756590167,1756590175,878,0,0
1756572960_A..S57X006,101600_A..S57X006,A,1,1756572960,1A 1656 207/LEF,1756592532,1756592539,1169,0,0
1756572960_C..S04R,101600_C..S04R,C,1,1756572960,1C 1656 168/EUC,1756592494,1756592502,1164,0,0
1756573020_E..N72R,101700_E..N72R,E,0,1756573020,1E 1657 WTC/P-A,1756590265,1756590272,859,0,0
1756573170_C..N04R,101950_C..N04R,C,0,1756573170,1C 1659+ EUC/168,1756591488,1756591496,1002,0,0
1756573350_A..N54R,102250_A..N54R,A,0,1756573350,1A 1702+ LEF/207,1756592232,1756592239,1077,0,0
1756573500_E..S69R,102500_E..S69R,E,1,1756573500,1E 1705 P-A/WTC,1756591173,1756591181,916,0,0
1756573560_A..S58X006,102600_A..S58X006,A,1,1756573560,1A 1706 207/FAR,1756593981,1756593989,1282,0,0
1756573680_C..S04R,102800_C..S04R,C,1,1756573680,1C 1708 168/EUC,1756592592,1756592599,1081,0,0
1756573680_H..N21X007,102800_H..N21X007,H,0,1756573680,1H 1708 RPK/RKB,1756589326,1756589334,646,0,0
1756573740_E..N72R,102900_E..N72R,E,0,1756573740,1E 1709 WTC/P-A,1756591226,1756591233,891,0,0
1756573800_H..S21X007,103000_H..S21X007,H,1,1756573800,1H 1710 RKB/RPK,1756589424,1756589431,643,0,0
1756573860_A..N55R,103100_A..N55R,A,0,1756573860,1A 1711 FAR/207,1756594154,1756594161,1265,0,0
1756573890_C..N04R,103150_C..N04R,C,0,1756573890,1C 1711+ EUC/168,1756592599,1756592607,1054,0,0
1756574160_A..S57X006,103600_A..S57X006,A,1,1756574160,1A 1716 207/LEF,1756593598,1756593605,1151,0,0
1756574220_E..S69R,103700_E..S69R,E,1,1756574220,1E 1717 P-A/WTC,1756591564,1756591571,872,0,0
1756574400_C..S04R,104000_C..S04R,C,1,1756574400,1C 1720 168/EUC,1756593658,1756593666,1127,0,0
1756574400_H..S21X007,104000_H..S21X007,H,1,1756574400,1H 1720 RKB/RPK,1756590363,1756590370,688,0,0
1756574460_E..N72R,104100_E..N72R,E,0,1756574460,1E 1721 WTC/P-A,1756591932,1756591939,889,0,0
1756574550_A..N54R,104250_A..N54R,A,0,1756574550,1A 1722+ LEF/207,1756593561,1756593568,1094,0,0
1756574610_C..N04R,104350_C..N04R,C,0,1756574610,1C 1723+ EUC/168,1756592840,1756592848,990,0,0
1756574760_A..S58X006,104600_A..S58X006,A,1,1756574760,1A 1726 207/FAR,1756595257,1756595265,1292,0,0
1756574880_H..N21X007,104800_H..N21X007,H,0,1756574880,1H 1728 RPK/RKB,1756590452,1756590460,636,0,0
1756574940_E..S69R,104900_E..S69R,E,1,1756574940,1E 1729 P-A/WTC,1756592307,1756592314,875,0,0
1756575000_H..S21X007,105000_H..S21X007,H,1,1756575000,1H 1730 RKB/RPK,1756590685,1756590693,651,0,0
1756575060_A..N55R,105100_A..N55R,A,0,1756575060,1A 1731 FAR/207,1756595588,1756595595,1296,0,0
1756575120_C..S04R,105200_C..S04R,C,1,1756575120,1C 1732 168/EUC,1756594116,1756594124,1092,0,0
1756575180_E..N72R,105300_E..N72R,E,0,1756575180,1E 1733 WTC/P-A,1756592938,1756592945,927,0,0
1756575360_A..S57X006,105600_A..S57X006,A,1,1756575360,1A 1736 207/LEF,1756594664,1756594672,1133,0,0
1756575480_H..N21X007,105800_H..N21X007,H,0,1756575480,1H 1738 RPK/RKB,1756591143,1756591151,648,0,0
1756575660_E..S69R,106100_E..S69R,E,1,1756575660,1E 1741 P-A/WTC,1756593133,1756593140,889,0,0
1756575690_C..N04R,106150_C..N04R,C,0,1756575690,1C 1741+ EUC/168,1756594116,1756594124,1016,0,0
1756575750_A..N54R,106250_A..N54R,A,0,1756575750,1A 1742+ LEF/207,1756594717,1756594725,1088,0,0
1756575840_C..S04R,106400_C..S04R,C,1,1756575840,1C 1744 168/EUC,1756594845,1756594852,1093,0,0
1756575900_E..N72R,106500_E..N72R,E,0,1756575900,1E 1745 WTC/P-A,1756593538,1756593545,911,0,0
1756576050_A..S58X006,106750_A..S58X006,A,1,1756576050,1A 1747+ 207/FAR,1756596684,1756596692,1310,0,0
1756576080_H..N21X007,106800_H..N21X007,H,0,1756576080,1H 1748 RPK/RKB,1756591774,1756591781,652,0,0
1756576200_H..S21X007,107000_H..S21X007,H,1,1756576200,1H 1750 RKB/RPK,1756593133,1756593140,817,0,0
1756576260_A..N55R,107100_A..N55R,A,0,1756576260,1A 1751 FAR/207,1756597104,1756597112,1338,0,0
1756576380_E..S69R,107300_E..S69R,E,1,1756576380,1E 1753 P-A/WTC,1756593876,1756593884,892,0,0
1756576560_A..S57X006,107600_A..S57X006,A,1,1756576560,1A 1756 207/LEF,1756595708,1756595716,1112,0,0
1756576560_C..S04R,107600_C..S04R,C,1,1756576560,1C 1756 168/EUC,1756595400,1756595407,1071,0,0
1756576620_E..N72R,107700_E..N72R,E,0,1756576620,1E 1757 WTC/P-A,1756593959,1756593966,871,0,0
1756576770_C..N04R,107950_C..N04R,C,0,1756576770,1C 1759+ EUC/168,1756595145,1756595152,1009,0,0
1756576950_A..N54R,108250_A..N54R,A,0,1756576950,1A 1802+ LEF/207,1756595903,1756595911,1086,0,0
1756577100_E..S69R,108500_E..S69R,E,1,1756577100,1E 1805 P-A/WTC,1756594634,1756594642,897,0,0
1756577160_A..S58X006,108600_A..S58X006,A,1,1756577160,1A 1806 207/FAR,1756598013,1756598020,1340,0,0
1756577280_C..S04R,108800_C..S04R,C,1,1756577280,1C 1808 168/EUC,1756596226,1756596233,1086,0,0
1756577280_H..N21X007,108800_H..N21X007,H,0,1756577280,1H 1808 RPK/RKB,1756593290,1756593298,694,0,0
1756577340_E..N72R,108900_E..N72R,E,0,1756577340,1E 1809 WTC/P-A,1756594574,1756594582,857,0,0
1756577400_H..S21X007,109000_H..S21X007,H,1,1756577400,1H 1810 RKB/RPK,1756593215,1756593223,668,0,0
1756577460_A..N55R,109100_A..N55R,A,0,1756577460,1A 1811 FAR/207,1756597765,1756597773,1267,0,0
1756577490_C..N04R,109150_C..N04R,C,0,1756577490,1C 1811+ EUC/168,1756595806,1756595813,1002,0,0
1756577760_A..S57X006,109600_A..S57X006,A,1,1756577760,1A 1816 207/LEF,1756596939,1756596947,1117,0,0
1756577820_E..S69R,109700_E..S69R,E,1,1756577820,1E 1817 P-A/WTC,1756595280,1756595287,840,0,0
1756578000_C..S04R,110000_C..S04R,C,1,1756578000,1C 1820 168/EUC,1756596842,1756596849,1072,0,0
1756578000_H..S21X007,110000_H..S21X007,H,1,1756578000,1H 1820 RKB/RPK,1756593530,1756593538,631,0,0
1756578060_E..N72R,110100_E..N72R,E,0,1756578060,1E 1821 WTC/P-A,1756595640,1756595648,904,0,0
1756578150_A..N54R,110250_A..N54R,A,0,1756578150,1A 1822+ LEF/207,1756596969,1756596977,1069,0,0
1756578210_C..N04R,110350_C..N04R,C,0,1756578210,1C 1823+ EUC/168,1756596188,1756596196,957,0,0
1756578360_A..S58X006,110600_A..S58X006,A,1,1756578360,1A 1826 207/FAR,1756599357,1756599364,1359,0,0
1756578480_H..N21X007,110800_H..N21X007,H,0,1756578480,1H 1828 RPK/RKB,1756594537,1756594544,701,0,0
1756578540_E..S69R,110900_E..S69R,E,1,1756578540,1E 1829 P-A/WTC,1756595798,1756595806,813,0,0
1756578600_H..S21X007,111000_H..S21X007,H,1,1756578600,1H 1830 RKB/RPK,1756594221,1756594229,643,0,0
1756578660_A..N55R,111100_A..N55R,A,0,1756578660,1A 1831 FAR/207,1756598966,1756598974,1267,0,0
1756578720_C..S04R,111200_C..S04R,C,1,1756578720,1C 1832 168/EUC,1756597149,1756597157,1017,0,0
1756578780_E..N72R,111300_E..N72R,E,0,1756578780,1E 1833 WTC/P-A,1756595986,1756595993,854,0,0
1756578930_C..N04R,111550_C..N04R,C,0,1756578930,1C 1835+ EUC/168,1756597427,1756597435,1026,0,0
1756578960_A..S57X006,111600_A..S57X006,A,1,1756578960,1A 1836 207/LEF,1756598666,1756598674,1187,0,0
1756579080_H..N21X007,111800_H..N21X007,H,0,1756579080,1H 1838 RPK/RKB,1756594980,1756594987,680,0,0
1756579350_A..N54R,112250_A..N54R,A,0,1756579350,1A 1842+ LEF/207,1756598305,1756598313,1087,0,0
1756579440_C..S04R,112400_C..S04R,C,1,1756579440,1C 1844 168/EUC,1756598410,1756598418,1089,0,0
1756579500_E..N72R,112500_E..N72R,E,0,1756579500,1E 1845 WTC/P-A,1756596924,1756596932,883,0,0
1756579620_E..S69R,112700_E..S69R,E,1,1756579620,1E 1847 P-A/WTC,1756596827,1756596834,580,0,0
1756579650_A..S58X006,112750_A..S58X006,A,1,1756579650,1A 1847+ 207/FAR,1756599717,1756599725,1235,0,0
1756579650_C..N04R,112750_C..N04R,C,0,1756579650,1C 1847+ EUC/168,1756597923,1756597930,996,0,0
1756579680_H..N21X007,112800_H..N21X007,H,0,1756579680,1H 1848 RPK/RKB,1756595595,1756595603,682,0,0
1756579800_H..S21X007,113000_H..S21X007,H,1,1756579800,1H 1850 RKB/RPK,1756595806,1756595813,694,0,0
1756579860_A..N55R,113100_A..N55R,A,0,1756579860,1A 1851 FAR/207,1756600152,1756600160,1265,0,0
1756580160_A..S57X006,113600_A..S57X006,A,1,1756580160,1A 1856 207/LEF,1756599477,1756599485,1135,0,0
1756580160_C..S04R,113600_C..S04R,C,1,1756580160,1C 1856 168/EUC,1756598996,1756599004,1071,0,0
1756580220_E..N72R,113700_E..N72R,E,0,1756580220,1E 1857 WTC/P-A,1756597404,1756597412,851,0,0
1756580370_C..N04R,113950_C..N04R,C,0,1756580370,1C 1859+ EUC/168,1756599071,1756599079,1053,0,0
1756580550_A..N54R,114250_A..N54R,A,0,1756580550,1A 1902+ LEF/207,1756599507,1756599515,1087,0,0
1756580700_E..S69R,114500_E..S69R,E,1,1756580700,1E 1905 P-A/WTC,1756598185,1756598193,891,0,0
1756580760_A..S58X006,114600_A..S58X006,A,1,1756580760,1A 1906 207/FAR,1756601594,1756601602,1337,0,0
1756580880_H..N21X007,114800_H..N21X007,H,0,1756580880,1H 1908 RPK/RKB,1756596549,1756596556,649,0,0
1756580940_E..N72R,114900_E..N72R,E,0,1756580940,1E 1909 WTC/P-A,1756598208,1756598215,862,0,0
1756581000_H..S21X007,115000_H..S21X007,H,1,1756581000,1H 1910 RKB/RPK,1756596842,1756596849,672,0,0
1756581060_A..N55R,115100_A..N55R,A,0,1756581060,1A 1911 FAR/207,1756601301,1756601309,1258,0,0
1756581090_C..N04R,115150_C..N04R,C,0,1756581090,1C 1911+ EUC/168,1756599792,1756599800,1053,0,0
1756581240_C..S04R,115400_C..S04R,C,1,1756581240,1C 1914 168/EUC,1756600212,1756600220,1089,0,0
1756581360_A..S57X006,115600_A..S57X006,A,1,1756581360,1A 1916 207/LEF,1756600611,1756600618,1126,0,0
1756581420_E..S69R,115700_E..S69R,E,1,1756581420,1E 1917 P-A/WTC,1756600227,1756600235,1067,0,0
1756581600_H..S21X007,116000_H..S21X007,H,1,1756581600,1H 1920 RKB/RPK,1756597247,1756597254,646,0,0
1756581660_E..N72R,116100_E..N72R,E,0,1756581660,1E 1921 WTC/P-A,1756598846,1756598854,851,0,0
1756581750_A..N54R,116250_A..N54R,A,0,1756581750,1A 1922+ LEF/207,1756600851,1756600858,1106,0,0
1756581810_C..N04R,116350_C..N04R,C,0,1756581810,1C 1923+ EUC/168,1756600475,1756600483,1048,0,0
1756581960_A..S58X006,116600_A..S58X006,A,1,1756581960,1A 1926 207/FAR,1756602555,1756602563,1305,0,0
1756582080_H..N21X007,116800_H..N21X007,H,0,1756582080,1H 1928 RPK/RKB,1756597683,1756597690,640,0,0
1756582140_E..S69R,116900_E..S69R,E,1,1756582140,1E 1929 P-A/WTC,1756600235,1756600242,972,1,0
1756582200_H..S21X007,117000_H..S21X007,H,1,1756582200,1H 1930 RKB/RPK,1756598794,1756598801,772,0,0
1756582260_A..N55R,117100_A..N55R,A,0,1756582260,1A 1931 FAR/207,1756602855,1756602863,1305,0,0
1756582320_C..S04R,117200_C..S04R,C,1,1756582320,1C 1932 168/EUC,1756600993,1756601001,1049,0,0
1756582320_E..N72R,117200_E..N72R,E,0,1756582320,1E 1932 WTC/P-A,1756599972,1756599980,913,0,0
1756582530_C..N04R,117550_C..N04R,C,0,1756582530,1C 1935+ EUC/168,1756600941,1756600948,1014,0,0
1756582560_A..S57X006,117600_A..S57X006,A,1,1756582560,1A 1936 207/LEF,1756602240,1756602247,1183,0,0
1756582680_H..N21X007,117800_H..N21X007,H,0,1756582680,1H 1938 RPK/RKB,1756599251,1756599259,769,0,0
1756582860_E..S69R,118100_E..S69R,E,1,1756582860,1E 1941 P-A/WTC,1756600393,1756600400,897,0,0
1756582950_A..N54R,118250_A..N54R,A,0,1756582950,1A 1942+ LEF/207,1756601857,1756601864,1080,0,0
1756583040_C..S04R,118400_C..S04R,C,1,1756583040,1C 1944 168/EUC,1756602044,1756602052,1093,0,0
1756583250_A..S58X006,118750_A..S58X006,A,1,1756583250,1A 1947+ 207/FAR,1756604086,1756604094,1337,0,0
1756583250_C..N04R,118750_C..N04R,C,0,1756583250,1C 1947+ EUC/168,1756601594,1756601602,1005,0,0
1756583280_H..N21X007,118800_H..N21X007,H,0,1756583280,1H 1948 RPK/RKB,1756599777,1756599785,759,0,0
1756583400_H..S21X007,119000_H..S21X007,H,1,1756583400,1H 1950 RKB/RPK,1756599327,1756599334,683,0,0
1756583430_E..N72R,119050_E..N72R,E,0,1756583430,1E 1950+ WTC/P-A,1756600573,1756600581,845,0,0
1756583460_A..N55R,119100_A..N55R,A,0,1756583460,1A 1951 FAR/207,1756603666,1756603674,1253,0,0
1756583580_E..S69R,119300_E..S69R,E,1,1756583580,1E 1953 P-A/WTC,1756601212,1756601219,910,0,0
1756583760_A..S57X006,119600_A..S57X006,A,1,1756583760,1A 1956 207/LEF,1756603058,1756603065,1132,0,0
1756583760_C..S04R,119600_C..S04R,C,1,1756583760,1C 1956 168/EUC,1756602615,1756602623,1073,0,0
1756583970_C..N04R,119950_C..N04R,C,0,1756583970,1C 1959+ EUC/168,1756602623,1756602630,1046,0,0
1756584150_A..N54R,120250_A..N54R,A,0,1756584150,1A 2002+ LEF/207,1756603043,1756603050,1079,0,0
1756584300_E..S69R,120500_E..S69R,E,1,1756584300,1E 2005 P-A/WTC,1756603261,1756603268,1088,0,0
1756584360_A..S58X006,120600_A..S58X006,A,1,1756584360,1A 2006 207/FAR,1756604710,1756604717,1273,0,0
1756584480_C..S04R,120800_C..S04R,C,1,1756584480,1C 2008 168/EUC,1756603043,1756603050,1035,0,0
1756584480_H..N21X007,120800_H..N21X007,H,0,1756584480,1H 2008 RPK/RKB,1756600227,1756600235,660,0,0
1756584540_E..N72R,120900_E..N72R,E,0,1756584540,1E 2009 WTC/P-A,1756601902,1756601909,875,0,0
1756584600_H..S21X007,121000_H..S21X007,H,1,1756584600,1H 2010 RKB/RPK,1756600641,1756600648,699,0,0
1756584660_A..N55R,121100_A..N55R,A,0,1756584660,1A 2011 FAR/207,1756604905,1756604912,1259,0,0
1756584690_C..N04R,121150_C..N04R,C,0,1756584690,1C 2011+ EUC/168,1756602878,1756602885,985,0,0
1756584960_A..S57X006,121600_A..S57X006,A,1,1756584960,1A 2016 207/LEF,1756604372,1756604379,1148,0,0
1756585080_E..S69R,121800_E..S69R,E,1,1756585080,1E 2018 P-A/WTC,1756603261,1756603268,984,0,0
1756585200_C..S04R,122000_C..S04R,C,1,1756585200,1C 2020 168/EUC,1756603786,1756603794,1038,0,0
1756585200_H..S21X007,122000_H..S21X007,H,1,1756585200,1H 2020 RKB/RPK,1756601173,1756601181,690,0,0
1756585260_E..N72R,122100_E..N72R,E,0,1756585260,1E 2021 WTC/P-A,1756602900,1756602908,912,0,0
1756585350_A..N54R,122250_A..N54R,A,0,1756585350,1A 2022+ LEF/207,1756604282,1756604289,1084,0,0
1756585410_C..N04R,122350_C..N04R,C,0,1756585410,1C 2023+ EUC/168,1756603419,1756603426,961,0,0
1756585560_A..S58X006,122600_A..S58X006,A,1,1756585560,1A 2026 207/FAR,1756605663,1756605671,1240,0,0
1756585680_H..N21X007,122800_H..N21X007,H,0,1756585680,1H 2028 RPK/RKB,1756601301,1756601309,643,0,0
1756585800_E..S69R,123000_E..S69R,E,1,1756585800,1E 2030 P-A/WTC,1756603343,1756603351,899,0,0
1756585860_A..N55R,123100_A..N55R,A,0,1756585860,1A 2031 FAR/207,1756606053,1756606061,1252,0,0
1756585920_C..S04R,123200_C..S04R,C,1,1756585920,1C 2032 168/EUC,1756605145,1756605153,1123,0,0
1756585980_E..N72R,123300_E..N72R,E,0,1756585980,1E 2033 WTC/P-A,1756603644,1756603651,915,0,0
1756586160_A..S57X006,123600_A..S57X006,A,1,1756586160,1A 2036 207/LEF,1756605566,1756605573,1147,0,0
1756586400_H..S21X007,124000_H..S21X007,H,1,1756586400,1H 2040 RKB/RPK,1756601977,1756601984,637,0,0
1756586490_C..N04R,124150_C..N04R,C,0,1756586490,1C 2041+ EUC/168,1756605025,1756605032,1031,0,0
1756586550_A..N54R,124250_A..N54R,A,0,1756586550,1A 2042+ LEF/207,1756605551,1756605558,1093,0,0
1756586580_E..S69R,124300_E..S69R,E,1,1756586580,1E 2043 P-A/WTC,1756604665,1756604672,971,0,0
1756586640_C..S04R,124400_C..S04R,C,1,1756586640,1C 2044 168/EUC,1756605483,1756605491,1072,0,0
1756586700_E..N72R,124500_E..N72R,E,0,1756586700,1E 2045 WTC/P-A,1756604702,1756604710,960,0,0
1756586850_A..S58X006,124750_A..S58X006,A,1,1756586850,1A 2047+ 207/FAR,1756607232,1756607240,1277,0,0
1756586880_H..N21X007,124800_H..N21X007,H,0,1756586880,1H 2048 RPK/RKB,1756602758,1756602765,677,0,0
1756587060_A..N55R,125100_A..N55R,A,0,1756587060,1A 2051 FAR/207,1756607518,1756607525,1287,0,0
1756587360_A..S57X006,125600_A..S57X006,A,1,1756587360,1A 2056 207/LEF,1756606797,1756606804,1151,0,0
1756587360_C..S04R,125600_C..S04R,C,1,1756587360,1C 2056 168/EUC,1756606211,1756606219,1073,0,0
1756587420_E..N72R,125700_E..N72R,E,0,1756587420,1E 2057 WTC/P-A,1756604807,1756604815,878,0,0
1756587420_E..S69R,125700_E..S69R,E,1,1756587420,1E 2057 P-A/WTC,1756604650,1756604657,857,0,0
1756587570_C..N04R,125950_C..N04R,C,0,1756587570,1C 2059+ EUC/168,1756606053,1756606061,1024,0,0
1756587600_H..S21X007,126000_H..S21X007,H,1,1756587600,1H 2100 RKB/RPK,1756603306,1756603314,654,0,0
1756587750_A..N54R,126250_A..N54R,A,0,1756587750,1A 2102+ LEF/207,1756606714,1756606722,1088,0,0
1756587960_A..S58X006,126600_A..S58X006,A,1,1756587960,1A 2106 207/FAR,1756608734,1756608741,1329,0,0
1756588080_C..S04R,126800_C..S04R,C,1,1756588080,1C 2108 168/EUC,1756607195,1756607202,1108,0,0
1756588080_H..N21X007,126800_H..N21X007,H,0,1756588080,1H 2108 RPK/RKB,1756603764,1756603771,651,0,0
1756588140_E..N72R,126900_E..N72R,E,0,1756588140,1E 2109 WTC/P-A,1756605626,1756605633,891,0,0
1756588140_E..S69R,126900_E..S69R,E,1,1756588140,1E 2109 P-A/WTC,1756605393,1756605401,860,0,0
1756588260_A..N55R,127100_A..N55R,A,0,1756588260,1A 2111 FAR/207,1756608276,1756608283,1228,0,0
1756588290_C..N04R,127150_C..N04R,C,0,1756588290,1C 2111+ EUC/168,1756606549,1756606557,994,0,0
1756588560_A..S57X006,127600_A..S57X006,A,1,1756588560,1A 2116 207/LEF,1756608035,1756608043,1156,0,0
1756588800_C..S04R,128000_C..S04R,C,1,1756588800,1C 2120 168/EUC,1756607720,1756607728,1082,0,0
1756588800_H..S21X007,128000_H..S21X007,H,1,1756588800,1H 2120 RKB/RPK,1756604627,1756604635,670,0,0
1756588860_E..N72R,128100_E..N72R,E,0,1756588860,1E 2121 WTC/P-A,1756606234,1756606241,876,0,0
1756588860_E..S69R,128100_E..S69R,E,1,1756588860,1E 2121 P-A/WTC,1756607337,1756607345,1023,0,0
1756588950_A..N54R,128250_A..N54R,A,0,1756588950,1A 2122+ LEF/207,1756607900,1756607908,1086,0,0
1756589010_C..N04R,128350_C..N04R,C,0,1756589010,1C 2123+ EUC/168,1756607690,1756607698,1050,0,0
1756589160_A..S58X006,128600_A..S58X006,A,1,1756589160,1A 2126 207/FAR,1756609702,1756609710,1298,0,0
1756589520_C..S04R,129200_C..S04R,C,1,1756589520,1C 2132 168/EUC,1756609440,1756609447,1215,0,0
1756589520_E..N72R,129200_E..N72R,E,0,1756589520,1E 2132 WTC/P-A,1756607533,1756607540,961,0,0
1756589520_H..N21R,129200_H..N21R,H,0,1756589520,1H 2132 RPK/BCR,1756614717,1756614725,1918,0,0
1756589580_A..N55R,129300_A..N55R,A,0,1756589580,1A 2133 FAR/207,1756609665,1756609672,1237,0,0
1756589580_E..S69R,129300_E..S69R,E,1,1756589580,1E 2133 P-A/WTC,1756607660,1756607668,970,0,0
1756589730_C..N04R,129550_C..N04R,C,0,1756589730,1C 2135+ EUC/168,1756608118,1756608126,1011,0,0
1756589760_A..S57X006,129600_A..S57X006,A,1,1756589760,1A 2136 207/LEF,1756610183,1756610190,1282,0,0
1756590150_A..N54R,130250_A..N54R,A,0,1756590150,1A 2142+ LEF/207,1756608937,1756608944,1064,0,0
1756590240_C..S04R,130400_C..S04R,C,1,1756590240,1C 2144 168/EUC,1756609575,1756609582,1137,0,0
1756590240_E..N05R,130400_E..N05R,E,0,1756590240,1E 2144 WTC/P-A,1756608253,1756608261,961,0,0
1756590300_E..S69R,130500_E..S69R,E,1,1756590300,1E 2145 P-A/WTC,1756607653,1756607660,873,0,0
1756590450_A..S58X006,130750_A..S58X006,A,1,1756590450,1A 2147+ 207/FAR,1756611023,1756611031,1302,0,0
1756590450_C..N04R,130750_C..N04R,C,0,1756590450,1C 2147+ EUC/168,1756608944,1756608951,1025,0,0
1756590750_H..S21R,131250_H..S21R,H,1,1756590750,1H 2152+ BCR/RPK,1756606226,1756606234,623,0,0
1756590840_H..N21R,131400_H..N21R,H,0,1756590840,1H 2154 RPK/BCR,1756616039,1756616047,1918,0,0
1756590960_A..S57X006,131600_A..S57X006,A,1,1756590960,1A 2156 207/LEF,1756610408,1756610416,1152,0,0
1756590960_C..S04R,131600_C..S04R,C,1,1756590960,1C 2156 168/EUC,1756610145,1756610153,1117,0,0
1756590960_E..N05R,131600_E..N05R,E,0,1756590960,1E 2156 WTC/P-A,1756608951,1756608959,958,0,0
1756591020_E..S69R,131700_E..S69R,E,1,1756591020,1E 2157 P-A/WTC,1756608253,1756608261,857,0,0
1756591080_A..N55R,131800_A..N55R,A,0,1756591080,1A 2158 FAR/207,1756611106,1756611114,1229,0,0
1756591170_C..N04R,131950_C..N04R,C,0,1756591170,1C 2159+ EUC/168,1756609725,1756609732,1033,0,0
1756591560_A..N54R,132600_A..N54R,A,0,1756591560,1A 2206 LEF/207,1756610566,1756610573,1094,0,0
1756591560_A..S74R,132600_A..S74R,A,1,1756591560,1A 2206 207/FAR,1756613329,1756613336,1462,0,0
1756591680_E..N05R,132800_E..N05R,E,0,1756591680,1E 2208 WTC/P-A,1756609425,1756609432,925,0,0
1756591740_E..S69R,132900_E..S69R,E,1,1756591740,1E 2209 P-A/WTC,1756609244,1756609252,893,0,0
1756591770_C..S04R,132950_C..S04R,C,1,1756591770,1C 2209+ 168/EUC,1756611602,1756611609,1204,0,0
1756591890_C..N04R,133150_C..N04R,C,0,1756591890,1C 2211+ EUC/168,1756610205,1756610213,1002,0,0
1756591950_H..S21R,133250_H..S21R,H,1,1756591950,1H 2212+ BCR/RPK,1756607157,1756607165,587,0,0
1756592040_H..N21R,133400_H..N21R,H,0,1756592040,1H 2214 RPK/BCR,1756617240,1756617248,1919,0,0
1756592220_A..N09R,133700_A..N09R,A,0,1756592220,1A 2217 FAR/207,1756613216,1756613224,1359,0,0
1756592220_A..S05R,133700_A..S05R,A,1,1756592220,1A 2217 207/LEF,1756612308,1756612315,1238,0,0
1756592400_E..N05R,134000_E..N05R,E,0,1756592400,1E 2220 WTC/P-A,1756610543,1756610551,979,0,0
1756592460_E..S69R,134100_E..S69R,E,1,1756592460,1E 2221 P-A/WTC,1756609822,1756609830,875,0,0
1756592700_C..N04R,134500_C..N04R,C,0,1756592700,1C 2225 EUC/168,1756611527,1756611534,1070,0,0
1756592760_A..N04R,134600_A..N04R,A,0,1756592760,1A 2226 LEF/207,1756612570,1756612578,1201,0,0
1756593000_A..S74R,135000_A..S74R,A,1,1756593000,1A 2230 207/FAR,1756613877,1756613884,1343,0,0
1756593030_E..S04R,135050_E..S04R,E,1,1756593030,1E 2230+ P-A/WTC,1756611084,1756611091,967,0,0
1756593120_E..N05R,135200_E..N05R,E,0,1756593120,1E 2232 WTC/P-A,1756611023,1756611031,947,0,0
1756593150_H..S21R,135250_H..S21R,H,1,1756593150,1H 2232+ BCR/RPK,1756608231,1756608238,571,0,0
1756593360_H..N21R,135600_H..N21R,H,0,1756593360,1H 2236 RPK/BCR,1756618562,1756618569,1919,0,0
1756593660_A..N09R,136100_A..N09R,A,0,1756593660,1A 2241 FAR/207,1756614372,1756614380,1321,0,0
1756593720_A..S05R,136200_A..S05R,A,1,1756593720,1A 2242 207/LEF,1756613809,1756613816,1238,0,0
1756593750_E..S04R,136250_E..S04R,E,1,1756593750,1E 2242+ P-A/WTC,1756611842,1756611849,972,0,0
1756593840_E..N05R,136400_E..N05R,E,0,1756593840,1E 2244 WTC/P-A,1756611909,1756611917,969,0,0
1756594080_A..N04R,136800_A..N04R,A,0,1756594080,1A 2248 LEF/207,1756613614,1756613621,1164,0,0
1756594200_H..N21R,137000_H..N21R,H,0,1756594200,1H 2250 RPK/BCR,1756619402,1756619410,1919,0,0
1756594440_A..S74R,137400_A..S74R,A,1,1756594440,1A 2254 207/FAR,1756615656,1756615663,1388,0,0
1756594470_E..S04R,137450_E..S04R,E,1,1756594470,1E 2254+ P-A/WTC,1756612285,1756612293,935,0,0
1756594470_H..S21R,137450_H..S21R,H,1,1756594470,1H 2254+ BCR/RPK,1756609605,1756609612,578,0,0
1756594590_E..N05R,137650_E..N05R,E,0,1756594590,1E 2256+ WTC/P-A,1756612968,1756612976,1010,0,0
1756595040_H..N21R,138400_H..N21R,H,0,1756595040,1H 2304 RPK/BCR,1756620243,1756620251,1919,0,0
1756595100_A..N09R,138500_A..N09R,A,0,1756595100,1A 2305 FAR/207,1756616317,1756616324,1388,0,0
1756595160_A..S05R,138600_A..S05R,A,1,1756595160,1A 2306 207/LEF,1756615153,1756615161,1225,0,0
1756595190_E..S04R,138650_E..S04R,E,1,1756595190,1E 2306+ P-A/WTC,1756613711,1756613719,1029,0,0
1756595310_E..N05R,138850_E..N05R,E,0,1756595310,1E 2308+ WTC/P-A,1756613336,1756613344,963,0,0
1756595460_H..S21R,139100_H..S21R,H,1,1756595460,1H 2311 BCR/RPK,1756610521,1756610528,568,0,0
1756595520_A..N04R,139200_A..N04R,A,0,1756595520,1A 2312 LEF/207,1756615919,1756615926,1279,0,0
1756595880_A..S74R,139800_A..S74R,A,1,1756595880,1A 2318 207/FAR,1756617360,1756617368,1423,0,0
1756595940_E..S04R,139900_E..S04R,E,1,1756595940,1E 2319 P-A/WTC,1756614027,1756614034,971,0,0
1756596090_E..N05R,140150_E..N05R,E,0,1756596090,1E 2321+ WTC/P-A,1756614950,1756614958,1074,0,0
1756596600_A..S05R,141000_A..S05R,A,1,1756596600,1A 2330 207/LEF,1756616519,1756616527,1215,0,0
1756596660_E..S04R,141100_E..S04R,E,1,1756596660,1E 2331 P-A/WTC,1756614830,1756614838,982,0,0
1756596660_H..N21R,141100_H..N21R,H,0,1756596660,1H 2331 RPK/BCR,1756621858,1756621865,1918,0,0
1756596720_A..N09R,141200_A..N09R,A,0,1756596720,1A 2332 FAR/207,1756617548,1756617555,1336,0,0
1756596990_E..N05R,141650_E..N05R,E,0,1756596990,1E 2336+ WTC/P-A,1756615311,1756615318,1002,0,0
1756597080_A..N04R,141800_A..N04R,A,0,1756597080,1A 2338 LEF/207,1756616700,1756616707,1175,0,0
1756597260_H..S21R,142100_H..S21R,H,1,1756597260,1H 2341 BCR/RPK,1756612225,1756612233,555,0,0
1756597320_A..S74R,142200_A..S74R,A,1,1756597320,1A 2342 207/FAR,1756617803,1756617811,1290,0,0
1756597380_E..S04R,142300_E..S04R,E,1,1756597380,1E 2343 P-A/WTC,1756615656,1756615663,996,0,0
1756597620_A..N09R,142700_A..N09R,A,0,1756597620,1A 2347 FAR/207,1756618269,1756618276,1312,0,0
1756597710_E..N05R,142850_E..N05R,E,0,1756597710,1E 2348+ WTC/P-A,1756615881,1756615889,982,0,0
1756597800_A..N37R,143000_A..N37R,A,0,1756597800,1A 2350 LEF/EUC,1756612931,1756612938,577,0,0
1756598100_E..S04R,143500_E..S04R,E,1,1756598100,1E 2355 P-A/WTC,1756616437,1756616444,1004,0,0
1756598160_A..S74R,143600_A..S74R,A,1,1756598160,1A 2356 207/FAR,1756619042,1756619050,1343,0,0
1756598430_E..N05R,000050_E..N05R,E,0,1756598430,1E 0000+ WTC/P-A,1756616955,1756616962,1029,1,0
1756598460_H..N21R,000100_H..N21R,H,0,1756598460,1H 0001 RPK/BCR,1756623659,1756623667,1918,0,0
1756598520_A..N09R,000200_A..N09R,A,0,1756598520,1A 0002 FAR/207,1756619485,1756619492,1355,0,0
1756598640_H..S21R,000400_H..S21R,H,1,1756598640,1H 0004 BCR/RPK,1756613869,1756613877,590,0,0
1756598970_A..S74R,000950_A..S74R,A,1,1756598970,1A 0009+ 207/FAR,1756619582,1756619590,1308,0,0
1756599150_E..N05R,001250_E..N05R,E,0,1756599150,1E 0012+ WTC/P-A,1756618389,1756618396,1125,0,0
1756599240_E..S04R,001400_E..S04R,E,1,1756599240,1E 0014 P-A/WTC,1756617908,1756617916,1049,1,0
1756599600_A..N37R,002000_A..N37R,A,0,1756599600,1A 0020 LEF/EUC,1756614635,1756614642,565,0,0
1756599660_H..N21R,002100_H..N21R,H,0,1756599660,1H 0021 RPK/BCR,1756624861,1756624868,1919,0,0
1756599720_A..N09R,002200_A..N09R,A,0,1756599720,1A 0022 FAR/207,1756621354,1756621362,1444,2,0
1756599870_E..N05R,002450_E..N05R,E,0,1756599870,1E 0024+ WTC/P-A,1756618606,1756618614,1058,0,0
1756600080_H..S21R,002800_H..S21R,H,1,1756600080,1H 0028 BCR/RPK,1756615071,1756615078,559,0,0
1756600170_A..S74R,002950_A..S74R,A,1,1756600170,1A 0029+ 207/FAR,1756621152,1756621159,1357,0,0
1756600440_E..S04R,003400_E..S04R,E,1,1756600440,1E 0034 P-A/WTC,1756619365,1756619372,1083,0,0
1756600650_E..N05R,003750_E..N05R,E,0,1756600650,1E 0037+ WTC/P-A,1756618869,1756618877,989,0,0
1756600800_A..N43R,004000_A..N43R,A,0,1756600800,1A 0040 LEF/EUC,1756616504,1756616512,654,0,0
1756600860_H..N21R,004100_H..N21R,H,0,1756600860,1H 0041 RPK/BCR,1756626063,1756626069,1919,0,0
1756600920_A..N09R,004200_A..N09R,A,0,1756600920,1A 0042 FAR/207,1756621910,1756621918,1358,0,0
1756601370_A..S74R,004950_A..S74R,A,1,1756601370,1A 0049+ 207/FAR,1756622150,1756622158,1330,0,0
1756601370_E..N05R,004950_E..N05R,E,0,1756601370,1E 0049+ WTC/P-A,1756619890,1756619898,1029,0,0
1756601520_H..S21R,005200_H..S21R,H,1,1756601520,1H 0052 BCR/RPK,1756617060,1756617068,632,0,0
1756601640_E..S04R,005400_E..S04R,E,1,1756601640,1E 0054 P-A/WTC,1756620153,1756620161,1028,0,0
1756601760_H..N21R,005600_H..N21R,H,0,1756601760,1H 0056 RPK/BCR,1756626963,1756626970,1919,0,0
1756601820_A..S37R,005700_A..S37R,A,1,1756601820,1A 0057 EUC/LEF,1756616865,1756616872,566,0,0
1756602000_A..N43R,006000_A..N43R,A,0,1756602000,1A 0100 LEF/EUC,1756617540,1756617548,632,0,0
1756602060_H..S21R,006100_H..S21R,H,1,1756602060,1H 0101 BCR/RPK,1756617300,1756617308,592,0,0
1756602120_A..N09R,006200_A..N09R,A,0,1756602120,1A 0102 FAR/207,1756623051,1756623059,1350,0,0
1756602510_E..N05R,006850_E..N05R,E,0,1756602510,1E 0108+ WTC/P-A,1756621858,1756621865,1139,0,0
1756602540_H..N21R,006900_H..N21R,H,0,1756602540,1H 0109 RPK/BCR,1756627736,1756627744,1990,0,0
1756602570_A..S74R,006950_A..S74R,A,1,1756602570,1A 0109+ 207/FAR,1756623885,1756623892,1401,0,0
1756602720_A..S43R,007200_A..S43R,A,1,1756602720,1A 0112 EUC/LEF,1756618006,1756618014,598,0,0
1756602840_E..S04R,007400_E..S04R,E,1,1756602840,1E 0114 P-A/WTC,1756621152,1756621159,1001,0,0
1756602960_H..S21R,007600_H..S21R,H,1,1756602960,1H 0116 BCR/RPK,1756617908,1756617916,553,0,0
1756603200_A..N,008000_A..N,A,0,1756603200,1A 0120 LEF/EUC,1756617758,1756617766,21,0,3
1756603200_A..N43R,008000_A..N43R,A,0,1756603200,1A 0120 LEF/EUC,1756619410,1756619417,700,0,0
1756603260_H..N21R,008100_H..N21R,H,0,1756603260,1H 0121 RPK/BCR,1756628457,1756628464,2086,0,0
1756603320_A..N09R,008200_A..N09R,A,0,1756603320,1A 0122 FAR/207,1756624245,1756624252,1349,0,0
1756603590_A..S43R,008650_A..S43R,A,1,1756603590,1A 0126+ EUC/LEF,1756618742,1756618749,580,0,0
1756603710_E..N05R,008850_E..N05R,E,0,1756603710,1E 0128+ WTC/P-A,1756622773,1756622781,975,0,0
1756603770_A..S74R,008950_A..S74R,A,1,1756603770,1A 0129+ 207/FAR,1756624448,1756624455,1316,0,0
1756603920_H..S21R,009200_H..S21R,H,1,1756603920,1H 0132 BCR/RPK,1756619050,1756619057,577,0,0
1756604040_E..S04R,009400_E..S04R,E,1,1756604040,1E 0134 P-A/WTC,1756622413,1756622420,1009,0,0
1756604310_E..N05R,009850_E..N05R,E,0,1756604310,1E 0138+ WTC/P-A,1756618824,1756618832,126,1,0
1756604400_A..N43R,010000_A..N43R,A,0,1756604400,1A 0140 LEF/EUC,1756619703,1756619710,600,1,0
1756604460_H..N21R,010100_H..N21R,H,0,1756604460,1H 0141 RPK/BCR,1756629658,1756629666,2246,0,0
1756604520_A..N09R,010200_A..N09R,A,0,1756604520,1A 0142 FAR/207,1756625484,1756625491,1354,0,0
1756604730_H..S21R,010550_H..S21R,H,1,1756604730,1H 0145+ BCR/RPK,1756619703,1756619710,556,0,0
1756604790_A..S43R,010650_A..S43R,A,1,1756604790,1A 0146+ EUC/LEF,1756620093,1756620101,579,0,0
1756604970_A..S74R,010950_A..S74R,A,1,1756604970,1A 0149+ 207/FAR,1756625964,1756625972,1358,0,0
1756605240_E..S04R,011400_E..S04R,E,1,1756605240,1E 0154 P-A/WTC,1756623457,1756623464,988,0,0
1756605600_A..N43R,012000_A..N43R,A,0,1756605600,1A 0200 LEF/EUC,1756620851,1756620859,593,1,0
1756605660_H..N21R,012100_H..N21R,H,0,1756605660,1H 0201 RPK/BCR,1756630792,,2388,0,0
1756605720_A..N09R,012200_A..N09R,A,0,1756605720,1A 0202 FAR/207,1756626865,1756626873,1378,0,0
1756605930_H..S21R,012550_H..S21R,H,1,1756605930,1H 0205+ BCR/RPK,1756621287,1756621294,607,0,0
1756605990_A..S43R,012650_A..S43R,A,1,1756605990,1A 0206+ EUC/LEF,1756621017,1756621024,543,0,0
1756606110_E..N05R,012850_E..N05R,E,0,1756606110,1E 0208+ WTC/P-A,1756624125,1756624132,961,0,0
1756606170_A..S74R,012950_A..S74R,A,1,1756606170,1A 0209+ 207/FAR,1756627188,1756627195,1362,0,0
1756606440_E..S04R,013400_E..S04R,E,1,1756606440,1E 0214 P-A/WTC,1756624485,1756624493,966,0,0
1756606710_E..N,013850_E..N,E,0,1756606710,EE 0218+ WTC/P-A,1756624740,1756624748,747,0,0
1756606800_A..N43R,014000_A..N43R,A,0,1756606800,1A 0220 LEF/EUC,1756621820,1756621827,563,1,0
1756606860_H..N21R,014100_H..N21R,H,0,1756606860,1H 0221 RPK/BCR,1756630792,,2229,0,0
1756606920_A..N09R,014200_A..N09R,A,0,1756606920,1A 0222 FAR/207,1756627811,1756627819,1427,0,0
1756607130_H..S21R,014550_H..S21R,H,1,1756607130,1H 0225+ BCR/RPK,1756623351,1756623359,723,0,0
1756607190_A..S43R,014650_A..S43R,A,1,1756607190,1A 0226+ EUC/LEF,1756622435,1756622443,593,0,0
1756607310_E..N05R,014850_E..N05R,E,0,1756607310,1E 0228+ WTC/P-A,1756626708,1756626715,1146,0,0
1756607370_A..S74R,014950_A..S74R,A,1,1756607370,1A 0229+ 207/FAR,1756628397,1756628404,1523,0,0
1756607640_E..S04R,015400_E..S04R,E,1,1756607640,1E 0234 P-A/WTC,1756625949,1756625957,1001,0,0
1756608000_A..N43R,016000_A..N43R,A,0,1756608000,1A 0240 LEF/EUC,1756623036,1756623044,565,0,0
1756608060_H..N21R,016100_H..N21R,H,0,1756608060,1H 0241 RPK/BCR,1756630792,,2069,0,0
1756608120_A..N09R,016200_A..N09R,A,0,1756608120,1A 0242 FAR/207,1756629050,1756629057,1597,0,0
1756608330_H..S21R,016550_H..S21R,H,1,1756608330,1H 0245+ BCR/RPK,1756623336,1756623344,561,0,0
1756608390_A..S43R,016650_A..S43R,A,1,1756608390,1A 0246+ EUC/LEF,1756623697,1756623704,601,0,0
1756608510_E..N05R,016850_E..N05R,E,0,1756608510,1E 0248+ WTC/P-A,1756626948,1756626955,1018,0,0
1756608570_A..S74R,016950_A..S74R,A,1,1756608570,1A 0249+ 207/FAR,1756630116,1756630123,1821,0,0
1756608840_E..S04R,017400_E..S04R,E,1,1756608840,1E 0254 P-A/WTC,1756627263,1756627270,1025,0,0
1756609200_A..N43R,018000_A..N43R,A,0,1756609200,1A 0300 LEF/EUC,1756624297,1756624305,573,0,0
1756609260_H..N21R,018100_H..N21R,H,0,1756609260,1H 0301 RPK/BCR,1756630792,,1909,0,0
1756609320_A..N09R,018200_A..N09R,A,0,1756609320,1A 0302 FAR/207,1756630364,1756630371,1787,0,0
1756609530_H..S21R,018550_H..S21R,H,1,1756609530,1H 0305+ BCR/RPK,1756624485,1756624493,554,0,0
1756609590_A..S43R,018650_A..S43R,A,1,1756609590,1A 0306+ EUC/LEF,1756626009,1756626017,749,0,0
1756609710_E..N05R,018850_E..N05R,E,0,1756609710,1E 0308+ WTC/P-A,1756627714,1756627721,1029,0,0
1756609770_A..S74R,018950_A..S74R,A,1,1756609770,1A 0309+ 207/FAR,1756630792,,1841,0,0
1756610040_E..S04R,019400_E..S04R,E,1,1756610040,1E 0314 P-A/WTC,1756628472,1756628479,1187,0,0
1756610400_A..N43R,020000_A..N43R,A,0,1756610400,1A 0320 LEF/EUC,1756625363,1756625371,555,0,0
1756610460_H..N21R,020100_H..N21R,H,0,1756610460,1H 0321 RPK/BCR,1756630792,,1749,0,0
1756610520_A..N09R,020200_A..N09R,A,0,1756610520,1A 0322 FAR/207,1756630792,,1741,0,0
1756610730_H..S21R,020550_H..S21R,H,1,1756610730,1H 0325+ BCR/RPK,1756626189,1756626197,621,0,0
1756610790_A..S43R,020650_A..S43R,A,1,1756610790,1A 0326+ EUC/LEF,1756626024,1756626032,591,0,0
1756610910_E..N05R,020850_E..N05R,E,0,1756610910,1E 0328+ WTC/P-A,1756628630,1756628637,1113,0,0
1756610970_A..S,020950_A..S,A,1,1756610970,1A 0329+ 207/FAR,1756630792,,1681,0,0
1756611240_E..S04R,021400_E..S04R,E,1,1756611240,1E 0334 P-A/WTC,1756629741,1756629748,1365,0,0
1756611600_A..N43R,022000_A..N43R,A,0,1756611600,1A 0340 LEF/EUC,1756626828,1756626835,590,0,0
1756611660_H..N21R,022100_H..N21R,H,0,1756611660,1H 0341 RPK/BCR,1756630792,,1589,0,0
1756611720_A..N09R,022200_A..N09R,A,0,1756611720,1A 0342 FAR/207,1756630792,,1581,0,0
1756611930_H..S21R,022550_H..S21R,H,1,1756611930,1H 0345+ BCR/RPK,1756626925,1756626933,559,0,0
1756611990_A..S43R,022650_A..S43R,A,1,1756611990,1A 0346+ EUC/LEF,1756627045,1756627053,567,0,0
1756612110_E..N05R,022850_E..N05R,E,0,1756612110,1E 0348+ WTC/P-A,1756630011,1756630018,1321,0,0
1756612170_A..S,022950_A..S,A,1,1756612170,1A 0349+ 207/FAR,1756630792,,1521,0,0
1756612440_E..S04R,023400_E..S04R,E,1,1756612440,1E 0354 P-A/WTC,1756630717,1756630724,1465,0,0
1756612800_A..N43R,024000_A..N43R,A,0,1756612800,1A 0400 LEF/EUC,1756627826,1756627834,647,0,0
1756526490_F..N,024150_F..N,F,0,1756526490,1F 0401+ STL/179,1756546919,1756546931,1234,0,0
1756526520_M..S35R,024200_M..S35R,M,1,1756526520,1M 0402 MYR/MET,1756541709,1756541720,557,0,0
1756526580_D..S05X057,024300_D..S05X057,D,1,1756526580,1D 0403 BPK/STL,1756546739,1756546750,1198,0,0
1756526580_F..S07R,024300_F..S07R,F,1,1756526580,1F 0403 179/STL,1756546995,1756547006,1232,0,0
1756526580_M..N35R,024300_M..N35R,M,0,1756526580,1M 0403 MET/MYR,1756541690,1756541694,546,0,0
1756526850_D..N05X012,024750_D..N05X012,D,0,1756526850,1D 0407+ STL/BPK,1756546319,1756546330,1106,0,0
1756527600_FS.S01R,026000_FS.S01R,FS,1,1756527600,1FS 0420 FKN/PPK,1756542099,1756542111,465,0,0
1756527690_F..N,026150_F..N,F,0,1756527690,1F 0421+ STL/179,1756548181,1756548192,1242,0,0
1756527720_M..S35R,026200_M..S35R,M,1,1756527720,1M 0422 MYR/MET,1756543466,1756543477,631,0,0
1756527780_F..S07R,026300_F..S07R,F,1,1756527780,1F 0423 179/STL,1756548061,1756548072,1214,0,0
1756527780_M..N35R,026300_M..N35R,M,0,1756527780,1M 0423 MET/MYR,1756542880,1756542891,545,0,0
1756528170_FS.N01R,026950_FS.N01R,FS,0,1756528170,1FS 0429+ PPK/FKN,1756543417,1756543421,564,0,0
1756528380_D..S05X057,027300_D..S05X057,D,1,1756528380,1D 0433 BPK/STL,1756549153,1756549157,1109,0,0
1756528650_D..N05X012,027750_D..N05X012,D,0,1756528650,1D 0437+ STL/BPK,1756549157,1756549168,1244,0,0
1756528800_FS.S01R,028000_FS.S01R,FS,1,1756528800,1FS 0440 FKN/PPK,1756543421,1756543432,481,0,0
1756528830_Q..S,028050_Q..S,Q,1,1756528830,EQ 0440+ 962/STL,1756547941,1756547952,603,1,0
1756528890_F..N,028150_F..N,F,0,1756528890,1F 0441+ STL/179,1756549067,1756549078,1200,0,0
1756528920_M..S35R,028200_M..S35R,M,1,1756528920,1M 0442 MYR/MET,1756545358,1756545373,717,0,0
1756528980_F..S07R,028300_F..S07R,F,1,1756528980,1F 0443 179/STL,1756550028,1756550043,1315,0,0
1756528980_M..N35R,028300_M..N35R,M,0,1756528980,1M 0443 MET/MYR,1756544142,1756544153,553,0,0
1756529850_D..N05X012,029750_D..N05X012,D,0,1756529850,1D 0457+ STL/BPK,1756550223,1756550238,1231,0,0
1756530000_FS.S01R,030000_FS.S01R,FS,1,1756530000,1FS 0500 FKN/PPK,1756544862,1756544874,538,0,0
1756530090_F..N,030150_F..N,F,0,1756530090,1F 0501+ STL/179,1756550418,1756550429,1231,0,0
1756530120_M..S35R,030200_M..S35R,M,1,1756530120,1M 0502 MYR/MET,1756545358,1756545373,586,0,0
1756530180_D..S05X057,030300_D..S05X057,D,1,1756530180,1D 0503 BPK/STL,1756550534,1756550538,1234,0,0
1756530180_F..S69R,030300_F..S69R,F,1,1756530180,1F 0503 179/STL,1756550043,1756550054,1185,0,0
1756530180_M..N35R,030300_M..N35R,M,0,1756530180,1M 0503 MET/MYR,1756545313,1756545328,575,0,0
1756530960_D..N05X012,031600_D..N05X012,D,0,1756530960,1D 0516 STL/BPK,1756551781,1756551785,1296,0,0
1756531200_F..S69R,032000_F..S69R,F,1,1756531200,1F 0520 179/STL,1756551420,1756551424,1216,0,0
1756531260_D..S05X057,032100_D..S05X057,D,1,1756531260,1D 0521 BPK/STL,1756551619,1756551631,1235,0,0
1756531290_F..N,032150_F..N,F,0,1756531290,1F 0521+ STL/179,1756551514,1756551525,1217,0,0
1756531320_M..S35R,032200_M..S35R,M,1,1756531320,1M 0522 MYR/MET,1756546469,1756546480,559,0,0
1756531380_M..N35R,032300_M..N35R,M,0,1756531380,1M 0523 MET/MYR,1756546409,1756546420,543,0,0
1756532040_D..N05X012,033400_D..N05X012,D,0,1756532040,1D 0534 STL/BPK,1756552160,1756552171,1203,0,0
1756532250_F..S69R,033750_F..S69R,F,1,1756532250,1F 0537+ 179/STL,1756552656,1756552667,1241,0,0
1756532430_F..N,034050_F..N,F,0,1756532430,1F 0540+ STL/179,1756552445,1756552456,1189,0,0
1756532460_M..N35R,034100_M..N35R,M,0,1756532460,1M 0541 MET/MYR,1756547546,1756547550,550,0,0
1756532520_M..S35R,034200_M..S35R,M,1,1756532520,1M 0542 MYR/MET,1756547535,1756547546,541,0,0
1756532925_D..S05X057,034875_D..S05X057,D,1,1756532925,1D 0548+ BPK/STL,1756553403,1756553406,1250,0,0
1756532970_FS.N01R,034950_FS.N01R,FS,0,1756532970,1FS 0549+ PPK/FKN,1756544937,1756544949,156,0,0
1756533060_M..N35R,035100_M..N35R,M,0,1756533060,1M 0551 MET/MYR,1756548166,1756548177,553,0,0
1756533240_F..S69R,035400_F..S69R,F,1,1756533240,1F 0554 179/STL,1756553343,1756553346,1200,0,0
1756533360_D..N05X012,035600_D..N05X012,D,0,1756533360,1D 0556 STL/BPK,1756558557,1756558568,1857,0,0
1756533420_F..N,035700_F..N,F,0,1756533420,1F 0557 STL/179,1756553857,1756553868,1245,0,0
1756533600_FS.S01R,036000_FS.S01R,FS,1,1756533600,1FS 0600 FKN/PPK,1756549033,1756549037,596,0,0
1756533600_M..S35R,036000_M..S35R,M,1,1756533600,1M 0600 MYR/MET,1756548691,1756548703,551,0,0
1756533660_M..N35R,036100_M..N35R,M,0,1756533660,1M 0601 MET/MYR,1756549007,1756549018,585,0,0
1756533870_FS.N01R,036450_FS.N01R,FS,0,1756533870,1FS 0604+ PPK/FKN,1756549667,1756549679,645,0,0
1756534140_F..S69R,036900_F..S69R,F,1,1756534140,1F 0609 179/STL,1756553962,1756553973,1163,0,0
1756534320_F..N,037200_F..N,F,0,1756534320,1F 0612 STL/179,1756554247,1756554258,1176,0,0
1756534320_M..S35R,037200_M..S35R,M,1,1756534320,1M 0612 MYR/MET,1756549393,1756549397,548,0,0
1756534350_D..N07X011,037250_D..N07X011,D,0,1756534350,1D 0612+ STL/BPK,1756554412,1756554424,1194,0,0
1756534500_M..N35R,037500_M..N35R,M,0,1756534500,1M 0615 MET/MYR,1756549878,1756549889,591,0,0
1756534590_D..S05X057,037650_D..S05X057,D,1,1756534590,1D 0616+ BPK/STL,1756554638,1756554649,1200,0,0
1756534680_FS.S01R,037800_FS.S01R,FS,1,1756534680,1FS 0618 FKN/PPK,1756549683,1756549694,553,0,0
1756534770_FS.N01R,037950_FS.N01R,FS,0,1756534770,1FS 0619+ PPK/FKN,1756549683,1756549694,545,0,0
1756534860_F..S69R,038100_F..S69R,F,1,1756534860,1F 0621 179/STL,1756555253,1756555264,1238,0,0
1756535040_F..N,038400_F..N,F,0,1756535040,1F 0624 STL/179,1756554833,1756554848,1176,0,0
1756535070_D..N07X011,038450_D..N07X011,D,0,1756535070,1D 0624+ STL/BPK,1756554923,1756554938,1179,0,0
1756535100_M..S35R,038500_M..S35R,M,1,1756535100,1M 0625 MYR/MET,1756550373,1756550384,578,0,0
1756535160_M..N35R,038600_M..N35R,M,0,1756535160,1M 0626 MET/MYR,1756550343,1756550358,567,0,0
1756535370_D..S07X031,038950_D..S07X031,D,1,1756535370,1D 0629+ BPK/STL,1756555689,1756555700,1228,0,0
1756535400_FS.S01R,039000_FS.S01R,FS,1,1756535400,1FS 0630 FKN/PPK,1756550899,1756550910,608,0,0
1756535460_FS.N01R,039100_FS.N01R,FS,0,1756535460,1FS 0631 PPK/FKN,1756550899,1756550910,600,0,0
1756535580_F..S69R,039300_F..S69R,F,1,1756535580,1F 0633 179/STL,1756555539,1756555550,1180,0,0
1756535760_F..N,039600_F..N,F,0,1756535760,1F 0636 STL/179,1756555309,1756555313,1125,0,0
1756535760_M..N35R,039600_M..N35R,M,0,1756535760,1M 0636 MET/MYR,1756550880,1756550884,557,0,0
1756535820_M..S35R,039700_M..S35R,M,1,1756535820,1M 0637 MYR/MET,1756551094,1756551105,578,0,0
1756535970_D..N07X011,039950_D..N07X011,D,0,1756535970,1D 0639+ STL/BPK,1756555854,1756555865,1130,0,0
1756536060_D..S07X031,040100_D..S07X031,D,1,1756536060,1D 0641 BPK/STL,1756555944,1756555955,1170,0,0
1756536060_FS.N01R,040100_FS.N01R,FS,0,1756536060,1FS 0641 PPK/FKN,1756551120,1756551124,549,0,0
1756536090_FS.S01R,040150_FS.S01R,FS,1,1756536090,1FS 0641+ FKN/PPK,1756551109,1756551120,544,0,0
1756536300_F..S69R,040500_F..S69R,F,1,1756536300,1F 0645 179/STL,1756556871,1756556875,1261,0,0
1756536360_M..N35R,040600_M..N35R,M,0,1756536360,1M 0646 MET/MYR,1756561560,1756561571,1870,0,0
1756536480_F..N,040800_F..N,F,0,1756536480,1F 0648 STL/179,1756556199,1756556210,1149,0,0
1756536540_M..S35R,040900_M..S35R,M,1,1756536540,1M 0649 MYR/MET,1756551574,1756551585,546,0,0
1756536660_FS.N01R,041100_FS.N01R,FS,0,1756536660,1FS 0651 PPK/FKN,1756551980,1756551991,585,0,0
1756536690_FS.S01R,041150_FS.S01R,FS,1,1756536690,1FS 0651+ FKN/PPK,1756551980,1756551991,581,0,0
1756536720_D..S07X031,041200_D..S07X031,D,1,1756536720,1D 0652 BPK/STL,1756557881,1756557892,1341,0,0
1756536870_D..N07X011,041450_D..N07X011,D,0,1756536870,1D 0654+ STL/BPK,1756556631,1756556635,1154,0,0
1756537020_F..S69R,041700_F..S69R,F,1,1756537020,1F 0657 179/STL,1756557171,1756557175,1206,0,0
1756537080_M..S35R,041800_M..S35R,M,1,1756537080,1M 0658 MYR/MET,1756552235,1756552246,563,0,0
1756537200_F..N,042000_F..N,F,0,1756537200,1F 0700 STL/179,1756557171,1756557175,1182,0,0
1756537200_M..N35R,042000_M..N35R,M,0,1756537200,1M 0700 MET/MYR,1756552490,1756552502,581,0,0
1756537260_FS.N01R,042100_FS.N01R,FS,0,1756537260,1FS 0701 PPK/FKN,1756552742,1756552746,606,0,0
1756537290_FS.S01R,042150_FS.S01R,FS,1,1756537290,1FS 0701+ FKN/PPK,1756552715,1756552727,599,0,0
1756537470_D..S07X031,042450_D..S07X031,D,1,1756537470,1D 0704+ BPK/STL,1756557881,1756557892,1241,0,0
1756537740_F..S69R,042900_F..S69R,F,1,1756537740,1F 0709 179/STL,1756557817,1756557821,1196,0,0
1756537770_D..N07X011,042950_D..N07X011,D,0,1756537770,1D 0709+ STL/BPK,1756557355,1756557366,1131,0,0
1756537860_FS.N01R,043100_FS.N01R,FS,0,1756537860,1FS 0711 PPK/FKN,1756552731,1756552742,525,0,0
1756537860_M..S35R,043100_M..S35R,M,1,1756537860,1M 0711 MYR/MET,1756553061,1756553072,569,0,0
1756537890_FS.S01R,043150_FS.S01R,FS,1,1756537890,1FS 0711+ FKN/PPK,1756552701,1756552712,517,0,0
1756537920_F..N,043200_F..N,F,0,1756537920,1F 0712 STL/179,1756557851,1756557862,1177,0,0
1756537920_M..N35R,043200_M..N35R,M,0,1756537920,1M 0712 MET/MYR,1756553151,1756553163,573,0,0
1756538160_D..S07X031,043600_D..S07X031,D,1,1756538160,1D 0716 BPK/STL,1756558177,1756558181,1188,0,0
1756538460_F..S69R,044100_F..S69R,F,1,1756538460,1F 0721 179/STL,1756558707,1756558718,1219,0,0
1756538460_FS.N01R,044100_FS.N01R,FS,0,1756538460,1FS 0721 PPK/FKN,1756553767,1756553778,583,0,0
1756538490_FS.S01R,044150_FS.S01R,FS,1,1756538490,1FS 0721+ FKN/PPK,1756553763,1756553767,578,0,0
1756538580_M..S35R,044300_M..S35R,M,1,1756538580,1M 0723 MYR/MET,1756553763,1756553767,566,0,0
1756538640_F..N,044400_F..N,F,0,1756538640,1F 0724 STL/179,1756558658,1756558662,1188,0,0
1756538640_M..N35R,044400_M..N35R,M,0,1756538640,1M 0724 MET/MYR,1756553857,1756553868,571,0,0
1756538670_D..N07X011,044450_D..N07X011,D,0,1756538670,1D 0724+ STL/BPK,1756558467,1756558478,1159,0,0
1756538880_D..S07X031,044800_D..S07X031,D,1,1756538880,1D 0728 BPK/STL,1756558838,1756558842,1180,0,0
1756539060_FS.N01R,045100_FS.N01R,FS,0,1756539060,1FS 0731 PPK/FKN,1756553902,1756553913,521,0,0
1756539090_FS.S01R,045150_FS.S01R,FS,1,1756539090,1FS 0731+ FKN/PPK,1756553902,1756553913,517,0,0
1756539180_F..S69R,045300_F..S69R,F,1,1756539180,1F 0733 179/STL,1756559352,1756559363,1209,0,0
1756539300_M..S35R,045500_M..S35R,M,1,1756539300,1M 0735 MYR/MET,1756554442,1756554453,564,0,0
1756539360_F..N,045600_F..N,F,0,1756539360,1F 0736 STL/179,1756559022,1756559033,1149,0,0
1756539360_M..N35R,045600_M..N35R,M,0,1756539360,1M 0736 MET/MYR,1756554563,1756554574,576,0,0
1756539390_D..N07X011,045650_D..N07X011,D,0,1756539390,1D 0736+ STL/BPK,1756559533,1756559544,1215,0,0
1756539660_FS.N01R,046100_FS.N01R,FS,0,1756539660,1FS 0741 PPK/FKN,1756554998,1756555013,592,0,0
1756539690_FS.S01R,046150_FS.S01R,FS,1,1756539690,1FS 0741+ FKN/PPK,1756554998,1756555013,588,0,0
1756539900_F..S69R,046500_F..S69R,F,1,1756539900,1F 0745 179/STL,1756560073,1756560084,1219,0,0
1756540020_M..S35R,046700_M..S35R,M,1,1756540020,1M 0747 MYR/MET,1756555058,1756555073,548,0,0
1756540080_F..N,046800_F..N,F,0,1756540080,1F 0748 STL/179,1756560328,1756560340,1230,0,0
1756540110_D..N07X011,046850_D..N07X011,D,0,1756540110,1D 0748+ STL/BPK,1756560479,1756560490,1246,0,0
1756540140_M..N35R,046900_M..N35R,M,0,1756540140,1M 0749 MET/MYR,1756555253,1756555264,554,0,0
1756540260_FS.N01R,047100_FS.N01R,FS,0,1756540260,1FS 0751 PPK/FKN,1756555283,1756555294,542,0,0
1756540290_FS.S01R,047150_FS.S01R,FS,1,1756540290,1FS 0751+ FKN/PPK,1756555268,1756555279,536,0,0
1756540320_D..S07X031,047200_D..S07X031,D,1,1756540320,1D 0752 BPK/STL,1756559818,1756559833,1137,0,0
1756540620_F..S69R,047700_F..S69R,F,1,1756540620,1F 0757 179/STL,1756560479,1756560490,1178,0,0
1756540800_F..N,048000_F..N,F,0,1756540800,1F 0800 STL/179,1756560404,1756560415,1144,0,0
1756540800_M..S35R,048000_M..S35R,M,1,1756540800,1M 0800 MYR/MET,1756555899,1756555910,552,0,0
1756540830_D..N07X011,048050_D..N07X011,D,0,1756540830,1D 0800+ STL/BPK,1756560805,1756560809,1193,0,0
1756540860_FS.N01R,048100_FS.N01R,FS,0,1756540860,1FS 0801 PPK/FKN,1756555704,1756555715,518,0,0
1756540890_FS.S01R,048150_FS.S01R,FS,1,1756540890,1FS 0801+ FKN/PPK,1756555704,1756555715,514,0,0
1756540890_M..N35R,048150_M..N35R,M,0,1756540890,1M 0801+ MET/MYR,1756556049,1756556060,560,0,0
1756541040_D..S07X031,048400_D..S07X031,D,1,1756541040,1D 0804 BPK/STL,1756561466,1756561470,1253,0,0
1756541340_F..S69R,048900_F..S69R,F,1,1756541340,1F 0809 179/STL,1756561335,1756561346,1196,0,0
1756541460_FS.N01R,049100_FS.N01R,FS,0,1756541460,1FS 0811 PPK/FKN,1756556334,1756556345,522,0,0
1756541490_FS.S01R,049150_FS.S01R,FS,1,1756541490,1FS 0811+ FKN/PPK,1756556330,1756556334,517,0,0
1756541490_M..N35R,049150_M..N35R,M,0,1756541490,1M 0811+ MET/MYR,1756556676,1756556680,563,0,0
1756541520_F..N,049200_F..N,F,0,1756541520,1F 0812 STL/179,1756561124,1756561135,1144,0,0
1756541550_D..N07X011,049250_D..N07X011,D,0,1756541550,1D 0812+ STL/BPK,1756561380,1756561391,1174,0,0
1756541550_M..S35R,049250_M..S35R,M,1,1756541550,1M 0812+ MYR/MET,1756556710,1756556721,560,0,0
1756541940_D..S07X031,049900_D..S07X031,D,1,1756541940,1D 0819 BPK/STL,1756562986,1756562997,1335,0,0
1756542060_F..S69R,050100_F..S69R,F,1,1756542060,1F 0821 179/STL,1756562611,1756562622,1269,1,0
1756542060_FS.N01R,050100_FS.N01R,FS,0,1756542060,1FS 0821 PPK/FKN,1756557746,1756557757,630,0,0
1756542090_FS.S01R,050150_FS.S01R,FS,1,1756542090,1FS 0821+ FKN/PPK,1756557757,1756557761,627,0,0
1756542120_M..N35R,050200_M..N35R,M,0,1756542120,1M 0822 MET/MYR,1756557355,1756557366,570,0,0
1756542150_M..S35R,050250_M..S35R,M,1,1756542150,1M 0822+ MYR/MET,1756557276,1756557280,555,0,0
1756542240_F..N,050400_F..N,F,0,1756542240,1F 0824 STL/179,1756561946,1756561950,1157,0,0
1756542270_D..N07X011,050450_D..N07X011,D,0,1756542270,1D 0824+ STL/BPK,1756562207,1756562221,1187,0,0
1756542660_FS.N01R,051100_FS.N01R,FS,0,1756542660,1FS 0831 PPK/FKN,1756557757,1756557761,551,0,0
1756542690_FS.S01R,051150_FS.S01R,FS,1,1756542690,1FS 0831+ FKN/PPK,1756557757,1756557761,547,0,0
1756542720_M..N35R,051200_M..N35R,M,0,1756542720,1M 0832 MET/MYR,1756558241,1756558252,608,0,0
1756542780_F..S69R,051300_F..S69R,F,1,1756542780,1F 0833 179/STL,1756562941,1756562952,1217,0,0
1756542780_M..S35R,051300_M..S35R,M,1,1756542780,1M 0833 MYR/MET,1756557686,1756557697,526,0,0
1756542840_D..S07X031,051400_D..S07X031,D,1,1756542840,1D 0834 BPK/STL,1756563001,1756563012,1217,0,0
1756542960_F..N,051600_F..N,F,0,1756542960,1F 0836 STL/179,1756562787,1756562791,1172,0,0
1756542990_D..N07X011,051650_D..N07X011,D,0,1756542990,1D 0836+ STL/BPK,1756562892,1756562896,1182,0,0
1756543260_FS.N01R,052100_FS.N01R,FS,0,1756543260,1FS 0841 PPK/FKN,1756558357,1756558361,552,0,0
1756543290_FS.S01R,052150_FS.S01R,FS,1,1756543290,1FS 0841+ FKN/PPK,1756558357,1756558361,548,0,0
1756543290_M..N35R,052150_M..N35R,M,0,1756543290,1M 0841+ MET/MYR,1756558478,1756558482,564,0,0
1756543380_M..S35R,052300_M..S35R,M,1,1756543380,1M 0843 MYR/MET,1756558587,1756558598,567,0,0
1756543500_F..S69R,052500_F..S69R,F,1,1756543500,1F 0845 179/STL,1756563666,1756563676,1218,0,0
1756543680_F..N,052800_F..N,F,0,1756543680,1F 0848 STL/179,1756563676,1756563682,1195,0,0
1756543710_D..N07X011,052850_D..N07X011,D,0,1756543710,1D 0848+ STL/BPK,1756563638,1756563649,1186,0,0
1756543740_D..S07X031,052900_D..S07X031,D,1,1756543740,1D 0849 BPK/STL,1756563362,1756563373,1146,0,0
1756543770_M..N35R,052950_M..N35R,M,0,1756543770,1M 0849+ MET/MYR,1756558947,1756558958,563,0,0
1756543860_FS.N01R,053100_FS.N01R,FS,0,1756543860,1FS 0851 PPK/FKN,1756558707,1756558718,519,0,0
1756543890_FS.S01R,053150_FS.S01R,FS,1,1756543890,1FS 0851+ FKN/PPK,1756558707,1756558718,516,0,0
1756543950_M..S35R,053250_M..S35R,M,1,1756543950,1M 0852+ MYR/MET,1756559078,1756559082,558,0,0
1756544220_F..S69R,053700_F..S69R,F,1,1756544220,1F 0857 179/STL,1756564127,1756564138,1192,0,0
1756544250_M..N35R,053750_M..N35R,M,0,1756544250,1M 0857+ MET/MYR,1756559383,1756559394,572,0,0
1756544400_F..N,054000_F..N,F,0,1756544400,1F 0900 STL/179,1756564067,1756564078,1168,0,0
1756544430_D..N07X011,054050_D..N07X011,D,0,1756544430,1D 0900+ STL/BPK,1756564293,1756564304,1194,0,0
1756544430_M..S35R,054050_M..S35R,M,1,1756544430,1M 0900+ MYR/MET,1756559533,1756559544,574,0,0
1756544460_FS.N01R,054100_FS.N01R,FS,0,1756544460,1FS 0901 PPK/FKN,1756559784,1756559788,602,0,0
1756544490_FS.S01R,054150_FS.S01R,FS,1,1756544490,1FS 0901+ FKN/PPK,1756559784,1756559788,598,0,0
1756544640_D..S07X031,054400_D..S07X031,D,1,1756544640,1D 0904 BPK/STL,1756564634,1756564638,1211,0,0
1756544730_M..N35R,054550_M..N35R,M,0,1756544730,1M 0905+ MET/MYR,1756559908,1756559923,579,0,0
1756544910_M..S35R,054850_M..S35R,M,1,1756544910,1M 0908+ MYR/MET,1756559953,1756559968,559,0,0
1756544940_F..S69R,054900_F..S69R,F,1,1756544940,1F 0909 179/STL,1756565239,1756565250,1251,0,0
1756545060_FS.N01R,055100_FS.N01R,FS,0,1756545060,1FS 0911 PPK/FKN,1756559878,1756559889,532,0,0
1756545090_FS.S01R,055150_FS.S01R,FS,1,1756545090,1FS 0911+ FKN/PPK,1756559878,1756559889,528,0,0
1756545120_F..N,055200_F..N,F,0,1756545120,1F 0912 STL/179,1756565209,1756565220,1223,0,0
1756545150_D..N07X011,055250_D..N07X011,D,0,1756545150,1D 0912+ STL/BPK,1756565054,1756565058,1198,0,0
1756545210_M..N35R,055350_M..N35R,M,0,1756545210,1M 0913+ MET/MYR,1756560389,1756560400,576,0,0
1756545360_D..S07X031,055600_D..S07X031,D,1,1756545360,1D 0916 BPK/STL,1756565775,1756565779,1266,1,0
1756545390_M..S35R,055650_M..S35R,M,1,1756545390,1M 0916+ MYR/MET,1756560509,1756560520,568,0,0
1756545660_F..S69R,056100_F..S69R,F,1,1756545660,1F 0921 179/STL,1756565674,1756565685,1213,0,0
1756545660_FS.N01R,056100_FS.N01R,FS,0,1756545660,1FS 0921 PPK/FKN,1756560509,1756560520,532,0,0
1756545690_FS.S01R,056150_FS.S01R,FS,1,1756545690,1FS 0921+ FKN/PPK,1756560509,1756560520,528,0,0
1756545690_M..N35R,056150_M..N35R,M,0,1756545690,1M 0921+ MET/MYR,1756560854,1756560865,574,0,0
1756545780_F..N,056300_F..N,F,0,1756545780,1F 0923 STL/179,1756565794,1756565805,1213,0,0
1756545870_D..N07X011,056450_D..N07X011,D,0,1756545870,1D 0924+ STL/BPK,1756565734,1756565745,1193,0,0
1756545870_M..S35R,056450_M..S35R,M,1,1756545870,1M 0924+ MYR/MET,1756561019,1756561030,572,0,0
1756546080_D..S07X031,056800_D..S07X031,D,1,1756546080,1D 0928 BPK/STL,1756566680,1756566691,1291,0,0
1756546170_M..N35R,056950_M..N35R,M,0,1756546170,1M 0929+ MET/MYR,1756561275,1756561285,566,0,0
1756546260_FS.N01R,057100_FS.N01R,FS,0,1756546260,1FS 0931 PPK/FKN,1756561199,1756561210,544,0,0
1756546290_FS.S01R,057150_FS.S01R,FS,1,1756546290,1FS 0931+ FKN/PPK,1756561185,1756561195,538,0,0
1756546350_M..S35R,057250_M..S35R,M,1,1756546350,1M 0932+ MYR/MET,1756561395,1756561406,558,0,0
1756546380_F..S69R,057300_F..S69R,F,1,1756546380,1F 0933 179/STL,1756567082,1756567086,1304,0,0
1756546560_F..N,057600_F..N,F,0,1756546560,1F 0936 STL/179,1756566635,1756566646,1221,0,0
1756546650_M..N35R,057750_M..N35R,M,0,1756546650,1M 0937+ MET/MYR,1756561950,1756561961,592,0,0
1756546800_D..S07X031,058000_D..S07X031,D,1,1756546800,1D 0940 BPK/STL,1756566920,1756566931,1227,0,0
1756546830_M..S35R,058050_M..S35R,M,1,1756546830,1M 0940+ MYR/MET,1756561980,1756561991,572,0,0
1756546860_FS.N01R,058100_FS.N01R,FS,0,1756546860,1FS 0941 PPK/FKN,1756561766,1756561770,539,0,0
1756546890_FS.S01R,058150_FS.S01R,FS,1,1756546890,1FS 0941+ FKN/PPK,1756561766,1756561770,535,0,0
1756547034_D..N07X011,058390_D..N07X011,D,0,1756547034,1D 0943+ 25A/BPK,1756566590,1756566601,1152,0,0
1756547100_F..S69R,058500_F..S69R,F,1,1756547100,1F 0945 179/STL,1756567356,1756567367,1245,0,0
1756547130_M..N35R,058550_M..N35R,M,0,1756547130,1M 0945+ MET/MYR,1756562326,1756562337,577,0,0
1756547280_F..N,058800_F..N,F,0,1756547280,1F 0948 STL/179,1756567221,1756567232,1203,0,0
1756547310_D..N07X011,058850_D..N07X011,D,0,1756547310,1D 0948+ STL/BPK,1756567281,1756567292,1207,0,0
1756547310_M..S35R,058850_M..S35R,M,1,1756547310,1M 0948+ MYR/MET,1756562427,1756562431,566,0,0
1756547460_FS.N01R,059100_FS.N01R,FS,0,1756547460,1FS 0951 PPK/FKN,1756562401,1756562412,543,0,0
1756547490_FS.S01R,059150_FS.S01R,FS,1,1756547490,1FS 0951+ FKN/PPK,1756562386,1756562397,537,0,0
1756547520_D..S07X031,059200_D..S07X031,D,1,1756547520,1D 0952 BPK/STL,1756567847,1756567851,1254,0,0
1756547610_M..N35R,059350_M..N35R,M,0,1756547610,1M 0953+ MET/MYR,1756563087,1756563091,614,0,0
1756547790_M..S35R,059650_M..S35R,M,1,1756547790,1M 0956+ MYR/MET,1756562866,1756562877,561,0,0
1756547820_F..S69R,059700_F..S69R,F,1,1756547820,1F 0957 179/STL,1756567791,1756567803,1207,0,0
1756548000_F..N,060000_F..N,F,0,1756548000,1F 1000 STL/179,1756567881,1756567892,1195,0,0
1756548030_D..N07X011,060050_D..N07X011,D,0,1756548030,1D 1000+ STL/BPK,1756567986,1756567997,1205,0,0
1756548060_FS.N01R,060100_FS.N01R,FS,0,1756548060,1FS 1001 PPK/FKN,1756563963,1756563973,668,0,0
1756548090_FS.S01R,060150_FS.S01R,FS,1,1756548090,1FS 1001+ FKN/PPK,1756563963,1756563973,664,0,0
1756548090_M..N35R,060150_M..N35R,M,0,1756548090,1M 1001+ MET/MYR,1756563347,1756563357,585,0,0
1756548240_D..S07X031,060400_D..S07X031,D,1,1756548240,1D 1004 BPK/STL,1756568437,1756568448,1237,0,0
1756548270_M..S35R,060450_M..S35R,M,1,1756548270,1M 1004+ MYR/MET,1756563313,1756563317,556,0,0
1756548540_F..S69R,060900_F..S69R,F,1,1756548540,1F 1009 179/STL,1756568422,1756568433,1195,0,0
1756548570_M..N35R,060950_M..N35R,M,0,1756548570,1M 1009+ MET/MYR,1756563845,1756563862,585,0,0
1756548660_F..N,061100_F..N,F,0,1756548660,1F 1011 STL/179,1756568343,1756568347,1168,0,0
1756548660_FS.N01R,061100_FS.N01R,FS,0,1756548660,1FS 1011 PPK/FKN,1756563973,1756563977,589,0,0
1756548690_FS.S01R,061150_FS.S01R,FS,1,1756548690,1FS 1011+ FKN/PPK,1756563963,1756563973,584,0,0
1756548750_D..N07X011,061250_D..N07X011,D,0,1756548750,1D 1012+ STL/BPK,1756568722,1756568733,1207,0,0
1756548750_M..S35R,061250_M..S35R,M,1,1756548750,1M 1012+ MYR/MET,1756563862,1756563868,562,0,0
1756548960_D..S07X031,061600_D..S07X031,D,1,1756548960,1D 1016 BPK/STL,1756569518,1756569533,1281,0,0
1756549050_M..N35R,061750_M..N35R,M,0,1756549050,1M 1017+ MET/MYR,1756564338,1756564349,586,0,0
1756549230_M..S35R,062050_M..S35R,M,1,1756549230,1M 1020+ MYR/MET,1756564353,1756564364,570,0,0
1756549260_F..S69R,062100_F..S69R,F,1,1756549260,1F 1021 179/STL,1756570104,1756570115,1327,2,0
1756549260_FS.N01R,062100_FS.N01R,FS,0,1756549260,1FS 1021 PPK/FKN,1756564323,1756564334,562,0,0
1756549290_FS.S01R,062150_FS.S01R,FS,1,1756549290,1FS 1021+ FKN/PPK,1756564323,1756564334,558,0,0
1756549440_F..N,062400_F..N,F,0,1756549440,1F 1024 STL/179,1756569518,1756569533,1225,0,0
1756549470_D..N07X011,062450_D..N07X011,D,0,1756549470,1D 1024+ STL/BPK,1756569984,1756569994,1283,0,0
1756549530_M..N35R,062550_M..N35R,M,0,1756549530,1M 1025+ MET/MYR,1756564814,1756564818,590,0,0
1756549680_D..S07X031,062800_D..S07X031,D,1,1756549680,1D 1028 BPK/STL,1756571016,1756571020,1392,0,0
1756549710_M..S35R,062850_M..S35R,M,1,1756549710,1M 1028+ MYR/MET,1756564863,1756564874,573,0,0
1756549860_FS.N01R,063100_FS.N01R,FS,0,1756549860,1FS 1031 PPK/FKN,1756565194,1756565205,597,0,0
1756549890_FS.S01R,063150_FS.S01R,FS,1,1756549890,1FS 1031+ FKN/PPK,1756565179,1756565190,591,0,0
1756549980_F..S69R,063300_F..S69R,F,1,1756549980,1F 1033 179/STL,1756570344,1756570355,1263,0,0
1756550010_M..N35R,063350_M..N35R,M,0,1756550010,1M 1033+ MET/MYR,1756565115,1756565119,566,0,0
1756550100_F..N,063500_F..N,F,0,1756550100,1F 1035 STL/179,1756570269,1756570280,1237,0,0
1756550190_D..N07X011,063650_D..N07X011,D,0,1756550190,1D 1036+ STL/BPK,1756569999,1756570009,1189,0,0
1756550190_M..S35R,063650_M..S35R,M,1,1756550190,1M 1036+ MYR/MET,1756565269,1756565280,563,0,0
1756550400_D..S07X031,064000_D..S07X031,D,1,1756550400,1D 1040 BPK/STL,1756571091,1756571095,1306,0,0
1756550460_FS.N01R,064100_FS.N01R,FS,0,1756550460,1FS 1041 PPK/FKN,1756565554,1756565565,565,0,0
1756550490_FS.S01R,064150_FS.S01R,FS,1,1756550490,1FS 1041+ FKN/PPK,1756565554,1756565565,561,0,0
1756550490_M..N35R,064150_M..N35R,M,0,1756550490,1M 1041+ MET/MYR,1756575690,1756575700,1906,0,0
1756550670_M..S35R,064450_M..S35R,M,1,1756550670,1M 1044+ MYR/MET,1756566000,1756566004,596,0,0
1756550700_F..S69R,064500_F..S69R,F,1,1756550700,1F 1045 179/STL,1756570730,1756570734,1219,0,0
1756550880_F..N,064800_F..N,F,0,1756550880,1F 1048 STL/179,1756571271,1756571275,1267,0,0
1756550910_D..N07X011,064850_D..N07X011,D,0,1756550910,1D 1048+ STL/BPK,1756570990,1756571001,1226,0,0
1756550970_M..N35R,064950_M..N35R,M,0,1756550970,1M 1049+ MET/MYR,1756566125,1756566135,574,0,0
1756551060_FS.N01R,065100_FS.N01R,FS,0,1756551060,1FS 1051 PPK/FKN,1756565959,1756565970,540,0,0
1756551090_FS.S01R,065150_FS.S01R,FS,1,1756551090,1FS 1051+ FKN/PPK,1756565959,1756565970,536,0,0
1756551120_D..S07X031,065200_D..S07X031,D,1,1756551120,1D 1052 BPK/STL,1756571801,1756571811,1306,0,0
1756551150_M..S35R,065250_M..S35R,M,1,1756551150,1M 1052+ MYR/MET,1756566185,1756566196,558,0,0
1756551420_F..S69R,065700_F..S69R,F,1,1756551420,1F 1057 179/STL,1756571936,1756571946,1286,0,0
1756551450_M..N35R,065750_M..N35R,M,0,1756551450,1M 1057+ MET/MYR,1756566815,1756566826,603,0,0
1756551540_F..N,065900_F..N,F,0,1756551540,1F 1059 STL/179,1756571530,1756571541,1215,0,0
1756551630_D..N07X011,066050_D..N07X011,D,0,1756551630,1D 1100+ STL/BPK,1756571571,1756571575,1208,0,0
1756551630_M..S35R,066050_M..S35R,M,1,1756551630,1M 1100+ MYR/MET,1756566770,1756566781,573,0,0
1756551660_FS.N01R,066100_FS.N01R,FS,0,1756551660,1FS 1101 PPK/FKN,1756567686,1756567697,691,0,0
1756551690_FS.S01R,066150_FS.S01R,FS,1,1756551690,1FS 1101+ FKN/PPK,1756567566,1756567577,671,0,0
1756551840_D..S07X031,066400_D..S07X031,D,1,1756551840,1D 1104 BPK/STL,1756572101,1756572112,1251,0,0
1756551930_M..N35R,066550_M..N35R,M,0,1756551930,1M 1105+ MET/MYR,1756567176,1756567187,587,0,0
1756552110_M..S35R,066850_M..S35R,M,1,1756552110,1M 1108+ MYR/MET,1756567296,1756567307,579,0,0
1756552140_F..S69R,066900_F..S69R,F,1,1756552140,1F 1109 179/STL,1756572131,1756572142,1215,0,0
1756552260_FS.N01R,067100_FS.N01R,FS,0,1756552260,1FS 1111 PPK/FKN,1756567686,1756567697,611,0,0
1756552290_FS.S01R,067150_FS.S01R,FS,1,1756552290,1FS 1111+ FKN/PPK,1756567682,1756567686,606,0,0
1756552320_F..N,067200_F..N,F,0,1756552320,1F 1112 STL/179,1756572266,1756572277,1209,0,0
1756552350_D..N07X011,067250_D..N07X011,D,0,1756552350,1D 1112+ STL/BPK,1756572296,1756572307,1209,0,0
1756552410_M..N35R,067350_M..N35R,M,0,1756552410,1M 1113+ MET/MYR,1756567671,1756567682,589,0,0
1756552560_D..S07X031,067600_D..S07X031,D,1,1756552560,1D 1116 BPK/STL,1756572877,1756572882,1258,0,0
1756552590_M..S35R,067650_M..S35R,M,1,1756552590,1M 1116+ MYR/MET,1756567746,1756567757,575,0,0
1756552860_F..S69R,068100_F..S69R,F,1,1756552860,1F 1121 179/STL,1756573482,1756573493,1300,0,0
1756552890_M..N35R,068150_M..N35R,M,0,1756552890,1M 1121+ MET/MYR,1756568107,1756568118,583,0,0
1756552980_F..N,068300_F..N,F,0,1756552980,1F 1123 STL/179,1756573118,1756573122,1235,0,0
1756553070_D..N07X011,068450_D..N07X011,D,0,1756553070,1D 1124+ STL/BPK,1756573178,1756573182,1233,0,0
1756553070_M..S35R,068450_M..S35R,M,1,1756553070,1M 1124+ MYR/MET,1756568148,1756568152,566,0,0
1756553280_D..S07X031,068800_D..S07X031,D,1,1756553280,1D 1128 BPK/STL,1756573797,1756573808,1290,0,0
1756553460_FS.N01R,069100_FS.N01R,FS,0,1756553460,1FS 1131 PPK/FKN,1756568302,1756568313,538,0,0
1756553490_FS.S01R,069150_FS.S01R,FS,1,1756553490,1FS 1131+ FKN/PPK,1756568302,1756568313,534,0,0
1756553490_M..N35R,069150_M..N35R,M,0,1756553490,1M 1131+ MET/MYR,1756569113,1756569128,642,0,0
1756553550_M..S35R,069250_M..S35R,M,1,1756553550,1M 1132+ MYR/MET,1756568587,1756568598,564,0,0
1756553580_F..S69R,069300_F..S69R,F,1,1756553580,1F 1133 179/STL,1756573873,1756573884,1260,0,0
1756553760_F..N,069600_F..N,F,0,1756553760,1F 1136 STL/179,1756574064,1756574068,1261,0,0
1756553790_D..N07X011,069650_D..N07X011,D,0,1756553790,1D 1136+ STL/BPK,1756573763,1756573767,1217,0,0
1756553850_M..N35R,069750_M..N35R,M,0,1756553850,1M 1137+ MET/MYR,1756569109,1756569113,593,0,0
1756554000_D..S07X031,070000_D..S07X031,D,1,1756554000,1D 1140 BPK/STL,1756574184,1756574188,1246,0,0
1756554030_M..S35R,070050_M..S35R,M,1,1756554030,1M 1140+ MYR/MET,1756569158,1756569169,576,0,0
1756554060_FS.N01R,070100_FS.N01R,FS,0,1756554060,1FS 1141 PPK/FKN,1756568928,1756568932,542,0,0
1756554090_FS.S01R,070150_FS.S01R,FS,1,1756554090,1FS 1141+ FKN/PPK,1756568928,1756568932,538,0,0
1756554300_F..S69R,070500_F..S69R,F,1,1756554300,1F 1145 179/STL,1756574619,1756574623,1263,0,0
1756554330_M..N35R,070550_M..N35R,M,0,1756554330,1M 1145+ MET/MYR,1756569548,1756569559,584,0,0
1756554480_F..N,070800_F..N,F,0,1756554480,1F 1148 STL/179,1756574623,1756574634,1240,0,0
1756554510_M..S35R,070850_M..S35R,M,1,1756554510,1M 1148+ MYR/MET,1756569698,1756569709,580,0,0
1756554660_FS.N01R,071100_FS.N01R,FS,0,1756554660,1FS 1151 PPK/FKN,1756569638,1756569649,552,0,0
1756554690_FS.S01R,071150_FS.S01R,FS,1,1756554690,1FS 1151+ FKN/PPK,1756569623,1756569634,546,0,0
1756554720_D..S07X031,071200_D..S07X031,D,1,1756554720,1D 1152 BPK/STL,1756574954,1756574965,1253,0,0
1756554810_M..N35R,071350_M..N35R,M,0,1756554810,1M 1153+ MET/MYR,1756569984,1756569994,580,0,0
1756554870_D..N07X011,071450_D..N07X011,D,0,1756554870,1D 1154+ STL/BPK,1756574759,1756574769,892,0,0
1756554990_M..S35R,071650_M..S35R,M,1,1756554990,1M 1156+ MYR/MET,1756570130,1756570134,575,0,0
1756555020_F..S69R,071700_F..S69R,F,1,1756555020,1F 1157 179/STL,1756575509,1756575520,1287,0,0
1756555200_F..N,072000_F..N,F,0,1756555200,1F 1200 STL/179,1756574784,1756574789,1166,0,0
1756555260_FS.N01R,072100_FS.N01R,FS,0,1756555260,1FS 1201 PPK/FKN,1756570370,1756570374,571,0,0
1756555290_FS.S01R,072150_FS.S01R,FS,1,1756555290,1FS 1201+ FKN/PPK,1756570359,1756570370,566,0,0
1756555290_M..N35R,072150_M..N35R,M,0,1756555290,1M 1201+ MET/MYR,1756570584,1756570595,596,0,0
1756555440_D..S07X031,072400_D..S07X031,D,1,1756555440,1D 1204 BPK/STL,1756575614,1756575625,1245,0,0
1756555470_M..S35R,072450_M..S35R,M,1,1756555470,1M 1204+ MYR/MET,1756570554,1756570565,568,0,0
1756555740_F..S69R,072900_F..S69R,F,1,1756555740,1F 1209 179/STL,1756575840,1756575850,1235,0,0
1756555770_M..N35R,072950_M..N35R,M,0,1756555770,1M 1209+ MET/MYR,1756570930,1756570940,578,0,0
1756555860_F..N,073100_F..N,F,0,1756555860,1F 1211 STL/179,1756575674,1756575685,1197,0,0
1756555860_FS.N01R,073100_FS.N01R,FS,0,1756555860,1FS 1211 PPK/FKN,1756570794,1756570805,548,0,0
1756555890_FS.S01R,073150_FS.S01R,FS,1,1756555890,1FS 1211+ FKN/PPK,1756570749,1756570760,538,0,0
1756555950_D..N07X011,073250_D..N07X011,D,0,1756555950,1D 1212+ STL/BPK,1756576260,1756576271,1263,0,0
1756555950_M..S35R,073250_M..S35R,M,1,1756555950,1M 1212+ MYR/MET,1756571050,1756571061,570,0,0
1756556160_D..S07X031,073600_D..S07X031,D,1,1756556160,1D 1216 BPK/STL,1756576395,1756576406,1253,0,0
1756556250_M..N35R,073750_M..N35R,M,0,1756556250,1M 1217+ MET/MYR,1756571605,1756571616,604,0,0
1756556430_M..S35R,074050_M..S35R,M,1,1756556430,1M 1220+ MYR/MET,1756571545,1756571556,572,0,0
1756556460_F..S69R,074100_F..S69R,F,1,1756556460,1F 1221 179/STL,1756576861,1756576872,1275,1,0
1756556460_FS.N01R,074100_FS.N01R,FS,0,1756556460,1FS 1221 PPK/FKN,1756571365,1756571376,544,0,0
1756556490_FS.S01R,074150_FS.S01R,FS,1,1756556490,1FS 1221+ FKN/PPK,1756571605,1756571616,572,0,0
1756556640_F..N,074400_F..N,F,0,1756556640,1F 1224 STL/179,1756576726,1756576736,1233,0,0
1756556670_D..N07X011,074450_D..N07X011,D,0,1756556670,1D 1224+ STL/BPK,1756577127,1756577131,1282,0,0
1756556730_M..N35R,074550_M..N35R,M,0,1756556730,1M 1225+ MET/MYR,1756571936,1756571946,584,0,0
1756556880_D..S07X031,074800_D..S07X031,D,1,1756556880,1D 1228 BPK/STL,1756577052,1756577056,1244,0,0
1756556910_M..S35R,074850_M..S35R,M,1,1756556910,1M 1228+ MYR/MET,1756572011,1756572022,570,0,0
1756557060_FS.N01R,075100_FS.N01R,FS,0,1756557060,1FS 1231 PPK/FKN,1756571966,1756571976,544,0,0
1756557090_FS.S01R,075150_FS.S01R,FS,1,1756557090,1FS 1231+ FKN/PPK,1756571951,1756571961,538,0,0
1756557180_F..S69R,075300_F..S69R,F,1,1756557180,1F 1233 179/STL,1756577427,1756577431,1254,0,0
1756557210_M..N35R,075350_M..N35R,M,0,1756557210,1M 1233+ MET/MYR,1756572671,1756572682,618,0,0
1756557300_F..N,075500_F..N,F,0,1756557300,1F 1235 STL/179,1756576801,1756576812,1155,0,0
1756557390_D..N07X011,075650_D..N07X011,D,0,1756557390,1D 1236+ STL/BPK,1756577367,1756577371,1218,0,0
1756557390_M..S35R,075650_M..S35R,M,1,1756557390,1M 1236+ MYR/MET,1756572611,1756572622,586,0,0
1756557600_D..S07X031,076000_D..S07X031,D,1,1756557600,1D 1240 BPK/STL,1756577807,1756577818,1249,0,0
1756557660_FS.N01R,076100_FS.N01R,FS,0,1756557660,1FS 1241 PPK/FKN,1756574019,1756574023,737,0,0
1756557690_FS.S01R,076150_FS.S01R,FS,1,1756557690,1FS 1241+ FKN/PPK,1756572852,1756572862,578,0,0
1756557690_M..N35R,076150_M..N35R,M,0,1756557690,1M 1241+ MET/MYR,1756572987,1756572998,596,0,0
1756557870_M..S35R,076450_M..S35R,M,1,1756557870,1M 1244+ MYR/MET,1756573032,1756573043,578,0,0
1756557900_F..S69R,076500_F..S69R,F,1,1756557900,1F 1245 179/STL,1756578047,1756578058,1241,0,0
1756558080_F..N,076800_F..N,F,0,1756558080,1F 1248 STL/179,1756577942,1756577953,1203,0,0
1756558110_D..N07X011,076850_D..N07X011,D,0,1756558110,1D 1248+ STL/BPK,1756578092,1756578103,1219,0,0
1756558170_M..N35R,076950_M..N35R,M,0,1756558170,1M 1249+ MET/MYR,1756573392,1756573403,586,0,0
1756558260_FS.N01R,077100_FS.N01R,FS,0,1756558260,1FS 1251 PPK/FKN,1756574019,1756574023,657,0,0
1756558290_FS.S01R,077150_FS.S01R,FS,1,1756558290,1FS 1251+ FKN/PPK,1756573993,1756574004,650,0,0
1756558320_D..S07X031,077200_D..S07X031,D,1,1756558320,1D 1252 BPK/STL,1756578873,1756578884,1295,0,0
1756558350_M..S35R,077250_M..S35R,M,1,1756558350,1M 1252+ MYR/MET,1756573662,1756573673,599,0,0
1756558620_F..S69R,077700_F..S69R,F,1,1756558620,1F 1257 179/STL,1756578673,1756578678,1230,0,0
1756558650_M..N35R,077750_M..N35R,M,0,1756558650,1M 1257+ MET/MYR,1756573993,1756574004,604,0,0
1756558740_F..N,077900_F..N,F,0,1756558740,1F 1259 STL/179,1756578733,1756578738,1225,0,0
1756558830_D..N07X011,078050_D..N07X011,D,0,1756558830,1D 1300+ STL/BPK,1756579094,1756579098,1261,0,0
1756558830_M..S35R,078050_M..S35R,M,1,1756558830,1M 1300+ MYR/MET,1756573884,1756573888,568,0,0
1756558860_FS.N01R,078100_FS.N01R,FS,0,1756558860,1FS 1301 PPK/FKN,1756574023,1756574034,583,0,0
1756558890_FS.S01R,078150_FS.S01R,FS,1,1756558890,1FS 1301+ FKN/PPK,1756573993,1756574004,575,0,0
1756559040_D..S07X031,078400_D..S07X031,D,1,1756559040,1D 1304 BPK/STL,1756579454,1756579458,1281,0,0
1756559130_M..N35R,078550_M..N35R,M,0,1756559130,1M 1305+ MET/MYR,1756574338,1756574349,588,0,0
1756559310_M..S35R,078850_M..S35R,M,1,1756559310,1M 1308+ MYR/MET,1756574398,1756574409,571,0,0
1756559340_F..S69R,078900_F..S69R,F,1,1756559340,1F 1309 179/STL,1756579699,1756579709,1273,0,0
1756559460_FS.N01R,079100_FS.N01R,FS,0,1756559460,1FS 1311 PPK/FKN,1756584654,1756584665,1911,0,0
1756559490_FS.S01R,079150_FS.S01R,FS,1,1756559490,1FS 1311+ FKN/PPK,1756575265,1756575269,662,0,0
1756559520_F..N,079200_F..N,F,0,1756559520,1F 1312 STL/179,1756579443,1756579454,1215,0,0
1756559550_D..N07X011,079250_D..N07X011,D,0,1756559550,1D 1312+ STL/BPK,1756581891,1756581903,1537,0,0
1756559610_M..N35R,079350_M..N35R,M,0,1756559610,1M 1313+ MET/MYR,1756574909,1756574919,599,0,0
1756559760_D..S07X031,079600_D..S07X031,D,1,1756559760,1D 1316 BPK/STL,1756579980,1756579984,1254,0,0
1756559790_M..S35R,079650_M..S35R,M,1,1756559790,1M 1316+ MYR/MET,1756574954,1756574965,581,0,0
1756560060_F..S69R,080100_F..S69R,F,1,1756560060,1F 1321 179/STL,1756573362,1756573373,334,0,0
1756560060_FS.N01R,080100_FS.N01R,FS,0,1756560060,1FS 1321 PPK/FKN,1756575149,1756575160,568,0,0
1756560090_FS.S01R,080150_FS.S01R,FS,1,1756560090,1FS 1321+ FKN/PPK,1756575265,1756575269,582,0,0
1756560090_M..N35R,080150_M..N35R,M,0,1756560090,1M 1321+ MET/MYR,1756575359,1756575370,595,0,0
1756560180_F..N,080300_F..N,F,0,1756560180,1F 1323 STL/179,1756581606,1756581616,1415,2,1
1756560270_D..N07X011,080450_D..N07X011,D,0,1756560270,1D 1324+ STL/BPK,1756580239,1756580250,1221,0,0
1756560270_M..S35R,080450_M..S35R,M,1,1756560270,1M 1324+ MYR/MET,1756575404,1756575415,577,0,0
1756560300_F..S69R,080500_F..S69R,F,1,1756560300,1F 1325 179/STL,1756580705,1756580716,977,0,0
1756560480_D..S07X031,080800_D..S07X031,D,1,1756560480,1D 1328 BPK/STL,1756580720,1756580731,1084,0,0
1756560570_M..N35R,080950_M..N35R,M,0,1756560570,1M 1329+ MET/MYR,1756575765,1756575776,585,0,0
1756560660_FS.N01R,081100_FS.N01R,FS,0,1756560660,1FS 1331 PPK/FKN,1756575990,1756576001,603,0,0
1756560750_M..S35R,081250_M..S35R,M,1,1756560750,1M 1332+ MYR/MET,1756575915,1756575926,581,0,0
1756560960_F..N,081600_F..N,F,0,1756560960,1F 1336 STL/179,1756580825,1756580836,1207,0,0
1756560990_D..N07X011,081650_D..N07X011,D,0,1756560990,1D 1336+ STL/BPK,1756581726,1756581737,1322,0,0
1756561050_M..N35R,081750_M..N35R,M,0,1756561050,1M 1337+ MET/MYR,1756576305,1756576316,593,0,0
1756561200_D..S07X031,082000_D..S07X031,D,1,1756561200,1D 1340 BPK/STL,1756581441,1756581451,1180,0,0
1756561230_M..S35R,082050_M..S35R,M,1,1756561230,1M 1340+ MYR/MET,1756576346,1756576350,574,0,0
1756561260_F..S69R,082100_F..S69R,F,1,1756561260,1F 1341 179/STL,1756581305,1756581316,1057,0,0
1756561290_FS.S01R,082150_FS.S01R,FS,1,1756561290,1FS 1341+ FKN/PPK,1756575990,1756576001,519,0,0
1756561530_M..N35R,082550_M..N35R,M,0,1756561530,1M 1345+ MET/MYR,1756576766,1756576771,590,0,0
1756561680_F..N,082800_F..N,F,0,1756561680,1F 1348 STL/179,1756581846,1756581857,1247,0,0
1756561710_D..N07X011,082850_D..N07X011,D,0,1756561710,1D 1348+ STL/BPK,1756581816,1756581827,1239,0,0
1756561710_M..S35R,082850_M..S35R,M,1,1756561710,1M 1348+ MYR/MET,1756576771,1756576782,567,0,0
1756561920_D..S07X031,083200_D..S07X031,D,1,1756561920,1D 1352 BPK/STL,1756582623,1756582627,1318,0,0
1756562010_M..N35R,083350_M..N35R,M,0,1756562010,1M 1353+ MET/MYR,1756577172,1756577176,580,0,0
1756562190_M..S35R,083650_M..S35R,M,1,1756562190,1M 1356+ MYR/MET,1756577266,1756577277,569,0,0
1756562220_F..S69R,083700_F..S69R,F,1,1756562220,1F 1357 179/STL,1756583438,1756583448,1386,1,0
1756562400_F..N,084000_F..N,F,0,1756562400,1F 1400 STL/179,1756583243,1756583253,1337,0,0
1756562430_D..N07X011,084050_D..N07X011,D,0,1756562430,1D 1400+ STL/BPK,1756582202,1756582206,1194,0,0
1756562490_FS.S01R,084150_FS.S01R,FS,1,1756562490,1FS 1401+ FKN/PPK,1756583869,1756583873,1407,0,0
1756562490_M..N35R,084150_M..N35R,M,0,1756562490,1M 1401+ MET/MYR,1756577687,1756577698,585,0,0
1756562640_D..S07X031,084400_D..S07X031,D,1,1756562640,1D 1404 BPK/STL,1756583047,1756583058,1279,0,0
1756562670_M..S35R,084450_M..S35R,M,1,1756562670,1M 1404+ MYR/MET,1756577792,1756577803,575,0,0
1756562940_F..S69R,084900_F..S69R,F,1,1756562940,1F 1409 179/STL,1756583749,1756583753,1331,0,0
1756562970_M..N35R,084950_M..N35R,M,0,1756562970,1M 1409+ MET/MYR,1756578197,1756578208,589,0,0
1756563060_F..N,085100_F..N,F,0,1756563060,1F 1411 STL/179,1756583588,1756583599,1294,0,0
1756563060_FS.N01R,085100_FS.N01R,FS,0,1756563060,1FS 1411 PPK/FKN,1756583873,1756583888,1332,0,0
1756563090_FS.S01R,085150_FS.S01R,FS,1,1756563090,1FS 1411+ FKN/PPK,1756583873,1756583888,1328,0,0
1756563150_D..N07X011,085250_D..N07X011,D,0,1756563150,1D 1412+ STL/BPK,1756582942,1756582953,1197,0,0
1756563150_M..S35R,085250_M..S35R,M,1,1756563150,1M 1412+ MYR/MET,1756578287,1756578298,577,0,0
1756563360_D..S07X031,085600_D..S07X031,D,1,1756563360,1D 1416 BPK/STL,1756583858,1756583869,1290,0,0
1756563450_M..N35R,085750_M..N35R,M,0,1756563450,1M 1417+ MET/MYR,1756578648,1756578658,585,0,0
1756563630_M..S35R,086050_M..S35R,M,1,1756563630,1M 1420+ MYR/MET,1756579008,1756579019,610,0,0
1756563660_F..S69R,086100_F..S69R,F,1,1756563660,1F 1421 179/STL,1756583903,1756583914,1256,0,0
1756563840_F..N,086400_F..N,F,0,1756563840,1F 1424 STL/179,1756583948,1756583959,1237,0,0
1756563870_D..N07X011,086450_D..N07X011,D,0,1756563870,1D 1424+ STL/BPK,1756583708,1756583719,1203,0,0
1756563930_M..N35R,086550_M..N35R,M,0,1756563930,1M 1425+ MET/MYR,1756579203,1756579214,596,0,0
1756564080_D..S07X031,086800_D..S07X031,D,1,1756564080,1D 1428 BPK/STL,1756584293,1756584308,1249,0,0
1756564110_M..S35R,086850_M..S35R,M,1,1756564110,1M 1428+ MYR/MET,1756579188,1756579199,570,0,0
1756564380_F..S69R,087300_F..S69R,F,1,1756564380,1F 1433 179/STL,1756584279,1756584293,1208,0,0
1756564410_M..N35R,087350_M..N35R,M,0,1756564410,1M 1433+ MET/MYR,1756579694,1756579699,597,0,0
1756564500_F..N,087500_F..N,F,0,1756564500,1F 1435 STL/179,1756584654,1756584665,1240,0,0
1756564590_D..N07X011,087650_D..N07X011,D,0,1756564590,1D 1436+ STL/BPK,1756584384,1756584394,1192,0,0
1756564590_M..S35R,087650_M..S35R,M,1,1756564590,1M 1436+ MYR/MET,1756579774,1756579785,584,0,0
1756564800_D..S07X031,088000_D..S07X031,D,1,1756564800,1D 1440 BPK/STL,1756585465,1756585475,1308,0,0
1756564890_M..N35R,088150_M..N35R,M,0,1756564890,1M 1441+ MET/MYR,1756580059,1756580070,582,0,0
1756565070_M..S35R,088450_M..S35R,M,1,1756565070,1M 1444+ MYR/MET,1756580254,1756580265,584,0,0
1756565100_F..S69R,088500_F..S69R,F,1,1756565100,1F 1445 179/STL,1756585134,1756585145,1224,0,0
1756565280_F..N,088800_F..N,F,0,1756565280,1F 1448 STL/179,1756585165,1756585175,1205,0,0
1756565310_D..N07X011,088850_D..N07X011,D,0,1756565310,1D 1448+ STL/BPK,1756585134,1756585145,1197,0,0
1756565370_M..N35R,088950_M..N35R,M,0,1756565370,1M 1449+ MET/MYR,1756580615,1756580625,592,0,0
1756565520_D..S07X031,089200_D..S07X031,D,1,1756565520,1D 1452 BPK/STL,1756585975,1756585986,1281,0,0
1756565550_M..S35R,089250_M..S35R,M,1,1756565550,1M 1452+ MYR/MET,1756580735,1756580746,585,0,0
1756565820_F..S69R,089700_F..S69R,F,1,1756565820,1F 1457 179/STL,1756586306,1756586316,1285,0,0
1756565850_M..N35R,089750_M..N35R,M,0,1756565850,1M 1457+ MET/MYR,1756580990,1756581001,579,0,0
1756565940_F..N,089900_F..N,F,0,1756565940,1F 1459 STL/179,1756585795,1756585806,1201,0,0
1756566030_D..N07X011,090050_D..N07X011,D,0,1756566030,1D 1500+ STL/BPK,1756586016,1756586020,1218,0,0
1756566030_M..S35R,090050_M..S35R,M,1,1756566030,1M 1500+ MYR/MET,1756581185,1756581196,581,0,0
1756566240_D..S07X031,090400_D..S07X031,D,1,1756566240,1D 1504 BPK/STL,1756586677,1756586681,1278,0,0
1756566330_M..N35R,090550_M..N35R,M,0,1756566330,1M 1505+ MET/MYR,1756581636,1756581647,601,0,0
1756566510_M..S35R,090850_M..S35R,M,1,1756566510,1M 1508+ MYR/MET,1756581561,1756581571,567,0,0
1756566540_F..S69R,090900_F..S69R,F,1,1756566540,1F 1509 179/STL,1756586451,1756586456,1208,0,0
1756566750_D..N07X011,091250_D..N07X011,D,0,1756566750,1D 1512+ STL/BPK,1756587026,1756587037,1257,0,0
1756566810_M..N35R,091350_M..N35R,M,0,1756566810,1M 1513+ MET/MYR,1756581951,1756581963,579,0,0
1756566919_F..N,091533_F..N,F,0,1756566919,1F 1515 STL/179,1756588123,1756588133,1079,0,0
1756566960_D..S07X031,091600_D..S07X031,D,1,1756566960,1D 1516 BPK/STL,1756587432,1756587442,1283,0,0
1756566990_M..S35R,091650_M..S35R,M,1,1756566990,1M 1516+ MYR/MET,1756582447,1756582457,621,0,0
1756567260_F..S69R,092100_F..S69R,F,1,1756567260,1F 1521 179/STL,1756587912,1756587923,1307,0,0
1756567290_M..N35R,092150_M..N35R,M,0,1756567290,1M 1521+ MET/MYR,1756582416,1756582427,577,0,0
1756567470_D..N07X011,092450_D..N07X011,D,0,1756567470,1D 1524+ STL/BPK,1756587492,1756587502,1223,0,0
1756567470_M..S35R,092450_M..S35R,M,1,1756567470,1M 1524+ MYR/MET,1756582807,1756582818,605,0,0
1756567680_D..S07X031,092800_D..S07X031,D,1,1756567680,1D 1528 BPK/STL,1756588378,1756588388,1313,0,0
1756567770_M..N35R,092950_M..N35R,M,0,1756567770,1M 1529+ MET/MYR,1756583002,1756583013,591,0,0
1756567899_F..N,093166_F..N,F,0,1756567899,1F 1531+ STL/179,1756588047,1756588058,1069,0,0
1756567950_M..S35R,093250_M..S35R,M,1,1756567950,1M 1532+ MYR/MET,1756582987,1756582998,565,0,0
1756567980_F..S69R,093300_F..S69R,F,1,1756567980,1F 1533 179/STL,1756588798,1756588809,1329,0,0
1756568190_D..N07X011,093650_D..N07X011,D,0,1756568190,1D 1536+ STL/BPK,1756588058,1756588062,1202,0,0
1756568250_M..N35R,093750_M..N35R,M,0,1756568250,1M 1537+ MET/MYR,1756583468,1756583478,588,0,0
1756568400_D..S07X031,094000_D..S07X031,D,1,1756568400,1D 1540 BPK/STL,1756588944,1756588948,1292,0,0
1756568430_M..S35R,094050_M..S35R,M,1,1756568430,1M 1540+ MYR/MET,1756583543,1756583553,574,0,0
1756568460_FS.N01R,094100_FS.N01R,FS,0,1756568460,1FS 1541 PPK/FKN,1756584068,1756584079,637,0,0
1756568700_F..S69R,094500_F..S69R,F,1,1756568700,1F 1545 179/STL,1756589519,1756589530,1329,0,0
1756568730_M..N35R,094550_M..N35R,M,0,1756568730,1M 1545+ MET/MYR,1756583873,1756583888,578,0,0
1756568880_F..N,094800_F..N,F,0,1756568880,1F 1548 STL/179,1756589579,1756589590,1313,0,0
1756568910_D..N07X011,094850_D..N07X011,D,0,1756568910,1D 1548+ STL/BPK,1756588779,1756588783,1202,0,0
1756568910_M..S35R,094850_M..S35R,M,1,1756568910,1M 1548+ MYR/MET,1756583993,1756584004,568,0,0
1756569060_FS.N01R,095100_FS.N01R,FS,0,1756569060,1FS 1551 PPK/FKN,1756591096,1756591106,1491,0,0
1756569120_D..S07X031,095200_D..S07X031,D,1,1756569120,1D 1552 BPK/STL,1756590566,1756590570,1413,0,0
1756569210_M..N35R,095350_M..N35R,M,0,1756569210,1M 1553+ MET/MYR,1756584369,1756584379,575,0,0
1756569390_M..S35R,095650_M..S35R,M,1,1756569390,1M 1556+ MYR/MET,1756584459,1756584470,564,0,0
1756569600_F..N,096000_F..N,F,0,1756569600,1F 1600 STL/179,1756589819,1756589830,1250,0,0
1756569630_D..N07X011,096050_D..N07X011,D,0,1756569630,1D 1600+ STL/BPK,1756589485,1756589489,1201,0,0
1756569660_FS.N01R,096100_FS.N01R,FS,0,1756569660,1FS 1601 PPK/FKN,1756591096,1756591106,1412,0,0
1756569690_FS.S01R,096150_FS.S01R,FS,1,1756569690,1FS 1601+ FKN/PPK,1756591096,1756591106,1408,0,0
1756569690_M..N35R,096150_M..N35R,M,0,1756569690,1M 1601+ MET/MYR,1756584999,1756585010,596,0,0
1756569780_F..S69R,096300_F..S69R,F,1,1756569780,1F 1603 179/STL,1756590145,1756590150,793,0,4
1756569840_D..S07X031,096400_D..S07X031,D,1,1756569840,1D 1604 BPK/STL,1756590735,1756590746,1340,0,0
1756569870_M..S35R,096450_M..S35R,M,1,1756569870,1M 1604+ MYR/MET,1756584939,1756584950,564,0,0
1756570170_M..N35R,096950_M..N35R,M,0,1756570170,1M 1609+ MET/MYR,1756585465,1756585475,594,0,0
1756570260_F..N,097100_F..N,F,0,1756570260,1F 1611 STL/179,1756591651,1756591662,1406,0,0
1756570290_FS.S01R,097150_FS.S01R,FS,1,1756570290,1FS 1611+ FKN/PPK,1756591106,1756591111,1329,0,0
1756570350_D..N07X011,097250_D..N07X011,D,0,1756570350,1D 1612+ STL/BPK,1756590135,1756590145,1192,0,0
1756570350_M..S35R,097250_M..S35R,M,1,1756570350,1M 1612+ MYR/MET,1756585465,1756585475,570,0,0
1756570560_D..S07X031,097600_D..S07X031,D,1,1756570560,1D 1616 BPK/STL,1756591046,1756591050,1285,1,1
1756570650_M..N35R,097750_M..N35R,M,0,1756570650,1M 1617+ MET/MYR,1756585971,1756585975,597,0,0
1756570830_M..S35R,098050_M..S35R,M,1,1756570830,1M 1620+ MYR/MET,1756586005,1756586016,578,0,0
1756570860_F..S69R,098100_F..S69R,F,1,1756570860,1F 1621 179/STL,1756591081,1756591091,1086,0,0
1756571040_F..N,098400_F..N,F,0,1756571040,1F 1624 STL/179,1756591786,1756591797,1320,0,0
1756571070_D..N07X011,098450_D..N07X011,D,0,1756571070,1D 1624+ STL/BPK,1756590986,1756590990,1209,0,0
1756571130_M..N35R,098550_M..N35R,M,0,1756571130,1M 1625+ MET/MYR,1756586426,1756586436,594,0,0
1756571220_F..S,098700_F..S,F,1,1756571220,EF 1627 179/STL,1756591587,1756591591,893,0,0
1756571280_D..S07X031,098800_D..S07X031,D,1,1756571280,1D 1628 BPK/STL,1756591651,1756591662,1270,0,0
1756571310_M..S35R,098850_M..S35R,M,1,1756571310,1M 1628+ MYR/MET,1756586501,1756586511,510,0,0
1756571580_F..S69R,099300_F..S69R,F,1,1756571580,1F 1633 179/STL,1756592342,1756592352,1322,0,0
1756571610_M..N35R,099350_M..N35R,M,0,1756571610,1M 1633+ MET/MYR,1756586921,1756586932,596,0,0
1756571700_F..N,099500_F..N,F,0,1756571700,1F 1635 STL/179,1756591786,1756591797,1232,0,0
1756571790_D..N07X011,099650_D..N07X011,D,0,1756571790,1D 1636+ STL/BPK,1756591632,1756591636,1199,0,0
1756571790_M..S35R,099650_M..S35R,M,1,1756571790,1M 1636+ MYR/MET,1756586936,1756586947,574,0,0
1756572000_D..S07X031,100000_D..S07X031,D,1,1756572000,1D 1640 BPK/STL,1756592417,1756592428,1276,0,0
1756572090_M..N35R,100150_M..N35R,M,0,1756572090,1M 1641+ MET/MYR,1756587282,1756587292,580,0,0
1756572270_M..S35R,100450_M..S35R,M,1,1756572270,1M 1644+ MYR/MET,1756587387,1756587398,570,0,0
1756572300_F..S69R,100500_F..S69R,F,1,1756572300,1F 1645 179/STL,1756592833,1756592837,1291,0,0
1756572480_F..N,100800_F..N,F,0,1756572480,1F 1648 STL/179,1756593032,1756593043,1294,0,0
1756572510_D..N07X011,100850_D..N07X011,D,0,1756572510,1D 1648+ STL/BPK,1756592292,1756592297,1191,0,0
1756572570_M..N35R,100950_M..N35R,M,0,1756572570,1M 1649+ MET/MYR,1756587687,1756587698,571,0,0
1756572720_D..S07X031,101200_D..S07X031,D,1,1756572720,1D 1652 BPK/STL,1756593348,1756593359,1305,0,0
1756572750_M..S35R,101250_M..S35R,M,1,1756572750,1M 1652+ MYR/MET,1756587758,1756587762,556,0,0
1756573020_F..S69R,101700_F..S69R,F,1,1756573020,1F 1657 179/STL,1756593093,1756593103,1231,0,0
1756573050_M..N35R,101750_M..N35R,M,0,1756573050,1M 1657+ MET/MYR,1756588178,1756588182,572,0,0
1756573140_F..N,101900_F..N,F,0,1756573140,1F 1659 STL/179,1756593032,1756593043,1208,0,0
1756573230_D..N07X011,102050_D..N07X011,D,0,1756573230,1D 1700+ STL/BPK,1756593003,1756593013,1193,0,0
1756573230_M..S35R,102050_M..S35R,M,1,1756573230,1M 1700+ MYR/MET,1756588298,1756588303,566,0,0
1756573440_D..S07X031,102400_D..S07X031,D,1,1756573440,1D 1704 BPK/STL,1756594174,1756594184,1321,0,0
1756573530_M..N35R,102550_M..N35R,M,0,1756573530,1M 1705+ MET/MYR,1756588693,1756588704,582,0,0
1756573710_M..S35R,102850_M..S35R,M,1,1756573710,1M 1708+ MYR/MET,1756588764,1756588768,567,0,0
1756573740_F..S69R,102900_F..S69R,F,1,1756573740,1F 1709 179/STL,1756594380,1756594384,1310,0,0
1756573920_F..N,103200_F..N,F,0,1756573920,1F 1712 STL/179,1756594274,1756594279,1272,1,0
1756573950_D..N07X011,103250_D..N07X011,D,0,1756573950,1D 1712+ STL/BPK,1756593723,1756593734,1195,0,0
1756574010_M..N35R,103350_M..N35R,M,0,1756574010,1M 1713+ MET/MYR,1756589159,1756589169,580,0,0
1756574160_D..S07X031,103600_D..S07X031,D,1,1756574160,1D 1716 BPK/STL,1756594339,1756594350,1249,0,0
1756574190_M..S35R,103650_M..S35R,M,1,1756574190,1M 1716+ MYR/MET,1756589259,1756589264,569,0,0
1756574460_F..S69R,104100_F..S69R,F,1,1756574460,1F 1721 179/STL,1756595405,1756595416,1351,0,0
1756574490_M..N35R,104150_M..N35R,M,0,1756574490,1M 1721+ MET/MYR,1756589665,1756589669,583,0,0
1756574580_F..N,104300_F..N,F,0,1756574580,1F 1723 STL/179,1756594860,1756594864,1262,0,0
1756574670_D..N07X011,104450_D..N07X011,D,0,1756574670,1D 1724+ STL/BPK,1756594440,1756594444,1194,0,0
1756574670_M..S35R,104450_M..S35R,M,1,1756574670,1M 1724+ MYR/MET,1756589699,1756589710,564,0,0
1756574880_D..S07X031,104800_D..S07X031,D,1,1756574880,1D 1728 BPK/STL,1756595015,1756595025,1243,0,0
1756574970_M..N35R,104950_M..N35R,M,0,1756574970,1M 1729+ MET/MYR,1756590090,1756590100,576,0,0
1756575150_M..S35R,105250_M..S35R,M,1,1756575150,1M 1732+ MYR/MET,1756590145,1756590150,559,0,0
1756575180_F..S69R,105300_F..S69R,F,1,1756575180,1F 1733 179/STL,1756595825,1756595836,1311,0,0
1756575360_F..N,105600_F..N,F,0,1756575360,1F 1736 STL/179,1756595810,1756595821,1285,0,0
1756575390_D..N07X011,105650_D..N07X011,D,0,1756575390,1D 1736+ STL/BPK,1756596006,1756596016,1307,0,0
1756575450_M..N35R,105750_M..N35R,M,0,1756575450,1M 1737+ MET/MYR,1756590585,1756590596,578,0,0
1756575600_D..S07X031,106000_D..S07X031,D,1,1756575600,1D 1740 BPK/STL,1756596126,1756596136,1295,0,0
1756575630_M..S35R,106050_M..S35R,M,1,1756575630,1M 1740+ MYR/MET,1756590686,1756590690,567,0,0
1756575900_F..S69R,106500_F..S69R,F,1,1756575900,1F 1745 179/STL,1756596036,1756596046,1243,0,0
1756575930_M..N35R,106550_M..N35R,M,0,1756575930,1M 1745+ MET/MYR,1756591106,1756591111,583,0,0
1756576080_F..N,106800_F..N,F,0,1756576080,1F 1748 STL/179,1756595916,1756595926,1203,0,0
1756576110_D..N07X011,106850_D..N07X011,D,0,1756576110,1D 1748+ STL/BPK,1756596362,1756596366,1258,0,0
1756576110_M..S35R,106850_M..S35R,M,1,1756576110,1M 1748+ MYR/MET,1756591156,1756591166,566,0,0
1756576320_D..S07X031,107200_D..S07X031,D,1,1756576320,1D 1752 BPK/STL,1756596516,1756596527,1251,0,0
1756576410_M..N35R,107350_M..N35R,M,0,1756576410,1M 1753+ MET/MYR,1756591561,1756591572,580,0,0
1756576590_M..S35R,107650_M..S35R,M,1,1756576590,1M 1756+ MYR/MET,1756591647,1756591651,567,0,0
1756576620_F..S69R,107700_F..S69R,F,1,1756576620,1F 1757 179/STL,1756601817,1756601827,1917,0,0
1756576800_F..N,108000_F..N,F,0,1756576800,1F 1800 STL/179,1756601997,1756602007,1917,0,0
1756576830_D..N07X011,108050_D..N07X011,D,0,1756576830,1D 1800+ STL/BPK,1756596767,1756596771,1216,0,0
1756576860_FS.N01R,108100_FS.N01R,FS,0,1756576860,1FS 1801 PPK/FKN,1756593974,1756593979,840,0,0
1756576890_FS.S01R,108150_FS.S01R,FS,1,1756576890,1FS 1801+ FKN/PPK,1756593948,1756593959,833,0,0
1756576890_M..N35R,108150_M..N35R,M,0,1756576890,1M 1801+ MET/MYR,1756592011,1756592022,576,0,0
1756577040_D..S07X031,108400_D..S07X031,D,1,1756577040,1D 1804 BPK/STL,1756597728,1756597732,1316,0,0
1756577070_M..S35R,108450_M..S35R,M,1,1756577070,1M 1804+ MYR/MET,1756592132,1756592142,568,0,0
1756577340_F..S69R,108900_F..S69R,F,1,1756577340,1F 1809 179/STL,1756597522,1756597533,1249,0,0
1756577370_M..N35R,108950_M..N35R,M,0,1756577370,1M 1809+ MET/MYR,1756592533,1756592537,581,0,0
1756577460_FS.N01R,109100_FS.N01R,FS,0,1756577460,1FS 1811 PPK/FKN,1756593979,1756593989,761,0,0
1756577490_FS.S01R,109150_FS.S01R,FS,1,1756577490,1FS 1811+ FKN/PPK,1756593974,1756593979,756,0,0
1756577520_F..N,109200_F..N,F,0,1756577520,1F 1812 STL/179,1756597537,1756597548,1227,0,0
1756577550_D..N07X011,109250_D..N07X011,D,0,1756577550,1D 1812+ STL/BPK,1756597928,1756597938,1275,0,0
1756577550_M..S35R,109250_M..S35R,M,1,1756577550,1M 1812+ MYR/MET,1756592537,1756592548,558,0,0
1756577760_D..S07X031,109600_D..S07X031,D,1,1756577760,1D 1816 BPK/STL,1756597928,1756597938,1247,0,0
1756577850_M..N35R,109750_M..N35R,M,0,1756577850,1M 1817+ MET/MYR,1756593032,1756593043,584,0,0
1756578030_M..S35R,110050_M..S35R,M,1,1756578030,1M 1820+ MYR/MET,1756593093,1756593103,568,0,0
1756578060_F..S69R,110100_F..S69R,F,1,1756578060,1F 1821 179/STL,1756598148,1756598153,1236,0,0
1756578180_F..N,110300_F..N,F,0,1756578180,1F 1823 STL/179,1756598363,1756598374,1248,0,0
1756578270_D..N07X011,110450_D..N07X011,D,0,1756578270,1D 1824+ STL/BPK,1756598269,1756598273,1224,0,0
1756578330_M..N35R,110550_M..N35R,M,0,1756578330,1M 1825+ MET/MYR,1756593498,1756593509,582,0,0
1756578480_D..S07X031,110800_D..S07X031,D,1,1756578480,1D 1828 BPK/STL,1756598558,1756598569,1234,0,0
1756578510_M..S35R,110850_M..S35R,M,1,1756578510,1M 1828+ MYR/MET,1756593618,1756593633,574,0,0
1756578660_FS.N01R,111100_FS.N01R,FS,0,1756578660,1FS 1831 PPK/FKN,1756598378,1756598389,1166,0,0
1756578780_F..S69R,111300_F..S69R,F,1,1756578780,1F 1833 179/STL,1756598423,1756598434,1176,0,0
1756578810_M..N35R,111350_M..N35R,M,0,1756578810,1M 1833+ MET/MYR,1756593919,1756593929,573,0,0
1756578900_F..N,111500_F..N,F,0,1756578900,1F 1835 STL/179,1756599129,1756599139,1255,0,0
1756578990_D..N07X011,111650_D..N07X011,D,0,1756578990,1D 1836+ STL/BPK,1756598754,1756598764,1193,0,0
1756578990_M..S35R,111650_M..S35R,M,1,1756578990,1M 1836+ MYR/MET,1756594054,1756594065,567,0,0
1756579140_D..S07X031,111900_D..S07X031,D,1,1756579140,1D 1839 BPK/STL,1756599504,1756599515,1273,0,0
1756579260_FS.N01R,112100_FS.N01R,FS,0,1756579260,1FS 1841 PPK/FKN,1756598389,1756598393,1107,0,0
1756579290_M..N35R,112150_M..N35R,M,0,1756579290,1M 1841+ MET/MYR,1756594489,1756594500,585,0,0
1756579470_M..S35R,112450_M..S35R,M,1,1756579470,1M 1844+ MYR/MET,1756594609,1756594620,577,0,0
1756579500_F..S69R,112500_F..S69R,F,1,1756579500,1F 1845 179/STL,1756599895,1756599905,1272,0,0
1756579680_F..N,112800_F..N,F,0,1756579680,1F 1848 STL/179,1756600150,1756600161,1288,0,0
1756579710_D..N07X011,112850_D..N07X011,D,0,1756579710,1D 1848+ STL/BPK,1756599624,1756599635,1214,0,0
1756579770_M..N35R,112950_M..N35R,M,0,1756579770,1M 1849+ MET/MYR,1756594970,1756594980,585,0,0
1756579890_FS.S01R,113150_FS.S01R,FS,1,1756579890,1FS 1851+ FKN/PPK,1756598389,1756598393,1024,0,0
1756579920_D..S07X031,113200_D..S07X031,D,1,1756579920,1D 1852 BPK/STL,1756600225,1756600236,1266,0,0
1756579950_M..S35R,113250_M..S35R,M,1,1756579950,1M 1852+ MYR/MET,1756595060,1756595070,574,0,0
1756580250_M..N35R,113750_M..N35R,M,0,1756580250,1M 1857+ MET/MYR,1756595495,1756595506,592,0,0
1756580400_F..N,114000_F..N,F,0,1756580400,1F 1900 STL/179,1756600345,1756600356,1218,0,0
1756580430_D..N07X011,114050_D..N07X011,D,0,1756580430,1D 1900+ STL/BPK,1756600901,1756600912,1288,0,0
1756580430_M..S35R,114050_M..S35R,M,1,1756580430,1M 1900+ MYR/MET,1756595585,1756595596,580,0,0
1756580490_F..S69R,114150_F..S69R,F,1,1756580490,1F 1901+ 179/STL,1756600856,1756600866,1253,0,0
1756580490_FS.S01R,114150_FS.S01R,FS,1,1756580490,1FS 1901+ FKN/PPK,1756598393,1756598405,945,0,0
1756580640_D..S07X031,114400_D..S07X031,D,1,1756580640,1D 1904 BPK/STL,1756600931,1756600941,1264,0,0
1756580850_M..N35R,114750_M..N35R,M,0,1756580850,1M 1907+ MET/MYR,1756596002,1756596006,579,0,0
1756580910_M..S35R,114850_M..S35R,M,1,1756580910,1M 1908+ MYR/MET,1756596006,1756596016,572,0,0
1756581120_F..N,115200_F..N,F,0,1756581120,1F 1912 STL/179,1756600896,1756600901,1195,0,0
1756581150_D..N07X011,115250_D..N07X011,D,0,1756581150,1D 1912+ STL/BPK,1756601197,1756601201,1231,0,0
1756581360_D..S07X031,115600_D..S07X031,D,1,1756581360,1D 1916 BPK/STL,1756602132,1756602143,1328,1,0
1756581450_M..N35R,115750_M..N35R,M,0,1756581450,1M 1917+ MET/MYR,1756596726,1756596737,596,0,0
1756581480_F..S69R,115800_F..S69R,F,1,1756581480,1F 1918 179/STL,1756602518,1756602522,1363,0,0
1756581510_M..S35R,115850_M..S35R,M,1,1756581510,1M 1918+ MYR/MET,1756596591,1756596602,570,0,0
1756581840_F..N,116400_F..N,F,0,1756581840,1F 1924 STL/179,1756602372,1756602383,1296,0,0
1756581870_D..N07X011,116450_D..N07X011,D,0,1756581870,1D 1924+ STL/BPK,1756602218,1756602222,1271,0,0
1756582020_M..N35R,116700_M..N35R,M,0,1756582020,1M 1927 MET/MYR,1756597203,1756597207,583,0,0
1756582080_D..S07X031,116800_D..S07X031,D,1,1756582080,1D 1928 BPK/STL,1756602462,1756602473,1276,1,0
1756582110_M..S35R,116850_M..S35R,M,1,1756582110,1M 1928+ MYR/MET,1756597162,1756597172,566,0,0
1756582470_F..S69R,117450_F..S69R,F,1,1756582470,1F 1934+ 179/STL,1756603063,1756603074,1304,0,0
1756582560_F..N,117600_F..N,F,0,1756582560,1F 1936 STL/179,1756602943,1756602953,1276,0,0
1756582590_D..N07X011,117650_D..N07X011,D,0,1756582590,1D 1936+ STL/BPK,1756602522,1756602533,1216,0,0
1756582650_M..N35R,117750_M..N35R,M,0,1756582650,1M 1937+ MET/MYR,1756597822,1756597833,582,0,0
1756582650_M..S35R,117750_M..S35R,M,1,1756582650,1M 1937+ MYR/MET,1756597702,1756597713,566,0,0
1756582800_D..S07X031,118000_D..S07X031,D,1,1756582800,1D 1940 BPK/STL,1756602923,1756602928,1241,0,0
1756583190_F..S69R,118650_F..S69R,F,1,1756583190,1F 1946+ 179/STL,1756603243,1756603254,1233,0,0
1756583280_F..N,118800_F..N,F,0,1756583280,1F 1948 STL/179,1756603453,1756603464,1249,0,0
1756583310_D..N07X011,118850_D..N07X011,D,0,1756583310,1D 1948+ STL/BPK,1756603543,1756603554,1257,0,0
1756583310_M..N35R,118850_M..N35R,M,0,1756583310,1M 1948+ MET/MYR,1756598513,1756598524,586,0,0
1756583310_M..S35R,118850_M..S35R,M,1,1756583310,1M 1948+ MYR/MET,1756598543,1756598554,590,0,0
1756583460_FS.N01R,119100_FS.N01R,FS,0,1756583460,1FS 1951 PPK/FKN,1756599054,1756599064,639,0,0
1756583490_FS.S01R,119150_FS.S01R,FS,1,1756583490,1FS 1951+ FKN/PPK,1756599054,1756599064,635,0,0
1756583520_D..S07X031,119200_D..S07X031,D,1,1756583520,1D 1952 BPK/STL,1756603874,1756603884,1274,0,0
1756583910_M..S35R,119850_M..S35R,M,1,1756583910,1M 1958+ MYR/MET,1756598949,1756598959,566,0,0
1756583970_F..S69R,119950_F..S69R,F,1,1756583970,1F 1959+ 179/STL,1756603664,1756603674,1186,0,0
1756583970_M..N35R,119950_M..N35R,M,0,1756583970,1M 1959+ MET/MYR,1756599174,1756599185,588,0,0
1756584030_D..N07X011,120050_D..N07X011,D,0,1756584030,1D 2000+ STL/BPK,1756603859,1756603869,1204,0,0
1756584060_FS.N01R,120100_FS.N01R,FS,0,1756584060,1FS 2001 PPK/FKN,1756599069,1756599079,562,0,0
1756584090_FS.S01R,120150_FS.S01R,FS,1,1756584090,1FS 2001+ FKN/PPK,1756599054,1756599064,556,0,0
1756584240_D..S07X031,120400_D..S07X031,D,1,1756584240,1D 2004 BPK/STL,1756604805,1756604815,1302,0,0
1756584240_F..N,120400_F..N,F,0,1756584240,1F 2004 STL/179,1756603949,1756603959,891,0,0
1756584510_M..S35R,120850_M..S35R,M,1,1756584510,1M 2008+ MYR/MET,1756599590,1756599594,571,0,0
1756584660_FS.N01R,121100_FS.N01R,FS,0,1756584660,1FS 2011 PPK/FKN,1756599114,1756599124,488,0,0
1756584690_FS.S01R,121150_FS.S01R,FS,1,1756584690,1FS 2011+ FKN/PPK,1756599114,1756599124,484,0,0
1756584690_M..N35R,121150_M..N35R,M,0,1756584690,1M 2011+ MET/MYR,1756599830,1756599835,579,0,0
1756584750_D..N07X011,121250_D..N07X011,D,0,1756584750,1D 2012+ STL/BPK,1756604565,1756604575,1202,0,0
1756584750_F..S69R,121250_F..S69R,F,1,1756584750,1F 2012+ 179/STL,1756605135,1756605146,1278,0,0
1756584960_D..S07X031,121600_D..S07X031,D,1,1756584960,1D 2016 BPK/STL,1756606332,1756606336,1409,1,0
1756585110_M..S35R,121850_M..S35R,M,1,1756585110,1M 2018+ MYR/MET,1756600210,1756600221,574,0,0
1756585200_F..N,122000_F..N,F,0,1756585200,1F 2020 STL/179,1756605686,1756605691,1122,0,0
1756585260_FS.N01R,122100_FS.N01R,FS,0,1756585260,1FS 2021 PPK/FKN,1756600090,1756600101,538,0,0
1756585290_FS.S01R,122150_FS.S01R,FS,1,1756585290,1FS 2021+ FKN/PPK,1756600090,1756600101,534,0,0
1756585410_M..N35R,122350_M..N35R,M,0,1756585410,1M 2023+ MET/MYR,1756600656,1756600661,593,0,0
1756585470_D..N07X011,122450_D..N07X011,D,0,1756585470,1D 2024+ STL/BPK,1756605465,1756605476,1226,0,0
1756585530_F..S69R,122550_F..S69R,F,1,1756585530,1F 2025+ 179/STL,1756606201,1756606212,1316,0,0
1756585680_D..S07X031,122800_D..S07X031,D,1,1756585680,1D 2028 BPK/STL,1756606527,1756606532,1339,0,0
1756585800_M..S35R,123000_M..S35R,M,1,1756585800,1M 2030 MYR/MET,1756600896,1756600901,573,0,0
1756585860_FS.N01R,123100_FS.N01R,FS,0,1756585860,1FS 2031 PPK/FKN,1756603153,1756603164,866,0,0
1756586130_M..N35R,123550_M..N35R,M,0,1756586130,1M 2035+ MET/MYR,1756601501,1756601512,610,0,0
1756586160_F..N,123600_F..N,F,0,1756586160,1F 2036 STL/179,1756605686,1756605691,1163,0,0
1756586190_D..N07X011,123650_D..N07X011,D,0,1756586190,1D 2036+ STL/BPK,1756605972,1756605976,1197,0,0
1756586400_D..S07X031,124000_D..S07X031,D,1,1756586400,1D 2040 BPK/STL,1756606742,1756606752,1272,0,0
1756586460_FS.N01R,124100_FS.N01R,FS,0,1756586460,1FS 2041 PPK/FKN,1756603164,1756603168,787,0,0
1756586490_FS.S01R,124150_FS.S01R,FS,1,1756586490,1FS 2041+ FKN/PPK,1756603153,1756603164,782,0,0
1756586499_F..S69R,124166_F..S69R,F,1,1756586499,1F 2041+ 179/STL,1756607177,1756607188,1078,1,0
1756586520_M..S35R,124200_M..S35R,M,1,1756586520,1M 2042 MYR/MET,1756601617,1756601621,573,0,0
1756586850_M..N35R,124750_M..N35R,M,0,1756586850,1M 2047+ MET/MYR,1756602162,1756602173,602,0,0
1756586880_F..N,124800_F..N,F,0,1756586880,1F 2048 STL/179,1756606892,1756606903,1228,0,0
1756586910_D..N07X011,124850_D..N07X011,D,0,1756586910,1D 2048+ STL/BPK,1756606812,1756606817,1213,0,0
1756587090_FS.S01R,125150_FS.S01R,FS,1,1756587090,1FS 2051+ FKN/PPK,1756603164,1756603168,703,0,0
1756587120_D..S07X031,125200_D..S07X031,D,1,1756587120,1D 2052 BPK/STL,1756608258,1756608269,1378,0,0
1756587240_M..S35R,125400_M..S35R,M,1,1756587240,1M 2054 MYR/MET,1756602372,1756602383,578,0,0
1756587480_F..S69R,125800_F..S69R,F,1,1756587480,1F 2058 179/STL,1756607492,1756607503,1093,0,0
1756587570_M..N35R,125950_M..N35R,M,0,1756587570,1M 2059+ MET/MYR,1756602793,1756602803,591,0,0
1756587600_F..N,126000_F..N,F,0,1756587600,1F 2100 STL/179,1756607838,1756607848,1259,0,0
1756587630_D..N07X011,126050_D..N07X011,D,0,1756587630,1D 2100+ STL/BPK,1756607658,1756607668,1231,0,0
1756587840_D..S07X031,126400_D..S07X031,D,1,1756587840,1D 2104 BPK/STL,1756608514,1756608524,1317,1,0
1756587960_M..S35R,126600_M..S35R,M,1,1756587960,1M 2106 MYR/MET,1756603059,1756603063,573,0,0
1756588290_M..N35R,127150_M..N35R,M,0,1756588290,1M 2111+ MET/MYR,1756603659,1756603664,609,0,0
1756588320_F..N,127200_F..N,F,0,1756588320,1F 2112 STL/179,1756609009,1756609020,1318,0,0
1756588350_D..N07X011,127250_D..N07X011,D,0,1756588350,1D 2112+ STL/BPK,1756608273,1756608284,1216,0,0
1756588440_F..S69R,127400_F..S69R,F,1,1756588440,1F 2114 179/STL,1756608318,1756608329,1210,0,0
1756588500_FS.N01R,127500_FS.N01R,FS,0,1756588500,1FS 2115 PPK/FKN,1756604670,1756604680,716,0,0
1756588560_D..S07X031,127600_D..S07X031,D,1,1756588560,1D 2116 BPK/STL,1756608994,1756609005,1284,0,0
1756588680_M..S35R,127800_M..S35R,M,1,1756588680,1M 2118 MYR/MET,1756603779,1756603784,573,0,0
1756589010_M..N35R,128350_M..N35R,M,0,1756589010,1M 2123+ MET/MYR,1756604159,1756604170,580,0,0
1756589040_F..N,128400_F..N,F,0,1756589040,1F 2124 STL/179,1756609275,1756609279,1257,0,0
1756589070_D..N07X011,128450_D..N07X011,D,0,1756589070,1D 2124+ STL/BPK,1756609009,1756609020,1218,0,0
1756589130_FS.S01R,128550_FS.S01R,FS,1,1756589130,1FS 2125+ FKN/PPK,1756604670,1756604680,632,0,0
1756589160_F..S69R,128600_F..S69R,F,1,1756589160,1F 2126 179/STL,1756609460,1756609470,1266,0,0
1756589220_FS.N01R,128700_FS.N01R,FS,0,1756589220,1FS 2127 PPK/FKN,1756604670,1756604680,620,0,0
1756589280_D..S07X031,128800_D..S07X031,D,1,1756589280,1D 2128 BPK/STL,1756609745,1756609755,1288,0,0
1756589370_M..S35R,128950_M..S35R,M,1,1756589370,1M 2129+ MYR/MET,1756604489,1756604500,576,0,0
1756589730_M..N35R,129550_M..N35R,M,0,1756589730,1M 2135+ MET/MYR,1756605030,1756605041,600,0,0
1756589760_F..N,129600_F..N,F,0,1756589760,1F 2136 STL/179,1756610571,1756610581,1334,0,0
1756589790_D..N07X011,129650_D..N07X011,D,0,1756589790,1D 2136+ STL/BPK,1756609715,1756609725,1216,0,0
1756589850_FS.S01R,129750_FS.S01R,FS,1,1756589850,1FS 2137+ FKN/PPK,1756604730,1756604740,544,0,0
1756589880_F..S69R,129800_F..S69R,F,1,1756589880,1F 2138 179/STL,1756609670,1756609680,1198,0,0
1756590000_D..S07X031,130000_D..S07X031,D,1,1756590000,1D 2140 BPK/STL,1756610631,1756610642,1310,0,0
1756590120_M..S35R,130200_M..S35R,M,1,1756590120,1M 2142 MYR/MET,1756605270,1756605281,580,0,0
1756590360_D..S,130600_D..S,D,1,1756590360,ED 2146 161/BPY,1756610811,1756610822,835,0,0
1756590480_F..N,130800_F..N,F,0,1756590480,1F 2148 STL/179,1756610886,1756610897,1280,0,0
1756590510_D..N07X011,130850_D..N07X011,D,0,1756590510,1D 2148+ STL/BPK,1756610461,1756610466,1219,0,0
1756590600_F..S69R,131000_F..S69R,F,1,1756590600,1F 2150 179/STL,1756610581,1756610586,1223,0,0
1756590600_M..N35R,131000_M..N35R,M,0,1756590600,1M 2150 MET/MYR,1756605811,1756605821,588,0,0
1756590720_D..S07X031,131200_D..S07X031,D,1,1756590720,1D 2152 BPK/STL,1756611697,1756611707,1356,1,0
1756590840_M..S35R,131400_M..S35R,M,1,1756590840,1M 2154 MYR/MET,1756605866,1756605871,563,0,0
1756591200_F..S69R,132000_F..S69R,F,1,1756591200,1F 2200 179/STL,1756611828,1756611832,1309,0,0
1756591230_D..N07X011,132050_D..N07X011,D,0,1756591230,1D 2200+ STL/BPK,1756611096,1756611107,1208,0,0
1756591260_F..N,132100_F..N,F,0,1756591260,1F 2201 STL/179,1756612117,1756612128,1340,0,0
1756591290_FS.S01R,132150_FS.S01R,FS,1,1756591290,1FS 2201+ FKN/PPK,1756606227,1756606231,551,0,0
1756591440_D..S07X031,132400_D..S07X031,D,1,1756591440,1D 2204 BPK/STL,1756611937,1756611948,1292,1,0
1756591470_FS.N01R,132450_FS.N01R,FS,0,1756591470,1FS 2204+ PPK/FKN,1756606366,1756606377,546,0,0
1756591500_M..N35R,132500_M..N35R,M,0,1756591500,1M 2205 MET/MYR,1756606667,1756606677,582,0,0
1756591680_M..S35R,132800_M..S35R,M,1,1756591680,1M 2208 MYR/MET,1756607252,1756607263,636,0,0
1756591920_F..S69R,133200_F..S69R,F,1,1756591920,1F 2212 179/STL,1756612403,1756612413,1290,0,0
1756592010_D..N07X011,133350_D..N07X011,D,0,1756592010,1D 2213+ STL/BPK,1756612913,1756612924,1346,0,0
1756592040_F..N,133400_F..N,F,0,1756592040,1F 2214 STL/179,1756613029,1756613033,1357,0,0
1756592100_FS.S01R,133500_FS.S01R,FS,1,1756592100,1FS 2215 FKN/PPK,1756606933,1756606937,537,0,0
1756592160_D..S07X031,133600_D..S07X031,D,1,1756592160,1D 2216 BPK/STL,1756612868,1756612879,1320,0,0
1756592370_FS.N01R,133950_FS.N01R,FS,0,1756592370,1FS 2219+ PPK/FKN,1756607173,1756607177,533,0,0
1756592400_M..N35R,134000_M..N35R,M,0,1756592400,1M 2220 MET/MYR,1756607523,1756607533,576,0,0
1756592580_M..S35R,134300_M..S35R,M,1,1756592580,1M 2223 MYR/MET,1756607958,1756607969,610,0,0
1756592640_F..S69R,134400_F..S69R,F,1,1756592640,1F 2224 179/STL,1756612563,1756612568,1181,0,0
1756592760_D..N07X011,134600_D..N07X011,D,0,1756592760,1D 2226 STL/BPK,1756613329,1756613334,1300,0,0
1756592760_F..N,134600_F..N,F,0,1756592760,1F 2226 STL/179,1756613329,1756613334,1300,0,0
1756592880_D..S07X031,134800_D..S07X031,D,1,1756592880,1D 2228 BPK/STL,1756613033,1756613044,1246,0,0
1756593000_FS.S01R,135000_FS.S01R,FS,1,1756593000,1FS 2230 FKN/PPK,1756607853,1756607863,540,0,0
1756593120_D..S,135200_D..S,D,1,1756593120,ED 2232 161/BPY,1756611817,1756611828,608,0,0
1756593240_F..S07R,135400_F..S07R,F,1,1756593240,1F 2234 179/STL,1756614114,1756614125,1341,0,0
1756593270_FS.N01R,135450_FS.N01R,FS,0,1756593270,1FS 2234+ PPK/FKN,1756608078,1756608089,534,0,0
1756593300_M..N35R,135500_M..N35R,M,0,1756593300,1M 2235 MET/MYR,1756608499,1756608509,586,0,0
1756593420_D..N05X012,135700_D..N05X012,D,0,1756593420,1D 2237 STL/BPK,1756613664,1756613674,1257,0,0
1756593480_M..S35R,135800_M..S35R,M,1,1756593480,1M 2238 MYR/MET,1756608574,1756608584,572,0,0
1756593720_D..S07X031,136200_D..S07X031,D,1,1756593720,1D 2242 BPK/STL,1756614535,1756614545,1333,1,0
1756593729_F..N,136216_F..N,F,0,1756593729,1F 2242 STL/179,1756614745,1756614756,1361,0,0
1756593900_FS.S01R,136500_FS.S01R,FS,1,1756593900,1FS 2245 FKN/PPK,1756608829,1756608840,550,0,0
1756593960_F..S07R,136600_F..S07R,F,1,1756593960,1F 2246 179/STL,1756614996,1756615000,1362,0,0
1756594170_FS.N01R,136950_FS.N01R,FS,0,1756594170,1FS 2249+ PPK/FKN,1756609155,1756609159,557,0,0
1756594200_M..N35R,137000_M..N35R,M,0,1756594200,1M 2250 MET/MYR,1756609380,1756609384,583,0,0
1756594260_D..N05X012,137100_D..N05X012,D,0,1756594260,1D 2251 STL/BPK,1756614144,1756614155,1210,0,0
1756594380_D..S,137300_D..S,D,1,1756594380,ED 2253 161/BPY,1756614550,1756614560,779,0,0
1756594380_M..S35R,137300_M..S35R,M,1,1756594380,1M 2253 MYR/MET,1756609500,1756609505,576,0,0
1756594440_D..S07X031,137400_D..S07X031,D,1,1756594440,1D 2254 BPK/STL,1756614771,1756614775,1269,0,0
1756594680_F..S07R,137800_F..S07R,F,1,1756594680,1F 2258 179/STL,1756615296,1756615301,1307,0,0
1756594699_F..N,137833_F..N,F,0,1756594699,1F 2258 STL/179,1756615176,1756615180,1288,0,0
1756594800_FS.S01R,138000_FS.S01R,FS,1,1756594800,1FS 2300 FKN/PPK,1756609805,1756609816,561,0,0
1756594920_D..N05X012,138200_D..N05X012,D,0,1756594920,1D 2302 STL/BPK,1756615706,1756615716,1330,0,0
1756595100_M..N35R,138500_M..N35R,M,0,1756595100,1M 2305 MET/MYR,1756610240,1756610251,579,0,0
1756595160_D..S07X031,138600_D..S07X031,D,1,1756595160,1D 2306 BPK/STL,1756615030,1756615041,1208,0,0
1756595370_FS.N01R,138950_FS.N01R,FS,0,1756595370,1FS 2309+ PPK/FKN,1756610466,1756610476,573,0,0
1756595400_F..S07R,139000_F..S07R,F,1,1756595400,1F 2310 179/STL,1756615916,1756615927,1294,0,0
1756595400_M..S35R,139000_M..S35R,M,1,1756595400,1M 2310 MYR/MET,1756610421,1756610431,563,0,0
1756595670_F..N,139450_F..N,F,0,1756595670,1F 2314+ STL/179,1756616307,1756616317,1310,0,0
1756595790_D..N05X012,139650_D..N05X012,D,0,1756595790,1D 2316+ STL/BPK,1756616017,1756616021,1255,0,0
1756595880_D..S07X031,139800_D..S07X031,D,1,1756595880,1D 2318 BPK/STL,1756616577,1756616587,1318,0,0
1756595910_M..N35R,139850_M..N35R,M,0,1756595910,1M 2318+ MET/MYR,1756611006,1756611017,573,0,0
1756596000_FS.S01R,140000_FS.S01R,FS,1,1756596000,1FS 2320 FKN/PPK,1756611066,1756611077,569,0,0
1756596180_F..S07R,140300_F..S07R,F,1,1756596180,1F 2323 179/STL,1756617298,1756617308,1374,0,0
1756596390_F..N,140650_F..N,F,0,1756596390,1F 2326+ STL/179,1756617358,1756617368,1354,0,0
1756596510_D..S05X057,140850_D..S05X057,D,1,1756596510,1D 2328+ BPK/STL,1756616742,1756616753,1256,0,0
1756596510_M..S35R,140850_M..S35R,M,1,1756596510,1M 2328+ MYR/MET,1756611483,1756611487,556,0,0
1756596570_FS.N01R,140950_FS.N01R,FS,0,1756596570,1FS 2329+ PPK/FKN,1756611967,1756611978,613,0,0
1756596660_D..N05X012,141100_D..N05X012,D,0,1756596660,1D 2331 STL/BPK,1756617613,1756617623,1352,0,0
1756596810_M..N35R,141350_M..N35R,M,0,1756596810,1M 2333+ MET/MYR,1756612008,1756612012,586,0,0
1756596960_F..S07R,141600_F..S07R,F,1,1756596960,1F 2336 179/STL,1756619726,1756619730,1593,0,0
1756597110_F..N,141850_F..N,F,0,1756597110,1F 2338+ STL/179,1756618119,1756618123,1359,0,0
1756597200_FS.S01R,142000_FS.S01R,FS,1,1756597200,1FS 2340 FKN/PPK,1756611982,1756611993,531,0,0
1756597290_D..S05X057,142150_D..S05X057,D,1,1756597290,1D 2341+ BPK/STL,1756617943,1756617954,1312,0,0
1756597470_D..N05X012,142450_D..N05X012,D,0,1756597470,1D 2344+ STL/BPK,1756618033,1756618044,1300,0,0
1756597470_M..S35R,142450_M..S35R,M,1,1756597470,1M 2344+ MYR/MET,1756612523,1756612533,567,0,0
1756597710_M..N35R,142850_M..N35R,M,0,1756597710,1M 2348+ MET/MYR,1756612853,1756612864,579,0,0
1756597740_F..S07R,142900_F..S07R,F,1,1756597740,1F 2349 179/STL,1756619726,1756619730,1489,0,0
1756597770_D..S05X057,142950_D..S05X057,D,1,1756597770,1D 2349+ BPK/STL,1756618138,1756618149,1274,0,0
1756597770_FS.N01R,142950_FS.N01R,FS,0,1756597770,1FS 2349+ PPK/FKN,1756612789,1756612793,562,0,0
1756597950_F..N,143250_F..N,F,0,1756597950,1F 2352+ STL/179,1756618814,1756618825,1340,0,0
1756598250_D..N05X012,143750_D..N05X012,D,0,1756598250,1D 2357+ STL/BPK,1756619005,1756619009,1326,0,0
1756598370_M..S35R,143950_M..S35R,M,1,1756598370,1M 2359+ MYR/MET,1756613379,1756613389,560,0,0
1756598400_FS.S01R,000000_FS.S01R,FS,1,1756598400,1FS 0000 FKN/PPK,1756613304,1756613314,546,0,0
1756598580_D..S05X057,000300_D..S05X057,D,1,1756598580,1D 0003 BPK/STL,1756619700,1756619710,1375,0,0
1756598580_F..S07R,000300_F..S07R,F,1,1756598580,1F 0003 179/STL,1756619730,1756619741,1379,0,0
1756598700_M..N35R,000500_M..N35R,M,0,1756598700,1M 0005 MET/MYR,1756613810,1756613814,574,0,0
1756598850_F..N,000750_F..N,F,0,1756598850,1F 0007+ STL/179,1756619895,1756619906,1365,0,0
1756598910_D..N05X012,000850_D..N05X012,D,0,1756598910,1D 0008+ STL/BPK,1756624115,1756624125,1919,0,0
1756598970_FS.N01R,000950_FS.N01R,FS,0,1756598970,1FS 0009+ PPK/FKN,1756613964,1756613975,559,0,0
1756599270_M..S35R,001450_M..S35R,M,1,1756599270,1M 0014+ MYR/MET,1756614470,1756614475,586,0,0
1756599600_FS.S01R,002000_FS.S01R,FS,1,1756599600,1FS 0020 FKN/PPK,1756614395,1756614400,532,0,0
1756599690_D..N05X012,002150_D..N05X012,D,0,1756599690,1D 0021+ STL/BPK,1756620627,1756620631,1350,1,0
1756599690_F..N,002150_F..N,F,0,1756599690,1F 0021+ STL/179,1756619906,1756619910,1254,0,0
1756599780_D..S05X057,002300_D..S05X057,D,1,1756599780,1D 0023 BPK/STL,1756620687,1756620691,1346,0,0
1756599780_F..S07R,002300_F..S07R,F,1,1756599780,1F 0023 179/STL,1756621262,1756621272,1423,0,0
1756599780_M..N35R,002300_M..N35R,M,0,1756599780,1M 0023 MET/MYR,1756615011,1756615015,590,0,0
1756600170_FS.N01R,002950_FS.N01R,FS,0,1756600170,1FS 0029+ PPK/FKN,1756615376,1756615386,585,0,0
1756600170_M..S35R,002950_M..S35R,M,1,1756600170,1M 0029+ MYR/MET,1756615586,1756615597,615,0,0
1756600650_D..N05X012,003750_D..N05X012,D,0,1756600650,1D 0037+ STL/BPK,1756622894,1756622898,1524,0,0
1756600800_FS.S01R,004000_FS.S01R,FS,1,1756600800,1FS 0040 FKN/PPK,1756615706,1756615716,547,0,0
1756600890_F..N,004150_F..N,F,0,1756600890,1F 0041+ STL/179,1756621577,1756621588,1317,0,0
1756600980_D..S05X057,004300_D..S05X057,D,1,1756600980,1D 0043 BPK/STL,1756622043,1756622053,1367,0,0
1756600980_F..S07R,004300_F..S07R,F,1,1756600980,1F 0043 179/STL,1756623720,1756623724,1590,0,0
1756600980_M..N35R,004300_M..N35R,M,0,1756600980,1M 0043 MET/MYR,1756616006,1756616017,563,0,0
1756601100_M..S35R,004500_M..S35R,M,1,1756601100,1M 0045 MYR/MET,1756616437,1756616442,604,0,0
1756601370_FS.N01R,004950_FS.N01R,FS,0,1756601370,1FS 0049+ PPK/FKN,1756616257,1756616262,544,0,0
1756601850_D..N05X012,005750_D..N05X012,D,0,1756601850,1D 0057+ STL/BPK,1756622223,1756622233,1275,0,0
1756602000_FS.S01R,006000_FS.S01R,FS,1,1756602000,1FS 0100 FKN/PPK,1756617072,1756617083,569,0,0
1756602090_F..N,006150_F..N,F,0,1756602090,1F 0101+ STL/179,1756622538,1756622549,1285,0,0
1756602120_M..S35R,006200_M..S35R,M,1,1756602120,1M 0102 MYR/MET,1756617178,1756617188,567,0,0
1756602180_D..S05X057,006300_D..S05X057,D,1,1756602180,1D 0103 BPK/STL,1756622958,1756622969,1329,0,0
1756602180_M..N35R,006300_M..N35R,M,0,1756602180,1M 0103 MET/MYR,1756617253,1756617263,569,0,0
1756602570_FS.N01R,006950_FS.N01R,FS,0,1756602570,1FS 0109+ PPK/FKN,1756617403,1756617413,538,0,0
1756602780_F..S07R,007300_F..S07R,F,1,1756602780,1F 0113 179/STL,1756623675,1756623679,1331,0,0
1756603050_D..N05X012,007750_D..N05X012,D,0,1756603050,1D 0117+ STL/BPK,1756623739,1756623750,1318,0,0
1756603200_FS.S01R,008000_FS.S01R,FS,1,1756603200,1FS 0120 FKN/PPK,1756618003,1756618014,534,0,0
1756603290_F..N,008150_F..N,F,0,1756603290,1F 0121+ STL/179,1756624020,1756624025,1323,0,0
1756603320_M..S35R,008200_M..S35R,M,1,1756603320,1M 0122 MYR/MET,1756618379,1756618389,568,0,0
1756603380_D..S05X057,008300_D..S05X057,D,1,1756603380,1D 0123 BPK/STL,1756624040,1756624050,1314,0,0
1756603380_M..N35R,008300_M..N35R,M,0,1756603380,1M 0123 MET/MYR,1756618679,1756618690,600,0,0
1756603770_FS.N01R,008950_FS.N01R,FS,0,1756603770,1FS 0129+ PPK/FKN,1756618825,1756618829,567,0,0
1756604400_FS.S01R,010000_FS.S01R,FS,1,1756604400,1FS 0140 FKN/PPK,1756619385,1756619395,558,0,0
1756604490_F..N,010150_F..N,F,0,1756604490,1F 0141+ STL/179,1756625762,1756625766,1395,0,0
1756604520_M..S35R,010200_M..S35R,M,1,1756604520,1M 0142 MYR/MET,1756619820,1756619831,600,0,0
1756604580_D..S05X057,010300_D..S05X057,D,1,1756604580,1D 0143 BPK/STL,1756624805,1756624816,1256,0,0
1756604580_F..S07R,010300_F..S07R,F,1,1756604580,1F 0143 179/STL,1756625762,1756625766,1383,0,0
1756604580_M..N35R,010300_M..N35R,M,0,1756604580,1M 0143 MET/MYR,1756619835,1756619846,594,0,0
1756604850_D..N05X012,010750_D..N05X012,D,0,1756604850,1D 0147+ STL/BPK,1756620031,1756620041,90,1,1
1756604970_FS.N01R,010950_FS.N01R,FS,0,1756604970,1FS 0149+ PPK/FKN,1756619906,1756619910,551,0,0
1756605450_D..N05X012,011750_D..N05X012,D,0,1756605450,1D 0157+ STL/BPK,1756626487,1756626498,1274,0,0
1756605600_FS.S01R,012000_FS.S01R,FS,1,1756605600,1FS 0200 FKN/PPK,1756620691,1756620702,572,0,0
1756605690_F..N,012150_F..N,F,0,1756605690,1F 0201+ STL/179,1756626888,1756626893,1385,0,0
1756605720_M..S35R,012200_M..S35R,M,1,1756605720,1M 0202 MYR/MET,1756621092,1756621097,609,0,0
1756605780_D..S05X057,012300_D..S05X057,D,1,1756605780,1D 0203 BPK/STL,1756627313,1756627324,1438,0,0
1756605780_F..S07R,012300_F..S07R,F,1,1756605780,1F 0203 179/STL,1756626888,1756626893,1373,0,0
1756605780_M..N35R,012300_M..N35R,M,0,1756605780,1M 0203 MET/MYR,1756620886,1756620897,574,0,0
1756606050_D..N,012750_D..N,D,0,1756606050,ED 0207+ STL/BPK,1756627128,1756627133,930,0,0
1756606170_FS.N01R,012950_FS.N01R,FS,0,1756606170,1FS 0209+ PPK/FKN,1756621247,1756621257,570,0,0
1756606650_D..N05X012,013750_D..N05X012,D,0,1756606650,1D 0217+ STL/BPK,1756627553,1756627564,1379,0,0
1756606800_FS.S01R,014000_FS.S01R,FS,1,1756606800,1FS 0220 FKN/PPK,1756621633,1756621637,537,0,0
1756606890_F..N,014150_F..N,F,0,1756606890,1F 0221+ STL/179,1756627248,1756627253,1276,0,0
1756606920_M..S35R,014200_M..S35R,M,1,1756606920,1M 0222 MYR/MET,1756622388,1756622398,622,0,0
1756606980_D..S05X057,014300_D..S05X057,D,1,1756606980,1D 0223 BPK/STL,1756627308,1756627313,1276,0,0
1756606980_F..S07R,014300_F..S07R,F,1,1756606980,1F 0223 179/STL,1756628209,1756628214,1484,0,0
1756606980_M..N35R,014300_M..N35R,M,0,1756606980,1M 0223 MET/MYR,1756622178,1756622188,586,0,0
1756607370_FS.N01R,014950_FS.N01R,FS,0,1756607370,1FS 0229+ PPK/FKN,1756622238,1756622248,542,0,0
1756607850_D..N05X012,015750_D..N05X012,D,0,1756607850,1D 0237+ STL/BPK,1756628269,1756628274,1384,0,0
1756608000_FS.S01R,016000_FS.S01R,FS,1,1756608000,1FS 0240 FKN/PPK,1756622914,1756622924,548,0,0
1756608090_F..N,016150_F..N,F,0,1756608090,1F 0241+ STL/179,1756628619,1756628630,1446,0,0
1756608120_M..S35R,016200_M..S35R,M,1,1756608120,1M 0242 MYR/MET,1756623439,1756623449,602,0,0
1756608180_D..S05X057,016300_D..S05X057,D,1,1756608180,1D 0243 BPK/STL,1756628495,1756628499,1400,0,0
1756608180_F..S07R,016300_F..S07R,F,1,1756608180,1F 0243 179/STL,1756628930,1756628935,1515,0,0
1756608180_M..N35R,016300_M..N35R,M,0,1756608180,1M 0243 MET/MYR,1756623199,1756623209,562,0,0
1756608570_FS.N01R,016950_FS.N01R,FS,0,1756608570,1FS 0249+ PPK/FKN,1756623479,1756623484,547,0,0
1756609050_D..N05X012,017750_D..N05X012,D,0,1756609050,1D 0257+ STL/BPK,1756628815,1756628825,1370,0,0
1756609200_FS.S01R,018000_FS.S01R,FS,1,1756609200,1FS 0300 FKN/PPK,1756624080,1756624085,544,0,0
1756609290_F..N,018150_F..N,F,0,1756609290,1F 0301+ STL/179,1756629625,1756629636,1554,0,0
1756609320_M..S35R,018200_M..S35R,M,1,1756609320,1M 0302 MYR/MET,1756624430,1756624440,575,0,0
1756609380_D..S05X057,018300_D..S05X057,D,1,1756609380,1D 0303 BPK/STL,1756630196,1756630206,1694,0,0
1756609380_F..S07R,018300_F..S07R,F,1,1756609380,1F 0303 179/STL,1756629876,1756629881,1608,0,0
1756609380_M..N35R,018300_M..N35R,M,0,1756609380,1M 0303 MET/MYR,1756624460,1756624471,571,0,0
1756609770_FS.N01R,018950_FS.N01R,FS,0,1756609770,1FS 0309+ PPK/FKN,1756624801,1756624805,564,0,0
1756610250_D..N05X012,019750_D..N05X012,D,0,1756610250,1D 0317+ STL/BPK,1756630056,1756630061,1540,0,0
1756610400_FS.S01R,020000_FS.S01R,FS,1,1756610400,1FS 0320 FKN/PPK,1756625256,1756625266,541,0,0
1756610520_M..S35R,020200_M..S35R,M,1,1756610520,1M 0322 MYR/MET,1756625762,1756625766,592,0,0
1756610580_D..S05X057,020300_D..S05X057,D,1,1756610580,1D 0323 BPK/STL,1756627343,1756627353,805,0,0
1756610580_F..S07R,020300_F..S07R,F,1,1756610580,1F 0323 179/STL,1756630797,,1694,0,0
1756610580_M..N35R,020300_M..N35R,M,0,1756610580,1M 0323 MET/MYR,1756625752,1756625762,583,0,0
1756610970_FS.N01R,020950_FS.N01R,FS,0,1756610970,1FS 0329+ PPK/FKN,1756627043,1756627053,703,0,0
1756611090_F..N,021150_F..N,F,0,1756611090,1F 0331+ STL/179,1756630527,1756630537,1554,0,0
1756611180_D..S05X057,021300_D..S05X057,D,1,1756611180,1D 0333 BPK/STL,1756630797,,881,0,0
1756611450_D..N05X012,021750_D..N05X012,D,0,1756611450,1D 0337+ STL/BPK,1756630797,,1578,0,0
1756611600_FS.S01R,022000_FS.S01R,FS,1,1756611600,1FS 0340 FKN/PPK,1756626588,1756626592,558,0,0
1756611720_M..S35R,022200_M..S35R,M,1,1756611720,1M 0342 MYR/MET,1756627058,1756627068,605,0,0
1756611780_F..S07R,022300_F..S07R,F,1,1756611780,1F 0343 179/STL,1756630797,,1534,0,0
1756611780_M..N35R,022300_M..N35R,M,0,1756611780,1M 0343 MET/MYR,1756627103,1756627113,603,0,0
1756612170_FS.N01R,022950_FS.N01R,FS,0,1756612170,1FS 0349+ PPK/FKN,1756627084,1756627088,548,0,0
1756612650_D..N05X012,023750_D..N05X012,D,0,1756612650,1D 0357+ STL/BPK,1756630797,,1418,0,0
1756612800_FS.S01R,024000_FS.S01R,FS,1,1756612800,1FS 0400 FKN/PPK,1756627849,1756627854,631,0,0
1756526520_G..N15X016,024200_G..N15X016,G,0,1756526520,1G 0402 BDN/CRS,1756541730,1756541743,403,0,0
1756526970_G..S13X015,024950_G..S13X015,G,1,1756526970,1G 0409+ BDN/HYS,1756543216,1756543231,502,0,0
1756527240_G..S15X004,025400_G..S15X004,G,1,1756527240,1G 0414 CRS/BDN,1756542616,1756542631,444,0,0
1756527480_G..N13X015,025800_G..N13X015,G,0,1756527480,1G 0418 HYS/BDN,1756542420,1756542435,415,0,0
1756527720_G..N15X016,026200_G..N15X016,G,0,1756527720,1G 0422 BDN/CRS,1756542781,1756542796,423,0,0
1756528170_G..S13X015,026950_G..S13X015,G,1,1756528170,1G 0429+ BDN/HYS,1756543231,1756543246,423,0,0
1756528440_G..S15X004,027400_G..S15X004,G,1,1756528440,1G 0434 CRS/BDN,1756543742,1756543757,439,0,0
1756528680_G..N13X015,027800_G..N13X015,G,0,1756528680,1G 0438 HYS/BDN,1756543547,1756543562,410,0,0
1756528920_G..N15X016,028200_G..N15X016,G,0,1756528920,1G 0442 BDN/CRS,1756544192,1756544207,437,0,0
1756529370_G..S13X015,028950_G..S13X015,G,1,1756529370,1G 0449+ BDN/HYS,1756544372,1756544387,419,0,0
1756529640_G..S15X004,029400_G..S15X004,G,1,1756529640,1G 0454 CRS/BDN,1756544868,1756544883,420,0,0
1756529880_G..N13X015,029800_G..N13X015,G,0,1756529880,1G 0458 HYS/BDN,1756544748,1756544763,380,0,0
1756530120_G..N15X016,030200_G..N15X016,G,0,1756530120,1G 0502 BDN/CRS,1756545378,1756545392,409,0,0
1756530570_G..S13X015,030950_G..S13X015,G,1,1756530570,1G 0509+ BDN/HYS,1756547571,1756547586,605,0,0
1756530840_G..S15X004,031400_G..S15X004,G,1,1756530840,1G 0514 CRS/BDN,1756546174,1756546188,420,0,0
1756531080_G..N13X015,031800_G..N13X015,G,0,1756531080,1G 0518 HYS/BDN,1756545949,1756545963,358,0,0
1756531320_G..N15X016,032200_G..N15X016,G,0,1756531320,1G 0522 BDN/CRS,1756546730,1756546744,430,0,0
1756531770_G..S13X015,032950_G..S13X015,G,1,1756531770,1G 0529+ BDN/HYS,1756547571,1756547586,464,0,0
1756532040_G..S15X004,033400_G..S15X004,G,1,1756532040,1G 0534 CRS/BDN,1756547315,1756547331,429,0,0
1756532280_G..N13X015,033800_G..N13X015,G,0,1756532280,1G 0538 HYS/BDN,1756547000,1756547014,390,0,0
1756532520_G..N15X016,034200_G..N15X016,G,0,1756532520,1G 0542 BDN/CRS,1756547871,1756547886,434,0,0
1756532970_G..S13X015,034950_G..S13X015,G,1,1756532970,1G 0549+ BDN/HYS,1756548337,1756548352,435,0,0
1756533240_G..S15X004,035400_G..S15X004,G,1,1756533240,1G 0554 CRS/BDN,1756548607,1756548622,435,0,0
1756533480_G..N13X015,035800_G..N13X015,G,0,1756533480,1G 0558 HYS/BDN,1756548307,1756548322,399,0,0
1756533720_G..N15X016,036200_G..N15X016,G,0,1756533720,1G 0602 BDN/CRS,1756549117,1756549132,437,0,0
1756534140_G..S15X004,036900_G..S15X004,G,1,1756534140,1G 0609 CRS/BDN,1756549463,1756549478,432,0,0
1756534170_G..S13X015,036950_G..S13X015,G,1,1756534170,1G 0609+ BDN/HYS,1756549733,1756549748,448,0,0
1756534680_G..N13X015,037800_G..N13X015,G,0,1756534680,1G 0618 HYS/BDN,1756549448,1756549463,369,0,0
1756534920_G..N15X016,038200_G..N15X016,G,0,1756534920,1G 0622 BDN/CRS,1756550063,1756550077,387,0,0
1756534950_G..S15X004,038250_G..S15X004,G,1,1756534950,1G 0622+ CRS/BDN,1756550379,1756550392,425,0,0
1756535370_G..S13X015,038950_G..S13X015,G,1,1756535370,1G 0629+ BDN/HYS,1756550739,1756550753,417,0,0
1756535520_G..N15X016,039200_G..N15X016,G,0,1756535520,1G 0632 BDN/CRS,1756550874,1756550888,415,0,0
1756535880_G..N13X015,039800_G..N13X015,G,0,1756535880,1G 0638 HYS/BDN,1756551310,1756551323,425,0,0
1756535940_G..S15X004,039900_G..S15X004,G,1,1756535940,1G 0639 CRS/BDN,1756551310,1756551323,417,0,0
1756536240_G..N15X016,040400_G..N15X016,G,0,1756536240,1G 0644 BDN/CRS,1756551639,1756551640,420,0,0
1756536570_G..S13X015,040950_G..S13X015,G,1,1756536570,1G 0649+ BDN/HYS,1756551595,1756551609,393,0,0
1756536870_G..S15X004,041450_G..S15X004,G,1,1756536870,1G 0654+ CRS/BDN,1756552301,1756552316,435,0,0
1756537080_G..N13X015,041800_G..N13X015,G,0,1756537080,1G 0658 HYS/BDN,1756552286,1756552301,420,0,0
1756537440_G..N15X016,042400_G..N15X016,G,0,1756537440,1G 0704 BDN/CRS,1756552751,1756552766,427,0,0
1756537590_G..S15X004,042650_G..S15X004,G,1,1756537590,1G 0706+ CRS/BDN,1756553127,1756553142,442,0,0
1756537770_G..S13X015,042950_G..S13X015,G,1,1756537770,1G 0709+ BDN/HYS,1756554042,1756554057,491,0,0
1756538190_G..S15X004,043650_G..S15X004,G,1,1756538190,1G 0716+ CRS/BDN,1756553592,1756553607,433,0,0
1756538280_G..N13X015,043800_G..N13X015,G,0,1756538280,1G 0718 HYS/BDN,1756553172,1756553187,399,0,0
1756538280_G..N15X016,043800_G..N15X016,G,0,1756538280,1G 0718 BDN/CRS,1756553547,1756553562,424,0,0
1756538790_G..S15X004,044650_G..S15X004,G,1,1756538790,1G 0726+ CRS/BDN,1756554193,1756554208,433,0,0
1756538970_G..S13X015,044950_G..S13X015,G,1,1756538970,1G 0729+ BDN/HYS,1756554027,1756554042,410,0,0
1756539060_G..N15X016,045100_G..N15X016,G,0,1756539060,1G 0731 BDN/CRS,1756554238,1756554253,418,0,0
1756539390_G..S15X004,045650_G..S15X004,G,1,1756539390,1G 0736+ CRS/BDN,1756555094,1756555107,458,0,0
1756539480_G..N13X015,045800_G..N13X015,G,0,1756539480,1G 0738 HYS/BDN,1756554523,1756554538,386,0,0
1756539660_G..N15X016,046100_G..N15X016,G,0,1756539660,1G 0741 BDN/CRS,1756554823,1756554837,386,0,0
1756539990_G..S15X004,046650_G..S15X004,G,1,1756539990,1G 0746+ CRS/BDN,1756555694,1756555708,459,0,0
1756540170_G..S13X015,046950_G..S13X015,G,1,1756540170,1G 0749+ BDN/HYS,1756555018,1756555032,344,0,0
1756540260_G..N15X016,047100_G..N15X016,G,0,1756540260,1G 0751 BDN/CRS,1756555514,1756555528,399,0,0
1756540590_G..S15X004,047650_G..S15X004,G,1,1756540590,1G 0756+ CRS/BDN,1756556475,1756556489,483,0,0
1756540680_G..N13X015,047800_G..N13X015,G,0,1756540680,1G 0758 HYS/BDN,1756555694,1756555708,367,0,0
1756540860_G..N15X016,048100_G..N15X016,G,0,1756540860,1G 0801 BDN/CRS,1756556054,1756556068,391,0,0
1756541190_G..S15X004,048650_G..S15X004,G,1,1756541190,1G 0806+ CRS/BDN,1756556835,1756556850,455,0,0
1756541370_G..S13X015,048950_G..S13X015,G,1,1756541370,1G 0809+ BDN/HYS,1756556325,1756556339,382,0,0
1756541460_G..N15X016,049100_G..N15X016,G,0,1756541460,1G 0811 BDN/CRS,1756556714,1756556715,427,0,0
1756541790_G..S15X004,049650_G..S15X004,G,1,1756541790,1G 0816+ CRS/BDN,1756557286,1756557301,445,0,0
1756541880_G..N13X015,049800_G..N13X015,G,0,1756541880,1G 0818 HYS/BDN,1756556865,1756556880,411,0,0
1756542060_G..N15X016,050100_G..N15X016,G,0,1756542060,1G 0821 BDN/CRS,1756557286,1756557301,427,0,0
1756542390_G..S15X004,050650_G..S15X004,G,1,1756542390,1G 0826+ CRS/BDN,1756558172,1756558187,464,0,0
1756542570_G..S13X015,050950_G..S13X015,G,1,1756542570,1G 0829+ BDN/HYS,1756557496,1756557511,407,0,0
1756542660_G..N15X016,051100_G..N15X016,G,0,1756542660,1G 0831 BDN/CRS,1756557902,1756557916,428,0,0
1756542990_G..S15X004,051650_G..S15X004,G,1,1756542990,1G 0836+ CRS/BDN,1756558502,1756558517,446,0,0
1756543080_G..N13X015,051800_G..N13X015,G,0,1756543080,1G 0838 HYS/BDN,1756558187,1756558202,419,0,0
1756543260_G..N15X016,052100_G..N15X016,G,0,1756543260,1G 0841 BDN/CRS,1756558457,1756558472,425,0,0
1756543590_G..S15X004,052650_G..S15X004,G,1,1756543590,1G 0846+ CRS/BDN,1756558983,1756558998,438,0,0
1756543770_G..S13X015,052950_G..S13X015,G,1,1756543770,1G 0849+ BDN/HYS,1756558983,1756558998,426,0,0
1756543860_G..N15X016,053100_G..N15X016,G,0,1756543860,1G 0851 BDN/CRS,1756559163,1756559178,432,0,0
1756544190_G..S15X004,053650_G..S15X004,G,1,1756544190,1G 0856+ CRS/BDN,1756559703,1756559717,436,0,0
1756544280_G..N13X015,053800_G..N13X015,G,0,1756544280,1G 0858 HYS/BDN,1756559253,1756559268,389,0,0
1756544460_G..N15X016,054100_G..N15X016,G,0,1756544460,1G 0901 BDN/CRS,1756560259,1756560273,473,0,0
1756544790_G..S15X004,054650_G..S15X004,G,1,1756544790,1G 0906+ CRS/BDN,1756560499,1756560513,461,0,0
1756544970_G..S13X015,054950_G..S13X015,G,1,1756544970,1G 0909+ BDN/HYS,1756559703,1756559717,331,0,0
1756545060_G..N15X016,055100_G..N15X016,G,0,1756545060,1G 0911 BDN/CRS,1756560259,1756560273,393,0,0
1756545390_G..S15X004,055650_G..S15X004,G,1,1756545390,1G 0916+ CRS/BDN,1756560980,1756560993,446,0,0
1756545480_G..N13X015,055800_G..N13X015,G,0,1756545480,1G 0918 HYS/BDN,1756560514,1756560528,372,0,0
1756545660_G..N15X016,056100_G..N15X016,G,0,1756545660,1G 0921 BDN/CRS,1756560889,1756560903,398,0,0
1756545990_G..S15X004,056650_G..S15X004,G,1,1756545990,1G 0926+ CRS/BDN,1756562526,1756562541,502,0,0
1756546170_G..S13X015,056950_G..S13X015,G,1,1756546170,1G 0929+ BDN/HYS,1756562215,1756562228,469,0,0
1756546260_G..N15X016,057100_G..N15X016,G,0,1756546260,1G 0931 BDN/CRS,1756561520,1756561535,416,0,0
1756546590_G..S15X004,057650_G..S15X004,G,1,1756546590,1G 0936+ CRS/BDN,1756562556,1756562571,464,0,0
1756546680_G..N13X015,057800_G..N13X015,G,0,1756546680,1G 0938 HYS/BDN,1756562541,1756562556,457,0,0
1756546860_G..N15X016,058100_G..N15X016,G,0,1756546860,1G 0941 BDN/CRS,1756562061,1756562076,412,0,0
1756547190_G..S15X004,058650_G..S15X004,G,1,1756547190,1G 0946+ CRS/BDN,1756562721,1756562736,435,0,0
1756547370_G..S13X015,058950_G..S13X015,G,1,1756547370,1G 0949+ BDN/HYS,1756563487,1756563502,470,0,0
1756547460_G..N15X016,059100_G..N15X016,G,0,1756547460,1G 0951 BDN/CRS,1756562691,1756562706,415,0,0
1756547790_G..S15X004,059650_G..S15X004,G,1,1756547790,1G 0956+ CRS/BDN,1756563457,1756563472,444,0,0
1756548060_G..N15X016,060100_G..N15X016,G,0,1756548060,1G 1001 BDN/CRS,1756563307,1756563322,416,0,0
1756548390_G..S15X004,060650_G..S15X004,G,1,1756548390,1G 1006+ CRS/BDN,1756565214,1756565228,583,0,0
1756548570_G..S13X015,060950_G..S13X015,G,1,1756548570,1G 1009+ BDN/HYS,1756563865,1756563878,430,0,0
1756548660_G..N15X016,061100_G..N15X016,G,0,1756548660,1G 1011 BDN/CRS,1756564013,1756564028,436,0,0
1756548990_G..S15X004,061650_G..S15X004,G,1,1756548990,1G 1016+ CRS/BDN,1756565229,1756565243,535,0,0
1756549080_G..N13X015,061800_G..N13X015,G,0,1756549080,1G 1018 HYS/BDN,1756565229,1756565243,523,0,0
1756549140_G..N15X016,061900_G..N15X016,G,0,1756549140,1G 1019 BDN/CRS,1756564388,1756564403,409,0,0
1756549590_G..S15X004,062650_G..S15X004,G,1,1756549590,1G 1026+ CRS/BDN,1756565244,1756565258,457,0,0
1756549740_G..N15X016,062900_G..N15X016,G,0,1756549740,1G 1029 BDN/CRS,1756565064,1756565078,413,0,0
1756549770_G..S13X015,062950_G..S13X015,G,1,1756549770,1G 1029+ BDN/HYS,1756564673,1756564687,357,0,0
1756550070_G..S15X004,063450_G..S15X004,G,1,1756550070,1G 1034+ CRS/BDN,1756565815,1756565828,469,0,0
1756550280_G..N13X015,063800_G..N13X015,G,0,1756550280,1G 1038 HYS/BDN,1756565800,1756565813,439,0,0
1756550340_G..N15X016,063900_G..N15X016,G,0,1756550340,1G 1039 BDN/CRS,1756565905,1756565919,445,0,0
1756550550_G..S15X004,064250_G..S15X004,G,1,1756550550,1G 1042+ CRS/BDN,1756567286,1756567301,531,0,0
1756550940_G..N15X016,064900_G..N15X016,G,0,1756550940,1G 1049 BDN/CRS,1756566295,1756566310,435,0,0
1756550970_G..S13X015,064950_G..S13X015,G,1,1756550970,1G 1049+ BDN/HYS,1756565798,1756565800,370,0,0
1756551030_G..S15X004,065050_G..S15X004,G,1,1756551030,1G 1050+ CRS/BDN,1756567286,1756567301,495,0,0
1756551420_G..N15X016,065700_G..N15X016,G,0,1756551420,1G 1057 BDN/CRS,1756566685,1756566700,428,0,0
1756551480_G..N13X015,065800_G..N13X015,G,0,1756551480,1G 1058 HYS/BDN,1756567286,1756567301,464,0,0
1756551510_G..S15X004,065850_G..S15X004,G,1,1756551510,1G 1058+ CRS/BDN,1756567286,1756567301,462,0,0
1756551900_G..N15X016,066500_G..N15X016,G,0,1756551900,1G 1105 BDN/CRS,1756567226,1756567241,432,0,0
1756551990_G..S15X004,066650_G..S15X004,G,1,1756551990,1G 1106+ CRS/BDN,1756567586,1756567601,450,0,0
1756552170_G..S13X015,066950_G..S13X015,G,1,1756552170,1G 1109+ BDN/HYS,1756567586,1756567601,438,0,0
1756552380_G..N15X016,067300_G..N15X016,G,0,1756552380,1G 1113 BDN/CRS,1756567947,1756567962,448,0,0
1756552470_G..S15X004,067450_G..S15X004,G,1,1756552470,1G 1114+ CRS/BDN,1756568307,1756568322,466,0,0
1756552680_G..N13X015,067800_G..N13X015,G,0,1756552680,1G 1118 HYS/BDN,1756567692,1756567707,411,0,0
1756552860_G..N15X016,068100_G..N15X016,G,0,1756552860,1G 1121 BDN/CRS,1756568127,1756568142,425,0,0
1756552950_G..S15X004,068250_G..S15X004,G,1,1756552950,1G 1122+ CRS/BDN,1756568622,1756568637,448,0,0
1756553340_G..N15X016,068900_G..N15X016,G,0,1756553340,1G 1129 BDN/CRS,1756568773,1756568788,426,0,0
1756553370_G..S13X015,068950_G..S13X015,G,1,1756553370,1G 1129+ BDN/HYS,1756568668,1756568683,417,0,0
1756553430_G..S15X004,069050_G..S15X004,G,1,1756553430,1G 1130+ CRS/BDN,1756568878,1756568893,427,0,0
1756553820_G..N15X016,069700_G..N15X016,G,0,1756553820,1G 1137 BDN/CRS,1756569508,1756569522,446,0,0
1756553880_G..N13X015,069800_G..N13X015,G,0,1756553880,1G 1138 HYS/BDN,1756568833,1756568848,381,0,0
1756553910_G..S15X004,069850_G..S15X004,G,1,1756553910,1G 1138+ CRS/BDN,1756569433,1756569447,424,0,0
1756554300_G..N15X016,070500_G..N15X016,G,0,1756554300,1G 1145 BDN/CRS,1756569508,1756569522,382,0,0
1756554390_G..S15X004,070650_G..S15X004,G,1,1756554390,1G 1146+ CRS/BDN,1756569854,1756569868,417,0,0
1756554570_G..S13X015,070950_G..S13X015,G,1,1756554570,1G 1149+ BDN/HYS,1756569493,1756569507,344,0,0
1756554780_G..N15X016,071300_G..N15X016,G,0,1756554780,1G 1153 BDN/CRS,1756570379,1756570393,438,0,0
1756554870_G..S15X004,071450_G..S15X004,G,1,1756554870,1G 1154+ CRS/BDN,1756570394,1756570408,428,0,0
1756555080_G..N13X015,071800_G..N13X015,G,0,1756555080,1G 1158 HYS/BDN,1756570274,1756570288,384,0,0
1756555260_G..N15X016,072100_G..N15X016,G,0,1756555260,1G 1201 BDN/CRS,1756571310,1756571325,483,0,0
1756555350_G..S15X004,072250_G..S15X004,G,1,1756555350,1G 1202+ CRS/BDN,1756570860,1756570874,426,0,0
1756555740_G..N15X016,072900_G..N15X016,G,0,1756555740,1G 1209 BDN/CRS,1756571325,1756571340,440,0,0
1756555770_G..S13X015,072950_G..S13X015,G,1,1756555770,1G 1209+ BDN/HYS,1756570604,1756570618,358,0,0
1756555830_G..S15X004,073050_G..S15X004,G,1,1756555830,1G 1210+ CRS/BDN,1756571520,1756571535,447,0,0
1756556190_G..S15X004,073650_G..S15X004,G,1,1756556190,1G 1216+ CRS/BDN,1756571641,1756571656,431,0,0
1756556220_G..N15X016,073700_G..N15X016,G,0,1756556220,1G 1217 BDN/CRS,1756572061,1756572076,457,0,0
1756556280_G..N13X015,073800_G..N13X015,G,0,1756556280,1G 1218 HYS/BDN,1756571175,1756571190,394,0,0
1756556670_G..S15X004,074450_G..S15X004,G,1,1756556670,1G 1224+ CRS/BDN,1756572241,1756572256,439,0,0
1756556700_G..N15X016,074500_G..N15X016,G,0,1756556700,1G 1225 BDN/CRS,1756571986,1756572001,420,0,0
1756556970_G..S13X015,074950_G..S13X015,G,1,1756556970,1G 1229+ BDN/HYS,1756571791,1756571806,389,0,0
1756557060_G..N15X016,075100_G..N15X016,G,0,1756557060,1G 1231 BDN/CRS,1756572361,1756572376,421,0,0
1756557150_G..S15X004,075250_G..S15X004,G,1,1756557150,1G 1232+ CRS/BDN,1756572707,1756572722,438,0,0
1756557480_G..N13X015,075800_G..N13X015,G,0,1756557480,1G 1238 HYS/BDN,1756572376,1756572391,394,0,0
1756557540_G..N15X016,075900_G..N15X016,G,0,1756557540,1G 1239 BDN/CRS,1756572782,1756572797,417,0,0
1756557630_G..S15X004,076050_G..S15X004,G,1,1756557630,1G 1240+ CRS/BDN,1756573322,1756573337,447,0,0
1756558020_G..N15X016,076700_G..N15X016,G,0,1756558020,1G 1247 BDN/CRS,1756573367,1756573382,424,0,0
1756558110_G..S15X004,076850_G..S15X004,G,1,1756558110,1G 1248+ CRS/BDN,1756573608,1756573623,434,0,0
1756558170_G..S13X015,076950_G..S13X015,G,1,1756558170,1G 1249+ BDN/HYS,1756573833,1756573848,445,0,0
1756558500_G..N15X016,077500_G..N15X016,G,0,1756558500,1G 1255 BDN/CRS,1756573743,1756573758,417,0,0
1756558590_G..S15X004,077650_G..S15X004,G,1,1756558590,1G 1256+ CRS/BDN,1756574148,1756574163,435,0,0
1756558680_G..N13X015,077800_G..N13X015,G,0,1756558680,1G 1258 HYS/BDN,1756573608,1756573623,386,0,0
1756558980_G..N15X016,078300_G..N15X016,G,0,1756558980,1G 1303 BDN/CRS,1756574193,1756574207,386,0,0
1756559070_G..S15X004,078450_G..S15X004,G,1,1756559070,1G 1304+ CRS/BDN,1756574734,1756574748,446,0,0
1756559370_G..S13X015,078950_G..S13X015,G,1,1756559370,1G 1309+ BDN/HYS,1756575530,1756575544,509,0,0
1756559460_G..N15X016,079100_G..N15X016,G,0,1756559460,1G 1311 BDN/CRS,1756574704,1756574718,387,0,0
1756559550_G..S15X004,079250_G..S15X004,G,1,1756559550,1G 1312+ CRS/BDN,1756575289,1756575303,453,0,0
1756559880_G..N13X015,079800_G..N13X015,G,0,1756559880,1G 1318 HYS/BDN,1756574824,1756574838,348,0,0
1756559940_G..N15X016,079900_G..N15X016,G,0,1756559940,1G 1319 BDN/CRS,1756575605,1756575619,444,0,0
1756560030_G..S15X004,080050_G..S15X004,G,1,1756560030,1G 1320+ CRS/BDN,1756575725,1756575739,448,0,0
1756560420_G..N15X016,080700_G..N15X016,G,0,1756560420,1G 1327 BDN/CRS,1756575770,1756575785,411,0,0
1756560510_G..S15X004,080850_G..S15X004,G,1,1756560510,1G 1328+ CRS/BDN,1756576370,1756576385,447,0,0
1756560570_G..S13X015,080950_G..S13X015,G,1,1756560570,1G 1329+ BDN/HYS,1756575590,1756575604,377,0,0
1756560900_G..N15X016,081500_G..N15X016,G,0,1756560900,1G 1335 BDN/CRS,1756576250,1756576265,413,0,0
1756560990_G..S15X004,081650_G..S15X004,G,1,1756560990,1G 1336+ CRS/BDN,1756576611,1756576626,431,0,0
1756561080_G..N13X015,081800_G..N13X015,G,0,1756561080,1G 1338 HYS/BDN,1756576611,1756576626,425,0,0
1756561380_G..N15X016,082300_G..N15X016,G,0,1756561380,1G 1343 BDN/CRS,1756576671,1756576686,409,0,0
1756561470_G..S15X004,082450_G..S15X004,G,1,1756561470,1G 1344+ CRS/BDN,1756577106,1756577121,432,0,0
1756561770_G..S13X015,082950_G..S13X015,G,1,1756561770,1G 1349+ BDN/HYS,1756576521,1756576536,373,0,0
1756561860_G..N15X016,083100_G..N15X016,G,0,1756561860,1G 1351 BDN/CRS,1756577091,1756577106,405,0,0
1756561950_G..S15X004,083250_G..S15X004,G,1,1756561950,1G 1352+ CRS/BDN,1756577542,1756577557,429,0,0
1756562280_G..N13X015,083800_G..N13X015,G,0,1756562280,1G 1358 HYS/BDN,1756577542,1756577557,407,0,0
1756562340_G..N15X016,083900_G..N15X016,G,0,1756562340,1G 1359 BDN/CRS,1756577617,1756577632,408,0,0
1756562430_G..S15X004,084050_G..S15X004,G,1,1756562430,1G 1400+ CRS/BDN,1756577977,1756577992,426,0,0
1756562820_G..N15X016,084700_G..N15X016,G,0,1756562820,1G 1407 BDN/CRS,1756578037,1756578052,404,0,0
1756562910_G..S15X004,084850_G..S15X004,G,1,1756562910,1G 1408+ CRS/BDN,1756578728,1756578743,444,0,0
1756562970_G..S13X015,084950_G..S13X015,G,1,1756562970,1G 1409+ BDN/HYS,1756577947,1756577962,388,0,0
1756563300_G..N15X016,085500_G..N15X016,G,0,1756563300,1G 1415 BDN/CRS,1756578563,1756578578,407,0,0
1756563390_G..S15X004,085650_G..S15X004,G,1,1756563390,1G 1416+ CRS/BDN,1756579509,1756579523,489,0,0
1756563480_G..N13X015,085800_G..N13X015,G,0,1756563480,1G 1418 HYS/BDN,1756578728,1756578743,399,0,0
1756563780_G..N15X016,086300_G..N15X016,G,0,1756563780,1G 1423 BDN/CRS,1756579118,1756579132,387,0,0
1756563870_G..S15X004,086450_G..S15X004,G,1,1756563870,1G 1424+ CRS/BDN,1756579524,1756579538,427,0,0
1756564170_G..S13X015,086950_G..S13X015,G,1,1756564170,1G 1429+ BDN/HYS,1756579253,1756579267,353,0,0
1756564260_G..N15X016,087100_G..N15X016,G,0,1756564260,1G 1431 BDN/CRS,1756579479,1756579493,369,0,0
1756564350_G..S15X004,087250_G..S15X004,G,1,1756564350,1G 1432+ CRS/BDN,1756580078,1756580079,436,0,0
1756564680_G..N13X015,087800_G..N13X015,G,0,1756564680,1G 1438 HYS/BDN,1756579524,1756579538,319,0,0
1756564740_G..N15X016,087900_G..N15X016,G,0,1756564740,1G 1439 BDN/CRS,1756580034,1756580048,379,0,0
1756564830_G..S15X004,088050_G..S15X004,G,1,1756564830,1G 1440+ CRS/BDN,1756581115,1756581130,477,0,0
1756565220_G..N15X016,088700_G..N15X016,G,0,1756565220,1G 1447 BDN/CRS,1756581055,1756581070,435,0,0
1756565310_G..S15X004,088850_G..S15X004,G,1,1756565310,1G 1448+ CRS/BDN,1756581115,1756581130,433,0,0
1756565370_G..S13X015,088950_G..S13X015,G,1,1756565370,1G 1449+ BDN/HYS,1756580560,1756580574,386,0,0
1756565700_G..N15X016,089500_G..N15X016,G,0,1756565700,1G 1455 BDN/CRS,1756581085,1756581100,405,0,0
1756565790_G..S15X004,089650_G..S15X004,G,1,1756565790,1G 1456+ CRS/BDN,1756581791,1756581806,446,0,0
1756565880_G..N13X015,089800_G..N13X015,G,0,1756565880,1G 1458 HYS/BDN,1756581130,1756581145,396,0,0
1756566180_G..N15X016,090300_G..N15X016,G,0,1756566180,1G 1503 BDN/CRS,1756581446,1756581461,397,0,0
1756566270_G..S15X004,090450_G..S15X004,G,1,1756566270,1G 1504+ CRS/BDN,1756581926,1756581941,423,0,0
1756566570_G..S13X015,090950_G..S13X015,G,1,1756566570,1G 1509+ BDN/HYS,1756581536,1756581551,377,0,0
1756566660_G..N15X016,091100_G..N15X016,G,0,1756566660,1G 1511 BDN/CRS,1756582016,1756582031,403,0,0
1756566750_G..S15X004,091250_G..S15X004,G,1,1756566750,1G 1512+ CRS/BDN,1756582497,1756582512,429,0,0
1756567080_G..N13X015,091800_G..N13X015,G,0,1756567080,1G 1518 HYS/BDN,1756582106,1756582121,381,0,0
1756567140_G..N15X016,091900_G..N15X016,G,0,1756567140,1G 1519 BDN/CRS,1756582422,1756582437,398,0,0
1756567230_G..S15X004,092050_G..S15X004,G,1,1756567230,1G 1520+ CRS/BDN,1756582797,1756582812,417,0,0
1756567620_G..N15X016,092700_G..N15X016,G,0,1756567620,1G 1527 BDN/CRS,1756582977,1756582992,403,0,0
1756567710_G..S15X004,092850_G..S15X004,G,1,1756567710,1G 1528+ CRS/BDN,1756583338,1756583353,421,0,0
1756567770_G..S13X015,092950_G..S13X015,G,1,1756567770,1G 1529+ BDN/HYS,1756582707,1756582722,375,0,0
1756568100_G..N15X016,093500_G..N15X016,G,0,1756568100,1G 1535 BDN/CRS,1756583893,1756583907,433,0,0
1756568190_G..S15X004,093650_G..S15X004,G,1,1756568190,1G 1536+ CRS/BDN,1756583608,1756583623,407,0,0
1756568280_G..N13X015,093800_G..N13X015,G,0,1756568280,1G 1538 HYS/BDN,1756583353,1756583368,384,0,0
1756568580_G..N15X016,094300_G..N15X016,G,0,1756568580,1G 1543 BDN/CRS,1756583878,1756583892,382,0,0
1756568670_G..S15X004,094450_G..S15X004,G,1,1756568670,1G 1544+ CRS/BDN,1756584404,1756584418,438,0,0
1756568970_G..S13X015,094950_G..S13X015,G,1,1756568970,1G 1549+ BDN/HYS,1756588413,1756588428,733,0,0
1756569060_G..N15X016,095100_G..N15X016,G,0,1756569060,1G 1551 BDN/CRS,1756584854,1756584868,446,0,0
1756569150_G..S15X004,095250_G..S15X004,G,1,1756569150,1G 1552+ CRS/BDN,1756585185,1756585199,473,0,0
1756569480_G..N13X015,095800_G..N13X015,G,0,1756569480,1G 1558 HYS/BDN,1756584479,1756584493,341,0,0
1756569540_G..N15X016,095900_G..N15X016,G,0,1756569540,1G 1559 BDN/CRS,1756584989,1756585003,403,0,0
1756569630_G..S15X004,096050_G..S15X004,G,1,1756569630,1G 1600+ CRS/BDN,1756585215,1756585229,416,0,0
1756570020_G..N15X016,096700_G..N15X016,G,0,1756570020,1G 1607 BDN/CRS,1756585530,1756585545,415,0,0
1756570110_G..S15X004,096850_G..S15X004,G,1,1756570110,1G 1608+ CRS/BDN,1756587767,1756587782,558,0,0
1756570170_G..S13X015,096950_G..S13X015,G,1,1756570170,1G 1609+ BDN/HYS,1756588443,1756588458,599,0,0
1756570500_G..N15X016,097500_G..N15X016,G,0,1756570500,1G 1615 BDN/CRS,1756585785,1756585800,400,0,0
1756570590_G..S15X004,097650_G..S15X004,G,1,1756570590,1G 1616+ CRS/BDN,1756587782,1756587797,527,0,0
1756570680_G..N13X015,097800_G..N13X015,G,0,1756570680,1G 1618 HYS/BDN,1756587767,1756587782,520,0,0
1756570980_G..N15X016,098300_G..N15X016,G,0,1756570980,1G 1623 BDN/CRS,1756586851,1756586866,439,0,0
1756571070_G..S15X004,098450_G..S15X004,G,1,1756571070,1G 1624+ CRS/BDN,1756587782,1756587797,495,0,0
1756571370_G..S13X015,098950_G..S13X015,G,1,1756571370,1G 1629+ BDN/HYS,1756588443,1756588458,449,0,0
1756571460_G..N15X016,099100_G..N15X016,G,0,1756571460,1G 1631 BDN/CRS,1756586851,1756586866,407,0,0
1756571550_G..S15X004,099250_G..S15X004,G,1,1756571550,1G 1632+ CRS/BDN,1756587782,1756587797,463,0,0
1756571940_G..N15X016,099900_G..N15X016,G,0,1756571940,1G 1639 BDN/CRS,1756587197,1756587212,398,0,0
1756572030_G..S15X004,100050_G..S15X004,G,1,1756572030,1G 1640+ CRS/BDN,1756587782,1756587797,431,0,0
1756572510_G..S15X004,100850_G..S15X004,G,1,1756572510,1G 1648+ CRS/BDN,1756588098,1756588113,420,0,0
1756572570_G..S13X015,100950_G..S13X015,G,1,1756572570,1G 1649+ BDN/HYS,1756588443,1756588458,439,0,0
1756572900_G..N15X016,101500_G..N15X016,G,0,1756572900,1G 1655 BDN/CRS,1756588203,1756588218,401,0,0
1756572990_G..S15X004,101650_G..S15X004,G,1,1756572990,1G 1656+ CRS/BDN,1756588683,1756588697,428,0,0
1756573080_G..N13X015,101800_G..N13X015,G,0,1756573080,1G 1658 HYS/BDN,1756588698,1756588713,419,0,0
1756573380_G..N15X016,102300_G..N15X016,G,0,1756573380,1G 1703 BDN/CRS,1756589223,1756589224,450,0,0
1756573470_G..S15X004,102450_G..S15X004,G,1,1756573470,1G 1704+ CRS/BDN,1756589569,1756589583,485,0,0
1756573770_G..S13X015,102950_G..S13X015,G,1,1756573770,1G 1709+ BDN/HYS,1756589299,1756589313,408,0,0
1756573860_G..N15X016,103100_G..N15X016,G,0,1756573860,1G 1711 BDN/CRS,1756589224,1756589238,386,0,0
1756573950_G..S15X004,103250_G..S15X004,G,1,1756573950,1G 1712+ CRS/BDN,1756589584,1756589598,422,0,0
1756574280_G..N13X015,103800_G..N13X015,G,0,1756574280,1G 1718 HYS/BDN,1756589614,1756589628,382,0,0
1756574340_G..N15X016,103900_G..N15X016,G,0,1756574340,1G 1719 BDN/CRS,1756589524,1756589538,366,0,0
1756574430_G..S15X004,104050_G..S15X004,G,1,1756574430,1G 1720+ CRS/BDN,1756590710,1756590725,479,0,0
1756574820_G..N15X016,104700_G..N15X016,G,0,1756574820,1G 1727 BDN/CRS,1756590215,1756590229,398,0,0
1756574910_G..S15X004,104850_G..S15X004,G,1,1756574910,1G 1728+ CRS/BDN,1756590800,1756590815,435,0,0
1756574970_G..S13X015,104950_G..S13X015,G,1,1756574970,1G 1729+ BDN/HYS,1756589794,1756589808,338,0,0
1756575300_G..N15X016,105500_G..N15X016,G,0,1756575300,1G 1735 BDN/CRS,1756590545,1756590560,392,0,0
1756575390_G..S15X004,105650_G..S15X004,G,1,1756575390,1G 1736+ CRS/BDN,1756590875,1756590890,408,0,0
1756575480_G..N13X015,105800_G..N13X015,G,0,1756575480,1G 1738 HYS/BDN,1756590800,1756590815,397,0,0
1756575780_G..N15X016,106300_G..N15X016,G,0,1756575780,1G 1743 BDN/CRS,1756591011,1756591026,391,0,0
1756575870_G..S15X004,106450_G..S15X004,G,1,1756575870,1G 1744+ CRS/BDN,1756591626,1756591641,426,0,0
1756576170_G..S13X015,106950_G..S13X015,G,1,1756576170,1G 1749+ BDN/HYS,1756593893,1756593908,570,0,0
1756576260_G..N15X016,107100_G..N15X016,G,0,1756576260,1G 1751 BDN/CRS,1756591536,1756591551,394,0,0
1756576350_G..S15X004,107250_G..S15X004,G,1,1756576350,1G 1752+ CRS/BDN,1756591866,1756591881,410,0,0
1756576680_G..N13X015,107800_G..N13X015,G,0,1756576680,1G 1758 HYS/BDN,1756591626,1756591641,372,0,0
1756576740_G..N15X016,107900_G..N15X016,G,0,1756576740,1G 1759 BDN/CRS,1756592002,1756592017,393,0,0
1756576830_G..S15X004,108050_G..S15X004,G,1,1756576830,1G 1800+ CRS/BDN,1756592377,1756592392,412,0,0
1756577220_G..N15X016,108700_G..N15X016,G,0,1756577220,1G 1807 BDN/CRS,1756592452,1756592467,391,0,0
1756577310_G..S15X004,108850_G..S15X004,G,1,1756577310,1G 1808+ CRS/BDN,1756592812,1756592827,409,0,0
1756577370_G..S13X015,108950_G..S13X015,G,1,1756577370,1G 1809+ BDN/HYS,1756593878,1756593893,489,0,0
1756577700_G..N15X016,109500_G..N15X016,G,0,1756577700,1G 1815 BDN/CRS,1756593008,1756593023,396,0,0
1756577790_G..S15X004,109650_G..S15X004,G,1,1756577790,1G 1816+ CRS/BDN,1756593383,1756593398,415,0,0
1756577880_G..N13X015,109800_G..N13X015,G,0,1756577880,1G 1818 HYS/BDN,1756592827,1756592842,372,0,0
1756578180_G..N15X016,110300_G..N15X016,G,0,1756578180,1G 1823 BDN/CRS,1756593443,1756593458,377,0,0
1756578270_G..S15X004,110450_G..S15X004,G,1,1756578270,1G 1824+ CRS/BDN,1756593683,1756593697,390,0,0
1756578570_G..S13X015,110950_G..S13X015,G,1,1756578570,1G 1829+ BDN/HYS,1756593878,1756593893,369,0,0
1756578660_G..N15X016,111100_G..N15X016,G,0,1756578660,1G 1831 BDN/CRS,1756594254,1756594268,406,0,0
1756578750_G..S15X004,111250_G..S15X004,G,1,1756578750,1G 1832+ CRS/BDN,1756594494,1756594508,426,0,0
1756579080_G..N13X015,111800_G..N13X015,G,0,1756579080,1G 1838 HYS/BDN,1756594089,1756594103,328,0,0
1756579140_G..N15X016,111900_G..N15X016,G,0,1756579140,1G 1839 BDN/CRS,1756594404,1756594418,363,0,0
1756579230_G..S15X004,112050_G..S15X004,G,1,1756579230,1G 1840+ CRS/BDN,1756594870,1756594884,412,0,0
1756579620_G..N15X016,112700_G..N15X016,G,0,1756579620,1G 1847 BDN/CRS,1756595200,1756595215,408,0,0
1756579710_G..S15X004,112850_G..S15X004,G,1,1756579710,1G 1848+ CRS/BDN,1756595650,1756595665,432,0,0
1756579770_G..S13X015,112950_G..S13X015,G,1,1756579770,1G 1849+ BDN/HYS,1756595906,1756595921,445,0,0
1756580100_G..N15X016,113500_G..N15X016,G,0,1756580100,1G 1855 BDN/CRS,1756595395,1756595410,389,0,0
1756580190_G..S15X004,113650_G..S15X004,G,1,1756580190,1G 1856+ CRS/BDN,1756595815,1756595830,411,0,0
1756580280_G..N13X015,113800_G..N13X015,G,0,1756580280,1G 1858 HYS/BDN,1756595800,1756595815,404,0,0
1756580580_G..N15X016,114300_G..N15X016,G,0,1756580580,1G 1903 BDN/CRS,1756596236,1756596251,413,0,0
1756580730_G..S15X004,114550_G..S15X004,G,1,1756580730,1G 1905+ CRS/BDN,1756596401,1756596416,414,0,0
1756580970_G..S13X015,114950_G..S13X015,G,1,1756580970,1G 1909+ BDN/HYS,1756595906,1756595921,365,0,0
1756581060_G..N15X016,115100_G..N15X016,G,0,1756581060,1G 1911 BDN/CRS,1756596491,1756596506,398,0,0
1756581330_G..S15X004,115550_G..S15X004,G,1,1756581330,1G 1915+ CRS/BDN,1756596852,1756596867,404,0,0
1756581480_G..N13X015,115800_G..N13X015,G,0,1756581480,1G 1918 HYS/BDN,1756596446,1756596461,367,0,0
1756581600_G..N15X016,116000_G..N15X016,G,0,1756581600,1G 1920 BDN/CRS,1756597032,1756597047,398,0,0
1756581930_G..S15X004,116550_G..S15X004,G,1,1756581930,1G 1925+ CRS/BDN,1756597377,1756597392,399,0,0
1756582170_G..S13X015,116950_G..S13X015,G,1,1756582170,1G 1929+ BDN/HYS,1756597137,1756597152,367,0,0
1756582200_G..N15X016,117000_G..N15X016,G,0,1756582200,1G 1930 BDN/CRS,1756597752,1756597768,406,0,0
1756582470_G..S15X004,117450_G..S15X004,G,1,1756582470,1G 1934+ CRS/BDN,1756598443,1756598458,434,0,0
1756582680_G..N13X015,117800_G..N13X015,G,0,1756582680,1G 1938 HYS/BDN,1756597783,1756597798,376,0,0
1756582740_G..N15X016,117900_G..N15X016,G,0,1756582740,1G 1939 BDN/CRS,1756598233,1756598248,401,0,0
1756583070_G..S15X004,118450_G..S15X004,G,1,1756583070,1G 1944+ CRS/BDN,1756598593,1756598608,397,0,0
1756583280_G..N15X016,118800_G..N15X016,G,0,1756583280,1G 1948 BDN/CRS,1756598653,1756598668,375,0,0
1756583370_G..S13X015,118950_G..S13X015,G,1,1756583370,1G 1949+ BDN/HYS,1756598353,1756598368,337,0,0
1756583670_G..S15X004,119450_G..S15X004,G,1,1756583670,1G 1954+ CRS/BDN,1756601191,1756601206,558,0,0
1756583880_G..N13X015,119800_G..N13X015,G,0,1756583880,1G 1958 HYS/BDN,1756601191,1756601206,530,0,0
1756583940_G..N15X016,119900_G..N15X016,G,0,1756583940,1G 1959 BDN/CRS,1756599494,1756599508,393,0,0
1756584330_G..S15X004,120550_G..S15X004,G,1,1756584330,1G 2005+ CRS/BDN,1756601206,1756601221,478,0,0
1756584510_G..N15X016,120850_G..N15X016,G,0,1756584510,1G 2008+ BDN/CRS,1756599735,1756599749,355,0,0
1756584570_G..S13X015,120950_G..S13X015,G,1,1756584570,1G 2009+ BDN/HYS,1756600080,1756600095,386,0,0
1756584960_G..N15X016,121600_G..N15X016,G,0,1756584960,1G 2016 BDN/CRS,1756600320,1756600335,376,0,0
1756584990_G..S15X004,121650_G..S15X004,G,1,1756584990,1G 2016+ CRS/BDN,1756601221,1756601236,434,0,0
1756585080_G..N13X015,121800_G..N13X015,G,0,1756585080,1G 2018 HYS/BDN,1756601206,1756601221,427,0,0
1756585590_G..S15X004,122650_G..S15X004,G,1,1756585590,1G 2026+ CRS/BDN,1756601221,1756601236,394,0,0
1756585770_G..S13X015,122950_G..S13X015,G,1,1756585770,1G 2029+ BDN/HYS,1756601536,1756601551,403,0,0
1756586190_G..S15X004,123650_G..S15X004,G,1,1756586190,1G 2036+ CRS/BDN,1756601717,1756601732,387,0,0
1756586280_G..N13X015,123800_G..N13X015,G,0,1756586280,1G 2038 HYS/BDN,1756601536,1756601551,369,0,0
1756586400_G..N15X016,124000_G..N15X016,G,0,1756586400,1G 2040 BDN/CRS,1756601581,1756601596,364,0,0
1756586790_G..S15X004,124650_G..S15X004,G,1,1756586790,1G 2046+ CRS/BDN,1756602362,1756602377,390,0,0
1756586970_G..S13X015,124950_G..S13X015,G,1,1756586970,1G 2049+ BDN/HYS,1756602257,1756602272,371,0,0
1756587000_G..N15X016,125000_G..N15X016,G,0,1756587000,1G 2050 BDN/CRS,1756602332,1756602347,374,0,0
1756587450_G..S15X004,125750_G..S15X004,G,1,1756587450,1G 2057+ CRS/BDN,1756603023,1756603038,390,0,0
1756587480_G..N13X015,125800_G..N13X015,G,0,1756587480,1G 2058 HYS/BDN,1756602603,1756602617,360,0,0
1756587600_G..N15X016,126000_G..N15X016,G,0,1756587600,1G 2100 BDN/CRS,1756602858,1756602873,369,0,0
1756588170_G..S13X015,126950_G..S13X015,G,1,1756588170,1G 2109+ BDN/HYS,1756603428,1756603443,355,0,0
1756588170_G..S15X004,126950_G..S15X004,G,1,1756588170,1G 2109+ CRS/BDN,1756603743,1756603744,386,0,0
1756588260_G..N15X016,127100_G..N15X016,G,0,1756588260,1G 2111 BDN/CRS,1756603548,1756603563,353,0,0
1756588680_G..N13X015,127800_G..N13X015,G,0,1756588680,1G 2118 HYS/BDN,1756603923,1756603924,343,0,0
1756588890_G..S15X004,128150_G..S15X004,G,1,1756588890,1G 2121+ CRS/BDN,1756604299,1756604313,375,0,0
1756588980_G..N15X016,128300_G..N15X016,G,0,1756588980,1G 2123 BDN/CRS,1756604584,1756604599,386,0,0
1756589370_G..S13X015,128950_G..S13X015,G,1,1756589370,1G 2129+ BDN/HYS,1756604494,1756604509,345,0,0
1756589610_G..S15X004,129350_G..S15X004,G,1,1756589610,1G 2133+ CRS/BDN,1756605365,1756605380,396,0,0
1756589700_G..N15X016,129500_G..N15X016,G,0,1756589700,1G 2135 BDN/CRS,1756604945,1756604960,362,0,0
1756589880_G..N13X015,129800_G..N13X015,G,0,1756589880,1G 2138 HYS/BDN,1756605320,1756605335,375,0,0
1756590330_G..S15X004,130550_G..S15X004,G,1,1756590330,1G 2145+ CRS/BDN,1756606071,1756606086,395,0,0
1756590420_G..N15X016,130700_G..N15X016,G,0,1756590420,1G 2147 BDN/CRS,1756605636,1756605651,360,0,0
1756590570_G..S13X015,130950_G..S13X015,G,1,1756590570,1G 2149+ BDN/HYS,1756606146,1756606161,384,0,0
1756591050_G..S15X004,131750_G..S15X004,G,1,1756591050,1G 2157+ CRS/BDN,1756606521,1756606537,377,0,0
1756591080_G..N13X015,131800_G..N13X015,G,0,1756591080,1G 2158 HYS/BDN,1756606371,1756606386,365,0,0
1756591140_G..N15X016,131900_G..N15X016,G,0,1756591140,1G 2159 BDN/CRS,1756606416,1756606431,364,0,0
1756591770_G..S13X015,132950_G..S13X015,G,1,1756591770,1G 2209+ BDN/HYS,1756606777,1756606792,346,0,0
1756591770_G..S15X004,132950_G..S15X004,G,1,1756591770,1G 2209+ CRS/BDN,1756607332,1756607347,383,0,0
1756591800_G..N15X016,133000_G..N15X016,G,0,1756591800,1G 2210 BDN/CRS,1756607287,1756607302,378,0,0
1756592280_G..N13X015,133800_G..N13X015,G,0,1756592280,1G 2218 HYS/BDN,1756607377,1756607392,352,0,0
1756592400_G..N15X016,134000_G..N15X016,G,0,1756592400,1G 2220 BDN/CRS,1756607828,1756607843,374,0,0
1756592490_G..S15X004,134150_G..S15X004,G,1,1756592490,1G 2221+ CRS/BDN,1756608263,1756608278,395,0,0
1756592970_G..S13X015,134950_G..S13X015,G,1,1756592970,1G 2229+ BDN/HYS,1756607888,1756607903,321,0,0
1756593060_G..N15X016,135100_G..N15X016,G,0,1756593060,1G 2231 BDN/CRS,1756608519,1756608533,354,0,0
1756593360_G..S15X004,135600_G..S15X004,G,1,1756593360,1G 2236 CRS/BDN,1756609104,1756609118,388,0,0
1756593480_G..N13X015,135800_G..N13X015,G,0,1756593480,1G 2238 HYS/BDN,1756608564,1756608578,306,0,0
1756593900_G..N15X016,136500_G..N15X016,G,0,1756593900,1G 2245 BDN/CRS,1756609134,1756609149,335,0,0
1756593900_G..S15X004,136500_G..S15X004,G,1,1756593900,1G 2245 CRS/BDN,1756609314,1756609329,350,0,0
1756594170_G..S13X015,136950_G..S13X015,G,1,1756594170,1G 2249+ BDN/HYS,1756619375,1756619390,1067,0,0
1756594530_G..S15X004,137550_G..S15X004,G,1,1756594530,1G 2255+ CRS/BDN,1756609885,1756609900,351,0,0
1756594680_G..N13X015,137800_G..N13X015,G,0,1756594680,1G 2258 HYS/BDN,1756609780,1756609795,334,0,0
1756594710_G..N15X016,137850_G..N15X016,G,0,1756594710,1G 2258+ BDN/CRS,1756610140,1756610155,356,0,0
1756595250_G..S15X004,138750_G..S15X004,G,1,1756595250,1G 2307+ CRS/BDN,1756610591,1756610606,350,0,0
1756595340_G..N15X016,138900_G..N15X016,G,0,1756595340,1G 2309 BDN/CRS,1756610846,1756610861,361,0,0
1756595370_G..S13X015,138950_G..S13X015,G,1,1756595370,1G 2309+ BDN/HYS,1756611567,1756611582,407,0,0
1756595880_G..N13X015,139800_G..N13X015,G,0,1756595880,1G 2318 HYS/BDN,1756610696,1756610711,315,0,0
1756596060_G..N15X016,140100_G..N15X016,G,0,1756596060,1G 2321 BDN/CRS,1756611717,1756611732,371,0,0
1756596150_G..S15X004,140250_G..S15X004,G,1,1756596150,1G 2322+ CRS/BDN,1756611447,1756611462,347,0,0
1756596570_G..S13X015,140950_G..S13X015,G,1,1756596570,1G 2329+ BDN/HYS,1756611341,1756611356,312,0,0
1756596660_G..N15X016,141100_G..N15X016,G,0,1756596660,1G 2331 BDN/CRS,1756611927,1756611942,345,0,0
1756596840_G..S15X004,141400_G..S15X004,G,1,1756596840,1G 2334 CRS/BDN,1756612152,1756612167,348,0,0
1756597080_G..N13X015,141800_G..N13X015,G,0,1756597080,1G 2338 HYS/BDN,1756611927,1756611942,317,0,0
1756597470_G..N15X016,142450_G..N15X016,G,0,1756597470,1G 2344+ BDN/CRS,1756612813,1756612828,350,0,0
1756597560_G..S15X004,142600_G..S15X004,G,1,1756597560,1G 2346 CRS/BDN,1756612933,1756612948,352,0,0
1756598280_G..N13X015,143800_G..N13X015,G,0,1756598280,1G 2358 HYS/BDN,1756613083,1756613098,280,0,0
1756598280_G..N15X016,143800_G..N15X016,G,0,1756598280,1G 2358 BDN/CRS,1756614149,1756614164,379,0,0
1756598280_G..S15X004,143800_G..S15X004,G,1,1756598280,1G 2358 CRS/BDN,1756614119,1756614134,377,0,0
1756599000_G..S13X015,001000_G..S13X015,G,1,1756599000,1G 0010 BDN/HYS,1756613759,1756613774,281,0,0
1756599060_G..N15X016,001100_G..N15X016,G,0,1756599060,1G 0011 BDN/CRS,1756614435,1756614450,335,0,0
1756599240_G..S15X004,001400_G..S15X004,G,1,1756599240,1G 0014 CRS/BDN,1756614585,1756614600,333,0,0
1756599540_G..N13X015,001900_G..N13X015,G,0,1756599540,1G 0019 HYS/BDN,1756614510,1756614525,308,0,0
1756599960_G..N15X016,002600_G..N15X016,G,0,1756599960,1G 0026 BDN/CRS,1756615336,1756615351,335,0,0
1756600440_G..S15X004,003400_G..S15X004,G,1,1756600440,1G 0034 CRS/BDN,1756616011,1756616026,348,0,0
1756600740_G..N13X015,003900_G..N13X015,G,0,1756600740,1G 0039 HYS/BDN,1756615741,1756615756,310,0,0
1756600920_G..N15X016,004200_G..N15X016,G,0,1756600920,1G 0042 BDN/CRS,1756616972,1756616987,380,0,0
1756601400_G..S13X015,005000_G..S13X015,G,1,1756601400,1G 0050 BDN/HYS,1756616116,1756616131,291,0,0
1756601640_G..S15X004,005400_G..S15X004,G,1,1756601640,1G 0054 CRS/BDN,1756617423,1756617438,362,0,0
1756601940_G..N13X015,005900_G..N13X015,G,0,1756601940,1G 0059 HYS/BDN,1756616957,1756616972,311,0,0
1756602120_G..N15X016,006200_G..N15X016,G,0,1756602120,1G 0102 BDN/CRS,1756617483,1756617498,334,0,0
1756602600_G..S13X015,007000_G..S13X015,G,1,1756602600,1G 0110 BDN/HYS,1756617363,1756617378,289,0,0
1756602840_G..S15X004,007400_G..S15X004,G,1,1756602840,1G 0114 CRS/BDN,1756618504,1756618519,357,0,0
1756603140_G..N13X015,007900_G..N13X015,G,0,1756603140,1G 0119 HYS/BDN,1756618083,1756618083,281,0,0
1756603320_G..N15X016,008200_G..N15X016,G,0,1756603320,1G 0122 BDN/CRS,1756619029,1756619044,358,0,0
1756603800_G..S13X015,009000_G..S13X015,G,1,1756603800,1G 0130 BDN/HYS,1756618579,1756618594,286,0,0
1756604040_G..S15X004,009400_G..S15X004,G,1,1756604040,1G 0134 CRS/BDN,1756619450,1756619465,338,0,0
1756604340_G..N13X015,009900_G..N13X015,G,0,1756604340,1G 0139 HYS/BDN,1756619255,1756619270,305,0,0
1756604520_G..N15X016,010200_G..N15X016,G,0,1756604520,1G 0142 BDN/CRS,1756620471,1756620486,374,0,0
1756605000_G..S13X015,011000_G..S13X015,G,1,1756605000,1G 0150 BDN/HYS,1756619825,1756619840,299,0,0
1756605240_G..S15X004,011400_G..S15X004,G,1,1756605240,1G 0154 CRS/BDN,1756620666,1756620681,339,0,0
1756605540_G..N13X015,011900_G..N13X015,G,0,1756605540,1G 0159 HYS/BDN,1756620531,1756620546,310,0,0
1756605720_G..N15X016,012200_G..N15X016,G,0,1756605720,1G 0202 BDN/CRS,1756621417,1756621432,357,0,0
1756606200_G..S13X015,013000_G..S13X015,G,1,1756606200,1G 0210 BDN/HYS,1756621056,1756621071,301,0,0
1756606440_G..S15X004,013400_G..S15X004,G,1,1756606440,1G 0214 CRS/BDN,1756622153,1756622168,358,0,0
1756606740_G..N13X015,013900_G..N13X015,G,0,1756606740,1G 0219 HYS/BDN,1756621612,1756621627,302,0,0
1756606920_G..N15X016,014200_G..N15X016,G,0,1756606920,1G 0222 BDN/CRS,1756622378,1756622393,341,0,0
1756607400_G..S13X015,015000_G..S13X015,G,1,1756607400,1G 0230 BDN/HYS,1756622558,1756622573,316,0,0
1756607640_G..S15X004,015400_G..S15X004,G,1,1756607640,1G 0234 CRS/BDN,1756623369,1756623384,353,0,0
1756607940_G..N13X015,015900_G..N13X015,G,0,1756607940,1G 0239 HYS/BDN,1756622843,1756622858,276,0,0
1756608120_G..N15X016,016200_G..N15X016,G,0,1756608120,1G 0242 BDN/CRS,1756623624,1756623639,337,0,0
1756608600_G..S13X015,017000_G..S13X015,G,1,1756608600,1G 0250 BDN/HYS,1756623339,1756623354,277,0,0
1756608840_G..S15X004,017400_G..S15X004,G,1,1756608840,1G 0254 CRS/BDN,1756624330,1756624345,340,0,0
1756609140_G..N13X015,017900_G..N13X015,G,0,1756609140,1G 0259 HYS/BDN,1756623984,1756624000,297,0,0
1756609320_G..N15X016,018200_G..N15X016,G,0,1756609320,1G 0302 BDN/CRS,1756625366,1756625381,377,0,0
1756609800_G..S13X015,019000_G..S13X015,G,1,1756609800,1G 0310 BDN/HYS,1756624570,1756624585,292,0,0
1756610040_G..S15X004,019400_G..S15X004,G,1,1756610040,1G 0314 CRS/BDN,1756625381,1756625396,330,0,0
1756610340_G..N13X015,019900_G..N13X015,G,0,1756610340,1G 0319 HYS/BDN,1756625261,1756625276,302,0,0
1756610520_G..N15X016,020200_G..N15X016,G,0,1756610520,1G 0322 BDN/CRS,1756625936,1756625952,335,0,0
1756611000_G..S13X015,021000_G..S13X015,G,1,1756611000,1G 0330 BDN/HYS,1756625771,1756625786,292,0,0
1756611240_G..S15X004,021400_G..S15X004,G,1,1756611240,1G 0334 CRS/BDN,1756626747,1756626762,341,0,0
1756611540_G..N13X015,021900_G..N13X015,G,0,1756611540,1G 0339 HYS/BDN,1756626462,1756626477,302,0,0
1756611720_G..N15X016,022200_G..N15X016,G,0,1756611720,1G 0342 BDN/CRS,1756627093,1756627108,332,0,0
1756612200_G..S13X015,023000_G..S13X015,G,1,1756612200,1G 0350 BDN/HYS,1756627003,1756627018,294,0,0
1756612440_G..S15X004,023400_G..S15X004,G,1,1756612440,1G 0354 CRS/BDN,1756627964,1756627979,379,0,0
1756612740_G..N13X015,023900_G..N13X015,G,0,1756612740,1G 0359 HYS/BDN,1756627904,1756627919,346,0,0
1756526910_J..S12X022,024850_J..S12X022,J,1,1756526910,1J 0408+ P-A/HEW,1756543679,1756543692,605,0,0
1756527120_J..N41X001,025200_J..N41X001,J,0,1756527120,1J 0412 HEW/P-A,1756543619,1756543632,583,0,0
1756528110_J..S12X022,026850_J..S12X022,J,1,1756528110,1J 0428+ P-A/HEW,1756544820,1756544833,644,0,0
1756528320_J..N41X001,027200_J..N41X001,J,0,1756528320,1J 0432 HEW/P-A,1756544970,1756544983,636,0,0
1756529310_J..S12X022,028850_J..S12X022,J,1,1756529310,1J 0448+ P-A/HEW,1756547147,1756547162,713,0,0
1756529520_J..N41X001,029200_J..N41X001,J,0,1756529520,1J 0452 HEW/P-A,1756546321,1756546336,630,0,0
1756530510_J..S12X022,030850_J..S12X022,J,1,1756530510,1J 0508+ P-A/HEW,1756547523,1756547538,595,0,0
1756530720_J..N41X001,031200_J..N41X001,J,0,1756530720,1J 0512 HEW/P-A,1756547508,1756547523,580,0,0
1756531500_J..S12X022,032500_J..S12X022,J,1,1756531500,1J 0525 P-A/HEW,1756548198,1756548211,591,0,0
1756531920_J..N41X001,033200_J..N41X001,J,0,1756531920,1J 0532 HEW/P-A,1756549054,1756549067,677,0,0
1756532100_J..S12X022,033500_J..S12X022,J,1,1756532100,1J 0535 P-A/HEW,1756548814,1756548827,633,0,0
1756532820_J..S12X022,034700_J..S12X022,J,1,1756532820,1J 0547 P-A/HEW,1756549623,1756549625,665,0,0
1756533120_J..N41X001,035200_J..N41X001,J,0,1756533120,1J 0552 HEW/P-A,1756549700,1756549713,636,0,0
1756533540_J..S12X022,035900_J..S12X022,J,1,1756533540,1J 0559 P-A/HEW,1756550466,1756550479,682,0,0
1756534260_J..S12X022,037100_J..S12X022,J,1,1756534260,1J 0611 P-A/HEW,1756550946,1756550961,631,0,0
1756534320_J..N41X001,037200_J..N41X001,J,0,1756534320,1J 0612 HEW/P-A,1756550871,1756550886,618,0,0
1756534980_J..S12X022,038300_J..S12X022,J,1,1756534980,1J 0623 P-A/HEW,1756552298,1756552313,625,0,0
1756535100_J..N41X001,038500_J..N41X001,J,0,1756535100,1J 0625 HEW/P-A,1756552057,1756552072,593,0,0
1756535700_J..S12X022,039500_J..S12X022,J,1,1756535700,1J 0635 P-A/HEW,1756553709,1756553722,723,0,0
1756535790_J..N41X001,039650_J..N41X001,J,0,1756535790,1J 0636+ HEW/P-A,1756553574,1756553587,699,0,0
1756536420_J..S12X022,040700_J..S12X022,J,1,1756536420,1J 0647 P-A/HEW,1756553724,1756553737,677,0,0
1756536510_J..N41X001,040850_J..N41X001,J,0,1756536510,1J 0648+ HEW/P-A,1756553589,1756553602,653,0,0
1756537140_J..S12X022,041900_J..S12X022,J,1,1756537140,1J 0659 P-A/HEW,1756554175,1756554187,688,0,0
1756537230_J..N41X001,042050_J..N41X001,J,0,1756537230,1J 0700+ HEW/P-A,1756553979,1756553992,652,0,0
1756537860_J..S12X022,043100_J..S12X022,J,1,1756537860,1J 0711 P-A/HEW,1756554490,1756554503,636,0,0
1756537950_J..N41X001,043250_J..N41X001,J,0,1756537950,1J 0712+ HEW/P-A,1756554655,1756554668,646,0,0
1756538580_J..S12X022,044300_J..S12X022,J,1,1756538580,1J 0723 P-A/HEW,1756555376,1756555389,658,0,0
1756538670_J..N41X001,044450_J..N41X001,J,0,1756538670,1J 0724+ HEW/P-A,1756555631,1756555644,678,0,0
1756539300_J..S12X022,045500_J..S12X022,J,1,1756539300,1J 0735 P-A/HEW,1756555961,1756555976,617,0,0
1756539390_J..N41X001,045650_J..N41X001,J,0,1756539390,1J 0736+ HEW/P-A,1756556247,1756556262,624,0,0
1756540020_J..S12X022,046700_J..S12X022,J,1,1756540020,1J 0747 P-A/HEW,1756556667,1756556682,579,0,0
1756540110_J..N41X001,046850_J..N41X001,J,0,1756540110,1J 0748+ HEW/P-A,1756556712,1756556727,576,0,0
1756540740_J..S12X022,047900_J..S12X022,J,1,1756540740,1J 0759 P-A/HEW,1756557298,1756557313,574,0,0
1756540830_J..N41X001,048050_J..N41X001,J,0,1756540830,1J 0800+ HEW/P-A,1756557568,1756557581,586,0,0
1756541460_J..S12X022,049100_J..S12X022,J,1,1756541460,1J 0811 P-A/HEW,1756558184,1756558197,624,0,0
1756541550_J..N41X001,049250_J..N41X001,J,0,1756541550,1J 0812+ HEW/P-A,1756558995,1756559007,726,0,0
1756542180_J..S12X022,050300_J..S12X022,J,1,1756542180,1J 0823 P-A/HEW,1756559145,1756559158,691,0,0
1756542270_J..N41X001,050450_J..N41X001,J,0,1756542270,1J 0824+ HEW/P-A,1756559025,1756559037,663,0,0
1756542900_J..S12X022,051500_J..S12X022,J,1,1756542900,1J 0835 P-A/HEW,1756559896,1756559908,695,0,0
1756542990_J..N41X001,051650_J..N41X001,J,0,1756542990,1J 0836+ HEW/P-A,1756559625,1756559638,647,0,0
1756543620_J..S12X022,052700_J..S12X022,J,1,1756543620,1J 0847 P-A/HEW,1756561127,1756561142,716,0,0
1756543800_J..N41X001,053000_J..N41X001,J,0,1756543800,1J 0850 HEW/P-A,1756561067,1756561082,688,0,0
1756544340_J..S12X022,053900_J..S12X022,J,1,1756544340,1J 0859 P-A/HEW,1756561938,1756561953,674,0,0
1756544430_J..N41X001,054050_J..N41X001,J,0,1756544430,1J 0900+ HEW/P-A,1756561052,1756561067,603,0,0
1756545060_J..S12X022,055100_J..S12X022,J,1,1756545060,1J 0911 P-A/HEW,1756562253,1756562268,618,0,0
1756545240_J..N41X001,055400_J..N41X001,J,0,1756545240,1J 0914 HEW/P-A,1756562224,1756562238,604,0,0
1756545780_J..S12X022,056300_J..S12X022,J,1,1756545780,1J 0923 P-A/HEW,1756562613,1756562626,610,0,0
1756545870_J..N41X001,056450_J..N41X001,J,0,1756545870,1J 0924+ HEW/P-A,1756563394,1756563407,709,0,0
1756546500_J..S12X022,057500_J..S12X022,J,1,1756546500,1J 0935 P-A/HEW,1756563182,1756563184,637,0,0
1756546680_J..N41X001,057800_J..N41X001,J,0,1756546680,1J 0938 HEW/P-A,1756564055,1756564068,726,0,0
1756547220_J..S12X022,058700_J..S12X022,J,1,1756547220,1J 0947 P-A/HEW,1756563772,1756563788,632,0,0
1756547310_J..N41X001,058850_J..N41X001,J,0,1756547310,1J 0948+ HEW/P-A,1756564040,1756564053,648,0,0
1756547940_J..S12X022,059900_J..S12X022,J,1,1756547940,1J 0959 P-A/HEW,1756565061,1756565074,700,0,0
1756548120_J..N41X001,060200_J..N41X001,J,0,1756548120,1J 1002 HEW/P-A,1756565076,1756565089,679,0,0
1756548660_J..S12X022,061100_J..S12X022,J,1,1756548660,1J 1011 P-A/HEW,1756565617,1756565632,659,0,0
1756548750_J..N41X001,061250_J..N41X001,J,0,1756548750,1J 1012+ HEW/P-A,1756567253,1756567266,764,0,0
1756549380_J..S12X022,062300_J..S12X022,J,1,1756549380,1J 1023 P-A/HEW,1756566172,1756566187,600,0,0
1756549560_J..N41X001,062600_J..N41X001,J,0,1756549560,1J 1026 HEW/P-A,1756567253,1756567266,656,0,0
1756550100_J..S12X022,063500_J..S12X022,J,1,1756550100,1J 1035 P-A/HEW,1756566803,1756566818,578,0,0
1756550190_J..N41X001,063650_J..N41X001,J,0,1756550190,1J 1036+ HEW/P-A,1756567253,1756567266,610,0,0
1756550820_J..S12X022,064700_J..S12X022,J,1,1756550820,1J 1047 P-A/HEW,1756567599,1756567611,614,0,0
1756551000_J..N41X001,065000_J..N41X001,J,0,1756551000,1J 1050 HEW/P-A,1756569638,1756569641,873,0,0
1756551540_J..S12X022,065900_J..S12X022,J,1,1756551540,1J 1059 P-A/HEW,1756568079,1756568092,627,0,0
1756551630_J..N41X001,066050_J..N41X001,J,0,1756551630,1J 1100+ HEW/P-A,1756569638,1756569641,825,0,0
1756552260_J..S12X022,067100_J..S12X022,J,1,1756552260,1J 1111 P-A/HEW,1756569085,1756569098,667,0,0
1756552440_J..N41X001,067400_J..N41X001,J,0,1756552440,1J 1114 HEW/P-A,1756569638,1756569641,716,0,0
1756552980_J..S12X022,068300_J..S12X022,J,1,1756552980,1J 1123 P-A/HEW,1756569551,1756569563,641,0,0
1756553070_J..N41X001,068450_J..N41X001,J,0,1756553070,1J 1124+ HEW/P-A,1756569776,1756569789,664,0,0
1756553700_J..S12X022,069500_J..S12X022,J,1,1756553700,1J 1135 P-A/HEW,1756570587,1756570602,664,0,0
1756553880_J..N41X001,069800_J..N41X001,J,0,1756553880,1J 1138 HEW/P-A,1756572146,1756572148,756,0,0
1756554420_J..S12X022,070700_J..S12X022,J,1,1756554420,1J 1147 P-A/HEW,1756571172,1756571187,607,0,0
1756554510_J..N41X001,070850_J..N41X001,J,0,1756554510,1J 1148+ HEW/P-A,1756572206,1756572208,681,0,0
1756555140_J..S12X022,071900_J..S12X022,J,1,1756555140,1J 1159 P-A/HEW,1756571938,1756571953,604,0,0
1756555320_J..N41X001,072200_J..N41X001,J,0,1756555320,1J 1202 HEW/P-A,1756572206,1756572208,625,0,0
1756555860_J..S12X022,073100_J..S12X022,J,1,1756555860,1J 1211 P-A/HEW,1756572914,1756572927,684,0,0
1756555950_J..N41X001,073250_J..N41X001,J,0,1756555950,1J 1212+ HEW/P-A,1756573124,1756573137,706,0,0
1756556580_J..S12X022,074300_J..S12X022,J,1,1756556580,1J 1223 P-A/HEW,1756573530,1756573542,702,0,0
1756556760_J..N41X001,074600_J..N41X001,J,0,1756556760,1J 1226 HEW/P-A,1756573425,1756573437,664,0,0
1756557300_J..S12X022,075500_J..S12X022,J,1,1756557300,1J 1235 P-A/HEW,1756574401,1756574413,722,0,0
1756557390_J..N41X001,075650_J..N41X001,J,0,1756557390,1J 1236+ HEW/P-A,1756574055,1756574068,664,0,0
1756558020_J..S12X022,076700_J..S12X022,J,1,1756558020,1J 1247 P-A/HEW,1756574911,1756574924,694,0,0
1756558200_J..N41X001,077000_J..N41X001,J,0,1756558200,1J 1250 HEW/P-A,1756574881,1756574894,666,0,0
1756558740_J..S12X022,077900_J..S12X022,J,1,1756558740,1J 1259 P-A/HEW,1756575482,1756575497,643,0,0
1756558830_J..N41X001,078050_J..N41X001,J,0,1756558830,1J 1300+ HEW/P-A,1756575527,1756575542,634,0,0
1756559460_J..S12X022,079100_J..S12X022,J,1,1756559460,1J 1311 P-A/HEW,1756576218,1756576233,601,0,0
1756559640_J..N41X001,079400_J..N41X001,J,0,1756559640,1J 1314 HEW/P-A,1756576533,1756576548,610,0,0
1756560180_J..S12X022,080300_J..S12X022,J,1,1756560180,1J 1323 P-A/HEW,1756577539,1756577551,691,0,0
1756560270_J..N41X001,080450_J..N41X001,J,0,1756560270,1J 1324+ HEW/P-A,1756577161,1756577164,634,0,0
1756560900_J..S12X022,081500_J..S12X022,J,1,1756560900,1J 1335 P-A/HEW,1756577704,1756577717,665,0,0
1756561080_J..N41X001,081800_J..N41X001,J,0,1756561080,1J 1338 HEW/P-A,1756586278,1756586293,1571,0,0
1756561620_J..S12X022,082700_J..S12X022,J,1,1756561620,1J 1347 P-A/HEW,1756578995,1756579008,758,0,0
1756561710_J..N41X001,082850_J..N41X001,J,0,1756561710,1J 1348+ HEW/P-A,1756586909,1756586921,1569,0,0
1756562340_J..S12X022,083900_J..S12X022,J,1,1756562340,1J 1359 P-A/HEW,1756579025,1756579038,666,0,0
1756562520_J..N41X001,084200_J..N41X001,J,0,1756562520,1J 1402 HEW/P-A,1756587719,1756587732,1570,0,0
1756563060_J..S12X022,085100_J..S12X022,J,1,1756563060,1J 1411 P-A/HEW,1756579896,1756579911,683,0,0
1756563150_J..N41X001,085250_J..N41X001,J,0,1756563150,1J 1412+ HEW/P-A,1756579911,1756579926,672,0,0
1756563780_J..S12X022,086300_J..S12X022,J,1,1756563780,1J 1423 P-A/HEW,1756580872,1756580887,652,0,0
1756563960_J..N41X001,086600_J..N41X001,J,0,1756563960,1J 1426 HEW/P-A,1756580857,1756580872,627,0,0
1756564500_J..S12X022,087500_J..S12X022,J,1,1756564500,1J 1435 P-A/HEW,1756582269,1756582281,714,0,0
1756564590_J..N41X001,087650_J..N41X001,J,0,1756564590,1J 1436+ HEW/P-A,1756581653,1756581666,625,0,0
1756565220_J..S12X022,088700_J..S12X022,J,1,1756565220,1J 1447 P-A/HEW,1756582284,1756582296,668,0,0
1756565400_J..N41X001,089000_J..N41X001,J,0,1756565400,1J 1450 HEW/P-A,1756582299,1756582311,658,0,0
1756565940_J..S12X022,089900_J..S12X022,J,1,1756565940,1J 1459 P-A/HEW,1756583500,1756583513,782,0,0
1756566030_J..N41X001,090050_J..N41X001,J,0,1756566030,1J 1500+ HEW/P-A,1756582629,1756582642,658,0,0
1756566660_J..S12X022,091100_J..S12X022,J,1,1756566660,1J 1511 P-A/HEW,1756583515,1756583528,692,0,0
1756566840_J..N41X001,091400_J..N41X001,J,0,1756566840,1J 1514 HEW/P-A,1756583545,1756583558,672,0,0
1756567380_J..S12X022,092300_J..S12X022,J,1,1756567380,1J 1523 P-A/HEW,1756584399,1756584401,713,0,0
1756567470_J..N41X001,092450_J..N41X001,J,0,1756567470,1J 1524+ HEW/P-A,1756584491,1756584504,714,0,0
1756568100_J..S12X022,093500_J..S12X022,J,1,1756568100,1J 1535 P-A/HEW,1756585002,1756585017,675,0,0
1756568280_J..N41X001,093800_J..N41X001,J,0,1756568280,1J 1538 HEW/P-A,1756585437,1756585452,680,0,0
1756568820_J..S12X022,094700_J..S12X022,J,1,1756568820,1J 1547 P-A/HEW,1756585873,1756585888,637,0,0
1756568910_J..N41X001,094850_J..N41X001,J,0,1756568910,1J 1548+ HEW/P-A,1756585572,1756585587,605,0,0
1756569540_J..S12X022,095900_J..S12X022,J,1,1756569540,1J 1559 P-A/HEW,1756587584,1756587597,766,0,0
1756569720_J..N41X001,096200_J..N41X001,J,0,1756569720,1J 1602 HEW/P-A,1756586623,1756586636,628,0,0
1756570260_J..S12X022,097100_J..S12X022,J,1,1756570260,1J 1611 P-A/HEW,1756587627,1756587629,725,0,0
1756570350_J..N41X001,097250_J..N41X001,J,0,1756570350,1J 1612+ HEW/P-A,1756586999,1756587011,636,0,0
1756570980_J..S12X022,098300_J..S12X022,J,1,1756570980,1J 1623 P-A/HEW,1756587807,1756587810,688,0,0
1756571160_J..N41X001,098600_J..N41X001,J,0,1756571160,1J 1626 HEW/P-A,1756588350,1756588363,737,0,0
1756571700_J..S12X022,099500_J..S12X022,J,1,1756571700,1J 1635 P-A/HEW,1756589176,1756589189,775,0,0
1756571790_J..N41X001,099650_J..N41X001,J,0,1756571790,1J 1636+ HEW/P-A,1756588650,1756588663,693,0,0
1756572420_J..S12X022,100700_J..S12X022,J,1,1756572420,1J 1647 P-A/HEW,1756589221,1756589234,685,0,0
1756572600_J..N41X001,101000_J..N41X001,J,0,1756572600,1J 1650 HEW/P-A,1756589354,1756589356,678,0,0
1756573140_J..S12X022,101900_J..S12X022,J,1,1756573140,1J 1659 P-A/HEW,1756590302,1756590317,684,0,0
1756573230_J..N41X001,102050_J..N41X001,J,0,1756573230,1J 1700+ HEW/P-A,1756589957,1756589972,649,0,0
1756573860_J..S12X022,103100_J..S12X022,J,1,1756573860,1J 1711 P-A/HEW,1756590648,1756590663,611,0,0
1756574040_J..N41X001,103400_J..N41X001,J,0,1756574040,1J 1714 HEW/P-A,1756590678,1756590693,601,0,0
1756574580_J..S12X022,104300_J..S12X022,J,1,1756574580,1J 1723 P-A/HEW,1756591383,1756591396,625,0,0
1756574670_J..N41X001,104450_J..N41X001,J,0,1756574670,1J 1724+ HEW/P-A,1756591789,1756591802,674,0,0
1756575300_J..S12X022,105500_J..S12X022,J,1,1756575300,1J 1735 P-A/HEW,1756592224,1756592237,690,0,0
1756575480_J..N41X001,105800_J..N41X001,J,0,1756575480,1J 1738 HEW/P-A,1756592539,1756592552,720,0,0
1756576020_J..S12X022,106700_J..S12X022,J,1,1756576020,1J 1747 P-A/HEW,1756593020,1756593033,719,0,0
1756576110_J..N41X001,106850_J..N41X001,J,0,1756576110,1J 1748+ HEW/P-A,1756592795,1756592807,677,0,0
1756576740_J..S12X022,107900_J..S12X022,J,1,1756576740,1J 1759 P-A/HEW,1756593711,1756593723,715,0,0
1756576920_J..N41X001,108200_J..N41X001,J,0,1756576920,1J 1802 HEW/P-A,1756593425,1756593438,653,0,0
1756577460_J..S12X022,109100_J..S12X022,J,1,1756577460,1J 1811 P-A/HEW,1756594432,1756594446,712,0,0
1756577550_J..N41X001,109250_J..N41X001,J,0,1756577550,1J 1812+ HEW/P-A,1756594309,1756594311,686,0,0
1756578180_J..S12X022,110300_J..S12X022,J,1,1756578180,1J 1823 P-A/HEW,1756595062,1756595077,658,0,0
1756578360_J..N41X001,110600_J..N41X001,J,0,1756578360,1J 1826 HEW/P-A,1756594912,1756594927,624,0,0
1756578900_J..S12X022,111500_J..S12X022,J,1,1756578900,1J 1835 P-A/HEW,1756595738,1756595753,616,0,0
1756578990_J..N41X001,111650_J..N41X001,J,0,1756578990,1J 1836+ HEW/P-A,1756595558,1756595573,598,0,0
1756579620_J..S12X022,112700_J..S12X022,J,1,1756579620,1J 1847 P-A/HEW,1756596291,1756596293,625,0,0
1756579800_J..N41X001,113000_J..N41X001,J,0,1756579800,1J 1850 HEW/P-A,1756596444,1756596456,634,0,0
1756580340_J..S12X022,113900_J..S12X022,J,1,1756580340,1J 1859 P-A/HEW,1756596954,1756596967,666,0,0
1756580430_J..N41X001,114050_J..N41X001,J,0,1756580430,1J 1900+ HEW/P-A,1756597029,1756597042,668,0,0
1756581030_J..S12X022,115050_J..S12X022,J,1,1756581030,1J 1910+ P-A/HEW,1756598050,1756598063,723,0,0
1756581150_J..N41X001,115250_J..N41X001,J,0,1756581150,1J 1912+ HEW/P-A,1756597840,1756597852,679,0,0
1756581780_J..S12X022,116300_J..S12X022,J,1,1756581780,1J 1923 P-A/HEW,1756598471,1756598483,679,0,0
1756581960_J..N41X001,116600_J..N41X001,J,0,1756581960,1J 1926 HEW/P-A,1756598606,1756598618,673,0,0
1756582500_J..S12X022,117500_J..S12X022,J,1,1756582500,1J 1935 P-A/HEW,1756599159,1756599161,674,0,0
1756582590_J..N41X001,117650_J..N41X001,J,0,1756582590,1J 1936+ HEW/P-A,1756599221,1756599234,671,0,0
1756583220_J..S12X022,118700_J..S12X022,J,1,1756583220,1J 1947 P-A/HEW,1756600348,1756600363,667,0,0
1756583310_J..N41X001,118850_J..N41X001,J,0,1756583310,1J 1948+ HEW/P-A,1756599732,1756599747,612,0,0
1756583940_J..S12X022,119900_J..S12X022,J,1,1756583940,1J 1959 P-A/HEW,1756601234,1756601246,681,0,0
1756584030_J..N41X001,120050_J..N41X001,J,0,1756584030,1J 2000+ HEW/P-A,1756601008,1756601021,645,0,0
1756584660_J..S12X022,121100_J..S12X022,J,1,1756584660,1J 2011 P-A/HEW,1756601624,1756601636,685,0,0
1756584750_J..N41X001,121250_J..N41X001,J,0,1756584750,1J 2012+ HEW/P-A,1756601354,1756601366,643,0,0
1756585380_J..S12X022,122300_J..S12X022,J,1,1756585380,1J 2023 P-A/HEW,1756602387,1756602390,725,0,0
1756585470_J..N41X001,122450_J..N41X001,J,0,1756585470,1J 2024+ HEW/P-A,1756602027,1756602029,665,0,0
1756586100_J..S12X022,123500_J..S12X022,J,1,1756586100,1J 2035 P-A/HEW,1756604026,1756604039,848,0,0
1756586190_J..N41X001,123650_J..N41X001,J,0,1756586190,1J 2036+ HEW/P-A,1756602885,1756602898,684,0,0
1756586820_J..S12X022,124700_J..S12X022,J,1,1756586820,1J 2047 P-A/HEW,1756604042,1756604054,754,0,0
1756586910_J..N41X001,124850_J..N41X001,J,0,1756586910,1J 2048+ HEW/P-A,1756603486,1756603498,668,0,0
1756587600_J..S12X022,126000_J..S12X022,J,1,1756587600,1J 2100 P-A/HEW,1756604492,1756604507,686,0,0
1756587630_J..N41X001,126050_J..N41X001,J,0,1756587630,1J 2100+ HEW/P-A,1756604447,1756604462,679,0,0
1756588350_J..N41X001,127250_J..N41X001,J,0,1756588350,1J 2112+ HEW/P-A,1756604807,1756604822,607,0,0
1756588500_J..S12X022,127500_J..S12X022,J,1,1756588500,1J 2115 P-A/HEW,1756605183,1756605198,615,0,0
1756589040_J..N41X001,128400_J..N41X001,J,0,1756589040,1J 2124 HEW/P-A,1756605858,1756605871,636,0,0
1756589400_J..S12X022,129000_J..S12X022,J,1,1756589400,1J 2130 P-A/HEW,1756606084,1756606096,641,0,0
1756589790_J..N41X001,129650_J..N41X001,J,0,1756589790,1J 2136+ HEW/P-A,1756606414,1756606426,659,0,0
1756590300_J..S12X022,130500_J..S12X022,J,1,1756590300,1J 2145 P-A/HEW,1756607420,1756607432,741,0,0
1756590510_J..N41X001,130850_J..N41X001,J,0,1756590510,1J 2148+ HEW/P-A,1756607060,1756607072,665,0,0
1756591200_J..S12X022,132000_J..S12X022,J,1,1756591200,1J 2200 P-A/HEW,1756607720,1756607733,661,0,0
1756591230_J..N41X001,132050_J..N41X001,J,0,1756591230,1J 2200+ HEW/P-A,1756607915,1756607928,683,0,0
1756591920_J..N41X001,133200_J..N41X001,J,0,1756591920,1J 2212 HEW/P-A,1756608829,1756608831,713,0,0
1756592070_J..S12X022,133450_J..S12X022,J,1,1756592070,1J 2214+ P-A/HEW,1756609237,1756609252,729,0,0
1756592640_J..N41X001,134400_J..N41X001,J,0,1756592640,1J 2224 HEW/P-A,1756610063,1756610078,708,0,0
1756592970_J..S12X022,134950_J..S12X022,J,1,1756592970,1J 2229+ P-A/HEW,1756609958,1756609973,657,0,0
1756593480_J..N41X001,135800_J..N41X001,J,0,1756593480,1J 2238 HEW/P-A,1756610063,1756610078,606,0,0
1756594020_J..S12X022,136700_J..S12X022,J,1,1756594020,1J 2247 P-A/HEW,1756610843,1756610856,646,0,0
1756594590_J..N41X001,137650_J..N41X001,J,0,1756594590,1J 2256+ HEW/P-A,1756611759,1756611772,730,0,0
1756594920_J..S12X022,138200_J..S12X022,J,1,1756594920,1J 2302 P-A/HEW,1756611579,1756611592,681,0,0
1756595490_J..N41X001,139150_J..N41X001,J,0,1756595490,1J 2311+ HEW/P-A,1756612225,1756612237,690,0,0
1756595820_J..S12X022,139700_J..S12X022,J,1,1756595820,1J 2317 P-A/HEW,1756612450,1756612463,676,0,0
1756596390_J..N41X001,140650_J..N41X001,J,0,1756596390,1J 2326+ HEW/P-A,1756613138,1756613141,691,0,0
1756596780_J..S12X022,141300_J..S12X022,J,1,1756596780,1J 2333 P-A/HEW,1756613381,1756613393,672,0,0
1756597140_J..N41X001,141900_J..N41X001,J,0,1756597140,1J 2339 HEW/P-A,1756613787,1756613799,678,0,0
1756597830_J..S12X022,143050_J..S12X022,J,1,1756597830,1J 2350+ P-A/HEW,1756614733,1756614748,656,0,0
1756598040_J..N41X001,143400_J..N41X001,J,0,1756598040,1J 2354 HEW/P-A,1756614642,1756614657,622,0,0
1756598910_J..S12X022,000850_J..S12X022,J,1,1756598910,1J 0008+ P-A/HEW,1756615588,1756615601,639,0,0
1756599120_J..N41X001,001200_J..N41X001,J,0,1756599120,1J 0012 HEW/P-A,1756616384,1756616397,731,0,0
1756600110_J..S12X022,002850_J..S12X022,J,1,1756600110,1J 0028+ P-A/HEW,1756617060,1756617072,633,0,0
1756600410_J..N41X001,003350_J..N41X001,J,0,1756600410,1J 0033+ HEW/P-A,1756617000,1756617012,679,0,0
1756601310_J..S12X022,004850_J..S12X022,J,1,1756601310,1J 0048+ P-A/HEW,1756617991,1756618003,691,0,0
1756601520_J..N41X001,005200_J..N41X001,J,0,1756601520,1J 0052 HEW/P-A,1756618231,1756618243,695,0,0
1756602510_J..S12X022,006850_J..S12X022,J,1,1756602510,1J 0108+ P-A/HEW,1756619252,1756619267,662,0,0
1756602720_J..N41X001,007200_J..N41X001,J,0,1756602720,1J 0112 HEW/P-A,1756619267,1756619282,635,0,0
1756603710_J..S12X022,008850_J..S12X022,J,1,1756603710,1J 0128+ P-A/HEW,1756620904,1756620916,706,0,0
1756603920_J..N41X001,009200_J..N41X001,J,0,1756603920,1J 0132 HEW/P-A,1756622043,1756622045,843,0,0
1756604910_J..S12X022,010850_J..S12X022,J,1,1756604910,1J 0148+ P-A/HEW,1756621805,1756621817,718,0,0
1756605120_J..N41X001,011200_J..N41X001,J,0,1756605120,1J 0152 HEW/P-A,1756622043,1756622045,721,0,0
1756606110_J..S12X022,012850_J..S12X022,J,1,1756606110,1J 0208+ P-A/HEW,1756622931,1756622943,639,0,0
1756606320_J..N41X001,013200_J..N41X001,J,0,1756606320,1J 0212 HEW/P-A,1756623096,1756623109,703,0,0
1756607310_J..S12X022,014850_J..S12X022,J,1,1756607310,1J 0228+ P-A/HEW,1756624072,1756624087,663,0,0
1756607520_J..N41X001,015200_J..N41X001,J,0,1756607520,1J 0232 HEW/P-A,1756624298,1756624312,650,0,0
1756608510_J..S12X022,016850_J..S12X022,J,1,1756608510,1J 0248+ P-A/HEW,1756625331,1756625334,652,0,0
1756608720_J..N41X001,017200_J..N41X001,J,0,1756608720,1J 0252 HEW/P-A,1756626610,1756626622,810,0,0
1756609710_J..S12X022,018850_J..S12X022,J,1,1756609710,1J 0308+ P-A/HEW,1756626397,1756626400,689,0,0
1756609920_J..N41X001,019200_J..N41X001,J,0,1756609920,1J 0312 HEW/P-A,1756626625,1756626637,692,0,0
1756610910_J..S12X022,020850_J..S12X022,J,1,1756610910,1J 0328+ P-A/HEW,1756627778,1756627781,781,0,0
1756611120_J..N41X001,021200_J..N41X001,J,0,1756611120,1J 0332 HEW/P-A,1756628171,1756628184,833,0,0
1756612110_J..S12X022,022850_J..S12X022,J,1,1756612110,1J 0348+ P-A/HEW,1756629193,1756629208,857,0,0
1756612320_J..N41X001,023200_J..N41X001,J,0,1756612320,1J 0352 HEW/P-A,1756630334,1756630346,1023,0,0
1756526580_L..N,024300_L..N,L,0,1756526580,0L 0403 RPY/8AV,1756543097,1756543106,522,0,0
1756527150_L..S,025250_L..S,L,1,1756527150,0L 0412+8AV/RPY,1756543877,1756543886,550,0,0
1756527780_L..N,026300_L..N,L,0,1756527780,0L 0423 RPY/8AV,1756544117,1756544126,498,0,0
1756528350_L..S,027250_L..S,L,1,1756528350,0L 0432+8AV/RPY,1756544822,1756544831,516,0,0
1756528770_L..N,027950_L..N,L,0,1756528770,0L 0439+RPY/8AV,1756545137,1756545146,502,0,0
1756529670_L..N,029450_L..N,L,0,1756529670,0L 0454+RPY/8AV,1756546187,1756546196,522,0,0
1756529700_L..S,029500_L..S,L,1,1756529700,0L 0455 8AV/RPY,1756546067,1756546076,502,0,0
1756530510_L..N,030850_L..N,L,0,1756530510,0L 0508+RPY/8AV,1756547072,1756547081,528,0,0
1756531050_L..S,031750_L..S,L,1,1756531050,0L 0517+8AV/RPY,1756547447,1756547456,504,0,0
1756531260_L..N,032100_L..N,L,0,1756531260,0L 0521 RPY/8AV,1756547702,1756547711,512,0,0
1756531950_L..S,033250_L..S,L,1,1756531950,0L 0532+8AV/RPY,1756548392,1756548401,512,0,0
1756531980_L..N,033300_L..N,L,0,1756531980,0L 0533 RPY/8AV,1756548377,1756548386,506,0,0
1756532640_L..N,034400_L..N,L,0,1756532640,0L 0544 RPY/8AV,1756548977,1756548986,496,0,0
1756532850_L..S,034750_L..S,L,1,1756532850,0L 0547+8AV/RPY,1756549202,1756549211,500,0,0
1756533240_L..N,035400_L..N,L,0,1756533240,0L 0554 RPY/8AV,1756549667,1756549676,510,0,0
1756533630_L..S,036050_L..S,L,1,1756533630,0L 0600+8AV/RPY,1756550132,1756550141,518,0,0
1756533840_L..N,036400_L..N,L,0,1756533840,0L 0604 RPY/8AV,1756550312,1756550321,516,0,0
1756534350_L..S,037250_L..S,L,1,1756534350,0L 0612+8AV/RPY,1756550687,1756550696,498,0,0
1756534440_L..N,037400_L..N,L,0,1756534440,0L 0614 RPY/8AV,1756550867,1756550876,510,0,0
1756534980_L..S,038300_L..S,L,1,1756534980,0L 0623 8AV/RPY,1756551392,1756551401,508,0,0
1756535040_L..N,038400_L..N,L,0,1756535040,0L 0624 RPY/8AV,1756551437,1756551446,506,0,0
1756535520_L..N,039200_L..N,L,0,1756535520,0L 0632 RPY/8AV,1756552052,1756552061,524,0,0
1756535580_L..S,039300_L..S,L,1,1756535580,0L 0633 8AV/RPY,1756551962,1756551971,502,0,0
1756536000_L..N,040000_L..N,L,0,1756536000,0L 0640 RPY/8AV,1756552487,1756552496,518,0,0
1756536180_L..S,040300_L..S,L,1,1756536180,0L 0643 8AV/RPY,1756552547,1756552556,500,0,0
1756536480_L..N,040800_L..N,L,0,1756536480,0L 0648 RPY/8AV,1756552967,1756552976,518,0,0
1756536780_L..S,041300_L..S,L,1,1756536780,0L 0653 8AV/RPY,1756553222,1756553231,510,0,0
1756536810_L..N,041350_L..N,L,0,1756536810,0L 0653+RPY/8AV,1756553087,1756553096,490,0,0
1756537170_L..N,041950_L..N,L,0,1756537170,0L 0659+RPY/8AV,1756553582,1756553592,506,0,0
1756537380_L..S,042300_L..S,L,1,1756537380,0L 0703 8AV/RPY,1756553717,1756553726,498,0,0
1756537530_L..N,042550_L..N,L,0,1756537530,0L 0705+RPY/8AV,1756553957,1756553966,510,0,0
1756537890_L..N,043150_L..N,L,0,1756537890,0L 0711+RPY/8AV,1756554317,1756554326,510,0,0
1756537980_L..S,043300_L..S,L,1,1756537980,0L 0713 8AV/RPY,1756554377,1756554386,506,0,0
1756538250_L..N,043750_L..N,L,0,1756538250,0L 0717+RPY/8AV,1756554677,1756554686,510,0,0
1756538520_L..S,044200_L..S,L,1,1756538520,0L 0722 8AV/RPY,1756554932,1756554942,508,0,0
1756538640_L..N,044400_L..N,L,0,1756538640,0L 0724 105/8AV,1756554902,1756554912,486,0,0
1756538850_L..N,044750_L..N,L,0,1756538850,0L 0727+RPY/8AV,1756555172,1756555181,496,0,0
1756538880_L..S,044800_L..S,L,1,1756538880,0L 0728 8AV/RPY,1756555262,1756555272,504,0,0
1756539240_L..N,045400_L..N,L,0,1756539240,0L 0734 105/8AV,1756555652,1756555661,507,0,0
1756539240_L..S,045400_L..S,L,1,1756539240,0L 0734 8AV/RPY,1756555682,1756555692,511,0,0
1756539450_L..N,045750_L..N,L,0,1756539450,0L 0737+RPY/8AV,1756555802,1756555812,497,0,0
1756539600_L..S,046000_L..S,L,1,1756539600,0L 0740 8AV/RPY,1756555967,1756555977,501,0,0
1756539960_L..S,046600_L..S,L,1,1756539960,0L 0746 8AV/RPY,1756556252,1756556261,489,0,0
1756540050_L..N,046750_L..N,L,0,1756540050,0L 0747+RPY/8AV,1756556477,1756556487,509,0,0
1756540140_L..N,046900_L..N,L,0,1756540140,0L 0749 105/8AV,1756556552,1756556562,241,0,0
1756540320_L..S,047200_L..S,L,1,1756540320,0L 0752 8AV/RPY,1756556732,1756556742,507,0,0
1756540650_L..N,047750_L..N,L,0,1756540650,0L 0757+RPY/8AV,1756557047,1756557057,505,0,0
1756540680_L..S,047800_L..S,L,1,1756540680,0L 0758 8AV/RPY,1756557077,1756557087,503,0,0
1756540980_L..S,048300_L..S,L,1,1756540980,0L 0803 8AV/RPY,1756557392,1756557402,507,0,0
1756541040_L..N,048400_L..N,L,0,1756541040,0L 0804 105/8AV,1756557332,1756557341,491,0,0
1756541250_L..N,048750_L..N,L,0,1756541250,0L 0807+RPY/8AV,1756557707,1756557717,511,0,0
1756541280_L..S,048800_L..S,L,1,1756541280,0L 0808 8AV/RPY,1756557722,1756557732,511,0,0
1756541550_L..N,049250_L..N,L,0,1756541550,0L 0812+RPY/8AV,1756557977,1756557987,509,0,0
1756541580_L..S,049300_L..S,L,1,1756541580,0L 0813 8AV/RPY,1756558007,1756558016,509,0,0
1756541850_L..N,049750_L..N,L,0,1756541850,0L 0817+RPY/8AV,1756558382,1756558392,523,0,0
1756541880_L..S,049800_L..S,L,1,1756541880,0L 0818 8AV/RPY,1756558247,1756558257,501,0,0
1756542180_L..S,050300_L..S,L,1,1756542180,0L 0823 8AV/RPY,1756558772,1756558782,531,0,0
1756542240_L..N,050400_L..N,L,0,1756542240,0L 0824 105/8AV,1756558517,1756558527,487,0,0
1756542450_L..N,050750_L..N,L,0,1756542450,0L 0827+RPY/8AV,1756558922,1756558932,513,0,0
1756542480_L..S,050800_L..S,L,1,1756542480,0L 0828 8AV/RPY,1756558937,1756558947,513,0,0
1756542750_L..N,051250_L..N,L,0,1756542750,0L 0832+RPY/8AV,1756559267,1756559276,519,0,0
1756542780_L..S,051300_L..S,L,1,1756542780,0L 0833 8AV/RPY,1756556807,1756556816,187,0,0
1756542870_L..S,051450_L..S,L,1,1756542870,0L 0834+8AV/RPY,1756559222,1756559232,320,0,0
1756543050_L..N,051750_L..N,L,0,1756543050,0L 0837+RPY/8AV,1756559477,1756559487,508,0,0
1756543080_L..S,051800_L..S,L,1,1756543080,0L 0838 8AV/RPY,1756557347,1756557356,222,0,0
1756543260_L..S,052100_L..S,L,1,1756543260,0L 0841 8AV/RPY,1756559627,1756559637,302,0,0
1756543350_L..N,052250_L..N,L,0,1756543350,0L 0842+RPY/8AV,1756559822,1756559832,516,0,0
1756543650_L..N,052750_L..N,L,0,1756543650,0L 0847+RPY/8AV,1756560047,1756560056,506,0,0
1756543680_L..S,052800_L..S,L,1,1756543680,0L 0848 8AV/RPY,1756560077,1756560086,506,0,0
1756543950_L..N,053250_L..N,L,0,1756543950,0L 0852+RPY/8AV,1756560377,1756560386,510,0,0
1756543980_L..S,053300_L..S,L,1,1756543980,0L 0853 8AV/RPY,1756560437,1756560446,514,0,0
1756544250_L..N,053750_L..N,L,0,1756544250,0L 0857+RPY/8AV,1756560737,1756560746,518,0,0
1756544280_L..S,053800_L..S,L,1,1756544280,0L 0858 8AV/RPY,1756560647,1756560656,502,0,0
1756544550_L..N,054250_L..N,L,0,1756544550,0L 0902+RPY/8AV,1756560992,1756561002,512,0,0
1756544580_L..S,054300_L..S,L,1,1756544580,0L 0903 8AV/RPY,1756560992,1756561002,508,0,0
1756544850_L..N,054750_L..N,L,0,1756544850,0L 0907+RPY/8AV,1756561292,1756561302,512,0,0
1756544880_L..S,054800_L..S,L,1,1756544880,0L 0908 8AV/RPY,1756561277,1756561287,506,0,0
1756545150_L..N,055250_L..N,L,0,1756545150,0L 0912+RPY/8AV,1756561652,1756561662,520,0,0
1756545180_L..S,055300_L..S,L,1,1756545180,0L 0913 8AV/RPY,1756561502,1756561512,496,0,0
1756545450_L..N,055750_L..N,L,0,1756545450,0L 0917+RPY/8AV,1756561937,1756561947,518,0,0
1756545480_L..S,055800_L..S,L,1,1756545480,0L 0918 8AV/RPY,1756561967,1756561977,516,0,0
1756545750_L..N,056250_L..N,L,0,1756545750,0L 0922+RPY/8AV,1756562282,1756562292,524,0,0
1756545780_L..S,056300_L..S,L,1,1756545780,0L 0923 8AV/RPY,1756562207,1756562217,510,0,0
1756546050_L..N,056750_L..N,L,0,1756546050,0L 0927+RPY/8AV,1756562477,1756562487,510,0,0
1756546080_L..S,056800_L..S,L,1,1756546080,0L 0928 8AV/RPY,1756562522,1756562532,512,0,0
1756546350_L..N,057250_L..N,L,0,1756546350,0L 0932+RPY/8AV,1756562807,1756562817,513,0,0
1756546380_L..S,057300_L..S,L,1,1756546380,0L 0933 8AV/RPY,1756562822,1756562832,511,0,0
1756546650_L..N,057750_L..N,L,0,1756546650,0L 0937+RPY/8AV,1756560797,1756560807,206,0,0
1756546680_L..S,057800_L..S,L,1,1756546680,0L 0938 8AV/RPY,1756563182,1756563192,519,0,0
1756546800_L..N,058000_L..N,L,0,1756546800,0L 0940 RPY/8AV,1756563092,1756563102,305,0,0
1756546980_L..S,058300_L..S,L,1,1756546980,0L 0943 8AV/RPY,1756563362,1756563372,503,0,0
1756547250_L..N,058750_L..N,L,0,1756547250,0L 0947+RPY/8AV,1756563497,1756563507,485,0,0
1756547280_L..S,058800_L..S,L,1,1756547280,0L 0948 8AV/RPY,1756563677,1756563687,505,0,0
1756547550_L..N,059250_L..N,L,0,1756547550,0L 0952+RPY/8AV,1756564007,1756564017,511,0,0
1756547580_L..S,059300_L..S,L,1,1756547580,0L 0953 8AV/RPY,1756564037,1756564047,513,0,0
1756547850_L..N,059750_L..N,L,0,1756547850,0L 0957+RPY/8AV,1756564382,1756564392,521,0,0
1756547880_L..S,059800_L..S,L,1,1756547880,0L 0958 8AV/RPY,1756564247,1756564257,499,0,0
1756548120_L..N,060200_L..N,L,0,1756548120,0L 1002 RPY/8AV,1756564637,1756564647,521,0,0
1756548180_L..S,060300_L..S,L,1,1756548180,0L 1003 8AV/RPY,1756564637,1756564647,513,0,0
1756548390_L..N,060650_L..N,L,0,1756548390,0L 1006+RPY/8AV,1756564832,1756564842,511,0,0
1756548480_L..S,060800_L..S,L,1,1756548480,0L 1008 8AV/RPY,1756564997,1756565007,521,0,0
1756548660_L..N,061100_L..N,L,0,1756548660,0L 1011 RPY/8AV,1756565207,1756565217,525,0,0
1756548780_L..S,061300_L..S,L,1,1756548780,0L 1013 8AV/RPY,1756565327,1756565337,523,0,0
1756548930_L..N,061550_L..N,L,0,1756548930,0L 1015+RPY/8AV,1756565462,1756565472,523,0,0
1756549080_L..S,061800_L..S,L,1,1756549080,0L 1018 8AV/RPY,1756565537,1756565547,513,0,0
1756549200_L..N,062000_L..N,L,0,1756549200,0L 1020 RPY/8AV,1756565777,1756565787,529,0,0
1756549380_L..S,062300_L..S,L,1,1756549380,0L 1023 8AV/RPY,1756563317,1756563327,177,0,0
1756549470_L..N,062450_L..N,L,0,1756549470,0L 1024+RPY/8AV,1756565972,1756565982,519,0,0
1756549470_L..S,062450_L..S,L,1,1756549470,0L 1024+8AV/RPY,1756565897,1756565907,342,0,0
1756549680_L..S,062800_L..S,L,1,1756549680,0L 1028 8AV/RPY,1756563602,1756563612,173,0,0
1756549740_L..N,062900_L..N,L,0,1756549740,0L 1029 RPY/8AV,1756566227,1756566237,517,0,0
1756549860_L..S,063100_L..S,L,1,1756549860,0L 1031 8AV/RPY,1756566227,1756566237,350,0,0
1756550100_L..N,063500_L..N,L,0,1756550100,0L 1035 105/8AV,1756566467,1756566477,502,0,0
1756550250_L..S,063750_L..S,L,1,1756550250,0L 1037+8AV/RPY,1756566647,1756566657,504,0,0
1756550280_L..N,063800_L..N,L,0,1756550280,0L 1038 RPY/8AV,1756566842,1756566852,528,0,0
1756550520_L..S,064200_L..S,L,1,1756550520,0L 1042 8AV/RPY,1756566752,1756566762,484,0,0
1756550550_L..N,064250_L..N,L,0,1756550550,0L 1042+RPY/8AV,1756567097,1756567107,526,0,0
1756550790_L..S,064650_L..S,L,1,1756550790,0L 1046+8AV/RPY,1756567217,1756567227,510,0,0
1756550820_L..N,064700_L..N,L,0,1756550820,0L 1047 RPY/8AV,1756567352,1756567362,524,0,0
1756551060_L..S,065100_L..S,L,1,1756551060,0L 1051 8AV/RPY,1756567517,1756567527,512,0,0
1756551090_L..N,065150_L..N,L,0,1756551090,0L 1051+RPY/8AV,1756567457,1756567467,502,0,0
1756551330_L..S,065550_L..S,L,1,1756551330,0L 1055+8AV/RPY,1756567802,1756567812,516,0,0
1756551360_L..N,065600_L..N,L,0,1756551360,0L 1056 RPY/8AV,1756568057,1756568067,546,0,0
1756551600_L..S,066000_L..S,L,1,1756551600,0L 1100 8AV/RPY,1756568042,1756568052,512,0,0
1756551630_L..N,066050_L..N,L,0,1756551630,0L 1100+RPY/8AV,1756568147,1756568157,522,0,0
1756551870_L..S,066450_L..S,L,1,1756551870,0L 1104+8AV/RPY,1756568357,1756568367,518,0,0
1756551900_L..N,066500_L..N,L,0,1756551900,0L 1105 RPY/8AV,1756568507,1756568517,531,0,0
1756552140_L..S,066900_L..S,L,1,1756552140,0L 1109 8AV/RPY,1756568582,1756568592,511,0,0
1756552170_L..N,066950_L..N,L,0,1756552170,0L 1109+RPY/8AV,1756568657,1756568667,517,0,0
1756552410_L..S,067350_L..S,L,1,1756552410,0L 1113+8AV/RPY,1756568837,1756568847,507,0,0
1756552440_L..N,067400_L..N,L,0,1756552440,0L 1114 RPY/8AV,1756568972,1756568982,523,0,0
1756552680_L..S,067800_L..S,L,1,1756552680,0L 1118 8AV/RPY,1756569092,1756569102,507,0,0
1756552710_L..N,067850_L..N,L,0,1756552710,0L 1118+RPY/8AV,1756569212,1756569222,517,0,0
1756552950_L..S,068250_L..S,L,1,1756552950,0L 1122+8AV/RPY,1756569362,1756569372,507,0,0
1756552980_L..N,068300_L..N,L,0,1756552980,0L 1123 RPY/8AV,1756569482,1756569492,519,0,0
1756553220_L..S,068700_L..S,L,1,1756553220,0L 1127 8AV/RPY,1756569572,1756569582,497,0,0
1756553250_L..N,068750_L..N,L,0,1756553250,0L 1127+105/8AV,1756569782,1756569797,512,0,0
1756553430_L..N,069050_L..N,L,0,1756553430,0L 1130+RPY/8AV,1756570022,1756570029,513,0,0
1756553490_L..S,069150_L..S,L,1,1756553490,0L 1131+8AV/RPY,1756569947,1756569955,499,0,0
1756553700_L..N,069500_L..N,L,0,1756553700,0L 1135 RPY/8AV,1756570247,1756570257,505,0,0
1756553760_L..S,069600_L..S,L,1,1756553760,0L 1136 8AV/RPY,1756570277,1756570287,501,0,0
1756553970_L..N,069950_L..N,L,0,1756553970,0L 1139+RPY/8AV,1756570532,1756570542,507,0,0
1756554030_L..S,070050_L..S,L,1,1756554030,0L 1140+8AV/RPY,1756570427,1756570437,485,0,0
1756554240_L..N,070400_L..N,L,0,1756554240,0L 1144 RPY/8AV,1756570847,1756570857,513,0,0
1756554300_L..S,070500_L..S,L,1,1756554300,0L 1145 8AV/RPY,1756570697,1756570707,485,0,0
1756554510_L..N,070850_L..N,L,0,1756554510,0L 1148+RPY/8AV,1756571012,1756571022,499,0,0
1756554570_L..S,070950_L..S,L,1,1756554570,0L 1149+8AV/RPY,1756571087,1756571097,501,0,0
1756554780_L..N,071300_L..N,L,0,1756554780,0L 1153 RPY/8AV,1756571297,1756571307,500,0,0
1756554840_L..S,071400_L..S,L,1,1756554840,0L 1154 8AV/RPY,1756571492,1756571502,517,0,0
1756555020_L..N,071700_L..N,L,0,1756555020,0L 1157 RPY/8AV,1756571597,1756571607,507,0,0
1756555110_L..S,071850_L..S,L,1,1756555110,0L 1158+8AV/RPY,1756571672,1756571682,505,0,0
1756555260_L..N,072100_L..N,L,0,1756555260,0L 1201 RPY/8AV,1756571852,1756571862,509,0,0
1756555380_L..S,072300_L..S,L,1,1756555380,0L 1203 8AV/RPY,1756571852,1756571862,493,0,0
1756555500_L..N,072500_L..N,L,0,1756555500,0L 1205 RPY/8AV,1756572107,1756572117,509,0,0
1756555650_L..S,072750_L..S,L,1,1756555650,0L 1207+8AV/RPY,1756572152,1756572162,497,0,0
1756555740_L..N,072900_L..N,L,0,1756555740,0L 1209 RPY/8AV,1756572302,1756572312,505,0,0
1756555920_L..S,073200_L..S,L,1,1756555920,0L 1212 8AV/RPY,1756572377,1756572387,492,0,0
1756555980_L..N,073300_L..N,L,0,1756555980,0L 1213 RPY/8AV,1756572617,1756572627,516,0,0
1756556190_L..S,073650_L..S,L,1,1756556190,0L 1216+8AV/RPY,1756572647,1756572657,490,0,0
1756556220_L..N,073700_L..N,L,0,1756556220,0L 1217 RPY/8AV,1756572737,1756572747,500,0,0
1756556460_L..S,074100_L..S,L,1,1756556460,0L 1221 8AV/RPY,1756572977,1756572987,500,0,0
1756556520_L..N,074200_L..N,L,0,1756556520,0L 1222 RPY/8AV,1756573112,1756573122,510,0,0
1756556730_L..S,074550_L..S,L,1,1756556730,0L 1225+8AV/RPY,1756573337,1756573347,512,0,0
1756556790_L..N,074650_L..N,L,0,1756556790,0L 1226+105/8AV,1756573427,1756573437,492,0,0
1756556940_L..N,074900_L..N,L,0,1756556940,0L 1229 RPY/8AV,1756573592,1756573602,517,0,0
1756557000_L..S,075000_L..S,L,1,1756557000,0L 1230 8AV/RPY,1756573517,1756573527,499,0,0
1756557180_L..N,075300_L..N,L,0,1756557180,0L 1233 RPY/8AV,1756573817,1756573827,523,0,0
1756557240_L..S,075400_L..S,L,1,1756557240,0L 1234 8AV/RPY,1756573712,1756573722,503,0,0
1756557420_L..N,075700_L..N,L,0,1756557420,0L 1237 RPY/8AV,1756574012,1756574022,527,0,0
1756557480_L..S,075800_L..S,L,1,1756557480,0L 1238 8AV/RPY,1756573967,1756573977,515,0,0
1756557660_L..N,076100_L..N,L,0,1756557660,0L 1241 RPY/8AV,1756574297,1756574307,535,0,0
1756557720_L..S,076200_L..S,L,1,1756557720,0L 1242 8AV/RPY,1756574267,1756574277,523,0,0
1756557900_L..N,076500_L..N,L,0,1756557900,0L 1245 RPY/8AV,1756574372,1756574382,513,0,0
1756557960_L..S,076600_L..S,L,1,1756557960,0L 1246 8AV/RPY,1756574507,1756574517,523,0,0
1756558200_L..S,077000_L..S,L,1,1756558200,0L 1250 8AV/RPY,1756575047,1756575057,562,0,0
1756558230_L..N,077050_L..N,L,0,1756558230,0L 1250+RPY/8AV,1756574897,1756574907,539,0,0
1756558440_L..S,077400_L..S,L,1,1756558440,0L 1254 8AV/RPY,1756575212,1756575222,552,0,0
1756558470_L..N,077450_L..N,L,0,1756558470,0L 1254+105/8AV,1756575047,1756575057,526,0,0
1756558620_L..N,077700_L..N,L,0,1756558620,0L 1257 RPY/8AV,1756575242,1756575252,533,0,0
1756558680_L..S,077800_L..S,L,1,1756558680,0L 1258 8AV/RPY,1756575332,1756575342,537,0,0
1756558830_L..N,078050_L..N,L,0,1756558830,0L 1300+RPY/8AV,1756575467,1756575477,536,0,0
1756558920_L..S,078200_L..S,L,1,1756558920,0L 1302 8AV/RPY,1756575452,1756575462,522,0,0
1756559100_L..N,078500_L..N,L,0,1756559100,0L 1305 RPY/8AV,1756575647,1756575657,524,0,0
1756559160_L..S,078600_L..S,L,1,1756559160,0L 1306 8AV/RPY,1756575722,1756575732,526,0,0
1756559340_L..N,078900_L..N,L,0,1756559340,0L 1309 RPY/8AV,1756575962,1756575972,534,0,0
1756559400_L..S,079000_L..S,L,1,1756559400,0L 1310 8AV/RPY,1756575887,1756575897,516,0,0
1756559580_L..N,079300_L..N,L,0,1756559580,0L 1313 RPY/8AV,1756576187,1756576197,532,0,0
1756559640_L..S,079400_L..S,L,1,1756559640,0L 1314 8AV/RPY,1756576127,1756576137,514,0,0
1756559820_L..N,079700_L..N,L,0,1756559820,0L 1317 RPY/8AV,1756576682,1756576692,555,0,0
1756559880_L..S,079800_L..S,L,1,1756559880,0L 1318 8AV/RPY,1756576562,1756576572,542,0,0
1756560060_L..N,080100_L..N,L,0,1756560060,0L 1321 RPY/8AV,1756576847,1756576857,535,0,0
1756560120_L..S,080200_L..S,L,1,1756560120,0L 1322 8AV/RPY,1756576832,1756576842,545,0,0
1756560300_L..N,080500_L..N,L,0,1756560300,0L 1325 RPY/8AV,1756577087,1756577097,555,0,0
1756560360_L..S,080600_L..S,L,1,1756560360,0L 1326 8AV/RPY,1756577057,1756577067,543,0,0
1756560540_L..N,080900_L..N,L,0,1756560540,0L 1329 RPY/8AV,1756577327,1756577342,552,0,0
1756560600_L..S,081000_L..S,L,1,1756560600,0L 1330 8AV/RPY,1756577357,1756577367,550,0,0
1756560780_L..N,081300_L..N,L,0,1756560780,0L 1333 RPY/8AV,1756577477,1756577487,542,0,0
1756560840_L..S,081400_L..S,L,1,1756560840,0L 1334 8AV/RPY,1756577552,1756577562,545,0,0
1756561020_L..N,081700_L..N,L,0,1756561020,0L 1337 RPY/8AV,1756577717,1756577727,543,0,0
1756561080_L..S,081800_L..S,L,1,1756561080,0L 1338 8AV/RPY,1756577762,1756577772,541,0,0
1756561260_L..N,082100_L..N,L,0,1756561260,0L 1341 RPY/8AV,1756578047,1756578057,555,0,0
1756561320_L..S,082200_L..S,L,1,1756561320,0L 1342 8AV/RPY,1756578122,1756578132,557,0,0
1756561500_L..N,082500_L..N,L,0,1756561500,0L 1345 RPY/8AV,1756578122,1756578132,533,0,0
1756561560_L..S,082600_L..S,L,1,1756561560,0L 1346 8AV/RPY,1756578302,1756578312,549,0,0
1756561740_L..N,082900_L..N,L,0,1756561740,0L 1349 RPY/8AV,1756576127,1756576137,237,0,0
1756561800_L..S,083000_L..S,L,1,1756561800,0L 1350 8AV/RPY,1756578497,1756578507,543,0,0
1756561980_L..N,083300_L..N,L,0,1756561980,0L 1353 RPY/8AV,1756578407,1756578417,507,0,0
1756562040_L..S,083400_L..S,L,1,1756562040,0L 1354 8AV/RPY,1756578722,1756578732,541,0,0
1756562220_L..N,083700_L..N,L,0,1756562220,0L 1357 RPY/8AV,1756578797,1756578807,527,0,0
1756562280_L..S,083800_L..S,L,1,1756562280,0L 1358 8AV/RPY,1756579007,1756579017,547,0,0
1756562460_L..N,084100_L..N,L,0,1756562460,0L 1401 RPY/8AV,1756578962,1756578972,518,0,0
1756562520_L..S,084200_L..S,L,1,1756562520,0L 1402 8AV/RPY,1756579232,1756579242,546,0,0
1756562700_L..N,084500_L..N,L,0,1756562700,0L 1405 RPY/8AV,1756579172,1756579182,512,0,0
1756562760_L..S,084600_L..S,L,1,1756562760,0L 1406 8AV/RPY,1756579472,1756579482,546,0,0
1756562940_L..N,084900_L..N,L,0,1756562940,0L 1409 RPY/8AV,1756579442,1756579452,518,0,0
1756563000_L..S,085000_L..S,L,1,1756563000,0L 1410 8AV/RPY,1756579697,1756579707,544,0,0
1756563180_L..N,085300_L..N,L,0,1756563180,0L 1413 RPY/8AV,1756579712,1756579722,522,0,0
1756563240_L..S,085400_L..S,L,1,1756563240,0L 1414 8AV/RPY,1756579952,1756579962,546,0,0
1756563420_L..N,085700_L..N,L,0,1756563420,0L 1417 RPY/8AV,1756579997,1756580007,528,0,0
1756563480_L..S,085800_L..S,L,1,1756563480,0L 1418 8AV/RPY,1756580207,1756580217,548,0,0
1756563660_L..N,086100_L..N,L,0,1756563660,0L 1421 RPY/8AV,1756580282,1756580292,534,0,0
1756563720_L..S,086200_L..S,L,1,1756563720,0L 1422 8AV/RPY,1756580417,1756580427,544,0,0
1756563900_L..N,086500_L..N,L,0,1756563900,0L 1425 RPY/8AV,1756580522,1756580532,534,0,0
1756563960_L..S,086600_L..S,L,1,1756563960,0L 1426 8AV/RPY,1756580672,1756580682,544,0,0
1756564140_L..N,086900_L..N,L,0,1756564140,0L 1429 RPY/8AV,1756580702,1756580712,527,0,0
1756564320_L..S,087200_L..S,L,1,1756564320,0L 1432 8AV/RPY,1756580912,1756580922,477,0,0
1756564380_L..N,087300_L..N,L,0,1756564380,0L 1433 RPY/8AV,1756581032,1756581042,539,0,0
1756564620_L..N,087700_L..N,L,0,1756564620,0L 1437 RPY/8AV,1756581122,1756581132,519,0,0
1756564680_L..S,087800_L..S,L,1,1756564680,0L 1438 8AV/RPY,1756581317,1756581327,537,0,0
1756564860_L..N,088100_L..N,L,0,1756564860,0L 1441 RPY/8AV,1756581392,1756581402,524,0,0
1756564920_L..S,088200_L..S,L,1,1756564920,0L 1442 8AV/RPY,1756581422,1756581432,520,0,0
1756565100_L..N,088500_L..N,L,0,1756565100,0L 1445 RPY/8AV,1756581677,1756581687,530,0,0
1756565160_L..S,088600_L..S,L,1,1756565160,0L 1446 8AV/RPY,1756581617,1756581627,514,0,0
1756565340_L..N,088900_L..N,L,0,1756565340,0L 1449 RPY/8AV,1756581917,1756581927,530,0,0
1756565400_L..S,089000_L..S,L,1,1756565400,0L 1450 8AV/RPY,1756581917,1756581927,522,0,0
1756565580_L..N,089300_L..N,L,0,1756565580,0L 1453 RPY/8AV,1756582217,1756582227,538,0,0
1756565640_L..S,089400_L..S,L,1,1756565640,0L 1454 8AV/RPY,1756582097,1756582107,514,0,0
1756565820_L..N,089700_L..N,L,0,1756565820,0L 1457 RPY/8AV,1756582532,1756582542,548,0,0
1756565880_L..S,089800_L..S,L,1,1756565880,0L 1458 8AV/RPY,1756582217,1756582227,498,0,0
1756566060_L..N,090100_L..N,L,0,1756566060,0L 1501 RPY/8AV,1756582712,1756582722,540,0,0
1756566120_L..S,090200_L..S,L,1,1756566120,0L 1502 8AV/RPY,1756582607,1756582617,518,0,0
1756566300_L..N,090500_L..N,L,0,1756566300,0L 1505 RPY/8AV,1756582862,1756582872,528,0,0
1756566360_L..S,090600_L..S,L,1,1756566360,0L 1506 8AV/RPY,1756582922,1756582932,528,0,0
1756566540_L..N,090900_L..N,L,0,1756566540,0L 1509 RPY/8AV,1756583087,1756583097,526,0,0
1756566600_L..S,091000_L..S,L,1,1756566600,0L 1510 8AV/RPY,1756583222,1756583232,536,0,0
1756566780_L..N,091300_L..N,L,0,1756566780,0L 1513 RPY/8AV,1756583357,1756583367,530,0,0
1756566840_L..S,091400_L..S,L,1,1756566840,0L 1514 8AV/RPY,1756583372,1756583382,524,0,0
1756567020_L..N,091700_L..N,L,0,1756567020,0L 1517 RPY/8AV,1756583627,1756583637,534,0,0
1756567080_L..S,091800_L..S,L,1,1756567080,0L 1518 8AV/RPY,1756583612,1756583622,524,0,0
1756567260_L..N,092100_L..N,L,0,1756567260,0L 1521 RPY/8AV,1756583852,1756583862,532,0,0
1756567320_L..S,092200_L..S,L,1,1756567320,0L 1522 8AV/RPY,1756583807,1756583817,518,0,0
1756567500_L..N,092500_L..N,L,0,1756567500,0L 1525 RPY/8AV,1756584047,1756584057,525,0,0
1756567560_L..S,092600_L..S,L,1,1756567560,0L 1526 8AV/RPY,1756584122,1756584132,525,0,0
1756567740_L..N,092900_L..N,L,0,1756567740,0L 1529 RPY/8AV,1756584377,1756584387,537,0,0
1756567800_L..S,093000_L..S,L,1,1756567800,0L 1530 8AV/RPY,1756584242,1756584252,511,0,0
1756567980_L..N,093300_L..N,L,0,1756567980,0L 1533 RPY/8AV,1756584572,1756584582,531,0,0
1756568040_L..S,093400_L..S,L,1,1756568040,0L 1534 8AV/RPY,1756584527,1756584537,517,0,0
1756568220_L..N,093700_L..N,L,0,1756568220,0L 1537 RPY/8AV,1756584842,1756584852,535,0,0
1756568280_L..S,093800_L..S,L,1,1756568280,0L 1538 8AV/RPY,1756584782,1756584792,519,0,0
1756568460_L..N,094100_L..N,L,0,1756568460,0L 1541 RPY/8AV,1756584917,1756584927,511,0,0
1756568520_L..S,094200_L..S,L,1,1756568520,0L 1542 8AV/RPY,1756584977,1756584987,513,0,0
1756568700_L..N,094500_L..N,L,0,1756568700,0L 1545 RPY/8AV,1756585112,1756585122,507,0,0
1756568760_L..S,094600_L..S,L,1,1756568760,0L 1546 8AV/RPY,1756585202,1756585212,511,0,0
1756568940_L..N,094900_L..N,L,0,1756568940,0L 1549 RPY/8AV,1756585562,1756585572,535,0,0
1756569000_L..S,095000_L..S,L,1,1756569000,0L 1550 8AV/RPY,1756585502,1756585512,519,0,0
1756569180_L..N,095300_L..N,L,0,1756569180,0L 1553 RPY/8AV,1756585757,1756585767,529,0,0
1756569240_L..S,095400_L..S,L,1,1756569240,0L 1554 8AV/RPY,1756585847,1756585857,533,0,0
1756569420_L..N,095700_L..N,L,0,1756569420,0L 1557 RPY/8AV,1756585922,1756585932,517,0,0
1756569480_L..S,095800_L..S,L,1,1756569480,0L 1558 8AV/RPY,1756585997,1756586007,521,0,0
1756569660_L..N,096100_L..N,L,0,1756569660,0L 1601 RPY/8AV,1756586132,1756586142,513,0,0
1756569720_L..S,096200_L..S,L,1,1756569720,0L 1602 8AV/RPY,1756586222,1756586232,519,0,0
1756569900_L..N,096500_L..N,L,0,1756569900,0L 1605 RPY/8AV,1756586417,1756586427,521,0,0
1756569960_L..S,096600_L..S,L,1,1756569960,0L 1606 8AV/RPY,1756586447,1756586457,517,0,0
1756570140_L..N,096900_L..N,L,0,1756570140,0L 1609 RPY/8AV,1756586657,1756586667,521,0,0
1756570200_L..S,097000_L..S,L,1,1756570200,0L 1610 8AV/RPY,1756586747,1756586757,523,0,0
1756570380_L..N,097300_L..N,L,0,1756570380,0L 1613 RPY/8AV,1756586912,1756586922,523,0,0
1756570440_L..S,097400_L..S,L,1,1756570440,0L 1614 8AV/RPY,1756586897,1756586907,511,0,0
1756570620_L..N,097700_L..N,L,0,1756570620,0L 1617 RPY/8AV,1756587077,1756587087,513,0,0
1756570680_L..S,097800_L..S,L,1,1756570680,0L 1618 8AV/RPY,1756587182,1756587192,519,0,0
1756570860_L..N,098100_L..N,L,0,1756570860,0L 1621 RPY/8AV,1756587302,1756587312,511,0,0
1756570920_L..S,098200_L..S,L,1,1756570920,0L 1622 8AV/RPY,1756587677,1756587687,551,0,0
1756571100_L..N,098500_L..N,L,0,1756571100,0L 1625 RPY/8AV,1756587767,1756587777,541,0,0
1756571160_L..S,098600_L..S,L,1,1756571160,0L 1626 8AV/RPY,1756587932,1756587942,555,0,0
1756571340_L..N,098900_L..N,L,0,1756571340,0L 1629 RPY/8AV,1756587977,1756587987,538,0,0
1756571400_L..S,099000_L..S,L,1,1756571400,0L 1630 8AV/RPY,1756588112,1756588122,548,0,0
1756571580_L..N,099300_L..N,L,0,1756571580,0L 1633 RPY/8AV,1756588127,1756588137,526,0,0
1756571640_L..S,099400_L..S,L,1,1756571640,0L 1634 8AV/RPY,1756588262,1756588272,536,0,0
1756571820_L..N,099700_L..N,L,0,1756571820,0L 1637 RPY/8AV,1756588382,1756588392,528,0,0
1756571880_L..S,099800_L..S,L,1,1756571880,0L 1638 8AV/RPY,1756588457,1756588467,530,0,0
1756572060_L..N,100100_L..N,L,0,1756572060,0L 1641 RPY/8AV,1756588607,1756588617,526,0,0
1756572120_L..S,100200_L..S,L,1,1756572120,0L 1642 8AV/RPY,1756588727,1756588737,534,0,0
1756572300_L..N,100500_L..N,L,0,1756572300,0L 1645 RPY/8AV,1756588832,1756588842,524,0,0
1756572360_L..S,100600_L..S,L,1,1756572360,0L 1646 8AV/RPY,1756588832,1756588842,516,0,0
1756572540_L..N,100900_L..N,L,0,1756572540,0L 1649 RPY/8AV,1756589132,1756589142,532,0,0
1756572600_L..S,101000_L..S,L,1,1756572600,0L 1650 8AV/RPY,1756589012,1756589022,508,0,0
1756572780_L..N,101300_L..N,L,0,1756572780,0L 1653 RPY/8AV,1756589432,1756589442,538,0,0
1756572840_L..S,101400_L..S,L,1,1756572840,0L 1654 8AV/RPY,1756589192,1756589202,498,0,0
1756573020_L..N,101700_L..N,L,0,1756573020,0L 1657 RPY/8AV,1756589612,1756589622,532,0,0
1756573080_L..S,101800_L..S,L,1,1756573080,0L 1658 8AV/RPY,1756589507,1756589517,510,0,0
1756573260_L..N,102100_L..N,L,0,1756573260,0L 1701 RPY/8AV,1756589852,1756589862,530,0,0
1756573320_L..S,102200_L..S,L,1,1756573320,0L 1702 8AV/RPY,1756589762,1756589772,512,0,0
1756573500_L..N,102500_L..N,L,0,1756573500,0L 1705 RPY/8AV,1756590167,1756590177,542,0,0
1756573560_L..S,102600_L..S,L,1,1756573560,0L 1706 8AV/RPY,1756590062,1756590072,520,0,0
1756573740_L..N,102900_L..N,L,0,1756573740,0L 1709 RPY/8AV,1756590317,1756590327,530,0,0
1756573800_L..S,103000_L..S,L,1,1756573800,0L 1710 8AV/RPY,1756590257,1756590267,514,0,0
1756573980_L..N,103300_L..N,L,0,1756573980,0L 1713 RPY/8AV,1756590587,1756590597,534,0,0
1756574040_L..S,103400_L..S,L,1,1756574040,0L 1714 8AV/RPY,1756590587,1756590597,526,0,0
1756574220_L..N,103700_L..N,L,0,1756574220,0L 1717 RPY/8AV,1756590767,1756590777,526,0,0
1756574280_L..S,103800_L..S,L,1,1756574280,0L 1718 8AV/RPY,1756590782,1756590792,520,0,0
1756574460_L..N,104100_L..N,L,0,1756574460,0L 1721 RPY/8AV,1756591262,1756591272,559,0,0
1756574520_L..S,104200_L..S,L,1,1756574520,0L 1722 8AV/RPY,1756591007,1756591017,518,0,0
1756574700_L..N,104500_L..N,L,0,1756574700,0L 1725 RPY/8AV,1756591457,1756591467,551,0,0
1756574760_L..S,104600_L..S,L,1,1756574760,0L 1726 8AV/RPY,1756591262,1756591272,517,0,0
1756574940_L..N,104900_L..N,L,0,1756574940,0L 1729 RPY/8AV,1756591532,1756591542,531,0,0
1756575000_L..S,105000_L..S,L,1,1756575000,0L 1730 8AV/RPY,1756591577,1756591587,529,0,0
1756575180_L..N,105300_L..N,L,0,1756575180,0L 1733 RPY/8AV,1756591697,1756591707,521,0,0
1756575240_L..S,105400_L..S,L,1,1756575240,0L 1734 8AV/RPY,1756591757,1756591767,519,0,0
1756575420_L..N,105700_L..N,L,0,1756575420,0L 1737 RPY/8AV,1756591877,1756591887,513,0,0
1756575480_L..S,105800_L..S,L,1,1756575480,0L 1738 8AV/RPY,1756591967,1756591977,517,0,0
1756575660_L..N,106100_L..N,L,0,1756575660,0L 1741 RPY/8AV,1756592267,1756592277,533,0,0
1756575720_L..S,106200_L..S,L,1,1756575720,0L 1742 8AV/RPY,1756592147,1756592157,509,0,0
1756575900_L..N,106500_L..N,L,0,1756575900,0L 1745 RPY/8AV,1756592462,1756592472,527,0,0
1756575960_L..S,106600_L..S,L,1,1756575960,0L 1746 8AV/RPY,1756592552,1756592562,531,0,0
1756576140_L..N,106900_L..N,L,0,1756576140,0L 1749 RPY/8AV,1756592627,1756592637,517,0,0
1756576200_L..S,107000_L..S,L,1,1756576200,0L 1750 8AV/RPY,1756592732,1756592742,523,0,0
1756576380_L..N,107300_L..N,L,0,1756576380,0L 1753 RPY/8AV,1756592822,1756592832,511,0,0
1756576440_L..S,107400_L..S,L,1,1756576440,0L 1754 8AV/RPY,1756592897,1756592907,513,0,0
1756576620_L..N,107700_L..N,L,0,1756576620,0L 1757 RPY/8AV,1756593197,1756593207,529,0,0
1756576680_L..S,107800_L..S,L,1,1756576680,0L 1758 8AV/RPY,1756593212,1756593222,523,0,0
1756576860_L..N,108100_L..N,L,0,1756576860,0L 1801 RPY/8AV,1756593407,1756593417,525,0,0
1756576920_L..S,108200_L..S,L,1,1756576920,0L 1802 8AV/RPY,1756593452,1756593462,523,0,0
1756577100_L..N,108500_L..N,L,0,1756577100,0L 1805 RPY/8AV,1756593557,1756593567,513,0,0
1756577160_L..S,108600_L..S,L,1,1756577160,0L 1806 8AV/RPY,1756593767,1756593777,533,0,0
1756577340_L..N,108900_L..N,L,0,1756577340,0L 1809 RPY/8AV,1756593812,1756593822,515,0,0
1756577400_L..S,109000_L..S,L,1,1756577400,0L 1810 8AV/RPY,1756593977,1756593987,529,0,0
1756577580_L..N,109300_L..N,L,0,1756577580,0L 1813 RPY/8AV,1756594082,1756594092,519,0,0
1756577640_L..S,109400_L..S,L,1,1756577640,0L 1814 8AV/RPY,1756594127,1756594137,517,0,0
1756577820_L..N,109700_L..N,L,0,1756577820,0L 1817 RPY/8AV,1756594487,1756594497,541,0,0
1756577880_L..S,109800_L..S,L,1,1756577880,0L 1818 8AV/RPY,1756594322,1756594332,509,0,0
1756578060_L..N,110100_L..N,L,0,1756578060,0L 1821 RPY/8AV,1756594607,1756594617,525,0,0
1756578120_L..S,110200_L..S,L,1,1756578120,0L 1822 8AV/RPY,1756594562,1756594572,511,0,0
1756578300_L..N,110500_L..N,L,0,1756578300,0L 1825 RPY/8AV,1756594802,1756594812,519,0,0
1756578360_L..S,110600_L..S,L,1,1756578360,0L 1826 8AV/RPY,1756594757,1756594767,505,0,0
1756578540_L..N,110900_L..N,L,0,1756578540,0L 1829 RPY/8AV,1756595117,1756595127,529,0,0
1756578600_L..S,111000_L..S,L,1,1756578600,0L 1830 8AV/RPY,1756594967,1756594977,502,0,0
1756578780_L..N,111300_L..N,L,0,1756578780,0L 1833 RPY/8AV,1756595312,1756595322,524,0,0
1756578840_L..S,111400_L..S,L,1,1756578840,0L 1834 8AV/RPY,1756595327,1756595337,518,0,0
1756579020_L..N,111700_L..N,L,0,1756579020,0L 1837 RPY/8AV,1756595492,1756595502,516,0,0
1756579080_L..S,111800_L..S,L,1,1756579080,0L 1838 8AV/RPY,1756595582,1756595592,520,0,0
1756579260_L..N,112100_L..N,L,0,1756579260,0L 1841 RPY/8AV,1756595837,1756595847,529,0,0
1756579320_L..S,112200_L..S,L,1,1756579320,0L 1842 8AV/RPY,1756595762,1756595772,511,0,0
1756579500_L..N,112500_L..N,L,0,1756579500,0L 1845 RPY/8AV,1756596152,1756596162,539,0,0
1756579560_L..S,112600_L..S,L,1,1756579560,0L 1846 8AV/RPY,1756596002,1756596012,511,0,0
1756579740_L..N,112900_L..N,L,0,1756579740,0L 1849 RPY/8AV,1756596317,1756596327,529,0,0
1756579800_L..S,113000_L..S,L,1,1756579800,0L 1850 8AV/RPY,1756596347,1756596357,525,0,0
1756579980_L..N,113300_L..N,L,0,1756579980,0L 1853 RPY/8AV,1756596632,1756596642,539,0,0
1756580040_L..S,113400_L..S,L,1,1756580040,0L 1854 8AV/RPY,1756596527,1756596537,517,0,0
1756580220_L..N,113700_L..N,L,0,1756580220,0L 1857 RPY/8AV,1756596797,1756596807,529,0,0
1756580280_L..S,113800_L..S,L,1,1756580280,0L 1858 8AV/RPY,1756596707,1756596717,507,0,0
1756580460_L..N,114100_L..N,L,0,1756580460,0L 1901 RPY/8AV,1756597067,1756597077,531,0,0
1756580520_L..S,114200_L..S,L,1,1756580520,0L 1902 8AV/RPY,1756596947,1756596957,509,0,0
1756580700_L..N,114500_L..N,L,0,1756580700,0L 1905 RPY/8AV,1756597307,1756597317,533,0,0
1756580760_L..S,114600_L..S,L,1,1756580760,0L 1906 8AV/RPY,1756597172,1756597182,507,0,0
1756580940_L..N,114900_L..N,L,0,1756580940,0L 1909 RPY/8AV,1756597502,1756597512,527,0,0
1756581000_L..S,115000_L..S,L,1,1756581000,0L 1910 8AV/RPY,1756597532,1756597542,523,0,0
1756581180_L..N,115300_L..N,L,0,1756581180,0L 1913 RPY/8AV,1756597742,1756597752,525,0,0
1756581240_L..S,115400_L..S,L,1,1756581240,0L 1914 8AV/RPY,1756597637,1756597647,505,0,0
1756581420_L..N,115700_L..N,L,0,1756581420,0L 1917 RPY/8AV,1756597982,1756597992,527,0,0
1756581480_L..S,115800_L..S,L,1,1756581480,0L 1918 8AV/RPY,1756598117,1756598127,537,0,0
1756581660_L..N,116100_L..N,L,0,1756581660,0L 1921 RPY/8AV,1756598162,1756598172,519,0,0
1756581720_L..S,116200_L..S,L,1,1756581720,0L 1922 8AV/RPY,1756598222,1756598232,517,0,0
1756581900_L..N,116500_L..N,L,0,1756581900,0L 1925 RPY/8AV,1756598357,1756598367,513,0,0
1756581960_L..S,116600_L..S,L,1,1756581960,0L 1926 8AV/RPY,1756598447,1756598457,515,0,0
1756582140_L..N,116900_L..N,L,0,1756582140,0L 1929 RPY/8AV,1756598597,1756598607,511,0,0
1756582200_L..S,117000_L..S,L,1,1756582200,0L 1930 8AV/RPY,1756598657,1756598667,513,0,0
1756582380_L..N,117300_L..N,L,0,1756582380,0L 1933 RPY/8AV,1756598972,1756598982,531,0,0
1756582440_L..S,117400_L..S,L,1,1756582440,0L 1934 8AV/RPY,1756598987,1756598997,525,0,0
1756582620_L..N,117700_L..N,L,0,1756582620,0L 1937 RPY/8AV,1756599182,1756599192,527,0,0
1756582680_L..S,117800_L..S,L,1,1756582680,0L 1938 8AV/RPY,1756599197,1756599207,521,0,0
1756582860_L..N,118100_L..N,L,0,1756582860,0L 1941 RPY/8AV,1756599377,1756599387,521,0,0
1756582920_L..S,118200_L..S,L,1,1756582920,0L 1942 8AV/RPY,1756599347,1756599357,509,0,0
1756583100_L..N,118500_L..N,L,0,1756583100,0L 1945 RPY/8AV,1756599602,1756599612,518,0,0
1756583160_L..S,118600_L..S,L,1,1756583160,0L 1946 8AV/RPY,1756599647,1756599657,518,0,0
1756583340_L..N,118900_L..N,L,0,1756583340,0L 1949 RPY/8AV,1756599842,1756599852,520,0,0
1756583400_L..S,119000_L..S,L,1,1756583400,0L 1950 8AV/RPY,1756599857,1756599867,514,0,0
1756583580_L..N,119300_L..N,L,0,1756583580,0L 1953 RPY/8AV,1756600202,1756600212,536,0,0
1756583640_L..S,119400_L..S,L,1,1756583640,0L 1954 8AV/RPY,1756600157,1756600167,522,0,0
1756583820_L..N,119700_L..N,L,0,1756583820,0L 1957 RPY/8AV,1756600352,1756600362,524,0,0
1756583880_L..S,119800_L..S,L,1,1756583880,0L 1958 8AV/RPY,1756600322,1756600332,512,0,0
1756584060_L..N,120100_L..N,L,0,1756584060,0L 2001 RPY/8AV,1756600637,1756600647,530,0,0
1756584120_L..S,120200_L..S,L,1,1756584120,0L 2002 8AV/RPY,1756600667,1756600677,526,0,0
1756584300_L..N,120500_L..N,L,0,1756584300,0L 2005 RPY/8AV,1756600862,1756600872,526,0,0
1756584360_L..S,120600_L..S,L,1,1756584360,0L 2006 8AV/RPY,1756600892,1756600902,524,0,0
1756584540_L..N,120900_L..N,L,0,1756584540,0L 2009 RPY/8AV,1756601117,1756601127,530,0,0
1756584600_L..S,121000_L..S,L,1,1756584600,0L 2010 8AV/RPY,1756601117,1756601127,522,0,0
1756584780_L..N,121300_L..N,L,0,1756584780,0L 2013 RPY/8AV,1756601297,1756601307,522,0,0
1756584840_L..S,121400_L..S,L,1,1756584840,0L 2014 8AV/RPY,1756601222,1756601232,504,0,0
1756585020_L..N,121700_L..N,L,0,1756585020,0L 2017 RPY/8AV,1756601657,1756601667,538,0,0
1756585080_L..S,121800_L..S,L,1,1756585080,0L 2018 8AV/RPY,1756601612,1756601622,522,0,0
1756585260_L..N,122100_L..N,L,0,1756585260,0L 2021 RPY/8AV,1756601777,1756601787,520,0,0
1756585320_L..S,122200_L..S,L,1,1756585320,0L 2022 8AV/RPY,1756601717,1756601727,506,0,0
1756585560_L..S,122600_L..S,L,1,1756585560,0L 2026 8AV/RPY,1756602032,1756602042,514,0,0
1756585620_L..N,122700_L..N,L,0,1756585620,0L 2027 RPY/8AV,1756601987,1756601997,502,0,0
1756585800_L..S,123000_L..S,L,1,1756585800,0L 2030 8AV/RPY,1756602212,1756602222,508,0,0
1756585980_L..N,123300_L..N,L,0,1756585980,0L 2033 RPY/8AV,1756602287,1756602297,494,0,0
1756586040_L..S,123400_L..S,L,1,1756586040,0L 2034 8AV/RPY,1756602527,1756602537,518,0,0
1756586280_L..N,123800_L..N,L,0,1756586280,0L 2038 RPY/8AV,1756602797,1756602807,522,0,0
1756586280_L..S,123800_L..S,L,1,1756586280,0L 2038 8AV/RPY,1756602677,1756602687,506,0,0
1756586520_L..S,124200_L..S,L,1,1756586520,0L 2042 8AV/RPY,1756603022,1756603032,520,0,0
1756586580_L..N,124300_L..N,L,0,1756586580,0L 2043 RPY/8AV,1756602962,1756602972,504,0,0
1756586760_L..S,124600_L..S,L,1,1756586760,0L 2046 8AV/RPY,1756603292,1756603302,524,0,0
1756586880_L..N,124800_L..N,L,0,1756586880,0L 2048 RPY/8AV,1756603412,1756603422,524,0,0
1756587000_L..S,125000_L..S,L,1,1756587000,0L 2050 8AV/RPY,1756603517,1756603527,522,0,0
1756587180_L..N,125300_L..N,L,0,1756587180,0L 2053 RPY/8AV,1756603592,1756603602,506,0,0
1756587240_L..S,125400_L..S,L,1,1756587240,0L 2054 8AV/RPY,1756603772,1756603782,524,0,0
1756587480_L..N,125800_L..N,L,0,1756587480,0L 2058 RPY/8AV,1756603967,1756603977,518,0,0
1756587480_L..S,125800_L..S,L,1,1756587480,0L 2058 8AV/RPY,1756603907,1756603917,510,0,0
1756587780_L..N,126300_L..N,L,0,1756587780,0L 2103 RPY/8AV,1756604282,1756604292,520,0,0
1756587780_L..S,126300_L..S,L,1,1756587780,0L 2103 8AV/RPY,1756604252,1756604262,516,0,0
1756588080_L..N,126800_L..N,L,0,1756588080,0L 2108 RPY/8AV,1756604582,1756604592,520,0,0
1756588080_L..S,126800_L..S,L,1,1756588080,0L 2108 8AV/RPY,1756604402,1756604412,496,0,0
1756588380_L..N,127300_L..N,L,0,1756588380,0L 2113 RPY/8AV,1756604822,1756604832,512,0,0
1756588380_L..S,127300_L..S,L,1,1756588380,0L 2113 8AV/RPY,1756604747,1756604756,502,0,0
1756588680_L..N,127800_L..N,L,0,1756588680,0L 2118 RPY/8AV,1756605182,1756605192,520,0,0
1756588680_L..S,127800_L..S,L,1,1756588680,0L 2118 8AV/RPY,1756605152,1756605162,516,0,0
1756588980_L..N,128300_L..N,L,0,1756588980,0L 2123 RPY/8AV,1756605437,1756605446,514,0,0
1756588980_L..S,128300_L..S,L,1,1756588980,0L 2123 8AV/RPY,1756605302,1756605311,496,0,0
1756589280_L..N,128800_L..N,L,0,1756589280,0L 2128 RPY/8AV,1756605737,1756605746,514,0,0
1756589280_L..S,128800_L..S,L,1,1756589280,0L 2128 8AV/RPY,1756605737,1756605746,514,0,0
1756589580_L..N,129300_L..N,L,0,1756589580,0L 2133 RPY/8AV,1756605872,1756605881,492,0,0
1756589580_L..S,129300_L..S,L,1,1756589580,0L 2133 8AV/RPY,1756605887,1756605896,494,0,0
1756589880_L..N,129800_L..N,L,0,1756589880,0L 2138 RPY/8AV,1756606172,1756606181,492,0,0
1756589880_L..S,129800_L..S,L,1,1756589880,0L 2138 8AV/RPY,1756606382,1756606391,520,0,0
1756590180_L..N,130300_L..N,L,0,1756590180,0L 2143 RPY/8AV,1756606742,1756606751,528,0,0
1756590180_L..S,130300_L..S,L,1,1756590180,0L 2143 8AV/RPY,1756606502,1756606511,496,0,0
1756590480_L..N,130800_L..N,L,0,1756590480,0L 2148 RPY/8AV,1756606952,1756606961,516,0,0
1756590480_L..S,130800_L..S,L,1,1756590480,0L 2148 8AV/RPY,1756607012,1756607021,524,0,0
1756590780_L..N,131300_L..N,L,0,1756590780,0L 2153 RPY/8AV,1756607162,1756607171,504,0,0
1756590780_L..S,131300_L..S,L,1,1756590780,0L 2153 8AV/RPY,1756607177,1756607186,506,0,0
1756591080_L..N,131800_L..N,L,0,1756591080,0L 2158 RPY/8AV,1756607522,1756607531,510,0,0
1756591080_L..S,131800_L..S,L,1,1756591080,0L 2158 8AV/RPY,1756607597,1756607606,520,0,0
1756591380_L..N,132300_L..N,L,0,1756591380,0L 2203 RPY/8AV,1756607897,1756607906,522,0,0
1756591380_L..S,132300_L..S,L,1,1756591380,0L 2203 8AV/RPY,1756607822,1756607831,512,0,0
1756591680_L..S,132800_L..S,L,1,1756591680,0L 2208 8AV/RPY,1756608122,1756608131,512,0,0
1756591890_L..N,133150_L..N,L,0,1756591890,0L 2211+RPY/8AV,1756608242,1756608251,500,0,0
1756591980_L..S,133300_L..S,L,1,1756591980,0L 2213 8AV/RPY,1756608467,1756608476,516,0,0
1756592280_L..S,133800_L..S,L,1,1756592280,0L 2218 8AV/RPY,1756608722,1756608731,512,0,0
1756592490_L..N,134150_L..N,L,0,1756592490,0L 2221+RPY/8AV,1756608902,1756608911,508,0,0
1756592580_L..S,134300_L..S,L,1,1756592580,0L 2223 8AV/RPY,1756609067,1756609076,518,0,0
1756592880_L..S,134800_L..S,L,1,1756592880,0L 2228 8AV/RPY,1756609382,1756609391,520,0,0
1756593090_L..N,135150_L..N,L,0,1756593090,0L 2231+RPY/8AV,1756609652,1756609661,528,0,0
1756593180_L..S,135300_L..S,L,1,1756593180,0L 2233 8AV/RPY,1756609742,1756609751,528,0,0
1756593480_L..S,135800_L..S,L,1,1756593480,0L 2238 8AV/RPY,1756609937,1756609946,514,0,0
1756593690_L..N,136150_L..N,L,0,1756593690,0L 2241+RPY/8AV,1756609997,1756610006,494,0,0
1756593840_L..S,136400_L..S,L,1,1756593840,0L 2244 8AV/RPY,1756610147,1756610156,494,0,0
1756594200_L..S,137000_L..S,L,1,1756594200,0L 2250 8AV/RPY,1756610837,1756610846,538,0,0
1756594350_L..N,137250_L..N,L,0,1756594350,0L 2252+RPY/8AV,1756610852,1756610861,520,0,0
1756594800_L..S,138000_L..S,L,1,1756594800,0L 2300 8AV/RPY,1756611317,1756611326,522,0,0
1756594950_L..N,138250_L..N,L,0,1756594950,0L 2302+RPY/8AV,1756611407,1756611416,514,0,0
1756595400_L..S,139000_L..S,L,1,1756595400,0L 2310 8AV/RPY,1756611917,1756611926,522,0,0
1756595550_L..N,139250_L..N,L,0,1756595550,0L 2312+RPY/8AV,1756612142,1756612151,532,0,0
1756596000_L..S,140000_L..S,L,1,1756596000,0L 2320 8AV/RPY,1756612577,1756612586,528,0,0
1756596150_L..N,140250_L..N,L,0,1756596150,0L 2322+RPY/8AV,1756612532,1756612541,502,0,0
1756596600_L..S,141000_L..S,L,1,1756596600,0L 2330 8AV/RPY,1756613012,1756613021,508,0,0
1756596750_L..N,141250_L..N,L,0,1756596750,0L 2332+RPY/8AV,1756613117,1756613126,502,0,0
1756597200_L..S,142000_L..S,L,1,1756597200,0L 2340 8AV/RPY,1756613762,1756613771,528,0,0
1756597350_L..N,142250_L..N,L,0,1756597350,0L 2342+RPY/8AV,1756613702,1756613711,500,0,0
1756597800_L..S,143000_L..S,L,1,1756597800,0L 2350 8AV/RPY,1756614377,1756614386,530,0,0
1756598070_L..N,143450_L..N,L,0,1756598070,0L 2354+RPY/8AV,1756614287,1756614296,482,0,0
1756598400_L..S,000000_L..S,L,1,1756598400,0L 0000 8AV/RPY,1756614917,1756614926,518,0,0
1756598790_L..N,000650_L..N,L,0,1756598790,0L 0006+RPY/8AV,1756615292,1756615301,518,0,0
1756599000_L..S,001000_L..S,L,1,1756599000,0L 0010 8AV/RPY,1756615382,1756615391,502,0,0
1756599510_L..N,001850_L..N,L,0,1756599510,0L 0018+RPY/8AV,1756616117,1756616126,532,0,0
1756599600_L..S,002000_L..S,L,1,1756599600,0L 0020 8AV/RPY,1756616252,1756616261,538,0,0
1756600200_L..S,003000_L..S,L,1,1756600200,0L 0030 8AV/RPY,1756616882,1756616891,542,0,0
1756600230_L..N,003050_L..N,L,0,1756600230,0L 0030+RPY/8AV,1756616837,1756616846,532,0,0
1756600920_L..S,004200_L..S,L,1,1756600920,0L 0042 8AV/RPY,1756617437,1756617446,520,0,0
1756600980_L..N,004300_L..N,L,0,1756600980,0L 0043 RPY/8AV,1756617737,1756617746,552,0,0
1756601640_L..S,005400_L..S,L,1,1756601640,0L 0054 8AV/RPY,1756618337,1756618346,544,0,0
1756602180_L..N,006300_L..N,L,0,1756602180,0L 0103 RPY/8AV,1756618952,1756618961,556,0,0
1756602360_L..S,006600_L..S,L,1,1756602360,0L 0106 8AV/RPY,1756618862,1756618871,520,0,0
1756603080_L..S,007800_L..S,L,1,1756603080,0L 0118 8AV/RPY,1756619582,1756619591,520,0,0
1756603380_L..N,008300_L..N,L,0,1756603380,0L 0123 RPY/8AV,1756619897,1756619906,522,0,0
1756603920_L..S,009200_L..S,L,1,1756603920,0L 0132 8AV/RPY,1756620872,1756620881,98,0,0
1756603950_L..S,009250_L..S,L,1,1756603950,0L 0132+8AV/RPY,1756619867,1756619876,442,0,0
1756604580_L..N,010300_L..N,L,0,1756604580,0L 0143 RPY/8AV,1756621247,1756621256,542,0,0
1756605150_L..S,011250_L..S,L,1,1756605150,0L 0152+8AV/RPY,1756621742,1756621751,532,0,0
1756605780_L..N,012300_L..N,L,0,1756605780,0L 0203 RPY/8AV,1756622267,1756622276,518,0,0
1756606350_L..S,013250_L..S,L,1,1756606350,0L 0212+8AV/RPY,1756622792,1756622801,512,0,0
1756606980_L..N,014300_L..N,L,0,1756606980,0L 0223 RPY/8AV,1756623632,1756623641,540,0,0
1756607550_L..S,015250_L..S,L,1,1756607550,0L 0232+8AV/RPY,1756624202,1756624211,539,0,0
1756608180_L..N,016300_L..N,L,0,1756608180,0L 0243 RPY/8AV,1756624952,1756624961,555,0,0
1756608750_L..S,017250_L..S,L,1,1756608750,0L 0252+8AV/RPY,1756625162,1756625177,506,0,0
1756609380_L..N,018300_L..N,L,0,1756609380,0L 0303 RPY/8AV,1756625972,1756625981,518,0,0
1756609950_L..S,019250_L..S,L,1,1756609950,0L 0312+8AV/RPY,1756626242,1756626251,478,0,0
1756610580_L..N,020300_L..N,L,0,1756610580,0L 0323 RPY/8AV,1756626947,1756626956,488,0,0
1756611150_L..S,021250_L..S,L,1,1756611150,0L 0332+8AV/RPY,1756627577,1756627586,547,0,0
1756611780_L..N,022300_L..N,L,0,1756611780,0L 0343 RPY/8AV,1756628297,1756628306,656,0,0
1756612350_L..S,023250_L..S,L,1,1756612350,0L 0352+8AV/RPY,1756628717,1756628726,692,0,0
1756526460_Q..N19R,024100_Q..N19R,Q,0,1756526460,1Q 0401 STL/962,1756544448,1756544460,781,0,0
1756526700_N..N23R,024500_N..N23R,N,0,1756526700,1N 0405 STL/DIT,1756545722,1756545724,905,0,0
1756526700_Q..S,024500_Q..S,Q,1,1756526700,1Q 0405 962/STL,1756545724,1756545736,906,0,0
1756526760_R..N31R,024600_R..N31R,R,0,1756526760,1R 0406 95S/PAC,1756542526,1756542538,564,0,0
1756527030_N..S23R,025050_N..S23R,N,1,1756527030,1N 0410+ DIT/STL,1756546325,1756546337,942,0,0
1756527210_R..S31X002,025350_R..S31X002,R,1,1756527210,1R 0413+ PAC/95S,1756545361,1756545364,789,0,0
1756527660_Q..N19R,026100_Q..N19R,Q,0,1756527660,1Q 0421 STL/962,1756545769,1756545782,791,0,0
1756527900_N..N23R,026500_N..N23R,N,0,1756527900,1N 0425 STL/DIT,1756547812,1756547827,1042,0,0
1756527900_Q..S,026500_Q..S,Q,1,1756527900,1Q 0425 962/STL,1756545814,1756545827,779,0,0
1756527960_R..N31R,026600_R..N31R,R,0,1756527960,1R 0426 95S/PAC,1756543652,1756543667,553,0,0
1756528230_N..S23R,027050_N..S23R,N,1,1756528230,1N 0430+ DIT/STL,1756547466,1756547479,976,0,0
1756528410_R..S31X002,027350_R..S31X002,R,1,1756528410,1R 0433+ PAC/95S,1756545361,1756545364,684,0,0
1756528860_Q..N19R,028100_Q..N19R,Q,0,1756528860,1Q 0441 STL/962,1756547211,1756547224,901,0,0
1756529100_N..N23R,028500_N..N23R,N,0,1756529100,1N 0445 STL/DIT,1756548442,1756548457,1007,0,0
1756529100_Q..S,028500_Q..S,Q,1,1756529100,1Q 0445 962/STL,1756547869,1756547871,965,0,0
1756529160_R..N31R,028600_R..N31R,R,0,1756529160,1R 0446 95S/PAC,1756544703,1756544715,541,0,0
1756529430_N..S23R,029050_N..S23R,N,1,1756529430,1N 0450+ DIT/STL,1756548502,1756548517,967,0,0
1756529610_R..S31X002,029350_R..S31X002,R,1,1756529610,1R 0453+ PAC/95S,1756545364,1756545376,568,0,0
1756530030_Q..N19R,030050_Q..N19R,Q,0,1756530030,1Q 0500+ STL/962,1756548382,1756548397,879,0,0
1756530300_N..N23R,030500_N..N23R,N,0,1756530300,1N 0505 STL/DIT,1756549448,1756549460,924,0,0
1756530300_Q..S,030500_Q..S,Q,1,1756530300,1Q 0505 962/STL,1756549178,1756549193,896,0,0
1756530360_R..N31R,030600_R..N31R,R,0,1756530360,1R 0506 95S/PAC,1756545935,1756545947,543,0,0
1756530630_N..S23R,031050_N..S23R,N,1,1756530630,1N 0510+ DIT/STL,1756549598,1756549611,901,0,0
1756530690_N..N23R,031150_N..N23R,N,0,1756530690,1N 0511+ STL/DIT,1756550229,1756550241,977,0,0
1756530810_Q..N19R,031350_Q..N19R,Q,0,1756530810,1Q 0513+ STL/962,1756549073,1756549088,822,0,0
1756530810_R..S31X002,031350_R..S31X002,R,1,1756530810,1R 0513+ PAC/95S,1756546610,1756546623,575,0,0
1756531260_R..S71X002,032100_R..S71X002,R,1,1756531260,1R 0521 CTL/95S,1756550695,1756550707,963,0,0
1756531440_R..N93X046,032400_R..N93X046,R,0,1756531440,1R 0524 95S/CTL,1756552211,1756552223,1141,0,0
1756531500_Q..S,032500_Q..S,Q,1,1756531500,1Q 0525 962/STL,1756549884,1756549896,823,0,0
1756531560_N..N34R,032600_N..N34R,N,0,1756531560,1N 0526 STL/DIT,1756550604,1756550617,911,0,0
1756531620_Q..N16R,032700_Q..N16R,Q,0,1756531620,1Q 0527 STL/962,1756549748,1756549761,789,0,0
1756531830_N..S27R,033050_N..S27R,N,1,1756531830,1N 0530+ DIT/STL,1756550755,1756550767,895,0,0
1756532010_R..S31X002,033350_R..S31X002,R,1,1756532010,1R 0533+ PAC/95S,1756547541,1756547553,537,0,0
1756532160_R..S71X002,033600_R..S71X002,R,1,1756532160,1R 0536 CTL/95S,1756551761,1756551773,985,0,0
1756532460_N..N34R,034100_N..N34R,N,0,1756532460,1N 0541 STL/DIT,1756551641,1756551653,929,0,0
1756532490_Q..N16R,034150_Q..N16R,Q,0,1756532490,1Q 0541+ STL/962,1756550725,1756550737,805,0,0
1756532520_R..N93X046,034200_R..N93X046,R,0,1756532520,1R 0542 95S/CTL,1756552196,1756552208,999,0,0
1756532610_N..S27R,034350_N..S27R,N,1,1756532610,1N 0543+ DIT/STL,1756552151,1756552163,987,0,0
1756532700_Q..S,034500_Q..S,Q,1,1756532700,1Q 0545 962/STL,1756550935,1756550947,819,0,0
1756533090_R..S71X002,035150_R..S71X002,R,1,1756533090,1R 0551+ CTL/95S,1756552118,1756552121,950,0,0
1756533210_R..S31X002,035350_R..S31X002,R,1,1756533210,1R 0553+ PAC/95S,1756548713,1756548727,528,0,0
1756533240_Q..N16R,035400_Q..N16R,Q,0,1756533240,1Q 0554 STL/962,1756551656,1756551668,879,0,0
1756533240_R..N93X046,035400_R..N93X046,R,0,1756533240,1R 0554 95S/CTL,1756552238,1756552241,956,0,0
1756533480_N..N34R,035800_N..N34R,N,0,1756533480,1N 0558 STL/DIT,1756552692,1756552704,1000,0,0
1756533510_N..S27R,035850_N..S27R,N,1,1756533510,1N 0558+ DIT/STL,1756553563,1756553578,1063,0,0
1756533600_Q..S,036000_Q..S,Q,1,1756533600,1Q 0600 962/STL,1756552118,1756552121,916,0,0
1756533780_R..S71X002,036300_R..S71X002,R,1,1756533780,1R 0603 CTL/95S,1756553412,1756553427,1034,0,0
1756533930_Q..N16R,036550_Q..N16R,Q,0,1756533930,1Q 0605+ STL/962,1756552001,1756552013,873,0,0
1756533990_R..N93X046,036650_R..N93X046,R,0,1756533990,1R 0606+ 95S/CTL,1756553127,1756553142,993,0,0
1756534260_R..S31X002,037100_R..S31X002,R,1,1756534260,1R 0611 PAC/95S,1756549748,1756549761,530,0,0
1756534380_N..N34R,037300_N..N34R,N,0,1756534380,1N 0613 STL/DIT,1756553247,1756553262,949,0,0
1756534380_N..S27R,037300_N..S27R,N,1,1756534380,1N 0613 DIT/STL,1756553563,1756553578,970,0,0
1756534500_Q..S,037500_Q..S,Q,1,1756534500,1Q 0615 962/STL,1756552827,1756552842,904,0,0
1756534500_R..S71X002,037500_R..S71X002,R,1,1756534500,1R 0615 CTL/95S,1756553863,1756553878,974,0,0
1756534530_Q..N16R,037550_Q..N16R,Q,0,1756534530,1Q 0615+ STL/962,1756552527,1756552539,864,0,0
1756534650_R..N93X046,037750_R..N93X046,R,0,1756534650,1R 0617+ 95S/CTL,1756553773,1756553788,948,0,0
1756535070_N..S27R,038450_N..S27R,N,1,1756535070,1N 0624+ DIT/STL,1756553893,1756553908,900,0,0
1756535160_Q..N16R,038600_Q..N16R,Q,0,1756535160,1Q 0626 STL/962,1756553082,1756553097,833,0,0
1756535160_Q..S,038600_Q..S,Q,1,1756535160,1Q 0626 962/STL,1756553472,1756553488,860,0,0
1756535220_R..S71X002,038700_R..S71X002,R,1,1756535220,1R 0627 CTL/95S,1756554659,1756554671,970,0,0
1756535359_N..N34R,038933_N..N34R,N,0,1756535359,1N 0629 STL/DIT,1756554088,1756554100,876,0,0
1756535400_R..N93X046,039000_R..N93X046,R,0,1756535400,1R 0630 95S/CTL,1756554478,1756554491,922,0,0
1756535730_Q..N16R,039550_Q..N16R,Q,0,1756535730,1Q 0635+ STL/962,1756553818,1756553833,807,0,0
1756535820_N..S27R,039700_N..S27R,N,1,1756535820,1N 0637 DIT/STL,1756554866,1756554869,917,0,0
1756535880_R..S71X002,039800_R..S71X002,R,1,1756535880,1R 0638 CTL/95S,1756555439,1756555451,986,0,0
1756535940_Q..S,039900_Q..S,Q,1,1756535940,1Q 0639 962/STL,1756554524,1756554536,856,0,0
1756536150_Q..N16R,040250_Q..N16R,Q,0,1756536150,1Q 0642+ STL/962,1756554328,1756554341,802,0,0
1756536150_R..N93X046,040250_R..N93X046,R,0,1756536150,1R 0642+ 95S/CTL,1756555094,1756555106,904,0,0
1756536339_N..N34R,040566_N..N34R,N,0,1756536339,1N 0645+ STL/DIT,1756554926,1756554929,855,0,0
1756536540_N..S36R,040900_N..S36R,N,1,1756536540,1N 0649 DIT/STL,1756555830,1756555842,950,0,0
1756536660_Q..S,041100_Q..S,Q,1,1756536660,1Q 0651 962/STL,1756555139,1756555151,843,0,0
1756536660_R..S71X002,041100_R..S71X002,R,1,1756536660,1R 0651 CTL/95S,1756555695,1756555707,917,0,0
1756536870_R..N93X056,041450_R..N93X056,R,0,1756536870,1R 0654+ 95S/CTL,1756556085,1756556097,942,0,0
1756536960_Q..N16R,041600_Q..N16R,Q,0,1756536960,1Q 0656 STL/962,1756555439,1756555451,844,0,0
1756537260_N..S36R,042100_N..S36R,N,1,1756537260,1N 0701 DIT/STL,1756556521,1756556533,959,0,0
1756537320_N..N34R,042200_N..N34R,N,0,1756537320,1N 0702 STL/DIT,1756556701,1756556713,979,0,0
1756537380_R..S71X002,042300_R..S71X002,R,1,1756537380,1R 0703 CTL/95S,1756557106,1756557118,1029,0,0
1756537410_Q..S,042350_Q..S,Q,1,1756537410,1Q 0703+ 962/STL,1756555364,1756555377,795,0,0
1756537530_Q..N16R,042550_Q..N16R,Q,0,1756537530,1Q 0705+ STL/962,1756555707,1756555710,832,0,0
1756537590_R..N93X056,042650_R..N93X056,R,0,1756537590,1R 0706+ 95S/CTL,1756556833,1756556836,978,0,0
1756537860_Q..S,043100_Q..S,Q,1,1756537860,1Q 0711 962/STL,1756557962,1756557977,1098,0,0
1756537980_N..S36R,043300_N..S36R,N,1,1756537980,1N 0713 DIT/STL,1756557013,1756557016,976,0,0
1756538040_N..N34R,043400_N..N34R,N,0,1756538040,1N 0714 STL/DIT,1756556701,1756556713,931,0,0
1756538070_R..S71X002,043450_R..S71X002,R,1,1756538070,1R 0714+ CTL/95S,1756557512,1756557524,1037,0,0
1756538130_Q..N16R,043550_Q..N16R,Q,0,1756538130,1Q 0715+ STL/962,1756556205,1756556217,859,0,0
1756538310_R..N93X056,043850_R..N93X056,R,0,1756538310,1R 0718+ 95S/CTL,1756557313,1756557316,994,0,0
1756538520_Q..S,044200_Q..S,Q,1,1756538520,1Q 0722 962/STL,1756557977,1756557992,1052,0,0
1756538700_N..S36R,044500_N..S36R,N,1,1756538700,1N 0725 DIT/STL,1756557617,1756557632,996,0,0
1756538760_N..N34R,044600_N..N34R,N,0,1756538760,1N 0726 STL/DIT,1756557752,1756557764,1005,0,0
1756538760_Q..N16R,044600_Q..N16R,Q,0,1756538760,1Q 0726 STL/962,1756556806,1756556818,880,0,0
1756538820_R..S71X002,044700_R..S71X002,R,1,1756538820,1R 0727 CTL/95S,1756558022,1756558037,1017,0,0
1756539030_R..N93X056,045050_R..N93X056,R,0,1756539030,1R 0730+ 95S/CTL,1756558337,1756558353,1010,0,0
1756539180_Q..S,045300_Q..S,Q,1,1756539180,1Q 0733 962/STL,1756557977,1756557992,966,0,0
1756539330_Q..N16R,045550_Q..N16R,Q,0,1756539330,1Q 0735+ STL/962,1756557737,1756557749,927,0,0
1756539360_N..N34R,045600_N..N34R,N,0,1756539360,1N 0736 STL/DIT,1756557977,1756557992,942,0,0
1756539420_N..S36R,045700_N..S36R,N,1,1756539420,1N 0737 DIT/STL,1756558593,1756558608,975,0,0
1756539510_R..S71X002,045850_R..S71X002,R,1,1756539510,1R 0738+ CTL/95S,1756558818,1756558830,981,0,0
1756539660_Q..S,046100_Q..S,Q,1,1756539660,1Q 0741 962/STL,1756557962,1756557977,901,0,0
1756539750_R..N93X056,046250_R..N93X056,R,0,1756539750,1R 0742+ 95S/CTL,1756558833,1756558848,951,0,0
1756539930_Q..N16R,046550_Q..N16R,Q,0,1756539930,1Q 0745+ STL/962,1756559881,1756559884,927,0,0
1756540200_N..N34R,047000_N..N34R,N,0,1756540200,1N 0750 STL/DIT,1756559224,1756559235,940,0,0
1756540260_R..S71X002,047100_R..S71X002,R,1,1756540260,1R 0751 CTL/95S,1756559329,1756559341,946,0,0
1756540320_Q..S,047200_Q..S,Q,1,1756540320,1Q 0752 962/STL,1756558307,1756558323,836,0,0
1756540359_N..S36R,047266_N..S36R,N,1,1756540359,1N 0752+ DIT/STL,1756559494,1756559506,955,0,0
1756540530_R..N93X056,047550_R..N93X056,R,0,1756540530,1R 0755+ 95S/CTL,1756559959,1756559971,994,0,0
1756540590_Q..N16R,047650_Q..N16R,Q,0,1756540590,1Q 0756+ STL/962,1756559899,1756559911,978,0,0
1756540920_N..N34R,048200_N..N34R,N,0,1756540920,1N 0802 STL/DIT,1756559914,1756559926,936,0,0
1756540980_Q..S,048300_Q..S,Q,1,1756540980,1Q 0803 962/STL,1756559164,1756559175,828,0,0
1756540980_R..S71X002,048300_R..S71X002,R,1,1756540980,1R 0803 CTL/95S,1756560094,1756560106,952,0,0
1756541130_Q..N16R,048550_Q..N16R,Q,0,1756541130,1Q 0805+ STL/962,1756560061,1756560064,927,0,0
1756541190_R..N93X056,048650_R..N93X056,R,0,1756541190,1R 0806+ 95S/CTL,1756560620,1756560632,994,0,0
1756541299_N..S36R,048833_N..S36R,N,1,1756541299,1N 0808 DIT/STL,1756559881,1756559884,881,0,0
1756541400_Q..S,049000_Q..S,Q,1,1756541400,1Q 0810 962/STL,1756559674,1756559686,840,0,0
1756541640_N..N34R,049400_N..N34R,N,0,1756541640,1N 0814 STL/DIT,1756560875,1756560887,968,0,0
1756541700_R..S71X002,049500_R..S71X002,R,1,1756541700,1R 0815 CTL/95S,1756561491,1756561503,1042,0,0
1756541730_Q..N16R,049550_Q..N16R,Q,0,1756541730,1Q 0815+ STL/962,1756560860,1756560872,954,0,0
1756541910_R..N93X056,049850_R..N93X056,R,0,1756541910,1R 0818+ 95S/CTL,1756561083,1756561085,960,0,0
1756542120_Q..S,050200_Q..S,Q,1,1756542120,1Q 0822 962/STL,1756560890,1756560902,916,0,0
1756542240_N..S36R,050400_N..S36R,N,1,1756542240,1N 0824 DIT/STL,1756561323,1756561326,965,0,0
1756542360_N..N34R,050600_N..N34R,N,0,1756542360,1N 0826 STL/DIT,1756561146,1756561157,933,0,0
1756542390_Q..N16R,050650_Q..N16R,Q,0,1756542390,1Q 0826+ STL/962,1756560980,1756560992,909,0,0
1756542420_R..S71X002,050700_R..S71X002,R,1,1756542420,1R 0827 CTL/95S,1756561566,1756561578,985,0,0
1756542630_R..N93X056,051050_R..N93X056,R,0,1756542630,1R 0830+ 95S/CTL,1756561701,1756561713,989,0,0
1756542780_Q..S,051300_Q..S,Q,1,1756542780,1Q 0833 962/STL,1756560995,1756561007,885,0,0
1756542930_Q..N16R,051550_Q..N16R,Q,0,1756542930,1Q 0835+ STL/962,1756561551,1756561563,949,0,0
1756542960_N..N34R,051600_N..N34R,N,0,1756542960,1N 0836 STL/DIT,1756561926,1756561938,997,0,0
1756543110_R..S71X002,051850_R..S71X002,R,1,1756543110,1R 0838+ CTL/95S,1756562377,1756562389,1044,0,0
1756543260_Q..S,052100_Q..S,Q,1,1756543260,1Q 0841 962/STL,1756561203,1756561206,879,0,0
1756543320_N..S36R,052200_N..S36R,N,1,1756543320,1N 0842 DIT/STL,1756561926,1756561938,618,0,0
1756543350_R..N93X056,052250_R..N93X056,R,0,1756543350,1R 0842+ 95S/CTL,1756563658,1756563673,1121,0,0
1756543530_Q..N16R,052550_Q..N16R,Q,0,1756543530,1Q 0845+ STL/962,1756562107,1756562118,965,0,0
1756543800_N..N34R,053000_N..N34R,N,0,1756543800,1N 0850 STL/DIT,1756562617,1756562632,983,0,0
1756543860_R..S71X002,053100_R..S71X002,R,1,1756543860,1R 0851 CTL/95S,1756562977,1756562992,1000,0,0
1756544130_R..N93X056,053550_R..N93X056,R,0,1756544130,1R 0855+ 95S/CTL,1756563675,1756563690,1019,0,0
1756544160_Q..S,053600_Q..S,Q,1,1756544160,1Q 0856 962/STL,1756562137,1756562148,455,1,1
1756544190_Q..N16R,053650_Q..N16R,Q,0,1756544190,1Q 0856+ STL/962,1756562977,1756562992,956,0,0
1756544400_N..S36R,054000_N..S36R,N,1,1756544400,1N 0900 DIT/STL,1756563721,1756563732,989,0,0
1756544520_N..N34R,054200_N..N34R,N,0,1756544520,1N 0902 STL/DIT,1756563398,1756563413,940,0,0
1756544580_R..S71X002,054300_R..S71X002,R,1,1756544580,1R 0903 CTL/95S,1756563658,1756563673,957,0,0
1756544730_Q..N16R,054550_Q..N16R,Q,0,1756544730,1Q 0905+ STL/962,1756563218,1756563233,900,0,0
1756544790_R..N93X056,054650_R..N93X056,R,0,1756544790,1R 0906+ 95S/CTL,1756564224,1756564236,998,0,0
1756545060_Q..S,055100_Q..S,Q,1,1756545060,1Q 0911 962/STL,1756562992,1756563007,842,0,0
1756545120_N..S36R,055200_N..S36R,N,1,1756545120,1N 0912 DIT/STL,1756563721,1756563732,894,0,0
1756545240_N..N34R,055400_N..N34R,N,0,1756545240,1N 0914 STL/DIT,1756564134,1756564146,927,0,0
1756545300_R..S71X002,055500_R..S71X002,R,1,1756545300,1R 0915 CTL/95S,1756564329,1756564341,945,0,0
1756545330_Q..N16R,055550_Q..N16R,Q,0,1756545330,1Q 0915+ STL/962,1756563721,1756563732,866,0,0
1756545510_R..N93X056,055850_R..N93X056,R,0,1756545510,1R 0918+ 95S/CTL,1756564974,1756564987,1003,0,0
1756545720_Q..S,056200_Q..S,Q,1,1756545720,1Q 0922 962/STL,1756564164,1756564176,867,0,0
1756545840_N..S36R,056400_N..S36R,N,1,1756545840,1N 0924 DIT/STL,1756564389,1756564401,881,0,0
1756545960_N..N34R,056600_N..N34R,N,0,1756545960,1N 0926 STL/DIT,1756564779,1756564791,917,0,0
1756545990_Q..N16R,056650_Q..N16R,Q,0,1756545990,1Q 0926+ STL/962,1756564389,1756564401,861,0,0
1756546020_R..S71X002,056700_R..S71X002,R,1,1756546020,1R 0927 CTL/95S,1756565230,1756565242,969,0,0
1756546230_R..N93X056,057050_R..N93X056,R,0,1756546230,1R 0930+ 95S/CTL,1756565737,1756565740,1008,0,0
1756546380_Q..S,057300_Q..S,Q,1,1756546380,1Q 0933 962/STL,1756564164,1756564176,779,0,0
1756546530_Q..N16R,057550_Q..N16R,Q,0,1756546530,1Q 0935+ STL/962,1756564791,1756564794,842,0,0
1756546560_N..N34R,057600_N..N34R,N,0,1756546560,1N 0936 STL/DIT,1756565515,1756565527,935,0,0
1756546560_N..S36R,057600_N..S36R,N,1,1756546560,1N 0936 DIT/STL,1756565200,1756565212,893,0,0
1756546710_R..S71X002,057850_R..S71X002,R,1,1756546710,1R 0938+ CTL/95S,1756565860,1756565872,961,0,0
1756546860_Q..S,058100_Q..S,Q,1,1756546860,1Q 0941 962/STL,1756565215,1756565227,856,0,0
1756546950_R..N93X056,058250_R..N93X056,R,0,1756546950,1R 0942+ 95S/CTL,1756566566,1756566578,1024,0,0
1756547130_Q..N16R,058550_Q..N16R,Q,0,1756547130,1Q 0945+ STL/962,1756565977,1756565980,931,0,0
1756547280_N..S36R,058800_N..S36R,N,1,1756547280,1N 0948 DIT/STL,1756567302,1756567314,1098,0,0
1756547400_N..N34R,059000_N..N34R,N,0,1756547400,1N 0950 STL/DIT,1756566431,1756566443,974,0,0
1756547460_R..S71X002,059100_R..S71X002,R,1,1756547460,1R 0951 CTL/95S,1756566761,1756566773,1014,0,0
1756547520_Q..S,059200_Q..S,Q,1,1756547520,1Q 0952 962/STL,1756565545,1756565557,848,0,0
1756547730_R..N93X056,059550_R..N93X056,R,0,1756547730,1R 0955+ 95S/CTL,1756567692,1756567707,1107,0,0
1756547790_Q..N16R,059650_Q..N16R,Q,0,1756547790,1Q 0956+ STL/962,1756566086,1756566098,902,0,0
1756547820_Q..S,059700_Q..S,Q,1,1756547820,EQ 0957 962/STL,1756566401,1756566413,646,0,0
1756548000_N..S36R,060000_N..S36R,N,1,1756548000,1N 1000 DIT/STL,1756567317,1756567329,1050,0,0
1756548120_N..N34R,060200_N..N34R,N,0,1756548120,1N 1002 STL/DIT,1756567092,1756567104,1009,0,0
1756548120_Q..S,060200_Q..S,Q,1,1756548120,1Q 1002 962/STL,1756566401,1756566413,917,0,0
1756548180_Q..N16R,060300_Q..N16R,Q,0,1756548180,1Q 1003 STL/962,1756566758,1756566761,934,0,0
1756548180_R..S71X002,060300_R..S71X002,R,1,1756548180,1R 1003 CTL/95S,1756567827,1756567842,1077,0,0
1756548390_R..N93X056,060650_R..N93X056,R,0,1756548390,1R 1006+ 95S/CTL,1756568338,1756568353,1082,0,0
1756548660_Q..S,061100_Q..S,Q,1,1756548660,1Q 1011 962/STL,1756567767,1756567782,1008,0,0
1756548720_N..N34R,061200_N..N34R,N,0,1756548720,1N 1012 STL/DIT,1756567662,1756567677,993,0,0
1756548720_N..S36R,061200_N..S36R,N,1,1756548720,1N 1012 DIT/STL,1756568353,1756568368,1039,0,0
1756548780_Q..N16R,061300_Q..N16R,Q,0,1756548780,1Q 1013 STL/962,1756567002,1756567013,714,0,0
1756548900_R..S71X002,061500_R..S71X002,R,1,1756548900,1R 1015 CTL/95S,1756568533,1756568548,1030,0,0
1756549110_R..N93X056,061850_R..N93X056,R,0,1756549110,1R 1018+ 95S/CTL,1756568818,1756568830,1039,0,0
1756549350_Q..N16R,062250_Q..N16R,Q,0,1756549350,1Q 1022+ STL/962,1756568818,1756568830,1004,0,0
1756549380_N..N34R,062300_N..N34R,N,0,1756549380,1N 1023 STL/DIT,1756568458,1756568473,958,0,0
1756549380_Q..S,062300_Q..S,Q,1,1756549380,1Q 1023 962/STL,1756568413,1756568428,955,1,0
1756549440_N..S36R,062400_N..S36R,N,1,1756549440,1N 1024 DIT/STL,1756568578,1756568590,963,0,0
1756549620_R..S71X002,062700_R..S71X002,R,1,1756549620,1R 1027 CTL/95S,1756568924,1756568935,985,0,0
1756549830_R..N93X056,063050_R..N93X056,R,0,1756549830,1R 1030+ 95S/CTL,1756569659,1756569671,1055,0,0
1756549980_Q..N16R,063300_Q..N16R,Q,0,1756549980,1Q 1033 STL/962,1756568863,1756568875,805,0,0
1756550040_Q..S,063400_Q..S,Q,1,1756550040,1Q 1034 962/STL,1756569539,1756569551,878,0,0
1756550160_N..S36R,063600_N..S36R,N,1,1756550160,1N 1036 DIT/STL,1756569344,1756569356,969,0,0
1756550220_N..N34R,063700_N..N34R,N,0,1756550220,1N 1037 STL/DIT,1756569674,1756569686,1005,0,0
1756550310_R..S71X002,063850_R..S71X002,R,1,1756550310,1R 1038+ CTL/95S,1756569626,1756569629,986,0,0
1756550460_Q..S,064100_Q..S,Q,1,1756550460,1Q 1041 962/STL,1756569404,1756569416,937,0,0
1756550550_R..N93X056,064250_R..N93X056,R,0,1756550550,1R 1042+ 95S/CTL,1756570665,1756570677,1093,0,0
1756550580_Q..N16R,064300_Q..N16R,Q,0,1756550580,1Q 1043 STL/962,1756569146,1756569149,886,0,0
1756550880_N..S36R,064800_N..S36R,N,1,1756550880,1N 1048 DIT/STL,1756570695,1756570707,1053,0,0
1756551000_N..N34R,065000_N..N34R,N,0,1756551000,1N 1050 STL/DIT,1756569806,1756569809,869,0,0
1756551060_R..S71X002,065100_R..S71X002,R,1,1756551060,1R 1051 CTL/95S,1756570305,1756570317,977,0,0
1756551120_Q..N16R,065200_Q..N16R,Q,0,1756551120,1Q 1052 STL/962,1756569986,1756569990,926,0,0
1756551120_Q..S,065200_Q..S,Q,1,1756551120,1Q 1052 962/STL,1756571581,1756571593,904,0,0
1756551330_R..N93X056,065550_R..N93X056,R,0,1756551330,1R 1055+ 95S/CTL,1756571113,1756571116,1049,0,0
1756551600_N..S36R,066000_N..S36R,N,1,1756551600,1N 1100 DIT/STL,1756570707,1756570710,961,0,0
1756551780_Q..N16R,066300_Q..N16R,Q,0,1756551780,1Q 1103 STL/962,1756569990,1756570001,851,0,0
1756551780_Q..S,066300_Q..S,Q,1,1756551780,1Q 1103 962/STL,1756571593,1756571596,946,0,0
1756551780_R..S71X002,066300_R..S71X002,R,1,1756551780,1R 1103 CTL/95S,1756571041,1756571053,991,0,0
1756551900_N..N34R,066500_N..N34R,N,0,1756551900,1N 1105 STL/DIT,1756571056,1756571068,589,0,0
1756551990_R..N93X056,066650_R..N93X056,R,0,1756551990,1R 1106+ 95S/CTL,1756571401,1756571413,1024,0,0
1756552260_Q..S,067100_Q..S,Q,1,1756552260,1Q 1111 962/STL,1756571593,1756571596,1031,0,0
1756552320_N..S36R,067200_N..S36R,N,1,1756552320,1N 1112 DIT/STL,1756572074,1756572077,1091,0,0
1756552380_Q..N16R,067300_Q..N16R,Q,0,1756552380,1Q 1113 STL/962,1756570575,1756570587,888,0,0
1756552500_R..S71X002,067500_R..S71X002,R,1,1756552500,1R 1115 CTL/95S,1756571626,1756571638,1020,0,0
1756552710_R..N93X046,067850_R..N93X046,R,0,1756552710,1R 1118+ 95S/CTL,1756571822,1756571833,1031,0,0
1756552800_N..N34R,068000_N..N34R,N,0,1756552800,1N 1120 STL/DIT,1756571852,1756571863,680,0,0
1756552920_Q..S,068200_Q..S,Q,1,1756552920,1Q 1122 962/STL,1756571593,1756571596,975,0,0
1756552950_Q..N16R,068250_Q..N16R,Q,0,1756552950,1Q 1122+ STL/962,1756571026,1756571038,898,0,0
1756553040_N..S36R,068400_N..S36R,N,1,1756553040,1N 1124 DIT/STL,1756572074,1756572077,1028,0,0
1756553220_R..S71X002,068700_R..S71X002,R,1,1756553220,1R 1127 CTL/95S,1756572723,1756572737,1067,0,0
1756553430_R..N93X046,069050_R..N93X046,R,0,1756553430,1R 1130+ 95S/CTL,1756573383,1756573395,1093,0,0
1756553550_Q..N16R,069250_Q..N16R,Q,0,1756553550,1Q 1132+ STL/962,1756572257,1756572269,987,0,0
1756553580_Q..S,069300_Q..S,Q,1,1756553580,1Q 1133 962/STL,1756571642,1756571653,901,0,0
1756553700_N..N34R,069500_N..N34R,N,0,1756553700,1N 1135 STL/DIT,1756572723,1756572737,750,0,0
1756553760_N..S36R,069600_N..S36R,N,1,1756553760,1N 1136 DIT/STL,1756573038,1756573053,1016,0,0
1756553910_R..S71X002,069850_R..S71X002,R,1,1756553910,1R 1138+ CTL/95S,1756573458,1756573470,1039,0,0
1756554060_Q..S,070100_Q..S,Q,1,1756554060,1Q 1141 962/STL,1756572483,1756572497,939,0,0
1756554150_R..N93X046,070250_R..N93X046,R,0,1756554150,1R 1142+ 95S/CTL,1756573608,1756573620,1026,0,0
1756554480_N..S36R,070800_N..S36R,N,1,1756554480,1N 1148 DIT/STL,1756573564,1756573575,976,0,0
1756554540_N..N34R,070900_N..N34R,N,0,1756554540,1N 1149 STL/DIT,1756573669,1756573680,982,0,0
1756554660_R..S71X002,071100_R..S71X002,R,1,1756554660,1R 1151 CTL/95S,1756573834,1756573845,988,0,0
1756554720_Q..S,071200_Q..S,Q,1,1756554720,1Q 1152 962/STL,1756573038,1756573053,888,0,0
1756554750_Q..N16R,071250_Q..N16R,Q,0,1756554750,1Q 1152+ STL/962,1756573143,1756573158,893,0,0
1756554930_R..N93X046,071550_R..N93X046,R,0,1756554930,1R 1155+ 95S/CTL,1756574915,1756574927,1096,0,0
1756555200_N..S36R,072000_N..S36R,N,1,1756555200,1N 1200 DIT/STL,1756574224,1756574236,968,0,0
1756555320_N..N34R,072200_N..N34R,N,0,1756555320,1N 1202 STL/DIT,1756574134,1756574146,940,0,0
1756555380_Q..N16R,072300_Q..N16R,Q,0,1756555380,1Q 1203 STL/962,1756573680,1756573684,871,0,0
1756555380_Q..S,072300_Q..S,Q,1,1756555380,1Q 1203 962/STL,1756573804,1756573815,888,0,0
1756555380_R..S71X002,072300_R..S71X002,R,1,1756555380,1R 1203 CTL/95S,1756574524,1756574536,984,0,0
1756555590_R..N93X046,072650_R..N93X046,R,0,1756555590,1R 1206+ 95S/CTL,1756574930,1756574942,1010,0,0
1756555710_Q..N,072850_Q..N,Q,0,1756555710,EQ 1208+ STL/962,1756574059,1756574071,585,0,0
1756555860_Q..S,073100_Q..S,Q,1,1756555860,1Q 1211 962/STL,1756574660,1756574671,938,0,0
1756555980_N..N34R,073300_N..N34R,N,0,1756555980,1N 1213 STL/DIT,1756575242,1756575245,999,0,0
1756555980_Q..N16R,073300_Q..N16R,Q,0,1756555980,1Q 1213 STL/962,1756574945,1756574957,960,0,0
1756556100_N..S36R,073500_N..S36R,N,1,1756556100,1N 1215 DIT/STL,1756575182,1756575185,959,0,0
1756556100_R..S71X002,073500_R..S71X002,R,1,1756556100,1R 1215 CTL/95S,1756575365,1756575377,1000,0,0
1756556310_R..N93X046,073850_R..N93X046,R,0,1756556310,1R 1218+ 95S/CTL,1756575636,1756575647,1008,0,0
1756556520_Q..S,074200_Q..S,Q,1,1756556520,1Q 1222 962/STL,1756575242,1756575245,927,0,0
1756556550_Q..N16R,074250_Q..N16R,Q,0,1756556550,1Q 1222+ STL/962,1756576176,1756576188,1048,0,0
1756556580_N..N34R,074300_N..N34R,N,0,1756556580,1N 1223 STL/DIT,1756575666,1756575678,977,0,0
1756556820_R..S71X002,074700_R..S71X002,R,1,1756556820,1R 1227 CTL/95S,1756576023,1756576026,999,0,0
1756557000_N..S36R,075000_N..S36R,N,1,1756557000,1N 1230 DIT/STL,1756576416,1756576428,1040,0,0
1756557030_R..N93X046,075050_R..N93X046,R,0,1756557030,1R 1230+ 95S/CTL,1756577167,1756577182,1123,0,0
1756557090_Q..N16R,075150_Q..N16R,Q,0,1756557090,1Q 1231+ STL/962,1756577107,1756577122,1115,0,0
1756557180_Q..S,075300_Q..S,Q,1,1756557180,1Q 1233 962/STL,1756577017,1756577032,1102,0,0
1756557420_N..N34R,075700_N..N34R,N,0,1756557420,1N 1237 STL/DIT,1756576191,1756576203,982,0,0
1756557510_R..S71X002,075850_R..S71X002,R,1,1756557510,1R 1238+ CTL/95S,1756576612,1756576624,1032,0,0
1756557660_Q..S,076100_Q..S,Q,1,1756557660,1Q 1241 962/STL,1756576386,1756576398,992,0,0
1756557750_R..N93X046,076250_R..N93X046,R,0,1756557750,1R 1242+ 95S/CTL,1756577182,1756577197,1073,0,0
1756557780_Q..N16R,076300_Q..N16R,Q,0,1756557780,1Q 1243 STL/962,1756576116,1756576128,943,0,0
1756557900_N..S36R,076500_N..S36R,N,1,1756557900,1N 1245 DIT/STL,1756576687,1756576699,1003,0,0
1756558200_N..N34R,077000_N..N34R,N,0,1756558200,1N 1250 STL/DIT,1756577197,1756577212,1014,0,0
1756558260_R..S71X002,077100_R..S71X002,R,1,1756558260,1R 1251 CTL/95S,1756577798,1756577813,1046,0,0
1756558320_Q..S,077200_Q..S,Q,1,1756558320,1Q 1252 962/STL,1756577017,1756577032,985,0,0
1756558350_Q..N16R,077250_Q..N16R,Q,0,1756558350,1Q 1252+ STL/962,1756577077,1756577092,986,0,0
1756558530_R..N93X046,077550_R..N93X046,R,0,1756558530,1R 1255+ 95S/CTL,1756577918,1756577933,1018,0,0
1756558800_N..S36R,078000_N..S36R,N,1,1756558800,1N 1300 DIT/STL,1756578068,1756578083,992,0,0
1756558920_N..N34R,078200_N..N34R,N,0,1756558920,1N 1302 STL/DIT,1756578804,1756578816,1073,0,0
1756558980_Q..N16R,078300_Q..N16R,Q,0,1756558980,1Q 1303 STL/962,1756578038,1756578053,966,0,0
1756558980_Q..S,078300_Q..S,Q,1,1756558980,1Q 1303 962/STL,1756577798,1756577813,950,0,0
1756558980_R..S71X002,078300_R..S71X002,R,1,1756558980,1R 1303 CTL/95S,1756578248,1756578260,991,0,0
1756559190_R..N93X046,078650_R..N93X046,R,0,1756559190,1R 1306+ 95S/CTL,1756578170,1756578173,952,0,0
1756559460_Q..S,079100_Q..S,Q,1,1756559460,1Q 1311 962/STL,1756578353,1756578365,942,0,0
1756559580_Q..N16R,079300_Q..N16R,Q,0,1756559580,1Q 1313 STL/962,1756578530,1756578534,949,0,0
1756559640_N..N34R,079400_N..N34R,N,0,1756559640,1N 1314 STL/DIT,1756584840,1756584852,1724,0,0
1756559700_R..S71X002,079500_R..S71X002,R,1,1756559700,1R 1315 CTL/95S,1756578849,1756578861,976,0,0
1756559880_N..S36R,079800_N..S36R,N,1,1756559880,1N 1318 DIT/STL,1756578774,1756578786,748,0,0
1756559910_R..N93X046,079850_R..N93X046,R,0,1756559910,1R 1318+ 95S/CTL,1756580456,1756580467,1162,1,0
1756560120_Q..S,080200_Q..S,Q,1,1756560120,1Q 1322 962/STL,1756578954,1756578966,934,0,0
1756560300_N..N34R,080500_N..N34R,N,0,1756560300,1N 1325 STL/962,1756578909,1756578921,904,1,0
1756560420_R..S71X002,080700_R..S71X002,R,1,1756560420,1R 1327 CTL/95S,1756579630,1756579642,984,0,0
1756560480_Q..N16R,080800_Q..N16R,Q,0,1756560480,1Q 1328 STL/962,1756579840,1756579852,614,1,1
1756560630_R..N93X046,081050_R..N93X046,R,0,1756560630,1R 1330+ 95S/CTL,1756580996,1756581008,1138,0,0
1756560960_N..S36R,081600_N..S36R,N,1,1756560960,1N 1336 DIT/STL,1756579885,1756579897,946,0,0
1756561020_Q..S,081700_Q..S,Q,1,1756561020,1Q 1337 962/STL,1756579359,1756579371,662,0,0
1756561080_N..N34R,081800_N..N34R,N,0,1756561080,1N 1338 STL/962,1756580305,1756580317,986,1,0
1756561110_R..S71X002,081850_R..S71X002,R,1,1756561110,1R 1338+ CTL/95S,1756580170,1756580182,964,0,0
1756561350_R..N93X046,082250_R..N93X046,R,0,1756561350,1R 1342+ 95S/CTL,1756581101,1756581113,1056,0,0
1756561380_Q..N16R,082300_Q..N16R,Q,0,1756561380,1Q 1343 STL/962,1756580065,1756580077,880,0,0
1756561680_N..S36R,082800_N..S36R,N,1,1756561680,1N 1348 DIT/STL,1756580846,1756580858,988,0,0
1756561740_N..N34R,082900_N..N34R,N,0,1756561740,1N 1349 STL/DIT,1756586943,1756586957,1731,0,0
1756561860_R..S71X002,083100_R..S71X002,R,1,1756561860,1R 1351 CTL/95S,1756581161,1756581173,1018,0,0
1756561920_Q..S,083200_Q..S,Q,1,1756561920,1Q 1352 962/STL,1756579975,1756579987,856,0,0
1756561950_Q..N16R,083250_Q..N16R,Q,0,1756561950,1Q 1352+ STL/962,1756580621,1756580633,940,0,0
1756562130_R..N93X046,083550_R..N93X046,R,0,1756562130,1R 1355+ 95S/CTL,1756581867,1756581879,1094,0,0
1756562400_N..S36R,084000_N..S36R,N,1,1756562400,1N 1400 DIT/STL,1756581432,1756581443,1016,0,0
1756562520_N..N34R,084200_N..N34R,N,0,1756562520,1N 1402 STL/DIT,1756582302,1756582318,1100,0,0
1756562580_Q..N16R,084300_Q..N16R,Q,0,1756562580,1Q 1403 STL/962,1756581311,1756581323,981,0,0
1756562580_Q..S,084300_Q..S,Q,1,1756562580,1Q 1403 962/STL,1756580816,1756580828,915,0,0
1756562580_R..S71X002,084300_R..S71X002,R,1,1756562580,1R 1403 CTL/95S,1756581578,1756581582,1016,0,0
1756562790_R..N93X046,084650_R..N93X046,R,0,1756562790,1R 1406+ 95S/CTL,1756582047,1756582062,1048,0,0
1756563060_Q..S,085100_Q..S,Q,1,1756563060,1Q 1411 962/STL,1756581552,1756581563,950,0,0
1756563120_N..N,085200_N..N,N,0,1756563120,$N 1431 11S/DIT,1756579224,1756579236,48,0,0
1756563120_N..S36R,085200_N..S36R,N,1,1756563120,1N 1412 DIT/STL,1756588324,1756588335,1729,0,0
1756563180_N..N34R,085300_N..N34R,N,0,1756563180,1N 1413 STL/DIT,1756583008,1756583020,1070,0,0
1756563180_Q..N16R,085300_Q..N16R,Q,0,1756563180,1Q 1413 STL/962,1756581492,1756581503,926,0,0
1756563300_R..S71X002,085500_R..S71X002,R,1,1756563300,1R 1415 CTL/95S,1756582633,1756582648,1020,0,0
1756563510_R..N93X046,085850_R..N93X046,R,0,1756563510,1R 1418+ 95S/CTL,1756582663,1756582678,994,0,0
1756563660_Q..N16R,086100_Q..N16R,Q,0,1756563660,1Q 1421 STL/962,1756582272,1756582287,948,0,0
1756563720_Q..S,086200_Q..S,Q,1,1756563720,1Q 1422 962/STL,1756581867,1756581879,904,0,0
1756563780_N..N34R,086300_N..N34R,N,0,1756563780,1N 1423 STL/DIT,1756583606,1756583609,1069,0,0
1756563840_W..N,086400_W..N,W,0,1756563840,$W 1446 QBP/DIT,1756580245,1756580257,74,0,0
1756564020_R..S71X002,086700_R..S71X002,R,1,1756564020,1R 1427 CTL/95S,1756583008,1756583020,958,0,0
1756564200_N..S,087000_N..S,N,1,1756564200,EN 1430 LEX/STL,1756582468,1756582483,469,0,1
1756564200_N..S36R,087000_N..S36R,N,1,1756564200,1N 1430 DIT/STL,1756589042,1756589045,1314,0,0
1756564230_R..N93X046,087050_R..N93X046,R,0,1756564230,1R 1430+ 95S/CTL,1756584266,1756584270,1095,0,0
1756564380_Q..N16R,087300_Q..N16R,Q,0,1756564380,1Q 1433 STL/962,1756583008,1756583020,910,0,0
1756564380_Q..S,087300_Q..S,Q,1,1756564380,1Q 1433 962/STL,1756582738,1756582753,883,0,0
1756564620_N..N34R,087700_N..N34R,N,0,1756564620,1N 1437 STL/DIT,1756584086,1756584089,1021,0,0
1756564710_R..S71X002,087850_R..S71X002,R,1,1756564710,1R 1438+ CTL/95S,1756583894,1756583906,984,0,0
1756564860_Q..S,088100_Q..S,Q,1,1756564860,1Q 1441 962/STL,1756583218,1756583230,874,0,0
1756564950_R..N93X046,088250_R..N93X046,R,0,1756564950,1R 1442+ 95S/CTL,1756584330,1756584341,1010,0,0
1756564980_N..S,088300_N..S,N,1,1756564980,EN 1443 962/STL,1756583233,1756583245,524,0,0
1756564980_Q..N16R,088300_Q..N16R,Q,0,1756564980,1Q 1443 STL/962,1756583654,1756583666,916,0,0
1756565280_N..S36R,088800_N..S36R,N,1,1756565280,1N 1448 DIT/QBP,1756580411,1756580423,502,1,0
1756565460_R..S71X002,089100_R..S71X002,R,1,1756565460,1R 1451 CTL/95S,1756584645,1756584657,984,0,0
1756565520_N..N34R,089200_N..N34R,N,0,1756565520,1N 1452 STL/DIT,1756584840,1756584852,632,0,0
1756565520_Q..S,089200_Q..S,Q,1,1756565520,1Q 1452 962/STL,1756583774,1756583786,860,0,0
1756565550_Q..N16R,089250_Q..N16R,Q,0,1756565550,1Q 1452+ STL/962,1756583969,1756583981,882,0,0
1756565730_R..N93X046,089550_R..N93X046,R,0,1756565730,1R 1455+ 95S/CTL,1756584990,1756585002,994,0,0
1756566000_N..S,090000_N..S,N,1,1756566000,EN 1500 577/STL,1756584255,1756584266,438,0,0
1756566000_N..S36R,090000_N..S36R,N,1,1756566000,1N 1500 DIT/STL,1756581417,1756581428,272,0,0
1756566180_Q..N16R,090300_Q..N16R,Q,0,1756566180,1Q 1503 STL/962,1756584266,1756584270,842,0,0
1756566180_Q..S,090300_Q..S,Q,1,1756566180,1Q 1503 962/STL,1756585020,1756585032,943,0,0
1756566180_R..S71X002,090300_R..S71X002,R,1,1756566180,1R 1503 CTL/95S,1756585336,1756585347,861,0,0
1756566390_R..N93X046,090650_R..N93X046,R,0,1756566390,1R 1506+ 95S/CTL,1756585456,1756585467,984,0,0
1756566420_N..N34R,090700_N..N34R,N,0,1756566420,1N 1507 STL/DIT,1756585606,1756585618,730,0,0
1756566480_N..S36R,090800_N..S36R,N,1,1756566480,1N 1508 DIT/STL,1756585753,1756585756,713,1,0
1756566660_Q..S,091100_Q..S,Q,1,1756566660,1Q 1511 962/STL,1756585170,1756585182,928,0,0
1756566780_N..S,091300_N..S,N,1,1756566780,EN 1513 962/STL,1756585336,1756585347,516,1,0
1756566780_Q..N16R,091300_Q..N16R,Q,0,1756566780,1Q 1513 STL/962,1756585005,1756585017,898,0,0
1756566900_R..S71X002,091500_R..S71X002,R,1,1756566900,1R 1515 CTL/95S,1756586146,1756586158,920,0,0
1756567110_Q..N16R,091850_Q..N16R,Q,0,1756567110,1Q 1518+ STL/962,1756585396,1756585407,928,0,0
1756567110_R..N93X046,091850_R..N93X046,R,0,1756567110,1R 1518+ 95S/CTL,1756586297,1756586308,1048,0,0
1756567320_N..N34R,092200_N..N34R,N,0,1756567320,1N 1522 STL/DIT,1756586522,1756586534,761,0,0
1756567320_Q..S,092200_Q..S,Q,1,1756567320,1Q 1522 962/STL,1756585576,1756585588,936,0,0
1756567620_R..S71X002,092700_R..S71X002,R,1,1756567620,1R 1527 CTL/95S,1756587032,1756587047,1077,0,0
1756567680_N..S36R,092800_N..S36R,N,1,1756567680,1N 1528 DIT/STL,1756586957,1756586972,859,0,0
1756567830_R..N93X046,093050_R..N93X046,R,0,1756567830,1R 1530+ 95S/CTL,1756587348,1756587363,1070,0,0
1756567980_Q..N16R,093300_Q..N16R,Q,0,1756567980,1Q 1533 STL/962,1756586552,1756586564,978,0,0
1756567980_Q..S,093300_Q..S,Q,1,1756567980,1Q 1533 962/STL,1756586312,1756586323,946,0,0
1756568280_N..N34R,093800_N..N34R,N,0,1756568280,1N 1538 STL/DIT,1756589270,1756589282,1243,0,0
1756568310_R..S71X002,093850_R..S71X002,R,1,1756568310,1R 1538+ CTL/95S,1756587588,1756587600,1023,0,0
1756568460_Q..S,094100_Q..S,Q,1,1756568460,1Q 1541 962/STL,1756587003,1756587017,963,0,0
1756568550_R..N93X046,094250_R..N93X046,R,0,1756568550,1R 1542+ 95S/CTL,1756589855,1756589867,1285,0,0
1756568580_N..S36R,094300_N..S36R,N,1,1756568580,1N 1543 DIT/STL,1756587633,1756587648,632,0,0
1756568580_Q..N16R,094300_Q..N16R,Q,0,1756568580,1Q 1543 STL/962,1756586654,1756586657,911,0,0
1756568880_N..S36R,094800_N..S36R,N,1,1756568880,1N 1548 DIT/STL,1756588474,1756588486,960,0,0
1756568940_N..N34R,094900_N..N34R,N,0,1756568940,1N 1549 STL/DIT,1756594135,1756594147,1732,0,0
1756569060_R..S71X002,095100_R..S71X002,R,1,1756569060,1R 1551 CTL/95S,1756588414,1756588425,1025,0,0
1756569120_Q..S,095200_Q..S,Q,1,1756569120,1Q 1552 962/STL,1756587468,1756587479,906,0,0
1756569150_Q..N16R,095250_Q..N16R,Q,0,1756569150,1Q 1552+ STL/962,1756587483,1756587498,904,0,0
1756569330_R..N93X046,095550_R..N93X046,R,0,1756569330,1R 1555+ 95S/CTL,1756594537,1756594540,1733,0,0
1756569330_R..S,095550_R..S,R,1,1756569330,$R 1736 LEX/95S,1756592213,1756592228,259,0,0
1756569600_N..S36R,096000_N..S36R,N,1,1756569600,1N 1600 DIT/STL,1756588954,1756588966,917,0,0
1756569780_Q..N16R,096300_Q..N16R,Q,0,1756569780,1Q 1603 STL/962,1756587855,1756587858,854,0,0
1756569780_Q..S,096300_Q..S,Q,1,1756569780,1Q 1603 962/STL,1756588654,1756588666,961,0,0
1756569780_R..S71X002,096300_R..S71X002,R,1,1756569780,1R 1603 CTL/95S,1756589405,1756589417,1061,0,0
1756569900_N..N34R,096500_N..N34R,N,0,1756569900,1N 1605 STL/962,1756588669,1756588681,653,1,1
1756569990_R..N93X046,096650_R..N93X046,R,0,1756569990,1R 1606+ 95S/CTL,1756589600,1756589612,1059,1,1
1756570260_Q..S,097100_Q..S,Q,1,1756570260,1Q 1611 962/STL,1756589221,1756589225,972,0,0
1756570320_N..S36R,097200_N..S36R,N,1,1756570320,1N 1612 DIT/STL,1756589762,1756589765,1028,0,0
1756570380_Q..N16R,097300_Q..N16R,Q,0,1756570380,1Q 1613 STL/962,1756588981,1756588984,921,0,0
1756570500_R..S71X002,097500_R..S71X002,R,1,1756570500,1R 1615 CTL/95S,1756590123,1756590126,1060,0,0
1756570710_R..N93X046,097850_R..N93X046,R,0,1756570710,1R 1618+ 95S/CTL,1756590201,1756590212,1043,0,0
1756570860_N..N34R,098100_N..N34R,N,0,1756570860,1N 1621 STL/962,1756589795,1756589807,803,1,0
1756570920_Q..S,098200_Q..S,Q,1,1756570920,1Q 1622 962/STL,1756589450,1756589462,915,0,0
1756570950_Q..N16R,098250_Q..N16R,Q,0,1756570950,1Q 1622+ STL/962,1756589360,1756589371,899,0,0
1756571040_N..S36R,098400_N..S36R,N,1,1756571040,1N 1624 DIT/STL,1756590921,1756590933,1094,0,0
1756571220_R..N,098700_R..N,R,0,1756571220,$R 1647+ QPL/CTL,1756590363,1756590366,111,0,103
1756571220_R..S71X002,098700_R..S71X002,R,1,1756571220,1R 1627 CTL/95S,1756596417,1756596429,1735,1,0
1756571430_R..N93X046,099050_R..N93X046,R,0,1756571430,1R 1630+ 95S/CTL,1756591297,1756591309,1107,1,0
1756571580_Q..N16R,099300_Q..N16R,Q,0,1756571580,1Q 1633 STL/962,1756590216,1756590227,954,0,0
1756571580_Q..S,099300_Q..S,Q,1,1756571580,1Q 1633 962/STL,1756589795,1756589807,898,0,0
1756571760_N..S36R,099600_N..S36R,N,1,1756571760,1N 1636 DIT/STL,1756592750,1756592753,1208,0,0
1756571820_N..N34R,099700_N..N34R,N,0,1756571820,1N 1637 STL/962,1756590651,1756590663,995,1,0
1756571910_R..S71X002,099850_R..S71X002,R,1,1756571910,1R 1638+ CTL/95S,1756591357,1756591369,1083,0,0
1756572060_Q..S,100100_Q..S,Q,1,1756572060,1Q 1641 962/STL,1756590456,1756590468,954,0,0
1756572150_R..N93X046,100250_R..N93X046,R,0,1756572150,1R 1642+ 95S/CTL,1756592198,1756592213,1129,1,0
1756572180_Q..N16R,100300_Q..N16R,Q,0,1756572180,1Q 1643 STL/962,1756590831,1756590844,988,0,0
1756572480_N..S36R,100800_N..S36R,N,1,1756572480,1N 1648 DIT/STL,1756597678,1756597690,1728,0,0
1756572600_N..N34R,101000_N..N34R,N,0,1756572600,1N 1650 STL/DIT,1756597798,1756597810,1728,0,0
1756572600_N..S,101000_N..S,N,1,1756572600,$N 1803 LEX/STL,1756595741,1756595753,491,0,0
1756572660_R..S71X002,101100_R..S71X002,R,1,1756572660,1R 1651 CTL/95S,1756592093,1756592108,1054,0,0
1756572720_Q..S,101200_Q..S,Q,1,1756572720,1Q 1652 962/STL,1756591147,1756591158,958,0,0
1756572750_Q..N16R,101250_Q..N16R,Q,0,1756572750,1Q 1652+ STL/962,1756591567,1756591582,1007,0,0
1756572930_R..N93X046,101550_R..N93X046,R,0,1756572930,1R 1655+ 95S/CTL,1756592888,1756592900,1092,1,0
1756573320_N..N34R,102200_N..N34R,N,0,1756573320,1N 1702 STL/962,1756592498,1756592513,982,1,0
1756573380_Q..N16R,102300_Q..N16R,Q,0,1756573380,1Q 1703 STL/962,1756591852,1756591867,942,0,0
1756573380_Q..S,102300_Q..S,Q,1,1756573380,1Q 1703 962/STL,1756591657,1756591672,929,0,0
1756573380_R..S71X002,102300_R..S71X002,R,1,1756573380,1R 1703 CTL/95S,1756592573,1756592585,991,0,0
1756573590_R..N93X046,102650_R..N93X046,R,0,1756573590,1R 1706+ 95S/CTL,1756593459,1756593471,1080,1,0
1756573680_N..S36R,102800_N..S36R,N,1,1756573680,1N 1708 DIT/QBP,1756599120,1756599132,1364,1,0
1756573860_N..S,103100_N..S,N,1,1756573860,EN 1711 LEX/STL,1756592018,1756592032,468,0,0
1756573860_Q..S,103100_Q..S,Q,1,1756573860,1Q 1711 962/STL,1756592138,1756592153,898,0,0
1756573980_Q..N16R,103300_Q..N16R,Q,0,1756573980,1Q 1713 STL/962,1756592558,1756592573,911,0,0
1756574100_R..S71X002,103500_R..S71X002,R,1,1756574100,1R 1715 CTL/95S,1756593591,1756593594,1030,0,0
1756574239_N..N34R,103733_N..N34R,N,0,1756574239,1N 1717 STL/962,1756593170,1756593174,686,1,0
1756574310_R..N93X046,103850_R..N93X046,R,0,1756574310,1R 1718+ 95S/CTL,1756593955,1756593966,1051,1,0
1756574520_Q..S,104200_Q..S,Q,1,1756574520,1Q 1722 962/STL,1756592813,1756592825,871,0,0
1756574550_Q..N16R,104250_Q..N16R,Q,0,1756574550,1Q 1722+ STL/962,1756593351,1756593354,938,0,0
1756574820_N..S,104700_N..S,N,1,1756574820,EN 1727 962/STL,1756593924,1756593936,625,0,0
1756574820_R..S71X002,104700_R..S71X002,R,1,1756574820,1R 1727 CTL/95S,1756594657,1756594660,1076,0,0
1756574880_N..S36R,104800_N..S36R,N,1,1756574880,1N 1728 DIT/STL,1756589945,1756589957,230,0,0
1756575030_R..N93X046,105050_R..N93X046,R,0,1756575030,1R 1730+ 95S/CTL,1756594750,1756594762,1061,1,0
1756575159_N..N34R,105266_N..N34R,N,0,1756575159,1N 1732+ STL/962,1756594495,1756594507,863,1,0
1756575180_Q..N16R,105300_Q..N16R,Q,0,1756575180,1Q 1733 STL/962,1756593744,1756593756,907,0,0
1756575180_Q..S,105300_Q..S,Q,1,1756575180,1Q 1733 962/STL,1756593609,1756593621,889,0,0
1756575360_R..S,105600_R..S,R,1,1756575360,ER 1736 LEX/95S,1756593099,1756593110,85,0,0
1756575510_R..S71X002,105850_R..S71X002,R,1,1756575510,1R 1738+ CTL/95S,1756595276,1756595288,1067,0,0
1756575660_Q..S,106100_Q..S,Q,1,1756575660,1Q 1741 962/STL,1756594390,1756594402,929,0,0
1756575750_R..N93X046,106250_R..N93X046,R,0,1756575750,1R 1742+ 95S/CTL,1756596132,1756596144,1149,0,0
1756575810_Q..N16R,106350_Q..N16R,Q,0,1756575810,1Q 1743+ STL/962,1756594630,1756594642,941,0,0
1756576020_N..S,106700_N..S,N,1,1756576020,EN 1747 962/STL,1756594777,1756594780,584,0,0
1756576080_N..N34R,106800_N..N34R,N,0,1756576080,1N 1748 STL/DIT,1756601282,1756601294,1731,0,0
1756576080_N..S,106800_N..S,N,1,1756576080,$N 1901 577/STL,1756598744,1756598756,428,0,0
1756576080_N..S36R,106800_N..S36R,N,1,1756576080,1N 1748 DIT/QBP,1756601282,1756601294,1616,0,0
1756576260_R..S71X002,107100_R..S71X002,R,1,1756576260,1R 1751 CTL/95S,1756595918,1756595921,1067,0,0
1756576320_Q..S,107200_Q..S,Q,1,1756576320,1Q 1752 962/STL,1756594765,1756594777,910,0,0
1756576410_Q..N16R,107350_Q..N16R,Q,0,1756576410,1Q 1753+ STL/962,1756594991,1756595002,934,0,0
1756576530_R..N93X046,107550_R..N93X046,R,0,1756576530,1R 1755+ 95S/CTL,1756596297,1756596309,1100,0,0
1756576680_N..S,107800_N..S,N,1,1756576680,EN 1758 962/STL,1756595138,1756595141,491,0,0
1756576800_N..S36R,108000_N..S36R,N,1,1756576800,1N 1800 DIT/STL,1756585993,1756585996,1,0,0
1756576920_N..N34R,108200_N..N34R,N,0,1756576920,1N 1802 STL/962,1756596102,1756596113,1045,1,0
1756576980_Q..N16R,108300_Q..N16R,Q,0,1756576980,1Q 1803 STL/962,1756595892,1756595903,1010,0,0
1756576980_Q..S,108300_Q..S,Q,1,1756576980,1Q 1803 962/STL,1756595201,1756595213,918,0,0
1756576980_R..S71X002,108300_R..S71X002,R,1,1756576980,1R 1803 CTL/95S,1756596762,1756596777,1105,0,0
1756577190_R..N93X046,108650_R..N93X046,R,0,1756577190,1R 1806+ 95S/CTL,1756596447,1756596462,1056,0,0
1756577280_N..S36R,108800_N..S36R,N,1,1756577280,1N 1808 DIT/QBP,1756602724,1756602735,1658,0,0
1756577460_Q..S,109100_Q..S,Q,1,1756577460,1Q 1811 962/STL,1756595892,1756595903,947,0,0
1756577550_Q..N16R,109250_Q..N16R,Q,0,1756577550,1Q 1812+ STL/962,1756596297,1756596309,989,0,0
1756577700_R..S71X002,109500_R..S71X002,R,1,1756577700,1R 1815 CTL/95S,1756597468,1756597480,1063,0,0
1756577910_R..N93X046,109850_R..N93X046,R,0,1756577910,1R 1818+ 95S/CTL,1756597468,1756597480,1035,0,0
1756578090_Q..N16R,110150_Q..N16R,Q,0,1756578090,1Q 1821+ STL/962,1756596777,1756596792,959,0,0
1756578120_N..N34R,110200_N..N34R,N,0,1756578120,1N 1822 STL/962,1756597333,1756597348,619,1,0
1756578120_Q..S,110200_Q..S,Q,1,1756578120,1Q 1822 962/STL,1756596339,1756596342,918,0,0
1756578480_N..S,110800_N..S,N,1,1756578480,EN 1828 962/STL,1756597183,1756597198,557,0,0
1756578480_N..S36R,110800_N..S36R,N,1,1756578480,1N 1828 DIT/QBP,1756603441,1756603444,1689,0,0
1756578750_Q..N16R,111250_Q..N16R,Q,0,1756578750,1Q 1832+ STL/962,1756597093,1756597108,892,0,0
1756578780_Q..S,111300_Q..S,Q,1,1756578780,1Q 1833 962/STL,1756596988,1756597003,881,0,0
1756578780_R..S71X002,111300_R..S71X002,R,1,1756578780,1R 1833 CTL/95S,1756598324,1756598336,968,0,0
1756578960_N..S,111600_N..S,N,1,1756578960,$N 1954 TSQ/STL,1756600393,1756600396,285,1,0
1756579035_R..N93X046,111725_R..N93X046,R,0,1756579035,1R 1837 95S/CTL,1756598609,1756598621,1037,0,0
1756579080_N..N,111800_N..N,N,0,1756579080,EN 1838 QBP/DIT,1756594615,1756594627,156,0,0
1756579260_Q..S,112100_Q..S,Q,1,1756579260,1Q 1841 962/STL,1756597468,1756597480,855,0,0
1756579320_N..N34R,112200_N..N34R,N,0,1756579320,1N 1842 STL/DIT,1756604162,1756604165,1457,0,0
1756579350_Q..N16R,112250_Q..N16R,Q,0,1756579350,1Q 1842+ STL/962,1756597919,1756597930,903,0,0
1756579380_N..S,112300_N..S,N,1,1756579380,EN 1843 962/STL,1756597874,1756597885,518,0,0
1756579680_N..S36R,112800_N..S36R,N,1,1756579680,1N 1848 DIT/QBP,1756596177,1756596189,689,0,0
1756579860_R..S71X002,113100_R..S71X002,R,1,1756579860,1R 1851 CTL/95S,1756598970,1756598982,976,0,0
1756579920_Q..N16R,113200_Q..N16R,Q,0,1756579920,1Q 1852 STL/962,1756598564,1756598576,914,0,0
1756579920_Q..S,113200_Q..S,Q,1,1756579920,1Q 1852 962/STL,1756598186,1756598189,863,0,0
1756580160_R..N93X046,113600_R..N93X046,R,0,1756580160,1R 1856 95S/CTL,1756600036,1756600048,1078,0,0
1756580520_N..N34R,114200_N..N34R,N,0,1756580520,1N 1902 STL/962,1756599627,1756599630,913,1,0
1756580520_Q..N16R,114200_Q..N16R,Q,0,1756580520,1Q 1902 STL/962,1756598726,1756598729,855,0,0
1756580580_Q..S,114300_Q..S,Q,1,1756580580,1Q 1903 962/STL,1756599026,1756599030,887,0,0
1756580580_R..S71X002,114300_R..S71X002,R,1,1756580580,1R 1903 CTL/95S,1756599807,1756599811,991,0,0
1756580790_R..N93X046,114650_R..N93X046,R,0,1756580790,1R 1906+ 95S/CTL,1756600036,1756600048,653,0,0
1756580820_N..S,114700_N..S,N,1,1756580820,EN 1907 962/STL,1756599901,1756599912,618,0,0
1756580880_N..S36R,114800_N..S36R,N,1,1756580880,1N 1908 DIT/QBP,1756596747,1756596762,489,0,0
1756580910_Q..N16R,114850_Q..N16R,Q,0,1756580910,1Q 1908+ STL/962,1756599327,1756599330,895,0,0
1756581060_Q..S,115100_Q..S,Q,1,1756581060,1Q 1911 962/STL,1756599300,1756599312,882,0,0
1756581300_R..S71X002,115500_R..S71X002,R,1,1756581300,1R 1915 CTL/95S,1756600546,1756600558,1032,0,0
1756581510_R..N93X046,115850_R..N93X046,R,0,1756581510,1R 1918+ 95S/CTL,1756601492,1756601507,1134,0,0
1756581720_N..N34R,116200_N..N34R,N,0,1756581720,1N 1922 STL/962,1756601222,1756601237,1094,1,0
1756581720_Q..N16R,116200_Q..N16R,Q,0,1756581720,1Q 1922 STL/962,1756599901,1756599912,918,0,0
1756581720_Q..S,116200_Q..S,Q,1,1756581720,1Q 1922 962/STL,1756600126,1756600138,948,0,0
1756581780_N..N,116300_N..N,N,0,1756581780,EN 1923 QBP/DIT,1756596943,1756596958,89,0,0
1756582020_R..S71X002,116700_R..S71X002,R,1,1756582020,1R 1927 CTL/95S,1756601327,1756601339,1070,0,0
1756582080_N..S36R,116800_N..S36R,N,1,1756582080,1N 1928 DIT/QBP,1756597633,1756597645,526,0,0
1756582230_R..N93X046,117050_R..N93X046,R,0,1756582230,1R 1930+ 95S/CTL,1756602393,1756602405,1122,0,0
1756582320_Q..N16R,117200_Q..N16R,Q,0,1756582320,1Q 1932 STL/962,1756600411,1756600423,910,0,0
1756582380_Q..S,117300_Q..S,Q,1,1756582380,1Q 1933 962/STL,1756601354,1756601357,1025,0,0
1756582620_N..S,117700_N..S,N,1,1756582620,EN 1937 962/STL,1756601132,1756601144,598,0,0
1756582680_N..N,117800_N..N,N,0,1756582680,EN 1938 QBP/DIT,1756597798,1756597810,91,0,0
1756582710_R..S71X002,117850_R..S71X002,R,1,1756582710,1R 1938+ CTL/95S,1756602123,1756602138,1034,0,0
1756582830_Q..N16R,118050_Q..N16R,Q,0,1756582830,1Q 1940+ STL/962,1756601282,1756601294,955,0,0
1756582860_Q..S,118100_Q..S,Q,1,1756582860,1Q 1941 962/STL,1756601342,1756601354,960,0,0
1756582920_N..N34R,118200_N..N34R,N,0,1756582920,1N 1942 STL/962,1756602063,1756602078,1002,1,0
1756582950_R..N93X046,118250_R..N93X046,R,0,1756582950,1R 1942+ 95S/CTL,1756602393,1756602405,1026,0,0
1756583280_N..S36R,118800_N..S36R,N,1,1756583280,1N 1948 DIT/QBP,1756598624,1756598636,544,0,0
1756583460_R..S71X002,119100_R..S71X002,R,1,1756583460,1R 1951 CTL/95S,1756602735,1756602738,1002,0,0
1756583520_Q..N16R,119200_Q..N16R,Q,0,1756583520,1Q 1952 STL/962,1756601643,1756601657,894,0,0
1756583520_Q..S,119200_Q..S,Q,1,1756583520,1Q 1952 962/STL,1756601853,1756601868,908,0,0
1756583700_N..N,119500_N..N,N,0,1756583700,EN 1955 QBP/DIT,1756598805,1756598816,115,0,0
1756583760_N..S,119600_N..S,N,1,1756583760,EN 1956 962/STL,1756604162,1756604165,838,0,0
1756583760_R..N93X046,119600_R..N93X046,R,0,1756583760,1R 1956 95S/CTL,1756603339,1756603351,1043,0,0
1756584000_N..S36R,120000_N..S36R,N,1,1756584000,1N 2000 DIT/STL,1756594657,1756594660,3,0,0
1756584120_N..N34R,120200_N..N34R,N,0,1756584120,1N 2002 STL/962,1756603441,1756603444,1008,1,0
1756584120_Q..N16R,120200_Q..N16R,Q,0,1756584120,1Q 2002 STL/962,1756602243,1756602258,856,0,0
1756584180_Q..S,120300_Q..S,Q,1,1756584180,1Q 2003 962/STL,1756602588,1756602600,887,0,0
1756584180_R..S71X002,120300_R..S71X002,R,1,1756584180,1R 2003 CTL/95S,1756603865,1756603876,1057,0,0
1756584390_R..N93X046,120650_R..N93X046,R,0,1756584390,1R 2006+ 95S/CTL,1756603564,1756603576,889,0,0
1756584480_N..S36R,120800_N..S36R,N,1,1756584480,1N 2008 DIT/QBP,1756599871,1756599882,550,0,0
1756584630_Q..N16R,121050_Q..N16R,Q,0,1756584630,1Q 2010+ STL/962,1756602724,1756602735,845,0,0
1756584660_Q..S,121100_Q..S,Q,1,1756584660,1Q 2011 962/STL,1756603234,1756603246,909,0,0
1756584900_N..N,121500_N..N,N,0,1756584900,EN 2015 QBP/DIT,1756600051,1756600063,177,0,0
1756584930_R..S71X002,121550_R..S71X002,R,1,1756584930,1R 2015+ CTL/95S,1756604330,1756604342,1019,0,0
1756585110_R..N93X046,121850_R..N93X046,R,0,1756585110,1R 2018+ 95S/CTL,1756604405,1756604417,1001,0,0
1756585320_N..N34R,122200_N..N34R,N,0,1756585320,1N 2022 STL/962,1756604223,1756604225,952,1,0
1756585320_Q..S,122200_Q..S,Q,1,1756585320,1Q 2022 962/STL,1756603670,1756603681,879,0,0
1756585410_Q..N16R,122350_Q..N16R,Q,0,1756585410,1Q 2023+ STL/962,1756603850,1756603862,891,0,0
1756585620_R..S71X002,122700_R..S71X002,R,1,1756585620,1R 2027 CTL/95S,1756604705,1756604717,978,0,0
1756585680_N..S36R,122800_N..S36R,N,1,1756585680,1N 2028 DIT/QBP,1756601114,1756601117,557,0,0
1756585800_N..S,123000_N..S,N,1,1756585800,EN 2030 962/STL,1756604841,1756604852,551,1,2
1756585830_R..N93X046,123050_R..N93X046,R,0,1756585830,1R 2030+ 95S/CTL,1756607183,1756607195,1225,0,0
1756585920_Q..S,123200_Q..S,Q,1,1756585920,1Q 2032 962/STL,1756604390,1756604402,913,0,0
1756586070_Q..N16R,123450_Q..N16R,Q,0,1756586070,1Q 2034+ STL/962,1756604585,1756604597,929,0,0
1756586100_N..N,123500_N..N,N,0,1756586100,EN 2035 QBP/DIT,1756601327,1756601339,176,0,0
1756586340_R..S71X002,123900_R..S71X002,R,1,1756586340,1R 2039 CTL/95S,1756606402,1756606417,1139,0,0
1756586460_Q..S,124100_Q..S,Q,1,1756586460,1Q 2041 962/STL,1756605051,1756605063,965,0,0
1756586520_N..N34R,124200_N..N34R,N,0,1756586520,1N 2042 STL/962,1756605243,1756605246,959,1,0
1756586550_R..N93X046,124250_R..N93X046,R,0,1756586550,1R 2042+ 95S/CTL,1756607183,1756607195,1176,0,0
1756586730_Q..N16R,124550_Q..N16R,Q,0,1756586730,1Q 2045+ STL/962,1756605156,1756605168,951,0,0
1756586880_N..S36R,124800_N..S36R,N,1,1756586880,1N 2048 DIT/STL,1756612138,1756612150,1532,0,0
1756586940_W..N,124900_W..N,W,0,1756586940,$W 2112 QBP/DIT,1756603474,1756603486,80,0,0
1756587060_R..S71X002,125100_R..S71X002,R,1,1756587060,1R 2051 CTL/95S,1756606417,1756606432,1060,0,0
1756587120_Q..S,125200_Q..S,Q,1,1756587120,1Q 2052 962/STL,1756605712,1756605724,973,0,0
1756587210_Q..N16R,125350_Q..N16R,Q,0,1756587210,1Q 2053+ STL/962,1756606129,1756606132,1015,0,0
1756587300_N..N,125500_N..N,N,0,1756587300,EN 2055 QBP/DIT,1756602393,1756602405,87,0,0
1756587300_R..N93X046,125500_R..N93X046,R,0,1756587300,1R 2055 95S/CTL,1756606613,1756606627,1041,0,0
1756587420_N..S,125700_N..S,N,1,1756587420,EN 2057 962/STL,1756606057,1756606069,552,0,0
1756587720_N..N34R,126200_N..N34R,N,0,1756587720,1N 2102 STL/962,1756606673,1756606687,989,1,0
1756587720_Q..S,126200_Q..S,Q,1,1756587720,1Q 2102 962/STL,1756606222,1756606237,957,0,0
1756587780_R..S71X002,126300_R..S71X002,R,1,1756587780,1R 2103 CTL/95S,1756606868,1756606883,994,0,0
1756587930_Q..N16R,126550_Q..N16R,Q,0,1756587930,1Q 2105+ STL/962,1756606087,1756606099,915,0,0
1756587990_R..N78X002,126650_R..N78X002,R,0,1756587990,1R 2106+ 95S/QPL,1756613189,1756613201,1727,0,0
1756588080_N..S36R,126800_N..S36R,N,1,1756588080,1N 2108 DIT/STL,1756613580,1756613591,1590,0,0
1756588260_Q..S,127100_Q..S,Q,1,1756588260,1Q 2111 962/STL,1756607258,1756607270,961,0,0
1756588320_N..N,127200_N..N,N,0,1756588320,EN 2112 QBP/DIT,1756602874,1756602885,65,0,0
1756588380_N..N,127300_N..N,N,0,1756588380,$N 2132 QBP/DIT,1756604691,1756604703,133,0,0
1756588500_R..S71X002,127500_R..S71X002,R,1,1756588500,1R 2115 CTL/95S,1756607934,1756607946,1019,0,0
1756588530_Q..N16R,127550_Q..N16R,Q,0,1756588530,1Q 2115+ STL/962,1756606883,1756606898,896,0,0
1756588980_Q..S,128300_Q..S,Q,1,1756588980,1Q 2123 962/STL,1756607558,1756607570,905,0,0
1756589010_Q..N16R,128350_Q..N16R,Q,0,1756589010,1Q 2123+ STL/962,1756607093,1756607108,846,0,0
1756589070_R..N78X002,128450_R..N78X002,R,0,1756589070,1R 2124+ 95S/QPL,1756610787,1756610799,1323,0,0
1756589220_R..S71X002,128700_R..S71X002,R,1,1756589220,1R 2127 CTL/95S,1756608576,1756608579,1008,0,0
1756589280_N..S36R,128800_N..S36R,N,1,1756589280,1N 2128 DIT/QBP,1756605063,1756605066,494,0,0
1756589340_N..S,128900_N..S,N,1,1756589340,EN 2129 962/STL,1756608636,1756608640,665,0,0
1756589520_N..N34R,129200_N..N34R,N,0,1756589520,1N 2132 STL/962,1756608084,1756608096,643,1,0
1756589610_Q..N16R,129350_Q..N16R,Q,0,1756589610,1Q 2133+ STL/962,1756608234,1756608246,911,0,0
1756589700_Q..S,129500_Q..S,Q,1,1756589700,1Q 2135 962/STL,1756608775,1756608787,971,0,0
1756589880_N..S36R,129800_N..S36R,N,1,1756589880,1N 2138 DIT/STL,1756600832,1756600843,21,0,0
1756589940_R..S71X002,129900_R..S71X002,R,1,1756589940,1R 2139 CTL/95S,1756609631,1756609642,1053,0,0
1756590060_Q..S,130100_Q..S,Q,1,1756590060,1Q 2141 962/STL,1756608775,1756608787,923,0,0
1756590150_R..N78X002,130250_R..N78X002,R,0,1756590150,1R 2142+ 95S/QPL,1756610799,1756610802,1180,0,0
1756590360_Q..N16R,130600_Q..N16R,Q,0,1756590360,1Q 2146 STL/962,1756608790,1756608802,885,0,0
1756590420_N..S,130700_N..S,N,1,1756590420,EN 2147 962/STL,1756610381,1756610393,706,1,0
1756590570_R..S71X002,130950_R..S71X002,R,1,1756590570,1R 2149+ CTL/95S,1756609898,1756609901,1007,0,0
1756590600_N..S27R,131000_N..S27R,N,1,1756590600,1N 2150 DIT/STL,1756615802,1756615814,1659,0,0
1756590600_W..N,131000_W..N,W,0,1756590600,$W 2220 QBP/DIT,1756607690,1756607694,82,0,0
1756590780_Q..S,131300_Q..S,Q,1,1756590780,1Q 2153 962/STL,1756609871,1756609883,989,0,0
1756590900_N..N,131500_N..N,N,0,1756590900,EN 2155 QBP/DIT,1756606057,1756606069,104,0,0
1756590900_R..N78X002,131500_R..N78X002,R,0,1756590900,1R 2155 95S/QPL,1756610802,1756610814,1105,0,0
1756591020_Q..N16R,131700_Q..N16R,Q,0,1756591020,1Q 2157 STL/962,1756608925,1756608937,847,0,0
1756591320_N..N34R,132200_N..N34R,N,0,1756591320,1N 2202 STL/962,1756610727,1756610738,1021,1,0
1756591320_R..S71X002,132200_R..S71X002,R,1,1756591320,1R 2202 CTL/95S,1756610577,1756610588,1047,0,0
1756591380_Q..S,132300_Q..S,Q,1,1756591380,1Q 2203 962/STL,1756609898,1756609901,952,0,0
1756591560_N..S,132600_N..S,N,1,1756591560,EN 2206 962/STL,1756611417,1756611433,694,1,1
1756591590_R..N78X002,132650_R..N78X002,R,0,1756591590,1R 2206+ 95S/QPL,1756610817,1756610829,1056,0,0
1756591620_Q..N16R,132700_Q..N16R,Q,0,1756591620,1Q 2207 STL/962,1756609811,1756609823,918,0,0
1756591860_Q..S,133100_Q..S,Q,1,1756591860,1Q 2211 962/STL,1756610198,1756610201,938,0,0
1756592040_N..N,133400_N..N,N,0,1756592040,$N 2245 QBP/DIT,1756617240,1756617244,982,0,0
1756592040_N..S27R,133400_N..S27R,N,1,1756592040,1N 2214 DIT/STL,1756617240,1756617244,1745,0,0
1756592130_R..N78X002,133550_R..N78X002,R,0,1756592130,1R 2215+ 95S/QPL,1756610832,1756610844,987,0,0
1756592220_Q..N16R,133700_Q..N16R,Q,0,1756592220,1Q 2217 STL/962,1756610907,1756610919,985,0,0
1756592400_R..S71X002,134000_R..S71X002,R,1,1756592400,1R 2220 CTL/95S,1756611688,1756611703,619,0,0
1756592580_Q..S,134300_Q..S,Q,1,1756592580,1Q 2223 962/STL,1756610799,1756610802,922,0,0
1756592760_N..N,134600_N..N,N,0,1756592760,$N 2300 QBP/DIT,1756617961,1756617964,1062,0,0
1756592760_R..S71X002,134600_R..S71X002,R,1,1756592760,1R 2226 CTL/95S,1756611793,1756611808,920,0,0
1756592820_Q..N16R,134700_Q..N16R,Q,0,1756592820,1Q 2227 STL/962,1756611147,1756611162,937,0,0
1756592880_N..S,134800_N..S,N,1,1756592880,EN 2228 962/STL,1756613249,1756613261,771,0,0
1756593030_R..N78X002,135050_R..N78X002,R,0,1756593030,1R 2230+ 95S/QPL,1756618235,1756618246,1746,0,0
1756593120_N..N23R,135200_N..N23R,N,0,1756593120,1N 2232 STL/962,1756612243,1756612255,983,1,0
1756593180_Q..S,135300_Q..S,Q,1,1756593180,1Q 2233 962/STL,1756611267,1756611282,898,0,0
1756593240_N..S27R,135400_N..S27R,N,1,1756593240,1N 2234 DIT/STL,1756617961,1756617964,1268,1,5
1756593300_R..S71X002,135500_R..S71X002,R,1,1756593300,1R 2235 CTL/95S,1756612664,1756612675,1015,0,0
1756593540_Q..N16R,135900_Q..N16R,Q,0,1756593540,1Q 2239 STL/962,1756611703,1756611718,879,0,0
1756593660_Q..S,136100_Q..S,Q,1,1756593660,1Q 2241 962/STL,1756612409,1756612420,933,0,0
1756593750_R..N78X002,136250_R..N78X002,R,0,1756593750,1R 2242+ 95S/QPL,1756612213,1756612225,895,0,0
1756593960_R..S71X002,136600_R..S71X002,R,1,1756593960,1R 2246 CTL/95S,1756613174,1756613186,996,0,0
1756594020_N..S,136700_N..S,N,1,1756594020,EN 2247 962/STL,1756616838,1756616850,1019,0,0
1756594260_Q..N16R,137100_Q..N16R,Q,0,1756594260,1Q 2251 STL/962,1756612619,1756612630,881,0,0
1756594380_Q..S,137300_Q..S,Q,1,1756594380,1Q 2253 962/STL,1756612904,1756612916,904,0,0
1756594680_R..N78X002,137800_R..N78X002,R,0,1756594680,1R 2258 95S/QPL,1756613204,1756613216,904,0,0
1756594860_Q..N19R,138100_Q..N19R,Q,0,1756594860,1Q 2301 STL/962,1756613219,1756613231,882,0,0
1756594920_N..N23R,138200_N..N23R,N,0,1756594920,1N 2302 STL/DIT,1756614556,1756614567,1052,0,0
1756594980_Q..S,138300_Q..S,Q,1,1756594980,1Q 2303 962/STL,1756615472,1756615483,1166,0,0
1756595280_R..N31R,138800_R..N31R,R,0,1756595280,1R 2308 95S/PAC,1756610952,1756610964,583,0,0
1756595310_N..S23R,138850_N..S23R,N,1,1756595310,1N 2308+ DIT/QBP,1756620517,1756620529,1428,0,0
1756595460_Q..S,139100_Q..S,Q,1,1756595460,1Q 2311 962/STL,1756615487,1756615498,1109,0,0
1756595580_Q..N19R,139300_Q..N19R,Q,0,1756595580,1Q 2313 STL/962,1756614360,1756614372,950,0,0
1756596030_N..S23R,140050_N..S23R,N,1,1756596030,1N 2320+ DIT/STL,1756609601,1756611342,345,0,0
1756596270_Q..S,140450_Q..S,Q,1,1756596270,1Q 2324+ 962/STL,1756615487,1756615498,1054,0,0
1756596300_Q..N19R,140500_Q..N19R,Q,0,1756596300,1Q 2325 STL/962,1756614661,1756614672,942,0,0
1756596360_R..N31R,140600_R..N31R,R,0,1756596360,1R 2326 95S/PAC,1756611928,1756611943,582,0,0
1756596720_N..N23R,141200_N..N23R,N,0,1756596720,1N 2332 STL/DIT,1756616132,1756616147,1081,0,0
1756596900_N..N,141500_N..N,N,0,1756596900,EN 2335 QBP/DIT,1756612228,1756612240,72,0,1
1756596990_Q..S,141650_Q..S,Q,1,1756596990,1Q 2336+ 962/STL,1756615757,1756615769,1003,0,0
1756597260_Q..N19R,142100_Q..N19R,Q,0,1756597260,1Q 2341 STL/962,1756615787,1756615799,971,0,0
1756597560_R..N31R,142600_R..N31R,R,0,1756597560,1R 2346 95S/PAC,1756613910,1756613922,681,0,0
1756597710_Q..S,142850_Q..S,Q,1,1756597710,1Q 2348+ 962/STL,1756617829,1756617841,1135,0,0
1756597800_R..S31X002,143000_R..S31X002,R,1,1756597800,1R 2350 PAC/95S,1756613535,1756613546,599,0,0
1756598220_Q..S,143700_Q..S,Q,1,1756598220,1Q 2357 962/STL,1756617841,1756617844,1068,0,0
1756598460_Q..N19R,000100_Q..N19R,Q,0,1756598460,1Q 0001 STL/962,1756617240,1756617244,956,0,0
1756598700_N..N23R,000500_N..N23R,N,0,1756598700,1N 0005 STL/DIT,1756618265,1756618276,719,0,0
1756598760_R..N31R,000600_R..N31R,R,0,1756598760,1R 0006 95S/PAC,1756615633,1756615637,750,0,0
1756598940_R..S31X002,000900_R..S31X002,R,1,1756598940,1R 0009 PAC/95S,1756615051,1756615063,649,0,0
1756599180_Q..S,001300_Q..S,Q,1,1756599180,1Q 0013 962/STL,1756618081,1756618085,972,0,0
1756599660_Q..N19R,002100_Q..N19R,Q,0,1756599660,1Q 0021 STL/962,1756617844,1756617856,877,0,0
1756599960_R..N31R,002600_R..N31R,R,0,1756599960,1R 0026 95S/PAC,1756615637,1756615648,591,0,0
1756600080_Q..S,002800_Q..S,Q,1,1756600080,1Q 0028 962/STL,1756618805,1756618817,949,0,0
1756600230_N..S23R,003050_N..S23R,N,1,1756600230,1N 0030+ DIT/STL,1756619511,1756619523,1023,0,0
1756600290_R..S31X002,003150_R..S31X002,R,1,1756600290,1R 0031+ PAC/95S,1756615847,1756615859,575,0,0
1756600860_Q..N19R,004100_Q..N19R,Q,0,1756600860,1Q 0041 STL/962,1756619361,1756619372,951,0,0
1756601100_Q..S,004500_Q..S,Q,1,1756601100,1Q 0045 962/STL,1756620081,1756620093,1032,0,0
1756601160_R..N31R,004600_R..N31R,R,0,1756601160,1R 0046 95S/PAC,1756617364,1756617375,666,0,0
1756601430_N..S23R,005050_N..S23R,N,1,1756601430,1N 0050+ DIT/STL,1756620727,1756620739,1085,0,0
1756601490_R..S31X002,005150_R..S31X002,R,1,1756601490,1R 0051+ PAC/95S,1756618520,1756618531,783,0,0
1756602060_Q..N19R,006100_Q..N19R,Q,0,1756602060,1Q 0101 STL/962,1756620217,1756620228,932,0,0
1756602300_N..N23R,006500_N..N23R,N,0,1756602300,1N 0105 STL/DIT,1756621523,1756621535,1040,0,0
1756602300_Q..S,006500_Q..S,Q,1,1756602300,1Q 0105 962/STL,1756621508,1756621520,1038,0,0
1756602360_R..N31R,006600_R..N31R,R,0,1756602360,1R 0106 95S/PAC,1756617814,1756617826,572,0,0
1756602630_N..S23R,007050_N..S23R,N,1,1756602630,1N 0110+ DIT/STL,1756621658,1756621670,1014,0,0
1756602810_R..S31X002,007350_R..S31X002,R,1,1756602810,1R 0113+ PAC/95S,1756618535,1756618546,608,0,0
1756603260_Q..N19R,008100_Q..N19R,Q,0,1756603260,1Q 0121 STL/962,1756621538,1756621550,915,0,0
1756603500_N..N23R,008500_N..N23R,N,0,1756603500,1N 0125 STL/DIT,1756622935,1756622946,1069,0,0
1756603500_Q..S,008500_Q..S,Q,1,1756603500,1Q 0125 962/STL,1756622199,1756622210,971,0,0
1756603560_R..N31R,008600_R..N31R,R,0,1756603560,1R 0126 95S/PAC,1756619361,1756619372,619,0,0
1756603830_N..S23R,009050_N..S23R,N,1,1756603830,1N 0130+ DIT/STL,1756623295,1756623306,1073,0,0
1756604010_R..S31X002,009350_R..S31X002,R,1,1756604010,1R 0133+ PAC/95S,1756619586,1756619598,589,0,0
1756604460_Q..N19R,010100_Q..N19R,Q,0,1756604460,1Q 0141 STL/962,1756623055,1756623066,957,0,0
1756604700_N..N23R,010500_N..N23R,N,0,1756604700,1N 0145 STL/DIT,1756624451,1756624463,1111,0,0
1756604700_Q..S,010500_Q..S,Q,1,1756604700,1Q 0145 962/STL,1756622769,1756622781,887,0,0
1756604760_R..N31R,010600_R..N31R,R,0,1756604760,1R 0146 95S/PAC,1756620742,1756620754,643,0,0
1756605210_R..S31X002,011350_R..S31X002,R,1,1756605210,1R 0153+ PAC/95S,1756624226,1756624237,1014,0,0
1756605660_Q..N19R,012100_Q..N19R,Q,0,1756605660,1Q 0201 STL/962,1756623877,1756623880,936,0,0
1756605900_N..N23R,012500_N..N23R,N,0,1756605900,1N 0205 STL/DIT,1756625697,1756625712,1160,0,0
1756605900_Q..S,012500_Q..S,Q,1,1756605900,1Q 0205 962/STL,1756624421,1756624433,993,0,0
1756605960_R..N31R,012600_R..N31R,R,0,1756605960,1R 0206 95S/PAC,1756622469,1756622481,727,0,0
1756606230_N..S23R,013050_N..S23R,N,1,1756606230,1N 0210+ DIT/STL,1756625652,1756625664,1115,0,0
1756606410_R..S31X002,013350_R..S31X002,R,1,1756606410,1R 0213+ PAC/95S,1756624226,1756624237,902,0,0
1756606860_Q..N19R,014100_Q..N19R,Q,0,1756606860,1Q 0221 STL/962,1756625172,1756625183,968,0,0
1756607100_N..N23R,014500_N..N23R,N,0,1756607100,1N 0225 STL/DIT,1756626689,1756626700,1089,0,0
1756607100_Q..S,014500_Q..S,Q,1,1756607100,1Q 0225 962/STL,1756625277,1756625288,950,0,0
1756607160_R..N31R,014600_R..N31R,R,0,1756607160,1R 0226 95S/PAC,1756622815,1756622826,614,0,0
1756607430_N..S23R,015050_N..S23R,N,1,1756607430,1N 0230+ DIT/STL,1756626508,1756626520,1021,0,0
1756607610_R..S31X002,015350_R..S31X002,R,1,1756607610,1R 0233+ PAC/95S,1756624237,1756624241,743,0,0
1756608060_Q..N19R,016100_Q..N19R,Q,0,1756608060,1Q 0241 STL/962,1756625893,1756625908,888,0,0
1756608300_N..N23R,016500_N..N23R,N,0,1756608300,1N 0245 STL/DIT,1756627526,1756627529,1084,0,0
1756608300_Q..S,016500_Q..S,Q,1,1756608300,1Q 0245 962/STL,1756626328,1756626340,885,0,0
1756608360_R..N31R,016600_R..N31R,R,0,1756608360,1R 0246 95S/PAC,1756624827,1756624838,722,0,0
1756608630_N..S23R,017050_N..S23R,N,1,1756608630,1N 0250+ DIT/STL,1756627946,1756627950,1152,0,0
1756608810_R..S31X002,017350_R..S31X002,R,1,1756608810,1R 0253+ PAC/95S,1756624237,1756624241,583,0,0
1756609260_Q..N19R,018100_Q..N19R,Q,0,1756609260,1Q 0301 STL/962,1756627766,1756627770,1020,0,0
1756609500_N..N23R,018500_N..N23R,N,0,1756609500,1N 0305 STL/DIT,1756628487,1756628490,1180,0,0
1756609500_Q..S,018500_Q..S,Q,1,1756609500,1Q 0305 962/STL,1756629132,1756629136,1352,0,0
1756609560_R..N31R,018600_R..N31R,R,0,1756609560,1R 0306 95S/PAC,1756625442,1756625454,644,0,0
1756609830_N..S23R,019050_N..S23R,N,1,1756609830,1N 0310+ DIT/STL,1756629121,1756629132,1306,0,0
1756610010_R..S31X002,019350_R..S31X002,R,1,1756610010,1R 0313+ PAC/95S,1756626508,1756626520,678,0,0
1756610460_Q..N19R,020100_Q..N19R,Q,0,1756610460,1Q 0321 STL/962,1756628821,1756628832,1170,0,0
1756610700_N..N23R,020500_N..N23R,N,0,1756610700,1N 0325 STL/DIT,1756630127,1756630139,1466,0,0
1756610700_Q..S,020500_Q..S,Q,1,1756610700,1Q 0325 962/STL,1756629132,1756629136,1226,0,0
1756610760_R..N31R,020600_R..N31R,R,0,1756610760,1R 0326 95S/PAC,1756626445,1756626448,603,0,0
1756611030_N..S23R,021050_N..S23R,N,1,1756611030,1N 0330+ DIT/STL,1756630322,1756630334,1461,0,0
1756611210_R..S31X002,021350_R..S31X002,R,1,1756611210,1R 0333+ PAC/95S,1756629271,1756629283,1196,0,0
1756611660_Q..N19R,022100_Q..N19R,Q,0,1756611660,1Q 0341 STL/962,1756630052,1756630063,1323,0,0
1756611900_N..N23R,022500_N..N23R,N,0,1756611900,1N 0345 STL/DIT,1756630788,,1416,0,0
1756611900_Q..S,022500_Q..S,Q,1,1756611900,1Q 0345 962/STL,1756630788,,1416,0,0
1756611960_R..N31R,022600_R..N31R,R,0,1756611960,1R 0346 95S/PAC,1756629211,1756629223,1080,0,0
1756612230_N..S23R,023050_N..S23R,N,1,1756612230,1N 0350+ DIT/STL,1756630788,,1372,0,0
1756612410_R..S31X002,023350_R..S31X002,R,1,1756612410,1R 0353+ PAC/95S,1756629271,1756629283,1036,0,0
1756612800_N..S,024000_N..S,N,1,1756612800,EN 0400 DIT/STL,1756630788,,1012,0,0
1756526460_SI.N03R,024100_SI.N03R,SI,0,1756526460,1SI 0401 TNV/STG,1756543513,1756543518,833,0,0
1756526760_SI.S03X005,024600_SI.S03X005,SI,1,1756526760,1SI 0406 STG/TNV,1756544234,1756544239,889,0,0
1756528260_SI.N03R,027100_SI.N03R,SI,0,1756528260,1SI 0431 TNV/STG,1756545650,1756545660,878,0,0
1756528560_SI.S03X005,027600_SI.S03X005,SI,1,1756528560,1SI 0436 STG/TNV,1756545770,1756545780,854,0,0
1756530060_SI.N03R,030100_SI.N03R,SI,0,1756530060,1SI 0501 TNV/STG,1756546987,1756546997,817,0,0
1756530360_SI.S03X005,030600_SI.S03X005,SI,1,1756530360,1SI 0506 STG/TNV,1756547722,1756547732,875,0,0
1756531860_SI.N03R,033100_SI.N03R,SI,0,1756531860,1SI 0531 TNV/STG,1756548788,1756548799,817,0,0
1756532160_SI.S03X005,033600_SI.S03X005,SI,1,1756532160,1SI 0536 STG/TNV,1756549309,1756549314,846,0,0
1756533660_SI.N03R,036100_SI.N03R,SI,0,1756533660,1SI 0601 TNV/STG,1756550555,1756550560,812,0,0
1756533960_SI.S03X005,036600_SI.S03X005,SI,1,1756533960,1SI 0606 STG/TNV,1756551206,1756551216,859,0,0
1756535460_SI.N03R,039100_SI.N03R,SI,0,1756535460,1SI 0631 TNV/STG,1756552417,1756552422,821,0,0
1756535760_SI.S03X005,039600_SI.S03X005,SI,1,1756535760,1SI 0636 STG/TNV,1756553113,1756553123,874,0,0
1756537260_SI.N03R,042100_SI.N03R,SI,0,1756537260,1SI 0701 TNV/STG,1756554239,1756554249,824,0,0
1756537560_SI.S03X005,042600_SI.S03X005,SI,1,1756537560,1SI 0706 STG/TNV,1756554805,1756554810,859,0,0
1756539060_SI.N03R,045100_SI.N03R,SI,0,1756539060,1SI 0731 TNV/STG,1756555966,1756555976,814,0,0
1756539360_SI.S03X005,045600_SI.S03X005,SI,1,1756539360,1SI 0736 STG/TNV,1756556472,1756556476,841,0,0
1756540860_SI.N03R,048100_SI.N03R,SI,0,1756540860,1SI 0801 TNV/STG,1756557733,1756557738,809,0,0
1756541160_SI.S03X005,048600_SI.S03X005,SI,1,1756541160,1SI 0806 STG/TNV,1756558413,1756558424,860,0,0
1756542660_SI.N03R,051100_SI.N03R,SI,0,1756542660,1SI 0831 TNV/STG,1756559535,1756559540,809,0,0
1756542960_SI.S03X005,051600_SI.S03X005,SI,1,1756542960,1SI 0836 STG/TNV,1756560180,1756560185,855,0,0
1756544460_SI.N03R,054100_SI.N03R,SI,0,1756544460,1SI 0901 TNV/STG,1756561386,1756561397,817,0,0
1756544760_SI.S03X005,054600_SI.S03X005,SI,1,1756544760,1SI 0906 STG/TNV,1756562317,1756562328,901,0,0
1756546260_SI.N03R,057100_SI.N03R,SI,0,1756546260,1SI 0931 TNV/STG,1756563143,1756563153,811,0,0
1756546560_SI.S03X005,057600_SI.S03X005,SI,1,1756546560,1SI 0936 STG/TNV,1756563769,1756563775,854,0,0
1756548060_SI.N03R,060100_SI.N03R,SI,0,1756548060,1SI 1001 TNV/STG,1756564870,1756564880,801,0,0
1756548360_SI.S03X005,060600_SI.S03X005,SI,1,1756548360,1SI 1006 STG/TNV,1756565666,1756565676,867,0,0
1756549860_SI.N03R,063100_SI.N03R,SI,0,1756549860,1SI 1031 TNV/STG,1756566777,1756566787,816,0,0
1756550160_SI.S03X005,063600_SI.S03X005,SI,1,1756550160,1SI 1036 STG/TNV,1756567393,1756567403,858,0,0
1756551660_SI.N03R,066100_SI.N03R,SI,0,1756551660,1SI 1101 TNV/STG,1756568699,1756568709,832,0,0
1756551960_SI.S03X005,066600_SI.S03X005,SI,1,1756551960,1SI 1106 STG/TNV,1756569149,1756569160,852,0,0
1756553460_SI.N03R,069100_SI.N03R,SI,0,1756553460,1SI 1131 TNV/STG,1756570391,1756570396,817,0,0
1756553760_SI.S03X005,069600_SI.S03X005,SI,1,1756553760,1SI 1136 STG/TNV,1756570951,1756570962,852,0,0
1756555260_SI.N03R,072100_SI.N03R,SI,0,1756555260,1SI 1201 TNV/STG,1756572153,1756572163,812,0,0
1756555560_SI.S03X005,072600_SI.S03X005,SI,1,1756555560,1SI 1206 STG/TNV,1756572828,1756572839,862,0,0
1756557060_SI.N03R,075100_SI.N03R,SI,0,1756557060,1SI 1231 TNV/STG,1756574055,1756574060,825,0,0
1756557360_SI.S03X005,075600_SI.S03X005,SI,1,1756557360,1SI 1236 STG/TNV,1756574701,1756574705,871,0,0
1756558860_SI.N03R,078100_SI.N03R,SI,0,1756558860,1SI 1301 TNV/STG,1756575902,1756575906,832,0,0
1756559160_SI.S03X005,078600_SI.S03X005,SI,1,1756559160,1SI 1306 STG/TNV,1756577333,1756577343,983,0,0
1756560660_SI.N03R,081100_SI.N03R,SI,0,1756560660,1SI 1331 TNV/STG,1756578684,1756578695,963,0,0
1756560960_SI.S03X005,081600_SI.S03X005,SI,1,1756560960,1SI 1336 STG/TNV,1756579415,1756579420,1020,0,0
1756562460_SI.N03R,084100_SI.N03R,SI,0,1756562460,1SI 1401 TNV/STG,1756579345,1756579355,811,0,0
1756562760_SI.S03X005,084600_SI.S03X005,SI,1,1756562760,1SI 1406 STG/TNV,1756579536,1756579540,796,0,0
1756564260_SI.N03R,087100_SI.N03R,SI,0,1756564260,1SI 1431 TNV/STG,1756581458,1756581462,853,0,0
1756564560_SI.S03X005,087600_SI.S03X005,SI,1,1756564560,1SI 1436 STG/TNV,1756581447,1756581458,812,0,0
1756566060_SI.N03R,090100_SI.N03R,SI,0,1756566060,1SI 1501 TNV/STG,1756583129,1756583139,836,0,0
1756566360_SI.S03X005,090600_SI.S03X005,SI,1,1756566360,1SI 1506 STG/TNV,1756583429,1756583440,836,0,0
1756567860_SI.N03R,093100_SI.N03R,SI,0,1756567860,1SI 1531 TNV/STG,1756584746,1756584751,811,0,0
1756568160_SI.S03X005,093600_SI.S03X005,SI,1,1756568160,1SI 1536 STG/TNV,1756585021,1756585031,808,0,0
1756569660_SI.N03R,096100_SI.N03R,SI,0,1756569660,1SI 1601 TNV/STG,1756586833,1756586838,849,0,0
1756569960_SI.S03X005,096600_SI.S03X005,SI,1,1756569960,1SI 1606 STG/TNV,1756586823,1756586833,808,0,0
1756571460_SI.N03R,099100_SI.N03R,SI,0,1756571460,1SI 1631 TNV/STG,1756588620,1756588625,848,0,0
1756571760_SI.S03X005,099600_SI.S03X005,SI,1,1756571760,1SI 1636 STG/TNV,1756588670,1756588680,815,0,0
1756573260_SI.N03R,102100_SI.N03R,SI,0,1756573260,1SI 1701 TNV/STG,1756590261,1756590272,828,0,0
1756573560_SI.S03X005,102600_SI.S03X005,SI,1,1756573560,1SI 1706 STG/TNV,1756590542,1756590547,825,0,0
1756575060_SI.N03R,105100_SI.N03R,SI,0,1756575060,1SI 1731 TNV/STG,1756592153,1756592164,840,0,0
1756575360_SI.S03X005,105600_SI.S03X005,SI,1,1756575360,1SI 1736 STG/TNV,1756592149,1756592153,799,0,0
1756576860_SI.N03R,108100_SI.N03R,SI,0,1756576860,1SI 1801 TNV/STG,1756593755,1756593760,813,0,0
1756577160_SI.S03X005,108600_SI.S03X005,SI,1,1756577160,1SI 1806 STG/TNV,1756594691,1756594701,897,0,0
1756578660_SI.N03R,111100_SI.N03R,SI,0,1756578660,1SI 1831 TNV/STG,1756595918,1756595922,861,0,0
1756578960_SI.S03X005,111600_SI.S03X005,SI,1,1756578960,1SI 1836 STG/TNV,1756595877,1756595888,816,0,0
1756580460_SI.N03R,114100_SI.N03R,SI,0,1756580460,1SI 1901 TNV/STG,1756597739,1756597749,862,0,0
1756580760_SI.S03X005,114600_SI.S03X005,SI,1,1756580760,1SI 1906 STG/TNV,1756597709,1756597719,818,0,0
1756582260_SI.N03R,117100_SI.N03R,SI,0,1756582260,1SI 1931 TNV/STG,1756599371,1756599376,839,0,0
1756582560_SI.S03X005,117600_SI.S03X005,SI,1,1756582560,1SI 1936 STG/TNV,1756599391,1756599401,802,0,0
1756584060_SI.N03R,120100_SI.N03R,SI,0,1756584060,1SI 2001 TNV/STG,1756601298,1756601308,856,0,0
1756584360_SI.S03X005,120600_SI.S03X005,SI,1,1756584360,1SI 2006 STG/TNV,1756601293,1756601298,815,0,0
1756585860_SI.N03R,123100_SI.N03R,SI,0,1756585860,1SI 2031 TNV/STG,1756602915,1756602919,831,0,0
1756586160_SI.S03X005,123600_SI.S03X005,SI,1,1756586160,1SI 2036 STG/TNV,1756603385,1756603395,856,0,0
1756587660_SI.N03R,126100_SI.N03R,SI,0,1756587660,1SI 2101 TNV/STG,1756604541,1756604552,811,0,0
1756587960_SI.S03X005,126600_SI.S03X005,SI,1,1756587960,1SI 2106 STG/TNV,1756605528,1756605532,902,0,0
1756589460_SI.N03R,129100_SI.N03R,SI,0,1756589460,1SI 2131 TNV/STG,1756606658,1756606669,853,0,0
1756589760_SI.S03X005,129600_SI.S03X005,SI,1,1756589760,1SI 2136 STG/TNV,1756606733,1756606744,823,0,0
1756591260_SI.N03R,132100_SI.N03R,SI,0,1756591260,1SI 2201 TNV/STG,1756608215,1756608220,821,0,0
1756591560_SI.S03X005,132600_SI.S03X005,SI,1,1756591560,1SI 2206 STG/TNV,1756610543,1756610547,1090,0,0
1756593060_SI.N03R,135100_SI.N03R,SI,0,1756593060,1SI 2231 TNV/STG,1756610558,1756610562,893,0,0
1756593360_SI.S03X005,135600_SI.S03X005,SI,1,1756593360,1SI 2236 STG/TNV,1756611624,1756611628,995,0,0
1756594860_SI.N03R,138100_SI.N03R,SI,0,1756594860,1SI 2301 TNV/STG,1756614001,1756614011,1112,0,0
1756595160_SI.S03X005,138600_SI.S03X005,SI,1,1756595160,1SI 2306 STG/TNV,1756614001,1756614011,1061,0,0
1756596660_SI.N03R,141100_SI.N03R,SI,0,1756596660,1SI 2331 TNV/STG,1756614011,1756614016,873,0,0
1756596960_SI.S03X005,141600_SI.S03X005,SI,1,1756596960,1SI 2336 STG/TNV,1756614001,1756614011,832,0,0
1756598460_SI.N03R,000100_SI.N03R,SI,0,1756598460,1SI 0001 TNV/STG,1756615833,1756615843,876,0,0
1756598760_SI..S,000600_SI..S,SI,1,1756598760,1SI 0006 STG/TNV,1756615818,1756615828,834,0,0
1756600260_SI.N03R,003100_SI.N03R,SI,0,1756600260,1SI 0031 TNV/STG,1756618610,1756618621,1004,0,0
1756600560_SI..S,003600_SI..S,SI,1,1756600560,1SI 0036 STG/TNV,1756618610,1756618621,964,0,0
1756602060_SI..N,006100_SI..N,SI,0,1756602060,1SI 0101 TNV/STG,1756619567,1756619571,892,0,0
1756602360_SI..S,006600_SI..S,SI,1,1756602360,1SI 0106 STG/TNV,1756619196,1756619207,678,0,0
1756603860_SI..N,009100_SI..N,SI,0,1756603860,1SI 0131 TNV/STG,1756620788,1756620799,815,0,0
1756604160_SI..S,009600_SI..S,SI,1,1756604160,1SI 0136 STG/TNV,1756621429,1756621433,836,0,0
1756605660_SI..N,012100_SI..N,SI,0,1756605660,1SI 0201 TNV/STG,1756622965,1756622976,843,0,0
1756605960_SI..S,012600_SI..S,SI,1,1756605960,1SI 0206 STG/TNV,1756622976,1756622980,804,0,0
1756607460_SI..N,015100_SI..N,SI,0,1756607460,1SI 0231 TNV/STG,1756625123,1756625127,891,0,0
1756607760_SI..S,015600_SI..S,SI,1,1756607760,1SI 0236 STG/TNV,1756625123,1756625127,851,0,0
1756609260_SI..N,018100_SI..N,SI,0,1756609260,1SI 0301 TNV/STG,1756627605,1756627616,1021,0,0
1756609560_SI..S,018600_SI..S,SI,1,1756609560,1SI 0306 STG/TNV,1756628130,1756628141,1087,0,0
1756611060_SI..N,021100_SI..N,SI,0,1756611060,1SI 0331 TNV/STG,1756628126,1756628130,943,0,0
1756611360_SI..S,021600_SI..S,SI,1,1756611360,1SI 0336 STG/TNV,1756628446,1756628456,935,0,0
