trip_uid,trip_id,route_id,direction_id,start_time,vehicle_id,last_observed,marked_past,num_updates,num_schedule_changes,num_schedule_rewrites
1756008000_7..S,024000_7..S,7,1,1756008000,07 0400 MST/34H,1756108819,1756108825,24473,0,0
1756008000_GS.N01R,024000_GS.N01R,GS,0,1756008000,0S 0400  GCS/TSS,1756022480,1756022483,127,0,0
1756008060_4..N13X156,024100_4..N13X156,4,0,1756008060,04 0401  GC /WDL,1756025114,1756025120,1232,0,0
1756008120_5..S32R,024200_5..S32R,5,1,1756008120,05 0402  DYR/180,1756023224,1756023230,727,0,0
1756008150_2..S08R,024250_2..S08R,2,1,1756008150,02 0402+ 241/FLA,1756028621,1756028624,2167,0,0
1756008180_3..S01R,024300_3..S01R,3,1,1756008180,03 0403  148/NLT,1756026134,1756026140,1504,0,0
1756008180_5..N32R,024300_5..N32R,5,0,1756008180,05 0403  180/DYR,1756023236,1756023239,730,0,0
1756008210_GS.S01R,024350_GS.S01R,GS,1,1756008210,0S 0403+ TSS/GCS,1756022690,1756022693,141,0,0
1756008360_1..S03R,024600_1..S03R,1,1,1756008360,01 0406  242/SFT,1756026185,1756026188,1438,0,0
1756008600_7..S,025000_7..S,7,1,1756008600,07 0410 MST/34H,1756025228,1756025231,1101,0,0
1756008600_GS.N01R,025000_GS.N01R,GS,0,1756008600,0S 0410  GCS/TSS,1756023110,1756023113,129,0,0
1756008690_2..N08R,025150_2..N08R,2,0,1756008690,02 0411+ FLA/241,1756028909,1756028915,2083,0,0
1756008720_1..N03R,025200_1..N03R,1,0,1756008720,01 0412  SFT/242,1756026794,1756026800,1520,0,0
1756008810_GS.S01R,025350_GS.S01R,GS,1,1756008810,0S 0413+ TSS/GCS,1756023320,1756023323,143,0,0
1756008840_4..S13X075,025400_4..S13X075,4,1,1756008840,04 0414  WDL/GC,1756025774,1756025780,1248,0,0
1756008990_6..N01X012,025650_6..N01X012,6,0,1756008990,06 0416+ GC /PEL,1756026146,1756026149,1268,0,0
1756008990_7..N,025650_7..N,7,0,1756008990,07 0416+ 34H/MST,1756025636,1756025639,1128,0,0
1756009170_3..N01R,025950_3..N01R,3,0,1756009170,03 0419+ NLT/148,1756027634,1756027640,1585,0,0
1756009170_6..S01X053,025950_6..S01X053,6,1,1756009170,06 0419+ PEL/GC,1756026335,1756026338,1238,0,0
1756009200_GS.N01R,026000_GS.N01R,GS,0,1756009200,0S 0420  GCS/TSS,1756023683,1756023686,129,0,0
1756009260_4..N13X156,026100_4..N13X156,4,0,1756009260,04 0421  GC /WDL,1756026074,1756026080,1169,0,0
1756009320_5..S32R,026200_5..S32R,5,1,1756009320,05 0422  DYR/180,1756024436,1756024439,732,0,0
1756009350_2..S08R,026250_2..S08R,2,1,1756009350,02 0422+ 241/FLA,1756029809,1756029815,2163,0,0
1756009380_3..S01R,026300_3..S01R,3,1,1756009380,03 0423  148/NLT,1756027436,1756027439,1532,0,0
1756009380_5..N32R,026300_5..N32R,5,0,1756009380,05 0423  180/DYR,1756024394,1756024400,721,0,0
1756009410_GS.S01R,026350_GS.S01R,GS,1,1756009410,0S 0423+ TSS/GCS,1756023878,1756023881,142,0,0
1756009560_1..S03R,026600_1..S03R,1,1,1756009560,01 0426  242/SFT,1756027346,1756027349,1428,0,0
1756009800_GS.N01R,027000_GS.N01R,GS,0,1756009800,0S 0430  GCS/TSS,1756024283,1756024286,130,0,0
1756009890_2..N08R,027150_2..N08R,2,0,1756009890,02 0431+ FLA/241,1756030805,1756030808,2268,0,0
1756009920_1..N03R,027200_1..N03R,1,0,1756009920,01 0432  SFT/242,1756027835,1756027840,1478,0,0
1756010010_GS.S01R,027350_GS.S01R,GS,1,1756010010,0S 0433+ TSS/GCS,1756024463,1756024466,142,0,0
1756010040_4..S13X075,027400_4..S13X075,4,1,1756010040,04 0434  WDL/GC,1756026905,1756026908,1230,0,0
1756010190_6..N01X012,027650_6..N01X012,6,0,1756010190,06 0436+ GC /PEL,1756027346,1756027349,1268,0,0
1756010190_7..N,027650_7..N,7,0,1756010190,07 0436+ 34H/MST,1756026809,1756026815,1121,0,0
1756010370_3..N01R,027950_3..N01R,3,0,1756010370,03 0439+ NLT/148,1756028831,1756028834,1583,0,0
1756010370_6..S01X053,027950_6..S01X053,6,1,1756010370,06 0439+ PEL/GC,1756027616,1756027619,1260,0,0
1756010400_7..S,028000_7..S,7,1,1756010400,07 0440 MST/34H,1756027109,1756027115,1121,0,0
1756010400_GS.N01R,028000_GS.N01R,GS,0,1756010400,0S 0440  GCS/TSS,1756024898,1756024901,132,0,0
1756010460_4..N13X156,028100_4..N13X156,4,0,1756010460,04 0441  GC /WDL,1756027514,1756027520,1233,0,0
1756010520_5..S32R,028200_5..S32R,5,1,1756010520,05 0442  DYR/180,1756025504,1756025510,697,0,0
1756010550_2..S08R,028250_2..S08R,2,1,1756010550,02 0442+ 241/FLA,1756031534,1756031540,2303,0,0
1756010580_3..S01R,028300_3..S01R,3,1,1756010580,03 0443  148/NLT,1756028630,1756028635,1530,0,0
1756010580_5..N32R,028300_5..N32R,5,0,1756010580,05 0443  180/DYR,1756025615,1756025618,726,0,0
1756010610_GS.S01R,028350_GS.S01R,GS,1,1756010610,0S 0443+ TSS/GCS,1756025108,1756025111,146,0,0
1756010760_1..S03R,028600_1..S03R,1,1,1756010760,01 0446  242/SFT,1756028531,1756028534,1466,0,0
1756011000_GS.N01R,029000_GS.N01R,GS,0,1756011000,0S 0450  GCS/TSS,1756025468,1756025471,130,0,0
1756011090_2..N08R,029150_2..N08R,2,0,1756011090,02 0451+ FLA/241,1756031465,1756031468,2124,0,0
1756011120_1..N03R,029200_1..N03R,1,0,1756011120,01 0452  SFT/242,1756029071,1756029074,1487,0,0
1756011210_GS.S01R,029350_GS.S01R,GS,1,1756011210,0S 0453+ TSS/GCS,1756025678,1756025681,144,0,0
1756011240_4..S13X075,029400_4..S13X075,4,1,1756011240,04 0454  WDL/GC,1756028210,1756028215,1258,0,0
1756011390_6..N01X012,029650_6..N01X012,6,0,1756011390,06 0456+ GC /PEL,1756028531,1756028534,1264,0,0
1756011570_3..N01R,029950_3..N01R,3,0,1756011570,03 0459+ NLT/148,1756030091,1756030094,1600,0,0
1756011570_6..S01X053,029950_6..S01X053,6,1,1756011570,06 0459+ PEL/GC,1756028900,1756028905,1280,0,0
1756011600_7..S,030000_7..S,7,1,1756011600,07 0500 MST/34H,1756027895,1756027900,988,0,0
1756011600_GS.N01R,030000_GS.N01R,GS,0,1756011600,0S 0500  GCS/TSS,1756026083,1756026086,133,0,0
1756011660_4..N13X156,030100_4..N13X156,4,0,1756011660,04 0501  GC /WDL,1756028759,1756028765,1243,0,0
1756011720_5..S32R,030200_5..S32R,5,1,1756011720,05 0502  DYR/180,1756026776,1756026779,715,0,0
1756011750_2..S08R,030250_2..S08R,2,1,1756011750,02 0502+ 241/FLA,1756032014,1756032020,2110,0,0
1756011780_3..S01R,030300_3..S01R,3,1,1756011780,03 0503  148/NLT,1756030340,1756030345,1663,0,0
1756011780_5..N32R,030300_5..N32R,5,0,1756011780,05 0503  180/DYR,1756026926,1756026929,755,0,0
1756011810_GS.S01R,030350_GS.S01R,GS,1,1756011810,0S 0503+ TSS/GCS,1756026248,1756026251,144,0,0
1756011960_1..S03R,030600_1..S03R,1,1,1756011960,01 0506  242/SFT,1756029731,1756029734,1474,0,0
1756011990_7..N,030650_7..N,7,0,1756011990,07 0506+ 34H/MST,1756028680,1756028681,1155,0,0
1756012200_GS.N01R,031000_GS.N01R,GS,0,1756012200,0S 0510  GCS/TSS,1756026683,1756026686,133,0,0
1756012290_2..N08R,031150_2..N08R,2,0,1756012290,02 0511+ FLA/241,1756032266,1756032269,2017,0,0
1756012320_1..N03R,031200_1..N03R,1,0,1756012320,01 0512  SFT/242,1756030091,1756030094,1437,0,0
1756012410_GS.S01R,031350_GS.S01R,GS,1,1756012410,0S 0513+ TSS/GCS,1756026863,1756026866,145,0,0
1756012440_4..S13X075,031400_4..S13X075,4,1,1756012440,04 0514  WDL/GC,1756029329,1756029335,1234,0,0
1756012590_6..N01X012,031650_6..N01X012,6,0,1756012590,06 0516+ GC /PEL,1756029749,1756029755,1266,0,0
1756012770_3..N01R,031950_3..N01R,3,0,1756012770,03 0519+ NLT/148,1756031336,1756031339,1646,0,0
1756012770_6..S01X053,031950_6..S01X053,6,1,1756012770,06 0519+ PEL/GC,1756030070,1756030075,1271,0,0
1756012800_7..S,032000_7..S,7,1,1756012800,07 0520 MST/34H,1756029335,1756029340,1093,0,0
1756012800_GS.N01R,032000_GS.N01R,GS,0,1756012800,0S 0520  GCS/TSS,1756027285,1756027286,133,0,0
1756012860_4..N13X156,032100_4..N13X156,4,0,1756012860,04 0521  GC /WDL,1756030061,1756030064,1269,0,0
1756012980_3..S01R,032300_3..S01R,3,1,1756012980,03 0523  148/NLT,1756031144,1756031150,1558,0,0
1756012980_5..N32R,032300_5..N32R,5,0,1756012980,05 0523  180/DYR,1756027931,1756027934,703,0,0
1756013010_GS.S01R,032350_GS.S01R,GS,1,1756013010,0S 0523+ TSS/GCS,1756027465,1756027466,145,0,0
1756013040_5..S32R,032400_5..S32R,5,1,1756013040,05 0524  DYR/180,1756028051,1756028054,735,0,0
1756013130_2..S08R,032550_2..S08R,2,1,1756013130,02 0525+ 241/FLA,1756033859,1756033865,2811,0,0
1756013160_1..S03R,032600_1..S03R,1,1,1756013160,01 0526  242/SFT,1756030925,1756030928,1480,0,0
1756013400_GS.N01R,033000_GS.N01R,GS,0,1756013400,0S 0530  GCS/TSS,1756027900,1756027901,134,0,0
1756013490_2..N08R,033150_2..N08R,2,0,1756013490,02 0531+ FLA/241,1756033910,1756033913,2131,0,0
1756013520_1..N03R,033200_1..N03R,1,0,1756013520,01 0532  SFT/242,1756031438,1756031441,1476,0,0
1756013610_GS.S01R,033350_GS.S01R,GS,1,1756013610,0S 0533+ TSS/GCS,1756028050,1756028051,144,0,0
1756013640_4..S13X075,033400_4..S13X075,4,1,1756013640,04 0534  WDL/GC,1756030529,1756030535,1234,0,0
1756013790_6..N01X012,033650_6..N01X012,6,0,1756013790,06 0536+ GC /PEL,1756030838,1756030841,1236,0,0
1756013790_7..N,033650_7..N,7,0,1756013790,07 0536+ 34H/MST,1756030349,1756030355,1095,0,0
1756013820_7..S,033700_7..S,7,1,1756013820,07 0537 MST/34H,1756030241,1756030244,1066,0,0
1756013970_3..N01R,033950_3..N01R,3,0,1756013970,03 0539+ NLT/148,1756032626,1756032629,1729,0,0
1756013970_6..S01X053,033950_6..S01X053,6,1,1756013970,06 0539+ PEL/GC,1756031126,1756031129,1233,0,0
1756014000_GS.N01R,034000_GS.N01R,GS,0,1756014000,0S 0540  GCS/TSS,1756028515,1756028516,135,0,0
1756014060_4..N13X156,034100_4..N13X156,4,0,1756014060,04 0541  GC /WDL,1756030886,1756030889,1169,0,0
1756014120_5..S32R,034200_5..S32R,5,1,1756014120,05 0542  DYR/180,1756029221,1756029224,725,0,0
1756014180_3..S01R,034300_3..S01R,3,1,1756014180,03 0543  148/NLT,1756032635,1756032638,1635,0,0
1756014180_5..N32R,034300_5..N32R,5,0,1756014180,05 0543  180/DYR,1756029260,1756029265,735,0,0
1756014210_GS.S01R,034350_GS.S01R,GS,1,1756014210,0S 0543+ TSS/GCS,1756028650,1756028654,144,0,0
1756014360_1..S03R,034600_1..S03R,1,1,1756014360,01 0546  242/SFT,1756032236,1756032239,1449,0,0
1756014390_2..N08R,034650_2..N08R,2,0,1756014390,02 0546+ FLA/241,1756035080,1756035083,2247,0,0
1756014510_2..S08R,034850_2..S08R,2,1,1756014510,02 0548+ 241/FLA,1756035031,1756035035,2231,0,0
1756014600_7..S,035000_7..S,7,1,1756014600,07 0550 MST/34H,1756031081,1756031084,1057,0,0
1756014600_GS.N01R,035000_GS.N01R,GS,0,1756014600,0S 0550  GCS/TSS,1756029085,1756029086,133,0,0
1756014720_1..N03R,035200_1..N03R,1,0,1756014720,01 0552  SFT/242,1756032626,1756032629,1473,0,0
1756014810_4..S13X075,035350_4..S13X075,4,1,1756014810,04 0553+ WDL/GC,1756031756,1756031759,1241,0,0
1756014810_GS.S01R,035350_GS.S01R,GS,1,1756014810,0S 0553+ TSS/GCS,1756029265,1756029266,145,0,0
1756014990_6..N01X012,035650_6..N01X012,6,0,1756014990,06 0556+ GC /PEL,1756032824,1756032830,1446,0,0
1756014990_7..N,035650_7..N,7,0,1756014990,07 0556+ 34H/MST,1756031438,1756031441,1072,0,0
1756015140_6..S01X053,035900_6..S01X053,6,1,1756015140,06 0559  PEL/GC,1756032605,1756032608,1387,0,0
1756015170_3..N01R,035950_3..N01R,3,0,1756015170,03 0559+ NLT/148,1756033664,1756033670,1656,0,0
1756015200_7..S,036000_7..S,7,1,1756015200,07 0600 MST/34H,1756031708,1756031711,1051,0,0
1756015200_GS.N01R,036000_GS.N01R,GS,0,1756015200,0S 0600  GCS/TSS,1756029715,1756029716,135,0,0
1756015260_4..N13X156,036100_4..N13X156,4,0,1756015260,04 0601  GC /WDL,1756032056,1756032059,1161,0,0
1756015260_5..N32R,036100_5..N32R,5,0,1756015260,05 0601  180/DYR,1756030391,1756030394,717,0,0
1756015290_2..N08R,036150_2..N08R,2,0,1756015290,02 0601+ FLA/241,1756035781,1756035785,2239,0,0
1756015320_5..S32R,036200_5..S32R,5,1,1756015320,05 0602  DYR/180,1756030541,1756030544,757,0,0
1756015410_4..S13X075,036350_4..S13X075,4,1,1756015410,04 0603+ WDL/GC,1756032404,1756032410,1254,0,0
1756015440_2..S08R,036400_2..S08R,2,1,1756015440,02 0604  241/FLA,1756036091,1756036094,2341,0,0
1756015440_3..S01R,036400_3..S01R,3,1,1756015440,03 0604  148/NLT,1756033685,1756033688,1592,0,0
1756015440_GS.S01R,036400_GS.S01R,GS,1,1756015440,0S 0604  TSS/GCS,1756029925,1756029926,149,0,0
1756015470_1..S03R,036450_1..S03R,1,1,1756015470,01 0604+ 242/SFT,1756033214,1756033220,1433,0,0
1756015800_GS.N01R,037000_GS.N01R,GS,0,1756015800,0S 0610  GCS/TSS,1756030315,1756030316,135,0,0
1756015920_1..N03R,037200_1..N03R,1,0,1756015920,01 0612  SFT/242,1756033736,1756033739,1446,0,0
1756015950_7..N,037250_7..N,7,0,1756015950,07 0612+ 34H/MST,1756032569,1756032575,1129,0,0
1756015950_7..S,037250_7..S,7,1,1756015950,07 0612+ MST/34H,1756032395,1756032398,1082,0,0
1756016040_6..S01X053,037400_6..S01X053,6,1,1756016040,06 0614  PEL/GC,1756033364,1756033370,1350,0,0
1756016040_GS.S01R,037400_GS.S01R,GS,1,1756016040,0S 0614  TSS/GCS,1756030525,1756030526,149,0,0
1756016190_2..N08R,037650_2..N08R,2,0,1756016190,02 0616+ FLA/241,1756037090,1756037093,2426,0,0
1756016190_6..N01X012,037650_6..N01X012,6,0,1756016190,06 0616+ GC /PEL,1756033376,1756033379,1273,0,0
1756016310_4..S13X075,037850_4..S13X075,4,1,1756016310,04 0618+ WDL/GC,1756033175,1756033178,1219,0,0
1756016370_2..S01R,037950_2..S01R,2,1,1756016370,02 0619+ 241/FLA,1756036481,1756036484,2147,0,0
1756016370_3..N01R,037950_3..N01R,3,0,1756016370,03 0619+ NLT/148,1756034870,1756034873,1690,0,0
1756016400_GS.N01R,038000_GS.N01R,GS,0,1756016400,0S 0620  GCS/TSS,1756030705,1756030706,121,0,0
1756016460_4..N13X156,038100_4..N13X156,4,0,1756016460,04 0621  GC /WDL,1756033265,1756033268,1164,0,0
1756016490_5..S01R,038150_5..S01R,5,1,1756016490,05 0621+ DYR/180,1756031546,1756031549,706,0,0
1756016580_5..N32R,038300_5..N32R,5,0,1756016580,05 0623  180/DYR,1756031891,1756031894,798,0,0
1756016610_1..S03R,038350_1..S03R,1,1,1756016610,01 0623+ 242/SFT,1756034491,1756034495,1498,0,0
1756016700_3..S01R,038500_3..S01R,3,1,1756016700,03 0625  148/NLT,1756035260,1756035263,1668,0,0
1756016700_7..S,038500_7..S,7,1,1756016700,07 0625 MST/34H,1756033151,1756033154,1033,0,0
1756016760_7..N,038600_7..N,7,0,1756016760,07 0626 34H/MST,1756033334,1756033340,1083,0,0
1756016940_6..S01X053,038900_6..S01X053,6,1,1756016940,06 0629  PEL/GC,1756034159,1756034165,1319,0,0
1756017090_2..N08R,039150_2..N08R,2,0,1756017090,02 0631+ FLA/241,1756037690,1756037693,2383,0,0
1756017120_1..N03R,039200_1..N03R,1,0,1756017120,01 0632  SFT/242,1756035020,1756035023,1509,0,0
1756017180_7..S,039300_7..S,7,1,1756017180,07 0633 MST/34H,1756033763,1756033766,1067,0,0
1756017210_4..S13X075,039350_4..S13X075,4,1,1756017210,04 0633+ WDL/GC,1756034021,1756034024,1202,0,0
1756017300_2..S01R,039500_2..S01R,2,1,1756017300,02 0635  241/FLA,1756037261,1756037264,2162,0,0
1756017390_6..N01X012,039650_6..N01X012,6,0,1756017390,06 0636+ GC /PEL,1756034450,1756034453,1245,0,0
1756017480_7..N,039800_7..N,7,0,1756017480,07 0638 34H/MST,1756034111,1756034114,1078,0,0
1756017570_3..N01R,039950_3..N01R,3,0,1756017570,03 0639+ NLT/148,1756036130,1756036133,1716,0,0
1756017660_4..N13X156,040100_4..N13X156,4,0,1756017660,04 0641  GC /WDL,1756034450,1756034453,1165,0,0
1756017660_7..S,040100_7..S,7,1,1756017660,07 0641 MST/34H,1756034114,1756034120,1079,0,0
1756017720_5..S01R,040200_5..S01R,5,1,1756017720,05 0642  DYR/180,1756032824,1756032830,728,0,0
1756017750_1..S03R,040250_1..S03R,1,1,1756017750,01 0642+ 242/SFT,1756035620,1756035623,1548,0,0
1756017780_5..N01R,040300_5..N01R,5,0,1756017780,05 0643  180/DYR,1756032884,1756032890,744,0,0
1756017840_6..S01X053,040400_6..S01X053,6,1,1756017840,06 0644  PEL/GC,1756035299,1756035305,1441,0,0
1756017990_2..N08R,040650_2..N08R,2,0,1756017990,02 0646+ FLA/241,1756038281,1756038284,2315,0,0
1756018080_7..N,040800_7..N,7,0,1756018080,07 0648 34H/MST,1756034746,1756034750,1113,0,0
1756018110_4..S13X075,040850_4..S13X075,4,1,1756018110,04 0648+ WDL/GC,1756034939,1756034945,1243,0,0
1756018140_7..S,040900_7..S,7,1,1756018140,07 0649 MST/34H,1756034555,1756034561,1052,0,0
1756018200_2..S01R,041000_2..S01R,2,1,1756018200,02 0650  241/FLA,1756037909,1756037915,2136,0,0
1756018260_3..S01R,041100_3..S01R,3,1,1756018260,03 0651  148/NLT,1756036271,1756036274,1601,0,0
1756018260_4..N13X156,041100_4..N13X156,4,0,1756018260,04 0651  GC /WDL,1756035230,1756035233,1258,0,0
1756018320_1..N03R,041200_1..N03R,1,0,1756018320,01 0652  SFT/242,1756036319,1756036325,1616,0,0
1756018500_6..N01X012,041500_6..N01X012,6,0,1756018500,06 0655  GC /PEL,1756035650,1756035653,1317,0,0
1756018620_7..S,041700_7..S,7,1,1756018620,07 0657 MST/34H,1756035044,1756035046,1129,0,0
1756018710_1..S03R,041850_1..S03R,1,1,1756018710,01 0658+ 242/SFT,1756036511,1756036514,1598,0,0
1756018740_6..S01X053,041900_6..S01X053,6,1,1756018740,06 0659  PEL/GC,1756035881,1756035884,1394,0,0
1756018770_3..N01R,041950_3..N01R,3,0,1756018770,03 0659+ NLT/148,1756037033,1756037036,1729,0,0
1756018830_7..N,042050_7..N,7,0,1756018830,07 0700+ 34H/MST,1756035451,1756035455,1148,0,0
1756018890_2..N08R,042150_2..N08R,2,0,1756018890,02 0701+ FLA/241,1756039349,1756039355,2360,0,0
1756018920_5..S01R,042200_5..S01R,5,1,1756018920,05 0702  DYR/180,1756034009,1756034015,719,0,0
1756018980_5..N01R,042300_5..N01R,5,0,1756018980,05 0703  180/DYR,1756034189,1756034195,478,0,0
1756019010_4..S13X075,042350_4..S13X075,4,1,1756019010,04 0703+ WDL/GC,1756036061,1756036064,1373,0,0
1756019070_2..S01R,042450_2..S01R,2,1,1756019070,02 0704+ 241/FLA,1756038821,1756038824,2139,0,0
1756019100_7..S,042500_7..S,7,1,1756019100,07 0705 MST/34H,1756035578,1756035581,1175,0,0
1756019160_4..N13X156,042600_4..N13X156,4,0,1756019160,04 0706  GC /WDL,1756035991,1756035995,1270,0,0
1756019280_3..S01R,042800_3..S01R,3,1,1756019280,03 0708  148/NLT,1756037521,1756037525,1768,0,0
1756019400_6..N01X012,043000_6..N01X012,6,0,1756019400,06 0710  GC /PEL,1756036531,1756036535,1365,0,0
1756019520_1..N03R,043200_1..N03R,1,0,1756019520,01 0712  SFT/242,1756037231,1756037234,1592,0,0
1756019580_7..N,043300_7..N,7,0,1756019580,07 0713 34H/MST,1756036118,1756036121,1184,0,0
1756019580_7..S,043300_7..S,7,1,1756019580,07 0713 MST/34H,1756036031,1756036034,1155,0,0
1756019640_1..S03R,043400_1..S03R,1,1,1756019640,01 0714  242/SFT,1756037420,1756037423,1654,0,0
1756019640_6..S01X053,043400_6..S01X053,6,1,1756019640,06 0714  PEL/GC,1756037120,1756037126,1556,0,0
1756019910_4..S13X075,043850_4..S13X075,4,1,1756019910,04 0718+ WDL/GC,1756036730,1756036733,1348,0,0
1756019940_5..S01R,043900_5..S01R,5,1,1756019940,05 0719  DYR/180,1756035080,1756035083,809,0,0
1756019970_2..S01R,043950_2..S01R,2,1,1756019970,02 0719+ 241/FLA,1756039733,1756039736,2142,0,0
1756019970_3..N01R,043950_3..N01R,3,0,1756019970,03 0719+ NLT/148,1756038389,1756038395,1784,0,0
1756020000_GS.N01R,044000_GS.N01R,GS,0,1756020000,0S 0720  GCS/TSS,1756034506,1756034510,13,0,0
1756020060_4..N13X156,044100_4..N13X156,4,0,1756020060,04 0721  GC /WDL,1756036850,1756036853,1308,0,0
1756020060_7..N,044100_7..N,7,0,1756020060,07 0721 34H/MST,1756036691,1756036694,1282,0,0
1756020060_7..S,044100_7..S,7,1,1756020060,07 0721 MST/34H,1756036619,1756036625,1261,0,0
1756020090_2..N01R,044150_2..N01R,2,0,1756020090,02 0721+ FLA/241,1756040249,1756040255,2280,0,0
1756020180_5..N01R,044300_5..N01R,5,0,1756020180,05 0723  180/DYR,1756035290,1756035293,798,0,0
1756020240_3..S01R,044400_3..S01R,3,1,1756020240,03 0724  148/NLT,1756038449,1756038455,1800,0,0
1756020240_GS.S01R,044400_GS.S01R,GS,1,1756020240,0S 0724  TSS/GCS,1756034731,1756034735,27,0,0
1756020300_6..N01X012,044500_6..N01X012,6,0,1756020300,06 0725  GC /PEL,1756037471,1756037474,1431,0,0
1756020450_1..S03R,044750_1..S03R,1,1,1756020450,01 0727+ 242/SFT,1756038290,1756038293,1677,0,0
1756020510_7..N,044850_7..N,7,0,1756020510,07 0728+ 34H/MST,1756037086,1756037090,1288,0,0
1756020540_6..S01X053,044900_6..S01X053,6,1,1756020540,06 0729  PEL/GC,1756037851,1756037855,1557,0,0
1756020540_7..S,044900_7..S,7,1,1756020540,07 0729 MST/34H,1756037039,1756037041,1271,0,0
1756020600_GS.N01R,045000_GS.N01R,GS,0,1756020600,0S 0730  GCS/TSS,1756035076,1756035080,47,0,0
1756020630_4..S13X075,045050_4..S13X075,4,1,1756020630,04 0730+ WDL/GC,1756037701,1756037705,1427,0,0
1756020660_5..S01R,045100_5..S01R,5,1,1756020660,05 0731  DYR/180,1756035791,1756035794,804,0,0
1756020720_1..N03R,045200_1..N03R,1,0,1756020720,01 0732  SFT/242,1756038569,1756038575,1672,0,0
1756020750_2..S01R,045250_2..S01R,2,1,1756020750,02 0732+ 241/FLA,1756040474,1756040480,2180,0,0
1756020840_GS.S01R,045400_GS.S01R,GS,1,1756020840,0S 0734  TSS/GCS,1756035331,1756035335,62,0,0
1756020930_7..N,045550_7..N,7,0,1756020930,07 0735+ 34H/MST,1756037429,1756037431,1295,0,0
1756020960_4..N13X156,045600_4..N13X156,4,0,1756020960,04 0736  GC /WDL,1756037731,1756037735,1357,0,0
1756021020_7..S,045700_7..S,7,1,1756021020,07 0737 MST/34H,1756037516,1756037519,1302,0,0
1756021050_1..S03R,045750_1..S03R,1,1,1756021050,01 0737+ 242/SFT,1756038869,1756038875,1672,0,0
1756021050_3..N01R,045750_3..N01R,3,0,1756021050,03 0737+ NLT/148,1756039643,1756039646,1878,0,0
1756021140_3..S01R,045900_3..S01R,3,1,1756021140,03 0739  148/NLT,1756039343,1756039346,1798,0,0
1756021200_5..N01R,046000_5..N01R,5,0,1756021200,05 0740  180/DYR,1756036280,1756036283,807,0,0
1756021200_6..N01X012,046000_6..N01X012,6,0,1756021200,06 0740  GC /PEL,1756038341,1756038344,1454,0,0
1756021200_GS.N01R,046000_GS.N01R,GS,0,1756021200,0S 0740  GCS/TSS,1756035691,1756035695,86,0,0
1756021290_2..N01R,046150_2..N01R,2,0,1756021290,02 0741+ FLA/241,1756041344,1756041350,2254,0,0
1756021320_6..S01X053,046200_6..S01X053,6,1,1756021320,06 0742  PEL/GC,1756038749,1756038755,1563,0,0
1756021350_7..N,046250_7..N,7,0,1756021350,07 0742+ 34H/MST,1756037795,1756037798,1307,0,0
1756021380_4..S13X075,046300_4..S13X075,4,1,1756021380,04 0743  WDL/GC,1756038290,1756038293,1440,0,0
1756021440_GS.S01R,046400_GS.S01R,GS,1,1756021440,0S 0744  TSS/GCS,1756035931,1756035935,101,0,0
1756021470_2..S01R,046450_2..S01R,2,1,1756021470,02 0744+ 241/FLA,1756041329,1756041335,2172,0,0
1756021470_5..S01R,046450_5..S01R,5,1,1756021470,05 0744+ DYR/180,1756036471,1756036475,790,0,0
1756021500_7..S,046500_7..S,7,1,1756021500,07 0745 MST/34H,1756037954,1756037960,1255,0,0
1756021650_1..S03R,046750_1..S03R,1,1,1756021650,01 0747+ 242/SFT,1756039601,1756039604,1712,0,0
1756021770_7..N,046950_7..N,7,0,1756021770,07 0749+ 34H/MST,1756038260,1756038263,1323,0,0
1756021800_GS.N01R,047000_GS.N01R,GS,0,1756021800,0S 0750  GCS/TSS,1756036276,1756036280,122,0,0
1756021860_4..N13X156,047100_4..N13X156,4,0,1756021860,04 0751  GC /WDL,1756038611,1756038614,1368,0,0
1756021920_1..N03R,047200_1..N03R,1,0,1756021920,01 0752  SFT/242,1756039763,1756039766,1675,0,0
1756021920_5..N01R,047200_5..N01R,5,0,1756021920,05 0752  180/DYR,1756037051,1756037054,900,0,0
1756021980_7..S,047300_7..S,7,1,1756021980,07 0753 MST/34H,1756038539,1756038545,1310,0,0
1756022010_3..N01R,047350_3..N01R,3,0,1756022010,03 0753+ NLT/148,1756040303,1756040306,1819,0,0
1756022040_6..S01X053,047400_6..S01X053,6,1,1756022040,06 0754  PEL/GC,1756039259,1756039265,1541,0,0
1756022040_GS.S01R,047400_GS.S01R,GS,1,1756022040,0S 0754  TSS/GCS,1756036516,1756036520,135,0,0
1756022100_4..S13X075,047500_4..S13X075,4,1,1756022100,04 0755  WDL/GC,1756039031,1756039034,1383,0,0
1756022100_5..S01R,047500_5..S01R,5,1,1756022100,05 0755  DYR/180,1756037221,1756037225,857,0,0
1756022130_6..N01X012,047550_6..N01X012,6,0,1756022130,06 0755+ GC /PEL,1756039169,1756039175,1420,0,0
1756022160_3..S01R,047600_3..S01R,3,1,1756022160,03 0756  148/NLT,1756040243,1756040246,1706,0,0
1756022190_2..S01R,047650_2..S01R,2,1,1756022190,02 0756+ 241/FLA,1756041908,1756041911,2172,0,0
1756022190_7..N,047650_7..N,7,0,1756022190,07 0756+ 34H/MST,1756038713,1756038716,1310,0,0
1756022250_1..S03R,047750_1..S03R,1,1,1756022250,01 0757+ 242/SFT,1756040189,1756040195,1692,0,0
1756022340_7..S,047900_7..S,7,1,1756022340,07 0759 MST/34H,1756038794,1756038800,665,0,0
1756022400_GS.N01R,048000_GS.N01R,GS,0,1756022400,0S 0800  GCS/TSS,1756036906,1756036910,122,0,0
1756022460_2..N01R,048100_2..N01R,2,0,1756022460,02 0801  FLA/241,1756042280,1756042281,2196,0,0
1756022520_7..S,048200_7..S,7,1,1756022520,07 0802 MST/34H,1756036576,1756036580,503,0,0
1756022610_3..N01R,048350_3..N01R,3,0,1756022610,03 0803+ NLT/148,1756041014,1756041020,1814,0,0
1756022610_7..N,048350_7..N,7,0,1756022610,07 0803+ 34H/MST,1756039064,1756039070,1247,0,0
1756022640_5..N01R,048400_5..N01R,5,0,1756022640,05 0804  180/DYR,1756037690,1756037693,914,0,0
1756022640_GS.S01R,048400_GS.S01R,GS,1,1756022640,0S 0804  TSS/GCS,1756037146,1756037150,137,0,0
1756022700_7..S,048500_7..S,7,1,1756022700,07 0805 MST/34H,1756039223,1756039226,787,0,0
1756022760_4..N13X156,048600_4..N13X156,4,0,1756022760,04 0806  GC /WDL,1756039583,1756039586,1335,0,0
1756022760_6..S01X053,048600_6..S01X053,6,1,1756022760,06 0806  PEL/GC,1756040081,1756040084,1468,0,0
1756022820_4..S13X075,048700_4..S13X075,4,1,1756022820,04 0807  WDL/GC,1756039829,1756039835,1401,0,0
1756022820_5..S01R,048700_5..S01R,5,1,1756022820,05 0807  DYR/180,1756038071,1756038074,932,0,0
1756022850_1..S03R,048750_1..S03R,1,1,1756022850,01 0807+ 242/SFT,1756040714,1756040720,1637,0,0
1756022880_2..S01R,048800_2..S01R,2,1,1756022880,02 0808  241/FLA,1756042778,1756042781,2263,0,0
1756022880_3..S01R,048800_3..S01R,3,1,1756022880,03 0808  148/NLT,1756041458,1756041461,1834,0,0
1756022910_1..N03R,048850_1..N03R,1,0,1756022910,01 0808+ SFT/242,1756040933,1756040936,1694,0,0
1756023000_GS.N01R,049000_GS.N01R,GS,0,1756023000,0S 0810  GCS/TSS,1756037491,1756037495,122,0,0
1756023030_6..N01X012,049050_6..N01X012,6,0,1756023030,06 0810+ GC /PEL,1756040333,1756040336,1436,0,0
1756023030_7..N,049050_7..N,7,0,1756023030,07 0810+ 34H/MST,1756039565,1756039568,1281,0,0
1756023060_7..S,049100_7..S,7,1,1756023060,07 0811 MST/34H,1756039715,1756039718,1286,0,0
1756023240_GS.S01R,049400_GS.S01R,GS,1,1756023240,0S 0814  TSS/GCS,1756037761,1756037765,139,0,0
1756023330_3..S01R,049550_3..S01R,3,1,1756023330,03 0815+ 148/NLT,1756041698,1756041701,1710,0,0
1756023360_5..N01R,049600_5..N01R,5,0,1756023360,05 0816  180/DYR,1756038620,1756038623,879,0,0
1756023390_2..N01R,049650_2..N01R,2,0,1756023390,02 0816+ FLA/241,1756043510,1756043511,2301,0,0
1756023420_7..S,049700_7..S,7,1,1756023420,07 0817 MST/34H,1756039904,1756039910,1195,0,0
1756023450_1..S03R,049750_1..S03R,1,1,1756023450,01 0817+ 242/SFT,1756041284,1756041290,1589,0,0
1756023450_7..N,049750_7..N,7,0,1756023450,07 0817+ 34H/MST,1756040168,1756040171,1265,0,0
1756023480_4..N13X156,049800_4..N13X156,4,0,1756023480,04 0818  GC /WDL,1756040414,1756040420,1358,0,0
1756023480_6..S01X053,049800_6..S01X053,6,1,1756023480,06 0818  PEL/GC,1756040819,1756040825,1465,0,0
1756023540_4..S13X075,049900_4..S13X075,4,1,1756023540,04 0819  WDL/GC,1756040474,1756040480,1374,0,0
1756023540_5..S01R,049900_5..S01R,5,1,1756023540,05 0819  DYR/180,1756038731,1756038734,909,0,0
1756023600_2..S01R,050000_2..S01R,2,1,1756023600,02 0820  241/FLA,1756043279,1756043285,2127,0,0
1756023600_GS.N01R,050000_GS.N01R,GS,0,1756023600,0S 0820  GCS/TSS,1756037896,1756037900,109,0,0
1756023720_1..N03R,050200_1..N03R,1,0,1756023720,01 0822  SFT/242,1756041614,1756041620,1583,0,0
1756023780_7..S,050300_7..S,7,1,1756023780,07 0823 MST/34H,1756040324,1756040330,1228,0,0
1756023810_3..N01R,050350_3..N01R,3,0,1756023810,03 0823+ NLT/148,1756042208,1756042211,1777,0,0
1756023870_7..N,050450_7..N,7,0,1756023870,07 0824+ 34H/MST,1756040450,1756040453,1213,0,0
1756023900_6..N01X012,050500_6..N01X012,6,0,1756023900,06 0825  GC /PEL,1756041014,1756041020,1322,0,0
1756024050_1..S03R,050750_1..S03R,1,1,1756024050,01 0827+ 242/SFT,1756041914,1756041920,1585,0,0
1756024080_5..N01R,050800_5..N01R,5,0,1756024080,05 0828  180/DYR,1756039361,1756039364,882,0,0
1756024140_7..S,050900_7..S,7,1,1756024140,07 0829 MST/34H,1756040708,1756040711,1227,0,0
1756024200_4..N13X156,051000_4..N13X156,4,0,1756024200,04 0830  GC /WDL,1756041044,1756041050,1234,0,0
1756024200_6..S01X053,051000_6..S01X053,6,1,1756024200,06 0830  PEL/GC,1756041488,1756041491,1352,0,0
1756024260_3..S01R,051100_3..S01R,3,1,1756024260,03 0831  148/NLT,1756042388,1756042391,1645,0,0
1756024260_4..S13X075,051100_4..S13X075,4,1,1756024260,04 0831  WDL/GC,1756041119,1756041125,1254,0,0
1756024260_5..S01R,051100_5..S01R,5,1,1756024260,05 0831  DYR/180,1756039439,1756039445,807,0,0
1756024290_2..N01R,051150_2..N01R,2,0,1756024290,02 0831+ FLA/241,1756044239,1756044245,2247,0,0
1756024290_7..N,051150_7..N,7,0,1756024290,07 0831+ 34H/MST,1756040789,1756040795,1196,0,0
1756024320_2..S01R,051200_2..S01R,2,1,1756024320,02 0832  241/FLA,1756044188,1756044191,2231,0,0
1756024440_1..N03R,051400_1..N03R,1,0,1756024440,01 0834  SFT/242,1756042460,1756042461,1667,0,0
1756024500_7..S,051500_7..S,7,1,1756024500,07 0835 MST/34H,1756041113,1756041116,1166,0,0
1756024650_1..S03R,051750_1..S03R,1,1,1756024650,01 0837+ 242/SFT,1756042520,1756042523,1588,0,0
1756024650_7..N,051750_7..N,7,0,1756024650,07 0837+ 34H/MST,1756041185,1756041188,1185,0,0
1756024680_6..N01X012,051800_6..N01X012,6,0,1756024680,06 0838  GC /PEL,1756041818,1756041821,1357,0,0
1756024800_5..N01R,052000_5..N01R,5,0,1756024800,05 0840  180/DYR,1756040099,1756040105,786,0,0
1756024830_3..N01R,052050_3..N01R,3,0,1756024830,03 0840+ NLT/148,1756043270,1756043271,1734,0,0
1756024860_7..S,052100_7..S,7,1,1756024860,07 0841 MST/34H,1756041263,1756041266,1066,0,0
1756024920_4..N13X156,052200_4..N13X156,4,0,1756024920,04 0842  GC /WDL,1756041728,1756041731,1232,0,0
1756024920_6..S01X053,052200_6..S01X053,6,1,1756024920,06 0842  PEL/GC,1756042319,1756042325,1425,0,0
1756024950_3..S01R,052250_3..S01R,3,1,1756024950,03 0842+ 148/NLT,1756043099,1756043105,1679,0,0
1756024980_2..N01R,052300_2..N01R,2,0,1756024980,02 0843  FLA/241,1756044890,1756044891,2248,0,0
1756024980_4..S,052300_4..S,4,1,1756024980,04 0843  WDL/GC,1756042058,1756042061,183,0,0
1756024980_4..S13X075,052300_4..S13X075,4,1,1756024980,04 0843  WDL/GC,1756041404,1756041410,1133,0,0
1756024980_5..S01R,052300_5..S01R,5,1,1756024980,05 0843  DYR/180,1756040174,1756040180,806,0,0
1756025010_7..N,052350_7..N,7,0,1756025010,07 0843+ 34H/MST,1756041641,1756041644,1174,0,0
1756025040_2..S01R,052400_2..S01R,2,1,1756025040,02 0844  241/FLA,1756044710,1756044711,2192,0,0
1756025190_1..N03R,052650_1..N03R,1,0,1756025190,01 0846+ SFT/242,1756043219,1756043225,1620,0,0
1756025220_7..S,052700_7..S,7,1,1756025220,07 0847 MST/34H,1756041803,1756041806,1091,0,0
1756025250_1..S03R,052750_1..S03R,1,1,1756025250,01 0847+ 242/SFT,1756043090,1756043093,1577,0,0
1756025370_7..N,052950_7..N,7,0,1756025370,07 0849+ 34H/MST,1756041929,1756041935,1133,0,0
1756025400_6..N01X012,053000_6..N01X012,6,0,1756025400,06 0850  GC /PEL,1756042490,1756042491,1283,0,0
1756025520_5..N01R,053200_5..N01R,5,0,1756025520,05 0852  180/DYR,1756040654,1756040660,736,0,0
1756025580_7..S,053300_7..S,7,1,1756025580,07 0853 MST/34H,1756042079,1756042085,1131,0,0
1756025610_3..N01R,053350_3..N01R,3,0,1756025610,03 0853+ NLT/148,1756043841,1756043843,1723,0,0
1756025640_2..S01R,053400_2..S01R,2,1,1756025640,02 0854  241/FLA,1756045499,1756045505,2223,0,0
1756025640_4..N13X156,053400_4..N13X156,4,0,1756025640,04 0854  GC /WDL,1756042520,1756042523,1293,0,0
1756025640_6..S01X053,053400_6..S01X053,6,1,1756025640,06 0854  PEL/GC,1756043009,1756043015,1452,0,0
1756025670_3..S01R,053450_3..S01R,3,1,1756025670,03 0854+ 148/NLT,1756043858,1756043861,1649,0,0
1756025700_2..N01R,053500_2..N01R,2,0,1756025700,02 0855  FLA/241,1756045529,1756045535,2151,0,0
1756025700_4..S13X075,053500_4..S13X075,4,1,1756025700,04 0855  WDL/GC,1756042580,1756042581,1231,0,0
1756025700_5..S01R,053500_5..S01R,5,1,1756025700,05 0855  DYR/180,1756040813,1756040816,697,0,0
1756025730_7..N,053550_7..N,7,0,1756025730,07 0855+ 34H/MST,1756042319,1756042325,1130,0,0
1756025850_1..S03R,053750_1..S03R,1,1,1756025850,01 0857+ 242/SFT,1756043720,1756043721,1604,0,0
1756025910_1..N03R,053850_1..N03R,1,0,1756025910,01 0858+ SFT/242,1756043699,1756043705,1599,0,0
1756025910_7..S,053850_7..S,7,1,1756025910,07 0858+ MST/34H,1756042373,1756042376,1148,0,0
1756026090_7..N,054150_7..N,7,0,1756026090,07 0901+ 34H/MST,1756042673,1756042676,1171,0,0
1756026120_6..N01X012,054200_6..N01X012,6,0,1756026120,06 0902  GC /PEL,1756043168,1756043171,1344,0,0
1756026240_5..N01R,054400_5..N01R,5,0,1756026240,05 0904  180/DYR,1756041449,1756041455,787,0,0
1756026270_7..S,054450_7..S,7,1,1756026270,07 0904+ MST/34H,1756042715,1756042716,1138,0,0
1756026330_2..N01R,054550_2..N01R,2,0,1756026330,02 0905+ FLA/241,1756046840,1756046844,2340,0,0
1756026360_2..S01R,054600_2..S01R,2,1,1756026360,02 0906  241/FLA,1756046279,1756046285,2191,0,0
1756026360_3..N01R,054600_3..N01R,3,0,1756026360,03 0906  NLT/148,1756045088,1756045091,1872,0,0
1756026360_4..N13X156,054600_4..N13X156,4,0,1756026360,04 0906  GC /WDL,1756043300,1756043301,1306,0,0
1756026360_6..S01X053,054600_6..S01X053,6,1,1756026360,06 0906  PEL/GC,1756043738,1756043741,1451,0,0
1756026420_4..S,054700_4..S,4,1,1756026420,/4 0907  WDL/GC,1756043570,1756043571,90,0,0
1756026420_4..S13X075,054700_4..S13X075,4,1,1756026420,04 0907  WDL/GC,1756043279,1756043285,1300,0,0
1756026420_5..S01R,054700_5..S01R,5,1,1756026420,05 0907  DYR/180,1756041584,1756041590,746,0,0
1756026450_1..S03R,054750_1..S03R,1,1,1756026450,01 0907+ 242/SFT,1756044305,1756044311,1632,0,0
1756026450_3..S01R,054750_3..S01R,3,1,1756026450,03 0907+ 148/NLT,1756044590,1756044591,1718,0,0
1756026450_7..N,054750_7..N,7,0,1756026450,07 0907+ 34H/MST,1756043186,1756043189,1270,0,0
1756026630_1..N03R,055050_1..N03R,1,0,1756026630,01 0910+ SFT/242,1756044698,1756044701,1671,0,0
1756026630_7..S,055050_7..S,7,1,1756026630,07 0910+ MST/34H,1756043033,1756043036,1148,0,0
1756026810_7..N,055350_7..N,7,0,1756026810,07 0913+ 34H/MST,1756043519,1756043525,1265,0,0
1756026840_6..N01X012,055400_6..N01X012,6,0,1756026840,06 0914  GC /PEL,1756044008,1756044011,1458,0,0
1756026960_5..N01R,055600_5..N01R,5,0,1756026960,05 0916  180/DYR,1756042148,1756042151,770,0,0
1756026990_7..S,055650_7..S,7,1,1756026990,07 0916+ MST/34H,1756043408,1756043411,1148,0,0
1756027050_1..S03R,055750_1..S03R,1,1,1756027050,01 0917+ 242/SFT,1756045010,1756045013,1687,0,0
1756027050_2..N01R,055750_2..N01R,2,0,1756027050,02 0917+ FLA/241,1756047050,1756047054,2236,0,0
1756027080_2..S,055800_2..S,2,1,1756027080,/2 0918  241/FLA,1756047200,1756047204,236,0,0
1756027080_2..S01R,055800_2..S01R,2,1,1756027080,/2 0918  241/FLA,1756046184,1756046186,2005,0,0
1756027080_3..N01R,055800_3..N01R,3,0,1756027080,03 0918  NLT/148,1756045580,1756045584,1844,0,0
1756027080_4..N13X156,055800_4..N13X156,4,0,1756027080,04 0918  GC /WDL,1756043840,1756043841,1322,0,0
1756027080_6..S01X053,055800_6..S01X053,6,1,1756027080,06 0918  PEL/GC,1756044338,1756044341,1482,0,0
1756027140_4..S13X075,055900_4..S13X075,4,1,1756027140,04 0919  WDL/GC,1756044080,1756044081,1401,0,0
1756027140_5..S01R,055900_5..S01R,5,1,1756027140,05 0919  DYR/180,1756042250,1756042251,803,0,0
1756027170_3..S01R,055950_3..S01R,3,1,1756027170,03 0919+ 148/NLT,1756045179,1756045181,1657,0,0
1756027170_7..N,055950_7..N,7,0,1756027170,07 0919+ 34H/MST,1756043873,1756043876,1300,0,0
1756027200_GS.N01R,056000_GS.N01R,GS,0,1756027200,0S 0920  GCS/TSS,1756041696,1756041698,11,0,0
1756027350_1..N03R,056250_1..N03R,1,0,1756027350,01 0922+ SFT/242,1756045239,1756045241,1673,0,0
1756027350_7..S,056250_7..S,7,1,1756027350,07 0922+ MST/34H,1756043864,1756043870,1246,0,0
1756027440_GS.S01R,056400_GS.S01R,GS,1,1756027440,0S 0924  TSS/GCS,1756041921,1756041923,24,0,0
1756027530_1..S03R,056550_1..S03R,1,1,1756027530,01 0925+ 242/SFT,1756045430,1756045434,1644,0,0
1756027530_7..N,056550_7..N,7,0,1756027530,07 0925+ 34H/MST,1756043991,1756043993,1247,0,0
1756027560_6..N01X012,056600_6..N01X012,6,0,1756027560,06 0926  GC /PEL,1756044938,1756044941,1506,0,0
1756027680_3..N01R,056800_3..N01R,3,0,1756027680,03 0928  NLT/148,1756046159,1756046165,1839,0,0
1756027680_5..N01R,056800_5..N01R,5,0,1756027680,05 0928  180/DYR,1756042919,1756042925,863,0,0
1756027680_6..S01X053,056800_6..S01X053,6,1,1756027680,06 0928  PEL/GC,1756045028,1756045031,1533,0,0
1756027710_7..S,056850_7..S,7,1,1756027710,07 0928+ MST/34H,1756044149,1756044155,1217,0,0
1756027770_2..N01R,056950_2..N01R,2,0,1756027770,02 0929+ FLA/241,1756047470,1756047474,2108,0,0
1756027800_2..S01R,057000_2..S01R,2,1,1756027800,02 0930  241/FLA,1756047611,1756047614,2146,0,0
1756027800_4..N13X156,057000_4..N13X156,4,0,1756027800,04 0930  GC /WDL,1756044878,1756044881,1407,0,0
1756027800_4..S13X075,057000_4..S13X075,4,1,1756027800,04 0930  WDL/GC,1756044818,1756044821,1389,0,0
1756027800_GS.N01R,057000_GS.N01R,GS,0,1756027800,0S 0930  GCS/TSS,1756042296,1756042298,47,0,0
1756027860_5..S01R,057100_5..S01R,5,1,1756027860,05 0931  DYR/180,1756043030,1756043031,818,0,0
1756027890_3..S01R,057150_3..S01R,3,1,1756027890,03 0931+ 148/NLT,1756046009,1756046015,1719,0,0
1756027890_7..N,057150_7..N,7,0,1756027890,07 0931+ 34H/MST,1756044524,1756044530,1329,0,0
1756027950_1..N03R,057250_1..N03R,1,0,1756027950,01 0932+ SFT/242,1756045931,1756045934,1698,0,0
1756028010_1..S03R,057350_1..S03R,1,1,1756028010,01 0933+ 242/SFT,1756045889,1756045895,1687,0,0
1756028040_GS.S01R,057400_GS.S01R,GS,1,1756028040,0S 0934  TSS/GCS,1756042491,1756042493,60,0,0
1756028070_7..S,057450_7..S,7,1,1756028070,07 0934+ MST/34H,1756044509,1756044515,1256,0,0
1756028250_7..N,057750_7..N,7,0,1756028250,07 0937+ 34H/MST,1756044899,1756044905,1304,0,0
1756028280_3..N01R,057800_3..N01R,3,0,1756028280,03 0938  NLT/148,1756046960,1756046964,1892,0,0
1756028280_6..N01X012,057800_6..N01X012,6,0,1756028280,06 0938  GC /PEL,1756045479,1756045481,1497,0,0
1756028280_6..S01X053,057800_6..S01X053,6,1,1756028280,06 0938  PEL/GC,1756045640,1756045644,1540,0,0
1756028400_2..S01R,058000_2..S01R,2,1,1756028400,02 0940  241/FLA,1756048541,1756048544,2234,0,0
1756028400_5..N01R,058000_5..N01R,5,0,1756028400,05 0940  180/DYR,1756043600,1756043601,846,0,0
1756028400_GS.N01R,058000_GS.N01R,GS,0,1756028400,0S 0940  GCS/TSS,1756042911,1756042913,85,0,0
1756028430_7..S,058050_7..S,7,1,1756028430,07 0940+ MST/34H,1756044986,1756044989,1309,0,0
1756028460_4..S13X075,058100_4..S13X075,4,1,1756028460,04 0941  WDL/GC,1756045499,1756045505,1424,0,0
1756028490_1..S03R,058150_1..S03R,1,1,1756028490,01 0941+ 242/SFT,1756046360,1756046364,1653,0,0
1756028490_2..N01R,058150_2..N01R,2,0,1756028490,02 0941+ FLA/241,1756048349,1756048355,2183,0,0
1756028520_4..N13X156,058200_4..N13X156,4,0,1756028520,04 0942  GC /WDL,1756045269,1756045271,1362,0,0
1756028550_1..N03R,058250_1..N03R,1,0,1756028550,01 0942+ SFT/242,1756046351,1756046354,1650,0,0
1756028550_5..S01R,058250_5..S01R,5,1,1756028550,05 0942+ DYR/180,1756043729,1756043735,889,0,0
1756028610_3..S01R,058350_3..S01R,3,1,1756028610,03 0943+ 148/NLT,1756046789,1756046795,1767,0,0
1756028610_7..N,058350_7..N,7,0,1756028610,07 0943+ 34H/MST,1756045194,1756045196,1303,0,0
1756028640_GS.S01R,058400_GS.S01R,GS,1,1756028640,0S 0944  TSS/GCS,1756043121,1756043123,98,0,0
1756028790_7..S,058650_7..S,7,1,1756028790,07 0946+ MST/34H,1756045316,1756045319,1319,0,0
1756028850_2..S01R,058750_2..S01R,2,1,1756028850,02 0947+ 241/FLA,1756048811,1756048814,2226,0,0
1756028880_6..S01X053,058800_6..S01X053,6,1,1756028880,06 0948  PEL/GC,1756046189,1756046195,1528,0,0
1756028970_1..S03R,058950_1..S03R,1,1,1756028970,01 0949+ 242/SFT,1756046849,1756046855,1624,0,0
1756028970_7..N,058950_7..N,7,0,1756028970,07 0949+ 34H/MST,1756045619,1756045625,1276,0,0
1756029000_6..N01X012,059000_6..N01X012,6,0,1756029000,06 0950  GC /PEL,1756046090,1756046094,1421,0,0
1756029000_GS.N01R,059000_GS.N01R,GS,0,1756029000,0S 0950  GCS/TSS,1756043511,1756043513,122,0,0
1756029030_4..S13X075,059050_4..S13X075,4,1,1756029030,04 0950+ WDL/GC,1756045991,1756045994,1395,0,0
1756029060_3..N01R,059100_3..N01R,3,0,1756029060,03 0951  NLT/148,1756047479,1756047485,1792,0,0
1756029120_5..N01R,059200_5..N01R,5,0,1756029120,05 0952  180/DYR,1756044428,1756044431,951,0,0
1756029150_1..N03R,059250_1..N03R,1,0,1756029150,01 0952+ SFT/242,1756046990,1756046994,1661,0,0
1756029150_7..S,059250_7..S,7,1,1756029150,07 0952+ MST/34H,1756045640,1756045644,1280,0,0
1756029210_2..N01R,059350_2..N01R,2,0,1756029210,02 0953+ FLA/241,1756049360,1756049363,2292,0,0
1756029210_3..S01R,059350_3..S01R,3,1,1756029210,03 0953+ 148/NLT,1756047650,1756047654,1837,0,0
1756029240_4..N,059400_4..N,4,0,1756029240,/4 0954  GC /WDL,1756046210,1756046214,635,0,0
1756029240_4..N13X156,059400_4..N13X156,4,0,1756029240,04 0954  GC /WDL,1756043939,1756043945,795,0,0
1756029240_GS.S01R,059400_GS.S01R,GS,1,1756029240,0S 0954  TSS/GCS,1756043721,1756043723,135,0,0
1756029330_2..S01R,059550_2..S01R,2,1,1756029330,02 0955+ 241/FLA,1756049459,1756049465,2222,0,0
1756029330_7..N,059550_7..N,7,0,1756029330,07 0955+ 34H/MST,1756045929,1756045931,1332,0,0
1756029360_5..S01R,059600_5..S01R,5,1,1756029360,05 0956  DYR/180,1756044500,1756044501,877,0,0
1756029450_1..S03R,059750_1..S03R,1,1,1756029450,01 0957+ 242/SFT,1756047320,1756047324,1652,0,0
1756029480_3..N01R,059800_3..N01R,3,0,1756029480,03 0958  NLT/148,1756047971,1756047974,1825,0,0
1756029480_6..S01X053,059800_6..S01X053,6,1,1756029480,06 0958  PEL/GC,1756046849,1756046855,1527,0,0
1756029510_7..S,059850_7..S,7,1,1756029510,07 0958+ MST/34H,1756045949,1756045955,1243,0,0
1756029600_GS.N01R,060000_GS.N01R,GS,0,1756029600,0S 1000  GCS/TSS,1756044081,1756044083,123,0,0
1756029630_4..S13X075,060050_4..S13X075,4,1,1756029630,04 1000+ WDL/GC,1756046651,1756046654,1378,0,0
1756029690_7..N,060150_7..N,7,0,1756029690,07 1001+ 34H/MST,1756046225,1756046229,1269,0,0
1756029720_6..N01X012,060200_6..N01X012,6,0,1756029720,06 1002  GC /PEL,1756046999,1756047005,1471,0,0
1756029750_1..N03R,060250_1..N03R,1,0,1756029750,01 1002+ SFT/242,1756047629,1756047635,1639,0,0
1756029810_3..S01R,060350_3..S01R,3,1,1756029810,03 1003+ 148/NLT,1756048220,1756048224,1795,0,0
1756029840_GS.S01R,060400_GS.S01R,GS,1,1756029840,0S 1004  TSS/GCS,1756044351,1756044353,136,0,0
1756029870_2..S01R,060450_2..S01R,2,1,1756029870,02 1004+ 241/FLA,1756049729,1756049735,2098,0,0
1756029870_7..S,060450_7..S,7,1,1756029870,07 1004+ MST/34H,1756046414,1756046420,1240,0,0
1756029900_5..N01R,060500_5..N01R,5,0,1756029900,05 1005  180/DYR,1756045109,1756045115,867,0,0
1756029930_1..S03R,060550_1..S03R,1,1,1756029930,01 1005+ 242/SFT,1756047791,1756047794,1582,0,0
1756029930_2..N01R,060550_2..N01R,2,0,1756029930,02 1005+ FLA/241,1756049843,1756049846,2128,0,0
1756029960_4..N13X156,060600_4..N13X156,4,0,1756029960,04 1006  GC /WDL,1756046741,1756046744,1302,0,0
1756030020_5..S01R,060700_5..S01R,5,1,1756030020,05 1007  DYR/180,1756045179,1756045181,885,0,0
1756030050_7..N,060750_7..N,7,0,1756030050,07 1007+ 34H/MST,1756047005,1756047009,1379,0,0
1756030080_3..N01R,060800_3..N01R,3,0,1756030080,03 1008  NLT/148,1756048520,1756048524,1775,0,0
1756030080_6..S01X053,060800_6..S01X053,6,1,1756030080,06 1008  PEL/GC,1756047419,1756047425,1483,0,0
1756030200_GS.N01R,061000_GS.N01R,GS,0,1756030200,0S 1010  GCS/TSS,1756044711,1756044713,112,0,0
1756030230_4..S13X075,061050_4..S13X075,4,1,1756030230,04 1010+ WDL/GC,1756047251,1756047254,1340,0,0
1756030230_7..S,061050_7..S,7,1,1756030230,07 1010+ MST/34H,1756046774,1756046780,1220,0,0
1756030290_2..S01R,061150_2..S01R,2,1,1756030290,02 1011+ 241/FLA,1756050293,1756050296,2150,0,0
1756030350_1..N03R,061250_1..N03R,1,0,1756030350,01 1012+ SFT/242,1756048160,1756048164,1581,0,0
1756030410_1..S03R,061350_1..S03R,1,1,1756030410,01 1013+ 242/SFT,1756048439,1756048445,1656,0,0
1756030410_7..N,061350_7..N,7,0,1756030410,07 1013+ 34H/MST,1756047264,1756047266,1338,0,0
1756030440_3..S01R,061400_3..S01R,3,1,1756030440,03 1014  148/NLT,1756048841,1756048844,1763,0,0
1756030440_6..N01X012,061400_6..N01X012,6,0,1756030440,06 1014  GC /PEL,1756047569,1756047575,1425,0,0
1756030440_GS.S01R,061400_GS.S01R,GS,1,1756030440,0S 1014  TSS/GCS,1756044921,1756044923,121,0,0
1756030560_5..N01R,061600_5..N01R,5,0,1756030560,05 1016  180/DYR,1756045730,1756045734,837,0,0
1756030590_7..S,061650_7..S,7,1,1756030590,07 1016+ MST/34H,1756047264,1756047266,1238,0,0
1756030650_2..N01R,061750_2..N01R,2,0,1756030650,02 1017+ FLA/241,1756050593,1756050596,2133,0,0
1756030680_3..N01R,061800_3..N01R,3,0,1756030680,03 1018  NLT/148,1756049189,1756049195,1759,0,0
1756030680_4..N13X156,061800_4..N13X156,4,0,1756030680,04 1018  GC /WDL,1756047629,1756047635,1344,0,0
1756030680_6..S01X053,061800_6..S01X053,6,1,1756030680,06 1018  PEL/GC,1756048019,1756048025,1447,0,0
1756030770_2..S01R,061950_2..S01R,2,1,1756030770,02 1019+ 241/FLA,1756051094,1756051100,2170,0,0
1756030770_7..N,061950_7..N,7,0,1756030770,07 1019+ 34H/MST,1756047779,1756047785,1321,0,0
1756030800_5..S01R,062000_5..S01R,5,1,1756030800,05 1020  DYR/180,1756045991,1756045994,809,0,0
1756030800_GS.N01R,062000_GS.N01R,GS,0,1756030800,0S 1020  GCS/TSS,1756045284,1756045286,104,0,0
1756030830_1..N03R,062050_1..N03R,1,0,1756030830,01 1020+ SFT/242,1756048709,1756048715,1533,0,0
1756030830_1..S03R,062050_1..S03R,1,1,1756030830,01 1020+ 242/SFT,1756048769,1756048775,1549,0,0
1756030830_4..S13X075,062050_4..S13X075,4,1,1756030830,04 1020+ WDL/GC,1756047800,1756047804,1291,0,0
1756030950_3..S01R,062250_3..S01R,3,1,1756030950,03 1022+ 148/NLT,1756049279,1756049285,1685,0,0
1756030950_7..S,062250_7..S,7,1,1756030950,07 1022+ MST/34H,1756047455,1756047459,1162,0,0
1756031040_6..N01X012,062400_6..N01X012,6,0,1756031040,06 1024  GC /PEL,1756048139,1756048145,1381,0,0
1756031040_GS.S01R,062400_GS.S01R,GS,1,1756031040,0S 1024  TSS/GCS,1756045524,1756045526,120,0,0
1756031130_7..N,062550_7..N,7,0,1756031130,07 1025+ 34H/MST,1756048010,1756048014,1272,0,0
1756031250_1..S03R,062750_1..S03R,1,1,1756031250,01 1027+ 242/SFT,1756049159,1756049165,1554,0,0
1756031250_2..S01R,062750_2..S01R,2,1,1756031250,02 1027+ 241/FLA,1756051304,1756051310,2127,0,0
1756031280_3..N01R,062800_3..N01R,3,0,1756031280,03 1028  NLT/148,1756049774,1756049780,1718,0,0
1756031280_4..N13X156,062800_4..N13X156,4,0,1756031280,04 1028  GC /WDL,1756048031,1756048034,1253,0,0
1756031280_6..S01X053,062800_6..S01X053,6,1,1756031280,06 1028  PEL/GC,1756048640,1756048644,1415,0,0
1756031310_1..N03R,062850_1..N03R,1,0,1756031310,01 1028+ SFT/242,1756049240,1756049243,1575,0,0
1756031340_5..N01R,062900_5..N01R,5,0,1756031340,05 1029  180/DYR,1756046450,1756046454,832,0,0
1756031340_7..S,062900_7..S,7,1,1756031340,07 1029 MST/34H,1756047845,1756047849,1132,0,0
1756031370_2..N01R,062950_2..N01R,2,0,1756031370,02 1029+ FLA/241,1756051313,1756051316,2032,0,0
1756031400_5..S01R,063000_5..S01R,5,1,1756031400,05 1030  DYR/180,1756046771,1756046774,821,0,0
1756031400_GS.N01R,063000_GS.N01R,GS,0,1756031400,0S 1030  GCS/TSS,1756045929,1756045931,111,0,0
1756031430_4..S13X075,063050_4..S13X075,4,1,1756031430,04 1030+ WDL/GC,1756048499,1756048505,1281,0,0
1756031490_7..N,063150_7..N,7,0,1756031490,07 1031+ 34H/MST,1756048424,1756048430,1286,0,0
1756031550_3..S01R,063250_3..S01R,3,1,1756031550,03 1032+ 148/NLT,1756049894,1756049900,1653,0,0
1756031610_1..S03R,063350_1..S03R,1,1,1756031610,01 1033+ 242/SFT,1756049519,1756049525,1553,0,0
1756031640_6..N01X012,063400_6..N01X012,6,0,1756031640,06 1034  GC /PEL,1756048889,1756048895,1385,0,0
1756031640_GS.S01R,063400_GS.S01R,GS,1,1756031640,0S 1034  TSS/GCS,1756046124,1756046126,124,0,0
1756031700_7..S,063500_7..S,7,1,1756031700,07 1035 MST/34H,1756048541,1756048544,1258,0,0
1756031730_2..S01R,063550_2..S01R,2,1,1756031730,02 1035+ 241/FLA,1756052024,1756052030,2125,0,0
1756031790_1..N03R,063650_1..N03R,1,0,1756031790,01 1036+ SFT/242,1756049873,1756049876,1550,0,0
1756031850_7..N,063750_7..N,7,0,1756031850,07 1037+ 34H/MST,1756048616,1756048619,1230,0,0
1756031880_3..N01R,063800_3..N01R,3,0,1756031880,03 1038  NLT/148,1756050449,1756050455,1704,0,0
1756031880_4..N13X156,063800_4..N13X156,4,0,1756031880,04 1038  GC /WDL,1756048661,1756048664,1227,0,0
1756031880_6..S01X053,063800_6..S01X053,6,1,1756031880,06 1038  PEL/GC,1756049249,1756049255,1384,0,0
1756031940_5..N01R,063900_5..N01R,5,0,1756031940,05 1039  180/DYR,1756047209,1756047215,841,0,0
1756031970_1..S03R,063950_1..S03R,1,1,1756031970,01 1039+ 242/SFT,1756049873,1756049876,1456,0,0
1756032000_GS.N01R,064000_GS.N01R,GS,0,1756032000,0S 1040  GCS/TSS,1756046499,1756046501,117,0,0
1756032030_4..S13X075,064050_4..S13X075,4,1,1756032030,04 1040+ WDL/GC,1756049021,1756049024,1229,0,0
1756032060_7..S,064100_7..S,7,1,1756032060,07 1041 MST/34H,1756048655,1756048659,1126,0,0
1756032090_2..N,064150_2..N,2,0,1756032090,/2 1041+ FLA/241,1756052624,1756052630,363,0,0
1756032090_2..N01R,064150_2..N01R,2,0,1756032090,/2 1041+ FLA/241,1756051265,1756051268,1828,0,0
1756032210_2..S01R,064350_2..S01R,2,1,1756032210,02 1043+ 241/FLA,1756052213,1756052216,2081,0,0
1756032210_7..N,064350_7..N,7,0,1756032210,07 1043+ 34H/MST,1756049030,1756049033,1226,0,0
1756032240_5..S01R,064400_5..S01R,5,1,1756032240,05 1044  DYR/180,1756047491,1756047494,822,0,0
1756032240_6..N01X012,064400_6..N01X012,6,0,1756032240,06 1044  GC /PEL,1756049309,1756049315,1306,0,0
1756032240_GS.S01R,064400_GS.S01R,GS,1,1756032240,0S 1044  TSS/GCS,1756046724,1756046726,132,0,0
1756032270_1..N03R,064450_1..N03R,1,0,1756032270,01 1044+ SFT/242,1756050203,1756050206,1454,0,0
1756032270_3..S01R,064450_3..S01R,3,1,1756032270,03 1044+ 148/NLT,1756050674,1756050680,1580,0,0
1756032330_1..S03R,064550_1..S03R,1,1,1756032330,01 1045+ 242/SFT,1756050233,1756050236,1462,0,0
1756032420_3..N01R,064700_3..N01R,3,0,1756032420,$3 1047  NLT/145,1756051139,1756051145,1705,0,0
1756032480_4..N13X156,064800_4..N13X156,4,0,1756032480,04 1048  GC /WDL,1756049279,1756049285,1208,0,0
1756032480_6..S01X053,064800_6..S01X053,6,1,1756032480,06 1048  PEL/GC,1756049723,1756049726,1326,0,0
1756032510_7..S,064850_7..S,7,1,1756032510,07 1048+ MST/34H,1756049294,1756049300,1178,0,0
1756032570_7..N,064950_7..N,7,0,1756032570,07 1049+ 34H/MST,1756049753,1756049756,1302,0,0
1756032600_GS.N01R,065000_GS.N01R,GS,0,1756032600,0S 1050  GCS/TSS,1756047099,1756047101,134,0,0
1756032630_4..S13X075,065050_4..S13X075,4,1,1756032630,04 1050+ WDL/GC,1756049549,1756049555,1188,0,0
1756032690_1..S03R,065150_1..S03R,1,1,1756032690,01 1051+ 242/SFT,1756050683,1756050686,1490,0,0
1756032720_2..S01R,065200_2..S01R,2,1,1756032720,02 1052  241/FLA,1756053449,1756053455,2229,0,0
1756032750_1..N03R,065250_1..N03R,1,0,1756032750,01 1052+ SFT/242,1756050719,1756050725,1500,0,0
1756032780_5..N01R,065300_5..N01R,5,0,1756032780,05 1053  180/DYR,1756047959,1756047965,764,0,0
1756032810_2..N01R,065350_2..N01R,2,0,1756032810,02 1053+ FLA/241,1756053623,1756053626,2275,0,0
1756032810_3..S01R,065350_3..S01R,3,1,1756032810,03 1053+ 148/NLT,1756051184,1756051190,1625,0,0
1756032840_6..N01X012,065400_6..N01X012,6,0,1756032840,06 1054  GC /PEL,1756049903,1756049906,1282,0,0
1756032840_GS.S01R,065400_GS.S01R,GS,1,1756032840,0S 1054  TSS/GCS,1756047324,1756047326,149,0,0
1756032870_5..S01R,065450_5..S01R,5,1,1756032870,05 1054+ DYR/180,1756048010,1756048014,696,0,0
1756032930_7..N,065550_7..N,7,0,1756032930,07 1055+ 34H/MST,1756049843,1756049846,1206,0,0
1756032960_7..S,065600_7..S,7,1,1756032960,07 1056 MST/34H,1756049594,1756049600,1140,0,0
1756033050_1..S03R,065750_1..S03R,1,1,1756033050,01 1057+ 242/SFT,1756050974,1756050980,1467,0,0
1756033080_3..N01R,065800_3..N01R,3,0,1756033080,03 1058  NLT/148,1756050719,1756050725,1390,0,0
1756033080_4..N13X156,065800_4..N13X156,4,0,1756033080,04 1058  GC /WDL,1756049873,1756049876,1193,0,0
1756033080_6..S01X053,065800_6..S01X053,6,1,1756033080,06 1058  PEL/GC,1756050509,1756050515,1363,0,0
1756033170_2..S01R,065950_2..S01R,2,1,1756033170,02 1059+ 241/FLA,1756053623,1756053626,2114,0,0
1756033200_GS.N01R,066000_GS.N01R,GS,0,1756033200,0S 1100  GCS/TSS,1756047699,1756047701,134,0,0
1756033230_1..N03R,066050_1..N03R,1,0,1756033230,01 1100+ SFT/242,1756051229,1756051235,1476,0,0
1756033230_4..S13X075,066050_4..S13X075,4,1,1756033230,04 1100+ WDL/GC,1756050329,1756050335,1235,0,0
1756033290_7..N,066150_7..N,7,0,1756033290,07 1101+ 34H/MST,1756050413,1756050416,1278,0,0
1756033350_3..S01R,066250_3..S01R,3,1,1756033350,03 1102+ 148/NLT,1756051559,1756051565,1564,0,0
1756033410_1..S03R,066350_1..S03R,1,1,1756033410,01 1103+ 242/SFT,1756051409,1756051415,1499,0,0
1756033410_7..S,066350_7..S,7,1,1756033410,07 1103+ MST/34H,1756049894,1756049900,1057,0,0
1756033440_5..N01R,066400_5..N01R,5,0,1756033440,05 1104  180/DYR,1756048559,1756048565,763,0,0
1756033440_6..N01X012,066400_6..N01X012,6,0,1756033440,06 1104  GC /PEL,1756050563,1756050566,1297,0,0
1756033440_GS.S01R,066400_GS.S01R,GS,1,1756033440,0S 1104  TSS/GCS,1756047909,1756047911,148,0,0
1756033530_2..N01R,066550_2..N01R,2,0,1756033530,$2 1105+ FLA/241,1756050653,1756050656,1241,0,0
1756033650_2..S01R,066750_2..S01R,2,1,1756033650,02 1107+ 241/FLA,1756054043,1756054046,2146,0,0
1756033650_7..N,066750_7..N,7,0,1756033650,07 1107+ 34H/MST,1756050545,1756050548,1224,0,0
1756033680_3..N01R,066800_3..N01R,3,0,1756033680,03 1108  NLT/148,1756052234,1756052240,1664,0,0
1756033680_4..N13X156,066800_4..N13X156,4,0,1756033680,04 1108  GC /WDL,1756050434,1756050440,1183,0,0
1756033680_5..S01R,066800_5..S01R,5,1,1756033680,05 1108  DYR/180,1756048901,1756048904,774,0,0
1756033680_6..S01X053,066800_6..S01X053,6,1,1756033680,06 1108  PEL/GC,1756051133,1756051136,1370,0,0
1756033710_1..N03R,066850_1..N03R,1,0,1756033710,01 1108+ SFT/242,1756051649,1756051655,1508,0,0
1756033770_1..S03R,066950_1..S03R,1,1,1756033770,01 1109+ 242/SFT,1756051694,1756051700,1440,0,0
1756033800_GS.N01R,067000_GS.N01R,GS,0,1756033800,0S 1110  GCS/TSS,1756048299,1756048301,133,0,0
1756033830_4..S13X075,067050_4..S13X075,4,1,1756033830,04 1110+ WDL/GC,1756050983,1756050986,1250,0,0
1756033860_7..S,067100_7..S,7,1,1756033860,07 1111 MST/34H,1756050458,1756050461,1128,0,0
1756033890_3..S01R,067150_3..S01R,3,1,1756033890,03 1111+ 148/NLT,1756052474,1756052480,1648,0,0
1756034040_6..N01X012,067400_6..N01X012,6,0,1756034040,06 1114  GC /PEL,1756051313,1756051316,1338,0,0
1756034040_7..N,067400_7..N,7,0,1756034040,07 1114 34H/MST,1756051244,1756051250,1261,0,0
1756034040_GS.S01R,067400_GS.S01R,GS,1,1756034040,0S 1114  TSS/GCS,1756048524,1756048526,148,0,0
1756034130_1..S03R,067550_1..S03R,1,1,1756034130,01 1115+ 242/SFT,1756052063,1756052066,1458,0,0
1756034130_2..S01R,067550_2..S01R,2,0,1756034130,$2 1115+ 241/FLA,1756051034,1756051040,1184,0,0
1756034160_1..N03R,067600_1..N03R,1,0,1756034160,01 1116  SFT/242,1756052309,1756052315,1524,0,0
1756034220_5..N01R,067700_5..N01R,5,0,1756034220,05 1117  180/DYR,1756049399,1756049405,747,0,0
1756034250_2..N01R,067750_2..N01R,2,0,1756034250,02 1117+ FLA/241,1756054496,1756054499,2108,0,0
1756034280_3..N01R,067800_3..N01R,3,0,1756034280,03 1118  NLT/148,1756052834,1756052840,1664,0,0
1756034280_4..N13X156,067800_4..N13X156,4,0,1756034280,04 1118  GC /WDL,1756051163,1756051166,1218,0,0
1756034280_5..S01R,067800_5..S01R,5,1,1756034280,05 1118  DYR/180,1756049390,1756049393,744,0,0
1756034280_6..S01X053,067800_6..S01X053,6,1,1756034280,06 1118  PEL/GC,1756051634,1756051640,1344,0,0
1756034310_7..S,067850_7..S,7,1,1756034310,07 1118+ MST/34H,1756050974,1756050980,1133,0,0
1756034400_GS.N01R,068000_GS.N01R,GS,0,1756034400,0S 1120  GCS/TSS,1756048901,1756048904,128,0,0
1756034430_4..S13X075,068050_4..S13X075,4,1,1756034430,04 1120+ WDL/GC,1756051454,1756051460,1216,0,0
1756034490_1..S03R,068150_1..S03R,1,1,1756034490,01 1121+ 242/SFT,1756052369,1756052375,1460,0,0
1756034490_7..N,068150_7..N,7,0,1756034490,07 1121+ 34H/MST,1756051679,1756051685,1247,0,0
1756034550_3..S01R,068250_3..S01R,3,1,1756034550,03 1122+ 148/NLT,1756053059,1756053065,1644,0,0
1756034580_1..N03R,068300_1..N03R,1,0,1756034580,01 1123  SFT/242,1756052663,1756052666,1538,0,0
1756034610_2..S,068350_2..S,2,1,1756034610,/2 1123+ 241/FLA,1756055186,1756055189,262,0,0
1756034610_2..S01R,068350_2..S01R,2,1,1756034610,/2 1123+ 241/FLA,1756053950,1756053953,1881,0,0
1756034640_6..N01X012,068400_6..N01X012,6,0,1756034640,06 1124  GC /PEL,1756051754,1756051760,1296,0,0
1756034640_GS.S01R,068400_GS.S01R,GS,1,1756034640,0S 1124  TSS/GCS,1756049036,1756049039,135,0,0
1756034730_2..N01R,068550_2..N01R,2,0,1756034730,02 1125+ FLA/241,1756054796,1756054799,2028,0,0
1756034760_3..N01R,068600_3..N01R,3,0,1756034760,03 1126  NLT/148,1756053323,1756053326,1634,0,0
1756034760_7..S,068600_7..S,7,1,1756034760,07 1126 MST/34H,1756051340,1756051343,1105,0,0
1756034820_5..N01R,068700_5..N01R,5,0,1756034820,05 1127  180/DYR,1756049969,1756049975,739,0,0
1756034850_1..S03R,068750_1..S03R,1,1,1756034850,01 1127+ 242/SFT,1756052753,1756052756,1482,0,0
1756034880_4..N13X156,068800_4..N13X156,4,0,1756034880,04 1128  GC /WDL,1756051733,1756051736,1210,0,0
1756034880_6..S01X053,068800_6..S01X053,6,1,1756034880,06 1128  PEL/GC,1756052264,1756052270,1352,0,0
1756034940_1..N03R,068900_1..N03R,1,0,1756034940,01 1129  SFT/242,1756053059,1756053065,1564,0,0
1756034940_7..N,068900_7..N,7,0,1756034940,07 1129 34H/MST,1756051988,1756051991,1260,0,0
1756035000_GS.N04R,069000_GS.N04R,GS,0,1756035000,0S 1130  GCS/TSS,1756049441,1756049444,908,0,0
1756035030_4..S13X075,069050_4..S13X075,4,1,1756035030,04 1130+ WDL/GC,1756052039,1756052045,1212,0,0
1756035090_2..S,069150_2..S,2,1,1756035090,/2 1131+ 241/FLA,1756055345,1756055348,254,0,0
1756035090_2..S01R,069150_2..S01R,2,1,1756035090,/2 1131+ 241/FLA,1756054241,1756054244,1799,0,0
1756035120_5..S01R,069200_5..S01R,5,1,1756035120,05 1132  DYR/180,1756050254,1756050260,735,0,0
1756035150_3..S01R,069250_3..S01R,3,1,1756035150,03 1132+ 148/NLT,1756053773,1756053776,1674,0,0
1756035210_1..S03R,069350_1..S03R,1,1,1756035210,01 1133+ 242/SFT,1756053119,1756053125,1500,0,0
1756035210_2..N01R,069350_2..N01R,2,0,1756035210,02 1133+ FLA/241,1756054994,1756055000,2001,0,0
1756035210_7..S,069350_7..S,7,1,1756035210,07 1133+ MST/34H,1756052150,1756052153,1129,0,0
1756035240_6..N01X012,069400_6..N01X012,6,0,1756035240,06 1134  GC /PEL,1756052303,1756052306,1282,0,0
1756035240_GS.S04R,069400_GS.S04R,GS,1,1756035240,0S 1134  TSS/GCS,1756049726,1756049729,126,0,0
1756035300_1..N03R,069500_1..N03R,1,0,1756035300,01 1135  SFT/242,1756053263,1756053266,1458,0,0
1756035300_GS.N01R,069500_GS.N01R,GS,0,1756035300,0S 1135  GCS/TSS,1756049801,1756049804,108,0,0
1756035390_7..N,069650_7..N,7,0,1756035390,07 1136+ 34H/MST,1756052204,1756052210,1182,0,0
1756035480_4..N13X156,069800_4..N13X156,4,0,1756035480,04 1138  GC /WDL,1756052249,1756052255,1188,0,0
1756035480_6..S01X053,069800_6..S01X053,6,1,1756035480,06 1138  PEL/GC,1756052819,1756052825,1340,0,0
1756035540_3..N01R,069900_3..N01R,3,0,1756035540,03 1139  NLT/148,1756054064,1756054070,1672,0,0
1756035540_GS.S01R,069900_GS.S01R,GS,1,1756035540,0S 1139  TSS/GCS,1756050011,1756050014,116,0,0
1756035570_1..S,069950_1..S,1,1,1756035570,/1 1139+ 242/SFT,1756053719,1756053725,470,1,0
1756035570_1..S03R,069950_1..S03R,1,1,1756035570,/1 1139+ 242/SFT,1756051616,1756051619,940,0,0
1756035600_2..S01R,070000_2..S01R,2,1,1756035600,02 1140  241/FLA,1756055564,1756055570,1994,0,0
1756035600_GS.N04R,070000_GS.N04R,GS,0,1756035600,0S 1140  GCS/TSS,1756050086,1756050089,100,0,0
1756035630_4..S13X075,070050_4..S13X075,4,1,1756035630,04 1140+ WDL/GC,1756052579,1756052585,1197,0,0
1756035660_1..N03R,070100_1..N03R,1,0,1756035660,01 1141  SFT/242,1756053524,1756053530,1449,0,0
1756035660_5..N01R,070100_5..N01R,5,0,1756035660,05 1141  180/DYR,1756050773,1756050776,714,0,0
1756035660_7..S,070100_7..S,7,1,1756035660,07 1141 MST/34H,1756052219,1756052225,1124,0,0
1756035690_2..N01R,070150_2..N01R,2,0,1756035690,02 1141+ FLA/241,1756055726,1756055729,2037,0,0
1756035810_3..S01R,070350_3..S01R,3,1,1756035810,03 1143+ 148/NLT,1756054334,1756054340,1665,0,0
1756035840_6..N01X012,070400_6..N01X012,6,0,1756035840,06 1144  GC /PEL,1756052909,1756052915,1285,0,0
1756035840_7..N,070400_7..N,7,0,1756035840,07 1144 34H/MST,1756052645,1756052648,1157,0,0
1756035840_GS.S04R,070400_GS.S04R,GS,1,1756035840,0S 1144  TSS/GCS,1756050296,1756050299,106,0,0
1756035900_GS.N01R,070500_GS.N01R,GS,0,1756035900,0S 1145  GCS/TSS,1756050401,1756050404,88,0,0
1756035930_1..S,070550_1..S,1,1,1756035930,/1 1145+ 242/SFT,1756053923,1756053926,495,0,0
1756035930_1..S03R,070550_1..S03R,1,1,1756035930,/1 1145+ 242/SFT,1756051841,1756051844,920,0,0
1756035960_5..S01R,070600_5..S01R,5,1,1756035960,05 1146  DYR/180,1756051034,1756051040,705,0,0
1756036020_1..N03R,070700_1..N03R,1,0,1756036020,01 1147  SFT/242,1756054109,1756054115,1525,0,0
1756036050_2..S01R,070750_2..S01R,2,1,1756036050,02 1147+ 241/FLA,1756055996,1756056000,2029,0,0
1756036080_3..N01R,070800_3..N01R,3,0,1756036080,03 1148  NLT/148,1756054625,1756054628,1663,0,0
1756036080_4..N13X156,070800_4..N13X156,4,0,1756036080,04 1148  GC /WDL,1756052969,1756052975,1221,0,0
1756036080_6..S01X053,070800_6..S01X053,6,1,1756036080,06 1148  PEL/GC,1756053593,1756053596,1387,0,0
1756036110_7..S,070850_7..S,7,1,1756036110,07 1148+ MST/34H,1756052768,1756052771,1159,0,0
1756036140_GS.S01R,070900_GS.S01R,GS,1,1756036140,0S 1149  TSS/GCS,1756050611,1756050614,97,0,0
1756036170_2..N01R,070950_2..N01R,2,0,1756036170,02 1149+ FLA/241,1756056215,1756056218,2006,0,0
1756036200_GS.N04R,071000_GS.N04R,GS,0,1756036200,0S 1150  GCS/TSS,1756050686,1756050689,78,0,0
1756036230_2..S01R,071050_2..S01R,2,1,1756036230,E2 1150+ TSQ/FLA,1756053134,1756053140,663,0,0
1756036230_3..S01R,071050_3..S01R,3,1,1756036230,03 1150+ 148/NLT,1756054544,1756054550,1562,0,0
1756036230_4..S13X075,071050_4..S13X075,4,1,1756036230,04 1150+ WDL/GC,1756053119,1756053125,1181,0,0
1756036290_1..S03R,071150_1..S03R,1,1,1756036290,01 1151+ 242/SFT,1756054193,1756054196,1467,0,0
1756036290_7..N,071150_7..N,7,0,1756036290,07 1151+ 34H/MST,1756052915,1756052918,1147,0,0
1756036380_1..N03R,071300_1..N03R,1,0,1756036380,01 1153  SFT/242,1756054346,1756054349,1508,0,0
1756036380_5..N01R,071300_5..N01R,5,0,1756036380,05 1153  180/DYR,1756051529,1756051535,757,0,0
1756036440_6..N01X012,071400_6..N01X012,6,0,1756036440,06 1154  GC /PEL,1756053644,1756053650,1321,0,0
1756036440_GS.S04R,071400_GS.S04R,GS,1,1756036440,0S 1154  TSS/GCS,1756050926,1756050929,84,0,0
1756036500_GS.N01R,071500_GS.N01R,GS,0,1756036500,0S 1155  GCS/TSS,1756051016,1756051019,75,0,0
1756036530_2..N01R,071550_2..N01R,2,0,1756036530,E2 1155+ 14G/241,1756053194,1756053200,576,0,0
1756036560_2..S01R,071600_2..S01R,2,1,1756036560,02 1156  241/FLA,1756056675,1756056680,2050,0,0
1756036560_5..S01R,071600_5..S01R,5,1,1756036560,05 1156  DYR/180,1756051763,1756051766,739,0,0
1756036560_7..S,071600_7..S,7,1,1756036560,07 1156 MST/34H,1756053104,1756053110,1129,0,0
1756036650_1..S03R,071750_1..S03R,1,1,1756036650,01 1157+ 242/SFT,1756054544,1756054550,1482,0,0
1756036650_2..N01R,071750_2..N01R,2,0,1756036650,02 1157+ FLA/241,1756056735,1756056740,2066,0,0
1756036680_3..N01R,071800_3..N01R,3,0,1756036680,03 1158  NLT/148,1756055246,1756055249,1669,0,0
1756036680_4..N13X156,071800_4..N13X156,4,0,1756036680,04 1158  GC /WDL,1756053773,1756053776,1275,0,0
1756036680_6..S01X053,071800_6..S01X053,6,1,1756036680,06 1158  PEL/GC,1756054094,1756054100,1361,0,0
1756036740_1..N03R,071900_1..N03R,1,0,1756036740,01 1159  SFT/242,1756054646,1756054649,1509,0,0
1756036740_7..N,071900_7..N,7,0,1756036740,07 1159 34H/MST,1756053560,1756053563,1182,0,0
1756036740_GS.S01R,071900_GS.S01R,GS,1,1756036740,0S 1159  TSS/GCS,1756051241,1756051244,82,0,0
1756036800_GS.N04R,072000_GS.N04R,GS,0,1756036800,0S 1200  GCS/TSS,1756051301,1756051304,70,0,0
1756036830_4..S13X075,072050_4..S13X075,4,1,1756036830,04 1200+ WDL/GC,1756053884,1756053890,1225,0,0
1756036860_1..S03R,072100_1..S03R,1,1,1756036860,E1 1201  145/TSQ,1756051874,1756051880,148,0,0
1756036860_3..S01R,072100_3..S01R,3,1,1756036860,E3 1201  145/TSQ,1756052309,1756052315,116,0,0
1756037010_1..S03R,072350_1..S03R,1,1,1756037010,01 1203+ 242/SFT,1756055006,1756055009,1525,0,0
1756037010_3..S01R,072350_3..S01R,3,1,1756037010,03 1203+ 148/NLT,1756051370,1756051415,554,0,0
1756037010_7..S,072350_7..S,7,1,1756037010,07 1203+ MST/34H,1756053470,1756053473,1034,0,0
1756037040_2..S,072400_2..S,2,1,1756037040,02 1204  241/FLA,1756057076,1756057079,1422,0,0
1756037040_2..S01R,072400_2..S01R,2,1,1756037040,02 1204  241/FLA,1756051634,1756051640,625,0,0
1756037040_6..N01X012,072400_6..N01X012,6,0,1756037040,06 1204  GC /PEL,1756054103,1756054106,1283,0,0
1756037040_GS.S04R,072400_GS.S04R,GS,1,1756037040,0S 1204  TSS/GCS,1756051571,1756051574,78,0,0
1756037100_1..N03R,072500_1..N03R,1,0,1756037100,01 1205  SFT/242,1756055075,1756055078,1463,0,0
1756037100_5..N01R,072500_5..N01R,5,0,1756037100,05 1205  180/DYR,1756052273,1756052276,715,0,0
1756037100_GS.N01R,072500_GS.N01R,GS,0,1756037100,0S 1205  GCS/TSS,1756051571,1756051574,65,0,0
1756037130_2..N01R,072550_2..N01R,2,0,1756037130,02 1205+ FLA/241,1756056935,1756056938,1959,0,0
1756037160_3..N01R,072600_3..N01R,3,0,1756037160,03 1206  NLT/148,1756055834,1756055840,1666,0,0
1756037190_5..S01R,072650_5..S01R,5,1,1756037190,05 1206+ DYR/180,1756052414,1756052420,753,0,0
1756037190_7..N,072650_7..N,7,0,1756037190,07 1206+ 34H/MST,1756053974,1756053980,1169,0,0
1756037250_3..S01R,072750_3..S01R,3,1,1756037250,03 1207+ 148/NLT,1756055696,1756055699,1146,0,0
1756037280_4..N13X156,072800_4..N13X156,4,0,1756037280,04 1208  GC /WDL,1756054079,1756054085,1197,0,0
1756037280_6..S01X053,072800_6..S01X053,6,1,1756037280,06 1208  PEL/GC,1756054604,1756054610,1338,0,0
1756037340_GS.S01R,072900_GS.S01R,GS,1,1756037340,0S 1209  TSS/GCS,1756051796,1756051799,69,0,0
1756037370_1..S03R,072950_1..S03R,1,1,1756037370,01 1209+ 242/SFT,1756055264,1756055270,1434,0,0
1756037400_GS.N04R,073000_GS.N04R,GS,0,1756037400,0S 1210  GCS/TSS,1756051796,1756051799,55,0,0
1756037430_4..S13X075,073050_4..S13X075,4,1,1756037430,04 1210+ WDL/GC,1756054376,1756054379,1196,0,0
1756037460_1..N03R,073100_1..N03R,1,0,1756037460,01 1211  SFT/242,1756055396,1756055399,1469,0,0
1756037460_7..S,073100_7..S,7,1,1756037460,07 1211 MST/34H,1756053944,1756053950,1095,0,0
1756037490_2..S01R,073150_2..S01R,2,1,1756037490,02 1211+ 241/FLA,1756057425,1756057430,2014,0,0
1756037610_2..N01R,073350_2..N01R,2,0,1756037610,02 1213+ FLA/241,1756057685,1756057688,2084,0,0
1756037640_6..N01X012,073400_6..N01X012,6,0,1756037640,06 1214  GC /PEL,1756054874,1756054880,1330,0,0
1756037640_7..N,073400_7..N,7,0,1756037640,07 1214 34H/MST,1756054598,1756054601,1181,0,0
1756037640_GS.S04R,073400_GS.S04R,GS,1,1756037640,0S 1214  TSS/GCS,1756052111,1756052114,59,0,0
1756037700_3..S01R,073500_3..S01R,3,1,1756037700,E3 1215  96S/NLT,1756055846,1756055849,889,0,0
1756037700_GS.N01R,073500_GS.N01R,GS,0,1756037700,0S 1215  GCS/TSS,1756052171,1756052174,52,0,0
1756037730_1..S03R,073550_1..S03R,1,1,1756037730,01 1215+ 242/SFT,1756055675,1756055678,1463,0,0
1756037760_5..N01R,073600_5..N01R,5,0,1756037760,05 1216  180/DYR,1756053014,1756053020,753,0,0
1756037820_1..N03R,073700_1..N03R,1,0,1756037820,01 1217  SFT/242,1756055765,1756055768,1487,0,0
1756037880_3..N01R,073800_3..N01R,3,0,1756037880,03 1218  NLT/148,1756056465,1756056470,1673,0,0
1756037880_4..N13X156,073800_4..N13X156,4,0,1756037880,04 1218  GC /WDL,1756054775,1756054778,1223,0,0
1756037880_6..S01X053,073800_6..S01X053,6,1,1756037880,06 1218  PEL/GC,1756055414,1756055420,1394,0,0
1756037910_7..S,073850_7..S,7,1,1756037910,07 1218+ MST/34H,1756054700,1756054703,1145,0,0
1756037940_GS.S01R,073900_GS.S01R,GS,1,1756037940,0S 1219  TSS/GCS,1756052291,1756052294,54,0,0
1756038000_2..S01R,074000_2..S01R,2,1,1756038000,02 1220  241/FLA,1756057916,1756057920,1987,0,0
1756038000_5..S01R,074000_5..S01R,5,1,1756038000,05 1220  DYR/180,1756053224,1756053230,729,0,0
1756038000_GS.N04R,074000_GS.N04R,GS,0,1756038000,0S 1220  GCS/TSS,1756052291,1756052294,45,0,0
1756038030_4..S13X075,074050_4..S13X075,4,1,1756038030,04 1220+ WDL/GC,1756055045,1756055048,1215,0,0
1756038090_1..S03R,074150_1..S03R,1,1,1756038090,01 1221+ 242/SFT,1756055996,1756056000,1469,0,0
1756038090_2..N01R,074150_2..N01R,2,0,1756038090,02 1221+ FLA/241,1756058025,1756058030,2016,0,0
1756038090_7..N,074150_7..N,7,0,1756038090,07 1221+ 34H/MST,1756054814,1756054820,1176,0,0
1756038180_1..N03R,074300_1..N03R,1,0,1756038180,/1 1223  SFT/242,1756056855,1756056860,1699,0,0
1756038210_3..S01R,074350_3..S01R,3,1,1756038210,03 1223+ 148/NLT,1756056405,1756056410,1577,0,0
1756038240_6..N01X012,074400_6..N01X012,6,0,1756038240,06 1224  GC /PEL,1756055354,1756055360,1298,0,0
1756038360_7..S,074600_7..S,7,1,1756038360,07 1226 MST/34H,1756054964,1756054970,1101,0,0
1756038450_1..S03R,074750_1..S03R,1,1,1756038450,01 1227+ 242/SFT,1756056395,1756056398,1494,0,0
1756038480_2..S01R,074800_2..S01R,2,1,1756038480,02 1228  241/FLA,1756058415,1756058420,2044,0,0
1756038480_3..N01R,074800_3..N01R,3,0,1756038480,03 1228  NLT/148,1756057055,1756057058,1671,0,0
1756038480_4..N13X156,074800_4..N13X156,4,0,1756038480,04 1228  GC /WDL,1756055285,1756055288,1199,0,0
1756038480_6..S01X053,074800_6..S01X053,6,1,1756038480,06 1228  PEL/GC,1756055894,1756055900,1362,0,0
1756038540_1..N03R,074900_1..N03R,1,0,1756038540,01 1229  SFT/242,1756057166,1756057170,1702,0,0
1756038540_5..N01R,074900_5..N01R,5,0,1756038540,05 1229  180/DYR,1756053713,1756053716,779,0,0
1756038540_7..N,074900_7..N,7,0,1756038540,07 1229 34H/MST,1756055216,1756055219,1168,0,0
1756038570_2..N01R,074950_2..N01R,2,0,1756038570,02 1229+ FLA/241,1756058355,1756058360,1947,0,0
1756038630_4..S13X075,075050_4..S13X075,4,1,1756038630,04 1230+ WDL/GC,1756055705,1756055708,1230,0,0
1756038630_5..S01R,075050_5..S01R,5,1,1756038630,05 1230+ DYR/180,1756053764,1756053770,712,0,0
1756038690_3..S01R,075150_3..S01R,3,1,1756038690,03 1231+ 148/NLT,1756057106,1756057110,1605,0,0
1756038810_1..S03R,075350_1..S03R,1,1,1756038810,01 1233+ 242/SFT,1756056815,1756056818,1527,0,0
1756038810_7..S,075350_7..S,7,1,1756038810,07 1233+ MST/34H,1756055294,1756055300,1081,0,0
1756038840_6..N01X012,075400_6..N01X012,6,0,1756038840,06 1234  GC /PEL,1756056086,1756056090,1332,0,0
1756038900_1..N03R,075500_1..N03R,1,0,1756038900,01 1235  SFT/242,1756057256,1756057259,1566,0,0
1756038930_2..S01R,075550_2..S01R,2,1,1756038930,02 1235+ 241/FLA,1756058865,1756058870,2005,0,0
1756038990_7..N,075650_7..N,7,0,1756038990,07 1236+ 34H/MST,1756055861,1756055864,1207,0,0
1756039050_2..N01R,075750_2..N01R,2,0,1756039050,02 1237+ FLA/241,1756058996,1756059000,2040,0,0
1756039080_3..N01R,075800_3..N01R,3,0,1756039080,03 1238  NLT/148,1756057605,1756057610,1662,0,0
1756039080_4..N13X156,075800_4..N13X156,4,0,1756039080,04 1238  GC /WDL,1756056005,1756056008,1230,0,0
1756039080_6..S01X053,075800_6..S01X053,6,1,1756039080,06 1238  PEL/GC,1756056435,1756056440,1344,0,0
1756039170_1..S03R,075950_1..S03R,1,1,1756039170,01 1239+ 242/SFT,1756057076,1756057079,1436,0,0
1756039200_5..N01R,076000_5..N01R,5,0,1756039200,05 1240  180/DYR,1756054376,1756054379,715,0,0
1756039230_4..S13X075,076050_4..S13X075,4,1,1756039230,04 1240+ WDL/GC,1756056195,1756056200,1200,0,0
1756039260_1..N03R,076100_1..N03R,1,0,1756039260,01 1241  SFT/242,1756057436,1756057439,1536,0,0
1756039260_7..S,076100_7..S,7,1,1756039260,07 1241 MST/34H,1756055825,1756055828,1117,0,0
1756039440_2..S01R,076400_2..S01R,2,1,1756039440,02 1244  241/FLA,1756059356,1756059360,2057,0,0
1756039440_5..S01R,076400_5..S01R,5,1,1756039440,05 1244  DYR/180,1756054634,1756054640,785,0,0
1756039440_6..N01X012,076400_6..N01X012,6,0,1756039440,06 1244  GC /PEL,1756056525,1756056530,1288,0,0
1756039440_7..N,076400_7..N,7,0,1756039440,07 1244 34H/MST,1756056071,1756056075,1091,0,0
1756039470_3..S01R,076450_3..S01R,3,1,1756039470,03 1244+ 148/NLT,1756057895,1756057898,1580,0,0
1756039530_1..S03R,076550_1..S03R,1,1,1756039530,01 1245+ 242/SFT,1756057425,1756057430,1453,0,0
1756039530_2..N01R,076550_2..N01R,2,0,1756039530,02 1245+ FLA/241,1756059584,1756059590,2038,0,0
1756039560_3..N01R,076600_3..N01R,3,0,1756039560,03 1246  NLT/148,1756058126,1756058130,1643,0,0
1756039620_1..N03R,076700_1..N03R,1,0,1756039620,01 1247  SFT/242,1756057616,1756057620,1505,0,0
1756039680_4..N13X156,076800_4..N13X156,4,0,1756039680,04 1248  GC /WDL,1756056435,1756056440,1184,0,0
1756039680_6..S01X053,076800_6..S01X053,6,1,1756039680,06 1248  PEL/GC,1756057125,1756057130,1370,0,0
1756039710_7..S,076850_7..S,7,1,1756039710,07 1248+ MST/34H,1756056410,1756056413,1136,0,0
1756039830_4..S13X075,077050_4..S13X075,4,1,1756039830,04 1250+ WDL/GC,1756056815,1756056818,1207,0,0
1756039890_1..S03R,077150_1..S03R,1,1,1756039890,01 1251+ 242/SFT,1756057796,1756057799,1473,0,0
1756039890_7..N,077150_7..N,7,0,1756039890,07 1251+ 34H/MST,1756056570,1756056575,1165,0,0
1756039920_2..S,077200_2..S,2,1,1756039920,/2 1252  241/FLA,1756059974,1756059980,234,0,0
1756039920_2..S01R,077200_2..S01R,2,1,1756039920,02 1252  241/FLA,1756058963,1756058966,1791,0,0
1756039980_1..N03R,077300_1..N03R,1,0,1756039980,01 1253  SFT/242,1756058085,1756058087,1551,0,0
1756039980_5..N01R,077300_5..N01R,5,0,1756039980,05 1253  180/DYR,1756055024,1756055030,729,0,0
1756040010_2..N,077350_2..N,2,0,1756040010,/2 1253+ FLA/241,1756060301,1756060304,445,0,0
1756040010_2..N01R,077350_2..N01R,2,0,1756040010,/2 1253+ FLA/241,1756058636,1756058640,1704,0,0
1756040010_3..S01R,077350_3..S01R,3,1,1756040010,03 1253+ 148/NLT,1756058315,1756058318,1615,0,0
1756040040_6..N01X012,077400_6..N01X012,6,0,1756040040,06 1254  GC /PEL,1756057256,1756057259,1326,0,0
1756040070_5..S01R,077450_5..S01R,5,1,1756040070,05 1254+ DYR/180,1756055204,1756055210,697,0,0
1756040160_7..S,077600_7..S,7,1,1756040160,07 1256 MST/34H,1756056630,1756056635,1097,0,0
1756040250_1..S03R,077750_1..S03R,1,1,1756040250,01 1257+ 242/SFT,1756058145,1756058150,1488,0,0
1756040280_3..N01R,077800_3..N01R,3,0,1756040280,03 1258  NLT/148,1756059278,1756059281,1796,0,0
1756040280_4..N13X156,077800_4..N13X156,4,0,1756040280,04 1258  GC /WDL,1756057125,1756057130,1210,0,0
1756040280_6..S01X053,077800_6..S01X053,6,1,1756040280,06 1258  PEL/GC,1756057635,1756057640,1350,0,0
1756040340_1..N03R,077900_1..N03R,1,0,1756040340,01 1259  SFT/242,1756058225,1756058228,1510,0,0
1756040340_7..N,077900_7..N,7,0,1756040340,07 1259 34H/MST,1756057313,1756057316,1249,0,0
1756040370_2..S01R,077950_2..S01R,2,1,1756040370,02 1259+ 241/FLA,1756060391,1756060394,2013,0,0
1756040430_4..S13X075,078050_4..S13X075,4,1,1756040430,04 1300+ WDL/GC,1756057466,1756057470,1225,0,0
1756040490_2..N01R,078150_2..N01R,2,0,1756040490,02 1301+ FLA/241,1756060541,1756060544,2053,0,0
1756040610_1..S03R,078350_1..S03R,1,1,1756040610,01 1303+ 242/SFT,1756058475,1756058480,1499,0,0
1756040610_3..S01R,078350_3..S01R,3,1,1756040610,03 1303+ 148/NLT,1756058955,1756058960,1629,0,0
1756040610_7..S,078350_7..S,7,1,1756040610,07 1303+ MST/34H,1756057241,1756057245,1157,0,0
1756040640_5..N01R,078400_5..N01R,5,0,1756040640,05 1304  180/DYR,1756055735,1756055738,758,0,0
1756040640_6..N01X012,078400_6..N01X012,6,0,1756040640,06 1304  GC /PEL,1756057766,1756057770,1305,0,0
1756040700_1..N03R,078500_1..N03R,1,0,1756040700,01 1305  SFT/242,1756058805,1756058810,1509,0,0
1756040790_7..N,078650_7..N,7,0,1756040790,07 1306+ 34H/MST,1756057785,1756057790,1254,0,0
1756040880_2..S01R,078800_2..S01R,2,1,1756040880,02 1308  241/FLA,1756060781,1756060784,2037,0,0
1756040880_3..N01R,078800_3..N01R,3,0,1756040880,03 1308  NLT/148,1756059554,1756059560,1710,0,0
1756040880_4..N13X156,078800_4..N13X156,4,0,1756040880,04 1308  GC /WDL,1756057845,1756057850,1247,0,0
1756040880_5..S01R,078800_5..S01R,5,1,1756040880,05 1308  DYR/180,1756055985,1756055990,745,0,0
1756040880_6..S01X053,078800_6..S01X053,6,1,1756040880,06 1308  PEL/GC,1756058216,1756058220,1348,0,0
1756040970_1..S03R,078950_1..S03R,1,1,1756040970,01 1309+ 242/SFT,1756058996,1756059000,1480,0,0
1756040970_2..N01R,078950_2..N01R,2,0,1756040970,02 1309+ FLA/241,1756061159,1756061165,2058,0,0
1756041030_4..S13X075,079050_4..S13X075,4,1,1756041030,04 1310+ WDL/GC,1756057895,1756057898,1180,0,0
1756041060_1..N03R,079100_1..N03R,1,0,1756041060,01 1311  SFT/242,1756059065,1756059068,1498,0,0
1756041060_3..S01R,079100_3..S01R,3,1,1756041060,03 1311  148/NLT,1756059506,1756059510,1617,0,0
1756041060_7..S,079100_7..S,7,1,1756041060,07 1311 MST/34H,1756057665,1756057670,1142,0,0
1756041240_6..N01X012,079400_6..N01X012,6,0,1756041240,06 1314  GC /PEL,1756058475,1756058480,1339,0,0
1756041240_7..N,079400_7..N,7,0,1756041240,07 1314 34H/MST,1756058018,1756058021,1196,0,0
1756041330_1..S03R,079550_1..S03R,1,1,1756041330,01 1315+ 242/SFT,1756059326,1756059330,1489,0,0
1756041360_2..S01R,079600_2..S01R,2,1,1756041360,02 1316  241/FLA,1756061261,1756061264,2005,0,0
1756041420_1..N03R,079700_1..N03R,1,0,1756041420,01 1317  SFT/242,1756059308,1756059311,1484,0,0
1756041420_5..N01R,079700_5..N01R,5,0,1756041420,05 1317  180/DYR,1756056575,1756056578,742,0,0
1756041450_2..N01R,079750_2..N01R,2,0,1756041450,02 1317+ FLA/241,1756061681,1756061684,2117,0,0
1756041480_3..N01R,079800_3..N01R,3,0,1756041480,03 1318  NLT/148,1756060061,1756060064,1685,0,0
1756041480_4..N13X156,079800_4..N13X156,4,0,1756041480,04 1318  GC /WDL,1756058295,1756058300,1210,0,0
1756041480_6..S01X053,079800_6..S01X053,6,1,1756041480,06 1318  PEL/GC,1756058885,1756058888,1370,0,0
1756041510_5..S01R,079850_5..S01R,5,1,1756041510,05 1318+ DYR/180,1756056635,1756056638,758,0,0
1756041510_7..S,079850_7..S,7,1,1756041510,07 1318+ MST/34H,1756057973,1756057976,1104,0,0
1756041540_GS.S01R,079900_GS.S01R,GS,1,1756041540,0S 1319  TSS/GCS,1756056000,1756056005,6,0,0
1756041600_GS.N04R,080000_GS.N04R,GS,0,1756041600,0S 1320  GCS/TSS,1756056075,1756056080,11,0,0
1756041630_4..S13X075,080050_4..S13X075,4,1,1756041630,04 1320+ WDL/GC,1756058705,1756058708,1242,0,0
1756041690_1..S03R,080150_1..S03R,1,1,1756041690,01 1321+ 242/SFT,1756059644,1756059650,1494,0,0
1756041690_7..N,080150_7..N,7,0,1756041690,07 1321+ 34H/MST,1756058468,1756058471,1129,0,0
1756041780_1..N03R,080300_1..N03R,1,0,1756041780,01 1323  SFT/242,1756059686,1756059689,1505,0,0
1756041840_3..S01R,080400_3..S01R,3,1,1756041840,03 1324  148/NLT,1756060004,1756060010,1590,0,0
1756041840_6..N01X012,080400_6..N01X012,6,0,1756041840,06 1324  GC /PEL,1756058966,1756058970,1312,0,0
1756041840_GS.S04R,080400_GS.S04R,GS,1,1756041840,0S 1324  TSS/GCS,1756056345,1756056350,29,0,0
1756041900_GS.N01R,080500_GS.N01R,GS,0,1756041900,0S 1325  GCS/TSS,1756056390,1756056395,32,0,0
1756041930_2..N01R,080550_2..N01R,2,0,1756041930,02 1325+ FLA/241,1756061975,1756061978,2034,0,0
1756041960_3..N01R,080600_3..N01R,3,0,1756041960,03 1326  NLT/148,1756060481,1756060484,1637,0,0
1756041960_7..S,080600_7..S,7,1,1756041960,07 1326 MST/34H,1756058681,1756058685,1188,0,0
1756042080_4..N13X156,080800_4..N13X156,4,0,1756042080,04 1328  GC /WDL,1756059056,1756059060,1256,0,0
1756042080_5..N01R,080800_5..N01R,5,0,1756042080,05 1328  180/DYR,1756057245,1756057250,763,0,0
1756042080_6..S01X053,080800_6..S01X053,6,1,1756042080,06 1328  PEL/GC,1756059614,1756059620,1406,0,0
1756042110_2..S,080850_2..S,2,1,1756042110,/2 1328+ 241/FLA,1756062206,1756062209,255,0,0
1756042110_2..S01R,080850_2..S01R,2,1,1756042110,/2 1328+ 241/FLA,1756061108,1756061111,1571,0,0
1756042140_1..N03R,080900_1..N03R,1,0,1756042140,01 1329  SFT/242,1756060049,1756060055,1522,0,0
1756042140_7..N,080900_7..N,7,0,1756042140,07 1329 34H/MST,1756058963,1756058966,1182,0,0
1756042140_GS.S01R,080900_GS.S01R,GS,1,1756042140,0S 1329  TSS/GCS,1756056615,1756056620,47,0,0
1756042200_GS.N04R,081000_GS.N04R,GS,0,1756042200,0S 1330  GCS/TSS,1756056675,1756056680,51,0,0
1756042230_4..S13X075,081050_4..S13X075,4,1,1756042230,04 1330+ WDL/GC,1756059158,1756059161,1203,0,0
1756042320_5..S01R,081200_5..S01R,5,1,1756042320,05 1332  DYR/180,1756057415,1756057418,729,0,0
1756042410_1..S,081350_1..S,1,1,1756042410,/1 1333+ 242/SFT,1756060391,1756060394,575,0,0
1756042410_1..S03R,081350_1..S03R,1,1,1756042410,/1 1333+ 242/SFT,1756058075,1756058078,895,0,0
1756042410_2..N01R,081350_2..N01R,2,0,1756042410,02 1333+ FLA/241,1756062524,1756062530,2100,0,0
1756042410_3..S01R,081350_3..S01R,3,1,1756042410,03 1333+ 148/NLT,1756060781,1756060784,1636,0,0
1756042410_7..S,081350_7..S,7,1,1756042410,07 1333+ MST/34H,1756058873,1756058876,1094,0,0
1756042440_6..N01X012,081400_6..N01X012,6,0,1756042440,06 1334  GC /PEL,1756059674,1756059680,1341,0,0
1756042440_GS.S04R,081400_GS.S04R,GS,1,1756042440,0S 1334  TSS/GCS,1756056915,1756056920,67,0,0
1756042500_1..N03R,081500_1..N03R,1,0,1756042500,01 1335  SFT/242,1756060361,1756060364,1444,0,0
1756042500_GS.N01R,081500_GS.N01R,GS,0,1756042500,0S 1335  GCS/TSS,1756056990,1756056995,72,0,0
1756042590_7..N,081650_7..N,7,0,1756042590,07 1336+ 34H/MST,1756059608,1756059611,1251,0,0
1756042680_3..N01R,081800_3..N01R,3,0,1756042680,03 1338  NLT/148,1756061270,1756061273,1686,0,0
1756042680_4..N13X156,081800_4..N13X156,4,0,1756042680,04 1338  GC /WDL,1756059638,1756059641,1251,0,0
1756042680_6..S01X053,081800_6..S01X053,6,1,1756042680,06 1338  PEL/GC,1756060049,1756060055,1361,0,0
1756042740_GS.S01R,081900_GS.S01R,GS,1,1756042740,0S 1339  TSS/GCS,1756057215,1756057220,87,0,0
1756042770_1..S03R,081950_1..S03R,1,1,1756042770,01 1339+ 242/SFT,1756060640,1756060643,1438,0,0
1756042800_2..S01R,082000_2..S01R,2,1,1756042800,/2 1340  241/FLA,1756063178,1756063181,2114,0,0
1756042800_GS.N04R,082000_GS.N04R,GS,0,1756042800,0S 1340  GCS/TSS,1756057260,1756057265,90,0,0
1756042830_4..S13X075,082050_4..S13X075,4,1,1756042830,04 1340+ WDL/GC,1756059908,1756059911,1243,0,0
1756042860_1..N03R,082100_1..N03R,1,0,1756042860,01 1341  SFT/242,1756060940,1756060943,1518,0,0
1756042860_5..N01R,082100_5..N01R,5,0,1756042860,05 1341  180/DYR,1756058025,1756058030,734,0,0
1756042860_7..S,082100_7..S,7,1,1756042860,07 1341 MST/34H,1756059488,1756059491,1166,0,0
1756042890_2..N01R,082150_2..N01R,2,0,1756042890,02 1341+ FLA/241,1756062776,1756062779,2006,0,0
1756042920_5..S01R,082200_5..S01R,5,1,1756042920,05 1342  DYR/180,1756058075,1756058078,747,0,0
1756043010_1..S03R,082350_1..S03R,1,1,1756043010,E1 1343+ 242/SFT,1756060889,1756060895,1091,0,0
1756043010_3..S01R,082350_3..S01R,3,1,1756043010,03 1343+ 148/NLT,1756061180,1756061183,1582,0,0
1756043040_6..N01X012,082400_6..N01X012,6,0,1756043040,06 1344  GC /PEL,1756060181,1756060184,1316,0,0
1756043040_7..N,082400_7..N,7,0,1756043040,07 1344 34H/MST,1756059773,1756059776,1135,0,0
1756043040_GS.S04R,082400_GS.S04R,GS,1,1756043040,0S 1344  TSS/GCS,1756057515,1756057520,107,0,0
1756043100_GS.N01R,082500_GS.N01R,GS,0,1756043100,0S 1345  GCS/TSS,1756057590,1756057595,112,0,0
1756043130_1..S03R,082550_1..S03R,1,1,1756043130,01 1345+ 242/SFT,1756061210,1756061213,1510,0,0
1756043220_1..N03R,082700_1..N03R,1,0,1756043220,01 1347  SFT/242,1756061171,1756061174,1500,0,0
1756043250_2..S01R,082750_2..S01R,2,1,1756043250,02 1347+ 241/FLA,1756063376,1756063379,2087,0,0
1756043280_3..N01R,082800_3..N01R,3,0,1756043280,03 1348  NLT/148,1756061825,1756061828,1673,0,0
1756043280_4..N13X156,082800_4..N13X156,4,0,1756043280,04 1348  GC /WDL,1756060130,1756060133,1222,0,0
1756043280_6..S01X053,082800_6..S01X053,6,1,1756043280,06 1348  PEL/GC,1756060751,1756060754,1388,0,0
1756043310_7..S,082850_7..S,7,1,1756043310,07 1348+ MST/34H,1756060424,1756060430,1283,0,0
1756043340_GS.S01R,082900_GS.S01R,GS,1,1756043340,0S 1349  TSS/GCS,1756057785,1756057790,125,0,0
1756043370_2..N01R,082950_2..N01R,2,0,1756043370,02 1349+ FLA/241,1756063406,1756063409,2015,0,0
1756043400_GS.N04R,083000_GS.N04R,GS,0,1756043400,0S 1350  GCS/TSS,1756057860,1756057865,130,0,0
1756043430_4..S13X075,083050_4..S13X075,4,1,1756043430,04 1350+ WDL/GC,1756060610,1756060613,1270,0,0
1756043460_5..N01R,083100_5..N01R,5,0,1756043460,05 1351  180/DYR,1756058606,1756058610,735,0,0
1756043490_1..S03R,083150_1..S03R,1,1,1756043490,01 1351+ 242/SFT,1756061531,1756061534,1516,0,0
1756043490_3..S01R,083150_3..S01R,3,1,1756043490,03 1351+ 148/NLT,1756061561,1756061564,1524,0,0
1756043490_7..N,083150_7..N,7,0,1756043490,07 1351+ 34H/MST,1756060370,1756060373,1225,0,0
1756043580_1..N03R,083300_1..N03R,1,0,1756043580,01 1353  SFT/242,1756061651,1756061654,1548,0,0
1756043640_6..N01X012,083400_6..N01X012,6,0,1756043640,06 1354  GC /PEL,1756060889,1756060895,1345,0,0
1756043640_GS.S04R,083400_GS.S04R,GS,1,1756043640,0S 1354  TSS/GCS,1756058115,1756058120,147,0,0
1756043700_GS.N01R,083500_GS.N01R,GS,0,1756043700,0S 1355  GCS/TSS,1756058175,1756058180,132,0,0
1756043760_2..S01R,083600_2..S01R,2,1,1756043760,02 1356  241/FLA,1756063628,1756063631,1995,0,0
1756043760_5..S01R,083600_5..S01R,5,1,1756043760,05 1356  DYR/180,1756058906,1756058910,736,0,0
1756043760_7..S,083600_7..S,7,1,1756043760,07 1356 MST/34H,1756060571,1756060574,1213,0,0
1756043850_1..S03R,083750_1..S03R,1,1,1756043850,01 1357+ 242/SFT,1756061735,1756061738,1490,0,0
1756043850_2..N01R,083750_2..N01R,2,0,1756043850,02 1357+ FLA/241,1756063718,1756063721,2019,0,0
1756043880_3..N01R,083800_3..N01R,3,0,1756043880,03 1358  NLT/148,1756062458,1756062461,1683,0,0
1756043880_4..N13X156,083800_4..N13X156,4,0,1756043880,04 1358  GC /WDL,1756060679,1756060685,1210,0,0
1756043880_6..S01X053,083800_6..S01X053,6,1,1756043880,06 1358  PEL/GC,1756061390,1756061393,1399,0,0
1756043940_1..N03R,083900_1..N03R,1,0,1756043940,01 1359  SFT/242,1756061804,1756061810,1509,0,0
1756043940_7..N,083900_7..N,7,0,1756043940,07 1359 34H/MST,1756060859,1756060865,1211,0,0
1756043940_GS.S01R,083900_GS.S01R,GS,1,1756043940,0S 1359  TSS/GCS,1756058415,1756058420,148,0,0
1756044000_GS.N04R,084000_GS.N04R,GS,0,1756044000,0S 1400  GCS/TSS,1756058505,1756058510,134,0,0
1756044030_4..S13X075,084050_4..S13X075,4,1,1756044030,04 1400+ WDL/GC,1756061021,1756061024,1221,0,0
1756044180_5..N01R,084300_5..N01R,5,0,1756044180,05 1403  180/DYR,1756059206,1756059210,737,0,0
1756044210_1..S03R,084350_1..S03R,1,1,1756044210,01 1403+ 242/SFT,1756062116,1756062119,1512,0,0
1756044210_7..S,084350_7..S,7,1,1756044210,07 1403+ MST/34H,1756060979,1756060985,1189,0,0
1756044240_2..S01R,084400_2..S01R,2,1,1756044240,02 1404  241/FLA,1756064384,1756064390,2117,0,0
1756044240_3..S01R,084400_3..S01R,3,1,1756044240,03 1404  148/NLT,1756062896,1756062899,1719,0,0
1756044240_6..N01X012,084400_6..N01X012,6,0,1756044240,06 1404  GC /PEL,1756061291,1756061294,1293,0,0
1756044240_GS.S04R,084400_GS.S04R,GS,1,1756044240,0S 1404  TSS/GCS,1756058790,1756058795,153,0,0
1756044300_1..N03R,084500_1..N03R,1,0,1756044300,01 1405  SFT/242,1756062293,1756062299,1478,0,0
1756044300_GS.N01R,084500_GS.N01R,GS,0,1756044300,0S 1405  GCS/TSS,1756058790,1756058795,133,0,0
1756044330_2..N01R,084550_2..N01R,2,0,1756044330,02 1405+ FLA/241,1756064138,1756064141,1969,0,0
1756044360_3..N01R,084600_3..N01R,3,0,1756044360,03 1406  NLT/148,1756062884,1756062890,1634,0,0
1756044390_5..S01R,084650_5..S01R,5,1,1756044390,05 1406+ DYR/180,1756059536,1756059539,743,0,0
1756044390_7..N,084650_7..N,7,0,1756044390,07 1406+ 34H/MST,1756061081,1756061084,1120,0,0
1756044480_4..N13X156,084800_4..N13X156,4,0,1756044480,04 1408  GC /WDL,1756061471,1756061474,1259,0,0
1756044480_6..S01X053,084800_6..S01X053,6,1,1756044480,06 1408  PEL/GC,1756061816,1756061819,1350,0,0
1756044540_GS.S01R,084900_GS.S01R,GS,1,1756044540,0S 1409  TSS/GCS,1756058985,1756058990,146,0,0
1756044570_1..S03R,084950_1..S03R,1,1,1756044570,01 1409+ 242/SFT,1756062476,1756062479,1446,0,0
1756044600_GS.N04R,085000_GS.N04R,GS,0,1756044600,0S 1410  GCS/TSS,1756059090,1756059095,133,0,0
1756044630_4..S13X075,085050_4..S13X075,4,1,1756044630,04 1410+ WDL/GC,1756061651,1756061654,1227,0,0
1756044660_1..N03R,085100_1..N03R,1,0,1756044660,01 1411  SFT/242,1756062596,1756062599,1478,0,0
1756044660_7..S,085100_7..S,7,1,1756044660,07 1411 MST/34H,1756061438,1756061441,1133,0,0
1756044690_2..S01R,085150_2..S01R,2,1,1756044690,02 1411+ 241/FLA,1756064744,1756064750,2051,0,0
1756044810_2..N01R,085350_2..N01R,2,0,1756044810,02 1413+ FLA/241,1756064774,1756064780,2059,0,0
1756044810_3..S01R,085350_3..S01R,3,1,1756044810,03 1413+ 148/NLT,1756063358,1756063361,1663,0,0
1756044840_6..N01X012,085400_6..N01X012,6,0,1756044840,06 1414  GC /PEL,1756062104,1756062110,1347,0,0
1756044840_7..N,085400_7..N,7,0,1756044840,07 1414 34H/MST,1756061891,1756061894,1253,0,0
1756044840_GS.S04R,085400_GS.S04R,GS,1,1756044840,0S 1414  TSS/GCS,1756059315,1756059320,148,0,0
1756044900_GS.N01R,085500_GS.N01R,GS,0,1756044900,0S 1415  GCS/TSS,1756059390,1756059395,133,0,0
1756044930_1..S03R,085550_1..S03R,1,1,1756044930,01 1415+ 242/SFT,1756062806,1756062809,1450,0,0
1756044960_5..N01R,085600_5..N01R,5,0,1756044960,05 1416  180/DYR,1756060091,1756060094,728,0,0
1756045020_1..N03R,085700_1..N03R,1,0,1756045020,01 1417  SFT/242,1756063106,1756063110,1531,0,0
1756045080_3..N01R,085800_3..N01R,3,0,1756045080,03 1418  NLT/148,1756063676,1756063679,1683,0,0
1756045080_4..N13X156,085800_4..N13X156,4,0,1756045080,04 1418  GC /WDL,1756062095,1756062098,1261,0,0
1756045080_6..S01X053,085800_6..S01X053,6,1,1756045080,06 1418  PEL/GC,1756062539,1756062545,1380,0,0
1756045110_7..S,085850_7..S,7,1,1756045110,07 1418+ MST/34H,1756061639,1756061645,1082,0,0
1756045140_GS.S01R,085900_GS.S01R,GS,1,1756045140,0S 1419  TSS/GCS,1756059510,1756059515,141,0,0
1756045200_2..S01R,086000_2..S01R,2,1,1756045200,02 1420  241/FLA,1756065254,1756065260,2023,0,0
1756045200_5..S01R,086000_5..S01R,5,1,1756045200,05 1420  DYR/180,1756060301,1756060304,703,0,0
1756045200_GS.N04R,086000_GS.N04R,GS,0,1756045200,0S 1420  GCS/TSS,1756059510,1756059515,121,0,0
1756045230_4..S13X075,086050_4..S13X075,4,1,1756045230,04 1420+ WDL/GC,1756062404,1756062410,1263,0,0
1756045290_1..S03R,086150_1..S03R,1,1,1756045290,01 1421+ 242/SFT,1756063178,1756063181,1469,0,0
1756045290_2..N01R,086150_2..N01R,2,0,1756045290,02 1421+ FLA/241,1756065344,1756065350,2048,0,0
1756045290_7..N,086150_7..N,7,0,1756045290,07 1421+ 34H/MST,1756062074,1756062080,1197,0,0
1756045380_1..N03R,086300_1..N03R,1,0,1756045380,01 1423  SFT/242,1756063346,1756063349,1514,0,0
1756045410_3..S01R,086350_3..S01R,3,1,1756045410,03 1423+ 148/NLT,1756063778,1756063781,1629,0,0
1756045440_6..N01X012,086400_6..N01X012,6,0,1756045440,06 1424  GC /PEL,1756062539,1756062545,1299,0,0
1756045560_7..S,086600_7..S,7,1,1756045560,07 1426 MST/34H,1756062080,1756062083,1101,0,0
1756045650_1..S03R,086750_1..S03R,1,1,1756045650,01 1427+ 242/SFT,1756063544,1756063550,1486,0,0
1756045680_2..S01R,086800_2..S01R,2,1,1756045680,02 1428  241/FLA,1756065584,1756065590,2031,0,0
1756045680_3..N01R,086800_3..N01R,3,0,1756045680,03 1428  NLT/148,1756064234,1756064240,1670,0,0
1756045680_4..N13X156,086800_4..N13X156,4,0,1756045680,04 1428  GC /WDL,1756063148,1756063151,1380,0,0
1756045680_6..S01X053,086800_6..S01X053,6,1,1756045680,06 1428  PEL/GC,1756063058,1756063061,1356,0,0
1756045740_5..N01R,086900_5..N01R,5,0,1756045740,05 1429  180/DYR,1756060811,1756060814,758,0,0
1756045740_7..N,086900_7..N,7,0,1756045740,07 1429 34H/MST,1756062389,1756062395,1089,0,0
1756045770_2..N01R,086950_2..N01R,2,0,1756045770,02 1429+ FLA/241,1756065608,1756065611,1954,0,0
1756045830_4..S13X075,087050_4..S13X075,4,1,1756045830,04 1430+ WDL/GC,1756062836,1756062839,1213,0,0
1756045830_5..S01R,087050_5..S01R,5,1,1756045830,05 1430+ DYR/180,1756060940,1756060943,709,0,0
1756045860_3..S01R,087100_3..S01R,3,1,1756045860,03 1431  148/NLT,1756064048,1756064051,1537,0,0
1756045920_1..N03R,087200_1..N03R,1,0,1756045920,01 1432  SFT/242,1756064078,1756064081,1252,0,0
1756046010_1..S03R,087350_1..S03R,1,1,1756046010,01 1433+ 242/SFT,1756062506,1756062509,1126,0,0
1756046010_7..S,087350_7..S,7,1,1756046010,07 1433+ MST/34H,1756062620,1756062623,1150,0,0
1756046040_6..N01X012,087400_6..N01X012,6,0,1756046040,06 1434  GC /PEL,1756063244,1756063250,1323,0,0
1756046130_2..S01R,087550_2..S01R,2,1,1756046130,02 1435+ 241/FLA,1756066274,1756066280,2049,0,0
1756046190_7..N,087650_7..N,7,0,1756046190,07 1436+ 34H/MST,1756063118,1756063121,1194,0,0
1756046250_2..N01R,087750_2..N01R,2,0,1756046250,02 1437+ FLA/241,1756066076,1756066079,1996,0,0
1756046280_3..N01R,087800_3..N01R,3,0,1756046280,03 1438  NLT/148,1756064834,1756064840,1664,0,0
1756046280_4..N13X156,087800_4..N13X156,4,0,1756046280,04 1438  GC /WDL,1756063448,1756063451,1294,0,0
1756046280_6..S01X053,087800_6..S01X053,6,1,1756046280,06 1438  PEL/GC,1756063628,1756063631,1342,0,0
1756046370_1..S,087950_1..S,1,1,1756046370,E1 1439+ 242/SFT,1756064336,1756064339,419,0,0
1756046370_1..S03R,087950_1..S03R,1,1,1756046370,=1 1439+ 242/SFT,1756062770,1756062773,1032,0,0
1756046400_5..N01R,088000_5..N01R,5,0,1756046400,05 1440  180/DYR,1756061501,1756061504,696,0,0
1756046430_4..S13X075,088050_4..S13X075,4,1,1756046430,04 1440+ WDL/GC,1756063466,1756063469,1219,0,0
1756046430_7..S,088050_7..S,7,1,1756046430,07 1440+ MST/34H,1756063220,1756063223,1159,0,0
1756046460_1..N03R,088100_1..N03R,1,0,1756046460,01 1441  SFT/242,1756064408,1756064411,1470,0,0
1756046640_2..S,088400_2..S,2,1,1756046640,02 1444  241/FLA,1756066898,1756066901,1434,0,0
1756046640_2..S01R,088400_2..S01R,2,1,1756046640,02 1444  241/FLA,1756061405,1756061408,664,0,0
1756046640_5..S01R,088400_5..S01R,5,1,1756046640,05 1444  DYR/180,1756061816,1756061819,779,0,0
1756046640_6..N01X012,088400_6..N01X012,6,0,1756046640,06 1444  GC /PEL,1756063826,1756063829,1315,0,0
1756046640_7..N,088400_7..N,7,0,1756046640,07 1444 34H/MST,1756063361,1756063364,1173,0,0
1756046670_1..N03R,088450_1..N03R,1,0,1756046670,E1 1444+ SFT/242,1756064564,1756064570,951,0,0
1756046670_3..S01R,088450_3..S01R,3,1,1756046670,03 1444+ 148/NLT,1756065074,1756065080,1567,0,0
1756046730_1..S,088550_1..S,1,1,1756046730,E1 1445+ 242/SFT,1756064666,1756064669,429,0,0
1756046730_1..S03R,088550_1..S03R,1,1,1756046730,01 1445+ 242/SFT,1756063058,1756063061,1029,0,0
1756046730_2..N01R,088550_2..N01R,2,0,1756046730,02 1445+ FLA/241,1756066526,1756066529,1955,0,0
1756046760_3..N01R,088600_3..N01R,3,0,1756046760,03 1446  NLT/148,1756065326,1756065329,1635,0,0
1756046790_7..S,088650_7..S,7,1,1756046790,07 1446+ MST/34H,1756063313,1756063316,1073,0,0
1756046820_1..N03R,088700_1..N03R,1,0,1756046820,01 1447  SFT/242,1756064768,1756064771,1419,0,0
1756046880_4..N13X156,088800_4..N13X156,4,0,1756046880,04 1448  GC /WDL,1756063736,1756063739,1210,0,0
1756046880_6..S01X053,088800_6..S01X053,6,1,1756046880,06 1448  PEL/GC,1756064258,1756064261,1349,0,0
1756047030_4..S13X075,089050_4..S13X075,4,1,1756047030,04 1450+ WDL/GC,1756064024,1756064030,1207,0,0
1756047090_1..S,089150_1..S,1,1,1756047090,E1 1451+ 242/SFT,1756065116,1756065119,401,0,0
1756047090_1..S03R,089150_1..S03R,1,1,1756047090,01 1451+ 242/SFT,1756063373,1756063376,1033,0,0
1756047090_7..N,089150_7..N,7,0,1756047090,07 1451+ 34H/MST,1756063970,1756063973,1194,0,0
1756047120_2..S01R,089200_2..S01R,2,1,1756047120,02 1452  241/FLA,1756067138,1756067141,1907,0,0
1756047150_7..S,089250_7..S,7,1,1756047150,07 1452+ MST/34H,1756063763,1756063766,1139,0,0
1756047180_1..N03R,089300_1..N03R,1,0,1756047180,01 1453  SFT/242,1756065128,1756065131,1478,0,0
1756047180_5..N01R,089300_5..N01R,5,0,1756047180,05 1453  180/DYR,1756062374,1756062380,767,0,0
1756047210_2..N01R,089350_2..N01R,2,0,1756047210,02 1453+ FLA/241,1756067186,1756067189,2051,0,0
1756047210_3..S01R,089350_3..S01R,3,1,1756047210,03 1453+ 148/NLT,1756065641,1756065644,1639,0,0
1756047240_6..N01X012,089400_6..N01X012,6,0,1756047240,06 1454  GC /PEL,1756064336,1756064339,1290,0,0
1756047270_5..S01R,089450_5..S01R,5,1,1756047270,05 1454+ DYR/180,1756062398,1756062401,693,0,0
1756047450_1..S03R,089750_1..S03R,1,1,1756047450,01 1457+ 242/SFT,1756065338,1756065341,1478,0,0
1756047480_3..N01R,089800_3..N01R,3,0,1756047480,03 1458  NLT/148,1756066046,1756066049,1667,0,0
1756047480_4..N13X156,089800_4..N13X156,4,0,1756047480,04 1458  GC /WDL,1756064264,1756064270,1191,0,0
1756047480_6..S01X053,089800_6..S01X053,6,1,1756047480,06 1458  PEL/GC,1756064834,1756064840,1343,0,0
1756047510_7..S,089850_7..S,7,1,1756047510,07 1458+ MST/34H,1756064159,1756064165,1089,0,0
1756047540_1..N03R,089900_1..N03R,1,0,1756047540,01 1459  SFT/242,1756065518,1756065521,1526,0,0
1756047540_7..N,089900_7..N,7,0,1756047540,07 1459 34H/MST,1756064711,1756064714,1236,0,0
1756047570_2..S01R,089950_2..S01R,2,1,1756047570,02 1459+ 241/FLA,1756067606,1756067609,2002,0,0
1756047630_4..S13X075,090050_4..S13X075,4,1,1756047630,04 1500+ WDL/GC,1756064666,1756064669,1218,0,0
1756047690_2..N01R,090150_2..N01R,2,0,1756047690,02 1501+ FLA/241,1756067438,1756067441,1958,0,0
1756047810_1..S03R,090350_1..S03R,1,1,1756047810,01 1503+ 242/SFT,1756065674,1756065680,1488,0,0
1756047810_3..S01R,090350_3..S01R,3,1,1756047810,03 1503+ 148/NLT,1756066184,1756066190,1624,0,0
1756047840_5..N01R,090400_5..N01R,5,0,1756047840,05 1504  180/DYR,1756062806,1756062809,721,0,0
1756047840_6..N01X012,090400_6..N01X012,6,0,1756047840,06 1504  GC /PEL,1756064996,1756064999,1306,0,0
1756047870_7..S,090450_7..S,7,1,1756047870,07 1504+ MST/34H,1756064345,1756064348,1059,0,0
1756047900_1..N03R,090500_1..N03R,1,0,1756047900,01 1505  SFT/242,1756065968,1756065971,1486,0,0
1756047990_7..N,090650_7..N,7,0,1756047990,07 1506+ 34H/MST,1756064861,1756064864,1197,0,0
1756048080_2..S01R,090800_2..S01R,2,1,1756048080,02 1508  241/FLA,1756068110,1756068113,2046,0,0
1756048080_3..N01R,090800_3..N01R,3,0,1756048080,03 1508  NLT/148,1756066634,1756066640,1664,0,0
1756048080_4..N13X156,090800_4..N13X156,4,0,1756048080,04 1508  GC /WDL,1756065146,1756065149,1266,0,0
1756048080_5..S01R,090800_5..S01R,5,1,1756048080,05 1508  DYR/180,1756063124,1756063130,727,0,0
1756048080_6..S01X053,090800_6..S01X053,6,1,1756048080,06 1508  PEL/GC,1756065386,1756065389,1331,0,0
1756048170_1..S03R,090950_1..S03R,1,1,1756048170,01 1509+ 242/SFT,1756066076,1756066079,1435,0,0
1756048230_4..S13X075,091050_4..S13X075,4,1,1756048230,04 1510+ WDL/GC,1756065128,1756065131,1181,0,0
1756048230_7..S,091050_7..S,7,1,1756048230,07 1510+ MST/34H,1756064840,1756064843,1137,0,0
1756048260_1..N03R,091100_1..N03R,1,0,1756048260,01 1511  SFT/242,1756066166,1756066169,1459,0,0
1756048260_3..S01R,091100_3..S01R,3,1,1756048260,03 1511  148/NLT,1756066568,1756066571,1566,0,0
1756048290_2..N01R,091150_2..N01R,2,0,1756048290,02 1511+ FLA/241,1756067984,1756067990,1945,0,0
1756048410_7..N,091350_7..N,7,0,1756048410,07 1513+ 34H/MST,1756065239,1756065245,1167,0,0
1756048440_6..N01X012,091400_6..N01X012,6,0,1756048440,06 1514  GC /PEL,1756065674,1756065680,1328,0,0
1756048500_GS.N01R,091500_GS.N01R,GS,0,1756048500,0S 1515  GCS/TSS,1756063005,1756063010,1,0,0
1756048530_1..S03R,091550_1..S03R,1,1,1756048530,01 1515+ 242/SFT,1756066436,1756066439,1451,0,0
1756048560_2..S01R,091600_2..S01R,2,1,1756048560,02 1516  241/FLA,1756068479,1756068485,1999,0,0
1756048560_7..S,091600_7..S,7,1,1756048560,07 1516 MST/34H,1756065230,1756065233,1132,0,0
1756048620_1..N03R,091700_1..N03R,1,0,1756048620,01 1517  SFT/242,1756066514,1756066520,1472,0,0
1756048620_5..N01R,091700_5..N01R,5,0,1756048620,05 1517  180/DYR,1756063634,1756063640,703,0,0
1756048680_3..N01R,091800_3..N01R,3,0,1756048680,03 1518  NLT/148,1756067234,1756067240,1664,0,0
1756048680_4..N13X156,091800_4..N13X156,4,0,1756048680,04 1518  GC /WDL,1756065614,1756065620,1232,0,0
1756048680_6..S01X053,091800_6..S01X053,6,1,1756048680,06 1518  PEL/GC,1756066016,1756066019,1339,0,0
1756048710_5..S01R,091850_5..S01R,5,1,1756048710,05 1518+ DYR/180,1756063754,1756063760,735,0,0
1756048740_GS.S01R,091900_GS.S01R,GS,1,1756048740,0S 1519  TSS/GCS,1756063110,1756063115,8,0,0
1756048770_7..N,091950_7..N,7,0,1756048770,07 1519+ 34H/MST,1756065509,1756065515,1181,0,0
1756048800_GS.N04R,092000_GS.N04R,GS,0,1756048800,0S 1520  GCS/TSS,1756063110,1756063115,8,0,0
1756048830_4..S13X075,092050_4..S13X075,4,1,1756048830,04 1520+ WDL/GC,1756065824,1756065830,1208,0,0
1756048890_1..S03R,092150_1..S03R,1,1,1756048890,01 1521+ 242/SFT,1756066784,1756066790,1464,0,0
1756048890_2..N01R,092150_2..N01R,2,0,1756048890,02 1521+ FLA/241,1756068749,1756068755,1991,0,0
1756048920_7..S,092200_7..S,7,1,1756048920,07 1522 MST/34H,1756065599,1756065605,1164,0,0
1756048980_1..N03R,092300_1..N03R,1,0,1756048980,01 1523  SFT/242,1756066946,1756066949,1507,0,0
1756049010_2..S01R,092350_2..S01R,2,1,1756049010,02 1523+ 241/FLA,1756069439,1756069445,2175,0,0
1756049040_3..S01R,092400_3..S01R,3,1,1756049040,03 1524  148/NLT,1756067144,1756067150,1560,0,0
1756049040_6..N01X012,092400_6..N01X012,6,0,1756049040,06 1524  GC /PEL,1756066184,1756066190,1304,0,0
1756049130_7..N,092550_7..N,7,0,1756049130,07 1525+ 34H/MST,1756066295,1756066298,1295,0,0
1756049160_3..N01R,092600_3..N01R,3,0,1756049160,03 1526  NLT/148,1756067726,1756067729,1635,0,0
1756049220_7..S,092700_7..S,7,1,1756049220,07 1527 MST/34H,1756065893,1756065896,1134,0,0
1756049250_1..S03R,092750_1..S03R,1,1,1756049250,01 1527+ 242/SFT,1756067216,1756067219,1499,0,0
1756049280_4..N13X156,092800_4..N13X156,4,0,1756049280,04 1528  GC /WDL,1756066346,1756066349,1267,0,0
1756049280_5..N01R,092800_5..N01R,5,0,1756049280,05 1528  180/DYR,1756064246,1756064249,706,0,0
1756049280_6..S01X053,092800_6..S01X053,6,1,1756049280,06 1528  PEL/GC,1756066598,1756066601,1334,0,0
1756049310_1..S03R,092850_1..S03R,1,1,1756049310,E1 1528+ TSQ/SFT,1756064918,1756064921,324,0,0
1756049340_1..N03R,092900_1..N03R,1,0,1756049340,01 1529  SFT/242,1756067414,1756067420,1552,0,0
1756049430_4..S13X075,093050_4..S13X075,4,1,1756049430,04 1530+ WDL/GC,1756066448,1756066451,1215,0,0
1756049490_2..N01R,093150_2..N01R,2,0,1756049490,02 1531+ FLA/241,1756069574,1756069580,2053,0,0
1756049490_7..N,093150_7..N,7,0,1756049490,07 1531+ 34H/MST,1756066469,1756066475,1222,0,0
1756049520_2..S01R,093200_2..S01R,2,1,1756049520,02 1532  241/FLA,1756069553,1756069556,2047,0,0
1756049520_5..S01R,093200_5..S01R,5,1,1756049520,05 1532  DYR/180,1756064744,1756064750,760,0,0
1756049580_7..S,093300_7..S,7,1,1756049580,07 1533 MST/34H,1756066178,1756066181,1143,0,0
1756049610_1..S03R,093350_1..S03R,1,1,1756049610,01 1533+ 242/SFT,1756067528,1756067531,1485,0,0
1756049610_3..S01R,093350_3..S01R,3,1,1756049610,03 1533+ 148/NLT,1756067948,1756067951,1616,0,0
1756049640_6..N01X012,093400_6..N01X012,6,0,1756049640,06 1534  GC /PEL,1756066874,1756066880,1329,0,0
1756049700_1..N03R,093500_1..N03R,1,0,1756049700,01 1535  SFT/242,1756067636,1756067639,1452,0,0
1756049850_7..N,093750_7..N,7,0,1756049850,07 1537+ 34H/MST,1756066844,1756066850,1192,0,0
1756049880_3..N01R,093800_3..N01R,3,0,1756049880,03 1538  NLT/148,1756068554,1756068560,1700,0,0
1756049880_4..N13X156,093800_4..N13X156,4,0,1756049880,04 1538  GC /WDL,1756066844,1756066850,1241,0,0
1756049880_6..S01X053,093800_6..S01X053,6,1,1756049880,06 1538  PEL/GC,1756067324,1756067330,1369,0,0
1756049940_7..S,093900_7..S,7,1,1756049940,07 1539 MST/34H,1756066505,1756066508,1101,0,0
1756049970_1..S03R,093950_1..S03R,1,1,1756049970,01 1539+ 242/SFT,1756067864,1756067870,1424,0,0
1756050000_2..S01R,094000_2..S01R,2,1,1756050000,02 1540  241/FLA,1756070204,1756070210,2061,0,0
1756050030_4..S13X075,094050_4..S13X075,4,1,1756050030,04 1540+ WDL/GC,1756066976,1756066979,1196,0,0
1756050060_1..N03R,094100_1..N03R,1,0,1756050060,01 1541  SFT/242,1756068170,1756068173,1515,0,0
1756050060_5..N01R,094100_5..N01R,5,0,1756050060,05 1541  180/DYR,1756065128,1756065131,702,0,0
1756050090_2..N01R,094150_2..N01R,2,0,1756050090,02 1541+ FLA/241,1756070318,1756070321,2092,0,0
1756050150_5..S01R,094250_5..S01R,5,1,1756050150,05 1542+ DYR/180,1756065338,1756065341,759,0,0
1756050210_3..S01R,094350_3..S01R,3,1,1756050210,03 1543+ 148/NLT,1756068644,1756068650,1644,0,0
1756050210_7..N,094350_7..N,7,0,1756050210,07 1543+ 34H/MST,1756067105,1756067108,1197,0,0
1756050240_6..N01X012,094400_6..N01X012,6,0,1756050240,06 1544  GC /PEL,1756067306,1756067309,1284,0,0
1756050300_7..S,094500_7..S,7,1,1756050300,07 1545 MST/34H,1756066784,1756066790,1112,0,0
1756050330_1..S03R,094550_1..S03R,1,1,1756050330,01 1545+ 242/SFT,1756068248,1756068251,1459,0,0
1756050420_1..N03R,094700_1..N03R,1,0,1756050420,01 1547  SFT/242,1756068320,1756068323,1354,0,0
1756050420_2..S01R,094700_2..S01R,2,1,1756050420,02 1547  241/FLA,1756070489,1756070495,2059,0,0
1756050480_3..N01R,094800_3..N01R,3,0,1756050480,03 1548  NLT/148,1756069049,1756069055,1673,0,0
1756050480_4..N13X156,094800_4..N13X156,4,0,1756050480,04 1548  GC /WDL,1756067426,1756067429,1237,0,0
1756050480_6..S01X053,094800_6..S01X053,6,1,1756050480,06 1548  PEL/GC,1756067834,1756067840,1346,0,0
1756050570_2..N01R,094950_2..N01R,2,0,1756050570,02 1549+ FLA/241,1756070588,1756070591,2004,0,0
1756050570_7..N,094950_7..N,7,0,1756050570,07 1549+ 34H/MST,1756067216,1756067219,1148,0,0
1756050630_4..S13X075,095050_4..S13X075,4,1,1756050630,04 1550+ WDL/GC,1756067618,1756067621,1207,0,0
1756050660_7..S,095100_7..S,7,1,1756050660,07 1551 MST/34H,1756067444,1756067450,1155,0,0
1756050690_1..S03R,095150_1..S03R,1,1,1756050690,01 1551+ 242/SFT,1756068554,1756068560,1460,0,0
1756050690_3..S01R,095150_3..S01R,3,1,1756050690,03 1551+ 148/NLT,1756069049,1756069055,1592,0,0
1756050720_5..N01R,095200_5..N01R,5,0,1756050720,05 1552  180/DYR,1756065824,1756065830,729,0,0
1756050780_1..N03R,095300_1..N03R,1,0,1756050780,01 1553  SFT/242,1756068764,1756068770,1484,0,0
1756050840_6..N01X012,095400_6..N01X012,6,0,1756050840,06 1554  GC /PEL,1756068059,1756068065,1326,0,0
1756050840_GS.S04R,095400_GS.S04R,GS,1,1756050840,0S 1554  TSS/GCS,1756065287,1756065290,2,0,0
1756050870_7..N,095450_7..N,7,0,1756050870,07 1554+ 34H/MST,1756067669,1756067675,1188,0,0
1756050900_5..S01R,095500_5..S01R,5,1,1756050900,05 1555  DYR/180,1756066064,1756066070,713,0,0
1756050900_GS.N01R,095500_GS.N01R,GS,0,1756050900,0S 1555  GCS/TSS,1756065287,1756065290,1,0,0
1756050960_2..S01R,095600_2..S01R,2,1,1756050960,02 1556  241/FLA,1756070849,1756070855,1928,0,0
1756050960_7..S,095600_7..S,7,1,1756050960,07 1556 MST/34H,1756067510,1756067513,1133,0,0
1756051050_1..S,095750_1..S,1,1,1756051050,01 1557+ 242/SFT,1756069004,1756069010,117,0,0
1756051050_1..S03R,095750_1..S03R,1,1,1756051050,01 1557+ 242/SFT,1756068428,1756068431,1346,0,0
1756051050_2..N01R,095750_2..N01R,2,0,1756051050,02 1557+ FLA/241,1756071029,1756071035,2042,0,0
1756051080_3..N01R,095800_3..N01R,3,0,1756051080,03 1558  NLT/148,1756069634,1756069640,1669,0,0
1756051080_4..N13X156,095800_4..N13X156,4,0,1756051080,04 1558  GC /WDL,1756067846,1756067849,1188,0,0
1756051080_6..S01X053,095800_6..S01X053,6,1,1756051080,06 1558  PEL/GC,1756068470,1756068473,1357,0,0
1756051140_1..N03R,095900_1..N03R,1,0,1756051140,01 1559  SFT/242,1756069133,1756069136,1534,0,0
1756051140_7..N,095900_7..N,7,0,1756051140,07 1559 34H/MST,1756067894,1756067900,1131,0,0
1756051230_4..S13X075,096050_4..S13X075,4,1,1756051230,04 1600+ WDL/GC,1756068128,1756068131,1184,0,0
1756051260_7..S,096100_7..S,7,1,1756051260,07 1601 MST/34H,1756067816,1756067819,1109,0,0
1756051410_1..S03R,096350_1..S03R,1,1,1756051410,01 1603+ 242/SFT,1756069289,1756069295,1496,0,0
1756051410_3..S01R,096350_3..S01R,3,1,1756051410,03 1603+ 148/NLT,1756070036,1756070039,1696,0,0
1756051410_7..N,096350_7..N,7,0,1756051410,07 1603+ 34H/MST,1756068149,1756068155,1172,0,0
1756051440_2..S01R,096400_2..S01R,2,1,1756051440,02 1604  241/FLA,1756071308,1756071311,2036,0,0
1756051440_5..N01R,096400_5..N01R,5,0,1756051440,05 1604  180/DYR,1756066436,1756066439,732,0,0
1756051440_6..N01X012,096400_6..N01X012,6,0,1756051440,06 1604  GC /PEL,1756068530,1756068533,1293,0,0
1756051500_1..N03R,096500_1..N03R,1,0,1756051500,01 1605  SFT/242,1756069574,1756069580,1493,0,0
1756051530_2..N01R,096550_2..N01R,2,0,1756051530,02 1605+ FLA/241,1756071308,1756071311,1956,0,0
1756051560_3..N01R,096600_3..N01R,3,0,1756051560,03 1606  NLT/148,1756070084,1756070090,1629,0,0
1756051560_7..S,096600_7..S,7,1,1756051560,07 1606 MST/34H,1756068044,1756068050,1089,0,0
1756051590_5..S01R,096650_5..S01R,5,1,1756051590,05 1606+ DYR/180,1756066598,1756066601,695,0,0
1756051680_4..N13X156,096800_4..N13X156,4,0,1756051680,04 1608  GC /WDL,1756068500,1756068503,1205,0,0
1756051680_6..S01X053,096800_6..S01X053,6,1,1756051680,06 1608  PEL/GC,1756069079,1756069085,1360,0,0
1756051710_7..N,096850_7..N,7,0,1756051710,07 1608+ 34H/MST,1756068320,1756068323,1113,0,0
1756051770_1..S03R,096950_1..S03R,1,1,1756051770,01 1609+ 242/SFT,1756069628,1756069631,1427,0,0
1756051830_4..S13X075,097050_4..S13X075,4,1,1756051830,04 1610+ WDL/GC,1756068794,1756068800,1204,0,0
1756051860_1..N03R,097100_1..N03R,1,0,1756051860,01 1611  SFT/242,1756069898,1756069904,1499,0,0
1756051860_7..S,097100_7..S,7,1,1756051860,07 1611 MST/34H,1756068434,1756068440,1144,0,0
1756051890_2..S01R,097150_2..S01R,2,1,1756051890,02 1611+ 241/FLA,1756071959,1756071965,2050,0,0
1756052010_2..N01R,097350_2..N01R,2,0,1756052010,02 1613+ FLA/241,1756071968,1756071971,2052,0,0
1756052010_3..S01R,097350_3..S01R,3,1,1756052010,03 1613+ 148/NLT,1756070624,1756070630,1694,0,0
1756052010_7..N,097350_7..N,7,0,1756052010,07 1613+ 34H/MST,1756068923,1756068926,1225,0,0
1756052040_6..N01X012,097400_6..N01X012,6,0,1756052040,06 1614  GC /PEL,1756069229,1756069235,1320,0,0
1756052130_1..S03R,097550_1..S03R,1,1,1756052130,01 1615+ 242/SFT,1756070024,1756070030,1453,0,0
1756052160_5..N01R,097600_5..N01R,5,0,1756052160,05 1616  180/DYR,1756067096,1756067099,668,0,0
1756052160_7..S,097600_7..S,7,1,1756052160,07 1616 MST/34H,1756068656,1756068659,1074,0,0
1756052220_1..N03R,097700_1..N03R,1,0,1756052220,01 1617  SFT/242,1756070156,1756070159,1488,0,0
1756052280_3..N01R,097800_3..N01R,3,0,1756052280,03 1618  NLT/148,1756070804,1756070810,1662,0,0
1756052280_4..N13X156,097800_4..N13X156,4,0,1756052280,04 1618  GC /WDL,1756069454,1756069460,1300,0,0
1756052280_6..S01X053,097800_6..S01X053,6,1,1756052280,06 1618  PEL/GC,1756069628,1756069631,1347,0,0
1756052310_7..N,097850_7..N,7,0,1756052310,07 1618+ 34H/MST,1756068983,1756068986,1161,0,0
1756052340_GS.S01R,097900_GS.S01R,GS,1,1756052340,0S 1619  TSS/GCS,1756066805,1756066808,7,0,0
1756052400_2..S01R,098000_2..S01R,2,1,1756052400,02 1620  241/FLA,1756072310,1756072313,1983,0,0
1756052400_5..S01R,098000_5..S01R,5,1,1756052400,05 1620  DYR/180,1756067486,1756067489,692,0,0
1756052400_GS.N04R,098000_GS.N04R,GS,0,1756052400,0S 1620  GCS/TSS,1756066910,1756066913,14,0,0
1756052430_4..S13X075,098050_4..S13X075,4,1,1756052430,04 1620+ WDL/GC,1756069403,1756069406,1206,0,0
1756052460_7..S,098100_7..S,7,1,1756052460,07 1621 MST/34H,1756068920,1756068923,1092,0,0
1756052490_1..S03R,098150_1..S03R,1,1,1756052490,01 1621+ 242/SFT,1756070399,1756070405,1474,0,0
1756052490_2..N01R,098150_2..N01R,2,0,1756052490,02 1621+ FLA/241,1756072439,1756072445,2018,0,0
1756052580_1..N03R,098300_1..N03R,1,0,1756052580,01 1623  SFT/242,1756070528,1756070531,1508,0,0
1756052610_3..S01R,098350_3..S01R,3,1,1756052610,03 1623+ 148/NLT,1756070864,1756070870,1598,0,0
1756052610_7..N,098350_7..N,7,0,1756052610,07 1623+ 34H/MST,1756069298,1756069301,1107,0,0
1756052640_6..N01X012,098400_6..N01X012,6,0,1756052640,06 1624  GC /PEL,1756069724,1756069730,1293,0,0
1756052640_GS.S04R,098400_GS.S04R,GS,1,1756052640,0S 1624  TSS/GCS,1756067150,1756067153,30,0,0
1756052700_GS.N01R,098500_GS.N01R,GS,0,1756052700,0S 1625  GCS/TSS,1756067195,1756067198,33,0,0
1756052760_7..S,098600_7..S,7,1,1756052760,07 1626 MST/34H,1756069451,1756069454,1148,0,0
1756052850_1..S03R,098750_1..S03R,1,1,1756052850,01 1627+ 242/SFT,1756070834,1756070840,1510,0,0
1756052880_2..S01R,098800_2..S01R,2,1,1756052880,02 1628  241/FLA,1756072814,1756072820,2038,0,0
1756052880_3..N01R,098800_3..N01R,3,0,1756052880,03 1628  NLT/148,1756071449,1756071455,1674,0,0
1756052880_4..N13X156,098800_4..N13X156,4,0,1756052880,04 1628  GC /WDL,1756069724,1756069730,1213,0,0
1756052880_6..S01X053,098800_6..S01X053,6,1,1756052880,06 1628  PEL/GC,1756070399,1756070405,1394,0,0
1756052910_7..N,098850_7..N,7,0,1756052910,07 1628+ 34H/MST,1756069730,1756069733,1208,0,0
1756052940_1..N03R,098900_1..N03R,1,0,1756052940,01 1629  SFT/242,1756070858,1756070861,1516,0,0
1756052940_5..N01R,098900_5..N01R,5,0,1756052940,05 1629  180/DYR,1756067984,1756067990,746,0,0
1756052940_GS.S01R,098900_GS.S01R,GS,1,1756052940,0S 1629  TSS/GCS,1756067420,1756067423,48,0,0
1756052970_2..N01R,098950_2..N01R,2,0,1756052970,02 1629+ FLA/241,1756072784,1756072790,1949,0,0
1756053000_GS.N04R,099000_GS.N04R,GS,0,1756053000,0S 1630  GCS/TSS,1756067480,1756067483,51,0,0
1756053030_4..S13X075,099050_4..S13X075,4,1,1756053030,04 1630+ WDL/GC,1756070066,1756070069,1223,0,0
1756053030_5..S01R,099050_5..S01R,5,1,1756053030,05 1630+ DYR/180,1756068149,1756068155,709,0,0
1756053060_7..S,099100_7..S,7,1,1756053060,07 1631 MST/34H,1756069601,1756069604,1118,0,0
1756053090_3..S01R,099150_3..S01R,3,1,1756053090,03 1631+ 148/NLT,1756071509,1756071515,1609,0,0
1756053210_1..S03R,099350_1..S03R,1,1,1756053210,01 1633+ 242/SFT,1756071098,1756071101,1499,0,0
1756053210_7..N,099350_7..N,7,0,1756053210,07 1633+ 34H/MST,1756069784,1756069790,1144,0,0
1756053240_6..N01X012,099400_6..N01X012,6,0,1756053240,06 1634  GC /PEL,1756070459,1756070465,1329,0,0
1756053240_GS.S04R,099400_GS.S04R,GS,1,1756053240,0S 1634  TSS/GCS,1756067690,1756067693,65,0,0
1756053300_1..N03R,099500_1..N03R,1,0,1756053300,01 1635  SFT/242,1756071344,1756071350,1485,0,0
1756053300_GS.N01R,099500_GS.N01R,GS,0,1756053300,0S 1635  GCS/TSS,1756067810,1756067813,73,0,0
1756053330_2..S01R,099550_2..S01R,2,1,1756053330,02 1635+ 241/FLA,1756073294,1756073300,2005,0,0
1756053360_7..S,099600_7..S,7,1,1756053360,07 1636 MST/34H,1756069964,1756069970,1100,0,0
1756053450_2..N01R,099750_2..N01R,2,0,1756053450,02 1637+ FLA/241,1756073129,1756073135,1961,0,0
1756053480_3..N01R,099800_3..N01R,3,0,1756053480,03 1638  NLT/148,1756072049,1756072055,1673,0,0
1756053480_4..N13X156,099800_4..N13X156,4,0,1756053480,04 1638  GC /WDL,1756070378,1756070381,1227,0,0
1756053480_6..S01X053,099800_6..S01X053,6,1,1756053480,06 1638  PEL/GC,1756070894,1756070900,1365,0,0
1756053510_7..N,099850_7..N,7,0,1756053510,07 1638+ 34H/MST,1756070261,1756070264,1180,0,0
1756053540_GS.S01R,099900_GS.S01R,GS,1,1756053540,0S 1639  TSS/GCS,1756068005,1756068008,86,0,0
1756053570_1..S03R,099950_1..S03R,1,1,1756053570,01 1639+ 242/SFT,1756071434,1756071440,1429,0,0
1756053600_5..N01R,100000_5..N01R,5,0,1756053600,05 1640  180/DYR,1756068653,1756068656,685,0,0
1756053600_GS.N04R,100000_GS.N04R,GS,0,1756053600,0S 1640  GCS/TSS,1756068080,1756068083,91,0,0
1756053630_4..S13X075,100050_4..S13X075,4,1,1756053630,04 1640+ WDL/GC,1756070699,1756070705,1233,0,0
1756053660_1..N03R,100100_1..N03R,1,0,1756053660,01 1641  SFT/242,1756071854,1756071860,1541,0,0
1756053660_7..S,100100_7..S,7,1,1756053660,07 1641 MST/34H,1756070246,1756070249,1089,0,0
1756053810_3..S01R,100350_3..S01R,3,1,1756053810,03 1643+ 148/NLT,1756072259,1756072265,1649,0,0
1756053810_7..N,100350_7..N,7,0,1756053810,07 1643+ 34H/MST,1756070378,1756070381,1125,0,0
1756053840_2..S01R,100400_2..S01R,2,1,1756053840,02 1644  241/FLA,1756073744,1756073750,2045,0,0
1756053840_5..S01R,100400_5..S01R,5,1,1756053840,05 1644  DYR/180,1756069034,1756069040,787,0,0
1756053840_6..N01X012,100400_6..N01X012,6,0,1756053840,06 1644  GC /PEL,1756071071,1756071074,1332,0,0
1756053840_GS.S04R,100400_GS.S04R,GS,1,1756053840,0S 1644  TSS/GCS,1756068335,1756068338,108,0,0
1756053900_GS.N01R,100500_GS.N01R,GS,0,1756053900,0S 1645  GCS/TSS,1756068380,1756068383,111,0,0
1756053930_1..S03R,100550_1..S03R,1,1,1756053930,01 1645+ 242/SFT,1756071839,1756071845,1457,0,0
1756053930_2..N01R,100550_2..N01R,2,0,1756053930,02 1645+ FLA/241,1756073879,1756073885,2001,0,0
1756053960_3..N01R,100600_3..N01R,3,0,1756053960,03 1646  NLT/148,1756072568,1756072571,1651,0,0
1756053960_7..S,100600_7..S,7,1,1756053960,07 1646 MST/34H,1756070636,1756070639,1163,0,0
1756054020_1..N03R,100700_1..N03R,1,0,1756054020,01 1647  SFT/242,1756072088,1756072091,1523,0,0
1756054080_4..N13X156,100800_4..N13X156,4,0,1756054080,04 1648  GC /WDL,1756070888,1756070891,1203,0,0
1756054080_6..S01X053,100800_6..S01X053,6,1,1756054080,06 1648  PEL/GC,1756071419,1756071425,1345,0,0
1756054110_7..N,100850_7..N,7,0,1756054110,07 1648+ 34H/MST,1756070750,1756070753,1146,0,0
1756054140_GS.S01R,100900_GS.S01R,GS,1,1756054140,0S 1649  TSS/GCS,1756068605,1756068608,126,0,0
1756054200_GS.N04R,101000_GS.N04R,GS,0,1756054200,0S 1650  GCS/TSS,1756068680,1756068683,131,0,0
1756054230_4..S13X075,101050_4..S13X075,4,1,1756054230,04 1650+ WDL/GC,1756071224,1756071230,1213,0,0
1756054260_7..S,101100_7..S,7,1,1756054260,07 1651 MST/34H,1756071035,1756071038,1138,0,0
1756054350_1..S03R,101250_1..S03R,1,1,1756054350,01 1652+ 242/SFT,1756072238,1756072241,1483,0,0
1756054380_1..N03R,101300_1..N03R,1,0,1756054380,01 1653  SFT/242,1756072409,1756072415,1529,0,0
1756054380_5..N01R,101300_5..N01R,5,0,1756054380,05 1653  180/DYR,1756069403,1756069406,725,0,0
1756054410_2..N01R,101350_2..N01R,2,0,1756054410,02 1653+ FLA/241,1756074479,1756074485,2081,0,0
1756054410_3..S01R,101350_3..S01R,3,1,1756054410,03 1653+ 148/NLT,1756072628,1756072631,1587,0,0
1756054410_7..N,101350_7..N,7,0,1756054410,07 1653+ 34H/MST,1756071119,1756071125,1161,0,0
1756054440_6..N01X012,101400_6..N01X012,6,0,1756054440,06 1654  GC /PEL,1756071584,1756071590,1309,0,0
1756054440_GS.S04R,101400_GS.S04R,GS,1,1756054440,0S 1654  TSS/GCS,1756068920,1756068923,146,0,0
1756054500_5..S01R,101500_5..S01R,5,1,1756054500,05 1655  DYR/180,1756069544,1756069550,684,0,0
1756054500_GS.N01R,101500_GS.N01R,GS,0,1756054500,0S 1655  GCS/TSS,1756068980,1756068983,132,0,0
1756054560_2..S01R,101600_2..S01R,2,1,1756054560,02 1656  241/FLA,1756074569,1756074575,2025,0,0
1756054560_7..S,101600_7..S,7,1,1756054560,07 1656 MST/34H,1756071104,1756071110,1072,0,0
1756054680_3..N01R,101800_3..N01R,3,0,1756054680,03 1658  NLT/148,1756073288,1756073291,1683,0,0
1756054680_4..N13X156,101800_4..N13X156,4,0,1756054680,04 1658  GC /WDL,1756071764,1756071770,1277,0,0
1756054680_6..S01X053,101800_6..S01X053,6,1,1756054680,06 1658  PEL/GC,1756072028,1756072031,1347,0,0
1756054710_7..N,101850_7..N,7,0,1756054710,07 1658+ 34H/MST,1756071314,1756071320,1128,0,0
1756054740_1..N03R,101900_1..N03R,1,0,1756054740,01 1659  SFT/242,1756072544,1756072550,1485,0,0
1756054740_GS.S01R,101900_GS.S01R,GS,1,1756054740,0S 1659  TSS/GCS,1756069205,1756069208,147,0,0
1756054770_1..S03R,101950_1..S03R,1,1,1756054770,01 1659+ 242/SFT,1756072688,1756072691,1443,0,0
1756054800_GS.N04R,102000_GS.N04R,GS,0,1756054800,0S 1700  GCS/TSS,1756069310,1756069313,134,0,0
1756054830_4..S13X075,102050_4..S13X075,4,1,1756054830,04 1700+ WDL/GC,1756071869,1756071875,1225,0,0
1756054860_7..S,102100_7..S,7,1,1756054860,07 1701 MST/34H,1756071410,1756071413,1122,0,0
1756054890_2..N01R,102150_2..N01R,2,0,1756054890,02 1701+ FLA/241,1756075034,1756075040,2069,0,0
1756055010_3..S01R,102350_3..S01R,3,1,1756055010,03 1703+ 148/NLT,1756073108,1756073114,1555,0,0
1756055010_7..N,102350_7..N,7,0,1756055010,07 1703+ 34H/MST,1756071680,1756071683,1134,0,0
1756055040_5..N01R,102400_5..N01R,5,0,1756055040,05 1704  180/DYR,1756070054,1756070060,740,0,0
1756055040_6..N01X012,102400_6..N01X012,6,0,1756055040,06 1704  GC /PEL,1756072319,1756072325,1345,0,0
1756055040_GS.S04R,102400_GS.S04R,GS,1,1756055040,0S 1704  TSS/GCS,1756069505,1756069508,147,0,0
1756055100_1..N03R,102500_1..N03R,1,0,1756055100,01 1705  SFT/242,1756072868,1756072871,1411,0,0
1756055100_GS.N01R,102500_GS.N01R,GS,0,1756055100,0S 1705  GCS/TSS,1756069595,1756069598,133,0,0
1756055160_7..S,102600_7..S,7,1,1756055160,07 1706 MST/34H,1756071818,1756071821,1154,0,0
1756055190_1..S03R,102650_1..S03R,1,1,1756055190,01 1706+ 242/SFT,1756073069,1756073075,1465,0,0
1756055220_5..S01R,102700_5..S01R,5,1,1756055220,05 1707  DYR/180,1756070288,1756070291,723,0,0
1756055280_2..S01R,102800_2..S01R,2,1,1756055280,02 1708  241/FLA,1756075208,1756075211,2035,0,0
1756055280_3..N01R,102800_3..N01R,3,0,1756055280,03 1708  NLT/148,1756073849,1756073855,1673,0,0
1756055280_4..N13X156,102800_4..N13X156,4,0,1756055280,04 1708  GC /WDL,1756072088,1756072091,1203,0,0
1756055280_6..S01X053,102800_6..S01X053,6,1,1756055280,06 1708  PEL/GC,1756072619,1756072625,1345,0,0
1756055310_7..N,102850_7..N,7,0,1756055310,07 1708+ 34H/MST,1756072019,1756072025,1165,0,0
1756055340_GS.S01R,102900_GS.S01R,GS,1,1756055340,0S 1709  TSS/GCS,1756069805,1756069808,147,0,0
1756055370_2..N01R,102950_2..N01R,2,0,1756055370,02 1709+ FLA/241,1756075484,1756075490,2028,0,0
1756055400_GS.N04R,103000_GS.N04R,GS,0,1756055400,0S 1710  GCS/TSS,1756069865,1756069868,131,0,0
1756055430_4..S13X075,103050_4..S13X075,4,1,1756055430,04 1710+ WDL/GC,1756072469,1756072475,1224,0,0
1756055460_1..N03R,103100_1..N03R,1,0,1756055460,01 1711  SFT/242,1756073309,1756073315,1448,0,0
1756055460_3..S01R,103100_3..S01R,3,1,1756055460,03 1711  148/NLT,1756073669,1756073675,1544,0,0
1756055460_7..S,103100_7..S,7,1,1756055460,07 1711 MST/34H,1756072193,1756072196,1172,0,0
1756055610_1..S03R,103350_1..S03R,1,1,1756055610,01 1713+ 242/SFT,1756073504,1756073510,1500,0,0
1756055610_7..N,103350_7..N,7,0,1756055610,07 1713+ 34H/MST,1756072535,1756072538,1201,0,0
1756055640_6..N01X012,103400_6..N01X012,6,0,1756055640,06 1714  GC /PEL,1756072784,1756072790,1308,0,0
1756055640_GS.S04R,103400_GS.S04R,GS,1,1756055640,0S 1714  TSS/GCS,1756070105,1756070108,147,0,0
1756055700_GS.N01R,103500_GS.N01R,GS,0,1756055700,0S 1715  GCS/TSS,1756070180,1756070183,132,0,0
1756055760_5..N01R,103600_5..N01R,5,0,1756055760,05 1716  180/DYR,1756070699,1756070705,671,0,0
1756055760_7..S,103600_7..S,7,1,1756055760,07 1716 MST/34H,1756072388,1756072391,1134,0,0
1756055820_1..N03R,103700_1..N03R,1,0,1756055820,01 1717  SFT/242,1756073819,1756073825,1503,0,0
1756055850_2..N01R,103750_2..N01R,2,0,1756055850,02 1717+ FLA/241,1756076324,1756076330,2171,0,0
1756055880_3..N01R,103800_3..N01R,3,0,1756055880,03 1718  NLT/148,1756074368,1756074371,1649,0,0
1756055880_4..N13X156,103800_4..N13X156,4,0,1756055880,04 1718  GC /WDL,1756073069,1756073075,1303,0,0
1756055880_6..S01X053,103800_6..S01X053,6,1,1756055880,06 1718  PEL/GC,1756073288,1756073291,1361,0,0
1756055910_7..N,103850_7..N,7,0,1756055910,07 1718+ 34H/MST,1756072820,1756072823,1202,0,0
1756055940_5..S01R,103900_5..S01R,5,1,1756055940,05 1719  DYR/180,1756070948,1756070951,737,0,0
1756055940_GS.S01R,103900_GS.S01R,GS,1,1756055940,0S 1719  TSS/GCS,1756070393,1756070396,146,0,0
1756056000_2..S01R,104000_2..S01R,2,1,1756056000,02 1720  241/FLA,1756075934,1756075940,1986,0,0
1756056000_GS.N04R,104000_GS.N04R,GS,0,1756056000,0S 1720  GCS/TSS,1756070453,1756070456,130,0,0
1756056030_1..S03R,104050_1..S03R,1,1,1756056030,01 1720+ 242/SFT,1756073978,1756073981,1464,0,0
1756056030_4..S13X075,104050_4..S13X075,4,1,1756056030,04 1720+ WDL/GC,1756072994,1756073000,1202,0,0
1756056060_7..S,104100_7..S,7,1,1756056060,07 1721 MST/34H,1756072556,1756072559,1101,0,0
1756056180_1..N03R,104300_1..N03R,1,0,1756056180,01 1723  SFT/242,1756073930,1756073933,1451,0,0
1756056210_3..S01R,104350_3..S01R,3,1,1756056210,03 1723+ 148/NLT,1756074470,1756074473,1595,0,0
1756056210_7..N,104350_7..N,7,0,1756056210,07 1723+ 34H/MST,1756073108,1756073114,1190,0,0
1756056240_6..N01X012,104400_6..N01X012,6,0,1756056240,06 1724  GC /PEL,1756073588,1756073591,1360,0,0
1756056240_GS.S04R,104400_GS.S04R,GS,1,1756056240,0S 1724  TSS/GCS,1756070708,1756070711,147,0,0
1756056300_GS.N01R,104500_GS.N01R,GS,0,1756056300,0S 1725  GCS/TSS,1756070783,1756070786,132,0,0
1756056330_2..N01R,104550_2..N01R,2,0,1756056330,02 1725+ FLA/241,1756076489,1756076495,2054,0,0
1756056360_3..N01R,104600_3..N01R,3,0,1756056360,03 1726  NLT/148,1756074896,1756074899,1629,0,0
1756056360_7..S,104600_7..S,7,1,1756056360,07 1726 MST/34H,1756072988,1756072991,1087,0,0
1756056450_1..S03R,104750_1..S03R,1,1,1756056450,01 1727+ 242/SFT,1756074320,1756074323,1475,0,0
1756056480_4..N13X156,104800_4..N13X156,4,0,1756056480,04 1728  GC /WDL,1756073468,1756073471,1248,0,0
1756056480_5..N01R,104800_5..N01R,5,0,1756056480,05 1728  180/DYR,1756071509,1756071515,726,0,0
1756056480_6..S01X053,104800_6..S01X053,6,1,1756056480,06 1728  PEL/GC,1756073858,1756073861,1352,0,0
1756056510_7..N,104850_7..N,7,0,1756056510,07 1728+ 34H/MST,1756073309,1756073315,1173,0,0
1756056540_1..N03R,104900_1..N03R,1,0,1756056540,01 1729  SFT/242,1756074500,1756074503,1523,0,0
1756056540_GS.S01R,104900_GS.S01R,GS,1,1756056540,0S 1729  TSS/GCS,1756070993,1756070996,146,0,0
1756056600_GS.N04R,105000_GS.N04R,GS,0,1756056600,0S 1730  GCS/TSS,1756071053,1756071056,131,0,0
1756056630_4..S13X075,105050_4..S13X075,4,1,1756056630,04 1730+ WDL/GC,1756073624,1756073630,1210,0,0
1756056660_5..S01R,105100_5..S01R,5,1,1756056660,05 1731  DYR/180,1756071749,1756071755,710,0,0
1756056660_7..S,105100_7..S,7,1,1756056660,07 1731 MST/34H,1756073090,1756073093,1097,0,0
1756056720_2..S01R,105200_2..S01R,2,1,1756056720,02 1732  241/FLA,1756076789,1756076795,2054,0,0
1756056810_2..N01R,105350_2..N01R,2,0,1756056810,02 1733+ FLA/241,1756077089,1756077095,2134,0,0
1756056810_3..S01R,105350_3..S01R,3,1,1756056810,03 1733+ 148/NLT,1756074974,1756074980,1570,0,0
1756056810_7..N,105350_7..N,7,0,1756056810,07 1733+ 34H/MST,1756073759,1756073765,1196,0,0
1756056840_6..N01X012,105400_6..N01X012,6,0,1756056840,06 1734  GC /PEL,1756073918,1756073921,1288,0,0
1756056840_GS.S04R,105400_GS.S04R,GS,1,1756056840,0S 1734  TSS/GCS,1756071308,1756071311,148,0,0
1756056870_1..S03R,105450_1..S03R,1,1,1756056870,01 1734+ 242/SFT,1756074896,1756074899,1449,0,0
1756056900_1..N03R,105500_1..N03R,1,0,1756056900,01 1735  SFT/242,1756074698,1756074701,1416,0,0
1756056900_GS.N01R,105500_GS.N01R,GS,0,1756056900,0S 1735  GCS/TSS,1756071398,1756071401,134,0,0
1756056960_7..S,105600_7..S,7,1,1756056960,07 1736 MST/34H,1756073654,1756073660,1168,0,0
1756057080_3..N01R,105800_3..N01R,3,0,1756057080,03 1738  NLT/148,1756075664,1756075670,1674,0,0
1756057080_4..N13X156,105800_4..N13X156,4,0,1756057080,04 1738  GC /WDL,1756073960,1756073963,1219,0,0
1756057080_6..S01X053,105800_6..S01X053,6,1,1756057080,06 1738  PEL/GC,1756074419,1756074425,1342,0,0
1756057110_7..N,105850_7..N,7,0,1756057110,07 1738+ 34H/MST,1756073933,1756073936,1197,0,0
1756057140_GS.S01R,105900_GS.S01R,GS,1,1756057140,0S 1739  TSS/GCS,1756071593,1756071596,147,0,0
1756057200_5..N01R,106000_5..N01R,5,0,1756057200,05 1740  180/DYR,1756072178,1756072181,663,0,0
1756057200_GS.N04R,106000_GS.N04R,GS,0,1756057200,0S 1740  GCS/TSS,1756071653,1756071656,131,0,0
1756057230_4..S13X075,106050_4..S13X075,4,1,1756057230,04 1740+ WDL/GC,1756074230,1756074233,1210,0,0
1756057260_1..N03R,106100_1..N03R,1,0,1756057260,01 1741  SFT/242,1756075256,1756075259,1484,0,0
1756057260_7..S,106100_7..S,7,1,1756057260,07 1741 MST/34H,1756073753,1756073756,1108,0,0
1756057290_1..S03R,106150_1..S03R,1,1,1756057290,01 1741+ 242/SFT,1756075286,1756075289,1448,0,0
1756057290_2..N01R,106150_2..N01R,2,0,1756057290,02 1741+ FLA/241,1756077788,1756077791,2160,0,0
1756057350_2..S01R,106250_2..S01R,2,1,1756057350,02 1742+ 241/FLA,1756077104,1756077110,1977,0,0
1756057380_5..S01R,106300_5..S01R,5,1,1756057380,05 1743  DYR/180,1756072469,1756072475,741,0,0
1756057410_3..S01R,106350_3..S01R,3,1,1756057410,03 1743+ 148/NLT,1756075859,1756075865,1645,0,0
1756057410_7..N,106350_7..N,7,0,1756057410,07 1743+ 34H/MST,1756074056,1756074059,1155,0,0
1756057440_6..N01X012,106400_6..N01X012,6,0,1756057440,06 1744  GC /PEL,1756074560,1756074563,1298,0,0
1756057440_GS.S04R,106400_GS.S04R,GS,1,1756057440,0S 1744  TSS/GCS,1756071908,1756071911,147,0,0
1756057500_GS.N01R,106500_GS.N01R,GS,0,1756057500,0S 1745  GCS/TSS,1756071983,1756071986,133,0,0
1756057560_7..S,106600_7..S,7,1,1756057560,07 1746 MST/34H,1756073975,1756073978,1070,0,0
1756057680_1..N03R,106800_1..N03R,1,0,1756057680,01 1748  SFT/242,1756075508,1756075511,1471,0,0
1756057680_3..N01R,106800_3..N01R,3,0,1756057680,03 1748  NLT/148,1756076234,1756076240,1665,0,0
1756057680_4..N13X156,106800_4..N13X156,4,0,1756057680,04 1748  GC /WDL,1756074710,1756074713,1258,0,0
1756057680_6..S01X053,106800_6..S01X053,6,1,1756057680,06 1748  PEL/GC,1756075046,1756075049,1348,0,0
1756057710_7..N,106850_7..N,7,0,1756057710,07 1748+ 34H/MST,1756074344,1756074350,1094,0,0
1756057740_GS.S01R,106900_GS.S01R,GS,1,1756057740,0S 1749  TSS/GCS,1756072193,1756072196,147,0,0
1756057770_1..S03R,106950_1..S03R,1,1,1756057770,01 1749+ 242/SFT,1756075679,1756075685,1436,0,0
1756057770_2..N01R,106950_2..N01R,2,0,1756057770,02 1749+ FLA/241,1756078208,1756078211,2112,0,0
1756057800_GS.N04R,107000_GS.N04R,GS,0,1756057800,0S 1750  GCS/TSS,1756072253,1756072256,131,0,0
1756057830_4..S13X075,107050_4..S13X075,4,1,1756057830,04 1750+ WDL/GC,1756074698,1756074701,1174,0,0
1756057860_7..S,107100_7..S,7,1,1756057860,07 1751 MST/34H,1756074539,1756074545,1146,0,0
1756057890_3..S01R,107150_3..S01R,3,1,1756057890,03 1751+ 148/NLT,1756076459,1756076465,1644,0,0
1756057920_5..N01R,107200_5..N01R,5,0,1756057920,05 1752  180/DYR,1756072859,1756072865,684,0,0
1756058010_7..N,107350_7..N,7,0,1756058010,07 1753+ 34H/MST,1756074884,1756074890,1202,0,0
1756058040_6..N01X012,107400_6..N01X012,6,0,1756058040,06 1754  GC /PEL,1756075514,1756075520,1392,0,0
1756058040_GS.S04R,107400_GS.S04R,GS,1,1756058040,0S 1754  TSS/GCS,1756072508,1756072511,148,0,0
1756058070_2..S01R,107450_2..S01R,2,1,1756058070,02 1754+ 241/FLA,1756077926,1756077930,1956,0,0
1756058100_1..N03R,107500_1..N03R,1,0,1756058100,01 1755  SFT/242,1756075904,1756075910,1416,0,0
1756058100_5..S01R,107500_5..S01R,5,1,1756058100,05 1755  DYR/180,1756073234,1756073240,704,0,0
1756058100_GS.N01R,107500_GS.N01R,GS,0,1756058100,0S 1755  GCS/TSS,1756072583,1756072586,133,0,0
1756058160_7..S,107600_7..S,7,1,1756058160,07 1756 MST/34H,1756074704,1756074710,1085,0,0
1756058250_1..S03R,107750_1..S03R,1,1,1756058250,01 1757+ 242/SFT,1756076129,1756076135,1476,0,0
1756058250_2..N01R,107750_2..N01R,2,0,1756058250,02 1757+ FLA/241,1756078556,1756078560,2125,0,0
1756058280_3..N01R,107800_3..N01R,3,0,1756058280,03 1758  NLT/148,1756076849,1756076855,1668,0,0
1756058280_4..N13X156,107800_4..N13X156,4,0,1756058280,04 1758  GC /WDL,1756075454,1756075460,1296,0,0
1756058280_6..S01X053,107800_6..S01X053,6,1,1756058280,06 1758  PEL/GC,1756075529,1756075535,1316,0,0
1756058310_7..N,107850_7..N,7,0,1756058310,07 1758+ 34H/MST,1756075094,1756075100,1189,0,0
1756058340_GS.S01R,107900_GS.S01R,GS,1,1756058340,0S 1759  TSS/GCS,1756072808,1756072811,148,0,0
1756058400_GS.N04R,108000_GS.N04R,GS,0,1756058400,0S 1800  GCS/TSS,1756072868,1756072871,132,0,0
1756058430_4..S13X075,108050_4..S13X075,4,1,1756058430,04 1800+ WDL/GC,1756075286,1756075289,1171,0,0
1756058460_7..S,108100_7..S,7,1,1756058460,07 1801 MST/34H,1756075094,1756075100,1083,0,0
1756058520_1..N03R,108200_1..N03R,1,0,1756058520,01 1802  SFT/242,1756076579,1756076585,1516,0,0
1756058610_7..N,108350_7..N,7,0,1756058610,07 1803+ 34H/MST,1756075271,1756075274,1130,0,0
1756058640_5..N01R,108400_5..N01R,5,0,1756058640,05 1804  180/DYR,1756073639,1756073645,732,0,0
1756058640_6..N01X012,108400_6..N01X012,6,0,1756058640,06 1804  GC /PEL,1756075808,1756075811,1310,0,0
1756058640_GS.S04R,108400_GS.S04R,GS,1,1756058640,0S 1804  TSS/GCS,1756073108,1756073114,148,0,0
1756058670_3..S01R,108450_3..S01R,3,1,1756058670,03 1804+ 148/NLT,1756077248,1756077251,1614,0,0
1756058700_GS.N01R,108500_GS.N01R,GS,0,1756058700,0S 1805  GCS/TSS,1756073183,1756073186,133,0,0
1756058730_1..S03R,108550_1..S03R,1,1,1756058730,01 1805+ 242/SFT,1756076621,1756076624,1447,0,0
1756058730_2..N01R,108550_2..N01R,2,0,1756058730,02 1805+ FLA/241,1756078995,1756079000,2082,0,0
1756058760_3..N01R,108600_3..N01R,3,0,1756058760,03 1806  NLT/148,1756077338,1756077341,1638,0,0
1756058760_7..S,108600_7..S,7,1,1756058760,07 1806 MST/34H,1756075364,1756075370,1136,0,0
1756058820_2..S01R,108700_2..S01R,2,1,1756058820,02 1807  241/FLA,1756078856,1756078860,2045,0,0
1756058880_4..N13X156,108800_4..N13X156,4,0,1756058880,04 1808  GC /WDL,1756075829,1756075835,1236,0,0
1756058880_5..S01R,108800_5..S01R,5,1,1756058880,05 1808  DYR/180,1756074008,1756074011,750,0,0
1756058880_6..S01X053,108800_6..S01X053,6,1,1756058880,06 1808  PEL/GC,1756076459,1756076465,1404,0,0
1756058910_7..N,108850_7..N,7,0,1756058910,07 1808+ 34H/MST,1756075466,1756075469,1107,0,0
1756058940_1..N03R,108900_1..N03R,1,0,1756058940,01 1809  SFT/242,1756076774,1756076780,1487,0,0
1756058940_GS.S01R,108900_GS.S01R,GS,1,1756058940,0S 1809  TSS/GCS,1756073408,1756073411,148,0,0
1756059000_GS.N04R,109000_GS.N04R,GS,0,1756059000,0S 1810  GCS/TSS,1756073453,1756073456,131,0,0
1756059030_4..S13X075,109050_4..S13X075,4,1,1756059030,04 1810+ WDL/GC,1756076279,1756076285,1276,0,0
1756059060_7..S,109100_7..S,7,1,1756059060,07 1811 MST/34H,1756075814,1756075820,1175,0,0
1756059180_3..S01R,109300_3..S01R,3,1,1756059180,03 1813  148/NLT,1756077555,1756077560,1616,0,0
1756059210_1..S03R,109350_1..S03R,1,1,1756059210,01 1813+ 242/SFT,1756077104,1756077110,1496,0,0
1756059210_2..N01R,109350_2..N01R,2,0,1756059210,02 1813+ FLA/241,1756079366,1756079370,2101,0,0
1756059210_7..N,109350_7..N,7,0,1756059210,07 1813+ 34H/MST,1756076024,1756076030,1159,0,0
1756059240_6..N01X012,109400_6..N01X012,6,0,1756059240,06 1814  GC /PEL,1756076444,1756076450,1320,0,0
1756059240_GS.S04R,109400_GS.S04R,GS,1,1756059240,0S 1814  TSS/GCS,1756073723,1756073726,149,0,0
1756059300_GS.N01R,109500_GS.N01R,GS,0,1756059300,0S 1815  GCS/TSS,1756073783,1756073786,133,0,0
1756059360_1..N03R,109600_1..N03R,1,0,1756059360,01 1816  SFT/242,1756077194,1756077200,1440,0,0
1756059360_5..N01R,109600_5..N01R,5,0,1756059360,05 1816  180/DYR,1756074410,1756074413,697,0,0
1756059360_7..S,109600_7..S,7,1,1756059360,07 1816 MST/34H,1756075970,1756075973,1144,0,0
1756059480_3..N01R,109800_3..N01R,3,0,1756059480,03 1818  NLT/148,1756078136,1756078140,1692,0,0
1756059480_4..N13X156,109800_4..N13X156,4,0,1756059480,04 1818  GC /WDL,1756076474,1756076480,1248,0,0
1756059510_7..N,109850_7..N,7,0,1756059510,07 1818+ 34H/MST,1756076105,1756076108,1143,0,0
1756059540_2..S01R,109900_2..S01R,2,1,1756059540,02 1819  241/FLA,1756079528,1756079531,2065,0,0
1756059540_GS.S01R,109900_GS.S01R,GS,1,1756059540,0S 1819  TSS/GCS,1756073966,1756073969,145,0,0
1756059600_6..S01X053,110000_6..S01X053,6,1,1756059600,06 1820  PEL/GC,1756077044,1756077050,1320,0,0
1756059600_GS.N04R,110000_GS.N04R,GS,0,1756059600,0S 1820  GCS/TSS,1756074071,1756074074,129,0,0
1756059660_5..S01R,110100_5..S01R,5,1,1756059660,05 1821  DYR/180,1756074848,1756074851,734,0,0
1756059660_7..S,110100_7..S,7,1,1756059660,07 1821 MST/34H,1756076429,1756076435,1176,0,0
1756059690_1..S03R,110150_1..S03R,1,1,1756059690,01 1821+ 242/SFT,1756077548,1756077551,1454,0,0
1756059690_2..N01R,110150_2..N01R,2,0,1756059690,02 1821+ FLA/241,1756079708,1756079711,2034,0,0
1756059750_3..S01R,110250_3..S01R,3,1,1756059750,03 1822+ 148/NLT,1756077776,1756077780,1516,0,0
1756059750_4..S13X075,110250_4..S13X075,4,1,1756059750,04 1822+ WDL/GC,1756076849,1756076855,1268,0,0
1756059780_1..N03R,110300_1..N03R,1,0,1756059780,01 1823  SFT/242,1756077608,1756077611,1471,0,0
1756059810_7..N,110350_7..N,7,0,1756059810,07 1823+ 34H/MST,1756076675,1756076678,1195,0,0
1756059840_6..N01X012,110400_6..N01X012,6,0,1756059840,06 1824  GC /PEL,1756076888,1756076891,1278,0,0
1756059840_GS.S04R,110400_GS.S04R,GS,1,1756059840,0S 1824  TSS/GCS,1756074281,1756074284,140,0,0
1756059900_GS.N01R,110500_GS.N01R,GS,0,1756059900,0S 1825  GCS/TSS,1756074431,1756074434,127,0,0
1756059960_7..S,110600_7..S,7,1,1756059960,07 1826 MST/34H,1756076489,1756076495,1094,0,0
1756060080_3..N01R,110800_3..N01R,3,0,1756060080,03 1828  NLT/148,1756078605,1756078610,1658,0,0
1756060080_4..N13X156,110800_4..N13X156,4,0,1756060080,04 1828  GC /WDL,1756077059,1756077065,1244,0,0
1756060080_5..N01R,110800_5..N01R,5,0,1756060080,05 1828  180/DYR,1756075154,1756075160,736,0,0
1756060110_7..N,110850_7..N,7,0,1756060110,07 1828+ 34H/MST,1756076924,1756076930,1171,0,0
1756060140_GS.S01R,110900_GS.S01R,GS,1,1756060140,0S 1829  TSS/GCS,1756074611,1756074614,135,0,0
1756060170_1..S03R,110950_1..S03R,1,1,1756060170,01 1829+ 242/SFT,1756078058,1756078061,1432,0,0
1756060200_1..N03R,111000_1..N03R,1,0,1756060200,01 1830  SFT/242,1756078196,1756078200,1469,0,0
1756060200_2..N01R,111000_2..N01R,2,0,1756060200,02 1830  FLA/241,1756079996,1756080000,1951,0,0
1756060200_GS.N04R,111000_GS.N04R,GS,0,1756060200,0S 1830  GCS/TSS,1756074656,1756074659,117,0,0
1756060260_2..S01R,111100_2..S01R,2,1,1756060260,02 1831  241/FLA,1756080158,1756080161,1994,0,0
1756060260_3..S01R,111100_3..S01R,3,1,1756060260,03 1831  148/NLT,1756078485,1756078490,1546,0,0
1756060260_7..S,111100_7..S,7,1,1756060260,07 1831 MST/34H,1756076996,1756076999,1113,0,0
1756060320_6..S01X053,111200_6..S01X053,6,1,1756060320,06 1832  PEL/GC,1756077825,1756077830,1369,0,0
1756060380_5..S01R,111300_5..S01R,5,1,1756060380,05 1833  DYR/180,1756075514,1756075520,752,0,0
1756060410_7..N,111350_7..N,7,0,1756060410,07 1833+ 34H/MST,1756077020,1756077023,1120,0,0
1756060440_6..N01X012,111400_6..N01X012,6,0,1756060440,06 1834  GC /PEL,1756077536,1756077540,1290,0,0
1756060440_GS.S04R,111400_GS.S04R,GS,1,1756060440,0S 1834  TSS/GCS,1756074911,1756074914,129,0,0
1756060470_4..S13X075,111450_4..S13X075,4,1,1756060470,04 1834+ WDL/GC,1756077494,1756077500,1200,0,0
1756060500_GS.N01R,111500_GS.N01R,GS,0,1756060500,0S 1835  GCS/TSS,1756074971,1756074974,112,0,0
1756060560_7..S,111600_7..S,7,1,1756060560,07 1836 MST/34H,1756077188,1756077191,1120,0,0
1756060620_1..N03R,111700_1..N03R,1,0,1756060620,01 1837  SFT/242,1756078598,1756078601,1496,0,0
1756060650_1..S03R,111750_1..S03R,1,1,1756060650,01 1837+ 242/SFT,1756078676,1756078680,1517,0,0
1756060680_4..N13X156,111800_4..N13X156,4,0,1756060680,04 1838  GC /WDL,1756077488,1756077491,1198,0,0
1756060710_7..N,111850_7..N,7,0,1756060710,07 1838+ 34H/MST,1756077540,1756077545,1187,0,0
1756060740_3..N01R,111900_3..N01R,3,0,1756060740,03 1839  NLT/148,1756079235,1756079240,1666,0,0
1756060740_GS.S01R,111900_GS.S01R,GS,1,1756060740,0S 1839  TSS/GCS,1756075181,1756075184,125,0,0
1756060800_5..N01R,112000_5..N01R,5,0,1756060800,05 1840  180/DYR,1756075904,1756075910,696,0,0
1756060800_GS.N04R,112000_GS.N04R,GS,0,1756060800,0S 1840  GCS/TSS,1756075271,1756075274,110,0,0
1756060860_7..S,112100_7..S,7,1,1756060860,07 1841 MST/34H,1756077410,1756077413,1093,0,0
1756060950_2..N01R,112250_2..N01R,2,0,1756060950,02 1842+ FLA/241,1756080975,1756080980,2052,0,0
1756060980_2..S01R,112300_2..S01R,2,1,1756060980,02 1843  241/FLA,1756080668,1756080671,1970,0,0
1756061010_3..S01R,112350_3..S01R,3,1,1756061010,03 1843+ 148/NLT,1756079246,1756079250,1589,0,0
1756061010_7..N,112350_7..N,7,0,1756061010,07 1843+ 34H/MST,1756077650,1756077653,1158,0,0
1756061040_6..N01X012,112400_6..N01X012,6,0,1756061040,06 1844  GC /PEL,1756078185,1756078190,1306,0,0
1756061040_6..S01X053,112400_6..S01X053,6,1,1756061040,06 1844  PEL/GC,1756078425,1756078430,1350,0,0
1756061040_GS.S04R,112400_GS.S04R,GS,1,1756061040,0S 1844  TSS/GCS,1756075511,1756075514,124,0,0
1756061100_1..N03R,112500_1..N03R,1,0,1756061100,01 1845  SFT/242,1756079036,1756079040,1453,0,0
1756061100_5..S01R,112500_5..S01R,5,1,1756061100,05 1845  DYR/180,1756076189,1756076195,692,0,0
1756061100_GS.N01R,112500_GS.N01R,GS,0,1756061100,0S 1845  GCS/TSS,1756075586,1756075589,108,0,0
1756061130_1..S03R,112550_1..S03R,1,1,1756061130,01 1845+ 242/SFT,1756079018,1756079021,1448,0,0
1756061160_7..S,112600_7..S,7,1,1756061160,07 1846 MST/34H,1756077626,1756077630,1072,0,0
1756061190_4..S13X075,112650_4..S13X075,4,1,1756061190,04 1846+ WDL/GC,1756078208,1756078211,1232,0,0
1756061220_3..N01R,112700_3..N01R,3,0,1756061220,03 1847  NLT/148,1756079745,1756079750,1644,0,0
1756061280_4..N13X156,112800_4..N13X156,4,0,1756061280,04 1848  GC /WDL,1756078106,1756078110,1205,0,0
1756061310_7..N,112850_7..N,7,0,1756061310,07 1848+ 34H/MST,1756077905,1756077908,1146,0,0
1756061340_GS.S01R,112900_GS.S01R,GS,1,1756061340,0S 1849  TSS/GCS,1756075796,1756075799,122,0,0
1756061400_GS.N04R,113000_GS.N04R,GS,0,1756061400,0S 1850  GCS/TSS,1756075886,1756075889,107,0,0
1756061460_7..S,113100_7..S,7,1,1756061460,07 1851 MST/34H,1756077980,1756077983,1127,0,0
1756061520_5..N01R,113200_5..N01R,5,0,1756061520,05 1852  180/DYR,1756076579,1756076585,716,0,0
1756061580_1..N03R,113300_1..N03R,1,0,1756061580,01 1853  SFT/242,1756079558,1756079561,1513,0,0
1756061580_3..S01R,113300_3..S01R,3,1,1756061580,03 1853  148/NLT,1756079985,1756079990,1628,0,0
1756061610_1..S03R,113350_1..S03R,1,1,1756061610,01 1853+ 242/SFT,1756079528,1756079531,1505,0,0
1756061610_7..N,113350_7..N,7,0,1756061610,07 1853+ 34H/MST,1756078310,1756078313,1169,0,0
1756061640_6..N01X012,113400_6..N01X012,6,0,1756061640,06 1854  GC /PEL,1756078748,1756078751,1296,0,0
1756061640_GS.S04R,113400_GS.S04R,GS,1,1756061640,0S 1854  TSS/GCS,1756076141,1756076144,124,0,0
1756061670_2..N01R,113450_2..N01R,2,0,1756061670,02 1854+ FLA/241,1756081568,1756081571,1970,0,0
1756061700_GS.N01R,113500_GS.N01R,GS,0,1756061700,0S 1855  GCS/TSS,1756076156,1756076159,110,0,0
1756061760_6..S01X053,113600_6..S01X053,6,1,1756061760,06 1856  PEL/GC,1756079351,1756079355,1377,0,0
1756061760_7..S,113600_7..S,7,1,1756061760,07 1856 MST/34H,1756078256,1756078260,1045,0,0
1756061820_2..S01R,113700_2..S01R,2,1,1756061820,02 1857  241/FLA,1756081679,1756081685,2000,0,0
1756061820_5..S01R,113700_5..S01R,5,1,1756061820,05 1857  DYR/180,1756076954,1756076960,736,0,0
1756061880_3..N01R,113800_3..N01R,3,0,1756061880,03 1858  NLT/148,1756080386,1756080390,1655,0,0
1756061880_4..N13X156,113800_4..N13X156,4,0,1756061880,04 1858  GC /WDL,1756079186,1756079190,1333,0,0
1756061910_4..S13X075,113850_4..S13X075,4,1,1756061910,04 1858+ WDL/GC,1756079145,1756079150,1322,0,0
1756061910_7..N,113850_7..N,7,0,1756061910,07 1858+ 34H/MST,1756078770,1756078775,1182,0,0
1756061940_GS.S01R,113900_GS.S01R,GS,1,1756061940,0S 1859  TSS/GCS,1756076411,1756076414,125,0,0
1756062000_GS.N04R,114000_GS.N04R,GS,0,1756062000,0S 1900  GCS/TSS,1756076456,1756076459,111,0,0
1756062060_1..N03R,114100_1..N03R,1,0,1756062060,01 1901  SFT/242,1756079996,1756080000,1471,0,0
1756062060_7..S,114100_7..S,7,1,1756062060,07 1901 MST/34H,1756078575,1756078580,1078,0,0
1756062090_1..S03R,114150_1..S03R,1,1,1756062090,01 1901+ 242/SFT,1756080030,1756080035,1480,0,0
1756062180_3..S01R,114300_3..S01R,3,1,1756062180,03 1903  148/NLT,1756080765,1756080770,1676,0,0
1756062210_7..N,114350_7..N,7,0,1756062210,07 1903+ 34H/MST,1756078898,1756078901,1164,0,0
1756062240_5..N01R,114400_5..N01R,5,0,1756062240,05 1904  180/DYR,1756077464,1756077470,792,0,0
1756062240_6..N01X012,114400_6..N01X012,6,0,1756062240,06 1904  GC /PEL,1756079528,1756079531,1345,0,0
1756062240_GS.S04R,114400_GS.S04R,GS,1,1756062240,0S 1904  TSS/GCS,1756076711,1756076708,124,0,0
1756062300_GS.N01R,114500_GS.N01R,GS,0,1756062300,0S 1905  GCS/TSS,1756076771,1756076774,115,0,0
1756062360_7..S,114600_7..S,7,1,1756062360,07 1906 MST/34H,1756078790,1756078793,1091,0,0
1756062390_2..N01R,114650_2..N01R,2,0,1756062390,02 1906+ FLA/241,1756082519,1756082525,2064,0,0
1756062480_3..N01R,114800_3..N01R,3,0,1756062480,03 1908  NLT/148,1756081005,1756081010,1660,0,0
1756062480_6..S01X053,114800_6..S01X053,6,1,1756062480,06 1908  PEL/GC,1756079805,1756079810,1340,0,0
1756062510_7..N,114850_7..N,7,0,1756062510,07 1908+ 34H/MST,1756079265,1756079270,1170,0,0
1756062540_1..N03R,114900_1..N03R,1,0,1756062540,01 1909  SFT/242,1756080476,1756080480,1519,0,0
1756062540_2..S01R,114900_2..S01R,2,1,1756062540,02 1909  241/FLA,1756082318,1756082321,2010,0,0
1756062540_5..S01R,114900_5..S01R,5,1,1756062540,05 1909  DYR/180,1756077656,1756077660,764,0,0
1756062540_GS.S01R,114900_GS.S01R,GS,1,1756062540,0S 1909  TSS/GCS,1756076981,1756076984,128,0,0
1756062570_1..S03R,114950_1..S03R,1,1,1756062570,01 1909+ 242/SFT,1756080446,1756080450,1431,0,0
1756062600_4..N13X156,115000_4..N13X156,4,0,1756062600,04 1910  GC /WDL,1756077314,1756077320,592,0,0
1756062600_GS.N04R,115000_GS.N04R,GS,0,1756062600,0S 1910  GCS/TSS,1756077071,1756077074,115,0,0
1756062630_4..S13X075,115050_4..S13X075,4,1,1756062630,04 1910+ WDL/GC,1756079636,1756079640,1214,0,0
1756062660_7..S,115100_7..S,7,1,1756062660,07 1911 MST/34H,1756079295,1756079300,1122,0,0
1756062690_3..S01R,115150_3..S01R,3,1,1756062690,03 1911+ 148/NLT,1756080878,1756080881,1546,0,0
1756062810_7..N,115350_7..N,7,0,1756062810,07 1913+ 34H/MST,1756079588,1756079591,1154,0,0
1756062840_GS.S04R,115400_GS.S04R,GS,1,1756062840,0S 1914  TSS/GCS,1756077296,1756077299,125,0,0
1756062900_GS.N01R,115500_GS.N01R,GS,0,1756062900,0S 1915  GCS/TSS,1756077371,1756077374,111,0,0
1756062960_5..N01R,115600_5..N01R,5,0,1756062960,05 1916  180/DYR,1756078095,1756078100,722,0,0
1756062960_6..N01X012,115600_6..N01X012,6,0,1756062960,06 1916  GC /PEL,1756080375,1756080380,1332,0,0
1756062960_7..S,115600_7..S,7,1,1756062960,07 1916 MST/34H,1756079505,1756079510,1132,0,0
1756063020_1..N03R,115700_1..N03R,1,0,1756063020,01 1917  SFT/242,1756080926,1756080930,1479,0,0
1756063050_1..S03R,115750_1..S03R,1,1,1756063050,01 1917+ 242/SFT,1756080945,1756080950,1484,0,0
1756063080_3..N01R,115800_3..N01R,3,0,1756063080,03 1918  NLT/148,1756081589,1756081595,1656,0,0
1756063110_2..N01R,115850_2..N01R,2,0,1756063110,02 1918+ FLA/241,1756082990,1756082993,2029,0,0
1756063110_7..N,115850_7..N,7,0,1756063110,07 1918+ 34H/MST,1756079940,1756079945,1197,0,0
1756063140_GS.S01R,115900_GS.S01R,GS,1,1756063140,0S 1919  TSS/GCS,1756077585,1756077590,122,0,0
1756063200_6..S01X053,116000_6..S01X053,6,1,1756063200,06 1920  PEL/GC,1756080488,1756080491,1282,0,0
1756063200_GS.N04R,116000_GS.N04R,GS,0,1756063200,0S 1920  GCS/TSS,1756077675,1756077680,110,0,0
1756063260_2..S01R,116100_2..S01R,2,1,1756063260,02 1921  241/FLA,1756083418,1756083421,2062,0,0
1756063260_5..S01R,116100_5..S01R,5,1,1756063260,05 1921  DYR/180,1756078388,1756078391,720,0,0
1756063260_7..S,116100_7..S,7,1,1756063260,07 1921 MST/34H,1756079903,1756079906,1107,0,0
1756063320_4..N13X156,116200_4..N13X156,4,0,1756063320,04 1922  GC /WDL,1756080135,1756080140,1188,0,0
1756063350_4..S13X075,116250_4..S13X075,4,1,1756063350,04 1922+ WDL/GC,1756080165,1756080170,1196,0,0
1756063410_3..S01R,116350_3..S01R,3,1,1756063410,03 1923+ 148/NLT,1756081649,1756081655,1592,0,0
1756063410_7..N,116350_7..N,7,0,1756063410,07 1923+ 34H/MST,1756080158,1756080161,1175,0,0
1756063440_GS.S04R,116400_GS.S04R,GS,1,1756063440,0S 1924  TSS/GCS,1756077975,1756077980,130,0,0
1756063500_1..N03R,116500_1..N03R,1,0,1756063500,01 1925  SFT/242,1756081409,1756081415,1448,0,0
1756063500_GS.N01R,116500_GS.N01R,GS,0,1756063500,0S 1925  GCS/TSS,1756077960,1756077965,110,0,0
1756063530_1..S03R,116550_1..S03R,1,1,1756063530,01 1925+ 242/SFT,1756081424,1756081430,1452,0,0
1756063560_7..S,116600_7..S,7,1,1756063560,07 1926 MST/34H,1756080056,1756080060,1094,0,0
1756063680_3..N01R,116800_3..N01R,3,0,1756063680,03 1928  NLT/148,1756082099,1756082105,1632,0,0
1756063680_5..N01R,116800_5..N01R,5,0,1756063680,05 1928  180/DYR,1756078766,1756078770,741,0,0
1756063680_6..N01X012,116800_6..N01X012,6,0,1756063680,06 1928  GC /PEL,1756080840,1756080845,1296,0,0
1756063710_7..N,116850_7..N,7,0,1756063710,07 1928+ 34H/MST,1756080338,1756080345,1154,0,0
1756063740_GS.S01R,116900_GS.S01R,GS,1,1756063740,0S 1929  TSS/GCS,1756078230,1756078235,128,0,0
1756063800_GS.N04R,117000_GS.N04R,GS,0,1756063800,0S 1930  GCS/TSS,1756078290,1756078295,112,0,0
1756063860_7..S,117100_7..S,7,1,1756063860,07 1931 MST/34H,1756080335,1756080341,1052,0,0
1756063890_2..N01R,117150_2..N01R,2,0,1756063890,02 1931+ FLA/241,1756083658,1756083661,1966,0,0
1756063920_6..S01X053,117200_6..S01X053,6,1,1756063920,06 1932  PEL/GC,1756081139,1756081145,1296,0,0
1756063980_1..N03R,117300_1..N03R,1,0,1756063980,01 1933  SFT/242,1756081934,1756081940,1508,0,0
1756063980_2..S01R,117300_2..S01R,2,1,1756063980,02 1933  241/FLA,1756084291,1756084294,2135,0,0
1756063980_3..S01R,117300_3..S01R,3,1,1756063980,03 1933  148/NLT,1756082219,1756082225,1584,0,0
1756063980_5..S01R,117300_5..S01R,5,1,1756063980,05 1933  DYR/180,1756079108,1756079111,752,0,0
1756064010_1..S03R,117350_1..S03R,1,1,1756064010,01 1933+ 242/SFT,1756081898,1756081901,1498,0,0
1756064010_7..N,117350_7..N,7,0,1756064010,07 1933+ 34H/MST,1756080570,1756080575,1115,0,0
1756064040_4..N13X156,117400_4..N13X156,4,0,1756064040,04 1934  GC /WDL,1756081035,1756081040,1268,0,0
1756064040_GS.S04R,117400_GS.S04R,GS,1,1756064040,0S 1934  TSS/GCS,1756078515,1756078520,127,0,0
1756064070_4..S13X075,117450_4..S13X075,4,1,1756064070,04 1934+ WDL/GC,1756080945,1756080950,1164,0,0
1756064160_7..S,117600_7..S,7,1,1756064160,07 1936 MST/34H,1756080731,1756080735,1134,0,0
1756064310_7..N,117850_7..N,7,0,1756064310,07 1938+ 34H/MST,1756080986,1756080990,1154,0,0
1756064340_3..N01R,117900_3..N01R,3,0,1756064340,03 1939  NLT/148,1756082888,1756082891,1682,0,0
1756064400_5..N01R,118000_5..N01R,5,0,1756064400,05 1940  180/DYR,1756079459,1756079460,686,0,0
1756064400_6..N01X012,118000_6..N01X012,6,0,1756064400,06 1940  GC /PEL,1756081664,1756081670,1276,0,0
1756064400_GS.N01R,118000_GS.N01R,GS,0,1756064400,0S 1940  GCS/TSS,1756078875,1756078880,120,0,0
1756064460_1..N03R,118100_1..N03R,1,0,1756064460,01 1941  SFT/242,1756082228,1756082231,1426,0,0
1756064490_1..S03R,118150_1..S03R,1,1,1756064490,01 1941+ 242/SFT,1756082378,1756082381,1466,0,0
1756064520_7..S,118200_7..S,7,1,1756064520,07 1942 MST/34H,1756080990,1756080995,1088,0,0
1756064610_2..N01R,118350_2..N01R,2,0,1756064610,02 1943+ FLA/241,1756084591,1756084594,2055,0,0
1756064610_3..S01R,118350_3..S01R,3,1,1756064610,03 1943+ 148/NLT,1756082834,1756082840,1588,0,0
1756064610_7..N,118350_7..N,7,0,1756064610,07 1943+ 34H/MST,1756081229,1756081235,1152,0,0
1756064640_6..S01X053,118400_6..S01X053,6,1,1756064640,06 1944  PEL/GC,1756081979,1756081985,1360,0,0
1756064640_GS.S01R,118400_GS.S01R,GS,1,1756064640,0S 1944  TSS/GCS,1756079115,1756079120,136,0,0
1756064700_2..S01R,118500_2..S01R,2,1,1756064700,02 1945  241/FLA,1756084831,1756084834,2045,0,0
1756064700_5..S01R,118500_5..S01R,5,1,1756064700,05 1945  DYR/180,1756079738,1756079741,682,0,0
1756064760_4..N13X156,118600_4..N13X156,4,0,1756064760,04 1946  GC /WDL,1756081748,1756081751,1218,0,0
1756064790_4..S13X075,118650_4..S13X075,4,1,1756064790,04 1946+ WDL/GC,1756081829,1756081835,1240,0,0
1756064820_3..N01R,118700_3..N01R,3,0,1756064820,03 1947  NLT/148,1756083274,1756083280,1624,0,0
1756064880_7..S,118800_7..S,7,1,1756064880,07 1948 MST/34H,1756081376,1756081379,1121,0,0
1756064940_1..N03R,118900_1..N03R,1,0,1756064940,01 1949  SFT/242,1756082699,1756082705,1472,0,0
1756064970_1..S03R,118950_1..S03R,1,1,1756064970,01 1949+ 242/SFT,1756082879,1756082885,1440,0,0
1756064970_7..N,118950_7..N,7,0,1756064970,07 1949+ 34H/MST,1756081679,1756081685,1143,0,0
1756065000_GS.N01R,119000_GS.N01R,GS,0,1756065000,0S 1950  GCS/TSS,1756079475,1756079480,132,0,0
1756065120_3..S01R,119200_3..S01R,3,1,1756065120,03 1952  148/NLT,1756083604,1756083610,1632,0,0
1756065120_5..N01R,119200_5..N01R,5,0,1756065120,05 1952  180/DYR,1756080206,1756080210,727,0,0
1756065120_6..N01X012,119200_6..N01X012,6,0,1756065120,06 1952  GC /PEL,1756082309,1756082315,1288,0,0
1756065240_GS.S01R,119400_GS.S01R,GS,1,1756065240,0S 1954  TSS/GCS,1756079760,1756079765,151,0,0
1756065270_7..S,119450_7..S,7,1,1756065270,07 1954+ MST/34H,1756081784,1756081790,1112,0,0
1756065330_2..N01R,119550_2..N01R,2,0,1756065330,02 1955+ FLA/241,1756085293,1756085296,2035,0,0
1756065330_7..N,119550_7..N,7,0,1756065330,07 1955+ 34H/MST,1756081850,1756081853,1123,0,0
1756065360_6..S01X053,119600_6..S01X053,6,1,1756065360,06 1956  PEL/GC,1756083778,1756083781,1597,0,0
1756065420_1..N03R,119700_1..N03R,1,0,1756065420,01 1957  SFT/242,1756083448,1756083451,1509,0,0
1756065420_2..S01R,119700_2..S01R,2,1,1756065420,02 1957  241/FLA,1756085284,1756085286,2032,0,0
1756065420_5..S01R,119700_5..S01R,5,1,1756065420,05 1957  DYR/180,1756080728,1756080731,785,0,0
1756065450_1..S03R,119750_1..S03R,1,1,1756065450,01 1957+ 242/SFT,1756083439,1756083445,1507,0,0
1756065480_3..N01R,119800_3..N01R,3,0,1756065480,03 1958  NLT/148,1756083829,1756083835,1611,0,0
1756065480_4..N13X156,119800_4..N13X156,4,0,1756065480,04 1958  GC /WDL,1756082354,1756082360,1219,0,0
1756065510_4..S13X075,119850_4..S13X075,4,1,1756065510,04 1958+ WDL/GC,1756082729,1756082735,1319,0,0
1756065600_GS.N01R,120000_GS.N01R,GS,0,1756065600,0S 2000  GCS/TSS,1756080060,1756080065,131,0,0
1756065630_7..S,120050_7..S,7,1,1756065630,07 2000+ MST/34H,1756082264,1756082270,1145,0,0
1756065690_7..N,120150_7..N,7,0,1756065690,07 2001+ 34H/MST,1756082378,1756082381,1101,0,0
1756065780_3..S01R,120300_3..S01R,3,1,1756065780,03 2003  148/NLT,1756084054,1756084060,1590,0,0
1756065840_5..N01R,120400_5..N01R,5,0,1756065840,05 2004  180/DYR,1756080926,1756080930,757,0,0
1756065840_6..N01X012,120400_6..N01X012,6,0,1756065840,06 2004  GC /PEL,1756082918,1756082921,1288,0,0
1756065840_GS.S01R,120400_GS.S01R,GS,1,1756065840,0S 2004  TSS/GCS,1756080300,1756080305,147,0,0
1756065900_1..N03R,120500_1..N03R,1,0,1756065900,01 2005  SFT/242,1756083658,1756083661,1404,0,0
1756065930_1..S03R,120550_1..S03R,1,1,1756065930,01 2005+ 242/SFT,1756083799,1756083805,1442,0,0
1756065990_7..S,120650_7..S,7,1,1756065990,07 2006+ MST/34H,1756082504,1756082510,1121,0,0
1756066050_2..N01R,120750_2..N01R,2,0,1756066050,02 2007+ FLA/241,1756086010,1756086013,2104,0,0
1756066050_7..N,120750_7..N,7,0,1756066050,07 2007+ 34H/MST,1756082840,1756082843,1139,0,0
1756066080_3..N01R,120800_3..N01R,3,0,1756066080,03 2008  NLT/148,1756084351,1756084354,1589,0,0
1756066080_6..S01X053,120800_6..S01X053,6,1,1756066080,06 2008  PEL/GC,1756083496,1756083499,1361,0,0
1756066140_5..S01R,120900_5..S01R,5,1,1756066140,05 2009  DYR/180,1756081289,1756081295,774,0,0
1756066170_2..S01R,120950_2..S01R,2,1,1756066170,02 2009+ 241/FLA,1756085971,1756085974,2012,0,0
1756066200_4..N13X156,121000_4..N13X156,4,0,1756066200,04 2010  GC /WDL,1756082990,1756082993,1147,0,0
1756066200_GS.N01R,121000_GS.N01R,GS,0,1756066200,0S 2010  GCS/TSS,1756080660,1756080665,131,0,0
1756066230_4..S13X075,121050_4..S13X075,4,1,1756066230,04 2010+ WDL/GC,1756082999,1756083005,1150,0,0
1756066350_3..S01R,121250_3..S01R,3,1,1756066350,03 2012+ 148/NLT,1756084579,1756084585,1570,0,0
1756066350_7..S,121250_7..S,7,1,1756066350,07 2012+ MST/34H,1756082939,1756082945,1113,0,0
1756066380_1..N03R,121300_1..N03R,1,0,1756066380,01 2013  SFT/242,1756084159,1756084165,1458,0,0
1756066410_1..S03R,121350_1..S03R,1,1,1756066410,01 2013+ 242/SFT,1756084279,1756084285,1490,0,0
1756066410_7..N,121350_7..N,7,0,1756066410,07 2013+ 34H/MST,1756082948,1756082951,1116,0,0
1756066440_GS.S01R,121400_GS.S01R,GS,1,1756066440,0S 2014  TSS/GCS,1756080885,1756080890,146,0,0
1756066560_5..N01R,121600_5..N01R,5,0,1756066560,05 2016  180/DYR,1756081754,1756081760,738,0,0
1756066560_6..N01X012,121600_6..N01X012,6,0,1756066560,06 2016  GC /PEL,1756083658,1756083661,1244,0,0
1756066680_3..N01R,121800_3..N01R,3,0,1756066680,03 2018  NLT/148,1756084881,1756084885,1580,0,0
1756066770_2..N01R,121950_2..N01R,2,0,1756066770,02 2019+ FLA/241,1756086621,1756086625,2062,0,0
1756066800_6..S01X053,122000_6..S01X053,6,1,1756066800,06 2020  PEL/GC,1756084561,1756084564,1405,0,0
1756066800_7..N,122000_7..N,7,0,1756066800,07 2020 34H/MST,1756083439,1756083445,1133,0,0
1756066800_GS.N01R,122000_GS.N01R,GS,0,1756066800,0S 2020  GCS/TSS,1756081110,1756081115,121,0,0
1756066830_7..S,122050_7..S,7,1,1756066830,07 2020+ MST/34H,1756083406,1756083409,1124,0,0
1756066860_1..N03R,122100_1..N03R,1,0,1756066860,01 2021  SFT/242,1756084681,1756084684,1437,0,0
1756066860_5..S01R,122100_5..S01R,5,1,1756066860,05 2021  DYR/180,1756081928,1756081931,704,0,0
1756066890_1..S03R,122150_1..S03R,1,1,1756066890,01 2021+ 242/SFT,1756084741,1756084744,1454,0,0
1756066890_2..S01R,122150_2..S01R,2,1,1756066890,02 2021+ 241/FLA,1756086681,1756086685,2082,0,0
1756066920_4..N13X156,122200_4..N13X156,4,0,1756066920,04 2022  GC /WDL,1756083814,1756083820,1206,0,0
1756066950_3..S01R,122250_3..S01R,3,1,1756066950,03 2022+ 148/NLT,1756085164,1756085166,1592,0,0
1756066950_4..S,122250_4..S,4,1,1756066950,/4 2022+ WDL/GC,1756084363,1756084366,150,0,0
1756066950_4..S13X075,122250_4..S13X075,4,1,1756066950,04 2022+ WDL/GC,1756083724,1756083730,1182,0,0
1756067160_7..N,122600_7..N,7,0,1756067160,07 2026 34H/MST,1756083973,1756083976,1191,0,0
1756067280_3..N01R,122800_3..N01R,3,0,1756067280,03 2028  NLT/148,1756085481,1756085485,1613,0,0
1756067280_5..N01R,122800_5..N01R,5,0,1756067280,05 2028  180/DYR,1756082348,1756082351,735,0,0
1756067280_6..N01X012,122800_6..N01X012,6,0,1756067280,06 2028  GC /PEL,1756084429,1756084435,1289,0,0
1756067310_7..S,122850_7..S,7,1,1756067310,07 2028+ MST/34H,1756083814,1756083820,1079,0,0
1756067340_1..N03R,122900_1..N03R,1,0,1756067340,01 2029  SFT/242,1756085134,1756085140,1502,0,0
1756067370_1..S03R,122950_1..S03R,1,1,1756067370,01 2029+ 242/SFT,1756085233,1756085236,1452,0,0
1756067490_2..N01R,123150_2..N01R,2,0,1756067490,02 2031+ FLA/241,1756087153,1756087156,2073,0,0
1756067490_3..S01R,123150_3..S01R,3,1,1756067490,03 2031+ 148/NLT,1756085691,1756085695,1599,0,0
1756067520_6..S01X053,123200_6..S01X053,6,1,1756067520,06 2032  PEL/GC,1756085023,1756085026,1384,0,0
1756067580_5..S01R,123300_5..S01R,5,1,1756067580,05 2033  DYR/180,1756082744,1756082750,760,0,0
1756067640_2..S01R,123400_2..S01R,2,1,1756067640,02 2034  241/FLA,1756087993,1756087996,2346,0,0
1756067640_4..N13X156,123400_4..N13X156,4,0,1756067640,04 2034  GC /WDL,1756084731,1756084735,1289,0,0
1756067640_7..N,123400_7..N,7,0,1756067640,07 2034 34H/MST,1756084276,1756084279,1155,0,0
1756067670_4..S13X075,123450_4..S13X075,4,1,1756067670,04 2034+ WDL/GC,1756084911,1756084915,1268,0,0
1756067790_7..S,123650_7..S,7,1,1756067790,07 2036+ MST/34H,1756084351,1756084354,1117,0,0
1756067820_1..N03R,123700_1..N03R,1,0,1756067820,01 2037  SFT/242,1756085554,1756085556,1474,0,0
1756067850_1..S03R,123750_1..S03R,1,1,1756067850,01 2037+ 242/SFT,1756085704,1756085706,1523,0,0
1756067940_3..N01R,123900_3..N01R,3,0,1756067940,03 2039  NLT/148,1756086441,1756086445,1763,0,0
1756068000_5..N01R,124000_5..N01R,5,0,1756068000,05 2040  180/DYR,1756083134,1756083140,704,0,0
1756068000_6..N01X012,124000_6..N01X012,6,0,1756068000,/6 2040  GC /PEL,1756085563,1756085566,1397,0,0
1756068120_7..N,124200_7..N,7,0,1756068120,07 2042 34H/MST,1756084819,1756084825,1138,0,0
1756068210_2..N01R,124350_2..N01R,2,0,1756068210,02 2043+ FLA/241,1756088254,1756088256,2271,0,0
1756068210_3..S01R,124350_3..S01R,3,1,1756068210,03 2043+ 148/NLT,1756086520,1756086523,1708,0,0
1756068240_6..S01X053,124400_6..S01X053,6,1,1756068240,06 2044  PEL/GC,1756085494,1756085496,1376,0,0
1756068270_7..S,124450_7..S,7,1,1756068270,07 2044+ MST/34H,1756084906,1756084909,1166,0,0
1756068300_1..N03R,124500_1..N03R,1,0,1756068300,01 2045  SFT/242,1756086100,1756086103,1481,0,0
1756068300_5..S01R,124500_5..S01R,5,1,1756068300,05 2045  DYR/180,1756083484,1756083490,716,0,0
1756068330_1..S03R,124550_1..S03R,1,1,1756068330,01 2045+ 242/SFT,1756086181,1756086184,1518,0,0
1756068360_2..S01R,124600_2..S01R,2,1,1756068360,02 2046  241/FLA,1756088271,1756088275,2197,0,0
1756068390_4..S13X075,124650_4..S13X075,4,1,1756068390,04 2046+ WDL/GC,1756085254,1756085256,1219,0,0
1756068420_3..N01R,124700_3..N01R,3,0,1756068420,03 2047  NLT/148,1756086741,1756086745,1700,0,0
1756068600_3..S01R,125000_3..S01R,3,1,1756068600,03 2050  148/NLT,1756086853,1756086856,1655,0,0
1756068600_7..N,125000_7..N,7,0,1756068600,07 2050 34H/MST,1756085301,1756085305,1184,0,0
1756068720_5..N01R,125200_5..N01R,5,0,1756068720,05 2052  180/DYR,1756083829,1756083835,728,0,0
1756068750_7..S,125250_7..S,7,1,1756068750,07 2052+ MST/34H,1756085218,1756085221,1091,0,0
1756068780_1..N03R,125300_1..N03R,1,0,1756068780,01 2053  SFT/242,1756086613,1756086616,1577,0,0
1756068810_1..S03R,125350_1..S03R,1,1,1756068810,01 2053+ 242/SFT,1756086721,1756086724,1613,0,0
1756068840_GS.S01R,125400_GS.S01R,GS,1,1756068840,0S 2054  TSS/GCS,1756083258,1756083261,2,0,0
1756068930_2..N01R,125550_2..N01R,2,0,1756068930,02 2055+ FLA/241,1756088773,1756088776,2174,0,0
1756068930_4..N13X156,125550_4..N13X156,4,0,1756068930,E4 2055+ 86S/WDL,1756085284,1756085286,641,0,0
1756068960_6..S01X053,125600_6..S01X053,6,1,1756068960,06 2056  PEL/GC,1756086361,1756086364,1417,0,0
1756069020_5..S01R,125700_5..S01R,5,1,1756069020,05 2057  DYR/180,1756083994,1756084000,692,0,0
1756069080_2..S01R,125800_2..S01R,2,1,1756069080,02 2058  241/FLA,1756088884,1756088890,2204,0,0
1756069080_3..N01R,125800_3..N01R,3,0,1756069080,03 2058  NLT/148,1756087621,1756087624,1827,0,0
1756069080_4..N13X156,125800_4..N13X156,4,0,1756069080,04 2058  GC /WDL,1756086021,1756086025,1306,0,0
1756069080_7..N,125800_7..N,7,0,1756069080,07 2058 34H/MST,1756085809,1756085815,1186,0,0
1756069110_4..S13X075,125850_4..S13X075,4,1,1756069110,04 2058+ WDL/GC,1756086070,1756086073,1322,0,0
1756069200_6..N01X012,126000_6..N01X012,6,0,1756069200,E6 2100  86S/PEL,1756085931,1756085935,718,0,0
1756069230_7..S,126050_7..S,7,1,1756069230,07 2100+ MST/34H,1756085839,1756085841,1195,0,0
1756069260_1..N,126100_1..N,1,0,1756069260,/1 2101  SFT/242,1756087129,1756087135,802,1,0
1756069260_1..N03R,126100_1..N03R,1,0,1756069260,/1 2101  SFT/242,1756084303,1756084306,694,0,0
1756069290_1..S03R,126150_1..S03R,1,1,1756069290,01 2101+ 242/SFT,1756087171,1756087174,1599,0,0
1756069440_5..N01R,126400_5..N01R,5,0,1756069440,05 2104  180/DYR,1756084531,1756084534,755,0,0
1756069440_6..N01X012,126400_6..N01X012,6,0,1756069440,06 2104  GC /PEL,1756086651,1756086655,1430,0,0
1756069530_3..S01R,126550_3..S01R,3,1,1756069530,03 2105+ 148/NLT,1756087491,1756087495,1625,0,0
1756069560_7..N,126600_7..N,7,0,1756069560,07 2106 34H/MST,1756086276,1756086280,1266,0,0
1756069650_2..N01R,126750_2..N01R,2,0,1756069650,02 2107+ FLA/241,1756089493,1756089496,2206,0,0
1756069680_3..N01R,126800_3..N01R,3,0,1756069680,03 2108  NLT/148,1756088194,1756088196,1852,0,0
1756069680_6..S01X053,126800_6..S01X053,6,1,1756069680,06 2108  PEL/GC,1756086891,1756086895,1428,0,0
1756069710_7..S,126850_7..S,7,1,1756069710,07 2108+ MST/34H,1756086246,1756086250,1180,0,0
1756069740_1..N03R,126900_1..N03R,1,0,1756069740,01 2109  SFT/242,1756087744,1756087746,1707,0,0
1756069740_5..S01R,126900_5..S01R,5,1,1756069740,05 2109  DYR/180,1756084891,1756084894,781,0,0
1756069800_2..S01R,127000_2..S01R,2,1,1756069800,02 2110  241/FLA,1756089694,1756089700,2180,0,0
1756069800_4..N13X156,127000_4..N13X156,4,0,1756069800,04 2110  GC /WDL,1756084669,1756084675,588,0,0
1756069830_4..S13X075,127050_4..S13X075,4,1,1756069830,04 2110+ WDL/GC,1756086711,1756086715,1290,0,0
1756069890_1..S03R,127150_1..S03R,1,1,1756069890,01 2111+ 242/SFT,1756087744,1756087746,1627,0,0
1756070040_7..N,127400_7..N,7,0,1756070040,07 2114 34H/MST,1756086741,1756086745,1278,0,0
1756070070_3..S01R,127450_3..S01R,3,1,1756070070,03 2114+ 148/NLT,1756088383,1756088386,1750,0,0
1756070160_5..N01R,127600_5..N01R,5,0,1756070160,05 2116  180/DYR,1756085284,1756085286,749,0,0
1756070160_6..N,127600_6..N,6,0,1756070160,/6 2116  GC /PEL,1756087843,1756087846,146,0,0
1756070160_6..N01X012,127600_6..N01X012,6,0,1756070160,/6 2116  GC /PEL,1756087306,1756087309,1402,0,0
1756070190_7..S,127650_7..S,7,1,1756070190,07 2116+ MST/34H,1756087111,1756087114,1364,0,0
1756070220_1..N03R,127700_1..N03R,1,0,1756070220,01 2117  SFT/242,1756088074,1756088076,1653,0,0
1756070370_2..N01R,127950_2..N01R,2,0,1756070370,02 2119+ FLA/241,1756090219,1756090225,2160,0,0
1756070400_3..N01R,128000_3..N01R,3,0,1756070400,03 2120  NLT/148,1756088533,1756088536,1710,0,0
1756070400_6..S01X053,128000_6..S01X053,6,1,1756070400,06 2120  PEL/GC,1756087693,1756087696,1450,0,0
1756070400_GS.N01R,128000_GS.N01R,GS,0,1756070400,0S 2120  GCS/TSS,1756084866,1756084870,10,0,0
1756070460_5..S01R,128100_5..S01R,5,1,1756070460,05 2121  DYR/180,1756085539,1756085545,750,0,0
1756070490_1..S03R,128150_1..S03R,1,1,1756070490,01 2121+ 242/SFT,1756088419,1756088425,1680,0,0
1756070520_2..S01R,128200_2..S01R,2,1,1756070520,02 2122  241/FLA,1756090309,1756090315,2184,0,0
1756070520_4..N13X156,128200_4..N13X156,4,0,1756070520,04 2122  GC /WDL,1756087393,1756087396,1352,0,0
1756070520_7..N,128200_7..N,7,0,1756070520,07 2122 34H/MST,1756087225,1756087228,1312,0,0
1756070550_4..S13X075,128250_4..S13X075,4,1,1756070550,04 2122+ WDL/GC,1756087543,1756087546,1401,0,0
1756070640_GS.S01R,128400_GS.S01R,GS,1,1756070640,0S 2124  TSS/GCS,1756085076,1756085080,23,0,0
1756070670_3..S01R,128450_3..S01R,3,1,1756070670,03 2124+ 148/NLT,1756089595,1756089598,1913,0,0
1756070670_7..S,128450_7..S,7,1,1756070670,07 2124+ MST/34H,1756087378,1756087381,1311,0,0
1756070700_1..N03R,128500_1..N03R,1,0,1756070700,01 2125  SFT/242,1756088473,1756088476,1614,0,0
1756070730_4..N13X156,128550_4..N13X156,4,0,1756070730,E4 2125+ GC /WDL,1756087639,1756087645,842,0,0
1756070880_5..N01R,128800_5..N01R,5,0,1756070880,05 2128  180/DYR,1756085991,1756085995,816,0,0
1756070880_6..N01X012,128800_6..N01X012,6,0,1756070880,06 2128  GC /PEL,1756088074,1756088076,1493,0,0
1756071000_7..N,129000_7..N,7,0,1756071000,07 2130 34H/MST,1756087731,1756087735,1349,0,0
1756071000_GS.N01R,129000_GS.N01R,GS,0,1756071000,0S 2130  GCS/TSS,1756085496,1756085500,45,0,0
1756071090_1..S03R,129150_1..S03R,1,1,1756071090,01 2131+ 242/SFT,1756088953,1756088956,1663,0,0
1756071090_2..N01R,129150_2..N01R,2,0,1756071090,02 2131+ FLA/241,1756091734,1756091740,2404,0,0
1756071120_3..N01R,129200_3..N01R,3,0,1756071120,03 2132  NLT/148,1756089754,1756089760,1877,0,0
1756071120_6..S01X053,129200_6..S01X053,6,1,1756071120,06 2132  PEL/GC,1756088449,1756088455,1515,0,0
1756071180_1..N03R,129300_1..N03R,1,0,1756071180,01 2133  SFT/242,1756089004,1756089010,1676,0,0
1756071180_5..S01R,129300_5..S01R,5,1,1756071180,05 2133  DYR/180,1756086271,1756086274,828,0,0
1756071180_7..S,129300_7..S,7,1,1756071180,07 2133 MST/34H,1756087903,1756087909,1295,0,0
1756071240_2..S01R,129400_2..S01R,2,1,1756071240,02 2134  241/FLA,1756091053,1756091056,2222,0,0
1756071240_4..N13X156,129400_4..N13X156,4,0,1756071240,04 2134  GC /WDL,1756088113,1756088116,1426,0,0
1756071240_GS.S01R,129400_GS.S01R,GS,1,1756071240,0S 2134  TSS/GCS,1756085691,1756085695,55,0,0
1756071270_3..S01R,129450_3..S01R,3,1,1756071270,03 2134+ 148/NLT,1756089973,1756089976,1855,0,0
1756071270_4..S13X075,129450_4..S13X075,4,1,1756071270,04 2134+ WDL/GC,1756088121,1756088125,1350,0,0
1756071480_7..N,129800_7..N,7,0,1756071480,07 2138 34H/MST,1756088170,1756088173,1360,0,0
1756071600_5..N01R,130000_5..N01R,5,0,1756071600,05 2140  180/DYR,1756086799,1756086805,839,0,0
1756071600_6..N01X012,130000_6..N01X012,6,0,1756071600,06 2140  GC /PEL,1756088743,1756088746,1447,0,0
1756071600_GS.N01R,130000_GS.N01R,GS,0,1756071600,0S 2140  GCS/TSS,1756086066,1756086070,77,0,0
1756071660_1..N03R,130100_1..N03R,1,0,1756071660,01 2141  SFT/242,1756089514,1756089520,1653,0,0
1756071690_1..S03R,130150_1..S03R,1,1,1756071690,01 2141+ 242/SFT,1756089514,1756089520,1653,0,0
1756071780_7..S,130300_7..S,7,1,1756071780,07 2143 MST/34H,1756088320,1756088323,1287,0,0
1756071810_2..N01R,130350_2..N01R,2,0,1756071810,02 2143+ FLA/241,1756091983,1756091986,2314,0,0
1756071840_3..N01R,130400_3..N01R,3,0,1756071840,03 2144  NLT/148,1756090219,1756090225,1840,0,0
1756071840_6..S01X053,130400_6..S01X053,6,1,1756071840,06 2144  PEL/GC,1756089403,1756089406,1622,0,0
1756071840_GS.S01R,130400_GS.S01R,GS,1,1756071840,0S 2144  TSS/GCS,1756086291,1756086295,91,0,0
1756071900_5..S01R,130500_5..S01R,5,1,1756071900,05 2145  DYR/180,1756086931,1756086934,802,0,0
1756071960_2..S01R,130600_2..S01R,2,1,1756071960,02 2146  241/FLA,1756091899,1756091905,2208,0,0
1756071960_3..S01R,130600_3..S01R,3,1,1756071960,03 2146  148/NLT,1756090279,1756090285,1750,0,0
1756071960_4..N13X156,130600_4..N13X156,4,0,1756071960,04 2146  GC /WDL,1756089073,1756089076,1455,0,0
1756071960_7..N,130600_7..N,7,0,1756071960,07 2146 34H/MST,1756088719,1756088725,1394,0,0
1756071990_4..S13X075,130650_4..S13X075,4,1,1756071990,04 2146+ WDL/GC,1756089025,1756089028,1442,0,0
1756072140_1..N03R,130900_1..N03R,1,0,1756072140,01 2149  SFT/242,1756089889,1756089895,1673,0,0
1756072200_GS.N01R,131000_GS.N01R,GS,0,1756072200,0S 2150  GCS/TSS,1756086681,1756086685,112,0,0
1756072290_1..S03R,131150_1..S03R,1,1,1756072290,01 2151+ 242/SFT,1756090129,1756090135,1657,0,0
1756072320_5..N01R,131200_5..N01R,5,0,1756072320,05 2152  180/DYR,1756087311,1756087315,846,0,0
1756072320_6..N01X012,131200_6..N01X012,6,0,1756072320,06 2152  GC /PEL,1756089403,1756089406,1463,0,0
1756072380_7..S,131300_7..S,7,1,1756072380,07 2153 MST/34H,1756089100,1756089103,1343,0,0
1756072440_7..N,131400_7..N,7,0,1756072440,07 2154 34H/MST,1756089190,1756089193,1367,0,0
1756072440_GS.S01R,131400_GS.S01R,GS,1,1756072440,0S 2154  TSS/GCS,1756086906,1756086910,125,0,0
1756072530_2..N01R,131550_2..N01R,2,0,1756072530,02 2155+ FLA/241,1756092289,1756092295,2160,0,0
1756072560_3..N,131600_3..N,3,0,1756072560,/3 2156  NLT/148,1756092523,1756092526,903,0,0
1756072560_3..N01R,131600_3..N01R,3,0,1756072560,/3 2156  NLT/148,1756088971,1756088974,1252,0,0
1756072560_6..S01X053,131600_6..S01X053,6,1,1756072560,06 2156  PEL/GC,1756089829,1756089835,1481,0,0
1756072620_1..N03R,131700_1..N03R,1,0,1756072620,01 2157  SFT/242,1756090339,1756090345,1617,0,0
1756072620_5..S01R,131700_5..S01R,5,1,1756072620,05 2157  DYR/180,1756087753,1756087756,894,0,0
1756072650_3..S01R,131750_3..S01R,3,1,1756072650,03 2157+ 148/NLT,1756090693,1756090696,1710,0,0
1756072680_2..S01R,131800_2..S01R,2,1,1756072680,02 2158  241/FLA,1756092763,1756092766,2316,0,0
1756072680_4..N13X156,131800_4..N13X156,4,0,1756072680,04 2158  GC /WDL,1756089673,1756089676,1438,0,0
1756072710_4..S13X075,131850_4..S13X075,4,1,1756072710,04 2158+ WDL/GC,1756090099,1756090105,1459,0,0
1756072800_GS.N01R,132000_GS.N01R,GS,0,1756072800,0S 2200  GCS/TSS,1756087281,1756087285,114,0,0
1756072920_7..N,132200_7..N,7,0,1756072920,07 2202 34H/MST,1756089571,1756089574,1312,0,0
1756072980_7..S,132300_7..S,7,1,1756072980,07 2203 MST/34H,1756089595,1756089598,1318,0,0
1756073010_1..S03R,132350_1..S03R,1,1,1756073010,01 2203+ 242/SFT,1756090894,1756090900,1667,0,0
1756073040_5..N01R,132400_5..N01R,5,0,1756073040,05 2204  180/DYR,1756088113,1756088116,913,0,0
1756073040_6..N01X012,132400_6..N01X012,6,0,1756073040,06 2204  GC /PEL,1756090399,1756090405,1535,0,0
1756073040_GS.S01R,132400_GS.S01R,GS,1,1756073040,0S 2204  TSS/GCS,1756087506,1756087504,128,0,0
1756073100_1..N03R,132500_1..N03R,1,0,1756073100,01 2205  SFT/242,1756090939,1756090945,1584,0,0
1756073220_5..S01R,132700_5..S01R,5,1,1756073220,05 2207  DYR/180,1756088323,1756088326,886,0,0
1756073250_2..N01R,132750_2..N01R,2,0,1756073250,02 2207+ FLA/241,1756093204,1756093210,2270,0,0
1756073280_3..N01R,132800_3..N01R,3,0,1756073280,03 2208  NLT/148,1756092883,1756092886,2163,0,0
1756073280_6..S01X053,132800_6..S01X053,6,1,1756073280,06 2208  PEL/GC,1756091359,1756091365,1628,0,0
1756073400_2..S,133000_2..S,2,1,1756073400,/2 2210  241/FLA,1756093513,1756093516,294,0,0
1756073400_2..S01R,133000_2..S01R,2,1,1756073400,02 2210  241/FLA,1756092493,1756092496,1937,0,0
1756073400_4..N13X156,133000_4..N13X156,4,0,1756073400,04 2210  GC /WDL,1756090459,1756090465,1359,0,0
1756073400_GS.N01R,133000_GS.N01R,GS,0,1756073400,0S 2210  GCS/TSS,1756087881,1756087885,119,0,0
1756073430_4..S13X075,133050_4..S13X075,4,1,1756073430,04 2210+ WDL/GC,1756090579,1756090585,1391,0,0
1756073430_7..N,133050_7..N,7,0,1756073430,07 2210+ 34H/MST,1756090180,1756090183,1312,0,0
1756073580_7..S,133300_7..S,7,1,1756073580,07 2213 MST/34H,1756090354,1756090360,1251,0,0
1756073610_1..N03R,133350_1..N03R,1,0,1756073610,01 2213+ SFT/242,1756091449,1756091455,1622,0,0
1756073640_GS.S01R,133400_GS.S01R,GS,1,1756073640,0S 2214  TSS/GCS,1756088121,1756088125,134,0,0
1756073670_3..S01R,133450_3..S01R,3,1,1756073670,03 2214+ 148/NLT,1756092109,1756092115,1671,0,0
1756073730_1..S03R,133550_1..S03R,1,1,1756073730,01 2215+ 242/SFT,1756091584,1756091590,1560,0,0
1756073730_4..S05R,133550_4..S05R,4,1,1756073730,E4 2215+ 161/86S,1756088995,1756088998,302,0,0
1756073760_5..N01R,133600_5..N01R,5,0,1756073760,05 2216  180/DYR,1756088845,1756088848,830,0,0
1756073760_6..N01X012,133600_6..N01X012,6,0,1756073760,06 2216  GC /PEL,1756090924,1756090930,1385,0,0
1756073940_5..S01R,133900_5..S01R,5,1,1756073940,05 2219  DYR/180,1756089055,1756089058,886,0,0
1756073970_2..N01R,133950_2..N01R,2,0,1756073970,02 2219+ FLA/241,1756093519,1756093525,2083,0,0
1756074000_GS.N01R,134000_GS.N01R,GS,0,1756074000,0S 2220  GCS/TSS,1756088316,1756088320,110,0,0
1756074030_3..N01R,134050_3..N01R,3,0,1756074030,03 2220+ NLT/148,1756093294,1756093300,2008,0,0
1756074030_7..N,134050_7..N,7,0,1756074030,07 2220+ 34H/MST,1756090816,1756090819,1233,0,0
1756074090_1..N03R,134150_1..N03R,1,0,1756074090,01 2221+ SFT/242,1756091779,1756091785,1515,0,0
1756074120_4..N13X156,134200_4..N13X156,4,0,1756074120,04 2222  GC /WDL,1756090894,1756090900,1279,0,0
1756074150_6..S01X053,134250_6..S01X053,6,1,1756074150,06 2222+ PEL/GC,1756091824,1756091830,1526,0,0
1756074180_4..S13X075,134300_4..S13X075,4,1,1756074180,04 2223  WDL/GC,1756091644,1756091650,1478,0,0
1756074180_7..S,134300_7..S,7,1,1756074180,07 2223 MST/34H,1756090960,1756090963,1270,0,0
1756074210_2..S01R,134350_2..S01R,2,1,1756074210,02 2223+ 241/FLA,1756094014,1756094020,2245,0,0
1756074450_1..S03R,134750_1..S03R,1,1,1756074450,01 2227+ 242/SFT,1756092214,1756092220,1553,0,0
1756074480_5..N01R,134800_5..N01R,5,0,1756074480,05 2228  180/DYR,1756089574,1756089580,831,0,0
1756074480_6..N01X012,134800_6..N01X012,6,0,1756074480,06 2228  GC /PEL,1756091524,1756091530,1350,0,0
1756074570_3..S01R,134950_3..S01R,3,1,1756074570,03 2229+ 148/NLT,1756093009,1756093015,1718,0,0
1756074630_1..N03R,135050_1..N03R,1,0,1756074630,01 2230+ SFT/242,1756092493,1756092496,1547,0,0
1756074630_4..S13X075,135050_4..S13X075,4,1,1756074630,E4 2230+ 86S/GC,1756089703,1756089706,172,0,0
1756074630_7..N,135050_7..N,7,0,1756074630,07 2230+ 34H/MST,1756091209,1756091215,1185,0,0
1756074660_5..S01R,135100_5..S01R,5,1,1756074660,05 2231  DYR/180,1756089823,1756089826,799,0,0
1756074720_2..N01R,135200_2..N01R,2,0,1756074720,02 2232  FLA/241,1756094884,1756094890,2340,0,0
1756074750_3..N01R,135250_3..N01R,3,0,1756074750,03 2232+ NLT/148,1756093699,1756093705,1493,0,0
1756074750_4..S01R,135250_4..S01R,4,1,1756074750,E4 2232+ 161/86S,1756090084,1756090090,198,0,0
1756074780_7..S,135300_7..S,7,1,1756074780,07 2233 MST/34H,1756091500,1756091503,1240,0,0
1756074840_4..N13X156,135400_4..N13X156,4,0,1756074840,04 2234  GC /WDL,1756091914,1756091920,1355,0,0
1756075020_4..S13X075,135700_4..S13X075,4,1,1756075020,04 2237  WDL/GC,1756092139,1756092145,1332,0,0
1756075050_6..S01X053,135750_6..S01X053,6,1,1756075050,06 2237+ PEL/GC,1756092763,1756092766,1539,0,0
1756075170_1..S03R,135950_1..S03R,1,1,1756075170,01 2239+ 242/SFT,1756092889,1756092895,1482,0,0
1756075200_2..S01R,136000_2..S01R,2,1,1756075200,02 2240  241/FLA,1756095253,1756095256,2250,0,0
1756075200_5..N01R,136000_5..N01R,5,0,1756075200,05 2240  180/DYR,1756090339,1756090345,740,0,0
1756075200_6..N01X012,136000_6..N01X012,6,0,1756075200,06 2240  GC /PEL,1756092439,1756092445,1333,0,0
1756075230_1..N03R,136050_1..N03R,1,0,1756075230,01 2240+ SFT/242,1756093114,1756093120,1557,0,0
1756075230_7..N,136050_7..N,7,0,1756075230,07 2240+ 34H/MST,1756092034,1756092040,1205,0,0
1756075290_5..S01R,136150_5..S01R,5,1,1756075290,05 2241+ DYR/180,1756090489,1756090495,780,0,0
1756075380_7..S,136300_7..S,7,1,1756075380,07 2243 MST/34H,1756092034,1756092040,1187,0,0
1756075440_2..N01R,136400_2..N01R,2,0,1756075440,02 2244  FLA/241,1756095469,1756095475,2338,0,0
1756075440_3..N01R,136400_3..N01R,3,0,1756075440,03 2244  NLT/148,1756094194,1756094200,1914,0,0
1756075560_4..N13X156,136600_4..N13X156,4,0,1756075560,04 2246  GC /WDL,1756092814,1756092820,1361,0,0
1756075590_3..S01R,136650_3..S01R,3,1,1756075590,03 2246+ 148/NLT,1756094179,1756094185,1814,0,0
1756075620_4..S13X075,136700_4..S13X075,4,1,1756075620,E4 2247  161/86S,1756091119,1756091125,345,0,0
1756075830_1..N03R,137050_1..N03R,1,0,1756075830,01 2250+ SFT/242,1756093489,1756093495,1488,0,0
1756075830_7..N,137050_7..N,7,0,1756075830,07 2250+ 34H/MST,1756092604,1756092610,1235,0,0
1756075890_1..S,137150_1..S,1,1,1756075890,/1 2251+ 242/SFT,1756094254,1756094260,644,0,0
1756075890_1..S03R,137150_1..S03R,1,1,1756075890,/1 2251+ 242/SFT,1756092178,1756092181,1053,0,0
1756075920_4..N13X156,137200_4..N13X156,4,0,1756075920,E4 2252  GC /WDL,1756092949,1756092955,806,0,0
1756075920_4..S13X075,137200_4..S13X075,4,1,1756075920,04 2252  WDL/GC,1756093324,1756093330,1433,0,0
1756075920_5..N01R,137200_5..N01R,5,0,1756075920,05 2252  180/DYR,1756090999,1756091005,723,0,0
1756075920_6..N01X012,137200_6..N01X012,6,0,1756075920,06 2252  GC /PEL,1756093033,1756093036,1335,0,0
1756075950_6..S01X053,137250_6..S01X053,6,1,1756075950,06 2252+ PEL/GC,1756093489,1756093495,1487,0,0
1756075980_7..S,137300_7..S,7,1,1756075980,07 2253 MST/34H,1756092778,1756092781,1244,0,0
1756076100_4..N13X156,137500_4..N13X156,4,0,1756076100,E4 2255  86S/BUR,1756092019,1756092025,457,0,0
1756076100_5..S01R,137500_5..S01R,5,1,1756076100,05 2255  DYR/180,1756091194,1756091200,692,0,0
1756076160_2..N01R,137600_2..N01R,2,0,1756076160,02 2256  FLA/241,1756095913,1756095916,2184,0,0
1756076160_3..N01R,137600_3..N01R,3,0,1756076160,03 2256  NLT/148,1756094893,1756094896,1871,0,0
1756076190_2..S01R,137650_2..S01R,2,1,1756076190,02 2256+ 241/FLA,1756090684,1756090690,557,0,0
1756076280_4..N13X156,137800_4..N13X156,4,0,1756076280,04 2258  GC /WDL,1756093489,1756093495,1405,0,0
1756076430_1..N03R,138050_1..N03R,1,0,1756076430,01 2300+ SFT/242,1756094134,1756094140,1539,0,0
1756076430_7..N,138050_7..N,7,0,1756076430,07 2300+ 34H/MST,1756093241,1756093243,1266,0,0
1756076520_4..S01R,138200_4..S01R,4,1,1756076520,E4 2302  161/BWG,1756092514,1756092520,400,0,0
1756076580_7..S,138300_7..S,7,1,1756076580,07 2303 MST/34H,1756093114,1756093120,1147,0,0
1756076640_5..N01R,138400_5..N01R,5,0,1756076640,05 2304  180/DYR,1756091719,1756091725,752,0,0
1756076670_3..S01R,138450_3..S01R,3,1,1756076670,03 2304+ 148/NLT,1756094929,1756094935,1723,0,0
1756076730_1..S03R,138550_1..S03R,1,1,1756076730,01 2305+ 242/SFT,1756094476,1756094479,1572,0,0
1756076790_2..S01R,138650_2..S01R,2,1,1756076790,02 2306+ 241/FLA,1756096774,1756096780,1884,0,0
1756076790_6..N01X012,138650_6..N01X012,6,0,1756076790,06 2306+ GC /PEL,1756094443,1756094446,1515,0,0
1756076820_4..N13X156,138700_4..N13X156,4,0,1756076820,E4 2307  86S/BUR,1756092484,1756092490,388,0,0
1756076820_4..S13X075,138700_4..S13X075,4,1,1756076820,04 2307  WDL/GC,1756094164,1756094170,1469,0,0
1756076820_5..S01R,138700_5..S01R,5,1,1756076820,05 2307  DYR/180,1756091899,1756091905,720,0,0
1756076850_6..S01X053,138750_6..S01X053,6,1,1756076850,06 2307+ PEL/GC,1756094824,1756094830,1688,0,0
1756076910_2..N01R,138850_2..N01R,2,0,1756076910,02 2308+ FLA/241,1756096753,1756096756,2248,0,0
1756077000_3..N01R,139000_3..N01R,3,0,1756077000,03 2310  NLT/148,1756095814,1756095820,1918,0,0
1756077030_1..N03R,139050_1..N03R,1,0,1756077030,01 2310+ SFT/242,1756094734,1756094740,1578,0,0
1756077030_4..N13X156,139050_4..N13X156,4,0,1756077030,04 2310+ GC /WDL,1756094569,1756094575,1464,0,0
1756077030_7..N,139050_7..N,7,0,1756077030,07 2310+ 34H/MST,1756093804,1756093810,1273,0,0
1756077180_7..S,139300_7..S,7,1,1756077180,07 2313 MST/34H,1756093721,1756093723,1245,0,0
1756077240_5..S01R,139400_5..S01R,5,1,1756077240,05 2314  DYR/180,1756092454,1756092460,821,0,0
1756077360_5..N01R,139600_5..N01R,5,0,1756077360,05 2316  180/DYR,1756092274,1756092280,683,0,0
1756077450_4..S01R,139750_4..S01R,4,1,1756077450,E4 2317+ 161/GC,1756093393,1756093396,494,0,0
1756077600_GS.N01R,140000_GS.N01R,GS,0,1756077600,0S 2320  GCS/TSS,1756092056,1756092058,9,0,0
1756077630_1..S03R,140050_1..S03R,1,1,1756077630,01 2320+ 242/SFT,1756095454,1756095460,1657,0,0
1756077630_7..N,140050_7..N,7,0,1756077630,07 2320+ 34H/MST,1756094434,1756094440,1295,0,0
1756077690_6..N01X012,140150_6..N01X012,6,0,1756077690,06 2321+ GC /PEL,1756095544,1756095550,1686,0,0
1756077720_2..N01R,140200_2..N01R,2,0,1756077720,02 2322  FLA/241,1756097773,1756097776,2280,0,0
1756077750_1..N03R,140250_1..N03R,1,0,1756077750,01 2322+ SFT/242,1756095784,1756095790,1750,0,0
1756077750_6..S01X053,140250_6..S01X053,6,1,1756077750,06 2322+ PEL/GC,1756095229,1756095235,1582,0,0
1756077780_5..N01R,140300_5..N01R,5,0,1756077780,05 2323  180/DYR,1756093009,1756093015,845,0,0
1756077780_7..S,140300_7..S,7,1,1756077780,07 2323 MST/34H,1756094431,1756094434,1294,0,0
1756077840_3..N01R,140400_3..N01R,3,0,1756077840,03 2324  NLT/148,1756096159,1756096165,1849,0,0
1756077840_4..S13X075,140400_4..S13X075,4,1,1756077840,04 2324  WDL/GC,1756095064,1756095070,1526,0,0
1756077840_GS.S01R,140400_GS.S01R,GS,1,1756077840,0S 2324  TSS/GCS,1756092311,1756092313,26,0,0
1756077870_4..N13X156,140450_4..N13X156,4,0,1756077870,04 2324+ GC /WDL,1756095403,1756095406,1560,0,0
1756077900_5..S01R,140500_5..S01R,5,1,1756077900,05 2325  DYR/180,1756093063,1756093066,784,0,0
1756077960_3..S01R,140600_3..S01R,3,1,1756077960,03 2326  148/NLT,1756096663,1756096666,1839,0,0
1756078080_4..N06R,140800_4..N06R,4,0,1756078080,$4 2328  86S/BUR,1756094203,1756094206,478,0,0
1756078140_5..N01R,140900_5..N01R,5,0,1756078140,05 2329  180/DYR,1756093654,1756093660,981,0,0
1756078200_GS.N01R,141000_GS.N01R,GS,0,1756078200,0S 2330  GCS/TSS,1756092671,1756092673,49,0,0
1756078230_7..N,141050_7..N,7,0,1756078230,07 2330+ 34H/MST,1756094884,1756094890,1319,0,0
1756078320_2..S01R,141200_2..S01R,2,1,1756078320,02 2332  241/FLA,1756099153,1756099156,2419,0,0
1756078440_GS.S01R,141400_GS.S01R,GS,1,1756078440,0S 2334  TSS/GCS,1756092911,1756092913,64,0,0
1756078470_1..N03R,141450_1..N03R,1,0,1756078470,01 2334+ SFT/242,1756096294,1756096300,1646,0,0
1756078500_7..S,141500_7..S,7,1,1756078500,07 2335 MST/34H,1756095154,1756095160,1365,0,0
1756078530_1..S03R,141550_1..S03R,1,1,1756078530,01 2335+ 242/SFT,1756096273,1756096276,1640,0,0
1756078590_6..N01X012,141650_6..N01X012,6,0,1756078590,06 2336+ GC /PEL,1756095949,1756095955,1554,0,0
1756078650_6..S01X053,141750_6..S01X053,6,1,1756078650,06 2337+ PEL/GC,1756096054,1756096060,1582,0,0
1756078770_4..N13X156,141950_4..N13X156,4,0,1756078770,04 2339+ GC /WDL,1756096033,1756096036,1445,0,0
1756078800_3..N01R,142000_3..N01R,3,0,1756078800,03 2340  NLT/148,1756097335,1756097338,1843,0,0
1756078800_5..N01R,142000_5..N01R,5,0,1756078800,05 2340  180/DYR,1756094194,1756094200,919,0,0
1756078800_GS.N01R,142000_GS.N01R,GS,0,1756078800,0S 2340  GCS/TSS,1756093271,1756093273,88,0,0
1756078830_7..N,142050_7..N,7,0,1756078830,07 2340+ 34H/MST,1756095598,1756095601,1404,0,0
1756078890_2..N01R,142150_2..N01R,2,0,1756078890,02 2341+ FLA/241,1756098775,1756098778,2228,0,0
1756078920_5..S32R,142200_5..S32R,5,1,1756078920,05 2342  DYR/180,1756094149,1756094155,904,0,0
1756078950_2..S08R,142250_2..S08R,2,1,1756078950,02 2342+ 241/FLA,1756100725,1756100728,2747,0,0
1756079040_4..S13X075,142400_4..S13X075,4,1,1756079040,04 2344  WDL/GC,1756096354,1756096360,1582,0,0
1756079040_GS.S01R,142400_GS.S01R,GS,1,1756079040,0S 2344  TSS/GCS,1756093526,1756093528,105,0,0
1756079100_3..S01R,142500_3..S01R,3,1,1756079100,03 2345  148/NLT,1756097365,1756097368,1772,0,0
1756079130_4..N06R,142550_4..N06R,4,0,1756079130,$4 2345+ 86S/BUR,1756094743,1756094746,349,0,0
1756079190_1..N03R,142650_1..N03R,1,0,1756079190,01 2346+ SFT/242,1756096855,1756096858,1636,0,0
1756079220_7..S,142700_7..S,7,1,1756079220,07 2347 MST/34H,1756095814,1756095820,1305,0,0
1756079400_GS.N01R,143000_GS.N01R,GS,0,1756079400,0S 2350  GCS/TSS,1756093856,1756093858,126,0,0
1756079430_7..N,143050_7..N,7,0,1756079430,07 2350+ 34H/MST,1756096111,1756096114,1384,0,0
1756079490_2..N08R,143150_2..N08R,2,0,1756079490,02 2351+ FLA/241,1756100125,1756100128,2428,0,0
1756079490_6..N01X012,143150_6..N01X012,6,0,1756079490,06 2351+ GC /PEL,1756096594,1756096600,1487,0,0
1756079550_1..S03R,143250_1..S03R,1,1,1756079550,01 2352+ 242/SFT,1756097533,1756097536,1737,0,0
1756079550_6..S01X053,143250_6..S01X053,6,1,1756079550,06 2352+ PEL/GC,1756096975,1756096978,1588,0,0
1756079640_GS.S01R,143400_GS.S01R,GS,1,1756079640,0S 2354  TSS/GCS,1756094111,1756094113,142,0,0
1756079670_4..N13X156,143450_4..N13X156,4,0,1756079670,04 2354+ GC /WDL,1756096855,1756096858,1426,0,0
1756079892_7..S,143821_7..S,7X,1,1756079892,E7 2358 WPT/34H,1756096099,1756096105,459,1,0
1756079940_2..S08R,143900_2..S08R,2,1,1756079940,02 2359  241/FLA,1756101313,1756101316,2647,0,0
1756079940_7..S,143900_7..S,7,1,1756079940,07 2359 MST/34H,1756096591,1756096594,1304,0,0
1756080120_5..S32R,000200_5..S32R,5,1,1756080120,05 0002  DYR/180,1756095349,1756095355,1160,0,0
1756080180_5..N32R,144300_5..N32R,5,0,1756080180,05 0003  180/DYR,1756008810,1756008813,722,0,0
1756080180_7..N,000300_7..N,7,0,1756080180,07 0003 34H/MST,1756096765,1756096768,1299,0,0
1756080210_GS.S01R,000350_GS.S01R,GS,1,1756080210,0S 0003+ TSS/GCS,1756094681,1756094686,142,0,0
1756080240_4..S13X075,000400_4..S13X075,4,1,1756080240,04 0004  WDL/GC,1756097194,1756097200,1450,0,0
1756080240_6..N01X012,144400_6..N01X012,6,0,1756080240,06 0004  GC /PEL,1756011096,1756011099,1461,0,0
1756080270_3..S01R,000450_3..S01R,3,1,1756080270,03 0004+ 148/NLT,1756098634,1756098640,1734,0,0
1756080316_7..S,000528_7..S,7X,1,1756080316,E7 0005 WPT/34H,1756096945,1756096948,631,1,0
1756080390_1..S03R,000650_1..S03R,1,1,1756080390,01 0006+ 242/SFT,1756098526,1756098529,1705,0,0
1756080420_1..N03R,144700_1..N03R,1,0,1756080420,01 0007  SFT/242,1756011851,1756011854,1590,0,0
1756080420_6..S01X053,000700_6..S01X053,6,1,1756080420,06 0007  PEL/GC,1756097824,1756097830,1517,0,0
1756080600_4..N13X156,145000_4..N13X156,4,0,1756080600,04 0010  GC /WDL,1756011171,1756011174,1326,0,0
1756080600_GS.N01R,001000_GS.N01R,GS,0,1756080600,0S 0010  GCS/TSS,1756095101,1756095103,130,0,0
1756080690_2..N08R,145150_2..N08R,2,0,1756080690,02 0011+ FLA/241,1756014269,1756014275,2155,0,0
1756080690_7..S,001150_7..S,7,1,1756080690,07 0011+ MST/34H,1756097404,1756097410,865,0,0
1756080810_GS.S01R,001350_GS.S01R,GS,1,1756080810,0S 0013+ TSS/GCS,1756095703,1756095706,139,0,0
1756080870_7..N,001450_7..N,7,0,1756080870,07 0014+ 34H/MST,1756097575,1756097578,1304,0,0
1756080900_1..N03R,145500_1..N03R,1,0,1756080900,01 0015  SFT/242,1756012151,1756012154,1510,0,0
1756080900_4..S13X075,001500_4..S13X075,4,1,1756080900,04 0015  WDL/GC,1756098025,1756098028,1372,0,0
1756080934_7..S,001558_7..S,7X,1,1756080934,E7 0015+ WPT/34H,1756100065,1756100068,1455,1,0
1756081020_6..N01X012,145700_6..N01X012,6,0,1756081020,06 0017  GC /PEL,1756011890,1756011893,1440,0,0
1756081140_2..S08R,001900_2..S08R,2,1,1756081140,02 0019  241/FLA,1756101895,1756101898,2402,0,0
1756081140_3..N01R,145900_3..N01R,3,0,1756081140,03 0019  NLT/148,1756013633,1756013636,1905,0,0
1756081200_GS.N01R,002000_GS.N01R,GS,0,1756081200,0S 0020  GCS/TSS,1756095673,1756095676,127,0,0
1756081242_7..S,002071_7..S,7X,1,1756081242,E7 0020+ WPT/34H,1756100839,1756100845,845,1,0
1756081320_4..N13X156,146200_4..N13X156,4,0,1756081320,04 0022  GC /WDL,1756012010,1756012013,1392,0,0
1756081320_5..S32R,002200_5..S32R,5,1,1756081320,05 0022  DYR/180,1756096429,1756096435,847,0,0
1756081320_6..S01X053,002200_6..S01X053,6,1,1756081320,06 0022  PEL/GC,1756098634,1756098640,1435,0,0
1756081380_1..N03R,146300_1..N03R,1,0,1756081380,01 0023  SFT/242,1756012973,1756012976,1649,0,0
1756081380_5..N32R,002300_5..N32R,5,0,1756081380,05 0023  180/DYR,1756096534,1756096540,874,0,0
1756081410_GS.S01R,002350_GS.S01R,GS,1,1756081410,0S 0023+ TSS/GCS,1756095868,1756095871,139,0,0
1756081470_3..S01R,002450_3..S01R,3,1,1756081470,03 0024+ 148/NLT,1756099804,1756099810,1386,0,0
1756081530_1..S03R,002550_1..S03R,1,1,1756081530,01 0025+ 242/SFT,1756099513,1756099516,1571,0,0
1756081530_7..S,002550_7..S,7,1,1756081530,07 0025+ MST/34H,1756098004,1756098010,1025,0,0
1756081590_7..N,002650_7..N,7,0,1756081590,07 0026+ 34H/MST,1756098346,1756098349,1221,0,0
1756081800_GS.N01R,003000_GS.N01R,GS,0,1756081800,0S 0030  GCS/TSS,1756096273,1756096276,127,0,0
1756081860_1..N03R,147100_1..N03R,1,0,1756081860,01 0031  SFT/242,1756013309,1756013315,1579,0,0
1756081890_2..N08R,147150_2..N08R,2,0,1756081890,02 0031+ FLA/241,1756016843,1756016846,2522,0,0
1756081920_6..N01X012,147200_6..N01X012,6,0,1756081920,06 0032  GC /PEL,1756012841,1756012844,1454,0,0
1756082010_GS.S01R,003350_GS.S01R,GS,1,1756082010,0S 0033+ TSS/GCS,1756096468,1756096471,140,0,0
1756082040_4..N13X156,147400_4..N13X156,4,0,1756082040,04 0034  GC /WDL,1756012931,1756012934,1478,0,0
1756082100_4..S13X075,003500_4..S13X075,4,1,1756082100,04 0035  WDL/GC,1756099105,1756099108,1263,0,0
1756082112_7..S,003521_7..S,7X,1,1756082112,E7 0035 WPT/34H,1756102180,1756102183,803,1,0
1756082310_7..N,003850_7..N,7,0,1756082310,07 0038+ 34H/MST,1756098949,1756098955,1210,0,0
1756082340_1..N03R,147900_1..N03R,1,0,1756082340,01 0039  SFT/242,1756013621,1756013624,1582,0,0
1756082340_2..S08R,003900_2..S08R,2,1,1756082340,02 0039  241/FLA,1756102915,1756102918,2276,0,0
1756082340_3..N01R,147900_3..N01R,3,0,1756082340,03 0039  NLT/148,1756014641,1756014644,1877,0,0
1756082370_6..S01X053,003950_6..S01X053,6,1,1756082370,06 0039+ PEL/GC,1756100014,1756100020,1406,0,0
1756082400_7..S,004000_7..S,7,1,1756082400,07 0040 MST/34H,1756098841,1756098844,1149,0,0
1756082400_GS.N01R,004000_GS.N01R,GS,0,1756082400,0S 0040  GCS/TSS,1756096888,1756096891,129,0,0
1756082520_5..S32R,004200_5..S32R,5,1,1756082520,05 0042  DYR/180,1756097614,1756097620,766,0,0
1756082580_5..N32R,004300_5..N32R,5,0,1756082580,05 0043  180/DYR,1756097743,1756097746,800,0,0
1756082610_GS.S01R,004350_GS.S01R,GS,1,1756082610,0S 0043+ TSS/GCS,1756097068,1756097071,141,0,0
1756082670_3..S01R,004450_3..S01R,3,1,1756082670,03 0044+ 148/NLT,1756100614,1756100620,1467,0,0
1756082730_1..S03R,004550_1..S03R,1,1,1756082730,01 0045+ 242/SFT,1756100485,1756100488,1432,0,0
1756082820_1..N03R,148700_1..N03R,1,0,1756082820,01 0047  SFT/242,1756011374,1756011380,824,0,0
1756082820_6..N01X012,148700_6..N01X012,6,0,1756082820,06 0047  GC /PEL,1756013729,1756013735,1452,0,0
1756082880_7..N,004800_7..N,7,0,1756082880,07 0048 34H/MST,1756099666,1756099669,1125,0,0
1756083000_GS.N01R,005000_GS.N01R,GS,0,1756083000,0S 0050  GCS/TSS,1756097488,1756097491,130,0,0
1756083090_2..N08R,149150_2..N08R,2,0,1756083090,02 0051+ FLA/241,1756017533,1756017536,2387,0,0
1756083180_4..N13X156,005300_4..N13X156,4,0,1756083180,04 0053  GC /WDL,1756100104,1756100110,748,0,0
1756083210_GS.S01R,005350_GS.S01R,GS,1,1756083210,0S 0053+ TSS/GCS,1756097653,1756097656,141,0,0
1756083300_1..N03R,149500_1..N03R,1,0,1756083300,01 0055  SFT/242,1756014881,1756014884,1580,0,0
1756083300_4..S13X075,005500_4..S13X075,4,1,1756083300,04 0055  WDL/GC,1756100614,1756100620,1285,0,0
1756083540_2..S08R,005900_2..S08R,2,1,1756083540,02 0059  241/FLA,1756104685,1756104688,2368,0,0
1756083540_3..N01R,149900_3..N01R,3,0,1756083540,03 0059  NLT/148,1756016069,1756016075,1897,0,0
1756083570_6..S01X053,005950_6..S01X053,6,1,1756083570,06 0059+ PEL/GC,1756101214,1756101220,1365,0,0
1756083600_7..S,006000_7..S,7,1,1756083600,07 0100 MST/34H,1756100476,1756100479,1074,0,0
1756083600_GS.N01R,006000_GS.N01R,GS,0,1756083600,0S 0100  GCS/TSS,1756098148,1756098151,136,0,0
1756083690_6..N01X012,006150_6..N01X012,6,0,1756083690,06 0101+ GC /PEL,1756100863,1756100866,917,0,0
1756083690_7..N,006150_7..N,7,0,1756083690,07 0101+ 34H/MST,1756100440,1756100443,1157,0,0
1756083720_5..S32R,006200_5..S32R,5,1,1756083720,05 0102  DYR/180,1756098823,1756098826,726,0,0
1756083780_1..N03R,150300_1..N03R,1,0,1756083780,01 0103  SFT/242,1756015331,1756015334,1602,0,0
1756083780_5..N32R,006300_5..N32R,5,0,1756083780,05 0103  180/DYR,1756098994,1756099000,772,0,0
1756083810_4..N13X156,006350_4..N13X156,4,0,1756083810,04 0103+ GC /WDL,1756100713,1756100716,780,0,0
1756083810_GS.S01R,006350_GS.S01R,GS,1,1756083810,0S 0103+ TSS/GCS,1756098298,1756098301,146,0,0
1756083870_3..S01R,006450_3..S01R,3,1,1756083870,03 0104+ 148/NLT,1756102144,1756102150,1531,0,0
1756083930_1..S03R,006550_1..S03R,1,1,1756083930,01 0105+ 242/SFT,1756101733,1756101736,1422,0,0
1756084170_7..N,006950_7..N,7,0,1756084170,07 0109+ 34H/MST,1756101079,1756101085,1197,0,0
1756084200_GS.N01R,007000_GS.N01R,GS,0,1756084200,0S 0110  GCS/TSS,1756098688,1756098691,132,0,0
1756084290_2..N08R,151150_2..N08R,2,0,1756084290,02 0111+ FLA/241,1756018961,1756018964,2368,0,0
1756084410_GS.S01R,007350_GS.S01R,GS,1,1756084410,0S 0113+ TSS/GCS,1756098853,1756098856,143,0,0
1756084470_1..N03R,007450_1..N03R,1,0,1756084470,01 0114+ SFT/242,1756102174,1756102180,1379,0,0
1756084500_4..S13X075,007500_4..S13X075,4,1,1756084500,04 0115  WDL/GC,1756101514,1756101520,1205,0,0
1756084590_6..N01X012,007650_6..N01X012,6,0,1756084590,06 0116+ GC /PEL,1756101793,1756101796,899,0,0
1756084740_2..S08R,007900_2..S08R,2,1,1756084740,02 0119  241/FLA,1756105723,1756105726,2324,0,0
1756084740_3..N01R,151900_3..N01R,3,0,1756084740,03 0119  NLT/148,1756017059,1756017065,1707,0,0
1756084770_6..S01X053,007950_6..S01X053,6,1,1756084770,06 0119+ PEL/GC,1756102333,1756102336,1341,0,0
1756084800_3..N01R,008000_3..N01R,3,0,1756084800,03 0120  NLT/148,1756103563,1756103566,1669,0,0
1756084800_7..S,008000_7..S,7,1,1756084800,07 0120 MST/34H,1756101289,1756101295,1109,0,0
1756084800_GS.N01R,008000_GS.N01R,GS,0,1756084800,0S 0120  GCS/TSS,1756099273,1756099276,131,0,0
1756084920_5..S32R,008200_5..S32R,5,1,1756084920,05 0122  DYR/180,1756100035,1756100038,730,0,0
1756084980_5..N32R,008300_5..N32R,5,0,1756084980,05 0123  180/DYR,1756100125,1756100128,754,0,0
1756085010_4..N13X156,008350_4..N13X156,4,0,1756085010,04 0123+ GC /WDL,1756101994,1756102000,908,0,0
1756085010_GS.S01R,008350_GS.S01R,GS,1,1756085010,0S 0123+ TSS/GCS,1756099453,1756099456,142,0,0
1756085070_3..S01R,008450_3..S01R,3,1,1756085070,03 0124+ 148/NLT,1756103455,1756103458,1560,0,0
1756085100_7..N,008500_7..N,7,0,1756085100,07 0125 34H/MST,1756102033,1756102036,1145,0,0
1756085130_1..S03R,008550_1..S03R,1,1,1756085130,01 0125+ 242/SFT,1756102825,1756102828,1391,0,0
1756085400_GS.N01R,009000_GS.N01R,GS,0,1756085400,0S 0130  GCS/TSS,1756099903,1756099906,132,0,0
1756085490_2..N08R,153150_2..N08R,2,0,1756085490,02 0131+ FLA/241,1756020293,1756020296,2344,0,0
1756085610_GS.S01R,009350_GS.S01R,GS,1,1756085610,0S 0133+ TSS/GCS,1756100053,1756100056,142,0,0
1756085670_1..N03R,009450_1..N03R,1,0,1756085670,01 0134+ SFT/242,1756103533,1756103536,1421,0,0
1756085700_4..S13X075,009500_4..S13X075,4,1,1756085700,04 0135  WDL/GC,1756102684,1756102690,1195,0,0
1756085700_6..N01X012,009500_6..N01X012,6,0,1756085700,06 0135  GC /PEL,1756103125,1756103128,1310,0,0
1756085940_2..S08R,009900_2..S08R,2,1,1756085940,02 0139  241/FLA,1756106674,1756106677,2258,0,0
1756085970_6..S01X053,009950_6..S01X053,6,1,1756085970,06 0139+ PEL/GC,1756103755,1756103758,1400,0,0
1756086000_3..N01R,010000_3..N01R,3,0,1756086000,03 0140  NLT/148,1756104515,1756104520,1603,0,0
1756086000_7..S,010000_7..S,7,1,1756086000,07 0140 MST/34H,1756102810,1756102816,1199,0,0
1756086000_GS.N01R,010000_GS.N01R,GS,0,1756086000,0S 0140  GCS/TSS,1756100518,1756100521,133,0,0
1756086120_5..S32R,010200_5..S32R,5,1,1756086120,05 0142  DYR/180,1756101244,1756101250,733,0,0
1756086180_5..N32R,010300_5..N32R,5,0,1756086180,05 0143  180/DYR,1756101154,1756101160,709,0,0
1756086210_4..N13X156,010350_4..N13X156,4,0,1756086210,04 0143+ GC /WDL,1756103545,1756103548,931,0,0
1756086210_GS.S01R,010350_GS.S01R,GS,1,1756086210,0S 0143+ TSS/GCS,1756100668,1756100671,143,0,0
1756086270_3..S01R,010450_3..S01R,3,1,1756086270,03 0144+ 148/NLT,1756104635,1756104640,1555,0,0
1756086300_7..N,010500_7..N,7,0,1756086300,07 0145 34H/MST,1756103000,1756103005,936,0,0
1756086300_7..S,010500_7..S,7X,1,1756086300,E7 0035 WPT/34H,1756102183,1756102186,429,1,0
1756086330_1..S03R,010550_1..S03R,1,1,1756086330,01 0145+ 242/SFT,1756104065,1756104070,1403,0,0
1756086423_7..N,010706_7..N,7X,0,1756086423,07 0300 MST/34H,1756102249,1756102255,68,0,0
1756086423_7..S,010706_7..S,7X,1,1756086423,E7 0147 WPT/34H,1756101994,1756102000,286,1,0
1756086600_GS.N01R,011000_GS.N01R,GS,0,1756086600,0S 0150  GCS/TSS,1756101103,1756101106,132,0,0
1756086690_2..N08R,155150_2..N08R,2,0,1756086690,02 0151+ FLA/241,1756021073,1756021076,2232,0,0
1756086810_GS.S01R,011350_GS.S01R,GS,1,1756086810,0S 0153+ TSS/GCS,1756101283,1756101286,144,0,0
1756086870_1..N03R,011450_1..N03R,1,0,1756086870,01 0154+ SFT/242,1756104943,1756104946,1477,0,0
1756086900_4..S13X075,011500_4..S13X075,4,1,1756086900,04 0155  WDL/GC,1756104763,1756104766,1429,0,0
1756086900_6..N01X012,011500_6..N01X012,6,0,1756086900,06 0155  GC /PEL,1756104730,1756104733,1420,0,0
1756087140_2..S08R,011900_2..S08R,2,1,1756087140,02 0159  241/FLA,1756108045,1756108048,2304,0,0
1756087170_6..S01X053,011950_6..S01X053,6,1,1756087170,06 0159+ PEL/GC,1756104995,1756105000,1411,0,0
1756087200_3..N01R,012000_3..N01R,3,0,1756087200,03 0200  NLT/148,1756105715,1756105720,1602,0,0
1756087200_7..S,012000_7..S,7,1,1756087200,07 0200 MST/34H,1756103870,1756103875,1158,0,0
1756087200_GS.N01R,012000_GS.N01R,GS,0,1756087200,0S 0200  GCS/TSS,1756101673,1756101676,132,0,0
1756087320_5..S32R,012200_5..S32R,5,1,1756087320,05 0202  DYR/180,1756102324,1756102330,699,0,0
1756087380_5..N32R,012300_5..N32R,5,0,1756087380,05 0203  180/DYR,1756102504,1756102510,746,0,0
1756087410_4..N13X156,012350_4..N13X156,4,0,1756087410,04 0203+ GC /WDL,1756104445,1756104448,839,0,0
1756087410_GS.S01R,012350_GS.S01R,GS,1,1756087410,0S 0203+ TSS/GCS,1756101853,1756101856,143,0,0
1756087500_7..N,012500_7..N,7,0,1756087500,07 0205 34H/MST,1756104163,1756104166,1031,0,0
1756087530_1..S03R,012550_1..S03R,1,1,1756087530,01 0205+ 242/SFT,1756105285,1756105288,1408,0,0
1756087800_GS.N01R,013000_GS.N01R,GS,0,1756087800,0S 0210  GCS/TSS,1756102273,1756102276,130,0,0
1756088010_2..N08R,013350_2..N08R,2,0,1756088010,02 0213+ FLA/241,1756109845,1756109848,2684,0,0
1756088010_GS.S01R,013350_GS.S01R,GS,1,1756088010,0S 0213+ TSS/GCS,1756102468,1756102471,143,0,0
1756088070_1..N03R,013450_1..N03R,1,0,1756088070,01 0214+ SFT/242,1756105805,1756105810,1386,0,0
1756088070_3..S01R,013450_3..S01R,3,1,1756088070,03 0214+ 148/NLT,1756106434,1756106440,1095,0,0
1756088100_4..S13X075,013500_4..S13X075,4,1,1756088100,04 0215  WDL/GC,1756105483,1756105486,1301,0,0
1756088100_6..N01X012,013500_6..N01X012,6,0,1756088100,06 0215  GC /PEL,1756105273,1756105276,1245,0,0
1756088340_2..S08R,013900_2..S08R,2,1,1756088340,02 0219  241/FLA,1756109164,1756109170,2332,0,0
1756088370_6..S01X053,013950_6..S01X053,6,1,1756088370,06 0219+ PEL/GC,1756105936,1756105940,1349,0,0
1756088400_3..N01R,014000_3..N01R,3,0,1756088400,03 0220  NLT/148,1756106944,1756106950,1611,0,0
1756088400_7..S,014000_7..S,7,1,1756088400,07 0220 MST/34H,1756105025,1756105030,1121,0,0
1756088400_GS.N01R,014000_GS.N01R,GS,0,1756088400,0S 0220  GCS/TSS,1756102880,1756102885,129,0,0
1756088520_5..S32R,014200_5..S32R,5,1,1756088520,05 0222  DYR/180,1756103653,1756103656,733,0,0
1756088580_5..N32R,014300_5..N32R,5,0,1756088580,05 0223  180/DYR,1756103435,1756103440,675,0,0
1756088610_4..N13X156,014350_4..N13X156,4,0,1756088610,04 0223+ GC /WDL,1756105645,1756105648,1263,0,0
1756088610_GS.S01R,014350_GS.S01R,GS,1,1756088610,0S 0223+ TSS/GCS,1756103060,1756103065,141,0,0
1756088700_7..N,014500_7..N,7,0,1756088700,07 0225 34H/MST,1756105726,1756105730,1237,0,0
1756088730_1..S03R,014550_1..S03R,1,1,1756088730,01 0225+ 242/SFT,1756106494,1756106500,1411,0,0
1756089000_GS.N01R,015000_GS.N01R,GS,0,1756089000,0S 0230  GCS/TSS,1756103480,1756103485,129,0,0
1756089210_2..N08R,015350_2..N08R,2,0,1756089210,02 0233+ FLA/241,1756110421,1756110424,2594,0,0
1756089210_GS.S01R,015350_GS.S01R,GS,1,1756089210,0S 0233+ TSS/GCS,1756103660,1756103665,141,0,0
1756089270_1..N03R,015450_1..N03R,1,0,1756089270,01 0234+ SFT/242,1756107094,1756107100,1412,0,0
1756089300_4..S13X075,015500_4..S13X075,4,1,1756089300,04 0235  WDL/GC,1756106284,1756106290,1195,0,0
1756089300_6..N01X012,015500_6..N01X012,6,0,1756089300,06 0235  GC /PEL,1756106905,1756106908,1346,0,0
1756089540_2..S08R,015900_2..S08R,2,1,1756089540,02 0239  241/FLA,1756110568,1756110571,2574,0,0
1756089570_6..S01X053,015950_6..S01X053,6,1,1756089570,06 0239+ PEL/GC,1756107145,1756107148,1346,0,0
1756089600_3..N01R,016000_3..N01R,3,0,1756089600,03 0240  NLT/148,1756108075,1756108078,1594,0,0
1756089600_7..S,016000_7..S,7,1,1756089600,07 0240 MST/34H,1756106248,1756106251,1123,0,0
1756089600_GS.N01R,016000_GS.N01R,GS,0,1756089600,0S 0240  GCS/TSS,1756104095,1756104100,132,0,0
1756089720_5..S32R,016200_5..S32R,5,1,1756089720,05 0242  DYR/180,1756104793,1756104796,719,0,0
1756089780_5..N32R,016300_5..N32R,5,0,1756089780,05 0243  180/DYR,1756105075,1756105078,794,0,0
1756089810_4..N13X156,016350_4..N13X156,4,0,1756089810,04 0243+ GC /WDL,1756104920,1756104925,605,0,0
1756089810_GS.S01R,016350_GS.S01R,GS,1,1756089810,0S 0243+ TSS/GCS,1756104260,1756104265,143,0,0
1756089870_3..S01R,016450_3..S01R,3,1,1756089870,03 0244+ 148/NLT,1756107916,1756107919,1472,0,0
1756089900_7..N,016500_7..N,7,0,1756089900,07 0245 34H/MST,1756106881,1756106884,1239,0,0
1756089930_1..S03R,016550_1..S03R,1,1,1756089930,01 0245+ 242/SFT,1756107664,1756107670,1464,0,0
1756090200_GS.N01R,017000_GS.N01R,GS,0,1756090200,0S 0250  GCS/TSS,1756104680,1756104685,132,0,0
1756090410_2..N08R,017350_2..N08R,2,0,1756090410,02 0253+ FLA/241,1756110796,1756110799,2426,0,0
1756090410_GS.S01R,017350_GS.S01R,GS,1,1756090410,0S 0253+ TSS/GCS,1756104860,1756104865,144,0,0
1756090470_1..N03R,017450_1..N03R,1,0,1756090470,01 0254+ SFT/242,1756108576,1756108579,1489,0,0
1756090500_4..S13X075,017500_4..S13X075,4,1,1756090500,04 0255  WDL/GC,1756107724,1756107730,1262,0,0
1756090500_6..N01X012,017500_6..N01X012,6,0,1756090500,06 0255  GC /PEL,1756107736,1756107739,1239,0,0
1756090530_4..N13X156,017550_4..N13X156,4,0,1756090530,E4 0255+ GC /WDL,1756107424,1756107430,669,0,0
1756090740_2..S08R,017900_2..S08R,2,1,1756090740,02 0259  241/FLA,1756111258,1756111261,2532,0,0
1756090770_6..S01X053,017950_6..S01X053,6,1,1756090770,06 0259+ PEL/GC,1756108246,1756108249,1320,0,0
1756090800_3..N01R,018000_3..N01R,3,0,1756090800,03 0300  NLT/148,1756109284,1756109290,1662,0,0
1756090800_7..N,018000_7..N,7,0,1756090800,07 0300 MST/34H,1756105168,1756105171,509,0,0
1756090800_7..S,018000_7..S,7,1,1756090800,07 0300 MST/34H,1756107394,1756107400,594,0,0
1756090800_GS.N01R,018000_GS.N01R,GS,0,1756090800,0S 0300  GCS/TSS,1756105295,1756105300,134,0,0
1756090920_5..S32R,018200_5..S32R,5,1,1756090920,05 0302  DYR/180,1756106044,1756106050,732,0,0
1756090980_5..N32R,018300_5..N32R,5,0,1756090980,05 0303  180/DYR,1756105876,1756105880,687,0,0
1756091010_4..N13X156,018350_4..N13X156,4,0,1756091010,04 0303+ GC /WDL,1756108066,1756108069,1252,0,0
1756091010_GS.S01R,018350_GS.S01R,GS,1,1756091010,0S 0303+ TSS/GCS,1756105475,1756105480,146,0,0
1756091070_3..S01R,018450_3..S01R,3,1,1756091070,03 0304+ 148/NLT,1756109194,1756109200,1546,0,0
1756091100_7..N,018500_7..N,7,0,1756091100,07 0305 34H/MST,1756107916,1756107919,1159,0,0
1756091130_1..S03R,018550_1..S03R,1,1,1756091130,01 0305+ 242/SFT,1756108975,1756108978,1475,0,0
1756091400_GS.N01R,019000_GS.N01R,GS,0,1756091400,0S 0310  GCS/TSS,1756105895,1756105900,134,0,0
1756091610_2..N08R,019350_2..N08R,2,0,1756091610,02 0313+ FLA/241,1756112029,1756112035,2600,0,0
1756091610_GS.S01R,019350_GS.S01R,GS,1,1756091610,0S 0313+ TSS/GCS,1756105985,1756105990,140,0,0
1756091670_1..N03R,019450_1..N03R,1,0,1756091670,01 0314+ SFT/242,1756109314,1756109320,1434,0,0
1756091700_4..S13X075,019500_4..S13X075,4,1,1756091700,04 0315  WDL/GC,1756108696,1756108699,1200,0,0
1756091700_6..N01X012,019500_6..N01X012,6,0,1756091700,06 0315  GC /PEL,1756109104,1756109110,1350,0,0
1756091940_2..S08R,019900_2..S08R,2,1,1756091940,02 0319  241/FLA,1756112290,1756112293,2624,0,0
1756091970_6..S01X053,019950_6..S01X053,6,1,1756091970,06 0319+ PEL/GC,1756109344,1756109350,1366,0,0
1756092000_7..S,020000_7..S,7,1,1756092000,07 0320 MST/34H,1756108558,1756108561,1102,0,0
1756092120_5..S32R,020200_5..S32R,5,1,1756092120,05 0322  DYR/180,1756107244,1756107250,733,0,0
1756092180_5..N32R,020300_5..N32R,5,0,1756092180,05 0323  180/DYR,1756107286,1756107289,744,0,0
1756092210_4..N13X156,020350_4..N13X156,4,0,1756092210,04 0323+ GC /WDL,1756109026,1756109029,1238,0,0
1756092270_3..S01R,020450_3..S01R,3,1,1756092270,03 0324+ 148/NLT,1756110211,1756110214,1632,0,0
1756092300_7..N,020500_7..N,7,0,1756092300,07 0325 34H/MST,1756109254,1756109260,1286,0,0
1756092330_1..S03R,020550_1..S03R,1,1,1756092330,01 0325+ 242/SFT,1756110094,1756110100,1586,0,0
1756092600_3..N01R,021000_3..N01R,3,0,1756092600,03 0330  NLT/148,1756110838,1756110841,1471,0,0
1756092810_2..N08R,021350_2..N08R,2,0,1756092810,02 0333+ FLA/241,1756112396,,2426,0,0
1756092870_1..N03R,021450_1..N03R,1,0,1756092870,01 0334+ SFT/242,1756110499,1756110505,1588,0,0
1756092900_4..S13X075,021500_4..S13X075,4,1,1756092900,04 0335  WDL/GC,1756109884,1756109890,1342,0,0
1756092900_6..N01X012,021500_6..N01X012,6,0,1756092900,06 0335  GC /PEL,1756110211,1756110214,1472,0,0
1756093140_2..S08R,021900_2..S08R,2,1,1756093140,02 0339  241/FLA,1756112396,,2346,0,0
1756093170_6..S01X053,021950_6..S01X053,6,1,1756093170,06 0339+ PEL/GC,1756110433,1756110436,1482,0,0
1756093200_7..S,022000_7..S,7,1,1756093200,07 0340 MST/34H,1756109860,1756109863,1245,0,0
1756093320_5..S32R,022200_5..S32R,5,1,1756093320,05 0342  DYR/180,1756108486,1756108489,745,0,0
1756093380_5..N32R,022300_5..N32R,5,0,1756093380,05 0343  180/DYR,1756108246,1756108249,681,0,0
1756093410_4..N13X156,022350_4..N13X156,4,0,1756093410,04 0343+ GC /WDL,1756110289,1756110295,1425,0,0
1756093470_3..S01R,022450_3..S01R,3,1,1756093470,03 0344+ 148/NLT,1756111618,1756111621,1876,0,0
1756093500_7..N,022500_7..N,7,0,1756093500,07 0345 34H/MST,1756110191,1756110193,1193,0,0
1756093500_7..S,022500_7..S,7,1,1756093500,07 0345 34H/MST,1756107211,1756107214,3,0,0
1756093530_1..S03R,022550_1..S03R,1,1,1756093530,01 0345+ 242/SFT,1756111258,1756111261,1783,0,0
1756094010_2..N08R,023350_2..N08R,2,0,1756094010,02 0353+ FLA/241,1756112396,,2107,0,0
1756094040_2..S08R,023400_2..S08R,2,1,1756094040,02 0354  241/FLA,1756112396,,2107,0,0
1756094070_1..N03R,023450_1..N03R,1,0,1756094070,01 0354+ SFT/242,1756111714,1756111720,1755,0,0
1756094100_4..S13X075,023500_4..S13X075,4,1,1756094100,04 0355  WDL/GC,1756111054,1756111060,1491,0,0
1756094100_6..N01X012,023500_6..N01X012,6,0,1756094100,06 0355  GC /PEL,1756111474,1756111480,1659,0,0
1756094370_6..S01R,023950_6..S01R,6,1,1756094370,06 0359+ PEL/BBR,1756112396,,1946,0,0
1756094400_3..N01R,024000_3..N01R,3,0,1756094400,03 0400  NLT/148,1756112396,,1946,0,0
1756094400_7..S,024000_7..S,7,1,1756094400,07 0400 MST/34H,1756110904,1756110910,1363,0,0
1756008000_A..N43R,024000_A..N43R,A,0,1756008000,1A 0400 LEF/EUC,1756023087,1756023102,438,0,0
1756008060_H..N21R,024100_H..N21R,H,0,1756008060,1H 0401 RPK/BCR,1756033252,1756033267,1421,0,0
1756008120_A..N85X001,024200_A..N85X001,A,0,1756008120,1A 0402 FAR/168,1756028958,1756028973,970,1,0
1756008120_A..S,024200_A..S,A,1,1756008120,EA 0402 EUC/FAR,1756024707,1756024709,158,1,1
1756008330_H..S21R,024550_H..S21R,H,1,1756008330,1H 0405+ BCR/RPK,1756023417,1756023432,438,0,0
1756008390_A..S43R,024650_A..S43R,A,1,1756008390,1A 0406+ EUC/LEF,1756023462,1756023477,437,0,0
1756008510_E..N05X100,024850_E..N05X100,E,0,1756008510,1E 0408+ WTC/P-A,1756026045,1756026058,705,0,0
1756008840_E..S04R,025400_E..S04R,E,1,1756008840,1E 0414 P-A/WTC,1756026765,1756026781,761,0,0
1756009200_A..N43R,026000_A..N43R,A,0,1756009200,1A 0420 LEF/EUC,1756024228,1756024243,414,0,0
1756009260_H..N21R,026100_H..N21R,H,0,1756009260,1H 0421 RPK/BCR,1756034454,1756034467,1426,0,0
1756009320_A..N85X001,026200_A..N85X001,A,0,1756009320,1A 0422 FAR/168,1756030429,1756030443,1042,1,0
1756009530_H..S21R,026550_H..S21R,H,1,1756009530,1H 0425+ BCR/RPK,1756024647,1756024648,408,0,0
1756009590_A..S43R,026650_A..S43R,A,1,1756009590,1A 0426+ EUC/LEF,1756024694,1756024707,407,0,0
1756009680_A..S74X043,026800_A..S74X043,A,1,1756009680,1A 0428 168/FAR,1756029859,1756029872,917,0,0
1756009710_E..N05X100,026850_E..N05X100,E,0,1756009710,1E 0428+ WTC/P-A,1756027531,1756027546,715,0,0
1756010040_E..S04R,027400_E..S04R,E,1,1756010040,1E 0434 P-A/WTC,1756027726,1756027742,665,0,0
1756010310_E..N,027850_E..N,E,0,1756010310,EE 0438+ WTC/P-A,1756027742,1756027756,403,0,0
1756010400_A..N43R,028000_A..N43R,A,0,1756010400,1A 0440 LEF/EUC,1756025489,1756025503,405,0,0
1756010460_H..N21R,028100_H..N21R,H,0,1756010460,1H 0441 RPK/BCR,1756035655,1756035668,1426,0,0
1756010520_A..N85X001,028200_A..N85X001,A,0,1756010520,1A 0442 FAR/168,1756030880,1756030893,942,1,0
1756010730_H..S21R,028550_H..S21R,H,1,1756010730,1H 0445+ BCR/RPK,1756026901,1756026916,537,0,0
1756010790_A..S43R,028650_A..S43R,A,1,1756010790,1A 0446+ EUC/LEF,1756025835,1756025848,399,0,0
1756010910_E..N05X100,028850_E..N05X100,E,0,1756010910,1E 0448+ WTC/P-A,1756028522,1756028537,621,0,0
1756011240_E..S04R,029400_E..S04R,E,1,1756011240,1E 0454 P-A/WTC,1756028973,1756028988,611,0,0
1756011480_A..S74X043,029800_A..S74X043,A,1,1756011480,1A 0458 168/FAR,1756031556,1756031569,924,0,0
1756011600_A..N43R,030000_A..N43R,A,0,1756011600,1A 0500 LEF/EUC,1756026615,1756026629,331,0,0
1756011660_H..N21R,030100_H..N21R,H,0,1756011660,1H 0501 RPK/BCR,1756036856,1756036871,1428,0,0
1756011720_A..N85X001,030200_A..N85X001,A,0,1756011720,1A 0502 FAR/168,1756032427,1756032441,970,1,0
1756011930_H..S21R,030550_H..S21R,H,1,1756011930,1H 0505+ BCR/RPK,1756026901,1756026916,427,0,0
1756011990_A..S43R,030650_A..S43R,A,1,1756011990,1A 0506+ EUC/LEF,1756027021,1756027036,431,0,0
1756012080_A..S,030800_A..S,A,1,1756012080,EA 0508 168/FAR,1756032321,1756032336,939,0,0
1756012110_E..N05X100,030850_E..N05X100,E,0,1756012110,1E 0508+ WTC/P-A,1756029649,1756029662,627,0,0
1756012440_E..S69R,031400_E..S69R,E,1,1756012440,1E 0514 P-A/WTC,1756029662,1756029664,606,0,0
1756012680_A..S74X043,031800_A..S74X043,A,1,1756012680,1A 0518 168/FAR,1756032652,1756032667,921,0,0
1756012800_A..N43R,032000_A..N43R,A,0,1756012800,1A 0520 LEF/EUC,1756027907,1756027922,436,0,0
1756012860_H..N21R,032100_H..N21R,H,0,1756012860,1H 0521 RPK/BCR,1756038057,1756038072,1428,0,0
1756012920_A..N85X001,032200_A..N85X001,A,0,1756012920,1A 0522 FAR/168,1756033658,1756033673,972,1,0
1756013130_H..S21R,032550_H..S21R,H,1,1756013130,1H 0525+ BCR/RPK,1756028102,1756028117,427,0,0
1756013190_A..S43R,032650_A..S43R,A,1,1756013190,1A 0526+ EUC/LEF,1756028282,1756028297,435,0,0
1756013310_E..N05X100,032850_E..N05X100,E,0,1756013310,1E 0528+ WTC/P-A,1756030880,1756030893,712,0,0
1756013640_E..S69R,033400_E..S69R,E,1,1756013640,1E 0534 P-A/WTC,1756030760,1756030773,673,0,0
1756013880_A..S74X043,033800_A..S74X043,A,1,1756013880,1A 0538 168/FAR,1756034409,1756034422,971,0,0
1756014000_A..N43R,034000_A..N43R,A,0,1756014000,1A 0540 LEF/EUC,1756029093,1756029108,415,0,0
1756014000_H..N21R,034000_H..N21R,H,0,1756014000,1H 0540 RPK/BCR,1756039199,1756039212,1439,0,0
1756014090_A..N85X001,034150_A..N85X001,A,0,1756014090,1A 0541+ FAR/168,1756034379,1756034392,939,1,0
1756014330_H..S21R,034550_H..S21R,H,1,1756014330,1H 0545+ BCR/RPK,1756029378,1756029392,400,0,0
1756014390_A..S43R,034650_A..S43R,A,1,1756014390,1A 0546+ EUC/LEF,1756029423,1756029437,398,0,0
1756014510_E..N05X100,034850_E..N05X100,E,0,1756014510,1E 0548+ WTC/P-A,1756032592,1756032607,740,0,0
1756014840_E..S69R,035400_E..S69R,E,1,1756014840,1E 0554 P-A/WTC,1756032201,1756032216,670,0,0
1756014900_H..N21R,035500_H..N21R,H,0,1756014900,1H 0555 RPK/BCR,1756040100,1756040113,1439,0,0
1756014990_A..N85X001,035650_A..N85X001,A,0,1756014990,1A 0556+ FAR/168,1756035895,1756035908,1022,1,0
1756015080_A..S74X043,035800_A..S74X043,A,1,1756015080,1A 0558 168/FAR,1756034964,1756034977,886,0,0
1756015140_A..N43R,035900_A..N43R,A,0,1756015140,1A 0559 LEF/EUC,1756030204,1756030218,404,0,0
1756015530_H..S21R,036550_H..S21R,H,1,1756015530,1H 0605+ BCR/RPK,1756030595,1756030608,404,0,0
1756015590_A..S43R,036650_A..S43R,A,1,1756015590,1A 0606+ EUC/LEF,1756030564,1756030578,392,0,0
1756015680_H..N21R,036800_H..N21R,H,0,1756015680,1H 0608 RPK/BCR,1756040880,1756040894,1440,0,0
1756015710_E..N72R,036850_E..N72R,E,0,1756015710,1E 0608+ WTC/P-A,1756032937,1756032952,604,0,0
1756015890_A..N85X001,037150_A..N85X001,A,0,1756015890,1A 0611+ FAR/168,1756036526,1756036541,978,0,0
1756016040_E..S69R,037400_E..S69R,E,1,1756016040,1E 0614 P-A/WTC,1756033147,1756033162,582,0,0
1756016070_H..S21R,037450_H..S21R,H,1,1756016070,1H 0614+ BCR/RPK,1756031901,1756031916,497,0,0
1756016280_A..S74X043,037800_A..S74X043,A,1,1756016280,1A 0618 168/FAR,1756036211,1756036224,916,0,0
1756016790_A..S43R,038650_A..S43R,A,1,1756016790,1A 0626+ EUC/LEF,1756031931,1756031946,451,0,0
1756016880_H..N21R,038800_H..N21R,H,0,1756016880,1H 0628 RPK/BCR,1756042082,1756042097,1444,0,0
1756016910_E..N72R,038850_E..N72R,E,0,1756016910,1E 0628+ WTC/P-A,1756034108,1756034122,594,0,0
1756016940_A..N43R,038900_A..N43R,A,0,1756016940,1A 0629 LEF/EUC,1756031495,1756031509,404,0,0
1756017240_E..S69R,039400_E..S69R,E,1,1756017240,1E 0634 P-A/WTC,1756034589,1756034602,636,0,0
1756017270_A..S74X043,039450_A..S74X043,A,1,1756017270,1A 0634+ 168/FAR,1756037487,1756037502,948,0,0
1756017600_H..N21R,040000_H..N21R,H,0,1756017600,1H 0640 RPK/BCR,1756042803,1756042817,1444,0,0
1756017690_A..N85X003,040150_A..N85X003,A,0,1756017690,1A 0641+ FAR/168,1756037367,1756037382,912,0,0
1756017870_E..N72R,040450_E..N72R,E,0,1756017870,1E 0644+ WTC/P-A,1756035475,1756035488,712,0,0
1756017990_A..S37R,040650_A..S37R,A,1,1756017990,1A 0646+ EUC/LEF,1756033057,1756033072,446,0,0
1756017990_H..S21R,040650_H..S21R,H,1,1756017990,1H 0646+ BCR/RPK,1756033117,1756033132,450,0,0
1756018020_A..N04X037,040700_A..N04X037,A,0,1756018020,1A 0647 LEF/168,1756037186,1756037202,878,2,0
1756018110_A..S74X043,040850_A..S74X043,A,1,1756018110,1A 0648+ 168/FAR,1756039169,1756039182,1034,0,0
1756018440_E..S69R,041400_E..S69R,E,1,1756018440,1E 0654 P-A/WTC,1756035550,1756035563,681,0,0
1756018920_C..S04X006,042200_C..S04X006,C,1,1756018920,1C 0702 145/EUC,1756037202,1756037216,786,0,0
1756018980_H..N21R,042300_H..N21R,H,0,1756018980,1H 0703 RPK/BCR,1756044182,1756044184,1452,0,0
1756019010_E..N72R,042350_E..N72R,E,0,1756019010,1E 0703+ WTC/P-A,1756036376,1756036389,717,0,0
1756019070_A..N85X003,042450_A..N85X003,A,0,1756019070,1A 0704+ FAR/168,1756038868,1756038881,887,0,0
1756019130_H..S21R,042550_H..S21R,H,1,1756019130,1H 0705+ BCR/RPK,1756033883,1756033898,377,0,0
1756019160_A..S85X001,042600_A..S85X001,A,1,1756019160,1A 0706 168/LEF,1756037727,1756037742,788,0,0
1756019190_A..S43R,042650_A..S43R,A,1,1756019190,1A 0706+ EUC/LEF,1756034304,1756034317,416,0,0
1756019580_C..N04X006,043300_C..N04X006,C,0,1756019580,1C 0713 EUC/145,1756037967,1756037982,748,1,0
1756019580_E..S69R,043300_E..S69R,E,1,1756019580,1E 0713 P-A/WTC,1756037066,1756037081,688,0,0
1756019730_A..N86X003,043550_A..N86X003,A,0,1756019730,1A 0715+ LEF/168,1756038208,1756038223,744,0,0
1756020000_A..S87X005,044000_A..S87X005,A,1,1756020000,1A 0720 168/FAR,1756039589,1756039602,858,0,0
1756020120_C..S04X006,044200_C..S04X006,C,1,1756020120,1C 0722 145/EUC,1756038433,1756038448,707,0,0
1756020180_E..N72R,044300_E..N72R,E,0,1756020180,1E 0723 WTC/P-A,1756037457,1756037472,634,0,0
1756020180_H..N21R,044300_H..N21R,H,0,1756020180,1H 0723 RPK/BCR,1756045383,1756045385,1437,0,0
1756020270_A..N85X003,044450_A..N85X003,A,0,1756020270,1A 0724+ FAR/168,1756040115,1756040128,892,0,0
1756020330_H..S21R,044550_H..S21R,H,1,1756020330,1H 0725+ BCR/RPK,1756035009,1756035022,358,0,0
1756020390_A..S37R,044650_A..S37R,A,1,1756020390,1A 0726+ EUC/LEF,1756035340,1756035353,394,0,0
1756020690_E..S69R,045150_E..S69R,E,1,1756020690,1E 0731+ P-A/WTC,1756038027,1756038042,604,0,0
1756020780_C..N04X006,045300_C..N04X006,C,0,1756020780,1C 0733 EUC/145,1756039214,1756039227,704,0,0
1756020840_A..S85X001,045400_A..S85X001,A,1,1756020840,1A 0734 168/LEF,1756039739,1756039752,763,0,0
1756021380_A..S37R,046300_A..S37R,A,1,1756021380,1A 0743 EUC/LEF,1756036511,1756036526,448,0,0
1756021380_H..N21R,046300_H..N21R,H,0,1756021380,1H 0743 RPK/BCR,1756046571,1756046587,1431,0,0
1756021470_A..N85X003,046450_A..N85X003,A,0,1756021470,1A 0744+ FAR/168,1756041226,1756041241,920,0,0
1756021470_E..S69R,046450_E..S69R,E,1,1756021470,1E 0744+ P-A/WTC,1756039033,1756039047,631,0,0
1756021500_E..N72R,046500_E..N72R,E,0,1756021500,1E 0745 WTC/P-A,1756038883,1756038897,609,0,0
1756021530_A..N86X003,046550_A..N86X003,A,0,1756021530,1A 0745+ LEF/168,1756040580,1756040593,820,0,0
1756021530_C..S04X006,046550_C..S04X006,C,1,1756021530,1C 0745+ 145/EUC,1756039679,1756039692,713,0,0
1756021530_H..S21R,046550_H..S21R,H,1,1756021530,1H 0745+ BCR/RPK,1756036541,1756036556,440,0,0
1756021800_A..S87X005,047000_A..S87X005,A,1,1756021800,1A 0750 168/FAR,1756041962,1756041977,935,0,0
1756022040_C..N04X006,047400_C..N04X006,C,0,1756022040,1C 0754 EUC/145,1756040910,1756040924,843,0,0
1756022190_E..S69R,047650_E..S69R,E,1,1756022190,1E 0756+ P-A/WTC,1756039424,1756039437,635,0,0
1756022460_H..N21R,048100_H..N21R,H,0,1756022460,1H 0801 RPK/BCR,1756047652,1756047668,1431,0,0
1756022520_A..S85X001,048200_A..S85X001,A,1,1756022520,1A 0802 168/LEF,1756041241,1756041256,851,1,0
1756022580_H..S21R,048300_H..S21R,H,1,1756022580,1H 0803 BCR/RPK,1756037427,1756037442,429,0,0
1756022670_A..N85X003,048450_A..N85X003,A,0,1756022670,1A 0804+ FAR/168,1756043283,1756043298,978,0,0
1756022700_E..N72R,048500_E..N72R,E,0,1756022700,1E 0805 WTC/P-A,1756039709,1756039722,639,0,0
1756022940_C..S04X006,048900_C..S04X006,C,1,1756022940,1C 0809 145/EUC,1756041001,1756041014,795,0,0
1756022940_E..S69R,048900_E..S69R,E,1,1756022940,1E 0809 P-A/WTC,1756040535,1756040548,733,0,0
1756023240_A..S87X005,049400_A..S87X005,A,1,1756023240,1A 0814 168/FAR,1756042742,1756042757,901,0,0
1756023300_C..N04X006,049500_C..N04X006,C,0,1756023300,1C 0815 EUC/145,1756041541,1756041556,814,1,0
1756023330_A..N86X003,049550_A..N86X003,A,0,1756023330,1A 0815+ LEF/168,1756041721,1756041736,822,0,0
1756023540_H..S21R,049900_H..S21R,H,1,1756023540,1H 0819 BCR/RPK,1756039574,1756039587,544,0,0
1756023630_E..N72R,050050_E..N72R,E,0,1756023630,1E 0820+ WTC/P-A,1756041136,1756041151,740,0,0
1756023660_C..S04X006,050100_C..S04X006,C,1,1756023660,1C 0821 145/EUC,1756041946,1756041962,793,0,0
1756023660_H..N21R,050100_H..N21R,H,0,1756023660,1H 0821 RPK/BCR,1756048854,1756048867,1438,0,0
1756023690_E..S69R,050150_E..S69R,E,1,1756023690,1E 0821+ P-A/WTC,1756041015,1756041029,716,0,0
1756023870_A..N85X003,050450_A..N85X003,A,0,1756023870,1A 0824+ FAR/168,1756044062,1756044064,943,0,0
1756023960_A..S85X001,050600_A..S85X001,A,1,1756023960,1A 0826 168/LEF,1756042412,1756042427,784,0,0
1756024380_C..S04X006,051300_C..S04X006,C,1,1756024380,1C 0833 145/EUC,1756042803,1756042817,754,0,0
1756024380_E..S69R,051300_E..S69R,E,1,1756024380,1E 0833 P-A/WTC,1756041721,1756041736,682,0,0
1756024530_A..N86X003,051550_A..N86X003,A,0,1756024530,1A 0835+ LEF/168,1756043118,1756043133,755,0,0
1756024530_E..N72R,051550_E..N72R,E,0,1756024530,1E 0835+ WTC/P-A,1756041946,1756041962,677,0,0
1756024560_C..N04X006,051600_C..N04X006,C,0,1756024560,1C 0836 EUC/145,1756043178,1756043193,755,1,0
1756024680_A..S87X005,051800_A..S87X005,A,1,1756024680,1A 0838 168/FAR,1756044920,1756044933,950,0,0
1756024740_H..S21R,051900_H..S21R,H,1,1756024740,1H 0839 BCR/RPK,1756039829,1756039842,418,0,0
1756024860_H..N21X007,052100_H..N21X007,H,0,1756024860,1H 0841 RPK/RKB,1756040685,1756040698,516,0,0
1756025070_A..N85X003,052450_A..N85X003,A,0,1756025070,1A 0844+ FAR/168,1756046406,1756046421,1051,0,0
1756025070_E..S69R,052450_E..S69R,E,1,1756025070,1E 0844+ P-A/WTC,1756042322,1756042337,630,0,0
1756025100_C..S04X006,052500_C..S04X006,C,1,1756025100,1C 0845 145/EUC,1756043088,1756043103,677,0,0
1756025280_C..N04X006,052800_C..N04X006,C,0,1756025280,1C 0848 EUC/145,1756043778,1756043792,718,0,0
1756025370_E..N72R,052950_E..N72R,E,0,1756025370,1E 0849+ WTC/P-A,1756043238,1756043253,651,0,0
1756025400_A..S85X001,053000_A..S85X001,A,1,1756025400,1A 0850 168/LEF,1756044543,1756044544,803,0,0
1756025640_H..S21X007,053400_H..S21X007,H,1,1756025640,1H 0854 RKB/RPK,1756041436,1756041451,497,0,0
1756025730_A..N86X003,053550_A..N86X003,A,0,1756025730,1A 0855+ LEF/168,1756044304,1756044317,736,0,0
1756025880_E..S69R,053800_E..S69R,E,1,1756025880,1E 0858 P-A/WTC,1756043073,1756043088,590,0,0
1756025970_C..N04X006,053950_C..N04X006,C,0,1756025970,1C 0859+ EUC/145,1756044229,1756044242,710,1,0
1756026060_H..N21X007,054100_H..N21X007,H,0,1756026060,1H 0901 RPK/RKB,1756042097,1756042112,513,0,0
1756026090_E..N72R,054150_E..N72R,E,0,1756026090,1E 0901+ WTC/P-A,1756043328,1756043343,594,0,0
1756026120_A..S87X005,054200_A..S87X005,A,1,1756026120,1A 0902 168/FAR,1756046361,1756046376,942,1,0
1756026270_A..N85X003,054450_A..N85X003,A,0,1756026270,1A 0904+ FAR/168,1756047097,1756047112,981,0,0
1756026540_C..S04X006,054900_C..S04X006,C,1,1756026540,1C 0909 145/EUC,1756044723,1756044724,537,0,0
1756026660_E..S69R,055100_E..S69R,E,1,1756026660,1E 0911 P-A/WTC,1756043974,1756043987,630,0,0
1756026840_A..S85X001,055400_A..S85X001,A,1,1756026840,1A 0914 168/LEF,1756046091,1756046106,876,0,0
1756026930_A..N86X003,055550_A..N86X003,A,0,1756026930,1A 0915+ LEF/168,1756045971,1756045986,860,0,0
1756027065_C..N04X006,055775_C..N04X006,C,0,1756027065,1C 0917+ EUC/145,1756047007,1756047022,902,1,0
1756027080_E..N72R,055800_E..N72R,E,0,1756027080,1E 0918 WTC/P-A,1756044514,1756044527,674,0,0
1756027080_H..S21X007,055800_H..S21X007,H,1,1756027080,1H 0918 RKB/RPK,1756042742,1756042757,488,0,0
1756027260_C..S04X006,056100_C..S04X006,C,1,1756027260,1C 0921 145/EUC,1756045580,1756045593,685,0,0
1756027260_H..N21X007,056100_H..N21X007,H,0,1756027260,1H 0921 RPK/RKB,1756043028,1756043043,495,0,0
1756027380_E..S69R,056300_E..S69R,E,1,1756027380,1E 0923 P-A/WTC,1756045700,1756045714,797,0,0
1756027470_A..N85X003,056450_A..N85X003,A,0,1756027470,1A 0924+ FAR/168,1756047577,1756047592,933,2,0
1756027560_A..S87X005,056600_A..S87X005,A,1,1756027560,1A 0926 168/FAR,1756047157,1756047172,899,0,0
1756027890_E..N72R,057150_E..N72R,E,0,1756027890,1E 0931+ WTC/P-A,1756044995,1756045008,683,0,0
1756027980_C..S04X006,057300_C..S04X006,C,1,1756027980,1C 0933 145/EUC,1756046451,1756046466,758,0,0
1756028100_E..S69R,057500_E..S69R,E,1,1756028100,1E 0935 P-A/WTC,1756045731,1756045744,741,0,0
1756028130_A..N86X003,057550_A..N86X003,A,0,1756028130,1A 0935+ LEF/168,1756047277,1756047292,855,0,0
1756028160_C..N04X006,057600_C..N04X006,C,0,1756028160,1C 0936 EUC/145,1756046992,1756047007,832,2,0
1756028280_A..S85X001,057800_A..S85X001,A,1,1756028280,1A 0938 168/LEF,1756046707,1756046721,797,0,0
1756028400_H..S21X007,058000_H..S21X007,H,1,1756028400,1H 0940 RKB/RPK,1756044019,1756044032,488,0,0
1756028460_H..N21X007,058100_H..N21X007,H,0,1756028460,1H 0941 RPK/RKB,1756044154,1756044167,498,0,0
1756028550_E..N72R,058250_E..N72R,E,0,1756028550,1E 0942+ WTC/P-A,1756045731,1756045744,681,0,0
1756028670_A..N85X003,058450_A..N85X003,A,0,1756028670,1A 0944+ FAR/168,1756048478,1756048491,874,0,0
1756028700_C..S04X006,058500_C..S04X006,C,1,1756028700,1C 0945 145/EUC,1756046857,1756046872,751,0,0
1756028820_E..S69R,058700_E..S69R,E,1,1756028820,1E 0947 P-A/WTC,1756046181,1756046196,690,0,0
1756028880_C..N04X006,058800_C..N04X006,C,0,1756028880,1C 0948 EUC/145,1756047352,1756047367,760,1,1
1756029000_A..S87X005,059000_A..S87X005,A,1,1756029000,1A 0950 168/FAR,1756048659,1756048672,854,0,0
1756029330_A..N86X003,059550_A..N86X003,A,0,1756029330,1A 0955+ LEF/168,1756048118,1756048133,752,0,0
1756029330_E..N72R,059550_E..N72R,E,0,1756029330,1E 0955+ WTC/P-A,1756046691,1756046707,656,0,0
1756029420_C..S04X006,059700_C..S04X006,C,1,1756029420,1C 0957 145/EUC,1756047577,1756047592,703,0,0
1756029540_E..S69R,059900_E..S69R,E,1,1756029540,1E 0959 P-A/WTC,1756046947,1756046962,645,0,0
1756029570_C..N04X006,059950_C..N04X006,C,0,1756029570,1C 0959+ EUC/145,1756047923,1756047938,707,0,0
1756029660_H..N21X007,060100_H..N21X007,H,0,1756029660,1H 1001 RPK/RKB,1756045401,1756045413,490,0,0
1756029720_A..S85X001,060200_A..S85X001,A,1,1756029720,1A 1002 168/LEF,1756048418,1756048431,727,0,0
1756029840_H..S21X007,060400_H..S21X007,H,1,1756029840,1H 1004 RKB/RPK,1756045610,1756045624,494,0,0
1756029870_A..N85X003,060450_A..N85X003,A,0,1756029870,1A 1004+ FAR/168,1756049274,1756049287,821,0,0
1756030050_E..N72R,060750_E..N72R,E,0,1756030050,1E 1007+ WTC/P-A,1756047157,1756047172,592,0,0
1756030260_E..S69R,061100_E..S69R,E,1,1756030260,1E 1011 P-A/WTC,1756048178,1756048193,632,0,0
1756030320_C..N04X006,061200_C..N04X006,C,0,1756030320,1C 1012 EUC/145,1756048779,1756048792,695,0,0
1756030440_A..S87X005,061400_A..S87X005,A,1,1756030440,1A 1014 168/FAR,1756050505,1756050518,913,0,0
1756030500_C..S04X006,061500_C..S04X006,C,1,1756030500,1C 1015 145/EUC,1756048884,1756048897,693,0,0
1756030530_A..N86X003,061550_A..N86X003,A,0,1756030530,1A 1015+ LEF/168,1756049019,1756049032,709,0,0
1756030680_H..S21X007,061800_H..S21X007,H,1,1756030680,1H 1018 RKB/RPK,1756046271,1756046286,469,0,0
1756030770_E..N72R,061950_E..N72R,E,0,1756030770,1E 1019+ WTC/P-A,1756048223,1756048238,593,0,0
1756030860_H..N21X007,062100_H..N21X007,H,0,1756030860,1H 1021 RPK/RKB,1756046721,1756046737,487,0,0
1756030980_E..S69R,062300_E..S69R,E,1,1756030980,1E 1023 P-A/WTC,1756048298,1756048313,585,0,0
1756031040_C..N04X006,062400_C..N04X006,C,0,1756031040,1C 1024 EUC/145,1756049559,1756049572,747,0,0
1756031070_A..N85X003,062450_A..N85X003,A,0,1756031070,1A 1024+ FAR/168,1756050640,1756050654,889,0,0
1756031160_A..S85X001,062600_A..S85X001,A,1,1756031160,1A 1026 168/LEF,1756049665,1756049678,753,0,0
1756031490_E..N72R,063150_E..N72R,E,0,1756031490,1E 1031+ WTC/P-A,1756048719,1756048732,605,0,0
1756031580_C..S04X006,063300_C..S04X006,C,1,1756031580,1C 1033 145/EUC,1756049800,1756049813,743,0,0
1756031730_A..N86X003,063550_A..N86X003,A,0,1756031730,1A 1035+ LEF/168,1756049995,1756050008,759,0,0
1756031760_C..N04X006,063600_C..N04X006,C,0,1756031760,1C 1036 EUC/145,1756050250,1756050263,791,0,0
1756031820_E..S69R,063700_E..S69R,E,1,1756031820,1E 1037 P-A/WTC,1756048944,1756048957,613,0,0
1756031880_H..S21X007,063800_H..S21X007,H,1,1756031880,1H 1038 RKB/RPK,1756047577,1756047592,476,0,0
1756032000_A..S87X005,064000_A..S87X005,A,1,1756032000,1A 1040 168/FAR,1756051601,1756051617,913,0,0
1756032060_H..N21X007,064100_H..N21X007,H,0,1756032060,1H 1041 RPK/RKB,1756047637,1756047652,468,0,0
1756032210_E..N72R,064350_E..N72R,E,0,1756032210,1E 1043+ WTC/P-A,1756049199,1756049212,621,0,0
1756032270_A..N85X003,064450_A..N85X003,A,0,1756032270,1A 1044+ FAR/168,1756052277,1756052292,940,0,0
1756032300_C..S04X006,064500_C..S04X006,C,1,1756032300,1C 1045 145/EUC,1756050879,1756050881,838,0,0
1756032420_E..S69R,064700_E..S69R,E,1,1756032420,1E 1047 P-A/WTC,1756049544,1756049557,653,0,0
1756032480_C..N04X006,064800_C..N04X006,C,0,1756032480,1C 1048 EUC/145,1756050776,1756050789,813,0,0
1756032840_A..S85X001,065400_A..S85X001,A,1,1756032840,1A 1054 168/LEF,1756053266,1756053268,967,0,0
1756032930_A..N86X003,065550_A..N86X003,A,0,1756032930,1A 1055+ LEF/168,1756050986,1756051001,795,0,0
1756032930_E..N72R,065550_E..N72R,E,0,1756032930,1E 1055+ WTC/P-A,1756050746,1756050759,764,0,0
1756033020_C..S04X006,065700_C..S04X006,C,1,1756033020,1C 1057 145/EUC,1756051211,1756051226,798,0,0
1756033020_H..S21X007,065700_H..S21X007,H,1,1756033020,1H 1057 RKB/RPK,1756048959,1756048972,514,0,0
1756033200_C..N04X006,066000_C..N04X006,C,0,1756033200,1C 1100 EUC/145,1756051782,1756051797,812,0,0
1756033260_E..S69R,066100_E..S69R,E,1,1756033260,1E 1101 P-A/WTC,1756050385,1756050398,672,0,0
1756033260_H..N21X007,066100_H..N21X007,H,0,1756033260,1H 1101 RPK/RKB,1756048989,1756049002,486,0,0
1756033680_A..S85X001,066800_A..S85X001,A,1,1756033680,1A 1108 168/LEF,1756053268,1756053281,856,0,0
1756033740_C..S04X006,066900_C..S04X006,C,1,1756033740,1C 1109 145/EUC,1756053448,1756053461,872,1,0
1756033740_E..N72R,066900_E..N72R,E,0,1756033740,1E 1109 WTC/P-A,1756051196,1756051211,701,0,0
1756033860_E..S69R,067100_E..S69R,E,1,1756033860,1E 1111 P-A/WTC,1756050911,1756050924,662,0,0
1756034070_A..N85X003,067450_A..N85X003,A,0,1756034070,1A 1114+ FAR/168,1756053914,1756053927,890,0,0
1756034130_A..N86X003,067550_A..N86X003,A,0,1756034130,1A 1115+ LEF/168,1756052608,1756052623,743,0,0
1756034160_C..N04X006,067600_C..N04X006,C,0,1756034160,1C 1116 EUC/145,1756052367,1756052382,521,0,0
1756034220_H..S21X007,067700_H..S21X007,H,1,1756034220,1H 1117 RKB/RPK,1756049679,1756049693,450,0,0
1756034250_E..N72R,067750_E..N72R,E,0,1756034250,1E 1117+ WTC/P-A,1756051677,1756051692,666,0,0
1756034280_A..S87X005,067800_A..S87X005,A,1,1756034280,1A 1118 168/FAR,1756053899,1756053912,862,0,0
1756034460_H..N21X007,068100_H..N21X007,H,0,1756034460,1H 1121 RPK/RKB,1756050205,1756050218,498,0,0
1756034580_E..S69R,068300_E..S69R,E,1,1756034580,1E 1123 P-A/WTC,1756051617,1756051631,631,0,0
1756034880_A..S85X001,068800_A..S85X001,A,1,1756034880,1A 1128 168/LEF,1756053538,1756053552,747,2,0
1756034970_E..N72R,068950_E..N72R,E,0,1756034970,1E 1129+ WTC/P-A,1756052367,1756052382,630,0,0
1756035120_C..N04X006,069200_C..N04X006,C,0,1756035120,1C 1132 EUC/145,1756053208,1756053221,582,0,0
1756035180_C..S04X006,069300_C..S04X006,C,1,1756035180,1C 1133 145/EUC,1756053373,1756053386,576,1,0
1756035300_E..S69R,069500_E..S69R,E,1,1756035300,1E 1135 P-A/WTC,1756052713,1756052728,618,0,0
1756035330_A..N86X003,069550_A..N86X003,A,0,1756035330,1A 1135+ LEF/168,1756053434,1756053447,684,0,0
1756035480_A..S87X005,069800_A..S87X005,A,1,1756035480,1A 1138 168/FAR,1756055250,1756055263,916,0,0
1756035570_E..N72R,069950_E..N72R,E,0,1756035570,1E 1139+ WTC/P-A,1756052983,1756052998,618,0,0
1756035660_H..N21X007,070100_H..N21X007,H,0,1756035660,1H 1141 RPK/RKB,1756051406,1756051421,507,0,0
1756035660_H..S21X007,070100_H..S21X007,H,1,1756035660,1H 1141 RKB/RPK,1756051556,1756051571,517,0,0
1756035870_A..N85X003,070450_A..N85X003,A,0,1756035870,1A 1144+ FAR/168,1756055173,1756055175,879,1,0
1756035900_C..S04X006,070500_C..S04X006,C,1,1756035900,1C 1145 145/EUC,1756054259,1756054272,642,0,0
1756036020_E..S69R,070700_E..S69R,E,1,1756036020,1E 1147 P-A/WTC,1756053268,1756053281,616,0,0
1756036080_A..S85X001,070800_A..S85X001,A,1,1756036080,1A 1148 168/LEF,1756054755,1756054768,810,1,0
1756036080_C..N04X006,070800_C..N04X006,C,0,1756036080,1C 1148 EUC/145,1756054785,1756054798,814,0,0
1756036410_E..N72R,071350_E..N72R,E,0,1756036410,1E 1153+ WTC/P-A,1756053507,1756053508,621,0,0
1756036530_A..N86X003,071550_A..N86X003,A,0,1756036530,1A 1155+ LEF/168,1756054635,1756054648,764,0,0
1756036620_C..S04X006,071700_C..S04X006,C,1,1756036620,1C 1157 145/EUC,1756054635,1756054648,758,0,0
1756036680_A..S87X005,071800_A..S87X005,A,1,1756036680,1A 1158 168/FAR,1756056016,1756056031,923,1,0
1756036740_E..S69R,071900_E..S69R,E,1,1756036740,1E 1159 P-A/WTC,1756054034,1756054047,670,0,0
1756036800_C..N04X006,072000_C..N04X006,C,0,1756036800,1C 1200 EUC/145,1756054995,1756055008,794,0,0
1756036860_H..N21X007,072100_H..N21X007,H,0,1756036860,1H 1201 RPK/RKB,1756052457,1756052472,497,0,0
1756036860_H..S21X007,072100_H..S21X007,H,1,1756036860,1H 1201 RKB/RPK,1756052728,1756052743,515,0,0
1756037070_A..N85X003,072450_A..N85X003,A,0,1756037070,1A 1204+ FAR/168,1756056617,1756056632,940,1,0
1756037190_E..N72R,072650_E..N72R,E,0,1756037190,1E 1206+ WTC/P-A,1756054455,1756054468,696,0,0
1756037280_A..S85X001,072800_A..S85X001,A,1,1756037280,1A 1208 168/LEF,1756056016,1756056031,883,0,0
1756037340_C..S04X006,072900_C..S04X006,C,1,1756037340,1C 1209 145/EUC,1756055596,1756055609,838,0,0
1756037460_E..S69R,073100_E..S69R,E,1,1756037460,1E 1211 P-A/WTC,1756055175,1756055188,774,0,0
1756037520_C..N04X006,073200_C..N04X006,C,0,1756037520,1C 1212 EUC/145,1756055881,1756055896,857,0,0
1756037730_A..N86X003,073550_A..N86X003,A,0,1756037730,1A 1215+ LEF/168,1756056031,1756056046,840,1,0
1756037880_A..S87X005,073800_A..S87X005,A,1,1756037880,1A 1218 168/FAR,1756057803,1756057818,945,0,0
1756037970_E..N72R,073950_E..N72R,E,0,1756037970,1E 1219+ WTC/P-A,1756054875,1756054888,670,0,0
1756038060_C..S04X006,074100_C..S04X006,C,1,1756038060,1C 1221 145/EUC,1756056617,1756056632,838,0,0
1756038060_H..N21X007,074100_H..N21X007,H,0,1756038060,1H 1221 RPK/RKB,1756053854,1756053867,522,0,0
1756038060_H..S21X007,074100_H..S21X007,H,1,1756038060,1H 1221 RKB/RPK,1756053689,1756053702,500,0,0
1756038180_E..S69R,074300_E..S69R,E,1,1756038180,1E 1223 P-A/WTC,1756055416,1756055428,714,0,0
1756038240_C..N04X006,074400_C..N04X006,C,0,1756038240,1C 1224 EUC/145,1756056677,1756056692,818,0,0
1756038270_A..N85X003,074450_A..N85X003,A,0,1756038270,1A 1224+ FAR/168,1756057983,1756057996,909,0,0
1756038480_A..S85X001,074800_A..S85X001,A,1,1756038480,1A 1228 168/LEF,1756056603,1756056617,781,0,0
1756038630_E..N72R,075050_E..N72R,E,0,1756038630,1E 1230+ WTC/P-A,1756055534,1756055536,669,0,0
1756038780_C..S04X006,075300_C..S04X006,C,1,1756038780,1C 1233 145/EUC,1756057037,1756057052,770,0,0
1756038900_E..S69R,075500_E..S69R,E,1,1756038900,1E 1235 P-A/WTC,1756056121,1756056136,690,0,0
1756039020_A..N86X003,075700_A..N86X003,A,0,1756039020,1A 1237 LEF/168,1756057203,1756057217,749,1,0
1756039080_A..S87X005,075800_A..S87X005,A,1,1756039080,1A 1238 168/FAR,1756059603,1756059605,1015,0,0
1756039260_H..N21X007,076100_H..N21X007,H,0,1756039260,1H 1241 RPK/RKB,1756054995,1756055008,514,0,0
1756039260_H..S21X007,076100_H..S21X007,H,1,1756039260,1H 1241 RKB/RPK,1756054785,1756054798,486,0,0
1756039350_E..N72R,076250_E..N72R,E,0,1756039350,1E 1242+ WTC/P-A,1756056767,1756056782,676,0,0
1756039470_A..N85X003,076450_A..N85X003,A,0,1756039470,1A 1244+ FAR/168,1756059109,1756059122,898,0,0
1756039500_C..S04X006,076500_C..S04X006,C,1,1756039500,1C 1245 145/EUC,1756057698,1756057713,721,0,0
1756039650_E..S69R,076750_E..S69R,E,1,1756039650,1E 1247+ P-A/WTC,1756056812,1756056827,639,0,0
1756039680_A..S85X001,076800_A..S85X001,A,1,1756039680,1A 1248 168/LEF,1756057818,1756057833,706,0,0
1756039680_C..N04X006,076800_C..N04X006,C,0,1756039680,1C 1248 EUC/145,1756058013,1756058026,396,0,0
1756040010_E..N72R,077350_E..N72R,E,0,1756040010,1E 1253+ WTC/P-A,1756058058,1756058071,686,0,0
1756040130_A..N86X003,077550_A..N86X003,A,0,1756040130,1A 1255+ LEF/168,1756058929,1756058942,786,0,0
1756040220_C..S04X006,077700_C..S04X006,C,1,1756040220,1C 1257 145/EUC,1756058450,1756058462,713,0,0
1756040340_E..S69R,077900_E..S69R,E,1,1756040340,1E 1259 P-A/WTC,1756057848,1756057861,631,0,0
1756040400_C..N04X006,078000_C..N04X006,C,0,1756040400,1C 1300 EUC/145,1756058822,1756058824,750,0,0
1756040460_H..N21X007,078100_H..N21X007,H,0,1756040460,1H 1301 RPK/RKB,1756056196,1756056211,506,0,0
1756040460_H..S21X007,078100_H..S21X007,H,1,1756040460,1H 1301 RKB/RPK,1756056062,1756056076,497,0,0
1756040479_A..S87X005,078133_A..S87X005,A,1,1756040479,1A 1301 168/FAR,1756059770,1756059783,872,0,0
1756040670_A..N85X003,078450_A..N85X003,A,0,1756040670,1A 1304+ FAR/168,1756060986,1756061001,990,0,0
1756040730_E..N72R,078550_E..N72R,E,0,1756040730,1E 1305+ WTC/P-A,1756058073,1756058086,629,0,0
1756041060_E..S69R,079100_E..S69R,E,1,1756041060,1E 1311 P-A/WTC,1756058434,1756058447,655,0,0
1756041120_C..N04X006,079200_C..N04X006,C,0,1756041120,1C 1312 EUC/145,1756059274,1756059288,763,0,0
1756041279_A..S85X001,079466_A..S85X001,A,1,1756041279,1A 1314+ 168/LEF,1756059410,1756059423,771,0,0
1756041300_C..S04X006,079500_C..S04X006,C,1,1756041300,1C 1315 145/EUC,1756059605,1756059618,709,0,0
1756041330_A..N86X003,079550_A..N86X003,A,0,1756041330,1A 1315+ LEF/168,1756059890,1756059903,831,0,0
1756041510_E..N72R,079850_E..N72R,E,0,1756041510,1E 1318+ WTC/P-A,1756059500,1756059513,767,0,0
1756041660_H..N21X007,080100_H..N21X007,H,0,1756041660,1H 1321 RPK/RKB,1756057968,1756057982,554,0,0
1756041660_H..S21X007,080100_H..S21X007,H,1,1756041660,1H 1321 RKB/RPK,1756057848,1756057861,543,0,0
1756041840_C..N04X006,080400_C..N04X006,C,0,1756041840,1C 1324 EUC/145,1756060251,1756060264,843,0,0
1756041870_A..N85X003,080450_A..N85X003,A,0,1756041870,1A 1324+ FAR/168,1756062323,1756062338,999,0,0
1756041900_E..S69R,080500_E..S69R,E,1,1756041900,1E 1325 P-A/WTC,1756059154,1756059167,695,0,0
1756042080_A..S85X001,080800_A..S85X001,A,1,1756042080,1A 1328 168/LEF,1756059905,1756059918,783,0,0
1756042230_E..N72R,081050_E..N72R,E,0,1756042230,1E 1330+ WTC/P-A,1756059590,1756059603,731,0,0
1756042380_C..S04X006,081300_C..S04X006,C,1,1756042380,1C 1333 145/EUC,1756060476,1756060489,833,0,0
1756042500_E..S69R,081500_E..S69R,E,1,1756042500,1E 1335 P-A/WTC,1756059603,1756059605,703,0,0
1756042530_A..N86X003,081550_A..N86X003,A,0,1756042530,1A 1335+ LEF/168,1756061362,1756061377,878,0,0
1756042680_A..S87X005,081800_A..S87X005,A,1,1756042680,1A 1338 168/FAR,1756061872,1756061887,892,0,0
1756042800_C..N04X006,082000_C..N04X006,C,0,1756042800,1C 1340 EUC/145,1756061016,1756061031,819,0,0
1756042860_H..N21X007,082100_H..N21X007,H,0,1756042860,1H 1341 RPK/RKB,1756058703,1756058704,535,0,0
1756042860_H..S21X007,082100_H..S21X007,H,1,1756042860,1H 1341 RKB/RPK,1756058539,1756058552,514,0,0
1756042950_E..N72R,082250_E..N72R,E,0,1756042950,1E 1342+ WTC/P-A,1756060055,1756060068,704,0,0
1756043070_A..N85X003,082450_A..N85X003,A,0,1756043070,1A 1344+ FAR/168,1756062848,1756062861,915,0,0
1756043100_C..S04X006,082500_C..S04X006,C,1,1756043100,1C 1345 145/EUC,1756061121,1756061136,786,0,0
1756043280_A..S85X001,082800_A..S85X001,A,1,1756043280,1A 1348 168/LEF,1756061587,1756061602,793,0,0
1756043340_E..S69R,082900_E..S69R,E,1,1756043340,1E 1349 P-A/WTC,1756060596,1756060609,718,0,0
1756043730_A..N86X003,083550_A..N86X003,A,0,1756043730,1A 1355+ LEF/168,1756062443,1756062458,791,0,0
1756043730_E..N72R,083550_E..N72R,E,0,1756043730,1E 1355+ WTC/P-A,1756061031,1756061046,696,0,0
1756043760_C..N04X006,083600_C..N04X006,C,0,1756043760,1C 1356 EUC/145,1756061827,1756061842,745,0,0
1756043820_C..S04X006,083700_C..S04X006,C,1,1756043820,1C 1357 145/EUC,1756062278,1756062293,767,0,0
1756043880_A..S87X005,083800_A..S87X005,A,1,1756043880,1A 1358 168/FAR,1756063329,1756063342,872,0,0
1756044060_E..S69R,084100_E..S69R,E,1,1756044060,1E 1401 P-A/WTC,1756061212,1756061226,664,0,0
1756044060_H..N21X007,084100_H..N21X007,H,0,1756044060,1H 1401 RPK/RKB,1756059605,1756059618,496,0,0
1756044060_H..S21X007,084100_H..S21X007,H,1,1756044060,1H 1401 RKB/RPK,1756059905,1756059918,536,0,0
1756044270_A..N85X003,084450_A..N85X003,A,0,1756044270,1A 1404+ FAR/168,1756063599,1756063612,856,0,0
1756044450_E..N72R,084750_E..N72R,E,0,1756044450,1E 1407+ WTC/P-A,1756061722,1756061737,647,0,0
1756044480_A..S85X001,084800_A..S85X001,A,1,1756044480,1A 1408 168/LEF,1756062518,1756062533,696,0,0
1756044720_C..N04X006,085200_C..N04X006,C,0,1756044720,1C 1412 EUC/145,1756063224,1756063237,746,0,0
1756044780_E..S69R,085300_E..S69R,E,1,1756044780,1E 1413 P-A/WTC,1756062158,1756062173,632,0,0
1756044900_C..S04X006,085500_C..S04X006,C,1,1756044900,1C 1415 145/EUC,1756062831,1756062833,669,0,0
1756044930_A..N86X003,085550_A..N86X003,A,0,1756044930,1A 1415+ LEF/168,1756063194,1756063207,714,0,0
1756045080_A..S87X005,085800_A..S87X005,A,1,1756045080,1A 1418 168/FAR,1756064498,1756064500,873,0,0
1756045110_E..N72R,085850_E..N72R,E,0,1756045110,1E 1418+ WTC/P-A,1756062248,1756062263,602,0,0
1756045260_H..N21X007,086100_H..N21X007,H,0,1756045260,1H 1421 RPK/RKB,1756061001,1756061016,509,0,0
1756045260_H..S21X007,086100_H..S21X007,H,1,1756045260,1H 1421 RKB/RPK,1756060686,1756060701,488,0,0
1756045470_A..N85X003,086450_A..N85X003,A,0,1756045470,1A 1424+ FAR/168,1756065836,1756065851,1007,0,0
1756045500_E..S69R,086500_E..S69R,E,1,1756045500,1E 1425 P-A/WTC,1756062713,1756062726,608,0,0
1756045680_A..S85X001,086800_A..S85X001,A,1,1756045680,1A 1428 168/LEF,1756063809,1756063822,740,0,0
1756045800_C..N04X006,087000_C..N04X006,C,0,1756045800,1C 1430 EUC/145,1756064455,1756064468,818,0,0
1756045890_E..N72R,087150_E..N72R,E,0,1756045890,1E 1431+ WTC/P-A,1756063089,1756063101,629,0,0
1756045980_C..S04X006,087300_C..S04X006,C,1,1756045980,1C 1433 145/EUC,1756063839,1756063852,723,0,0
1756046130_A..N86X003,087550_A..N86X003,A,0,1756046130,1A 1435+ LEF/168,1756064680,1756064693,825,0,0
1756046220_E..S69R,087700_E..S69R,E,1,1756046220,1E 1437 P-A/WTC,1756063974,1756063987,725,0,0
1756046280_A..S87X005,087800_A..S87X005,A,1,1756046280,1A 1438 168/FAR,1756065987,1756066002,960,0,0
1756046460_H..N21X007,088100_H..N21X007,H,0,1756046460,1H 1441 RPK/RKB,1756062113,1756062127,499,0,0
1756046460_H..S21X007,088100_H..S21X007,H,1,1756046460,1H 1441 RKB/RPK,1756061887,1756061902,484,0,0
1756046610_E..N72R,088350_E..N72R,E,0,1756046610,1E 1443+ WTC/P-A,1756064019,1756064032,704,0,0
1756046700_C..S04X006,088500_C..S04X006,C,1,1756046700,1C 1445 145/EUC,1756064950,1756064963,821,0,0
1756046880_A..S85X001,088800_A..S85X001,A,1,1756046880,1A 1448 168/LEF,1756065536,1756065549,887,0,0
1756046880_C..N04X006,088800_C..N04X006,C,0,1756046880,1C 1448 EUC/145,1756065098,1756065101,828,0,0
1756046940_E..S69R,088900_E..S69R,E,1,1756046940,1E 1449 P-A/WTC,1756064290,1756064303,716,0,0
1756047270_A..N85X003,089450_A..N85X003,A,0,1756047270,1A 1454+ FAR/168,1756067143,1756067158,959,0,0
1756047330_A..N86X003,089550_A..N86X003,A,0,1756047330,1A 1455+ LEF/168,1756065957,1756065971,872,0,0
1756047330_E..N72R,089550_E..N72R,E,0,1756047330,1E 1455+ WTC/P-A,1756065056,1756065068,779,0,0
1756047420_C..S04X006,089700_C..S04X006,C,1,1756047420,1C 1457 145/EUC,1756065461,1756065474,821,0,0
1756047480_A..S87X005,089800_A..S87X005,A,1,1756047480,1A 1458 168/FAR,1756066632,1756066647,897,0,0
1756047600_C..N04X006,090000_C..N04X006,C,0,1756047600,1C 1500 EUC/145,1756066002,1756066017,839,0,0
1756047660_E..S69R,090100_E..S69R,E,1,1756047660,1E 1501 P-A/WTC,1756064815,1756064828,703,0,0
1756047660_H..N21X007,090100_H..N21X007,H,0,1756047660,1H 1501 RPK/RKB,1756063449,1756063462,521,0,0
1756047660_H..S21X007,090100_H..S21X007,H,1,1756047660,1H 1501 RKB/RPK,1756063269,1756063282,497,0,0
1756048050_E..N72R,090750_E..N72R,E,0,1756048050,1E 1507+ WTC/P-A,1756065776,1756065791,764,0,0
1756048080_A..S85X001,090800_A..S85X001,A,1,1756048080,1A 1508 168/LEF,1756067113,1756067128,849,0,0
1756048140_C..S04X006,090900_C..S04X006,C,1,1756048140,1C 1509 145/EUC,1756066602,1756066617,807,0,0
1756048260_E..S69R,091100_E..S69R,E,1,1756048260,1E 1511 P-A/WTC,1756065476,1756065489,703,0,0
1756048320_C..N04X006,091200_C..N04X006,C,0,1756048320,1C 1512 EUC/145,1756066467,1756066482,774,0,0
1756048530_A..N86X003,091550_A..N86X003,A,0,1756048530,1A 1515+ LEF/168,1756067128,1756067143,790,0,0
1756048680_A..S87X005,091800_A..S87X005,A,1,1756048680,1A 1518 168/FAR,1756068074,1756068087,874,0,0
1756048770_E..N72R,091950_E..N72R,E,0,1756048770,1E 1519+ WTC/P-A,1756066482,1756066497,715,0,0
1756048860_C..S04X006,092100_C..S04X006,C,1,1756048860,1C 1521 145/EUC,1756067113,1756067128,745,0,0
1756048860_H..N21X007,092100_H..N21X007,H,0,1756048860,1H 1521 RPK/RKB,1756064558,1756064560,508,0,0
1756048860_H..S21X007,092100_H..S21X007,H,1,1756048860,1H 1521 RKB/RPK,1756064380,1756064393,485,0,0
1756049040_C..N04X006,092400_C..N04X006,C,0,1756049040,1C 1524 EUC/145,1756067158,1756067173,724,0,0
1756049070_A..N85X003,092450_A..N85X003,A,0,1756049070,1A 1524+ FAR/168,1756068749,1756068762,912,0,0
1756049280_A..S85X001,092800_A..S85X001,A,1,1756049280,1A 1528 168/LEF,1756067473,1756067488,716,0,0
1756049340_E..S69R,092900_E..S69R,E,1,1756049340,1E 1529 P-A/WTC,1756066497,1756066512,484,0,0
1756049490_E..N72R,093150_E..N72R,E,0,1756049490,1E 1531+ WTC/P-A,1756067368,1756067383,680,0,0
1756049580_C..S04X006,093300_C..S04X006,C,1,1756049580,1C 1533 145/EUC,1756067894,1756067906,732,0,0
1756049730_A..N86X003,093550_A..N86X003,A,0,1756049730,1A 1535+ LEF/168,1756068224,1756068237,758,0,0
1756049760_C..N04X006,093600_C..N04X006,C,0,1756049760,1C 1536 EUC/145,1756067786,1756067788,695,0,0
1756049880_A..S87X005,093800_A..S87X005,A,1,1756049880,1A 1538 168/FAR,1756070161,1756070174,871,0,0
1756050060_H..N21X007,094100_H..N21X007,H,0,1756050060,1H 1541 RPK/RKB,1756066047,1756066062,536,0,0
1756050060_H..S21X007,094100_H..S21X007,H,1,1756050060,1H 1541 RKB/RPK,1756066002,1756066017,533,0,0
1756050210_E..N72R,094350_E..N72R,E,0,1756050210,1E 1543+ WTC/P-A,1756067518,1756067531,628,0,0
1756050270_A..N85X003,094450_A..N85X003,A,0,1756050270,1A 1544+ FAR/168,1756069996,1756070009,954,0,0
1756050420_E..S69R,094700_E..S69R,E,1,1756050420,1E 1547 P-A/WTC,1756067726,1756067728,641,0,0
1756050480_A..S85X001,094800_A..S85X001,A,1,1756050480,1A 1548 168/LEF,1756069020,1756069033,721,0,0
1756050480_C..N04X006,094800_C..N04X006,C,0,1756050480,1C 1548 EUC/145,1756068734,1756068747,772,0,0
1756050930_A..N86X003,095550_A..N86X003,A,0,1756050930,1A 1555+ LEF/168,1756069590,1756069603,856,0,0
1756050930_E..N72R,095550_E..N72R,E,0,1756050930,1E 1555+ WTC/P-A,1756068194,1756068207,670,0,0
1756051020_C..S04X006,095700_C..S04X006,C,1,1756051020,1C 1557 145/EUC,1756069395,1756069408,431,0,0
1756051080_A..S87X005,095800_A..S87X005,A,1,1756051080,1A 1558 168/FAR,1756070146,1756070159,920,0,0
1756051140_E..S69R,095900_E..S69R,E,1,1756051140,1E 1559 P-A/WTC,1756068239,1756068252,662,0,0
1756051200_C..N04X006,096000_C..N04X006,C,0,1756051200,1C 1600 EUC/145,1756069455,1756069468,820,0,0
1756051260_H..N21X007,096100_H..N21X007,H,0,1756051260,1H 1601 RPK/RKB,1756066993,1756067008,519,0,0
1756051260_H..S21X007,096100_H..S21X007,H,1,1756051260,1H 1601 RKB/RPK,1756066888,1756066902,512,0,0
1756051470_A..N85X003,096450_A..N85X003,A,0,1756051470,1A 1604+ FAR/168,1756071242,1756071257,984,0,0
1756051650_E..N72R,096750_E..N72R,E,0,1756051650,1E 1607+ WTC/P-A,1756069545,1756069558,802,0,0
1756051680_A..S85X001,096800_A..S85X001,A,1,1756051680,1A 1608 168/LEF,1756069755,1756069768,828,0,0
1756051740_C..S04X006,096900_C..S04X006,C,1,1756051740,1C 1609 145/EUC,1756069994,1756069996,855,0,0
1756051860_E..S69R,097100_E..S69R,E,1,1756051860,1E 1611 P-A/WTC,1756068945,1756068957,708,0,0
1756052130_A..N86X003,097550_A..N86X003,A,0,1756052130,1A 1615+ LEF/168,1756070054,1756070056,822,0,0
1756052280_A..S87X005,097800_A..S87X005,A,1,1756052280,1A 1618 168/FAR,1756071407,1756071422,916,0,0
1756052280_C..N04X006,097800_C..N04X006,C,0,1756052280,1C 1618 EUC/145,1756071257,1756071272,521,0,0
1756052370_E..N72R,097950_E..N72R,E,0,1756052370,1E 1619+ WTC/P-A,1756069994,1756069996,782,0,0
1756052460_C..S04X006,098100_C..S04X006,C,1,1756052460,1C 1621 145/EUC,1756070462,1756070476,826,0,0
1756052460_H..N21X007,098100_H..N21X007,H,0,1756052460,1H 1621 RPK/RKB,1756068074,1756068087,515,0,0
1756052460_H..S21X007,098100_H..S21X007,H,1,1756052460,1H 1621 RKB/RPK,1756068314,1756068327,547,0,0
1756052580_E..S69R,098300_E..S69R,E,1,1756052580,1E 1623 P-A/WTC,1756069755,1756069768,723,0,0
1756052670_A..N85X003,098450_A..N85X003,A,0,1756052670,1A 1624+ FAR/168,1756071903,1756071918,897,0,0
1756052880_A..S85X001,098800_A..S85X001,A,1,1756052880,1A 1628 168/LEF,1756071497,1756071512,842,0,0
1756053090_E..N72R,099150_E..N72R,E,0,1756053090,1E 1631+ WTC/P-A,1756070476,1756070491,743,0,0
1756053180_C..S04X006,099300_C..S04X006,C,1,1756053180,1C 1633 145/EUC,1756071122,1756071137,777,0,0
1756053300_E..S69R,099500_E..S69R,E,1,1756053300,1E 1635 P-A/WTC,1756070822,1756070837,741,0,0
1756053330_A..N86X003,099550_A..N86X003,A,0,1756053330,1A 1635+ LEF/168,1756071557,1756071572,786,0,0
1756053360_C..N04X006,099600_C..N04X006,C,0,1756053360,1C 1636 EUC/145,1756071617,1756071632,786,0,0
1756053480_A..S87X005,099800_A..S87X005,A,1,1756053480,1A 1638 168/FAR,1756073990,1756074004,1042,0,0
1756053660_H..N21X007,100100_H..N21X007,H,0,1756053660,1H 1641 RPK/RKB,1756069695,1756069708,571,0,0
1756053660_H..S21X007,100100_H..S21X007,H,1,1756053660,1H 1641 RKB/RPK,1756069515,1756069528,547,0,0
1756053870_A..N85X003,100450_A..N85X003,A,0,1756053870,1A 1644+ FAR/168,1756074095,1756074108,1004,0,0
1756053900_C..S04X006,100500_C..S04X006,C,1,1756053900,1C 1645 145/EUC,1756072173,1756072188,753,0,0
1756054020_E..S69R,100700_E..S69R,E,1,1756054020,1E 1647 P-A/WTC,1756071543,1756071557,693,0,0
1756054080_A..S85X001,100800_A..S85X001,A,1,1756054080,1A 1648 168/LEF,1756072263,1756072278,737,0,0
1756054080_C..N04X006,100800_C..N04X006,C,0,1756054080,1C 1648 EUC/145,1756072188,1756072201,730,0,0
1756054170_E..N72R,100950_E..N72R,E,0,1756054170,1E 1649+ WTC/P-A,1756071467,1756071482,668,0,0
1756054530_A..N86X003,101550_A..N86X003,A,0,1756054530,1A 1655+ LEF/168,1756072533,1756072546,708,0,0
1756054620_C..S04X006,101700_C..S04X006,C,1,1756054620,1C 1657 145/EUC,1756072684,1756072696,716,0,0
1756054680_A..S87X005,101800_A..S87X005,A,1,1756054680,1A 1658 168/FAR,1756074020,1756074033,886,0,0
1756054740_E..S69R,101900_E..S69R,E,1,1756054740,1E 1659 P-A/WTC,1756072023,1756072038,629,0,0
1756054800_C..N04X006,102000_C..N04X006,C,0,1756054800,1C 1700 EUC/145,1756073102,1756073104,750,0,0
1756054860_H..N21X007,102100_H..N21X007,H,0,1756054860,1H 1701 RPK/RKB,1756070582,1756070596,521,0,0
1756054860_H..S21X007,102100_H..S21X007,H,1,1756054860,1H 1701 RKB/RPK,1756070462,1756070476,513,0,0
1756055070_A..N85X003,102450_A..N85X003,A,0,1756055070,1A 1704+ FAR/168,1756074425,1756074438,909,0,0
1756055250_E..N72R,102750_E..N72R,E,0,1756055250,1E 1707+ WTC/P-A,1756072744,1756072756,673,0,0
1756055280_A..S85X001,102800_A..S85X001,A,1,1756055280,1A 1708 168/LEF,1756073314,1756073327,747,0,0
1756055340_C..S04X006,102900_C..S04X006,C,1,1756055340,1C 1709 145/EUC,1756073539,1756073552,703,0,0
1756055460_E..S69R,103100_E..S69R,E,1,1756055460,1E 1711 P-A/WTC,1756072802,1756072804,666,0,0
1756055520_C..N04X006,103200_C..N04X006,C,0,1756055520,1C 1712 EUC/145,1756073569,1756073583,765,0,0
1756055730_A..N86X003,103550_A..N86X003,A,0,1756055730,1A 1715+ LEF/168,1756074243,1756074245,840,0,0
1756055880_A..S87X005,103800_A..S87X005,A,1,1756055880,1A 1718 168/FAR,1756075356,1756075371,959,1,1
1756056030_E..N72R,104050_E..N72R,E,0,1756056030,1E 1720+ WTC/P-A,1756073254,1756073267,689,0,0
1756056060_H..N21X007,104100_H..N21X007,H,0,1756056060,1H 1721 RPK/RKB,1756071663,1756071677,516,0,0
1756056060_H..S21X007,104100_H..S21X007,H,1,1756056060,1H 1721 RKB/RPK,1756071543,1756071557,508,0,0
1756056180_E..S69R,104300_E..S69R,E,1,1756056180,1E 1723 P-A/WTC,1756073344,1756073357,691,0,0
1756056240_C..N04X006,104400_C..N04X006,C,0,1756056240,1C 1724 EUC/145,1756074561,1756074573,849,0,0
1756056270_A..N85X003,104450_A..N85X003,A,0,1756056270,1A 1724+ FAR/168,1756075702,1756075717,956,1,0
1756056420_C..S04X006,104700_C..S04X006,C,1,1756056420,1C 1727 145/EUC,1756074771,1756074784,553,0,0
1756056480_A..S85X001,104800_A..S85X001,A,1,1756056480,1A 1728 168/LEF,1756074680,1756074693,849,0,0
1756056810_E..N72R,105350_E..N72R,E,0,1756056810,1E 1733+ WTC/P-A,1756073990,1756074004,725,0,0
1756056900_E..S69R,105500_E..S69R,E,1,1756056900,1E 1735 P-A/WTC,1756074155,1756074168,735,0,0
1756056930_A..N86X003,105550_A..N86X003,A,0,1756056930,1A 1735+ LEF/168,1756075446,1756075461,877,1,0
1756056960_C..N04X006,105600_C..N04X006,C,0,1756056960,1C 1736 EUC/145,1756075732,1756075747,892,0,0
1756057080_A..S87X005,105800_A..S87X005,A,1,1756057080,1A 1738 168/FAR,1756077564,1756077576,1029,0,0
1756057260_H..N21X007,106100_H..N21X007,H,0,1756057260,1H 1741 RPK/RKB,1756072939,1756072952,525,0,0
1756057260_H..S21X007,106100_H..S21X007,H,1,1756057260,1H 1741 RKB/RPK,1756073119,1756073132,549,0,0
1756057470_A..N85X003,106450_A..N85X003,A,0,1756057470,1A 1744+ FAR/168,1756077459,1756077471,963,0,0
1756057500_C..S04X006,106500_C..S04X006,C,1,1756057500,1C 1745 145/EUC,1756075702,1756075717,818,0,0
1756057530_E..N72R,106550_E..N72R,E,0,1756057530,1E 1745+ WTC/P-A,1756074711,1756074724,725,0,0
1756057620_E..S69R,106700_E..S69R,E,1,1756057620,1E 1747 P-A/WTC,1756074906,1756074919,739,0,0
1756057680_A..S85X001,106800_A..S85X001,A,1,1756057680,1A 1748 168/LEF,1756075942,1756075957,810,0,0
1756057680_C..N04X006,106800_C..N04X006,C,0,1756057680,1C 1748 EUC/145,1756075717,1756075732,795,0,0
1756058130_A..N86X003,107550_A..N86X003,A,0,1756058130,1A 1755+ LEF/168,1756077008,1756077023,823,0,0
1756058190_E..N72R,107650_E..N72R,E,0,1756058190,1E 1756+ WTC/P-A,1756075777,1756075792,731,0,0
1756058220_C..S04X006,107700_C..S04X006,C,1,1756058220,1C 1757 145/EUC,1756076377,1756076392,767,0,0
1756058280_A..S87X005,107800_A..S87X005,A,1,1756058280,1A 1758 168/FAR,1756077519,1756077531,864,0,0
1756058340_E..S69R,107900_E..S69R,E,1,1756058340,1E 1759 P-A/WTC,1756075657,1756075672,703,0,0
1756058400_C..N04X006,108000_C..N04X006,C,0,1756058400,1C 1800 EUC/145,1756076648,1756076663,762,0,0
1756058460_H..N21X007,108100_H..N21X007,H,0,1756058460,1H 1801 RPK/RKB,1756074095,1756074108,519,0,0
1756058460_H..S21X007,108100_H..S21X007,H,1,1756058460,1H 1801 RKB/RPK,1756073900,1756073913,493,0,0
1756058670_A..N85X003,108450_A..N85X003,A,0,1756058670,1A 1804+ FAR/168,1756078825,1756078838,986,0,0
1756058820_E..N72R,108700_E..N72R,E,0,1756058820,1E 1807 WTC/P-A,1756076377,1756076392,688,0,0
1756058880_A..S85X001,108800_A..S85X001,A,1,1756058880,1A 1808 168/LEF,1756077534,1756077546,786,0,0
1756058940_C..S04X006,108900_C..S04X006,C,1,1756058940,1C 1809 145/EUC,1756077171,1756077173,730,0,0
1756059060_E..S69R,109100_E..S69R,E,1,1756059060,1E 1811 P-A/WTC,1756076257,1756076272,648,0,0
1756059120_C..N04X006,109200_C..N04X006,C,0,1756059120,1C 1812 EUC/145,1756077053,1756077068,695,0,0
1756059330_A..N86X003,109550_A..N86X003,A,0,1756059330,1A 1815+ LEF/168,1756078810,1756078823,896,0,0
1756059480_A..S87X005,109800_A..S87X005,A,1,1756059480,1A 1818 168/FAR,1756079441,1756079453,960,0,0
1756059630_E..N72R,110050_E..N72R,E,0,1756059630,1E 1820+ WTC/P-A,1756077308,1756077321,661,0,0
1756059660_C..S04X006,110100_C..S04X006,C,1,1756059660,1C 1821 145/EUC,1756077669,1756077682,707,0,0
1756059660_H..N21X007,110100_H..N21X007,H,0,1756059660,1H 1821 RPK/RKB,1756075371,1756075386,308,0,0
1756059660_H..S21X007,110100_H..S21X007,H,1,1756059660,1H 1821 RKB/RPK,1756075476,1756075491,523,0,0
1756059720_E..S69R,110200_E..S69R,E,1,1756059720,1E 1822 P-A/WTC,1756077173,1756077188,638,0,0
1756059840_C..N04X006,110400_C..N04X006,C,0,1756059840,1C 1824 EUC/145,1756078164,1756078177,761,0,0
1756059870_A..N85X003,110450_A..N85X003,A,0,1756059870,1A 1824+ FAR/168,1756079951,1756079966,996,0,0
1756060080_A..S85X001,110800_A..S85X001,A,1,1756060080,1A 1828 168/LEF,1756078224,1756078237,750,0,0
1756060380_C..S04X006,111300_C..S04X006,C,1,1756060380,1C 1833 145/EUC,1756078958,1756078960,827,0,0
1756060380_E..N72R,111300_E..N72R,E,0,1756060380,1E 1833 WTC/P-A,1756077443,1756077456,626,0,0
1756060440_E..S69R,111400_E..S69R,E,1,1756060440,1E 1834 P-A/WTC,1756077729,1756077742,660,0,0
1756060530_A..N86X003,111550_A..N86X003,A,0,1756060530,1A 1835+ LEF/168,1756079951,1756079966,949,0,0
1756060560_C..N04X006,111600_C..N04X006,C,0,1756060560,1C 1836 EUC/145,1756078735,1756078748,786,0,0
1756060680_A..S87X005,111800_A..S87X005,A,1,1756060680,1A 1838 168/FAR,1756080747,1756080762,992,0,0
1756060860_H..N21X007,112100_H..N21X007,H,0,1756060860,1H 1841 RPK/RKB,1756076497,1756076512,508,0,0
1756060860_H..S21X007,112100_H..S21X007,H,1,1756060860,1H 1841 RKB/RPK,1756077248,1756077261,568,0,0
1756061100_A..N85X003,112500_A..N85X003,A,0,1756061100,1A 1845 FAR/168,1756080912,1756080927,975,0,0
1756061100_C..S04X006,112500_C..S04X006,C,1,1756061100,1C 1845 145/EUC,1756079065,1756079078,794,0,0
1756061100_E..N72R,112500_E..N72R,E,0,1756061100,1E 1845 WTC/P-A,1756078539,1756078552,724,0,0
1756061160_A..S85X001,112600_A..S85X001,A,1,1756061160,1A 1846 168/LEF,1756079425,1756079438,838,0,0
1756061160_E..S69R,112600_E..S69R,E,1,1756061160,1E 1846 P-A/WTC,1756078449,1756078462,708,0,0
1756061640_C..N04X006,113400_C..N04X006,C,0,1756061640,1C 1854 EUC/145,1756080041,1756080056,871,0,0
1756061700_E..N72R,113500_E..N72R,E,0,1756061700,1E 1855 WTC/P-A,1756079020,1756079033,734,0,0
1756061730_A..N86X003,113550_A..N86X003,A,0,1756061730,1A 1855+ LEF/168,1756080432,1756080447,885,0,0
1756061820_C..S04X006,113700_C..S04X006,C,1,1756061820,1C 1857 145/EUC,1756080206,1756080221,858,0,0
1756061880_E..S69R,113800_E..S69R,E,1,1756061880,1E 1858 P-A/WTC,1756079065,1756079078,716,0,0
1756062060_H..S21X007,114100_H..S21X007,H,1,1756062060,1H 1901 RKB/RPK,1756078329,1756078342,594,0,0
1756062120_A..S87X005,114200_A..S87X005,A,1,1756062120,1A 1902 168/FAR,1756081302,1756081317,891,0,0
1756062300_H..N21X007,114500_H..N21X007,H,0,1756062300,1H 1905 RPK/RKB,1756077939,1756077952,510,0,0
1756062420_E..N72R,114700_E..N72R,E,0,1756062420,1E 1907 WTC/P-A,1756079786,1756079799,740,0,0
1756062540_A..N85X003,114900_A..N85X003,A,0,1756062540,1A 1909 FAR/168,1756082759,1756082772,986,0,0
1756062540_C..S04X006,114900_C..S04X006,C,1,1756062540,1C 1909 145/EUC,1756080627,1756080642,790,0,0
1756062600_E..S69R,115000_E..S69R,E,1,1756062600,1E 1910 P-A/WTC,1756080056,1756080071,744,0,0
1756062720_C..N04X006,115200_C..N04X006,C,0,1756062720,1C 1912 EUC/145,1756080807,1756080822,778,0,0
1756063080_A..N86X003,115800_A..N86X003,A,0,1756063080,1A 1918 LEF/168,1756081648,1756081663,786,0,0
1756063080_A..S87X005,115800_A..S87X005,A,1,1756063080,1A 1918 168/FAR,1756082384,1756082396,864,0,0
1756063260_E..N72R,116100_E..N72R,E,0,1756063260,1E 1921 WTC/P-A,1756080672,1756080687,697,0,0
1756063260_H..S21X007,116100_H..S21X007,H,1,1756063260,1H 1921 RKB/RPK,1756079245,1756079258,556,0,0
1756063440_C..N04X006,116400_C..N04X006,C,0,1756063440,1C 1924 EUC/145,1756081453,1756081468,725,0,0
1756063440_E..S69R,116400_E..S69R,E,1,1756063440,1E 1924 P-A/WTC,1756080897,1756080912,688,0,0
1756063620_C..S04X006,116700_C..S04X006,C,1,1756063620,1C 1927 145/EUC,1756081663,1756081678,483,0,0
1756063620_H..N21X007,116700_H..N21X007,H,0,1756063620,1H 1927 RPK/RKB,1756079320,1756079333,518,0,0
1756063680_A..S85X001,116800_A..S85X001,A,1,1756063680,1A 1928 168/LEF,1756081828,1756081843,718,0,0
1756063860_E..N72R,117100_E..N72R,E,0,1756063860,1E 1931 WTC/P-A,1756080927,1756080942,634,0,0
1756063980_A..N85X003,117300_A..N85X003,A,0,1756063980,1A 1933 FAR/168,1756083480,1756083493,890,0,0
1756064040_E..S69R,117400_E..S69R,E,1,1756064040,1E 1934 P-A/WTC,1756081392,1756081408,641,0,0
1756064160_C..N04X006,117600_C..N04X006,C,0,1756064160,1C 1936 EUC/145,1756082819,1756082832,778,0,0
1756064280_A..S87X005,117800_A..S87X005,A,1,1756064280,1A 1938 168/FAR,1756083615,1756083628,870,0,0
1756064520_A..N86X003,118200_A..N86X003,A,0,1756064520,1A 1942 LEF/168,1756083045,1756083057,777,0,0
1756064520_H..S21X007,118200_H..S21X007,H,1,1756064520,1H 1942 RKB/RPK,1756080296,1756080311,521,0,0
1756064580_E..N72R,118300_E..N72R,E,0,1756064580,1E 1943 WTC/P-A,1756081663,1756081678,608,0,0
1756064640_H..N21X007,118400_H..N21X007,H,0,1756064640,1H 1944 RPK/RKB,1756080417,1756080432,521,0,0
1756064700_C..S04X006,118500_C..S04X006,C,1,1756064700,1C 1945 145/EUC,1756082909,1756082922,747,0,0
1756064760_A..S85X001,118600_A..S85X001,A,1,1756064760,1A 1946 168/LEF,1756082907,1756082909,742,0,0
1756064760_E..S69R,118600_E..S69R,E,1,1756064760,1E 1946 P-A/WTC,1756081993,1756082006,621,0,0
1756064880_C..N04X006,118800_C..N04X006,C,0,1756064880,1C 1948 EUC/145,1756083720,1756083733,843,0,0
1756065420_A..N85X003,119700_A..N85X003,A,0,1756065420,1A 1957 FAR/168,1756085162,1756085177,977,0,0
1756065420_C..S04X006,119700_C..S04X006,C,1,1756065420,1C 1957 145/EUC,1756083300,1756083312,751,0,0
1756065420_E..N72R,119700_E..N72R,E,0,1756065420,1E 1957 WTC/P-A,1756082667,1756082669,666,0,0
1756065480_A..S87X005,119800_A..S87X005,A,1,1756065480,1A 1958 168/FAR,1756084922,1756084937,955,0,0
1756065480_E..S69R,119800_E..S69R,E,1,1756065480,1E 1958 P-A/WTC,1756082834,1756082847,685,0,0
1756065720_H..S21X007,120200_H..S21X007,H,1,1756065720,1H 2002 RKB/RPK,1756081317,1756081332,509,0,0
1756065960_A..N86X003,120600_A..N86X003,A,0,1756065960,1A 2006 LEF/168,1756084576,1756084589,885,0,0
1756065960_C..N04X006,120600_C..N04X006,C,0,1756065960,1C 2006 EUC/145,1756084711,1756084724,902,0,0
1756065960_H..N21X007,120600_H..N21X007,H,0,1756065960,1H 2006 RPK/RKB,1756081843,1756081858,488,0,0
1756066080_A..S85X001,120800_A..S85X001,A,1,1756066080,1A 2008 168/LEF,1756084246,1756084258,832,0,0
1756066080_E..N72R,120800_E..N72R,E,0,1756066080,1E 2008 WTC/P-A,1756083465,1756083478,728,0,0
1756066140_C..S04X006,120900_C..S04X006,C,1,1756066140,1C 2009 145/EUC,1756084096,1756084108,808,0,0
1756066320_E..S69R,121200_E..S69R,E,1,1756066320,1E 2012 P-A/WTC,1756083795,1756083808,755,0,0
1756066680_A..S87X005,121800_A..S87X005,A,1,1756066680,1A 2018 168/FAR,1756085913,1756085928,918,0,0
1756066800_E..N72R,122000_E..N72R,E,0,1756066800,1E 2020 WTC/P-A,1756084096,1756084108,732,0,0
1756066860_A..N85X003,122100_A..N85X003,A,0,1756066860,1A 2021 FAR/168,1756086244,1756086255,921,0,0
1756066860_C..S04X006,122100_C..S04X006,C,1,1756066860,1C 2021 145/EUC,1756084862,1756084876,822,0,0
1756066920_H..S21X007,122200_H..S21X007,H,1,1756066920,1H 2022 RKB/RPK,1756083074,1756083087,580,0,0
1756067040_C..N04X006,122400_C..N04X006,C,0,1756067040,1C 2024 EUC/145,1756085462,1756085477,841,0,0
1756067040_E..S69R,122400_E..S69R,E,1,1756067040,1E 2024 P-A/WTC,1756084336,1756084348,732,0,0
1756067280_A..S85X001,122800_A..S85X001,A,1,1756067280,1A 2028 168/LEF,1756085403,1756085418,805,0,0
1756067280_H..N21X007,122800_H..N21X007,H,0,1756067280,1H 2028 RPK/RKB,1756082939,1756082952,514,0,0
1756067400_A..N86X003,123000_A..N86X003,A,0,1756067400,1A 2030 LEF/168,1756085718,1756085732,810,0,0
1756067520_E..N72R,123200_E..N72R,E,0,1756067520,1E 2032 WTC/P-A,1756084651,1756084664,709,0,0
1756067640_E..S69R,123400_E..S69R,E,1,1756067640,1E 2034 P-A/WTC,1756084922,1756084937,722,0,0
1756067760_C..N04X006,123600_C..N04X006,C,0,1756067760,1C 2036 EUC/145,1756086244,1756086255,801,0,0
1756067880_A..S87X005,123800_A..S87X005,A,1,1756067880,1A 2038 168/FAR,1756087082,1756087084,887,0,0
1756067940_C..S04X006,123900_C..S04X006,C,1,1756067940,1C 2039 145/EUC,1756086393,1756086408,554,0,0
1756068120_H..S21X007,124200_H..S21X007,H,1,1756068120,1H 2042 RKB/RPK,1756083885,1756083898,528,0,0
1756068180_H..N21X007,124300_H..N21X007,H,0,1756068180,1H 2043 RPK/RKB,1756083735,1756083748,500,0,0
1756068300_A..N85X006,124500_A..N85X006,A,0,1756068300,1A 2045 FAR/168,1756088120,1756088132,970,0,0
1756068300_E..N72R,124500_E..N72R,E,0,1756068300,1E 2045 WTC/P-A,1756086573,1756086586,764,0,0
1756068360_A..S85X001,124600_A..S85X001,A,1,1756068360,1A 2046 168/LEF,1756086378,1756086391,734,0,0
1756068480_C..N04X006,124800_C..N04X006,C,0,1756068480,1C 2048 EUC/145,1756087129,1756087141,814,0,0
1756068480_E..S69R,124800_E..S69R,E,1,1756068480,1E 2048 P-A/WTC,1756085657,1756085672,662,0,0
1756068840_A..N86X003,125400_A..N86X003,A,0,1756068840,1A 2054 LEF/168,1756087219,1756087231,778,0,0
1756068960_E..N72R,125600_E..N72R,E,0,1756068960,1E 2056 WTC/P-A,1756086708,1756086721,694,0,0
1756069020_C..S04X006,125700_C..S04X006,C,1,1756069020,1C 2057 145/EUC,1756086961,1756086964,719,0,0
1756069080_A..S87X005,125800_A..S87X005,A,1,1756069080,1A 2058 168/FAR,1756088465,1756088478,912,0,0
1756069200_C..N04X006,126000_C..N04X006,C,0,1756069200,1C 2100 EUC/145,1756088705,1756088718,932,0,0
1756069200_E..S69R,126000_E..S69R,E,1,1756069200,1E 2100 P-A/WTC,1756086438,1756086451,631,0,0
1756069320_H..S21X007,126200_H..S21X007,H,1,1756069320,1H 2102 RKB/RPK,1756085192,1756085207,530,0,0
1756069560_E..N72R,126600_E..N72R,E,0,1756069560,1E 2106 WTC/P-A,1756087294,1756087306,720,0,0
1756069680_A..S85X001,126800_A..S85X001,A,1,1756069680,1A 2108 168/LEF,1756087895,1756087907,792,0,0
1756069680_H..N21R,126800_H..N21R,H,0,1756069680,1H 2108 RPK/BCR,1756094877,1756094891,1570,0,0
1756069740_A..N85X006,126900_A..N85X006,A,0,1756069740,1A 2109 FAR/168,1756089066,1756089078,944,0,0
1756069740_C..S04X006,126900_C..S04X006,C,1,1756069740,1C 2109 145/EUC,1756088270,1756088283,838,0,0
1756069860_E..S69R,127100_E..S69R,E,1,1756069860,1E 2111 P-A/WTC,1756087219,1756087231,690,0,0
1756069920_C..N04X203,127200_C..N04X203,C,0,1756069920,1C 2112 EUC/145,1756095117,1756095132,1570,0,0
1756070280_A..N86X006,127800_A..N86X006,A,0,1756070280,1A 2118 LEF/168,1756088750,1756088763,866,0,0
1756070280_A..S87X005,127800_A..S87X005,A,1,1756070280,1A 2118 168/FAR,1756089681,1756089694,988,0,0
1756070400_E..N72R,128000_E..N72R,E,0,1756070400,1E 2120 WTC/P-A,1756087594,1756087607,704,0,0
1756070580_E..S69R,128300_E..S69R,E,1,1756070580,1E 2123 P-A/WTC,1756087985,1756087997,744,0,0
1756070640_C..N04X203,128400_C..N04X203,C,0,1756070640,1C 2124 EUC/145,1756095837,1756095852,1570,0,0
1756070700_C..S04X006,128500_C..S04X006,C,1,1756070700,1C 2125 145/EUC,1756089441,1756089454,678,0,0
1756070880_A..S85X001,128800_A..S85X001,A,1,1756070880,1A 2128 168/LEF,1756089711,1756089726,952,0,0
1756071120_H..S21R,129200_H..S21R,H,1,1756071120,1H 2132 BCR/RPK,1756086303,1756086318,491,0,0
1756071180_E..N72R,129300_E..N72R,E,0,1756071180,1E 2133 WTC/P-A,1756087759,1756087772,672,0,0
1756071180_H..N21R,129300_H..N21R,H,0,1756071180,1H 2133 RPK/BCR,1756096378,1756096393,1568,0,0
1756071330_A..N85X006,129550_A..N85X006,A,0,1756071330,1A 2135+ FAR/168,1756090987,1756091003,995,0,0
1756071360_E..S69R,129600_E..S69R,E,1,1756071360,1E 2136 P-A/WTC,1756088703,1756088705,773,0,0
1756071480_A..S87X005,129800_A..S87X005,A,1,1756071480,1A 2138 168/FAR,1756091948,1756091961,1059,0,0
1756071660_C..S04X006,130100_C..S04X006,C,1,1756071660,1C 2141 145/EUC,1756089936,1756089951,719,0,0
1756071720_A..N86X006,130200_A..N86X006,A,0,1756071720,1A 2142 LEF/168,1756089801,1756089816,864,0,0
1756071885_C..N04X203,130475_C..N04X203,C,0,1756071885,1C 2144+ EUC/145,1756096558,1756096571,1490,0,0
1756071900_E..N05X100,130500_E..N05X100,E,0,1756071900,1E 2145 WTC/P-A,1756089546,1756089559,813,0,0
1756071960_A..S85X001,130600_A..S85X001,A,1,1756071960,1A 2146 168/LEF,1756090342,1756090357,868,0,0
1756072260_E..S69R,131100_E..S69R,E,1,1756072260,1E 2151 P-A/WTC,1756089411,1756089424,748,0,0
1756072320_H..S21R,131200_H..S21R,H,1,1756072320,1H 2152 BCR/RPK,1756087279,1756087291,456,0,0
1756072380_H..N21R,131300_H..N21R,H,0,1756072380,1H 2153 RPK/BCR,1756097579,1756097592,1560,0,0
1756072620_C..S04X006,131700_C..S04X006,C,1,1756072620,1C 2157 145/EUC,1756090822,1756090837,812,0,0
1756072620_E..N05X100,131700_E..N05X100,E,0,1756072620,1E 2157 WTC/P-A,1756090162,1756090177,767,0,0
1756072710_A..S87X005,131850_A..S87X005,A,1,1756072710,1A 2158+ 168/FAR,1756092954,1756092967,1030,0,0
1756072800_A..N85X001,132000_A..N85X001,A,0,1756072800,1A 2200 FAR/168,1756093045,1756093057,1030,0,0
1756073100_E..S69R,132500_E..S69R,E,1,1756073100,1E 2205 P-A/WTC,1756090147,1756090162,704,0,0
1756073130_C..N04X203,132550_C..N04X203,C,0,1756073130,1C 2205+ EUC/145,1756098330,1756098343,1561,0,0
1756073160_E..N05X100,132600_E..N05X100,E,0,1756073160,1E 2206 WTC/P-A,1756090912,1756090927,747,0,0
1756073430_A..S85X001,133050_A..S85X001,A,1,1756073430,1A 2210+ 168/LEF,1756091858,1756091871,788,0,0
1756073460_H..N21R,133100_H..N21R,H,0,1756073460,1H 2211 RPK/BCR,1756098660,1756098673,1561,0,0
1756073490_A..N86X006,133150_A..N86X006,A,0,1756073490,1A 2211+ LEF/168,1756092144,1756092156,818,0,0
1756073580_C..S04X006,133300_C..S04X006,C,1,1756073580,1C 2213 145/EUC,1756092174,1756092186,810,0,0
1756073790_A..S74X043,133650_A..S74X043,A,1,1756073790,1A 2216+ 168/FAR,1756094096,1756094108,1038,0,0
1756073880_E..S69R,133800_E..S69R,E,1,1756073880,1E 2218 P-A/WTC,1756091408,1756091423,685,0,0
1756073940_E..N05X100,133900_E..N05X100,E,0,1756073940,1E 2219 WTC/P-A,1756091708,1756091721,701,0,0
1756074060_C..N04X203,134100_C..N04X203,C,0,1756074060,1C 2221 EUC/145,1756099261,1756099274,1565,0,0
1756074420_E..S04R,134700_E..S04R,E,1,1756074420,1E 2227 P-A/WTC,1756092624,1756092637,784,0,0
1756074510_A..S04X101,134850_A..S04X101,A,1,1756074510,1A 2228+ 168/LEF,1756093405,1756093418,882,0,0
1756074540_H..N21R,134900_H..N21R,H,0,1756074540,1H 2229 RPK/BCR,1756099742,1756099757,1581,0,0
1756074600_A..N85X001,135000_A..N85X001,A,0,1756074600,1A 2230 FAR/168,1756095372,1756095387,1084,0,0
1756074600_E..N05X100,135000_E..N05X100,E,0,1756074600,1E 2230 WTC/P-A,1756092699,1756092712,781,0,0
1756074720_H..S21R,135200_H..S21R,H,1,1756074720,1H 2232 BCR/RPK,1756090657,1756090672,567,0,0
1756075080_A..N04X037,135800_A..N04X037,A,0,1756075080,1A 2238 LEF/168,1756094381,1756094394,973,0,0
1756075110_A..S74X043,135850_A..S74X043,A,1,1756075110,1A 2238+ 168/FAR,1756095852,1756095868,1081,0,0
1756075260_E..N05X100,136100_E..N05X100,E,0,1756075260,1E 2241 WTC/P-A,1756093555,1756093568,851,0,0
1756075440_E..S04R,136400_E..S04R,E,1,1756075440,1E 2244 P-A/WTC,1756093315,1756093328,804,0,0
1756075860_A..S04X101,137100_A..S04X101,A,1,1756075860,1A 2251 168/LEF,1756096093,1756096108,1025,1,0
1756075920_E..N05X100,137200_E..N05X100,E,0,1756075920,1E 2252 WTC/P-A,1756093720,1756093733,803,0,0
1756075920_H..S21R,137200_H..S21R,H,1,1756075920,1H 2252 BCR/RPK,1756090987,1756091003,471,0,0
1756075980_H..N21R,137300_H..N21R,H,0,1756075980,1H 2253 RPK/BCR,1756101183,1756101196,1551,0,0
1756076280_E..S04R,137800_E..S04R,E,1,1756076280,1E 2258 P-A/WTC,1756094379,1756094381,842,0,0
1756076400_A..N85X001,138000_A..N85X001,A,0,1756076400,1A 2300 FAR/168,1756097549,1756097562,1120,0,0
1756076640_E..N05X100,138400_E..N05X100,E,0,1756076640,1E 2304 WTC/P-A,1756094606,1756094621,822,0,0
1756076760_A..S74X043,138600_A..S74X043,A,1,1756076760,1A 2306 168/FAR,1756097129,1756097142,1016,0,0
1756076880_A..N04X037,138800_A..N04X037,A,0,1756076880,1A 2308 LEF/168,1756096453,1756096468,913,0,0
1756077270_H..S21R,139450_H..S21R,H,1,1756077270,1H 2314+ BCR/RPK,1756092564,1756092577,457,0,0
1756077540_E..S04R,139900_E..S04R,E,1,1756077540,1E 2319 P-A/WTC,1756095567,1756095582,766,0,0
1756077570_E..N05X100,139950_E..N05X100,E,0,1756077570,1E 2319+ WTC/P-A,1756097219,1756097232,920,0,0
1756077600_A..S04X101,140000_A..S04X101,A,1,1756077600,1A 2320 168/LEF,1756096108,1756096123,794,0,0
1756077780_H..N21R,140300_H..N21R,H,0,1756077780,1H 2323 RPK/BCR,1756102983,1756102985,1547,0,0
1756078200_A..N85X001,141000_A..N85X001,A,0,1756078200,1A 2330 FAR/168,1756099111,1756099124,1088,0,0
1756078380_A..S74X043,141300_A..S74X043,A,1,1756078380,1A 2333 168/FAR,1756098225,1756098238,946,0,0
1756078440_E..S04R,141400_E..S04R,E,1,1756078440,1E 2334 P-A/WTC,1756096708,1756096721,736,0,0
1756078470_E..N05X100,141450_E..N05X100,E,0,1756078470,1E 2334+ WTC/P-A,1756097609,1756097622,852,0,0
1756078680_A..N04X037,141800_A..N04X037,A,0,1756078680,1A 2338 LEF/168,1756098435,1756098448,934,0,0
1756078860_H..N21R,142100_H..N21R,H,0,1756078860,1H 2341 RPK/BCR,1756104051,1756104064,1546,0,0
1756079070_H..S21R,142450_H..S21R,H,1,1756079070,1H 2344+ BCR/RPK,1756094141,1756094154,451,0,0
1756079310_E..N05X100,142850_E..N05X100,E,0,1756079310,1E 2348+ WTC/P-A,1756098255,1756098268,854,0,0
1756079370_A..S74X043,142950_A..S74X043,A,1,1756079370,1A 2349+ 168/FAR,1756099832,1756099847,1040,0,0
1756079640_E..S04R,143400_E..S04R,E,1,1756079640,1E 2354 P-A/WTC,1756097775,1756097787,768,0,0
1756080060_H..N21R,000100_H..N21R,H,0,1756080060,1H 0001 RPK/BCR,1756105252,1756105267,1551,0,0
1756080120_A..N85X001,000200_A..N85X001,A,0,1756080120,1A 0002 FAR/168,1756101153,1756101168,1078,0,0
1756080270_H..S,000450_H..S,H,1,1756080270,EH 0004+ BCH/RPK,1756095222,1756095237,471,0,0
1756080330_A..S74X043,000550_A..S74X043,A,1,1756080330,1A 0005+ 168/FAR,1756101138,1756101153,1063,0,0
1756080480_A..N04X037,000800_A..N04X037,A,0,1756080480,1A 0008 LEF/168,1756099621,1756099636,952,0,0
1756080510_E..N05X100,000850_E..N05X100,E,0,1756080510,1E 0008+ WTC/P-A,1756099892,1756099907,968,0,0
1756080660_H..N21R,001100_H..N21R,H,0,1756080660,1H 0011 RPK/BCR,1756105853,1756105868,1551,0,0
1756080690_E..S04R,001150_E..S04R,E,1,1756080690,1E 0011+ P-A/WTC,1756098660,1756098673,816,0,0
1756081170_H..S,001950_H..S,H,1,1756081170,EH 0019+ BCH/RPK,1756096093,1756096108,448,0,0
1756081200_A..N37R,002000_A..N37R,A,0,1756081200,1A 0020 LEF/EUC,1756096513,1756096526,473,0,0
1756081200_A..S74X043,002000_A..S74X043,A,1,1756081200,1A 0020 168/FAR,1756102670,1756102682,1181,0,0
1756081260_H..N,002100_H..N,H,0,1756081260,EH 0021 RPK/BCH,1756096153,1756096168,440,0,0
1756081320_A..N85X001,002200_A..N85X001,A,0,1756081320,1A 0022 FAR/168,1756102024,1756102037,1079,0,0
1756081710_E..N05X100,002850_E..N05X100,E,0,1756081710,1E 0028+ WTC/P-A,1756100522,1756100537,873,0,0
1756081890_E..S04R,003150_E..S04R,E,1,1756081890,1E 0031+ P-A/WTC,1756099591,1756099606,787,0,0
1756081920_H..S,003200_H..S,H,1,1756081920,EH 0032 BCH/RPK,1756096844,1756096856,421,0,0
1756082280_A..S74X043,003800_A..S74X043,A,1,1756082280,1A 0038 168/FAR,1756103661,1756103673,1169,0,0
1756082400_A..N43R,004000_A..N43R,A,0,1756082400,1A 0040 LEF/EUC,1756097519,1756097532,446,0,0
1756082460_H..N21R,004100_H..N21R,H,0,1756082460,1H 0041 RPK/BCR,1756107655,1756107667,1552,0,0
1756082520_A..N85X001,004200_A..N85X001,A,0,1756082520,1A 0042 FAR/168,1756103015,1756103028,1051,0,0
1756082700_H..S,004500_H..S,H,1,1756082700,EH 0045 BCH/RPK,1756097669,1756097682,427,0,0
1756082910_E..N05X100,004850_E..N05X100,E,0,1756082910,1E 0048+ WTC/P-A,1756101558,1756101571,805,0,0
1756083090_E..S04R,005150_E..S04R,E,1,1756083090,1E 0051+ P-A/WTC,1756101588,1756101601,785,0,0
1756083480_A..S37R,005800_A..S37R,A,1,1756083480,1A 0058 EUC/LEF,1756098480,1756098493,431,0,0
1756083480_A..S74X043,005800_A..S74X043,A,1,1756083480,1A 0058 168/FAR,1756104441,1756104456,1094,0,0
1756083540_H..N,005900_H..N,H,0,1756083540,EH 0059 RPK/BCH,1756108736,1756108749,1552,0,0
1756083540_H..S,005900_H..S,H,1,1756083540,EH 0059 BCH/RPK,1756098645,1756098658,445,0,0
1756083600_A..N43R,006000_A..N43R,A,0,1756083600,1A 0100 LEF/EUC,1756098555,1756098568,425,0,0
1756084020_H..N,006700_H..N,H,0,1756084020,EH 0107 RPK/BCH,1756098973,1756098976,441,0,0
1756084110_E..N05X100,006850_E..N05X100,E,0,1756084110,1E 0108+ WTC/P-A,1756104712,1756104727,1051,0,0
1756084290_E..S04R,007150_E..S04R,E,1,1756084290,1E 0111+ P-A/WTC,1756102624,1756102637,798,0,0
1756084320_A..N85X001,007200_A..N85X001,A,0,1756084320,1A 0112 FAR/168,1756104892,1756104907,779,0,0
1756084380_A..S43R,007300_A..S43R,A,1,1756084380,1A 0113 EUC/LEF,1756099276,1756099289,458,0,0
1756084650_H..S,007750_H..S,H,1,1756084650,EH 0117+ BCH/RPK,1756099937,1756099952,501,0,0
1756084680_A..S74X043,007800_A..S74X043,A,1,1756084680,1A 0118 168/FAR,1756105057,1756105072,1036,0,0
1756084800_A..N43R,008000_A..N43R,A,0,1756084800,1A 0120 LEF/EUC,1756099817,1756099832,483,0,0
1756084860_H..N21R,008100_H..N21R,H,0,1756084860,1H 0121 RPK/BCR,1756110057,1756110072,1639,0,0
1756085190_A..S43R,008650_A..S43R,A,1,1756085190,1A 0126+ EUC/LEF,1756099862,1756099877,460,0,0
1756085400_E..N05X100,009000_E..N05X100,E,0,1756085400,1E 0130 WTC/P-A,1756104712,1756104727,965,0,0
1756085490_E..S04R,009150_E..S04R,E,1,1756085490,1E 0131+ P-A/WTC,1756103645,1756103658,854,0,0
1756085520_H..S,009200_H..S,H,1,1756085520,EH 0132 BCH/RPK,1756101243,1756101256,533,0,0
1756085880_A..S74X043,009800_A..S74X043,A,1,1756085880,1A 0138 168/FAR,1756106003,1756106016,1007,0,0
1756086000_A..N43R,010000_A..N43R,A,0,1756086000,1A 0140 LEF/EUC,1756102309,1756102322,622,0,0
1756086060_H..N21R,010100_H..N21R,H,0,1756086060,1H 0141 RPK/BCR,1756111259,1756111271,1734,0,0
1756086120_A..N85X001,010200_A..N85X001,A,0,1756086120,1A 0142 FAR/168,1756106979,1756106992,1103,0,0
1756086330_H..S21R,010550_H..S21R,H,1,1756086330,1H 0145+ BCR/RPK,1756101348,1756101361,450,0,0
1756086390_A..S43R,010650_A..S43R,A,1,1756086390,1A 0146+ EUC/LEF,1756102322,1756102324,571,0,0
1756086600_E..N05X100,011000_E..N05X100,E,0,1756086600,1E 0150 WTC/P-A,1756106679,1756106691,999,0,0
1756086690_E..S04R,011150_E..S04R,E,1,1756086690,1E 0151+ P-A/WTC,1756104411,1756104426,793,0,0
1756087080_A..S74X043,011800_A..S74X043,A,1,1756087080,1A 0158 168/FAR,1756106829,1756106842,956,0,0
1756087200_A..N43R,012000_A..N43R,A,0,1756087200,1A 0200 LEF/EUC,1756102309,1756102322,463,0,0
1756087260_H..N21R,012100_H..N21R,H,0,1756087260,1H 0201 RPK/BCR,1756112397,,1864,0,0
1756087320_A..N85X001,012200_A..N85X001,A,0,1756087320,1A 0202 FAR/168,1756107998,1756108000,1079,0,0
1756087530_H..S21R,012550_H..S21R,H,1,1756087530,1H 0205+ BCR/RPK,1756102594,1756102607,457,0,0
1756087590_A..S43R,012650_A..S43R,A,1,1756087590,1A 0206+ EUC/LEF,1756102863,1756102865,484,0,0
1756087800_E..N05X100,013000_E..N05X100,E,0,1756087800,1E 0210 WTC/P-A,1756107339,1756107352,928,0,0
1756087890_E..S04R,013150_E..S04R,E,1,1756087890,1E 0211+ P-A/WTC,1756106033,1756106048,743,0,0
1756088280_A..S74X043,013800_A..S74X043,A,1,1756088280,1A 0218 168/FAR,1756108358,1756108361,999,0,0
1756088400_A..N43R,014000_A..N43R,A,0,1756088400,1A 0220 LEF/EUC,1756104712,1756104727,586,0,0
1756088460_H..N21R,014100_H..N21R,H,0,1756088460,1H 0221 RPK/BCR,1756112397,,1705,0,0
1756088520_A..N85X001,014200_A..N85X001,A,0,1756088520,1A 0222 FAR/168,1756108839,1756108841,1033,0,0
1756088730_H..S21R,014550_H..S21R,H,1,1756088730,1H 0225+ BCR/RPK,1756103901,1756103914,470,0,0
1756088790_A..S43R,014650_A..S43R,A,1,1756088790,1A 0226+ EUC/LEF,1756103991,1756104004,478,0,0
1756089000_E..N05X100,015000_E..N05X100,E,0,1756089000,1E 0230 WTC/P-A,1756108058,1756108060,881,0,0
1756089090_E..S04R,015150_E..S04R,E,1,1756089090,1E 0231+ P-A/WTC,1756107039,1756107052,740,0,0
1756089480_A..S74X043,015800_A..S74X043,A,1,1756089480,1A 0238 168/FAR,1756109907,1756109922,1110,0,0
1756089600_A..N43R,016000_A..N43R,A,0,1756089600,1A 0240 LEF/EUC,1756104697,1756104712,483,0,0
1756089660_H..N21R,016100_H..N21R,H,0,1756089660,1H 0241 RPK/BCR,1756112397,,1607,0,0
1756089720_A..N85X001,016200_A..N85X001,A,0,1756089720,1A 0242 FAR/168,1756109952,1756109967,1100,0,0
1756089930_H..S21R,016550_H..S21R,H,1,1756089930,1H 0245+ BCR/RPK,1756105042,1756105057,484,0,0
1756089990_A..S43R,016650_A..S43R,A,1,1756089990,1A 0246+ EUC/LEF,1756104952,1756104967,474,0,0
1756090200_E..N05X100,017000_E..N05X100,E,0,1756090200,1E 0250 WTC/P-A,1756108751,1756108764,894,0,0
1756090290_E..S04R,017150_E..S04R,E,1,1756090290,1E 0251+ P-A/WTC,1756108135,1756108148,806,0,0
1756090680_A..S74X043,017800_A..S74X043,A,1,1756090680,1A 0258 168/FAR,1756111424,1756111436,1265,0,0
1756090800_A..N43R,018000_A..N43R,A,0,1756090800,1A 0300 LEF/EUC,1756105733,1756105748,447,0,0
1756090860_H..N21R,018100_H..N21R,H,0,1756090860,1H 0301 RPK/BCR,1756112397,,1498,0,0
1756090920_A..N85X001,018200_A..N85X001,A,0,1756090920,1A 0302 FAR/168,1756110868,1756110881,1122,0,0
1756091130_H..S21R,018550_H..S21R,H,1,1756091130,1H 0305+ BCR/RPK,1756106063,1756106076,427,0,0
1756091190_A..S43R,018650_A..S43R,A,1,1756091190,1A 0306+ EUC/LEF,1756106138,1756106151,429,0,0
1756091400_E..N05X100,019000_E..N05X100,E,0,1756091400,1E 0310 WTC/P-A,1756109607,1756109622,877,0,0
1756091490_E..S04R,019150_E..S04R,E,1,1756091490,1E 0311+ P-A/WTC,1756109727,1756109742,881,0,0
1756092000_A..N43R,020000_A..N43R,A,0,1756092000,1A 0320 LEF/EUC,1756107024,1756107037,439,0,0
1756092060_H..N21R,020100_H..N21R,H,0,1756092060,1H 0321 RPK/BCR,1756112397,,1338,0,0
1756092120_A..N09R,020200_A..N09R,A,0,1756092120,1A 0322 FAR/207,1756112397,,1330,0,0
1756092330_H..S21R,020550_H..S21R,H,1,1756092330,1H 0325+ BCR/RPK,1756108118,1756108120,540,0,0
1756092390_A..S43R,020650_A..S43R,A,1,1756092390,1A 0326+ EUC/LEF,1756107339,1756107352,429,0,0
1756092480_A..S74X043,020800_A..S74X043,A,1,1756092480,1A 0328 168/FAR,1756112397,,1253,0,0
1756092600_E..N05X100,021000_E..N05X100,E,0,1756092600,1E 0330 WTC/P-A,1756111106,1756111109,944,0,0
1756092690_E..S04R,021150_E..S04R,E,1,1756092690,1E 0331+ P-A/WTC,1756110763,1756110776,865,0,0
1756093200_A..N43R,022000_A..N43R,A,0,1756093200,1A 0340 LEF/EUC,1756110253,1756110268,724,0,0
1756093260_H..N21R,022100_H..N21R,H,0,1756093260,1H 0341 RPK/BCR,1756112397,,1179,0,0
1756093320_A..N09R,022200_A..N09R,A,0,1756093320,1A 0342 FAR/207,1756112397,,1171,0,0
1756093530_H..S21R,022550_H..S21R,H,1,1756093530,1H 0345+ BCR/RPK,1756108481,1756108493,440,0,0
1756093590_A..S43R,022650_A..S43R,A,1,1756093590,1A 0346+ EUC/LEF,1756108781,1756108794,476,0,0
1756093800_E..N05X100,023000_E..N05X100,E,0,1756093800,1E 0350 WTC/P-A,1756112040,1756112052,1041,0,0
1756093890_E..S04R,023150_E..S04R,E,1,1756093890,1E 0351+ P-A/WTC,1756111919,1756111932,1003,0,0
1756094280_A..S74X043,023800_A..S74X043,A,1,1756094280,1A 0358 168/FAR,1756112397,,1103,0,0
1756094400_A..N43R,024000_A..N43R,A,0,1756094400,1A 0400 LEF/EUC,1756109502,1756109517,532,0,0
1756008000_FS.S01R,024000_FS.S01R,FS,1,1756008000,1FS 0400 FKN/PPK,1756023461,1756023476,442,0,0
1756008090_F..N,024150_F..N,F,0,1756008090,1F 0401+ STL/179,1756028462,1756028476,898,0,0
1756008120_M..S35R,024200_M..S35R,M,1,1756008120,1M 0402 MYR/MET,1756023446,1756023461,433,0,0
1756008180_F..S07R,024300_F..S07R,F,1,1756008180,1F 0403 179/STL,1756028822,1756028837,916,0,0
1756008180_M..N35R,024300_M..N35R,M,0,1756008180,1M 0403 MET/MYR,1756023146,1756023161,409,0,0
1756008330_D..S05X016,024550_D..S05X016,D,1,1756008330,1D 0405+ 205/STL,1756022981,1756022996,388,0,0
1756008570_D..S05X016,024950_D..S05X016,D,1,1756008570,1D 0409+ BPK/STL,1756028416,1756028431,491,0,0
1756008570_FS.N01R,024950_FS.N01R,FS,0,1756008570,1FS 0409+ PPK/FKN,1756023446,1756023461,403,0,0
1756008900_D..N05X022,025500_D..N05X022,D,0,1756008900,1D 0415 STL/205,1756029107,1756029123,887,0,0
1756009200_FS.S01R,026000_FS.S01R,FS,1,1756009200,1FS 0420 FKN/PPK,1756023987,1756024002,397,0,0
1756009320_M..S35R,026200_M..S35R,M,1,1756009320,1M 0422 MYR/MET,1756024933,1756024948,452,0,0
1756009380_F..S07R,026300_F..S07R,F,1,1756009380,1F 0423 179/STL,1756029617,1756029633,889,0,0
1756009380_M..N35R,026300_M..N35R,M,0,1756009380,1M 0423 MET/MYR,1756027200,1756027214,716,0,0
1756009530_D..S05X016,026550_D..S05X016,D,1,1756009530,1D 0425+ 205/STL,1756024047,1756024062,379,0,0
1756009770_D..S05X016,026950_D..S05X016,D,1,1756009770,1D 0429+ BPK/STL,1756029708,1756029723,506,0,0
1756009770_FS.N01R,026950_FS.N01R,FS,0,1756009770,1FS 0429+ PPK/FKN,1756024752,1756024767,410,0,0
1756009890_F..N,027150_F..N,F,0,1756009890,1F 0431+ STL/179,1756030368,1756030382,911,0,0
1756010100_D..N05X022,027500_D..N05X022,D,0,1756010100,1D 0435 STL/205,1756030759,1756030773,935,0,0
1756010400_FS.S01R,028000_FS.S01R,FS,1,1756010400,1FS 0440 FKN/PPK,1756025278,1756025293,364,0,0
1756010520_M..S35R,028200_M..S35R,M,1,1756010520,1M 0442 MYR/MET,1756025667,1756025668,387,0,0
1756010580_F..S07R,028300_F..S07R,F,1,1756010580,1F 0443 179/STL,1756031074,1756031088,913,0,0
1756010580_M..N35R,028300_M..N35R,M,0,1756010580,1M 0443 MET/MYR,1756025743,1756025757,390,0,0
1756010970_D..S05X016,028950_D..S05X016,D,1,1756010970,1D 0449+ BPK/STL,1756030654,1756030667,524,0,0
1756010970_FS.N01R,028950_FS.N01R,FS,0,1756010970,1FS 0449+ PPK/FKN,1756026014,1756026028,375,0,0
1756011300_D..N05X022,029500_D..N05X022,D,0,1756011300,1D 0455 STL/205,1756031163,1756031164,828,0,0
1756011600_FS.S01R,030000_FS.S01R,FS,1,1756011600,1FS 0500 FKN/PPK,1756026494,1756026508,355,0,0
1756011690_F..N,030150_F..N,F,0,1756011690,1F 0501+ STL/179,1756031960,1756031974,883,0,0
1756011720_M..S35R,030200_M..S35R,M,1,1756011720,1M 0502 MYR/MET,1756026870,1756026883,389,0,0
1756011780_F..S69R,030300_F..S69R,F,1,1756011780,1F 0503 179/STL,1756032395,1756032410,908,0,0
1756011780_M..N35R,030300_M..N35R,M,0,1756011780,1M 0503 MET/MYR,1756026795,1756026808,372,0,0
1756011930_D..S05X016,030550_D..S05X016,D,1,1756011930,1D 0505+ 205/STL,1756026404,1756026418,309,0,0
1756012170_D..S05X016,030950_D..S05X016,D,1,1756012170,1D 0509+ BPK/STL,1756032546,1756032561,598,0,0
1756012170_FS.N01R,030950_FS.N01R,FS,0,1756012170,1FS 0509+ PPK/FKN,1756026975,1756026988,369,0,0
1756012620_D..N05X022,031700_D..N05X022,D,0,1756012620,1D 0517 STL/205,1756032440,1756032456,854,0,0
1756012800_FS.S01R,032000_FS.S01R,FS,1,1756012800,1FS 0520 FKN/PPK,1756027591,1756027605,395,0,0
1756012890_F..N,032150_F..N,F,0,1756012890,1F 0521+ STL/179,1756032861,1756032876,864,0,0
1756012920_M..S35R,032200_M..S35R,M,1,1756012920,1M 0522 MYR/MET,1756029152,1756029167,491,0,0
1756012980_F..S69R,032300_F..S69R,F,1,1756012980,1F 0523 179/STL,1756033416,1756033431,895,0,0
1756012980_M..N35R,032300_M..N35R,M,0,1756012980,1M 0523 MET/MYR,1756028041,1756028056,413,0,0
1756013130_D..S05X018,032550_D..S05X018,D,1,1756013130,1D 0525+ 205/STL,1756027636,1756027650,376,0,0
1756013370_D..S05X018,032950_D..S05X018,D,1,1756013370,1D 0529+ BPK/STL,1756033476,1756033491,513,0,0
1756013370_FS.N01R,032950_FS.N01R,FS,0,1756013370,1FS 0529+ PPK/FKN,1756028176,1756028191,396,0,0
1756013760_D..N07X012,033600_D..N07X012,D,0,1756013760,1D 0536 STL/205,1756034122,1756034137,890,0,0
1756014000_FS.S01R,034000_FS.S01R,FS,1,1756014000,1FS 0540 FKN/PPK,1756029813,1756029828,463,0,0
1756014120_M..S35R,034200_M..S35R,M,1,1756014120,1M 0542 MYR/MET,1756029152,1756029167,411,0,0
1756014180_F..S69R,034300_F..S69R,F,1,1756014180,1F 0543 179/STL,1756034437,1756034453,883,0,0
1756014180_M..N35R,034300_M..N35R,M,0,1756014180,1M 0543 MET/MYR,1756029347,1756029362,420,0,0
1756014570_D..S05X018,034950_D..S05X018,D,1,1756014570,1D 0549+ BPK/STL,1756034152,1756034167,485,0,0
1756014570_FS.N01R,034950_FS.N01R,FS,0,1756014570,1FS 0549+ PPK/FKN,1756030143,1756030158,450,0,0
1756014690_F..N,035150_F..N,F,0,1756014690,1F 0551+ STL/179,1756034603,1756034618,848,0,0
1756014810_D..N07X012,035350_D..N07X012,D,0,1756014810,1D 0553+ STL/205,1756034708,1756034723,849,0,0
1756015320_M..S35R,036200_M..S35R,M,1,1756015320,1M 0602 MYR/MET,1756031179,1756031193,486,0,0
1756015380_F..S69R,036300_F..S69R,F,1,1756015380,1F 0603 179/STL,1756035444,1756035457,845,0,0
1756015380_M..N35R,036300_M..N35R,M,0,1756015380,1M 0603 MET/MYR,1756030353,1756030367,368,0,0
1756015470_FS.N01R,036450_FS.N01R,FS,0,1756015470,1FS 0604+ PPK/FKN,1756030158,1756030173,336,0,0
1756015530_D..S05X018,036550_D..S05X018,D,1,1756015530,1D 0605+ 205/STL,1756030008,1756030023,316,0,0
1756015770_D..S05X018,036950_D..S05X018,D,1,1756015770,1D 0609+ BPK/STL,1756036014,1756036028,585,0,0
1756015980_D..N07X012,037300_D..N07X012,D,0,1756015980,1D 0613 STL/205,1756035143,1756035157,726,0,0
1756016250_D..S05X018,037750_D..S05X018,D,1,1756016250,1D 0617+ 205/STL,1756036675,1756036689,894,0,0
1756016280_FS.S01R,037800_FS.S01R,FS,1,1756016280,1FS 0618 FKN/PPK,1756032245,1756032260,488,0,0
1756016370_FS.N01R,037950_FS.N01R,FS,0,1756016370,1FS 0619+ PPK/FKN,1756032290,1756032305,480,0,0
1756016490_F..N,038150_F..N,F,0,1756016490,1F 0621+ STL/179,1756037020,1756037035,899,0,0
1756016520_M..S35R,038200_M..S35R,M,1,1756016520,1M 0622 MYR/MET,1756031690,1756031703,396,0,0
1756016580_F..S69R,038300_F..S69R,F,1,1756016580,1F 0623 179/STL,1756036435,1756036448,822,0,0
1756016580_M..N35R,038300_M..N35R,M,0,1756016580,1M 0623 MET/MYR,1756032050,1756032064,438,0,0
1756016880_D..N07X012,038800_D..N07X012,D,0,1756016880,1D 0628 STL/205,1756036870,1756036885,854,0,0
1756016970_D..S05X018,038950_D..S05X018,D,1,1756016970,1D 0629+ 205/STL,1756031509,1756031523,337,0,0
1756017000_FS.S01R,039000_FS.S01R,FS,1,1756017000,1FS 0630 FKN/PPK,1756032260,1756032275,422,0,0
1756017060_FS.N01R,039100_FS.N01R,FS,0,1756017060,1FS 0631 PPK/FKN,1756032290,1756032305,420,0,0
1756017210_D..S05X018,039350_D..S05X018,D,1,1756017210,1D 0633+ BPK/STL,1756037396,1756037411,548,0,0
1756017540_D..N07X012,039900_D..N07X012,D,0,1756017540,1D 0639 STL/205,1756037426,1756037441,849,0,0
1756017600_M..N35R,040000_M..N35R,M,0,1756017600,1M 0640 MET/MYR,1756032771,1756032786,416,0,0
1756017660_FS.N01R,040100_FS.N01R,FS,0,1756017660,1FS 0641 PPK/FKN,1756032290,1756032305,380,0,0
1756017690_D..S07X008,040150_D..S07X008,D,1,1756017690,1D 0641+ 205/STL,1756037726,1756037741,859,0,0
1756017690_F..N,040150_F..N,F,0,1756017690,1F 0641+ STL/179,1756037891,1756037906,870,0,0
1756017690_FS.S01R,040150_FS.S01R,FS,1,1756017690,1FS 0641+ FKN/PPK,1756032260,1756032275,376,0,0
1756017720_M..S35R,040200_M..S35R,M,1,1756017720,1M 0642 MYR/MET,1756035143,1756035157,570,0,0
1756017780_F..S69R,040300_F..S69R,F,1,1756017780,1F 0643 179/STL,1756038146,1756038161,881,0,0
1756018260_FS.N01R,041100_FS.N01R,FS,0,1756018260,1FS 0651 PPK/FKN,1756032305,1756032320,341,0,0
1756018290_D..N07X012,041150_D..N07X012,D,0,1756018290,1D 0651+ STL/205,1756037756,1756037771,821,0,0
1756018290_FS.S01R,041150_FS.S01R,FS,1,1756018290,1FS 0651+ FKN/PPK,1756032275,1756032290,337,0,0
1756018410_D..S07X008,041350_D..S07X008,D,1,1756018410,1D 0653+ 205/STL,1756032891,1756032906,370,0,0
1756018500_M..N35R,041500_M..N35R,M,0,1756018500,1M 0655 MET/MYR,1756033702,1756033717,418,0,0
1756018650_D..S07X008,041750_D..S07X008,D,1,1756018650,1D 0657+ BPK/STL,1756038807,1756038822,513,0,0
1756018800_F..N,042000_F..N,F,0,1756018800,1F 0700 STL/179,1756038627,1756038642,845,0,0
1756018860_FS.N01R,042100_FS.N01R,FS,0,1756018860,1FS 0701 PPK/FKN,1756032335,1756032350,303,0,0
1756018890_FS.S01R,042150_FS.S01R,FS,1,1756018890,1FS 0701+ FKN/PPK,1756032290,1756032305,298,0,0
1756018920_M..S35R,042200_M..S35R,M,1,1756018920,1M 0702 MYR/MET,1756035158,1756035172,492,0,0
1756019040_D..N07X012,042400_D..N07X012,D,0,1756019040,1D 0704 STL/205,1756038251,1756038266,804,0,0
1756019130_D..S07X008,042550_D..S07X008,D,1,1756019130,1D 0705+ 205/STL,1756033687,1756033702,375,0,0
1756019370_D..S07X008,042950_D..S07X008,D,1,1756019370,1D 0709+ BPK/STL,1756039227,1756039242,488,0,0
1756019370_F..S69R,042950_F..S69R,F,1,1756019370,1F 0709+ 179/STL,1756039573,1756039588,867,0,0
1756019400_M..N35R,043000_M..N35R,M,0,1756019400,1M 0710 MET/MYR,1756034588,1756034603,414,0,0
1756019790_D..N07X012,043650_D..N07X012,D,0,1756019790,1D 0716+ STL/205,1756039333,1756039348,801,0,0
1756019850_D..S07X008,043750_D..S07X008,D,1,1756019850,1D 0717+ 205/STL,1756039768,1756039783,822,0,0
1756019940_F..N,043900_F..N,F,0,1756019940,1F 0719 STL/179,1756039423,1756039438,787,0,0
1756020060_FS.N01R,044100_FS.N01R,FS,0,1756020060,1FS 0721 PPK/FKN,1756034317,1756034332,312,0,0
1756020060_M..S35R,044100_M..S35R,M,1,1756020060,1M 0721 MYR/MET,1756035158,1756035172,373,0,0
1756020090_FS.S01R,044150_FS.S01R,FS,1,1756020090,1FS 0721+ FKN/PPK,1756034272,1756034287,305,0,0
1756020300_M..N35R,044500_M..N35R,M,0,1756020300,1M 0725 MET/MYR,1756035459,1756035472,381,0,0
1756020510_D..N07X012,044850_D..N07X012,D,0,1756020510,1D 0728+ STL/205,1756040249,1756040262,787,0,0
1756020570_D..S07X008,044950_D..S07X008,D,1,1756020570,1D 0729+ 205/STL,1756035113,1756035127,299,0,0
1756020660_FS.N01R,045100_FS.N01R,FS,0,1756020660,1FS 0731 PPK/FKN,1756034317,1756034332,232,0,0
1756020690_FS.S01R,045150_FS.S01R,FS,1,1756020690,1FS 0731+ FKN/PPK,1756034287,1756034302,226,0,0
1756020810_D..S07X008,045350_D..S07X008,D,1,1756020810,1D 0733+ BPK/STL,1756041390,1756041404,633,0,0
1756020840_F..N,045400_F..N,F,0,1756020840,1F 0734 STL/179,1756040324,1756040337,753,0,0
1756020960_F..S69R,045600_F..S69R,F,1,1756020960,1F 0736 179/STL,1756041405,1756041419,882,0,0
1756020960_M..S35R,045600_M..S35R,M,1,1756020960,1M 0736 MYR/MET,1756035939,1756035953,357,0,0
1756021200_M..N35R,046000_M..N35R,M,0,1756021200,1M 0740 MET/MYR,1756036418,1756036420,388,0,0
1756021230_D..N07X012,046050_D..N07X012,D,0,1756021230,1D 0740+ STL/205,1756040984,1756040998,790,0,0
1756021260_FS.N01R,046100_FS.N01R,FS,0,1756021260,1FS 0741 PPK/FKN,1756034317,1756034332,153,0,0
1756021290_D..S07X008,046150_D..S07X008,D,1,1756021290,1D 0741+ 205/STL,1756037095,1756037110,453,0,0
1756021290_FS.S01R,046150_FS.S01R,FS,1,1756021290,1FS 0741+ FKN/PPK,1756034287,1756034302,147,0,0
1756021530_D..S07X008,046550_D..S07X008,D,1,1756021530,1D 0745+ BPK/STL,1756046735,1756046750,858,0,0
1756021770_F..N,046950_F..N,F,0,1756021770,1F 0749+ STL/179,1756041435,1756041449,811,0,0
1756021860_FS.N01R,047100_FS.N01R,FS,0,1756021860,1FS 0751 PPK/FKN,1756034332,1756034347,112,0,0
1756021860_M..S35R,047100_M..S35R,M,1,1756021860,1M 0751 MYR/MET,1756037381,1756037396,434,0,0
1756021890_FS.S01R,047150_FS.S01R,FS,1,1756021890,1FS 0751+ FKN/PPK,1756034302,1756034317,108,0,0
1756022010_D..S07X008,047350_D..S07X008,D,1,1756022010,1D 0753+ 205/STL,1756042922,1756042936,911,1,0
1756022040_D..N07X012,047400_D..N07X012,D,0,1756022040,1D 0754 STL/205,1756042441,1756042456,877,1,0
1756022100_M..N35R,047500_M..N35R,M,0,1756022100,1M 0755 MET/MYR,1756037290,1756037305,412,0,0
1756022460_FS.N01R,048100_FS.N01R,FS,0,1756022460,1FS 0801 PPK/FKN,1756034347,1756034362,73,0,0
1756022490_FS.S01R,048150_FS.S01R,FS,1,1756022490,1FS 0801+ FKN/PPK,1756034302,1756034317,68,0,0
1756022490_M..N37R,048150_M..N37R,M,0,1756022490,1M 0801+ MET/ESX,1756038927,1756038942,495,0,0
1756022550_F..S69R,048250_F..S69R,F,1,1756022550,1F 0802+ 179/STL,1756043042,1756043056,883,0,0
1756022670_F..N,048450_F..N,F,0,1756022670,1F 0804+ STL/179,1756043147,1756043162,882,0,0
1756022760_D..N07X012,048600_D..N07X012,D,0,1756022760,1D 0806 STL/205,1756042621,1756042636,841,0,0
1756022760_M..S35R,048600_M..S35R,M,1,1756022760,1M 0806 MYR/MET,1756037981,1756037996,414,0,0
1756022970_D..S07X008,048950_D..S07X008,D,1,1756022970,1D 0809+ BPK/STL,1756043387,1756043403,527,1,0
1756023000_M..N35R,049000_M..N35R,M,0,1756023000,1M 0810 MET/MYR,1756038327,1756038342,421,0,0
1756023060_FS.N01R,049100_FS.N01R,FS,0,1756023060,1FS 0811 PPK/FKN,1756039152,1756039167,472,0,0
1756023090_FS.S01R,049150_FS.S01R,FS,1,1756023090,1FS 0811+ FKN/PPK,1756038942,1756038957,456,0,0
1756023390_M..N37R,049650_M..N37R,M,0,1756023390,1M 0816+ MET/ESX,1756039378,1756039393,465,0,0
1756023480_D..N07X012,049800_D..N07X012,D,0,1756023480,1D 0818 STL/205,1756048672,1756048687,1294,0,0
1756023510_F..S69R,049850_F..S69R,F,1,1756023510,1F 0818+ 179/STL,1756044032,1756044047,885,0,0
1756023570_F..N,049950_F..N,F,0,1756023570,1F 0819+ STL/179,1756043807,1756043823,866,0,0
1756023660_FS.N01R,050100_FS.N01R,FS,0,1756023660,1FS 0821 PPK/FKN,1756039167,1756039182,433,0,0
1756023690_D..S07X008,050150_D..S07X008,D,1,1756023690,1D 0821+ BPK/STL,1756048897,1756048912,945,0,0
1756023690_FS.S01R,050150_FS.S01R,FS,1,1756023690,1FS 0821+ FKN/PPK,1756038957,1756038972,417,0,0
1756023720_M..S35R,050200_M..S35R,M,1,1756023720,1M 0822 MYR/MET,1756039212,1756039227,432,0,0
1756024200_D..N07X012,051000_D..N07X012,D,0,1756024200,1D 0830 STL/205,1756049393,1756049408,1294,0,0
1756024200_D..S,051000_D..S,D,1,1756024200,$D 0945 PAC/STL,1756045863,1756045864,205,0,0
1756024260_FS.N01R,051100_FS.N01R,FS,0,1756024260,1FS 0831 PPK/FKN,1756039167,1756039182,392,0,0
1756024290_FS.S01R,051150_FS.S01R,FS,1,1756024290,1FS 0831+ FKN/PPK,1756038987,1756039002,378,0,0
1756024380_M..N37R,051300_M..N37R,M,0,1756024380,1M 0833 MET/ESX,1756040459,1756040473,501,0,0
1756024410_D..N,051350_D..N,D,0,1756024410,$D 0920 34S/205,1756043837,1756043852,163,0,0
1756024410_D..S07X008,051350_D..S07X008,D,1,1756024410,1D 0833+ BPK/STL,1756049618,1756049633,945,0,0
1756024470_F..N,051450_F..N,F,0,1756024470,1F 0834+ STL/179,1756044603,1756044618,849,0,0
1756024500_F..S69R,051500_F..S69R,F,1,1756024500,1F 0835 179/STL,1756045024,1756045041,893,0,0
1756024620_M..S35R,051700_M..S35R,M,1,1756024620,1M 0837 MYR/MET,1756039963,1756039977,403,0,0
1756024860_FS.N01R,052100_FS.N01R,FS,0,1756024860,1FS 0841 PPK/FKN,1756039182,1756039197,316,0,0
1756024860_M..S37R,052100_M..S37R,M,1,1756024860,1M 0841 ESX/MET,1756041240,1756041253,541,0,0
1756024890_D..S07X008,052150_D..S07X008,D,1,1756024890,1D 0841+ 205/STL,1756039468,1756039483,331,0,0
1756024890_FS.S01R,052150_FS.S01R,FS,1,1756024890,1FS 0841+ FKN/PPK,1756039032,1756039047,302,0,0
1756024920_D..N07X012,052200_D..N07X012,D,0,1756024920,1D 0842 STL/205,1756047786,1756047801,1097,1,0
1756025130_D..N,052550_D..N,D,0,1756025130,$D 0927 34S/205,1756044723,1756044738,178,0,0
1756025130_D..S07X008,052550_D..S07X008,D,1,1756025130,1D 0845+ BPK/STL,1756050339,1756050353,988,0,0
1756025190_F..N,052650_F..N,F,0,1756025190,1F 0846+ STL/179,1756045227,1756045238,817,0,0
1756025220_M..N37R,052700_M..N37R,M,0,1756025220,1M 0847 MET/ESX,1756041525,1756041539,531,0,0
1756025400_F..S69R,053000_F..S69R,F,1,1756025400,1F 0850 179/STL,1756045684,1756045698,846,0,0
1756025460_FS.N01R,053100_FS.N01R,FS,0,1756025460,1FS 0851 PPK/FKN,1756039197,1756039212,237,0,0
1756025490_FS.S01R,053150_FS.S01R,FS,1,1756025490,1FS 0851+ FKN/PPK,1756039047,1756039062,223,0,0
1756025610_D..S07X008,053350_D..S07X008,D,1,1756025610,1D 0853+ 205/STL,1756040098,1756040112,288,0,0
1756025640_D..N07X012,053400_D..N07X012,D,0,1756025640,1D 0854 STL/205,1756050834,1756050849,1285,4,0
1756025760_M..S37R,053600_M..S37R,M,1,1756025760,1M 0856 ESX/MET,1756041600,1756041614,469,0,0
1756025850_D..N,053750_D..N,D,0,1756025850,$D 0938 34S/205,1756045214,1756045227,193,0,0
1756025850_D..S07X008,053750_D..S07X008,D,1,1756025850,1D 0857+ BPK/STL,1756051059,1756051060,1030,0,0
1756025940_M..N37R,053900_M..N37R,M,0,1756025940,1M 0859 MET/ESX,1756042005,1756042020,478,0,0
1756026060_FS.N01R,054100_FS.N01R,FS,0,1756026060,1FS 0901 PPK/FKN,1756039212,1756039227,159,0,0
1756026090_FS.S01R,054150_FS.S01R,FS,1,1756026090,1FS 0901+ FKN/PPK,1756039047,1756039062,146,0,0
1756026210_F..S69R,054350_F..S69R,F,1,1756026210,1F 0903+ 179/STL,1756047066,1756047081,886,0,0
1756026300_D..N,054500_D..N,D,0,1756026300,ED 0905 34S/205,1756043177,1756043192,229,1,3
1756026330_D..S07X008,054550_D..S07X008,D,1,1756026330,1D 0905+ 205/STL,1756040804,1756040818,304,0,0
1756026360_D..N07X012,054600_D..N07X012,D,0,1756026360,1D 0906 STL/205,1756051555,1756051570,1276,15,14
1756026390_F..N,054650_F..N,F,0,1756026390,1F 0906+ STL/179,1756046495,1756046510,836,0,0
1756026570_D..N,054950_D..N,D,0,1756026570,$D 0955 34S/205,1756047021,1756047036,307,0,0
1756026570_D..S07X008,054950_D..S07X008,D,1,1756026570,1D 0909+ BPK/STL,1756051765,1756051781,988,0,0
1756026660_FS.N01R,055100_FS.N01R,FS,0,1756026660,1FS 0911 PPK/FKN,1756039212,1756039227,117,0,0
1756026660_M..N37R,055100_M..N37R,M,0,1756026660,1M 0911 MET/ESX,1756042666,1756042681,465,0,0
1756026660_M..S37R,055100_M..S37R,M,1,1756026660,1M 0911 ESX/MET,1756042771,1756042786,472,0,0
1756026690_FS.S01R,055150_FS.S01R,FS,1,1756026690,1FS 0911+ FKN/PPK,1756039047,1756039062,104,0,0
1756026930_F..S69R,055550_F..S69R,F,1,1756026930,1F 0915+ 179/STL,1756047741,1756047756,883,0,0
1756027050_D..S07X008,055750_D..S07X008,D,1,1756027050,1D 0917+ 205/STL,1756041555,1756041569,356,0,0
1756027290_D..N,056150_D..N,D,0,1756027290,$D 1007 34S/205,1756047021,1756047036,268,0,0
1756027290_D..S07X008,056150_D..S07X008,D,1,1756027290,1D 0921+ BPK/STL,1756052486,1756052501,936,0,0
1756027380_D..N07X012,056300_D..N07X012,D,0,1756027380,1D 0923 STL/205,1756052276,1756052291,952,0,0
1756027380_M..N37R,056300_M..N37R,M,0,1756027380,1M 0923 MET/ESX,1756043522,1756043537,474,0,0
1756027470_M..S37R,056450_M..S37R,M,1,1756027470,1M 0924+ ESX/MET,1756043883,1756043897,492,0,0
1756027590_F..N,056650_F..N,F,0,1756027590,1F 0926+ STL/179,1756047666,1756047681,834,0,0
1756027650_F..S69R,056750_F..S69R,F,1,1756027650,1F 0927+ 179/STL,1756048042,1756048057,855,0,0
1756027770_D..S07X008,056950_D..S07X008,D,1,1756027770,1D 0929+ 205/STL,1756042261,1756042276,364,0,0
1756028010_D..N,057350_D..N,D,0,1756028010,$D 1017 34S/205,1756048357,1756048372,292,0,0
1756028010_D..S07X008,057350_D..S07X008,D,1,1756028010,1D 0933+ BPK/STL,1756053207,1756053222,928,0,0
1756028100_M..N37R,057500_M..N37R,M,0,1756028100,1M 0935 MET/ESX,1756044303,1756044318,478,0,0
1756028190_M..S37R,057650_M..S37R,M,1,1756028190,1M 0936+ ESX/MET,1756044363,1756044378,476,0,0
1756028370_F..S69R,057950_F..S69R,F,1,1756028370,1F 0939+ 179/STL,1756048507,1756048522,838,0,0
1756028430_D..N07X012,058050_D..N07X012,D,0,1756028430,1D 0940+ STL/205,1756053627,1756053642,1276,0,0
1756028430_D..S,058050_D..S,D,1,1756028430,$D 1048 PAC/STL,1756053627,1756053642,551,0,0
1756028730_D..S07X008,058550_D..S07X008,D,1,1756028730,1D 0945+ BPK/STL,1756049979,1756049993,581,1,0
1756028790_F..N,058650_F..N,F,0,1756028790,1F 0946+ STL/179,1756049018,1756049033,844,0,0
1756028820_M..N37R,058700_M..N37R,M,0,1756028820,1M 0947 MET/ESX,1756045208,1756045214,514,0,0
1756028910_M..S37R,058850_M..S37R,M,1,1756028910,1M 0948+ ESX/MET,1756045623,1756045624,558,0,0
1756029090_F..S69R,059150_F..S69R,F,1,1756029090,1F 0951+ 179/STL,1756050384,1756050398,966,0,0
1756029210_D..S07X008,059350_D..S07X008,D,1,1756029210,1D 0953+ 205/STL,1756043747,1756043763,362,0,0
1756029450_D..S07X008,059750_D..S07X008,D,1,1756029450,1D 0957+ BPK/STL,1756050249,1756050263,573,1,0
1756029480_D..S,059800_D..S,D,1,1756029480,ED 0958 364/STL,1756046390,1756046405,275,0,0
1756029510_F..N,059850_F..N,F,0,1756029510,1F 0958+ STL/179,1756049138,1756049153,779,0,0
1756029540_M..N37R,059900_M..N37R,M,0,1756029540,1M 0959 MET/ESX,1756045443,1756045444,466,0,0
1756029600_D..N07X012,060000_D..N07X012,D,0,1756029600,1D 1000 STL/205,1756050159,1756050173,642,1,1
1756029630_M..S37R,060050_M..S37R,M,1,1756029630,1M 1000+ ESX/MET,1756045623,1756045624,476,0,0
1756029810_F..S69R,060350_F..S69R,F,1,1756029810,1F 1003+ 179/STL,1756050834,1756050849,932,0,0
1756029930_D..S07X008,060550_D..S07X008,D,1,1756029930,1D 1005+ 205/STL,1756044633,1756044648,321,0,0
1756030170_D..S07X008,060950_D..S07X008,D,1,1756030170,1D 1009+ BPK/STL,1756051405,1756051420,653,1,0
1756030230_F..N,061050_F..N,F,0,1756030230,1F 1010+ STL/179,1756050444,1756050458,824,0,0
1756030260_M..N37R,061100_M..N37R,M,0,1756030260,1M 1011 MET/ESX,1756046044,1756046058,449,0,0
1756030350_M..S37R,061250_M..S37R,M,1,1756030350,1M 1012+ ESX/MET,1756046465,1756046480,488,0,0
1756030530_F..S69R,061550_F..S69R,F,1,1756030530,1F 1015+ 179/STL,1756051450,1756051465,898,0,0
1756030800_D..N07X012,062000_D..N07X012,D,0,1756030800,1D 1020 STL/205,1756055850,1756055864,1034,0,0
1756030800_D..S,062000_D..S,D,1,1756030800,ED 1020 364/STL,1756047606,1756047621,278,0,0
1756030890_F..N,062150_F..N,F,0,1756030890,1F 1021+ STL/179,1756050985,1756050999,812,0,0
1756030980_M..N37R,062300_M..N37R,M,0,1756030980,1M 1023 MET/ESX,1756046900,1756046915,443,0,0
1756031070_M..S37R,062450_M..S37R,M,1,1756031070,1M 1024+ ESX/MET,1756047066,1756047081,448,0,0
1756031250_D..S07X008,062750_D..S07X008,D,1,1756031250,1D 1027+ BPK/STL,1756052126,1756052141,579,1,0
1756031250_F..S69R,062750_F..S69R,F,1,1756031250,1F 1027+ 179/STL,1756051705,1756051720,843,0,0
1756031460_FS.N01R,063100_FS.N01R,FS,0,1756031460,1FS 1031 PPK/FKN,1756046630,1756046645,390,0,0
1756031490_FS.S01R,063150_FS.S01R,FS,1,1756031490,1FS 1031+ FKN/PPK,1756046570,1756046585,384,0,0
1756031670_F..N,063450_F..N,F,0,1756031670,1F 1034+ STL/179,1756052426,1756052441,863,0,0
1756031700_M..N37R,063500_M..N37R,M,0,1756031700,1M 1035 MET/ESX,1756047696,1756047711,445,0,0
1756031790_M..S37R,063650_M..S37R,M,1,1756031790,1M 1036+ ESX/MET,1756047606,1756047621,433,0,0
1756031970_F..S69R,063950_F..S69R,F,1,1756031970,1F 1039+ 179/STL,1756052892,1756052907,874,0,0
1756032000_D..N,064000_D..N,D,0,1756032000,ED 1040 GRS/205,1756049318,1756049333,197,0,3
1756032000_D..N07X012,064000_D..N07X012,D,0,1756032000,1D 1040 STL/205,1756053702,1756053717,640,1,1
1756032060_FS.N01R,064100_FS.N01R,FS,0,1756032060,1FS 1041 PPK/FKN,1756046645,1756046660,351,0,0
1756032090_D..S07X008,064150_D..S07X008,D,1,1756032090,1D 1041+ 205/STL,1756046630,1756046645,348,0,0
1756032090_FS.S01R,064150_FS.S01R,FS,1,1756032090,1FS 1041+ FKN/PPK,1756046570,1756046585,344,0,0
1756032330_D..S07X008,064550_D..S07X008,D,1,1756032330,1D 1045+ BPK/STL,1756053357,1756053372,549,1,0
1756032390_F..N,064650_F..N,F,0,1756032390,1F 1046+ STL/179,1756053042,1756053057,856,0,0
1756032420_M..N37R,064700_M..N37R,M,0,1756032420,1M 1047 MET/ESX,1756048447,1756048462,447,0,0
1756032510_M..S37R,064850_M..S37R,M,1,1756032510,1M 1048+ ESX/MET,1756048252,1756048267,428,0,0
1756032660_FS.N01R,065100_FS.N01R,FS,0,1756032660,1FS 1051 PPK/FKN,1756046645,1756046660,311,0,0
1756032690_F..S69R,065150_F..S69R,F,1,1756032690,1F 1051+ 179/STL,1756053462,1756053477,864,0,0
1756032690_FS.S01R,065150_FS.S01R,FS,1,1756032690,1FS 1051+ FKN/PPK,1756046570,1756046585,304,0,0
1756033020_M..N37R,065700_M..N37R,M,0,1756033020,1M 1057 MET/ESX,1756048943,1756048958,440,0,0
1756033110_F..N,065850_F..N,F,0,1756033110,1F 1058+ STL/179,1756053267,1756053282,823,0,0
1756033200_D..N07X012,066000_D..N07X012,D,0,1756033200,1D 1100 STL/205,1756053417,1756053432,587,1,0
1756033230_M..S37R,066050_M..S37R,M,1,1756033230,1M 1100+ ESX/MET,1756049858,1756049872,503,0,0
1756033260_FS.N01R,066100_FS.N01R,FS,0,1756033260,1FS 1101 PPK/FKN,1756046660,1756046675,272,0,0
1756033290_FS.S01R,066150_FS.S01R,FS,1,1756033290,1FS 1101+ FKN/PPK,1756046585,1756046600,265,0,0
1756033410_D..S07X008,066350_D..S07X008,D,1,1756033410,1D 1103+ BPK/STL,1756054033,1756054048,525,2,0
1756033410_F..S69R,066350_F..S69R,F,1,1756033410,1F 1103+ 179/STL,1756054228,1756054243,867,0,0
1756033620_M..N37R,066700_M..N37R,M,0,1756033620,1M 1107 MET/ESX,1756049618,1756049633,446,0,0
1756033680_D..S,066800_D..S,D,1,1756033680,ED 1108 364/STL,1756058882,1756058883,967,0,0
1756033770_F..N,066950_F..N,F,0,1756033770,1F 1109+ STL/179,1756053537,1756053552,796,0,0
1756033830_M..S37R,067050_M..S37R,M,1,1756033830,1M 1110+ ESX/MET,1756050324,1756050338,523,0,0
1756033860_FS.N01R,067100_FS.N01R,FS,0,1756033860,1FS 1111 PPK/FKN,1756046675,1756046690,231,0,0
1756033890_FS.S01R,067150_FS.S01R,FS,1,1756033890,1FS 1111+ FKN/PPK,1756046600,1756046615,223,0,0
1756034130_F..S69R,067550_F..S69R,F,1,1756034130,1F 1115+ 179/STL,1756055114,1756055129,909,0,0
1756034220_M..N37R,067700_M..N37R,M,0,1756034220,1M 1117 MET/ESX,1756050144,1756050158,454,0,0
1756034250_D..S07X008,067750_D..S07X008,D,1,1756034250,1D 1117+ 205/STL,1756048792,1756048807,326,0,0
1756034400_D..N07X012,068000_D..N07X012,D,0,1756034400,1D 1120 STL/205,1756059483,1756059484,1062,0,0
1756034460_FS.N01R,068100_FS.N01R,FS,0,1756034460,1FS 1121 PPK/FKN,1756046675,1756046690,167,0,0
1756034490_D..S07X008,068150_D..S07X008,D,1,1756034490,1D 1121+ BPK/STL,1756055594,1756055608,633,1,0
1756034490_FS.S01R,068150_FS.S01R,FS,1,1756034490,1FS 1121+ FKN/PPK,1756046615,1756046630,161,0,0
1756034550_F..N,068250_F..N,F,0,1756034550,1F 1122+ STL/179,1756054738,1756054753,815,0,0
1756034550_M..S37R,068250_M..S37R,M,1,1756034550,1M 1122+ ESX/MET,1756050504,1756050518,472,0,0
1756034820_M..N37R,068700_M..N37R,M,0,1756034820,1M 1127 MET/ESX,1756050819,1756050833,479,0,0
1756034850_F..S69R,068750_F..S69R,F,1,1756034850,1F 1127+ 179/STL,1756055399,1756055413,867,0,0
1756035060_FS.N01R,069100_FS.N01R,FS,0,1756035060,1FS 1131 PPK/FKN,1756046690,1756046705,92,0,0
1756035090_FS.S01R,069150_FS.S01R,FS,1,1756035090,1FS 1131+ FKN/PPK,1756046630,1756046645,84,0,0
1756035150_M..S37R,069250_M..S37R,M,1,1756035150,1M 1132+ ESX/MET,1756052366,1756052381,559,0,0
1756035210_F..N,069350_F..N,F,0,1756035210,1F 1133+ STL/179,1756055159,1756055173,787,0,0
1756035330_D..S07X008,069550_D..S07X008,D,1,1756035330,1D 1135+ 205/STL,1756049843,1756049858,183,0,0
1756035420_M..N37R,069700_M..N37R,M,0,1756035420,1M 1137 MET/ESX,1756051540,1756051555,468,0,0
1756035570_D..S07X008,069950_D..S07X008,D,1,1756035570,1D 1139+ BPK/STL,1756060294,1756060308,968,1,0
1756035570_F..S69R,069950_F..S69R,F,1,1756035570,1F 1139+ 179/STL,1756056315,1756056329,878,0,0
1756035600_D..N07X012,070000_D..N07X012,D,0,1756035600,1D 1140 STL/205,1756055925,1756055939,739,1,1
1756035660_FS.N01R,070100_FS.N01R,FS,0,1756035660,1FS 1141 PPK/FKN,1756053447,1756053462,567,0,0
1756035690_FS.S01R,070150_FS.S01R,FS,1,1756035690,1FS 1141+ FKN/PPK,1756052771,1756052786,520,0,0
1756035750_M..S37R,070250_M..S37R,M,1,1756035750,1M 1142+ ESX/MET,1756052366,1756052381,489,0,0
1756035990_F..N,070650_F..N,F,0,1756035990,1F 1146+ STL/179,1756055880,1756055894,805,0,0
1756036020_M..N37R,070700_M..N37R,M,0,1756036020,1M 1147 MET/ESX,1756052006,1756052021,447,0,0
1756036260_FS.N01R,071100_FS.N01R,FS,0,1756036260,1FS 1151 PPK/FKN,1756053462,1756053477,528,0,0
1756036290_F..S69R,071150_F..S69R,F,1,1756036290,1F 1151+ 179/STL,1756056841,1756056856,863,0,0
1756036290_FS.S01R,071150_FS.S01R,FS,1,1756036290,1FS 1151+ FKN/PPK,1756052786,1756052801,481,0,0
1756036350_M..S37R,071250_M..S37R,M,1,1756036350,1M 1152+ ESX/MET,1756052366,1756052381,449,0,0
1756036620_M..N37R,071700_M..N37R,M,0,1756036620,1M 1157 MET/ESX,1756052636,1756052651,449,0,0
1756036650_D..S07X008,071750_D..S07X008,D,1,1756036650,1D 1157+ BPK/STL,1756057201,1756057216,546,1,0
1756036650_F..N,071750_F..N,F,0,1756036650,1F 1157+ STL/179,1756057546,1756057562,886,0,0
1756036800_D..N07X012,072000_D..N07X012,D,0,1756036800,1D 1200 STL/205,1756057622,1756057637,728,1,1
1756036860_FS.N01R,072100_FS.N01R,FS,0,1756036860,1FS 1201 PPK/FKN,1756053477,1756053492,489,0,0
1756036890_FS.S01R,072150_FS.S01R,FS,1,1756036890,1FS 1201+ FKN/PPK,1756052801,1756052816,442,0,0
1756036950_M..S37R,072250_M..S37R,M,1,1756036950,1M 1202+ ESX/MET,1756053687,1756053702,497,0,0
1756037010_F..S69R,072350_F..S69R,F,1,1756037010,1F 1203+ 179/STL,1756057562,1756057576,863,0,0
1756037220_M..N37R,072700_M..N37R,M,0,1756037220,1M 1207 MET/ESX,1756053207,1756053222,447,0,0
1756037430_D..S07X008,073050_D..S07X008,D,1,1756037430,1D 1210+ 205/STL,1756052126,1756052141,283,0,0
1756037430_F..N,073050_F..N,F,0,1756037430,1F 1210+ STL/179,1756057727,1756057742,846,0,0
1756037460_FS.N01R,073100_FS.N01R,FS,0,1756037460,1FS 1211 PPK/FKN,1756053627,1756053642,459,0,0
1756037490_FS.S01R,073150_FS.S01R,FS,1,1756037490,1FS 1211+ FKN/PPK,1756052816,1756052831,403,0,0
1756037550_M..S37R,073250_M..S37R,M,1,1756037550,1M 1212+ ESX/MET,1756053687,1756053702,457,0,0
1756037670_D..S07X008,073450_D..S07X008,D,1,1756037670,1D 1214+ BPK/STL,1756058523,1756058537,538,1,0
1756037730_F..S69R,073550_F..S69R,F,1,1756037730,1F 1215+ 179/STL,1756057832,1756057847,833,0,0
1756037820_M..N37R,073700_M..N37R,M,0,1756037820,1M 1217 MET/ESX,1756053883,1756053898,452,0,0
1756038000_D..N07X012,074000_D..N07X012,D,0,1756038000,1D 1220 STL/205,1756059333,1756059347,620,1,0
1756038060_FS.N01R,074100_FS.N01R,FS,0,1756038060,1FS 1221 PPK/FKN,1756053627,1756053642,419,0,0
1756038090_F..N,074150_F..N,F,0,1756038090,1F 1221+ STL/179,1756057907,1756057922,814,0,0
1756038090_FS.S01R,074150_FS.S01R,FS,1,1756038090,1FS 1221+ FKN/PPK,1756052831,1756052846,364,0,0
1756038150_M..S37R,074250_M..S37R,M,1,1756038150,1M 1222+ ESX/MET,1756054618,1756054632,490,0,0
1756038420_M..N37R,074700_M..N37R,M,0,1756038420,1M 1227 MET/ESX,1756054498,1756054512,456,0,0
1756038450_F..S69R,074750_F..S69R,F,1,1756038450,1F 1227+ 179/STL,1756059018,1756059033,867,0,0
1756038660_FS.N01R,075100_FS.N01R,FS,0,1756038660,1FS 1231 PPK/FKN,1756053657,1756053672,381,0,0
1756038690_D..S07X008,075150_D..S07X008,D,1,1756038690,1D 1231+ BPK/STL,1756059393,1756059407,631,1,0
1756038690_FS.S01R,075150_FS.S01R,FS,1,1756038690,1FS 1231+ FKN/PPK,1756052846,1756052862,325,0,0
1756038750_M..S37R,075250_M..S37R,M,1,1756038750,1M 1232+ ESX/MET,1756055955,1756055969,631,0,0
1756038870_F..N,075450_F..N,F,0,1756038870,1F 1234+ STL/179,1756059063,1756059078,839,0,0
1756039020_M..N37R,075700_M..N37R,M,0,1756039020,1M 1237 MET/ESX,1756054994,1756055008,470,0,0
1756039170_F..S69R,075950_F..S69R,F,1,1756039170,1F 1239+ 179/STL,1756059723,1756059724,876,0,0
1756039200_D..N07X012,076000_D..N07X012,D,0,1756039200,1D 1240 STL/205,1756059362,1756059364,575,1,0
1756039260_FS.N01R,076100_FS.N01R,FS,0,1756039260,1FS 1241 PPK/FKN,1756053657,1756053672,312,0,0
1756039290_FS.S01R,076150_FS.S01R,FS,1,1756039290,1FS 1241+ FKN/PPK,1756052846,1756052862,254,0,0
1756039350_M..S37R,076250_M..S37R,M,1,1756039350,1M 1242+ ESX/MET,1756055955,1756055969,556,0,0
1756039590_D..S07X008,076650_D..S07X008,D,1,1756039590,1D 1246+ 205/STL,1756053808,1756053822,228,0,0
1756039590_F..N,076650_F..N,F,0,1756039590,1F 1246+ STL/179,1756060880,1756060895,969,0,0
1756039620_M..N37R,076700_M..N37R,M,0,1756039620,1M 1247 MET/ESX,1756055639,1756055653,478,0,0
1756039830_D..S07X008,077050_D..S07X008,D,1,1756039830,1D 1250+ BPK/STL,1756059994,1756060008,578,1,0
1756039860_FS.N01R,077100_FS.N01R,FS,0,1756039860,1FS 1251 PPK/FKN,1756053672,1756053687,233,0,0
1756039890_F..S69R,077150_F..S69R,F,1,1756039890,1F 1251+ 179/STL,1756060820,1756060834,922,1,0
1756039890_FS.S01R,077150_FS.S01R,FS,1,1756039890,1FS 1251+ FKN/PPK,1756052846,1756052862,192,0,0
1756039950_M..S37R,077250_M..S37R,M,1,1756039950,1M 1252+ ESX/MET,1756055955,1756055969,476,0,0
1756040040_D..N07X012,077400_D..N07X012,D,0,1756040040,1D 1254 STL/205,1756061150,1756061165,927,1,0
1756040220_M..N37R,077700_M..N37R,M,0,1756040220,1M 1257 MET/ESX,1756056255,1756056270,466,0,0
1756040310_F..N,077850_F..N,F,0,1756040310,1F 1258+ STL/179,1756060880,1756060895,873,0,0
1756040460_FS.N01R,078100_FS.N01R,FS,0,1756040460,1FS 1301 PPK/FKN,1756053687,1756053702,162,0,0
1756040490_FS.S01R,078150_FS.S01R,FS,1,1756040490,1FS 1301+ FKN/PPK,1756052862,1756052877,105,0,0
1756040550_M..S37R,078250_M..S37R,M,1,1756040550,1M 1302+ ESX/MET,1756057847,1756057862,545,0,0
1756040610_F..S69R,078350_F..S69R,F,1,1756040610,1F 1303+ 179/STL,1756061300,1756061315,879,0,0
1756040730_D..S07X008,078550_D..S07X008,D,1,1756040730,1D 1305+ 205/STL,1756055234,1756055248,302,0,0
1756040760_D..N07X012,078600_D..N07X012,D,0,1756040760,1D 1306 STL/205,1756061195,1756061210,862,0,0
1756040820_M..N37R,078700_M..N37R,M,0,1756040820,1M 1307 MET/ESX,1756056796,1756056811,457,0,0
1756040970_D..S07X008,078950_D..S07X008,D,1,1756040970,1D 1309+ BPK/STL,1756061090,1756061105,555,1,0
1756040970_F..N,078950_F..N,F,0,1756040970,1F 1309+ STL/179,1756061435,1756061450,864,0,0
1756041060_FS.N01R,079100_FS.N01R,FS,0,1756041060,1FS 1311 PPK/FKN,1756053687,1756053702,122,0,0
1756041090_FS.S01R,079150_FS.S01R,FS,1,1756041090,1FS 1311+ FKN/PPK,1756052892,1756052907,67,0,0
1756041150_M..S37R,079250_M..S37R,M,1,1756041150,1M 1312+ ESX/MET,1756057847,1756057862,505,0,0
1756041330_F..S69R,079550_F..S69R,F,1,1756041330,1F 1315+ 179/STL,1756061781,1756061796,863,0,0
1756041420_M..N37R,079700_M..N37R,M,0,1756041420,1M 1317 MET/ESX,1756057426,1756057442,459,0,0
1756041480_D..N07X012,079800_D..N07X012,D,0,1756041480,1D 1318 STL/205,1756061420,1756061435,829,0,0
1756041660_FS.N01R,080100_FS.N01R,FS,0,1756041660,1FS 1321 PPK/FKN,1756053687,1756053702,82,0,0
1756041690_FS.S01R,080150_FS.S01R,FS,1,1756041690,1FS 1321+ FKN/PPK,1756052907,1756052922,28,0,0
1756041750_F..N,080250_F..N,F,0,1756041750,1F 1322+ STL/179,1756061571,1756061586,821,0,0
1756041750_M..S37R,080250_M..S37R,M,1,1756041750,1M 1322+ ESX/MET,1756058072,1756058087,480,0,0
1756042020_M..N37R,080700_M..N37R,M,0,1756042020,1M 1327 MET/ESX,1756058222,1756058237,472,0,0
1756042050_F..S69R,080750_F..S69R,F,1,1756042050,1F 1327+ 179/STL,1756062682,1756062697,875,0,0
1756042140_D..N07X012,080900_D..N07X012,D,0,1756042140,1D 1329 STL/205,1756061586,1756061601,796,0,0
1756042260_FS.N01R,081100_FS.N01R,FS,0,1756042260,1FS 1331 PPK/FKN,1756053702,1756053717,43,0,0
1756042350_D..S07X008,081250_D..S07X008,D,1,1756042350,1D 1332+ BPK/STL,1756062246,1756062261,674,1,0
1756042350_M..S37R,081250_M..S37R,M,1,1756042350,1M 1332+ ESX/MET,1756058643,1756058658,479,0,0
1756042410_F..N,081350_F..N,F,0,1756042410,1F 1333+ STL/179,1756062096,1756062111,812,0,0
1756042620_M..N37R,081700_M..N37R,M,0,1756042620,1M 1337 MET/ESX,1756058628,1756058643,460,0,0
1756042770_F..S69R,081950_F..S69R,F,1,1756042770,1F 1339+ 179/STL,1756063192,1756063207,861,0,0
1756042860_FS.N01R,082100_FS.N01R,FS,0,1756042860,1FS 1341 PPK/FKN,1756053717,1756053732,4,0,0
1756042920_D..N07X012,082200_D..N07X012,D,0,1756042920,1D 1342 STL/205,1756063057,1756063072,842,0,0
1756042950_M..S37R,082250_M..S37R,M,1,1756042950,1M 1342+ ESX/MET,1756059018,1756059033,466,0,0
1756043190_F..N,082650_F..N,F,0,1756043190,1F 1346+ STL/179,1756062997,1756063012,820,0,0
1756043220_M..N37R,082700_M..N37R,M,0,1756043220,1M 1347 MET/ESX,1756059619,1756059633,515,0,0
1756043490_F..S69R,083150_F..S69R,F,1,1756043490,1F 1351+ 179/STL,1756063703,1756063718,847,0,0
1756043550_M..S37R,083250_M..S37R,M,1,1756043550,1M 1352+ ESX/MET,1756059604,1756059618,491,0,0
1756043580_D..N07X012,083300_D..N07X012,D,0,1756043580,1D 1353 STL/205,1756063387,1756063402,820,0,0
1756043820_M..N37R,083700_M..N37R,M,0,1756043820,1M 1357 MET/ESX,1756060234,1756060248,545,0,0
1756043850_F..N,083750_F..N,F,0,1756043850,1F 1357+ STL/179,1756064318,1756064333,865,0,0
1756044060_FS.N01R,084100_FS.N01R,FS,0,1756044060,1FS 1401 PPK/FKN,1756064904,1756064918,914,0,0
1756044090_FS.S01R,084150_FS.S01R,FS,1,1756044090,1FS 1401+ FKN/PPK,1756064859,1756064873,904,0,0
1756044150_M..S37R,084250_M..S37R,M,1,1756044150,1M 1402+ ESX/MET,1756060143,1756060144,487,0,0
1756044330_D..S07X008,084550_D..S07X008,D,1,1756044330,1D 1405+ 205/STL,1756059063,1756059078,224,1,0
1756044360_D..N07X012,084600_D..N07X012,D,0,1756044360,1D 1406 STL/205,1756065339,1756065354,930,1,0
1756044420_M..N37R,084700_M..N37R,M,0,1756044420,1M 1407 MET/ESX,1756060443,1756060444,489,0,0
1756044450_F..S69R,084750_F..S69R,F,1,1756044450,1F 1407+ 179/STL,1756064093,1756064108,753,0,0
1756044570_D..S07X008,084950_D..S07X008,D,1,1756044570,1D 1409+ BPK/STL,1756064859,1756064873,541,1,0
1756044630_F..N,085050_F..N,F,0,1756044630,1F 1410+ STL/179,1756064739,1756064753,814,0,0
1756044660_FS.N01R,085100_FS.N01R,FS,0,1756044660,1FS 1411 PPK/FKN,1756064919,1756064933,834,0,0
1756044690_FS.S01R,085150_FS.S01R,FS,1,1756044690,1FS 1411+ FKN/PPK,1756064859,1756064873,822,0,0
1756044750_M..S37R,085250_M..S37R,M,1,1756044750,1M 1412+ ESX/MET,1756060835,1756060850,494,0,0
1756045020_D..N07X012,085700_D..N07X012,D,0,1756045020,1D 1417 STL/205,1756066150,1756066165,917,0,0
1756045020_M..N37R,085700_M..N37R,M,0,1756045020,1M 1417 MET/ESX,1756061631,1756061646,513,0,0
1756045290_D..S07X008,086150_D..S07X008,D,1,1756045290,1D 1421+ BPK/STL,1756065580,1756065594,588,0,0
1756045290_F..N,086150_F..N,F,0,1756045290,1F 1421+ STL/179,1756065625,1756065640,847,0,0
1756045350_M..S37R,086250_M..S37R,M,1,1756045350,1M 1422+ ESX/MET,1756061676,1756061691,481,0,0
1756045410_F..S69R,086350_F..S69R,F,1,1756045410,1F 1423+ 179/STL,1756065384,1756065399,809,0,0
1756045620_M..N37R,086700_M..N37R,M,0,1756045620,1M 1427 MET/ESX,1756061631,1756061646,456,0,0
1756045830_D..N07X012,087050_D..N07X012,D,0,1756045830,1D 1430+ STL/205,1756066165,1756066180,846,0,0
1756045950_D..S07X008,087250_D..S07X008,D,1,1756045950,1D 1432+ BPK/STL,1756066300,1756066315,550,0,0
1756045950_M..S37R,087250_M..S37R,M,1,1756045950,1M 1432+ ESX/MET,1756061991,1756062006,458,0,0
1756046070_F..N,087450_F..N,F,0,1756046070,1F 1434+ STL/179,1756065699,1756065700,796,0,0
1756046220_M..N37R,087700_M..N37R,M,0,1756046220,1M 1437 MET/ESX,1756062336,1756062351,463,0,0
1756046370_F..S69R,087950_F..S69R,F,1,1756046370,1F 1439+ 179/STL,1756066841,1756066856,855,0,0
1756046460_D..N07X012,088100_D..N07X012,D,0,1756046460,1D 1441 STL/205,1756066391,1756066406,819,0,0
1756046550_M..S37R,088250_M..S37R,M,1,1756046550,1M 1442+ ESX/MET,1756062516,1756062532,453,0,0
1756046730_D..S07X008,088550_D..S07X008,D,1,1756046730,1D 1445+ BPK/STL,1756066676,1756066691,684,0,0
1756046790_F..N,088650_F..N,F,0,1756046790,1F 1446+ STL/179,1756066496,1756066511,804,0,0
1756046820_M..N37R,088700_M..N37R,M,0,1756046820,1M 1447 MET/ESX,1756063493,1756063508,500,0,0
1756047090_F..S69R,089150_F..S69R,F,1,1756047090,1F 1451+ 179/STL,1756067322,1756067337,839,0,0
1756047150_M..S37R,089250_M..S37R,M,1,1756047150,1M 1452+ ESX/MET,1756063132,1756063147,454,0,0
1756047420_M..N37R,089700_M..N37R,M,0,1756047420,1M 1457 MET/ESX,1756063478,1756063493,459,0,0
1756047450_D..S07X008,089750_D..S07X008,D,1,1756047450,1D 1457+ BPK/STL,1756067712,1756067727,505,0,0
1756047510_F..N,089850_F..N,F,0,1756047510,1F 1458+ STL/179,1756067877,1756067892,848,0,0
1756047750_M..S37R,090250_M..S37R,M,1,1756047750,1M 1502+ ESX/MET,1756063928,1756063943,467,0,0
1756047810_F..S69R,090350_F..S69R,F,1,1756047810,1F 1503+ 179/STL,1756067982,1756067997,834,0,0
1756047960_D..N07X012,090600_D..N07X012,D,0,1756047960,1D 1506 STL/205,1756068298,1756068313,817,0,0
1756048020_M..N37R,090700_M..N37R,M,0,1756048020,1M 1507 MET/ESX,1756064318,1756064333,487,0,0
1756048170_D..S07X008,090950_D..S07X008,D,1,1756048170,1D 1509+ BPK/STL,1756068943,1756068957,539,0,0
1756048170_F..N,090950_F..N,F,0,1756048170,1F 1509+ STL/179,1756068162,1756068177,820,0,0
1756048350_M..S37R,091250_M..S37R,M,1,1756048350,1M 1512+ ESX/MET,1756064844,1756064858,533,0,0
1756048530_F..S69R,091550_F..S69R,F,1,1756048530,1F 1515+ 179/STL,1756068613,1756068628,819,0,0
1756048620_M..N37R,091700_M..N37R,M,0,1756048620,1M 1517 MET/ESX,1756065189,1756065203,549,0,0
1756048890_D..S07X008,092150_D..S07X008,D,1,1756048890,1D 1521+ BPK/STL,1756068973,1756068987,496,0,0
1756048950_F..N,092250_F..N,F,0,1756048950,1F 1522+ STL/179,1756068748,1756068763,772,0,0
1756048950_M..S37R,092250_M..S37R,M,1,1756048950,1M 1522+ ESX/MET,1756064844,1756064858,459,0,0
1756049220_M..N37R,092700_M..N37R,M,0,1756049220,1M 1527 MET/ESX,1756065730,1756065745,536,0,0
1756049250_F..S69R,092750_F..S69R,F,1,1756049250,1F 1527+ 179/STL,1756069379,1756069393,806,0,0
1756049310_D..S07X008,092850_D..S07X008,D,1,1756049310,1D 1528+ 205/STL,1756064093,1756064108,313,0,0
1756049340_D..N07X012,092900_D..N07X012,D,0,1756049340,1D 1529 STL/205,1756069078,1756069092,753,0,0
1756049550_D..S07X008,093250_D..S07X008,D,1,1756049550,1D 1532+ BPK/STL,1756069754,1756069768,535,0,0
1756049550_M..S37R,093250_M..S37R,M,1,1756049550,1M 1532+ ESX/MET,1756065279,1756065294,438,0,0
1756049610_F..N,093350_F..N,F,0,1756049610,1F 1533+ STL/179,1756069454,1756069468,768,0,0
1756049820_M..N37R,093700_M..N37R,M,0,1756049820,1M 1537 MET/ESX,1756066391,1756066406,501,0,0
1756049970_F..S69R,093950_F..S69R,F,1,1756049970,1F 1539+ 179/STL,1756069949,1756069963,788,0,0
1756050150_M..S37R,094250_M..S37R,M,1,1756050150,1M 1542+ ESX/MET,1756066526,1756066541,474,0,0
1756050300_M..N37R,094500_M..N37R,M,0,1756050300,1M 1545 MET/ESX,1756066375,1756066391,454,0,0
1756050330_D..S07X008,094550_D..S07X008,D,1,1756050330,1D 1545+ BPK/STL,1756070129,1756070143,512,0,0
1756050390_F..N,094650_F..N,F,0,1756050390,1F 1546+ STL/179,1756070084,1756070098,773,0,0
1756050660_FS.N01R,095100_FS.N01R,FS,0,1756050660,1FS 1551 PPK/FKN,1756067547,1756067562,508,0,0
1756050690_F..S69R,095150_F..S69R,F,1,1756050690,1F 1551+ 179/STL,1756071211,1756071226,855,0,0
1756050690_FS.S01R,095150_FS.S01R,FS,1,1756050690,1FS 1551+ FKN/PPK,1756067517,1756067532,504,0,0
1756050750_M..S37R,095250_M..S37R,M,1,1756050750,1M 1552+ ESX/MET,1756066526,1756066541,434,0,0
1756050780_D..N07X012,095300_D..N07X012,D,0,1756050780,1D 1553 STL/205,1756070535,1756070550,800,0,0
1756050780_M..N37R,095300_M..N37R,M,0,1756050780,1M 1553 MET/ESX,1756066781,1756066796,449,0,0
1756051050_D..S07X008,095750_D..S07X008,D,1,1756051050,1D 1557+ BPK/STL,1756071240,1756071256,620,0,0
1756051260_FS.N01R,096100_FS.N01R,FS,0,1756051260,1FS 1601 PPK/FKN,1756067547,1756067562,468,0,0
1756051260_M..N37R,096100_M..N37R,M,0,1756051260,1M 1601 MET/ESX,1756067472,1756067487,463,0,0
1756051290_FS.S01R,096150_FS.S01R,FS,1,1756051290,1FS 1601+ FKN/PPK,1756067517,1756067532,464,0,0
1756051350_M..S37R,096250_M..S37R,M,1,1756051350,1M 1602+ ESX/MET,1756067246,1756067261,442,0,0
1756051410_F..S69R,096350_F..S69R,F,1,1756051410,1F 1603+ 179/STL,1756071721,1756071736,841,0,0
1756051440_F..N,096400_F..N,F,0,1756051440,1F 1604 STL/179,1756071421,1756071436,819,0,0
1756051530_D..S07X008,096550_D..S07X008,D,1,1756051530,1D 1605+ 205/STL,1756066180,1756066195,359,0,0
1756051560_D..N07X012,096600_D..N07X012,D,0,1756051560,1D 1606 STL/205,1756071841,1756071856,839,0,0
1756051740_M..N37R,096900_M..N37R,M,0,1756051740,1M 1609 MET/ESX,1756067937,1756067952,462,0,0
1756051770_D..S07X008,096950_D..S07X008,D,1,1756051770,1D 1609+ BPK/STL,1756071391,1756071406,452,0,1
1756051830_M..S37R,097050_M..S37R,M,1,1756051830,1M 1610+ ESX/MET,1756067847,1756067862,450,0,0
1756051920_D..N,097200_D..N,D,0,1756051920,ED 1612 STL/205,1756072262,1756072277,510,1,0
1756052130_F..S69R,097550_F..S69R,F,1,1756052130,1F 1615+ 179/STL,1756072563,1756072577,849,0,0
1756052220_D..N07X012,097700_D..N07X012,D,0,1756052220,1D 1617 STL/205,1756071976,1756071991,804,0,0
1756052220_M..N37R,097700_M..N37R,M,0,1756052220,1M 1617 MET/ESX,1756068388,1756068403,460,0,0
1756052310_M..S37R,097850_M..S37R,M,1,1756052310,1M 1618+ ESX/MET,1756068087,1756068102,434,0,0
1756052490_D..S07X008,098150_D..S07X008,D,1,1756052490,1D 1621+ BPK/STL,1756072142,1756072156,464,0,0
1756052490_F..N,098150_F..N,F,0,1756052490,1F 1621+ STL/179,1756072142,1756072156,797,0,0
1756052700_M..N37R,098500_M..N37R,M,0,1756052700,1M 1625 MET/ESX,1756069108,1756069122,488,0,0
1756052790_M..S37R,098650_M..S37R,M,1,1756052790,1M 1626+ ESX/MET,1756068493,1756068508,429,0,0
1756052850_F..S69R,098750_F..S69R,F,1,1756052850,1F 1627+ 179/STL,1756073027,1756073042,832,0,0
1756053030_D..N07X012,099050_D..N07X012,D,0,1756053030,1D 1630+ STL/205,1756072697,1756072712,798,0,0
1756053090_FS.S01R,099150_FS.S01R,FS,1,1756053090,1FS 1631+ FKN/PPK,1756069754,1756069768,549,0,0
1756053150_D..S07X008,099250_D..S07X008,D,1,1756053150,1D 1632+ BPK/STL,1756072892,1756072907,468,0,0
1756053180_M..N37R,099300_M..N37R,M,0,1756053180,1M 1633 MET/ESX,1756069814,1756069828,551,0,0
1756053270_F..N,099450_F..N,F,0,1756053270,1F 1634+ STL/179,1756073057,1756073072,806,0,0
1756053270_M..S37R,099450_M..S37R,M,1,1756053270,1M 1634+ ESX/MET,1756069228,1756069228,466,0,0
1756053570_F..S69R,099950_F..S69R,F,1,1756053570,1F 1639+ 179/STL,1756073943,1756073957,842,0,0
1756053660_D..N07X012,100100_D..N07X012,D,0,1756053660,1D 1641 STL/205,1756074004,1756074017,840,0,0
1756053660_FS.N01R,100100_FS.N01R,FS,0,1756053660,1FS 1641 PPK/FKN,1756069754,1756069768,488,0,0
1756053660_M..N37R,100100_M..N37R,M,0,1756053660,1M 1641 MET/ESX,1756069829,1756069843,498,0,0
1756053690_FS.S01R,100150_FS.S01R,FS,1,1756053690,1FS 1641+ FKN/PPK,1756069754,1756069768,484,0,0
1756053750_M..S37R,100250_M..S37R,M,1,1756053750,1M 1642+ ESX/MET,1756069754,1756069768,476,0,0
1756053990_F..N,100650_F..N,F,0,1756053990,1F 1646+ STL/179,1756073973,1756073988,792,0,0
1756054140_M..N37R,100900_M..N37R,M,0,1756054140,1M 1649 MET/ESX,1756070355,1756070369,504,0,0
1756054230_M..S37R,101050_M..S37R,M,1,1756054230,1M 1650+ ESX/MET,1756070114,1756070129,460,0,0
1756054260_D..S07X008,101100_D..S07X008,D,1,1756054260,1D 1651 BPK/STL,1756074078,1756074093,494,0,0
1756054260_FS.N01R,101100_FS.N01R,FS,0,1756054260,1FS 1651 PPK/FKN,1756069754,1756069768,408,0,0
1756054290_F..S69R,101150_F..S69R,F,1,1756054290,1F 1651+ 179/STL,1756074454,1756074468,816,0,0
1756054440_D..N07X012,101400_D..N07X012,D,0,1756054440,1D 1654 STL/205,1756074303,1756074304,775,0,0
1756054620_M..N37R,101700_M..N37R,M,0,1756054620,1M 1657 MET/ESX,1756071451,1756071466,522,0,0
1756054710_F..N,101850_F..N,F,0,1756054710,1F 1658+ STL/179,1756074303,1756074304,739,0,0
1756054710_M..S37R,101850_M..S37R,M,1,1756054710,1M 1658+ ESX/MET,1756071436,1756071451,509,0,0
1756055010_F..S69R,102350_F..S69R,F,1,1756055010,1F 1703+ 179/STL,1756075385,1756075400,844,1,0
1756055100_M..N37R,102500_M..N37R,M,0,1756055100,1M 1705 MET/ESX,1756071466,1756071481,476,0,0
1756055130_D..S07X008,102550_D..S07X008,D,1,1756055130,1D 1705+ 205/STL,1756069859,1756069873,325,1,0
1756055160_D..N07X012,102600_D..N07X012,D,0,1756055160,1D 1706 STL/205,1756074739,1756074753,757,0,0
1756055190_M..S37R,102650_M..S37R,M,1,1756055190,1M 1706+ ESX/MET,1756071451,1756071466,469,0,0
1756055370_D..S07X008,102950_D..S07X008,D,1,1756055370,1D 1709+ BPK/STL,1756074844,1756074858,448,0,0
1756055370_F..N,102950_F..N,F,0,1756055370,1F 1709+ STL/179,1756075385,1756075400,820,0,0
1756055460_FS.N01R,103100_FS.N01R,FS,0,1756055460,1FS 1711 PPK/FKN,1756071301,1756071316,441,0,0
1756055490_FS.S01R,103150_FS.S01R,FS,1,1756055490,1FS 1711+ FKN/PPK,1756071301,1756071316,439,0,0
1756055580_M..N37R,103300_M..N37R,M,0,1756055580,1M 1713 MET/ESX,1756071586,1756071601,452,0,0
1756055670_M..S37R,103450_M..S37R,M,1,1756055670,1M 1714+ ESX/MET,1756071436,1756071451,436,0,0
1756055730_F..S69R,103550_F..S69R,F,1,1756055730,1F 1715+ 179/STL,1756075910,1756075925,831,0,0
1756055880_D..N07X012,103800_D..N07X012,D,0,1756055880,1D 1718 STL/205,1756075205,1756075219,769,0,0
1756056060_FS.N01R,104100_FS.N01R,FS,0,1756056060,1FS 1721 PPK/FKN,1756071301,1756071316,401,0,0
1756056090_FS.S01R,104150_FS.S01R,FS,1,1756056090,1FS 1721+ FKN/PPK,1756071301,1756071316,399,0,0
1756056120_M..N37R,104200_M..N37R,M,0,1756056120,1M 1722 MET/ESX,1756072367,1756072382,468,0,0
1756056150_F..N,104250_F..N,F,0,1756056150,1F 1722+ STL/179,1756075745,1756075760,792,0,0
1756056150_M..S37R,104250_M..S37R,M,1,1756056150,1M 1722+ ESX/MET,1756071991,1756072006,441,0,0
1756056210_D..S07X008,104350_D..S07X008,D,1,1756056210,1D 1723+ 205/STL,1756070940,1756070955,331,0,0
1756056450_D..S07X008,104750_D..S07X008,D,1,1756056450,1D 1727+ BPK/STL,1756076556,1756076571,475,1,1
1756056450_F..S69R,104750_F..S69R,F,1,1756056450,1F 1727+ 179/STL,1756076616,1756076631,830,0,0
1756056540_D..N07X012,104900_D..N07X012,D,0,1756056540,1D 1729 STL/205,1756076796,1756076811,835,0,0
1756056630_M..S37R,105050_M..S37R,M,1,1756056630,1M 1730+ ESX/MET,1756072563,1756072577,447,0,0
1756056660_FS.N01R,105100_FS.N01R,FS,0,1756056660,1FS 1731 PPK/FKN,1756077292,1756077307,861,0,0
1756056660_M..N37R,105100_M..N37R,M,0,1756056660,1M 1731 MET/ESX,1756072682,1756072697,453,0,0
1756056690_FS.S01R,105150_FS.S01R,FS,1,1756056690,1FS 1731+ FKN/PPK,1756076691,1756076706,819,0,0
1756056810_F..N,105350_F..N,F,0,1756056810,1F 1733+ STL/179,1756076556,1756076571,802,0,0
1756057110_M..S37R,105850_M..S37R,M,1,1756057110,1M 1738+ ESX/MET,1756072997,1756073012,444,0,0
1756057170_F..S69R,105950_F..S69R,F,1,1756057170,1F 1739+ 179/STL,1756077217,1756077232,822,0,0
1756057260_FS.N01R,106100_FS.N01R,FS,0,1756057260,1FS 1741 PPK/FKN,1756077292,1756077307,821,0,0
1756057260_M..N37R,106100_M..N37R,M,0,1756057260,1M 1741 MET/ESX,1756073268,1756073283,452,0,0
1756057290_D..S07X008,106150_D..S07X008,D,1,1756057290,1D 1741+ 205/STL,1756072171,1756072186,371,0,0
1756057350_D..N07X012,106250_D..N07X012,D,0,1756057350,1D 1742+ STL/205,1756077217,1756077232,810,0,0
1756057530_D..S07X008,106550_D..S07X008,D,1,1756057530,1D 1745+ BPK/STL,1756077757,1756077772,473,0,0
1756057590_F..N,106650_F..N,F,0,1756057590,1F 1746+ STL/179,1756077292,1756077307,799,0,0
1756057590_M..S37R,106650_M..S37R,M,1,1756057590,1M 1746+ ESX/MET,1756073658,1756073673,460,0,0
1756057860_M..N37R,107100_M..N37R,M,0,1756057860,1M 1751 MET/ESX,1756073853,1756073867,462,0,0
1756057890_F..S69R,107150_F..S69R,F,1,1756057890,1F 1751+ 179/STL,1756077982,1756077997,825,0,0
1756057980_D..N07X012,107300_D..N07X012,D,0,1756057980,1D 1753 STL/205,1756078283,1756078298,839,0,0
1756058190_M..S37R,107650_M..S37R,M,1,1756058190,1M 1756+ ESX/MET,1756074183,1756074184,478,0,0
1756058250_D..S07X008,107750_D..S07X008,D,1,1756058250,1D 1757+ BPK/STL,1756078838,1756078853,522,0,0
1756058250_F..N,107750_F..N,F,0,1756058250,1F 1757+ STL/179,1756077847,1756077862,784,0,0
1756058460_M..N37R,108100_M..N37R,M,0,1756058460,1M 1801 MET/ESX,1756074423,1756074424,473,0,0
1756058490_FS.S01R,108150_FS.S01R,FS,1,1756058490,1FS 1801+ FKN/PPK,1756076691,1756076706,674,0,0
1756058610_F..S69R,108350_F..S69R,F,1,1756058610,1F 1803+ 179/STL,1756078703,1756078717,794,0,0
1756058730_D..S07X008,108550_D..S07X008,D,1,1756058730,1D 1805+ 205/STL,1756073238,1756073253,282,0,0
1756058760_D..N07X012,108600_D..N07X012,D,0,1756058760,1D 1806 STL/205,1756078913,1756078928,801,0,0
1756058790_M..S37R,108650_M..S37R,M,1,1756058790,1M 1806+ ESX/MET,1756075009,1756075024,505,0,0
1756058970_D..S07X008,108950_D..S07X008,D,1,1756058970,1D 1809+ BPK/STL,1756079139,1756079153,553,0,0
1756059060_M..N37R,109100_M..N37R,M,0,1756059060,1M 1811 MET/ESX,1756075039,1756075054,474,0,0
1756059330_F..S69R,109550_F..S69R,F,1,1756059330,1F 1815+ 179/STL,1756079679,1756079694,825,1,0
1756059360_F..N,109600_F..N,F,0,1756059360,1F 1816 STL/179,1756079349,1756079363,778,0,0
1756059390_M..S37R,109650_M..S37R,M,1,1756059390,1M 1816+ ESX/MET,1756075430,1756075445,470,0,0
1756059420_D..N07X012,109700_D..N07X012,D,0,1756059420,1D 1817 STL/205,1756079064,1756079078,734,0,0
1756059660_M..N37R,110100_M..N37R,M,0,1756059660,1M 1821 MET/ESX,1756075580,1756075595,446,0,0
1756059690_D..S07X008,110150_D..S07X008,D,1,1756059690,1D 1821+ BPK/STL,1756080265,1756080280,588,0,0
1756059990_F..S69R,110650_F..S69R,F,1,1756059990,1F 1826+ 179/STL,1756080115,1756080129,811,0,0
1756059990_M..S37R,110650_M..S37R,M,1,1756059990,1M 1826+ ESX/MET,1756076030,1756076045,451,0,0
1756060200_D..N07X012,111000_D..N07X012,D,0,1756060200,1D 1830 STL/205,1756080430,1756080445,819,0,0
1756060260_M..N37R,111100_M..N37R,M,0,1756060260,1M 1831 MET/ESX,1756076226,1756076241,446,0,0
1756060410_D..S07X008,111350_D..S07X008,D,1,1756060410,1D 1833+ BPK/STL,1756081001,1756081016,544,0,0
1756060470_F..N,111450_F..N,F,0,1756060470,1F 1834+ STL/179,1756080715,1756080730,820,0,0
1756060590_M..S37R,111650_M..S37R,M,1,1756060590,1M 1836+ ESX/MET,1756076721,1756076736,457,0,0
1756060710_F..S69R,111850_F..S69R,F,1,1756060710,1F 1838+ 179/STL,1756080775,1756080790,808,0,0
1756060860_D..N07X012,112100_D..N07X012,D,0,1756060860,1D 1841 STL/205,1756081286,1756081301,832,0,0
1756060860_M..N37R,112100_M..N37R,M,0,1756060860,1M 1841 MET/ESX,1756076976,1756076991,456,0,0
1756060890_D..S07X008,112150_D..S07X008,D,1,1756060890,1D 1841+ 205/STL,1756075760,1756075775,357,0,0
1756061130_D..S07X008,112550_D..S07X008,D,1,1756061130,1D 1845+ BPK/STL,1756081451,1756081466,484,0,0
1756061190_F..N,112650_F..N,F,0,1756061190,1F 1846+ STL/179,1756080895,1756080910,784,0,0
1756061190_M..S37R,112650_M..S37R,M,1,1756061190,1M 1846+ ESX/MET,1756077292,1756077307,455,0,0
1756061430_F..S69R,113050_F..S69R,F,1,1756061430,1F 1850+ 179/STL,1756081556,1756081571,812,0,0
1756061460_M..N37R,113100_M..N37R,M,0,1756061460,1M 1851 MET/ESX,1756078028,1756078043,486,0,0
1756061640_D..N07X012,113400_D..N07X012,D,0,1756061640,1D 1854 STL/205,1756081931,1756081947,632,0,0
1756061790_M..S37R,113650_M..S37R,M,1,1756061790,1M 1856+ ESX/MET,1756077832,1756077847,451,0,0
1756061910_F..N,113850_F..N,F,0,1756061910,1F 1858+ STL/179,1756081616,1756081631,784,0,0
1756062060_M..N37R,114100_M..N37R,M,0,1756062060,1M 1901 MET/ESX,1756078418,1756078433,472,0,0
1756062210_D..S07X008,114350_D..S07X008,D,1,1756062210,1D 1903+ BPK/STL,1756081947,1756081962,453,0,0
1756062210_F..S69R,114350_F..S69R,F,1,1756062210,1F 1903+ 179/STL,1756082247,1756082262,806,0,0
1756062360_D..N07X012,114600_D..N07X012,D,0,1756062360,1D 1906 STL/205,1756081947,1756081962,631,0,0
1756062390_M..S37R,114650_M..S37R,M,1,1756062390,1M 1906+ ESX/MET,1756078373,1756078388,447,0,0
1756062630_F..N,115050_F..N,F,0,1756062630,1F 1910+ STL/179,1756082652,1756082667,804,0,0
1756062660_FS.N01R,115100_FS.N01R,FS,0,1756062660,1FS 1911 PPK/FKN,1756079109,1756079123,506,0,0
1756062660_M..N37R,115100_M..N37R,M,0,1756062660,1M 1911 MET/ESX,1756078718,1756078732,454,0,0
1756062690_FS.S01R,115150_FS.S01R,FS,1,1756062690,1FS 1911+ FKN/PPK,1756079094,1756079108,501,0,0
1756062930_F..S69R,115550_F..S69R,F,1,1756062930,1F 1915+ 179/STL,1756083523,1756083538,840,0,0
1756063050_D..S07R,115750_D..S07R,D,1,1756063050,1D 1917+ 205/STL,1756078298,1756078313,388,0,0
1756063080_D..N07X012,115800_D..N07X012,D,0,1756063080,1D 1918 STL/205,1756083298,1756083313,722,0,0
1756063260_FS.N01R,116100_FS.N01R,FS,0,1756063260,1FS 1921 PPK/FKN,1756079124,1756079138,446,0,0
1756063260_M..N37R,116100_M..N37R,M,0,1756063260,1M 1921 MET/ESX,1756081361,1756081376,654,0,0
1756063290_D..S07R,116150_D..S07R,D,1,1756063290,1D 1921+ BPK/STL,1756082667,1756082682,380,0,0
1756063290_FS.S01R,116150_FS.S01R,FS,1,1756063290,1FS 1921+ FKN/PPK,1756079109,1756079123,440,0,0
1756063350_F..N,116250_F..N,F,0,1756063350,1F 1922+ STL/179,1756083238,1756083253,768,0,0
1756063590_M..S37R,116650_M..S37R,M,1,1756063590,1M 1926+ ESX/MET,1756079424,1756079438,439,0,0
1756063650_F..S69R,116750_F..S69R,F,1,1756063650,1F 1927+ 179/STL,1756083763,1756083778,777,0,0
1756063800_D..N07X012,117000_D..N07X012,D,0,1756063800,1D 1930 STL/205,1756084019,1756084034,783,0,0
1756063860_M..N37R,117100_M..N37R,M,0,1756063860,1M 1931 MET/ESX,1756081391,1756081406,578,0,0
1756063890_M..S,117150_M..S,M,1,1756063890,EM 1931+ ESX/MET,1756079859,1756079874,203,0,0
1756064010_D..S07R,117350_D..S07R,D,1,1756064010,1D 1933+ BPK/STL,1756083974,1756083989,489,0,0
1756064070_F..N,117450_F..N,F,0,1756064070,1F 1934+ STL/179,1756084064,1756084079,750,0,0
1756064190_M..S37R,117650_M..S37R,M,1,1756064190,1M 1936+ ESX/MET,1756080445,1756080460,471,0,0
1756064370_F..S69R,117950_F..S69R,F,1,1756064370,1F 1939+ 179/STL,1756084589,1756084604,757,0,0
1756064400_D..N07X012,118000_D..N07X012,D,0,1756064400,1D 1940 STL/205,1756084184,1756084199,716,0,0
1756064460_FS.N01R,118100_FS.N01R,FS,0,1756064460,1FS 1941 PPK/FKN,1756084349,1756084364,724,0,0
1756064460_M..N37R,118100_M..N37R,M,0,1756064460,1M 1941 MET/ESX,1756081406,1756081421,502,0,0
1756064490_FS.S01R,118150_FS.S01R,FS,1,1756064490,1FS 1941+ FKN/PPK,1756084319,1756084334,718,0,0
1756064730_D..S07R,118550_D..S07R,D,1,1756064730,1D 1945+ BPK/STL,1756084514,1756084529,460,0,0
1756064790_F..N,118650_F..N,F,0,1756064790,1F 1946+ STL/179,1756084739,1756084754,733,0,0
1756064790_M..S37R,118650_M..S37R,M,1,1756064790,1M 1946+ ESX/MET,1756080760,1756080775,434,0,0
1756065060_FS.N01R,119100_FS.N01R,FS,0,1756065060,1FS 1951 PPK/FKN,1756084349,1756084364,681,0,0
1756065060_M..N37R,119100_M..N37R,M,0,1756065060,1M 1951 MET/ESX,1756081421,1756081436,460,0,0
1756065090_F..S69R,119150_F..S69R,F,1,1756065090,1F 1951+ 179/STL,1756085100,1756085115,737,0,0
1756065090_FS.S01R,119150_FS.S01R,FS,1,1756065090,1FS 1951+ FKN/PPK,1756084319,1756084334,676,0,0
1756065390_M..S37R,119650_M..S37R,M,1,1756065390,1M 1956+ ESX/MET,1756081361,1756081376,434,0,0
1756065450_D..S07R,119750_D..S07R,D,1,1756065450,1D 1957+ BPK/STL,1756085370,1756085385,424,0,0
1756065510_F..N,119850_F..N,F,0,1756065510,1F 1958+ STL/179,1756084995,1756085010,702,0,0
1756065660_M..N37R,120100_M..N37R,M,0,1756065660,1M 2001 MET/ESX,1756081691,1756081706,438,0,0
1756065780_D..N07R,120300_D..N07R,D,0,1756065780,1D 2003 STL/205,1756086106,1756086121,758,2,2
1756065810_F..S69R,120350_F..S69R,F,1,1756065810,1F 2003+ 179/STL,1756086001,1756086016,749,0,0
1756065990_M..S37R,120650_M..S37R,M,1,1756065990,1M 2006+ ESX/MET,1756082262,1756082277,454,0,0
1756066170_D..S07R,120950_D..S07R,D,1,1756066170,1D 2009+ BPK/STL,1756086031,1756086046,407,0,0
1756066230_F..N,121050_F..N,F,0,1756066230,1F 2010+ STL/179,1756086241,1756086256,737,0,0
1756066260_M..N37R,121100_M..N37R,M,0,1756066260,1M 2011 MET/ESX,1756082307,1756082322,439,0,0
1756066500_D..N07R,121500_D..N07R,D,0,1756066500,1D 2015 STL/205,1756087322,1756087337,791,0,0
1756066530_F..S69R,121550_F..S69R,F,1,1756066530,1F 2015+ 179/STL,1756086436,1756086451,730,0,0
1756066590_M..S37R,121650_M..S37R,M,1,1756066590,1M 2016+ ESX/MET,1756082262,1756082277,414,0,0
1756066650_D..S07R,121750_D..S07R,D,1,1756066650,1D 2017+ 205/STL,1756081871,1756081886,384,0,0
1756066860_M..N37R,122100_M..N37R,M,0,1756066860,1M 2021 MET/ESX,1756083043,1756083058,448,0,0
1756066890_D..S07R,122150_D..S07R,D,1,1756066890,1D 2021+ BPK/STL,1756086602,1756086616,349,0,0
1756066950_F..N,122250_F..N,F,0,1756066950,1F 2022+ STL/179,1756087067,1756087082,744,0,0
1756067190_M..S37R,122650_M..S37R,M,1,1756067190,1M 2026+ ESX/MET,1756083013,1756083028,424,0,0
1756067220_D..N07R,122700_D..N07R,D,0,1756067220,1D 2027 STL/205,1756087322,1756087337,743,0,0
1756067520_M..N37R,123200_M..N37R,M,0,1756067520,1M 2032 MET/ESX,1756083478,1756083493,434,0,0
1756067610_D..S07R,123350_D..S07R,D,1,1756067610,1D 2033+ BPK/STL,1756087383,1756087397,400,0,0
1756067610_F..S69R,123350_F..S69R,F,1,1756067610,1F 2033+ 179/STL,1756087833,1756087848,753,0,0
1756067670_F..N,123450_F..N,F,0,1756067670,1F 2034+ STL/179,1756087307,1756087322,712,0,0
1756067790_M..S37R,123650_M..S37R,M,1,1756067790,1M 2036+ ESX/MET,1756083823,1756083838,453,0,0
1756067940_D..N07R,123900_D..N07R,D,0,1756067940,1D 2039 STL/205,1756087667,1756087683,625,0,0
1756068240_M..N37R,124400_M..N37R,M,0,1756068240,1M 2044 MET/ESX,1756084214,1756084229,433,0,0
1756068330_D..S07R,124550_D..S07R,D,1,1756068330,1D 2045+ BPK/STL,1756088013,1756088028,399,0,0
1756068390_M..S37R,124650_M..S37R,M,1,1756068390,1M 2046+ ESX/MET,1756084334,1756084349,424,0,0
1756068510_F..N,124850_F..N,F,0,1756068510,1F 2048+ STL/179,1756088704,1756088719,723,1,0
1756068540_D..N07R,124900_D..N07R,D,0,1756068540,1D 2049 STL/205,1756088644,1756088659,704,3,3
1756068690_F..S69R,125150_F..S69R,F,1,1756068690,1F 2051+ 179/STL,1756088568,1756088584,693,0,0
1756068810_D..S07R,125350_D..S07R,D,1,1756068810,1D 2053+ 205/STL,1756083313,1756083328,278,0,0
1756068960_M..N37R,125600_M..N37R,M,0,1756068960,1M 2056 MET/ESX,1756084965,1756084980,401,0,0
1756068990_M..S37R,125650_M..S37R,M,1,1756068990,1M 2056+ ESX/MET,1756084950,1756084965,396,0,0
1756069050_D..S07R,125750_D..S07R,D,1,1756069050,1D 2057+ BPK/STL,1756088959,1756088974,426,0,0
1756069110_F..N,125850_F..N,F,0,1756069110,1F 2058+ STL/179,1756089484,1756089499,722,0,0
1756069230_D..N07R,126050_D..N07R,D,0,1756069230,1D 2100+ STL/205,1756089124,1756089138,661,0,0
1756069410_F..S69R,126350_F..S69R,F,1,1756069410,1F 2103+ 179/STL,1756089229,1756089243,659,0,0
1756069710_M..S37R,126850_M..S37R,M,1,1756069710,1M 2108+ ESX/MET,1756085655,1756085670,377,0,0
1756069740_M..N37R,126900_M..N37R,M,0,1756069740,1M 2109 MET/ESX,1756085641,1756085655,374,0,0
1756069770_D..S07R,126950_D..S07R,D,1,1756069770,1D 2109+ BPK/STL,1756089860,1756089875,458,0,0
1756069830_F..N,127050_F..N,F,0,1756069830,1F 2110+ STL/179,1756090070,1756090085,721,0,0
1756069950_D..N07R,127250_D..N07R,D,0,1756069950,1D 2112+ STL/205,1756089710,1756089724,686,0,0
1756070010_FS.S01R,127350_FS.S01R,FS,1,1756070010,1FS 2113+ FKN/PPK,1756085715,1756085730,361,0,0
1756070100_FS.N01R,127500_FS.N01R,FS,0,1756070100,1FS 2115 PPK/FKN,1756085746,1756085760,357,0,0
1756070130_F..S69R,127550_F..S69R,F,1,1756070130,1F 2115+ 179/STL,1756090355,1756090370,720,0,0
1756070430_M..S37R,128050_M..S37R,M,1,1756070430,1M 2120+ ESX/MET,1756086376,1756086391,377,0,0
1756070490_D..S07R,128150_D..S07R,D,1,1756070490,1D 2121+ BPK/STL,1756090701,1756090716,428,1,0
1756070550_F..N,128250_F..N,F,0,1756070550,1F 2122+ STL/179,1756090686,1756090701,714,0,0
1756070550_M..N37R,128250_M..N37R,M,0,1756070550,1M 2122+ MET/ESX,1756086571,1756086586,382,0,0
1756070610_D..N07R,128350_D..N07R,D,0,1756070610,1D 2123+ STL/205,1756090761,1756090776,715,0,0
1756070820_FS.N01R,128700_FS.N01R,FS,0,1756070820,1FS 2127 PPK/FKN,1756085746,1756085760,309,0,0
1756070850_F..S69R,128750_F..S69R,F,1,1756070850,1F 2127+ 179/STL,1756091737,1756091752,764,0,0
1756071150_M..S37R,129250_M..S37R,M,1,1756071150,1M 2132+ ESX/MET,1756087127,1756087143,379,0,0
1756071270_F..N,129450_F..N,F,0,1756071270,1F 2134+ STL/179,1756091932,1756091947,749,0,0
1756071330_D..N07R,129550_D..N07R,D,0,1756071330,1D 2135+ STL/205,1756091376,1756091391,708,0,0
1756071330_D..S07R,129550_D..S07R,D,1,1756071330,1D 2135+ 205/STL,1756086076,1756086091,155,0,0
1756071330_M..N37R,129550_M..N37R,M,0,1756071330,1M 2135+ MET/ESX,1756087217,1756087232,373,0,0
1756071450_FS.S01R,129750_FS.S01R,FS,1,1756071450,1FS 2137+ FKN/PPK,1756086241,1756086256,300,0,0
1756071570_D..S07R,129950_D..S07R,D,1,1756071570,1D 2139+ BPK/STL,1756091196,1756091211,399,1,1
1756071570_F..S69R,129950_F..S69R,F,1,1756071570,1F 2139+ 179/STL,1756091737,1756091752,716,0,0
1756071870_M..S37R,130450_M..S37R,M,1,1756071870,1M 2144+ ESX/MET,1756087743,1756087758,374,0,0
1756072020_D..N07R,130700_D..N07R,D,0,1756072020,1D 2147 STL/205,1756091526,1756091542,672,0,0
1756072140_D..S,130900_D..S,D,1,1756072140,ED 2149 161/2AV,1756089664,1756089679,280,0,0
1756072140_F..N,130900_F..N,F,0,1756072140,1F 2149 STL/179,1756092367,1756092382,720,0,0
1756072170_FS.S01R,130950_FS.S01R,FS,1,1756072170,1FS 2149+ FKN/PPK,1756087097,1756087112,309,0,0
1756072260_FS.N01R,131100_FS.N01R,FS,0,1756072260,1FS 2151 PPK/FKN,1756087082,1756087097,302,0,0
1756072290_M..N37R,131150_M..N37R,M,0,1756072290,1M 2151+ MET/ESX,1756088404,1756088418,398,0,0
1756072410_F..S69R,131350_F..S69R,F,1,1756072410,1F 2153+ 179/STL,1756093253,1756093268,761,0,0
1756072590_M..S37R,131650_M..S37R,M,1,1756072590,1M 2156+ ESX/MET,1756088283,1756088298,365,0,0
1756072650_D..S07R,131750_D..S07R,D,1,1756072650,1D 2157+ BPK/STL,1756097848,1756097863,866,1,0
1756072680_D..N07R,131800_D..N07R,D,0,1756072680,1D 2158 STL/205,1756092788,1756092803,711,0,0
1756072890_FS.S01R,132150_FS.S01R,FS,1,1756072890,1FS 2201+ FKN/PPK,1756087938,1756087953,307,0,0
1756073070_F..N,132450_F..N,F,0,1756073070,1F 2204+ STL/179,1756092998,1756093013,683,0,0
1756073070_FS.N01R,132450_FS.N01R,FS,0,1756073070,1FS 2204+ PPK/FKN,1756088104,1756088118,302,0,0
1756073130_D..S07R,132550_D..S07R,D,1,1756073130,1D 2205+ 205/STL,1756087683,1756087697,264,0,0
1756073160_D..S,132600_D..S,D,1,1756073160,ED 2206 161/2AV,1756090160,1756090175,254,0,0
1756073190_M..N37R,132650_M..N37R,M,0,1756073190,1M 2206+ MET/ESX,1756089184,1756089199,379,0,0
1756073220_D..N07R,132700_D..N07R,D,0,1756073220,1D 2207 STL/205,1756092998,1756093013,668,0,0
1756073250_F..S69R,132750_F..S69R,F,1,1756073250,1F 2207+ 179/STL,1756093448,1756093463,706,0,0
1756073370_D..S07R,132950_D..S07R,D,1,1756073370,1D 2209+ BPK/STL,1756093779,1756093793,494,0,0
1756073430_M..S37R,133050_M..S37R,M,1,1756073430,1M 2210+ ESX/MET,1756089363,1756089364,384,0,0
1756073700_FS.S01R,133500_FS.S01R,FS,1,1756073700,1FS 2215 FKN/PPK,1756088598,1756088613,291,0,0
1756073820_D..N07R,133700_D..N07R,D,0,1756073820,1D 2217 STL/205,1756093659,1756093673,684,0,0
1756073850_D..S07R,133750_D..S07R,D,1,1756073850,1D 2217+ 205/STL,1756088298,1756088313,249,0,0
1756073910_F..N,133850_F..N,F,0,1756073910,1F 2218+ STL/179,1756094199,1756094213,743,0,0
1756073970_FS.N01R,133950_FS.N01R,FS,0,1756073970,1FS 2219+ PPK/FKN,1756089049,1756089064,302,0,0
1756074090_D..S07R,134150_D..S07R,D,1,1756074090,1D 2221+ BPK/STL,1756094154,1756094168,492,0,0
1756074090_M..N37R,134150_M..N37R,M,0,1756074090,1M 2221+ MET/ESX,1756089905,1756089920,392,0,0
1756074150_F..S69R,134250_F..S69R,F,1,1756074150,1F 2222+ 179/STL,1756094725,1756094740,790,0,0
1756074330_M..S37R,134550_M..S37R,M,1,1756074330,1M 2225+ ESX/MET,1756090250,1756090265,399,0,0
1756074420_D..N05R,134700_D..N05R,D,0,1756074420,1D 2227 STL/205,1756094544,1756094559,755,0,0
1756074570_D..S07R,134950_D..S07R,D,1,1756074570,1D 2229+ 205/STL,1756089139,1756089154,271,0,0
1756074600_FS.S01R,135000_FS.S01R,FS,1,1756074600,1FS 2230 FKN/PPK,1756089469,1756089484,311,0,0
1756074660_D..S,135100_D..S,D,1,1756074660,ED 2231 161/2AV,1756099860,1756099875,930,0,0
1756074750_F..S07R,135250_F..S07R,F,1,1756074750,1F 2232+ 179/STL,1756095746,1756095761,819,0,0
1756074810_D..S07R,135350_D..S07R,D,1,1756074810,1D 2233+ BPK/STL,1756094349,1756094364,449,0,0
1756074840_F..N,135400_F..N,F,0,1756074840,1F 2234 STL/179,1756095280,1756095295,782,0,0
1756074870_FS.N01R,135450_FS.N01R,FS,0,1756074870,1FS 2234+ PPK/FKN,1756089695,1756089709,323,0,0
1756074960_M..N37R,135600_M..N37R,M,0,1756074960,1M 2236 MET/ESX,1756090986,1756091001,407,0,0
1756075200_D..N05R,136000_D..N05R,D,0,1756075200,1D 2240 STL/205,1756095746,1756095761,789,0,0
1756075230_M..S37R,136050_M..S37R,M,1,1756075230,1M 2240+ ESX/MET,1756091211,1756091226,404,0,0
1756075290_D..S07R,136150_D..S07R,D,1,1756075290,1D 2241+ 205/STL,1756090250,1756090265,336,0,0
1756075500_FS.S01R,136500_FS.S01R,FS,1,1756075500,1FS 2245 FKN/PPK,1756090295,1756090310,325,0,0
1756075530_D..S07R,136550_D..S07R,D,1,1756075530,1D 2245+ BPK/STL,1756094800,1756094815,384,0,0
1756075680_F..S07R,136800_F..S07R,F,1,1756075680,1F 2248 179/STL,1756096166,1756096181,785,0,0
1756075770_FS.N01R,136950_FS.N01R,FS,0,1756075770,1FS 2249+ PPK/FKN,1756091151,1756091166,364,0,0
1756075860_M..N37R,137100_M..N37R,M,0,1756075860,1M 2251 MET/ESX,1756091812,1756091827,402,0,0
1756076010_D..S07R,137350_D..S07R,D,1,1756076010,1D 2253+ 205/STL,1756090761,1756090776,322,0,0
1756076070_D..N05R,137450_D..N05R,D,0,1756076070,1D 2254+ STL/205,1756096376,1756096391,773,0,0
1756076130_M..S37R,137550_M..S37R,M,1,1756076130,1M 2255+ ESX/MET,1756091827,1756091842,385,0,0
1756076250_D..S07R,137750_D..S07R,D,1,1756076250,1D 2257+ BPK/STL,1756095641,1756095656,406,0,0
1756076265_F..N,137775_F..N,F,0,1756076265,1F 2257+ STL/179,1756097142,1756097157,811,0,0
1756076400_FS.S01R,138000_FS.S01R,FS,1,1756076400,1FS 2300 FKN/PPK,1756091166,1756091181,323,0,0
1756076580_F..S07R,138300_F..S07R,F,1,1756076580,1F 2303 179/STL,1756097923,1756097938,842,0,0
1756076610_M..N35R,138350_M..N35R,M,0,1756076610,1M 2303+ MET/MYR,1756091782,1756091797,350,0,0
1756076730_D..S07R,138550_D..S07R,D,1,1756076730,1D 2305+ 205/STL,1756091271,1756091286,307,0,0
1756076880_D..N05R,138800_D..N05R,D,0,1756076880,1D 2308 STL/205,1756096797,1756096812,745,0,0
1756076970_D..S07R,138950_D..S07R,D,1,1756076970,1D 2309+ BPK/STL,1756096587,1756096602,435,0,0
1756076970_FS.N01R,138950_FS.N01R,FS,0,1756076970,1FS 2309+ PPK/FKN,1756091902,1756091917,332,0,0
1756077030_M..S37R,139050_M..S37R,M,1,1756077030,1M 2310+ ESX/MET,1756093253,1756093268,418,0,0
1756077480_D..S05R,139800_D..S05R,D,1,1756077480,1D 2318 205/STL,1756091977,1756091992,300,0,0
1756077510_M..N35R,139850_M..N35R,M,0,1756077510,1M 2318+ MET/MYR,1756092713,1756092728,346,0,0
1756077600_FS.S01R,140000_FS.S01R,FS,1,1756077600,1FS 2320 FKN/PPK,1756093103,1756093118,363,0,0
1756077690_F..N,140150_F..N,F,0,1756077690,1F 2321+ STL/179,1756099274,1756099289,909,0,0
1756077720_D..S05R,140200_D..S05R,D,1,1756077720,1D 2322 BPK/STL,1756097472,1756097488,447,0,0
1756077750_M..S35R,140250_M..S35R,M,1,1756077750,1M 2322+ MYR/MET,1756093298,1756093312,360,0,0
1756077780_F..S07R,140300_F..S07R,F,1,1756077780,1F 2323 179/STL,1756098328,1756098343,785,0,0
1756077930_M..S37R,140550_M..S37R,M,1,1756077930,1M 2325+ ESX/MET,1756093719,1756093733,403,0,0
1756078110_D..S05R,140850_D..S05R,D,1,1756078110,1D 2328+ 205/STL,1756092577,1756092592,287,0,0
1756078155_D..N05R,140925_D..N05R,D,0,1756078155,1D 2329 STL/205,1756098839,1756098854,622,0,0
1756078170_FS.N01R,140950_FS.N01R,FS,0,1756078170,1FS 2329+ PPK/FKN,1756093118,1756093133,318,0,0
1756078350_D..S05R,141250_D..S05R,D,1,1756078350,1D 2332+ BPK/STL,1756098509,1756098523,500,0,0
1756078410_M..N35R,141350_M..N35R,M,0,1756078410,1M 2333+ MET/MYR,1756093523,1756093538,339,0,0
1756078800_FS.S01R,142000_FS.S01R,FS,1,1756078800,1FS 2340 FKN/PPK,1756093794,1756093808,324,0,0
1756078830_D..S05R,142050_D..S05R,D,1,1756078830,1D 2340+ 205/STL,1756093403,1756093418,268,0,0
1756078890_F..N,142150_F..N,F,0,1756078890,1F 2341+ STL/179,1756099800,1756099815,838,0,0
1756078980_F..S07R,142300_F..S07R,F,1,1756078980,1F 2343 179/STL,1756100566,1756100581,879,0,0
1756079070_D..S05R,142450_D..S05R,D,1,1756079070,1D 2344+ BPK/STL,1756098509,1756098523,438,0,0
1756079070_M..S35R,142450_M..S35R,M,1,1756079070,1M 2344+ MYR/MET,1756094139,1756094153,334,0,0
1756079310_M..N35R,142850_M..N35R,M,0,1756079310,1M 2348+ MET/MYR,1756094499,1756094514,366,0,0
1756079370_FS.N01R,142950_FS.N01R,FS,0,1756079370,1FS 2349+ PPK/FKN,1756094454,1756094469,356,0,0
1756079430_D..N05R,143050_D..N05R,D,0,1756079430,1D 2350+ STL/205,1756099695,1756099710,786,0,0
1756079730_D..S05R,143550_D..S05R,D,1,1756079730,1D 2355+ BPK/STL,1756099515,1756099529,489,0,0
1756079730_D..S05X016,143550_D..S05X016,D,1,1756079730,1D 2355+ BPK/STL,1756013054,1756013055,475,0,0
1756079940_D..N05X022,143900_D..N05X022,D,0,1756079940,1D 2359 STL/205,1756014046,1756014062,539,0,0
1756079970_M..S35R,143950_M..S35R,M,1,1756079970,1M 2359+ MYR/MET,1756094965,1756094980,120,1,1
1756080000_FS.S01R,000000_FS.S01R,FS,1,1756080000,1FS 0000 FKN/PPK,1756094845,1756094860,351,0,0
1756080030_F..S20R,000050_F..S20R,F,1,1756080030,1F 0000+ 179/STL,1756100896,1756100911,830,0,0
1756080090_F..N,000150_F..N,F,0,1756080090,1F 0001+ STL/179,1756101437,1756101452,862,0,0
1756080150_D..N05R,000250_D..N05R,D,0,1756080150,1D 0002+ STL/205,1756101362,1756101377,853,0,0
1756080300_M..N35R,000500_M..N35R,M,0,1756080300,1M 0005 MET/MYR,1756095626,1756095641,383,0,0
1756080360_D..S05R,000600_D..S05R,D,1,1756080360,1D 0006 205/STL,1756094845,1756094860,327,0,0
1756080570_FS.N01R,000950_FS.N01R,FS,0,1756080570,1FS 0009+ PPK/FKN,1756095656,1756095671,367,0,0
1756080660_D..S05R,001100_D..S05R,D,1,1756080660,1D 0011 BPK/STL,1756100340,1756100355,444,0,0
1756080900_M..S30R,001500_M..S30R,M,1,1756080900,1M 0015 MYR/MET,1756096106,1756096121,375,0,0
1756080990_D..N05R,001650_D..N05R,D,0,1756080990,1D 0016+ STL/BPK,1756102127,1756102143,847,0,0
1756081170_F..S20R,001950_F..S20R,F,1,1756081170,1F 0019+ 179/STL,1756102097,1756102112,834,0,0
1756081200_FS.S01R,002000_FS.S01R,FS,1,1756081200,1FS 0020 FKN/PPK,1756096106,1756096121,355,0,0
1756081290_F..N,002150_F..N,F,0,1756081290,1F 0021+ STL/179,1756102744,1756102758,873,0,0
1756081380_M..N35R,002300_M..N35R,M,0,1756081380,1M 0023 MET/MYR,1756096542,1756096557,372,0,0
1756081530_D..S05R,002550_D..S05R,D,1,1756081530,1D 0025+ 205/STL,1756096046,1756096061,329,0,0
1756081770_D..S05R,002950_D..S05R,D,1,1756081770,1D 0029+ BPK/STL,1756101812,1756101827,462,0,0
1756081770_FS.N01R,002950_FS.N01R,FS,0,1756081770,1FS 0029+ PPK/FKN,1756097397,1756097412,403,0,0
1756081800_M..S30R,003000_M..S30R,M,1,1756081800,1M 0030 MYR/MET,1756096977,1756096992,373,0,0
1756082160_D..N05R,003600_D..N05R,D,0,1756082160,1D 0036 STL/205,1756101963,1756101977,759,0,0
1756082370_F..S20R,003950_F..S20R,F,1,1756082370,1F 0039+ 179/STL,1756103208,1756103223,852,0,0
1756082400_FS.S01R,004000_FS.S01R,FS,1,1756082400,1FS 0040 FKN/PPK,1756097533,1756097548,370,0,0
1756082490_F..N,004150_F..N,F,0,1756082490,1F 0041+ STL/179,1756103809,1756103823,904,0,0
1756082640_M..N30R,004400_M..N30R,M,0,1756082640,1M 0044 MET/MYR,1756100130,1756100145,596,0,0
1756082700_M..S30R,004500_M..S30R,M,1,1756082700,1M 0045 MYR/MET,1756097893,1756097908,361,0,0
1756082730_D..S05R,004550_D..S05R,D,1,1756082730,1D 0045+ 205/STL,1756097247,1756097262,314,0,0
1756082970_D..S05R,004950_D..S05R,D,1,1756082970,1D 0049+ BPK/STL,1756102848,1756102862,456,2,0
1756082970_FS.N01R,004950_FS.N01R,FS,0,1756082970,1FS 0049+ PPK/FKN,1756097998,1756098013,332,0,0
1756083360_D..N05R,005600_D..N05R,D,0,1756083360,1D 0056 STL/BPK,1756103899,1756103914,808,0,0
1756083570_F..S20R,005950_F..S20R,F,1,1756083570,1F 0059+ 179/STL,1756105070,1756105085,875,0,0
1756083600_FS.S01R,006000_FS.S01R,FS,1,1756083600,1FS 0100 FKN/PPK,1756098479,1756098493,309,0,0
1756083690_F..N,006150_F..N,F,0,1756083690,1F 0101+ STL/179,1756104740,1756104755,837,0,0
1756083720_M..S30R,006200_M..S30R,M,1,1756083720,1M 0102 MYR/MET,1756098794,1756098809,329,0,0
1756083840_M..N30R,006400_M..N30R,M,0,1756083840,1M 0104 MET/MYR,1756100175,1756100190,448,0,0
1756083930_D..S05R,006550_D..S05R,D,1,1756083930,1D 0105+ 205/STL,1756098418,1756098433,264,0,0
1756084170_D..S05R,006950_D..S05R,D,1,1756084170,1D 0109+ BPK/STL,1756104515,1756104530,533,0,0
1756084170_FS.N01R,006950_FS.N01R,FS,0,1756084170,1FS 0109+ PPK/FKN,1756099094,1756099109,327,0,0
1756084560_D..N05R,007600_D..N05R,D,0,1756084560,1D 0116 STL/205,1756104920,1756104935,782,0,0
1756084770_F..S20R,007950_F..S20R,F,1,1756084770,1F 0119+ 179/STL,1756105986,1756106001,839,0,0
1756084800_FS.S01R,008000_FS.S01R,FS,1,1756084800,1FS 0120 FKN/PPK,1756099845,1756099860,361,0,0
1756084890_F..N,008150_F..N,F,0,1756084890,1F 0121+ STL/179,1756106557,1756106572,869,0,0
1756084920_M..S30R,008200_M..S30R,M,1,1756084920,1M 0122 MYR/MET,1756100325,1756100340,385,0,0
1756085040_M..N30R,008400_M..N30R,M,0,1756085040,1M 0124 MET/MYR,1756110236,1756110251,1239,0,0
1756085130_D..S05R,008550_D..S05R,D,1,1756085130,1D 0125+ 205/STL,1756099680,1756099695,328,0,0
1756085370_D..S05R,008950_D..S05R,D,1,1756085370,1D 0129+ BPK/STL,1756106362,1756106377,512,0,0
1756085370_FS.N01R,008950_FS.N01R,FS,0,1756085370,1FS 0129+ PPK/FKN,1756100431,1756100446,362,0,0
1756085760_D..N05R,009600_D..N05R,D,0,1756085760,1D 0136 STL/205,1756106091,1756106106,780,0,0
1756085970_F..S20R,009950_F..S20R,F,1,1756085970,1F 0139+ 179/STL,1756106677,1756106692,805,0,0
1756086000_FS.S01R,010000_FS.S01R,FS,1,1756086000,1FS 0140 FKN/PPK,1756101091,1756101106,364,0,0
1756086090_F..N,010150_F..N,F,0,1756086090,1F 0141+ STL/179,1756107728,1756107743,869,0,0
1756086120_M..S30R,010200_M..S30R,M,1,1756086120,1M 0142 MYR/MET,1756101316,1756101331,371,0,0
1756086240_M..N30R,010400_M..N30R,M,0,1756086240,1M 0144 MET/MYR,1756111437,1756111452,1319,0,0
1756086330_D..S05R,010550_D..S05R,D,1,1756086330,1D 0145+ 205/STL,1756100851,1756100866,326,0,0
1756086570_D..S05R,010950_D..S05R,D,1,1756086570,1D 0149+ BPK/STL,1756106512,1756106527,444,0,0
1756086570_FS.N01R,010950_FS.N01R,FS,0,1756086570,1FS 0149+ PPK/FKN,1756101392,1756101407,346,0,0
1756086960_D..N05R,011600_D..N05R,D,0,1756086960,1D 0156 STL/205,1756108043,1756108058,849,0,0
1756087170_F..S20R,011950_F..S20R,F,1,1756087170,1F 0159+ 179/STL,1756108689,1756108704,894,0,0
1756087200_FS.S01R,012000_FS.S01R,FS,1,1756087200,1FS 0200 FKN/PPK,1756102143,1756102157,354,0,0
1756087230_F..N,012050_F..N,F,0,1756087230,1F 0200+ STL/179,1756108013,1756108028,828,0,0
1756087320_M..S30R,012200_M..S30R,M,1,1756087320,1M 0202 MYR/MET,1756102443,1756102458,365,0,0
1756087440_M..N30R,012400_M..N30R,M,0,1756087440,1M 0204 MET/MYR,1756102608,1756102622,362,0,0
1756087530_D..S05R,012550_D..S05R,D,1,1756087530,1D 0205+ 205/STL,1756102052,1756102067,314,0,0
1756087770_D..S05R,012950_D..S05R,D,1,1756087770,1D 0209+ BPK/STL,1756107518,1756107533,431,0,0
1756087770_FS.N01R,012950_FS.N01R,FS,0,1756087770,1FS 0209+ PPK/FKN,1756103599,1756103614,426,0,0
1756088190_D..N05R,013650_D..N05R,D,0,1756088190,1D 0216+ STL/205,1756108959,1756108975,814,0,0
1756088340_F..N,013900_F..N,F,0,1756088340,1F 0219 STL/179,1756108824,1756108839,776,0,0
1756088370_F..S20R,013950_F..S20R,F,1,1756088370,1F 0219+ 179/STL,1756109125,1756109140,812,0,0
1756088400_FS.S01R,014000_FS.S01R,FS,1,1756088400,1FS 0220 FKN/PPK,1756103584,1756103599,352,0,0
1756088520_M..S30R,014200_M..S30R,M,1,1756088520,1M 0222 MYR/MET,1756103824,1756103839,356,0,0
1756088640_M..N30R,014400_M..N30R,M,0,1756088640,1M 0224 MET/MYR,1756112398,,1216,0,0
1756088970_D..S05R,014950_D..S05R,D,1,1756088970,1D 0229+ BPK/STL,1756108749,1756108764,468,0,0
1756088970_FS.N01R,014950_FS.N01R,FS,0,1756088970,1FS 0229+ PPK/FKN,1756103764,1756103779,309,0,0
1756089390_D..N05R,015650_D..N05R,D,0,1756089390,1D 0236+ STL/205,1756109515,1756109530,776,0,0
1756089570_F..S20R,015950_F..S20R,F,1,1756089570,1F 0239+ 179/STL,1756110356,1756110371,876,0,0
1756089600_F..N,016000_F..N,F,0,1756089600,1F 0240 STL/179,1756109665,1756109680,782,0,0
1756089600_FS.S01R,016000_FS.S01R,FS,1,1756089600,1FS 0240 FKN/PPK,1756104410,1756104425,335,0,0
1756089720_M..S30R,016200_M..S30R,M,1,1756089720,1M 0242 MYR/MET,1756105145,1756105161,376,0,0
1756089840_M..N30R,016400_M..N30R,M,0,1756089840,1M 0244 MET/MYR,1756112398,,1131,0,0
1756089930_D..S05R,016550_D..S05R,D,1,1756089930,1D 0245+ 205/STL,1756104500,1756104515,319,0,0
1756090170_D..S05R,016950_D..S05R,D,1,1756090170,1D 0249+ BPK/STL,1756109920,1756109935,475,0,0
1756090170_FS.N01R,016950_FS.N01R,FS,0,1756090170,1FS 0249+ PPK/FKN,1756105131,1756105145,345,0,0
1756090590_D..N05R,017650_D..N05R,D,0,1756090590,1D 0256+ STL/205,1756111122,1756111137,910,0,0
1756090770_F..S20R,017950_F..S20R,F,1,1756090770,1F 0259+ 179/STL,1756112053,1756112068,1022,0,0
1756090800_F..N,018000_F..N,F,0,1756090800,1F 0300 STL/179,1756111317,1756111332,922,0,0
1756090800_FS.S01R,018000_FS.S01R,FS,1,1756090800,1FS 0300 FKN/PPK,1756105656,1756105671,338,0,0
1756090920_M..S30R,018200_M..S30R,M,1,1756090920,1M 0302 MYR/MET,1756106121,1756106137,361,0,0
1756091040_M..N30R,018400_M..N30R,M,0,1756091040,1M 0304 MET/MYR,1756112398,,1051,0,0
1756091130_D..S05R,018550_D..S05R,D,1,1756091130,1D 0305+ 205/STL,1756106227,1756106242,354,0,0
1756091370_D..S05R,018950_D..S05R,D,1,1756091370,1D 0309+ BPK/STL,1756111287,1756111302,542,0,0
1756091370_FS.N01R,018950_FS.N01R,FS,0,1756091370,1FS 0309+ PPK/FKN,1756106182,1756106197,335,0,0
1756091790_D..N05R,019650_D..N05R,D,0,1756091790,1D 0316+ STL/205,1756112308,1756112323,986,0,0
1756091970_F..S20R,019950_F..S20R,F,1,1756091970,1F 0319+ 179/STL,1756112398,,985,0,0
1756092000_F..N,020000_F..N,F,0,1756092000,1F 0320 STL/179,1756112143,1756112158,948,0,0
1756092000_FS.S01R,020000_FS.S01R,FS,1,1756092000,1FS 0320 FKN/PPK,1756106947,1756106962,340,0,0
1756092120_M..S30R,020200_M..S30R,M,1,1756092120,1M 0322 MYR/MET,1756110326,1756110341,475,0,0
1756092240_M..N30R,020400_M..N30R,M,0,1756092240,1M 0324 MET/MYR,1756112398,,959,0,0
1756092570_D..S05R,020950_D..S05R,D,1,1756092570,1D 0329+ BPK/STL,1756112368,1756112383,645,0,0
1756092570_FS.N01R,020950_FS.N01R,FS,0,1756092570,1FS 0329+ PPK/FKN,1756107428,1756107443,305,0,0
1756092990_D..N05R,021650_D..N05R,D,0,1756092990,1D 0336+ STL/205,1756112398,,878,0,0
1756093170_F..S20R,021950_F..S20R,F,1,1756093170,1F 0339+ 179/STL,1756112398,,855,0,0
1756093200_F..N,022000_F..N,F,0,1756093200,1F 0340 STL/179,1756112398,,851,0,0
1756093200_FS.S01R,022000_FS.S01R,FS,1,1756093200,1FS 0340 FKN/PPK,1756108134,1756108149,309,0,0
1756093320_M..S30R,022200_M..S30R,M,1,1756093320,1M 0342 MYR/MET,1756108524,1756108539,322,0,0
1756093440_M..N30R,022400_M..N30R,M,0,1756093440,1M 0344 MET/MYR,1756112398,,824,0,0
1756093530_D..S05R,022550_D..S05R,D,1,1756093530,1D 0345+ 205/STL,1756108224,1756108239,282,0,0
1756093770_D..S05R,022950_D..S05R,D,1,1756093770,1D 0349+ BPK/STL,1756112398,,536,1,1
1756093770_FS.N01R,022950_FS.N01R,FS,0,1756093770,1FS 0349+ PPK/FKN,1756108584,1756108599,297,0,0
1756094190_D..N05R,023650_D..N05R,D,0,1756094190,1D 0356+ STL/205,1756112398,,774,0,0
1756094370_F..S20R,023950_F..S20R,F,1,1756094370,1F 0359+ 179/STL,1756112398,,762,0,0
1756094400_F..N,024000_F..N,F,0,1756094400,1F 0400 STL/179,1756112398,,760,0,0
1756094400_FS.S01R,024000_FS.S01R,FS,1,1756094400,1FS 0400 FKN/PPK,1756109245,1756109260,339,0,0
1756008210_G..N,024350_G..N,G,0,1756008210,1G 0403+ CHU/CRS,1756024837,1756024845,777,0,0
1756008840_G..S16R,025400_G..S16R,G,1,1756008840,1G 0414 CRS/CHU,1756025926,1756025933,838,0,0
1756009410_G..N,026350_G..N,G,0,1756009410,1G 0423+ CHU/CRS,1756026903,1756026909,891,0,0
1756010040_G..S16R,027400_G..S16R,G,1,1756010040,1G 0434 CRS/CHU,1756026767,1756026774,790,0,0
1756010610_G..N,028350_G..N,G,0,1756010610,1G 0443+ CHU/CRS,1756026909,1756026918,733,0,0
1756011240_G..S16R,029400_G..S16R,G,1,1756011240,1G 0454 CRS/CHU,1756027945,1756027954,787,0,0
1756011810_G..N,030350_G..N,G,0,1756011810,1G 0503+ CHU/CRS,1756028089,1756028095,730,0,0
1756012440_G..S16R,031400_G..S16R,G,1,1756012440,1G 0514 CRS/CHU,1756029251,1756029260,801,0,0
1756013010_G..N,032350_G..N,G,0,1756013010,1G 0523+ CHU/CRS,1756029266,1756029275,727,0,0
1756013640_G..S16R,033400_G..S16R,G,1,1756013640,1G 0534 CRS/CHU,1756030663,1756030671,830,0,0
1756014330_G..N,034550_G..N,G,0,1756014330,1G 0545+ CHU/CRS,1756030461,1756030468,711,0,0
1756014840_G..S16R,035400_G..S16R,G,1,1756014840,1G 0554 CRS/CHU,1756031954,1756031963,842,0,0
1756015620_G..N,036700_G..N,G,0,1756015620,1G 0607 CHU/CRS,1756031894,1756031903,730,0,0
1756016040_G..S16R,037400_G..S16R,G,1,1756016040,1G 0614 CRS/CHU,1756032879,1756032885,805,0,0
1756016820_G..N,038700_G..N,G,0,1756016820,1G 0627 CHU/CRS,1756033149,1756033155,737,0,0
1756017240_G..S16R,039400_G..S16R,G,1,1756017240,1G 0634 CRS/CHU,1756034342,1756034350,840,0,0
1756017720_G..N,040200_G..N,G,0,1756017720,1G 0642 CHU/CRS,1756034267,1756034275,766,0,0
1756018440_G..S16R,041400_G..S16R,G,1,1756018440,1G 0654 CRS/CHU,1756034942,1756034951,760,0,0
1756018620_G..N,041700_G..N,G,0,1756018620,1G 0657 CHU/CRS,1756034942,1756034951,736,0,0
1756019490_G..N,043150_G..N,G,0,1756019490,1G 0711+ CHU/CRS,1756035807,1756035813,735,0,0
1756019640_G..S16R,043400_G..S16R,G,1,1756019640,1G 0714 CRS/CHU,1756036249,1756036257,774,0,0
1756020390_G..N,044650_G..N,G,0,1756020390,1G 0726+ CHU/CRS,1756036774,1756036783,744,0,0
1756020840_G..S16R,045400_G..S16R,G,1,1756020840,1G 0734 CRS/CHU,1756039065,1756039072,989,0,0
1756021290_G..N,046150_G..N,G,0,1756021290,1G 0741+ CHU/CRS,1756037540,1756037549,726,0,0
1756021710_G..S16R,046850_G..S16R,G,1,1756021710,1G 0748+ CRS/CHU,1756039080,1756039087,876,0,0
1756022190_G..N,047650_G..N,G,0,1756022190,1G 0756+ CHU/CRS,1756038276,1756038284,705,0,0
1756022610_G..S16R,048350_G..S16R,G,1,1756022610,1G 0803+ CRS/CHU,1756039237,1756039245,777,0,0
1756023090_G..N,049150_G..N,G,0,1756023090,1G 0811+ CHU/CRS,1756039561,1756039567,756,0,0
1756023510_G..S16R,049850_G..S16R,G,1,1756023510,1G 0818+ CRS/CHU,1756040222,1756040228,788,0,0
1756023990_G..N,050650_G..N,G,0,1756023990,1G 0826+ CHU/CRS,1756040618,1756040627,616,0,0
1756024410_G..S16R,051350_G..S16R,G,1,1756024410,1G 0833+ CRS/CHU,1756041122,1756041129,788,0,0
1756024890_G..N,052150_G..N,G,0,1756024890,1G 0841+ CHU/CRS,1756041228,1756041234,738,0,0
1756025340_G..S16R,052900_G..S16R,G,1,1756025340,1G 0849 CRS/CHU,1756042053,1756042060,788,0,0
1756025490_G..N,053150_G..N,G,0,1756025490,1G 0851+ CHU/CRS,1756042015,1756042023,763,0,0
1756026210_G..S16R,054350_G..S16R,G,1,1756026210,1G 0903+ CRS/CHU,1756043126,1756043134,815,0,0
1756026240_G..N,054400_G..N,G,0,1756026240,1G 0904 CHU/CRS,1756042750,1756042759,761,0,0
1756026930_G..N,055550_G..N,G,0,1756026930,1G 0915+ CHU/CRS,1756043351,1756043360,749,0,0
1756027110_G..S16R,055850_G..S16R,G,1,1756027110,1G 0918+ CRS/CHU,1756043711,1756043720,773,0,0
1756027590_G..N,056650_G..N,G,0,1756027590,1G 0926+ CHU/CRS,1756044050,1756044057,755,0,0
1756028070_G..S16R,057450_G..S16R,G,1,1756028070,1G 0934+ CRS/CHU,1756044823,1756044831,794,0,0
1756028190_G..N,057650_G..N,G,0,1756028190,1G 0936+ CHU/CRS,1756044711,1756044717,763,0,0
1756028790_G..N,058650_G..N,G,0,1756028790,1G 0946+ CHU/CRS,1756045318,1756045327,764,0,0
1756028790_G..S16R,058650_G..S16R,G,1,1756028790,1G 0946+ CRS/CHU,1756046459,1756046468,916,0,0
1756029330_G..N,059550_G..N,G,0,1756029330,1G 0955+ CHU/CRS,1756045783,1756045792,754,0,0
1756029390_G..S16R,059650_G..S16R,G,1,1756029390,1G 0956+ CRS/CHU,1756046444,1756046453,834,0,0
1756029990_G..S16R,060650_G..S16R,G,1,1756029990,1G 1006+ CRS/CHU,1756046835,1756046843,806,0,0
1756030080_G..N,060800_G..N,G,0,1756030080,1G 1008 CHU/CRS,1756046294,1756046303,722,0,0
1756030530_G..N,061550_G..N,G,0,1756030530,1G 1015+ CHU/CRS,1756047000,1756047009,756,0,0
1756030590_G..S16R,061650_G..S16R,G,1,1756030590,1G 1016+ CRS/CHU,1756047465,1756047474,810,0,0
1756031130_G..N,062550_G..N,G,0,1756031130,1G 1025+ CHU/CRS,1756047985,1756047991,807,0,0
1756031190_G..S16R,062650_G..S16R,G,1,1756031190,1G 1026+ CRS/CHU,1756048270,1756048276,837,0,0
1756031730_G..N,063550_G..N,G,0,1756031730,1G 1035+ CHU/CRS,1756048090,1756048096,741,0,0
1756031790_G..S16R,063650_G..S16R,G,1,1756031790,1G 1036+ CRS/CHU,1756048682,1756048690,812,0,0
1756032210_G..N,064350_G..N,G,0,1756032210,1G 1043+ CHU/CRS,1756048825,1756048832,775,0,0
1756032390_G..S16R,064650_G..S16R,G,1,1756032390,1G 1046+ CRS/CHU,1756048982,1756048991,772,0,0
1756032690_G..N,065150_G..N,G,0,1756032690,1G 1051+ CHU/CRS,1756049252,1756049261,768,0,0
1756032990_G..S16R,065650_G..S16R,G,1,1756032990,1G 1056+ CRS/CHU,1756050447,1756050453,887,0,0
1756033170_G..N,065950_G..N,G,0,1756033170,1G 1059+ CHU/CRS,1756049883,1756049892,788,0,0
1756033590_G..S16R,066650_G..S16R,G,1,1756033590,1G 1106+ CRS/CHU,1756050513,1756050522,816,0,0
1756033770_G..N,066950_G..N,G,0,1756033770,1G 1109+ CHU/CRS,1756050243,1756050252,756,0,0
1756034130_G..N,067550_G..N,G,0,1756034130,1G 1115+ CHU/CRS,1756050717,1756050724,771,0,0
1756034190_G..S16R,067650_G..S16R,G,1,1756034190,1G 1116+ CRS/CHU,1756051633,1756051640,885,0,0
1756034610_G..N,068350_G..N,G,0,1756034610,1G 1123+ CHU/CRS,1756051369,1756051378,794,0,0
1756034730_G..S16R,068550_G..S16R,G,1,1756034730,1G 1125+ CRS/CHU,1756051633,1756051640,813,0,0
1756035090_G..N,069150_G..N,G,0,1756035090,1G 1131+ CHU/CRS,1756051700,1756051708,774,0,0
1756035210_G..S16R,069350_G..S16R,G,1,1756035210,1G 1133+ CRS/CHU,1756052090,1756052099,810,0,0
1756035570_G..N,069950_G..N,G,0,1756035570,1G 1139+ CHU/CRS,1756052195,1756052204,776,0,0
1756035690_G..S16R,070150_G..S16R,G,1,1756035690,1G 1141+ CRS/CHU,1756053036,1756053045,872,0,0
1756036050_G..N,070750_G..N,G,0,1756036050,1G 1147+ CHU/CRS,1756053201,1756053210,847,2,1
1756036170_G..S16R,070950_G..S16R,G,1,1756036170,1G 1149+ CRS/CHU,1756054021,1756054027,940,0,0
1756036530_G..N,071550_G..N,G,0,1756036530,1G 1155+ CHU/CRS,1756053321,1756053330,799,0,0
1756036650_G..S16R,071750_G..S16R,G,1,1756036650,1G 1157+ CRS/CHU,1756054027,1756054036,877,0,0
1756037130_G..S16R,072550_G..S16R,G,1,1756037130,1G 1205+ CRS/CHU,1756054057,1756054066,817,0,0
1756037490_G..N,073150_G..N,G,0,1756037490,1G 1211+ CHU/CRS,1756054027,1756054036,765,0,0
1756037610_G..S16R,073350_G..S16R,G,1,1756037610,1G 1213+ CRS/CHU,1756054682,1756054688,836,0,0
1756037970_G..N,073950_G..N,G,0,1756037970,1G 1219+ CHU/CRS,1756054748,1756054757,797,0,0
1756038090_G..S16R,074150_G..S16R,G,1,1756038090,1G 1221+ CRS/CHU,1756055147,1756055153,834,0,0
1756038240_G..N,074400_G..N,G,0,1756038240,EG 1224 CHU/CRS,1756054823,1756054832,398,0,0
1756038570_G..N,074950_G..N,G,0,1756038570,1G 1229+ CHU/CRS,1756053255,1756053330,183,0,0
1756038570_G..S16R,074950_G..S16R,G,1,1756038570,1G 1229+ CRS/CHU,1756055529,1756055537,821,0,0
1756038660_G..N,075100_G..N,G,0,1756038660,1G 1231 CHU/CRS,1756055589,1756055597,302,2,1
1756038990_G..S16R,075650_G..S16R,G,1,1756038990,1G 1236+ CRS/CHU,1756056228,1756056234,858,0,0
1756039170_G..N,075950_G..N,G,0,1756039170,1G 1239+ CHU/CRS,1756055859,1756055868,309,0,0
1756039530_G..S16R,076550_G..S16R,G,1,1756039530,1G 1245+ CRS/CHU,1756056588,1756056595,725,0,0
1756039560_G..N,076600_G..N,G,0,1756039560,1G 1246 CHU/CRS,1756056039,1756056048,274,1,1
1756039890_G..N,077150_G..N,G,0,1756039890,1G 1251+ CHU/CRS,1756056429,1756056438,765,0,0
1756040010_G..S16R,077350_G..S16R,G,1,1756040010,1G 1253+ CRS/CHU,1756056955,1756056964,711,0,0
1756040370_G..N,077950_G..N,G,0,1756040370,1G 1259+ CHU/CRS,1756057045,1756057054,783,0,0
1756040490_G..S16R,078150_G..S16R,G,1,1756040490,1G 1301+ CRS/CHU,1756057534,1756057541,832,0,0
1756040970_G..N,078950_G..N,G,0,1756040970,1G 1309+ CHU/CRS,1756057526,1756057534,767,0,0
1756040970_G..S16R,078950_G..S16R,G,1,1756040970,1G 1309+ CRS/CHU,1756057976,1756057985,827,0,0
1756041330_G..N,079550_G..N,G,0,1756041330,1G 1315+ CHU/CRS,1756057916,1756057925,771,0,0
1756041450_G..S16R,079750_G..S16R,G,1,1756041450,1G 1317+ CRS/CHU,1756058111,1756058120,781,0,0
1756041810_G..N,080350_G..N,G,0,1756041810,1G 1323+ CHU/CRS,1756058450,1756058457,778,0,0
1756041930_G..S16R,080550_G..S16R,G,1,1756041930,1G 1325+ CRS/CHU,1756058796,1756058802,809,0,0
1756042290_G..N,081150_G..N,G,0,1756042290,1G 1331+ CHU/CRS,1756058877,1756058886,772,0,0
1756042410_G..S16R,081350_G..S16R,G,1,1756042410,1G 1333+ CRS/CHU,1756059883,1756059892,890,0,0
1756042770_G..N,081950_G..N,G,0,1756042770,1G 1339+ CHU/CRS,1756059321,1756059327,767,0,0
1756042890_G..S16R,082150_G..S16R,G,1,1756042890,1G 1341+ CRS/CHU,1756059898,1756059907,828,0,0
1756043250_G..N,082750_G..N,G,0,1756043250,1G 1347+ CHU/CRS,1756059853,1756059862,774,0,0
1756043370_G..S16R,082950_G..S16R,G,1,1756043370,1G 1349+ CRS/CHU,1756060559,1756060568,852,0,0
1756043730_G..N,083550_G..N,G,0,1756043730,1G 1355+ CHU/CRS,1756060342,1756060349,775,0,0
1756043850_G..S16R,083750_G..S16R,G,1,1756043850,1G 1357+ CRS/CHU,1756060559,1756060568,788,0,0
1756044210_G..N,084350_G..N,G,0,1756044210,1G 1403+ CHU/CRS,1756060739,1756060748,764,0,0
1756044330_G..S16R,084550_G..S16R,G,1,1756044330,1G 1405+ CRS/CHU,1756061018,1756061024,785,0,0
1756044690_G..N,085150_G..N,G,0,1756044690,1G 1411+ CHU/CRS,1756061280,1756061288,772,0,0
1756044810_G..S16R,085350_G..S16R,G,1,1756044810,1G 1413+ CRS/CHU,1756061520,1756061529,788,0,0
1756045170_G..N,085950_G..N,G,0,1756045170,1G 1419+ CHU/CRS,1756062264,1756062271,839,0,0
1756045290_G..S16R,086150_G..S16R,G,1,1756045290,1G 1421+ CRS/CHU,1756062180,1756062189,812,0,0
1756045650_G..N,086750_G..N,G,0,1756045650,1G 1427+ CHU/CRS,1756062264,1756062271,775,0,0
1756045770_G..S16R,086950_G..S16R,G,1,1756045770,1G 1429+ CRS/CHU,1756062565,1756062571,799,0,0
1756046130_G..N,087550_G..N,G,0,1756046130,1G 1435+ CHU/CRS,1756062781,1756062790,780,0,0
1756046190_G..S16R,087650_G..S16R,G,1,1756046190,1G 1436+ CRS/CHU,1756062781,1756062790,772,0,0
1756046610_G..N,088350_G..N,G,0,1756046610,1G 1443+ CHU/CRS,1756063285,1756063292,783,0,0
1756046730_G..S16R,088550_G..S16R,G,1,1756046730,1G 1445+ CRS/CHU,1756063532,1756063541,800,0,0
1756047090_G..N,089150_G..N,G,0,1756047090,1G 1451+ CHU/CRS,1756063607,1756063616,762,0,0
1756047210_G..S16R,089350_G..S16R,G,1,1756047210,1G 1453+ CRS/CHU,1756064051,1756064057,805,0,0
1756047570_G..N,089950_G..N,G,0,1756047570,1G 1459+ CHU/CRS,1756064246,1756064253,783,0,0
1756047690_G..S16R,090150_G..S16R,G,1,1756047690,1G 1501+ CRS/CHU,1756064733,1756064742,832,0,0
1756048170_G..N,090950_G..N,G,0,1756048170,1G 1509+ CHU/CRS,1756064652,1756064658,757,0,0
1756048170_G..S16R,090950_G..S16R,G,1,1756048170,1G 1509+ CRS/CHU,1756064793,1756064802,776,0,0
1756048530_G..N,091550_G..N,G,0,1756048530,1G 1515+ CHU/CRS,1756065072,1756065078,765,0,0
1756048650_G..S16R,091750_G..S16R,G,1,1756048650,1G 1517+ CRS/CHU,1756065439,1756065448,798,0,0
1756049010_G..N,092350_G..N,G,0,1756049010,1G 1523+ CHU/CRS,1756065613,1756065619,773,0,0
1756049130_G..S16R,092550_G..S16R,G,1,1756049130,1G 1525+ CRS/CHU,1756065994,1756066003,808,0,0
1756049490_G..N,093150_G..N,G,0,1756049490,1G 1531+ CHU/CRS,1756066078,1756066085,771,0,0
1756049610_G..S16R,093350_G..S16R,G,1,1756049610,1G 1533+ CRS/CHU,1756066694,1756066700,837,0,0
1756049970_G..N,093950_G..N,G,0,1756049970,1G 1539+ CHU/CRS,1756066520,1756066529,766,0,0
1756050090_G..S16R,094150_G..S16R,G,1,1756050090,1G 1541+ CRS/CHU,1756066859,1756066865,795,0,0
1756050450_G..N,094750_G..N,G,0,1756050450,1G 1547+ CHU/CRS,1756067030,1756067039,771,0,0
1756050570_G..S16R,094950_G..S16R,G,1,1756050570,1G 1549+ CRS/CHU,1756067355,1756067361,798,0,0
1756050930_G..N,095550_G..N,G,0,1756050930,1G 1555+ CHU/CRS,1756067901,1756067910,823,0,0
1756051050_G..S16R,095750_G..S16R,G,1,1756051050,1G 1557+ CRS/CHU,1756067715,1756067721,782,0,0
1756051410_G..N,096350_G..N,G,0,1756051410,1G 1603+ CHU/CRS,1756067901,1756067910,759,0,0
1756051530_G..S16R,096550_G..S16R,G,1,1756051530,1G 1605+ CRS/CHU,1756068442,1756068451,815,0,0
1756051890_G..N,097150_G..N,G,0,1756051890,1G 1611+ CHU/CRS,1756068466,1756068472,770,0,0
1756052010_G..S16R,097350_G..S16R,G,1,1756052010,1G 1613+ CRS/CHU,1756068847,1756068856,805,0,0
1756052370_G..N,097950_G..N,G,0,1756052370,1G 1619+ CHU/CRS,1756068937,1756068946,769,0,0
1756052490_G..S16R,098150_G..S16R,G,1,1756052490,1G 1621+ CRS/CHU,1756069202,1756069208,788,0,0
1756052850_G..N,098750_G..N,G,0,1756052850,1G 1627+ CHU/CRS,1756069403,1756069412,767,0,0
1756052970_G..S16R,098950_G..S16R,G,1,1756052970,1G 1629+ CRS/CHU,1756069622,1756069628,780,0,0
1756053330_G..N,099550_G..N,G,0,1756053330,1G 1635+ CHU/CRS,1756069883,1756069892,767,0,0
1756053390_G..S16R,099650_G..S16R,G,1,1756053390,1G 1636+ CRS/CHU,1756070109,1756070118,789,0,0
1756053810_G..N,100350_G..N,G,0,1756053810,1G 1643+ CHU/CRS,1756070448,1756070454,778,0,0
1756053930_G..S16R,100550_G..S16R,G,1,1756053930,1G 1645+ CRS/CHU,1756070484,1756070493,767,0,0
1756054290_G..N,101150_G..N,G,0,1756054290,1G 1651+ CHU/CRS,1756070874,1756070883,771,0,0
1756054410_G..S16R,101350_G..S16R,G,1,1756054410,1G 1653+ CRS/CHU,1756071229,1756071235,802,0,0
1756054770_G..N,101950_G..N,G,0,1756054770,1G 1659+ CHU/CRS,1756071334,1756071340,768,0,0
1756054890_G..S16R,102150_G..S16R,G,1,1756054890,1G 1701+ CRS/CHU,1756071535,1756071544,779,0,0
1756055370_G..N,102950_G..N,G,0,1756055370,1G 1709+ CHU/CRS,1756071995,1756072001,776,0,0
1756055370_G..S16R,102950_G..S16R,G,1,1756055370,1G 1709+ CRS/CHU,1756072706,1756072715,871,0,0
1756055730_G..N,103550_G..N,G,0,1756055730,1G 1715+ CHU/CRS,1756072256,1756072265,763,0,0
1756055850_G..S16R,103750_G..S16R,G,1,1756055850,1G 1717+ CRS/CHU,1756072715,1756072721,808,0,0
1756056210_G..N,104350_G..N,G,0,1756056210,1G 1723+ CHU/CRS,1756073037,1756073046,803,0,0
1756056330_G..S16R,104550_G..S16R,G,1,1756056330,1G 1725+ CRS/CHU,1756073517,1756073526,851,0,0
1756056690_G..N,105150_G..N,G,0,1756056690,1G 1731+ CHU/CRS,1756073271,1756073277,771,0,0
1756056810_G..S16R,105350_G..S16R,G,1,1756056810,1G 1733+ CRS/CHU,1756073532,1756073541,790,0,0
1756057170_G..N,105950_G..N,G,0,1756057170,1G 1739+ CHU/CRS,1756073796,1756073802,777,0,0
1756057290_G..S16R,106150_G..S16R,G,1,1756057290,1G 1741+ CRS/CHU,1756073917,1756073923,777,0,0
1756057650_G..N,106750_G..N,G,0,1756057650,1G 1747+ CHU/CRS,1756074277,1756074283,777,0,0
1756057770_G..S16R,106950_G..S16R,G,1,1756057770,1G 1749+ CRS/CHU,1756074938,1756074944,849,0,0
1756058130_G..N,107550_G..N,G,0,1756058130,1G 1755+ CHU/CRS,1756074697,1756074703,769,0,0
1756058250_G..S16R,107750_G..S16R,G,1,1756058250,1G 1757+ CRS/CHU,1756075184,1756075193,818,0,0
1756058610_G..N,108350_G..N,G,0,1756058610,1G 1803+ CHU/CRS,1756075124,1756075133,762,0,0
1756058730_G..S16R,108550_G..S16R,G,1,1756058730,1G 1805+ CRS/CHU,1756075418,1756075424,785,0,0
1756059090_G..N,109150_G..N,G,0,1756059090,1G 1811+ CHU/CRS,1756075658,1756075664,769,0,0
1756059210_G..S16R,109350_G..S16R,G,1,1756059210,1G 1813+ CRS/CHU,1756076145,1756076154,818,0,0
1756059570_G..N,109950_G..N,G,0,1756059570,1G 1819+ CHU/CRS,1756076139,1756076145,769,0,0
1756059690_G..S16R,110150_G..S16R,G,1,1756059690,1G 1821+ CRS/CHU,1756076484,1756076490,799,0,0
1756060050_G..N,110750_G..N,G,0,1756060050,1G 1827+ CHU/CRS,1756076610,1756076619,768,0,0
1756060170_G..S16R,110950_G..S16R,G,1,1756060170,1G 1829+ CRS/CHU,1756077091,1756077100,816,0,0
1756060530_G..N,111550_G..N,G,0,1756060530,1G 1835+ CHU/CRS,1756077130,1756077136,773,0,0
1756060590_G..S16R,111650_G..S16R,G,1,1756060590,1G 1836+ CRS/CHU,1756077106,1756077115,762,0,0
1756061010_G..N,112350_G..N,G,0,1756061010,1G 1843+ CHU/CRS,1756077571,1756077580,768,0,0
1756061130_G..S16R,112550_G..S16R,G,1,1756061130,1G 1845+ CRS/CHU,1756078091,1756078097,821,0,0
1756061490_G..N,113150_G..N,G,0,1756061490,1G 1851+ CHU/CRS,1756078082,1756078091,772,0,0
1756061610_G..S16R,113350_G..S16R,G,1,1756061610,1G 1853+ CRS/CHU,1756078286,1756078292,783,0,0
1756062090_G..N,114150_G..N,G,0,1756062090,1G 1901+ CHU/CRS,1756078562,1756078571,756,0,0
1756062090_G..S16R,114150_G..S16R,G,1,1756062090,1G 1901+ CRS/CHU,1756078893,1756078902,800,0,0
1756062570_G..S16R,114950_G..S16R,G,1,1756062570,1G 1909+ CRS/CHU,1756079148,1756079157,770,0,0
1756062810_G..N,115350_G..N,G,0,1756062810,1G 1913+ CHU/CRS,1756079418,1756079427,774,0,0
1756063050_G..S16R,115750_G..S16R,G,1,1756063050,1G 1917+ CRS/CHU,1756079553,1756079562,760,0,0
1756063530_G..N,116550_G..N,G,0,1756063530,1G 1925+ CHU/CRS,1756080034,1756080043,760,0,0
1756063530_G..S16R,116550_G..S16R,G,1,1756063530,1G 1925+ CRS/CHU,1756080259,1756080268,790,0,0
1756064010_G..S16R,117350_G..S16R,G,1,1756064010,1G 1933+ CRS/CHU,1756080553,1756080559,765,0,0
1756064370_G..N,117950_G..N,G,0,1756064370,1G 1939+ CHU/CRS,1756080719,1756080725,739,0,0
1756064730_G..S16R,118550_G..S16R,G,1,1756064730,1G 1945+ CRS/CHU,1756081379,1756081385,779,0,0
1756065030_G..N,119050_G..N,G,0,1756065030,1G 1950+ CHU/CRS,1756081580,1756081590,767,0,0
1756065450_G..S16R,119750_G..S16R,G,1,1756065450,1G 1957+ CRS/CHU,1756082241,1756082250,799,0,0
1756065750_G..N,120250_G..N,G,0,1756065750,1G 2002+ CHU/CRS,1756082181,1756082190,751,0,0
1756066170_G..S16R,120950_G..S16R,G,1,1756066170,1G 2009+ CRS/CHU,1756083001,1756083007,804,0,0
1756066470_G..N,121450_G..N,G,0,1756066470,1G 2014+ CHU/CRS,1756082842,1756082851,743,0,0
1756066890_G..S16R,122150_G..S16R,G,1,1756066890,1G 2021+ CRS/CHU,1756083968,1756083977,837,0,0
1756067190_G..N,122650_G..N,G,0,1756067190,1G 2026+ CHU/CRS,1756083547,1756083557,741,0,0
1756067610_G..S16R,123350_G..S16R,G,1,1756067610,1G 2033+ CRS/CHU,1756083983,1756083992,743,0,0
1756067910_G..N,123850_G..N,G,0,1756067910,1G 2038+ CHU/CRS,1756085034,1756085043,842,0,0
1756068330_G..S16R,124550_G..S16R,G,1,1756068330,1G 2045+ CRS/CHU,1756084959,1756084968,777,0,0
1756068630_G..N,125050_G..N,G,0,1756068630,1G 2050+ CHU/CRS,1756085028,1756085034,746,0,0
1756069050_G..S16R,125750_G..S16R,G,1,1756069050,1G 2057+ CRS/CHU,1756085674,1756085680,776,0,0
1756069350_G..N,126250_G..N,G,0,1756069350,1G 2102+ CHU/CRS,1756085755,1756085764,747,0,0
1756069770_G..S16R,126950_G..S16R,G,1,1756069770,1G 2109+ CRS/CHU,1756086214,1756086220,752,0,0
1756070070_G..N,127450_G..N,G,0,1756070070,1G 2114+ CHU/CRS,1756086455,1756086461,744,0,0
1756070490_G..S16R,128150_G..S16R,G,1,1756070490,1G 2121+ CRS/CHU,1756087130,1756087136,778,0,0
1756070970_G..N,128950_G..N,G,0,1756070970,1G 2129+ CHU/CRS,1756087331,1756087341,742,0,0
1756071210_G..S16R,129350_G..S16R,G,1,1756071210,1G 2133+ CRS/CHU,1756087617,1756087626,748,0,0
1756071870_G..N,130450_G..N,G,0,1756071870,1G 2144+ CHU/CRS,1756088653,1756088662,798,0,0
1756071930_G..S16R,130550_G..S16R,G,1,1756071930,1G 2145+ CRS/CHU,1756088518,1756088527,772,0,0
1756072650_G..S16R,131750_G..S16R,G,1,1756072650,1G 2157+ CRS/CHU,1756089253,1756089262,774,0,0
1756072770_G..N,131950_G..N,G,0,1756072770,1G 2159+ CHU/CRS,1756089779,1756089788,828,0,0
1756073370_G..S16R,132950_G..S16R,G,1,1756073370,1G 2209+ CRS/CHU,1756089818,1756089824,629,0,0
1756073670_G..N,133450_G..N,G,0,1756073670,1G 2214+ CHU/CRS,1756090118,1756090124,753,0,0
1756074090_G..S16R,134150_G..S16R,G,1,1756074090,1G 2221+ CRS/CHU,1756091401,1756091410,868,0,0
1756074570_G..N,134950_G..N,G,0,1756074570,1G 2229+ CHU/CRS,1756090884,1756090890,735,0,0
1756074810_G..S16R,135350_G..S16R,G,1,1756074810,1G 2233+ CRS/CHU,1756091401,1756091410,772,0,0
1756075470_G..N,136450_G..N,G,0,1756075470,1G 2244+ CHU/CRS,1756091890,1756091896,749,0,0
1756075530_G..S16R,136550_G..S16R,G,1,1756075530,1G 2245+ CRS/CHU,1756092431,1756092437,813,0,0
1756076370_G..N,137950_G..N,G,0,1756076370,1G 2259+ CHU/CRS,1756092647,1756092656,730,0,0
1756076370_G..S16R,137950_G..S16R,G,1,1756076370,1G 2259+ CRS/CHU,1756092986,1756092992,775,0,0
1756077240_G..N,139400_G..N,G,0,1756077240,1G 2314 CHU/CRS,1756093467,1756093473,723,0,0
1756077270_G..S16R,139450_G..S16R,G,1,1756077270,1G 2314+ CRS/CHU,1756093773,1756093782,760,0,0
1756078140_G..N,140900_G..N,G,0,1756078140,1G 2329 CHU/CRS,1756094533,1756094539,745,0,0
1756078170_G..S16R,140950_G..S16R,G,1,1756078170,1G 2329+ CRS/CHU,1756094713,1756094719,765,0,0
1756079070_G..S16R,142450_G..S16R,G,1,1756079070,1G 2344+ CRS/CHU,1756095680,1756095689,774,0,0
1756079100_G..N,142500_G..N,G,0,1756079100,1G 2345 CHU/CRS,1756095755,1756095764,780,0,0
1756079940_G..S16R,143900_G..S16R,G,1,1756079940,1G 2359 CRS/CHU,1756096251,1756096260,735,0,0
1756080240_G..N,000400_G..N,G,0,1756080240,1G 0004 CHU/CRS,1756096701,1756096710,755,0,0
1756080840_G..S14R,001400_G..S14R,G,1,1756080840,1G 0014 CRS/CHU,1756099749,1756099758,1081,0,0
1756081440_G..N,002400_G..N,G,0,1756081440,1G 0024 CHU/CRS,1756097881,1756097887,752,0,0
1756082040_G..S14R,003400_G..S14R,G,1,1756082040,1G 0034 CRS/CHU,1756099749,1756099758,921,0,0
1756082640_G..N,004400_G..N,G,0,1756082640,1G 0044 CHU/CRS,1756098863,1756098872,723,0,0
1756083240_G..S14R,005400_G..S14R,G,1,1756083240,1G 0054 CRS/CHU,1756100245,1756100254,825,0,0
1756083840_G..N,006400_G..N,G,0,1756083840,1G 0104 CHU/CRS,1756100194,1756100200,740,0,0
1756084440_G..S14R,007400_G..S14R,G,1,1756084440,1G 0114 CRS/CHU,1756101356,1756101365,815,0,0
1756085040_G..N,008400_G..N,G,0,1756085040,1G 0124 CHU/CRS,1756101476,1756101485,751,0,0
1756085640_G..S14R,009400_G..S14R,G,1,1756085640,1G 0134 CRS/CHU,1756102392,1756102401,794,0,0
1756086240_G..N,010400_G..N,G,0,1756086240,1G 0144 CHU/CRS,1756102701,1756102707,755,0,0
1756086840_G..S14R,011400_G..S14R,G,1,1756086840,1G 0154 CRS/CHU,1756104458,1756104464,909,0,0
1756087440_G..N,012400_G..N,G,0,1756087440,1G 0204 CHU/CRS,1756103893,1756103903,754,0,0
1756088040_G..S14R,013400_G..S14R,G,1,1756088040,1G 0214 CRS/CHU,1756104464,1756104473,750,0,0
1756088640_G..N,014400_G..N,G,0,1756088640,1G 0224 CHU/CRS,1756104960,1756104969,736,0,0
1756089240_G..S14R,015400_G..S14R,G,1,1756089240,1G 0234 CRS/CHU,1756105620,1756105630,744,0,0
1756089840_G..N,016400_G..N,G,0,1756089840,1G 0244 CHU/CRS,1756106185,1756106191,739,0,0
1756090440_G..S14R,017400_G..S14R,G,1,1756090440,1G 0254 CRS/CHU,1756107266,1756107272,803,0,0
1756091040_G..N,018400_G..N,G,0,1756091040,1G 0304 CHU/CRS,1756107302,1756107311,728,0,0
1756091640_G..S14R,019400_G..S14R,G,1,1756091640,1G 0314 CRS/CHU,1756108633,1756108638,825,0,0
1756092240_G..N,020400_G..N,G,0,1756092240,1G 0324 CHU/CRS,1756108578,1756108588,738,0,0
1756092840_G..S14R,021400_G..S14R,G,1,1756092840,1G 0334 CRS/CHU,1756109413,1756109419,851,0,0
1756093440_G..N,022400_G..N,G,0,1756093440,1G 0344 CHU/CRS,1756109614,1756109624,825,0,0
1756094040_G..S14R,023400_G..S14R,G,1,1756094040,1G 0354 CRS/CHU,1756110675,1756110680,1027,0,0
1756008870_J..S54X008,025450_J..S54X008,J,1,1756008870,1J 0414+ EPY/BRD,1756024907,1756024919,614,0,0
1756008930_J..N43R,025550_J..N43R,J,0,1756008930,1J 0415+ BRD/EPY,1756024997,1756025009,618,0,0
1756010070_J..S54X008,027450_J..S54X008,J,1,1756010070,1J 0434+ EPY/BRD,1756026288,1756026303,597,0,0
1756010130_J..N43R,027550_J..N43R,J,0,1756010130,1J 0435+ BRD/EPY,1756026273,1756026288,592,0,0
1756011270_J..S54X008,029450_J..S54X008,J,1,1756011270,1J 0454+ EPY/BRD,1756027159,1756027171,595,0,0
1756011330_J..N43R,029550_J..N43R,J,0,1756011330,1J 0455+ BRD/EPY,1756027399,1756027411,619,0,0
1756012470_J..S54X008,031450_J..S54X008,J,1,1756012470,1J 0514+ EPY/BRD,1756028540,1756028552,619,0,0
1756012530_J..N43R,031550_J..N43R,J,0,1756012530,1J 0515+ BRD/EPY,1756028883,1756028886,656,0,0
1756013670_J..S54X008,033450_J..S54X008,J,1,1756013670,1J 0534+ EPY/BRD,1756029802,1756029814,627,0,0
1756013730_J..N43R,033550_J..N43R,J,0,1756013730,1J 0535+ BRD/EPY,1756029829,1756029832,622,0,0
1756014870_J..S54X008,035450_J..S54X008,J,1,1756014870,1J 0554+ EPY/BRD,1756031138,1756031153,599,0,0
1756014930_J..N43R,035550_J..N43R,J,0,1756014930,1J 0555+ BRD/EPY,1756031258,1756031273,603,0,0
1756016070_J..S54X008,037450_J..S54X008,J,1,1756016070,1J 0614+ EPY/BRD,1756032114,1756032126,609,0,0
1756016130_J..N43R,037550_J..N43R,J,0,1756016130,1J 0615+ BRD/EPY,1756032144,1756032156,605,0,0
1756017270_J..S54X008,039450_J..S54X008,J,1,1756017270,1J 0634+ EPY/BRD,1756033177,1756033180,590,0,0
1756017330_J..N43R,039550_J..N43R,J,0,1756017330,1J 0635+ BRD/EPY,1756033718,1756033721,654,0,0
1756018140_J..S54X008,040900_J..S54X008,J,1,1756018140,1J 0649 EPY/BRD,1756034772,1756034787,687,0,0
1756018530_J..N43R,041550_J..N43R,J,0,1756018530,1J 0655+ BRD/EPY,1756034592,1756034604,611,0,0
1756019040_J..S54X008,042400_J..S54X008,J,1,1756019040,1J 0704 EPY/BRD,1756035072,1756035087,588,0,0
1756019640_J..N43R,043400_J..N43R,J,0,1756019640,1J 0714 BRD/EPY,1756035703,1756035718,579,0,0
1756020540_J..N43R,044900_J..N43R,J,0,1756020540,1J 0729 BRD/EPY,1756036589,1756036601,602,0,0
1756020720_J..S54X008,045200_J..S54X008,J,1,1756020720,1J 0732 EPY/BRD,1756036886,1756036889,252,0,0
1756021440_J..N43R,046400_J..N43R,J,0,1756021440,1J 0744 BRD/EPY,1756038015,1756038027,675,0,0
1756021740_J..S54X008,046900_J..S54X008,J,1,1756021740,1J 0749 EPY/BRD,1756037715,1756037727,595,0,0
1756022520_J..S54X008,048200_J..S54X008,J,1,1756022520,1J 0802 EPY/BRD,1756038553,1756038556,602,0,0
1756022790_J..N43R,048650_J..N43R,J,0,1756022790,1J 0806+ BRD/EPY,1756039033,1756039036,480,0,0
1756023420_J..S54X008,049700_J..S54X008,J,1,1756023420,1J 0817 EPY/BRD,1756039607,1756039622,620,0,0
1756024140_J..N40X002,050900_J..N40X002,J,0,1756024140,1J 0829 BRD/EPY,1756040373,1756040388,585,0,0
1756024350_J..S54X008,051250_J..S54X008,J,1,1756024350,1J 0832+ EPY/BRD,1756040688,1756040703,592,0,0
1756025040_J..N40X002,052400_J..N40X002,J,0,1756025040,1J 0844 BRD/EPY,1756041153,1756041166,588,0,0
1756025070_J..S54X008,052450_J..S54X008,J,1,1756025070,1J 0844+ EPY/BRD,1756041301,1756041304,605,0,0
1756025790_J..S54X008,053650_J..S54X008,J,1,1756025790,1J 0856+ EPY/BRD,1756042022,1756042024,629,0,0
1756025940_J..N40X002,053900_J..N40X002,J,0,1756025940,1J 0859 BRD/EPY,1756042442,1756042445,665,0,0
1756026510_J..S54X008,054850_J..S54X008,J,1,1756026510,1J 0908+ EPY/BRD,1756042862,1756042865,644,0,0
1756027020_J..N40X002,055700_J..N40X002,J,0,1756027020,1J 0917 BRD/EPY,1756043481,1756043493,660,0,0
1756027230_J..S54X008,056050_J..S54X008,J,1,1756027230,1J 0920+ EPY/BRD,1756043706,1756043718,662,0,0
1756027680_J..N40X002,056800_J..N40X002,J,0,1756027680,1J 0928 BRD/EPY,1756044457,1756044472,696,0,0
1756028310_J..S54X008,057850_J..S54X008,J,1,1756028310,1J 0938+ EPY/BRD,1756044126,1756044139,250,0,0
1756028400_J..N40X002,058000_J..N40X002,J,0,1756028400,1J 0940 BRD/EPY,1756044802,1756044817,623,0,0
1756029060_J..N40X002,059100_J..N40X002,J,0,1756029060,1J 0951 BRD/EPY,1756045358,1756045373,608,0,0
1756029390_J..S54X008,059650_J..S54X008,J,1,1756029390,1J 0956+ EPY/BRD,1756045404,1756045418,590,0,0
1756029720_J..N40X002,060200_J..N40X002,J,0,1756029720,1J 1002 BRD/EPY,1756045943,1756045956,607,0,0
1756030110_J..S54X008,060850_J..S54X008,J,1,1756030110,1J 1008+ EPY/BRD,1756046151,1756046153,607,0,0
1756030770_J..S54X008,061950_J..S54X008,J,1,1756030770,1J 1019+ EPY/BRD,1756046814,1756046826,615,0,0
1756030800_J..N40X002,062000_J..N40X002,J,0,1756030800,1J 1020 BRD/EPY,1756046917,1756046919,402,0,0
1756031190_J..S54X008,062650_J..S54X008,J,1,1756031190,1J 1026+ EPY/BRD,1756047159,1756047172,605,0,0
1756031790_J..S54X008,063650_J..S54X008,J,1,1756031790,1J 1036+ EPY/BRD,1756047817,1756047820,612,0,0
1756031880_J..N40X002,063800_J..N40X002,J,0,1756031880,1J 1038 BRD/EPY,1756048478,1756048481,688,0,0
1756032390_J..S54X008,064650_J..S54X008,J,1,1756032390,1J 1046+ EPY/BRD,1756048526,1756048538,627,0,0
1756032480_J..N40X002,064800_J..N40X002,J,0,1756032480,1J 1048 BRD/EPY,1756048691,1756048703,637,0,0
1756032990_J..S54X008,065650_J..S54X008,J,1,1756032990,1J 1056+ EPY/BRD,1756049217,1756049232,636,0,0
1756033080_J..N40X002,065800_J..N40X002,J,0,1756033080,1J 1058 BRD/EPY,1756049292,1756049307,629,0,0
1756033590_J..S54X008,066650_J..S54X008,J,1,1756033590,1J 1106+ EPY/BRD,1756049862,1756049877,602,0,0
1756033680_J..N40X002,066800_J..N40X002,J,0,1756033680,1J 1108 BRD/EPY,1756050403,1756050418,630,0,0
1756034190_J..S54X008,067650_J..S54X008,J,1,1756034190,1J 1116+ EPY/BRD,1756051529,1756051541,725,0,0
1756034280_J..N40X002,067800_J..N40X002,J,0,1756034280,1J 1118 BRD/EPY,1756050568,1756050583,598,0,0
1756034790_J..S54X008,068650_J..S54X008,J,1,1756034790,1J 1126+ EPY/BRD,1756051544,1756051556,670,0,0
1756034880_J..N40X002,068800_J..N40X002,J,0,1756034880,1J 1128 BRD/EPY,1756051406,1756051409,645,0,0
1756035480_J..N40X002,069800_J..N40X002,J,0,1756035480,1J 1138 BRD/EPY,1756051844,1756051857,639,0,0
1756035510_J..S54X008,069850_J..S54X008,J,1,1756035510,1J 1138+ EPY/BRD,1756051889,1756051902,641,0,0
1756036080_J..N40X002,070800_J..N40X002,J,0,1756036080,1J 1148 BRD/EPY,1756052280,1756052292,617,0,0
1756036230_J..S54X008,071050_J..S54X008,J,1,1756036230,1J 1150+ EPY/BRD,1756052247,1756052250,592,0,0
1756036680_J..N40X002,071800_J..N40X002,J,0,1756036680,1J 1158 BRD/EPY,1756052955,1756052968,627,0,0
1756036950_J..S54X008,072250_J..S54X008,J,1,1756036950,1J 1202+ EPY/BRD,1756053241,1756053253,586,0,0
1756037280_J..N40X002,072800_J..N40X002,J,0,1756037280,1J 1208 BRD/EPY,1756053556,1756053569,627,0,0
1756037670_J..S54X008,073450_J..S54X008,J,1,1756037670,1J 1214+ EPY/BRD,1756053856,1756053869,615,0,0
1756038000_J..N40X002,074000_J..N40X002,J,0,1756038000,1J 1220 BRD/EPY,1756054262,1756054277,539,0,0
1756038390_J..S54X008,074650_J..S54X008,J,1,1756038390,1J 1226+ EPY/BRD,1756054577,1756054592,573,0,0
1756038720_J..N40X002,075200_J..N40X002,J,0,1756038720,1J 1232 BRD/EPY,1756054832,1756054847,567,0,0
1756038990_J..S54X008,075650_J..S54X008,J,1,1756038990,1J 1236+ EPY/BRD,1756055088,1756055103,566,0,0
1756039440_J..N40X002,076400_J..N40X002,J,0,1756039440,1J 1244 BRD/EPY,1756055718,1756055731,588,0,0
1756039590_J..S54X008,076650_J..S54X008,J,1,1756039590,1J 1246+ EPY/BRD,1756055673,1756055686,572,0,0
1756040160_J..N40X002,077600_J..N40X002,J,0,1756040160,1J 1256 BRD/EPY,1756057262,1756057265,730,0,0
1756040190_J..S54X008,077650_J..S54X008,J,1,1756040190,1J 1256+ EPY/BRD,1756056379,1756056391,609,0,0
1756040790_J..S54X008,078650_J..S54X008,J,1,1756040790,1J 1306+ EPY/BRD,1756056842,1756056844,589,0,0
1756040880_J..N40X002,078800_J..N40X002,J,0,1756040880,1J 1308 BRD/EPY,1756057250,1756057262,632,0,0
1756041390_J..S54X008,079650_J..S54X008,J,1,1756041390,1J 1316+ EPY/BRD,1756057520,1756057533,601,0,0
1756041480_J..N40X002,079800_J..N40X002,J,0,1756041480,1J 1318 BRD/EPY,1756057625,1756057638,603,0,0
1756041990_J..S54X008,080650_J..S54X008,J,1,1756041990,1J 1326+ EPY/BRD,1756058271,1756058283,621,0,0
1756042080_J..N40X002,080800_J..N40X002,J,0,1756042080,1J 1328 BRD/EPY,1756058569,1756058571,648,0,0
1756042590_J..S54X008,081650_J..S54X008,J,1,1756042590,1J 1336+ EPY/BRD,1756058691,1756058704,596,0,0
1756042680_J..N40X002,081800_J..N40X002,J,0,1756042680,1J 1338 BRD/EPY,1756060373,1756060388,700,0,0
1756043190_J..S54X008,082650_J..S54X008,J,1,1756043190,1J 1346+ EPY/BRD,1756059232,1756059247,561,0,0
1756043280_J..N40X002,082800_J..N40X002,J,0,1756043280,1J 1348 BRD/EPY,1756060403,1756060418,633,0,0
1756043790_J..S54X008,083650_J..S54X008,J,1,1756043790,1J 1356+ EPY/BRD,1756060238,1756060253,588,0,0
1756043880_J..N40X002,083800_J..N40X002,J,0,1756043880,1J 1358 BRD/EPY,1756060403,1756060418,593,0,0
1756044390_J..S54X008,084650_J..S54X008,J,1,1756044390,1J 1406+ EPY/BRD,1756060671,1756060673,590,0,0
1756044480_J..N40X002,084800_J..N40X002,J,0,1756044480,1J 1408 BRD/EPY,1756060779,1756060791,599,0,0
1756044990_J..S54X008,085650_J..S54X008,J,1,1756044990,1J 1416+ EPY/BRD,1756061049,1756061061,587,0,0
1756045080_J..N40X002,085800_J..N40X002,J,0,1756045080,1J 1418 BRD/EPY,1756061199,1756061211,595,0,0
1756045590_J..S54X008,086650_J..S54X008,J,1,1756045590,1J 1426+ EPY/BRD,1756061559,1756061572,575,0,0
1756045680_J..N40X002,086800_J..N40X002,J,0,1756045680,1J 1428 BRD/EPY,1756061950,1756061962,615,0,0
1756046280_J..N40X002,087800_J..N40X002,J,0,1756046280,1J 1438 BRD/EPY,1756062655,1756062668,627,0,0
1756046490_J..S54X008,088150_J..S54X008,J,1,1756046490,1J 1441+ EPY/BRD,1756062610,1756062623,447,0,0
1756046880_J..N40X002,088800_J..N40X002,J,0,1756046880,1J 1448 BRD/EPY,1756063359,1756063361,639,0,0
1756047360_J..S54X008,089600_J..S54X008,J,1,1756047360,1J 1456 EPY/BRD,1756063361,1756063374,428,0,0
1756047480_J..N40X002,089800_J..N40X002,J,0,1756047480,1J 1458 BRD/EPY,1756064397,1756064412,641,0,0
1756048080_J..N40X002,090800_J..N40X002,J,0,1756048080,1J 1508 BRD/EPY,1756064472,1756064487,574,0,0
1756048290_J..S54X008,091150_J..S54X008,J,1,1756048290,1J 1511+ EPY/BRD,1756064142,1756064157,542,0,0
1756048590_J..S54X008,091650_J..S54X008,J,1,1756048590,1J 1516+ EPY/BRD,1756064788,1756064803,164,0,0
1756048935_J..N40X002,092225_J..N40X002,J,0,1756048935,1J 1522 BRD/EPY,1756065418,1756065431,549,0,0
1756049190_J..S54X008,092650_J..S54X008,J,1,1756049190,1J 1526+ EPY/BRD,1756065418,1756065431,579,0,0
1756049280_J..N40X002,092800_J..N40X002,J,0,1756049280,1J 1528 BRD/EPY,1756065689,1756065701,216,0,0
1756049550_J..S54X008,093250_J..S54X008,J,1,1756049550,1J 1532+ EPY/BRD,1756066034,1756066047,630,0,0
1756050030_J..S54X008,094050_J..S54X008,J,1,1756050030,1J 1540+ EPY/BRD,1756066274,1756066287,602,0,0
1756050480_J..N40X002,094800_J..N40X002,J,0,1756050480,1J 1548 BRD/EPY,1756066665,1756066677,324,0,0
1756050990_J..S54X008,095650_J..S54X008,J,1,1756050990,1J 1556+ EPY/BRD,1756067010,1756067022,584,0,0
1756051020_J..N40X002,095700_J..N40X002,J,0,1756051020,1J 1557 BRD/EPY,1756067175,1756067188,389,0,0
1756051410_J..S54X008,096350_J..S54X008,J,1,1756051410,1J 1603+ EPY/BRD,1756067566,1756067578,602,0,0
1756051500_J..N40X002,096500_J..N40X002,J,0,1756051500,1J 1605 BRD/EPY,1756067713,1756067716,587,0,0
1756051920_J..S54X008,097200_J..S54X008,J,1,1756051920,1J 1612 EPY/BRD,1756067986,1756067999,589,0,0
1756052220_J..N40X002,097700_J..N40X002,J,0,1756052220,1J 1617 BRD/EPY,1756068707,1756068722,470,0,0
1756052400_J..S54X008,098000_J..S54X008,J,1,1756052400,1J 1620 EPY/BRD,1756068482,1756068497,583,0,0
1756052880_J..S54X008,098800_J..S54X008,J,1,1756052880,1J 1628 EPY/BRD,1756068962,1756068977,560,0,0
1756052940_J..N40X002,098900_J..N40X002,J,0,1756052940,1J 1629 BRD/EPY,1756069187,1756069203,571,0,0
1756053360_J..S54X008,099600_J..S54X008,J,1,1756053360,1J 1636 EPY/BRD,1756069578,1756069593,569,0,0
1756053420_J..N40X002,099700_J..N40X002,J,0,1756053420,1J 1637 BRD/EPY,1756069533,1756069548,562,0,0
1756053840_J..S54X008,100400_J..S54X008,J,1,1756053840,1J 1644 EPY/BRD,1756070118,1756070131,580,0,0
1756053900_J..N40X002,100500_J..N40X002,J,0,1756053900,1J 1645 BRD/EPY,1756070043,1756070058,567,0,0
1756054320_J..S54X008,101200_J..S54X008,J,1,1756054320,1J 1652 EPY/BRD,1756070298,1756070311,572,0,0
1756054380_J..N40X002,101300_J..N40X002,J,0,1756054380,1J 1653 BRD/EPY,1756070674,1756070686,618,0,0
1756054800_J..S54X008,102000_J..S54X008,J,1,1756054800,1J 1700 EPY/BRD,1756070749,1756070761,575,0,0
1756054860_J..N40X002,102100_J..N40X002,J,0,1756054860,1J 1701 BRD/EPY,1756071302,1756071304,640,0,0
1756055280_J..S54X008,102800_J..S54X008,J,1,1756055280,1J 1708 EPY/BRD,1756071362,1756071364,592,0,0
1756055340_J..N40X002,102900_J..N40X002,J,0,1756055340,1J 1709 BRD/EPY,1756071650,1756071662,623,0,0
1756055790_J..S54X008,103650_J..S54X008,J,1,1756055790,1J 1716+ EPY/BRD,1756071815,1756071828,586,0,0
1756055820_J..N40X002,103700_J..N40X002,J,0,1756055820,1J 1717 BRD/EPY,1756072023,1756072025,609,0,0
1756056300_J..N40X002,104500_J..N40X002,J,0,1756056300,1J 1725 BRD/EPY,1756072476,1756072488,606,0,0
1756056300_J..S54X008,104500_J..S54X008,J,1,1756056300,1J 1725 EPY/BRD,1756072506,1756072518,610,0,0
1756056750_J..S54X008,105250_J..S54X008,J,1,1756056750,1J 1732+ EPY/BRD,1756072896,1756072911,602,0,0
1756056840_J..N40X002,105400_J..N40X002,J,0,1756056840,1J 1734 BRD/EPY,1756073136,1756073149,621,0,0
1756057350_J..S54X008,106250_J..S54X008,J,1,1756057350,1J 1742+ EPY/BRD,1756073317,1756073332,570,0,0
1756057470_J..N40X002,106450_J..N40X002,J,0,1756057470,1J 1744+ BRD/EPY,1756073707,1756073722,580,0,0
1756057950_J..S54X008,107250_J..S54X008,J,1,1756057950,1J 1752+ EPY/BRD,1756073872,1756073887,553,0,0
1756058010_J..N40X002,107350_J..N40X002,J,0,1756058010,1J 1753+ BRD/EPY,1756074338,1756074353,580,0,0
1756058280_J..N40X002,107800_J..N40X002,J,0,1756058280,1J 1758 BRD/EPY,1756074668,1756074683,584,0,0
1756058550_J..S54X008,108250_J..S54X008,J,1,1756058550,1J 1802+ EPY/BRD,1756074503,1756074518,555,0,0
1756058760_J..N40X002,108600_J..N40X002,J,0,1756058760,1J 1806 BRD/EPY,1756075599,1756075611,658,0,0
1756059180_J..S54X008,109300_J..S54X008,J,1,1756059180,1J 1813 EPY/BRD,1756075344,1756075356,594,0,0
1756059240_J..N40X002,109400_J..N40X002,J,0,1756059240,1J 1814 BRD/EPY,1756075719,1756075732,639,0,0
1756059780_J..S54X008,110300_J..S54X008,J,1,1756059780,1J 1823 EPY/BRD,1756075764,1756075777,575,0,0
1756059840_J..N40X002,110400_J..N40X002,J,0,1756059840,1J 1824 BRD/EPY,1756076199,1756076212,625,0,0
1756060350_J..S54X008,111250_J..S54X008,J,1,1756060350,1J 1832+ EPY/BRD,1756076365,1756076377,579,0,0
1756060440_J..N40X002,111400_J..N40X002,J,0,1756060440,1J 1834 BRD/EPY,1756076815,1756076828,627,0,0
1756060950_J..S54X008,112250_J..S54X008,J,1,1756060950,1J 1842+ EPY/BRD,1756077100,1756077113,597,0,0
1756061040_J..N40X002,112400_J..N40X002,J,0,1756061040,1J 1844 BRD/EPY,1756077356,1756077368,619,0,0
1756061550_J..S54X008,113250_J..S54X008,J,1,1756061550,1J 1852+ EPY/BRD,1756078182,1756078197,647,0,0
1756061640_J..N40X002,113400_J..N40X002,J,0,1756061640,1J 1854 BRD/EPY,1756078001,1756078016,623,0,0
1756062150_J..S54X008,114250_J..S54X008,J,1,1756062150,1J 1902+ EPY/BRD,1756078617,1756078632,597,0,0
1756062240_J..N40X002,114400_J..N40X002,J,0,1756062240,1J 1904 BRD/EPY,1756078527,1756078542,579,0,0
1756062750_J..S54X008,115250_J..S54X008,J,1,1756062750,1J 1912+ EPY/BRD,1756078917,1756078932,560,0,0
1756062840_J..N40X002,115400_J..N40X002,J,0,1756062840,1J 1914 BRD/EPY,1756079233,1756079248,575,0,0
1756063350_J..S54X008,116250_J..S54X008,J,1,1756063350,1J 1922+ EPY/BRD,1756079323,1756079338,547,0,0
1756063440_J..N40X002,116400_J..N40X002,J,0,1756063440,1J 1924 BRD/EPY,1756079773,1756079788,571,0,0
1756063950_J..S54X008,117250_J..S54X008,J,1,1756063950,1J 1932+ EPY/BRD,1756080013,1756080026,568,0,0
1756064040_J..N40X002,117400_J..N40X002,J,0,1756064040,1J 1934 BRD/EPY,1756080434,1756080446,618,0,0
1756064550_J..S54X008,118250_J..S54X008,J,1,1756064550,1J 1942+ EPY/BRD,1756080554,1756080567,573,0,0
1756064640_J..N40X002,118400_J..N40X002,J,0,1756064640,1J 1944 BRD/EPY,1756080959,1756080972,615,0,0
1756065150_J..S54X008,119250_J..S54X008,J,1,1756065150,1J 1952+ EPY/BRD,1756081245,1756081257,585,0,0
1756065300_J..N40X002,119500_J..N40X002,J,0,1756065300,1J 1955 BRD/EPY,1756081635,1756081648,617,0,0
1756065750_J..S54X008,120250_J..S54X008,J,1,1756065750,1J 2002+ EPY/BRD,1756081725,1756081738,569,0,0
1756065840_J..N40X002,120400_J..N40X002,J,0,1756065840,1J 2004 BRD/EPY,1756082536,1756082549,665,0,0
1756066350_J..S54X008,121250_J..S54X008,J,1,1756066350,1J 2012+ EPY/BRD,1756082311,1756082323,567,0,0
1756066440_J..N40X002,121400_J..N40X002,J,0,1756066440,1J 2014 BRD/EPY,1756082791,1756082804,617,0,0
1756067010_J..S54X008,122350_J..S54X008,J,1,1756067010,1J 2023+ EPY/BRD,1756083016,1756083031,559,0,0
1756067040_J..N40X002,122400_J..N40X002,J,0,1756067040,1J 2024 BRD/EPY,1756083077,1756083092,559,0,0
1756067640_J..N40X002,123400_J..N40X002,J,0,1756067640,1J 2034 BRD/EPY,1756083902,1756083917,565,0,0
1756067730_J..S54X008,123550_J..S54X008,J,1,1756067730,1J 2035+ EPY/BRD,1756083632,1756083647,541,0,0
1756068240_J..N40X002,124400_J..N40X002,J,0,1756068240,1J 2044 BRD/EPY,1756084683,1756084696,580,0,0
1756068450_J..S54X008,124750_J..S54X008,J,1,1756068450,1J 2047+ EPY/BRD,1756084758,1756084771,576,0,0
1756068900_J..N40X002,125500_J..N40X002,J,0,1756068900,1J 2055 BRD/EPY,1756085494,1756085507,644,0,0
1756069170_J..S54X008,125950_J..S54X008,J,1,1756069170,1J 2059+ EPY/BRD,1756085239,1756085252,581,0,0
1756069620_J..N40X002,126700_J..N40X002,J,0,1756069620,1J 2107 BRD/EPY,1756086215,1756086228,650,0,0
1756069890_J..S54X008,127150_J..S54X008,J,1,1756069890,1J 2111+ EPY/BRD,1756085764,1756085777,554,0,0
1756070340_J..N40X002,127900_J..N40X002,J,0,1756070340,1J 2119 BRD/EPY,1756087761,1756087776,741,0,0
1756070670_J..S54X008,128450_J..S54X008,J,1,1756070670,1J 2124+ EPY/BRD,1756086620,1756086633,565,0,0
1756071060_J..N40X002,129100_J..N40X002,J,0,1756071060,1J 2131 BRD/EPY,1756087776,1756087791,646,0,0
1756071540_J..S54X008,129900_J..S54X008,J,1,1756071540,1J 2139 EPY/BRD,1756087927,1756087942,592,0,0
1756071780_J..N40X002,130300_J..N40X002,J,0,1756071780,1J 2143 BRD/EPY,1756087987,1756088002,564,0,0
1756072440_J..S54X008,131400_J..S54X008,J,1,1756072440,1J 2154 EPY/BRD,1756088512,1756088527,540,0,0
1756072530_J..N40X002,131550_J..N40X002,J,0,1756072530,1J 2155+ BRD/EPY,1756088797,1756088812,553,0,0
1756073220_J..N40X002,132700_J..N40X002,J,0,1756073220,1J 2207 BRD/EPY,1756089939,1756089951,610,0,0
1756073340_J..S54X008,132900_J..S54X008,J,1,1756073340,1J 2209 EPY/BRD,1756089383,1756089398,538,0,0
1756074120_J..N40X002,134200_J..N40X002,J,0,1756074120,1J 2222 BRD/EPY,1756091260,1756091273,708,0,0
1756074240_J..S54X008,134400_J..S54X008,J,1,1756074240,1J 2224 EPY/BRD,1756090119,1756090131,540,0,0
1756075020_J..N40X002,135700_J..N40X002,J,0,1756075020,1J 2237 BRD/EPY,1756091320,1756091333,596,0,0
1756075140_J..S54X008,135900_J..S54X008,J,1,1756075140,1J 2239 EPY/BRD,1756091138,1756091140,555,0,0
1756075920_J..N40X002,137200_J..N40X002,J,0,1756075920,1J 2252 BRD/EPY,1756092116,1756092129,582,0,0
1756076040_J..S54X008,137400_J..S54X008,J,1,1756076040,1J 2254 EPY/BRD,1756092131,1756092144,568,0,0
1756076820_J..N40X002,138700_J..N40X002,J,0,1756076820,1J 2307 BRD/EPY,1756093212,1756093227,566,0,0
1756077060_J..S54X008,139100_J..S54X008,J,1,1756077060,1J 2311 EPY/BRD,1756093617,1756093632,577,0,0
1756077720_J..N40X002,140200_J..N40X002,J,0,1756077720,1J 2322 BRD/EPY,1756093903,1756093918,552,0,0
1756077960_J..S54X008,140600_J..S54X008,J,1,1756077960,1J 2326 EPY/BRD,1756094008,1756094023,543,0,0
1756078620_J..N40X002,141700_J..N40X002,J,0,1756078620,1J 2337 BRD/EPY,1756094699,1756094711,568,0,0
1756078860_J..S54X008,142100_J..S54X008,J,1,1756078860,1J 2341 EPY/BRD,1756095164,1756095177,606,0,0
1756079430_J..S12R,143050_J..S12R,J,1,1756079430,1J 2350+ P-A/BRD,1756097747,1756097762,611,0,0
1756079550_J..N43R,143250_J..N43R,J,0,1756079550,1J 2352+ BRD/EPY,1756095720,1756095732,588,0,0
1756079820_J..S54X008,143700_J..S54X008,J,1,1756079820,1J 2357 EPY/BRD,1756095900,1756095912,576,0,0
1756080450_J..N43R,000750_J..N43R,J,0,1756080450,1J 0007+ BRD/EPY,1756096636,1756096648,589,0,0
1756080870_J..S54X008,001450_J..S54X008,J,1,1756080870,1J 0014+ EPY/BRD,1756096996,1756097009,582,0,0
1756081350_J..N43R,002250_J..N43R,J,0,1756081350,1J 0022+ BRD/EPY,1756097882,1756097897,592,0,0
1756082070_J..S54X008,003450_J..S54X008,J,1,1756082070,1J 0034+ EPY/BRD,1756098167,1756098182,544,0,0
1756082250_J..N43R,003750_J..N43R,J,0,1756082250,1J 0037+ BRD/EPY,1756098678,1756098693,566,0,0
1756083270_J..S54X008,005450_J..S54X008,J,1,1756083270,1J 0054+ EPY/BRD,1756099263,1756099276,548,0,0
1756083330_J..N43R,005550_J..N43R,J,0,1756083330,1J 0055+ BRD/EPY,1756099609,1756099621,590,0,0
1756084470_J..S54X008,007450_J..S54X008,J,1,1756084470,1J 0114+ EPY/BRD,1756100510,1756100522,573,0,0
1756084500_J..N43R,007500_J..N43R,J,0,1756084500,1J 0115 BRD/EPY,1756101140,1756101153,653,0,0
1756085670_J..S54X008,009450_J..S54X008,J,1,1756085670,1J 0134+ EPY/BRD,1756101636,1756101648,564,0,0
1756085700_J..N43R,009500_J..N43R,J,0,1756085700,1J 0135 BRD/EPY,1756101921,1756101934,598,0,0
1756086870_J..S54X008,011450_J..S54X008,J,1,1756086870,1J 0154+ EPY/BRD,1756103393,1756103408,579,0,0
1756086900_J..N43R,011500_J..N43R,J,0,1756086900,1J 0155 BRD/EPY,1756103047,1756103062,554,0,0
1756088070_J..S54X008,013450_J..S54X008,J,1,1756088070,1J 0214+ EPY/BRD,1756104188,1756104201,567,0,0
1756088100_J..N43R,013500_J..N43R,J,0,1756088100,1J 0215 BRD/EPY,1756104759,1756104772,641,0,0
1756089270_J..S54X008,015450_J..S54X008,J,1,1756089270,1J 0234+ EPY/BRD,1756105315,1756105327,573,0,0
1756089300_J..N43R,015500_J..N43R,J,0,1756089300,1J 0235 BRD/EPY,1756106005,1756106018,661,0,0
1756090470_J..S54X008,017450_J..S54X008,J,1,1756090470,1J 0254+ EPY/BRD,1756106591,1756106604,583,0,0
1756090500_J..N43R,017500_J..N43R,J,0,1756090500,1J 0255 BRD/EPY,1756106801,1756106816,606,0,0
1756091670_J..S54X008,019450_J..S54X008,J,1,1756091670,1J 0314+ EPY/BRD,1756107657,1756107672,535,0,0
1756091700_J..N43R,019500_J..N43R,J,0,1756091700,1J 0315 BRD/EPY,1756107852,1756107867,546,0,0
1756092870_J..S54X008,021450_J..S54X008,J,1,1756092870,1J 0334+ EPY/BRD,1756108978,1756108991,560,0,0
1756092900_J..N43R,021500_J..N43R,J,0,1756092900,1J 0335 BRD/EPY,1756109113,1756109126,584,0,0
1756094070_J..S54X008,023450_J..S54X008,J,1,1756094070,1J 0354+ EPY/BRD,1756110390,1756110403,752,0,0
1756094100_J..N43R,023500_J..N43R,J,0,1756094100,1J 0355 BRD/EPY,1756110134,1756110147,680,0,0
1756008180_L..N,024300_L..N,L,0,1756008180,0L 0403 RPY/8AV,1756024667,1756024676,516,0,0
1756008750_L..S,025250_L..S,L,1,1756008750,0L 0412+8AV/RPY,1756025117,1756025126,502,0,0
1756009380_L..N,026300_L..N,L,0,1756009380,0L 0423 RPY/8AV,1756025912,1756025921,522,0,0
1756009950_L..S,027250_L..S,L,1,1756009950,0L 0432+8AV/RPY,1756026392,1756026401,512,0,0
1756010580_L..N,028300_L..N,L,0,1756010580,0L 0443 RPY/8AV,1756026992,1756027001,508,0,0
1756011330_L..S,029550_L..S,L,1,1756011330,0L 0455+8AV/RPY,1756027862,1756027871,524,0,0
1756011780_L..N,030300_L..N,L,0,1756011780,0L 0503 RPY/8AV,1756028222,1756028231,512,0,0
1756012650_L..S,031750_L..S,L,1,1756012650,0L 0517+8AV/RPY,1756028987,1756028996,498,0,0
1756012980_L..N,032300_L..N,L,0,1756012980,0L 0523 RPY/8AV,1756029452,1756029461,516,0,0
1756013850_L..S,033750_L..S,L,1,1756013850,0L 0537+8AV/RPY,1756030292,1756030301,512,0,0
1756014180_L..N,034300_L..N,L,0,1756014180,0L 0543 RPY/8AV,1756030502,1756030511,496,0,0
1756015050_L..S,035750_L..S,L,1,1756015050,0L 0557+8AV/RPY,1756031462,1756031471,508,0,0
1756015380_L..N,036300_L..N,L,0,1756015380,0L 0603 RPY/8AV,1756032017,1756032026,538,0,0
1756016250_L..S,037750_L..S,L,1,1756016250,0L 0617+8AV/RPY,1756032812,1756032821,528,0,0
1756016580_L..N,038300_L..N,L,0,1756016580,0L 0623 RPY/8AV,1756033082,1756033091,520,0,0
1756017420_L..S,039700_L..S,L,1,1756017420,0L 0637 8AV/RPY,1756033817,1756033826,506,0,0
1756017480_L..N,039800_L..N,L,0,1756017480,0L 0638 RPY/8AV,1756034102,1756034111,534,0,0
1756018170_L..N,040950_L..N,L,0,1756018170,0L 0649+RPY/8AV,1756034597,1756034606,510,0,0
1756018620_L..S,041700_L..S,L,1,1756018620,0L 0657 8AV/RPY,1756035227,1756035236,534,0,0
1756018890_L..N,042150_L..N,L,0,1756018890,0L 0701+RPY/8AV,1756032767,1756032776,170,0,0
1756019160_L..N,042600_L..N,L,0,1756019160,0L 0706 RPY/8AV,1756035602,1756035611,314,0,0
1756019520_L..S,043200_L..S,L,1,1756019520,0L 0712 8AV/RPY,1756036052,1756036061,524,0,0
1756019580_L..N,043300_L..N,L,0,1756019580,0L 0713 RPY/8AV,1756033067,1756033076,118,0,0
1756020180_L..N,044300_L..N,L,0,1756020180,0L 0723 RPY/8AV,1756036652,1756036661,516,0,0
1756020420_L..S,044700_L..S,L,1,1756020420,0L 0727 8AV/RPY,1756036862,1756036871,512,0,0
1756020780_L..N,045300_L..N,L,0,1756020780,0L 0733 RPY/8AV,1756037087,1756037096,494,0,0
1756021260_L..N,046100_L..N,L,0,1756021260,0L 0741 RPY/8AV,1756037582,1756037591,494,0,0
1756021320_L..S,046200_L..S,L,1,1756021320,0L 0742 8AV/RPY,1756037897,1756037906,530,0,0
1756021740_L..N,046900_L..N,L,0,1756021740,0L 0749 RPY/8AV,1756038497,1756038506,554,0,0
1756021920_L..S,047200_L..S,L,1,1756021920,0L 0752 8AV/RPY,1756036367,1756036376,246,0,0
1756022220_L..N,047700_L..N,L,0,1756022220,0L 0757 RPY/8AV,1756038917,1756038926,544,0,0
1756022220_L..S,047700_L..S,L,1,1756022220,0L 0757 8AV/RPY,1756038647,1756038656,304,0,0
1756022700_L..N,048500_L..N,L,0,1756022700,0L 0805 RPY/8AV,1756039307,1756039316,534,0,0
1756023120_L..S,049200_L..S,L,1,1756023120,0L 0812 8AV/RPY,1756039502,1756039511,502,0,0
1756023180_L..N,049300_L..N,L,0,1756023180,0L 0813 RPY/8AV,1756039937,1756039946,554,0,0
1756023660_L..N,050100_L..N,L,0,1756023660,0L 0821 RPY/8AV,1756037582,1756037591,176,0,0
1756023720_L..S,050200_L..S,L,1,1756023720,0L 0822 8AV/RPY,1756040177,1756040186,514,0,0
1756023840_L..N,050400_L..N,L,0,1756023840,0L 0824 RPY/8AV,1756040597,1756040606,402,0,0
1756024200_L..S,051000_L..S,L,1,1756024200,0L 0830 8AV/RPY,1756040477,1756040486,488,0,0
1756024500_L..N,051500_L..N,L,0,1756024500,0L 0835 RPY/8AV,1756041092,1756041101,530,0,0
1756024680_L..S,051800_L..S,L,1,1756024680,0L 0838 8AV/RPY,1756041167,1756041176,518,0,0
1756024860_L..N,052100_L..N,L,0,1756024860,0L 0841 RPY/8AV,1756041467,1756041476,534,0,0
1756025160_L..S,052600_L..S,L,1,1756025160,0L 0846 8AV/RPY,1756041632,1756041641,516,0,0
1756025220_L..N,052700_L..N,L,0,1756025220,0L 0847 RPY/8AV,1756041707,1756041716,518,0,0
1756025580_L..N,053300_L..N,L,0,1756025580,0L 0853 RPY/8AV,1756042307,1756042316,550,0,0
1756025640_L..S,053400_L..S,L,1,1756025640,0L 0854 8AV/RPY,1756042217,1756042226,530,0,0
1756025940_L..N,053900_L..N,L,0,1756025940,0L 0859 RPY/8AV,1756042457,1756042466,522,0,0
1756026120_L..S,054200_L..S,L,1,1756026120,0L 0902 8AV/RPY,1756042547,1756042556,508,0,0
1756026300_L..N,054500_L..N,L,0,1756026300,0L 0905 RPY/8AV,1756042727,1756042736,510,0,0
1756026600_L..S,055000_L..S,L,1,1756026600,0L 0910 8AV/RPY,1756043087,1756043096,518,0,0
1756026660_L..N,055100_L..N,L,0,1756026660,0L 0911 RPY/8AV,1756043207,1756043216,526,0,0
1756026960_L..S,055600_L..S,L,1,1756026960,0L 0916 8AV/RPY,1756041227,1756041236,222,0,0
1756027020_L..N,055700_L..N,L,0,1756027020,0L 0917 RPY/8AV,1756043507,1756043516,518,0,0
1756027140_L..S,055900_L..S,L,1,1756027140,0L 0919 8AV/RPY,1756043657,1756043666,324,0,0
1756027380_L..N,056300_L..N,L,0,1756027380,0L 0923 RPY/8AV,1756044077,1756044087,546,0,0
1756027680_L..S,056800_L..S,L,1,1756027680,0L 0928 8AV/RPY,1756044092,1756044101,508,0,0
1756027740_L..N,056900_L..N,L,0,1756027740,0L 0929 RPY/8AV,1756044212,1756044221,514,0,0
1756028040_L..S,057400_L..S,L,1,1756028040,0L 0934 8AV/RPY,1756044482,1756044492,512,0,0
1756028100_L..N,057500_L..N,L,0,1756028100,0L 0935 RPY/8AV,1756044752,1756044761,540,0,0
1756028400_L..S,058000_L..S,L,1,1756028400,0L 0940 8AV/RPY,1756044827,1756044836,510,0,0
1756028460_L..N,058100_L..N,L,0,1756028460,0L 0941 RPY/8AV,1756045127,1756045136,542,0,0
1756028760_L..S,058600_L..S,L,1,1756028760,0L 0946 8AV/RPY,1756045217,1756045227,514,0,0
1756028820_L..N,058700_L..N,L,0,1756028820,0L 0947 RPY/8AV,1756045427,1756045436,532,0,0
1756029120_L..S,059200_L..S,L,1,1756029120,0L 0952 8AV/RPY,1756045472,1756045481,500,0,0
1756029180_L..N,059300_L..N,L,0,1756029180,0L 0953 RPY/8AV,1756045592,1756045602,508,0,0
1756029480_L..S,059800_L..S,L,1,1756029480,0L 0958 8AV/RPY,1756045877,1756045887,504,0,0
1756029540_L..N,059900_L..N,L,0,1756029540,0L 0959 RPY/8AV,1756045967,1756045977,510,0,0
1756029840_L..S,060400_L..S,L,1,1756029840,0L 1004 8AV/RPY,1756046237,1756046247,506,0,0
1756029900_L..N,060500_L..N,L,0,1756029900,0L 1005 RPY/8AV,1756046387,1756046397,518,0,0
1756030200_L..N,061000_L..N,L,0,1756030200,0L 1010 RPY/8AV,1756046867,1756046877,542,0,0
1756030200_L..S,061000_L..S,L,1,1756030200,0L 1010 8AV/RPY,1756046837,1756046847,538,0,0
1756030560_L..S,061600_L..S,L,1,1756030560,0L 1016 8AV/RPY,1756047122,1756047132,528,0,0
1756030590_L..N,061650_L..N,L,0,1756030590,0L 1016+105/8AV,1756047047,1756047057,514,0,0
1756030800_L..N,062000_L..N,L,0,1756030800,0L 1020 RPY/8AV,1756047467,1756047477,542,0,0
1756030920_L..S,062200_L..S,L,1,1756030920,0L 1022 8AV/RPY,1756047272,1756047282,500,0,0
1756031100_L..N,062500_L..N,L,0,1756031100,0L 1025 RPY/8AV,1756047902,1756047912,560,0,0
1756031280_L..S,062800_L..S,L,1,1756031280,0L 1028 8AV/RPY,1756047737,1756047747,514,0,0
1756031400_L..N,063000_L..N,L,0,1756031400,0L 1030 RPY/8AV,1756048052,1756048062,540,0,0
1756031640_L..S,063400_L..S,L,1,1756031640,0L 1034 8AV/RPY,1756047977,1756047987,498,0,0
1756031700_L..N,063500_L..N,L,0,1756031700,0L 1035 RPY/8AV,1756048307,1756048317,534,0,0
1756032000_L..N,064000_L..N,L,0,1756032000,0L 1040 RPY/8AV,1756048787,1756048797,558,0,0
1756032000_L..S,064000_L..S,L,1,1756032000,0L 1040 8AV/RPY,1756048562,1756048572,528,0,0
1756032300_L..S,064500_L..S,L,1,1756032300,0L 1045 8AV/RPY,1756048772,1756048782,516,0,0
1756032390_L..N,064650_L..N,L,0,1756032390,0L 1046+105/8AV,1756048862,1756048872,516,0,0
1756032600_L..N,065000_L..N,L,0,1756032600,0L 1050 RPY/8AV,1756049312,1756049322,546,0,0
1756032600_L..S,065000_L..S,L,1,1756032600,0L 1050 8AV/RPY,1756048952,1756048962,498,0,0
1756032900_L..N,065500_L..N,L,0,1756032900,0L 1055 RPY/8AV,1756049522,1756049532,536,0,0
1756032900_L..S,065500_L..S,L,1,1756032900,0L 1055 8AV/RPY,1756049252,1756049262,500,0,0
1756033200_L..N,066000_L..N,L,0,1756033200,0L 1100 RPY/8AV,1756049732,1756049742,524,0,0
1756033200_L..S,066000_L..S,L,1,1756033200,0L 1100 8AV/RPY,1756049732,1756049742,524,0,0
1756033500_L..N,066500_L..N,L,0,1756033500,0L 1105 RPY/8AV,1756050092,1756050102,531,0,0
1756033500_L..S,066500_L..S,L,1,1756033500,0L 1105 8AV/RPY,1756050107,1756050117,533,0,0
1756033800_L..N,067000_L..N,L,0,1756033800,0L 1110 RPY/8AV,1756050332,1756050342,523,0,0
1756033800_L..S,067000_L..S,L,1,1756033800,0L 1110 8AV/RPY,1756050287,1756050297,517,0,0
1756034100_L..S,067500_L..S,L,1,1756034100,0L 1115 8AV/RPY,1756050602,1756050612,519,0,0
1756034190_L..N,067650_L..N,L,0,1756034190,0L 1116+105/8AV,1756050557,1756050567,501,0,0
1756034400_L..N,068000_L..N,L,0,1756034400,0L 1120 RPY/8AV,1756050857,1756050867,513,0,0
1756034400_L..S,068000_L..S,L,1,1756034400,0L 1120 8AV/RPY,1756050947,1756050957,525,0,0
1756034700_L..N,068500_L..N,L,0,1756034700,0L 1125 RPY/8AV,1756051187,1756051197,517,0,0
1756034700_L..S,068500_L..S,L,1,1756034700,0L 1125 8AV/RPY,1756051202,1756051212,519,0,0
1756035000_L..N,069000_L..N,L,0,1756035000,0L 1130 RPY/8AV,1756051487,1756051496,512,0,0
1756035000_L..S,069000_L..S,L,1,1756035000,0L 1130 8AV/RPY,1756051442,1756051457,509,0,0
1756035300_L..N,069500_L..N,L,0,1756035300,0L 1135 RPY/8AV,1756051787,1756051802,503,0,0
1756035300_L..S,069500_L..S,L,1,1756035300,0L 1135 8AV/RPY,1756051742,1756051749,499,0,0
1756035600_L..N,070000_L..N,L,0,1756035600,0L 1140 RPY/8AV,1756052132,1756052142,507,0,0
1756035600_L..S,070000_L..S,L,1,1756035600,0L 1140 8AV/RPY,1756052162,1756052172,511,0,0
1756035870_L..N,070450_L..N,L,0,1756035870,0L 1144+RPY/8AV,1756052342,1756052352,499,0,0
1756035900_L..S,070500_L..S,L,1,1756035900,0L 1145 8AV/RPY,1756052372,1756052382,499,0,0
1756036140_L..N,070900_L..N,L,0,1756036140,0L 1149 RPY/8AV,1756052597,1756052607,495,0,0
1756036200_L..S,071000_L..S,L,1,1756036200,0L 1150 8AV/RPY,1756052552,1756052562,483,0,0
1756036410_L..N,071350_L..N,L,0,1756036410,0L 1153+RPY/8AV,1756052897,1756052907,501,0,0
1756036500_L..S,071500_L..S,L,1,1756036500,0L 1155 8AV/RPY,1756052912,1756052922,491,0,0
1756036680_L..N,071800_L..N,L,0,1756036680,0L 1158 RPY/8AV,1756053362,1756053372,527,0,0
1756036800_L..S,072000_L..S,L,1,1756036800,0L 1200 8AV/RPY,1756053212,1756053222,491,0,0
1756036950_L..N,072250_L..N,L,0,1756036950,0L 1202+RPY/8AV,1756053497,1756053507,509,0,0
1756037100_L..S,072500_L..S,L,1,1756037100,0L 1205 8AV/RPY,1756053452,1756053462,483,0,0
1756037310_L..N,072850_L..N,L,0,1756037310,0L 1208+105/8AV,1756053812,1756053822,504,0,0
1756037400_L..N,073000_L..N,L,0,1756037400,0L 1210 RPY/8AV,1756054022,1756054032,520,0,0
1756037400_L..S,073000_L..S,L,1,1756037400,0L 1210 8AV/RPY,1756053647,1756053657,470,0,0
1756037700_L..N,073500_L..N,L,0,1756037700,0L 1215 RPY/8AV,1756054487,1756054497,542,0,0
1756037700_L..S,073500_L..S,L,1,1756037700,0L 1215 8AV/RPY,1756054052,1756054062,484,0,0
1756037970_L..N,073950_L..N,L,0,1756037970,0L 1219+RPY/8AV,1756054607,1756054617,522,0,0
1756037970_L..S,073950_L..S,L,1,1756037970,0L 1219+8AV/RPY,1756054352,1756054362,488,0,0
1756038240_L..N,074400_L..N,L,0,1756038240,0L 1224 RPY/8AV,1756054742,1756054752,504,0,0
1756038240_L..S,074400_L..S,L,1,1756038240,0L 1224 8AV/RPY,1756054622,1756054632,488,0,0
1756038480_L..N,074800_L..N,L,0,1756038480,0L 1228 RPY/8AV,1756055087,1756055097,518,0,0
1756038510_L..S,074850_L..S,L,1,1756038510,0L 1228+8AV/RPY,1756055012,1756055022,504,0,0
1756038720_L..N,075200_L..N,L,0,1756038720,0L 1232 RPY/8AV,1756055177,1756055187,498,0,0
1756038780_L..S,075300_L..S,L,1,1756038780,0L 1233 8AV/RPY,1756055207,1756055217,494,0,0
1756039050_L..N,075750_L..N,L,0,1756039050,0L 1237+105/8AV,1756055567,1756055577,513,0,0
1756039050_L..S,075750_L..S,L,1,1756039050,0L 1237+8AV/RPY,1756055417,1756055427,493,0,0
1756039200_L..N,076000_L..N,L,0,1756039200,0L 1240 RPY/8AV,1756055852,1756055862,539,0,0
1756039320_L..S,076200_L..S,L,1,1756039320,0L 1242 8AV/RPY,1756055702,1756055712,502,0,0
1756039440_L..N,076400_L..N,L,0,1756039440,0L 1244 RPY/8AV,1756056017,1756056027,530,0,0
1756039590_L..S,076650_L..S,L,1,1756039590,0L 1246+8AV/RPY,1756055957,1756055967,502,0,0
1756039680_L..N,076800_L..N,L,0,1756039680,0L 1248 RPY/8AV,1756056182,1756056192,520,0,0
1756039860_L..S,077100_L..S,L,1,1756039860,0L 1251 8AV/RPY,1756056422,1756056432,528,0,0
1756039920_L..N,077200_L..N,L,0,1756039920,0L 1252 RPY/8AV,1756056647,1756056657,550,0,0
1756040130_L..S,077550_L..S,L,1,1756040130,0L 1255+8AV/RPY,1756056557,1756056567,508,0,0
1756040160_L..N,077600_L..N,L,0,1756040160,0L 1256 RPY/8AV,1756056722,1756056732,528,0,0
1756040400_L..N,078000_L..N,L,0,1756040400,0L 1300 RPY/8AV,1756056947,1756056957,526,0,0
1756040400_L..S,078000_L..S,L,1,1756040400,0L 1300 8AV/RPY,1756056887,1756056897,518,0,0
1756040640_L..S,078400_L..S,L,1,1756040640,0L 1304 8AV/RPY,1756057082,1756057092,512,0,0
1756040730_L..N,078550_L..N,L,0,1756040730,0L 1305+105/8AV,1756057157,1756057167,510,0,0
1756040880_L..N,078800_L..N,L,0,1756040880,0L 1308 RPY/8AV,1756057382,1756057392,520,0,0
1756040880_L..S,078800_L..S,L,1,1756040880,0L 1308 8AV/RPY,1756057442,1756057452,528,0,0
1756041120_L..N,079200_L..N,L,0,1756041120,0L 1312 RPY/8AV,1756057697,1756057707,530,0,0
1756041120_L..S,079200_L..S,L,1,1756041120,0L 1312 8AV/RPY,1756057577,1756057587,514,0,0
1756041360_L..N,079600_L..N,L,0,1756041360,0L 1316 RPY/8AV,1756057862,1756057872,520,0,0
1756041360_L..S,079600_L..S,L,1,1756041360,0L 1316 8AV/RPY,1756057787,1756057797,510,0,0
1756041600_L..N,080000_L..N,L,0,1756041600,0L 1320 RPY/8AV,1756058282,1756058292,544,0,0
1756041600_L..S,080000_L..S,L,1,1756041600,0L 1320 8AV/RPY,1756057937,1756057947,498,0,0
1756041840_L..N,080400_L..N,L,0,1756041840,0L 1324 RPY/8AV,1756058417,1756058427,530,0,0
1756041840_L..S,080400_L..S,L,1,1756041840,0L 1324 8AV/RPY,1756058207,1756058217,502,0,0
1756042080_L..N,080800_L..N,L,0,1756042080,0L 1328 RPY/8AV,1756058627,1756058637,526,0,0
1756042080_L..S,080800_L..S,L,1,1756042080,0L 1328 8AV/RPY,1756058477,1756058487,506,0,0
1756042320_L..N,081200_L..N,L,0,1756042320,0L 1332 RPY/8AV,1756058882,1756058892,528,0,0
1756042320_L..S,081200_L..S,L,1,1756042320,0L 1332 8AV/RPY,1756058942,1756058952,536,0,0
1756042560_L..N,081600_L..N,L,0,1756042560,0L 1336 RPY/8AV,1756059197,1756059207,538,0,0
1756042560_L..S,081600_L..S,L,1,1756042560,0L 1336 8AV/RPY,1756059062,1756059072,520,0,0
1756042800_L..S,082000_L..S,L,1,1756042800,0L 1340 8AV/RPY,1756059197,1756059207,504,0,0
1756042890_L..N,082150_L..N,L,0,1756042890,0L 1341+105/8AV,1756059332,1756059342,512,0,0
1756042980_L..N,082300_L..N,L,0,1756042980,0L 1343 RPY/8AV,1756059482,1756059492,520,0,0
1756043040_L..S,082400_L..S,L,1,1756043040,0L 1344 8AV/RPY,1756059437,1756059447,506,0,0
1756043220_L..N,082700_L..N,L,0,1756043220,0L 1347 RPY/8AV,1756059872,1756059882,540,0,0
1756043280_L..S,082800_L..S,L,1,1756043280,0L 1348 8AV/RPY,1756059617,1756059627,496,0,0
1756043460_L..N,083100_L..N,L,0,1756043460,0L 1351 RPY/8AV,1756060187,1756060197,550,0,0
1756043520_L..S,083200_L..S,L,1,1756043520,0L 1352 8AV/RPY,1756059917,1756059927,506,0,0
1756043700_L..N,083500_L..N,L,0,1756043700,0L 1355 RPY/8AV,1756060277,1756060287,530,0,0
1756043760_L..S,083600_L..S,L,1,1756043760,0L 1356 8AV/RPY,1756060127,1756060137,500,0,0
1756043940_L..N,083900_L..N,L,0,1756043940,0L 1359 RPY/8AV,1756060562,1756060572,536,0,0
1756044000_L..S,084000_L..S,L,1,1756044000,0L 1400 8AV/RPY,1756060292,1756060302,492,0,0
1756044180_L..N,084300_L..N,L,0,1756044180,0L 1403 RPY/8AV,1756060862,1756060872,544,0,0
1756044240_L..S,084400_L..S,L,1,1756044240,0L 1404 8AV/RPY,1756060622,1756060632,504,0,0
1756044420_L..N,084700_L..N,L,0,1756044420,0L 1407 RPY/8AV,1756061012,1756061022,532,0,0
1756044480_L..S,084800_L..S,L,1,1756044480,0L 1408 8AV/RPY,1756060892,1756060902,508,0,0
1756044660_L..N,085100_L..N,L,0,1756044660,0L 1411 RPY/8AV,1756061342,1756061352,544,0,0
1756044720_L..S,085200_L..S,L,1,1756044720,0L 1412 8AV/RPY,1756061192,1756061202,516,0,0
1756044900_L..N,085500_L..N,L,0,1756044900,0L 1415 RPY/8AV,1756061417,1756061427,522,0,0
1756044960_L..S,085600_L..S,L,1,1756044960,0L 1416 8AV/RPY,1756061312,1756061322,500,0,0
1756045140_L..N,085900_L..N,L,0,1756045140,0L 1419 RPY/8AV,1756061747,1756061757,534,0,0
1756045200_L..S,086000_L..S,L,1,1756045200,0L 1420 8AV/RPY,1756061552,1756061562,500,0,0
1756045380_L..N,086300_L..N,L,0,1756045380,0L 1423 RPY/8AV,1756061972,1756061982,532,0,0
1756045440_L..S,086400_L..S,L,1,1756045440,0L 1424 8AV/RPY,1756061852,1756061862,508,0,0
1756045620_L..N,086700_L..N,L,0,1756045620,0L 1427 RPY/8AV,1756062347,1756062357,550,0,0
1756045680_L..S,086800_L..S,L,1,1756045680,0L 1428 8AV/RPY,1756062062,1756062072,504,0,0
1756045860_L..N,087100_L..N,L,0,1756045860,0L 1431 RPY/8AV,1756062452,1756062462,532,0,0
1756045920_L..S,087200_L..S,L,1,1756045920,0L 1432 8AV/RPY,1756062257,1756062267,498,0,0
1756046100_L..N,087500_L..N,L,0,1756046100,0L 1435 RPY/8AV,1756062632,1756062642,524,0,0
1756046160_L..S,087600_L..S,L,1,1756046160,0L 1436 8AV/RPY,1756062527,1756062537,502,0,0
1756046340_L..N,087900_L..N,L,0,1756046340,0L 1439 RPY/8AV,1756062947,1756062957,534,0,0
1756046400_L..S,088000_L..S,L,1,1756046400,0L 1440 8AV/RPY,1756062722,1756062732,496,0,0
1756046580_L..N,088300_L..N,L,0,1756046580,0L 1443 RPY/8AV,1756063022,1756063032,512,0,0
1756046640_L..S,088400_L..S,L,1,1756046640,0L 1444 8AV/RPY,1756063172,1756063182,524,0,0
1756046820_L..N,088700_L..N,L,0,1756046820,0L 1447 RPY/8AV,1756063367,1756063377,526,0,0
1756046880_L..S,088800_L..S,L,1,1756046880,0L 1448 8AV/RPY,1756063292,1756063302,508,0,0
1756047060_L..N,089100_L..N,L,0,1756047060,0L 1451 RPY/8AV,1756063622,1756063632,528,0,0
1756047120_L..S,089200_L..S,L,1,1756047120,0L 1452 8AV/RPY,1756063727,1756063737,534,0,0
1756047300_L..N,089500_L..N,L,0,1756047300,0L 1455 RPY/8AV,1756063802,1756063812,518,0,0
1756047360_L..S,089600_L..S,L,1,1756047360,0L 1456 8AV/RPY,1756063832,1756063842,516,0,0
1756047540_L..N,089900_L..N,L,0,1756047540,0L 1459 RPY/8AV,1756064117,1756064127,530,0,0
1756047600_L..S,090000_L..S,L,1,1756047600,0L 1500 8AV/RPY,1756063967,1756063977,502,0,0
1756047780_L..N,090300_L..N,L,0,1756047780,0L 1503 RPY/8AV,1756064387,1756064397,532,0,0
1756047840_L..S,090400_L..S,L,1,1756047840,0L 1504 8AV/RPY,1756064297,1756064307,514,0,0
1756048020_L..N,090700_L..N,L,0,1756048020,0L 1507 RPY/8AV,1756064612,1756064622,530,0,0
1756048080_L..S,090800_L..S,L,1,1756048080,0L 1508 8AV/RPY,1756064507,1756064517,510,0,0
1756048260_L..N,091100_L..N,L,0,1756048260,0L 1511 RPY/8AV,1756064837,1756064847,530,0,0
1756048320_L..S,091200_L..S,L,1,1756048320,0L 1512 8AV/RPY,1756064717,1756064727,506,0,0
1756048500_L..N,091500_L..N,L,0,1756048500,0L 1515 RPY/8AV,1756065002,1756065012,518,0,0
1756048560_L..S,091600_L..S,L,1,1756048560,0L 1516 8AV/RPY,1756065017,1756065027,514,0,0
1756048740_L..N,091900_L..N,L,0,1756048740,0L 1519 RPY/8AV,1756065317,1756065327,530,0,0
1756048800_L..S,092000_L..S,L,1,1756048800,0L 1520 8AV/RPY,1756065332,1756065342,524,0,0
1756048980_L..N,092300_L..N,L,0,1756048980,0L 1523 RPY/8AV,1756065452,1756065462,516,0,0
1756049040_L..S,092400_L..S,L,1,1756049040,0L 1524 8AV/RPY,1756065527,1756065537,518,0,0
1756049220_L..N,092700_L..N,L,0,1756049220,0L 1527 RPY/8AV,1756065752,1756065762,524,0,0
1756049280_L..S,092800_L..S,L,1,1756049280,0L 1528 8AV/RPY,1756065632,1756065642,500,0,0
1756049460_L..N,093100_L..N,L,0,1756049460,0L 1531 RPY/8AV,1756066052,1756066062,532,0,0
1756049520_L..S,093200_L..S,L,1,1756049520,0L 1532 8AV/RPY,1756065917,1756065927,506,0,0
1756049700_L..N,093500_L..N,L,0,1756049700,0L 1535 RPY/8AV,1756066232,1756066242,522,0,0
1756049760_L..S,093600_L..S,L,1,1756049760,0L 1536 8AV/RPY,1756066097,1756066107,498,0,0
1756049940_L..N,093900_L..N,L,0,1756049940,0L 1539 RPY/8AV,1756066547,1756066557,534,0,0
1756050000_L..S,094000_L..S,L,1,1756050000,0L 1540 8AV/RPY,1756066322,1756066332,496,0,0
1756050180_L..N,094300_L..N,L,0,1756050180,0L 1543 RPY/8AV,1756066772,1756066782,532,0,0
1756050240_L..S,094400_L..S,L,1,1756050240,0L 1544 8AV/RPY,1756066652,1756066662,508,0,0
1756050420_L..N,094700_L..N,L,0,1756050420,0L 1547 RPY/8AV,1756066892,1756066902,516,0,0
1756050480_L..S,094800_L..S,L,1,1756050480,0L 1548 8AV/RPY,1756066877,1756066887,506,0,0
1756050660_L..N,095100_L..N,L,0,1756050660,0L 1551 RPY/8AV,1756067357,1756067367,546,0,0
1756050720_L..S,095200_L..S,L,1,1756050720,0L 1552 8AV/RPY,1756068242,1756068252,656,0,0
1756050900_L..N,095500_L..N,L,0,1756050900,0L 1555 RPY/8AV,1756067567,1756067577,542,0,0
1756050960_L..S,095600_L..S,L,1,1756050960,0L 1556 8AV/RPY,1756068467,1756068477,652,0,0
1756051140_L..N,095900_L..N,L,0,1756051140,0L 1559 RPY/8AV,1756067972,1756067982,564,0,0
1756051200_L..S,096000_L..S,L,1,1756051200,0L 1600 8AV/RPY,1756068887,1756068897,678,0,0
1756051380_L..N,096300_L..N,L,0,1756051380,0L 1603 RPY/8AV,1756068542,1756068552,608,0,0
1756051440_L..S,096400_L..S,L,1,1756051440,0L 1604 8AV/RPY,1756069112,1756069122,676,0,0
1756051620_L..N,096700_L..N,L,0,1756051620,0L 1607 RPY/8AV,1756069277,1756069287,674,0,0
1756051680_L..S,096800_L..S,L,1,1756051680,0L 1608 8AV/RPY,1756069292,1756069302,666,0,0
1756051860_L..N,097100_L..N,L,0,1756051860,0L 1611 RPY/8AV,1756069697,1756069707,698,0,0
1756051920_L..S,097200_L..S,L,1,1756051920,0L 1612 8AV/RPY,1756069487,1756069497,662,0,0
1756052100_L..N,097500_L..N,L,0,1756052100,0L 1615 RPY/8AV,1756069967,1756069977,702,0,0
1756052160_L..S,097600_L..S,L,1,1756052160,/L 1616 8AV/RPY,1756070027,1756070037,700,5,4
1756052340_L..N,097900_L..N,L,0,1756052340,0L 1619 RPY/8AV,1756070222,1756070232,704,0,0
1756052400_L..S,098000_L..S,L,1,1756052400,0L 1620 8AV/RPY,1756070222,1756070232,696,0,0
1756052580_L..N,098300_L..N,L,0,1756052580,0L 1623 RPY/8AV,1756070447,1756070457,700,0,0
1756052640_L..S,098400_L..S,L,1,1756052640,0L 1624 8AV/RPY,1756070387,1756070397,686,0,0
1756052820_L..N,098700_L..N,L,0,1756052820,0L 1627 RPY/8AV,1756067537,1756067547,282,0,0
1756052880_L..S,098800_L..S,L,1,1756052880,0L 1628 8AV/RPY,1756070507,1756070517,670,0,0
1756053060_L..N,099100_L..N,L,0,1756053060,0L 1631 RPY/8AV,1756067762,1756067772,265,0,0
1756053120_L..S,099200_L..S,L,1,1756053120,0L 1632 8AV/RPY,1756070642,1756070652,656,0,0
1756053360_L..S,099600_L..S,L,1,1756053360,0L 1636 8AV/RPY,1756070777,1756070787,642,0,0
1756053600_L..S,100000_L..S,L,1,1756053600,0L 1640 8AV/RPY,1756068212,1756068222,268,0,0
1756053840_L..S,100400_L..S,L,1,1756053840,0L 1644 8AV/RPY,1756068227,1756068237,238,0,0
1756053870_L..S,100450_L..S,L,1,1756053870,0L 1644+8AV/RPY,1756070957,1756070967,358,0,0
1756054020_L..N,100700_L..N,L,0,1756054020,0L 1647 RPY/8AV,1756070732,1756070742,545,0,0
1756054080_L..S,100800_L..S,L,1,1756054080,0L 1648 8AV/RPY,1756068692,1756068702,268,0,0
1756054260_L..N,101100_L..N,L,0,1756054260,0L 1651 RPY/8AV,1756070822,1756070832,528,0,0
1756054320_L..S,101200_L..S,L,1,1756054320,0L 1652 8AV/RPY,1756071437,1756071447,602,0,0
1756054500_L..N,101500_L..N,L,0,1756054500,0L 1655 RPY/8AV,1756071002,1756071012,520,0,0
1756054740_L..N,101900_L..N,L,0,1756054740,0L 1659 RPY/8AV,1756071302,1756071312,528,0,0
1756054800_L..S,102000_L..S,L,1,1756054800,0L 1700 8AV/RPY,1756071692,1756071702,572,0,0
1756054980_L..N,102300_L..N,L,0,1756054980,0L 1703 RPY/8AV,1756071617,1756071627,538,0,0
1756055220_L..N,102700_L..N,L,0,1756055220,0L 1707 RPY/8AV,1756071827,1756071837,534,0,0
1756055280_L..S,102800_L..S,L,1,1756055280,0L 1708 8AV/RPY,1756071947,1756071957,542,0,0
1756055460_L..N,103100_L..N,L,0,1756055460,0L 1711 RPY/8AV,1756072172,1756072182,548,0,0
1756055700_L..N,103500_L..N,L,0,1756055700,0L 1715 RPY/8AV,1756072382,1756072392,542,0,0
1756055760_L..S,103600_L..S,L,1,1756055760,0L 1716 8AV/RPY,1756072322,1756072332,528,0,0
1756055940_L..N,103900_L..N,L,0,1756055940,0L 1719 RPY/8AV,1756072622,1756072632,544,0,0
1756056000_L..S,104000_L..S,L,1,1756056000,0L 1720 8AV/RPY,1756072487,1756072497,518,0,0
1756056180_L..N,104300_L..N,L,0,1756056180,0L 1723 RPY/8AV,1756072802,1756072812,536,0,0
1756056240_L..S,104400_L..S,L,1,1756056240,0L 1724 8AV/RPY,1756072712,1756072722,516,0,0
1756056420_L..N,104700_L..N,L,0,1756056420,0L 1727 RPY/8AV,1756072997,1756073007,530,0,0
1756056480_L..S,104800_L..S,L,1,1756056480,0L 1728 8AV/RPY,1756073177,1756073187,546,0,0
1756056660_L..N,105100_L..N,L,0,1756056660,0L 1731 RPY/8AV,1756073252,1756073262,532,0,0
1756056720_L..S,105200_L..S,L,1,1756056720,0L 1732 8AV/RPY,1756073357,1756073367,538,0,0
1756056900_L..N,105500_L..N,L,0,1756056900,0L 1735 RPY/8AV,1756073567,1756073577,542,0,0
1756056960_L..S,105600_L..S,L,1,1756056960,0L 1736 8AV/RPY,1756073612,1756073622,540,0,0
1756057140_L..N,105900_L..N,L,0,1756057140,0L 1739 RPY/8AV,1756073777,1756073787,537,0,0
1756057200_L..S,106000_L..S,L,1,1756057200,0L 1740 8AV/RPY,1756073792,1756073802,531,0,0
1756057380_L..N,106300_L..N,L,0,1756057380,0L 1743 RPY/8AV,1756073897,1756073907,521,0,0
1756057440_L..S,106400_L..S,L,1,1756057440,0L 1744 8AV/RPY,1756073897,1756073907,513,0,0
1756057620_L..N,106700_L..N,L,0,1756057620,0L 1747 RPY/8AV,1756074452,1756074462,563,0,0
1756057680_L..S,106800_L..S,L,1,1756057680,0L 1748 8AV/RPY,1756074077,1756074087,505,0,0
1756057860_L..N,107100_L..N,L,0,1756057860,0L 1751 RPY/8AV,1756074677,1756074687,561,0,0
1756057920_L..S,107200_L..S,L,1,1756057920,0L 1752 8AV/RPY,1756074437,1756074447,521,0,0
1756058100_L..N,107500_L..N,L,0,1756058100,0L 1755 RPY/8AV,1756075187,1756075197,581,0,0
1756058160_L..S,107600_L..S,L,1,1756058160,0L 1756 8AV/RPY,1756074707,1756074717,525,0,0
1756058340_L..N,107900_L..N,L,0,1756058340,0L 1759 RPY/8AV,1756075262,1756075272,571,0,0
1756058400_L..S,108000_L..S,L,1,1756058400,0L 1800 8AV/RPY,1756074887,1756074897,517,0,0
1756058580_L..N,108300_L..N,L,0,1756058580,0L 1803 RPY/8AV,1756075442,1756075452,524,0,0
1756058640_L..S,108400_L..S,L,1,1756058640,0L 1804 8AV/RPY,1756075052,1756075062,507,0,0
1756058820_L..N,108700_L..N,L,0,1756058820,0L 1807 RPY/8AV,1756075712,1756075722,565,0,0
1756058880_L..S,108800_L..S,L,1,1756058880,0L 1808 8AV/RPY,1756075247,1756075257,501,0,0
1756059060_L..N,109100_L..N,L,0,1756059060,0L 1811 RPY/8AV,1756075832,1756075842,550,0,0
1756059120_L..S,109200_L..S,L,1,1756059120,0L 1812 8AV/RPY,1756075637,1756075647,521,0,0
1756059300_L..N,109500_L..N,L,0,1756059300,0L 1815 RPY/8AV,1756076132,1756076142,561,0,0
1756059360_L..S,109600_L..S,L,1,1756059360,0L 1816 8AV/RPY,1756075862,1756075872,519,0,0
1756059540_L..N,109900_L..N,L,0,1756059540,0L 1819 RPY/8AV,1756076477,1756076487,567,0,0
1756059600_L..S,110000_L..S,L,1,1756059600,0L 1820 8AV/RPY,1756076207,1756076217,533,0,0
1756059780_L..N,110300_L..N,L,0,1756059780,0L 1823 RPY/8AV,1756076597,1756076607,561,0,0
1756059840_L..S,110400_L..S,L,1,1756059840,0L 1824 8AV/RPY,1756076327,1756076337,517,0,0
1756060020_L..N,110700_L..N,L,0,1756060020,0L 1827 RPY/8AV,1756076897,1756076907,569,0,0
1756060080_L..S,110800_L..S,L,1,1756060080,0L 1828 8AV/RPY,1756076552,1756076562,515,0,0
1756060320_L..S,111200_L..S,L,1,1756060320,0L 1832 8AV/RPY,1756076747,1756076757,509,0,0
1756060350_L..N,111250_L..N,L,0,1756060350,0L 1832+RPY/8AV,1756077002,1756077012,537,0,0
1756060560_L..S,111600_L..S,L,1,1756060560,0L 1836 8AV/RPY,1756077017,1756077027,513,0,0
1756060620_L..N,111700_L..N,L,0,1756060620,0L 1837 RPY/8AV,1756077092,1756077102,515,0,0
1756060800_L..S,112000_L..S,L,1,1756060800,0L 1840 8AV/RPY,1756077452,1756077462,534,0,0
1756060890_L..N,112150_L..N,L,0,1756060890,0L 1841+RPY/8AV,1756077482,1756077492,531,0,0
1756061040_L..S,112400_L..S,L,1,1756061040,0L 1844 8AV/RPY,1756077557,1756077567,521,0,0
1756061160_L..N,112600_L..N,L,0,1756061160,0L 1846 RPY/8AV,1756077812,1756077822,540,0,0
1756061280_L..S,112800_L..S,L,1,1756061280,0L 1848 8AV/RPY,1756077812,1756077822,524,0,0
1756061430_L..N,113050_L..N,L,0,1756061430,0L 1850+RPY/8AV,1756078157,1756078167,549,0,0
1756061520_L..S,113200_L..S,L,1,1756061520,0L 1852 8AV/RPY,1756078022,1756078032,519,0,0
1756061700_L..N,113500_L..N,L,0,1756061700,0L 1855 RPY/8AV,1756078382,1756078392,541,0,0
1756061760_L..S,113600_L..S,L,1,1756061760,0L 1856 8AV/RPY,1756078187,1756078197,509,0,0
1756061940_L..N,113900_L..N,L,0,1756061940,0L 1859 RPY/8AV,1756078547,1756078557,533,0,0
1756062000_L..S,114000_L..S,L,1,1756062000,0L 1900 8AV/RPY,1756078457,1756078467,513,0,0
1756062240_L..N,114400_L..N,L,0,1756062240,0L 1904 RPY/8AV,1756078802,1756078812,527,0,0
1756062270_L..S,114450_L..S,L,1,1756062270,0L 1904+8AV/RPY,1756078652,1756078662,503,0,0
1756062540_L..S,114900_L..S,L,1,1756062540,0L 1909 8AV/RPY,1756078952,1756078962,507,0,0
1756062600_L..N,115000_L..N,L,0,1756062600,0L 1910 RPY/8AV,1756079192,1756079202,531,0,0
1756062810_L..S,115350_L..S,L,1,1756062810,0L 1913+8AV/RPY,1756079282,1756079292,515,0,0
1756062900_L..N,115500_L..N,L,0,1756062900,0L 1915 RPY/8AV,1756079477,1756079487,527,0,0
1756063080_L..S,115800_L..S,L,1,1756063080,0L 1918 8AV/RPY,1756079387,1756079397,493,0,0
1756063200_L..N,116000_L..N,L,0,1756063200,0L 1920 RPY/8AV,1756079672,1756079682,515,0,0
1756063350_L..S,116250_L..S,L,1,1756063350,0L 1922+8AV/RPY,1756079942,1756079952,531,0,0
1756063500_L..N,116500_L..N,L,0,1756063500,0L 1925 RPY/8AV,1756079927,1756079937,509,0,0
1756063620_L..S,116700_L..S,L,1,1756063620,0L 1927 8AV/RPY,1756080047,1756080057,509,0,0
1756063800_L..N,117000_L..N,L,0,1756063800,0L 1930 RPY/8AV,1756080152,1756080162,499,0,0
1756063890_L..S,117150_L..S,L,1,1756063890,0L 1931+8AV/RPY,1756080272,1756080282,503,0,0
1756064100_L..N,117500_L..N,L,0,1756064100,0L 1935 RPY/8AV,1756080647,1756080657,523,0,0
1756064160_L..S,117600_L..S,L,1,1756064160,0L 1936 8AV/RPY,1756080647,1756080657,515,0,0
1756064370_L..N,117950_L..N,L,0,1756064370,0L 1939+RPY/8AV,1756080827,1756080837,513,0,0
1756064430_L..S,118050_L..S,L,1,1756064430,0L 1940+8AV/RPY,1756081187,1756081197,553,0,0
1756064700_L..N,118500_L..N,L,0,1756064700,0L 1945 RPY/8AV,1756081292,1756081302,531,0,0
1756064700_L..S,118500_L..S,L,1,1756064700,0L 1945 8AV/RPY,1756081352,1756081362,539,0,0
1756065000_L..N,119000_L..N,L,0,1756065000,0L 1950 RPY/8AV,1756081577,1756081587,529,0,0
1756065000_L..S,119000_L..S,L,1,1756065000,0L 1950 8AV/RPY,1756081532,1756081542,523,0,0
1756065300_L..N,119500_L..N,L,0,1756065300,0L 1955 RPY/8AV,1756081907,1756081917,534,0,0
1756065300_L..S,119500_L..S,L,1,1756065300,0L 1955 8AV/RPY,1756081667,1756081677,502,0,0
1756065600_L..N,120000_L..N,L,0,1756065600,0L 2000 RPY/8AV,1756082117,1756082127,522,0,0
1756065600_L..S,120000_L..S,L,1,1756065600,0L 2000 8AV/RPY,1756081982,1756081992,504,0,0
1756065900_L..N,120500_L..N,L,0,1756065900,0L 2005 RPY/8AV,1756082552,1756082562,540,0,0
1756065900_L..S,120500_L..S,L,1,1756065900,0L 2005 8AV/RPY,1756082147,1756082157,486,0,0
1756066200_L..N,121000_L..N,L,0,1756066200,0L 2010 RPY/8AV,1756082852,1756082862,540,0,0
1756066200_L..S,121000_L..S,L,1,1756066200,0L 2010 8AV/RPY,1756082537,1756082547,498,0,0
1756066500_L..N,121500_L..N,L,0,1756066500,0L 2015 RPY/8AV,1756083182,1756083192,542,0,0
1756066500_L..S,121500_L..S,L,1,1756066500,0L 2015 8AV/RPY,1756082747,1756082757,484,0,0
1756066800_L..N,122000_L..N,L,0,1756066800,0L 2020 RPY/8AV,1756083407,1756083417,532,0,0
1756066800_L..S,122000_L..S,L,1,1756066800,0L 2020 8AV/RPY,1756083212,1756083222,506,0,0
1756067100_L..N,122500_L..N,L,0,1756067100,0L 2025 RPY/8AV,1756083572,1756083582,516,0,0
1756067100_L..S,122500_L..S,L,1,1756067100,0L 2025 8AV/RPY,1756083467,1756083477,502,0,0
1756067400_L..N,123000_L..N,L,0,1756067400,0L 2030 RPY/8AV,1756083797,1756083807,506,0,0
1756067400_L..S,123000_L..S,L,1,1756067400,0L 2030 8AV/RPY,1756083737,1756083747,498,0,0
1756067700_L..N,123500_L..N,L,0,1756067700,0L 2035 RPY/8AV,1756084307,1756084317,532,0,0
1756067700_L..S,123500_L..S,L,1,1756067700,0L 2035 8AV/RPY,1756084067,1756084077,500,0,0
1756068000_L..N,124000_L..N,L,0,1756068000,0L 2040 RPY/8AV,1756084562,1756084572,526,0,0
1756068000_L..S,124000_L..S,L,1,1756068000,0L 2040 8AV/RPY,1756084397,1756084407,504,0,0
1756068300_L..N,124500_L..N,L,0,1756068300,0L 2045 RPY/8AV,1756084772,1756084782,516,0,0
1756068300_L..S,124500_L..S,L,1,1756068300,0L 2045 8AV/RPY,1756084637,1756084647,498,0,0
1756068600_L..N,125000_L..N,L,0,1756068600,0L 2050 RPY/8AV,1756084952,1756084962,500,0,0
1756068600_L..S,125000_L..S,L,1,1756068600,0L 2050 8AV/RPY,1756085117,1756085127,522,0,0
1756068900_L..N,125500_L..N,L,0,1756068900,0L 2055 RPY/8AV,1756085207,1756085217,494,0,0
1756068900_L..S,125500_L..S,L,1,1756068900,0L 2055 8AV/RPY,1756085282,1756085292,504,0,0
1756069200_L..N,126000_L..N,L,0,1756069200,0L 2100 RPY/8AV,1756085687,1756085697,518,0,0
1756069200_L..S,126000_L..S,L,1,1756069200,0L 2100 8AV/RPY,1756085462,1756085471,488,0,0
1756069500_L..N,126500_L..N,L,0,1756069500,0L 2105 RPY/8AV,1756085927,1756085936,510,0,0
1756069500_L..S,126500_L..S,L,1,1756069500,0L 2105 8AV/RPY,1756085732,1756085741,484,0,0
1756069800_L..N,127000_L..N,L,0,1756069800,0L 2110 RPY/8AV,1756086137,1756086146,498,0,0
1756069800_L..S,127000_L..S,L,1,1756069800,0L 2110 8AV/RPY,1756086137,1756086146,498,0,0
1756070100_L..N,127500_L..N,L,0,1756070100,0L 2115 RPY/8AV,1756086437,1756086447,498,0,0
1756070100_L..S,127500_L..S,L,1,1756070100,0L 2115 8AV/RPY,1756086437,1756086447,498,0,0
1756070400_L..N,128000_L..N,L,0,1756070400,0L 2120 RPY/8AV,1756086767,1756086776,502,0,0
1756070400_L..S,128000_L..S,L,1,1756070400,0L 2120 8AV/RPY,1756086677,1756086686,490,0,0
1756070700_L..N,128500_L..N,L,0,1756070700,0L 2125 RPY/8AV,1756087052,1756087061,500,0,0
1756070700_L..S,128500_L..S,L,1,1756070700,0L 2125 8AV/RPY,1756086992,1756087001,492,0,0
1756071000_L..S,129000_L..S,L,1,1756071000,0L 2130 8AV/RPY,1756087427,1756087436,510,0,0
1756071120_L..N,129200_L..N,L,0,1756071120,0L 2132 RPY/8AV,1756087547,1756087556,510,0,0
1756071300_L..S,129500_L..S,L,1,1756071300,0L 2135 8AV/RPY,1756087652,1756087661,498,0,0
1756071540_L..N,129900_L..N,L,0,1756071540,0L 2139 RPY/8AV,1756087982,1756087992,510,0,0
1756071600_L..S,130000_L..S,L,1,1756071600,0L 2140 8AV/RPY,1756087877,1756087886,490,0,0
1756071900_L..N,130500_L..N,L,0,1756071900,0L 2145 RPY/8AV,1756088252,1756088261,500,0,0
1756071900_L..S,130500_L..S,L,1,1756071900,0L 2145 8AV/RPY,1756088297,1756088306,506,0,0
1756072200_L..N,131000_L..N,L,0,1756072200,0L 2150 RPY/8AV,1756088702,1756088711,520,0,0
1756072200_L..S,131000_L..S,L,1,1756072200,0L 2150 8AV/RPY,1756088507,1756088516,494,0,0
1756072500_L..S,131500_L..S,L,1,1756072500,0L 2155 8AV/RPY,1756088822,1756088831,496,0,0
1756072680_L..N,131800_L..N,L,0,1756072680,0L 2158 RPY/8AV,1756089017,1756089026,498,0,0
1756072860_L..S,132100_L..S,L,1,1756072860,0L 2201 8AV/RPY,1756089107,1756089116,484,0,0
1756073070_L..N,132450_L..N,L,0,1756073070,0L 2204+RPY/8AV,1756089392,1756089401,496,0,0
1756073220_L..S,132700_L..S,L,1,1756073220,0L 2207 8AV/RPY,1756089512,1756089521,492,0,0
1756073490_L..N,133150_L..N,L,0,1756073490,0L 2211+RPY/8AV,1756089932,1756089941,512,0,0
1756073580_L..S,133300_L..S,L,1,1756073580,0L 2213 8AV/RPY,1756089902,1756089911,494,0,0
1756073940_L..S,133900_L..S,L,1,1756073940,0L 2219 8AV/RPY,1756090172,1756090181,484,0,0
1756074090_L..N,134150_L..N,L,0,1756074090,0L 2221+RPY/8AV,1756090532,1756090541,512,0,0
1756074300_L..S,134500_L..S,L,1,1756074300,0L 2225 8AV/RPY,1756090592,1756090601,492,0,0
1756074660_L..S,135100_L..S,L,1,1756074660,0L 2231 8AV/RPY,1756091087,1756091096,510,0,0
1756074690_L..N,135150_L..N,L,0,1756074690,0L 2231+RPY/8AV,1756091132,1756091141,512,0,0
1756075020_L..S,135700_L..S,L,1,1756075020,0L 2237 8AV/RPY,1756091402,1756091411,504,0,0
1756075290_L..N,136150_L..N,L,0,1756075290,0L 2241+RPY/8AV,1756091597,1756091606,492,0,0
1756075380_L..S,136300_L..S,L,1,1756075380,0L 2243 8AV/RPY,1756091687,1756091696,494,0,0
1756075800_L..S,137000_L..S,L,1,1756075800,0L 2250 8AV/RPY,1756092107,1756092116,494,0,0
1756075950_L..N,137250_L..N,L,0,1756075950,0L 2252+RPY/8AV,1756092332,1756092341,504,0,0
1756076400_L..S,138000_L..S,L,1,1756076400,0L 2300 8AV/RPY,1756092767,1756092776,502,0,0
1756076490_L..N,138150_L..N,L,0,1756076490,0L 2301+RPY/8AV,1756092992,1756093001,518,0,0
1756077000_L..S,139000_L..S,L,1,1756077000,0L 2310 8AV/RPY,1756093352,1756093361,500,0,0
1756077150_L..N,139250_L..N,L,0,1756077150,0L 2312+RPY/8AV,1756093382,1756093391,484,0,0
1756077600_L..S,140000_L..S,L,1,1756077600,0L 2320 8AV/RPY,1756094057,1756094066,514,0,0
1756077750_L..N,140250_L..N,L,0,1756077750,0L 2322+RPY/8AV,1756094042,1756094051,492,0,0
1756078200_L..S,141000_L..S,L,1,1756078200,0L 2330 8AV/RPY,1756094642,1756094651,512,0,0
1756078350_L..N,141250_L..N,L,0,1756078350,0L 2332+RPY/8AV,1756094657,1756094666,492,0,0
1756078800_L..S,142000_L..S,L,1,1756078800,0L 2340 8AV/RPY,1756095152,1756095161,498,0,0
1756078950_L..N,142250_L..N,L,0,1756078950,0L 2342+RPY/8AV,1756095467,1756095476,522,0,0
1756079400_L..S,143000_L..S,L,1,1756079400,0L 2350 8AV/RPY,1756096037,1756096046,538,0,0
1756079670_L..N,143450_L..N,L,0,1756079670,0L 2354+RPY/8AV,1756096262,1756096271,530,0,0
1756080000_L..S,000000_L..S,L,1,1756080000,0L 0000 8AV/RPY,1756096367,1756096376,502,0,0
1756080390_L..N,000650_L..N,L,0,1756080390,0L 0006+RPY/8AV,1756096667,1756096676,490,0,0
1756080600_L..S,001000_L..S,L,1,1756080600,0L 0010 8AV/RPY,1756096862,1756096871,488,0,0
1756081110_L..N,001850_L..N,L,0,1756081110,0L 0018+RPY/8AV,1756097297,1756097306,478,0,0
1756081200_L..S,002000_L..S,L,1,1756081200,0L 0020 8AV/RPY,1756097612,1756097621,506,0,0
1756081800_L..S,003000_L..S,L,1,1756081800,0L 0030 8AV/RPY,1756098287,1756098296,518,0,0
1756081830_L..N,003050_L..N,L,0,1756081830,0L 0030+RPY/8AV,1756098167,1756098176,498,0,0
1756082520_L..S,004200_L..S,L,1,1756082520,0L 0042 8AV/RPY,1756099367,1756099376,566,0,0
1756082580_L..N,004300_L..N,L,0,1756082580,0L 0043 RPY/8AV,1756099067,1756099076,518,0,0
1756083240_L..S,005400_L..S,L,1,1756083240,0L 0054 8AV/RPY,1756099517,1756099526,490,0,0
1756083780_L..N,006300_L..N,L,0,1756083780,0L 0103 RPY/8AV,1756100282,1756100291,520,0,0
1756083960_L..S,006600_L..S,L,1,1756083960,0L 0106 8AV/RPY,1756100342,1756100351,502,0,0
1756084680_L..S,007800_L..S,L,1,1756084680,0L 0118 8AV/RPY,1756101347,1756101356,542,0,0
1756084980_L..N,008300_L..N,L,0,1756084980,0L 0123 RPY/8AV,1756101482,1756101491,520,0,0
1756085550_L..S,009250_L..S,L,1,1756085550,0L 0132+8AV/RPY,1756101992,1756102001,513,0,0
1756086180_L..N,010300_L..N,L,0,1756086180,0L 0143 RPY/8AV,1756102997,1756103006,563,0,0
1756086750_L..S,011250_L..S,L,1,1756086750,0L 0152+8AV/RPY,1756103192,1756103201,513,0,0
1756087380_L..N,012300_L..N,L,0,1756087380,0L 0203 RPY/8AV,1756103822,1756103831,513,0,0
1756087950_L..S,013250_L..S,L,1,1756087950,0L 0212+8AV/RPY,1756104497,1756104506,527,0,0
1756088580_L..N,014300_L..N,L,0,1756088580,0L 0223 RPY/8AV,1756104962,1756104971,505,0,0
1756089150_L..S,015250_L..S,L,1,1756089150,0L 0232+8AV/RPY,1756105877,1756105886,548,0,0
1756089780_L..N,016300_L..N,L,0,1756089780,0L 0243 RPY/8AV,1756106162,1756106171,504,0,0
1756090350_L..S,017250_L..S,L,1,1756090350,0L 0252+8AV/RPY,1756106837,1756106846,516,0,0
1756090980_L..N,018300_L..N,L,0,1756090980,0L 0303 RPY/8AV,1756107392,1756107401,508,0,0
1756091550_L..S,019250_L..S,L,1,1756091550,0L 0312+8AV/RPY,1756108022,1756108031,516,0,0
1756092180_L..N,020300_L..N,L,0,1756092180,0L 0323 RPY/8AV,1756108652,1756108661,516,0,0
1756092750_L..S,021250_L..S,L,1,1756092750,0L 0332+8AV/RPY,1756109027,1756109036,521,0,0
1756093380_L..N,022300_L..N,L,0,1756093380,0L 0343 RPY/8AV,1756109852,1756109861,657,0,0
1756093950_L..S,023250_L..S,L,1,1756093950,0L 0352+8AV/RPY,1756110287,1756110296,697,0,0
1756008060_Q..N19R,024100_Q..N19R,Q,0,1756008060,1Q 0401 STL/962,1756025931,1756025944,819,0,0
1756008300_Q..S19R,024500_Q..S19R,Q,1,1756008300,1Q 0405 962/STL,1756026757,1756026771,867,0,0
1756008360_R..N27R,024600_R..N27R,R,0,1756008360,1R 0406 95S/WHL,1756024759,1756024772,624,0,0
1756008630_N..S20R,025050_N..S20R,N,1,1756008630,1N 0410+ DIT/STL,1756028078,1756028093,912,0,0
1756008900_R..S27R,025500_R..S27R,R,1,1756008900,1R 0415 WHL/95S,1756025495,1756025508,650,0,0
1756009020_N..N20R,025700_N..N20R,N,0,1756009020,1N 0417 STL/DIT,1756028889,1756028902,949,0,0
1756009260_Q..N19R,026100_Q..N19R,Q,0,1756009260,1Q 0421 STL/962,1756027252,1756027267,773,0,0
1756009500_Q..S19R,026500_Q..S19R,Q,1,1756009500,1Q 0425 962/STL,1756027898,1756027913,785,0,0
1756009560_R..N27R,026600_R..N27R,R,0,1756009560,1R 0426 95S/WHL,1756026742,1756026757,700,0,0
1756010100_R..S27R,027500_R..S27R,R,1,1756010100,1R 0435 WHL/95S,1756027417,1756027432,673,0,0
1756010220_N..N20R,027700_N..N20R,N,0,1756010220,1N 0437 STL/DIT,1756029925,1756029938,928,0,0
1756010430_N..S20R,028050_N..S20R,N,1,1756010430,1N 0440+ DIT/STL,1756029835,1756029848,775,0,0
1756010460_Q..N19R,028100_Q..N19R,Q,0,1756010460,1Q 0441 STL/962,1756028451,1756028453,699,0,0
1756010700_Q..S19R,028500_Q..S19R,Q,1,1756010700,1Q 0445 962/STL,1756029249,1756029262,774,0,0
1756010760_R..N27R,028600_R..N27R,R,0,1756010760,1R 0446 95S/WHL,1756028108,1756028123,632,0,0
1756011300_R..S27R,029500_R..S27R,R,1,1756011300,1R 0455 WHL/95S,1756028273,1756028288,606,0,0
1756011420_N..N20R,029700_N..N20R,N,0,1756011420,1N 0457 STL/DIT,1756030946,1756030959,948,0,0
1756011900_Q..S19R,030500_Q..S19R,Q,1,1756011900,1Q 0505 962/STL,1756030210,1756030223,818,0,0
1756011960_R..N27R,030600_R..N27R,R,0,1756011960,1R 0506 95S/WHL,1756028318,1756028333,565,0,0
1756012230_N..S20R,031050_N..S20R,N,1,1756012230,1N 0510+ DIT/STL,1756031637,1756031652,949,0,0
1756012260_Q..N19R,031100_Q..N19R,Q,0,1756012260,1Q 0511 STL/962,1756030736,1756030749,863,0,0
1756012350_R..S71R,031250_R..S71R,R,1,1756012350,1R 0512+ CTL/95S,1756031712,1756031727,945,0,0
1756012440_N..N23R,031400_N..N23R,N,0,1756012440,1N 0514 STL/DIT,1756031546,1756031561,927,0,0
1756012500_R..S27R,031500_R..S27R,R,1,1756012500,1R 0515 WHL/95S,1756029865,1756029878,728,0,0
1756013040_R..N93X010,032400_R..N93X010,R,0,1756013040,1R 0524 95S/CTL,1756032387,1756032402,917,0,0
1756013100_N..N34R,032500_N..N34R,N,0,1756013100,1N 0525 STL/DIT,1756032012,1756032027,884,0,0
1756013100_Q..S19R,032500_Q..S19R,Q,1,1756013100,1Q 0525 962/STL,1756031667,1756031682,861,0,0
1756013250_R..S71R,032750_R..S71R,R,1,1756013250,1R 0527+ CTL/95S,1756033033,1756033048,932,0,0
1756013430_N..S27R,033050_N..S27R,N,1,1756013430,1N 0530+ DIT/STL,1756032267,1756032282,857,0,0
1756013700_R..S27R,033500_R..S27R,R,1,1756013700,1R 0535 WHL/95S,1756030270,1756030283,633,0,0
1756014000_N..N34R,034000_N..N34R,N,0,1756014000,1N 0540 STL/DIT,1756032853,1756032868,820,0,0
1756014060_Q..N16R,034100_Q..N16R,Q,0,1756014060,1Q 0541 STL/962,1756031967,1756031982,753,0,0
1756014120_R..N93X010,034200_R..N93X010,R,0,1756014120,1R 0542 95S/CTL,1756033363,1756033376,849,0,0
1756014150_R..S71R,034250_R..S71R,R,1,1756014150,1R 0542+ CTL/95S,1756033947,1756033949,921,0,0
1756014210_N..S27R,034350_N..S27R,N,1,1756014210,1N 0543+ DIT/STL,1756032943,1756032958,798,0,0
1756014300_Q..S16R,034500_Q..S16R,Q,1,1756014300,1Q 0545 962/STL,1756032207,1756032222,737,0,0
1756014840_R..N93X010,035400_R..N93X010,R,0,1756014840,1R 0554 95S/CTL,1756034144,1756034157,856,0,0
1756014870_R..S71R,035450_R..S71R,R,1,1756014870,1R 0554+ CTL/95S,1756034715,1756034728,928,0,0
1756014900_R..S27R,035500_R..S27R,R,1,1756014900,1R 0555 WHL/95S,1756031261,1756031276,594,0,0
1756014930_N..N34R,035550_N..N34R,N,0,1756014930,1N 0555+ STL/DIT,1756034009,1756034022,826,0,0
1756015110_N..S27R,035850_N..S27R,N,1,1756015110,1N 0558+ DIT/STL,1756033724,1756033737,764,0,0
1756015140_Q..N16R,035900_Q..N16R,Q,0,1756015140,1Q 0559 STL/962,1756033183,1756033198,691,0,0
1756015470_Q..S16R,036450_Q..S16R,Q,1,1756015470,1Q 0604+ 962/STL,1756033543,1756033557,692,0,0
1756015590_R..N93X010,036650_R..N93X010,R,0,1756015590,1R 0606+ 95S/CTL,1756035045,1756035058,881,0,0
1756015590_R..S71R,036650_R..S71R,R,1,1756015590,1R 0606+ CTL/95S,1756035373,1756035376,924,0,0
1756015890_N..N34R,037150_N..N34R,N,0,1756015890,1N 0611+ STL/DIT,1756035015,1756035028,857,0,0
1756015950_Q..N16R,037250_Q..N16R,Q,0,1756015950,1Q 0612+ STL/962,1756033964,1756033977,713,0,0
1756015980_N..S27R,037300_N..S27R,N,1,1756015980,1N 0613 DIT/STL,1756034925,1756034938,839,0,0
1756016250_R..N93X010,037750_R..N93X010,R,0,1756016250,1R 0617+ 95S/CTL,1756035433,1756035436,888,0,0
1756016310_R..S71R,037850_R..S71R,R,1,1756016310,1R 0618+ CTL/95S,1756035826,1756035841,932,0,0
1756016670_N..S27R,038450_N..S27R,N,1,1756016670,1N 0624+ DIT/STL,1756035871,1756035886,911,0,0
1756016670_Q..N16R,038450_Q..N16R,Q,0,1756016670,1Q 0624+ STL/962,1756034534,1756034548,741,0,0
1756016760_N..N34R,038600_N..N34R,N,0,1756016760,1N 0626 STL/DIT,1756035466,1756035479,859,0,0
1756016850_Q..S16R,038750_Q..S16R,Q,1,1756016850,1Q 0627+ 962/STL,1756035105,1756035118,460,0,0
1756017000_R..N93X010,039000_R..N93X010,R,0,1756017000,1R 0630 95S/CTL,1756036322,1756036337,919,0,0
1756017030_R..S71R,039050_R..S71R,R,1,1756017030,1R 0630+ CTL/95S,1756036622,1756036637,937,0,0
1756017390_N..N34R,039650_N..N34R,N,0,1756017390,1N 0636+ STL/DIT,1756036322,1756036337,893,0,0
1756017390_N..S27R,039650_N..S27R,N,1,1756017390,1N 0636+ DIT/STL,1756036727,1756036742,920,0,0
1756017390_Q..N16R,039650_Q..N16R,Q,0,1756017390,1Q 0636+ STL/962,1756035315,1756035328,797,0,0
1756017750_R..N93X010,040250_R..N93X010,R,0,1756017750,1R 0642+ 95S/CTL,1756037463,1756037478,933,0,0
1756017750_R..S71R,040250_R..S71R,R,1,1756017750,1R 0642+ CTL/95S,1756037403,1756037418,929,0,0
1756018110_N..N34R,040850_N..N34R,N,0,1756018110,1N 0648+ STL/DIT,1756036517,1756036532,822,0,0
1756018110_Q..N16R,040850_Q..N16R,Q,0,1756018110,1Q 0648+ STL/962,1756036442,1756036457,817,0,0
1756018140_N..S36R,040900_N..S36R,N,1,1756018140,1N 0649 DIT/STL,1756037027,1756037043,852,0,0
1756018170_Q..S16R,040950_Q..S16R,Q,1,1756018170,1Q 0649+ 962/STL,1756036472,1756036487,609,0,0
1756018440_R..S71R,041400_R..S71R,R,1,1756018440,1R 0654 CTL/95S,1756038514,1756038527,956,0,0
1756018470_R..N93X010,041450_R..N93X010,R,0,1756018470,1R 0654+ 95S/CTL,1756037644,1756037658,851,0,0
1756018860_N..N34R,042100_N..N34R,N,0,1756018860,1N 0701 STL/DIT,1756038304,1756038317,872,0,0
1756018860_N..S36R,042100_N..S36R,N,1,1756018860,1N 0701 DIT/STL,1756038018,1756038031,834,0,0
1756018860_Q..N16R,042100_Q..N16R,Q,0,1756018860,1Q 0701 STL/962,1756036892,1756036907,747,0,0
1756019070_Q..S16R,042450_Q..S16R,Q,1,1756019070,1Q 0704+ 962/STL,1756037433,1756037448,755,0,0
1756019160_R..S71R,042600_R..S71R,R,1,1756019160,1R 0706 CTL/95S,1756039250,1756039263,958,0,0
1756019190_R..N93X010,042650_R..N93X010,R,0,1756019190,1R 0706+ 95S/CTL,1756038619,1756038632,870,0,0
1756019550_N..N34R,043250_N..N34R,N,0,1756019550,1N 0712+ STL/DIT,1756038394,1756038407,792,0,0
1756019550_Q..N16R,043250_Q..N16R,Q,0,1756019550,1Q 0712+ STL/962,1756037881,1756037884,726,0,0
1756019580_N..S36R,043300_N..S36R,N,1,1756019580,1N 0713 DIT/STL,1756038499,1756038512,802,0,0
1756019850_Q..S16R,043750_Q..S16R,Q,1,1756019850,1Q 0717+ 962/STL,1756038018,1756038031,702,0,0
1756019880_R..S71R,043800_R..S71R,R,1,1756019880,1R 0718 CTL/95S,1756039445,1756039458,888,0,0
1756019910_R..N93X010,043850_R..N93X010,R,0,1756019910,1R 0718+ 95S/CTL,1756038904,1756038917,812,0,0
1756020270_N..N34R,044450_N..N34R,N,0,1756020270,1N 0724+ STL/DIT,1756038934,1756038947,769,0,0
1756020270_Q..N16R,044450_Q..N16R,Q,0,1756020270,1Q 0724+ STL/962,1756038184,1756038196,669,0,0
1756020300_N..S36R,044500_N..S36R,N,1,1756020300,1N 0725 DIT/STL,1756039623,1756039625,857,0,0
1756020570_Q..S16R,044950_Q..S16R,Q,1,1756020570,1Q 0729+ 962/STL,1756039174,1756039188,778,0,0
1756020600_R..S71R,045000_R..S71R,R,1,1756020600,1R 0730 CTL/95S,1756040120,1756040133,902,0,0
1756020630_R..N93X010,045050_R..N93X010,R,0,1756020630,1R 0730+ 95S/CTL,1756039880,1756039893,868,0,0
1756020990_N..N34R,045650_N..N34R,N,0,1756020990,1N 0736+ STL/DIT,1756039565,1756039578,802,0,0
1756020990_Q..N16R,045650_Q..N16R,Q,0,1756020990,1Q 0736+ STL/962,1756038754,1756038767,694,0,0
1756021020_N..S36R,045700_N..S36R,N,1,1756021020,1N 0737 DIT/STL,1756040090,1756040103,870,0,0
1756021290_Q..S16R,046150_Q..S16R,Q,1,1756021290,1Q 0741+ 962/STL,1756040676,1756040691,920,0,0
1756021350_R..N93X010,046250_R..N93X010,R,0,1756021350,1R 0742+ 95S/CTL,1756040346,1756040359,882,0,0
1756021590_Q..N16R,046650_Q..N16R,Q,0,1756021590,1Q 0746+ STL/962,1756039683,1756039685,777,0,0
1756021680_R..S71R,046800_R..S71R,R,1,1756021680,1R 0748 CTL/95S,1756041261,1756041276,933,0,0
1756021740_N..S36R,046900_N..S36R,N,1,1756021740,1N 0749 DIT/STL,1756040616,1756040631,886,0,0
1756021800_N..N34R,047000_N..N34R,N,0,1756021800,1N 0750 STL/DIT,1756040481,1756040494,868,0,0
1756022070_Q..S16R,047450_Q..S16R,Q,1,1756022070,1Q 0754+ 962/STL,1756040691,1756040706,869,0,0
1756022070_R..N93X010,047450_R..N93X010,R,0,1756022070,1R 0754+ 95S/CTL,1756041832,1756041847,945,0,0
1756022190_Q..N16R,047650_Q..N16R,Q,0,1756022190,1Q 0756+ STL/962,1756039970,1756039983,776,0,0
1756022460_N..S36R,048100_N..S36R,N,1,1756022460,1N 0801 DIT/STL,1756042237,1756042252,942,1,1
1756022520_N..N34R,048200_N..N34R,N,0,1756022520,1N 0802 STL/DIT,1756041637,1756041652,894,0,0
1756022760_R..S71R,048600_R..S71R,R,1,1756022760,1R 0806 CTL/95S,1756042343,1756042358,910,0,0
1756022790_Q..N16R,048650_Q..N16R,Q,0,1756022790,1Q 0806+ STL/962,1756040916,1756040931,811,0,0
1756022790_Q..S16R,048650_Q..S16R,Q,1,1756022790,1Q 0806+ 962/STL,1756041096,1756041111,823,0,0
1756022790_R..N93X010,048650_R..N93X010,R,0,1756022790,1R 0806+ 95S/CTL,1756042478,1756042493,915,0,0
1756023120_N..S36R,049200_N..S36R,N,1,1756023120,1N 0812 DIT/STL,1756043048,1756043062,918,2,2
1756023240_N..N34R,049400_N..N34R,N,0,1756023240,1N 0814 STL/DIT,1756043634,1756043647,980,1,1
1756023390_Q..N16R,049650_Q..N16R,Q,0,1756023390,1Q 0816+ STL/962,1756041772,1756041787,788,0,0
1756023480_R..S71R,049800_R..S71R,R,1,1756023480,1R 0818 CTL/95S,1756043212,1756043214,891,0,0
1756023510_R..N93X010,049850_R..N93X010,R,0,1756023510,1R 0818+ 95S/CTL,1756042733,1756042748,836,0,0
1756023570_Q..S16R,049950_Q..S16R,Q,1,1756023570,1Q 0819+ 962/STL,1756042373,1756042388,804,0,0
1756023840_N..S36R,050400_N..S36R,N,1,1756023840,1N 0824 DIT/STL,1756043183,1756043197,841,1,0
1756023960_N..N34R,050600_N..N34R,N,0,1756023960,1N 0826 STL/DIT,1756044518,1756044520,1002,1,0
1756023990_Q..N16R,050650_Q..N16R,Q,0,1756023990,1Q 0826+ STL/962,1756042177,1756042192,736,0,0
1756024200_Q..S16R,051000_Q..S16R,Q,1,1756024200,1Q 0830 962/STL,1756042898,1756042913,756,0,0
1756024200_R..S71R,051000_R..S71R,R,1,1756024200,1R 0830 CTL/95S,1756043679,1756043692,859,0,0
1756024230_R..N93X010,051050_R..N93X010,R,0,1756024230,1R 0830+ 95S/CTL,1756043664,1756043677,853,1,0
1756024560_N..S36R,051600_N..S36R,N,1,1756024560,1N 0836 DIT/STL,1756049760,1756049773,1448,1,0
1756024680_N..N34R,051800_N..N34R,N,0,1756024680,1N 0838 STL/DIT,1756045706,1756045721,1027,1,0
1756024875_Q..N16R,052125_Q..N16R,Q,0,1756024875,1Q 0841 STL/962,1756049760,1756049773,1202,0,0
1756024920_Q..S16R,052200_Q..S16R,Q,1,1756024920,1Q 0842 962/STL,1756043439,1756043452,731,1,1
1756024920_R..S71R,052200_R..S71R,R,1,1756024920,1R 0842 CTL/95S,1756044550,1756044563,879,0,0
1756024950_R..N93X010,052250_R..N93X010,R,0,1756024950,1R 0842+ 95S/CTL,1756044400,1756044413,856,0,0
1756025280_N..S36R,052800_N..S36R,N,1,1756025280,1N 0848 DIT/STL,1756044970,1756044986,909,1,0
1756025400_N..N34R,053000_N..N34R,N,0,1756025400,1N 0850 STL/DIT,1756046187,1756046202,993,1,1
1756025520_Q..S16R,053200_Q..S16R,Q,1,1756025520,1Q 0852 962/STL,1756043979,1756043992,761,1,0
1756025640_R..S71R,053400_R..S71R,R,1,1756025640,1R 0854 CTL/95S,1756045289,1756045303,910,0,0
1756025670_R..N93X010,053450_R..N93X010,R,0,1756025670,1R 0854+ 95S/CTL,1756044970,1756044986,883,0,0
1756025760_Q..N16R,053600_Q..N16R,Q,0,1756025760,1Q 0856 STL/962,1756044685,1756044698,717,1,0
1756026000_N..S36R,054000_N..S36R,N,1,1756026000,1N 0900 DIT/STL,1756046292,1756046307,960,1,0
1756026120_N..N34R,054200_N..N34R,N,0,1756026120,1N 0902 STL/DIT,1756047928,1756047942,1074,3,0
1756026240_Q..S16R,054400_Q..S16R,Q,1,1756026240,1Q 0904 962/STL,1756044880,1756044894,833,1,1
1756026360_Q..N16R,054600_Q..N16R,Q,0,1756026360,1Q 0906 STL/962,1756045571,1756045586,888,0,0
1756026360_R..S71R,054600_R..S71R,R,1,1756026360,1R 0906 CTL/95S,1756045931,1756045946,912,0,0
1756026390_R..N93X010,054650_R..N93X010,R,0,1756026390,1R 0906+ 95S/CTL,1756047358,1756047373,1005,0,0
1756026720_N..S36R,055200_N..S36R,N,1,1756026720,1N 0912 DIT/STL,1756046502,1756046517,926,1,1
1756026720_Q..S16R,055200_Q..S16R,Q,1,1756026720,1Q 0912 962/STL,1756045526,1756045541,861,1,1
1756026840_N..N34R,055400_N..N34R,N,0,1756026840,1N 0914 STL/DIT,1756048244,1756048257,1067,0,0
1756026960_Q..N16R,055600_Q..N16R,Q,0,1756026960,1Q 0916 STL/962,1756046066,1756046081,878,1,0
1756027110_R..N93X010,055850_R..N93X010,R,0,1756027110,1R 0918+ 95S/CTL,1756049145,1756049158,1164,0,0
1756027320_Q..S16R,056200_Q..S16R,Q,1,1756027320,1Q 0922 962/STL,1756046592,1756046607,874,1,1
1756027440_N..S36R,056400_N..S36R,N,1,1756027440,1N 0924 DIT/STL,1756047703,1756047718,934,1,1
1756027440_R..S71R,056400_R..S71R,R,1,1756027440,1R 0924 CTL/95S,1756046862,1756046877,876,0,0
1756027470_N..N34R,056450_N..N34R,N,0,1756027470,1N 0924+ STL/DIT,1756049325,1756049338,1142,1,0
1756027560_Q..N16R,056600_Q..N16R,Q,0,1756027560,1Q 0926 STL/962,1756046277,1756046292,821,1,0
1756027830_R..N93X010,057050_R..N93X010,R,0,1756027830,1R 0930+ 95S/CTL,1756049445,1756049458,1110,0,0
1756028160_Q..N16R,057600_Q..N16R,Q,0,1756028160,1Q 0936 STL/962,1756046862,1756046877,780,1,0
1756028190_N..N34R,057650_N..N34R,N,0,1756028190,1N 0936+ STL/DIT,1756049925,1756049939,1122,1,1
1756028220_Q..S16R,057700_Q..S16R,Q,1,1756028220,1Q 0937 962/STL,1756043033,1756043046,61,0,0
1756028400_Q..N,058000_Q..N,Q,0,1756028400,EQ 0940 CAN/962,1756044084,1756044098,157,0,0
1756028490_N..S36R,058150_N..S36R,N,1,1756028490,1N 0941+ DIT/STL,1756048139,1756048152,578,1,0
1756028520_N..S72R,058200_N..S72R,W,1,1756028520,1W 0942 DIT/WHL,1756046337,1756046352,697,0,0
1756028520_Q..S16R,058200_Q..S16R,Q,1,1756028520,1Q 0942 962/STL,1756047253,1756047268,545,1,1
1756028520_R..S71R,058200_R..S71R,R,1,1756028520,1R 0942 CTL/95S,1756047673,1756047688,787,0,0
1756028730_Q..N16R,058550_Q..N16R,Q,0,1756028730,1Q 0945+ STL/962,1756047133,1756047148,722,0,0
1756028910_R..N93X010,058850_R..N93X010,R,0,1756028910,1R 0948+ 95S/CTL,1756050001,1756050014,1038,0,0
1756029000_N..N34R,059000_N..N34R,N,0,1756029000,1N 0950 STL/DIT,1756050751,1756050766,1080,1,1
1756029240_R..S71R,059400_R..S71R,R,1,1756029240,1R 0954 CTL/95S,1756048768,1756048769,831,0,0
1756029330_Q..N16R,059550_Q..N16R,Q,0,1756029330,1Q 0955+ STL/962,1756047673,1756047688,679,0,0
1756029600_N..S36R,060000_N..S36R,N,1,1756029600,1N 1000 DIT/STL,1756049490,1756049503,880,1,0
1756029720_N..N34R,060200_N..N34R,N,0,1756029720,1N 1002 STL/DIT,1756051157,1756051172,1014,0,0
1756029720_N..S72R,060200_N..S72R,W,1,1756029720,1W 1002 DIT/WHL,1756047193,1756047208,597,0,0
1756029720_Q..S16R,060200_Q..S16R,Q,1,1756029720,1Q 1002 962/STL,1756049325,1756049338,776,1,1
1756029870_Q..N16R,060450_Q..N16R,Q,0,1756029870,1Q 1004+ STL/962,1756048379,1756048392,705,0,0
1756029960_R..S71R,060600_R..S71R,R,1,1756029960,1R 1006 CTL/95S,1756049880,1756049894,899,0,0
1756029990_R..N93X010,060650_R..N93X010,R,0,1756029990,1R 1006+ 95S/CTL,1756050721,1756050736,963,0,0
1756030410_N..N34R,061350_N..N34R,N,0,1756030410,1N 1013+ STL/DIT,1756050406,1756050421,914,0,0
1756030680_N..S36R,061800_N..S36R,N,1,1756030680,1N 1018 DIT/STL,1756050571,1756050586,805,1,0
1756030680_R..S71R,061800_R..S71R,R,1,1756030680,1R 1018 CTL/95S,1756050391,1756050406,895,0,0
1756030710_R..N93X010,061850_R..N93X010,R,0,1756030710,1R 1018+ 95S/CTL,1756051172,1756051187,945,0,0
1756030830_Q..N16R,062050_Q..N16R,Q,0,1756030830,1Q 1020+ STL/962,1756049205,1756049218,751,0,0
1756030920_Q..S16R,062200_Q..S16R,Q,1,1756030920,1Q 1022 962/STL,1756049595,1756049608,567,1,1
1756031160_N..N34R,062600_N..N34R,N,0,1756031160,1N 1026 STL/DIT,1756056352,1756056367,1428,0,0
1756031160_Q..N,062600_Q..N,Q,0,1756031160,=Q 1145 34S/962,1756051893,1756051908,105,0,0
1756031400_R..S71R,063000_R..S71R,R,1,1756031400,1R 1030 CTL/95S,1756052313,1756052328,984,0,0
1756031430_R..N93X010,063050_R..N93X010,R,0,1756031430,1R 1030+ 95S/CTL,1756051623,1756051637,929,0,0
1756031520_N..N72R,063200_N..N72R,W,0,1756031520,1W 1032 WHL/DIT,1756049700,1756049714,771,0,0
1756031520_N..S72R,063200_N..S72R,W,1,1756031520,1W 1032 DIT/WHL,1756048544,1756048557,288,0,0
1756031700_Q..N16R,063500_Q..N16R,Q,0,1756031700,1Q 1035 STL/962,1756050061,1756050076,430,0,0
1756031760_N..S36R,063600_N..S36R,N,1,1756031760,1N 1036 DIT/STL,1756051848,1756051863,923,1,0
1756031820_N..N34R,063700_N..N34R,N,0,1756031820,1N 1037 STL/DIT,1756051878,1756051893,921,0,0
1756031820_Q..S16R,063700_Q..S16R,Q,1,1756031820,1Q 1037 962/STL,1756050601,1756050616,500,1,1
1756032120_Q..S16R,064200_Q..S16R,Q,1,1756032120,1Q 1042 962/STL,1756050796,1756050811,826,1,1
1756032120_R..S71R,064200_R..S71R,R,1,1756032120,1R 1042 CTL/95S,1756053182,1756053184,1045,0,0
1756032150_R..N93X010,064250_R..N93X010,R,0,1756032150,1R 1042+ 95S/CTL,1756051833,1756051848,894,0,0
1756032270_Q..N16R,064450_Q..N16R,Q,0,1756032270,1Q 1044+ STL/962,1756051277,1756051292,839,0,0
1756032510_N..N72R,064850_N..N72R,W,0,1756032510,1W 1048+ WHL/DIT,1756050181,1756050196,733,0,0
1756032600_N..N34R,065000_N..N34R,N,0,1756032600,1N 1050 STL/DIT,1756052448,1756052462,884,0,0
1756032660_Q..S16R,065100_Q..S16R,Q,1,1756032660,1Q 1051 962/STL,1756051247,1756051260,784,1,1
1756032750_Q..N16R,065250_Q..N16R,Q,0,1756032750,1Q 1052+ STL/962,1756051878,1756051893,817,0,0
1756032840_N..S36R,065400_N..S36R,N,1,1756032840,1N 1054 DIT/STL,1756053770,1756053783,763,1,0
1756032840_R..S71R,065400_R..S71R,R,1,1756032840,1R 1054 CTL/95S,1756053184,1756053197,950,0,0
1756032930_R..N93X010,065550_R..N93X010,R,0,1756032930,1R 1055+ 95S/CTL,1756052614,1756052627,862,0,0
1756033320_N..N34R,066200_N..N34R,N,0,1756033320,1N 1102 STL/DIT,1756052704,1756052717,822,0,0
1756033380_Q..S16R,066300_Q..S16R,Q,1,1756033380,1Q 1103 962/STL,1756051908,1756051923,735,1,0
1756033560_R..S71R,066600_R..S71R,R,1,1756033560,1R 1106 CTL/95S,1756053182,1756053184,742,0,0
1756033590_R..N93X010,066650_R..N93X010,R,0,1756033590,1R 1106+ 95S/CTL,1756053064,1756053077,834,0,0
1756033710_Q..N16R,066850_Q..N16R,Q,0,1756033710,1Q 1108+ STL/962,1756052238,1756052253,718,0,0
1756033920_N..S36R,067200_N..S36R,N,1,1756033920,1N 1112 DIT/STL,1756054595,1756054609,994,2,0
1756033920_Q..S16R,067200_Q..S16R,Q,1,1756033920,1Q 1112 962/STL,1756052402,1756052404,703,1,0
1756034040_N..N34R,067400_N..N34R,N,0,1756034040,1N 1114 STL/DIT,1756052929,1756052942,756,0,0
1756034190_Q..N16R,067650_Q..N16R,Q,0,1756034190,1Q 1116+ STL/962,1756052884,1756052897,731,0,0
1756034280_R..S71R,067800_R..S71R,R,1,1756034280,1R 1118 CTL/95S,1756054205,1756054218,900,0,0
1756034310_R..N93X010,067850_R..N93X010,R,0,1756034310,1R 1118+ 95S/CTL,1756053650,1756053663,824,0,0
1756034325_N..N72R,067875_N..N72R,W,0,1756034325,1W 1118+ WHL/DIT,1756051532,1756051547,491,0,0
1756034460_Q..S16R,068100_Q..S16R,Q,1,1756034460,1Q 1121 962/STL,1756053214,1756053227,755,1,0
1756034520_N..S72R,068200_N..S72R,W,1,1756034520,1W 1122 DIT/WHL,1756052148,1756052161,620,0,0
1756034670_Q..N16R,068450_Q..N16R,Q,0,1756034670,1Q 1124+ STL/962,1756053860,1756053873,822,0,0
1756034700_N..N34R,068500_N..N34R,N,0,1756034700,1N 1125 STL/DIT,1756055031,1756055046,957,0,0
1756034940_Q..S16R,068900_Q..S16R,Q,1,1756034940,1Q 1129 962/STL,1756053529,1756053543,756,1,0
1756035000_N..S36R,069000_N..S36R,N,1,1756035000,1N 1130 DIT/STL,1756055406,1756055421,883,1,0
1756035150_Q..N16R,069250_Q..N16R,Q,0,1756035150,1Q 1132+ STL/962,1756053875,1756053888,788,0,0
1756035360_R..S71R,069600_R..S71R,R,1,1756035360,1R 1136 CTL/95S,1756055211,1756055226,924,0,0
1756035420_Q..S16R,069700_Q..S16R,Q,1,1756035420,1Q 1137 962/STL,1756053935,1756053948,778,1,1
1756035420_R..N93X010,069700_R..N93X010,R,0,1756035420,1R 1137 95S/CTL,1756055436,1756055451,935,0,0
1756035600_N..N34R,070000_N..N34R,N,0,1756035600,1N 1140 STL/DIT,1756055031,1756055046,590,1,0
1756035630_Q..N16R,070050_Q..N16R,Q,0,1756035630,1Q 1140+ STL/962,1756054836,1756054851,880,0,0
1756035720_N..S72R,070200_N..S72R,W,1,1756035720,1W 1142 DIT/WHL,1756052644,1756052657,586,0,0
1756036080_N..S36R,070800_N..S36R,N,1,1756036080,1N 1148 DIT/STL,1756056217,1756056232,943,1,0
1756036140_Q..S16R,070900_Q..S16R,Q,1,1756036140,1Q 1149 962/STL,1756055196,1756055211,624,1,1
1756036440_R..S71R,071400_R..S71R,R,1,1756036440,1R 1154 CTL/95S,1756055692,1756055707,884,0,0
1756036500_N..N34R,071500_N..N34R,N,0,1756036500,1N 1155 STL/DIT,1756056502,1756056517,689,0,0
1756036530_R..N93X010,071550_R..N93X010,R,0,1756036530,1R 1155+ 95S/CTL,1756056022,1756056037,900,0,0
1756036590_Q..N16R,071650_Q..N16R,Q,0,1756036590,1Q 1156+ STL/962,1756054821,1756054836,815,0,0
1756036860_Q..S16R,072100_Q..S16R,Q,1,1756036860,1Q 1201 962/STL,1756055556,1756055571,847,1,1
1756036920_N..S72R,072200_N..S72R,W,1,1756036920,1W 1202 DIT/WHL,1756053484,1756053497,616,0,0
1756036950_N..S36R,072250_N..S36R,N,1,1756036950,1N 1202+ DIT/STL,1756056908,1756056923,605,1,0
1756037070_Q..N16R,072450_Q..N16R,Q,0,1756037070,1Q 1204+ STL/962,1756055376,1756055391,811,0,0
1756037160_R..S71R,072600_R..S71R,R,1,1756037160,1R 1206 CTL/95S,1756057058,1756057073,912,0,0
1756037190_R..N93X010,072650_R..N93X010,R,0,1756037190,1R 1206+ 95S/CTL,1756056637,1756056653,880,0,0
1756037340_Q..S16R,072900_Q..S16R,Q,1,1756037340,1Q 1209 962/STL,1756056397,1756056412,844,1,1
1756037400_N..N34R,073000_N..N34R,N,0,1756037400,1N 1210 STL/DIT,1756056758,1756056773,704,0,0
1756037520_N..N72R,073200_N..N72R,W,0,1756037520,1W 1212 WHL/DIT,1756054700,1756054714,701,0,0
1756037520_N..S36R,073200_N..S36R,N,1,1756037520,1N 1212 DIT/STL,1756056998,1756057013,798,1,0
1756037550_Q..N16R,073250_Q..N16R,Q,0,1756037550,1Q 1212+ STL/962,1756055631,1756055646,765,0,0
1756037820_Q..S16R,073700_Q..S16R,Q,1,1756037820,1Q 1217 962/STL,1756056863,1756056878,811,1,0
1756037880_R..S71R,073800_R..S71R,R,1,1756037880,1R 1218 CTL/95S,1756057854,1756057867,912,0,0
1756037910_R..N93X010,073850_R..N93X010,R,0,1756037910,1R 1218+ 95S/CTL,1756057659,1756057672,882,0,0
1756038030_Q..N16R,074050_Q..N16R,Q,0,1756038030,1Q 1220+ STL/962,1756056217,1756056232,740,0,0
1756038120_N..S72R,074200_N..S72R,W,1,1756038120,1W 1222 DIT/WHL,1756055136,1756055151,656,0,0
1756038150_N..S,074250_N..S,N,1,1756038150,EN 1222+ DIT/STL,1756057929,1756057942,574,17,13
1756038240_N..S36R,074400_N..S36R,N,1,1756038240,1N 1224 DIT/STL,1756058725,1756058738,981,1,0
1756038300_Q..S16R,074500_Q..S16R,Q,1,1756038300,1Q 1225 962/STL,1756057463,1756057476,804,2,2
1756038390_N..N34R,074650_N..N34R,N,0,1756038390,1N 1226+ STL/DIT,1756058079,1756058092,538,0,0
1756038510_Q..N16R,074850_Q..N16R,Q,0,1756038510,1Q 1228+ STL/962,1756057223,1756057236,745,0,0
1756038570_R..S71R,074950_R..S71R,R,1,1756038570,1R 1229+ CTL/95S,1756058409,1756058422,895,0,0
1756038630_R..N93X010,075050_R..N93X010,R,0,1756038630,1R 1230+ 95S/CTL,1756058034,1756058047,837,0,0
1756038690_N..N72R,075150_N..N72R,W,0,1756038690,1W 1231+ WHL/DIT,1756055466,1756055481,603,0,0
1756038960_N..S36R,075600_N..S36R,N,1,1756038960,1N 1236 DIT/STL,1756059370,1756059384,971,1,1
1756038990_Q..N16R,075650_Q..N16R,Q,0,1756038990,1Q 1236+ STL/962,1756057311,1756057313,692,0,0
1756039260_Q..S16R,076100_Q..S16R,Q,1,1756039260,1Q 1241 962/STL,1756058319,1756058333,794,1,1
1756039320_R..S71R,076200_R..S71R,R,1,1756039320,1R 1242 CTL/95S,1756059881,1756059896,976,0,0
1756039350_R..N93X010,076250_R..N93X010,R,0,1756039350,1R 1242+ 95S/CTL,1756058604,1756058618,825,0,0
1756039470_N..N34R,076450_N..N34R,N,0,1756039470,1N 1244+ STL/DIT,1756058665,1756058678,578,0,0
1756039470_Q..N16R,076450_Q..N16R,Q,0,1756039470,1Q 1244+ STL/962,1756057884,1756057897,721,0,0
1756039530_Q..S,076550_Q..S,Q,1,1756039530,EQ 1245+ 962/STL,1756054791,1756054806,149,0,0
1756039680_N..S36R,076800_N..S36R,N,1,1756039680,1N 1248 DIT/STL,1756060106,1756060121,968,1,0
1756039710_N..N72R,076850_N..N72R,W,0,1756039710,1W 1248+ WHL/DIT,1756057313,1756057326,629,0,0
1756039740_Q..S16R,076900_Q..S16R,Q,1,1756039740,1Q 1249 962/STL,1756058455,1756058468,779,1,1
1756039920_N..S72R,077200_N..S72R,W,1,1756039920,1W 1252 DIT/WHL,1756057403,1756057417,277,0,0
1756039950_Q..N16R,077250_Q..N16R,Q,0,1756039950,1Q 1252+ STL/962,1756058544,1756058558,777,0,0
1756040040_R..S71R,077400_R..S71R,R,1,1756040040,1R 1254 CTL/95S,1756059896,1756059909,929,0,0
1756040100_R..N93X010,077500_R..N93X010,R,0,1756040100,1R 1255 95S/CTL,1756059430,1756059444,885,0,0
1756040220_Q..S16R,077700_Q..S16R,Q,1,1756040220,1Q 1257 962/STL,1756059416,1756059429,875,1,1
1756040430_Q..N16R,078050_Q..N16R,Q,0,1756040430,1Q 1300+ STL/962,1756058845,1756058858,785,0,0
1756040520_N..N34R,078200_N..N34R,N,0,1756040520,1N 1302 STL/DIT,1756059956,1756059971,734,2,0
1756040700_Q..S16R,078500_Q..S16R,Q,1,1756040700,1Q 1305 962/STL,1756060872,1756060887,950,1,0
1756040760_N..S36R,078600_N..S36R,N,1,1756040760,1N 1306 DIT/STL,1756060782,1756060797,586,1,0
1756040760_R..S71R,078600_R..S71R,R,1,1756040760,1R 1306 CTL/95S,1756060256,1756060271,904,0,0
1756040790_R..N93X010,078650_R..N93X010,R,0,1756040790,1R 1306+ 95S/CTL,1756060106,1756060121,892,0,0
1756040910_Q..N16R,078850_Q..N16R,Q,0,1756040910,1Q 1308+ STL/962,1756059338,1756059340,816,0,0
1756041120_N..N72R,079200_N..N72R,W,0,1756041120,1W 1312 WHL/DIT,1756057912,1756057914,611,0,0
1756041180_Q..S16R,079300_Q..S16R,Q,1,1756041180,1Q 1313 962/STL,1756066384,1756066398,1445,1,0
1756041240_N..N34R,079400_N..N34R,N,0,1756041240,1N 1314 STL/DIT,1756060587,1756060602,892,0,0
1756041390_Q..N16R,079650_Q..N16R,Q,0,1756041390,1Q 1316+ STL/962,1756060001,1756060016,840,0,0
1756041480_R..S71R,079800_R..S71R,R,1,1756041480,1R 1318 CTL/95S,1756061127,1756061142,908,0,0
1756041510_R..N93X010,079850_R..N93X010,R,0,1756041510,1R 1318+ 95S/CTL,1756060977,1756060992,895,0,0
1756041720_N..S72R,080200_N..S72R,W,1,1756041720,1W 1322 DIT/WHL,1756058604,1756058618,651,0,0
1756041840_N..S36R,080400_N..S36R,N,1,1756041840,1N 1324 DIT/STL,1756062193,1756062207,947,1,0
1756041870_Q..N16R,080450_Q..N16R,Q,0,1756041870,1Q 1324+ STL/962,1756060496,1756060511,822,0,0
1756041900_N..N34R,080500_N..N34R,N,0,1756041900,1N 1325 STL/DIT,1756060707,1756060722,832,0,0
1756041900_Q..S16R,080500_Q..S16R,Q,1,1756041900,1Q 1325 962/STL,1756060827,1756060842,509,1,1
1756042170_R..S71R,080950_R..S71R,R,1,1756042170,1R 1329+ CTL/95S,1756061803,1756061818,869,0,0
1756042230_R..N93X010,081050_R..N93X010,R,0,1756042230,1R 1330+ 95S/CTL,1756061743,1756061758,857,0,0
1756042350_Q..N16R,081250_Q..N16R,Q,0,1756042350,1Q 1332+ STL/962,1756060707,1756060722,772,0,0
1756042560_N..S36R,081600_N..S36R,N,1,1756042560,1N 1336 DIT/STL,1756062584,1756062597,905,1,1
1756042620_Q..S16R,081700_Q..S16R,Q,1,1756042620,1Q 1337 962/STL,1756061743,1756061758,805,1,1
1756042680_N..N34R,081800_N..N34R,N,0,1756042680,1N 1338 STL/DIT,1756061698,1756061713,794,0,0
1756042830_Q..N16R,082050_Q..N16R,Q,0,1756042830,1Q 1340+ STL/962,1756061022,1756061037,729,0,0
1756042920_N..N72R,082200_N..N72R,W,0,1756042920,1W 1342 WHL/DIT,1756059971,1756059986,585,0,0
1756042920_N..S72R,082200_N..S72R,W,1,1756042920,1W 1342 DIT/WHL,1756059926,1756059941,644,0,0
1756043100_Q..S16R,082500_Q..S16R,Q,1,1756043100,1Q 1345 962/STL,1756061728,1756061743,740,1,1
1756043265_R..S71R,082775_R..S71R,R,1,1756043265,1R 1347+ CTL/95S,1756063485,1756063498,931,0,0
1756043280_N..S36R,082800_N..S36R,N,1,1756043280,1N 1348 DIT/STL,1756063710,1756063723,959,1,1
1756043310_R..N93X010,082850_R..N93X010,R,0,1756043310,1R 1348+ 95S/CTL,1756062884,1756062897,757,0,0
1756043340_N..N34R,082900_N..N34R,N,0,1756043340,1N 1349 STL/DIT,1756062449,1756062462,783,0,0
1756043580_Q..S16R,083300_Q..S16R,Q,1,1756043580,1Q 1353 962/STL,1756062267,1756062268,724,1,1
1756043790_Q..N16R,083650_Q..N16R,Q,0,1756043790,1Q 1356+ STL/962,1756062028,1756062043,618,0,0
1756044000_N..S36R,084000_N..S36R,N,1,1756044000,1N 1400 DIT/STL,1756064190,1756064204,929,1,1
1756044060_Q..S16R,084100_Q..S16R,Q,1,1756044060,1Q 1401 962/STL,1756063228,1756063229,795,1,1
1756044120_N..N34R,084200_N..N34R,N,0,1756044120,1N 1402 STL/DIT,1756063154,1756063167,782,0,0
1756044120_N..S72R,084200_N..S72R,W,1,1756044120,1W 1402 DIT/WHL,1756061488,1756061502,597,0,0
1756044270_Q..N16R,084450_Q..N16R,Q,0,1756044270,1Q 1404+ STL/962,1756062178,1756062191,640,0,0
1756044360_R..S71R,084600_R..S71R,R,1,1756044360,1R 1406 CTL/95S,1756064160,1756064174,899,0,0
1756044390_R..N93X010,084650_R..N93X010,R,0,1756044390,1R 1406+ 95S/CTL,1756064295,1756064309,915,0,0
1756044540_Q..S16R,084900_Q..S16R,Q,1,1756044540,1Q 1409 962/STL,1756063424,1756063438,789,1,1
1756044720_N..N72R,085200_N..N72R,W,0,1756044720,1W 1412 WHL/DIT,1756061743,1756061758,573,0,0
1756044720_N..S36R,085200_N..S36R,N,1,1756044720,1N 1412 DIT/STL,1756064641,1756064656,925,1,1
1756044750_Q..N16R,085250_Q..N16R,Q,0,1756044750,1Q 1412+ STL/962,1756062974,1756062987,715,0,0
1756044780_N..N34R,085300_N..N34R,N,0,1756044780,1N 1413 STL/DIT,1756063995,1756064008,849,0,0
1756045020_Q..S16R,085700_Q..S16R,Q,1,1756045020,1Q 1417 962/STL,1756063605,1756063618,781,1,1
1756045080_R..S71R,085800_R..S71R,R,1,1756045080,1R 1418 CTL/95S,1756064776,1756064791,910,0,0
1756045110_R..N93X010,085850_R..N93X010,R,0,1756045110,1R 1418+ 95S/CTL,1756064491,1756064505,889,0,0
1756045230_Q..N16R,086050_Q..N16R,Q,0,1756045230,1Q 1420+ STL/962,1756063274,1756063288,723,0,0
1756045320_N..S72R,086200_N..S72R,W,1,1756045320,1W 1422 DIT/WHL,1756062629,1756062642,631,0,0
1756045440_N..S36R,086400_N..S36R,N,1,1756045440,1N 1424 DIT/STL,1756065466,1756065482,932,0,0
1756045500_Q..S16R,086500_Q..S16R,Q,1,1756045500,1Q 1425 962/STL,1756064474,1756064475,861,2,2
1756045590_N..N34R,086650_N..N34R,N,0,1756045590,1N 1426+ STL/DIT,1756064566,1756064581,862,0,0
1756045710_Q..N16R,086850_Q..N16R,Q,0,1756045710,1Q 1428+ STL/962,1756064145,1756064158,807,0,0
1756045830_R..N93X010,087050_R..N93X010,R,0,1756045830,1R 1430+ 95S/CTL,1756065286,1756065302,894,0,0
1756045890_N..N72R,087150_N..N72R,W,0,1756045890,1W 1431+ WHL/DIT,1756062884,1756062897,627,0,0
1756045980_Q..S16R,087300_Q..S16R,Q,1,1756045980,1Q 1433 962/STL,1756064175,1756064189,793,0,0
1756046160_N..S36R,087600_N..S36R,N,1,1756046160,1N 1436 DIT/STL,1756065872,1756065887,911,0,0
1756046160_R..S71R,087600_R..S71R,R,1,1756046160,1R 1436 CTL/95S,1756065527,1756065542,789,0,0
1756046190_Q..N16R,087650_Q..N16R,Q,0,1756046190,1Q 1436+ STL/962,1756064475,1756064491,816,0,0
1756046220_N..N34R,087700_N..N34R,N,0,1756046220,1N 1437 STL/DIT,1756065542,1756065557,885,0,0
1756046460_Q..S16R,088100_Q..S16R,Q,1,1756046460,1Q 1441 962/STL,1756064806,1756064821,817,0,0
1756046520_N..S72R,088200_N..S72R,W,1,1756046520,1W 1442 DIT/WHL,1756063319,1756063333,636,0,0
1756046550_R..N93X010,088250_R..N93X010,R,0,1756046550,1R 1442+ 95S/CTL,1756066263,1756066277,904,1,0
1756046910_N..N72R,088850_N..N72R,W,0,1756046910,1W 1448+ WHL/DIT,1756064115,1756064128,690,0,0
1756046940_Q..S16R,088900_Q..S16R,Q,1,1756046940,1Q 1449 962/STL,1756065211,1756065226,780,0,0
1756047150_Q..N16R,089250_Q..N16R,Q,0,1756047150,1Q 1452+ STL/962,1756065692,1756065707,784,0,0
1756047240_N..S36R,089400_N..S36R,N,1,1756047240,1N 1454 DIT/STL,1756067028,1756067042,579,0,0
1756047240_R..S71R,089400_R..S71R,R,1,1756047240,1R 1454 CTL/95S,1756067104,1756067117,886,0,0
1756047300_R..N93X010,089500_R..N93X010,R,0,1756047300,1R 1455 95S/CTL,1756066668,1756066681,833,0,0
1756047360_N..N34R,089600_N..N34R,N,0,1756047360,1N 1456 STL/DIT,1756066413,1756066428,523,0,0
1756047390_Q..N,089650_Q..N,Q,0,1756047390,EQ 1456+ STL/962,1756065752,1756065767,436,0,0
1756047420_Q..S16R,089700_Q..S16R,Q,1,1756047420,1Q 1457 962/STL,1756065647,1756065662,745,0,0
1756047630_Q..N16R,090050_Q..N16R,Q,0,1756047630,1Q 1500+ STL/962,1756065917,1756065932,735,0,0
1756047720_N..S72R,090200_N..S72R,W,1,1756047720,1W 1502 DIT/WHL,1756065076,1756065091,667,0,0
1756047900_Q..S16R,090500_Q..S16R,Q,1,1756047900,1Q 1505 962/STL,1756066368,1756066381,731,0,0
1756047960_R..S71R,090600_R..S71R,R,1,1756047960,1R 1506 CTL/95S,1756067659,1756067672,864,0,0
1756047990_R..N93X010,090650_R..N93X010,R,0,1756047990,1R 1506+ 95S/CTL,1756067434,1756067447,830,0,0
1756048110_Q..N16R,090850_Q..N16R,Q,0,1756048110,1Q 1508+ STL/962,1756066263,1756066277,696,0,0
1756048320_N..N72R,091200_N..N72R,W,0,1756048320,1W 1512 WHL/DIT,1756065422,1756065436,610,1,0
1756048320_N..S36R,091200_N..S36R,N,1,1756048320,1N 1512 DIT/STL,1756067284,1756067297,766,0,0
1756048380_Q..S16R,091300_Q..S16R,Q,1,1756048380,1Q 1513 962/STL,1756066638,1756066653,687,0,0
1756048440_N..N34R,091400_N..N34R,N,0,1756048440,1N 1514 STL/DIT,1756067464,1756067477,774,0,0
1756048590_Q..N16R,091650_Q..N16R,Q,0,1756048590,1Q 1516+ STL/962,1756067224,1756067237,722,0,0
1756048680_R..S71R,091800_R..S71R,R,1,1756048680,1R 1518 CTL/95S,1756068365,1756068378,862,0,0
1756048710_R..N93X010,091850_R..N93X010,R,0,1756048710,1R 1518+ 95S/CTL,1756068275,1756068288,847,0,0
1756048860_Q..S16R,092100_Q..S16R,Q,1,1756048860,1Q 1521 962/STL,1756067133,1756067147,681,0,0
1756048920_N..S72R,092200_N..S72R,W,1,1756048920,1W 1522 DIT/WHL,1756066893,1756066908,648,0,0
1756049040_N..S36R,092400_N..S36R,N,1,1756049040,1N 1524 DIT/STL,1756068620,1756068633,867,0,0
1756049070_Q..N16R,092450_Q..N16R,Q,0,1756049070,1Q 1524+ STL/962,1756067342,1756067344,693,0,0
1756049100_N..N34R,092500_N..N34R,N,0,1756049100,1N 1525 STL/DIT,1756067883,1756067884,763,0,0
1756049340_Q..S16R,092900_Q..S16R,Q,1,1756049340,1Q 1529 962/STL,1756067524,1756067537,699,0,0
1756049370_R..S71R,092950_R..S71R,R,1,1756049370,1R 1529+ CTL/95S,1756069070,1756069084,903,0,0
1756049430_R..N93X010,093050_R..N93X010,R,0,1756049430,1R 1530+ 95S/CTL,1756068815,1756068828,865,0,0
1756049490_N..N72R,093150_N..N72R,W,0,1756049490,1W 1531+ WHL/DIT,1756066533,1756066548,578,0,0
1756049550_Q..N16R,093250_Q..N16R,Q,0,1756049550,1Q 1532+ STL/962,1756067689,1756067703,707,0,0
1756049760_N..S36R,093600_N..S36R,N,1,1756049760,1N 1536 DIT/STL,1756069130,1756069144,885,0,0
1756049820_Q..S16R,093700_Q..S16R,Q,1,1756049820,1Q 1537 962/STL,1756068455,1756068468,791,0,0
1756049880_N..N34R,093800_N..N34R,N,0,1756049880,1N 1538 STL/DIT,1756068890,1756068904,845,0,0
1756050030_Q..N16R,094050_Q..N16R,Q,0,1756050030,1Q 1540+ STL/962,1756068755,1756068768,817,0,0
1756050120_N..S72R,094200_N..S72R,W,1,1756050120,1W 1542 DIT/WHL,1756067133,1756067147,595,0,0
1756050120_R..S71R,094200_R..S71R,R,1,1756050120,1R 1542 CTL/95S,1756069611,1756069626,905,0,0
1756050150_R..N93X010,094250_R..N93X010,R,0,1756050150,1R 1542+ 95S/CTL,1756069551,1756069566,899,0,0
1756050300_Q..S16R,094500_Q..S16R,Q,1,1756050300,1Q 1545 962/STL,1756068455,1756068468,759,0,0
1756050480_N..S36R,094800_N..S36R,N,1,1756050480,1N 1548 DIT/STL,1756069851,1756069866,897,0,0
1756050510_Q..N16R,094850_Q..N16R,Q,0,1756050510,1Q 1548+ STL/962,1756068845,1756068858,797,0,0
1756050540_N..N34R,094900_N..N34R,N,0,1756050540,1N 1549 STL/DIT,1756069175,1756069189,839,0,0
1756050540_N..N72R,094900_N..N72R,W,0,1756050540,1W 1549 WHL/DIT,1756068455,1756068468,743,0,0
1756050780_Q..S16R,095300_Q..S16R,Q,1,1756050780,1Q 1553 962/STL,1756068963,1756068965,794,0,0
1756050840_R..S71R,095400_R..S71R,R,1,1756050840,1R 1554 CTL/95S,1756070482,1756070497,915,0,0
1756050900_R..N93X010,095500_R..N93X010,R,0,1756050900,1R 1555 95S/CTL,1756070226,1756070241,894,0,0
1756050990_Q..N16R,095650_Q..N16R,Q,0,1756050990,1Q 1556+ STL/962,1756069010,1756069024,787,0,0
1756051200_N..S36R,096000_N..S36R,N,1,1756051200,1N 1600 DIT/STL,1756070497,1756070512,890,0,0
1756051260_Q..S16R,096100_Q..S16R,Q,1,1756051260,1Q 1601 962/STL,1756069431,1756069446,815,0,0
1756051320_N..N34R,096200_N..N34R,N,0,1756051320,1N 1602 STL/DIT,1756070091,1756070106,853,0,0
1756051320_N..S72R,096200_N..S72R,W,1,1756051320,1W 1602 DIT/WHL,1756068603,1756068605,706,0,0
1756051470_Q..N16R,096450_Q..N16R,Q,0,1756051470,1Q 1604+ STL/962,1756069461,1756069476,792,0,0
1756051560_R..S71R,096600_R..S71R,R,1,1756051560,1R 1606 CTL/95S,1756071127,1756071142,889,0,0
1756051590_R..N93X010,096650_R..N93X010,R,0,1756051590,1R 1606+ 95S/CTL,1756071142,1756071157,886,0,0
1756051740_Q..S16R,096900_Q..S16R,Q,1,1756051740,1Q 1609 962/STL,1756070166,1756070181,801,0,0
1756051920_N..S36R,097200_N..S36R,N,1,1756051920,1N 1612 DIT/STL,1756071307,1756071322,853,0,0
1756051950_Q..N16R,097250_Q..N16R,Q,0,1756051950,1Q 1612+ STL/962,1756070121,1756070136,770,0,0
1756051980_N..N34R,097300_N..N34R,N,0,1756051980,1N 1613 STL/DIT,1756070857,1756070872,815,0,0
1756052220_Q..S16R,097700_Q..S16R,Q,1,1756052220,1Q 1617 962/STL,1756070887,1756070902,785,0,0
1756052280_R..S71R,097800_R..S71R,R,1,1756052280,1R 1618 CTL/95S,1756071758,1756071773,835,0,0
1756052310_R..N93X010,097850_R..N93X010,R,0,1756052310,1R 1618+ 95S/CTL,1756071788,1756071803,833,0,0
1756052400_N..N72R,098000_N..N72R,W,0,1756052400,1W 1620 WHL/DIT,1756069521,1756069536,370,0,0
1756052430_Q..N16R,098050_Q..N16R,Q,0,1756052430,1Q 1620+ STL/962,1756070857,1756070872,755,0,0
1756052520_N..S72R,098200_N..S72R,W,1,1756052520,1W 1622 DIT/WHL,1756069671,1756069686,664,0,0
1756052700_Q..S16R,098500_Q..S16R,Q,1,1756052700,1Q 1625 962/STL,1756071022,1756071037,731,0,0
1756052790_N..N34R,098650_N..N34R,N,0,1756052790,1N 1626+ STL/DIT,1756071578,1756071593,756,0,0
1756052910_Q..N16R,098850_Q..N16R,Q,0,1756052910,1Q 1628+ STL/962,1756071277,1756071293,720,0,0
1756052970_R..S71R,098950_R..S71R,R,1,1756052970,1R 1629+ CTL/95S,1756072659,1756072672,852,0,0
1756053000_N..S36R,099000_N..S36R,N,1,1756053000,1N 1630 DIT/STL,1756071863,1756071878,561,0,0
1756053090_N..N72R,099150_N..N72R,W,0,1756053090,1W 1631+ WHL/DIT,1756069971,1756069986,609,0,0
1756053180_Q..S16R,099300_Q..S16R,Q,1,1756053180,1Q 1633 962/STL,1756071428,1756071443,694,0,0
1756053390_Q..N16R,099650_Q..N16R,Q,0,1756053390,1Q 1636+ STL/962,1756071563,1756071578,675,0,0
1756053405_R..N93X010,099675_R..N93X010,R,0,1756053405,1R 1636+ 95S/CTL,1756072569,1756072582,782,0,0
1756053420_N..N34R,099700_N..N34R,N,0,1756053420,1N 1637 STL/DIT,1756072299,1756072312,744,0,0
1756053720_N..S72R,100200_N..S72R,W,1,1756053720,1W 1642 DIT/WHL,1756071157,1756071172,610,0,0
1756053720_R..S71R,100200_R..S71R,R,1,1756053720,1R 1642 CTL/95S,1756073215,1756073228,832,0,0
1756053780_Q..S16R,100300_Q..S16R,Q,1,1756053780,1Q 1643 962/STL,1756072238,1756072252,698,0,0
1756053870_Q..N16R,100450_Q..N16R,Q,0,1756053870,1Q 1644+ STL/962,1756072012,1756072013,661,0,0
1756054080_N..S36R,100800_N..S36R,N,1,1756054080,1N 1648 DIT/STL,1756073139,1756073153,798,0,0
1756054110_N..N72R,100850_N..N72R,W,0,1756054110,1W 1648+ WHL/DIT,1756070977,1756070992,572,0,0
1756054200_N..N34R,101000_N..N34R,N,0,1756054200,1N 1650 STL/DIT,1756073019,1756073033,774,0,0
1756054350_Q..N16R,101250_Q..N16R,Q,0,1756054350,1Q 1652+ STL/962,1756072524,1756072537,698,0,0
1756054380_Q..S16R,101300_Q..S16R,Q,1,1756054380,1Q 1653 962/STL,1756072689,1756072702,718,0,0
1756054440_R..S71R,101400_R..S71R,R,1,1756054440,1R 1654 CTL/95S,1756073920,1756073934,878,0,0
1756054500_R..N93X010,101500_R..N93X010,R,0,1756054500,1R 1655 95S/CTL,1756073890,1756073903,870,0,0
1756054800_N..S36R,102000_N..S36R,N,1,1756054800,1N 1700 DIT/STL,1756073799,1756073800,837,0,0
1756054830_Q..N16R,102050_Q..N16R,Q,0,1756054830,1Q 1700+ STL/962,1756073305,1756073318,770,0,0
1756054920_N..N34R,102200_N..N34R,N,0,1756054920,1N 1702 STL/DIT,1756073740,1756073753,822,0,0
1756054920_N..S72R,102200_N..S72R,W,1,1756054920,1W 1702 DIT/WHL,1756072088,1756072102,602,0,0
1756054980_Q..S16R,102300_Q..S16R,Q,1,1756054980,1Q 1703 962/STL,1756073094,1756073108,732,0,0
1756055160_R..S71R,102600_R..S71R,R,1,1756055160,1R 1706 CTL/95S,1756074686,1756074701,902,0,0
1756055190_R..N93X010,102650_R..N93X010,R,0,1756055190,1R 1706+ 95S/CTL,1756074686,1756074701,899,0,0
1756055310_Q..N16R,102850_Q..N16R,Q,0,1756055310,1Q 1708+ STL/962,1756073438,1756073440,754,0,0
1756055520_N..N72R,103200_N..N72R,W,0,1756055520,1W 1712 WHL/DIT,1756072539,1756072552,620,0,0
1756055520_N..S36R,103200_N..S36R,N,1,1756055520,1N 1712 DIT/STL,1756074626,1756074641,872,0,0
1756055580_Q..S16R,103300_Q..S16R,Q,1,1756055580,1Q 1713 962/STL,1756074205,1756074219,835,0,0
1756055640_N..N34R,103400_N..N34R,N,0,1756055640,1N 1714 STL/DIT,1756074446,1756074461,851,0,0
1756055790_Q..N16R,103650_Q..N16R,Q,0,1756055790,1Q 1716+ STL/962,1756073905,1756073919,782,0,0
1756055880_R..S71R,103800_R..S71R,R,1,1756055880,1R 1718 CTL/95S,1756075347,1756075362,894,0,0
1756055910_R..N93X010,103850_R..N93X010,R,0,1756055910,1R 1718+ 95S/CTL,1756075121,1756075137,876,0,0
1756056060_Q..S16R,104100_Q..S16R,Q,1,1756056060,1Q 1721 962/STL,1756074371,1756074386,813,0,0
1756056120_N..S72R,104200_N..S72R,W,1,1756056120,1W 1722 DIT/WHL,1756073154,1756073168,655,0,0
1756056240_N..S36R,104400_N..S36R,N,1,1756056240,1N 1724 DIT/STL,1756075482,1756075497,868,0,0
1756056270_Q..N16R,104450_Q..N16R,Q,0,1756056270,1Q 1724+ STL/962,1756074401,1756074416,792,0,0
1756056300_N..N34R,104500_N..N34R,N,0,1756056300,1N 1725 STL/DIT,1756075181,1756075196,820,0,0
1756056540_Q..S16R,104900_Q..S16R,Q,1,1756056540,1Q 1729 962/STL,1756074686,1756074701,775,0,0
1756056570_R..S71R,104950_R..S71R,R,1,1756056570,1R 1729+ CTL/95S,1756076263,1756076278,876,0,0
1756056630_R..N93X010,105050_R..N93X010,R,0,1756056630,1R 1730+ 95S/CTL,1756076082,1756076097,856,0,0
1756056690_N..N72R,105150_N..N72R,W,0,1756056690,1W 1731+ WHL/DIT,1756073860,1756073873,675,0,0
1756056750_Q..N16R,105250_Q..N16R,Q,0,1756056750,1Q 1732+ STL/962,1756074911,1756074926,762,0,0
1756056960_N..S36R,105600_N..S36R,N,1,1756056960,1N 1736 DIT/STL,1756076338,1756076353,829,0,0
1756057020_Q..S16R,105700_Q..S16R,Q,1,1756057020,1Q 1737 962/STL,1756075227,1756075242,747,0,0
1756057080_N..N34R,105800_N..N34R,N,0,1756057080,1N 1738 STL/DIT,1756075962,1756075977,769,0,0
1756057230_Q..N16R,106050_Q..N16R,Q,0,1756057230,1Q 1740+ STL/962,1756075467,1756075482,735,0,0
1756057320_N..S72R,106200_N..S72R,W,1,1756057320,1W 1742 DIT/WHL,1756074311,1756074326,646,0,0
1756057320_R..S71R,106200_R..S71R,R,1,1756057320,1R 1742 CTL/95S,1756076773,1756076788,810,0,0
1756057350_R..N93X010,106250_R..N93X010,R,0,1756057350,1R 1742+ 95S/CTL,1756076578,1756076593,793,0,0
1756057500_Q..S16R,106500_Q..S16R,Q,1,1756057500,1Q 1745 962/STL,1756075497,1756075512,701,0,0
1756057680_N..S36R,106800_N..S36R,N,1,1756057680,1N 1748 DIT/STL,1756077028,1756077042,795,0,0
1756057710_Q..N16R,106850_Q..N16R,Q,0,1756057710,1Q 1748+ STL/962,1756075977,1756075992,705,0,0
1756057740_N..N72R,106900_N..N72R,W,0,1756057740,1W 1749 WHL/DIT,1756074626,1756074641,611,0,0
1756057920_N..N34R,107200_N..N34R,N,0,1756057920,1N 1752 STL/DIT,1756077013,1756077027,715,0,0
1756057980_Q..S16R,107300_Q..S16R,Q,1,1756057980,1Q 1753 962/STL,1756076593,1756076608,710,0,0
1756058040_R..S71R,107400_R..S71R,R,1,1756058040,1R 1754 CTL/95S,1756077509,1756077522,811,0,0
1756058100_R..N93X010,107500_R..N93X010,R,0,1756058100,1R 1755 95S/CTL,1756077449,1756077462,795,0,0
1756058310_Q..N16R,107850_Q..N16R,Q,0,1756058310,1Q 1758+ STL/962,1756076653,1756076668,670,0,0
1756058400_N..S36R,108000_N..S36R,N,1,1756058400,1N 1800 DIT/STL,1756078140,1756078153,847,0,0
1756058460_Q..S16R,108100_Q..S16R,Q,1,1756058460,1Q 1801 962/STL,1756076833,1756076846,666,0,0
1756058760_R..S71R,108600_R..S71R,R,1,1756058760,1R 1806 CTL/95S,1756078335,1756078348,841,0,0
1756058790_R..N93X010,108650_R..N93X010,R,0,1756058790,1R 1806+ 95S/CTL,1756078170,1756078183,817,0,0
1756058910_Q..N16R,108850_Q..N16R,Q,0,1756058910,1Q 1808+ STL/962,1756076983,1756076997,651,0,0
1756058940_Q..S16R,108900_Q..S16R,Q,1,1756058940,1Q 1809 962/STL,1756076953,1756076967,645,0,0
1756059000_N..N34R,109000_N..N34R,N,0,1756059000,1N 1810 STL/DIT,1756078275,1756078288,817,1,0
1756059120_N..N72R,109200_N..N72R,W,0,1756059120,1W 1812 WHL/DIT,1756075782,1756075797,544,0,0
1756059120_N..S36R,109200_N..S36R,N,1,1756059120,1N 1812 DIT/STL,1756078710,1756078724,867,0,0
1756059420_Q..S16R,109700_Q..S16R,Q,1,1756059420,1Q 1817 962/STL,1756077644,1756077657,705,0,0
1756059480_R..S71R,109800_R..S71R,R,1,1756059480,1R 1818 CTL/95S,1756079010,1756079024,881,0,0
1756059510_Q..N16R,109850_Q..N16R,Q,0,1756059510,1Q 1818+ STL/962,1756077959,1756077973,741,0,0
1756059510_R..N93X010,109850_R..N93X010,R,0,1756059510,1R 1818+ 95S/CTL,1756078965,1756078979,874,0,0
1756059840_N..S36R,110400_N..S36R,N,1,1756059840,1N 1824 DIT/STL,1756080062,1756080077,929,0,0
1756059900_Q..S16R,110500_Q..S16R,Q,1,1756059900,1Q 1825 962/STL,1756078455,1756078468,781,0,0
1756059960_N..N34R,110600_N..N34R,N,0,1756059960,1N 1826 STL/DIT,1756078845,1756078859,829,0,0
1756060110_Q..N16R,110850_Q..N16R,Q,0,1756060110,1Q 1828+ STL/962,1756078350,1756078363,753,0,0
1756060200_R..S71R,111000_R..S71R,R,1,1756060200,1R 1830 CTL/95S,1756079822,1756079836,889,0,0
1756060230_R..N93X010,111050_R..N93X010,R,0,1756060230,1R 1830+ 95S/CTL,1756079791,1756079806,885,0,0
1756060290_N..N72R,111150_N..N72R,W,0,1756060290,1W 1831+ WHL/DIT,1756077569,1756077582,637,0,0
1756060380_Q..S16R,111300_Q..S16R,Q,1,1756060380,1Q 1833 962/STL,1756078755,1756078768,789,0,0
1756060560_N..N34R,111600_N..N34R,N,0,1756060560,1N 1836 STL/DIT,1756079581,1756079596,849,0,0
1756060560_N..S36R,111600_N..S36R,N,1,1756060560,1N 1836 DIT/STL,1756080857,1756080872,934,0,0
1756060590_Q..N16R,111650_Q..N16R,Q,0,1756060590,1Q 1836+ STL/962,1756078455,1756078468,735,0,0
1756060860_Q..S16R,112100_Q..S16R,Q,1,1756060860,1Q 1841 962/STL,1756080182,1756080197,869,0,0
1756060920_R..S71R,112200_R..S71R,R,1,1756060920,1R 1842 CTL/95S,1756080542,1756080557,889,0,0
1756060950_R..N93X010,112250_R..N93X010,R,0,1756060950,1R 1842+ 95S/CTL,1756080467,1756080483,882,0,0
1756061190_Q..N16R,112650_Q..N16R,Q,0,1756061190,1Q 1846+ STL/962,1756079521,1756079536,800,0,0
1756061280_N..S36R,112800_N..S36R,N,1,1756061280,1N 1848 DIT/STL,1756081338,1756081353,911,0,0
1756061340_Q..S16R,112900_Q..S16R,Q,1,1756061340,1Q 1849 962/STL,1756080872,1756080887,870,0,0
1756061400_N..N34R,113000_N..N34R,N,0,1756061400,1N 1850 STL/DIT,1756080392,1756080407,830,0,0
1756061640_R..S71R,113400_R..S71R,R,1,1756061640,1R 1854 CTL/95S,1756081128,1756081143,847,0,0
1756061730_R..N93X010,113550_R..N93X010,R,0,1756061730,1R 1855+ 95S/CTL,1756081203,1756081218,841,0,0
1756061790_Q..N16R,113650_Q..N16R,Q,0,1756061790,1Q 1856+ STL/962,1756079701,1756079716,732,0,0
1756061820_Q..S16R,113700_Q..S16R,Q,1,1756061820,1Q 1857 962/STL,1756080887,1756080903,807,0,0
1756062000_N..S36R,114000_N..S36R,N,1,1756062000,1N 1900 DIT/STL,1756081833,1756081847,863,0,0
1756062120_N..N34R,114200_N..N34R,N,0,1756062120,1N 1902 STL/DIT,1756080872,1756080887,766,0,0
1756062300_Q..S16R,114500_Q..S16R,Q,1,1756062300,1Q 1905 962/STL,1756081113,1756081128,758,0,0
1756062390_Q..N16R,114650_Q..N16R,Q,0,1756062390,1Q 1906+ STL/962,1756080257,1756080272,689,0,0
1756062390_R..N93X010,114650_R..N93X010,R,0,1756062390,1R 1906+ 95S/CTL,1756081608,1756081622,785,0,0
1756062720_N..S36R,115200_N..S36R,N,1,1756062720,1N 1912 DIT/STL,1756082523,1756082524,858,0,0
1756062720_R..S71R,115200_R..S71R,R,1,1756062720,1R 1912 CTL/95S,1756082162,1756082164,810,0,0
1756062780_Q..S16R,115300_Q..S16R,Q,1,1756062780,1Q 1913 962/STL,1756081563,1756081578,729,0,0
1756062840_N..N34R,115400_N..N34R,N,0,1756062840,1N 1914 STL/DIT,1756081908,1756081922,761,0,0
1756062990_Q..N16R,115650_Q..N16R,Q,0,1756062990,1Q 1916+ STL/962,1756081068,1756081083,663,0,0
1756063110_R..N93X010,115850_R..N93X010,R,0,1756063110,1R 1918+ 95S/CTL,1756082554,1756082567,811,0,0
1756063260_Q..S16R,116100_Q..S16R,Q,1,1756063260,1Q 1921 962/STL,1756081848,1756081862,697,0,0
1756063560_N..N34R,116600_N..N34R,N,0,1756063560,1N 1926 STL/DIT,1756082374,1756082387,735,0,0
1756063590_Q..N16R,116650_Q..N16R,Q,0,1756063590,1Q 1926+ STL/962,1756081608,1756081622,635,0,0
1756063740_Q..S16R,116900_Q..S16R,Q,1,1756063740,1Q 1929 962/STL,1756082282,1756082284,710,0,0
1756063800_N..S36R,117000_N..S36R,N,1,1756063800,1N 1930 DIT/STL,1756083290,1756083305,839,0,0
1756063800_R..S71R,117000_R..S71R,R,1,1756063800,1R 1930 CTL/95S,1756083170,1756083185,824,0,0
1756063830_R..N93X010,117050_R..N93X010,R,0,1756063830,1R 1930+ 95S/CTL,1756083035,1756083049,805,0,0
1756064160_N..N34R,117600_N..N34R,N,0,1756064160,1N 1936 STL/DIT,1756083245,1756083259,809,0,0
1756064190_Q..N16R,117650_Q..N16R,Q,0,1756064190,1Q 1936+ STL/962,1756082314,1756082327,685,0,0
1756064220_Q..S16R,117700_Q..S16R,Q,1,1756064220,1Q 1937 962/STL,1756082674,1756082688,731,0,0
1756064520_R..S71R,118200_R..S71R,R,1,1756064520,1R 1942 CTL/95S,1756084041,1756084056,846,0,0
1756064550_R..N93X010,118250_R..N93X010,R,0,1756064550,1R 1942+ 95S/CTL,1756083590,1756083605,814,0,0
1756064790_Q..N16R,118650_Q..N16R,Q,0,1756064790,1Q 1946+ STL/962,1756083215,1756083229,763,0,0
1756064880_N..S36R,118800_N..S36R,N,1,1756064880,1N 1948 DIT/STL,1756084191,1756084206,832,0,0
1756064940_Q..S16R,118900_Q..S16R,Q,1,1756064940,1Q 1949 962/STL,1756083545,1756083560,740,0,0
1756065000_N..N34R,119000_N..N34R,N,0,1756065000,1N 1950 STL/DIT,1756084011,1756084026,812,0,0
1756065240_R..S71R,119400_R..S71R,R,1,1756065240,1R 1954 CTL/95S,1756084536,1756084551,831,0,0
1756065360_R..N93X010,119600_R..N93X010,R,0,1756065360,1R 1956 95S/CTL,1756085062,1756085077,858,0,0
1756065600_N..S36R,120000_N..S36R,N,1,1756065600,1N 2000 DIT/STL,1756084761,1756084776,822,0,0
1756065660_Q..S16R,120100_Q..S16R,Q,1,1756065660,1Q 2001 962/STL,1756084251,1756084266,784,0,0
1756065960_R..S71R,120600_R..S71R,R,1,1756065960,1R 2006 CTL/95S,1756085317,1756085332,835,0,0
1756065990_R..N93X010,120650_R..N93X010,R,0,1756065990,1R 2006+ 95S/CTL,1756085227,1756085242,827,0,0
1756066020_Q..N16R,120700_Q..N16R,Q,0,1756066020,1Q 2007 STL/962,1756084206,1756084221,755,0,0
1756066260_N..N,121100_N..N,N,0,1756066260,EN 2011 STL/962,1756085257,1756085272,413,1,1
1756066320_N..S36R,121200_N..S36R,N,1,1756066320,1N 2012 DIT/STL,1756085677,1756085692,813,0,0
1756066380_Q..S16R,121300_Q..S16R,Q,1,1756066380,1Q 2013 962/STL,1756084716,1756084731,741,0,0
1756066440_N..N34R,121400_N..N34R,N,0,1756066440,1N 2014 STL/DIT,1756085152,1756085167,762,0,0
1756066620_Q..N16R,121700_Q..N16R,Q,0,1756066620,1Q 2017 STL/962,1756084776,1756084791,713,0,0
1756066680_R..S71R,121800_R..S71R,R,1,1756066680,1R 2018 CTL/95S,1756086278,1756086293,805,0,0
1756066710_R..N93X010,121850_R..N93X010,R,0,1756066710,1R 2018+ 95S/CTL,1756085873,1756085888,774,0,0
1756067100_N..S36R,122500_N..S36R,N,1,1756067100,1N 2025 DIT/STL,1756086188,1756086203,743,0,0
1756067100_Q..S16R,122500_Q..S16R,Q,1,1756067100,1Q 2025 962/STL,1756085377,1756085392,689,0,0
1756067160_N..N34R,122600_N..N34R,N,0,1756067160,1N 2026 STL/DIT,1756086338,1756086353,746,0,0
1756067220_Q..N16R,122700_Q..N16R,Q,0,1756067220,1Q 2027 STL/962,1756085512,1756085527,682,0,0
1756067400_R..S71R,123000_R..S71R,R,1,1756067400,1R 2030 CTL/95S,1756087269,1756087283,830,0,0
1756067430_R..N93X010,123050_R..N93X010,R,0,1756067430,1R 2030+ 95S/CTL,1756086623,1756086637,741,0,0
1756067820_N..S36R,123700_N..S36R,N,1,1756067820,1N 2037 DIT/STL,1756086849,1756086862,720,0,0
1756067820_Q..S16R,123700_Q..S16R,Q,1,1756067820,1Q 2037 962/STL,1756085993,1756086008,635,0,0
1756067880_N..N34R,123800_N..N34R,N,0,1756067880,1N 2038 STL/DIT,1756086939,1756086953,724,0,0
1756067940_Q..N16R,123900_Q..N16R,Q,0,1756067940,1Q 2039 STL/962,1756086158,1756086173,630,0,0
1756068120_R..S71R,124200_R..S71R,R,1,1756068120,1R 2042 CTL/95S,1756088005,1756088019,831,0,0
1756068150_R..N93X010,124250_R..N93X010,R,0,1756068150,1R 2042+ 95S/CTL,1756087750,1756087764,796,0,0
1756068420_Q..S16R,124700_Q..S16R,Q,1,1756068420,1Q 2047 962/STL,1756086413,1756086428,598,0,0
1756068540_N..S36R,124900_N..S36R,N,1,1756068540,1N 2049 DIT/STL,1756093741,1756093756,1351,0,0
1756068600_N..N34R,125000_N..N34R,N,0,1756068600,1N 2050 STL/DIT,1756087539,1756087553,733,0,0
1756068660_Q..N16R,125100_Q..N16R,Q,0,1756068660,1Q 2051 STL/962,1756086759,1756086773,626,0,0
1756068840_R..S71R,125400_R..S71R,R,1,1756068840,1R 2054 CTL/95S,1756088365,1756088380,812,0,0
1756068870_R..N93X010,125450_R..N93X010,R,0,1756068870,1R 2054+ 95S/CTL,1756088365,1756088380,810,0,0
1756069020_Q..S16R,125700_Q..S16R,Q,1,1756069020,1Q 2057 962/STL,1756087899,1756087900,751,0,0
1756069260_N..S36R,126100_N..S36R,N,1,1756069260,1N 2101 DIT/STL,1756088545,1756088560,796,0,0
1756069320_N..N34R,126200_N..N34R,N,0,1756069320,1N 2102 STL/DIT,1756088230,1756088245,770,0,0
1756069380_Q..N16R,126300_Q..N16R,Q,0,1756069380,1Q 2103 STL/962,1756087915,1756087929,730,0,0
1756069560_R..S71R,126600_R..S71R,R,1,1756069560,1R 2106 CTL/95S,1756089221,1756089236,822,0,0
1756069590_R..N78R,126650_R..N78R,R,0,1756069590,1R 2106+ 95S/QPL,1756087900,1756087914,714,0,0
1756069620_Q..S16R,126700_Q..S16R,Q,1,1756069620,1Q 2107 962/STL,1756087945,1756087959,718,0,0
1756069980_N..S36R,127300_N..S36R,N,1,1756069980,1N 2113 DIT/STL,1756089071,1756089086,784,0,0
1756070040_N..N34R,127400_N..N34R,N,0,1756070040,1N 2114 STL/DIT,1756088740,1756088756,758,0,0
1756070220_Q..S16R,127700_Q..S16R,Q,1,1756070220,1Q 2117 962/STL,1756089146,1756089161,773,0,0
1756070280_R..S71R,127800_R..S71R,R,1,1756070280,1R 2118 CTL/95S,1756089867,1756089882,817,0,0
1756070670_N..N34R,128450_N..N34R,N,0,1756070670,1N 2124+ STL/DIT,1756089822,1756089837,785,0,0
1756070670_R..N78R,128450_R..N78R,R,0,1756070670,1R 2124+ 95S/QPL,1756088816,1756088831,718,0,0
1756070820_Q..N16R,128700_Q..N16R,Q,0,1756070820,1Q 2127 STL/962,1756089146,1756089161,727,0,0
1756070820_Q..S16R,128700_Q..S16R,Q,1,1756070820,1Q 2127 962/STL,1756089266,1756089281,735,0,0
1756071000_R..S71R,129000_R..S71R,R,1,1756071000,1R 2130 CTL/95S,1756090422,1756090437,792,0,0
1756071360_N..N34R,129600_N..N34R,N,0,1756071360,1N 2136 STL/DIT,1756090182,1756090197,728,0,0
1756071420_Q..S16R,129700_Q..S16R,Q,1,1756071420,1Q 2137 962/STL,1756090107,1756090122,715,0,0
1756071480_N..S36R,129800_N..S36R,N,1,1756071480,1N 2138 DIT/STL,1756091068,1756091083,771,1,1
1756071540_Q..N16R,129900_Q..N16R,Q,0,1756071540,1Q 2139 STL/962,1756089626,1756089641,667,0,0
1756071630_R..S71R,130050_R..S71R,R,1,1756071630,1R 2140+ CTL/95S,1756090873,1756090888,738,0,0
1756071750_R..N78R,130250_R..N78R,R,0,1756071750,1R 2142+ 95S/QPL,1756089972,1756089987,662,0,0
1756071990_N..N34R,130650_N..N34R,N,0,1756071990,1N 2146+ STL/DIT,1756090617,1756090632,673,0,0
1756072140_Q..S16R,130900_Q..S16R,Q,1,1756072140,1Q 2149 962/STL,1756090512,1756090527,566,0,0
1756072200_N..S27R,131000_N..S27R,N,1,1756072200,1N 2150 DIT/STL,1756091533,1756091547,722,0,0
1756072350_R..S71R,131250_R..S71R,R,1,1756072350,1R 2152+ CTL/95S,1756091714,1756091727,727,0,0
1756072470_R..N78R,131450_R..N78R,R,0,1756072470,1R 2154+ 95S/QPL,1756090828,1756090843,625,0,0
1756072620_Q..N16R,131700_Q..N16R,Q,0,1756072620,1Q 2157 STL/962,1756090783,1756090798,606,0,0
1756072650_N..N34R,131750_N..N34R,N,0,1756072650,1N 2157+ STL/DIT,1756091578,1756091592,676,0,0
1756072860_Q..S16R,132100_Q..S16R,Q,1,1756072860,1Q 2201 962/STL,1756091864,1756091877,619,0,0
1756072920_N..S27R,132200_N..S27R,N,1,1756072920,1N 2202 DIT/STL,1756092164,1756092177,735,0,0
1756073100_R..S71R,132500_R..S71R,R,1,1756073100,1R 2205 CTL/95S,1756092900,1756092913,821,0,0
1756073190_R..N78R,132650_R..N78R,R,0,1756073190,1R 2206+ 95S/QPL,1756091547,1756091548,634,0,0
1756073400_N..N23R,133000_N..N23R,N,0,1756073400,1N 2210 STL/DIT,1756092675,1756092688,682,0,0
1756073640_N..S27R,133400_N..S27R,N,1,1756073640,1N 2214 DIT/STL,1756092660,1756092673,753,0,0
1756073700_Q..N16R,133500_Q..N16R,Q,0,1756073700,1Q 2215 STL/962,1756091473,1756091487,591,0,0
1756073760_Q..S16R,133600_Q..S16R,Q,1,1756073760,1Q 2216 962/STL,1756092434,1756092448,591,0,0
1756073820_R..S71R,133700_R..S71R,R,1,1756073820,1R 2217 CTL/95S,1756093305,1756093318,827,0,0
1756073910_R..N78R,133850_R..N78R,R,0,1756073910,1R 2218+ 95S/QPL,1756092224,1756092237,677,0,0
1756074210_N..N20R,134350_N..N20R,N,0,1756074210,1N 2223+ STL/DIT,1756093515,1756093529,829,0,0
1756074360_N..S27R,134600_N..S27R,N,1,1756074360,1N 2226 DIT/STL,1756093455,1756093469,811,0,0
1756074420_Q..N16R,134700_Q..N16R,Q,0,1756074420,1Q 2227 STL/962,1756092569,1756092583,689,0,0
1756074450_R..S71R,134750_R..S71R,R,1,1756074450,1R 2227+ CTL/95S,1756093921,1756093936,853,0,0
1756074630_R..N78R,135050_R..N78R,R,0,1756074630,1R 2230+ 95S/QPL,1756092795,1756092808,705,0,0
1756074660_Q..S16R,135100_Q..S16R,Q,1,1756074660,1Q 2231 962/STL,1756093981,1756093996,779,0,0
1756075020_N..S27R,135700_N..S27R,N,1,1756075020,1N 2237 DIT/STL,1756094251,1756094266,837,0,0
1756075170_R..S71R,135950_R..S71R,R,1,1756075170,1R 2239+ CTL/95S,1756094431,1756094446,839,0,0
1756075260_N..N20R,136100_N..N20R,N,0,1756075260,1N 2241 STL/DIT,1756094763,1756094777,723,0,0
1756075320_Q..N16R,136200_Q..N16R,Q,0,1756075320,1Q 2242 STL/962,1756093215,1756093228,715,0,0
1756075350_R..N78R,136250_R..N78R,R,0,1756075350,1R 2242+ 95S/QPL,1756093621,1756093634,767,0,0
1756075470_N..S20R,136450_N..S20R,N,1,1756075470,1N 2244+ DIT/STL,1756095003,1756095017,857,0,0
1756075560_Q..S16R,136600_Q..S16R,Q,1,1756075560,1Q 2246 962/STL,1756095437,1756095452,876,0,0
1756075920_R..N27R,137200_R..N27R,R,0,1756075920,1R 2252 95S/WHL,1756093500,1756093514,694,0,0
1756076190_N..S20R,137650_N..S20R,N,1,1756076190,1N 2256+ DIT/STL,1756095873,1756095888,833,0,0
1756076220_Q..N16R,137700_Q..N16R,Q,0,1756076220,1Q 2257 STL/962,1756094341,1756094356,724,0,0
1756076310_N..N20R,137850_N..N20R,N,0,1756076310,1N 2258+ STL/DIT,1756096383,1756096397,868,0,0
1756076340_R..N78R,137900_R..N78R,R,0,1756076340,1R 2259 95S/QPL,1756094702,1756094717,732,0,0
1756076460_Q..S16R,138100_Q..S16R,Q,1,1756076460,1Q 2301 962/STL,1756096068,1756096081,813,0,0
1756076730_R..N27R,138550_R..N27R,R,0,1756076730,1R 2305+ 95S/WHL,1756093514,1756093515,588,0,0
1756076910_N..S20R,138850_N..S20R,N,1,1756076910,1N 2308+ DIT/STL,1756096428,1756096442,795,0,0
1756077060_Q..N19R,139100_Q..N19R,Q,0,1756077060,1Q 2311 STL/962,1756095303,1756095317,677,0,0
1756077180_Q..S19R,139300_Q..S19R,Q,1,1756077180,1Q 2313 962/STL,1756096398,1756096412,756,0,0
1756077420_N..N20R,139700_N..N20R,N,0,1756077420,1N 2317 STL/DIT,1756096714,1756096727,772,0,0
1756077900_Q..N19R,140500_Q..N19R,Q,0,1756077900,1Q 2325 STL/962,1756096233,1756096246,673,0,0
1756077960_R..N27R,140600_R..N27R,R,0,1756077960,1R 2326 95S/WHL,1756094221,1756094236,525,0,0
1756078080_Q..S19R,140800_Q..S19R,Q,1,1756078080,1Q 2328 962/STL,1756096682,1756096684,720,0,0
1756078170_N..S20R,140950_N..S20R,N,1,1756078170,1N 2329+ DIT/STL,1756098005,1756098018,703,0,0
1756078530_R..S27R,141550_R..S27R,R,1,1756078530,1R 2335+ WHL/95S,1756095137,1756095152,548,0,0
1756078620_N..N20R,141700_N..N20R,N,0,1756078620,1N 2337 STL/DIT,1756098531,1756098546,929,0,0
1756078860_Q..N19R,142100_Q..N19R,Q,0,1756078860,1Q 2341 STL/962,1756097164,1756097177,733,0,0
1756078980_Q..S19R,142300_Q..S19R,Q,1,1756078980,1Q 2343 962/STL,1756097329,1756097343,747,0,0
1756079040_R..N27R,142400_R..N27R,R,0,1756079040,1R 2344 95S/WHL,1756095392,1756095408,531,0,0
1756079430_N..S20R,143050_N..S20R,N,1,1756079430,1N 2350+ DIT/STL,1756099492,1756099507,940,0,0
1756079700_R..S27R,143500_R..S27R,R,1,1756079700,1R 2355 WHL/95S,1756095993,1756096008,531,0,0
1756079820_N..N20R,143700_N..N20R,N,0,1756079820,1N 2357 STL/DIT,1756099777,1756099792,933,0,0
1756079820_Q..S19R,143700_Q..S19R,Q,1,1756079820,1Q 2357 962/STL,1756098335,1756098349,825,0,0
1756080060_Q..N19R,000100_Q..N19R,Q,0,1756080060,1Q 0001 STL/962,1756098816,1756098831,853,0,0
1756080360_R..N27R,000600_R..N27R,R,0,1756080360,1R 0006 95S/WHL,1756096862,1756096864,592,0,0
1756080420_N..N,000700_N..N,N,0,1756080420,EN 0007 STL/DIT,1756100332,1756100347,557,0,0
1756080630_N..S20R,001050_N..S20R,N,1,1756080630,1N 0010+ DIT/STL,1756100438,1756100453,914,0,0
1756080780_Q..S39R,001300_Q..S39R,Q,1,1756080780,1Q 0013 962/STL,1756099942,1756099957,861,0,0
1756080900_R..S27R,001500_R..S27R,R,1,1756080900,1R 0015 WHL/95S,1756097269,1756097283,584,0,0
1756081020_N..N20R,001700_N..N20R,N,0,1756081020,1N 0017 STL/DIT,1756101699,1756101712,993,0,0
1756081260_Q..N19R,002100_Q..N19R,Q,0,1756081260,1Q 0021 STL/962,1756099972,1756099987,799,0,0
1756081560_R..N27R,002600_R..N27R,R,0,1756081560,1R 0026 95S/WHL,1756099522,1756099537,729,0,0
1756081680_Q..S39R,002800_Q..S39R,Q,1,1756081680,1Q 0028 962/STL,1756101414,1756101427,867,0,0
1756081830_N..S20R,003050_N..S20R,N,1,1756081830,1N 0030+ DIT/STL,1756104267,1756104282,1163,0,0
1756082100_R..S27R,003500_R..S27R,R,1,1756082100,1R 0035 WHL/95S,1756098741,1756098756,606,0,0
1756082220_N..N20R,003700_N..N20R,N,0,1756082220,1N 0037 STL/DIT,1756102450,1756102463,934,0,0
1756082460_Q..N19R,004100_Q..N19R,Q,0,1756082460,1Q 0041 STL/962,1756100738,1756100753,691,0,0
1756082700_Q..S39R,004500_Q..S39R,Q,1,1756082700,1Q 0045 962/STL,1756101429,1756101442,734,0,0
1756082760_R..N27R,004600_R..N27R,R,0,1756082760,1R 0046 95S/WHL,1756099537,1756099552,571,0,0
1756083030_N..S20R,005050_N..S20R,N,1,1756083030,1N 0050+ DIT/STL,1756104267,1756104282,1012,0,0
1756083300_R..S27R,005500_R..S27R,R,1,1756083300,1R 0055 WHL/95S,1756099777,1756099792,541,0,0
1756083420_N..N20R,005700_N..N20R,N,0,1756083420,1N 0057 STL/DIT,1756103080,1756103094,892,0,0
1756083660_Q..N19R,006100_Q..N19R,Q,0,1756083660,1Q 0101 STL/962,1756102029,1756102042,736,0,0
1756083900_Q..S39R,006500_Q..S39R,Q,1,1756083900,1Q 0105 962/STL,1756102585,1756102598,794,0,0
1756083960_R..N27R,006600_R..N27R,R,0,1756083960,1R 0106 95S/WHL,1756101699,1756101712,672,0,0
1756084230_N..S20R,007050_N..S20R,N,1,1756084230,1N 0110+ DIT/STL,1756104236,1756104251,930,0,0
1756084500_R..S27R,007500_R..S27R,R,1,1756084500,1R 0115 WHL/95S,1756101158,1756101172,564,0,0
1756084620_N..N20R,007700_N..N20R,N,0,1756084620,1N 0117 STL/DIT,1756104282,1756104297,907,0,0
1756084860_Q..N19R,008100_Q..N19R,Q,0,1756084860,1Q 0121 STL/962,1756103139,1756103140,803,0,0
1756085160_R..N27R,008600_R..N27R,R,0,1756085160,1R 0126 95S/WHL,1756101699,1756101712,588,0,0
1756085430_N..S20R,009050_N..S20R,N,1,1756085430,1N 0130+ DIT/STL,1756105092,1756105107,898,0,0
1756085700_Q..S39R,009500_Q..S39R,Q,1,1756085700,1Q 0135 962/STL,1756105888,1756105903,540,1,2
1756085700_R..S27R,009500_R..S27R,R,1,1756085700,1R 0135 WHL/95S,1756102074,1756102088,579,0,0
1756085820_N..N20R,009700_N..N20R,N,0,1756085820,1N 0137 STL/DIT,1756105228,1756105242,855,0,0
1756086060_Q..N39R,010100_Q..N39R,Q,0,1756086060,1Q 0141 STL/962,1756103981,1756103996,740,0,0
1756086360_R..N27R,010600_R..N27R,R,0,1756086360,1R 0146 95S/WHL,1756104146,1756104161,711,0,0
1756086630_N..S20R,011050_N..S20R,N,1,1756086630,1N 0150+ DIT/STL,1756105948,1756105962,797,0,0
1756086900_R..S27R,011500_R..S27R,R,1,1756086900,1R 0155 WHL/95S,1756103185,1756103200,567,0,0
1756087020_N..N20R,011700_N..N20R,N,0,1756087020,1N 0157 STL/DIT,1756106667,1756106669,840,0,0
1756087260_Q..N39R,012100_Q..N39R,Q,0,1756087260,1Q 0201 STL/962,1756105693,1756105708,694,0,0
1756087500_Q..S39R,012500_Q..S39R,Q,1,1756087500,1Q 0205 962/STL,1756106233,1756106247,719,0,0
1756087560_R..N27R,012600_R..N27R,R,0,1756087560,1R 0206 95S/WHL,1756105918,1756105933,670,0,0
1756087830_N..S20R,013050_N..S20R,N,1,1756087830,1N 0210+ DIT/STL,1756107840,1756107854,896,0,0
1756088100_R..S27R,013500_R..S27R,R,1,1756088100,1R 0215 WHL/95S,1756104567,1756104582,532,0,0
1756088220_N..N20R,013700_N..N20R,N,0,1756088220,1N 0217 STL/DIT,1756107585,1756107599,836,0,0
1756088460_Q..N39R,014100_Q..N39R,Q,0,1756088460,1Q 0221 STL/962,1756106669,1756106682,698,0,0
1756088700_Q..S39R,014500_Q..S39R,Q,1,1756088700,1Q 0225 962/STL,1756108396,1756108411,885,0,0
1756088760_R..N27R,014600_R..N27R,R,0,1756088760,1R 0226 95S/WHL,1756105918,1756105933,579,0,0
1756089030_N..S20R,015050_N..S20R,N,1,1756089030,1N 0230+ DIT/STL,1756108501,1756108516,870,0,0
1756089300_R..S27R,015500_R..S27R,R,1,1756089300,1R 0235 WHL/95S,1756105918,1756105933,543,0,0
1756089420_N..N20R,015700_N..N20R,N,0,1756089420,1N 0237 STL/DIT,1756108966,1756108982,874,0,0
1756089900_Q..S39R,016500_Q..S39R,Q,1,1756089900,1Q 0245 962/STL,1756108396,1756108411,805,0,0
1756089960_R..N27R,016600_R..N27R,R,0,1756089960,1R 0246 95S/WHL,1756106307,1756106309,549,0,0
1756090230_N..S20R,017050_N..S20R,N,1,1756090230,1N 0250+ DIT/STL,1756110047,1756110063,976,0,0
1756090260_Q..N39R,017100_Q..N39R,Q,0,1756090260,1Q 0251 STL/962,1756108756,1756108771,564,0,0
1756090500_R..S27R,017500_R..S27R,R,1,1756090500,1R 0255 WHL/95S,1756107149,1756107163,606,0,0
1756090620_N..N20R,017700_N..N20R,N,0,1756090620,1N 0257 STL/DIT,1756109762,1756109777,885,0,0
1756091100_Q..S39R,018500_Q..S39R,Q,1,1756091100,1Q 0305 962/STL,1756109192,1756109207,745,0,0
1756091160_R..N27R,018600_R..N27R,R,0,1756091160,1R 0306 95S/WHL,1756109943,1756109957,838,0,0
1756091430_N..S20R,019050_N..S20R,N,1,1756091430,1N 0310+ DIT/STL,1756111054,1756111067,982,0,0
1756091700_R..S27R,019500_R..S27R,R,1,1756091700,1R 0315 WHL/95S,1756107855,1756107869,540,0,0
1756091820_N..N20R,019700_N..N20R,N,0,1756091820,1N 0317 STL/DIT,1756111745,1756111758,1098,0,0
1756092060_Q..N39R,020100_Q..N39R,Q,0,1756092060,1Q 0321 STL/962,1756110513,1756110528,798,0,0
1756092300_Q..S39R,020500_Q..S39R,Q,1,1756092300,1Q 0325 962/STL,1756110543,1756110558,771,0,0
1756092360_R..N27R,020600_R..N27R,R,0,1756092360,1R 0326 95S/WHL,1756109943,1756109957,678,0,0
1756092630_N..S20R,021050_N..S20R,N,1,1756092630,1N 0330+ DIT/STL,1756112390,,1135,0,0
1756092900_R..S27R,021500_R..S27R,R,1,1756092900,1R 0335 WHL/95S,1756110408,1756110422,696,0,0
1756093020_N..N20R,021700_N..N20R,N,0,1756093020,1N 0337 STL/DIT,1756112315,1756112329,1094,0,0
1756093260_Q..N39R,022100_Q..N39R,Q,0,1756093260,1Q 0341 STL/962,1756111609,1756111623,920,0,0
1756093500_Q..S39R,022500_Q..S39R,Q,1,1756093500,1Q 0345 962/STL,1756111864,1756111878,970,0,0
1756093560_R..N27R,022600_R..N27R,R,0,1756093560,1R 0346 95S/WHL,1756109943,1756109957,588,0,0
1756093830_N..S20R,023050_N..S20R,N,1,1756093830,1N 0350+ DIT/STL,1756112390,,1055,0,0
1756094100_R..S27R,023500_R..S27R,R,1,1756094100,1R 0355 WHL/95S,1756110708,1756110722,662,0,0
1756094220_N..N20R,023700_N..N20R,N,0,1756094220,1N 0357 STL/DIT,1756112390,,1029,0,0
1756008060_SI..N,024100_SI..N,SI,0,1756008060,1SI 0401 TNV/STG,1756024903,1756024913,806,0,0
1756008360_SI..S,024600_SI..S,SI,1,1756008360,1SI 0406 STG/TNV,1756025294,1756025304,818,0,0
1756009860_SI..N,027100_SI..N,SI,0,1756009860,1SI 0431 TNV/STG,1756026865,1756026870,827,0,0
1756010160_SI..S,027600_SI..S,SI,1,1756010160,1SI 0436 STG/TNV,1756027105,1756027111,819,0,0
1756011660_SI..N,030100_SI..N,SI,0,1756011660,1SI 0501 TNV/STG,1756028612,1756028622,820,0,0
1756011960_SI..S,030600_SI..S,SI,1,1756011960,1SI 0506 STG/TNV,1756028913,1756028922,820,0,0
1756013460_SI..N,033100_SI..N,SI,0,1756013460,1SI 0531 TNV/STG,1756030379,1756030384,817,0,0
1756015260_SI..N,036100_SI..N,SI,0,1756015260,1SI 0601 TNV/STG,1756032286,1756032291,832,0,0
1756015560_SI..S,036600_SI..S,SI,1,1756015560,1SI 0606 STG/TNV,1756032576,1756032586,831,0,0
1756017360_SI..S,039600_SI..S,SI,1,1756017360,1SI 0636 STG/TNV,1756034288,1756034298,819,0,0
1756018860_SI..N,042100_SI..N,SI,0,1756018860,1SI 0701 TNV/STG,1756035805,1756035814,821,0,0
1756019160_SI..S,042600_SI..S,SI,1,1756019160,1SI 0706 STG/TNV,1756036175,1756036180,828,0,0
1756020660_SI..N,045100_SI..N,SI,0,1756020660,1SI 0731 TNV/STG,1756037616,1756037622,821,0,0
1756020960_SI..S,045600_SI..S,SI,1,1756020960,1SI 0736 STG/TNV,1756038277,1756038282,869,0,0
1756022460_SI..N,048100_SI..N,SI,0,1756022460,1SI 0801 TNV/STG,1756039718,1756039724,861,0,0
1756022760_SI..S,048600_SI..S,SI,1,1756022760,1SI 0806 STG/TNV,1756039754,1756039763,826,0,0
1756024260_SI..N,051100_SI..N,SI,0,1756024260,1SI 0831 TNV/STG,1756041550,1756041556,865,0,0
1756024560_SI..S,051600_SI..S,SI,1,1756024560,1SI 0836 STG/TNV,1756042246,1756042256,918,0,0
1756026060_SI..N,054100_SI..N,SI,0,1756026060,1SI 0901 TNV/STG,1756043958,1756043968,946,0,0
1756026360_SI..S,054600_SI..S,SI,1,1756026360,1SI 0906 STG/TNV,1756043958,1756043968,906,0,0
1756027860_SI..N,057100_SI..N,SI,0,1756027860,1SI 0931 TNV/STG,1756045040,1756045050,850,0,0
1756028160_SI..S,057600_SI..S,SI,1,1756028160,1SI 0936 STG/TNV,1756045160,1756045169,826,0,0
1756029660_SI..N,060100_SI..N,SI,0,1756029660,1SI 1001 TNV/STG,1756046641,1756046646,824,0,0
1756029960_SI..S,060600_SI..S,SI,1,1756029960,1SI 1006 STG/TNV,1756047142,1756047151,851,0,0
1756031460_SI..N,063100_SI..N,SI,0,1756031460,1SI 1031 TNV/STG,1756048703,1756048713,859,0,0
1756031760_SI..S,063600_SI..S,SI,1,1756031760,1SI 1036 STG/TNV,1756048808,1756048818,833,0,0
1756033260_SI..N,066100_SI..N,SI,0,1756033260,1SI 1101 TNV/STG,1756050334,1756050340,836,0,0
1756033560_SI..S,066600_SI..S,SI,1,1756033560,1SI 1106 STG/TNV,1756050535,1756050545,823,0,0
1756035060_SI..N,069100_SI..N,SI,0,1756035060,1SI 1131 TNV/STG,1756052136,1756052142,837,0,0
1756035360_SI..S,069600_SI..S,SI,1,1756035360,1SI 1136 STG/TNV,1756052262,1756052271,814,0,0
1756036860_SI..N,072100_SI..N,SI,0,1756036860,1SI 1201 TNV/STG,1756053803,1756053808,819,0,0
1756037160_SI..S,072600_SI..S,SI,1,1756037160,1SI 1206 STG/TNV,1756054094,1756054103,818,0,0
1756038660_SI..N,075100_SI..N,SI,0,1756038660,1SI 1231 TNV/STG,1756055610,1756055620,820,0,0
1756038960_SI..S,075600_SI..S,SI,1,1756038960,1SI 1236 STG/TNV,1756056181,1756056190,856,0,0
1756040460_SI..N,078100_SI..N,SI,0,1756040460,1SI 1301 TNV/STG,1756057247,1756057256,798,0,0
1756040760_SI..S,078600_SI..S,SI,1,1756040760,1SI 1306 STG/TNV,1756057707,1756057713,819,0,0
1756042260_SI..N,081100_SI..N,SI,0,1756042260,1SI 1331 TNV/STG,1756059073,1756059079,801,0,0
1756042560_SI..S,081600_SI..S,SI,1,1756042560,1SI 1336 STG/TNV,1756059419,1756059424,807,0,0
1756044060_SI..N,084100_SI..N,SI,0,1756044060,1SI 1401 TNV/STG,1756060836,1756060845,797,0,0
1756044360_SI..S,084600_SI..S,SI,1,1756044360,1SI 1406 STG/TNV,1756061301,1756061311,819,0,0
1756045860_SI..N,087100_SI..N,SI,0,1756045860,1SI 1431 TNV/STG,1756062608,1756062617,793,0,0
1756046160_SI..S,087600_SI..S,SI,1,1756046160,1SI 1436 STG/TNV,1756063103,1756063113,819,0,0
1756047660_SI..N,090100_SI..N,SI,0,1756047660,1SI 1501 TNV/STG,1756064455,1756064464,799,0,0
1756047960_SI..S,090600_SI..S,SI,1,1756047960,1SI 1506 STG/TNV,1756065010,1756065019,833,0,0
1756049460_SI..N,093100_SI..N,SI,0,1756049460,1SI 1531 TNV/STG,1756066431,1756066437,823,0,0
1756049760_SI..S,093600_SI..S,SI,1,1756049760,1SI 1536 STG/TNV,1756066752,1756066761,826,0,0
1756051260_SI..N,096100_SI..N,SI,0,1756051260,1SI 1601 TNV/STG,1756068043,1756068053,798,0,0
1756051560_SI..S,096600_SI..S,SI,1,1756051560,1SI 1606 STG/TNV,1756068359,1756068368,800,0,0
1756053060_SI..N,099100_SI..N,SI,0,1756053060,1SI 1631 TNV/STG,1756070070,1756070080,828,0,0
1756053360_SI..S,099600_SI..S,SI,1,1756053360,1SI 1636 STG/TNV,1756071146,1756071152,931,0,0
1756054860_SI..N,102100_SI..N,SI,0,1756054860,1SI 1701 TNV/STG,1756071992,1756072002,844,0,0
1756055160_SI..S,102600_SI..S,SI,1,1756055160,1SI 1706 STG/TNV,1756072167,1756072173,827,0,0
1756056660_SI..N,105100_SI..N,SI,0,1756056660,1SI 1731 TNV/STG,1756073794,1756073804,844,0,0
1756056960_SI..S,105600_SI..S,SI,1,1756056960,1SI 1736 STG/TNV,1756073999,1756074005,831,0,0
1756058460_SI..N,108100_SI..N,SI,0,1756058460,1SI 1801 TNV/STG,1756075440,1756075446,824,0,0
1756058760_SI..S,108600_SI..S,SI,1,1756058760,1SI 1806 STG/TNV,1756075726,1756075731,822,0,0
1756060260_SI..N,111100_SI..N,SI,0,1756060260,1SI 1831 TNV/STG,1756077323,1756077332,835,0,0
1756060560_SI..S,111600_SI..S,SI,1,1756060560,1SI 1836 STG/TNV,1756079269,1756079275,1054,0,0
1756062060_SI..N,114100_SI..N,SI,0,1756062060,1SI 1901 TNV/STG,1756079275,1756079284,855,0,0
1756062360_SI..S,114600_SI..S,SI,1,1756062360,1SI 1906 STG/TNV,1756079395,1756079404,831,0,0
1756063860_SI..N,117100_SI..N,SI,0,1756063860,1SI 1931 TNV/STG,1756081047,1756081056,851,0,0
1756064160_SI..S,117600_SI..S,SI,1,1756064160,1SI 1936 STG/TNV,1756081071,1756081077,815,0,0
1756065660_SI..N,120100_SI..N,SI,0,1756065660,1SI 2001 TNV/STG,1756083059,1756083068,880,0,0
1756065960_SI..S,120600_SI..S,SI,1,1756065960,1SI 2006 STG/TNV,1756083044,1756083053,838,0,0
1756067460_SI..N,123100_SI..N,SI,0,1756067460,1SI 2031 TNV/STG,1756084981,1756084990,896,0,0
1756067760_SI..S,123600_SI..S,SI,1,1756067760,1SI 2036 STG/TNV,1756084981,1756084990,856,0,0
1756069260_SI..N,126100_SI..N,SI,0,1756069260,1SI 2101 TNV/STG,1756086672,1756086678,881,0,0
1756069560_SI..S,126600_SI..S,SI,1,1756069560,1SI 2106 STG/TNV,1756086663,1756086672,840,0,0
1756071060_SI..N,129100_SI..N,SI,0,1756071060,1SI 2131 TNV/STG,1756088474,1756088480,881,0,0
1756071360_SI..S,129600_SI..S,SI,1,1756071360,1SI 2136 STG/TNV,1756088459,1756088465,839,0,0
1756072860_SI..N,132100_SI..N,SI,0,1756072860,1SI 2201 TNV/STG,1756089966,1756089975,841,0,0
1756073160_SI..S,132600_SI..S,SI,1,1756073160,1SI 2206 STG/TNV,1756090221,1756090231,835,0,0
1756074660_SI..N,135100_SI..N,SI,0,1756074660,1SI 2231 TNV/STG,1756092068,1756092077,881,0,0
1756074960_SI..S,135600_SI..S,SI,1,1756074960,1SI 2236 STG/TNV,1756092068,1756092077,760,0,0
1756076460_SI..N,138100_SI..N,SI,0,1756076460,1SI 2301 TNV/STG,1756093435,1756093444,823,0,0
1756076760_SI..S,138600_SI..S,SI,1,1756076760,1SI 2306 STG/TNV,1756093774,1756093780,828,0,0
1756078260_SI..N,141100_SI..N,SI,0,1756078260,1SI 2331 TNV/STG,1756095237,1756095246,823,0,0
1756078560_SI..S,141600_SI..S,SI,1,1756078560,1SI 2336 STG/TNV,1756095981,1756095987,883,0,0
1756080060_SI..N,000100_SI..N,SI,0,1756080060,1SI 0001 TNV/STG,1756097474,1756097483,882,0,0
1756080360_SI.S03R,000600_SI.S03R,SI,1,1756080360,1SI 0006 STG/TNV,1756097384,1756097393,830,0,0
1756081860_SI..N,003100_SI..N,SI,0,1756081860,1SI 0031 TNV/STG,1756099345,1756099351,891,0,0
1756082160_SI.S03R,003600_SI.S03R,SI,1,1756082160,1SI 0036 STG/TNV,1756099330,1756099336,849,0,0
1756083660_SI.N03R,006100_SI.N03R,SI,0,1756083660,1SI 0101 TNV/STG,1756100582,1756100591,816,0,0
1756083960_SI.S03R,006600_SI.S03R,SI,1,1756083960,1SI 0106 STG/TNV,1756102234,1756102243,996,0,0
1756085460_SI.N03R,009100_SI.N03R,SI,0,1756085460,1SI 0131 TNV/STG,1756102594,1756102603,844,0,0
1756085760_SI.S03R,009600_SI.S03R,SI,1,1756085760,1SI 0136 STG/TNV,1756102678,1756102684,815,0,0
1756087260_SI.N03R,012100_SI.N03R,SI,0,1756087260,1SI 0201 TNV/STG,1756104195,1756104201,818,0,0
1756087560_SI.S03R,012600_SI.S03R,SI,1,1756087560,1SI 0206 STG/TNV,1756104501,1756104510,819,0,0
1756089060_SI.N03R,015100_SI.N03R,SI,0,1756089060,1SI 0231 TNV/STG,1756106123,1756106132,835,0,0
1756089360_SI.S03R,015600_SI.S03R,SI,1,1756089360,1SI 0236 STG/TNV,1756106543,1756106552,851,0,0
1756090860_SI.N03R,018100_SI.N03R,SI,0,1756090860,1SI 0301 TNV/STG,1756108114,1756108120,860,0,0
1756091160_SI.S03R,018600_SI.S03R,SI,1,1756091160,1SI 0306 STG/TNV,1756108114,1756108120,820,0,0
1756092660_SI.N03R,021100_SI.N03R,SI,0,1756092660,1SI 0331 TNV/STG,1756109697,1756109706,951,0,0
1756092960_SI.S03R,021600_SI.S03R,SI,1,1756092960,1SI 0336 STG/TNV,1756111658,1756111664,1433,0,0
