trip_uid,trip_id,route_id,direction_id,start_time,vehicle_id,last_observed,marked_past,num_updates,num_schedule_changes,num_schedule_rewrites
1755748920_5..S32R,024200_5..S32R,5,1,1755748920,05 0402  DYR/180,1755763950,1755763953,706,0,0
1755748950_7..S,024250_7..S,7,1,1755748950,07 0402+ WPT/34H,1755762639,1755763353,367,0,0
1755748980_5..N32R,024300_5..N32R,5,0,1755748980,05 0403  180/DYR,1755763959,1755763965,709,0,0
1755749070_3..S88X001,024450_3..S88X001,3,1,1755749070,03 0404+ 148/34S,1755765513,1755765516,1043,0,0
1755749100_7..N,024500_7..N,7,0,1755749100,07 0405 34H/WPT,1755765789,1755765795,981,0,0
1755749130_1..S03R,024550_1..S03R,1,1,1755749130,01 0405+ 242/SFT,1755766953,1755766956,1427,0,0
1755749130_3..N90X001,024550_3..N90X001,3,0,1755749130,03 0405+ 34S/148,1755765483,1755765486,1029,0,0
1755749220_4..N01X046,024700_4..N01X046,4,0,1755749220,04 0407  NLT/WDL,1755769173,1755769176,2018,0,0
1755749340_2..S08R,024900_2..S08R,2,1,1755749340,02 0409  241/FLA,1755769773,1755769776,2178,0,0
1755749370_4..S13R,024950_4..S13R,4,1,1755749370,04 0409+ WDL/NLT,1755769374,1755769380,1993,0,0
1755749550_6..N01R,025250_6..N01R,6,0,1755749550,06 0412+ BBR/PEL,1755767919,1755767925,1606,0,0
1755749550_7..S,025250_7..S,7,1,1755749550,07 0412+ WPT/34H,1755766194,1755766200,948,0,0
1755749610_2..N08X180,025350_2..N08X180,2,0,1755749610,02 0413+ FLA/241,1755770343,1755770346,2250,0,0
1755749670_1..N03R,025450_1..N03R,1,0,1755749670,01 0414+ SFT/242,1755767529,1755767535,1422,0,0
1755749700_6..S01R,025500_6..S01R,6,1,1755749700,06 0415  PEL/BBR,1755767691,1755767694,1429,0,0
1755750090_4..S13R,026150_4..S13R,4,1,1755750090,04 0421+ WDL/NLT,1755769854,1755769860,1961,0,0
1755750120_5..S32R,026200_5..S32R,5,1,1755750120,05 0422  DYR/180,1755765219,1755765225,726,0,0
1755750150_7..S,026250_7..S,7,1,1755750150,07 0422+ WPT/34H,1755821094,1755821100,13857,0,0
1755750180_5..N32R,026300_5..N32R,5,0,1755750180,05 0423  180/DYR,1755765261,1755765264,737,0,0
1755750240_2..S08R,026400_2..S08R,2,1,1755750240,02 0424  241/FLA,1755770799,1755770805,2212,0,0
1755750270_3..S88X001,026450_3..S88X001,3,1,1755750270,03 0424+ 148/34S,1755766533,1755766536,996,0,0
1755750300_7..N,026500_7..N,7,0,1755750300,07 0425 34H/G-C,1755765078,1755765081,654,0,0
1755750330_1..S03R,026550_1..S03R,1,1,1755750330,01 0425+ 242/SFT,1755768243,1755768246,1452,0,0
1755750330_3..N90X001,026550_3..N90X001,3,0,1755750330,03 0425+ 34S/148,1755766509,1755766515,990,0,0
1755750420_4..N01X046,026700_4..N01X046,4,0,1755750420,04 0427  NLT/WDL,1755770763,1755770766,2122,0,0
1755750600_6..S01R,027000_6..S01R,6,1,1755750600,06 0430  PEL/BBR,1755768660,1755768663,1483,0,0
1755750630_7..N,027050_7..N,7,0,1755750630,=7 0430+ G-C/MST,1755766998,1755767001,522,0,0
1755750750_6..N01R,027250_6..N01R,6,0,1755750750,06 0432+ BBR/PEL,1755769083,1755769086,1595,0,0
1755750810_2..N08X180,027350_2..N08X180,2,0,1755750810,02 0433+ FLA/241,1755771273,1755771276,2176,0,0
1755750870_1..N03R,027450_1..N03R,1,0,1755750870,01 0434+ SFT/242,1755768579,1755768585,1382,0,0
1755750990_4..S01R,027650_4..S01R,4,1,1755750990,04 0436+ WDL/NLT,1755770253,1755770256,1827,0,0
1755751140_2..S01R,027900_2..S01R,2,1,1755751140,02 0439  241/FLA,1755771594,1755771600,2175,0,0
1755751140_7..S,027900_7..S,7,1,1755751140,07 0439 WPT/34H,1755767709,1755767715,1097,0,0
1755751320_5..S32R,028200_5..S32R,5,1,1755751320,05 0442  DYR/180,1755766461,1755766464,737,0,0
1755751320_6..S01R,028200_6..S01R,6,1,1755751320,06 0442  PEL/BBR,1755769269,1755769275,1485,0,0
1755751350_1..S03R,028250_1..S03R,1,1,1755751350,01 0442+ 242/SFT,1755769221,1755769224,1472,0,0
1755751380_5..N32R,028300_5..N32R,5,0,1755751380,05 0443  180/DYR,1755766491,1755766494,745,0,0
1755751470_3..S88X001,028450_3..S88X001,3,1,1755751470,03 0444+ 148/34S,1755767439,1755767445,918,0,0
1755751530_3..N90X001,028550_3..N90X001,3,0,1755751530,03 0445+ 34S/148,1755768039,1755768045,1078,0,0
1755751590_4..S01R,028650_4..S01R,4,1,1755751590,04 0446+ WDL/NLT,1755770484,1755770490,1728,0,0
1755751620_4..N13R,028700_4..N13R,4,0,1755751620,04 0447  NLT/WDL,1755771504,1755771510,1993,0,0
1755751830_7..N,029050_7..N,7,0,1755751830,=7 0450+ G-C/MST,1755768846,1755768849,530,0,0
1755751950_6..N01R,029250_6..N01R,6,0,1755751950,06 0452+ BBR/PEL,1755769929,1755769935,1501,0,0
1755751980_7..S,029300_7..S,7,1,1755751980,07 0453 WPT/34H,1755768516,1755768519,1072,0,0
1755752010_2..N08R,029350_2..N08R,2,0,1755752010,/2 0453+ FLA/241,1755773154,1755773160,2292,0,0
1755752040_2..S01R,029400_2..S01R,2,1,1755752040,02 0454  241/FLA,1755771849,1755771855,1999,0,0
1755752040_6..S01R,029400_6..S01R,6,1,1755752040,06 0454  PEL/BBR,1755769890,1755769893,1490,0,0
1755752070_1..N03R,029450_1..N03R,1,0,1755752070,01 0454+ SFT/242,1755769773,1755769776,1379,0,0
1755752100_7..N,029500_7..N,7,0,1755752100,07 0455 34H/G-C,1755766854,1755766860,629,0,0
1755752160_4..S37R,029600_4..S37R,4,1,1755752160,04 0456  WDL/BWG,1755769638,1755769641,1343,0,0
1755752250_1..S03R,029750_1..S03R,1,1,1755752250,01 0457+ 242/SFT,1755769959,1755769965,1429,0,0
1755752340_5..S32R,029900_5..S32R,5,1,1755752340,05 0459  DYR/180,1755767493,1755767496,772,0,0
1755752460_4..N01R,030100_4..N01R,4,0,1755752460,04 0501  NLT/WDL,1755772374,1755772380,1964,0,0
1755752490_3..S01R,030150_3..S01R,3,1,1755752490,03 0501+ 148/NLT,1755770883,1755770886,1594,0,0
1755752580_5..N32R,030300_5..N32R,5,0,1755752580,05 0503  180/DYR,1755767643,1755767646,732,0,0
1755752610_7..S,030350_7..S,7,1,1755752610,07 0503+ WPT/34H,1755769209,1755769215,1132,0,0
1755752640_4..S05R,030400_4..S05R,4,1,1755752640,04 0504  WDL/UTI,1755771051,1755771054,1638,0,0
1755752730_3..N90R,030550_3..N90R,3,0,1755752730,03 0505+ 34S/148,1755768543,1755768546,892,0,0
1755752730_6..S01R,030550_6..S01R,6,1,1755752730,06 0505+ PEL/BBR,1755770619,1755770625,1444,0,0
1755752760_2..N08R,030600_2..N08R,2,0,1755752760,02 0506  FLA/241,1755773274,1755773280,2077,0,0
1755752940_1..S03R,030900_1..S03R,1,1,1755752940,01 0509  242/SFT,1755770634,1755770640,1448,0,0
1755752940_2..S01R,030900_2..S01R,2,1,1755752940,02 0509  241/FLA,1755773664,1755773670,2156,0,0
1755752970_7..S,030950_7..S,7,1,1755752970,07 0509+ MST/34H,1755769518,1755769521,1103,0,0
1755753000_5..S03R,031000_5..S03R,5,1,1755753000,05 0510  DYR/FLA,1755773163,1755773169,1939,0,0
1755753030_6..N01R,031050_6..N01R,6,0,1755753030,06 0510+ BBR/PEL,1755771204,1755771210,1518,0,0
1755753060_3..S88R,031100_3..S88R,3,1,1755753060,03 0511  148/34S,1755768609,1755768615,830,0,0
1755753120_4..S06R,031200_4..S06R,4,1,1755753120,04 0512  WDL/UTI,1755771369,1755771375,1558,0,0
1755753150_5..S02R,031250_5..S02R,5,1,1755753150,05 0512+ 180/FLA,1755772194,1755772200,1761,0,0
1755753180_4..N,031300_4..N,4,0,1755753180,04 0513  NLT/WDL,1755772644,1755772650,700,0,0
1755753180_4..N01R,031300_4..N01R,4,0,1755753180,04 0513  NLT/WDL,1755769629,1755769635,1101,0,0
1755753180_6..S01R,031300_6..S01R,6,1,1755753180,06 0513  PEL/BBR,1755771030,1755771033,1473,0,0
1755753270_1..N03R,031450_1..N03R,1,0,1755753270,01 0514+ SFT/242,1755771054,1755771060,1399,0,0
1755753420_1..S03R,031700_1..S03R,1,1,1755753420,01 0517  242/SFT,1755771129,1755771135,1418,0,0
1755753420_3..S01R,031700_3..S01R,3,1,1755753420,03 0517  148/NLT,1755772113,1755772116,1604,0,0
1755753450_7..S,031750_7..S,7,1,1755753450,07 0517+ MST/34H,1755770025,1755770028,1132,0,0
1755753570_6..S01R,031950_6..S01R,6,1,1755753570,06 0519+ PEL/BBR,1755771684,1755771690,1477,0,0
1755753600_4..S06R,032000_4..S06R,4,1,1755753600,04 0520  WDL/UTI,1755772359,1755772365,1641,0,0
1755753660_2..N01R,032100_2..N01R,2,0,1755753660,02 0521  FLA/241,1755773484,1755773490,1879,0,0
1755753660_2..S01R,032100_2..S01R,2,1,1755753660,02 0521  241/FLA,1755774213,1755774219,2035,0,0
1755753720_5..S,032200_5..S,5,1,1755753720,05 0522  DYR/FLA,1755773424,1755773430,598,0,0
1755753720_5..S03R,032200_5..S03R,5,1,1755753720,05 0522  DYR/FLA,1755770865,1755770868,1269,0,0
1755753780_5..N32R,032300_5..N32R,5,1,1755753780,05 0523  180/DYR,1755769179,1755769185,821,0,0
1755753780_7..S,032300_7..S,7,1,1755753780,07 0523 MST/34H,1755770319,1755770325,1098,0,0
1755753900_1..S03R,032500_1..S03R,1,1,1755753900,01 0525  242/SFT,1755771729,1755771735,1409,0,0
1755753900_4..N01R,032500_4..N01R,4,0,1755753900,04 0525  NLT/WDL,1755773379,1755773385,1778,0,0
1755753900_7..N,032500_7..N,7,0,1755753900,07 0525 34H/MST,1755770589,1755770595,1090,0,0
1755753930_3..N90R,032550_3..N90R,3,0,1755753930,03 0525+ 34S/148,1755769794,1755769800,905,0,0
1755753960_6..N01R,032600_6..N01R,6,0,1755753960,06 0526  BBR/PEL,1755771810,1755771813,1429,0,0
1755754020_6..S01R,032700_6..S01R,6,1,1755754020,06 0527  PEL/BBR,1755772029,1755772035,1484,0,0
1755754050_4..S,032750_4..S,4,1,1755754050,04 0527+ WDL/BWG,1755772143,1755772149,247,0,0
1755754050_4..S37R,032750_4..S37R,4,1,1755754050,04 0527+ WDL/BWG,1755770676,1755770679,1139,0,0
1755754170_7..S,032950_7..S,7,1,1755754170,07 0529+ MST/34H,1755770781,1755770784,1141,0,0
1755754200_5..S03R,033000_5..S03R,5,1,1755754200,05 0530  DYR/FLA,1755773934,1755773940,1813,0,0
1755754290_2..S01R,033150_2..S01R,2,1,1755754290,02 0531+ 241/FLA,1755774642,1755774651,1974,0,0
1755754320_3..S01R,033200_3..S01R,3,1,1755754320,03 0532  148/NLT,1755772299,1755772305,1466,0,0
1755754380_1..S03R,033300_1..S03R,1,1,1755754380,01 0533  242/SFT,1755772074,1755772080,1414,0,0
1755754410_4..N01R,033350_4..N01R,4,0,1755754410,04 0533+ NLT/WDL,1755773697,1755773700,1759,0,0
1755754440_6..S,033400_6..S,6,1,1755754440,/6 0534  PEL/BBR,1755772443,1755772449,286,0,0
1755754440_6..S01R,033400_6..S01R,6,1,1755754440,06 0534  PEL/BBR,1755771213,1755771216,1200,0,0
1755754470_1..N03R,033450_1..N03R,1,0,1755754470,01 0534+ SFT/242,1755772269,1755772275,1379,0,0
1755754470_2..N01R,033450_2..N01R,2,0,1755754470,02 0534+ FLA/241,1755774354,1755774360,1826,0,0
1755754560_4..S06R,033600_4..S06R,4,1,1755754560,04 0536  WDL/UTI,1755773343,1755773349,1611,0,0
1755754620_7..N,033700_7..N,7,0,1755754620,07 0537 34H/MST,1755771345,1755771348,1152,0,0
1755754650_7..S,033750_7..S,7,1,1755754650,07 0537+ MST/34H,1755771174,1755771180,1110,0,0
1755754680_6..N01R,033800_6..N01R,6,0,1755754680,06 0538  BBR/PEL,1755773133,1755773139,1568,0,0
1755754710_3..N01R,033850_3..N01R,3,0,1755754710,03 0538+ NLT/148,1755773124,1755773130,1566,0,0
1755754800_5..S03R,034000_5..S03R,5,1,1755754800,05 0540  DYR/FLA,1755774423,1755774429,1764,0,0
1755754860_1..S03R,034100_1..S03R,1,1,1755754860,01 0541  242/SFT,1755772569,1755772575,1366,0,0
1755754860_6..S01R,034100_6..S01R,6,1,1755754860,06 0541  PEL/BBR,1755772728,1755772734,1401,0,0
1755754890_2..S01R,034150_2..S01R,2,1,1755754890,02 0541+ 241/FLA,1755774888,1755774894,1868,0,0
1755754890_4..N02R,034150_4..N02R,4,0,1755754890,04 0541+ NLT/WDL,1755774063,1755774069,1622,0,0
1755754980_4..S06R,034300_4..S06R,4,1,1755754980,04 0543  WDL/UTI,1755773640,1755773643,1590,0,0
1755754980_5..N01R,034300_5..N01R,5,0,1755754980,05 0543  180/DYR,1755770223,1755770226,779,0,0
1755754980_7..S,034300_7..S,7,1,1755754980,07 0543 MST/34H,1755771606,1755771609,1088,0,0
1755755130_3..N90R,034550_3..N90R,3,0,1755755130,03 0545+ 34S/148,1755771009,1755771015,892,0,0
1755755160_3..S01R,034600_3..S01R,3,1,1755755160,03 0546  148/NLT,1755773613,1755773619,1505,0,0
1755755220_7..N,034700_7..N,7,0,1755755220,07 0547 34H/MST,1755772050,1755772053,1187,0,0
1755755250_5..N60R,034750_5..N60R,5,0,1755755250,05 0547+ NLT/DYR,1755774915,1755774921,1793,0,0
1755755280_5..S03R,034800_5..S03R,5,1,1755755280,05 0548  DYR/FLA,1755774993,1755774999,1810,0,0
1755755310_1..N03R,034850_1..N03R,1,0,1755755310,01 0548+ SFT/242,1755773004,1755773010,1380,0,0
1755755310_6..S01R,034850_6..S01R,6,1,1755755310,06 0548+ PEL/BBR,1755773394,1755773400,1461,0,0
1755755340_1..S03R,034900_1..S03R,1,1,1755755340,01 0549  242/SFT,1755773229,1755773235,1428,0,0
1755755340_2..N01R,034900_2..N01R,2,0,1755755340,02 0549  FLA/241,1755775398,1755775401,1902,0,0
1755755370_7..S,034950_7..S,7,1,1755755370,07 0549+ MST/34H,1755771948,1755771954,1113,0,0
1755755400_6..N01R,035000_6..N01R,6,0,1755755400,06 0550  BBR/PEL,1755773313,1755773319,1365,0,0
1755755400_GS.N01R,035000_GS.N01R,GS,0,1755755400,0S 0550  GCS/TSS,1755769869,1755769875,525,0,0
1755755460_2..S01R,035100_2..S01R,2,1,1755755460,02 0551  241/FLA,1755775578,1755775584,1869,0,0
1755755520_4..S06R,035200_4..S06R,4,1,1755755520,04 0552  WDL/UTI,1755773859,1755773865,1476,0,0
1755755610_4..N02R,035350_4..N02R,4,0,1755755610,04 0553+ NLT/WDL,1755774708,1755774711,1667,0,0
1755755610_7..S,035350_7..S,7,1,1755755610,07 0553+ MST/34H,1755772284,1755772290,1109,0,0
1755755610_GS.S01R,035350_GS.S01R,GS,1,1755755610,0S 0553+ TSS/GCS,1755770079,1755770085,581,0,0
1755755670_4..N14R,035450_4..N14R,4,0,1755755670,04 0554+ BWG/WDL,1755773124,1755773130,1246,0,0
1755755700_7..N,035500_7..N,7,0,1755755700,07 0555 34H/MST,1755772419,1755772425,1141,0,0
1755755700_GS.N04R,035500_GS.N04R,GS,0,1755755700,0S 0555  GCS/TSS,1755770199,1755770205,524,0,0
1755755820_1..S03R,035700_1..S03R,1,1,1755755820,01 0557  242/SFT,1755773568,1755773574,1336,0,0
1755755820_6..S,035700_6..S,6,1,1755755820,06 0557  PEL/BBR,1755773883,1755773886,147,0,0
1755755820_6..S01R,035700_6..S01R,6,1,1755755820,06 0557  PEL/BBR,1755773100,1755773103,1239,0,0
1755755850_3..S01R,035750_3..S01R,3,1,1755755850,03 0557+ 148/NLT,1755774783,1755774792,1603,0,0
1755755850_4..S06R,035750_4..S06R,4,1,1755755850,04 0557+ WDL/UTI,1755774030,1755774033,1434,0,0
1755755850_7..S,035750_7..S,7,1,1755755850,07 0557+ MST/34H,1755772428,1755772434,1062,0,0
1755755910_3..N01R,035850_3..N01R,3,0,1755755910,03 0558+ NLT/148,1755774294,1755774300,1494,0,0
1755755910_GS.S04R,035850_GS.S04R,GS,1,1755755910,0S 0558+ TSS/GCS,1755770373,1755770376,578,0,0
1755756000_5..S04R,036000_5..S04R,5,1,1755756000,05 0600  DYR/FLA,1755775206,1755775209,1620,0,0
1755756000_6..N01R,036000_6..N01R,6,0,1755756000,06 0600  BBR/PEL,1755773886,1755773889,1322,0,0
1755756000_GS.N01R,036000_GS.N01R,GS,0,1755756000,0S 0600  GCS/TSS,1755770496,1755770499,531,0,0
1755756030_2..S07R,036050_2..S07R,2,1,1755756030,02 0600+ 238/FLA,1755776163,1755776169,1865,0,0
1755756060_2..N01R,036100_2..N01R,2,0,1755756060,02 0601  FLA/241,1755775887,1755775890,1791,0,0
1755756090_1..N03R,036150_1..N03R,1,0,1755756090,01 0601+ SFT/242,1755774027,1755774030,1353,0,0
1755756090_7..S,036150_7..S,7,1,1755756090,07 0601+ MST/34H,1755772674,1755772680,1069,0,0
1755756120_7..N,036200_7..N,7,0,1755756120,07 0602 34H/MST,1755772749,1755772755,1086,0,0
1755756150_4..S06R,036250_4..S06R,4,1,1755756150,04 0602+ WDL/UTI,1755774393,1755774399,1436,0,0
1755756180_5..N01R,036300_5..N01R,5,0,1755756180,05 0603  180/DYR,1755771219,1755771225,722,0,0
1755756210_GS.S01R,036350_GS.S01R,GS,1,1755756210,0S 0603+ TSS/GCS,1755770679,1755770685,580,0,0
1755756240_5..N71R,036400_5..N71R,5,0,1755756240,05 0604  FLA/DYR,1755775818,1755775824,1773,0,0
1755756300_1..S03R,036500_1..S03R,1,1,1755756300,01 0605  242/SFT,1755773934,1755773940,1254,0,0
1755756300_2..S05R,036500_2..S05R,2,1,1755756300,02 0605  241/FLA,1755776313,1755776319,1826,0,0
1755756300_GS.N04R,036500_GS.N04R,GS,0,1755756300,0S 0605  GCS/TSS,1755770781,1755770784,528,0,0
1755756330_3..S01R,036550_3..S01R,3,1,1755756330,03 0605+ 148/NLT,1755774966,1755774969,1485,0,0
1755756360_5..S04R,036600_5..S04R,5,1,1755756360,05 0606  DYR/FLA,1755775818,1755775824,1694,0,0
1755756450_4..N03R,036750_4..N03R,4,0,1755756450,04 0607+ NLT/WDL,1755775347,1755775350,1571,0,0
1755756450_7..S,036750_7..S,7,1,1755756450,07 0607+ MST/34H,1755773106,1755773109,1077,0,0
1755756480_7..N,036800_7..N,7,0,1755756480,07 0608 34H/MST,1755773178,1755773184,1093,0,0
1755756510_4..S06R,036850_4..S06R,4,1,1755756510,04 0608+ WDL/UTI,1755774957,1755774963,1483,0,0
1755756510_GS.S04R,036850_GS.S04R,GS,1,1755756510,0S 0608+ TSS/GCS,1755770979,1755770985,581,0,0
1755756540_3..N42R,036900_3..N42R,3,0,1755756540,03 0609  TSQ/148,1755772314,1755772320,591,0,0
1755756540_6..S02R,036900_6..S02R,6X,1,1755756540,06 0609  PEL/BBR,1755774225,1755774228,1318,0,0
1755756600_2..S05R,037000_2..S05R,2,1,1755756600,02 0610  241/FLA,1755776925,1755776931,1902,0,0
1755756600_GS.N01R,037000_GS.N01R,GS,0,1755756600,0S 0610  GCS/TSS,1755771075,1755771078,525,0,0
1755756630_6..N01R,037050_6..N01R,6,0,1755756630,06 0610+ BBR/PEL,1755774483,1755774489,1297,0,0
1755756690_1..N03R,037150_1..N03R,1,0,1755756690,01 0611+ SFT/242,1755774333,1755774339,1263,0,0
1755756690_6..S03R,037150_6..S03R,6,1,1755756690,06 0611+ 177/BBR,1755774048,1755774054,1199,0,0
1755756720_2..N01R,037200_2..N01R,2,0,1755756720,02 0612  FLA/241,1755776763,1755776769,1860,0,0
1755756720_5..S04R,037200_5..S04R,5,1,1755756720,05 0612  DYR/FLA,1755775953,1755775959,1650,0,0
1755756720_7..N,037200_7..N,7,0,1755756720,07 0612 34H/MST,1755773349,1755773355,1036,0,0
1755756750_7..S,037250_7..S,7,1,1755756750,07 0612+ MST/34H,1755773490,1755773493,1064,0,0
1755756780_1..S03R,037300_1..S03R,1,1,1755756780,01 0613  242/SFT,1755774528,1755774531,1308,0,0
1755756810_3..N01R,037350_3..N01R,3,0,1755756810,03 0613+ NLT/148,1755775206,1755775209,1461,0,0
1755756810_5..S09R,037350_5..S09R,5,1,1755756810,05 0613+ 238/FLA,1755776523,1755776529,1782,0,0
1755756810_GS.S01R,037350_GS.S01R,GS,1,1755756810,0S 0613+ TSS/GCS,1755771285,1755771288,580,0,0
1755756870_4..S06R,037450_4..S06R,4,1,1755756870,04 0614+ WDL/UTI,1755775182,1755775191,1375,0,0
1755756900_7X..S,037500_7X..S,7X,1,1755756900,07 0615 MST/34H,1755773319,1755773325,1017,0,0
1755756900_GS.N04R,037500_GS.N04R,GS,0,1755756900,0S 0615  GCS/TSS,1755771411,1755771414,529,0,0
1755756960_5..N71R,037600_5..N71R,5,0,1755756960,05 0616  FLA/DYR,1755775977,1755775980,1576,0,0
1755756960_7..N,037600_7..N,7,0,1755756960,07 0616 34H/MST,1755773673,1755773679,1063,0,0
1755757020_7..S,037700_7..S,7,1,1755757020,07 0617 MST/34H,1755773643,1755773649,1000,0,0
1755757080_3..S01R,037800_3..S01R,3,1,1755757080,03 0618  148/NLT,1755775617,1755775620,1480,0,0
1755757080_6..S02R,037800_6..S02R,6X,1,1755757080,06 0618  PEL/BBR,1755774915,1755774921,1314,0,0
1755757110_6..N01R,037850_6..N01R,6,0,1755757110,06 0618+ BBR/PEL,1755774993,1755774999,1331,0,0
1755757110_GS.S04R,037850_GS.S04R,GS,1,1755757110,0S 0618+ TSS/GCS,1755771588,1755771594,575,0,0
1755757140_4..N03R,037900_4..N03R,4,0,1755757140,04 0619  NLT/WDL,1755776133,1755776139,1618,0,0
1755757200_4..S06R,038000_4..S06R,4,1,1755757200,04 0620  WDL/UTI,1755775548,1755775554,1382,0,0
1755757200_7..N,038000_7..N,7,0,1755757200,07 0620 34H/MST,1755773898,1755773904,1054,0,0
1755757200_GS.N01R,038000_GS.N01R,GS,0,1755757200,0S 0620  GCS/TSS,1755771696,1755771699,521,0,0
1755757230_6..S03R,038050_6..S03R,6,1,1755757230,06 0620+ 177/BBR,1755774528,1755774531,1148,0,0
1755757260_1..S03R,038100_1..S03R,1,1,1755757260,01 0621  242/SFT,1755774903,1755774909,1232,0,0
1755757260_2..S05R,038100_2..S05R,2,1,1755757260,02 0621  241/FLA,1755777768,1755777771,1939,0,0
1755757260_2..S07R,038100_2..S07R,2,1,1755757260,02 0621  238/FLA,1755777393,1755777399,1855,0,0
1755757290_1..N03R,038150_1..N03R,1,0,1755757290,01 0621+ SFT/242,1755775095,1755775101,1275,0,0
1755757380_5..N01R,038300_5..N01R,5,0,1755757380,05 0623  180/DYR,1755772434,1755772440,698,0,0
1755757380_7X..S,038300_7X..S,7X,1,1755757380,07 0623 MST/34H,1755773904,1755773907,953,0,0
1755757410_7..N,038350_7..N,7,0,1755757410,07 0623+ 34H/MST,1755774093,1755774099,995,0,0
1755757410_GS.S01R,038350_GS.S01R,GS,1,1755757410,0S 0623+ TSS/GCS,1755771891,1755771894,570,0,0
1755757440_2..N01R,038400_2..N01R,2,0,1755757440,02 0624  FLA/241,1755777318,1755777321,1837,0,0
1755757440_5..S04R,038400_5..S04R,5,1,1755757440,05 0624  DYR/FLA,1755777138,1755777144,1793,0,0
1755757470_7..S,038450_7..S,7,1,1755757470,07 0624+ 111/34H,1755773793,1755773799,930,0,0
1755757500_3..N01R,038500_3..N01R,3,0,1755757500,03 0625  NLT/148,1755775857,1755775860,1384,0,0
1755757500_7..S,038500_7..S,7,1,1755757500,07 0625 MST/34H,1755774198,1755774204,917,0,0
1755757500_GS.N04R,038500_GS.N04R,GS,0,1755757500,0S 0625  GCS/TSS,1755771993,1755771996,515,0,0
1755757530_5..S09R,038550_5..S09R,5,1,1755757530,05 0625+ 238/FLA,1755777558,1755777564,1780,0,0
1755757560_4..S06R,038600_4..S06R,4,1,1755757560,04 0626  WDL/UTI,1755775902,1755775905,1396,0,0
1755757590_6..N01R,038650_6..N01R,6,0,1755757590,06 0626+ BBR/PEL,1755775455,1755775461,1278,0,0
1755757620_6..S02R,038700_6..S02R,6X,1,1755757620,06 0627  PEL/BBR,1755775803,1755775809,1370,0,0
1755757650_4..N14R,038750_4..N14R,4,0,1755757650,04 0627+ BWG/WDL,1755775527,1755775530,1212,0,0
1755757680_3..S01R,038800_3..S01R,3,1,1755757680,03 0628  148/NLT,1755776103,1755776109,1450,0,0
1755757680_5..N71R,038800_5..N71R,5,0,1755757680,05 0628  FLA/DYR,1755776628,1755776634,1589,0,0
1755757680_7..N,038800_7..N,7,0,1755757680,07 0628 34H/MST,1755774378,1755774384,1026,0,0
1755757680_7X..S,038800_7X..S,7X,1,1755757680,07 0628 MST/34H,1755774054,1755774057,953,0,0
1755757710_GS.S04R,038850_GS.S04R,GS,1,1755757710,0S 0628+ TSS/GCS,1755772194,1755772200,562,0,0
1755757740_1..S03R,038900_1..S03R,1,1,1755757740,01 0629  242/SFT,1755775506,1755775509,1291,0,0
1755757770_2..S05R,038950_2..S05R,2,1,1755757770,02 0629+ 241/FLA,1755778083,1755778089,1857,0,0
1755757770_6..S03R,038950_6..S03R,6,1,1755757770,06 0629+ 177/BBR,1755775173,1755775179,1133,0,0
1755757800_4..S34R,039000_4..S34R,4,1,1755757800,04 0630  WDL/UTI,1755772458,1755772464,501,0,0
1755757800_GS.N01R,039000_GS.N01R,GS,0,1755757800,0S 0630  GCS/TSS,1755772284,1755772290,503,0,0
1755757890_1..N03R,039150_1..N03R,1,0,1755757890,01 0631+ SFT/242,1755775653,1755775659,1250,0,0
1755757920_7..N,039200_7..N,7,0,1755757920,07 0632 34H/MST,1755774660,1755774666,1018,0,0
1755757950_7X..S,039250_7X..S,7X,1,1755757950,07 0632+ MST/34H,1755774348,1755774354,946,0,0
1755758010_2..S07R,039350_2..S07R,2,1,1755758010,02 0633+ 238/FLA,1755778218,1755778224,1882,0,0
1755758010_GS.S01R,039350_GS.S01R,GS,1,1755758010,0S 0633+ TSS/GCS,1755772494,1755772500,551,0,0
1755758070_5..S04R,039450_5..S04R,5,1,1755758070,05 0634+ DYR/FLA,1755777888,1755777894,1730,0,0
1755758070_6..N01R,039450_6..N01R,6,0,1755758070,06 0634+ BBR/PEL,1755775998,1755776004,1263,0,0
1755758070_7..S,039450_7..S,7,1,1755758070,07 0634+ MST/34H,1755774888,1755774894,992,0,0
1755758100_1..S03R,039500_1..S03R,1,1,1755758100,01 0635  242/SFT,1755775893,1755775899,1235,0,0
1755758100_2..N01R,039500_2..N01R,2,0,1755758100,02 0635  FLA/241,1755777978,1755777984,1753,0,0
1755758100_2..S05R,039500_2..S05R,2,1,1755758100,02 0635  241/FLA,1755778545,1755778551,1881,0,0
1755758100_4..S34R,039500_4..S34R,4,1,1755758100,04 0635  WDL/UTI,1755776553,1755776559,1410,0,0
1755758100_6..S,039500_6..S,6X,1,1755758100,E6 0635  PEL/BBR,1755776055,1755776058,368,0,0
1755758100_6..S02R,039500_6..S02R,6X,1,1755758100,06 0635  PEL/BBR,1755774531,1755774540,768,0,0
1755758100_7..N,039500_7..N,7,0,1755758100,07 0635 34H/MST,1755774834,1755774840,979,0,0
1755758100_GS.N04R,039500_GS.N04R,GS,0,1755758100,0S 0635  GCS/TSS,1755772584,1755772590,492,0,0
1755758130_3..N01R,039550_3..N01R,3,0,1755758130,03 0635+ NLT/148,1755776646,1755776649,1433,0,0
1755758250_5..S09R,039750_5..S09R,5,1,1755758250,05 0637+ 238/FLA,1755778425,1755778431,1837,0,0
1755758250_7X..S,039750_7X..S,7X,1,1755758250,07 0637+ MST/34H,1755774723,1755774726,954,0,0
1755758280_6..S03R,039800_6..S03R,6,1,1755758280,06 0638  177/BBR,1755849616,1755849620,19285,0,0
1755758280_7..N,039800_7..N,7,0,1755758280,07 0638 34H/MST,1755774993,1755774999,1014,0,0
1755758310_GS.S04R,039850_GS.S04R,GS,1,1755758310,0S 0638+ TSS/GCS,1755772779,1755772785,534,0,0
1755758370_1..N03R,039950_1..N03R,1,0,1755758370,01 0639+ SFT/242,1755776079,1755776082,1204,0,0
1755758400_GS.N01R,040000_GS.N01R,GS,0,1755758400,0S 0640  GCS/TSS,1755772881,1755772884,475,0,0
1755758460_4..S34R,040100_4..S34R,4,1,1755758460,04 0641  WDL/UTI,1755777045,1755777054,1453,0,0
1755758490_3..S01R,040150_3..S01R,3,1,1755758490,03 0641+ 148/NLT,1755776607,1755776610,1344,0,0
1755758490_4..N06R,040150_4..N06R,4,0,1755758490,04 0641+ UTI/WDL,1755776817,1755776820,1395,0,0
1755758490_7..N,040150_7..N,7,0,1755758490,07 0641+ 34H/MST,1755775197,1755775203,947,0,0
1755758520_2..S05R,040200_2..S05R,2,1,1755758520,02 0642  241/FLA,1755778938,1755778944,1895,0,0
1755758550_1..S04R,040250_1..S04R,1,1,1755758550,01 0642+ 238/SFT,1755776178,1755776184,1213,0,0
1755758550_6..N01R,040250_6..N01R,6,0,1755758550,06 0642+ BBR/PEL,1755776628,1755776634,1350,0,0
1755758550_6..S02R,040250_6..S02R,6X,1,1755758550,06 0642+ PEL/BBR,1755776970,1755776973,1434,0,0
1755758550_7X..S,040250_7X..S,7X,1,1755758550,07 0642+ MST/34H,1755775182,1755775191,776,0,0
1755758580_5..N01R,040300_5..N01R,5,0,1755758580,05 0643  180/DYR,1755773598,1755773604,624,0,0
1755758610_7..N,040350_7..N,7,0,1755758610,07 0643+ 34H/MST,1755775365,1755775371,984,0,0
1755758610_GS.S01R,040350_GS.S01R,GS,1,1755758610,0S 0643+ TSS/GCS,1755773094,1755773100,520,0,0
1755758670_7..S,040450_7..S,7,1,1755758670,07 0644+ MST/34H,1755775536,1755775539,1027,0,0
1755758700_2..N01R,040500_2..N01R,2,0,1755758700,02 0645  FLA/241,1755778828,1755778833,1776,0,0
1755758700_3..N01R,040500_3..N01R,3,0,1755758700,03 0645  NLT/148,1755777204,1755777210,1336,0,0
1755758700_GS.N04R,040500_GS.N04R,GS,0,1755758700,0S 0645  GCS/TSS,1755773184,1755773190,462,0,0
1755758760_1..S03R,040600_1..S03R,1,1,1755758760,01 0646  242/SFT,1755776493,1755776499,1236,0,0
1755758760_6..S,040600_6..S,6,1,1755758760,/6 0646  177/BBR,1755776379,1755776382,106,0,0
1755758760_6..S03R,040600_6..S03R,6,1,1755758760,06 0646  177/BBR,1755775923,1755775929,1067,0,0
1755758760_7..N,040600_7..N,7,0,1755758760,07 0646 34H/MST,1755775485,1755775491,975,0,0
1755758790_5..S09R,040650_5..S09R,5,1,1755758790,05 0646+ 238/FLA,1755779106,1755779113,1837,0,0
1755758850_1..N03R,040750_1..N03R,1,0,1755758850,01 0647+ SFT/242,1755777054,1755777060,1376,0,0
1755758850_2..S,040750_2..S,2,1,1755758850,02 0647+ 241/FLA,1755779931,1755779937,929,0,0
1755758850_2..S05R,040750_2..S05R,2,1,1755758850,02 0647+ 241/FLA,1755776082,1755776085,1127,0,0
1755758850_7X..S,040750_7X..S,7X,1,1755758850,07 0647+ MST/34H,1755775365,1755775371,943,0,0
1755758880_4..S34R,040800_4..S34R,4,1,1755758880,04 0648  WDL/UTI,1755777450,1755777453,1471,0,0
1755758880_5..S04R,040800_5..S04R,5,1,1755758880,05 0648  DYR/FLA,1755778728,1755778737,1769,0,0
1755758880_7..N,040800_7..N,7,0,1755758880,07 0648 34H/MST,1755775782,1755775785,1007,0,0
1755758910_5..N71R,040850_5..N71R,5,0,1755758910,05 0648+ FLA/DYR,1755778143,1755778149,1609,0,0
1755758910_GS.S04R,040850_GS.S04R,GS,1,1755758910,0S 0648+ TSS/GCS,1755773373,1755773379,501,0,0
1755758940_3..S01R,040900_3..S01R,3,1,1755758940,03 0649  148/NLT,1755777093,1755777099,1384,0,0
1755758970_6..N01R,040950_6..N01R,6,0,1755758970,06 0649+ BBR/PEL,1755776787,1755776790,1234,0,0
1755759000_6..S02R,041000_6..S02R,6X,1,1755759000,06 0650  PEL/BBR,1755777114,1755777117,1314,0,0
1755759000_GS.N01R,041000_GS.N01R,GS,0,1755759000,0S 0650  GCS/TSS,1755773478,1755773484,447,0,0
1755759090_4..N06R,041150_4..N06R,4,0,1755759090,04 0651+ UTI/WDL,1755777438,1755777441,1426,0,0
1755759090_7..N,041150_7..N,7,0,1755759090,07 0651+ 34H/MST,1755776049,1755776052,833,0,0
1755759150_1..S04R,041250_1..S04R,1,1,1755759150,01 0652+ 238/SFT,1755776907,1755776910,1266,0,0
1755759150_6..S03R,041250_6..S03R,6,1,1755759150,06 0652+ 177/BBR,1755776808,1755776814,1206,0,0
1755759150_7X..S,041250_7X..S,7X,1,1755759150,07 0652+ MST/34H,1755775608,1755775614,908,0,0
1755759210_2..S,041350_2..S,2,1,1755759210,02 0653+ 241/FLA,1755780504,1755780510,959,0,0
1755759210_2..S05R,041350_2..S05R,2,1,1755759210,02 0653+ 241/FLA,1755776463,1755776472,1154,0,0
1755759210_GS.S01R,041350_GS.S01R,GS,1,1755759210,0S 0653+ TSS/GCS,1755773673,1755773679,487,0,0
1755759270_4..S34R,041450_4..S34R,4,1,1755759270,04 0654+ WDL/UTI,1755778287,1755778290,1512,0,0
1755759270_7..S,041450_7..S,7,1,1755759270,07 0654+ MST/34H,1755776010,1755776013,1006,0,0
1755759300_2..N01R,041500_2..N01R,2,0,1755759300,02 0655  FLA/241,1755779208,1755779214,1731,0,0
1755759300_3..N01R,041500_3..N01R,3,0,1755759300,03 0655  NLT/148,1755778008,1755778014,1452,0,0
1755759300_7..N,041500_7..N,7,0,1755759300,07 0655 34H/WPT,1755775728,1755775734,931,0,0
1755759300_GS.N04R,041500_GS.N04R,GS,0,1755759300,0S 0655  GCS/TSS,1755773778,1755773784,433,0,0
1755759330_1..N03R,041550_1..N03R,1,0,1755759330,01 0655+ SFT/242,1755777576,1755777579,1347,0,0
1755759330_1..S03R,041550_1..S03R,1,1,1755759330,01 0655+ 242/SFT,1755777216,1755777219,1264,0,0
1755759330_6..S,041550_6..S,6,1,1755759330,E6 0655+ 177/BBR,1755776625,1755776628,413,0,0
1755759330_6..S03R,041550_6..S03R,6,1,1755759330,E6 0655+ 177/BBR,1755775014,1755775020,327,0,0
1755759360_6..N01R,041600_6..N01R,6,0,1755759360,06 0656  BBR/PEL,1755777393,1755777399,1307,0,0
1755759390_6..S02R,041650_6..S02R,6X,1,1755759390,06 0656+ PEL/BBR,1755777408,1755777414,1308,0,0
1755759420_3..S03R,041700_3..S03R,3,1,1755759420,03 0657  145/NLT,1755777807,1755777810,1394,0,0
1755759450_5..S06R,041750_5..S06R,5,1,1755759450,05 0657+ DYR/UTI,1755778965,1755778968,1662,0,0
1755759450_7X..S,041750_7X..S,7X,1,1755759450,07 0657+ MST/34H,1755775860,1755775863,922,0,0
1755759480_4..S34R,041800_4..S34R,4,1,1755759480,E4 0658  WDL/UTI,1755778545,1755778551,1179,0,0
1755759480_7..N,041800_7..N,7,0,1755759480,07 0658 34H/MST,1755776145,1755776148,998,0,0
1755759510_GS.S04R,041850_GS.S04R,GS,1,1755759510,0S 0658+ TSS/GCS,1755773979,1755773985,476,0,0
1755759600_7..N,042000_7..N,7,0,1755759600,07 0700 34H/MST,1755776337,1755776340,1008,0,0
1755759600_GS.N01R,042000_GS.N01R,GS,0,1755759600,0S 0700  GCS/TSS,1755774093,1755774099,428,0,0
1755759630_2..S05R,042050_2..S05R,2,1,1755759630,02 0700+ 241/FLA,1755779655,1755779661,1768,0,0
1755759660_3..S01R,042100_3..S01R,3,1,1755759660,03 0701  148/NLT,1755778017,1755778020,1381,0,0
1755759660_5..N71R,042100_5..N71R,5,0,1755759660,05 0701  FLA/DYR,1755778575,1755778581,1506,0,0
1755759660_6..S03R,042100_6..S03R,6,1,1755759660,06 0701  177/BBR,1755777240,1755777243,1122,0,0
1755759690_4..N06R,042150_4..N06R,4,0,1755759690,04 0701+ UTI/WDL,1755777768,1755777771,1318,0,0
1755759720_1..S04R,042200_1..S04R,1,1,1755759720,01 0702  238/SFT,1755777534,1755777540,1265,0,0
1755759720_6..S02R,042200_6..S02R,6X,1,1755759720,06 0702  PEL/BBR,1755777870,1755777873,1340,0,0
1755759750_2..S06R,042250_2..S06R,2,1,1755759750,02 0702+ 241/NLT,1755780336,1755780342,1922,0,0
1755759750_3..N01R,042250_3..N01R,3,0,1755759750,03 0702+ NLT/148,1755778488,1755778494,1486,0,0
1755759750_6..N01R,042250_6..N01R,6,0,1755759750,06 0702+ BBR/PEL,1755777957,1755777960,1366,0,0
1755759750_7..N,042250_7..N,7,0,1755759750,07 0702+ 34H/MST,1755776439,1755776442,1009,0,0
1755759750_7X..S,042250_7X..S,7X,1,1755759750,07 0702+ MST/34H,1755776115,1755776118,923,0,0
1755759780_4..S34R,042300_4..S34R,4,1,1755759780,04 0703  WDL/UTI,1755778722,1755778723,1543,0,0
1755759810_1..N03R,042350_1..N03R,1,0,1755759810,$1 0703+ SFT/242,1755776958,1755776964,1129,0,0
1755759810_GS.S01R,042350_GS.S01R,GS,1,1755759810,0S 0703+ TSS/GCS,1755774309,1755774315,477,0,0
1755759870_2..N01R,042450_2..N01R,2,0,1755759870,02 0704+ FLA/241,1755780058,1755780066,1789,0,0
1755759870_4..N06R,042450_4..N06R,4,0,1755759870,04 0704+ UTI/WDL,1755778236,1755778239,1358,0,0
1755759870_7..S,042450_7..S,7,1,1755759870,07 0704+ MST/34H,1755776538,1755776544,946,0,0
1755759900_7..N,042500_7..N,7,0,1755759900,07 0705 34H/MST,1755776619,1755776622,1003,0,0
1755759900_GS.N04R,042500_GS.N04R,GS,0,1755759900,0S 0705  GCS/TSS,1755774390,1755774393,425,0,0
1755759930_1..S03R,042550_1..S03R,1,1,1755759930,01 0705+ 242/SFT,1755778407,1755778410,1397,0,0
1755759930_5..S04R,042550_5..S04R,5,1,1755759930,05 0705+ DYR/FLA,1755779763,1755779772,1724,0,0
1755759930_6..S02R,042550_6..S02R,6X,1,1755759930,06 0705+ PEL/BBR,1755778164,1755778170,1342,0,0
1755759960_5..S15R,042600_5..S15R,5,1,1755759960,05 0706  238/UTI,1755779940,1755779946,1738,0,0
1755760020_4..S34R,042700_4..S34R,4,1,1755760020,04 0707  WDL/UTI,1755779188,1755779190,1582,0,0
1755760050_6..S,042750_6..S,6,1,1755760050,06 0707+ 177/BBR,1755777579,1755777594,294,0,0
1755760050_6..S03R,042750_6..S03R,6,1,1755760050,06 0707+ 177/BBR,1755776298,1755776304,879,0,0
1755760050_7..N,042750_7..N,7,0,1755760050,07 0707+ 34H/WPT,1755776598,1755776604,965,0,0
1755760050_7X..S,042750_7X..S,7X,1,1755760050,07 0707+ MST/34H,1755776463,1755776472,944,0,0
1755760080_6..N03R,042800_6..N03R,6,0,1755760080,06 0708  BBR/177,1755777363,1755777369,1158,0,0
1755760110_3..N01R,042850_3..N01R,3,0,1755760110,03 0708+ NLT/148,1755778836,1755778842,1499,0,0
1755760110_5..N71R,042850_5..N71R,5,0,1755760110,05 0708+ FLA/DYR,1755779655,1755779661,1698,0,0
1755760110_GS.S04R,042850_GS.S04R,GS,1,1755760110,0S 0708+ TSS/GCS,1755774582,1755774588,469,0,0
1755760200_3..S01R,043000_3..S01R,3,1,1755760200,03 0710  148/NLT,1755778335,1755778344,1316,0,0
1755760200_7..N,043000_7..N,7,0,1755760200,07 0710 34H/MST,1755776892,1755776895,1017,0,0
1755760200_GS.N01R,043000_GS.N01R,GS,0,1755760200,0S 0710  GCS/TSS,1755774687,1755774690,428,0,0
1755760230_4..N03R,043050_4..N03R,4,0,1755760230,04 0710+ NLT/WDL,1755779728,1755779733,1650,0,0
1755760290_1..N03R,043150_1..N03R,1,0,1755760290,01 0711+ SFT/242,1755778104,1755778110,1266,0,0
1755760290_4..N06R,043150_4..N06R,4,0,1755760290,04 0711+ UTI/WDL,1755778683,1755778689,1399,0,0
1755760290_6..S02R,043150_6..S02R,6X,1,1755760290,06 0711+ PEL/BBR,1755778299,1755778305,1307,0,0
1755760320_1..S04R,043200_1..S04R,1,1,1755760320,01 0712  238/SFT,1755777354,1755777357,1091,0,0
1755760320_4..S35R,043200_4..S35R,4,1,1755760320,04 0712  WDL/BWG,1755778470,1755778476,1346,0,0
1755760320_6..N01R,043200_6..N01R,6,0,1755760320,06 0712  BBR/PEL,1755778176,1755778179,1279,0,0
1755760350_2..S,043250_2..S,2,1,1755760350,02 0712+ 238/FLA,1755780639,1755780643,741,0,0
1755760350_2..S07R,043250_2..S07R,2,1,1755760350,02 0712+ 238/FLA,1755777480,1755777483,1119,0,0
1755760350_5..N71R,043250_5..N71R,5,0,1755760350,E5 0712+ FLA/DYR,1755779949,1755779955,1267,0,0
1755760350_7..N,043250_7..N,7,0,1755760350,07 0712+ 34H/MST,1755777027,1755777030,1017,0,0
1755760350_7X..S,043250_7X..S,7X,1,1755760350,07 0712+ MST/34H,1755776646,1755776649,922,0,0
1755760410_2..N01R,043350_2..N01R,2,0,1755760410,02 0713+ FLA/241,1755780937,1755780943,1927,0,0
1755760410_6..S03R,043350_6..S03R,6,1,1755760410,06 0713+ 177/BBR,1755778014,1755778017,1245,0,0
1755760410_GS.S01R,043350_GS.S01R,GS,1,1755760410,0S 0713+ TSS/GCS,1755774894,1755774897,474,0,0
1755760440_4..N06R,043400_4..N06R,4,0,1755760440,04 0714  UTI/WDL,1755779208,1755779214,1523,0,0
1755760440_7..S,043400_7..S,7,1,1755760440,07 0714 111/34H,1755776790,1755776793,940,0,0
1755760440_GS.N04R,043400_GS.N04R,GS,0,1755760440,0S 0714  GCS/TSS,1755774927,1755774936,481,0,0
1755760470_1..S,043450_1..S,1,1,1755760470,/1 0714+ 242/SFT,1755780159,1755780163,473,0,0
1755760470_1..S03R,043450_1..S03R,1,1,1755760470,/1 0714+ 242/SFT,1755778041,1755778044,1188,0,0
1755760470_5..S04R,043450_5..S04R,5,1,1755760470,05 0714+ DYR/FLA,1755780904,1755780910,1857,0,0
1755760470_5..S09R,043450_5..S09R,5,1,1755760470,05 0714+ 238/FLA,1755781018,1755781024,1885,0,0
1755760470_7..S,043450_7..S,7,1,1755760470,07 0714+ MST/34H,1755777018,1755777024,990,0,0
1755760500_7..N,043500_7..N,7,0,1755760500,07 0715 34H/111,1755776991,1755776994,977,0,0
1755760560_3..S01R,043600_3..S01R,3,1,1755760560,03 0716  148/NLT,1755778768,1755778773,1354,0,0
1755760590_5..N62R,043650_5..N62R,5,0,1755760590,05 0716+ NLT/DYR,1755780853,1755780853,1844,0,0
1755760590_6..N03R,043650_6..N03R,6,0,1755760590,06 0716+ BBR/177,1755777948,1755777954,1165,0,0
1755760620_4..S34R,043700_4..S34R,4,1,1755760620,04 0717  WDL/UTI,1755779574,1755779578,1548,0,0
1755760620_5..N71R,043700_5..N71R,5,0,1755760620,05 0717  FLA/DYR,1755780528,1755780537,1770,0,0
1755760650_7..N,043750_7..N,7,0,1755760650,07 0717+ 34H/111,1755777117,1755777120,960,0,0
1755760650_7X..S,043750_7X..S,7X,1,1755760650,07 0717+ MST/34H,1755777174,1755777177,975,0,0
1755760650_GS.S04R,043750_GS.S04R,GS,1,1755760650,0S 0717+ TSS/GCS,1755775119,1755775125,460,0,0
1755760680_2..S05R,043800_2..S05R,2,1,1755760680,02 0718  241/FLA,1755781348,1755781354,1960,0,0
1755760680_6..S02R,043800_6..S02R,6X,1,1755760680,06 0718  PEL/BBR,1755778644,1755778648,1324,0,0
1755760680_GS.N01R,043800_GS.N01R,GS,0,1755760680,0S 0718  GCS/TSS,1755775173,1755775179,473,0,0
1755760710_1..S03R,043850_1..S03R,1,1,1755760710,/1 0718+ 242/SFT,1755781153,1755781162,1914,0,0
1755760740_3..N01R,043900_3..N01R,3,0,1755760740,03 0719  NLT/148,1755779445,1755779451,1518,0,0
1755760740_4..N06R,043900_4..N06R,4,0,1755760740,04 0719  UTI/WDL,1755779478,1755779484,1527,0,0
1755760770_1..N03R,043950_1..N03R,1,1,1755760770,$1 0719+ SFT/242,1755777663,1755777669,1031,0,0
1755760800_7..N,044000_7..N,7,0,1755760800,07 0720 34H/MST,1755777645,1755777648,1067,0,0
1755760860_2..S05R,044100_2..S05R,2,1,1755760860,02 0721  241/FLA,1755781468,1755781474,1929,0,0
1755760860_4..S34R,044100_4..S34R,4,1,1755760860,04 0721  WDL/UTI,1755780291,1755780294,1644,0,0
1755760860_6..N01R,044100_6..N01R,6,0,1755760860,06 0721  BBR/PEL,1755778836,1755778842,1307,0,0
1755760890_GS.S01R,044150_GS.S01R,GS,1,1755760890,0S 0721+ TSS/GCS,1755775374,1755775380,455,0,0
1755760920_GS.N04R,044200_GS.N04R,GS,0,1755760920,0S 0722  GCS/TSS,1755775380,1755775386,456,0,0
1755760950_3..S01R,044250_3..S01R,3,1,1755760950,03 0722+ 148/NLT,1755779106,1755779113,1369,0,0
1755760950_6..S03R,044250_6..S03R,6,1,1755760950,06 0722+ 177/BBR,1755778464,1755778470,1218,0,0
1755760950_7..N,044250_7..N,7,0,1755760950,07 0722+ 34H/MST,1755777804,1755777807,1057,0,0
1755760950_7X..S,044250_7X..S,7X,1,1755760950,07 0722+ MST/34H,1755777270,1755777276,939,0,0
1755760980_1..S,044300_1..S,1,1,1755760980,01 0723  238/SFT,1755780639,1755780643,168,0,0
1755760980_1..S04R,044300_1..S04R,1,1,1755760980,01 0723  238/SFT,1755779904,1755779908,1565,0,0
1755760980_2..N01R,044300_2..N01R,2,0,1755760980,02 0723  FLA/241,1755781447,1755781450,1923,0,0
1755760980_2..N03R,044300_2..N03R,2,0,1755760980,02 0723  NLT/241,1755781630,1755781633,1970,0,0
1755760980_6..S02R,044300_6..S02R,6X,1,1755760980,06 0723  PEL/BBR,1755778873,1755778881,1317,0,0
1755761040_5..S04R,044400_5..S04R,5,1,1755761040,05 0724  DYR/FLA,1755781588,1755781594,1959,0,0
1755761070_7..S,044450_7..S,7,1,1755761070,07 0724+ MST/34H,1755777579,1755777594,987,0,0
1755761100_1..S,044500_1..S,1,1,1755761100,01 0725  242/SFT,1755780988,1755780994,189,0,0
1755761100_1..S03R,044500_1..S03R,1,1,1755761100,01 0725  242/SFT,1755780174,1755780178,1564,0,0
1755761100_7..N,044500_7..N,7,0,1755761100,07 0725 34H/WPT,1755777612,1755777621,993,0,0
1755761130_GS.S04R,044550_GS.S04R,GS,1,1755761130,0S 0725+ TSS/GCS,1755775605,1755775608,454,0,0
1755761160_5..S09R,044600_5..S09R,5,1,1755761160,05 0726  238/FLA,1755781888,1755781894,1976,0,0
1755761160_GS.N01R,044600_GS.N01R,GS,0,1755761160,0S 0726  GCS/TSS,1755775653,1755775659,467,0,0
1755761190_1..N03R,044650_1..N03R,1,0,1755761190,01 0726+ SFT/242,1755778918,1755778920,1267,0,0
1755761220_3..N01R,044700_3..N01R,3,0,1755761220,03 0727  NLT/148,1755779868,1755779874,1496,0,0
1755761220_6..N03R,044700_6..N03R,6,0,1755761220,06 0727  BBR/177,1755778608,1755778614,834,0,0
1755761250_7..N,044750_7..N,7,0,1755761250,07 0727+ 34H/MST,1755777999,1755778002,1062,0,0
1755761250_7X..S,044750_7X..S,7X,1,1755761250,07 0727+ MST/34H,1755777759,1755777768,1003,0,0
1755761280_5..N84R,044800_5..N84R,5,0,1755761280,05 0728  FLA/180,1755780208,1755780210,1572,0,0
1755761310_1..S,044850_1..S,1,1,1755761310,01 0728+ 242/SFT,1755781489,1755781492,186,0,0
1755761310_1..S03R,044850_1..S03R,1,1,1755761310,01 0728+ 242/SFT,1755780459,1755780463,1630,0,0
1755761340_4..N06R,044900_4..N06R,4,0,1755761340,04 0729  UTI/WDL,1755779916,1755779923,1508,0,0
1755761340_4..S34R,044900_4..S34R,4,1,1755761340,04 0729  WDL/UTI,1755780958,1755780964,1746,0,0
1755761340_4..S36R,044900_4..S36R,4,1,1755761340,04 0729  BPK/UTI,1755780588,1755780594,1662,0,0
1755761340_6..S02R,044900_6..S02R,6X,1,1755761340,06 0729  PEL/BBR,1755779208,1755779214,1336,0,0
1755761370_2..S05R,044950_2..S05R,2,1,1755761370,02 0729+ 241/FLA,1755782272,1755782275,2018,0,0
1755761370_7..N,044950_7..N,7,0,1755761370,07 0729+ 34H/111,1755777723,1755777729,971,0,0
1755761370_GS.S01R,044950_GS.S01R,GS,1,1755761370,0S 0729+ TSS/GCS,1755775854,1755775857,457,0,0
1755761400_3..S03R,045000_3..S03R,3,1,1755761400,03 0730  145/NLT,1755779655,1755779661,1383,0,0
1755761400_GS.N04R,045000_GS.N04R,GS,0,1755761400,0S 0730  GCS/TSS,1755775860,1755775863,459,0,0
1755761460_2..N01R,045100_2..N01R,2,0,1755761460,02 0731  FLA/241,1755781750,1755781753,1879,0,0
1755761490_7..N,045150_7..N,7,0,1755761490,07 0731+ 34H/111,1755777852,1755777855,974,0,0
1755761490_7X..S,045150_7X..S,7X,1,1755761490,07 0731+ MST/34H,1755777993,1755777999,1011,0,0
1755761550_1..N03R,045250_1..N03R,1,0,1755761550,01 0732+ SFT/242,1755779409,1755779412,1321,0,0
1755761580_6..N,045300_6..N,6,0,1755761580,/6 0733  BBR/PEL,1755779847,1755779850,61,0,0
1755761580_6..N01R,045300_6..N01R,6,0,1755761580,06 0733  BBR/PEL,1755779445,1755779451,881,0,0
1755761580_6..S03R,045300_6..S03R,6,1,1755761580,06 0733  177/BBR,1755779008,1755779013,1224,0,0
1755761610_5..N71R,045350_5..N71R,5,0,1755761610,05 0733+ FLA/DYR,1755781267,1755781270,1752,0,0
1755761610_7..S,045350_7..S,7,1,1755761610,07 0733+ MST/34H,1755778293,1755778299,1043,0,0
1755761610_GS.S04R,045350_GS.S04R,GS,1,1755761610,0S 0733+ TSS/GCS,1755776088,1755776094,520,0,0
1755761640_3..S01R,045400_3..S01R,3,1,1755761640,03 0734  148/NLT,1755780028,1755780033,1468,0,0
1755761640_7..N,045400_7..N,7,0,1755761640,07 0734 34H/MST,1755778518,1755778524,1096,0,0
1755761640_GS.N01R,045400_GS.N01R,GS,0,1755761640,0S 0734  GCS/TSS,1755776148,1755776154,536,0,0
1755761670_2..S07R,045450_2..S07R,2,1,1755761670,02 0734+ 238/FLA,1755782422,1755782425,1991,0,0
1755761670_3..N01R,045450_3..N01R,3,0,1755761670,03 0734+ NLT/148,1755780378,1755780390,1482,0,0
1755761670_4..N06R,045450_4..N06R,4,0,1755761670,04 0734+ UTI/WDL,1755780219,1755780225,1446,0,0
1755761670_6..S,045450_6..S,6X,1,1755761670,/6 0734+ PEL/BBR,1755779683,1755779688,55,0,0
1755761670_6..S02R,045450_6..S02R,6X,1,1755761670,06 0734+ PEL/BBR,1755779383,1755779391,1250,0,0
1755761670_7..S,045450_7..S,7,1,1755761670,07 0734+ 111/34H,1755777852,1755777855,935,0,0
1755761700_4..S34R,045500_4..S34R,4,1,1755761700,04 0735  WDL/UTI,1755781153,1755781162,1662,0,0
1755761730_2..S05R,045550_2..S05R,2,1,1755761730,02 0735+ 241/FLA,1755782848,1755782854,2106,0,0
1755761730_5..S06R,045550_5..S06R,5,1,1755761730,05 0735+ DYR/UTI,1755781330,1755781333,1703,0,0
1755761790_7..N,045650_7..N,7,0,1755761790,07 0736+ 34H/MST,1755778575,1755778581,1078,0,0
1755761820_1..S03R,045700_1..S03R,1,1,1755761820,01 0737  242/SFT,1755775989,1755776010,427,0,0
1755761820_2..N01R,045700_2..N01R,2,0,1755761820,02 0737  FLA/241,1755782680,1755782683,2061,0,0
1755761850_7X..S,045750_7X..S,7X,1,1755761850,07 0737+ MST/34H,1755778155,1755778161,959,0,0
1755761850_GS.S01R,045750_GS.S01R,GS,1,1755761850,0S 0737+ TSS/GCS,1755776343,1755776349,522,0,0
1755761880_3..S,045800_3..S,3,1,1755761880,E3 0738  148/NLT,1755781153,1755781162,966,0,0
1755761880_3..S01R,045800_3..S01R,3,1,1755761880,03 0738  148/NLT,1755777030,1755777033,681,0,0
1755761880_GS.N04R,045800_GS.N04R,GS,0,1755761880,0S 0738  GCS/TSS,1755776370,1755776373,529,0,0
1755761910_1..N03R,045850_1..N03R,1,0,1755761910,01 0738+ SFT/242,1755779833,1755779841,1358,0,0
1755761910_7..N,045850_7..N,7,0,1755761910,07 0738+ 34H/MST,1755778768,1755778773,1082,0,0
1755761940_6..S03R,045900_6..S03R,6,1,1755761940,06 0739  177/BBR,1755779338,1755779343,1239,0,0
1755761970_5..S04R,045950_5..S04R,5,1,1755761970,05 0739+ DYR/FLA,1755782158,1755782164,1854,0,0
1755761970_7..S,045950_7..S,7,1,1755761970,07 0739+ MST/34H,1755778722,1755778723,1072,0,0
1755762030_5..N71R,046050_5..N71R,5,0,1755762030,05 0740+ FLA/DYR,1755781738,1755781744,1742,0,0
1755762030_6..N01R,046050_6..N01R,6,0,1755762030,06 0740+ BBR/PEL,1755779994,1755780000,946,0,0
1755762030_6..S02R,046050_6..S02R,6X,1,1755762030,06 0740+ PEL/BBR,1755780033,1755780039,1335,0,0
1755762030_7..N,046050_7..N,7,0,1755762030,07 0740+ 34H/111,1755778350,1755778353,968,0,0
1755762030_7..S,046050_7..S,7,1,1755762030,07 0740+ WPT/34H,1755778602,1755778605,1028,0,0
1755762060_1..S03R,046100_1..S03R,1,1,1755762060,01 0741  242/SFT,1755776709,1755776712,545,0,0
1755762090_2..S06R,046150_2..S06R,2,1,1755762090,02 0741+ 241/NLT,1755783322,1755783325,2164,0,0
1755762090_4..N06R,046150_4..N06R,4,0,1755762090,04 0741+ UTI/WDL,1755780663,1755780672,1482,0,0
1755762090_7X..S,046150_7X..S,7X,1,1755762090,07 0741+ MST/34H,1755778443,1755778449,962,0,0
1755762090_GS.S04R,046150_GS.S04R,GS,1,1755762090,0S 0741+ TSS/GCS,1755776565,1755776568,512,0,0
1755762120_3..N01R,046200_3..N01R,3,0,1755762120,03 0742  NLT/148,1755780816,1755780823,1521,0,0
1755762120_4..S34R,046200_4..S34R,4,1,1755762120,04 0742  WDL/UTI,1755781792,1755781795,1756,0,0
1755762120_GS.N01R,046200_GS.N01R,GS,0,1755762120,0S 0742  GCS/TSS,1755776607,1755776610,523,0,0
1755762180_7..N,046300_7..N,7,0,1755762180,07 0743 34H/111,1755778494,1755778500,971,0,0
1755762270_1..N03R,046450_1..N03R,1,0,1755762270,01 0744+ SFT/242,1755780186,1755780192,1303,0,0
1755762270_2..S05R,046450_2..S05R,2,1,1755762270,02 0744+ 241/FLA,1755783112,1755783115,2042,0,0
1755762270_5..N84R,046450_5..N84R,5,0,1755762270,05 0744+ FLA/180,1755781279,1755781282,1555,0,0
1755762270_6..N03R,046450_6..N03R,6,0,1755762270,06 0744+ BBR/177,1755779802,1755779803,813,0,0
1755762300_6..S03R,046500_6..S03R,6,1,1755762300,06 0745  177/BBR,1755779865,1755779868,1232,0,0
1755762330_7..N,046550_7..N,7,0,1755762330,07 0745+ 34H/MST,1755779046,1755779052,1064,0,0
1755762330_7X..S,046550_7X..S,7X,1,1755762330,07 0745+ MST/34H,1755778863,1755778869,1023,0,0
1755762330_GS.S01R,046550_GS.S01R,GS,1,1755762330,0S 0745+ TSS/GCS,1755776808,1755776814,506,0,0
1755762360_4..N06R,046600_4..N06R,4,0,1755762360,04 0746  UTI/WDL,1755780988,1755780994,1490,0,0
1755762360_GS.N04R,046600_GS.N04R,GS,0,1755762360,0S 0746  GCS/TSS,1755776862,1755776865,520,0,0
1755762379_7..N,046633_7..N,7,0,1755762379,=7 0746 111/MST,1755777414,1755777417,597,0,0
1755762390_2..N01R,046650_2..N01R,2,0,1755762390,02 0746+ FLA/241,1755783112,1755783115,2042,0,0
1755762420_5..S11R,046700_5..S11R,5,1,1755762420,05 0747  238/BWG,1755781468,1755781474,1549,0,0
1755762420_6..S02R,046700_6..S02R,6X,1,1755762420,06 0747  PEL/BBR,1755780306,1755780312,1330,0,0
1755762450_7..S,046750_7..S,7,1,1755762450,07 0747+ MST/34H,1755779505,1755779514,1145,0,0
1755762480_1..S03R,046800_1..S03R,1,1,1755762480,01 0748  242/SFT,1755781660,1755781663,1655,0,0
1755762480_5..S04R,046800_5..S04R,5,1,1755762480,05 0748  DYR/FLA,1755782683,1755782689,1928,0,0
1755762480_6..N03R,046800_6..N03R,6,0,1755762480,06 0748  BBR/177,1755780013,1755780021,1265,0,0
1755762480_7..N,046800_7..N,7,0,1755762480,07 0748 34H/MST,1755779274,1755779278,1086,0,0
1755762510_3..S03R,046850_3..S03R,3,1,1755762510,03 0748+ 145/NLT,1755780598,1755780606,1401,0,0
1755762510_4..S34R,046850_4..S34R,4,1,1755762510,04 0748+ WDL/UTI,1755781960,1755781963,1735,0,0
1755762540_4..N,046900_4..N,4,0,1755762540,04 0749  UTI/BUR,1755780348,1755780354,56,0,0
1755762540_4..N43R,046900_4..N43R,4,0,1755762540,04 0749  UTI/BUR,1755779973,1755779976,1255,0,0
1755762540_7..N,046900_7..N,7,0,1755762540,=7 0749 111/WPT,1755777300,1755777306,563,0,0
1755762570_7X..S,046950_7X..S,7X,1,1755762570,07 0749+ MST/34H,1755779133,1755779142,1030,0,0
1755762570_GS.S04R,046950_GS.S04R,GS,1,1755762570,0S 0749+ TSS/GCS,1755777054,1755777060,498,0,0
1755762600_1..S,047000_1..S,1,1,1755762600,/1 0750  145/SFT,1755779563,1755779571,175,0,0
1755762600_1..S04R,047000_1..S04R,1,1,1755762600,E1 0750  145/SFT,1755778653,1755778659,397,0,0
1755762600_GS.N01R,047000_GS.N01R,GS,0,1755762600,0S 0750  GCS/TSS,1755777090,1755777093,506,0,0
1755762630_1..N10R,047050_1..N10R,1,0,1755762630,01 0750+ SFT/137,1755779068,1755779073,968,0,0
1755762630_3..S01R,047050_3..S01R,3,1,1755762630,03 0750+ 148/NLT,1755781270,1755781273,1484,0,0
1755762630_6..S03R,047050_6..S03R,6,1,1755762630,06 0750+ 177/BBR,1755780168,1755780174,1231,0,0
1755762630_7..N,047050_7..N,7,0,1755762630,07 0750+ 34H/111,1755779085,1755779091,998,0,0
1755762720_1..S03R,047200_1..S03R,1,1,1755762720,01 0752  242/SFT,1755781930,1755781933,1574,0,0
1755762720_2..N01X179,047200_2..N01X179,2,0,1755762720,02 0752  FLA/241,1755783463,1755783469,2067,0,0
1755762720_2..S05R,047200_2..S05R,2,1,1755762720,02 0752  241/FLA,1755783784,1755783787,2152,0,0
1755762720_6..S02R,047200_6..S02R,6X,1,1755762720,06 0752  PEL/BBR,1755780654,1755780658,1344,0,0
1755762750_6..N03R,047250_6..N03R,6,0,1755762750,06 0752+ BBR/177,1755780255,1755780261,807,0,0
1755762780_7..N,047300_7..N,7,0,1755762780,07 0753 34H/111,1755779238,1755779244,1007,0,0
1755762810_4..S34R,047350_4..S34R,4,1,1755762810,04 0753+ WDL/UTI,1755782113,1755782119,1707,0,0
1755762810_5..N71R,047350_5..N71R,5,0,1755762810,05 0753+ FLA/DYR,1755782632,1755782635,1845,0,0
1755762810_7X..S,047350_7X..S,7X,1,1755762810,07 0753+ MST/34H,1755779598,1755779604,1095,0,0
1755762810_GS.S01R,047350_GS.S01R,GS,1,1755762810,0S 0753+ TSS/GCS,1755777279,1755777285,554,0,0
1755762840_3..N01R,047400_3..N01R,3,0,1755762840,03 0754  NLT/148,1755781378,1755781384,1513,0,0
1755762840_GS.N04R,047400_GS.N04R,GS,0,1755762840,0S 0754  GCS/TSS,1755777306,1755777309,559,0,0
1755762870_4..N06R,047450_4..N06R,4,0,1755762870,04 0754+ UTI/WDL,1755781477,1755781480,1471,0,0
1755762900_5..S09R,047500_5..S09R,5,1,1755762900,05 0755  238/FLA,1755783673,1755783679,2039,0,0
1755762900_6..N01R,047500_6..N01R,6,0,1755762900,06 0755  BBR/PEL,1755781138,1755781147,972,0,0
1755762930_1..N03R,047550_1..N03R,1,0,1755762930,01 0755+ SFT/242,1755780868,1755780868,1326,0,0
1755762930_7..N,047550_7..N,7,0,1755762930,07 0755+ 34H/111,1755779323,1755779334,972,0,0
1755762930_7..S,047550_7..S,7,1,1755762930,07 0755+ WPT/34H,1755779745,1755779751,1075,0,0
1755762960_6..S02R,047600_6..S02R,6X,1,1755762960,06 0756  PEL/BBR,1755781024,1755781027,1363,0,0
1755763020_6..S03R,047700_6..S03R,6,1,1755763020,06 0757  177/BBR,1755780480,1755780483,1236,0,0
1755763050_7..S,047750_7..S,7,1,1755763050,07 0757+ MST/34H,1755779850,1755779853,831,0,0
1755763050_GS.N01R,047750_GS.N01R,GS,0,1755763050,0S 0757+ GCS/TSS,1755777534,1755777540,543,0,0
1755763050_GS.S04R,047750_GS.S04R,GS,1,1755763050,0S 0757+ TSS/GCS,1755777534,1755777540,543,0,0
1755763080_7..N,047800_7..N,7,0,1755763080,07 0758 34H/111,1755779436,1755779439,990,0,0
1755763110_2..S05R,047850_2..S05R,2,1,1755763110,02 0758+ 241/FLA,1755783943,1755783949,2127,0,0
1755763110_4..S34R,047850_4..S34R,4,1,1755763110,04 0758+ WDL/UTI,1755782317,1755782320,1693,0,0
1755763110_5..S04R,047850_5..S04R,5,1,1755763110,05 0758+ DYR/FLA,1755783274,1755783277,1948,0,0
1755763140_4..N06R,047900_4..N06R,4,0,1755763140,04 0759  UTI/WDL,1755781930,1755781933,1590,0,0
1755763140_6..N01R,047900_6..N01R,6,0,1755763140,06 0759  BBR/PEL,1755781258,1755781267,1414,0,0
1755763200_1..S03R,048000_1..S03R,1,1,1755763200,E1 0800  145/SFT,1755779994,1755780000,553,0,0
1755763200_3..N01R,048000_3..N01R,3,0,1755763200,03 0800  NLT/148,1755781990,1755781993,1527,0,0
1755763200_5..N71R,048000_5..N71R,5,0,1755763200,05 0800  FLA/DYR,1755783082,1755783085,1818,0,0
1755763230_1..N03R,048050_1..N03R,1,0,1755763230,01 0800+ SFT/242,1755781339,1755781342,1355,0,0
1755763230_6..N03R,048050_6..N03R,6,0,1755763230,E6 0800+ BBR/177,1755780735,1755780741,810,0,0
1755763230_7..N,048050_7..N,7,0,1755763230,07 0800+ 34H/MST,1755779983,1755779991,1086,0,0
1755763260_3..S01R,048100_3..S01R,3,1,1755763260,03 0801  148/NLT,1755781960,1755781963,1519,0,0
1755763260_3..S03R,048100_3..S03R,3,1,1755763260,03 0801  145/NLT,1755781759,1755781762,1465,0,0
1755763260_GS.S01R,048100_GS.S01R,GS,1,1755763260,0S 0801  TSS/GCS,1755777744,1755777750,513,0,0
1755763290_1..S04R,048150_1..S04R,1,1,1755763290,01 0801+ 238/SFT,1755782062,1755782065,1517,0,0
1755763290_6..S02R,048150_6..S02R,6X,1,1755763290,06 0801+ PEL/BBR,1755781303,1755781309,1346,0,0
1755763290_7..N,048150_7..N,7,0,1755763290,=7 0801+ 111/WPT,1755777903,1755777909,554,0,0
1755763290_7X..S,048150_7X..S,7X,1,1755763290,07 0801+ MST/34H,1755780043,1755780051,1079,0,0
1755763290_GS.N04R,048150_GS.N04R,GS,0,1755763290,0S 0801+ GCS/TSS,1755777759,1755777768,516,0,0
1755763320_1..S03R,048200_1..S03R,1,1,1755763320,01 0802  242/SFT,1755782200,1755782203,1583,0,0
1755763320_2..N01X179,048200_2..N01X179,2,0,1755763320,02 0802  FLA/241,1755783604,1755783607,1957,0,0
1755763320_6..N01R,048200_6..N01R,6,0,1755763320,06 0802  BBR/PEL,1755781540,1755781543,958,0,0
1755763350_2..S06R,048250_2..S06R,2,1,1755763350,02 0802+ 241/NLT,1755784492,1755784495,2190,0,0
1755763380_7..N,048300_7..N,7,0,1755763380,07 0803 34H/MST,1755780255,1755780261,1110,0,0
1755763410_7..N,048350_7..N,7,0,1755763410,=7 0803+ 111/MST,1755778245,1755778251,613,0,0
1755763410_7..S,048350_7..S,7,1,1755763410,07 0803+ MST/34H,1755780495,1755780498,1153,0,0
1755763440_5..N71R,048400_5..N71R,5,0,1755763440,05 0804  FLA/DYR,1755783274,1755783277,1869,0,0
1755763470_5..S14R,048450_5..S14R,5,1,1755763470,05 0804+ DYR/BWG,1755782170,1755782173,1495,0,0
1755763500_4..N,048500_4..N,4,0,1755763500,04 0805  UTI/BUR,1755781270,1755781273,54,0,0
1755763500_4..N43R,048500_4..N43R,4,0,1755763500,04 0805  UTI/BUR,1755780898,1755780904,1174,0,0
1755763500_GS.N01R,048500_GS.N01R,GS,0,1755763500,0S 0805  GCS/TSS,1755777984,1755777987,491,0,0
1755763500_GS.S04R,048500_GS.S04R,GS,1,1755763500,0S 0805  TSS/GCS,1755777993,1755777999,494,0,0
1755763530_1..N10R,048550_1..N10R,1,0,1755763530,01 0805+ SFT/137,1755777810,1755777933,448,0,0
1755763530_5..S,048550_5..S,5,1,1755763530,E5 0805+ 238/FLA,1755784534,1755784537,1099,1,0
1755763530_5..S09R,048550_5..S09R,5,1,1755763530,=5 0805+ 238/FLA,1755779931,1755779937,931,0,0
1755763530_7..N,048550_7..N,7,0,1755763530,07 0805+ 34H/MST,1755780433,1755780438,1101,0,0
1755763530_7X..S,048550_7X..S,7X,1,1755763530,07 0805+ MST/34H,1755780268,1755780285,1065,0,0
1755763560_1..S03R,048600_1..S03R,1,1,1755763560,01 0806  242/SFT,1755782362,1755782365,1524,0,0
1755763560_2..N01X179,048600_2..N01X179,2,0,1755763560,02 0806  FLA/241,1755784312,1755784315,2062,0,0
1755763560_4..S34R,048600_4..S34R,4,1,1755763560,04 0806  WDL/UTI,1755782803,1755782809,1664,0,0
1755763590_6..N03R,048650_6..N03R,6,0,1755763590,06 0806+ BBR/177,1755781030,1755781033,809,0,0
1755763590_6..S03R,048650_6..S03R,6,1,1755763590,06 0806+ 177/BBR,1755781168,1755781177,1235,0,0
1755763620_6..S,048700_6..S,6X,1,1755763620,/6 0807  PEL/BBR,1755781759,1755781762,52,0,0
1755763620_6..S08R,048700_6..S08R,6X,1,1755763620,06 0807  PEL/BBR,1755781489,1755781492,1315,0,0
1755763650_3..N01R,048750_3..N01R,3,0,1755763650,03 0807+ NLT/148,1755782320,1755782323,1535,0,0
1755763680_7..N,048800_7..N,7,0,1755763680,07 0808 34H/MST,1755780606,1755780612,1111,0,0
1755763710_GS.S01R,048850_GS.S01R,GS,1,1755763710,0S 0808+ TSS/GCS,1755778203,1755778209,540,0,0
1755763740_6..N06R,048900_6..N06R,6,0,1755763740,06 0809  BBR/3AB,1755780129,1755780133,523,0,0
1755763740_GS.N04R,048900_GS.N04R,GS,0,1755763740,0S 0809  GCS/TSS,1755778218,1755778224,543,0,0
1755763770_5..N71R,048950_5..N71R,5,0,1755763770,05 0809+ FLA/DYR,1755783523,1755783529,1776,0,0
1755763770_7X..S,048950_7X..S,7X,1,1755763770,07 0809+ MST/34H,1755780423,1755780426,1040,0,0
1755763800_3..S03R,049000_3..S03R,3,1,1755763800,03 0810  145/NLT,1755782422,1755782425,1481,0,0
1755763830_1..N,049050_1..N,1,0,1755763830,01 0810+ SFT/137,1755780468,1755780474,560,0,0
1755763830_1..N03R,049050_1..N03R,1,0,1755763830,01 0810+ SFT/242,1755778077,1755778080,433,0,0
1755763830_2..S05R,049050_2..S05R,2,1,1755763830,02 0810+ 241/FLA,1755785023,1755785029,2165,0,0
1755763830_3..S01R,049050_3..S01R,3,1,1755763830,03 0810+ 148/NLT,1755782788,1755782794,1580,0,0
1755763830_7..N,049050_7..N,7,0,1755763830,07 0810+ 34H/MST,1755780696,1755780699,1088,0,0
1755763860_1..S03R,049100_1..S03R,1,1,1755763860,01 0811  242/SFT,1755782830,1755782833,1591,0,0
1755763860_2..N01X179,049100_2..N01X179,2,0,1755763860,02 0811  FLA/241,1755784522,1755784525,2038,0,0
1755763860_6..N01R,049100_6..N01R,6,0,1755763860,E6 0811  BBR/PEL,1755781828,1755781834,899,0,0
1755763890_4..N06R,049150_4..N06R,4,0,1755763890,04 0811+ UTI/WDL,1755782788,1755782794,1580,0,0
1755763890_7..S,049150_7..S,7,1,1755763890,07 0811+ MST/34H,1755780877,1755780883,1098,0,0
1755763920_6..S03R,049200_6..S03R,6,1,1755763920,06 0812  177/BBR,1755781438,1755781444,1222,0,0
1755763950_7..N,049250_7..N,7,0,1755763950,=7 0812+ 111/MST,1755778938,1755778944,642,0,0
1755763950_7..S,049250_7..S,7,1,1755763950,07 0812+ WPT/34H,1755780729,1755780732,1066,0,0
1755763950_GS.N01R,049250_GS.N01R,GS,0,1755763950,0S 0812+ GCS/TSS,1755778485,1755778488,524,0,0
1755763950_GS.S04R,049250_GS.S04R,GS,1,1755763950,0S 0812+ TSS/GCS,1755778431,1755778434,511,0,0
1755763980_4..S34R,049300_4..S34R,4,1,1755763980,04 0813  WDL/UTI,1755783415,1755783418,1747,0,0
1755763980_6..N06R,049300_6..N06R,6,0,1755763980,06 0813  BBR/3AB,1755780448,1755780450,988,0,0
1755763980_7..N,049300_7..N,7,0,1755763980,07 0813 34H/WPT,1755780448,1755780450,978,0,0
1755764010_7X..S,049350_7X..S,7X,1,1755764010,07 0813+ MST/34H,1755780648,1755780654,1026,0,0
1755764040_6..S,049400_6..S,6X,1,1755764040,/6 0814  PEL/BBR,1755782140,1755782143,101,0,0
1755764040_6..S08R,049400_6..S08R,6X,1,1755764040,06 0814  PEL/BBR,1755781732,1755781735,1298,0,0
1755764100_7..N,049500_7..N,7,0,1755764100,07 0815 34H/MST,1755780949,1755780955,1066,1,1
1755764130_1..S,049550_1..S,1,1,1755764130,E1 0815+ 238/SFT,1755782512,1755782515,513,0,0
1755764130_1..S04R,049550_1..S04R,1,1,1755764130,01 0815+ 238/SFT,1755780468,1755780474,905,0,0
1755764130_2..N01X179,049550_2..N01X179,2,0,1755764130,02 0815+ FLA/241,1755784894,1755784900,2053,0,0
1755764130_4..N,049550_4..N,4,0,1755764130,04 0815+ UTI/BUR,1755782158,1755782164,61,0,0
1755764130_4..N43R,049550_4..N43R,4,0,1755764130,04 0815+ UTI/BUR,1755781783,1755781789,1192,0,0
1755764160_3..N01R,049600_3..N01R,3,0,1755764160,03 0816  NLT/148,1755783115,1755783118,1588,0,0
1755764160_5..S,049600_5..S,5,1,1755764160,E5 0816  DYR/FLA,1755784774,1755784777,450,0,0
1755764160_5..S04R,049600_5..S04R,5,1,1755764160,05 0816  DYR/FLA,1755780138,1755780144,837,0,0
1755764160_GS.N04R,049600_GS.N04R,GS,0,1755764160,0S 0816  GCS/TSS,1755778644,1755778648,483,0,0
1755764160_GS.S01R,049600_GS.S01R,GS,1,1755764160,0S 0816  TSS/GCS,1755778678,1755778680,492,0,0
1755764190_3..S,049650_3..S,3,1,1755764190,/3 0816+ 148/NLT,1755783163,1755783169,171,0,0
1755764190_3..S01R,049650_3..S01R,3,1,1755764190,/3 0816+ 148/NLT,1755782446,1755782449,1409,0,0
1755764190_6..N03R,049650_6..N03R,6,0,1755764190,06 0816+ BBR/177,1755781477,1755781480,1153,0,0
1755764220_7..N,049700_7..N,7,0,1755764220,07 0817 34H/MST,1755781111,1755781117,1081,0,0
1755764250_2..S05R,049750_2..S05R,2,1,1755764250,02 0817+ 241/FLA,1755785434,1755785440,2178,0,0
1755764250_7X..S,049750_7X..S,7X,1,1755764250,07 0817+ MST/34H,1755780943,1755780946,1026,0,0
1755764280_1..S03R,049800_1..S03R,1,1,1755764280,01 0818  242/SFT,1755783103,1755783109,1585,0,0
1755764310_1..N,049850_1..N,1,0,1755764310,01 0818+ SFT/242,1755778749,1755778753,68,0,0
1755764310_1..N10R,049850_1..N10R,1,0,1755764310,01 0818+ SFT/137,1755778470,1755778476,441,0,0
1755764310_4..S34R,049850_4..S34R,4,1,1755764310,04 0818+ WDL/UTI,1755783583,1755783589,1712,0,0
1755764340_7..N,049900_7..N,7,0,1755764340,07 0819 34H/111,1755780783,1755780789,981,0,0
1755764370_5..N71R,049950_5..N71R,5,0,1755764370,05 0819+ FLA/DYR,1755784453,1755784459,1866,0,0
1755764370_6..N01R,049950_6..N01R,6,0,1755764370,06 0819+ BBR/PEL,1755782470,1755782473,1341,0,0
1755764370_GS.S04R,049950_GS.S04R,GS,1,1755764370,0S 0819+ TSS/GCS,1755778854,1755778858,459,0,0
1755764400_6..S,050000_6..S,6,1,1755764400,06 0820  177/BBR,1755781999,1755782002,306,0,0
1755764400_6..S03R,050000_6..S03R,6,1,1755764400,06 0820  177/BBR,1755780675,1755780681,889,0,0
1755764400_7X..S,050000_7X..S,7X,1,1755764400,07 0820 MST/34H,1755781084,1755781090,1026,0,0
1755764400_GS.N01R,050000_GS.N01R,GS,0,1755764400,0S 0820  GCS/TSS,1755778887,1755778888,466,0,0
1755764430_7..S,050050_7..S,7,1,1755764430,07 0820+ WPT/34H,1755781177,1755781183,1043,0,0
1755764460_6..S08R,050100_6..S08R,6X,1,1755764460,06 0821  PEL/BBR,1755782629,1755782632,1383,0,0
1755764460_7..N,050100_7..N,7,0,1755764460,07 0821 34H/111,1755780883,1755780886,972,0,0
1755764490_2..S06R,050150_2..S06R,2,1,1755764490,/2 0821+ 241/NLT,1755785665,1755785668,2153,0,0
1755764520_5..S14R,050200_5..S14R,5,1,1755764520,05 0822  DYR/BWG,1755783115,1755783118,1513,0,0
1755764520_7..S,050200_7..S,7,1,1755764520,07 0822 MST/34H,1755781327,1755781330,1040,0,0
1755764550_1..N,050250_1..N,1,0,1755764550,/1 0822+ SFT/242,1755782590,1755782593,265,0,0
1755764550_1..N03R,050250_1..N03R,1,0,1755764550,/1 0822+ SFT/242,1755781534,1755781540,1092,0,0
1755764550_3..S03R,050250_3..S03R,3,1,1755764550,03 0822+ 145/NLT,1755783703,1755783709,1666,0,0
1755764550_6..N01R,050250_6..N01R,6,0,1755764550,06 0822+ BBR/PEL,1755782860,1755782863,1445,0,0
1755764550_7..N,050250_7..N,7,0,1755764550,=7 0822+ 111/MST,1755779493,1755779499,585,0,0
1755764580_2..N01X179,050300_2..N01X179,2,0,1755764580,02 0823  FLA/241,1755785230,1755785239,2059,0,0
1755764580_7..N,050300_7..N,7,0,1755764580,07 0823 34H/MST,1755781492,1755781495,1084,0,0
1755764610_4..N14R,050350_4..N14R,4,0,1755764610,04 0823+ BWG/WDL,1755782230,1755782233,1277,0,0
1755764610_GS.S01R,050350_GS.S01R,GS,1,1755764610,0S 0823+ TSS/GCS,1755779085,1755779091,512,0,0
1755764640_1..S03R,050400_1..S03R,1,1,1755764640,01 0824  242/SFT,1755783604,1755783607,1643,0,0
1755764640_3..N01R,050400_3..N01R,3,0,1755764640,03 0824  NLT/148,1755783463,1755783469,1606,0,0
1755764640_4..S34R,050400_4..S34R,4,1,1755764640,04 0824  WDL/UTI,1755783748,1755783754,1682,0,0
1755764640_GS.N04R,050400_GS.N04R,GS,0,1755764640,0S 0824  GCS/TSS,1755779133,1755779142,523,0,0
1755764700_4..N06R,050500_4..N06R,4,0,1755764700,04 0825  UTI/WDL,1755783262,1755783265,1479,0,0
1755764700_7..N,050500_7..N,7,0,1755764700,=7 0825 111/WPT,1755779376,1755779382,520,0,0
1755764730_6..N06R,050550_6..N06R,6,0,1755764730,06 0825+ BBR/3AB,1755781117,1755781120,918,0,0
1755764760_2..S05R,050600_2..S05R,2,1,1755764760,02 0826  241/FLA,1755785965,1755785968,2146,0,0
1755764760_3..S01R,050600_3..S01R,3,1,1755764760,03 0826  148/NLT,1755784003,1755784009,1677,0,0
1755764820_7..N,050700_7..N,7,0,1755764820,07 0827 34H/111,1755781168,1755781177,935,0,0
1755764820_7X..S,050700_7X..S,7X,1,1755764820,07 0827 MST/34H,1755781423,1755781429,998,0,0
1755764850_6..S03R,050750_6..S03R,6,1,1755764850,06 0827+ 177/BBR,1755782305,1755782308,1224,0,0
1755764850_7..N,050750_7..N,7,0,1755764850,=7 0827+ 111/WPT,1755779535,1755779541,539,0,0
1755764850_GS.N01R,050750_GS.N01R,GS,0,1755764850,0S 0827+ GCS/TSS,1755779334,1755779337,500,0,0
1755764850_GS.S04R,050750_GS.S04R,GS,1,1755764850,0S 0827+ TSS/GCS,1755779323,1755779334,499,0,0
1755764880_6..S08R,050800_6..S08R,6X,1,1755764880,06 0828  PEL/BBR,1755782770,1755782773,1348,0,0
1755764910_5..N71R,050850_5..N71R,5,0,1755764910,05 0828+ FLA/DYR,1755784774,1755784777,1878,0,0
1755764910_6..N01R,050850_6..N01R,6,0,1755764910,06 0828+ BBR/PEL,1755783322,1755783325,1495,0,0
1755764940_1..S12R,050900_1..S12R,1,1,1755764940,01 0829  137/SFT,1755782710,1755782713,2345,0,0
1755764940_7..N,050900_7..N,7,0,1755764940,07 0829 34H/111,1755781432,1755781435,976,0,0
1755764970_1..S03R,050950_1..S03R,1,1,1755764970,01 0829+ 242/SFT,1755779310,1755779358,427,0,0
1755765000_7..N,051000_7..N,7,0,1755765000,=7 0830 111/MST,1755779664,1755779670,548,0,0
1755765030_2..N01X179,051050_2..N01X179,2,0,1755765030,02 0830+ FLA/241,1755785803,1755785809,2043,0,0
1755765030_7..S,051050_7..S,7,1,1755765030,07 0830+ WPT/34H,1755781702,1755781708,1012,0,0
1755765030_GS.S01R,051050_GS.S01R,GS,1,1755765030,0S 0830+ TSS/GCS,1755779514,1755779518,477,0,0
1755765060_7..N,051100_7..N,7,0,1755765060,07 0831 34H/MST,1755779583,1755779589,499,0,0
1755765060_GS.N04R,051100_GS.N04R,GS,0,1755765060,0S 0831  GCS/TSS,1755779563,1755779571,488,0,0
1755765090_5..N01R,051150_5..N01R,5,0,1755765090,05 0831+ 180/DYR,1755782944,1755782947,51,0,0
1755765090_6..N01R,051150_6..N01R,6,0,1755765090,06 0831+ BBR/PEL,1755783472,1755783475,1466,0,0
1755765090_7X..S,051150_7X..S,7X,1,1755765090,07 0831+ MST/34H,1755781603,1755781609,986,0,0
1755765120_3..S01R,051200_3..S01R,3,1,1755765120,03 0832  148/NLT,1755784204,1755784207,1657,0,0
1755765120_4..N06R,051200_4..N06R,4,0,1755765120,04 0832  UTI/WDL,1755783784,1755783787,1549,0,0
1755765120_4..S06R,051200_4..S06R,4,1,1755765120,04 0832  WDL/UTI,1755784345,1755784348,1695,0,0
1755765150_7..N,051250_7..N,7,0,1755765150,07 0832+ 34H/MST,1755782173,1755782179,620,0,0
1755765210_1..N10R,051350_1..N10R,1,0,1755765210,01 0833+ SFT/137,1755782083,1755782089,1096,0,0
1755765210_5..S45R,051350_5..S45R,5,1,1755765210,05 0833+ DYR/FLA,1755785194,1755785197,1908,0,0
1755765210_7..S,051350_7..S,7,1,1755765210,07 0833+ MST/34H,1755781843,1755781849,1026,0,0
1755765240_5..N,051400_5..N,5,0,1755765240,05 0834  UTI/180,1755783364,1755783367,182,0,0
1755765240_5..N65R,051400_5..N65R,5,0,1755765240,05 0834  UTI/180,1755782680,1755782683,1255,0,0
1755765240_GS.N01R,051400_GS.N01R,GS,0,1755765240,0S 0834  GCS/TSS,1755779721,1755779727,526,0,0
1755765240_GS.S04R,051400_GS.S04R,GS,1,1755765240,0S 0834  TSS/GCS,1755779727,1755779728,527,0,0
1755765270_6..N03R,051450_6..N03R,6,0,1755765270,06 0834+ BBR/177,1755782743,1755782749,1204,0,0
1755765300_2..N01X179,051500_2..N01X179,2,0,1755765300,02 0835  FLA/241,1755786208,1755786214,2059,0,0
1755765330_2..S05R,051550_2..S05R,2,1,1755765330,02 0835+ 241/FLA,1755786298,1755786304,2078,0,0
1755765330_3..N01R,051550_3..N01R,3,0,1755765330,03 0835+ NLT/148,1755783943,1755783949,1524,0,0
1755765330_6..S08R,051550_6..S08R,6X,1,1755765330,06 0835+ PEL/BBR,1755786883,1755786889,2172,0,0
1755765330_7..N,051550_7..N,7,0,1755765330,07 0835+ 34H/111,1755781885,1755781888,1012,0,0
1755765360_1..S03R,051600_1..S03R,1,1,1755765360,01 0836  242/SFT,1755784054,1755784057,1552,0,0
1755765420_4..N06R,051700_4..N06R,4,0,1755765420,04 0837  UTI/WDL,1755784162,1755784165,1578,0,0
1755765420_GS.N04R,051700_GS.N04R,GS,0,1755765420,0S 0837  GCS/TSS,1755779893,1755779898,499,0,0
1755765420_GS.S01R,051700_GS.S01R,GS,1,1755765420,0S 0837  TSS/GCS,1755779923,1755779931,506,0,0
1755765450_5..S45R,051750_5..S45R,5,1,1755765450,05 0837+ DYR/FLA,1755785674,1755785677,1945,0,0
1755765450_6..N01R,051750_6..N01R,6,0,1755765450,06 0837+ BBR/PEL,1755783784,1755783787,1481,0,0
1755765450_7..N,051750_7..N,7,0,1755765450,07 0837+ 34H/MST,1755782434,1755782440,1129,0,0
1755765450_7X..S,051750_7X..S,7X,1,1755765450,07 0837+ MST/34H,1755781993,1755781999,1012,0,0
1755765570_7..N,051950_7..N,7,0,1755765570,07 0839+ 34H/111,1755782092,1755782095,991,0,0
1755765600_3..S03R,052000_3..S03R,3,1,1755765600,03 0840  145/NLT,1755784795,1755784798,1664,0,0
1755765600_4..S06R,052000_4..S06R,4,1,1755765600,04 0840  WDL/UTI,1755784765,1755784768,1664,0,0
1755765600_GS.N01R,052000_GS.N01R,GS,0,1755765600,0S 0840  GCS/TSS,1755780120,1755780123,473,0,0
1755765600_GS.S04R,052000_GS.S04R,GS,1,1755765600,0S 0840  TSS/GCS,1755780088,1755780096,466,0,0
1755765630_2..N01X179,052050_2..N01X179,2,0,1755765630,02 0840+ FLA/241,1755786379,1755786385,1994,0,0
1755765690_1..N03R,052150_1..N03R,1,0,1755765690,01 0841+ SFT/242,1755783523,1755783529,1337,0,0
1755765690_6..N03R,052150_6..N03R,6,0,1755765690,06 0841+ BBR/177,1755783184,1755783187,1246,0,0
1755765690_7..N,052150_7..N,7,0,1755765690,07 0841+ 34H/MST,1755782392,1755782395,1060,0,0
1755765720_1..S12R,052200_1..S12R,1,1,1755765720,01 0842  137/SFT,1755783304,1755783307,1278,0,0
1755765720_3..S01R,052200_3..S01R,3,1,1755765720,03 0842  148/NLT,1755784975,1755784978,1714,0,0
1755765750_1..S03R,052250_1..S03R,1,1,1755765750,01 0842+ 242/SFT,1755784183,1755784189,1509,0,0
1755765750_3..N01R,052250_3..N01R,3,0,1755765750,03 0842+ NLT/148,1755784453,1755784459,1581,0,0
1755765750_6..S03R,052250_6..S03R,6,1,1755765750,E6 0842+ 177/BBR,1755784450,1755784453,1124,0,0
1755765750_7..S,052250_7..S,7,1,1755765750,07 0842+ WPT/34H,1755782248,1755782254,1008,0,0
1755765780_5..S45R,052300_5..S45R,5,1,1755765780,05 0843  DYR/FLA,1755786088,1755786094,1959,0,0
1755765780_GS.N04R,052300_GS.N04R,GS,0,1755765780,0S 0843  GCS/TSS,1755780268,1755780285,509,0,0
1755765780_GS.S01R,052300_GS.S01R,GS,1,1755765780,0S 0843  TSS/GCS,1755780264,1755780268,508,0,0
1755765810_7..N,052350_7..N,7,0,1755765810,07 0843+ 34H/111,1755782314,1755782317,1004,0,0
1755765810_7X..S,052350_7X..S,7X,1,1755765810,07 0843+ MST/34H,1755782092,1755782095,945,0,0
1755765840_2..S05R,052400_2..S05R,2,1,1755765840,02 0844  241/FLA,1755786640,1755786643,2073,0,0
1755765840_5..N66R,052400_5..N66R,5,0,1755765840,05 0844  FLA/DYR,1755785335,1755785338,1795,0,0
1755765870_6..S06R,052450_6..S06R,6,1,1755765870,06 0844+ 3AB/BBR,1755782464,1755782467,989,0,0
1755765900_1..N03R,052500_1..N03R,1,0,1755765900,01 0845  SFT/242,1755783943,1755783949,1384,0,0
1755765930_6..N01R,052550_6..N01R,6,0,1755765930,06 0845+ BBR/PEL,1755784132,1755784135,1430,0,0
1755765930_6..S03R,052550_6..S03R,6,1,1755765930,06 0845+ 177/BBR,1755787378,1755787384,2151,0,0
1755765930_7..N,052550_7..N,7,0,1755765930,07 0845+ 34H/MST,1755782953,1755782959,1155,0,0
1755765930_7..S,052550_7..S,7,1,1755765930,07 0845+ MST/34H,1755782545,1755782548,1046,0,0
1755765960_4..N06R,052600_4..N06R,4,0,1755765960,04 0846  UTI/WDL,1755784624,1755784627,1561,0,0
1755765960_6..S,052600_6..S,6X,1,1755765960,E6 0846  PEL/BBR,1755784642,1755784645,169,0,0
1755765960_6..S02R,052600_6..S02R,6X,1,1755765960,06 0846  PEL/BBR,1755783994,1755783997,1397,0,0
1755765960_GS.N01R,052600_GS.N01R,GS,0,1755765960,0S 0846  GCS/TSS,1755780468,1755780474,489,0,0
1755765960_GS.S04R,052600_GS.S04R,GS,1,1755765960,0S 0846  TSS/GCS,1755780441,1755780447,482,0,0
1755765990_4..S06R,052650_4..S06R,4,1,1755765990,04 0846+ WDL/UTI,1755785380,1755785383,1741,0,0
1755766050_2..N01X179,052750_2..N01X179,2,0,1755766050,02 0847+ FLA/241,1755786784,1755786790,2024,0,0
1755766080_7..N,052800_7..N,7,0,1755766080,07 0848 34H/WPT,1755782722,1755782725,1048,0,0
1755766080_7X..S,052800_7X..S,7X,1,1755766080,07 0848 MST/34H,1755782683,1755782689,1038,0,0
1755766140_2..S,052900_2..S,2,1,1755766140,02 0849  241/FLA,1755787063,1755787069,924,0,0
1755766140_2..S01R,052900_2..S01R,2,1,1755766140,02 0849  241/FLA,1755783148,1755783154,1172,0,0
1755766140_GS.N04R,052900_GS.N04R,GS,0,1755766140,0S 0849  GCS/TSS,1755780618,1755780624,525,0,0
1755766140_GS.S01R,052900_GS.S01R,GS,1,1755766140,0S 0849  TSS/GCS,1755780598,1755780606,521,0,0
1755766170_5..N,052950_5..N,5,0,1755766170,E5 0849+ UTI/180,1755784090,1755784096,155,0,0
1755766170_5..N65R,052950_5..N65R,5,0,1755766170,E5 0849+ UTI/180,1755783493,1755783499,797,0,0
1755766170_6..N03R,052950_6..N03R,6,0,1755766170,06 0849+ BBR/177,1755783580,1755783583,1214,0,0
1755766200_3..N01R,053000_3..N01R,3,0,1755766200,03 0850  NLT/148,1755784993,1755784999,1581,0,0
1755766200_3..S,053000_3..S,3,1,1755766200,/3 0850  148/NLT,1755785344,1755785347,232,0,0
1755766200_3..S01R,053000_3..S01R,3,1,1755766200,/3 0850  148/NLT,1755784309,1755784312,1404,0,0
1755766200_5..N66R,053000_5..N66R,5,0,1755766200,05 0850  FLA/DYR,1755786028,1755786034,1800,0,0
1755766200_7..N,053000_7..N,7,0,1755766200,07 0850 34H/MST,1755783067,1755783070,1121,0,0
1755766230_1..S03R,053050_1..S03R,1,1,1755766230,01 0850+ 242/SFT,1755784513,1755784519,1459,0,0
1755766260_1..N03R,053100_1..N03R,1,0,1755766260,01 0851  SFT/242,1755784234,1755784237,1384,0,0
1755766290_7..S,053150_7..S,7,1,1755766290,07 0851+ MST/34H,1755782965,1755782968,1075,0,0
1755766320_6..S06R,053200_6..S06R,6,1,1755766320,06 0852  3AB/BBR,1755783067,1755783070,1077,0,0
1755766320_7..N,053200_7..N,7,0,1755766320,07 0852 34H/111,1755782743,1755782749,1007,2,1
1755766320_GS.N01R,053200_GS.N01R,GS,0,1755766320,0S 0852  GCS/TSS,1755780868,1755780868,508,0,0
1755766320_GS.S04R,053200_GS.S04R,GS,1,1755766320,0S 0852  TSS/GCS,1755780798,1755780807,498,0,0
1755766350_6..N01R,053250_6..N01R,6,0,1755766350,06 0852+ BBR/PEL,1755784480,1755784486,1450,0,0
1755766380_4..S06R,053300_4..S06R,4,1,1755766380,04 0853  WDL/UTI,1755785623,1755785629,1720,0,0
1755766410_1..S12R,053350_1..S12R,1,1,1755766410,01 0853+ 137/SFT,1755783922,1755783925,1300,0,0
1755766410_4..N,053350_4..N,4,0,1755766410,04 0853+ UTI/BUR,1755784204,1755784207,67,0,0
1755766410_4..N43R,053350_4..N43R,4,0,1755766410,04 0853+ UTI/BUR,1755783808,1755783814,1275,0,0
1755766440_7..N,053400_7..N,7,0,1755766440,07 0854 34H/111,1755782833,1755782839,1000,2,1
1755766440_7X..S,053400_7X..S,7X,1,1755766440,07 0854 MST/34H,1755782899,1755782902,1017,0,0
1755766500_2..S01R,053500_2..S01R,2,1,1755766500,02 0855  241/FLA,1755786739,1755786745,1880,0,0
1755766500_GS.N04R,053500_GS.N04R,GS,0,1755766500,0S 0855  GCS/TSS,1755780982,1755780988,464,0,0
1755766500_GS.S01R,053500_GS.S01R,GS,1,1755766500,0S 0855  TSS/GCS,1755780988,1755780994,461,0,0
1755766530_6..N06R,053550_6..N06R,6,0,1755766530,06 0855+ BBR/3AB,1755782992,1755782995,988,0,0
1755766560_5..N66R,053600_5..N66R,5,0,1755766560,05 0856  FLA/DYR,1755786550,1755786553,1847,0,0
1755766560_6..S,053600_6..S,6X,1,1755766560,E6 0856  PEL/BBR,1755785269,1755785275,143,0,0
1755766560_6..S02R,053600_6..S02R,6X,1,1755766560,=6 0856  PEL/BBR,1755784669,1755784672,1388,0,0
1755766560_7..N,053600_7..N,7,0,1755766560,07 0856 34H/WPT,1755783139,1755783142,1056,0,0
1755766590_3..N01R,053650_3..N01R,3,0,1755766590,03 0856+ NLT/148,1755785305,1755785308,1582,0,0
1755766620_1..S03R,053700_1..S03R,1,1,1755766620,01 0857  242/SFT,1755784723,1755784729,1446,0,0
1755766620_6..S,053700_6..S,6,1,1755766620,E6 0857  177/BBR,1755784915,1755784918,147,0,0
1755766620_6..S03R,053700_6..S03R,6,1,1755766620,06 0857  177/BBR,1755784348,1755784354,1346,0,0
1755766620_7X..S,053700_7X..S,7X,1,1755766620,07 0857 MST/34H,1755783103,1755783109,1032,0,0
1755766650_1..N,053750_1..N,1,0,1755766650,01 0857+ SFT/242,1755784414,1755784417,842,0,0
1755766650_1..N14R,053750_1..N14R,1,0,1755766650,01 0857+ SFT/215,1755781225,1755781228,521,0,0
1755766650_4..N06R,053750_4..N06R,4,0,1755766650,04 0857+ UTI/WDL,1755785203,1755785209,1561,0,0
1755766680_5..S03R,053800_5..S03R,5,1,1755766680,05 0858  DYR/FLA,1755787174,1755787180,1979,0,0
1755766680_6..N03R,053800_6..N03R,6,0,1755766680,06 0858  BBR/177,1755784174,1755784177,1299,0,0
1755766680_7..N,053800_7..N,7,0,1755766680,07 0858 34H/MST,1755783382,1755783385,1095,0,0
1755766680_GS.N01R,053800_GS.N01R,GS,0,1755766680,0S 0858  GCS/TSS,1755781195,1755781198,512,0,0
1755766680_GS.S04R,053800_GS.S04R,GS,1,1755766680,0S 0858  TSS/GCS,1755781168,1755781177,507,0,0
1755766710_2..N01X179,053850_2..N01X179,2,0,1755766710,02 0858+ FLA/241,1755787309,1755787315,2006,0,0
1755766770_5..S44R,053950_5..S44R,5,1,1755766770,05 0859+ 180/FLA,1755786418,1755786424,1747,0,0
1755766770_7..S,053950_7..S,7,1,1755766770,07 0859+ MST/34H,1755783547,1755783550,1116,0,0
1755766800_3..S01R,054000_3..S01R,3,1,1755766800,03 0900  148/NLT,1755786130,1755786133,1687,0,0
1755766800_4..S06R,054000_4..S06R,4,1,1755766800,04 0900  WDL/UTI,1755785923,1755785929,1645,0,0
1755766800_7..N,054000_7..N,7,0,1755766800,07 0900 34H/MST,1755783808,1755783814,1175,0,0
1755766830_1..N03R,054050_1..N03R,1,0,1755766830,01 0900+ SFT/242,1755784873,1755784879,1412,0,0
1755766830_7..N,054050_7..N,7,0,1755766830,=7 0900+ 111/WPT,1755781543,1755781549,541,0,0
1755766860_3..N01R,054100_3..N01R,3,0,1755766860,03 0901  NLT/148,1755785584,1755785590,1570,0,0
1755766860_6..N01R,054100_6..N01R,6,0,1755766860,06 0901  BBR/PEL,1755785113,1755785119,1468,0,0
1755766860_GS.N04R,054100_GS.N04R,GS,0,1755766860,0S 0901  GCS/TSS,1755781348,1755781354,477,0,0
1755766860_GS.S01R,054100_GS.S01R,GS,1,1755766860,0S 0901  TSS/GCS,1755781330,1755781333,472,0,0
1755766950_2..N10X102,054250_2..N10X102,2,0,1755766950,02 0902+ FLA/180,1755786289,1755786295,1721,0,0
1755766950_7..N,054250_7..N,7,0,1755766950,=7 0902+ 111/MST,1755781837,1755781840,484,0,0
1755766980_7..N,054300_7..N,7,0,1755766980,07 0903 34H/WPT,1755783724,1755783727,1103,0,0
1755766980_7X..S,054300_7X..S,7X,1,1755766980,07 0903 MST/34H,1755783358,1755783364,1006,0,0
1755767010_1..N03R,054350_1..N03R,1,0,1755767010,01 0903+ SFT/242,1755785224,1755785230,1472,0,0
1755767010_4..N06R,054350_4..N06R,4,0,1755767010,04 0903+ UTI/WDL,1755785755,1755785758,1609,0,0
1755767040_5..N66R,054400_5..N66R,5,0,1755767040,05 0904  FLA/DYR,1755786709,1755786715,1800,0,0
1755767040_6..N03R,054400_6..N03R,6,0,1755767040,06 0904  BBR/177,1755784585,1755784588,1336,0,0
1755767040_GS.N01R,054400_GS.N01R,GS,0,1755767040,0S 0904  GCS/TSS,1755781528,1755781534,524,0,0
1755767040_GS.S04R,054400_GS.S04R,GS,1,1755767040,0S 0904  TSS/GCS,1755781534,1755781540,525,0,0
1755767160_1..S03R,054600_1..S03R,1,1,1755767160,01 0906  242/SFT,1755780973,1755781009,318,0,0
1755767160_2..S03R,054600_2..S03R,2,1,1755767160,02 0906  241/NLT,1755788293,1755788299,2079,0,0
1755767160_4..S06R,054600_4..S06R,4,1,1755767160,04 0906  WDL/UTI,1755786553,1755786559,1702,0,0
1755767160_5..S,054600_5..S,5,1,1755767160,=5 0906  DYR/FLA,1755786583,1755786589,195,1,0
1755767160_5..S03R,054600_5..S03R,5,1,1755767160,05 0906  DYR/FLA,1755783493,1755783499,974,0,0
1755767160_6..S,054600_6..S,6X,1,1755767160,E6 0906  PEL/BBR,1755785842,1755785845,115,0,0
1755767160_6..S08R,054600_6..S08R,6X,1,1755767160,06 0906  PEL/BBR,1755785323,1755785329,1440,0,0
1755767160_7..N,054600_7..N,7,0,1755767160,07 0906 34H/MST,1755784048,1755784054,1146,0,0
1755767190_1..N,054650_1..N,1,0,1755767190,01 0906+ SFT/242,1755785485,1755785488,945,0,0
1755767190_1..N14R,054650_1..N14R,1,0,1755767190,01 0906+ SFT/215,1755781825,1755781828,512,0,0
1755767190_3..N01R,054650_3..N01R,3,0,1755767190,03 0906+ NLT/148,1755785884,1755785890,1564,0,0
1755767220_6..N01R,054700_6..N01R,6,0,1755767220,06 0907  BBR/PEL,1755785605,1755785608,1501,0,0
1755767220_7..S,054700_7..S,7,1,1755767220,07 0907 MST/34H,1755783877,1755783880,1095,0,0
1755767220_GS.N04R,054700_GS.N04R,GS,0,1755767220,0S 0907  GCS/TSS,1755781708,1755781714,498,0,0
1755767220_GS.S01R,054700_GS.S01R,GS,1,1755767220,0S 0907  TSS/GCS,1755781663,1755781669,486,0,0
1755767250_3..S01R,054750_3..S01R,3,1,1755767250,03 0907+ 148/NLT,1755786379,1755786385,1666,0,0
1755767250_6..S,054750_6..S,6,1,1755767250,E6 0907+ 3AB/BBR,1755784345,1755784348,176,0,0
1755767250_6..S06R,054750_6..S06R,6,1,1755767250,06 0907+ 3AB/BBR,1755783670,1755783673,1023,0,0
1755767280_6..S,054800_6..S,6,1,1755767280,E6 0908  177/BBR,1755785560,1755785563,120,0,0
1755767280_6..S03R,054800_6..S03R,6,1,1755767280,06 0908  177/BBR,1755785014,1755785020,1370,0,0
1755767310_7..N,054850_7..N,7,0,1755767310,=7 0908+ 111/WPT,1755782050,1755782053,540,0,0
1755767340_7..N,054900_7..N,7,0,1755767340,07 0909 34H/MST,1755784117,1755784120,1121,0,0
1755767370_2..N10X102,054950_2..N10X102,2,0,1755767370,02 0909+ FLA/180,1755786448,1755786454,1608,0,0
1755767400_5..N,055000_5..N,5,0,1755767400,05 0910  BWG/180,1755784513,1755784519,168,0,0
1755767400_5..N67R,055000_5..N67R,5,0,1755767400,05 0910  BWG/180,1755783868,1755783874,1000,0,0
1755767400_GS.N01R,055000_GS.N01R,GS,0,1755767400,0S 0910  GCS/TSS,1755781900,1755781903,477,0,0
1755767400_GS.S04R,055000_GS.S04R,GS,1,1755767400,0S 0910  TSS/GCS,1755781897,1755781900,476,0,0
1755767490_4..N06R,055150_4..N06R,4,0,1755767490,04 0911+ UTI/WDL,1755786148,1755786154,1546,0,0
1755767520_4..S06R,055200_4..S06R,4,1,1755767520,04 0912  WDL/UTI,1755787294,1755787300,1785,0,0
1755767520_5..N66R,055200_5..N66R,5,0,1755767520,/5 0912  FLA/DYR,1755788023,1755788029,1723,0,0
1755767520_5..S46R,055200_5..S46R,5,1,1755767520,05 0912  180/BWG,1755786028,1755786034,1522,0,0
1755767520_6..N03R,055200_6..N03R,6,0,1755767520,06 0912  BBR/177,1755784978,1755784984,1290,0,0
1755767520_7..N,055200_7..N,7,0,1755767520,07 0912 34H/WPT,1755784015,1755784021,1055,0,0
1755767520_7X..S,055200_7X..S,7X,1,1755767520,07 0912 MST/34H,1755783997,1755784000,1051,0,0
1755767550_1..N03R,055250_1..N03R,1,0,1755767550,01 0912+ SFT/242,1755785773,1755785779,1468,0,0
1755767580_1..S03R,055300_1..S03R,1,1,1755767580,/1 0913  242/SFT,1755785635,1755785638,1436,0,0
1755767580_2..S01R,055300_2..S01R,2,1,1755767580,02 0913  241/FLA,1755787879,1755787885,1915,0,0
1755767580_GS.N04R,055300_GS.N04R,GS,0,1755767580,0S 0913  GCS/TSS,1755782068,1755782074,522,0,0
1755767580_GS.S01R,055300_GS.S01R,GS,1,1755767580,0S 0913  TSS/GCS,1755782068,1755782074,522,0,0
1755767610_7..N,055350_7..N,7,0,1755767610,=7 0913+ 111/MST,1755782497,1755782500,599,0,0
1755767640_2..N01X179,055400_2..N01X179,2,0,1755767640,02 0914  FLA/241,1755787879,1755787885,1883,0,0
1755767640_3..N01R,055400_3..N01R,3,0,1755767640,03 0914  NLT/148,1755786148,1755786154,1546,0,0
1755767640_3..S01R,055400_3..S01R,3,1,1755767640,03 0914  148/NLT,1755786739,1755786745,1669,0,0
1755767640_7..S,055400_7..S,7,1,1755767640,07 0914 MST/34H,1755784369,1755784372,1112,0,0
1755767700_1..N,055500_1..N,1,0,1755767700,E1 0915  137/242,1755783262,1755783265,164,0,0
1755767700_1..N03R,055500_1..N03R,1,0,1755767700,E1 0915  137/242,1755782500,1755782503,111,0,0
1755767700_6..N01R,055500_6..N01R,6,0,1755767700,06 0915  BBR/PEL,1755785944,1755785950,1438,0,0
1755767700_6..S,055500_6..S,6X,1,1755767700,E6 0915  PEL/BBR,1755787234,1755787240,204,0,0
1755767700_6..S02R,055500_6..S02R,6X,1,1755767700,06 0915  PEL/BBR,1755786253,1755786259,1503,0,0
1755767730_1..N,055550_1..N,1,0,1755767730,01 0915+ SFT/242,1755786118,1755786124,930,0,0
1755767730_1..N14R,055550_1..N14R,1,0,1755767730,01 0915+ SFT/215,1755782392,1755782395,544,0,0
1755767760_7..N,055600_7..N,7,0,1755767760,07 0916 34H/MST,1755784309,1755784312,1073,0,0
1755767760_GS.N01R,055600_GS.N01R,GS,0,1755767760,0S 0916  GCS/TSS,1755782272,1755782275,510,0,0
1755767760_GS.S04R,055600_GS.S04R,GS,1,1755767760,0S 0916  TSS/GCS,1755782269,1755782272,509,0,0
1755767790_7..N,055650_7..N,7,0,1755767790,=7 0916+ 111/MST,1755782764,1755782767,632,0,0
1755767820_1..N03R,055700_1..N03R,1,0,1755767820,E1 0917  SFT/242,1755786343,1755786349,1015,0,0
1755767850_6..S,055750_6..S,6,1,1755767850,E6 0917+ 177/BBR,1755786478,1755786484,163,0,0
1755767850_6..S03R,055750_6..S03R,6,1,1755767850,06 0917+ 177/BBR,1755785698,1755785704,1385,0,0
1755767880_1..S03R,055800_1..S03R,1,1,1755767880,01 0918  242/SFT,1755785755,1755785758,1398,0,0
1755767880_6..N03R,055800_6..N03R,6,0,1755767880,06 0918  BBR/177,1755785443,1755785449,1329,0,0
1755767940_1..N03R,055900_1..N03R,1,0,1755767940,01 0919  SFT/242,1755782248,1755782254,506,0,0
1755767940_4..N06R,055900_4..N06R,4,0,1755767940,04 0919  UTI/WDL,1755786610,1755786613,1576,0,0
1755767940_7X..S,055900_7X..S,7X,1,1755767940,07 0919 MST/34H,1755784828,1755784834,1175,0,0
1755767940_GS.N04R,055900_GS.N04R,GS,0,1755767940,0S 0919  GCS/TSS,1755782440,1755782443,554,0,0
1755767940_GS.S01R,055900_GS.S01R,GS,1,1755767940,0S 0919  TSS/GCS,1755782410,1755782413,547,0,0
1755767970_5..N,055950_5..N,5,0,1755767970,/5 0919+ FLA/DYR,1755788323,1755788329,784,0,0
1755767970_5..N66R,055950_5..N66R,5,0,1755767970,05 0919+ FLA/DYR,1755784000,1755784003,901,0,0
1755768000_1..N03R,056000_1..N03R,1,0,1755768000,E1 0920  SFT/242,1755786430,1755786433,957,0,0
1755768000_4..S06R,056000_4..S06R,4,1,1755768000,04 0920  WDL/UTI,1755787879,1755787885,1777,0,0
1755768000_5..S,056000_5..S,5,1,1755768000,E5 0920  DYR/FLA,1755788302,1755788305,403,0,0
1755768000_5..S03R,056000_5..S03R,5,1,1755768000,05 0920  DYR/FLA,1755784228,1755784234,958,0,0
1755768000_7..N,056000_7..N,7,0,1755768000,07 0920 34H/MST,1755784732,1755784735,1129,0,0
1755768030_2..S01R,056050_2..S01R,2,1,1755768030,02 0920+ 241/FLA,1755788524,1755788530,1922,0,0
1755768030_3..N01R,056050_3..N01R,3,0,1755768030,03 0920+ NLT/148,1755786709,1755786715,1525,0,0
1755768030_3..S01R,056050_3..S01R,3,1,1755768030,03 0920+ 148/NLT,1755786913,1755786919,1566,0,0
1755768060_6..N01R,056100_6..N01R,6,0,1755768060,06 0921  BBR/PEL,1755786580,1755786583,1497,0,0
1755768060_7..S,056100_7..S,7,1,1755768060,07 0921 MST/34H,1755784999,1755785002,1185,0,0
1755768090_2..N10X102,056150_2..N10X102,2,0,1755768090,02 0921+ FLA/180,1755787123,1755787129,1610,0,0
1755768120_GS.N01R,056200_GS.N01R,GS,0,1755768120,0S 0922  GCS/TSS,1755782632,1755782635,534,0,0
1755768120_GS.S04R,056200_GS.S04R,GS,1,1755768120,0S 0922  TSS/GCS,1755782620,1755782623,531,0,0
1755768150_1..N03R,056250_1..N03R,1,0,1755768150,01 0922+ SFT/242,1755786703,1755786709,1486,0,0
1755768240_7..N,056400_7..N,7,0,1755768240,07 0924 34H/WPT,1755784672,1755784675,1052,2,1
1755768270_6..N03R,056450_6..N03R,6,0,1755768270,06 0924+ BBR/177,1755785827,1755785830,1268,0,0
1755768300_GS.N04R,056500_GS.N04R,GS,0,1755768300,0S 0925  GCS/TSS,1755782803,1755782809,507,0,0
1755768300_GS.S01R,056500_GS.S01R,GS,1,1755768300,0S 0925  TSS/GCS,1755782767,1755782770,497,0,0
1755768330_3..S01R,056550_3..S01R,3,1,1755768330,03 0925+ 148/NLT,1755787162,1755787165,1528,0,0
1755768330_6..S02R,056550_6..S02R,6X,1,1755768330,06 0925+ PEL/BBR,1755787708,1755787714,1666,0,0
1755768360_1..S03R,056600_1..S03R,1,1,1755768360,01 0926  242/SFT,1755786100,1755786103,911,0,0
1755768360_6..S03R,056600_6..S03R,6,1,1755768360,06 0926  177/BBR,1755787534,1755787540,1628,0,0
1755768360_7..N,056600_7..N,7,0,1755768360,=7 0926 111/WPT,1755783049,1755783052,581,0,0
1755768360_7X..S,056600_7X..S,7X,1,1755768360,07 0926 MST/34H,1755784900,1755784903,1088,0,0
1755768390_4..N,056650_4..N,4,0,1755768390,04 0926+ UTI/WDL,1755787834,1755787840,633,0,0
1755768390_4..N06R,056650_4..N06R,4,0,1755768390,04 0926+ UTI/WDL,1755784174,1755784177,870,0,0
1755768420_2..N01X179,056700_2..N01X179,2,0,1755768420,02 0927  FLA/241,1755788893,1755788899,1930,0,0
1755768420_2..S01R,056700_2..S01R,2,1,1755768420,02 0927  241/FLA,1755788953,1755788959,1942,0,0
1755768420_3..N01R,056700_3..N01R,3,0,1755768420,03 0927  NLT/148,1755787183,1755787189,1552,0,0
1755768450_5..N85R,056750_5..N85R,5,0,1755768450,05 0927+ BWG/GHW,1755787015,1755787018,1515,0,0
1755768450_5..S,056750_5..S,5,1,1755768450,E5 0927+ DYR/FLA,1755788734,1755788737,354,0,0
1755768450_5..S03R,056750_5..S03R,5,1,1755768450,05 0927+ DYR/FLA,1755784753,1755784759,1025,0,0
1755768480_7..N,056800_7..N,7,0,1755768480,07 0928 34H/MST,1755785254,1755785260,1146,0,0
1755768480_7..S,056800_7..S,7,1,1755768480,07 0928 MST/34H,1755785329,1755785335,1162,0,0
1755768480_GS.N01R,056800_GS.N01R,GS,0,1755768480,0S 0928  GCS/TSS,1755782980,1755782983,554,0,0
1755768480_GS.S04R,056800_GS.S04R,GS,1,1755768480,0S 0928  TSS/GCS,1755782980,1755782983,554,0,0
1755768510_6..N01R,056850_6..N01R,6,0,1755768510,06 0928+ BBR/PEL,1755787030,1755787033,1518,0,0
1755768540_4..S,056900_4..S,4,1,1755768540,04 0929  WDL/UTI,1755788833,1755788839,769,0,0
1755768540_4..S06R,056900_4..S06R,4,1,1755768540,04 0929  WDL/UTI,1755784618,1755784624,989,0,0
1755768600_1..N03R,057000_1..N03R,1,0,1755768600,01 0930  SFT/242,1755786994,1755787000,1445,0,0
1755768600_5..N66R,057000_5..N66R,5,0,1755768600,05 0930  FLA/DYR,1755788644,1755788647,1810,0,0
1755768690_6..N03R,057150_6..N03R,6,0,1755768690,06 0931+ BBR/177,1755786280,1755786283,1296,0,0
1755768690_GS.N04R,057150_GS.N04R,GS,0,1755768690,0S 0931+ GCS/TSS,1755783193,1755783199,546,0,0
1755768690_GS.S01R,057150_GS.S01R,GS,1,1755768690,0S 0931+ TSS/GCS,1755783109,1755783112,523,0,0
1755768720_1..N03R,057200_1..N03R,1,0,1755768720,E1 0932  SFT/242,1755787123,1755787129,976,0,0
1755768720_7..N,057200_7..N,7,0,1755768720,07 0932 34H/MST,1755785347,1755785350,1103,0,0
1755768750_2..S01R,057250_2..S01R,2,1,1755768750,02 0932+ 241/FLA,1755789403,1755789409,1969,0,0
1755768780_3..N01R,057300_3..N01R,3,0,1755768780,03 0933  NLT/148,1755787684,1755787690,1578,0,0
1755768780_6..S02R,057300_6..S02R,6X,1,1755768780,06 0933  PEL/BBR,1755788074,1755788080,1682,0,0
1755768780_7X..S,057300_7X..S,7X,1,1755768780,07 0933 MST/34H,1755785398,1755785404,1110,0,0
1755768810_5..S,057350_5..S,5,1,1755768810,E5 0933+ DYR/FLA,1755789115,1755789118,306,1,0
1755768810_5..S03R,057350_5..S03R,5,1,1755768810,05 0933+ DYR/FLA,1755785044,1755785047,1028,0,0
1755768840_1..S03R,057400_1..S03R,1,1,1755768840,01 0934  242/SFT,1755786769,1755786775,1391,0,0
1755768840_2..N10X102,057400_2..N10X102,2,0,1755768840,02 0934  FLA/180,1755788164,1755788170,1701,0,0
1755768840_3..S01R,057400_3..S01R,3,1,1755768840,03 0934  148/NLT,1755787624,1755787630,1580,0,0
1755768870_1..N,057450_1..N,1,0,1755768870,/1 0934+ SFT/242,1755787414,1755787417,193,0,0
1755768870_1..N03R,057450_1..N03R,1,0,1755768870,01 0934+ SFT/242,1755786484,1755786490,803,0,0
1755768870_6..N01R,057450_6..N01R,6,0,1755768870,06 0934+ BBR/PEL,1755787414,1755787417,1464,0,0
1755768900_GS.S04R,057500_GS.S04R,GS,1,1755768900,0S 0935  TSS/GCS,1755783400,1755783403,533,0,0
1755768930_6..S03R,057550_6..S03R,6,1,1755768930,06 0935+ 177/BBR,1755787849,1755787855,1563,0,0
1755768930_GS.N01R,057550_GS.N01R,GS,0,1755768930,0S 0935+ GCS/TSS,1755783442,1755783445,544,0,0
1755768960_1..N,057600_1..N,1,0,1755768960,E1 0936  SFT/215,1755787009,1755787015,752,0,0
1755768960_1..N03R,057600_1..N03R,1,0,1755768960,E1 0936  SFT/215,1755783754,1755783757,94,0,0
1755768960_5..N66R,057600_5..N66R,5,0,1755768960,05 0936  FLA/DYR,1755788875,1755788878,1790,0,0
1755768960_6..S,057600_6..S,6,1,1755768960,E6 0936  3AB/BBR,1755787060,1755787063,204,0,0
1755768960_6..S06R,057600_6..S06R,6,1,1755768960,06 0936  3AB/BBR,1755786073,1755786079,1185,0,0
1755768960_7..N,057600_7..N,7,0,1755768960,07 0936 34H/MST,1755785668,1755785674,1116,0,0
1755768960_7..S,057600_7..S,7,1,1755768960,07 0936 MST/34H,1755785689,1755785695,1121,0,0
1755768990_4..N,057650_4..N,4,0,1755768990,04 0936+ UTI/WDL,1755787444,1755787447,653,0,0
1755768990_4..N06R,057650_4..N06R,4,0,1755768990,04 0936+ UTI/WDL,1755784486,1755784489,817,0,0
1755769020_4..S,057700_4..S,4,1,1755769020,04 0937  WDL/UTI,1755789304,1755789307,762,0,0
1755769020_4..S06R,057700_4..S06R,4,1,1755769020,04 0937  WDL/UTI,1755785020,1755785023,953,0,0
1755769050_6..N01R,057750_6..N01R,6,0,1755769050,06 0937+ BBR/PEL,1755787549,1755787555,1495,0,0
1755769080_1..N03R,057800_1..N03R,1,0,1755769080,01 0938  SFT/242,1755787924,1755787930,1544,0,0
1755769140_1..S03R,057900_1..S03R,1,1,1755769140,01 0939  242/SFT,1755787219,1755787225,1423,0,0
1755769140_GS.S01R,057900_GS.S01R,GS,1,1755769140,0S 0939  TSS/GCS,1755783619,1755783622,590,0,0
1755769170_6..S02R,057950_6..S02R,6X,1,1755769170,06 0939+ PEL/BBR,1755788314,1755788320,1588,0,0
1755769170_GS.N04R,057950_GS.N04R,GS,0,1755769170,0S 0939+ GCS/TSS,1755783685,1755783688,531,0,0
1755769200_5..S,058000_5..S,5,1,1755769200,E5 0940  DYR/FLA,1755789583,1755789589,381,0,0
1755769200_5..S03R,058000_5..S03R,5,1,1755769200,05 0940  DYR/FLA,1755785419,1755785425,966,0,0
1755769200_7..N,058000_7..N,7,0,1755769200,07 0940 34H/MST,1755786064,1755786070,1152,0,0
1755769230_2..S01R,058050_2..S01R,2,1,1755769230,02 0940+ 241/FLA,1755789763,1755789775,1902,0,0
1755769260_4..N06R,058100_4..N06R,4,0,1755769260,04 0941  UTI/WDL,1755788152,1755788155,1551,0,0
1755769260_7X..S,058100_7X..S,7X,1,1755769260,07 0941 MST/34H,1755785839,1755785842,1089,0,0
1755769320_2..N01X179,058200_2..N01X179,2,0,1755769320,02 0942  FLA/241,1755789724,1755789730,1893,0,0
1755769320_3..S01R,058200_3..S01R,3,1,1755769320,03 0942  148/NLT,1755787954,1755787957,1505,0,0
1755769350_3..N01R,058250_3..N01R,3,0,1755769350,03 0942+ NLT/148,1755788239,1755788245,1571,0,0
1755769380_GS.S04R,058300_GS.S04R,GS,1,1755769380,0S 0943  TSS/GCS,1755783880,1755783883,582,0,0
1755769410_7..S,058350_7..S,7,1,1755769410,07 0943+ MST/34H,1755786247,1755786250,1134,0,0
1755769410_GS.N01R,058350_GS.N01R,GS,0,1755769410,0S 0943+ GCS/TSS,1755783982,1755783985,609,0,0
1755769440_1..S03R,058400_1..S03R,1,1,1755769440,01 0944  242/SFT,1755784084,1755784090,605,0,0
1755769440_7..N,058400_7..N,7,0,1755769440,07 0944 34H/MST,1755786283,1755786289,1125,0,0
1755769500_4..N,058500_4..N,4,0,1755769500,04 0945  UTI/BUR,1755787423,1755787429,57,0,0
1755769500_4..N43R,058500_4..N43R,4,0,1755769500,04 0945  UTI/BUR,1755787030,1755787033,1225,0,0
1755769560_4..S,058600_4..S,4,1,1755769560,04 0946  WDL/UTI,1755789544,1755789547,730,0,0
1755769560_4..S06R,058600_4..S06R,4,1,1755769560,04 0946  WDL/UTI,1755785530,1755785533,909,0,0
1755769560_6..S02R,058600_6..S02R,6X,1,1755769560,06 0946  PEL/BBR,1755788524,1755788530,1555,0,0
1755769590_5..N66R,058650_5..N66R,5,0,1755769590,05 0946+ FLA/DYR,1755789154,1755789160,1688,0,0
1755769620_1..N,058700_1..N,1,0,1755769620,01 0947  SFT/215,1755787603,1755787609,782,0,0
1755769620_1..N03R,058700_1..N03R,1,0,1755769620,01 0947  SFT/242,1755784138,1755784144,567,0,0
1755769620_GS.S01R,058700_GS.S01R,GS,1,1755769620,0S 0947  TSS/GCS,1755784165,1755784168,574,0,0
1755769650_GS.N04R,058750_GS.N04R,GS,0,1755769650,0S 0947+ GCS/TSS,1755784147,1755784150,569,0,0
1755769680_5..S03R,058800_5..S03R,5,1,1755769680,05 0948  DYR/FLA,1755790066,1755790069,1888,0,0
1755769680_7..N,058800_7..N,7,0,1755769680,07 0948 34H/MST,1755786394,1755786400,1095,0,0
1755769710_2..S01X304,058850_2..S01X304,2,1,1755769710,02 0948+ 241/FLA,1755790264,1755790267,1929,0,0
1755769740_1..S03R,058900_1..S03R,1,1,1755769740,01 0949  242/SFT,1755787549,1755787555,1337,0,0
1755769740_5..N85R,058900_5..N85R,5,0,1755769740,05 0949  BWG/GHW,1755787462,1755787465,1262,0,0
1755769740_6..S03R,058900_6..S03R,6,1,1755769740,$6 0949  177/BBR,1755786100,1755786103,1031,0,0
1755769770_7X..S,058950_7X..S,7X,1,1755769770,07 0949+ MST/34H,1755786538,1755786544,1097,0,0
1755769830_2..N10X102,059050_2..N10X102,2,0,1755769830,02 0950+ FLA/180,1755789265,1755789268,1631,0,0
1755769830_3..N01R,059050_3..N01R,3,0,1755769830,03 0950+ NLT/148,1755788689,1755788695,1514,0,0
1755769830_3..S01R,059050_3..S01R,3,1,1755769830,03 0950+ 148/NLT,1755788719,1755788725,1519,0,0
1755769830_4..N06R,059050_4..N06R,4,0,1755769830,04 0950+ UTI/WDL,1755788554,1755788560,1483,0,0
1755769860_GS.S04R,059100_GS.S04R,GS,1,1755769860,0S 0951  TSS/GCS,1755784375,1755784378,550,0,0
1755769890_1..N03R,059150_1..N03R,1,0,1755769890,01 0951+ SFT/242,1755788263,1755788269,1416,0,0
1755769890_7..S,059150_7..S,7,1,1755769890,07 0951+ MST/34H,1755786760,1755786763,1101,0,0
1755769920_7..N,059200_7..N,7,0,1755769920,07 0952 34H/MST,1755786988,1755786994,1149,0,0
1755769920_GS.N01R,059200_GS.N01R,GS,0,1755769920,0S 0952  GCS/TSS,1755784453,1755784459,571,0,0
1755770040_4..S06R,059400_4..S06R,4,1,1755770040,04 0954  WDL/UTI,1755788536,1755788539,1477,0,0
1755770130_GS.S01R,059550_GS.S01R,GS,1,1755770130,0S 0955+ TSS/GCS,1755784603,1755784609,531,0,0
1755770160_1..N03R,059600_1..N03R,1,0,1755770160,01 0956  SFT/242,1755788503,1755788509,1392,0,0
1755770160_2..S,059600_2..S,2,1,1755770160,/2 0956  241/FLA,1755790984,1755790990,127,0,0
1755770160_2..S01X304,059600_2..S01X304,2,1,1755770160,/2 0956  241/FLA,1755790282,1755790285,1774,0,0
1755770160_5..S03R,059600_5..S03R,5,1,1755770160,05 0956  DYR/FLA,1755790543,1755790549,1834,0,0
1755770160_7..N,059600_7..N,7,0,1755770160,07 0956 34H/MST,1755787234,1755787240,1135,0,0
1755770160_7..S,059600_7..S,7,1,1755770160,07 0956 MST/34H,1755787048,1755787054,1095,0,0
1755770160_GS.N04R,059600_GS.N04R,GS,0,1755770160,0S 0956  GCS/TSS,1755784657,1755784660,545,0,0
1755770220_6..S03R,059700_6..S03R,6,1,1755770220,06 0957  177/BBR,1755788758,1755788764,1389,0,0
1755770280_6..S02R,059800_6..S02R,6X,1,1755770280,06 0958  PEL/BBR,1755789019,1755789025,1185,0,0
1755770310_2..N01X179,059850_2..N01X179,2,0,1755770310,02 0958+ FLA/241,1755791218,1755791224,1984,0,0
1755770310_3..N01R,059850_3..N01R,3,0,1755770310,03 0958+ NLT/148,1755789145,1755789148,1526,0,0
1755770310_6..N03R,059850_6..N03R,6,0,1755770310,06 0958+ BBR/177,1755788062,1755788065,816,0,0
1755770340_1..S03R,059900_1..S03R,1,1,1755770340,01 0959  242/SFT,1755788413,1755788419,1370,0,0
1755770340_3..S01R,059900_3..S01R,3,1,1755770340,03 0959  148/NLT,1755789244,1755789250,1547,0,0
1755770340_4..N06R,059900_4..N06R,4,0,1755770340,04 0959  UTI/WDL,1755789055,1755789058,1508,0,0
1755770370_GS.S04R,059950_GS.S04R,GS,1,1755770370,0S 0959+ TSS/GCS,1755784852,1755784855,518,0,0
1755770400_GS.N01R,060000_GS.N01R,GS,0,1755770400,0S 1000  GCS/TSS,1755784927,1755784930,534,0,0
1755770430_1..N03R,060050_1..N03R,1,0,1755770430,01 1000+ SFT/242,1755788803,1755788809,1377,0,0
1755770460_7..N,060100_7..N,7,0,1755770460,07 1001 34H/MST,1755787534,1755787540,1130,0,0
1755770460_7..S,060100_7..S,7,1,1755770460,07 1001 MST/34H,1755787369,1755787375,1092,0,0
1755770490_5..N66R,060150_5..N66R,5,0,1755770490,05 1001+ FLA/DYR,1755789694,1755789700,1568,0,0
1755770520_4..S06R,060200_4..S06R,4,1,1755770520,04 1002  WDL/UTI,1755789133,1755789139,1445,0,0
1755770610_2..S01X304,060350_2..S01X304,2,1,1755770610,02 1003+ 241/FLA,1755791314,1755791320,1923,0,0
1755770610_5..S03R,060350_5..S03R,5,1,1755770610,05 1003+ DYR/FLA,1755790693,1755790699,1784,0,0
1755770610_GS.S01R,060350_GS.S01R,GS,1,1755770610,0S 1003+ TSS/GCS,1755785098,1755785104,575,0,0
1755770640_1..S03R,060400_1..S03R,1,1,1755770640,01 1004  242/SFT,1755788623,1755788629,1338,0,0
1755770640_GS.N04R,060400_GS.N04R,GS,0,1755770640,0S 1004  GCS/TSS,1755785128,1755785134,581,0,0
1755770700_3..S01R,060500_3..S01R,3,1,1755770700,03 1005  148/NLT,1755789568,1755789574,1461,0,0
1755770730_1..N03R,060550_1..N03R,1,0,1755770730,01 1005+ SFT/242,1755789055,1755789058,1349,0,0
1755770760_4..N06R,060600_4..N06R,4,0,1755770760,04 1006  UTI/WDL,1755789415,1755789418,1425,0,0
1755770760_7..N,060600_7..N,7,0,1755770760,07 1006 34H/MST,1755787780,1755787783,1103,0,0
1755770760_7..S,060600_7..S,7,1,1755770760,07 1006 MST/34H,1755787645,1755787648,1072,0,0
1755770790_6..N03R,060650_6..N03R,6,0,1755770790,06 1006+ BBR/177,1755788338,1755788344,796,0,0
1755770850_GS.S04R,060750_GS.S04R,GS,1,1755770850,0S 1007+ TSS/GCS,1755785338,1755785344,546,0,0
1755770880_GS.N01R,060800_GS.N01R,GS,0,1755770880,0S 1008  GCS/TSS,1755785368,1755785374,553,0,0
1755770940_1..S03R,060900_1..S03R,1,1,1755770940,01 1009  242/SFT,1755788749,1755788755,1285,0,0
1755770940_5..N66R,060900_5..N66R,5,0,1755770940,05 1009  FLA/DYR,1755790225,1755790228,1601,0,0
1755771000_4..S06R,061000_4..S06R,4,1,1755771000,04 1010  WDL/UTI,1755790039,1755790045,1483,0,0
1755771000_6..S02R,061000_6..S02R,6X,1,1755771000,06 1010  PEL/BBR,1755789418,1755789424,1346,0,0
1755771060_3..N01R,061100_3..N01R,3,0,1755771060,03 1011  NLT/148,1755789685,1755789688,1406,0,0
1755771060_7..N,061100_7..N,7,0,1755771060,07 1011 34H/MST,1755788320,1755788323,1145,0,0
1755771060_7..S,061100_7..S,7,1,1755771060,07 1011 MST/34H,1755787960,1755787963,1064,0,0
1755771090_2..S01X304,061150_2..S01X304,2,1,1755771090,02 1011+ 241/FLA,1755791668,1755791674,1839,0,0
1755771090_5..N66R,061150_5..N66R,5,0,1755771090,E5 1011+ FLA/DYR,1755791053,1755791059,1236,0,0
1755771090_5..S03R,061150_5..S03R,5,1,1755771090,05 1011+ DYR/FLA,1755791158,1755791164,1731,0,0
1755771090_GS.S01R,061150_GS.S01R,GS,1,1755771090,0S 1011+ TSS/GCS,1755785548,1755785554,512,0,0
1755771120_6..S03R,061200_6..S03R,6,1,1755771120,06 1012  177/BBR,1755789274,1755789280,1313,0,0
1755771120_GS.N04R,061200_GS.N04R,GS,0,1755771120,0S 1012  GCS/TSS,1755785599,1755785605,523,0,0
1755771150_3..S01R,061250_3..S01R,3,1,1755771150,03 1012+ 148/NLT,1755789943,1755789949,1455,0,0
1755771240_1..S03R,061400_1..S03R,1,1,1755771240,01 1014  242/SFT,1755789025,1755789028,1262,0,0
1755771240_6..N01R,061400_6..N01R,6,0,1755771240,06 1014  BBR/PEL,1755789724,1755789730,1413,0,0
1755771270_5..N,061450_5..N,5,0,1755771270,/5 1014+ FLA/DYR,1755791434,1755791440,267,0,0
1755771270_5..N66R,061450_5..N66R,5,0,1755771270,05 1014+ FLA/DYR,1755790039,1755790045,1402,0,0
1755771330_GS.S04R,061550_GS.S04R,GS,1,1755771330,0S 1015+ TSS/GCS,1755785815,1755785821,493,0,0
1755771360_1..N03R,061600_1..N03R,1,0,1755771360,01 1016  SFT/242,1755789394,1755789400,1260,0,0
1755771360_7..N,061600_7..N,7,0,1755771360,07 1016 34H/MST,1755788428,1755788434,1083,2,2
1755771360_7..S,061600_7..S,7,1,1755771360,07 1016 MST/34H,1755788128,1755788134,1006,0,0
1755771360_GS.N01R,061600_GS.N01R,GS,0,1755771360,0S 1016  GCS/TSS,1755785842,1755785845,498,0,0
1755771390_2..N01X179,061650_2..N01X179,2,0,1755771390,02 1016+ FLA/241,1755792148,1755792154,1861,0,0
1755771420_3..N01R,061700_3..N01R,3,0,1755771420,03 1017  NLT/148,1755790183,1755790189,1433,0,0
1755771420_4..N06R,061700_4..N06R,4,0,1755771420,04 1017  UTI/WDL,1755790114,1755790120,1418,0,0
1755771480_3..S01R,061800_3..S01R,3,1,1755771480,03 1018  148/NLT,1755790243,1755790249,1443,0,0
1755771480_4..S06R,061800_4..S06R,4,1,1755771480,04 1018  WDL/UTI,1755790303,1755790309,1460,0,0
1755771480_6..N03R,061800_6..N03R,6,0,1755771480,06 1018  BBR/177,1755789148,1755789154,1207,0,0
1755771540_1..S03R,061900_1..S03R,1,1,1755771540,01 1019  242/SFT,1755789325,1755789328,1244,0,0
1755771540_5..S03R,061900_5..S03R,5,1,1755771540,05 1019  DYR/FLA,1755791518,1755791524,1710,0,0
1755771570_2..S01X304,061950_2..S01X304,2,1,1755771570,02 1019+ 241/FLA,1755792049,1755792052,1765,0,0
1755771570_5..N66R,061950_5..N66R,5,0,1755771570,05 1019+ FLA/DYR,1755792034,1755792040,1762,0,0
1755771570_GS.S01R,061950_GS.S01R,GS,1,1755771570,0S 1019+ TSS/GCS,1755786058,1755786064,468,0,0
1755771600_GS.N04R,062000_GS.N04R,GS,0,1755771600,0S 1020  GCS/TSS,1755786088,1755786094,474,0,0
1755771660_7..N,062100_7..N,7,0,1755771660,07 1021 34H/MST,1755788647,1755788650,1051,0,0
1755771660_7..S,062100_7..S,7,1,1755771660,07 1021 MST/34H,1755788494,1755788500,1016,0,0
1755771690_1..N03R,062150_1..N03R,1,0,1755771690,01 1021+ SFT/242,1755789745,1755789748,1261,0,0
1755771720_6..N01R,062200_6..N01R,6,0,1755771720,06 1022  BBR/PEL,1755790153,1755790159,1351,0,0
1755771720_6..N03R,062200_6..N03R,6,0,1755771720,E6 1022  86S/177,1755787888,1755787894,381,0,0
1755771720_6..S02R,062200_6..S02R,6X,1,1755771720,06 1022  PEL/BBR,1755786343,1755786349,446,0,0
1755771750_2..N10X102,062250_2..N10X102,2,0,1755771750,02 1022+ FLA/180,1755791293,1755791299,1603,0,0
1755771810_4..N06R,062350_4..N06R,4,0,1755771810,04 1023+ UTI/WDL,1755790663,1755790669,1462,0,0
1755771810_GS.S04R,062350_GS.S04R,GS,1,1755771810,0S 1023+ TSS/GCS,1755786283,1755786289,514,0,0
1755771840_1..S03R,062400_1..S03R,1,1,1755771840,01 1024  242/SFT,1755789613,1755789619,1217,0,0
1755771840_3..N01R,062400_3..N01R,3,0,1755771840,03 1024  NLT/148,1755790678,1755790684,1465,0,0
1755771840_GS.N01R,062400_GS.N01R,GS,0,1755771840,0S 1024  GCS/TSS,1755786319,1755786325,521,0,0
1755771960_4..S06R,062600_4..S06R,4,1,1755771960,04 1026  WDL/UTI,1755790699,1755790702,1390,0,0
1755771960_6..N03R,062600_6..N03R,6,0,1755771960,06 1026  BBR/177,1755789598,1755789604,1151,0,0
1755771960_6..S02R,062600_6..S02R,6X,1,1755771960,06 1026  PEL/BBR,1755789862,1755789865,970,0,0
1755771960_7..N,062600_7..N,7,0,1755771960,07 1026 34H/MST,1755789163,1755789169,1078,0,0
1755771960_7..S,062600_7..S,7,1,1755771960,07 1026 MST/34H,1755788749,1755788755,993,0,0
1755771990_1..N03R,062650_1..N03R,1,0,1755771990,01 1026+ SFT/242,1755790075,1755790078,1254,0,0
1755771990_5..S03R,062650_5..S03R,5,1,1755771990,05 1026+ DYR/FLA,1755791908,1755791914,1653,0,0
1755772020_2..S01X304,062700_2..S01X304,2,1,1755772020,02 1027  241/FLA,1755792514,1755792520,1779,0,0
1755772020_5..N66R,062700_5..N66R,5,0,1755772020,05 1027  FLA/DYR,1755792403,1755792409,1757,0,0
1755772050_GS.S01R,062750_GS.S01R,GS,1,1755772050,0S 1027+ TSS/GCS,1755786514,1755786517,480,0,0
1755772080_6..S03R,062800_6..S03R,6,1,1755772080,06 1028  177/BBR,1755789643,1755789649,1161,0,0
1755772080_GS.N04R,062800_GS.N04R,GS,0,1755772080,0S 1028  GCS/TSS,1755786568,1755786574,492,0,0
1755772140_1..S03R,062900_1..S03R,1,1,1755772140,01 1029  242/SFT,1755789934,1755789937,1224,0,0
1755772170_3..S01R,062950_3..S01R,3,1,1755772170,03 1029+ 148/NLT,1755790738,1755790744,1320,0,0
1755772200_4..N06R,063000_4..N06R,4,0,1755772200,04 1030  UTI/WDL,1755790924,1755790930,1361,0,0
1755772230_2..N01X179,063050_2..N01X179,2,0,1755772230,02 1030+ FLA/241,1755793153,1755793159,1811,0,0
1755772260_7..N,063100_7..N,7,0,1755772260,07 1031 34H/MST,1755789349,1755789355,1021,0,0
1755772260_7..S,063100_7..S,7,1,1755772260,07 1031 MST/34H,1755789124,1755789130,974,0,0
1755772290_GS.S04R,063150_GS.S04R,GS,1,1755772290,0S 1031+ TSS/GCS,1755786775,1755786778,455,0,0
1755772320_1..N03R,063200_1..N03R,1,0,1755772320,01 1032  SFT/242,1755786778,1755786784,446,0,0
1755772320_GS.N01R,063200_GS.N01R,GS,0,1755772320,0S 1032  GCS/TSS,1755786808,1755786814,462,0,0
1755772410_5..N66R,063350_5..N66R,5,0,1755772410,05 1033+ FLA/DYR,1755792613,1755792619,1720,0,0
1755772440_1..S03R,063400_1..S03R,1,1,1755772440,01 1034  242/SFT,1755790483,1755790489,1265,0,0
1755772440_3..N01R,063400_3..N01R,3,0,1755772440,03 1034  NLT/148,1755791158,1755791164,1415,0,0
1755772440_4..S06R,063400_4..S06R,4,1,1755772440,04 1034  WDL/UTI,1755790984,1755790990,1374,0,0
1755772440_6..S,063400_6..S,6X,1,1755772440,/6 1034  PEL/BBR,1755790585,1755790588,169,0,0
1755772440_6..S02R,063400_6..S02R,6X,1,1755772440,06 1034  PEL/BBR,1755789724,1755789730,1097,0,0
1755772470_5..S03R,063450_5..S03R,5,1,1755772470,05 1034+ DYR/FLA,1755792358,1755792364,1594,0,0
1755772530_2..N10X102,063550_2..N10X102,2,0,1755772530,02 1035+ FLA/180,1755792424,1755792430,1579,0,0
1755772530_GS.S01R,063550_GS.S01R,GS,1,1755772530,0S 1035+ TSS/GCS,1755787003,1755787009,430,0,0
1755772560_7..N,063600_7..N,7,0,1755772560,07 1036 34H/MST,1755789553,1755789559,1009,0,0
1755772560_7..S,063600_7..S,7,1,1755772560,07 1036 MST/34H,1755789763,1755789775,1055,0,0
1755772620_GS.N04R,063700_GS.N04R,GS,0,1755772620,0S 1037  GCS/TSS,1755787114,1755787120,452,0,0
1755772650_1..N03R,063750_1..N03R,1,0,1755772650,01 1037+ SFT/242,1755790444,1755790447,1181,0,0
1755772650_3..S01R,063750_3..S01R,3,1,1755772650,03 1037+ 148/NLT,1755791188,1755791194,1348,0,0
1755772680_6..N,063800_6..N,6,0,1755772680,/6 1038  BBR/PEL,1755791347,1755791350,539,0,0
1755772680_6..N01R,063800_6..N01R,6,0,1755772680,/6 1038  BBR/PEL,1755788788,1755788794,823,0,0
1755772740_4..N06R,063900_4..N06R,4,0,1755772740,04 1039  UTI/WDL,1755791743,1755791749,1431,0,0
1755772800_1..S03R,064000_1..S03R,1,1,1755772800,01 1040  242/SFT,1755790594,1755790600,1147,0,0
1755772800_3..N01R,064000_3..N01R,3,0,1755772800,03 1040  NLT/148,1755791554,1755791560,1359,0,0
1755772830_GS.S04R,064050_GS.S04R,GS,1,1755772830,0S 1040+ TSS/GCS,1755787264,1755787270,417,0,0
1755772860_7..N,064100_7..N,7,0,1755772860,07 1041 34H/MST,1755789928,1755789934,1017,0,0
1755772860_7..S,064100_7..S,7,1,1755772860,07 1041 MST/34H,1755789874,1755789880,1004,0,0
1755772920_4..S06R,064200_4..S06R,4,1,1755772920,04 1042  WDL/UTI,1755791530,1755791533,1333,0,0
1755772920_6..N03R,064200_6..N03R,6,0,1755772920,06 1042  BBR/177,1755790798,1755790801,1194,0,0
1755772920_6..S02R,064200_6..S02R,6X,1,1755772920,06 1042  PEL/BBR,1755791248,1755791254,1293,0,0
1755772920_GS.N01R,064200_GS.N01R,GS,0,1755772920,0S 1042  GCS/TSS,1755787399,1755787405,445,0,0
1755772950_1..N03R,064250_1..N03R,1,0,1755772950,01 1042+ SFT/242,1755787384,1755787390,441,0,0
1755772950_5..S03R,064250_5..S03R,5,1,1755772950,05 1042+ DYR/FLA,1755792853,1755792859,1629,0,0
1755772980_2..S01X304,064300_2..S01X304,2,1,1755772980,02 1043  241/FLA,1755793390,1755793393,1741,0,0
1755773010_5..N66R,064350_5..N66R,5,0,1755773010,05 1043+ FLA/DYR,1755792913,1755792919,1641,0,0
1755773040_6..S03R,064400_6..S03R,6,1,1755773040,06 1044  177/BBR,1755790954,1755790960,1226,0,0
1755773100_1..N03R,064500_1..N03R,1,0,1755773100,01 1045  SFT/242,1755790924,1755790930,780,0,0
1755773100_1..S03R,064500_1..S03R,1,1,1755773100,01 1045  242/SFT,1755790864,1755790870,1143,0,0
1755773130_3..S01R,064550_3..S01R,3,1,1755773130,03 1045+ 148/NLT,1755791734,1755791740,1330,0,0
1755773130_GS.S01R,064550_GS.S01R,GS,1,1755773130,0S 1045+ TSS/GCS,1755787609,1755787615,428,0,0
1755773160_6..N01R,064600_6..N01R,6,0,1755773160,06 1046  BBR/PEL,1755791854,1755791860,1355,0,0
1755773160_7..N,064600_7..N,7,0,1755773160,07 1046 34H/MST,1755790048,1755790054,945,0,0
1755773160_7..S,064600_7..S,7,1,1755773160,07 1046 MST/34H,1755790099,1755790105,956,0,0
1755773190_3..N01R,064650_3..N01R,3,0,1755773190,03 1046+ NLT/148,1755791998,1755792004,1387,0,0
1755773220_GS.N04R,064700_GS.N04R,GS,0,1755773220,0S 1047  GCS/TSS,1755787705,1755787708,448,0,0
1755773280_4..N06R,064800_4..N06R,4,0,1755773280,04 1048  UTI/WDL,1755787105,1755787585,316,0,0
1755773280_6..N01R,064800_6..N01R,6,0,1755773280,E6 1048  BBR/PEL,1755791203,1755791209,816,0,0
1755773310_2..N01X179,064850_2..N01X179,2,0,1755773310,02 1048+ FLA/241,1755794290,1755794293,1862,0,0
1755773310_6..S02R,064850_6..S02R,6X,1,1755773310,06 1048+ PEL/BBR,1755787483,1755787489,400,0,0
1755773400_4..S06R,065000_4..S06R,4,1,1755773400,04 1050  WDL/UTI,1755791845,1755791848,1286,0,0
1755773430_5..S,065050_5..S,5,1,1755773430,/5 1050+ DYR/FLA,1755793534,1755793540,872,0,0
1755773430_5..S03R,065050_5..S03R,5,1,1755773430,05 1050+ DYR/FLA,1755789379,1755789385,704,0,0
1755773430_6..N01R,065050_6..N01R,6,0,1755773430,06 1050+ BBR/PEL,1755792268,1755792274,1061,0,0
1755773430_GS.S04R,065050_GS.S04R,GS,1,1755773430,0S 1050+ TSS/GCS,1755787873,1755787879,420,0,0
1755773460_5..N67R,065100_5..N67R,5,0,1755773460,05 1051  BWG/180,1755790933,1755790939,814,0,0
1755773460_7..N,065100_7..N,7,0,1755773460,07 1051 34H/MST,1755790693,1755790699,1047,0,0
1755773460_7..S,065100_7..S,7,1,1755773460,07 1051 MST/34H,1755790498,1755790504,1007,0,0
1755773520_5..N66R,065200_5..N66R,5,0,1755773520,05 1052  FLA/DYR,1755793303,1755793309,1593,0,0
1755773520_6..S03R,065200_6..S03R,6,1,1755773520,06 1052  177/BBR,1755791104,1755791110,1129,0,0
1755773520_GS.N01R,065200_GS.N01R,GS,0,1755773520,0S 1052  GCS/TSS,1755788038,1755788044,457,0,0
1755773550_1..N03R,065250_1..N03R,1,0,1755773550,01 1052+ SFT/242,1755791377,1755791380,1189,0,0
1755773610_3..S01R,065350_3..S01R,3,1,1755773610,03 1053+ 148/NLT,1755792163,1755792169,1355,0,0
1755773670_2..S10X008,065450_2..S10X008,2,1,1755773670,02 1054+ 180/FLA,1755793018,1755793024,1470,0,0
1755773670_6..N03R,065450_6..N03R,6,0,1755773670,06 1054+ BBR/177,1755791584,1755791590,881,0,0
1755773700_1..S03R,065500_1..S03R,1,1,1755773700,01 1055  242/SFT,1755791704,1755791710,1195,0,0
1755773700_3..N01R,065500_3..N01R,3,0,1755773700,03 1055  NLT/148,1755792478,1755792484,1358,0,0
1755773730_GS.S01R,065550_GS.S01R,GS,1,1755773730,0S 1055+ TSS/GCS,1755788215,1755788218,435,0,0
1755773760_7..N,065600_7..N,7,0,1755773760,07 1056 34H/MST,1755790801,1755790807,1028,0,0
1755773760_7..S,065600_7..S,7,1,1755773760,07 1056 MST/34H,1755790678,1755790684,997,0,0
1755773790_2..N10X102,065650_2..N10X102,2,0,1755773790,02 1056+ FLA/180,1755793324,1755793330,1511,0,0
1755773820_GS.N04R,065700_GS.N04R,GS,0,1755773820,0S 1057  GCS/TSS,1755788305,1755788308,454,0,0
1755773850_4..N06R,065750_4..N06R,4,0,1755773850,04 1057+ UTI/WDL,1755792313,1755792319,1292,0,0
1755773850_6..S02R,065750_6..S02R,6X,1,1755773850,06 1057+ PEL/BBR,1755791848,1755791854,1225,0,0
1755773880_4..S06R,065800_4..S06R,4,1,1755773880,04 1058  WDL/UTI,1755792454,1755792466,1353,0,0
1755773910_5..S03R,065850_5..S03R,5,1,1755773910,05 1058+ DYR/FLA,1755794068,1755794074,1687,0,0
1755773910_6..N01R,065850_6..N01R,6,0,1755773910,06 1058+ BBR/PEL,1755792643,1755792649,1063,0,0
1755773940_2..S01X304,065900_2..S01X304,2,1,1755773940,02 1059  241/FLA,1755794518,1755794524,1781,0,0
1755774000_1..N,066000_1..N,1,0,1755774000,/1 1100  SFT/242,1755792007,1755792010,98,0,0
1755774000_1..N03R,066000_1..N03R,1,0,1755774000,01 1100  SFT/242,1755791362,1755791365,809,0,0
1755774000_5..N66R,066000_5..N66R,5,0,1755774000,05 1100  FLA/DYR,1755793849,1755793855,1554,0,0
1755774000_6..S03R,066000_6..S03R,6,1,1755774000,06 1100  177/BBR,1755791407,1755791410,1072,0,0
1755774030_GS.S04R,066050_GS.S04R,GS,1,1755774030,0S 1100+ TSS/GCS,1755788473,1755788479,431,0,0
1755774060_1..S03R,066100_1..S03R,1,1,1755774060,01 1101  242/SFT,1755792064,1755792070,1212,0,0
1755774060_7..N,066100_7..N,7,0,1755774060,07 1101 34H/MST,1755791209,1755791215,1050,0,0
1755774060_7..S,066100_7..S,7,1,1755774060,07 1101 MST/34H,1755790945,1755790948,990,0,0
1755774090_3..S01R,066150_3..S01R,3,1,1755774090,03 1101+ 148/NLT,1755792514,1755792520,1303,0,0
1755774120_GS.N01R,066200_GS.N01R,GS,0,1755774120,0S 1102  GCS/TSS,1755788614,1755788620,463,0,0
1755774150_6..N03R,066250_6..N03R,6,0,1755774150,06 1102+ BBR/177,1755792208,1755792214,944,0,0
1755774270_2..N01X179,066450_2..N01X179,2,0,1755774270,02 1104+ FLA/241,1755794839,1755794845,1712,0,0
1755774300_3..N01R,066500_3..N01R,3,0,1755774300,03 1105  NLT/148,1755793147,1755793150,1372,0,0
1755774330_4..N06R,066550_4..N06R,4,0,1755774330,04 1105+ UTI/WDL,1755792793,1755792799,1297,0,0
1755774330_6..S02R,066550_6..S02R,6X,1,1755774330,06 1105+ PEL/BBR,1755788347,1755788350,339,0,0
1755774330_GS.S01R,066550_GS.S01R,GS,1,1755774330,0S 1105+ TSS/GCS,1755788845,1755788848,449,0,0
1755774360_4..S06R,066600_4..S06R,4,1,1755774360,04 1106  WDL/UTI,1755792883,1755792889,1317,0,0
1755774360_7..N,066600_7..N,7,0,1755774360,07 1106 34H/MST,1755791614,1755791620,1060,0,0
1755774360_7..S,066600_7..S,7,1,1755774360,07 1106 MST/34H,1755791314,1755791320,995,0,0
1755774390_5..S03R,066650_5..S03R,5,1,1755774390,05 1106+ DYR/FLA,1755794368,1755794374,1626,0,0
1755774390_6..N01R,066650_6..N01R,6,0,1755774390,06 1106+ BBR/PEL,1755793093,1755793099,1074,0,0
1755774420_1..S03R,066700_1..S03R,1,1,1755774420,01 1107  242/SFT,1755792349,1755792355,1205,0,0
1755774420_GS.N04R,066700_GS.N04R,GS,0,1755774420,0S 1107  GCS/TSS,1755788890,1755788893,459,0,0
1755774450_1..N03R,066750_1..N03R,1,0,1755774450,01 1107+ SFT/242,1755792184,1755792190,1172,0,0
1755774480_6..S03R,066800_6..S03R,6,1,1755774480,06 1108  177/BBR,1755792223,1755792229,1180,0,0
1755774510_3..S01R,066850_3..S01R,3,1,1755774510,03 1108+ 148/NLT,1755793138,1755793141,1368,0,0
1755774510_5..N66R,066850_5..N66R,5,0,1755774510,05 1108+ FLA/DYR,1755794470,1755794473,1637,0,0
1755774600_6..N,067000_6..N,6,0,1755774600,/6 1110  BBR/PEL,1755793423,1755793429,84,0,0
1755774600_6..N01R,067000_6..N01R,6,0,1755774600,/6 1110  BBR/PEL,1755792934,1755792940,1265,0,0
1755774630_2..S10X008,067050_2..S10X008,2,1,1755774630,02 1110+ 180/FLA,1755793888,1755793894,1464,0,0
1755774630_GS.S04R,067050_GS.S04R,GS,1,1755774630,0S 1110+ TSS/GCS,1755789088,1755789094,437,0,0
1755774660_3..N01R,067100_3..N01R,3,0,1755774660,03 1111  NLT/148,1755793648,1755793654,1377,0,0
1755774660_7..N,067100_7..N,7,0,1755774660,07 1111 34H/MST,1755791773,1755791779,1044,0,0
1755774660_7..S,067100_7..S,7,1,1755774660,07 1111 MST/34H,1755791689,1755791695,1027,0,0
1755774690_2..N10X102,067150_2..N10X102,2,0,1755774690,02 1111+ FLA/180,1755794449,1755794455,1575,0,0
1755774720_GS.N01R,067200_GS.N01R,GS,0,1755774720,0S 1112  GCS/TSS,1755789220,1755789223,464,0,0
1755774750_1..N03R,067250_1..N03R,1,0,1755774750,01 1112+ SFT/242,1755792964,1755792970,1271,0,0
1755774780_1..S03R,067300_1..S03R,1,1,1755774780,01 1113  242/SFT,1755792664,1755792670,1208,0,0
1755774810_6..S,067350_6..S,6X,1,1755774810,/6 1113+ PEL/BBR,1755793318,1755793324,154,0,0
1755774810_6..S02R,067350_6..S02R,6X,1,1755774810,06 1113+ PEL/BBR,1755792508,1755792514,1176,0,0
1755774840_4..N06R,067400_4..N06R,4,0,1755774840,04 1114  UTI/WDL,1755793294,1755793300,1342,0,0
1755774840_4..S06R,067400_4..S06R,4,1,1755774840,04 1114  WDL/UTI,1755793519,1755793525,1389,0,0
1755774870_5..S03R,067450_5..S03R,5,1,1755774870,05 1114+ DYR/FLA,1755794818,1755794824,1595,0,0
1755774870_6..N01R,067450_6..N01R,6,0,1755774870,06 1114+ BBR/PEL,1755793810,1755793813,1093,0,0
1755774900_2..S01X304,067500_2..S01X304,2,1,1755774900,02 1115  241/FLA,1755795419,1755795425,1718,0,0
1755774930_GS.S01R,067550_GS.S01R,GS,1,1755774930,0S 1115+ TSS/GCS,1755789412,1755789415,442,0,0
1755774960_6..N03R,067600_6..N03R,6,0,1755774960,E6 1116  BBR/177,1755793519,1755793525,1014,0,0
1755774960_6..S03R,067600_6..S03R,6,1,1755774960,06 1116  177/BBR,1755792508,1755792514,1112,0,0
1755774960_7..N,067600_7..N,7,0,1755774960,07 1116 34H/MST,1755791950,1755791953,1002,0,0
1755774960_7..S,067600_7..S,7,1,1755774960,07 1116 MST/34H,1755791854,1755791860,981,0,0
1755774990_5..N66R,067650_5..N66R,5,0,1755774990,05 1116+ FLA/DYR,1755794998,1755795004,1629,0,0
1755775020_GS.N04R,067700_GS.N04R,GS,0,1755775020,0S 1117  GCS/TSS,1755789493,1755789499,459,0,0
1755775050_1..N03R,067750_1..N03R,1,0,1755775050,01 1117+ SFT/242,1755793063,1755793069,1227,0,0
1755775050_3..S01R,067750_3..S01R,3,1,1755775050,03 1117+ 148/NLT,1755793534,1755793540,1328,0,0
1755775080_6..N,067800_6..N,6,0,1755775080,/6 1118  BBR/PEL,1755794389,1755794395,123,0,0
1755775080_6..N01R,067800_6..N01R,6,0,1755775080,/6 1118  BBR/PEL,1755793693,1755793699,1360,0,0
1755775140_1..S03R,067900_1..S03R,1,1,1755775140,01 1119  242/SFT,1755793063,1755793069,1227,0,0
1755775140_3..N01R,067900_3..N01R,3,0,1755775140,03 1119  NLT/148,1755793960,1755793963,1406,0,0
1755775170_2..N01X179,067950_2..N01X179,2,0,1755775170,02 1119+ FLA/241,1755795920,1755795923,1755,0,0
1755775230_GS.S04R,068050_GS.S04R,GS,1,1755775230,0S 1120+ TSS/GCS,1755789673,1755789679,435,0,0
1755775260_7..N,068100_7..N,7,0,1755775260,07 1121 34H/MST,1755792433,1755792439,1041,0,0
1755775260_7..S,068100_7..S,7,1,1755775260,07 1121 MST/34H,1755792418,1755792424,1038,0,0
1755775320_4..N06R,068200_4..N06R,4,0,1755775320,04 1122  UTI/WDL,1755793810,1755793813,1317,0,0
1755775320_4..S06R,068200_4..S06R,4,1,1755775320,04 1122  WDL/UTI,1755793945,1755793948,1344,0,0
1755775320_6..N03R,068200_6..N03R,6,0,1755775320,06 1122  BBR/177,1755794170,1755794173,1392,0,0
1755775320_GS.N01R,068200_GS.N01R,GS,0,1755775320,0S 1122  GCS/TSS,1755789856,1755789862,473,0,0
1755775350_1..N03R,068250_1..N03R,1,0,1755775350,01 1122+ SFT/242,1755793333,1755793339,1219,0,0
1755775350_5..S03R,068250_5..S03R,5,1,1755775350,05 1122+ DYR/FLA,1755794959,1755794965,1557,0,0
1755775440_6..S03R,068400_6..S03R,6,1,1755775440,06 1124  177/BBR,1755793027,1755793036,1132,0,0
1755775470_5..N66R,068450_5..N66R,5,0,1755775470,05 1124+ FLA/DYR,1755795208,1755795214,1542,0,0
1755775500_1..S03R,068500_1..S03R,1,1,1755775500,01 1125  242/SFT,1755793417,1755793420,1170,0,0
1755775530_3..S01R,068550_3..S01R,3,1,1755775530,03 1125+ 148/NLT,1755794020,1755794023,1295,0,0
1755775530_6..S02R,068550_6..S02R,6X,1,1755775530,06 1125+ PEL/BBR,1755793783,1755793789,1074,0,0
1755775530_GS.S01R,068550_GS.S01R,GS,1,1755775530,0S 1125+ TSS/GCS,1755790033,1755790039,445,0,0
1755775560_6..N01R,068600_6..N01R,6,0,1755775560,06 1126  BBR/PEL,1755795169,1755795175,1533,0,0
1755775560_7..N,068600_7..N,7,0,1755775560,07 1126 34H/MST,1755792934,1755792940,1076,0,0
1755775560_7..S,068600_7..S,7,1,1755775560,07 1126 MST/34H,1755790801,1755790807,625,0,0
1755775590_2..S10X008,068650_2..S10X008,2,1,1755775590,02 1126+ 180/FLA,1755789433,1755789994,312,0,0
1755775620_3..N01R,068700_3..N01R,3,0,1755775620,03 1127  NLT/148,1755794260,1755794263,1343,0,0
1755775620_GS.N04R,068700_GS.N04R,GS,0,1755775620,0S 1127  GCS/TSS,1755790099,1755790105,459,0,0
1755775650_1..N03R,068750_1..N03R,1,0,1755775650,01 1127+ SFT/242,1755793624,1755793630,1212,0,0
1755775650_2..N10X102,068750_2..N10X102,2,0,1755775650,02 1127+ FLA/180,1755795118,1755795124,1518,0,0
1755775800_4..N06R,069000_4..N06R,4,0,1755775800,04 1130  UTI/WDL,1755794248,1755794254,1275,0,0
1755775800_4..S06R,069000_4..S06R,4,1,1755775800,04 1130  WDL/UTI,1755794299,1755794305,1285,0,0
1755775800_6..N,069000_6..N,6,0,1755775800,/6 1130  BBR/177,1755794599,1755794602,61,0,0
1755775800_6..N03R,069000_6..N03R,6,0,1755775800,/6 1130  BBR/177,1755794014,1755794017,1225,0,0
1755775830_5..S03R,069050_5..S03R,5,1,1755775830,05 1130+ DYR/FLA,1755795719,1755795725,1581,0,0
1755775830_GS.S04R,069050_GS.S04R,GS,1,1755775830,0S 1130+ TSS/GCS,1755790294,1755790297,434,0,0
1755775860_1..S03R,069100_1..S03R,1,1,1755775860,01 1131  242/SFT,1755794089,1755794095,1242,0,0
1755775860_2..S01X304,069100_2..S01X304,2,1,1755775860,02 1131  241/FLA,1755796199,1755796205,1686,0,0
1755775860_7..N,069100_7..N,7,0,1755775860,07 1131 34H/MST,1755793498,1755793504,1143,0,0
1755775860_7..S,069100_7..S,7,1,1755775860,07 1131 MST/34H,1755791398,1755791404,704,0,0
1755775920_6..S03R,069200_6..S03R,6,1,1755775920,06 1132  177/BBR,1755793624,1755793630,1145,0,0
1755775920_GS.N01R,069200_GS.N01R,GS,0,1755775920,0S 1132  GCS/TSS,1755790399,1755790405,457,0,0
1755775950_5..N66R,069250_5..N66R,5,0,1755775950,05 1132+ FLA/DYR,1755795578,1755795584,1549,0,0
1755775980_2..S10X008,069300_2..S10X008,2,1,1755775980,02 1133  180/FLA,1755795229,1755795235,1243,0,0
1755776010_1..N03R,069350_1..N03R,1,0,1755776010,01 1133+ SFT/242,1755794002,1755794005,1222,0,0
1755776010_3..S01R,069350_3..S01R,3,1,1755776010,03 1133+ 148/NLT,1755794578,1755794584,1342,0,0
1755776100_3..N01R,069500_3..N01R,3,0,1755776100,03 1135  NLT/148,1755795148,1755795154,1394,0,0
1755776130_2..N01X179,069550_2..N01X179,2,0,1755776130,02 1135+ FLA/241,1755796598,1755796601,1703,0,0
1755776130_GS.S01R,069550_GS.S01R,GS,1,1755776130,0S 1135+ TSS/GCS,1755790594,1755790600,433,0,0
1755776160_6..N,069600_6..N,6,0,1755776160,/6 1136  BBR/PEL,1755795488,1755795494,82,0,0
1755776160_6..N01R,069600_6..N01R,6,0,1755776160,/6 1136  BBR/PEL,1755794983,1755794989,1064,0,0
1755776160_7..N,069600_7..N,7,0,1755776160,07 1136 34H/MST,1755793744,1755793750,1123,0,0
1755776160_7..S,069600_7..S,7,1,1755776160,07 1136 MST/34H,1755793162,1755793165,1002,0,0
1755776220_1..S03R,069700_1..S03R,1,1,1755776220,01 1137  242/SFT,1755794218,1755794224,1200,0,0
1755776220_GS.N04R,069700_GS.N04R,GS,0,1755776220,0S 1137  GCS/TSS,1755790705,1755790708,456,0,0
1755776250_6..S,069750_6..S,6X,1,1755776250,06 1137+ PEL/BBR,1755794545,1755794548,171,0,0
1755776250_6..S02R,069750_6..S02R,6X,1,1755776250,06 1137+ PEL/BBR,1755793618,1755793624,1076,0,0
1755776280_4..N06R,069800_4..N06R,4,0,1755776280,04 1138  UTI/WDL,1755794710,1755794713,1301,0,0
1755776280_4..S06R,069800_4..S06R,4,1,1755776280,04 1138  WDL/UTI,1755794659,1755794665,1291,0,0
1755776310_1..N03R,069850_1..N03R,1,0,1755776310,01 1138+ SFT/242,1755794329,1755794335,1221,0,0
1755776310_5..S03R,069850_5..S03R,5,1,1755776310,05 1138+ DYR/FLA,1755795938,1755795944,1558,0,0
1755776400_6..S03R,070000_6..S03R,6,1,1755776400,06 1140  177/BBR,1755793954,1755793960,1054,0,0
1755776430_5..N66R,070050_5..N66R,5,0,1755776430,05 1140+ FLA/DYR,1755796139,1755796145,1540,0,0
1755776430_GS.S04R,070050_GS.S04R,GS,1,1755776430,0S 1140+ TSS/GCS,1755790903,1755790909,436,0,0
1755776460_7..N,070100_7..N,7,0,1755776460,07 1141 34H/MST,1755794029,1755794035,1080,0,0
1755776460_7..S,070100_7..S,7,1,1755776460,07 1141 MST/34H,1755793390,1755793393,947,0,0
1755776490_3..S01R,070150_3..S01R,3,1,1755776490,03 1141+ 148/NLT,1755795058,1755795064,1310,0,0
1755776520_6..N01R,070200_6..N01R,6,0,1755776520,06 1142  BBR/PEL,1755795920,1755795923,1489,0,0
1755776520_GS.N01R,070200_GS.N01R,GS,0,1755776520,0S 1142  GCS/TSS,1755791008,1755791014,458,0,0
1755776580_1..S03R,070300_1..S03R,1,1,1755776580,01 1143  242/SFT,1755794479,1755794485,1102,0,0
1755776580_3..N01R,070300_3..N01R,3,0,1755776580,03 1143  NLT/148,1755795479,1755795485,1394,0,0
1755776610_2..N10X102,070350_2..N10X102,2,0,1755776610,02 1143+ FLA/180,1755796280,1755796283,1569,0,0
1755776640_1..N03R,070400_1..N03R,1,0,1755776640,01 1144  SFT/242,1755794728,1755794734,1240,0,0
1755776700_7..S,070500_7..S,7,1,1755776700,/7 1145 61S/QBP,1755791683,1755791689,37,0,0
1755776730_6..S02R,070550_6..S02R,6X,1,1755776730,06 1145+ PEL/BBR,1755794848,1755794854,1206,0,0
1755776730_GS.S01R,070550_GS.S01R,GS,1,1755776730,0S 1145+ TSS/GCS,1755791248,1755791254,454,0,0
1755776760_4..N06R,070600_4..N06R,4,0,1755776760,04 1146  UTI/WDL,1755795269,1755795275,1292,0,0
1755776760_4..S06R,070600_4..S06R,4,1,1755776760,04 1146  WDL/UTI,1755795284,1755795290,1295,0,0
1755776760_7..N,070600_7..N,7,0,1755776760,07 1146 34H/MST,1755794338,1755794344,1113,0,0
1755776760_7..S,070600_7..S,7,1,1755776760,07 1146 MST/34H,1755793588,1755793594,959,0,0
1755776790_5..S03R,070650_5..S03R,5,1,1755776790,05 1146+ DYR/FLA,1755796439,1755796445,1547,0,0
1755776820_2..S01X304,070700_2..S01X304,2,1,1755776820,02 1147  241/FLA,1755797690,1755797693,1812,0,0
1755776820_GS.N04R,070700_GS.N04R,GS,0,1755776820,0S 1147  GCS/TSS,1755791314,1755791320,467,0,0
1755776880_6..N03R,070800_6..N03R,6,0,1755776880,06 1148  BBR/177,1755795578,1755795584,963,0,0
1755776910_5..N66R,070850_5..N66R,5,0,1755776910,05 1148+ FLA/DYR,1755796778,1755796781,1619,0,0
1755776940_1..S03R,070900_1..S03R,1,1,1755776940,01 1149  242/SFT,1755794869,1755794875,1209,0,0
1755776970_3..S01R,070950_3..S01R,3,1,1755776970,03 1149+ 148/NLT,1755795530,1755795533,1280,0,0
1755777000_1..N03R,071000_1..N03R,1,0,1755777000,01 1150  SFT/242,1755791194,1755791404,378,0,0
1755777000_4..N06R,071000_4..N06R,4,0,1755777000,E4 1150  UTI/WDL,1755795470,1755795473,1076,0,0
1755777030_GS.S04R,071050_GS.S04R,GS,1,1755777030,0S 1150+ TSS/GCS,1755791503,1755791509,443,0,0
1755777060_7..N,071100_7..N,7,0,1755777060,07 1151 34H/MST,1755794683,1755794689,1092,0,0
1755777060_7..S,071100_7..S,7,1,1755777060,07 1151 MST/34H,1755794014,1755794017,952,0,0
1755777090_2..N01X179,071150_2..N01X179,2,0,1755777090,02 1151+ FLA/241,1755797870,1755797873,1783,0,0
1755777090_3..N01R,071150_3..N01R,3,0,1755777090,03 1151+ NLT/148,1755795818,1755795824,1342,0,0
1755777120_GS.N01R,071200_GS.N01R,GS,0,1755777120,0S 1152  GCS/TSS,1755791605,1755791608,464,0,0
1755777180_1..N03R,071300_1..N03R,1,0,1755777180,01 1153  SFT/242,1755795220,1755795223,843,0,0
1755777210_6..S02R,071350_6..S02R,6X,1,1755777210,06 1153+ PEL/BBR,1755795154,1755795160,1204,0,0
1755777240_4..N06R,071400_4..N06R,4,0,1755777240,04 1154  UTI/WDL,1755795710,1755795713,1320,0,0
1755777240_4..S06R,071400_4..S06R,4,1,1755777240,04 1154  WDL/UTI,1755795818,1755795824,1342,0,0
1755777240_6..N03R,071400_6..N03R,6,0,1755777240,06 1154  BBR/177,1755795809,1755795815,1340,0,0
1755777270_5..S03R,071450_5..S03R,5,1,1755777270,05 1154+ DYR/FLA,1755797099,1755797102,1556,0,0
1755777300_1..S03R,071500_1..S03R,1,1,1755777300,01 1155  242/SFT,1755795199,1755795205,1147,0,0
1755777330_GS.S01R,071550_GS.S01R,GS,1,1755777330,0S 1155+ TSS/GCS,1755791818,1755791824,441,0,0
1755777360_3..S01R,071600_3..S01R,3,1,1755777360,03 1156  148/NLT,1755795980,1755795983,1309,0,0
1755777360_6..S03R,071600_6..S03R,6,1,1755777360,06 1156  177/BBR,1755795004,1755795010,1106,0,0
1755777360_7..N,071600_7..N,7,0,1755777360,07 1156 34H/MST,1755795214,1755795220,1156,0,0
1755777360_7..S,071600_7..S,7,1,1755777360,07 1156 MST/34H,1755794299,1755794305,965,0,0
1755777390_5..N66R,071650_5..N66R,5,0,1755777390,05 1156+ FLA/DYR,1755797069,1755797075,1548,0,0
1755777420_7..S,071700_7..S,7,1,1755777420,07 1131 MST/61S,1755792685,1755792688,267,0,0
1755777420_GS.N04R,071700_GS.N04R,GS,0,1755777420,0S 1157  GCS/TSS,1755791914,1755791920,461,0,0
1755777450_2..S10X008,071750_2..S10X008,2,1,1755777450,02 1157+ 180/FLA,1755796688,1755796694,1469,0,0
1755777480_6..N01R,071800_6..N01R,6,0,1755777480,06 1158  BBR/PEL,1755796628,1755796634,1455,0,0
1755777510_2..N10X102,071850_2..N10X102,2,0,1755777510,02 1158+ FLA/180,1755797279,1755797285,1595,0,0
1755777570_3..N01R,071950_3..N01R,3,0,1755777570,03 1159+ NLT/148,1755796250,1755796253,1305,0,0
1755777630_GS.S04R,072050_GS.S04R,GS,1,1755777630,0S 1200+ TSS/GCS,1755792115,1755792118,440,0,0
1755777660_1..S03R,072100_1..S03R,1,1,1755777660,01 1201  242/SFT,1755795668,1755795674,1178,0,0
1755777660_7..N,072100_7..N,7,0,1755777660,07 1201 34H/MST,1755795539,1755795545,1169,0,0
1755777660_7..S,072100_7..S,7,1,1755777660,07 1201 MST/34H,1755794554,1755794560,964,0,0
1755777690_6..S02R,072150_6..S02R,6X,1,1755777690,06 1201+ PEL/BBR,1755795758,1755795764,1198,0,0
1755777720_1..N03R,072200_1..N03R,1,0,1755777720,01 1202  SFT/242,1755795518,1755795524,1145,0,0
1755777720_4..N06R,072200_4..N06R,4,0,1755777720,04 1202  UTI/WDL,1755796208,1755796214,1297,0,0
1755777720_4..S06R,072200_4..S06R,4,1,1755777720,04 1202  WDL/UTI,1755796190,1755796193,1293,0,0
1755777720_6..N03R,072200_6..N03R,6,0,1755777720,06 1202  BBR/177,1755796154,1755796157,1284,0,0
1755777720_GS.N01R,072200_GS.N01R,GS,0,1755777720,0S 1202  GCS/TSS,1755792214,1755792220,460,0,0
1755777750_5..S03R,072250_5..S03R,5,1,1755777750,05 1202+ DYR/FLA,1755797318,1755797324,1537,0,0
1755777810_2..S01X304,072350_2..S01X304,2,1,1755777810,02 1203+ 241/FLA,1755798098,1755798104,1700,0,0
1755777840_5..N66R,072400_5..N66R,5,0,1755777840,05 1204  FLA/DYR,1755797249,1755797255,1523,0,0
1755777840_6..S03R,072400_6..S03R,6,1,1755777840,06 1204  177/BBR,1755795353,1755795359,1111,0,0
1755777930_3..S01R,072550_3..S01R,3,1,1755777930,03 1205+ 148/NLT,1755796448,1755796454,1286,0,0
1755777930_GS.S01R,072550_GS.S01R,GS,1,1755777930,0S 1205+ TSS/GCS,1755792409,1755792415,434,0,0
1755777960_6..N01R,072600_6..N01R,6,0,1755777960,06 1206  BBR/PEL,1755796949,1755796955,1392,0,0
1755777960_7..N,072600_7..N,7,0,1755777960,07 1206 34H/MST,1755795899,1755795905,1168,0,0
1755777960_7..S,072600_7..S,7,1,1755777960,07 1206 MST/34H,1755794839,1755794845,946,0,0
1755778020_1..S03R,072700_1..S03R,1,1,1755778020,01 1207  242/SFT,1755795938,1755795944,1171,0,0
1755778020_2..N01X179,072700_2..N01X179,2,0,1755778020,02 1207  FLA/241,1755798953,1755798959,1817,0,0
1755778020_GS.N04R,072700_GS.N04R,GS,0,1755778020,0S 1207  GCS/TSS,1755792514,1755792520,455,0,0
1755778050_3..N01R,072750_3..N01R,3,0,1755778050,03 1207+ NLT/148,1755796580,1755796583,1312,0,0
1755778080_1..N03R,072800_1..N03R,1,0,1755778080,01 1208  SFT/242,1755795848,1755795854,1151,0,0
1755778170_6..S,072950_6..S,6X,1,1755778170,06 1209+ PEL/BBR,1755796733,1755796739,267,1,0
1755778170_6..S02R,072950_6..S02R,6X,1,1755778170,06 1209+ PEL/BBR,1755795317,1755795326,713,0,0
1755778200_4..N06R,073000_4..N06R,4,0,1755778200,04 1210  UTI/WDL,1755796649,1755796655,1265,0,0
1755778200_4..S06R,073000_4..S06R,4,1,1755778200,04 1210  WDL/UTI,1755796646,1755796649,1265,0,0
1755778230_5..S03R,073050_5..S03R,5,1,1755778230,05 1210+ DYR/FLA,1755798254,1755798260,1602,0,0
1755778230_GS.S04R,073050_GS.S04R,GS,1,1755778230,0S 1210+ TSS/GCS,1755792673,1755792679,423,0,0
1755778260_7..N,073100_7..N,7,0,1755778260,07 1211 34H/MST,1755796199,1755796205,1168,0,0
1755778260_7..S,073100_7..S,7,1,1755778260,07 1211 MST/34H,1755795175,1755795178,949,0,0
1755778320_5..N66R,073200_5..N66R,5,0,1755778320,05 1212  FLA/DYR,1755797948,1755797954,1538,0,0
1755778320_6..N03R,073200_6..N03R,6,0,1755778320,06 1212  BBR/177,1755796715,1755796718,941,0,0
1755778320_6..S03R,073200_6..S03R,6,1,1755778320,06 1212  177/BBR,1755795929,1755795935,1103,0,0
1755778320_GS.N01R,073200_GS.N01R,GS,0,1755778320,0S 1212  GCS/TSS,1755792805,1755792808,450,0,0
1755778350_3..S01R,073250_3..S01R,3,1,1755778350,03 1212+ 148/NLT,1755796988,1755796994,1335,0,0
1755778380_1..S03R,073300_1..S03R,1,1,1755778380,01 1213  242/SFT,1755796349,1755796355,1197,0,0
1755778440_1..N03R,073400_1..N03R,1,0,1755778440,01 1214  SFT/242,1755796319,1755796325,1190,0,0
1755778440_6..S,073400_6..S,6,1,1755778440,/6 1214  PEL/BBR,1755797525,1755797528,160,0,0
1755778440_6..S01R,073400_6..S01R,6,1,1755778440,06 1214  PEL/BBR,1755796631,1755796640,1261,0,0
1755778470_2..S10X008,073450_2..S10X008,2,1,1755778470,02 1214+ 180/FLA,1755797879,1755797885,1455,0,0
1755778500_2..N10X102,073500_2..N10X102,2,0,1755778500,02 1215  FLA/180,1755798008,1755798014,1483,0,0
1755778530_3..N01R,073550_3..N01R,3,0,1755778530,03 1215+ NLT/148,1755797120,1755797123,1297,0,0
1755778530_GS.S01R,073550_GS.S01R,GS,1,1755778530,0S 1215+ TSS/GCS,1755793027,1755793036,430,0,0
1755778560_7..S,073600_7..S,7,1,1755778560,07 1216 MST/34H,1755795479,1755795485,961,0,0
1755778620_GS.N04R,073700_GS.N04R,GS,0,1755778620,0S 1217  GCS/TSS,1755793108,1755793114,446,0,0
1755778680_4..N06R,073800_4..N06R,4,0,1755778680,04 1218  UTI/WDL,1755797150,1755797153,1306,0,0
1755778680_4..S06R,073800_4..S06R,4,1,1755778680,04 1218  WDL/UTI,1755797285,1755797288,1332,0,0
1755778680_6..N03R,073800_6..N03R,6,0,1755778680,06 1218  BBR/177,1755797048,1755797051,1279,0,0
1755778710_3..S01R,073850_3..S01R,3,1,1755778710,03 1218+ 148/NLT,1755797468,1755797474,1361,0,0
1755778710_5..S03R,073850_5..S03R,5,1,1755778710,05 1218+ DYR/FLA,1755800363,1755800369,1977,0,0
1755778710_7..N,073850_7..N,7,0,1755778710,07 1218+ 34H/MST,1755796658,1755796664,940,0,0
1755778740_1..S03R,073900_1..S03R,1,1,1755778740,01 1219  242/SFT,1755796709,1755796715,1209,0,0
1755778770_2..S01X304,073950_2..S01X304,2,1,1755778770,02 1219+ 241/FLA,1755798944,1755798950,1616,0,0
1755778800_1..N03R,074000_1..N03R,1,0,1755778800,01 1220  SFT/242,1755796598,1755796601,1118,0,0
1755778800_6..S03R,074000_6..S03R,6,1,1755778800,06 1220  177/BBR,1755796385,1755796388,1069,0,0
1755778830_5..N66R,074050_5..N66R,5,0,1755778830,05 1220+ FLA/DYR,1755799025,1755799028,1633,0,0
1755778830_GS.S04R,074050_GS.S04R,GS,1,1755778830,0S 1220+ TSS/GCS,1755793303,1755793309,422,0,0
1755778920_6..S01R,074200_6..S01R,6,1,1755778920,06 1222  PEL/BBR,1755798017,1755798020,1417,0,0
1755778920_GS.N01R,074200_GS.N01R,GS,0,1755778920,0S 1222  GCS/TSS,1755793405,1755793408,442,0,0
1755779010_2..N01X179,074350_2..N01X179,2,0,1755779010,02 1223+ FLA/241,1755799853,1755799859,1806,0,0
1755779010_3..N01R,074350_3..N01R,3,0,1755779010,03 1223+ NLT/148,1755797759,1755797765,1363,0,0
1755779040_6..N03R,074400_6..N03R,6,0,1755779040,06 1224  BBR/177,1755797258,1755797264,893,0,0
1755779070_1..S03R,074450_1..S03R,1,1,1755779070,01 1224+ 242/SFT,1755796970,1755796973,1132,0,0
1755779130_GS.S01R,074550_GS.S01R,GS,1,1755779130,0S 1225+ TSS/GCS,1755793630,1755793633,425,0,0
1755779160_1..N03R,074600_1..N03R,1,0,1755779160,01 1226  SFT/242,1755796889,1755796895,1115,0,0
1755779160_4..N06R,074600_4..N06R,4,0,1755779160,04 1226  UTI/WDL,1755797579,1755797585,1274,0,0
1755779160_4..S06R,074600_4..S06R,4,1,1755779160,04 1226  WDL/UTI,1755797624,1755797630,1271,0,0
1755779160_7..N,074600_7..N,7,0,1755779160,07 1226 34H/MST,1755796838,1755796844,1101,0,0
1755779160_7..S,074600_7..S,7,1,1755779160,07 1226 MST/34H,1755796025,1755796028,922,0,0
1755779190_3..S01R,074650_3..S01R,3,1,1755779190,03 1226+ 148/NLT,1755797948,1755797954,1326,0,0
1755779190_5..S03R,074650_5..S03R,5,1,1755779190,05 1226+ DYR/FLA,1755799445,1755799448,1652,0,0
1755779220_GS.N04R,074700_GS.N04R,GS,0,1755779220,0S 1227  GCS/TSS,1755793708,1755793714,440,0,0
1755779310_5..N66R,074850_5..N66R,5,0,1755779310,05 1228+ FLA/DYR,1755799238,1755799244,1611,0,0
1755779400_6..N02R,075000_6..N02R,6X,0,1755779400,06 1230  BBR/PEL,1755797588,1755797591,1202,0,0
1755779400_6..S01R,075000_6..S01R,6,1,1755779400,06 1230  PEL/BBR,1755798194,1755798200,1330,0,0
1755779430_1..S03R,075050_1..S03R,1,1,1755779430,01 1230+ 242/SFT,1755797339,1755797345,1151,0,0
1755779430_2..S10X008,075050_2..S10X008,2,1,1755779430,02 1230+ 180/FLA,1755798515,1755798518,1398,0,0
1755779430_GS.S04R,075050_GS.S04R,GS,1,1755779430,0S 1230+ TSS/GCS,1755793918,1755793924,423,0,0
1755779460_7..N,075100_7..N,7,0,1755779460,07 1231 34H/MST,1755797540,1755797543,1217,0,0
1755779460_7..S,075100_7..S,7,1,1755779460,07 1231 MST/34H,1755796169,1755796175,923,0,0
1755779490_2..N10X102,075150_2..N10X102,2,0,1755779490,02 1231+ FLA/180,1755799184,1755799190,1539,0,0
1755779490_3..N01R,075150_3..N01R,3,0,1755779490,03 1231+ NLT/148,1755798128,1755798131,1315,0,0
1755779520_1..N03R,075200_1..N03R,1,0,1755779520,01 1232  SFT/242,1755797219,1755797225,1126,0,0
1755779520_GS.N01R,075200_GS.N01R,GS,0,1755779520,0S 1232  GCS/TSS,1755794020,1755794023,444,0,0
1755779640_4..N06R,075400_4..N06R,4,0,1755779640,04 1234  UTI/WDL,1755798068,1755798074,1302,0,0
1755779640_4..S06R,075400_4..S06R,4,1,1755779640,04 1234  WDL/UTI,1755797948,1755797954,1277,0,0
1755779640_6..N03R,075400_6..N03R,6,0,1755779640,06 1234  BBR/177,1755797663,1755797669,1217,0,0
1755779670_3..S01R,075450_3..S01R,3,1,1755779670,03 1234+ 148/NLT,1755798332,1755798341,1294,0,0
1755779670_5..S03R,075450_5..S03R,5,1,1755779670,05 1234+ DYR/FLA,1755799973,1755799979,1640,0,0
1755779730_2..S01X304,075550_2..S01X304,2,1,1755779730,02 1235+ 241/FLA,1755799823,1755799829,1609,0,0
1755779730_GS.S01R,075550_GS.S01R,GS,1,1755779730,0S 1235+ TSS/GCS,1755794278,1755794284,433,0,0
1755779760_6..S03R,075600_6..S03R,6,1,1755779760,06 1236  177/BBR,1755797708,1755797714,1162,0,0
1755779760_7..N,075600_7..N,7,0,1755779760,07 1236 34H/MST,1755797819,1755797825,1183,0,0
1755779760_7..S,075600_7..S,7,1,1755779760,07 1236 MST/34H,1755796523,1755796529,908,0,0
1755779790_1..S03R,075650_1..S03R,1,1,1755779790,01 1236+ 242/SFT,1755797840,1755797843,1189,0,0
1755779790_5..N66R,075650_5..N66R,5,0,1755779790,05 1236+ FLA/DYR,1755799544,1755799547,1547,0,0
1755779820_GS.N04R,075700_GS.N04R,GS,0,1755779820,0S 1237  GCS/TSS,1755794323,1755794329,441,0,0
1755779880_1..N03R,075800_1..N03R,1,0,1755779880,01 1238  SFT/242,1755797759,1755797765,1172,0,0
1755779880_6..N02R,075800_6..N02R,6X,0,1755779880,06 1238  BBR/PEL,1755798188,1755798194,1263,0,0
1755779880_6..S,075800_6..S,6,1,1755779880,E6 1238  PEL/BBR,1755797870,1755797873,338,0,0
1755779880_6..S01R,075800_6..S01R,6,1,1755779880,06 1238  PEL/BBR,1755796283,1755796286,856,0,0
1755779970_2..N01X179,075950_2..N01X179,2,0,1755779970,02 1239+ FLA/241,1755800813,1755800819,1753,0,0
1755779970_3..N01R,075950_3..N01R,3,0,1755779970,03 1239+ NLT/148,1755798545,1755798548,1278,0,0
1755780030_GS.S04R,076050_GS.S04R,GS,1,1755780030,0S 1240+ TSS/GCS,1755794488,1755794494,415,0,0
1755780060_7..N,076100_7..N,7,0,1755780060,07 1241 34H/MST,1755798164,1755798170,1221,0,0
1755780060_7..S,076100_7..S,7,1,1755780060,07 1241 MST/34H,1755796901,1755796904,954,0,0
1755780120_4..N06R,076200_4..N06R,4,0,1755780120,04 1242  UTI/WDL,1755798545,1755798548,1278,0,0
1755780120_4..S06R,076200_4..S06R,4,1,1755780120,04 1242  WDL/UTI,1755799250,1755799253,1427,0,0
1755780120_6..N03R,076200_6..N03R,6,0,1755780120,06 1242  BBR/177,1755798059,1755798065,1174,0,0
1755780120_GS.N01R,076200_GS.N01R,GS,0,1755780120,0S 1242  GCS/TSS,1755794617,1755794620,442,0,0
1755780150_1..S03R,076250_1..S03R,1,1,1755780150,01 1242+ 242/SFT,1755798038,1755798044,1170,0,0
1755780150_3..S01R,076250_3..S01R,3,1,1755780150,03 1242+ 148/NLT,1755798815,1755798818,1335,0,0
1755780150_5..S03R,076250_5..S03R,5,1,1755780150,05 1242+ DYR/FLA,1755800213,1755800219,1627,0,0
1755780240_1..N03R,076400_1..N03R,1,0,1755780240,01 1244  SFT/242,1755797999,1755798005,1161,0,0
1755780240_6..S,076400_6..S,6,1,1755780240,E6 1244  177/BBR,1755797369,1755797375,297,0,0
1755780240_6..S03R,076400_6..S03R,6,1,1755780240,06 1244  177/BBR,1755796004,1755796010,733,0,0
1755780270_5..N66R,076450_5..N66R,5,0,1755780270,05 1244+ FLA/DYR,1755800264,1755800270,1576,0,0
1755780330_GS.S01R,076550_GS.S01R,GS,1,1755780330,0S 1245+ TSS/GCS,1755794833,1755794839,426,0,0
1755780360_6..N02R,076600_6..N02R,6X,0,1755780360,06 1246  BBR/PEL,1755849616,1755849620,14100,0,0
1755780360_6..S01R,076600_6..S01R,6,1,1755780360,06 1246  PEL/BBR,1755794560,1755794761,329,0,0
1755780360_7..N,076600_7..N,7,0,1755780360,07 1246 34H/MST,1755798425,1755798428,1213,0,0
1755780360_7..S,076600_7..S,7,1,1755780360,07 1246 MST/34H,1755794779,1755794785,438,0,0
1755780390_2..S10X008,076650_2..S10X008,2,1,1755780390,02 1246+ 180/FLA,1755799724,1755799730,1465,0,0
1755780420_GS.N04R,076700_GS.N04R,GS,0,1755780420,0S 1247  GCS/TSS,1755794899,1755794905,440,0,0
1755780450_2..N10X102,076750_2..N10X102,2,0,1755780450,02 1247+ FLA/180,1755800114,1755800120,1545,0,0
1755780450_3..N01R,076750_3..N01R,3,0,1755780450,03 1247+ NLT/148,1755799004,1755799010,1314,0,0
1755780480_6..N02R,076800_6..N02R,6X,0,1755780480,06 1248  BBR/PEL,1755798515,1755798518,790,0,0
1755780510_1..S03R,076850_1..S03R,1,1,1755780510,01 1248+ 242/SFT,1755798443,1755798449,1193,0,0
1755780510_7..S,076850_7..S,7,1,1755780510,07 1248+ MST/34H,1755797369,1755797375,549,0,0
1755780600_1..N03R,077000_1..N03R,1,0,1755780600,01 1250  SFT/242,1755798374,1755798380,1118,0,0
1755780600_4..N06R,077000_4..N06R,4,0,1755780600,04 1250  UTI/WDL,1755799184,1755799190,1289,0,0
1755780600_4..S06R,077000_4..S06R,4,1,1755780600,04 1250  WDL/UTI,1755799523,1755799529,1358,0,0
1755780600_6..S01R,077000_6..S01R,6,1,1755780600,06 1250  PEL/BBR,1755798728,1755798734,954,0,0
1755780630_3..S01R,077050_3..S01R,3,1,1755780630,03 1250+ 148/NLT,1755799415,1755799418,1311,0,0
1755780630_5..S03R,077050_5..S03R,5,1,1755780630,05 1250+ DYR/FLA,1755800783,1755800789,1622,0,0
1755780630_GS.S04R,077050_GS.S04R,GS,1,1755780630,0S 1250+ TSS/GCS,1755795109,1755795115,421,0,0
1755780660_7..N,077100_7..N,7,0,1755780660,07 1251 34H/MST,1755798824,1755798830,1238,0,0
1755780690_2..S01X304,077150_2..S01X304,2,1,1755780690,02 1251+ 241/FLA,1755801014,1755801017,1668,0,0
1755780720_6..S03R,077200_6..S03R,6,1,1755780720,06 1252  177/BBR,1755798479,1755798485,1138,0,0
1755780720_GS.N01R,077200_GS.N01R,GS,0,1755780720,0S 1252  GCS/TSS,1755795214,1755795220,442,0,0
1755780750_5..N66R,077250_5..N66R,5,0,1755780750,05 1252+ FLA/DYR,1755800735,1755800738,1612,0,0
1755780840_6..N02R,077400_6..N02R,6X,0,1755780840,06 1254  BBR/PEL,1755798833,1755798839,1215,0,0
1755780870_1..S03R,077450_1..S03R,1,1,1755780870,01 1254+ 242/SFT,1755798773,1755798779,1138,0,0
1755780930_2..N01X179,077550_2..N01X179,2,0,1755780930,02 1255+ FLA/241,1755801488,1755801494,1703,0,0
1755780930_3..N01R,077550_3..N01R,3,0,1755780930,03 1255+ NLT/148,1755799514,1755799520,1291,0,0
1755780930_GS.S01R,077550_GS.S01R,GS,1,1755780930,0S 1255+ TSS/GCS,1755795413,1755795419,418,0,0
1755780960_1..N03R,077600_1..N03R,1,0,1755780960,01 1256  SFT/242,1755798683,1755798689,1120,0,0
1755780960_7..N,077600_7..N,7,0,1755780960,/7 1315+ 46B/61S,1755798083,1755798089,992,0,0
1755780960_7..S,077600_7..S,7,1,1755780960,07 1256 MST/34H,1755796646,1755796649,690,0,0
1755781020_GS.N04R,077700_GS.N04R,GS,0,1755781020,0S 1257  GCS/TSS,1755795503,1755795509,436,0,0
1755781080_4..N06R,077800_4..N06R,4,0,1755781080,04 1258  UTI/WDL,1755799535,1755799538,1294,0,0
1755781080_4..S06R,077800_4..S06R,4,1,1755781080,04 1258  WDL/UTI,1755799985,1755799994,1392,0,0
1755781080_6..N03R,077800_6..N03R,6,0,1755781080,06 1258  BBR/177,1755798524,1755798530,1084,0,0
1755781110_3..S01R,077850_3..S01R,3,1,1755781110,03 1258+ 148/NLT,1755799784,1755799790,1350,0,0
1755781110_5..S03R,077850_5..S03R,5,1,1755781110,05 1258+ DYR/FLA,1755801248,1755801254,1652,0,0
1755781230_1..S03R,078050_1..S03R,1,1,1755781230,01 1300+ 242/SFT,1755799103,1755799109,1146,0,0
1755781230_5..N66R,078050_5..N66R,5,0,1755781230,05 1300+ FLA/DYR,1755800993,1755800999,1538,0,0
1755781230_GS.S04R,078050_GS.S04R,GS,1,1755781230,0S 1300+ TSS/GCS,1755795704,1755795710,419,0,0
1755781260_7..N,078100_7..N,7,0,1755781260,07 1301 34H/MST,1755799289,1755799295,1205,0,0
1755781260_7..S,078100_7..S,7,1,1755781260,07 1301 MST/34H,1755798245,1755798248,984,0,0
1755781320_1..N03R,078200_1..N03R,1,0,1755781320,01 1302  SFT/242,1755799064,1755799070,1138,0,0
1755781320_6..N02R,078200_6..N02R,6X,0,1755781320,06 1302  BBR/PEL,1755799304,1755799310,1186,0,0
1755781320_6..S01R,078200_6..S01R,6,1,1755781320,06 1302  PEL/BBR,1755799493,1755799499,1224,0,0
1755781320_GS.N01R,078200_GS.N01R,GS,0,1755781320,0S 1302  GCS/TSS,1755795809,1755795815,439,0,0
1755781350_2..S10X008,078250_2..S10X008,2,1,1755781350,02 1302+ 180/FLA,1755800564,1755800570,1450,0,0
1755781410_2..N10X102,078350_2..N10X102,2,0,1755781410,02 1303+ FLA/180,1755800873,1755800879,1513,0,0
1755781410_3..N01R,078350_3..N01R,3,0,1755781410,03 1303+ NLT/148,1755799973,1755799979,1327,0,0
1755781440_6..S,078400_6..S,6,1,1755781440,E6 1304  177/BBR,1755799025,1755799028,92,0,0
1755781440_6..S03R,078400_6..S03R,6,1,1755781440,E6 1304  177/BBR,1755798464,1755798470,613,0,0
1755781530_GS.S01R,078550_GS.S01R,GS,1,1755781530,0S 1305+ TSS/GCS,1755796004,1755796010,422,0,0
1755781560_4..N06R,078600_4..N06R,4,0,1755781560,04 1306  UTI/WDL,1755799925,1755799928,1257,0,0
1755781560_4..S06R,078600_4..S06R,4,1,1755781560,04 1306  WDL/UTI,1755800264,1755800270,1325,0,0
1755781560_6..N03R,078600_6..N03R,6,0,1755781560,06 1306  BBR/177,1755799049,1755799055,1074,0,0
1755781560_7..N,078600_7..N,7,0,1755781560,07 1306 34H/MST,1755799499,1755799505,1165,0,0
1755781560_7..S,078600_7..S,7,1,1755781560,07 1306 MST/34H,1755798365,1755798368,923,0,0
1755781590_1..S03R,078650_1..S03R,1,1,1755781590,01 1306+ 242/SFT,1755799463,1755799469,1158,0,0
1755781590_3..S01R,078650_3..S01R,3,1,1755781590,03 1306+ 148/NLT,1755800153,1755800159,1304,0,0
1755781590_5..S03R,078650_5..S03R,5,1,1755781590,05 1306+ DYR/FLA,1755801509,1755801515,1583,0,0
1755781620_GS.N04R,078700_GS.N04R,GS,0,1755781620,0S 1307  GCS/TSS,1755796103,1755796109,444,0,0
1755781650_2..S01X304,078750_2..S01X304,2,1,1755781650,02 1307+ 241/FLA,1755802280,1755802283,1754,0,0
1755781680_1..N03R,078800_1..N03R,1,0,1755781680,01 1308  SFT/242,1755799544,1755799547,1173,0,0
1755781680_6..S03R,078800_6..S03R,6,1,1755781680,06 1308  177/BBR,1755799349,1755799355,1131,0,0
1755781710_5..N66R,078850_5..N66R,5,0,1755781710,05 1308+ FLA/DYR,1755801329,1755801335,1546,0,0
1755781800_6..N02R,079000_6..N02R,6X,0,1755781800,06 1310  BBR/PEL,1755799823,1755799829,1173,0,0
1755781800_6..S01R,079000_6..S01R,6,1,1755781800,06 1310  PEL/BBR,1755799895,1755799898,1188,0,0
1755781830_GS.S04R,079050_GS.S04R,GS,1,1755781830,0S 1310+ TSS/GCS,1755796304,1755796310,426,0,0
1755781860_7..S,079100_7..S,7,1,1755781860,07 1311 MST/34H,1755798548,1755798554,925,0,0
1755781890_2..N01X179,079150_2..N01X179,2,0,1755781890,02 1311+ FLA/241,1755802049,1755802055,1639,0,0
1755781890_3..N01R,079150_3..N01R,3,0,1755781890,03 1311+ NLT/148,1755800453,1755800459,1302,0,0
1755781920_GS.N01R,079200_GS.N01R,GS,0,1755781920,0S 1312  GCS/TSS,1755796409,1755796412,449,0,0
1755781950_1..S03R,079250_1..S03R,1,1,1755781950,01 1312+ 242/SFT,1755799964,1755799970,1202,0,0
1755782010_7..N,079350_7..N,7,0,1755782010,07 1313+ 34H/MST,1755799610,1755799613,792,0,0
1755782040_1..N03R,079400_1..N03R,1,0,1755782040,01 1314  SFT/242,1755799805,1755799808,1169,0,0
1755782040_4..N06R,079400_4..N06R,4,0,1755782040,04 1314  UTI/WDL,1755800483,1755800489,1307,0,0
1755782040_4..S06R,079400_4..S06R,4,1,1755782040,04 1314  WDL/UTI,1755800708,1755800714,1357,0,0
1755782070_3..S01R,079450_3..S01R,3,1,1755782070,03 1314+ 148/NLT,1755800666,1755800669,1286,0,0
1755782070_5..S03R,079450_5..S03R,5,1,1755782070,05 1314+ DYR/FLA,1755802118,1755802124,1592,0,0
1755782130_GS.S01R,079550_GS.S01R,GS,1,1755782130,0S 1315+ TSS/GCS,1755796631,1755796640,438,0,0
1755782160_6..N03R,079600_6..N03R,6,0,1755782160,06 1316  BBR/177,1755799700,1755799703,800,0,0
1755782160_6..S03R,079600_6..S03R,6,1,1755782160,06 1316  177/BBR,1755799709,1755799715,1087,0,0
1755782160_7..S,079600_7..S,7,1,1755782160,07 1316 MST/34H,1755798968,1755798974,942,0,0
1755782190_5..N66R,079650_5..N66R,5,0,1755782190,05 1316+ FLA/DYR,1755801728,1755801734,1509,0,0
1755782220_GS.N04R,079700_GS.N04R,GS,0,1755782220,0S 1317  GCS/TSS,1755796694,1755796700,450,0,0
1755782280_6..S01R,079800_6..S01R,6,1,1755782280,06 1318  PEL/BBR,1755800489,1755800495,1246,0,0
1755782289_7..N,079816_7..N,7,0,1755782289,07 1256 34H/46B,1755798998,1755799004,196,0,0
1755782310_1..S03R,079850_1..S03R,1,1,1755782310,01 1318+ 242/SFT,1755800195,1755800198,1186,0,0
1755782310_2..S10X008,079850_2..S10X008,2,1,1755782310,02 1318+ 180/FLA,1755801728,1755801734,1508,0,0
1755782370_1..N03R,079950_1..N03R,1,0,1755782370,01 1319+ SFT/242,1755800135,1755800138,1110,0,0
1755782370_3..N01R,079950_3..N01R,3,0,1755782370,03 1319+ NLT/148,1755800993,1755800999,1288,0,0
1755782430_GS.S04R,080050_GS.S04R,GS,1,1755782430,0S 1320+ TSS/GCS,1755796910,1755796913,431,0,0
1755782460_7..N,080100_7..N,7,0,1755782460,07 1321 34H/MST,1755799799,1755799805,1066,0,0
1755782460_7..S,080100_7..S,7,1,1755782460,07 1321 MST/34H,1755799289,1755799295,958,0,0
1755782520_4..N06R,080200_4..N06R,4,0,1755782520,04 1322  UTI/WDL,1755800804,1755800810,1250,0,0
1755782520_4..S06R,080200_4..S06R,4,1,1755782520,04 1322  WDL/UTI,1755801119,1755801125,1315,0,0
1755782520_6..N03R,080200_6..N03R,6,0,1755782520,06 1322  BBR/177,1755800330,1755800333,1150,0,0
1755782520_7..N,080200_7..N,7,0,1755782520,E7 1322 QBP/MST,1755798302,1755798305,341,0,0
1755782520_GS.N01R,080200_GS.N01R,GS,0,1755782520,0S 1322  GCS/TSS,1755797009,1755797015,451,0,0
1755782550_3..S01R,080250_3..S01R,3,1,1755782550,03 1322+ 148/NLT,1755801170,1755801173,1324,0,0
1755782550_5..S03R,080250_5..S03R,5,1,1755782550,05 1322+ DYR/FLA,1755802487,1755802499,1613,0,0
1755782610_2..S01X304,080350_2..S01X304,2,1,1755782610,02 1323+ 241/FLA,1755803399,1755803405,1805,0,0
1755782640_6..S03R,080400_6..S03R,6,1,1755782640,06 1324  177/BBR,1755800228,1755800234,1129,0,0
1755782670_1..S03R,080450_1..S03R,1,1,1755782670,01 1324+ 242/SFT,1755800555,1755800558,1136,0,0
1755782670_5..N66R,080450_5..N66R,5,0,1755782670,05 1324+ FLA/DYR,1755802049,1755802055,1451,0,0
1755782730_1..N03R,080550_1..N03R,1,0,1755782730,01 1325+ SFT/242,1755800495,1755800498,1122,0,0
1755782730_GS.S01R,080550_GS.S01R,GS,1,1755782730,0S 1325+ TSS/GCS,1755797219,1755797225,438,0,0
1755782760_6..S01R,080600_6..S01R,6,1,1755782760,06 1326  PEL/BBR,1755801044,1755801050,1238,0,0
1755782760_7..N,080600_7..N,7,0,1755782760,07 1326 34H/MST,1755799943,1755799949,1029,0,0
1755782760_7..S,080600_7..S,7,1,1755782760,07 1326 MST/34H,1755799679,1755799685,974,0,0
1755782820_GS.N04R,080700_GS.N04R,GS,0,1755782820,0S 1327  GCS/TSS,1755797315,1755797318,457,0,0
1755782850_2..N01X179,080750_2..N01X179,2,0,1755782850,02 1327+ FLA/241,1755802820,1755802823,1620,0,0
1755782850_3..N01R,080750_3..N01R,3,0,1755782850,03 1327+ NLT/148,1755801398,1755801404,1309,0,0
1755783000_4..N06R,081000_4..N06R,4,0,1755783000,04 1330  UTI/WDL,1755801320,1755801323,1234,0,0
1755783000_4..S06R,081000_4..S06R,4,1,1755783000,04 1330  WDL/UTI,1755801353,1755801359,1241,0,0
1755783030_1..S03R,081050_1..S03R,1,1,1755783030,01 1330+ 242/SFT,1755800984,1755800990,1164,0,0
1755783030_3..S01R,081050_3..S01R,3,1,1755783030,03 1330+ 148/NLT,1755801710,1755801713,1319,0,0
1755783030_5..S03R,081050_5..S03R,5,1,1755783030,05 1330+ DYR/FLA,1755802958,1755802964,1591,0,0
1755783030_6..N02R,081050_6..N02R,6X,0,1755783030,06 1330+ BBR/PEL,1755801959,1755801965,1057,0,0
1755783030_GS.S04R,081050_GS.S04R,GS,1,1755783030,0S 1330+ TSS/GCS,1755797510,1755797513,437,0,0
1755783060_7..N,081100_7..N,7,0,1755783060,07 1331 34H/MST,1755797318,1755797324,401,0,0
1755783060_7..S,081100_7..S,7,1,1755783060,07 1331 MST/34H,1755799973,1755799979,942,0,0
1755783090_1..N03R,081150_1..N03R,1,0,1755783090,01 1331+ SFT/242,1755801074,1755801080,1184,0,0
1755783120_6..S,081200_6..S,6,1,1755783120,/6 1332  177/BBR,1755800918,1755800924,284,0,0
1755783120_6..S03R,081200_6..S03R,6,1,1755783120,06 1332  177/BBR,1755799460,1755799463,845,0,0
1755783120_GS.N01R,081200_GS.N01R,GS,0,1755783120,0S 1332  GCS/TSS,1755797615,1755797618,459,0,0
1755783150_5..N66R,081250_5..N66R,5,0,1755783150,05 1332+ FLA/DYR,1755802748,1755802754,1545,0,0
1755783210_7..N,081350_7..N,7,0,1755783210,07 1333+ 34H/MST,1755800384,1755800390,638,0,0
1755783240_6..S01R,081400_6..S01R,6,1,1755783240,06 1334  PEL/BBR,1755801374,1755801380,1244,0,0
1755783270_2..S10X008,081450_2..S10X008,2,1,1755783270,02 1334+ 180/FLA,1755802688,1755802694,1466,0,0
1755783270_6..N03R,081450_6..N03R,6,0,1755783270,06 1334+ BBR/177,1755801674,1755801677,898,0,0
1755783330_2..N01X179,081550_2..N01X179,2,0,1755783330,02 1335+ FLA/241,1755803060,1755803066,1547,0,0
1755783330_3..N01R,081550_3..N01R,3,0,1755783330,03 1335+ NLT/148,1755801959,1755801965,1306,0,0
1755783330_GS.S01R,081550_GS.S01R,GS,1,1755783330,0S 1335+ TSS/GCS,1755797819,1755797825,436,0,0
1755783360_7..S,081600_7..S,7,1,1755783360,07 1336 MST/34H,1755800339,1755800345,933,0,0
1755783390_1..S03R,081650_1..S03R,1,1,1755783390,01 1336+ 242/SFT,1755801359,1755801365,1177,0,0
1755783420_GS.N04R,081700_GS.N04R,GS,0,1755783420,0S 1337  GCS/TSS,1755797900,1755797903,453,0,0
1755783450_1..N03R,081750_1..N03R,1,0,1755783450,01 1337+ SFT/242,1755801260,1755801263,1156,0,0
1755783480_4..N06R,081800_4..N06R,4,0,1755783480,04 1338  UTI/WDL,1755801869,1755801875,1286,0,0
1755783480_4..S06R,081800_4..S06R,4,1,1755783480,04 1338  WDL/UTI,1755801683,1755801689,1249,0,0
1755783510_3..S01R,081850_3..S01R,3,1,1755783510,03 1338+ 148/NLT,1755802049,1755802055,1325,0,0
1755783510_5..S03R,081850_5..S03R,5,1,1755783510,05 1338+ DYR/FLA,1755803168,1755803174,1568,0,0
1755783510_6..N02R,081850_6..N02R,6X,0,1755783510,06 1338+ BBR/PEL,1755802649,1755802655,1079,0,0
1755783570_2..S01X304,081950_2..S01X304,2,1,1755783570,02 1339+ 241/FLA,1755804149,1755804155,1729,0,0
1755783600_6..S03R,082000_6..S03R,6,1,1755783600,06 1340  177/BBR,1755801179,1755801185,1073,0,0
1755783630_5..N66R,082050_5..N66R,5,0,1755783630,05 1340+ FLA/DYR,1755803078,1755803084,1484,0,0
1755783630_GS.S04R,082050_GS.S04R,GS,1,1755783630,0S 1340+ TSS/GCS,1755798110,1755798113,431,0,0
1755783660_7..N,082100_7..N,7,0,1755783660,07 1341 34H/MST,1755800516,1755800519,951,0,0
1755783660_7..S,082100_7..S,7,1,1755783660,07 1341 MST/34H,1755800753,1755800759,979,0,0
1755783720_6..S01R,082200_6..S01R,6,1,1755783720,06 1342  PEL/BBR,1755802190,1755802193,1290,0,0
1755783720_GS.N01R,082200_GS.N01R,GS,0,1755783720,0S 1342  GCS/TSS,1755798200,1755798203,450,0,0
1755783750_1..S03R,082250_1..S03R,1,1,1755783750,01 1342+ 242/SFT,1755801659,1755801665,1176,0,0
1755783750_6..N03R,082250_6..N03R,6,0,1755783750,06 1342+ BBR/177,1755801914,1755801917,878,0,0
1755783810_1..N03R,082350_1..N03R,1,0,1755783810,01 1343+ SFT/242,1755801539,1755801545,1147,0,0
1755783810_2..N01X179,082350_2..N01X179,2,0,1755783810,02 1343+ FLA/241,1755803519,1755803525,1577,0,0
1755783810_3..N01R,082350_3..N01R,3,0,1755783810,03 1343+ NLT/148,1755802268,1755802274,1310,0,0
1755783930_GS.S01R,082550_GS.S01R,GS,1,1755783930,0S 1345+ TSS/GCS,1755798404,1755798410,427,0,0
1755783960_4..N06R,082600_4..N06R,4,0,1755783960,04 1346  UTI/WDL,1755802478,1755802487,1292,0,0
1755783960_4..S06R,082600_4..S06R,4,1,1755783960,04 1346  WDL/UTI,1755802304,1755802310,1251,0,0
1755783960_7..S,082600_7..S,7,1,1755783960,07 1346 MST/34H,1755800909,1755800915,946,0,0
1755783990_3..S01R,082650_3..S01R,3,1,1755783990,03 1346+ 148/NLT,1755802280,1755802283,1246,0,0
1755783990_5..S03R,082650_5..S03R,5,1,1755783990,05 1346+ DYR/FLA,1755803888,1755803894,1594,0,0
1755783990_6..N,082650_6..N,6X,0,1755783990,/6 1346+ BBR/PEL,1755801749,1755801755,508,1,0
1755783990_6..N02R,082650_6..N02R,6X,0,1755783990,06 1346+ BBR/PEL,1755799268,1755799274,291,0,0
1755784020_GS.N04R,082700_GS.N04R,GS,0,1755784020,0S 1347  GCS/TSS,1755798503,1755798509,448,0,0
1755784080_6..S03R,082800_6..S03R,6,1,1755784080,06 1348  177/BBR,1755801644,1755801647,1106,0,0
1755784110_1..S03R,082850_1..S03R,1,1,1755784110,01 1348+ 242/SFT,1755801998,1755802004,1181,0,0
1755784110_5..N66R,082850_5..N66R,5,0,1755784110,05 1348+ FLA/DYR,1755803288,1755803294,1462,0,0
1755784110_7..N,082850_7..N,7,0,1755784110,07 1348+ 34H/MST,1755800789,1755800795,564,0,0
1755784170_1..N03R,082950_1..N03R,1,0,1755784170,01 1349+ SFT/242,1755801920,1755801923,1098,0,0
1755784200_6..N,083000_6..N,6X,0,1755784200,E6 1350  BBR/PEL,1755802148,1755802154,584,0,0
1755784200_6..N02R,083000_6..N02R,6X,0,1755784200,06 1350  BBR/PEL,1755799379,1755799385,565,0,0
1755784200_6..S01R,083000_6..S01R,6,1,1755784200,06 1350  PEL/BBR,1755802688,1755802694,1266,0,0
1755784230_2..S10X008,083050_2..S10X008,2,1,1755784230,02 1350+ 180/FLA,1755803768,1755803774,1498,0,0
1755784230_GS.S04R,083050_GS.S04R,GS,1,1755784230,0S 1350+ TSS/GCS,1755798710,1755798713,426,0,0
1755784260_7..S,083100_7..S,7,1,1755784260,07 1351 MST/34H,1755801209,1755801215,956,0,0
1755784290_2..N01X179,083150_2..N01X179,2,0,1755784290,02 1351+ FLA/241,1755804200,1755804203,1610,0,0
1755784290_3..N01R,083150_3..N01R,3,0,1755784290,03 1351+ NLT/148,1755802760,1755802763,1283,0,0
1755784320_4..S28R,083200_4..S28R,4,1,1755784320,04 1352  BPK/UTI,1755802553,1755802559,1236,0,0
1755784320_GS.N01R,083200_GS.N01R,GS,0,1755784320,0S 1352  GCS/TSS,1755798809,1755798815,447,0,0
1755784440_4..N06R,083400_4..N06R,4,0,1755784440,04 1354  UTI/WDL,1755803069,1755803075,1349,0,0
1755784440_4..S06R,083400_4..S06R,4,1,1755784440,04 1354  WDL/UTI,1755802994,1755803000,1333,0,0
1755784470_1..S03R,083450_1..S03R,1,1,1755784470,01 1354+ 242/SFT,1755802439,1755802442,1153,0,0
1755784470_3..S01R,083450_3..S01R,3,1,1755784470,03 1354+ 148/NLT,1755802628,1755802634,1192,0,0
1755784470_5..S03R,083450_5..S03R,5,1,1755784470,05 1354+ DYR/FLA,1755804518,1755804524,1600,0,0
1755784470_6..N,083450_6..N,6X,0,1755784470,E6 1354+ BBR/PEL,1755802859,1755802865,680,0,0
1755784470_6..N02R,083450_6..N02R,6X,0,1755784470,06 1354+ BBR/PEL,1755799655,1755799658,304,0,0
1755784530_1..N03R,083550_1..N03R,1,0,1755784530,01 1355+ SFT/242,1755802238,1755802244,1108,0,0
1755784530_2..S01X304,083550_2..S01X304,2,1,1755784530,02 1355+ 241/FLA,1755805640,1755805643,1933,0,0
1755784530_GS.S01R,083550_GS.S01R,GS,1,1755784530,0S 1355+ TSS/GCS,1755798995,1755798998,425,0,0
1755784560_6..S03R,083600_6..S03R,6,1,1755784560,06 1356  177/BBR,1755802445,1755802448,1155,0,0
1755784560_7..N,083600_7..N,7,0,1755784560,07 1356 34H/MST,1755801308,1755801314,924,0,0
1755784560_7..S,083600_7..S,7,1,1755784560,07 1356 MST/34H,1755801428,1755801434,949,0,0
1755784590_5..N66R,083650_5..N66R,5,0,1755784590,05 1356+ FLA/DYR,1755803948,1755803954,1481,0,0
1755784620_GS.N04R,083700_GS.N04R,GS,0,1755784620,0S 1357  GCS/TSS,1755799094,1755799100,445,0,0
1755784680_6..S01R,083800_6..S01R,6,1,1755784680,06 1358  PEL/BBR,1755803030,1755803033,1278,0,0
1755784710_6..N03R,083850_6..N03R,6,0,1755784710,06 1358+ BBR/177,1755802163,1755802169,768,0,0
1755784770_2..N01X179,083950_2..N01X179,2,0,1755784770,02 1359+ FLA/241,1755804560,1755804563,1579,0,0
1755784770_3..N01R,083950_3..N01R,3,0,1755784770,03 1359+ NLT/148,1755803219,1755803225,1252,0,0
1755784830_1..S03R,084050_1..S03R,1,1,1755784830,01 1400+ 242/SFT,1755802730,1755802733,1148,0,0
1755784830_GS.S04R,084050_GS.S04R,GS,1,1755784830,0S 1400+ TSS/GCS,1755799313,1755799319,424,0,0
1755784860_7..N,084100_7..N,7,0,1755784860,07 1401 34H/MST,1755801578,1755801584,912,0,0
1755784860_7..S,084100_7..S,7,1,1755784860,07 1401 MST/34H,1755801725,1755801728,946,0,0
1755784890_1..N03R,084150_1..N03R,1,0,1755784890,01 1401+ SFT/242,1755802610,1755802613,1122,0,0
1755784920_4..N06R,084200_4..N06R,4,0,1755784920,04 1402  UTI/WDL,1755803360,1755803363,1282,0,0
1755784920_4..S06R,084200_4..S06R,4,1,1755784920,04 1402  WDL/UTI,1755803543,1755803549,1322,0,0
1755784920_GS.N01R,084200_GS.N01R,GS,0,1755784920,0S 1402  GCS/TSS,1755799433,1755799439,448,0,0
1755784950_3..S01R,084250_3..S01R,3,1,1755784950,03 1402+ 148/NLT,1755803738,1755803744,1364,0,0
1755784950_6..N02R,084250_6..N02R,6X,0,1755784950,06 1402+ BBR/PEL,1755803309,1755803315,963,0,0
1755784980_5..S03R,084300_5..S03R,5,1,1755784980,05 1403  DYR/FLA,1755805010,1755805013,1698,0,0
1755785040_6..S03R,084400_6..S03R,6,1,1755785040,06 1404  177/BBR,1755802832,1755802835,1170,0,0
1755785070_5..N66R,084450_5..N66R,5,0,1755785070,05 1404+ FLA/DYR,1755804428,1755804434,1482,0,0
1755785130_GS.S01R,084550_GS.S01R,GS,1,1755785130,0S 1405+ TSS/GCS,1755799595,1755799598,419,0,0
1755785160_7..N,084600_7..N,7,0,1755785160,07 1406 34H/MST,1755801953,1755801959,927,0,0
1755785160_7..S,084600_7..S,7,1,1755785160,07 1406 MST/34H,1755802019,1755802022,941,0,0
1755785190_1..S03R,084650_1..S03R,1,1,1755785190,01 1406+ 242/SFT,1755803099,1755803105,1165,0,0
1755785190_2..S10X008,084650_2..S10X008,2,1,1755785190,02 1406+ 180/FLA,1755804389,1755804392,1471,0,0
1755785190_5..S03R,084650_5..S03R,5,1,1755785190,05 1406+ DYR/FLA,1755805388,1755805394,1738,0,0
1755785190_6..N03R,084650_6..N03R,6,0,1755785190,06 1406+ BBR/177,1755802589,1755802595,748,0,0
1755785220_6..S01R,084700_6..S01R,6,1,1755785220,06 1407  PEL/BBR,1755803465,1755803468,1243,0,0
1755785220_GS.N04R,084700_GS.N04R,GS,0,1755785220,0S 1407  GCS/TSS,1755799709,1755799715,446,0,0
1755785250_1..N03R,084750_1..N03R,1,0,1755785250,01 1407+ SFT/242,1755802988,1755802994,1143,0,0
1755785250_3..N01R,084750_3..N01R,3,0,1755785250,03 1407+ NLT/148,1755803939,1755803942,1350,0,0
1755785280_2..N01R,084800_2..N01R,2,0,1755785280,02 1408  FLA/241,1755805778,1755805784,1832,0,0
1755785280_4..S06R,084800_4..S06R,4,1,1755785280,04 1408  WDL/UTI,1755803783,1755803789,1311,0,0
1755785400_4..N06R,085000_4..N06R,4,0,1755785400,04 1410  UTI/WDL,1755803738,1755803744,1240,0,0
1755785400_6..N03R,085000_6..N03R,6,0,1755785400,06 1410  BBR/177,1755803015,1755803018,1086,0,0
1755785430_3..S01R,085050_3..S01R,3,1,1755785430,03 1410+ 148/NLT,1755803939,1755803942,1288,0,0
1755785430_GS.S04R,085050_GS.S04R,GS,1,1755785430,0S 1410+ TSS/GCS,1755799913,1755799919,427,0,0
1755785460_7..N,085100_7..N,7,0,1755785460,07 1411 34H/MST,1755802127,1755802130,912,0,0
1755785460_7..S,085100_7..S,7,1,1755785460,07 1411 MST/34H,1755802370,1755802373,967,0,0
1755785490_2..S01X304,085150_2..S01X304,2,1,1755785490,02 1411+ 241/FLA,1755806369,1755806372,1936,0,0
1755785520_GS.N01R,085200_GS.N01R,GS,0,1755785520,0S 1412  GCS/TSS,1755800024,1755800030,449,0,0
1755785550_1..S03R,085250_1..S03R,1,1,1755785550,01 1412+ 242/SFT,1755803510,1755803513,1191,0,0
1755785550_5..N66R,085250_5..N66R,5,0,1755785550,05 1412+ FLA/DYR,1755804830,1755804833,1527,0,0
1755785580_6..S03R,085300_6..S03R,6,1,1755785580,06 1413  177/BBR,1755803183,1755803189,1120,0,0
1755785610_1..N03R,085350_1..N03R,1,0,1755785610,01 1413+ SFT/242,1755803300,1755803303,1145,0,0
1755785610_5..S03R,085350_5..S03R,5,1,1755785610,05 1413+ DYR/FLA,1755805829,1755805832,1741,0,0
1755785640_6..N02R,085400_6..N02R,6X,0,1755785640,06 1414  BBR/PEL,1755803669,1755803672,1224,0,0
1755785700_4..S06R,085500_4..S06R,4,1,1755785700,04 1415  WDL/UTI,1755804212,1755804215,1297,0,0
1755785700_6..S01R,085500_6..S01R,6,1,1755785700,06 1415  PEL/BBR,1755804083,1755804089,1263,0,0
1755785730_3..N01R,085550_3..N01R,3,0,1755785730,03 1415+ NLT/148,1755804338,1755804341,1331,0,0
1755785730_GS.S01R,085550_GS.S01R,GS,1,1755785730,0S 1415+ TSS/GCS,1755800213,1755800219,424,0,0
1755785760_2..N01R,085600_2..N01R,2,0,1755785760,02 1416  FLA/241,1755805910,1755805913,1751,0,0
1755785760_7..N,085600_7..N,7,0,1755785760,07 1416 34H/MST,1755802664,1755802670,969,0,0
1755785760_7..S,085600_7..S,7,1,1755785760,07 1416 MST/34H,1755802604,1755802610,957,0,0
1755785820_GS.N04R,085700_GS.N04R,GS,0,1755785820,0S 1417  GCS/TSS,1755800294,1755800297,440,0,0
1755785880_4..N06R,085800_4..N06R,4,0,1755785880,04 1418  UTI/WDL,1755804359,1755804362,1337,0,0
1755785880_6..N03R,085800_6..N03R,6,0,1755785880,06 1418  BBR/177,1755803213,1755803219,1063,0,0
1755785910_1..S03R,085850_1..S03R,1,1,1755785910,01 1418+ 242/SFT,1755803888,1755803894,1211,0,0
1755785910_3..S01R,085850_3..S01R,3,1,1755785910,03 1418+ 148/NLT,1755804590,1755804593,1399,0,0
1755785970_1..N03R,085950_1..N03R,1,0,1755785970,01 1419+ SFT/242,1755803639,1755803645,1090,0,0
1755786030_5..N66R,086050_5..N66R,5,0,1755786030,05 1420+ FLA/DYR,1755805472,1755805475,1571,0,0
1755786030_GS.S04R,086050_GS.S04R,GS,1,1755786030,0S 1420+ TSS/GCS,1755800528,1755800534,426,0,0
1755786060_2..S10X008,086100_2..S10X008,2,1,1755786060,02 1421  180/FLA,1755806030,1755806033,1720,0,0
1755786060_6..S03R,086100_6..S03R,6,1,1755786060,06 1421  177/BBR,1755803705,1755803708,1105,0,0
1755786060_7..N,086100_7..N,7,0,1755786060,07 1421 34H/MST,1755803018,1755803024,987,0,0
1755786060_7..S,086100_7..S,7,1,1755786060,07 1421 MST/34H,1755802868,1755802874,955,0,0
1755786120_6..N02R,086200_6..N02R,6X,0,1755786120,06 1422  BBR/PEL,1755804170,1755804173,1223,0,0
1755786120_GS.N01R,086200_GS.N01R,GS,0,1755786120,0S 1422  GCS/TSS,1755800624,1755800630,446,0,0
1755786180_4..S06R,086300_4..S06R,4,1,1755786180,04 1423  WDL/UTI,1755804890,1755804893,1416,0,0
1755786180_6..S01R,086300_6..S01R,6,1,1755786180,06 1423  PEL/BBR,1755800324,1755800585,384,0,0
1755786210_3..N01R,086350_3..N01R,3,0,1755786210,03 1423+ NLT/148,1755804809,1755804812,1393,0,0
1755786210_5..S03R,086350_5..S03R,5,1,1755786210,05 1423+ DYR/FLA,1755806159,1755806162,1752,0,0
1755786240_2..N01R,086400_2..N01R,2,0,1755786240,02 1424  FLA/241,1755806468,1755806474,1835,0,0
1755786270_1..S03R,086450_1..S03R,1,1,1755786270,01 1424+ 242/SFT,1755804158,1755804164,1155,0,0
1755786330_1..N03R,086550_1..N03R,1,0,1755786330,01 1425+ SFT/242,1755804239,1755804242,1176,0,0
1755786330_GS.S01R,086550_GS.S01R,GS,1,1755786330,0S 1425+ TSS/GCS,1755800813,1755800819,421,0,0
1755786360_4..N06R,086600_4..N06R,4,0,1755786360,04 1426  UTI/WDL,1755804950,1755804953,1367,0,0
1755786360_6..N03R,086600_6..N03R,6,0,1755786360,06 1426  BBR/177,1755803738,1755803744,1048,0,0
1755786360_7..N,086600_7..N,7,0,1755786360,07 1426 34H/MST,1755803123,1755803129,910,0,0
1755786360_7..S,086600_7..S,7,1,1755786360,07 1426 MST/34H,1755803159,1755803165,917,0,0
1755786390_3..S01R,086650_3..S01R,3,1,1755786390,03 1426+ 148/NLT,1755805478,1755805484,1508,0,0
1755786420_GS.N04R,086700_GS.N04R,GS,0,1755786420,0S 1427  GCS/TSS,1755800903,1755800909,439,0,0
1755786450_6..S01R,086750_6..S01R,6,1,1755786450,06 1427+ PEL/BBR,1755804665,1755804668,944,0,0
1755786510_5..N66R,086850_5..N66R,5,0,1755786510,05 1428+ FLA/DYR,1755806039,1755806042,1657,0,0
1755786600_6..N02R,087000_6..N02R,6X,0,1755786600,06 1430  BBR/PEL,1755804569,1755804575,1202,0,0
1755786630_1..S03R,087050_1..S03R,1,1,1755786630,01 1430+ 242/SFT,1755804548,1755804554,1197,0,0
1755786630_3..N01R,087050_3..N01R,3,0,1755786630,03 1430+ NLT/148,1755805289,1755805292,1394,0,0
1755786630_4..S06R,087050_4..S06R,4,1,1755786630,04 1430+ WDL/UTI,1755805223,1755805229,1377,0,0
1755786630_GS.S04R,087050_GS.S04R,GS,1,1755786630,0S 1430+ TSS/GCS,1755801149,1755801155,427,0,0
1755786660_7..N,087100_7..N,7,0,1755786660,07 1431 34H/MST,1755803408,1755803414,939,0,0
1755786660_7..S,087100_7..S,7,1,1755786660,07 1431 MST/34H,1755803405,1755803408,938,0,0
1755786690_1..N03R,087150_1..N03R,1,0,1755786690,01 1431+ SFT/242,1755804419,1755804425,1162,0,0
1755786690_5..S03R,087150_5..S03R,5,1,1755786690,05 1431+ DYR/FLA,1755806810,1755806813,1799,0,0
1755786720_2..N01R,087200_2..N01R,2,0,1755786720,02 1432  FLA/241,1755806978,1755806984,1843,0,0
1755786720_2..S01X304,087200_2..S01X304,2,1,1755786720,02 1432  241/FLA,1755807449,1755807452,1967,0,0
1755786720_6..S,087200_6..S,6,1,1755786720,/6 1432  177/BBR,1755804398,1755804404,131,0,0
1755786720_6..S03R,087200_6..S03R,6,1,1755786720,/6 1432  177/BBR,1755803870,1755803873,604,0,0
1755786720_GS.N01R,087200_GS.N01R,GS,0,1755786720,0S 1432  GCS/TSS,1755801215,1755801218,440,0,0
1755786840_4..N06R,087400_4..N06R,4,0,1755786840,04 1434  UTI/WDL,1755805472,1755805475,1442,0,0
1755786840_6..N03R,087400_6..N03R,6,0,1755786840,06 1434  BBR/177,1755804353,1755804359,1144,0,0
1755786870_3..S01R,087450_3..S01R,3,1,1755786870,03 1434+ 148/NLT,1755805838,1755805844,1480,0,0
1755786930_GS.S01R,087550_GS.S01R,GS,1,1755786930,0S 1435+ TSS/GCS,1755801395,1755801398,416,0,0
1755786960_5..N66R,087600_5..N66R,5,0,1755786960,05 1436  FLA/DYR,1755806240,1755806243,1586,0,0
1755786960_7..N,087600_7..N,7,0,1755786960,07 1436 34H/MST,1755803777,1755803780,953,0,0
1755786960_7..S,087600_7..S,7,1,1755786960,07 1436 MST/34H,1755803615,1755803618,917,0,0
1755786990_1..S03R,087650_1..S03R,1,1,1755786990,01 1436+ 242/SFT,1755804878,1755804884,1224,0,0
1755787020_4..S06R,087700_4..S06R,4,1,1755787020,04 1437  WDL/UTI,1755805622,1755805625,1422,0,0
1755787020_GS.N04R,087700_GS.N04R,GS,0,1755787020,0S 1437  GCS/TSS,1755801494,1755801500,437,0,0
1755787050_1..N03R,087750_1..N03R,1,0,1755787050,01 1437+ SFT/242,1755805019,1755805022,1261,0,0
1755787080_6..N02R,087800_6..N02R,6X,0,1755787080,06 1438  BBR/PEL,1755805049,1755805055,1269,0,0
1755787110_3..N01R,087850_3..N01R,3,0,1755787110,03 1438+ NLT/148,1755805739,1755805742,1452,0,0
1755787140_6..S01R,087900_6..S01R,6,1,1755787140,06 1439  PEL/BBR,1755805598,1755805604,1367,0,0
1755787170_5..S03R,087950_5..S03R,5,1,1755787170,05 1439+ DYR/FLA,1755806948,1755806954,1709,0,0
1755787200_2..N01R,088000_2..N01R,2,0,1755787200,02 1440  FLA/241,1755807489,1755807494,1853,0,0
1755787230_2..S10X008,088050_2..S10X008,2,1,1755787230,02 1440+ 180/FLA,1755806489,1755806492,1587,0,0
1755787230_GS.S04R,088050_GS.S04R,GS,1,1755787230,0S 1440+ TSS/GCS,1755801728,1755801734,425,0,0
1755787260_2..S01X304,088100_2..S01X304,2,1,1755787260,02 1441  241/FLA,1755808089,1755808094,2013,0,0
1755787260_7..N,088100_7..N,7,0,1755787260,07 1441 34H/MST,1755803933,1755803939,926,0,0
1755787260_7..S,088100_7..S,7,1,1755787260,07 1441 MST/34H,1755803849,1755803855,903,0,0
1755787320_4..N06R,088200_4..N06R,4,0,1755787320,04 1442  UTI/WDL,1755805829,1755805832,1412,0,0
1755787320_6..N03R,088200_6..N03R,6,0,1755787320,06 1442  BBR/177,1755804749,1755804752,1124,0,0
1755787320_GS.N01R,088200_GS.N01R,GS,0,1755787320,0S 1442  GCS/TSS,1755801815,1755801818,442,0,0
1755787350_1..S03R,088250_1..S03R,1,1,1755787350,01 1442+ 242/SFT,1755805250,1755805253,1258,0,0
1755787380_5..S03R,088300_5..S03R,5,1,1755787380,05 1443  DYR/FLA,1755807569,1755807572,1874,0,0
1755787410_1..N03R,088350_1..N03R,1,0,1755787410,01 1443+ SFT/242,1755805448,1755805454,1310,0,0
1755787410_3..S01R,088350_3..S01R,3,1,1755787410,03 1443+ 148/NLT,1755806240,1755806243,1520,0,0
1755787440_4..S06R,088400_4..S06R,4,1,1755787440,04 1444  WDL/UTI,1755805973,1755805979,1450,0,0
1755787440_5..N66R,088400_5..N66R,5,0,1755787440,05 1444  FLA/DYR,1755807119,1755807122,1747,0,0
1755787470_5..N66R,088450_5..N66R,5,0,1755787470,05 1444+ FLA/DYR,1755801938,1755801944,82,0,0
1755787500_6..S,088500_6..S,6,1,1755787500,/6 1445  177/BBR,1755805238,1755805244,573,1,0
1755787500_6..S03R,088500_6..S03R,6,1,1755787500,/6 1445  177/BBR,1755802619,1755802625,535,0,0
1755787530_GS.S01R,088550_GS.S01R,GS,1,1755787530,0S 1445+ TSS/GCS,1755801998,1755802004,419,0,0
1755787560_6..N02R,088600_6..N02R,6X,0,1755787560,06 1446  BBR/PEL,1755805499,1755805502,1262,0,0
1755787560_7..S,088600_7..S,7,1,1755787560,07 1446 MST/34H,1755804218,1755804224,930,0,0
1755787560_7X..N,088600_7X..N,7X,0,1755787560,07 1446 34H/MST,1755804149,1755804155,911,0,0
1755787590_3..N01R,088650_3..N01R,3,0,1755787590,03 1446+ NLT/148,1755806240,1755806243,1459,0,0
1755787620_GS.N04R,088700_GS.N04R,GS,0,1755787620,0S 1447  GCS/TSS,1755802094,1755802100,440,0,0
1755787680_1..S03R,088800_1..S03R,1,1,1755787680,01 1448  242/SFT,1755805460,1755805463,1252,0,0
1755787680_2..N01R,088800_2..N01R,2,0,1755787680,02 1448  FLA/241,1755807620,1755807624,1826,0,0
1755787710_2..S01X304,088850_2..S01X304,2,1,1755787710,02 1448+ 241/FLA,1755808239,1755808244,1991,0,0
1755787770_1..N03R,088950_1..N03R,1,0,1755787770,01 1449+ SFT/242,1755805658,1755805664,1243,0,0
1755787800_6..N03R,089000_6..N03R,6,0,1755787800,06 1450  BBR/177,1755805148,1755805154,1107,0,0
1755787800_6..S01R,089000_6..S01R,6,1,1755787800,06 1450  PEL/BBR,1755805880,1755805883,1302,0,0
1755787830_4..N06R,089050_4..N06R,4,0,1755787830,04 1450+ UTI/WDL,1755806369,1755806372,1431,0,0
1755787830_GS.S04R,089050_GS.S04R,GS,1,1755787830,0S 1450+ TSS/GCS,1755802319,1755802325,430,0,0
1755787860_7..N,089100_7..N,7,0,1755787860,07 1451 34H/MST,1755804632,1755804635,974,0,0
1755787860_7..S,089100_7..S,7,1,1755787860,07 1451 MST/34H,1755804563,1755804569,956,0,0
1755787920_GS.N01R,089200_GS.N01R,GS,0,1755787920,0S 1452  GCS/TSS,1755802418,1755802424,453,0,0
1755787950_5..N66R,089250_5..N66R,5,0,1755787950,05 1452+ FLA/DYR,1755807368,1755807374,1697,0,0
1755787980_5..S03R,089300_5..S03R,5,1,1755787980,05 1453  DYR/FLA,1755807740,1755807744,1796,0,0
1755787980_5..S21R,089300_5..S21R,5,1,1755787980,05 1453  180/UTI,1755806405,1755806408,1441,0,0
1755788010_1..S03R,089350_1..S03R,1,1,1755788010,01 1453+ 242/SFT,1755805778,1755805784,1275,0,0
1755788040_3..N01R,089400_3..N01R,3,0,1755788040,03 1454  NLT/148,1755806579,1755806582,1486,0,0
1755788040_6..N02R,089400_6..N02R,6X,0,1755788040,06 1454  BBR/PEL,1755805898,1755805904,1306,0,0
1755788100_3..S01R,089500_3..S01R,3,1,1755788100,03 1455  148/NLT,1755806888,1755806891,1507,0,0
1755788100_4..S28R,089500_4..S28R,4,1,1755788100,04 1455  BPK/UTI,1755806657,1755806660,1446,0,0
1755788100_6..S03R,089500_6..S03R,6,1,1755788100,06 1455  177/BBR,1755805739,1755805742,1202,0,0
1755788130_1..N03R,089550_1..N03R,1,0,1755788130,01 1455+ SFT/242,1755805868,1755805874,1237,0,0
1755788130_2..N01R,089550_2..N01R,2,0,1755788130,02 1455+ FLA/241,1755808250,1755808254,1870,0,0
1755788130_GS.S01R,089550_GS.S01R,GS,1,1755788130,0S 1455+ TSS/GCS,1755802598,1755802604,429,0,0
1755788160_7..S,089600_7..S,7,1,1755788160,07 1456 MST/34H,1755804833,1755804839,978,0,0
1755788160_7X..N,089600_7X..N,7X,0,1755788160,07 1456 34H/MST,1755804659,1755804665,931,0,0
1755788220_GS.N04R,089700_GS.N04R,GS,0,1755788220,0S 1457  GCS/TSS,1755802679,1755802685,445,0,0
1755788250_4..N06R,089750_4..N06R,4,0,1755788250,04 1457+ UTI/WDL,1755806759,1755806762,1473,0,0
1755788280_6..S01R,089800_6..S01R,6,1,1755788280,06 1458  PEL/BBR,1755806387,1755806390,1374,0,0
1755788310_1..S03R,089850_1..S03R,1,1,1755788310,01 1458+ 242/SFT,1755806108,1755806114,1299,0,0
1755788310_5..S07R,089850_5..S07R,5,1,1755788310,05 1458+ DYR/UTI,1755807278,1755807284,1610,0,0
1755788340_2..S01X304,089900_2..S01X304,2,1,1755788340,02 1459  241/FLA,1755809049,1755809054,2077,0,0
1755788340_4..S06R,089900_4..S06R,4,1,1755788340,04 1459  WDL/UTI,1755807008,1755807014,1538,0,0
1755788400_5..N66R,090000_5..N66R,5,0,1755788400,05 1500  FLA/DYR,1755807719,1755807722,1666,0,0
1755788400_6..N,090000_6..N,6,0,1755788400,/6 1500  BBR/177,1755806102,1755806105,57,0,0
1755788400_6..N03R,090000_6..N03R,6,0,1755788400,06 1500  BBR/177,1755805712,1755805715,759,0,0
1755788430_7..N,090050_7..N,7,0,1755788430,07 1500+ 34H/MST,1755805127,1755805130,1005,0,0
1755788430_GS.S04R,090050_GS.S04R,GS,1,1755788430,0S 1500+ TSS/GCS,1755802904,1755802910,433,0,0
1755788460_7..S,090100_7..S,7,1,1755788460,07 1501 MST/34H,1755805292,1755805295,1042,0,0
1755788460_GS.N01R,090100_GS.N01R,GS,0,1755788460,0S 1501  GCS/TSS,1755802949,1755802955,443,0,0
1755788490_1..N03R,090150_1..N03R,1,0,1755788490,01 1501+ SFT/242,1755806168,1755806174,1254,0,0
1755788520_3..N01R,090200_3..N01R,3,0,1755788520,03 1502  NLT/148,1755806990,1755806993,1472,0,0
1755788610_1..S03R,090350_1..S03R,1,1,1755788610,01 1503+ 242/SFT,1755806360,1755806363,1305,0,0
1755788610_2..N01R,090350_2..N01R,2,0,1755788610,02 1503+ FLA/241,1755808439,1755808442,1857,0,0
1755788610_4..N06R,090350_4..N06R,4,0,1755788610,04 1503+ UTI/WDL,1755807140,1755807143,1512,0,0
1755788640_3..S01R,090400_3..S01R,3,1,1755788640,03 1504  148/NLT,1755807209,1755807212,1529,0,0
1755788640_6..S03R,090400_6..S03R,6,1,1755788640,06 1504  177/BBR,1755806078,1755806087,1230,0,0
1755788670_7X..N,090450_7X..N,7X,0,1755788670,07 1504+ 34H/MST,1755805220,1755805223,985,0,0
1755788670_GS.S01R,090450_GS.S01R,GS,1,1755788670,0S 1504+ TSS/GCS,1755803159,1755803165,424,0,0
1755788700_GS.N04R,090500_GS.N04R,GS,0,1755788700,0S 1505  GCS/TSS,1755803165,1755803168,425,0,0
1755788760_4..S06R,090600_4..S06R,4,1,1755788760,04 1506  WDL/UTI,1755807497,1755807500,1545,0,0
1755788760_5..S03R,090600_5..S03R,5,1,1755788760,05 1506  DYR/FLA,1755808719,1755808724,1868,0,0
1755788760_6..S01R,090600_6..S01R,6,1,1755788760,06 1506  PEL/BBR,1755806897,1755806900,1385,0,0
1755788760_7..S,090600_7..S,7,1,1755788760,07 1506 MST/34H,1755805475,1755805478,1030,0,0
1755788790_6..N02R,090650_6..N02R,6X,0,1755788790,06 1506+ BBR/PEL,1755806678,1755806684,1002,0,0
1755788850_1..N03R,090750_1..N03R,1,0,1755788850,01 1507+ SFT/242,1755806720,1755806723,1339,0,0
1755788850_2..S01R,090750_2..S01R,2,1,1755788850,02 1507+ 241/FLA,1755809336,1755809342,2028,0,0
1755788880_5..N66R,090800_5..N66R,5,0,1755788880,05 1508  FLA/DYR,1755808370,1755808374,1778,0,0
1755788910_1..S03R,090850_1..S03R,1,1,1755788910,01 1508+ 242/SFT,1755806690,1755806693,1330,0,0
1755788910_7..N,090850_7..N,7,0,1755788910,07 1508+ 34H/MST,1755805490,1755805493,1003,0,0
1755788910_GS.S04R,090850_GS.S04R,GS,1,1755788910,0S 1508+ TSS/GCS,1755803390,1755803393,474,0,0
1755788940_3..N01R,090900_3..N01R,3,0,1755788940,03 1509  NLT/148,1755807710,1755807714,1601,0,0
1755788940_5..S07R,090900_5..S07R,5,1,1755788940,05 1509  DYR/UTI,1755808364,1755808367,1775,0,0
1755788940_GS.N01R,090900_GS.N01R,GS,0,1755788940,0S 1509  GCS/TSS,1755803429,1755803435,482,0,0
1755789030_4..N06R,091050_4..N06R,4,0,1755789030,04 1510+ UTI/WDL,1755807560,1755807564,1500,0,0
1755789030_6..N03R,091050_6..N03R,6,0,1755789030,06 1510+ BBR/177,1755806435,1755806438,896,0,0
1755789060_2..N01R,091100_2..N01R,2,0,1755789060,02 1511  FLA/241,1755809060,1755809064,1894,0,0
1755789060_7..S,091100_7..S,7,1,1755789060,07 1511 MST/34H,1755805739,1755805742,1029,0,0
1755789120_3..S01R,091200_3..S01R,3,1,1755789120,03 1512  148/NLT,1755807749,1755807752,1550,0,0
1755789120_4..S06R,091200_4..S06R,4,1,1755789120,04 1512  WDL/UTI,1755807789,1755807794,1561,0,0
1755789120_6..S03R,091200_6..S03R,6,1,1755789120,06 1512  177/BBR,1755806603,1755806609,1246,0,0
1755789150_7X..N,091250_7X..N,7X,0,1755789150,07 1512+ 34H/MST,1755805655,1755805658,996,0,0
1755789150_GS.S01R,091250_GS.S01R,GS,1,1755789150,0S 1512+ TSS/GCS,1755803618,1755803624,460,0,0
1755789180_GS.N04R,091300_GS.N04R,GS,0,1755789180,0S 1513  GCS/TSS,1755803648,1755803654,466,0,0
1755789210_1..N03R,091350_1..N03R,1,0,1755789210,01 1513+ SFT/242,1755807140,1755807143,1388,0,0
1755789210_1..S03R,091350_1..S03R,1,1,1755789210,01 1513+ 242/SFT,1755806990,1755806993,1348,0,0
1755789210_6..S01R,091350_6..S01R,6,1,1755789210,06 1513+ PEL/BBR,1755807353,1755807359,1445,0,0
1755789240_5..N66R,091400_5..N66R,5,0,1755789240,05 1514  FLA/DYR,1755808674,1755808682,1794,0,0
1755789270_4..N06R,091450_4..N06R,4,0,1755789270,04 1514+ UTI/WDL,1755807860,1755807864,1514,0,0
1755789270_6..N02R,091450_6..N02R,6X,0,1755789270,06 1514+ BBR/PEL,1755807218,1755807224,1064,0,0
1755789300_3..N01R,091500_3..N01R,3,0,1755789300,03 1515  NLT/148,1755808149,1755808154,1591,0,0
1755789330_2..S01R,091550_2..S01R,2,1,1755789330,02 1515+ 241/FLA,1755809820,1755809823,2025,0,0
1755789360_7..S,091600_7..S,7,1,1755789360,07 1516 MST/34H,1755806009,1755806012,1042,0,0
1755789390_7..N,091650_7..N,7,0,1755789390,07 1516+ 34H/MST,1755806015,1755806018,1045,0,0
1755789390_GS.S04R,091650_GS.S04R,GS,1,1755789390,0S 1516+ TSS/GCS,1755803873,1755803879,452,0,0
1755789420_5..S03R,091700_5..S03R,5,1,1755789420,05 1517  DYR/FLA,1755809189,1755809192,1861,0,0
1755789420_GS.N01R,091700_GS.N01R,GS,0,1755789420,0S 1517  GCS/TSS,1755803924,1755803930,465,0,0
1755789510_1..S03R,091850_1..S03R,1,1,1755789510,01 1518+ 242/SFT,1755807489,1755807494,1415,0,0
1755789510_6..N03R,091850_6..N03R,6,0,1755789510,06 1518+ BBR/177,1755806975,1755806978,973,0,0
1755789570_1..N,091950_1..N,1,0,1755789570,01 1519+ SFT/242,1755807620,1755807624,123,0,0
1755789570_1..N03R,091950_1..N03R,1,0,1755789570,01 1519+ SFT/242,1755807023,1755807029,1227,0,0
1755789570_4..N06R,091950_4..N06R,4,0,1755789570,04 1519+ UTI/WDL,1755808280,1755808284,1562,0,0
1755789600_2..N01R,092000_2..N01R,2,0,1755789600,02 1520  FLA/241,1755809898,1755809904,1982,0,0
1755789600_4..S28R,092000_4..S28R,4,1,1755789600,04 1520  BPK/UTI,1755808172,1755808175,1519,0,0
1755789600_6..S01R,092000_6..S01R,6,1,1755789600,06 1520  PEL/BBR,1755807680,1755807684,1402,0,0
1755789600_6..S03R,092000_6..S03R,6,1,1755789600,06 1520  177/BBR,1755807185,1755807188,1270,0,0
1755789630_7X..N,092050_7X..N,7X,0,1755789630,07 1520+ 34H/MST,1755806183,1755806189,1034,0,0
1755789630_GS.S01R,092050_GS.S01R,GS,1,1755789630,0S 1520+ TSS/GCS,1755804098,1755804104,448,0,0
1755789660_4..S06R,092100_4..S06R,4,1,1755789660,04 1521  WDL/UTI,1755808520,1755808524,1624,0,0
1755789660_7..S,092100_7..S,7,1,1755789660,07 1521 MST/34H,1755806354,1755806357,1078,0,0
1755789660_GS.N04R,092100_GS.N04R,GS,0,1755789660,0S 1521  GCS/TSS,1755804113,1755804119,452,0,0
1755789720_3..S01R,092200_3..S01R,3,1,1755789720,03 1522  148/NLT,1755808430,1755808434,1601,0,0
1755789750_6..N02R,092250_6..N02R,6X,0,1755789750,06 1522+ BBR/PEL,1755807639,1755807644,1089,0,0
1755789780_3..N01R,092300_3..N01R,3,0,1755789780,03 1523  NLT/148,1755808674,1755808682,1664,0,0
1755789810_1..S03R,092350_1..S03R,1,1,1755789810,01 1523+ 242/SFT,1755804644,1755804647,593,0,0
1755789810_2..S01R,092350_2..S01R,2,1,1755789810,02 1523+ 241/FLA,1755810249,1755810252,2072,0,0
1755789840_5..N66R,092400_5..N66R,5,0,1755789840,05 1524  FLA/DYR,1755808979,1755808982,1742,0,0
1755789870_4..N06R,092450_4..N06R,4,0,1755789870,04 1524+ UTI/WDL,1755808619,1755808622,1581,0,0
1755789870_7..N,092450_7..N,7,0,1755789870,07 1524+ 34H/MST,1755806384,1755806387,1035,0,0
1755789870_GS.S04R,092450_GS.S04R,GS,1,1755789870,0S 1524+ TSS/GCS,1755804353,1755804359,448,0,0
1755789900_5..S03R,092500_5..S03R,5,1,1755789900,05 1525  DYR/FLA,1755809700,1755809703,1860,0,0
1755789900_GS.N01R,092500_GS.N01R,GS,0,1755789900,0S 1525  GCS/TSS,1755804404,1755804410,461,0,0
1755789930_7..S,092550_7..S,7,1,1755789930,07 1525+ MST/34H,1755806549,1755806552,1059,0,0
1755789960_1..N03R,092600_1..N03R,1,0,1755789960,01 1526  SFT/242,1755807759,1755807764,1354,0,0
1755789960_2..N01R,092600_2..N01R,2,0,1755789960,02 1526  FLA/241,1755810558,1755810564,2083,0,0
1755789990_6..N03R,092650_6..N03R,6,0,1755789990,06 1526+ BBR/177,1755807515,1755807519,991,0,0
1755789990_6..S03R,092650_6..S03R,6,1,1755789990,06 1526+ 177/BBR,1755807504,1755807509,1286,0,0
1755790020_6..S01R,092700_6..S01R,6,1,1755790020,06 1527  PEL/BBR,1755808250,1755808254,1485,0,0
1755790110_1..S03R,092850_1..S03R,1,1,1755790110,/1 1528+ 242/SFT,1755808469,1755808472,1540,0,0
1755790110_4..N06R,092850_4..N06R,4,0,1755790110,04 1528+ UTI/WDL,1755808779,1755808784,1622,0,0
1755790110_7X..N,092850_7X..N,7X,0,1755790110,07 1528+ 34H/MST,1755806573,1755806579,994,0,0
1755790110_GS.S01R,092850_GS.S01R,GS,1,1755790110,0S 1528+ TSS/GCS,1755804599,1755804602,512,0,0
1755790140_GS.N04R,092900_GS.N04R,GS,0,1755790140,0S 1529  GCS/TSS,1755804605,1755804608,514,0,0
1755790170_3..N01R,092950_3..N01R,3,0,1755790170,03 1529+ NLT/148,1755809079,1755809084,1637,0,0
1755790170_4..S28R,092950_4..S28R,4,1,1755790170,04 1529+ BPK/UTI,1755808704,1755808709,1540,0,0
1755790170_5..N88R,092950_5..N88R,5,0,1755790170,05 1529+ FLA/DYR,1755809519,1755809522,1751,0,0
1755790170_7..S,092950_7..S,7,1,1755790170,07 1529+ MST/34H,1755806717,1755806720,1032,0,0
1755790200_2..S01R,093000_2..S01R,2,1,1755790200,02 1530  241/FLA,1755810780,1755810783,2080,0,0
1755790200_3..S01R,093000_3..S01R,3,1,1755790200,03 1530  148/NLT,1755808760,1755808764,1555,0,0
1755790230_6..N02R,093050_6..N02R,6X,0,1755790230,06 1530+ BBR/PEL,1755808049,1755808052,1049,0,0
1755790290_1..N03R,093150_1..N03R,1,0,1755790290,01 1531+ SFT/242,1755808190,1755808194,1406,0,0
1755790290_4..S06R,093150_4..S06R,4,1,1755790290,04 1531+ WDL/UTI,1755808967,1755808970,1608,0,0
1755790320_2..N01R,093200_2..N01R,2,0,1755790320,02 1532  FLA/241,1755810768,1755810774,2076,0,0
1755790320_5..S03R,093200_5..S03R,5,1,1755790320,05 1532  DYR/FLA,1755810048,1755810054,1888,0,0
1755790350_7..N,093250_7..N,7,0,1755790350,07 1532+ 34H/MST,1755806948,1755806954,1081,0,0
1755790350_GS.S04R,093250_GS.S04R,GS,1,1755790350,0S 1532+ TSS/GCS,1755804839,1755804842,513,0,0
1755790380_GS.N01R,093300_GS.N01R,GS,0,1755790380,0S 1533  GCS/TSS,1755804893,1755804899,528,0,0
1755790410_1..S,093350_1..S,1,1,1755790410,/1 1533+ 242/SFT,1755808059,1755808064,862,0,0
1755790410_1..S03R,093350_1..S03R,1,1,1755790410,/1 1533+ 242/SFT,1755804818,1755804824,508,0,0
1755790410_6..S03R,093350_6..S03R,6,1,1755790410,06 1533+ 177/BBR,1755807929,1755807932,1335,0,0
1755790410_7..S,093350_7..S,7,1,1755790410,07 1533+ MST/34H,1755806918,1755806924,1027,0,0
1755790440_6..S01R,093400_6..S01R,6,1,1755790440,06 1534  PEL/BBR,1755808544,1755808547,1497,0,0
1755790470_4..N06R,093450_4..N06R,4,0,1755790470,04 1534+ UTI/WDL,1755809120,1755809124,1581,0,0
1755790530_5..N88R,093550_5..N88R,5,0,1755790530,05 1535+ FLA/DYR,1755810009,1755810015,1789,0,0
1755790560_6..N03R,093600_6..N03R,6,0,1755790560,06 1536  BBR/177,1755807995,1755807999,952,0,0
1755790590_1..N03R,093650_1..N03R,1,0,1755790590,01 1536+ SFT/242,1755808379,1755808382,1389,0,0
1755790590_7X..N,093650_7X..N,7X,0,1755790590,07 1536+ 34H/MST,1755807014,1755807017,1033,0,0
1755790590_GS.S01R,093650_GS.S01R,GS,1,1755790590,0S 1536+ TSS/GCS,1755805067,1755805070,508,0,0
1755790620_2..S01R,093700_2..S01R,2,1,1755790620,02 1537  241/FLA,1755811089,1755811093,2095,0,0
1755790620_GS.N04R,093700_GS.N04R,GS,0,1755790620,0S 1537  GCS/TSS,1755805109,1755805112,519,0,0
1755790680_3..S01R,093800_3..S01R,3,1,1755790680,03 1538  148/NLT,1755809336,1755809342,1637,0,0
1755790710_1..S03R,093850_1..S03R,1,1,1755790710,01 1538+ 242/SFT,1755808629,1755808634,1453,0,0
1755790710_3..N01R,093850_3..N01R,3,0,1755790710,03 1538+ NLT/148,1755809480,1755809484,1674,0,0
1755790710_7..S,093850_7..S,7,1,1755790710,07 1538+ MST/34H,1755807332,1755807335,1105,0,0
1755790800_5..S03R,094000_5..S03R,5,1,1755790800,05 1540  DYR/FLA,1755810570,1755810573,1895,0,0
1755790830_4..N06R,094050_4..N06R,4,0,1755790830,04 1540+ UTI/WDL,1755809390,1755809394,1588,0,0
1755790830_6..S01R,094050_6..S01R,6,1,1755790830,06 1540+ PEL/BBR,1755809075,1755809079,1507,0,0
1755790830_6..S03R,094050_6..S03R,6,1,1755790830,06 1540+ 177/BBR,1755808394,1755808397,1331,0,0
1755790830_7..N,094050_7..N,7,0,1755790830,07 1540+ 34H/MST,1755807335,1755807338,1078,0,0
1755790830_GS.S04R,094050_GS.S04R,GS,1,1755790830,0S 1540+ TSS/GCS,1755805319,1755805322,513,0,0
1755790860_GS.N01R,094100_GS.N01R,GS,0,1755790860,0S 1541  GCS/TSS,1755805343,1755805349,520,0,0
1755790890_1..N03R,094150_1..N03R,1,0,1755790890,01 1541+ SFT/242,1755808779,1755808784,1430,0,0
1755790890_4..S28R,094150_4..S28R,4,1,1755790890,04 1541+ BPK/UTI,1755809199,1755809204,1539,0,0
1755790890_5..N88R,094150_5..N88R,5,0,1755790890,05 1541+ FLA/DYR,1755810399,1755810402,1821,0,0
1755790890_6..N02R,094150_6..N02R,6X,0,1755790890,06 1541+ BBR/PEL,1755808779,1755808784,1431,0,0
1755790950_2..N03R,094250_2..N03R,2,0,1755790950,02 1542+ NLT/241,1755811458,1755811464,2131,0,0
1755790950_7..S,094250_7..S,7,1,1755790950,07 1542+ MST/34H,1755807524,1755807527,1075,0,0
1755791010_1..S03R,094350_1..S03R,1,1,1755791010,01 1543+ 242/SFT,1755808929,1755808934,1468,0,0
1755791040_2..S01R,094400_2..S01R,2,1,1755791040,02 1544  241/FLA,1755811599,1755811603,2169,0,0
1755791040_4..S06R,094400_4..S06R,4,1,1755791040,04 1544  WDL/UTI,1755809552,1755809555,1630,0,0
1755791070_7X..N,094450_7X..N,7X,0,1755791070,07 1544+ 34H/MST,1755807560,1755807564,1085,0,0
1755791070_GS.S01R,094450_GS.S01R,GS,1,1755791070,0S 1544+ TSS/GCS,1755805559,1755805562,513,0,0
1755791100_6..N03R,094500_6..N03R,6,0,1755791100,06 1545  BBR/177,1755808547,1755808550,1306,0,0
1755791100_GS.N04R,094500_GS.N04R,GS,0,1755791100,0S 1545  GCS/TSS,1755805577,1755805580,518,0,0
1755791130_5..S03R,094550_5..S03R,5,1,1755791130,05 1545+ DYR/FLA,1755811308,1755811314,2028,0,0
1755791160_3..S01R,094600_3..S01R,3,1,1755791160,03 1546  148/NLT,1755809739,1755809742,1614,0,0
1755791190_1..N03R,094650_1..N03R,1,0,1755791190,01 1546+ SFT/242,1755809049,1755809054,1437,0,0
1755791190_3..N01R,094650_3..N01R,3,0,1755791190,03 1546+ NLT/148,1755810000,1755810009,1684,0,0
1755791190_6..S01R,094650_6..S01R,6,1,1755791190,06 1546+ PEL/BBR,1755809420,1755809424,1532,0,0
1755791190_7..S,094650_7..S,7,1,1755791190,07 1546+ MST/34H,1755807764,1755807767,1095,0,0
1755791250_4..N64R,094750_4..N64R,4,0,1755791250,04 1547+ UTI/BPK,1755809559,1755809564,1568,0,0
1755791250_6..S03R,094750_6..S03R,6,1,1755791250,06 1547+ 177/BBR,1755808925,1755808929,1404,0,0
1755791310_1..S03R,094850_1..S03R,1,1,1755791310,01 1548+ 242/SFT,1755809189,1755809192,1471,0,0
1755791310_7..N,094850_7..N,7,0,1755791310,07 1548+ 34H/MST,1755808112,1755808115,1188,0,0
1755791310_GS.S04R,094850_GS.S04R,GS,1,1755791310,0S 1548+ TSS/GCS,1755805802,1755805805,577,0,0
1755791340_GS.N01R,094900_GS.N01R,GS,0,1755791340,0S 1549  GCS/TSS,1755805835,1755805838,586,0,0
1755791370_2..S01R,094950_2..S01R,2,1,1755791370,02 1549+ 241/FLA,1755811929,1755811933,2122,0,0
1755791370_5..S21R,094950_5..S21R,5,1,1755791370,05 1549+ 180/UTI,1755809745,1755809748,1547,0,0
1755791400_5..N76R,095000_5..N76R,5,0,1755791400,05 1550  FLA/238,1755810915,1755810918,1854,0,0
1755791430_7..S,095050_7..S,7,1,1755791430,07 1550+ MST/34H,1755808040,1755808044,1133,0,0
1755791460_6..N02R,095100_6..N02R,6X,0,1755791460,06 1551  BBR/PEL,1755809439,1755809444,1009,0,0
1755791490_1..N03R,095150_1..N03R,1,0,1755791490,01 1551+ SFT/242,1755809300,1755809304,1433,0,0
1755791550_4..S06R,095250_4..S06R,4,1,1755791550,04 1552+ WDL/UTI,1755810180,1755810183,1543,0,0
1755791550_6..S01R,095250_6..S01R,6,1,1755791550,06 1552+ PEL/BBR,1755809681,1755809684,1530,0,0
1755791550_7..S,095250_7..S,7,1,1755791550,07 1552+ 111/34H,1755807869,1755807872,1071,0,0
1755791550_7X..N,095250_7X..N,7X,0,1755791550,07 1552+ 34H/MST,1755807959,1755807962,1095,0,0
1755791550_GS.S01R,095250_GS.S01R,GS,1,1755791550,0S 1552+ TSS/GCS,1755806027,1755806030,569,0,0
1755791580_4..N34R,095300_4..N34R,4,0,1755791580,04 1553  UTI/WDL,1755810279,1755810285,1686,0,0
1755791580_GS.N04R,095300_GS.N04R,GS,0,1755791580,0S 1553  GCS/TSS,1755806072,1755806075,580,0,0
1755791610_1..S03R,095350_1..S03R,1,1,1755791610,01 1553+ 242/SFT,1755809349,1755809354,1444,0,0
1755791610_6..S03R,095350_6..S03R,6,1,1755791610,06 1553+ 177/BBR,1755809225,1755809229,1266,0,0
1755791640_3..N01R,095400_3..N01R,3,0,1755791640,03 1554  NLT/148,1755810420,1755810423,1720,0,0
1755791640_3..S01R,095400_3..S01R,3,1,1755791640,03 1554  148/NLT,1755810060,1755810063,1628,0,0
1755791640_5..S08R,095400_5..S08R,5,1,1755791640,05 1554  DYR/BWG,1755809964,1755809967,1604,0,0
1755791670_7..S,095450_7..S,7,1,1755791670,07 1554+ MST/34H,1755808374,1755808379,1131,0,0
1755791700_2..N01R,095500_2..N01R,2,0,1755791700,02 1555  FLA/241,1755811843,1755811845,2022,0,0
1755791700_6..N03R,095500_6..N03R,6,0,1755791700,06 1555  BBR/177,1755809184,1755809189,902,0,0
1755791730_2..S01R,095550_2..S01R,2,1,1755791730,02 1555+ 241/FLA,1755812229,1755812233,2125,0,0
1755791730_6..S01R,095550_6..S01R,6,1,1755791730,06 1555+ PEL/BBR,1755809883,1755809889,1504,0,0
1755791760_5..N87R,095600_5..N87R,5,0,1755791760,05 1556  UTI/DYR,1755810969,1755810972,1788,0,0
1755791790_1..N03R,095650_1..N03R,1,0,1755791790,01 1556+ SFT/242,1755809850,1755809853,1495,0,0
1755791790_7..N,095650_7..N,7,0,1755791790,07 1556+ 34H/MST,1755808779,1755808784,1236,0,0
1755791790_GS.S04R,095650_GS.S04R,GS,1,1755791790,0S 1556+ TSS/GCS,1755806282,1755806285,556,0,0
1755791820_GS.N01R,095700_GS.N01R,GS,0,1755791820,0S 1557  GCS/TSS,1755806330,1755806333,569,0,0
1755791850_7..S,095750_7..S,7,1,1755791850,07 1557+ MST/34H,1755808580,1755808584,1179,0,0
1755791910_4..S06R,095850_4..S06R,4,1,1755791910,04 1558+ WDL/UTI,1755810513,1755810519,1665,0,0
1755791940_1..S11R,095900_1..S11R,1,1,1755791940,01 1559  238/SFT,1755809660,1755809664,1443,0,0
1755791940_4..N34R,095900_4..N34R,4,0,1755791940,04 1559  UTI/WDL,1755810420,1755810423,1640,0,0
1755791940_6..N02R,095900_6..N02R,6X,0,1755791940,06 1559  BBR/PEL,1755809760,1755809763,1013,0,0
1755791970_5..N88R,095950_5..N88R,5,0,1755791970,05 1559+ FLA/DYR,1755811308,1755811314,1798,0,0
1755792030_7X..N,096050_7X..N,7X,0,1755792030,07 1600+ 34H/MST,1755808580,1755808584,1067,0,0
1755792030_GS.S01R,096050_GS.S01R,GS,1,1755792030,0S 1600+ TSS/GCS,1755806504,1755806507,534,0,0
1755792060_GS.N04R,096100_GS.N04R,GS,0,1755792060,0S 1601  GCS/TSS,1755806513,1755806519,537,0,0
1755792090_1..N03R,096150_1..N03R,1,0,1755792090,01 1601+ SFT/242,1755810000,1755810009,1454,0,0
1755792090_1..S03R,096150_1..S03R,1,1,1755792090,01 1601+ 242/SFT,1755809928,1755809934,1435,0,0
1755792090_6..S01R,096150_6..S01R,6,1,1755792090,06 1601+ PEL/BBR,1755810210,1755810213,1508,0,0
1755792090_7..S,096150_7..S,7,1,1755792090,07 1601+ MST/34H,1755808745,1755808749,1110,0,0
1755792150_2..N01R,096250_2..N01R,2,0,1755792150,02 1602+ FLA/241,1755812829,1755812833,2199,0,0
1755792150_3..N01R,096250_3..N01R,3,0,1755792150,03 1602+ NLT/148,1755810978,1755810984,1709,0,0
1755792180_5..S02R,096300_5..S02R,5,1,1755792180,05 1603  180/FLA,1755811428,1755811434,1829,0,0
1755792180_6..N03R,096300_6..N03R,6,0,1755792180,06 1603  BBR/177,1755809709,1755809712,945,0,0
1755792210_2..S01R,096350_2..S01R,2,1,1755792210,02 1603+ 241/FLA,1755812715,1755812721,2170,0,0
1755792270_2..N03R,096450_2..N03R,2,0,1755792270,02 1604+ NLT/241,1755813219,1755813223,2223,0,0
1755792270_7..N,096450_7..N,7,0,1755792270,07 1604+ 34H/MST,1755809027,1755809030,1165,0,0
1755792270_GS.S04R,096450_GS.S04R,GS,1,1755792270,0S 1604+ TSS/GCS,1755806753,1755806759,521,0,0
1755792300_4..N34R,096500_4..N34R,4,0,1755792300,04 1605  UTI/WDL,1755810708,1755810714,1558,0,0
1755792300_6..N02R,096500_6..N02R,6X,0,1755792300,E6 1605  BBR/PEL,1755810399,1755810402,1045,0,0
1755792300_7..S,096500_7..S,7,1,1755792300,07 1605 MST/34H,1755808919,1755808922,1136,0,0
1755792300_GS.N01R,096500_GS.N01R,GS,0,1755792300,0S 1605  GCS/TSS,1755806798,1755806804,533,0,0
1755792330_5..N76R,096550_5..N76R,5,0,1755792330,05 1605+ FLA/238,1755811875,1755811878,1870,0,0
1755792360_5..S03R,096600_5..S03R,5,1,1755792360,05 1606  DYR/FLA,1755812460,1755812463,2024,0,0
1755792390_1..N03R,096650_1..N03R,1,0,1755792390,01 1606+ SFT/242,1755810228,1755810234,1433,0,0
1755792420_1..S11R,096700_1..S11R,1,1,1755792420,01 1607  238/SFT,1755810228,1755810234,1433,0,0
1755792420_2..N01R,096700_2..N01R,2,0,1755792420,E2 1607  FLA/241,1755812968,1755812970,1679,0,0
1755792450_4..S28R,096750_4..S28R,4,1,1755792450,04 1607+ BPK/UTI,1755810744,1755810747,1566,0,0
1755792450_6..N03R,096750_6..N03R,6,0,1755792450,06 1607+ BBR/177,1755809982,1755809985,1369,0,0
1755792450_6..S01R,096750_6..S01R,6,1,1755792450,06 1607+ PEL/BBR,1755810624,1755810627,1534,0,0
1755792480_3..S01R,096800_3..S01R,3,1,1755792480,03 1608  148/NLT,1755811029,1755811032,1642,0,0
1755792480_7..S,096800_7..S,7,1,1755792480,07 1608 MST/34H,1755809139,1755809144,1139,0,0
1755792510_6..S03R,096850_6..S03R,6,1,1755792510,06 1608+ 177/BBR,1755810018,1755810024,1376,0,0
1755792510_7X..N,096850_7X..N,7X,0,1755792510,07 1608+ 34H/MST,1755808874,1755808877,1072,0,0
1755792510_GS.S01R,096850_GS.S01R,GS,1,1755792510,0S 1608+ TSS/GCS,1755807023,1755807029,591,0,0
1755792540_3..N01R,096900_3..N01R,3,0,1755792540,03 1609  NLT/148,1755811299,1755811303,1714,0,0
1755792540_4..S06R,096900_4..S06R,4,1,1755792540,04 1609  WDL/UTI,1755811215,1755811218,1692,0,0
1755792540_5..S02R,096900_5..S02R,5,1,1755792540,05 1609  180/FLA,1755811830,1755811833,1857,0,0
1755792540_GS.N04R,096900_GS.N04R,GS,0,1755792540,0S 1609  GCS/TSS,1755807014,1755807017,588,0,0
1755792570_1..S03R,096950_1..S03R,1,1,1755792570,01 1609+ 242/SFT,1755810459,1755810462,1410,0,0
1755792570_2..S01R,096950_2..S01R,2,1,1755792570,02 1609+ 241/FLA,1755812878,1755812880,2053,0,0
1755792660_4..N34R,097100_4..N34R,4,0,1755792660,04 1611  UTI/WDL,1755811119,1755811123,1587,0,0
1755792690_1..N03R,097150_1..N03R,1,0,1755792690,01 1611+ SFT/242,1755810699,1755810702,1475,0,0
1755792690_2..N01R,097150_2..N01R,2,0,1755792690,02 1611+ FLA/241,1755813639,1755813643,2251,0,0
1755792690_6..N02R,097150_6..N02R,6X,0,1755792690,06 1611+ BBR/PEL,1755810768,1755810774,1494,0,0
1755792690_7..N,097150_7..N,7,0,1755792690,07 1611+ 34H/MST,1755809525,1755809529,1175,0,0
1755792720_5..S03R,097200_5..S03R,5,1,1755792720,05 1612  DYR/FLA,1755813138,1755813144,2122,0,0
1755792720_7..S,097200_7..S,7,1,1755792720,07 1612 MST/34H,1755809297,1755809300,1116,0,0
1755792750_GS.S04R,097250_GS.S04R,GS,1,1755792750,0S 1612+ TSS/GCS,1755807233,1755807239,568,0,0
1755792780_5..N87R,097300_5..N87R,5,0,1755792780,05 1613  UTI/DYR,1755811843,1755811845,1781,0,0
1755792780_6..S01R,097300_6..S01R,6,1,1755792780,06 1613  PEL/BBR,1755811149,1755811153,1595,0,0
1755792780_GS.N01R,097300_GS.N01R,GS,0,1755792780,0S 1613  GCS/TSS,1755807287,1755807290,581,0,0
1755792810_1..S03R,097350_1..S03R,1,1,1755792810,01 1613+ 242/SFT,1755810660,1755810663,1464,0,0
1755792810_5..N88R,097350_5..N88R,5,0,1755792810,05 1613+ FLA/DYR,1755812220,1755812223,1881,0,0
1755792870_6..S03R,097450_6..S03R,6,1,1755792870,06 1614+ 177/BBR,1755810429,1755810432,1322,0,0
1755792870_7X..N,097450_7X..N,7X,0,1755792870,07 1614+ 34H/MST,1755809405,1755809409,1105,0,0
1755792930_2..S01R,097550_2..S01R,2,1,1755792930,02 1615+ 241/FLA,1755812919,1755812923,1984,0,0
1755792930_3..S01R,097550_3..S01R,3,1,1755792930,03 1615+ 148/NLT,1755811350,1755811353,1569,0,0
1755792930_6..N,097550_6..N,6,0,1755792930,/6 1615+ BBR/177,1755810687,1755810690,414,0,0
1755792930_6..N03R,097550_6..N03R,6,0,1755792930,/6 1615+ BBR/177,1755808937,1755808940,927,0,0
1755792990_1..N03R,097650_1..N03R,1,0,1755792990,01 1616+ SFT/242,1755810969,1755810972,1467,0,0
1755792990_4..S06R,097650_4..S06R,4,1,1755792990,04 1616+ WDL/UTI,1755811803,1755811809,1691,0,0
1755792990_GS.S01R,097650_GS.S01R,GS,1,1755792990,0S 1616+ TSS/GCS,1755807479,1755807482,553,0,0
1755793020_4..N34R,097700_4..N34R,4,0,1755793020,04 1617  UTI/WDL,1755811608,1755811614,1639,0,0
1755793020_4..S28R,097700_4..S28R,4,1,1755793020,04 1617  BPK/UTI,1755811569,1755811573,1628,0,0
1755793020_6..S01R,097700_6..S01R,6,1,1755793020,06 1617  PEL/BBR,1755811365,1755811368,1572,0,0
1755793020_GS.N04R,097700_GS.N04R,GS,0,1755793020,0S 1617  GCS/TSS,1755807474,1755807479,552,0,0
1755793050_1..S03R,097750_1..S03R,1,1,1755793050,01 1617+ 242/SFT,1755810849,1755810852,1434,0,0
1755793050_5..S03R,097750_5..S03R,5,1,1755793050,05 1617+ DYR/FLA,1755813270,1755813273,2076,0,0
1755793050_7..N,097750_7..N,7,0,1755793050,07 1617+ 34H/MST,1755809733,1755809739,1122,0,0
1755793080_7..S,097800_7..S,7,1,1755793080,07 1618 MST/34H,1755809820,1755809823,1145,0,0
1755793110_3..N01R,097850_3..N01R,3,0,1755793110,03 1618+ NLT/148,1755811698,1755811704,1662,0,0
1755793110_7..S,097850_7..S,7,1,1755793110,07 1618+ 111/34H,1755809495,1755809499,1061,0,0
1755793140_2..N01R,097900_2..N01R,2,0,1755793140,02 1619  FLA/241,1755813789,1755813793,2210,0,0
1755793140_2..S01R,097900_2..S01R,2,1,1755793140,02 1619  241/FLA,1755813939,1755813943,2249,0,0
1755793140_5..S12R,097900_5..S12R,5,1,1755793140,05 1619  180/BWG,1755810894,1755810897,1446,0,0
1755793170_6..N02R,097950_6..N02R,6X,0,1755793170,06 1619+ BBR/PEL,1755811299,1755811303,1475,0,0
1755793230_6..S03R,098050_6..S03R,6,1,1755793230,06 1620+ 177/BBR,1755810984,1755810987,1391,0,0
1755793230_7..S,098050_7..S,7,1,1755793230,07 1620+ 111/34H,1755809664,1755809669,1055,0,0
1755793230_7X..N,098050_7X..N,7X,0,1755793230,07 1620+ 34H/MST,1755809790,1755809793,1089,0,0
1755793230_GS.S04R,098050_GS.S04R,GS,1,1755793230,0S 1620+ TSS/GCS,1755807722,1755807725,538,0,0
1755793260_5..N88R,098100_5..N88R,5,0,1755793260,05 1621  FLA/DYR,1755813069,1755813073,1943,0,0
1755793260_GS.N01R,098100_GS.N01R,GS,0,1755793260,0S 1621  GCS/TSS,1755807759,1755807764,548,0,0
1755793290_1..N03R,098150_1..N03R,1,0,1755793290,01 1621+ SFT/242,1755807584,1755807692,501,0,0
1755793290_4..S06R,098150_4..S06R,4,1,1755793290,04 1621+ WDL/UTI,1755812073,1755812079,1683,0,0
1755793320_4..N34R,098200_4..N34R,4,0,1755793320,04 1622  UTI/WDL,1755811908,1755811914,1639,0,0
1755793350_7..S,098250_7..S,7,1,1755793350,07 1622+ MST/34H,1755809958,1755809964,1134,0,0
1755793380_1..S11R,098300_1..S11R,1,1,1755793380,01 1623  238/SFT,1755811110,1755811113,1424,0,0
1755793380_3..N01R,098300_3..N01R,3,0,1755793380,03 1623  NLT/148,1755812010,1755812013,1665,0,0
1755793410_6..N03R,098350_6..N03R,6,0,1755793410,06 1623+ BBR/177,1755811032,1755811035,1403,0,0
1755793410_7..N,098350_7..N,7,0,1755793410,07 1623+ 34H/MST,1755810288,1755810294,1197,0,0
1755793440_1..N03R,098400_1..N03R,1,0,1755793440,01 1624  SFT/242,1755811458,1755811464,1027,0,0
1755793440_6..S01R,098400_6..S01R,6,1,1755793440,06 1624  PEL/BBR,1755811738,1755811740,1592,0,0
1755793470_GS.S01R,098450_GS.S01R,GS,1,1755793470,0S 1624+ TSS/GCS,1755807950,1755807954,519,0,0
1755793500_GS.N04R,098500_GS.N04R,GS,0,1755793500,0S 1625  GCS/TSS,1755808004,1755808007,533,0,0
1755793530_1..S03R,098550_1..S03R,1,1,1755793530,01 1625+ 242/SFT,1755811329,1755811333,1403,0,0
1755793530_2..S01R,098550_2..S01R,2,1,1755793530,02 1625+ 241/FLA,1755814728,1755814734,2286,0,0
1755793530_3..S01R,098550_3..S01R,3,1,1755793530,03 1625+ 148/NLT,1755811878,1755811884,1551,0,0
1755793590_7..S,098650_7..S,7,1,1755793590,07 1626+ MST/34H,1755810159,1755810162,1110,0,0
1755793590_7X..N,098650_7X..N,7X,0,1755793590,07 1626+ 34H/MST,1755809928,1755809934,1051,0,0
1755793620_4..N34R,098700_4..N34R,4,0,1755793620,04 1627  UTI/WDL,1755812280,1755812283,1658,0,0
1755793620_5..S03R,098700_5..S03R,5,1,1755793620,05 1627  DYR/FLA,1755813459,1755813465,1965,0,0
1755793650_6..N02R,098750_6..N02R,6X,0,1755793650,06 1627+ BBR/PEL,1755811590,1755811593,1474,0,0
1755793650_6..S01R,098750_6..S01R,6,1,1755793650,06 1627+ PEL/BBR,1755811899,1755811903,1556,0,0
1755793680_3..N01R,098800_3..N01R,3,0,1755793680,03 1628  NLT/148,1755812490,1755812493,1711,0,0
1755793680_4..S06R,098800_4..S06R,4,1,1755793680,04 1628  WDL/UTI,1755812520,1755812523,1719,0,0
1755793710_GS.S04R,098850_GS.S04R,GS,1,1755793710,0S 1628+ TSS/GCS,1755808194,1755808199,583,0,0
1755793740_GS.N01R,098900_GS.N01R,GS,0,1755793740,0S 1629  GCS/TSS,1755808244,1755808247,596,0,0
1755793770_1..S03R,098950_1..S03R,1,1,1755793770,01 1629+ 242/SFT,1755811590,1755811593,1395,0,0
1755793770_5..N86R,098950_5..N86R,5,0,1755793770,05 1629+ UTI/238,1755813189,1755813193,1816,0,0
1755793770_7..N,098950_7..N,7,0,1755793770,07 1629+ 34H/MST,1755810387,1755810390,1103,0,0
1755793800_7..S,099000_7..S,7,1,1755793800,07 1630 MST/34H,1755810483,1755810489,1128,0,0
1755793830_2..N01R,099050_2..N01R,2,0,1755793830,02 1630+ FLA/241,1755814140,1755814143,2062,0,0
1755793830_6..S03R,099050_6..S03R,6,1,1755793830,06 1630+ 177/BBR,1755811545,1755811548,1383,0,0
1755793890_1..N03R,099150_1..N03R,1,0,1755793890,01 1631+ SFT/242,1755811689,1755811693,1421,0,0
1755793890_2..N03R,099150_2..N03R,2,0,1755793890,02 1631+ NLT/241,1755815109,1755815112,2306,0,0
1755793890_2..S,099150_2..S,2,1,1755793890,=2 1631+ 241/FLA,1755813318,1755813324,109,0,0
1755793890_2..S01R,099150_2..S01R,2,1,1755793890,=2 1631+ 241/FLA,1755812904,1755812908,1741,0,0
1755793890_6..N03R,099150_6..N03R,6,0,1755793890,06 1631+ BBR/177,1755811704,1755811708,1425,0,0
1755793950_4..N34R,099250_4..N34R,4,0,1755793950,04 1632+ UTI/WDL,1755812829,1755812833,1721,0,0
1755793950_7X..N,099250_7X..N,7X,0,1755793950,07 1632+ 34H/MST,1755810477,1755810480,1081,0,0
1755793950_GS.S01R,099250_GS.S01R,GS,1,1755793950,0S 1632+ TSS/GCS,1755808424,1755808427,565,0,0
1755793980_5..S07R,099300_5..S07R,5,1,1755793980,05 1633  DYR/UTI,1755813399,1755813403,1870,0,0
1755793980_GS.N04R,099300_GS.N04R,GS,0,1755793980,0S 1633  GCS/TSS,1755808464,1755808469,574,0,0
1755794040_3..N01R,099400_3..N01R,3,0,1755794040,03 1634  NLT/148,1755812970,1755812973,1758,0,0
1755794040_3..S01R,099400_3..S01R,3,1,1755794040,03 1634  148/NLT,1755812379,1755812383,1604,0,0
1755794040_6..S,099400_6..S,6,1,1755794040,/6 1634  PEL/BBR,1755812298,1755812304,170,1,0
1755794040_6..S01R,099400_6..S01R,6,1,1755794040,/6 1634  PEL/BBR,1755811548,1755811554,1383,0,0
1755794100_1..S11R,099500_1..S11R,1,1,1755794100,01 1635  238/SFT,1755811848,1755811854,1384,0,0
1755794100_4..S06R,099500_4..S06R,4,1,1755794100,04 1635  WDL/UTI,1755812848,1755812850,1646,0,0
1755794100_5..N76R,099500_5..N76R,5,0,1755794100,05 1635  FLA/238,1755814089,1755814093,1968,0,0
1755794130_6..N02R,099550_6..N02R,6X,0,1755794130,06 1635+ BBR/PEL,1755812169,1755812173,1469,0,0
1755794130_7..N,099550_7..N,7,0,1755794130,07 1635+ 34H/MST,1755810672,1755810675,1082,0,0
1755794190_1..N03R,099650_1..N03R,1,0,1755794190,01 1636+ SFT/242,1755811950,1755811953,1411,0,0
1755794190_4..N34R,099650_4..N34R,4,0,1755794190,04 1636+ UTI/WDL,1755812949,1755812953,1673,0,0
1755794190_7..S,099650_7..S,7,1,1755794190,07 1636+ MST/34H,1755810903,1755810909,1144,0,0
1755794190_GS.S04R,099650_GS.S04R,GS,1,1755794190,0S 1636+ TSS/GCS,1755808674,1755808682,551,0,0
1755794220_GS.N01R,099700_GS.N01R,GS,0,1755794220,0S 1637  GCS/TSS,1755808712,1755808715,560,0,0
1755794250_1..S03R,099750_1..S03R,1,1,1755794250,01 1637+ 242/SFT,1755812058,1755812064,1440,0,0
1755794280_2..N01R,099800_2..N01R,2,0,1755794280,02 1638  FLA/241,1755815589,1755815595,2337,0,0
1755794310_7..S,099850_7..S,7,1,1755794310,07 1638+ 111/34H,1755810723,1755810729,1019,0,0
1755794310_7X..N,099850_7X..N,7X,0,1755794310,07 1638+ 34H/MST,1755810969,1755810972,1116,0,0
1755794340_5..S03R,099900_5..S03R,5,1,1755794340,05 1639  DYR/FLA,1755814860,1755814863,2161,0,0
1755794340_6..N03R,099900_6..N03R,6,0,1755794340,06 1639  BBR/177,1755812079,1755812083,1444,0,0
1755794370_3..N01R,099950_3..N01R,3,0,1755794370,03 1639+ NLT/148,1755813318,1755813324,1691,0,0
1755794400_2..S,100000_2..S,2,1,1755794400,=2 1640  241/FLA,1755813468,1755813474,117,0,0
1755794400_2..S01R,100000_2..S01R,2,1,1755794400,02 1640  241/FLA,1755813015,1755813018,1497,0,0
1755794400_5..N88R,100000_5..N88R,5,0,1755794400,05 1640  FLA/DYR,1755813819,1755813823,1821,0,0
1755794400_7..S,100000_7..S,7,1,1755794400,07 1640 MST/34H,1755810990,1755810993,1122,0,0
1755794430_GS.N04R,100050_GS.N04R,GS,0,1755794430,0S 1640+ GCS/TSS,1755808910,1755808914,532,0,0
1755794430_GS.S01R,100050_GS.S01R,GS,1,1755794430,0S 1640+ TSS/GCS,1755808895,1755808899,530,0,0
1755794460_3..S01R,100100_3..S01R,3,1,1755794460,03 1641  148/NLT,1755812859,1755812863,1570,0,0
1755794460_4..N34R,100100_4..N34R,4,0,1755794460,04 1641  UTI/WDL,1755813300,1755813303,1686,0,0
1755794460_6..S03R,100100_6..S03R,6,1,1755794460,06 1641  177/BBR,1755812055,1755812058,1360,0,0
1755794490_1..N03R,100150_1..N03R,1,0,1755794490,01 1641+ SFT/242,1755812418,1755812424,1456,0,0
1755794490_1..S03R,100150_1..S03R,1,1,1755794490,01 1641+ 242/SFT,1755812289,1755812293,1422,0,0
1755794490_6..S01R,100150_6..S01R,6,1,1755794490,06 1641+ PEL/BBR,1755812748,1755812754,1541,0,0
1755794490_7..N,100150_7..N,7,0,1755794490,07 1641+ 34H/MST,1755811348,1755811350,1164,0,0
1755794520_4..S03R,100200_4..S03R,4,1,1755794520,04 1642  WDL/NLT,1755814038,1755814044,1877,0,0
1755794550_6..N02R,100250_6..N02R,6X,0,1755794550,06 1642+ BBR/PEL,1755812349,1755812353,1437,0,0
1755794550_7..S,100250_7..S,7,1,1755794550,07 1642+ MST/34H,1755811158,1755811164,1114,0,0
1755794610_5..N87R,100350_5..N87R,5,0,1755794610,05 1643+ UTI/DYR,1755813540,1755813543,1746,0,0
1755794640_GS.S04R,100400_GS.S04R,GS,1,1755794640,0S 1644  TSS/GCS,1755809124,1755809132,587,0,0
1755794670_7X..N,100450_7X..N,7X,0,1755794670,07 1644+ 34H/MST,1755811104,1755811108,1074,0,0
1755794670_GS.N01R,100450_GS.N01R,GS,0,1755794670,0S 1644+ GCS/TSS,1755809210,1755809214,530,0,0
1755794730_1..S03R,100550_1..S03R,1,1,1755794730,01 1645+ 242/SFT,1755812550,1755812553,1410,0,0
1755794730_2..N01R,100550_2..N01R,2,0,1755794730,02 1645+ FLA/241,1755815739,1755815745,2216,0,0
1755794760_2..S01R,100600_2..S01R,2,1,1755794760,02 1646  241/FLA,1755815520,1755815523,2109,0,0
1755794760_3..N01R,100600_3..N01R,3,0,1755794760,03 1646  NLT/148,1755813609,1755813613,1685,0,0
1755794760_6..N03R,100600_6..N03R,6,0,1755794760,06 1646  BBR/177,1755812475,1755812481,1390,0,0
1755794760_6..S01R,100600_6..S01R,6,1,1755794760,06 1646  PEL/BBR,1755813148,1755813150,1566,0,0
1755794790_1..N03R,100650_1..N03R,1,0,1755794790,01 1646+ SFT/242,1755812698,1755812700,1449,0,0
1755794820_4..S06R,100700_4..S06R,4,1,1755794820,04 1647  WDL/UTI,1755814104,1755814108,1813,0,0
1755794850_3..S01R,100750_3..S01R,3,1,1755794850,03 1647+ 148/NLT,1755813198,1755813204,1579,0,0
1755794850_4..N34R,100750_4..N34R,4,0,1755794850,04 1647+ UTI/WDL,1755813690,1755813693,1706,0,0
1755794850_6..S,100750_6..S,6,1,1755794850,/6 1647+ 177/BBR,1755812499,1755812503,440,0,0
1755794850_6..S03R,100750_6..S03R,6,1,1755794850,06 1647+ 177/BBR,1755810729,1755810732,924,0,0
1755794850_7..N,100750_7..N,7,0,1755794850,07 1647+ 34H/MST,1755811738,1755811740,1201,0,0
1755794880_2..N03R,100800_2..N03R,2,0,1755794880,02 1648  NLT/241,1755815949,1755815952,2264,0,0
1755794880_GS.S01R,100800_GS.S01R,GS,1,1755794880,0S 1648  TSS/GCS,1755809349,1755809354,565,0,0
1755794910_7..S,100850_7..S,7,1,1755794910,07 1648+ MST/34H,1755811563,1755811569,1129,0,0
1755794910_GS.N04R,100850_GS.N04R,GS,0,1755794910,0S 1648+ GCS/TSS,1755809405,1755809409,579,0,0
1755794970_1..S03R,100950_1..S03R,1,1,1755794970,01 1649+ 242/SFT,1755813009,1755813013,1450,0,0
1755794970_6..N02R,100950_6..N02R,6X,0,1755794970,06 1649+ BBR/PEL,1755812868,1755812874,1413,0,0
1755795030_2..S01R,101050_2..S01R,2,1,1755795030,02 1650+ 241/FLA,1755815880,1755815883,2146,0,0
1755795030_5..S,101050_5..S,5,1,1755795030,05 1650+ DYR/UTI,1755814650,1755814653,10,0,0
1755795030_5..S07R,101050_5..S07R,5,1,1755795030,05 1650+ DYR/UTI,1755814443,1755814449,1804,0,0
1755795030_7..S,101050_7..S,7,1,1755795030,07 1650+ MST/34H,1755811719,1755811723,1154,0,0
1755795030_7X..N,101050_7X..N,7X,0,1755795030,07 1650+ 34H/MST,1755811588,1755811590,1119,0,0
1755795090_1..N03R,101150_1..N03R,1,0,1755795090,01 1651+ SFT/242,1755812808,1755812814,1397,0,0
1755795120_5..N76R,101200_5..N76R,5,0,1755795120,05 1652  FLA/238,1755815028,1755815034,1967,0,0
1755795120_GS.S04R,101200_GS.S04R,GS,1,1755795120,0S 1652  TSS/GCS,1755809604,1755809609,553,0,0
1755795150_6..N03R,101250_6..N03R,6,0,1755795150,06 1652+ BBR/177,1755813030,1755813033,1455,0,0
1755795150_7..S,101250_7..S,7,1,1755795150,07 1652+ MST/34H,1755811815,1755811818,1129,0,0
1755795150_GS.N01R,101250_GS.N01R,GS,0,1755795150,0S 1652+ GCS/TSS,1755809619,1755809627,557,0,0
1755795210_3..N01R,101350_3..N01R,3,0,1755795210,03 1653+ NLT/148,1755813990,1755813993,1704,0,0
1755795210_6..S01R,101350_6..S01R,6,1,1755795210,06 1653+ PEL/BBR,1755813459,1755813465,1566,0,0
1755795210_6..S03R,101350_6..S03R,6,1,1755795210,06 1653+ 177/BBR,1755812928,1755812934,1428,0,0
1755795210_7..N,101350_7..N,7,0,1755795210,07 1653+ 34H/MST,1755812173,1755812175,1224,0,0
1755795300_1..S11R,101500_1..S11R,1,1,1755795300,01 1655  238/SFT,1755813120,1755813123,1399,0,0
1755795300_2..N01R,101500_2..N01R,2,0,1755795300,02 1655  FLA/241,1755816510,1755816513,2234,0,0
1755795330_1..N03R,101550_1..N03R,1,0,1755795330,01 1655+ SFT/242,1755813150,1755813153,1407,0,0
1755795330_3..S01R,101550_3..S01R,3,1,1755795330,03 1655+ 148/NLT,1755814518,1755814524,1757,0,0
1755795330_4..N34R,101550_4..N34R,4,0,1755795330,04 1655+ UTI/WDL,1755813948,1755813954,1615,0,0
1755795330_6..N02R,101550_6..N02R,6X,0,1755795330,06 1655+ BBR/PEL,1755813249,1755813253,1433,0,0
1755795330_7..S,101550_7..S,7,1,1755795330,07 1655+ MST/34H,1755811968,1755811974,1106,0,0
1755795330_GS.N04R,101550_GS.N04R,GS,0,1755795330,0S 1655+ GCS/TSS,1755809820,1755809823,528,0,0
1755795360_4..S,101600_4..S,4,1,1755795360,04 1656  WDL/NLT,1755815199,1755815205,208,0,0
1755795360_4..S03R,101600_4..S03R,4,1,1755795360,04 1656  WDL/NLT,1755814218,1755814224,1684,0,0
1755795360_GS.S01R,101600_GS.S01R,GS,1,1755795360,0S 1656  TSS/GCS,1755809820,1755809823,528,0,0
1755795390_7X..N,101650_7X..N,7X,0,1755795390,07 1656+ 34H/MST,1755811923,1755811929,1094,0,0
1755795450_1..S03R,101750_1..S03R,1,1,1755795450,01 1657+ 242/SFT,1755813399,1755813403,1471,0,0
1755795450_2..S01R,101750_2..S01R,2,1,1755795450,02 1657+ 241/FLA,1755816030,1755816033,2124,0,0
1755795450_6..S01R,101750_6..S01R,6,1,1755795450,06 1657+ PEL/BBR,1755813630,1755813633,1531,0,0
1755795450_7..S,101750_7..S,7,1,1755795450,07 1657+ MST/34H,1755812073,1755812079,1134,0,0
1755795480_5..S03R,101800_5..S03R,5,1,1755795480,05 1658  DYR/FLA,1755815349,1755815352,1900,0,0
1755795540_4..N34R,101900_4..N34R,4,0,1755795540,04 1659  UTI/WDL,1755814320,1755814323,1707,0,0
1755795540_7..N,101900_7..N,7,0,1755795540,07 1659 34H/MST,1755812458,1755812460,1206,0,0
1755795540_GS.N01R,101900_GS.N01R,GS,0,1755795540,0S 1659  GCS/TSS,1755810009,1755810015,576,0,0
1755795540_GS.S04R,101900_GS.S04R,GS,1,1755795540,0S 1659  TSS/GCS,1755810009,1755810015,576,0,0
1755795570_1..N03R,101950_1..N03R,1,0,1755795570,01 1659+ SFT/242,1755813540,1755813543,1427,0,0
1755795570_2..N01R,101950_2..N01R,2,0,1755795570,02 1659+ FLA/241,1755816849,1755816855,2239,0,0
1755795570_3..N01R,101950_3..N01R,3,0,1755795570,03 1659+ NLT/148,1755814338,1755814344,1633,0,0
1755795600_6..S03R,102000_6..S03R,6,1,1755795600,06 1700  177/BBR,1755813303,1755813309,1367,0,0
1755795660_6..N01R,102100_6..N01R,6,0,1755795660,06 1701  BBR/PEL,1755813789,1755813793,1299,0,0
1755795690_1..S03R,102150_1..S03R,1,1,1755795690,01 1701+ 242/SFT,1755813558,1755813564,1432,0,0
1755795690_5..S03R,102150_5..S03R,5,1,1755795690,05 1701+ DYR/FLA,1755815679,1755815682,1961,0,0
1755795690_7..S,102150_7..S,7,1,1755795690,07 1701+ MST/34H,1755812475,1755812481,1165,0,0
1755795690_7X..N,102150_7X..N,7X,0,1755795690,07 1701+ 34H/MST,1755812313,1755812319,1124,0,0
1755795720_GS.N04R,102200_GS.N04R,GS,0,1755795720,0S 1702  GCS/TSS,1755810213,1755810219,551,0,0
1755795720_GS.S01R,102200_GS.S01R,GS,1,1755795720,0S 1702  TSS/GCS,1755810183,1755810189,543,0,0
1755795750_5..N76R,102250_5..N76R,5,0,1755795750,05 1702+ FLA/238,1755815958,1755815964,2028,0,0
1755795780_4..S06R,102300_4..S06R,4,1,1755795780,04 1703  WDL/UTI,1755814683,1755814689,1716,0,0
1755795810_1..N03R,102350_1..N03R,1,0,1755795810,01 1703+ SFT/242,1755813858,1755813864,1511,0,0
1755795810_7..S,102350_7..S,7,1,1755795810,07 1703+ 111/34H,1755812229,1755812233,1082,0,0
1755795840_3..S01R,102400_3..S01R,3,1,1755795840,03 1704  148/NLT,1755814818,1755814824,1751,0,0
1755795840_7..N,102400_7..N,7,0,1755795840,07 1704 34H/MST,1755812844,1755812848,1226,0,0
1755795870_6..N02R,102450_6..N02R,6X,0,1755795870,06 1704+ BBR/PEL,1755813918,1755813924,1447,0,0
1755795900_2..S01R,102500_2..S01R,2,1,1755795900,02 1705  241/FLA,1755816699,1755816702,2119,0,0
1755795900_6..S01R,102500_6..S01R,6,1,1755795900,/6 1705  PEL/BBR,1755814503,1755814509,1569,0,0
1755795900_GS.S04R,102500_GS.S04R,GS,1,1755795900,0S 1705  TSS/GCS,1755810387,1755810390,514,0,0
1755795930_1..S03R,102550_1..S03R,1,1,1755795930,01 1705+ 242/SFT,1755813750,1755813753,1403,0,0
1755795930_7..S,102550_7..S,7,1,1755795930,07 1705+ MST/34H,1755812568,1755812574,1140,0,0
1755795930_GS.N01R,102550_GS.N01R,GS,0,1755795930,0S 1705+ GCS/TSS,1755810399,1755810402,517,0,0
1755795960_4..N64R,102600_4..N64R,4,0,1755795960,04 1706  UTI/BPK,1755814020,1755814023,1473,0,0
1755795990_7X..N,102650_7X..N,7X,0,1755795990,07 1706+ 34H/MST,1755812653,1755812655,1123,0,0
1755796020_3..N01R,102700_3..N01R,3,0,1755796020,03 1707  NLT/148,1755814860,1755814863,1683,0,0
1755796050_1..N03R,102750_1..N03R,1,0,1755796050,01 1707+ SFT/242,1755814029,1755814033,1475,0,0
1755796050_2..N01R,102750_2..N01R,2,0,1755796050,02 1707+ FLA/241,1755817119,1755817122,2222,0,0
1755796050_6..N03R,102750_6..N03R,6,0,1755796050,06 1707+ BBR/177,1755813594,1755813598,1360,0,0
1755796050_7..S,102750_7..S,7,1,1755796050,07 1707+ MST/34H,1755812709,1755812715,1138,0,0
1755796080_4..S06R,102800_4..S06R,4,1,1755796080,04 1708  WDL/UTI,1755814932,1755814935,1700,0,0
1755796110_GS.S01R,102850_GS.S01R,GS,1,1755796110,0S 1708+ TSS/GCS,1755810600,1755810603,570,0,0
1755796140_4..N34R,102900_4..N34R,4,0,1755796140,04 1709  UTI/WDL,1755814818,1755814824,1671,0,0
1755796140_GS.N04R,102900_GS.N04R,GS,0,1755796140,0S 1709  GCS/TSS,1755810624,1755810627,576,0,0
1755796170_2..N03R,102950_2..N03R,2,0,1755796170,02 1709+ NLT/241,1755817539,1755817545,2245,0,0
1755796170_7..N,102950_7..N,7,0,1755796170,07 1709+ 34H/MST,1755813060,1755813063,1176,0,0
1755796170_7..S,102950_7..S,7,1,1755796170,07 1709+ MST/34H,1755812808,1755812814,1110,0,0
1755796230_6..N02R,103050_6..N02R,6X,0,1755796230,06 1710+ BBR/PEL,1755814140,1755814143,1426,0,0
1755796230_6..S03R,103050_6..S03R,6,1,1755796230,06 1710+ 177/BBR,1755813780,1755813783,1334,0,0
1755796260_2..S01R,103100_2..S01R,2,1,1755796260,02 1711  241/FLA,1755817029,1755817035,2125,0,0
1755796260_5..N70R,103100_5..N70R,5,0,1755796260,05 1711  BWG/238,1755814449,1755814453,1501,0,0
1755796260_5..N88R,103100_5..N88R,5,0,1755796260,05 1711  FLA/DYR,1755815889,1755815895,1855,0,0
1755796290_1..N03R,103150_1..N03R,1,0,1755796290,01 1711+ SFT/242,1755814158,1755814164,1431,0,0
1755796320_3..S01R,103200_3..S01R,3,1,1755796320,03 1712  148/NLT,1755815079,1755815085,1663,0,0
1755796320_5..S03R,103200_5..S03R,5,1,1755796320,05 1712  DYR/FLA,1755816438,1755816444,1972,0,0
1755796320_7X..N,103200_7X..N,7X,0,1755796320,07 1712 34H/MST,1755812874,1755812878,1109,0,0
1755796320_GS.N01R,103200_GS.N01R,GS,0,1755796320,0S 1712  GCS/TSS,1755810783,1755810789,542,0,0
1755796320_GS.S04R,103200_GS.S04R,GS,1,1755796320,0S 1712  TSS/GCS,1755810825,1755810828,553,0,0
1755796350_3..N01R,103250_3..N01R,3,0,1755796350,03 1712+ NLT/148,1755815259,1755815262,1702,0,0
1755796350_5..N87R,103250_5..N87R,5,0,1755796350,05 1712+ UTI/DYR,1755815259,1755815262,1702,0,0
1755796380_6..S01R,103300_6..S01R,6,1,1755796380,06 1713  PEL/BBR,1755814749,1755814752,1575,0,0
1755796410_1..S03R,103350_1..S03R,1,1,1755796410,01 1713+ 242/SFT,1755814308,1755814314,1468,0,0
1755796410_6..N02R,103350_6..N02R,6X,0,1755796410,06 1713+ BBR/PEL,1755814560,1755814563,1529,0,0
1755796470_7..N,103450_7..N,7,0,1755796470,07 1714+ 34H/WPT,1755812940,1755812943,1093,0,0
1755796500_4..S06R,103500_4..S06R,4,1,1755796500,04 1715  WDL/UTI,1755815244,1755815247,1621,0,0
1755796500_GS.N04R,103500_GS.N04R,GS,0,1755796500,0S 1715  GCS/TSS,1755810993,1755810999,521,0,0
1755796500_GS.S01R,103500_GS.S01R,GS,1,1755796500,0S 1715  TSS/GCS,1755810954,1755810957,510,0,0
1755796530_1..N03R,103550_1..N03R,1,0,1755796530,01 1715+ SFT/242,1755814470,1755814473,1429,0,0
1755796530_7..S,103550_7..S,7,1,1755796530,07 1715+ MST/34H,1755813238,1755813240,1146,0,0
1755796590_2..N01R,103650_2..N01R,2,0,1755796590,02 1716+ FLA/241,1755817800,1755817803,2225,0,0
1755796590_6..N03R,103650_6..N03R,6,0,1755796590,06 1716+ BBR/177,1755814044,1755814048,1324,0,0
1755796620_7X..N,103700_7X..N,7X,0,1755796620,07 1717 34H/MST,1755813324,1755813328,1129,0,0
1755796650_1..S03R,103750_1..S03R,1,1,1755796650,01 1717+ 242/SFT,1755814608,1755814614,1462,0,0
1755796650_7..S,103750_7..S,7,1,1755796650,07 1717+ 111/34H,1755813093,1755813099,1069,0,0
1755796680_3..S01R,103800_3..S01R,3,1,1755796680,03 1718  148/NLT,1755815580,1755815583,1701,0,0
1755796680_4..N34R,103800_4..N34R,4,0,1755796680,04 1718  UTI/WDL,1755815379,1755815382,1655,0,0
1755796680_6..S03R,103800_6..S03R,6,1,1755796680,06 1718  177/BBR,1755814333,1755814335,1396,0,0
1755796680_GS.S04R,103800_GS.S04R,GS,1,1755796680,0S 1718  TSS/GCS,1755811218,1755811224,580,0,0
1755796710_5..N88R,103850_5..N88R,5,0,1755796710,05 1718+ FLA/DYR,1755816279,1755816282,1862,0,0
1755796710_7..S,103850_7..S,7,1,1755796710,07 1718+ MST/34H,1755813318,1755813324,1128,0,0
1755796710_GS.N01R,103850_GS.N01R,GS,0,1755796710,0S 1718+ GCS/TSS,1755811179,1755811183,569,0,0
1755796740_2..S,103900_2..S,2,1,1755796740,/2 1719  241/FLA,1755817509,1755817515,311,0,0
1755796740_2..S01R,103900_2..S01R,2,1,1755796740,02 1719  241/FLA,1755816069,1755816075,1817,0,0
1755796770_1..N03R,103950_1..N03R,1,0,1755796770,01 1719+ SFT/242,1755814698,1755814704,1407,0,0
1755796770_5..S03R,103950_5..S03R,5,1,1755796770,05 1719+ DYR/FLA,1755816549,1755816552,1745,0,0
1755796770_6..N02R,103950_6..N02R,6X,0,1755796770,06 1719+ BBR/PEL,1755814998,1755815004,1486,0,0
1755796770_7..N,103950_7..N,7,0,1755796770,07 1719+ 34H/MST,1755813678,1755813684,1193,0,0
1755796830_2..N01R,104050_2..N01R,2,0,1755796830,02 1720+ FLA/241,1755818329,1755818334,2269,0,0
1755796860_4..S06R,104100_4..S06R,4,1,1755796860,04 1721  WDL/UTI,1755815550,1755815553,1618,0,0
1755796860_6..S01R,104100_6..S01R,6,1,1755796860,06 1721  PEL/BBR,1755815028,1755815034,1484,0,0
1755796890_1..S03R,104150_1..S03R,1,1,1755796890,01 1721+ 242/SFT,1755814770,1755814773,1426,0,0
1755796890_GS.N04R,104150_GS.N04R,GS,0,1755796890,0S 1721+ GCS/TSS,1755811368,1755811374,543,0,0
1755796890_GS.S01R,104150_GS.S01R,GS,1,1755796890,0S 1721+ TSS/GCS,1755811359,1755811363,540,0,0
1755796920_7X..N,104200_7X..N,7X,0,1755796920,07 1722 34H/MST,1755813528,1755813534,1118,0,0
1755796950_6..N03R,104250_6..N03R,6,0,1755796950,06 1722+ BBR/177,1755814620,1755814623,1387,0,0
1755796950_7..S,104250_7..S,7,1,1755796950,07 1722+ MST/34H,1755813474,1755813480,1104,0,0
1755796980_3..N01R,104300_3..N01R,3,0,1755796980,03 1723  NLT/148,1755815658,1755815664,1643,0,0
1755797010_1..N03R,104350_1..N03R,1,0,1755797010,01 1723+ SFT/242,1755815049,1755815052,1497,0,0
1755797010_5..N76R,104350_5..N76R,5,0,1755797010,05 1723+ FLA/238,1755817770,1755817773,2140,0,0
1755797010_5..N89R,104350_5..N89R,5,0,1755797010,05 1723+ BWG/DYR,1755814818,1755814824,1438,0,0
1755797070_GS.S04R,104450_GS.S04R,GS,1,1755797070,0S 1724+ TSS/GCS,1755811569,1755811573,519,0,0
1755797100_3..S01R,104500_3..S01R,3,1,1755797100,03 1725  148/NLT,1755815880,1755815883,1619,0,0
1755797100_4..N34R,104500_4..N34R,4,0,1755797100,04 1725  UTI/WDL,1755815898,1755815904,1623,0,0
1755797100_4..S06R,104500_4..S06R,4,1,1755797100,04 1725  WDL/UTI,1755815709,1755815712,1577,0,0
1755797100_6..S03R,104500_6..S03R,6,1,1755797100,06 1725  177/BBR,1755814899,1755814902,1381,0,0
1755797100_GS.N01R,104500_GS.N01R,GS,0,1755797100,0S 1725  GCS/TSS,1755811563,1755811569,518,0,0
1755797130_1..S03R,104550_1..S03R,1,1,1755797130,01 1725+ 242/SFT,1755814938,1755814944,1392,0,0
1755797130_6..N02R,104550_6..N02R,6X,0,1755797130,06 1725+ BBR/PEL,1755815124,1755815130,1440,0,0
1755797130_7..N,104550_7..N,7,0,1755797130,07 1725+ 34H/WPT,1755813555,1755813558,1067,0,0
1755797130_7..S,104550_7..S,7,1,1755797130,07 1725+ MST/34H,1755813618,1755813624,1084,0,0
1755797160_2..S01R,104600_2..S01R,2,1,1755797160,02 1726  241/FLA,1755817629,1755817632,2030,0,0
1755797250_1..N03R,104750_1..N03R,1,0,1755797250,01 1727+ SFT/242,1755815169,1755815175,1450,0,0
1755797250_5..N88R,104750_5..N88R,5,0,1755797250,05 1727+ FLA/DYR,1755816849,1755816855,1847,0,0
1755797250_5..S03R,104750_5..S03R,5,1,1755797250,05 1727+ DYR/FLA,1755817218,1755817224,1756,0,0
1755797250_7X..N,104750_7X..N,7X,0,1755797250,07 1727+ 34H/MST,1755813825,1755813828,1116,0,0
1755797280_GS.N04R,104800_GS.N04R,GS,0,1755797280,0S 1728  GCS/TSS,1755811764,1755811768,570,0,0
1755797280_GS.S01R,104800_GS.S01R,GS,1,1755797280,0S 1728  TSS/GCS,1755811788,1755811794,577,0,0
1755797310_7..S,104850_7..S,7,1,1755797310,07 1728+ MST/34H,1755813804,1755813808,1091,0,0
1755797340_6..N03R,104900_6..N03R,6,0,1755797340,06 1729  BBR/177,1755814878,1755814884,1375,0,0
1755797340_6..S01R,104900_6..S01R,6,1,1755797340,06 1729  PEL/BBR,1755815448,1755815454,1518,0,0
1755797370_1..S03R,104950_1..S03R,1,1,1755797370,01 1729+ 242/SFT,1755815229,1755815235,1384,0,0
1755797370_2..N01R,104950_2..N01R,2,0,1755797370,02 1729+ FLA/241,1755818979,1755818985,2266,0,0
1755797370_3..N01R,104950_3..N01R,3,0,1755797370,03 1729+ NLT/148,1755816060,1755816063,1582,0,0
1755797370_7..N,104950_7..N,7,0,1755797370,07 1729+ 34H/MST,1755814188,1755814194,1171,0,0
1755797460_4..N34R,105100_4..N34R,4,0,1755797460,04 1731  UTI/WDL,1755816288,1755816294,1632,0,0
1755797460_GS.S04R,105100_GS.S04R,GS,1,1755797460,0S 1731  TSS/GCS,1755811963,1755811965,546,0,0
1755797490_1..N03R,105150_1..N03R,1,0,1755797490,01 1731+ SFT/242,1755815379,1755815382,1422,0,0
1755797490_7..S,105150_7..S,7,1,1755797490,07 1731+ MST/34H,1755813999,1755814003,1107,0,0
1755797490_7X..N,105150_7X..N,7X,0,1755797490,07 1731+ 34H/MST,1755814089,1755814093,1129,0,0
1755797490_GS.N01R,105150_GS.N01R,GS,0,1755797490,0S 1731+ GCS/TSS,1755811983,1755811989,552,0,0
1755797550_6..N02R,105250_6..N02R,6X,0,1755797550,06 1732+ BBR/PEL,1755815919,1755815922,1549,0,0
1755797580_2..S01R,105300_2..S01R,2,1,1755797580,02 1733  241/FLA,1755817959,1755817962,2029,0,0
1755797580_4..S06R,105300_4..S06R,4,1,1755797580,04 1733  WDL/UTI,1755816084,1755816087,1587,0,0
1755797580_6..S03R,105300_6..S03R,6,1,1755797580,06 1733  177/BBR,1755815163,1755815169,1371,0,0
1755797610_1..S03R,105350_1..S03R,1,1,1755797610,01 1733+ 242/SFT,1755815400,1755815403,1428,0,0
1755797610_7..N,105350_7..N,7,0,1755797610,07 1733+ 34H/WPT,1755814050,1755814053,1084,0,0
1755797670_7..S,105450_7..S,7,1,1755797670,07 1734+ MST/34H,1755814158,1755814164,1060,0,0
1755797670_GS.S01R,105450_GS.S01R,GS,1,1755797670,0S 1734+ TSS/GCS,1755812154,1755812158,519,0,0
1755797700_GS.N04R,105500_GS.N04R,GS,0,1755797700,0S 1735  GCS/TSS,1755812199,1755812203,531,0,0
1755797730_1..N03R,105550_1..N03R,1,0,1755797730,01 1735+ SFT/242,1755815520,1755815523,1378,0,0
1755797730_7X..N,105550_7X..N,7X,0,1755797730,07 1735+ 34H/MST,1755814368,1755814374,1112,0,0
1755797760_3..N01R,105600_3..N01R,3,0,1755797760,03 1736  NLT/148,1755816378,1755816384,1577,0,0
1755797760_6..N,105600_6..N,6X,0,1755797760,/6 1736  BBR/PEL,1755815739,1755815745,863,0,0
1755797760_6..N02R,105600_6..N02R,6X,0,1755797760,/6 1736  BBR/PEL,1755812328,1755812334,566,0,0
1755797790_2..N01R,105650_2..N01R,2,0,1755797790,02 1736+ FLA/241,1755819129,1755819135,2210,0,0
1755797790_4..N06R,105650_4..N06R,4,0,1755797790,04 1736+ UTI/WDL,1755816498,1755816504,1604,0,0
1755797820_3..S01R,105700_3..S01R,3,1,1755797820,03 1737  148/NLT,1755816390,1755816393,1580,0,0
1755797820_6..S,105700_6..S,6,1,1755797820,/6 1737  PEL/BBR,1755816168,1755816174,116,0,0
1755797820_6..S01R,105700_6..S01R,6,1,1755797820,/6 1737  PEL/BBR,1755815628,1755815634,1402,0,0
1755797850_1..S03R,105750_1..S03R,1,1,1755797850,01 1737+ 242/SFT,1755815820,1755815823,1450,0,0
1755797850_7..N,105750_7..N,7,0,1755797850,07 1737+ 34H/MST,1755814398,1755814404,1110,0,0
1755797850_7..S,105750_7..S,7,1,1755797850,07 1737+ MST/34H,1755814338,1755814344,1097,0,0
1755797880_GS.N01R,105800_GS.N01R,GS,0,1755797880,0S 1738  GCS/TSS,1755812379,1755812383,579,0,0
1755797880_GS.S04R,105800_GS.S04R,GS,1,1755797880,0S 1738  TSS/GCS,1755812373,1755812379,578,0,0
1755797940_5..N88R,105900_5..N88R,5,0,1755797940,05 1739  FLA/DYR,1755817419,1755817425,1829,0,0
1755797970_1..N03R,105950_1..N03R,1,0,1755797970,01 1739+ SFT/242,1755815778,1755815784,1363,0,0
1755797970_4..S06R,105950_4..S06R,4,1,1755797970,04 1739+ WDL/UTI,1755816339,1755816342,1491,0,0
1755797970_6..N03R,105950_6..N03R,6,0,1755797970,06 1739+ BBR/177,1755815379,1755815382,1268,0,0
1755797970_7X..N,105950_7X..N,7X,0,1755797970,07 1739+ 34H/MST,1755814623,1755814629,1131,0,0
1755798000_2..S01R,106000_2..S01R,2,1,1755798000,02 1740  241/FLA,1755818400,1755818404,1975,0,0
1755798000_5..S03R,106000_5..S03R,5,1,1755798000,05 1740  DYR/FLA,1755817758,1755817764,1829,0,0
1755798030_4..N06R,106050_4..N06R,4,0,1755798030,04 1740+ UTI/WDL,1755816690,1755816693,1576,0,0
1755798030_7..S,106050_7..S,7,1,1755798030,07 1740+ MST/34H,1755814498,1755814500,1077,0,0
1755798060_GS.N04R,106100_GS.N04R,GS,0,1755798060,0S 1741  GCS/TSS,1755812559,1755812563,549,0,0
1755798060_GS.S01R,106100_GS.S01R,GS,1,1755798060,0S 1741  TSS/GCS,1755812553,1755812559,548,0,0
1755798090_1..S03R,106150_1..S03R,1,1,1755798090,01 1741+ 242/SFT,1755815940,1755815943,1400,0,0
1755798090_7..N,106150_7..N,7,0,1755798090,07 1741+ 34H/WPT,1755814599,1755814605,1078,0,0
1755798120_3..N01R,106200_3..N01R,3,0,1755798120,03 1742  NLT/148,1755816789,1755816795,1601,0,0
1755798150_2..N01R,106250_2..N01R,2,0,1755798150,02 1742+ FLA/241,1755819399,1755819405,2208,0,0
1755798150_6..S03R,106250_6..S03R,6,1,1755798150,06 1742+ 177/BBR,1755815802,1755815805,1369,0,0
1755798150_7..S,106250_7..S,7,1,1755798150,07 1742+ MST/34H,1755814704,1755814707,1104,0,0
1755798180_3..S01R,106300_3..S01R,3,1,1755798180,03 1743  148/NLT,1755816828,1755816834,1611,0,0
1755798180_4..S06R,106300_4..S06R,4,1,1755798180,04 1743  WDL/UTI,1755816534,1755816537,1537,0,0
1755798180_6..N02R,106300_6..N02R,6X,0,1755798180,06 1743  BBR/PEL,1755816240,1755816243,1466,0,0
1755798210_1..N03R,106350_1..N03R,1,0,1755798210,01 1743+ SFT/242,1755816090,1755816093,1435,0,0
1755798210_7X..N,106350_7X..N,7X,0,1755798210,07 1743+ 34H/MST,1755814887,1755814890,1112,0,0
1755798240_6..S01R,106400_6..S01R,6,1,1755798240,06 1744  PEL/BBR,1755816513,1755816519,1532,0,0
1755798240_GS.S04R,106400_GS.S04R,GS,1,1755798240,0S 1744  TSS/GCS,1755812748,1755812754,599,0,0
1755798270_5..N76R,106450_5..N76R,5,0,1755798270,05 1744+ FLA/238,1755818299,1755818304,1870,0,0
1755798270_7..S,106450_7..S,7,1,1755798270,07 1744+ MST/34H,1755814878,1755814884,1110,0,0
1755798270_GS.N01R,106450_GS.N01R,GS,0,1755798270,0S 1744+ GCS/TSS,1755812763,1755812769,522,0,0
1755798330_1..S03R,106550_1..S03R,1,1,1755798330,01 1745+ 242/SFT,1755816168,1755816174,1371,0,0
1755798330_7..N,106550_7..N,7,0,1755798330,07 1745+ 34H/WPT,1755814740,1755814743,1061,0,0
1755798390_6..N03R,106650_6..N03R,6,0,1755798390,06 1746+ BBR/177,1755815880,1755815883,1306,0,0
1755798390_7..S,106650_7..S,7,1,1755798390,07 1746+ MST/34H,1755815070,1755815073,1134,0,0
1755798420_2..S01R,106700_2..S01R,2,1,1755798420,02 1747  241/FLA,1755818529,1755818532,1924,0,0
1755798420_4..N06R,106700_4..N06R,4,0,1755798420,04 1747  UTI/WDL,1755817140,1755817143,1604,0,0
1755798450_1..N03R,106750_1..N03R,1,0,1755798450,01 1747+ SFT/242,1755816288,1755816294,1397,0,0
1755798450_7X..N,106750_7X..N,7X,0,1755798450,07 1747+ 34H/MST,1755815274,1755815280,1160,0,0
1755798450_GS.N04R,106750_GS.N04R,GS,0,1755798450,0S 1747+ GCS/TSS,1755812953,1755812955,571,0,0
1755798450_GS.S01R,106750_GS.S01R,GS,1,1755798450,0S 1747+ TSS/GCS,1755812943,1755812949,569,0,0
1755798480_3..N01R,106800_3..N01R,3,0,1755798480,03 1748  NLT/148,1755817248,1755817254,1632,0,0
1755798510_2..N01R,106850_2..N01R,2,0,1755798510,02 1748+ FLA/241,1755819549,1755819552,2157,0,0
1755798510_5..S03R,106850_5..S03R,5,1,1755798510,05 1748+ DYR/FLA,1755818130,1755818133,1834,0,0
1755798540_7..S,106900_7..S,7,1,1755798540,07 1749 MST/34H,1755815253,1755815259,1135,0,0
1755798570_1..S03R,106950_1..S03R,1,1,1755798570,01 1749+ 242/SFT,1755816360,1755816363,1336,0,0
1755798570_6..S03R,106950_6..S03R,6,1,1755798570,06 1749+ 177/BBR,1755816375,1755816378,1339,0,0
1755798570_7..N,106950_7..N,7,0,1755798570,07 1749+ 34H/WPT,1755815145,1755815148,1112,0,0
1755798600_6..N02R,107000_6..N02R,6X,0,1755798600,06 1750  BBR/PEL,1755816609,1755816615,1396,0,0
1755798630_GS.S04R,107050_GS.S04R,GS,1,1755798630,0S 1750+ TSS/GCS,1755813148,1755813150,542,0,0
1755798660_5..N88R,107100_5..N88R,5,0,1755798660,05 1751  FLA/DYR,1755818178,1755818184,1765,0,0
1755798660_6..S01R,107100_6..S01R,6,1,1755798660,06 1751  PEL/BBR,1755816840,1755816843,1453,0,0
1755798660_7..S,107100_7..S,7,1,1755798660,07 1751 MST/34H,1755815463,1755815469,1165,0,0
1755798660_GS.N01R,107100_GS.N01R,GS,0,1755798660,0S 1751  GCS/TSS,1755813168,1755813174,548,0,0
1755798690_1..N03R,107150_1..N03R,1,0,1755798690,01 1751+ SFT/242,1755816621,1755816624,1398,0,0
1755798690_7X..N,107150_7X..N,7X,0,1755798690,07 1751+ 34H/MST,1755815349,1755815352,1128,0,0
1755798720_4..S06R,107200_4..S06R,4,1,1755798720,04 1752  WDL/UTI,1755817398,1755817404,1587,0,0
1755798780_2..S01R,107300_2..S01R,2,1,1755798780,02 1753  241/FLA,1755819159,1755819165,1931,0,0
1755798810_1..S03R,107350_1..S03R,1,1,1755798810,01 1753+ 242/SFT,1755816948,1755816954,1479,0,0
1755798810_6..N03R,107350_6..N03R,6,0,1755798810,06 1753+ BBR/177,1755816387,1755816390,1342,0,0
1755798810_7..N,107350_7..N,7,0,1755798810,07 1753+ 34H/WPT,1755815589,1755815595,1139,0,0
1755798840_GS.N04R,107400_GS.N04R,GS,0,1755798840,0S 1754  GCS/TSS,1755813330,1755813333,590,0,0
1755798840_GS.S01R,107400_GS.S01R,GS,1,1755798840,0S 1754  TSS/GCS,1755813348,1755813354,595,0,0
1755798870_3..N01R,107450_3..N01R,3,0,1755798870,03 1754+ NLT/148,1755817659,1755817662,1564,0,0
1755798870_3..S01R,107450_3..S01R,3,1,1755798870,03 1754+ 148/NLT,1755817779,1755817785,1580,0,0
1755798930_1..N03R,107550_1..N03R,1,0,1755798930,01 1755+ SFT/242,1755816789,1755816795,1360,0,0
1755798930_6..S03R,107550_6..S03R,6,1,1755798930,06 1755+ 177/BBR,1755816672,1755816675,1330,0,0
1755798960_2..N01R,107600_2..N01R,2,0,1755798960,02 1756  FLA/241,1755819789,1755819795,2049,0,0
1755798960_4..N06R,107600_4..N06R,4,0,1755798960,04 1756  UTI/WDL,1755817890,1755817893,1618,0,0
1755798990_7X..N,107650_7X..N,7X,0,1755798990,07 1756+ 34H/MST,1755815568,1755815574,1085,0,0
1755799020_5..S03R,107700_5..S03R,5,1,1755799020,05 1757  DYR/FLA,1755819009,1755819015,1878,0,0
1755799020_6..N02R,107700_6..N02R,6X,0,1755799020,06 1757  BBR/PEL,1755817170,1755817173,1452,0,0
1755799020_7..S,107700_7..S,7,1,1755799020,07 1757 MST/34H,1755815619,1755815622,1096,0,0
1755799020_GS.S04R,107700_GS.S04R,GS,1,1755799020,0S 1757  TSS/GCS,1755813549,1755813553,565,0,0
1755799050_GS.N01R,107750_GS.N01R,GS,0,1755799050,0S 1757+ GCS/TSS,1755813534,1755813538,561,0,0
1755799080_5..N88R,107800_5..N88R,5,0,1755799080,05 1758  FLA/DYR,1755818599,1755818604,1783,0,0
1755799080_6..S01R,107800_6..S01R,6,1,1755799080,06 1758  PEL/BBR,1755817143,1755817149,1445,0,0
1755799110_4..S06R,107850_4..S06R,4,1,1755799110,04 1758+ WDL/UTI,1755817665,1755817668,1566,0,0
1755799140_2..S01R,107900_2..S01R,2,1,1755799140,02 1759  241/FLA,1755819799,1755819804,2051,0,0
1755799140_7..S,107900_7..S,7,1,1755799140,07 1759 MST/34H,1755815793,1755815799,1081,0,0
1755799170_1..N03R,107950_1..N03R,1,0,1755799170,01 1759+ SFT/242,1755817479,1755817485,1445,0,0
1755799170_1..S03R,107950_1..S03R,1,1,1755799170,01 1759+ 242/SFT,1755817050,1755817053,1113,0,0
1755799170_7..N,107950_7..N,7,0,1755799170,07 1759+ 34H/MST,1755815769,1755815772,1074,0,0
1755799200_2..N01R,108000_2..N01R,2,0,1755799200,02 1800  FLA/241,1755813483,1755813603,467,0,0
1755799230_6..N03R,108050_6..N03R,6,0,1755799230,06 1800+ BBR/177,1755816654,1755816657,1244,0,0
1755799230_GS.N04R,108050_GS.N04R,GS,0,1755799230,0S 1800+ GCS/TSS,1755813714,1755813718,528,0,0
1755799260_GS.S01R,108100_GS.S01R,GS,1,1755799260,0S 1801  TSS/GCS,1755813808,1755813810,553,0,0
1755799320_3..S01R,108200_3..S01R,3,1,1755799320,03 1802  148/NLT,1755818130,1755818133,1593,0,0
1755799350_4..N06R,108250_4..N06R,4,0,1755799350,04 1802+ UTI/WDL,1755818010,1755818013,1565,0,0
1755799350_7..S,108250_7..S,7,1,1755799350,07 1802+ MST/34H,1755815964,1755815967,1079,0,0
1755799350_7X..N,108250_7X..N,7X,0,1755799350,07 1802+ 34H/MST,1755815850,1755815853,1054,0,0
1755799380_3..N01R,108300_3..N01R,3,0,1755799380,03 1803  NLT/148,1755818070,1755818073,1580,0,0
1755799380_4..S06R,108300_4..S06R,4,1,1755799380,04 1803  WDL/UTI,1755817884,1755817887,1535,0,0
1755799410_1..N03R,108350_1..N03R,1,0,1755799410,01 1803+ SFT/242,1755818040,1755818043,1572,0,0
1755799410_6..S03R,108350_6..S03R,6,1,1755799410,06 1803+ 177/BBR,1755816984,1755816990,1326,0,0
1755799440_6..N02R,108400_6..N02R,6X,0,1755799440,06 1804  BBR/PEL,1755817653,1755817659,1482,0,0
1755799440_GS.N01R,108400_GS.N01R,GS,0,1755799440,0S 1804  GCS/TSS,1755813978,1755813984,597,0,0
1755799440_GS.S04R,108400_GS.S04R,GS,1,1755799440,0S 1804  TSS/GCS,1755813954,1755813960,591,0,0
1755799470_2..N01R,108450_2..N01R,2,0,1755799470,02 1804+ FLA/241,1755819949,1755819954,1524,0,0
1755799530_1..S03R,108550_1..S03R,1,1,1755799530,01 1805+ 242/SFT,1755817278,1755817284,1319,0,0
1755799530_7..N,108550_7..N,7,0,1755799530,07 1805+ 34H/MST,1755816264,1755816270,1093,0,0
1755799560_7..S,108600_7..S,7,1,1755799560,07 1806 MST/34H,1755816234,1755816240,1086,0,0
1755799620_6..S01R,108700_6..S01R,6,1,1755799620,06 1807  PEL/BBR,1755817683,1755817689,1409,0,0
1755799620_GS.N04R,108700_GS.N04R,GS,0,1755799620,0S 1807  GCS/TSS,1755814119,1755814123,552,0,0
1755799650_6..N02R,108750_6..N02R,6X,0,1755799650,06 1807+ BBR/PEL,1755817968,1755817974,1476,0,0
1755799650_GS.S01R,108750_GS.S01R,GS,1,1755799650,0S 1807+ TSS/GCS,1755814158,1755814164,563,0,0
1755799680_5..S03R,108800_5..S03R,5,1,1755799680,05 1808  DYR/FLA,1755819649,1755819654,1857,0,0
1755799710_2..S01R,108850_2..S01R,2,1,1755799710,02 1808+ 241/FLA,1755819919,1755819924,1917,0,0
1755799710_7X..N,108850_7X..N,7X,0,1755799710,07 1808+ 34H/MST,1755816099,1755816102,1031,0,0
1755799740_4..N06R,108900_4..N06R,4,0,1755799740,04 1809  UTI/WDL,1755818599,1755818604,1622,0,0
1755799740_4..S06R,108900_4..S06R,4,1,1755799740,04 1809  WDL/UTI,1755818094,1755818100,1505,0,0
1755799740_7..S,108900_7..S,7,1,1755799740,07 1809 MST/34H,1755816414,1755816420,1088,0,0
1755799770_1..N,108950_1..N,1,0,1755799770,E1 1809+ SFT/242,1755817770,1755817773,431,1,0
1755799770_1..N03R,108950_1..N03R,1,0,1755799770,01 1809+ SFT/242,1755815823,1755815829,525,0,0
1755799770_1..S03R,108950_1..S03R,1,1,1755799770,01 1809+ 242/SFT,1755817590,1755817593,1307,0,0
1755799800_3..S01R,109000_3..S01R,3,1,1755799800,03 1810  148/NLT,1755818220,1755818223,1453,0,0
1755799830_GS.N01R,109050_GS.N01R,GS,0,1755799830,0S 1810+ GCS/TSS,1755814314,1755814320,522,0,0
1755799830_GS.S04R,109050_GS.S04R,GS,1,1755799830,0S 1810+ TSS/GCS,1755814314,1755814320,522,0,0
1755799860_5..N87R,109100_5..N87R,5,0,1755799860,05 1811  UTI/DYR,1755819000,1755819004,1635,0,0
1755799860_5..N88R,109100_5..N88R,5,0,1755799860,05 1811  FLA/DYR,1755819219,1755819222,1554,0,0
1755799860_6..N03R,109100_6..N03R,6,0,1755799860,06 1811  BBR/177,1755817260,1755817263,1234,0,0
1755799860_6..S01R,109100_6..S01R,6,1,1755799860,06 1811  PEL/BBR,1755818004,1755818010,1404,0,0
1755799860_7..S,109100_7..S,7,1,1755799860,07 1811 MST/34H,1755816609,1755816615,1109,0,0
1755799890_7..N,109150_7..N,7,0,1755799890,07 1811+ 34H/MST,1755816474,1755816477,1059,0,0
1755799980_2..N01R,109300_2..N01R,2,0,1755799980,02 1813  FLA/241,1755820234,1755820239,1904,0,0
1755799980_6..S03R,109300_6..S03R,6,1,1755799980,06 1813  177/BBR,1755817509,1755817515,1291,0,0
1755800010_1..S03R,109350_1..S03R,1,1,1755800010,01 1813+ 242/SFT,1755817860,1755817863,1369,0,0
1755800010_3..N01R,109350_3..N01R,3,0,1755800010,03 1813+ NLT/148,1755818769,1755818775,1556,0,0
1755800010_GS.N04R,109350_GS.N04R,GS,0,1755800010,0S 1813+ GCS/TSS,1755814485,1755814488,563,0,0
1755800040_GS.S01R,109400_GS.S01R,GS,1,1755800040,0S 1814  TSS/GCS,1755814524,1755814528,573,0,0
1755800070_7X..N,109450_7X..N,7X,0,1755800070,07 1814+ 34H/MST,1755816474,1755816477,1000,0,0
1755800100_7..S,109500_7..S,7,1,1755800100,07 1815 MST/34H,1755816768,1755816774,1074,0,0
1755800130_1..N,109550_1..N,1,0,1755800130,E1 1815+ SFT/242,1755818160,1755818163,481,0,0
1755800130_1..N03R,109550_1..N03R,1,0,1755800130,01 1815+ SFT/242,1755815979,1755815985,850,0,0
1755800130_2..S01R,109550_2..S01R,2,1,1755800130,02 1815+ 241/FLA,1755820324,1755820329,1845,0,0
1755800130_6..N03R,109550_6..N03R,6,0,1755800130,06 1815+ BBR/177,1755817740,1755817743,813,0,0
1755800190_5..S03R,109650_5..S03R,5,1,1755800190,05 1816+ DYR/FLA,1755820119,1755820125,1802,0,0
1755800220_4..S06R,109700_4..S06R,4,1,1755800220,04 1817  WDL/UTI,1755818509,1755818514,1442,0,0
1755800220_7..S,109700_7..S,7,1,1755800220,07 1817 MST/34H,1755816939,1755816942,1085,0,0
1755800220_GS.N01R,109700_GS.N01R,GS,0,1755800220,0S 1817  GCS/TSS,1755814698,1755814704,537,0,0
1755800220_GS.S04R,109700_GS.S04R,GS,1,1755800220,0S 1817  TSS/GCS,1755814695,1755814698,536,0,0
1755800250_1..S03R,109750_1..S03R,1,1,1755800250,01 1817+ 242/SFT,1755818130,1755818133,1355,0,0
1755800250_3..S01R,109750_3..S01R,3,1,1755800250,03 1817+ 148/NLT,1755818569,1755818574,1458,0,0
1755800250_7..N,109750_7..N,7,0,1755800250,07 1817+ 34H/MST,1755816894,1755816897,1074,0,0
1755800280_4..N06R,109800_4..N06R,4,0,1755800280,04 1818  UTI/WDL,1755818749,1755818754,1501,0,0
1755800280_5..N88R,109800_5..N88R,5,0,1755800280,05 1818  FLA/DYR,1755819699,1755819705,1571,0,0
1755800340_7..S,109900_7..S,7,1,1755800340,07 1819 MST/34H,1755817104,1755817107,1102,0,0
1755800370_1..N03R,109950_1..N03R,1,0,1755800370,01 1819+ SFT/242,1755818329,1755818334,1321,0,0
1755800370_6..N02R,109950_6..N02R,6X,0,1755800370,06 1819+ BBR/PEL,1755818490,1755818494,944,0,0
1755800400_2..N01R,110000_2..N01R,2,0,1755800400,02 1820  FLA/241,1755820534,1755820539,1811,0,0
1755800400_3..N01R,110000_3..N01R,3,0,1755800400,03 1820  NLT/148,1755819079,1755819084,1492,0,0
1755800400_GS.N04R,110000_GS.N04R,GS,0,1755800400,0S 1820  GCS/TSS,1755814857,1755814860,501,0,0
1755800430_6..S01R,110050_6..S01R,6,1,1755800430,06 1820+ PEL/BBR,1755818464,1755818469,1353,0,0
1755800430_7X..N,110050_7X..N,7X,0,1755800430,07 1820+ 34H/MST,1755816750,1755816753,977,0,0
1755800430_GS.S01R,110050_GS.S01R,GS,1,1755800430,0S 1820+ TSS/GCS,1755814929,1755814932,519,0,0
1755800490_1..S03R,110150_1..S03R,1,1,1755800490,01 1821+ 242/SFT,1755818289,1755818295,1311,0,0
1755800490_2..S01R,110150_2..S01R,2,1,1755800490,02 1821+ 241/FLA,1755820809,1755820815,1869,0,0
1755800550_4..S06R,110250_4..S06R,4,1,1755800550,04 1822+ WDL/UTI,1755818910,1755818914,1458,0,0
1755800580_6..N02R,110300_6..N02R,6X,0,1755800580,06 1823  BBR/PEL,1755818899,1755818904,1455,0,0
1755800580_7..S,110300_7..S,7,1,1755800580,07 1823 MST/34H,1755817272,1755817275,1070,0,0
1755800610_1..N03R,110350_1..N03R,1,0,1755800610,01 1823+ SFT/242,1755818550,1755818554,1375,0,0
1755800610_7..N,110350_7..N,7,0,1755800610,07 1823+ 34H/MST,1755817215,1755817218,1055,0,0
1755800610_GS.N01R,110350_GS.N01R,GS,0,1755800610,0S 1823+ GCS/TSS,1755815112,1755815115,567,0,0
1755800610_GS.S04R,110350_GS.S04R,GS,1,1755800610,0S 1823+ TSS/GCS,1755815085,1755815088,560,0,0
1755800640_2..N01R,110400_2..N01R,2,0,1755800640,02 1824  FLA/241,1755821094,1755821100,1923,0,0
1755800670_3..S01R,110450_3..S01R,3,1,1755800670,03 1824+ 148/NLT,1755818859,1755818865,1368,0,0
1755800700_6..S03R,110500_6..S03R,6,1,1755800700,06 1825  177/BBR,1755818199,1755818202,1213,0,0
1755800730_1..S03R,110550_1..S03R,1,1,1755800730,01 1825+ 242/SFT,1755818550,1755818554,1296,0,0
1755800730_7..S,110550_7..S,7,1,1755800730,07 1825+ MST/34H,1755817458,1755817464,1082,0,0
1755800790_7X..N,110650_7X..N,7X,0,1755800790,07 1826+ 34H/MST,1755817197,1755817200,1011,0,0
1755800790_GS.N04R,110650_GS.N04R,GS,0,1755800790,0S 1826+ GCS/TSS,1755815238,1755815244,515,0,0
1755800820_4..N06R,110700_4..N06R,4,0,1755800820,04 1827  UTI/WDL,1755819300,1755819304,1470,0,0
1755800820_6..N03R,110700_6..N03R,6,0,1755800820,06 1827  BBR/177,1755818359,1755818364,1248,0,0
1755800820_GS.S01R,110700_GS.S01R,GS,1,1755800820,0S 1827  TSS/GCS,1755815313,1755815319,534,0,0
1755800850_1..N03R,110750_1..N03R,1,0,1755800850,01 1827+ SFT/242,1755818850,1755818854,1366,0,0
1755800850_6..S01R,110750_6..S01R,6,1,1755800850,06 1827+ PEL/BBR,1755818934,1755818940,1385,0,0
1755800910_5..N88R,110850_5..N88R,5,0,1755800910,05 1828+ FLA/DYR,1755820089,1755820095,1492,0,0
1755800940_5..S03R,110900_5..S03R,5,1,1755800940,05 1829  DYR/FLA,1755820564,1755820569,1738,0,0
1755800970_1..S03R,110950_1..S03R,1,1,1755800970,01 1829+ 242/SFT,1755818739,1755818745,1266,0,0
1755800970_2..S01R,110950_2..S01R,2,1,1755800970,02 1829+ 241/FLA,1755821274,1755821280,1789,0,0
1755800970_3..N01R,110950_3..N01R,3,0,1755800970,03 1829+ NLT/148,1755819649,1755819654,1466,0,0
1755800970_7..N,110950_7..N,7,0,1755800970,07 1829+ 34H/MST,1755817608,1755817614,1045,0,0
1755800970_7..S,110950_7..S,7,1,1755800970,07 1829+ MST/34H,1755817635,1755817638,1052,0,0
1755801000_2..N01R,111000_2..N01R,2,0,1755801000,02 1830  FLA/241,1755821252,1755821265,1770,0,0
1755801000_GS.S04R,111000_GS.S04R,GS,1,1755801000,0S 1830  TSS/GCS,1755815469,1755815475,499,0,0
1755801030_GS.N01R,111050_GS.N01R,GS,0,1755801030,0S 1830+ GCS/TSS,1755815529,1755815535,511,0,0
1755801060_4..S06R,111100_4..S06R,4,1,1755801060,04 1831  WDL/UTI,1755819390,1755819394,1413,0,0
1755801060_6..N02R,111100_6..N02R,6X,0,1755801060,06 1831  BBR/PEL,1755819270,1755819274,1387,0,0
1755801090_1..N03R,111150_1..N03R,1,0,1755801090,01 1831+ SFT/242,1755819150,1755819154,1359,0,0
1755801090_3..S01R,111150_3..S01R,3,1,1755801090,03 1831+ 148/NLT,1755819369,1755819372,1408,0,0
1755801120_6..S01R,111200_6..S01R,6,1,1755801120,06 1832  PEL/BBR,1755819214,1755819219,1372,0,0
1755801120_6..S03R,111200_6..S03R,6,1,1755801120,06 1832  177/BBR,1755818769,1755818775,1273,0,0
1755801150_7..S,111250_7..S,7,1,1755801150,07 1832+ MST/34H,1755817824,1755817830,1055,0,0
1755801150_7X..N,111250_7X..N,7X,0,1755801150,07 1832+ 34H/MST,1755817614,1755817617,1007,0,0
1755801180_4..N06R,111300_4..N06R,4,0,1755801180,04 1833  UTI/WDL,1755819600,1755819604,1456,0,0
1755801210_1..S03R,111350_1..S03R,1,1,1755801210,01 1833+ 242/SFT,1755818959,1755818964,1315,0,0
1755801240_6..N03R,111400_6..N03R,6,0,1755801240,06 1834  BBR/177,1755818895,1755818899,1299,0,0
1755801240_GS.N04R,111400_GS.N04R,GS,0,1755801240,0S 1834  GCS/TSS,1755815694,1755815700,549,0,0
1755801240_GS.S01R,111400_GS.S01R,GS,1,1755801240,0S 1834  TSS/GCS,1755815727,1755815730,557,0,0
1755801270_2..S01R,111450_2..S01R,2,1,1755801270,02 1834+ 241/FLA,1755818013,1755818019,1015,0,0
1755801330_1..N03R,111550_1..N03R,1,0,1755801330,01 1835+ SFT/242,1755819270,1755819274,1307,0,0
1755801330_7..N,111550_7..N,7,0,1755801330,07 1835+ 34H/MST,1755818013,1755818019,1047,0,0
1755801330_7..S,111550_7..S,7,1,1755801330,07 1835+ MST/34H,1755817995,1755817998,1043,0,0
1755801360_5..N88R,111600_5..N88R,5,0,1755801360,05 1836  FLA/DYR,1755820734,1755820740,1498,0,0
1755801360_5..S03R,111600_5..S03R,5,1,1755801360,05 1836  DYR/FLA,1755821094,1755821100,1688,0,0
1755801450_1..S03R,111750_1..S03R,1,1,1755801450,01 1837+ 242/SFT,1755819450,1755819454,1345,0,0
1755801450_3..N01R,111750_3..N01R,3,0,1755801450,03 1837+ NLT/148,1755820009,1755820014,1466,0,0
1755801450_GS.S04R,111750_GS.S04R,GS,1,1755801450,0S 1837+ TSS/GCS,1755815928,1755815934,525,0,0
1755801480_2..N01R,111800_2..N01R,2,0,1755801480,02 1838  FLA/241,1755821703,1755821709,1796,0,0
1755801480_4..S06R,111800_4..S06R,4,1,1755801480,04 1838  WDL/UTI,1755819750,1755819754,1409,0,0
1755801480_GS.N01R,111800_GS.N01R,GS,0,1755801480,0S 1838  GCS/TSS,1755815964,1755815967,533,0,0
1755801510_3..S01R,111850_3..S01R,3,1,1755801510,03 1838+ 148/NLT,1755819990,1755819994,1461,0,0
1755801510_6..N02R,111850_6..N02R,6X,0,1755801510,06 1838+ BBR/PEL,1755819529,1755819534,1361,0,0
1755801510_7X..N,111850_7X..N,7X,0,1755801510,07 1838+ 34H/MST,1755817824,1755817830,962,0,0
1755801570_1..N03R,111950_1..N03R,1,0,1755801570,01 1839+ SFT/242,1755819672,1755819675,1315,0,0
1755801570_4..N06R,111950_4..N06R,4,0,1755801570,04 1839+ UTI/WDL,1755820039,1755820044,1396,0,0
1755801570_7..S,111950_7..S,7,1,1755801570,07 1839+ MST/34H,1755818202,1755818205,1007,0,0
1755801600_6..S01R,112000_6..S01R,6,1,1755801600,06 1840  PEL/BBR,1755819634,1755819639,1307,0,0
1755801690_1..S03R,112150_1..S03R,1,1,1755801690,01 1841+ 242/SFT,1755819559,1755819564,1292,0,0
1755801690_GS.N04R,112150_GS.N04R,GS,0,1755801690,0S 1841+ GCS/TSS,1755816180,1755816183,505,0,0
1755801690_GS.S01R,112150_GS.S01R,GS,1,1755801690,0S 1841+ TSS/GCS,1755816153,1755816159,500,0,0
1755801750_6..N01R,112250_6..N01R,6,0,1755801750,06 1842+ BBR/PEL,1755819879,1755819885,1362,0,0
1755801750_7..N,112250_7..N,7,0,1755801750,07 1842+ 34H/MST,1755818479,1755818484,1056,0,0
1755801780_7..S,112300_7..S,7,1,1755801780,07 1843 MST/34H,1755818415,1755818419,1033,0,0
1755801810_1..N03R,112350_1..N03R,1,0,1755801810,01 1843+ SFT/242,1755819919,1755819924,1370,0,0
1755801810_2..S01R,112350_2..S01R,2,1,1755801810,02 1843+ 241/FLA,1755822219,1755822222,1828,0,0
1755801840_2..N01R,112400_2..N01R,2,0,1755801840,E2 1844  FLA/241,1755822144,1755822150,1317,0,0
1755801870_5..S03R,112450_5..S03R,5,1,1755801870,05 1844+ DYR/FLA,1755821733,1755821739,1651,0,0
1755801900_4..S06R,112500_4..S06R,4,1,1755801900,04 1845  WDL/UTI,1755820245,1755820249,1365,0,0
1755801900_5..N88R,112500_5..N88R,5,0,1755801900,05 1845  FLA/DYR,1755821094,1755821100,1538,0,0
1755801900_GS.S04R,112500_GS.S04R,GS,1,1755801900,0S 1845  TSS/GCS,1755816375,1755816378,477,0,0
1755801930_1..S03R,112550_1..S03R,1,1,1755801930,01 1845+ 242/SFT,1755819919,1755819924,1296,0,0
1755801930_3..N01R,112550_3..N01R,3,0,1755801930,03 1845+ NLT/148,1755820324,1755820329,1382,0,0
1755801930_7X..N,112550_7X..N,7X,0,1755801930,07 1845+ 34H/MST,1755818385,1755818389,982,0,0
1755801930_GS.N01R,112550_GS.N01R,GS,0,1755801930,0S 1845+ GCS/TSS,1755816423,1755816429,489,0,0
1755801960_6..S03R,112600_6..S03R,6,1,1755801960,06 1846  177/BBR,1755819480,1755819484,1201,0,0
1755801990_6..N02R,112650_6..N02R,6X,0,1755801990,06 1846+ BBR/PEL,1755820134,1755820140,1342,0,0
1755801990_7..S,112650_7..S,7,1,1755801990,07 1846+ MST/34H,1755818574,1755818580,1009,0,0
1755802020_2..N01R,112700_2..N01R,2,0,1755802020,02 1847  FLA/241,1755822423,1755822429,1795,0,0
1755802050_1..N03R,112750_1..N03R,1,0,1755802050,01 1847+ SFT/242,1755820069,1755820074,1328,0,0
1755802050_6..S01R,112750_6..S01R,6,1,1755802050,06 1847+ PEL/BBR,1755820230,1755820234,1362,0,0
1755802080_4..N06R,112800_4..N06R,4,0,1755802080,04 1848  UTI/WDL,1755820534,1755820539,1426,0,0
1755802110_7..N,112850_7..N,7,0,1755802110,07 1848+ 34H/MST,1755818749,1755818754,1013,0,0
1755802140_7..S,112900_7..S,7,1,1755802140,07 1849 MST/34H,1755818769,1755818775,1018,0,0
1755802140_GS.S01R,112900_GS.S01R,GS,1,1755802140,0S 1849  TSS/GCS,1755816624,1755816630,537,0,0
1755802170_1..S03R,112950_1..S03R,1,1,1755802170,01 1849+ 242/SFT,1755820029,1755820035,1246,0,0
1755802170_GS.N04R,112950_GS.N04R,GS,0,1755802170,0S 1849+ GCS/TSS,1755816648,1755816654,468,0,0
1755802200_3..S01R,113000_3..S01R,3,1,1755802200,03 1850  148/NLT,1755821094,1755821100,1464,0,0
1755802200_4..S06R,113000_4..S06R,4,1,1755802200,04 1850  WDL/UTI,1755820470,1755820474,1338,0,0
1755802230_6..N03R,113050_6..N03R,6,0,1755802230,06 1850+ BBR/177,1755819529,1755819534,1137,0,0
1755802260_2..S,113100_2..S,2,1,1755802260,E2 1851  241/FLA,1755822528,1755822534,817,0,0
1755802260_2..S01R,113100_2..S01R,2,1,1755802260,=2 1851  241/FLA,1755818607,1755818610,929,0,0
1755802290_1..N03R,113150_1..N03R,1,0,1755802290,01 1851+ SFT/242,1755820204,1755820209,1283,0,0
1755802290_4..N,113150_4..N,4,0,1755802290,04 1851+ UTI/BUR,1755819909,1755819915,52,0,0
1755802290_4..N43R,113150_4..N43R,4,0,1755802290,04 1851+ UTI/BUR,1755819540,1755819544,1139,0,0
1755802290_7X..N,113150_7X..N,7X,0,1755802290,07 1851+ 34H/MST,1755818599,1755818604,952,0,0
1755802320_3..N01R,113200_3..N01R,3,0,1755802320,03 1852  NLT/148,1755821094,1755821100,1464,0,0
1755802320_5..S,113200_5..S,5,1,1755802320,E5 1852  DYR/FLA,1755821997,1755822000,777,0,0
1755802320_5..S03R,113200_5..S03R,5,1,1755802320,05 1852  DYR/FLA,1755818295,1755818299,853,0,0
1755802350_2..N01R,113250_2..N01R,2,0,1755802350,02 1852+ FLA/241,1755823089,1755823095,1862,0,0
1755802350_7..S,113250_7..S,7,1,1755802350,07 1852+ MST/34H,1755818944,1755818949,1014,0,0
1755802380_GS.S04R,113300_GS.S04R,GS,1,1755802380,0S 1853  TSS/GCS,1755816930,1755816933,538,0,0
1755802410_1..S03R,113350_1..S03R,1,1,1755802410,01 1853+ 242/SFT,1755820179,1755820185,1278,0,0
1755802410_6..N02R,113350_6..N02R,6X,0,1755802410,06 1853+ BBR/PEL,1755820419,1755820425,1328,0,0
1755802440_6..S03R,113400_6..S03R,6,1,1755802440,06 1854  177/BBR,1755819834,1755819840,1203,0,0
1755802470_7..N,113450_7..N,7,0,1755802470,07 1854+ 34H/MST,1755819249,1755819252,1042,0,0
1755802470_GS.N01R,113450_GS.N01R,GS,0,1755802470,0S 1854+ GCS/TSS,1755816948,1755816954,464,0,0
1755802500_2..S,113500_2..S,2,1,1755802500,E2 1855  241/FLA,1755822630,1755822633,804,0,0
1755802500_2..S01R,113500_2..S01R,2,1,1755802500,02 1855  241/FLA,1755818739,1755818745,883,0,0
1755802500_7..S,113500_7..S,7,1,1755802500,07 1855 MST/34H,1755819084,1755819090,1004,0,0
1755802530_5..N88R,113550_5..N88R,5,0,1755802530,05 1855+ FLA/DYR,1755821934,1755821940,1540,0,0
1755802530_6..S01R,113550_6..S01R,6,1,1755802530,06 1855+ PEL/BBR,1755820894,1755820899,1350,0,0
1755802560_4..S06R,113600_4..S06R,4,1,1755802560,04 1856  WDL/UTI,1755820839,1755820845,1337,0,0
1755802590_6..N01R,113650_6..N01R,6,0,1755802590,06 1856+ BBR/PEL,1755820749,1755820755,1319,0,0
1755802620_3..S01R,113700_3..S01R,3,1,1755802620,03 1857  148/NLT,1755821094,1755821100,1385,0,0
1755802650_1..N03R,113750_1..N03R,1,0,1755802650,01 1857+ SFT/242,1755820449,1755820455,812,0,0
1755802650_1..S03R,113750_1..S03R,1,1,1755802650,01 1857+ 242/SFT,1755820504,1755820509,1267,0,0
1755802650_7X..N,113750_7X..N,7X,0,1755802650,07 1857+ 34H/MST,1755819079,1755819084,968,0,0
1755802680_GS.S01R,113800_GS.S01R,GS,1,1755802680,0S 1858  TSS/GCS,1755817158,1755817164,514,0,0
1755802710_4..N06R,113850_4..N06R,4,0,1755802710,04 1858+ UTI/WDL,1755821094,1755821100,1385,0,0
1755802710_5..S,113850_5..S,5,1,1755802710,E5 1858+ DYR/FLA,1755822930,1755822933,837,0,0
1755802710_5..S03R,113850_5..S03R,5,1,1755802710,05 1858+ DYR/FLA,1755818869,1755818874,911,0,0
1755802710_7..S,113850_7..S,7,1,1755802710,07 1858+ MST/34H,1755819270,1755819274,992,0,0
1755802710_GS.N04R,113850_GS.N04R,GS,0,1755802710,0S 1858+ GCS/TSS,1755817203,1755817209,526,0,0
1755802800_2..N01R,114000_2..N01R,2,0,1755802800,02 1900  FLA/241,1755823380,1755823383,1773,0,0
1755802800_3..N01R,114000_3..N01R,3,0,1755802800,03 1900  NLT/148,1755821445,1755821451,1367,0,0
1755802830_6..N02R,114050_6..N02R,6X,0,1755802830,06 1900+ BBR/PEL,1755821175,1755821181,1332,0,0
1755802830_7..N,114050_7..N,7,0,1755802830,07 1900+ 34H/MST,1755819409,1755819414,997,0,0
1755802860_7..S,114100_7..S,7,1,1755802860,07 1901 MST/34H,1755819489,1755819495,1008,0,0
1755802920_4..S06R,114200_4..S06R,4,1,1755802920,04 1902  WDL/UTI,1755821280,1755821282,1318,0,0
1755802920_5..N71R,114200_5..N71R,5,0,1755802920,05 1902  FLA/DYR,1755822393,1755822399,1568,0,0
1755802920_GS.S04R,114200_GS.S04R,GS,1,1755802920,0S 1902  TSS/GCS,1755817413,1755817419,505,0,0
1755802980_6..S03R,114300_6..S03R,6,1,1755802980,06 1903  177/BBR,1755820449,1755820455,1184,0,0
1755803010_1..N03R,114350_1..N03R,1,0,1755803010,01 1903+ SFT/242,1755821094,1755821100,1314,0,0
1755803010_3..S01R,114350_3..S01R,3,1,1755803010,03 1903+ 148/NLT,1755821535,1755821538,1387,0,0
1755803010_7X..N,114350_7X..N,7X,0,1755803010,07 1903+ 34H/MST,1755819510,1755819514,974,0,0
1755803010_GS.N01R,114350_GS.N01R,GS,0,1755803010,0S 1903+ GCS/TSS,1755817509,1755817515,526,0,0
1755803040_2..S01R,114400_2..S01R,2,1,1755803040,02 1904  241/FLA,1755824010,1755824013,1837,0,0
1755803040_6..N03R,114400_6..N03R,6,0,1755803040,06 1904  BBR/177,1755820584,1755820590,1212,0,0
1755803070_2..S01R,114450_2..S01R,2,1,1755803070,02 1904+ 241/FLA,1755817689,1755817695,24,0,0
1755803070_4..N,114450_4..N,4,0,1755803070,04 1904+ UTI/BUR,1755820809,1755820815,50,0,0
1755803070_4..N43R,114450_4..N43R,4,0,1755803070,04 1904+ UTI/BUR,1755820414,1755820419,1106,0,0
1755803070_7..S,114450_7..S,7,1,1755803070,07 1904+ MST/34H,1755819714,1755819717,1002,0,0
1755803100_6..S01R,114500_6..S01R,6,1,1755803100,06 1905  PEL/BBR,1755821370,1755821373,1301,0,0
1755803130_1..S03R,114550_1..S03R,1,1,1755803130,01 1905+ 242/SFT,1755821094,1755821100,1243,0,0
1755803190_7..N,114650_7..N,7,0,1755803190,07 1906+ 34H/MST,1755819874,1755819879,1007,0,0
1755803220_3..N01R,114700_3..N01R,3,0,1755803220,03 1907  NLT/148,1755821883,1755821889,1352,0,0
1755803220_5..S,114700_5..S,5,1,1755803220,E5 1907  DYR/FLA,1755823428,1755823434,765,0,0
1755803220_5..S03R,114700_5..S03R,5,1,1755803220,05 1907  DYR/FLA,1755819504,1755819510,911,0,0
1755803220_7..S,114700_7..S,7,1,1755803220,07 1907 MST/34H,1755819894,1755819900,1011,0,0
1755803220_GS.S01R,114700_GS.S01R,GS,1,1755803220,0S 1907  TSS/GCS,1755817713,1755817719,500,0,0
1755803250_1..N03R,114750_1..N03R,1,0,1755803250,01 1907+ SFT/242,1755821252,1755821265,1246,0,0
1755803280_4..S06R,114800_4..S06R,4,1,1755803280,04 1908  WDL/UTI,1755822084,1755822090,1431,0,0
1755803280_6..N02R,114800_6..N02R,6X,0,1755803280,06 1908  BBR/PEL,1755821357,1755821364,1298,0,0
1755803280_6..S01R,114800_6..S01R,6,1,1755803280,06 1908  PEL/BBR,1755821580,1755821583,1343,0,0
1755803280_GS.N04R,114800_GS.N04R,GS,0,1755803280,0S 1908  GCS/TSS,1755817794,1755817800,518,0,0
1755803310_2..N01R,114850_2..N01R,2,0,1755803310,02 1908+ FLA/241,1755823599,1755823605,1748,0,0
1755803310_4..N06R,114850_4..N06R,4,0,1755803310,04 1908+ UTI/WDL,1755821874,1755821880,1387,0,0
1755803370_7X..N,114950_7X..N,7X,0,1755803370,07 1909+ 34H/MST,1755819754,1755819759,942,0,0
1755803400_1..S03R,115000_1..S03R,1,1,1755803400,01 1910  242/SFT,1755821252,1755821265,1172,0,0
1755803430_5..N71R,115050_5..N71R,5,0,1755803430,05 1910+ FLA/DYR,1755822819,1755822825,1511,0,0
1755803430_7..S,115050_7..S,7,1,1755803430,07 1910+ MST/34H,1755820065,1755820069,996,0,0
1755803490_1..N03R,115150_1..N03R,1,0,1755803490,01 1911+ SFT/242,1755821301,1755821310,1194,0,0
1755803490_2..S01R,115150_2..S01R,2,1,1755803490,02 1911+ 241/FLA,1755824730,1755824733,1914,0,0
1755803490_3..S01R,115150_3..S01R,3,1,1755803490,03 1911+ 148/NLT,1755821763,1755821769,1291,0,0
1755803490_GS.S04R,115150_GS.S04R,GS,1,1755803490,0S 1911+ TSS/GCS,1755817953,1755817959,483,0,0
1755803520_6..N01R,115200_6..N01R,6,0,1755803520,06 1912  BBR/PEL,1755821655,1755821658,1286,0,0
1755803520_6..S03R,115200_6..S03R,6,1,1755803520,06 1912  177/BBR,1755821175,1755821181,1188,0,0
1755803550_7..N,115250_7..N,7,0,1755803550,07 1912+ 34H/MST,1755820344,1755820350,1028,0,0
1755803550_GS.N01R,115250_GS.N01R,GS,0,1755803550,0S 1912+ GCS/TSS,1755818043,1755818049,504,0,0
1755803580_4..S06R,115300_4..S06R,4,1,1755803580,04 1913  WDL/UTI,1755822363,1755822369,1419,0,0
1755803580_7..S,115300_7..S,7,1,1755803580,07 1913 MST/34H,1755820219,1755820224,978,0,0
1755803610_2..N01R,115350_2..N01R,2,0,1755803610,02 1913+ FLA/241,1755823938,1755823944,1748,0,0
1755803700_1..S03R,115500_1..S03R,1,1,1755803700,01 1915  242/SFT,1755821439,1755821445,1154,0,0
1755803730_1..N03R,115550_1..N03R,1,0,1755803730,/1 1915+ SFT/242,1755821724,1755821730,1215,0,0
1755803730_7X..N,115550_7X..N,7X,0,1755803730,07 1915+ 34H/MST,1755820140,1755820144,942,0,0
1755803760_6..N03R,115600_6..N03R,6,0,1755803760,06 1916  BBR/177,1755821252,1755821265,1123,0,0
1755803760_GS.S01R,115600_GS.S01R,GS,1,1755803760,0S 1916  TSS/GCS,1755818265,1755818269,486,0,0
1755803790_7..S,115650_7..S,7,1,1755803790,07 1916+ MST/34H,1755820404,1755820410,984,0,0
1755803850_GS.N04R,115750_GS.N04R,GS,0,1755803850,0S 1917+ GCS/TSS,1755818374,1755818379,511,0,0
1755803880_3..N01R,115800_3..N01R,3,0,1755803880,03 1918  NLT/148,1755822384,1755822390,1356,0,0
1755803880_5..N71R,115800_5..N71R,5,0,1755803880,05 1918  FLA/DYR,1755823119,1755823125,1507,0,0
1755803880_6..S01R,115800_6..S01R,6,1,1755803880,06 1918  PEL/BBR,1755822540,1755822543,1405,0,0
1755803910_4..N06R,115850_4..N06R,4,0,1755803910,04 1918+ UTI/WDL,1755822123,1755822129,1300,0,0
1755803910_5..S,115850_5..S,5,1,1755803910,05 1918+ DYR/UTI,1755823305,1755823308,7,0,0
1755803910_5..S07R,115850_5..S07R,5,1,1755803910,05 1918+ DYR/UTI,1755823200,1755823203,1505,0,0
1755803910_7..N,115850_7..N,7,0,1755803910,07 1918+ 34H/MST,1755820530,1755820534,983,0,0
1755803940_7..S,115900_7..S,7,1,1755803940,07 1919 MST/34H,1755820624,1755820629,985,0,0
1755803970_1..N03R,115950_1..N03R,1,0,1755803970,01 1919+ SFT/242,1755822045,1755822048,1212,0,0
1755803970_2..S01R,115950_2..S01R,2,1,1755803970,02 1919+ 241/FLA,1755824868,1755824871,1810,0,0
1755804000_1..S03R,116000_1..S03R,1,1,1755804000,01 1920  242/SFT,1755821694,1755821700,1139,0,0
1755804000_2..N01R,116000_2..N01R,2,0,1755804000,02 1920  FLA/241,1755824379,1755824385,1703,0,0
1755804000_4..S06R,116000_4..S06R,4,1,1755804000,04 1920  WDL/UTI,1755822729,1755822735,1355,0,0
1755804000_6..N02R,116000_6..N02R,6X,0,1755804000,06 1920  BBR/PEL,1755821979,1755821985,1216,0,0
1755804030_3..S01R,116050_3..S01R,3,1,1755804030,03 1920+ 148/NLT,1755822333,1755822339,1276,0,0
1755804060_GS.S04R,116100_GS.S04R,GS,1,1755804060,0S 1921  TSS/GCS,1755818625,1755818629,503,0,0
1755804090_7X..N,116150_7X..N,7X,0,1755804090,07 1921+ 34H/MST,1755820674,1755820677,972,0,0
1755804120_GS.N01R,116200_GS.N01R,GS,0,1755804120,0S 1922  GCS/TSS,1755818629,1755818634,504,0,0
1755804180_1..N03R,116300_1..N03R,1,0,1755804180,01 1923  SFT/242,1755822144,1755822150,1234,0,0
1755804180_3..N01R,116300_3..N01R,3,0,1755804180,03 1923  NLT/148,1755822750,1755822753,1341,0,0
1755804180_7..S,116300_7..S,7,1,1755804180,07 1923 MST/34H,1755820729,1755820734,962,0,0
1755804210_4..N06R,116350_4..N06R,4,0,1755804210,04 1923+ UTI/WDL,1755822549,1755822555,1319,0,0
1755804240_1..S03R,116400_1..S03R,1,1,1755804240,01 1924  242/SFT,1755821913,1755821919,1185,0,0
1755804240_6..N01R,116400_6..N01R,6,0,1755804240,06 1924  BBR/PEL,1755822345,1755822348,1296,0,0
1755804270_6..S01R,116450_6..S01R,6,1,1755804270,06 1924+ PEL/BBR,1755822693,1755822699,1291,0,0
1755804270_7..N,116450_7..N,7,0,1755804270,07 1924+ 34H/MST,1755820845,1755820849,965,0,0
1755804330_GS.S01R,116550_GS.S01R,GS,1,1755804330,0S 1925+ TSS/GCS,1755818799,1755818805,470,0,0
1755804360_4..S06R,116600_4..S06R,4,1,1755804360,04 1926  WDL/UTI,1755822948,1755822954,1326,0,0
1755804390_1..N03R,116650_1..N03R,1,0,1755804390,01 1926+ SFT/242,1755822393,1755822399,1213,0,0
1755804390_2..S01R,116650_2..S01R,2,1,1755804390,02 1926+ 241/FLA,1755824970,1755824973,1760,0,0
1755804420_3..S01R,116700_3..S01R,3,1,1755804420,03 1927  148/NLT,1755822729,1755822735,1280,0,0
1755804420_5..N71R,116700_5..N71R,5,0,1755804420,05 1927  FLA/DYR,1755824100,1755824103,1557,0,0
1755804420_6..S,116700_6..S,6,1,1755804420,/6 1927  177/BBR,1755822222,1755822228,283,0,0
1755804420_6..S03R,116700_6..S03R,6,1,1755804420,06 1927  177/BBR,1755820839,1755820845,910,0,0
1755804420_7..S,116700_7..S,7,1,1755804420,07 1927 MST/34H,1755821094,1755821100,970,0,0
1755804420_GS.N04R,116700_GS.N04R,GS,0,1755804420,0S 1927  GCS/TSS,1755818914,1755818919,494,0,0
1755804450_5..S07R,116750_5..S07R,5,1,1755804450,05 1927+ DYR/UTI,1755823764,1755823770,1465,0,0
1755804450_7X..N,116750_7X..N,7X,0,1755804450,07 1927+ 34H/MST,1755821094,1755821100,970,0,0
1755804480_1..S03R,116800_1..S03R,1,1,1755804480,01 1928  242/SFT,1755822510,1755822513,1236,0,0
1755804480_6..N02R,116800_6..N02R,6X,0,1755804480,06 1928  BBR/PEL,1755822630,1755822633,1278,0,0
1755804540_2..N01R,116900_2..N01R,2,0,1755804540,02 1929  FLA/241,1755824949,1755824955,1754,0,0
1755804570_4..N06R,116950_4..N06R,4,0,1755804570,04 1929+ UTI/WDL,1755822828,1755822834,1230,0,0
1755804630_1..N03R,117050_1..N03R,1,0,1755804630,01 1930+ SFT/242,1755822498,1755822504,1162,0,0
1755804630_7..N,117050_7..N,7,0,1755804630,07 1930+ 34H/MST,1755821094,1755821100,924,0,0
1755804630_GS.S04R,117050_GS.S04R,GS,1,1755804630,0S 1930+ TSS/GCS,1755819109,1755819114,467,0,0
1755804660_7..S,117100_7..S,7,1,1755804660,07 1931 MST/34H,1755821252,1755821265,887,0,0
1755804690_6..S01R,117150_6..S01R,6,1,1755804690,06 1931+ PEL/BBR,1755822843,1755822849,1251,0,0
1755804720_4..S06R,117200_4..S06R,4,1,1755804720,04 1932  WDL/UTI,1755823218,1755823224,1311,0,0
1755804720_6..N01R,117200_6..N01R,6,0,1755804720,06 1932  BBR/PEL,1755822930,1755822933,1268,0,0
1755804750_1..S03R,117250_1..S03R,1,1,1755804750,01 1932+ 242/SFT,1755822600,1755822603,1182,0,0
1755804750_GS.N01R,117250_GS.N01R,GS,0,1755804750,0S 1932+ GCS/TSS,1755819214,1755819219,490,0,0
1755804810_2..N01R,117350_2..N01R,2,0,1755804810,02 1933+ FLA/241,1755825129,1755825135,1729,0,0
1755804810_2..S01R,117350_2..S01R,2,1,1755804810,02 1933+ 241/FLA,1755825249,1755825255,1755,0,0
1755804810_7X..N,117350_7X..N,7X,0,1755804810,07 1933+ 34H/MST,1755821331,1755821334,891,0,0
1755804840_3..N01R,117400_3..N01R,3,0,1755804840,03 1934  NLT/148,1755823410,1755823413,1352,0,0
1755804840_4..N06R,117400_4..N06R,4,0,1755804840,04 1934  UTI/WDL,1755823308,1755823314,1330,0,0
1755804870_1..N03R,117450_1..N03R,1,0,1755804870,01 1934+ SFT/242,1755822699,1755822705,1129,0,0
1755804900_3..S01R,117500_3..S01R,3,1,1755804900,03 1935  148/NLT,1755823239,1755823245,1243,0,0
1755804900_7..S,117500_7..S,7,1,1755804900,07 1935 MST/34H,1755821445,1755821451,909,0,0
1755804930_6..S01R,117550_6..S01R,6,1,1755804930,06 1935+ PEL/BBR,1755822978,1755822984,1206,0,0
1755804960_5..N71R,117600_5..N71R,5,0,1755804960,05 1936  FLA/DYR,1755824340,1755824343,1454,0,0
1755804960_6..N01R,117600_6..N01R,6,0,1755804960,06 1936  BBR/PEL,1755823230,1755823233,1258,0,0
1755804960_GS.S01R,117600_GS.S01R,GS,1,1755804960,0S 1936  TSS/GCS,1755819424,1755819429,465,0,0
1755804990_7..N,117650_7..N,7,0,1755804990,07 1936+ 34H/MST,1755821688,1755821694,902,0,0
1755805020_1..S03R,117700_1..S03R,1,1,1755805020,01 1937  242/SFT,1755823029,1755823035,1198,0,0
1755805020_4..S06R,117700_4..S06R,4,1,1755805020,04 1937  WDL/UTI,1755823479,1755823485,1293,0,0
1755805080_GS.N04R,117800_GS.N04R,GS,0,1755805080,0S 1938  GCS/TSS,1755819552,1755819555,491,0,0
1755805110_1..N03R,117850_1..N03R,1,0,1755805110,01 1938+ SFT/242,1755822999,1755823005,1192,0,0
1755805140_7..S,117900_7..S,7,1,1755805140,07 1939 MST/34H,1755821610,1755821613,885,0,0
1755805170_6..S01R,117950_6..S01R,6,1,1755805170,06 1939+ PEL/BBR,1755823320,1755823323,1211,0,0
1755805170_7X..N,117950_7X..N,7X,0,1755805170,07 1939+ 34H/MST,1755821598,1755821604,858,0,0
1755805200_6..N02R,118000_6..N02R,6X,0,1755805200,06 1940  BBR/PEL,1755823299,1755823305,1207,0,0
1755805230_2..S01R,118050_2..S01R,2,1,1755805230,02 1940+ 241/FLA,1755825669,1755825675,1719,0,0
1755805230_3..N01R,118050_3..N01R,3,0,1755805230,03 1940+ NLT/148,1755824019,1755824025,1341,0,0
1755805230_5..S,118050_5..S,5,1,1755805230,05 1940+ DYR/UTI,1755824154,1755824160,8,0,0
1755805230_5..S07R,118050_5..S07R,5,1,1755805230,05 1940+ DYR/UTI,1755824028,1755824034,1322,0,0
1755805290_1..S03R,118150_1..S03R,1,1,1755805290,01 1941+ 242/SFT,1755823158,1755823164,1160,0,0
1755805290_GS.S04R,118150_GS.S04R,GS,1,1755805290,0S 1941+ TSS/GCS,1755819765,1755819769,471,0,0
1755805320_2..N01R,118200_2..N01R,2,0,1755805320,02 1942  FLA/241,1755825429,1755825435,1661,0,0
1755805320_4..N06R,118200_4..N06R,4,0,1755805320,04 1942  UTI/WDL,1755823749,1755823752,1285,0,0
1755805350_1..N03R,118250_1..N03R,1,0,1755805350,01 1942+ SFT/242,1755823194,1755823200,1167,0,0
1755805350_3..S01R,118250_3..S01R,3,1,1755805350,03 1942+ 148/NLT,1755823689,1755823695,1253,0,0
1755805350_7..N,118250_7..N,7,0,1755805350,07 1942+ 34H/MST,1755822000,1755822003,888,0,0
1755805380_7..S,118300_7..S,7,1,1755805380,07 1943 MST/34H,1755821859,1755821865,859,0,0
1755805380_GS.N01R,118300_GS.N01R,GS,0,1755805380,0S 1943  GCS/TSS,1755819867,1755819870,494,0,0
1755805440_4..S06R,118400_4..S06R,4,1,1755805440,04 1944  WDL/UTI,1755824103,1755824109,1359,0,0
1755805470_6..N01R,118450_6..N01R,6,0,1755805470,06 1944+ BBR/PEL,1755823608,1755823614,1201,0,0
1755805470_7X..N,118450_7X..N,7X,0,1755805470,07 1944+ 34H/MST,1755822069,1755822075,902,0,0
1755805500_6..S01R,118500_6..S01R,6,1,1755805500,06 1945  PEL/BBR,1755823686,1755823689,1218,0,0
1755805530_5..N71R,118550_5..N71R,5,0,1755805530,05 1945+ FLA/DYR,1755824859,1755824865,1450,0,0
1755805560_1..S03R,118600_1..S03R,1,1,1755805560,01 1946  242/SFT,1755823380,1755823383,1135,0,0
1755805590_1..N03R,118650_1..N03R,1,0,1755805590,01 1946+ SFT/242,1755823599,1755823605,1181,0,0
1755805590_GS.N04R,118650_GS.N04R,GS,0,1755805590,0S 1946+ GCS/TSS,1755820050,1755820054,462,0,0
1755805590_GS.S01R,118650_GS.S01R,GS,1,1755805590,0S 1946+ TSS/GCS,1755820059,1755820065,464,0,0
1755805620_5..S08R,118700_5..S08R,5,1,1755805620,05 1947  DYR/BWG,1755823578,1755823584,1162,0,0
1755805620_7..S,118700_7..S,7,1,1755805620,07 1947 MST/34H,1755822123,1755822129,873,0,0
1755805650_2..S01R,118750_2..S01R,2,1,1755805650,02 1947+ 241/FLA,1755826468,1755826474,1809,0,0
1755805710_7..N,118850_7..N,7,0,1755805710,07 1948+ 34H/MST,1755822465,1755822468,941,0,0
1755805740_2..N01R,118900_2..N01R,2,0,1755805740,02 1949  FLA/241,1755825954,1755825957,1696,0,0
1755805740_6..N02R,118900_6..N02R,6X,0,1755805740,06 1949  BBR/PEL,1755823938,1755823944,1272,0,0
1755805770_3..N01R,118950_3..N01R,3,0,1755805770,03 1949+ NLT/148,1755824460,1755824463,1296,0,0
1755805770_3..S01R,118950_3..S01R,3,1,1755805770,03 1949+ 148/NLT,1755824520,1755824523,1310,0,0
1755805800_GS.N01R,119000_GS.N01R,GS,0,1755805800,0S 1950  GCS/TSS,1755820299,1755820302,448,0,0
1755805800_GS.S04R,119000_GS.S04R,GS,1,1755805800,0S 1950  TSS/GCS,1755820284,1755820290,445,0,0
1755805830_1..N03R,119050_1..N03R,1,0,1755805830,01 1950+ SFT/242,1755823719,1755823725,1141,0,0
1755805830_1..S03R,119050_1..S03R,1,1,1755805830,01 1950+ 242/SFT,1755823569,1755823575,1110,0,0
1755805860_4..N06R,119100_4..N06R,4,0,1755805860,04 1951  UTI/WDL,1755824268,1755824274,1258,0,0
1755805860_6..S01R,119100_6..S01R,6,1,1755805860,06 1951  PEL/BBR,1755823860,1755823863,1189,0,0
1755805860_7..S,119100_7..S,7,1,1755805860,07 1951 MST/34H,1755822333,1755822339,880,0,0
1755805950_4..S06R,119250_4..S06R,4,1,1755805950,04 1952+ WDL/UTI,1755824340,1755824343,1272,0,0
1755805950_7X..N,119250_7X..N,7X,0,1755805950,07 1952+ 34H/MST,1755822303,1755822309,850,0,0
1755806010_2..S01R,119350_2..S01R,2,1,1755806010,02 1953+ 241/FLA,1755826699,1755826705,1800,0,0
1755806010_6..N03R,119350_6..N03R,6,0,1755806010,06 1953+ BBR/177,1755823254,1755823260,1061,0,0
1755806010_GS.S01R,119350_GS.S01R,GS,1,1755806010,0S 1953+ TSS/GCS,1755820482,1755820485,487,0,0
1755806040_GS.N04R,119400_GS.N04R,GS,0,1755806040,0S 1954  GCS/TSS,1755820494,1755820500,490,0,0
1755806070_1..N03R,119450_1..N03R,1,0,1755806070,01 1954+ SFT/242,1755823959,1755823965,1119,0,0
1755806100_5..N71R,119500_5..N71R,5,0,1755806100,05 1955  FLA/DYR,1755825369,1755825375,1436,0,0
1755806100_7..S,119500_7..S,7,1,1755806100,07 1955 MST/34H,1755822603,1755822609,878,0,0
1755806130_1..S03R,119550_1..S03R,1,1,1755806130,01 1955+ 242/SFT,1755823818,1755823824,1090,0,0
1755806130_6..S,119550_6..S,6,1,1755806130,/6 1955+ PEL/BBR,1755824595,1755824598,233,1,0
1755806130_6..S01R,119550_6..S01R,6,1,1755806130,/6 1955+ PEL/BBR,1755823338,1755823344,997,0,0
1755806190_3..S01R,119650_3..S01R,3,1,1755806190,03 1956+ 148/NLT,1755824649,1755824655,1265,0,0
1755806190_4..N06R,119650_4..N06R,4,0,1755806190,04 1956+ UTI/WDL,1755824508,1755824514,1235,0,0
1755806190_7..N,119650_7..N,7,0,1755806190,07 1956+ 34H/MST,1755822765,1755822768,871,0,0
1755806250_2..N01R,119750_2..N01R,2,0,1755806250,02 1957+ FLA/241,1755826318,1755826324,1636,0,0
1755806250_7..S,119750_7..S,7,1,1755806250,07 1957+ MST/34H,1755822834,1755822840,885,0,0
1755806250_GS.S04R,119750_GS.S04R,GS,1,1755806250,0S 1957+ TSS/GCS,1755820725,1755820729,466,0,0
1755806280_6..N02R,119800_6..N02R,6X,0,1755806280,06 1958  BBR/PEL,1755824400,1755824403,1229,0,0
1755806280_GS.N01R,119800_GS.N01R,GS,0,1755806280,0S 1958  GCS/TSS,1755820764,1755820770,474,0,0
1755806310_1..N03R,119850_1..N03R,1,0,1755806310,01 1958+ SFT/242,1755824280,1755824283,1187,0,0
1755806370_1..S03R,119950_1..S03R,1,1,1755806370,01 1959+ 242/SFT,1755824058,1755824064,1070,0,0
1755806370_4..S06R,119950_4..S06R,4,1,1755806370,04 1959+ WDL/UTI,1755824679,1755824685,1202,0,0
1755806400_3..N01R,120000_3..N01R,3,0,1755806400,03 2000  NLT/148,1755824928,1755824931,1260,0,0
1755806430_6..S01R,120050_6..S01R,6,1,1755806430,06 2000+ PEL/BBR,1755824799,1755824805,1248,0,0
1755806430_7..S,120050_7..S,7,1,1755806430,07 2000+ MST/34H,1755823059,1755823065,891,0,0
1755806430_7X..N,120050_7X..N,7X,0,1755806430,07 2000+ 34H/MST,1755822939,1755822945,865,0,0
1755806460_2..N01R,120100_2..N01R,2,0,1755806460,02 2001  FLA/241,1755826618,1755826621,1638,0,0
1755806460_4..N,120100_4..N,4,0,1755806460,/4 2001  UTI/WDL,1755825120,1755825123,105,0,0
1755806460_4..N06R,120100_4..N06R,4,0,1755806460,/4 2001  UTI/WDL,1755824544,1755824550,1153,0,0
1755806460_5..S08R,120100_5..S08R,5,1,1755806460,05 2001  DYR/BWG,1755824826,1755824829,1235,0,0
1755806490_GS.S01R,120150_GS.S01R,GS,1,1755806490,0S 2001+ TSS/GCS,1755821094,1755821100,468,0,0
1755806520_GS.N04R,120200_GS.N04R,GS,0,1755806520,0S 2002  GCS/TSS,1755821094,1755821100,468,0,0
1755806550_6..N01R,120250_6..N01R,6,0,1755806550,06 2002+ BBR/PEL,1755824790,1755824793,1245,0,0
1755806550_7..S,120250_7..S,7,1,1755806550,07 2002+ MST/34H,1755823260,1755823263,890,0,0
1755806580_2..S01R,120300_2..S01R,2,1,1755806580,02 2003  241/FLA,1755826879,1755826885,1702,0,0
1755806580_5..N71R,120300_5..N71R,5,0,1755806580,05 2003  FLA/DYR,1755826230,1755826236,1559,0,0
1755806640_1..S03R,120400_1..S03R,1,1,1755806640,01 2004  242/SFT,1755824370,1755824373,1129,0,0
1755806670_7..N,120450_7..N,7,0,1755806670,07 2004+ 34H/MST,1755823173,1755823179,841,0,0
1755806700_1..N03R,120500_1..N03R,1,0,1755806700,01 2005  SFT/242,1755824478,1755824481,725,0,0
1755806730_3..N56R,120550_3..N56R,3,0,1755806730,03 2005+ NLT/135,1755824928,1755824931,1192,0,0
1755806730_6..S01R,120550_6..S01R,6,1,1755806730,06 2005+ PEL/BBR,1755824964,1755824970,1219,0,0
1755806730_GS.S04R,120550_GS.S04R,GS,1,1755806730,0S 2005+ TSS/GCS,1755821252,1755821265,409,0,0
1755806760_GS.N01R,120600_GS.N01R,GS,0,1755806760,0S 2006  GCS/TSS,1755821274,1755821280,421,0,0
1755806790_4..S06R,120650_4..S06R,4,1,1755806790,04 2006+ WDL/UTI,1755824934,1755824940,1193,0,0
1755806790_7..S,120650_7..S,7,1,1755806790,07 2006+ MST/34H,1755823329,1755823335,868,0,0
1755806820_6..N02R,120700_6..N02R,6X,0,1755806820,06 2007  BBR/PEL,1755824919,1755824925,1207,0,0
1755806850_3..S01R,120750_3..S01R,3,1,1755806850,03 2007+ 148/NLT,1755825626,1755825636,1361,0,0
1755806880_2..N01R,120800_2..N01R,2,0,1755806880,02 2008  FLA/241,1755827380,1755827383,1769,0,0
1755806880_4..N06R,120800_4..N06R,4,0,1755806880,04 2008  UTI/WDL,1755825519,1755825525,1334,0,0
1755806910_1..S03R,120850_1..S03R,1,1,1755806910,01 2008+ 242/SFT,1755824889,1755824895,1180,0,0
1755806910_7X..N,120850_7X..N,7X,0,1755806910,07 2008+ 34H/MST,1755823335,1755823338,835,0,0
1755806940_7..S,120900_7..S,7,1,1755806940,07 2009 MST/34H,1755823548,1755823554,881,0,0
1755806970_GS.S01R,120950_GS.S01R,GS,1,1755806970,0S 2009+ TSS/GCS,1755825792,1755825795,1325,0,0
1755807000_GS.N04R,121000_GS.N04R,GS,0,1755807000,0S 2010  GCS/TSS,1755825792,1755825795,1324,0,0
1755807030_6..S01R,121050_6..S01R,6,1,1755807030,06 2010+ PEL/BBR,1755825120,1755825123,1191,0,0
1755807060_1..N03R,121100_1..N03R,1,0,1755807060,01 2011  SFT/242,1755825039,1755825045,1150,0,0
1755807090_5..N,121150_5..N,5,0,1755807090,/5 2011+ FLA/DYR,1755828190,1755828193,316,0,0
1755807090_5..N71R,121150_5..N71R,5,0,1755807090,/5 2011+ FLA/DYR,1755826579,1755826585,1493,0,0
1755807090_6..N03R,121150_6..N03R,6,0,1755807090,06 2011+ BBR/177,1755824379,1755824385,1021,0,0
1755807150_7..N,121250_7..N,7,0,1755807150,07 2012+ 34H/MST,1755823698,1755823704,859,0,0
1755807150_7..S,121250_7..S,7,1,1755807150,07 2012+ MST/34H,1755823803,1755823809,884,0,0
1755807180_1..S03R,121300_1..S03R,1,1,1755807180,01 2013  242/SFT,1755825000,1755825003,1143,0,0
1755807180_2..S01R,121300_2..S01R,2,1,1755807180,02 2013  241/FLA,1755827569,1755827575,1754,0,0
1755807180_5..S08R,121300_5..S08R,5,1,1755807180,05 2013  DYR/BWG,1755825153,1755825156,1180,0,0
1755807210_3..N01R,121350_3..N01R,3,0,1755807210,03 2013+ NLT/148,1755825847,1755825862,1334,0,0
1755807240_4..N,121400_4..N,4,0,1755807240,04 2014  UTI/WDL,1755825885,1755825891,121,0,0
1755807240_4..N06R,121400_4..N06R,4,0,1755807240,04 2014  UTI/WDL,1755825189,1755825195,1190,0,0
1755807270_2..N01R,121450_2..N01R,2,0,1755807270,02 2014+ FLA/241,1755827518,1755827521,1664,0,0
1755807270_3..S01R,121450_3..S01R,3,1,1755807270,03 2014+ 148/NLT,1755825990,1755825996,1296,0,0
1755807270_4..S06R,121450_4..S06R,4,1,1755807270,04 2014+ WDL/UTI,1755825450,1755825453,1188,0,0
1755807330_1..N03R,121550_1..N03R,1,0,1755807330,01 2015+ SFT/242,1755825150,1755825153,1113,0,0
1755807330_6..S01R,121550_6..S01R,6,1,1755807330,06 2015+ PEL/BBR,1755825300,1755825303,1169,0,0
1755807360_6..N02R,121600_6..N02R,6X,0,1755807360,06 2016  BBR/PEL,1755825348,1755825351,1126,0,0
1755807360_7..S,121600_7..S,7,1,1755807360,07 2016 MST/34H,1755824028,1755824034,883,0,0
1755807390_7X..N,121650_7X..N,7X,0,1755807390,07 2016+ 34H/MST,1755823869,1755823875,845,0,0
1755807450_1..S03R,121750_1..S03R,1,1,1755807450,01 2017+ 242/SFT,1755825150,1755825153,1116,0,0
1755807480_4..N06R,121800_4..N06R,4,0,1755807480,04 2018  UTI/WDL,1755826149,1755826155,1335,0,0
1755807570_5..N71R,121950_5..N71R,5,0,1755807570,05 2019+ FLA/DYR,1755827104,1755827110,1471,0,0
1755807570_7..S,121950_7..S,7,1,1755807570,07 2019+ MST/34H,1755824283,1755824289,902,0,0
1755807600_1..N,122000_1..N,1,0,1755807600,01 2020  SFT/242,1755825429,1755825435,866,0,0
1755807630_6..N01R,122050_6..N01R,6,0,1755807630,06 2020+ BBR/PEL,1755825885,1755825891,1238,0,0
1755807630_6..S01R,122050_6..S01R,6,1,1755807630,06 2020+ PEL/BBR,1755825666,1755825669,1193,0,0
1755807630_7..N,122050_7..N,7,0,1755807630,07 2020+ 34H/MST,1755824103,1755824109,848,0,0
1755807660_4..S06R,122100_4..S06R,4,1,1755807660,04 2021  WDL/UTI,1755825966,1755825967,1224,0,0
1755807720_GS.N01R,122200_GS.N01R,GS,0,1755807720,0S 2022  GCS/TSS,1755822188,1755822198,401,0,0
1755807750_1..S03R,122250_1..S03R,1,1,1755807750,01 2022+ 242/SFT,1755825429,1755825435,1118,0,0
1755807780_2..S01R,122300_2..S01R,2,1,1755807780,02 2023  241/FLA,1755828103,1755828106,1743,0,0
1755807780_3..N01R,122300_3..N01R,3,0,1755807780,03 2023  NLT/148,1755827023,1755827026,1468,0,0
1755807780_3..S01R,122300_3..S01R,3,1,1755807780,03 2023  148/NLT,1755826288,1755826291,1297,0,0
1755807780_5..S08R,122300_5..S08R,5,1,1755807780,05 2023  DYR/BWG,1755825847,1755825862,1225,0,0
1755807780_7..S,122300_7..S,7,1,1755807780,07 2023 MST/34H,1755824343,1755824349,858,0,0
1755807840_2..N01R,122400_2..N01R,2,0,1755807840,02 2024  FLA/241,1755828118,1755828121,1765,0,0
1755807870_1..N,122450_1..N,1,0,1755807870,01 2024+ SFT/215,1755825240,1755825243,816,0,0
1755807870_7X..N,122450_7X..N,7X,0,1755807870,07 2024+ 34H/MST,1755824244,1755824250,830,0,0
1755807900_4..N,122500_4..N,4,0,1755807900,/4 2025  UTI/WDL,1755827680,1755827683,213,0,0
1755807900_4..N06R,122500_4..N06R,4,0,1755807900,/4 2025  UTI/WDL,1755826696,1755826699,1331,0,0
1755807930_6..N01R,122550_6..N01R,6,0,1755807930,06 2025+ BBR/PEL,1755826020,1755826026,1201,0,0
1755807930_6..S01R,122550_6..S01R,6,1,1755807930,06 2025+ PEL/BBR,1755826095,1755826101,1223,0,0
1755807960_GS.N04R,122600_GS.N04R,GS,0,1755807960,0S 2026  GCS/TSS,1755822188,1755822363,350,0,0
1755807990_7..S,122650_7..S,7,1,1755807990,07 2026+ MST/34H,1755824535,1755824538,855,0,0
1755808050_1..S03R,122750_1..S03R,1,1,1755808050,01 2027+ 242/SFT,1755826095,1755826101,1193,0,0
1755808050_5..N71R,122750_5..N71R,5,0,1755808050,/5 2027+ FLA/DYR,1755827980,1755827983,1603,0,0
1755808110_7..N,122850_7..N,7,0,1755808110,07 2028+ 34H/MST,1755824649,1755824655,855,0,0
1755808140_1..N03R,122900_1..N03R,1,0,1755808140,01 2029  SFT/242,1755825966,1755825967,1163,0,0
1755808170_4..S06R,122950_4..S06R,4,1,1755808170,04 2029+ WDL/UTI,1755826300,1755826303,1175,0,0
1755808200_3..N01R,123000_3..N01R,3,0,1755808200,03 2030  NLT/148,1755827428,1755827431,1444,0,0
1755808200_7..S,123000_7..S,7,1,1755808200,07 2030 MST/34H,1755824886,1755824889,895,0,0
1755808230_3..S01R,123050_3..S01R,3,1,1755808230,03 2030+ 148/NLT,1755826879,1755826885,1312,0,0
1755808230_6..S01R,123050_6..S01R,6,1,1755808230,06 2030+ PEL/BBR,1755826354,1755826360,1214,0,0
1755808260_4..N,123100_4..N,4,0,1755808260,/4 2031  UTI/WDL,1755827440,1755827443,927,1,0
1755808260_4..N06R,123100_4..N06R,4,0,1755808260,04 2031  UTI/WDL,1755823053,1755823056,451,0,0
1755808260_6..N,123100_6..N,6,0,1755808260,/6 2031  BBR/177,1755825879,1755825885,173,0,0
1755808260_6..N03R,123100_6..N03R,6,0,1755808260,/6 2031  BBR/177,1755824910,1755824913,883,0,0
1755808320_2..N01R,123200_2..N01R,2,0,1755808320,02 2032  FLA/241,1755829069,1755829075,1893,0,0
1755808350_7X..N,123250_7X..N,7X,0,1755808350,07 2032+ 34H/MST,1755824778,1755824781,840,0,0
1755808380_2..S01R,123300_2..S01R,2,1,1755808380,02 2033  241/FLA,1755828349,1755828355,1675,0,0
1755808380_5..S08R,123300_5..S08R,5,1,1755808380,05 2033  DYR/BWG,1755826336,1755826339,1183,0,0
1755808410_1..N03R,123350_1..N03R,1,0,1755808410,01 2033+ SFT/242,1755826600,1755826603,1245,0,0
1755808410_1..S03R,123350_1..S03R,1,1,1755808410,01 2033+ 242/SFT,1755826227,1755826230,1158,0,0
1755808410_7..S,123350_7..S,7,1,1755808410,07 2033+ MST/34H,1755824970,1755824973,872,0,0
1755808560_6..N01R,123600_6..N01R,6,0,1755808560,06 2036  BBR/PEL,1755827113,1755827116,1301,0,0
1755808590_5..N71R,123650_5..N71R,5,0,1755808590,05 2036+ FLA/DYR,1755829183,1755829186,1818,0,0
1755808590_6..S01R,123650_6..S01R,6,1,1755808590,06 2036+ PEL/BBR,1755826588,1755826591,1173,0,0
1755808590_7..N,123650_7..N,7,0,1755808590,07 2036+ 34H/MST,1755825306,1755825309,884,0,0
1755808620_7..S,123700_7..S,7,1,1755808620,07 2037 MST/34H,1755825210,1755825213,861,0,0
1755808680_1..N03R,123800_1..N03R,1,0,1755808680,01 2038  SFT/242,1755826699,1755826705,1192,0,0
1755808680_4..S06R,123800_4..S06R,4,1,1755808680,04 2038  WDL/UTI,1755826978,1755826984,1258,0,0
1755808710_1..S03R,123850_1..S03R,1,1,1755808710,01 2038+ 242/SFT,1755826570,1755826573,1160,0,0
1755808740_3..N01R,123900_3..N01R,3,0,1755808740,03 2039  NLT/148,1755827764,1755827767,1448,0,0
1755808740_4..N06R,123900_4..N06R,4,0,1755808740,04 2039  UTI/WDL,1755827968,1755827971,1355,0,0
1755808800_3..S01R,124000_3..S01R,3,1,1755808800,03 2040  148/NLT,1755827359,1755827365,1323,0,0
1755808830_7..S,124050_7..S,7,1,1755808830,07 2040+ MST/34H,1755825399,1755825405,906,0,0
1755808830_7X..N,124050_7X..N,7X,0,1755808830,07 2040+ 34H/MST,1755825135,1755825138,844,0,0
1755808860_6..N01R,124100_6..N01R,6,0,1755808860,06 2041  BBR/PEL,1755827239,1755827245,1304,0,0
1755808890_6..S01R,124150_6..S01R,6,1,1755808890,06 2041+ PEL/BBR,1755827113,1755827116,1276,0,0
1755808950_1..N03R,124250_1..N03R,1,0,1755808950,01 2042+ SFT/242,1755827230,1755827236,1293,0,0
1755808980_5..S08R,124300_5..S08R,5,1,1755808980,05 2043  DYR/BWG,1755826930,1755826933,1221,0,0
1755809010_1..S03R,124350_1..S03R,1,1,1755809010,01 2043+ 242/SFT,1755826690,1755826693,1164,0,0
1755809040_7..S,124400_7..S,7,1,1755809040,07 2044 MST/34H,1755825558,1755825561,891,0,0
1755809070_7..N,124450_7..N,7,0,1755809070,07 2044+ 34H/MST,1755825651,1755825654,915,0,0
1755809100_2..N01R,124500_2..N01R,2,0,1755809100,02 2045  FLA/241,1755829669,1755829675,1871,0,0
1755809100_2..S01R,124500_2..S01R,2,1,1755809100,02 2045  241/FLA,1755829249,1755829255,1760,0,0
1755809130_3..N01R,124550_3..N01R,3,0,1755809130,03 2045+ NLT/148,1755828169,1755828175,1472,0,0
1755809160_4..S05R,124600_4..S05R,4,1,1755809160,04 2046  WDL/UTI,1755827974,1755827980,1421,0,0
1755809160_6..N01R,124600_6..N01R,6,0,1755809160,06 2046  BBR/PEL,1755827449,1755827455,1296,0,0
1755809220_1..N03R,124700_1..N03R,1,0,1755809220,01 2047  SFT/242,1755827350,1755827353,1260,0,0
1755809250_4..N06R,124750_4..N06R,4,0,1755809250,04 2047+ UTI/WDL,1755828199,1755828205,1451,0,0
1755809280_7..S,124800_7..S,7,1,1755809280,07 2048 MST/34H,1755825885,1755825891,929,0,0
1755809310_6..S,124850_6..S,6,1,1755809310,/6 2048+ PEL/BBR,1755827605,1755827608,636,0,0
1755809310_6..S01R,124850_6..S01R,6,1,1755809310,/6 2048+ PEL/BBR,1755824664,1755824670,645,0,0
1755809310_7X..N,124850_7X..N,7X,0,1755809310,07 2048+ 34H/MST,1755825885,1755825891,926,0,0
1755809340_1..S03R,124900_1..S03R,1,1,1755809340,01 2049  242/SFT,1755827083,1755827086,1198,0,0
1755809400_3..S01R,125000_3..S01R,3,1,1755809400,03 2050  148/NLT,1755827839,1755827845,1323,0,0
1755809460_6..N01R,125100_6..N01R,6,0,1755809460,06 2051  BBR/PEL,1755827860,1755827863,1338,0,0
1755809460_7..N,125100_7..N,7,0,1755809460,07 2051 34H/MST,1755826230,1755826236,951,0,0
1755809490_1..N03R,125150_1..N03R,1,0,1755809490,01 2051+ SFT/242,1755827638,1755827641,1274,0,0
1755809490_4..N06R,125150_4..N06R,4,0,1755809490,04 2051+ UTI/WDL,1755828529,1755828535,1505,0,0
1755809520_7..S,125200_7..S,7,1,1755809520,07 2052 MST/34H,1755826074,1755826077,917,0,0
1755809580_3..N56R,125300_3..N56R,3,0,1755809580,03 2053  NLT/135,1755827650,1755827653,1276,0,0
1755809670_1..S03R,125450_1..S03R,1,1,1755809670,01 2054+ 242/SFT,1755827488,1755827491,1169,0,0
1755809670_5..S08R,125450_5..S08R,5,1,1755809670,05 2054+ DYR/BWG,1755827503,1755827506,1168,0,0
1755809670_6..S01R,125450_6..S01R,6,1,1755809670,06 2054+ PEL/BBR,1755827815,1755827818,1261,0,0
1755809700_4..S05R,125500_4..S05R,4,1,1755809700,04 2055  WDL/UTI,1755828211,1755828214,1355,0,0
1755809760_1..N03R,125600_1..N03R,1,0,1755809760,01 2056  SFT/242,1755827929,1755827935,1283,0,0
1755809760_6..N03R,125600_6..N03R,6,0,1755809760,06 2056  BBR/177,1755827155,1755827158,1096,0,0
1755809760_7..S,125600_7..S,7,1,1755809760,07 2056 MST/34H,1755826291,1755826294,920,0,0
1755809790_2..S01R,125650_2..S01R,2,1,1755809790,02 2056+ 241/FLA,1755829900,1755829903,1808,0,0
1755809790_7X..N,125650_7X..N,7X,0,1755809790,07 2056+ 34H/MST,1755826276,1755826279,903,0,0
1755809940_2..N01R,125900_2..N01R,2,0,1755809940,02 2059  FLA/241,1755830260,1755830263,1905,0,0
1755810000_3..N01R,126000_3..N01R,3,0,1755810000,03 2100  NLT/148,1755828841,1755828844,1461,0,0
1755810000_7..S,126000_7..S,7,1,1755810000,07 2100 MST/34H,1755826480,1755826483,909,0,0
1755810030_1..N,126050_1..N,1,0,1755810030,01 2100+ SFT/242,1755828091,1755828094,919,0,0
1755810030_1..N14R,126050_1..N14R,1,0,1755810030,01 2100+ SFT/215,1755824133,1755824139,343,0,0
1755810030_3..S01R,126050_3..S01R,3,1,1755810030,03 2100+ 148/NLT,1755828400,1755828403,1343,0,0
1755810030_7..N,126050_7..N,7,0,1755810030,07 2100+ 34H/MST,1755826525,1755826528,914,0,0
1755810060_4..N06R,126100_4..N06R,4,0,1755810060,04 2101  UTI/WDL,1755828748,1755828751,1436,0,0
1755810060_6..N01R,126100_6..N01R,6,0,1755810060,06 2101  BBR/PEL,1755828241,1755828244,1311,0,0
1755810090_6..S01R,126150_6..S01R,6,1,1755810090,06 2101+ PEL/BBR,1755828121,1755828124,1279,0,0
1755810240_2..N01R,126400_2..N01R,2,0,1755810240,02 2104  FLA/241,1755830863,1755830866,1986,0,0
1755810240_4..S01R,126400_4..S01R,4,1,1755810240,04 2104  WDL/NLT,1755829771,1755829774,1712,0,0
1755810240_5..S08R,126400_5..S08R,5,1,1755810240,05 2104  DYR/BWG,1755828094,1755828100,1272,0,0
1755810240_7X..N,126400_7X..N,7X,0,1755810240,07 2104 34H/MST,1755826603,1755826606,880,0,0
1755810270_1..S03R,126450_1..S03R,1,1,1755810270,01 2104+ 242/SFT,1755828091,1755828094,1200,0,0
1755810300_1..N,126500_1..N,1,0,1755810300,01 2105  SFT/215,1755827548,1755827551,724,0,0
1755810300_1..N03R,126500_1..N03R,1,0,1755810300,01 2105  SFT/242,1755824403,1755824409,337,0,0
1755810300_7..S,126500_7..S,7,1,1755810300,07 2105 MST/34H,1755826723,1755826729,910,0,0
1755810360_6..N01R,126600_6..N01R,6,0,1755810360,06 2106  BBR/PEL,1755828649,1755828655,1358,0,0
1755810450_7..N,126750_7..N,7,0,1755810450,07 2107+ 34H/MST,1755827023,1755827026,948,0,0
1755810510_6..S01R,126850_6..S01R,6,1,1755810510,06 2108+ PEL/BBR,1755828814,1755828820,1402,0,0
1755810540_2..S01R,126900_2..S01R,2,1,1755810540,02 2109  241/FLA,1755830389,1755830395,1816,0,0
1755810540_4..N06R,126900_4..N06R,4,0,1755810540,04 2109  UTI/WDL,1755828994,1755829000,1440,0,0
1755810570_1..N03R,126950_1..N03R,1,0,1755810570,01 2109+ SFT/242,1755828520,1755828523,1252,0,0
1755810600_5..N73R,127000_5..N73R,5,0,1755810600,05 2110  BWG/DYR,1755828589,1755828595,1247,0,0
1755810600_7..S,127000_7..S,7,1,1755810600,07 2110 MST/34H,1755827287,1755827296,976,0,0
1755810660_6..N01R,127100_6..N01R,6,0,1755810660,06 2111  BBR/PEL,1755828868,1755828871,1354,0,0
1755810660_7X..N,127100_7X..N,7X,0,1755810660,07 2111 34H/MST,1755827029,1755827035,888,0,0
1755810690_3..N01X010,127150_3..N01X010,3,0,1755810690,03 2111+ NLT/148,1755829339,1755829345,1471,0,0
1755810720_2..N01X038,127200_2..N01X038,2,0,1755810720,02 2112  FLA/241,1755831199,1755831205,1972,0,0
1755810720_3..S01R,127200_3..S01R,3,1,1755810720,03 2112  148/NLT,1755829471,1755829474,1506,0,0
1755810810_4..N06R,127350_4..N06R,4,0,1755810810,04 2113+ UTI/WDL,1755829123,1755829126,1413,0,0
1755810840_1..N03R,127400_1..N03R,1,0,1755810840,01 2114  SFT/242,1755828841,1755828844,1338,0,0
1755810840_5..S01R,127400_5..S01R,5,1,1755810840,05 2114  DYR/180,1755825954,1755825957,586,0,0
1755810870_1..S03R,127450_1..S03R,1,1,1755810870,01 2114+ 242/SFT,1755828859,1755828865,1280,0,0
1755810870_5..N73R,127450_5..N73R,5,0,1755810870,05 2114+ BWG/DYR,1755828973,1755828976,1319,0,0
1755810870_7..N,127450_7..N,7,0,1755810870,07 2114+ 34H/MST,1755827668,1755827671,1025,0,0
1755810900_4..S01X008,127500_4..S01X008,4,1,1755810900,04 2115  WDL/NLT,1755830533,1755830536,1649,0,0
1755810900_7..S,127500_7..S,7,1,1755810900,07 2115 MST/34H,1755827506,1755827509,959,0,0
1755810930_6..S01R,127550_6..S01R,6,1,1755810930,06 2115+ PEL/BBR,1755829228,1755829231,1388,0,0
1755810960_6..N01R,127600_6..N01R,6,0,1755810960,06 2116  BBR/PEL,1755829084,1755829090,1349,0,0
1755811080_2..S01X098,127800_2..S01X098,2,1,1755811080,02 2118  241/FLA,1755831433,1755831436,1971,0,0
1755811080_7X..N,127800_7X..N,7X,0,1755811080,07 2118 34H/MST,1755827509,1755827515,937,0,0
1755811110_1..N03R,127850_1..N03R,1,0,1755811110,01 2118+ SFT/242,1755829123,1755829126,1351,0,0
1755811110_4..N06R,127850_4..N06R,4,0,1755811110,E4 2118+ UTI/WDL,1755829609,1755829615,1189,0,0
1755811170_3..N01X010,127950_3..N01X010,3,0,1755811170,03 2119+ NLT/148,1755829840,1755829843,1480,0,0
1755811200_2..N01X038,128000_2..N01X038,2,0,1755811200,02 2120  FLA/241,1755831733,1755831736,1987,0,0
1755811200_7..S,128000_7..S,7,1,1755811200,07 2120 MST/34H,1755827680,1755827683,948,0,0
1755811200_GS.N01R,128000_GS.N01R,GS,0,1755811200,0S 2120  GCS/TSS,1755825847,1755825862,7,0,0
1755811260_6..N01R,128100_6..N01R,6,0,1755811260,06 2121  BBR/PEL,1755829501,1755829504,1397,0,0
1755811290_7..N,128150_7..N,7,0,1755811290,07 2121+ 34H/MST,1755827854,1755827860,976,0,0
1755811380_1..N03R,128300_1..N03R,1,0,1755811380,01 2123  SFT/242,1755829741,1755829744,1454,0,0
1755811380_2..S,128300_2..S,2,1,1755811380,/2 2123  241/FLA,1755832981,1755832984,1324,1,0
1755811380_2..S01X098,128300_2..S01X098,2,1,1755811380,/2 2123  241/FLA,1755827794,1755827800,891,0,0
1755811380_4..N06R,128300_4..N06R,4,0,1755811380,04 2123  UTI/WDL,1755829939,1755829945,1506,0,0
1755811380_6..S01R,128300_6..S01R,6,1,1755811380,06 2123  PEL/BBR,1755829648,1755829651,1438,0,0
1755811410_5..N73R,128350_5..N73R,5,0,1755811410,05 2123+ BWG/DYR,1755829423,1755829426,1357,0,0
1755811410_GS.S01R,128350_GS.S01R,GS,1,1755811410,0S 2123+ TSS/GCS,1755826089,1755826095,52,0,0
1755811440_3..S01R,128400_3..S01R,3,1,1755811440,03 2124  148/NLT,1755830080,1755830083,1542,0,0
1755811470_1..S03R,128450_1..S03R,1,1,1755811470,01 2124+ 242/SFT,1755829183,1755829186,1240,0,0
1755811470_5..S01R,128450_5..S01R,5,1,1755811470,05 2124+ DYR/180,1755826648,1755826654,599,0,0
1755811500_4..S,128500_4..S,4,1,1755811500,04 2125  WDL/NLT,1755831544,1755831550,854,0,0
1755811500_4..S01X008,128500_4..S01X008,4,1,1755811500,04 2125  WDL/NLT,1755828001,1755828004,924,0,0
1755811500_7..S,128500_7..S,7,1,1755811500,07 2125 MST/34H,1755828040,1755828043,983,0,0
1755811500_7X..N,128500_7X..N,7X,0,1755811500,07 2125 34H/MST,1755828073,1755828076,992,0,0
1755811500_GS.N04R,128500_GS.N04R,GS,0,1755811500,0S 2125  GCS/TSS,1755826089,1755826095,56,0,0
1755811560_3..N56X001,128600_3..N56X001,3,0,1755811560,03 2126  NLT/135,1755830509,1755830515,1597,0,0
1755811560_6..N01R,128600_6..N01R,6,0,1755811560,06 2126  BBR/PEL,1755829741,1755829744,1395,0,0
1755811650_1..N03R,128750_1..N03R,1,0,1755811650,01 2127+ SFT/242,1755830191,1755830194,1512,0,0
1755811710_2..N01X038,128850_2..N01X038,2,0,1755811710,02 2128+ FLA/241,1755832759,1755832765,2198,0,0
1755811710_7..N,128850_7..N,7,0,1755811710,07 2128+ 34H/MST,1755828505,1755828508,1061,0,0
1755811710_GS.S04R,128850_GS.S04R,GS,1,1755811710,0S 2128+ TSS/GCS,1755826230,1755826236,79,0,0
1755811800_7..S,129000_7..S,7,1,1755811800,07 2130 MST/34H,1755828271,1755828274,978,0,0
1755811800_GS.N01R,129000_GS.N01R,GS,0,1755811800,0S 2130  GCS/TSS,1755849616,1755849620,5199,0,0
1755811860_6..N01R,129100_6..N01R,6,0,1755811860,06 2131  BBR/PEL,1755830098,1755830101,1432,0,0
1755811890_6..S01R,129150_6..S01R,6,1,1755811890,06 2131+ PEL/BBR,1755830119,1755830125,1438,0,0
1755811920_1..N03R,129200_1..N03R,1,0,1755811920,01 2132  SFT/242,1755830419,1755830425,1521,0,0
1755811950_7X..N,129250_7X..N,7X,0,1755811950,07 2132+ 34H/MST,1755828406,1755828409,985,0,0
1755811980_1..S03R,129300_1..S03R,1,1,1755811980,01 2133  242/SFT,1755830029,1755830035,1416,0,0
1755811980_4..N06R,129300_4..N06R,4,0,1755811980,04 2133  UTI/WDL,1755830683,1755830686,1579,0,0
1755811980_5..N73R,129300_5..N73R,5,0,1755811980,05 2133  BWG/DYR,1755830401,1755830404,1512,0,0
1755812040_2..S01X098,129400_2..S01X098,2,1,1755812040,02 2134  241/FLA,1755833149,1755833155,2251,0,0
1755812100_4..S,129500_4..S,4,1,1755812100,04 2135  WDL/NLT,1755832369,1755832375,883,0,0
1755812100_4..S01X008,129500_4..S01X008,4,1,1755812100,04 2135  WDL/NLT,1755828649,1755828655,968,0,0
1755812100_7..S,129500_7..S,7,1,1755812100,07 2135 MST/34H,1755828553,1755828556,969,0,0
1755812100_GS.N04R,129500_GS.N04R,GS,0,1755812100,0S 2135  GCS/TSS,1755849616,1755849620,5226,0,0
1755812160_3..N01X010,129600_3..N01X010,3,0,1755812160,03 2136  NLT/148,1755831169,1755831175,1648,0,0
1755812160_6..N03R,129600_6..N03R,6,0,1755812160,06 2136  BBR/177,1755827899,1755827905,782,0,0
1755812190_2..N01X038,129650_2..N01X038,2,0,1755812190,02 2136+ FLA/241,1755832930,1755832933,1986,0,0
1755812190_5..S01R,129650_5..S01R,5,1,1755812190,05 2136+ DYR/180,1755827323,1755827326,632,0,0
1755812190_7..N,129650_7..N,7,0,1755812190,07 2136+ 34H/MST,1755828793,1755828796,1033,0,0
1755812220_1..N03R,129700_1..N03R,1,0,1755812220,01 2137  SFT/242,1755830629,1755830635,1513,0,0
1755812400_2..N01X038,130000_2..N01X038,2,0,1755812400,E2 2140  FLA/241,1755833374,1755833380,1745,0,0
1755812400_6..S01R,130000_6..S01R,6,1,1755812400,06 2140  PEL/BBR,1755830674,1755830680,1456,0,0
1755812400_7..S,130000_7..S,7,1,1755812400,07 2140 MST/34H,1755828934,1755828940,1031,0,0
1755812430_7X..N,130050_7X..N,7X,0,1755812430,07 2140+ 34H/MST,1755828955,1755828958,1023,0,0
1755812460_6..N01R,130100_6..N01R,6,0,1755812460,06 2141  BBR/PEL,1755830563,1755830566,1428,0,0
1755812520_1..N03R,130200_1..N03R,1,0,1755812520,01 2142  SFT/242,1755830809,1755830815,1494,0,0
1755812580_4..N06R,130300_4..N06R,4,0,1755812580,04 2143  UTI/WDL,1755830863,1755830866,1496,0,0
1755812640_4..S,130400_4..S,4,1,1755812640,04 2144  WDL/NLT,1755832603,1755832606,896,0,0
1755812640_4..S01X008,130400_4..S01X008,4,1,1755812640,04 2144  WDL/NLT,1755828859,1755828865,957,0,0
1755812640_5..N73R,130400_5..N73R,5,0,1755812640,05 2144  BWG/DYR,1755830521,1755830524,1417,0,0
1755812670_1..S03R,130450_1..S03R,1,1,1755812670,01 2144+ 242/SFT,1755830290,1755830293,1281,0,0
1755812670_2..N01X180,130450_2..N01X180,2,0,1755812670,02 2144+ FLA/241,1755833509,1755833515,2142,0,0
1755812700_7..S,130500_7..S,7,1,1755812700,07 2145 MST/34H,1755829114,1755829120,1011,0,0
1755812730_7..N,130550_7..N,7,0,1755812730,07 2145+ 34H/MST,1755829240,1755829243,1012,0,0
1755812760_3..N01X046,130600_3..N01X046,3,0,1755812760,03 2146  NLT/148,1755831583,1755831586,1617,0,0
1755812760_6..N,130600_6..N,6,0,1755812760,E6 2146  BBR/PEL,1755830713,1755830716,700,0,0
1755812760_6..N01R,130600_6..N01R,6,0,1755812760,06 2146  BBR/PEL,1755828106,1755828109,694,0,0
1755812820_2..S01X098,130700_2..S01X098,2,1,1755812820,02 2147  241/FLA,1755833281,1755833284,2081,0,0
1755812850_6..S01R,130750_6..S01R,6,1,1755812850,06 2147+ PEL/BBR,1755831544,1755831550,1618,0,0
1755812880_1..N11R,130800_1..N11R,1,0,1755812880,01 2148  SFT/242,1755831193,1755831196,1524,0,0
1755812880_4..S,130800_4..S,4,1,1755812880,E4 2148  161/WAL,1755829630,1755829633,372,0,0
1755812880_4..S01R,130800_4..S01R,4,1,1755812880,E4 2148  161/WAL,1755828244,1755828250,260,0,0
1755812910_3..S01X028,130850_3..S01X028,3,1,1755812910,03 2148+ 148/NLT,1755831274,1755831280,1535,0,0
1755812910_5..S01R,130850_5..S01R,5,1,1755812910,05 2148+ DYR/180,1755828073,1755828076,685,0,0
1755812910_GS.S04R,130850_GS.S04R,GS,1,1755812910,0S 2148+ TSS/GCS,1755827287,1755827314,334,0,0
1755813000_7..S,131000_7..S,7,1,1755813000,07 2150 MST/34H,1755829435,1755829438,1024,0,0
1755813000_GS.N01R,131000_GS.N01R,GS,0,1755813000,0S 2150  GCS/TSS,1755827287,1755827401,334,0,0
1755813030_7..N,131050_7..N,7,0,1755813030,07 2150+ 34H/MST,1755829666,1755829669,1069,0,0
1755813150_6..N01R,131250_6..N01R,6,0,1755813150,06 2152+ BBR/PEL,1755831409,1755831415,1510,0,0
1755813180_4..N,131300_4..N,4,0,1755813180,04 2153  UTI/WDL,1755831934,1755831940,204,0,0
1755813180_4..N06R,131300_4..N06R,4,0,1755813180,04 2153  UTI/WDL,1755830944,1755830950,1374,0,0
1755813210_4..S,131350_4..S,4,1,1755813210,04 2153+ WDL/NLT,1755833041,1755833044,303,1,1
1755813210_4..S01X008,131350_4..S01X008,4,1,1755813210,04 2153+ WDL/NLT,1755831400,1755831403,1495,0,0
1755813240_5..N73R,131400_5..N73R,5,0,1755813240,05 2154  BWG/DYR,1755831109,1755831115,1431,0,0
1755813270_1..S03R,131450_1..S03R,1,1,1755813270,01 2154+ 242/SFT,1755831439,1755831445,1435,0,0
1755813300_7..S,131500_7..S,7,1,1755813300,07 2155 MST/34H,1755829858,1755829861,1057,0,0
1755813300_GS.N04R,131500_GS.N04R,GS,0,1755813300,0S 2155  GCS/TSS,1755827752,1755827764,434,0,0
1755813330_2..N01X180,131550_2..N01X180,2,0,1755813330,02 2155+ FLA/241,1755834130,1755834133,1755,0,0
1755813330_6..S01R,131550_6..S01R,6,1,1755813330,06 2155+ PEL/BBR,1755831688,1755831691,1504,0,0
1755813330_7..N,131550_7..N,7,0,1755813330,07 2155+ 34H/MST,1755830158,1755830161,1137,0,0
1755813360_3..N01X046,131600_3..N01X046,3,0,1755813360,03 2156  NLT/148,1755832840,1755832843,1810,0,0
1755813510_6..N01R,131850_6..N01R,6,0,1755813510,06 2158+ BBR/PEL,1755831649,1755831655,1494,0,0
1755813540_1..N11R,131900_1..N11R,1,0,1755813540,01 2159  SFT/242,1755831454,1755831460,1439,0,0
1755813600_2..S01X098,132000_2..S01X098,2,1,1755813600,02 2200  241/FLA,1755833821,1755833824,2020,0,0
1755813600_7..S,132000_7..S,7,1,1755813600,07 2200 MST/34H,1755830059,1755830065,1020,0,0
1755813600_GS.N01R,132000_GS.N01R,GS,0,1755813600,0S 2200  GCS/TSS,1755827752,1755828001,368,0,0
1755813630_7..N,132050_7..N,7,0,1755813630,07 2200+ 34H/MST,1755830419,1755830425,1117,0,0
1755813660_5..S01R,132100_5..S01R,5,1,1755813660,05 2201  DYR/180,1755828859,1755828865,690,0,0
1755813780_3..S01X028,132300_3..S01X028,3,1,1755813780,03 2203  148/NLT,1755832159,1755832165,1577,0,0
1755813780_4..N06R,132300_4..N06R,4,0,1755813780,04 2203  UTI/WDL,1755832063,1755832066,1551,0,0
1755813810_6..S01R,132350_6..S01R,6,1,1755813810,06 2203+ PEL/BBR,1755831841,1755831844,1492,0,0
1755813840_5..N73R,132400_5..N73R,5,0,1755813840,05 2204  BWG/DYR,1755831604,1755831610,1429,0,0
1755813870_1..S03R,132450_1..S03R,1,1,1755813870,01 2204+ 242/SFT,1755831904,1755831910,1443,0,0
1755813870_2..N01X180,132450_2..N01X180,2,0,1755813870,02 2204+ FLA/241,1755834691,1755834694,2186,0,0
1755813870_6..N01R,132450_6..N01R,6,0,1755813870,06 2204+ BBR/PEL,1755832123,1755832126,1501,0,0
1755813900_4..S,132500_4..S,4,1,1755813900,04 2205  WDL/NLT,1755833830,1755833833,800,1,1
1755813900_4..S01X008,132500_4..S01X008,4,1,1755813900,04 2205  WDL/NLT,1755830254,1755830260,1000,0,0
1755813900_7..S,132500_7..S,7,1,1755813900,07 2205 MST/34H,1755830389,1755830395,1065,0,0
1755813930_7..N,132550_7..N,7,0,1755813930,07 2205+ 34H/MST,1755830539,1755830545,1105,0,0
1755813960_3..N01X046,132600_3..N01X046,3,0,1755813960,03 2206  NLT/148,1755833230,1755833233,1795,0,0
1755814140_1..N11R,132900_1..N11R,1,0,1755814140,01 2209  SFT/242,1755832129,1755832135,1502,0,0
1755814200_7..S,133000_7..S,7,1,1755814200,07 2210 MST/34H,1755830734,1755830740,1100,0,0
1755814230_7..N,133050_7..N,7,0,1755814230,07 2210+ 34H/MST,1755830845,1755830848,1112,0,0
1755814290_6..N01R,133150_6..N01R,6,0,1755814290,06 2211+ BBR/PEL,1755832450,1755832453,1516,0,0
1755814320_2..S,133200_2..S,2,1,1755814320,02 2212  241/FLA,1755835201,1755835204,772,0,0
1755814320_2..S01X098,133200_2..S01X098,2,1,1755814320,02 2212  241/FLA,1755832213,1755832216,1453,0,0
1755814350_6..S01R,133250_6..S01R,6,1,1755814350,06 2212+ PEL/BBR,1755832618,1755832621,1561,0,0
1755814380_4..N06R,133300_4..N06R,4,0,1755814380,04 2213  UTI/WDL,1755833200,1755833203,1715,0,0
1755814440_5..N73R,133400_5..N73R,5,0,1755814440,05 2214  BWG/DYR,1755832504,1755832510,1529,0,0
1755814470_1..S03R,133450_1..S03R,1,1,1755814470,01 2214+ 242/SFT,1755832423,1755832426,1437,0,0
1755814470_2..N01X180,133450_2..N01X180,2,0,1755814470,02 2214+ FLA/241,1755835120,1755835123,2155,0,0
1755814500_4..S,133500_4..S,4,1,1755814500,04 2215  WDL/NLT,1755834571,1755834574,855,0,0
1755814500_4..S01X008,133500_4..S01X008,4,1,1755814500,04 2215  WDL/NLT,1755830926,1755830929,1037,0,0
1755814500_7..S,133500_7..S,7,1,1755814500,07 2215 MST/34H,1755830908,1755830911,1025,0,0
1755814530_3..N01X046,133550_3..N01X046,3,0,1755814530,03 2215+ NLT/148,1755833791,1755833794,1801,0,0
1755814530_7..N,133550_7..N,7,0,1755814530,07 2215+ 34H/MST,1755831136,1755831139,1088,0,0
1755814620_4..S01R,133700_4..S01R,4,1,1755814620,E4 2217  161/WAL,1755831334,1755831340,558,0,0
1755814710_6..N01R,133850_6..N01R,6,0,1755814710,06 2218+ BBR/PEL,1755832969,1755832975,1582,0,0
1755814710_GS.S04R,133850_GS.S04R,GS,1,1755814710,0S 2218+ TSS/GCS,1755829180,1755829183,12,0,0
1755814740_1..N11R,133900_1..N11R,1,0,1755814740,01 2219  SFT/242,1755832624,1755832630,1490,0,0
1755814740_5..S01R,133900_5..S01R,5,1,1755814740,05 2219  DYR/180,1755829960,1755829963,776,0,0
1755814800_7..S,134000_7..S,7,1,1755814800,07 2220 MST/34H,1755831235,1755831238,1052,0,0
1755814800_GS.N01R,134000_GS.N01R,GS,0,1755814800,0S 2220  GCS/TSS,1755829270,1755829273,17,0,0
1755814830_7..N,134050_7..N,7,0,1755814830,07 2220+ 34H/MST,1755831328,1755831331,1076,0,0
1755814890_6..S01R,134150_6..S01R,6,1,1755814890,06 2221+ PEL/BBR,1755833158,1755833161,1563,0,0
1755814950_4..N06R,134250_4..N06R,4,0,1755814950,04 2222+ UTI/WDL,1755833479,1755833485,1649,0,0
1755815010_3..S88X001,134350_3..S88X001,3,1,1755815010,03 2223+ 148/34S,1755830809,1755830815,935,0,0
1755815010_GS.S01R,134350_GS.S01R,GS,1,1755815010,0S 2223+ TSS/GCS,1755829450,1755829453,29,0,0
1755815040_2..S,134400_2..S,2,1,1755815040,02 2224  241/FLA,1755835321,1755835324,688,0,0
1755815040_2..S01X098,134400_2..S01X098,2,1,1755815040,02 2224  241/FLA,1755832654,1755832660,1428,0,0
1755815070_1..S03R,134450_1..S03R,1,1,1755815070,01 2224+ 242/SFT,1755833200,1755833203,1495,0,0
1755815070_2..N,134450_2..N,2,0,1755815070,/2 2224+ FLA/241,1755835591,1755835594,403,0,0
1755815070_2..N01X180,134450_2..N01X180,2,0,1755815070,02 2224+ FLA/241,1755833854,1755833860,1670,0,0
1755815100_4..S,134500_4..S,4,1,1755815100,04 2225  WDL/NLT,1755835429,1755835435,848,1,1
1755815100_4..S01X008,134500_4..S01X008,4,1,1755815100,04 2225  WDL/NLT,1755831673,1755831676,1088,0,0
1755815100_7..S,134500_7..S,7,1,1755815100,07 2225 MST/34H,1755831724,1755831730,1126,0,0
1755815100_GS.N04R,134500_GS.N04R,GS,0,1755815100,0S 2225  GCS/TSS,1755829540,1755829543,35,0,0
1755815130_3..N01X046,134550_3..N01X046,3,0,1755815130,03 2225+ NLT/148,1755829630,1755829633,539,0,0
1755815130_6..N01R,134550_6..N01R,6,0,1755815130,06 2225+ BBR/PEL,1755833359,1755833365,1538,0,0
1755815130_7..N,134550_7..N,7,0,1755815130,07 2225+ 34H/MST,1755831898,1755831901,1172,0,0
1755815220_4..N01X006,134700_4..N01X006,4,0,1755815220,04 2227  NLT/WDL,1755834151,1755834154,1749,0,0
1755815310_GS.S04R,134850_GS.S04R,GS,1,1755815310,0S 2228+ TSS/GCS,1755829780,1755829783,51,0,0
1755815340_1..N11R,134900_1..N11R,1,0,1755815340,01 2229  SFT/242,1755833221,1755833224,1500,0,0
1755815400_7..S,135000_7..S,7,1,1755815400,07 2230 MST/34H,1755831943,1755831946,1133,0,0
1755815400_GS.N01R,135000_GS.N01R,GS,0,1755815400,0S 2230  GCS/TSS,1755829870,1755829873,56,0,0
1755815430_7..N,135050_7..N,7,0,1755815430,07 2230+ 34H/MST,1755831991,1755831994,1108,0,0
1755815490_6..S01R,135150_6..S01R,6,1,1755815490,06 2231+ PEL/BBR,1755833809,1755833815,1582,0,0
1755815550_4..N06R,135250_4..N06R,4,0,1755815550,04 2232+ UTI/WDL,1755833779,1755833785,1574,0,0
1755815580_6..N01R,135300_6..N01R,6,0,1755815580,06 2233  BBR/PEL,1755833869,1755833875,1598,0,0
1755815610_GS.S01R,135350_GS.S01R,GS,1,1755815610,0S 2233+ TSS/GCS,1755830110,1755830113,72,0,0
1755815670_1..S03R,135450_1..S03R,1,1,1755815670,01 2234+ 242/SFT,1755833470,1755833473,1380,0,0
1755815700_7..S,135500_7..S,7,1,1755815700,07 2235 MST/34H,1755832276,1755832279,1137,0,0
1755815700_GS.N04R,135500_GS.N04R,GS,0,1755815700,0S 2235  GCS/TSS,1755830170,1755830173,76,0,0
1755815730_2..N01X180,135550_2..N01X180,2,0,1755815730,02 2235+ FLA/241,1755836050,1755836053,2100,0,0
1755815730_7..N,135550_7..N,7,0,1755815730,07 2235+ 34H/MST,1755832258,1755832261,1132,0,0
1755815760_2..S,135600_2..S,2,1,1755815760,02 2236  241/FLA,1755836671,1755836674,698,0,0
1755815760_2..S01X098,135600_2..S01X098,2,1,1755815760,02 2236  241/FLA,1755833974,1755833980,1520,0,0
1755815790_5..S01R,135650_5..S01R,5,1,1755815790,05 2236+ DYR/180,1755830989,1755830995,751,0,0
1755815820_4..S,135700_4..S,4,1,1755815820,04 2237  WDL/NLT,1755835528,1755835534,843,1,1
1755815820_4..S01X008,135700_4..S01X008,4,1,1755815820,04 2237  WDL/NLT,1755831610,1755831613,917,0,0
1755815850_4..N01X006,135750_4..N01X006,4,0,1755815850,04 2237+ NLT/WDL,1755834679,1755834685,1712,0,0
1755815910_GS.S04R,135850_GS.S04R,GS,1,1755815910,0S 2238+ TSS/GCS,1755830395,1755830398,91,0,0
1755815940_1..N11R,135900_1..N11R,1,0,1755815940,01 2239  SFT/242,1755833890,1755833893,1524,0,0
1755815940_4..S,135900_4..S,4,1,1755815940,E4 2239  161/WAL,1755832534,1755832540,355,0,0
1755815940_4..S01X008,135900_4..S01X008,4,1,1755815940,E4 2239  161/WAL,1755831205,1755831208,260,0,0
1755816000_7..S,136000_7..S,7,1,1755816000,07 2240 MST/34H,1755832471,1755832474,1091,0,0
1755816000_GS.N01R,136000_GS.N01R,GS,0,1755816000,0S 2240  GCS/TSS,1755830485,1755830488,97,0,0
1755816030_7..N,136050_7..N,7,0,1755816030,07 2240+ 34H/MST,1755832618,1755832621,1130,0,0
1755816060_6..N01R,136100_6..N01R,6,0,1755816060,06 2241  BBR/PEL,1755834319,1755834325,1560,0,0
1755816090_6..S01R,136150_6..S01R,6,1,1755816090,06 2241+ PEL/BBR,1755834130,1755834133,1509,0,0
1755816150_3..S88X001,136250_3..S88X001,3,1,1755816150,03 2242+ 148/34S,1755832174,1755832180,988,0,0
1755816210_5..N01R,136350_5..N01R,5,0,1755816210,05 2243+ 180/DYR,1755831379,1755831385,775,0,0
1755816210_GS.S01R,136350_GS.S01R,GS,1,1755816210,0S 2243+ TSS/GCS,1755830695,1755830698,111,0,0
1755816270_1..S03R,136450_1..S03R,1,1,1755816270,01 2244+ 242/SFT,1755834169,1755834175,1440,0,0
1755816300_7..S,136500_7..S,7,1,1755816300,07 2245 MST/34H,1755832960,1755832963,1118,0,0
1755816300_GS.N04R,136500_GS.N04R,GS,0,1755816300,0S 2245  GCS/TSS,1755830755,1755830758,115,0,0
1755816330_7..N,136550_7..N,7,0,1755816330,07 2245+ 34H/MST,1755833005,1755833008,1130,0,0
1755816360_2..N01X180,136600_2..N01X180,2,0,1755816360,02 2246  FLA/241,1755836569,1755836575,2079,0,0
1755816420_4..N01X006,136700_4..N01X006,4,0,1755816420,04 2247  NLT/WDL,1755835630,1755835633,1827,0,0
1755816480_2..S01X098,136800_2..S01X098,2,1,1755816480,02 2248  241/FLA,1755837208,1755837211,2249,0,0
1755816510_GS.S04R,136850_GS.S04R,GS,1,1755816510,0S 2248+ TSS/GCS,1755830965,1755830968,129,0,0
1755816540_1..N11R,136900_1..N11R,1,0,1755816540,01 2249  SFT/242,1755834580,1755834583,1548,0,0
1755816540_6..N01R,136900_6..N01R,6,0,1755816540,06 2249  BBR/PEL,1755834769,1755834775,1599,0,0
1755816600_4..S,137000_4..S,4,1,1755816600,04 2250  WDL/NLT,1755836821,1755836824,926,1,1
1755816600_4..S01X008,137000_4..S01X008,4,1,1755816600,04 2250  WDL/NLT,1755832558,1755832561,929,0,0
1755816600_7..S,137000_7..S,7,1,1755816600,07 2250 MST/34H,1755833374,1755833380,1191,0,0
1755816600_GS.N01R,137000_GS.N01R,GS,0,1755816600,0S 2250  GCS/TSS,1755831070,1755831073,132,0,0
1755816630_7..N,137050_7..N,7,0,1755816630,07 2250+ 34H/MST,1755833134,1755833140,1127,0,0
1755816690_6..S01R,137150_6..S01R,6,1,1755816690,06 2251+ PEL/BBR,1755835099,1755835105,1606,0,0
1755816810_GS.S01R,137350_GS.S01R,GS,1,1755816810,0S 2253+ TSS/GCS,1755831295,1755831298,147,0,0
1755816870_1..S03R,137450_1..S03R,1,1,1755816870,01 2254+ 242/SFT,1755834931,1755834934,1481,0,0
1755816870_5..S01R,137450_5..S01R,5,1,1755816870,05 2254+ DYR/180,1755832129,1755832135,735,0,0
1755816900_GS.N04R,137500_GS.N04R,GS,0,1755816900,0S 2255  GCS/TSS,1755831370,1755831373,132,0,0
1755816930_7..N,137550_7..N,7,0,1755816930,07 2255+ 34H/MST,1755833479,1755833485,1137,0,0
1755817020_4..N01X006,137700_4..N01X006,4,0,1755817020,04 2257  NLT/WDL,1755836413,1755836416,1842,0,0
1755817020_6..N,137700_6..N,6,0,1755817020,06 2257  BBR/PEL,1755835411,1755835414,658,0,0
1755817020_6..N01R,137700_6..N01R,6,0,1755817020,06 2257  BBR/PEL,1755832714,1755832720,824,0,0
1755817080_2..N01X180,137800_2..N01X180,2,0,1755817080,02 2258  FLA/241,1755837739,1755837745,2230,0,0
1755817110_GS.S04R,137850_GS.S04R,GS,1,1755817110,0S 2258+ TSS/GCS,1755831565,1755831568,145,0,0
1755817140_1..N11R,137900_1..N11R,1,0,1755817140,01 2259  SFT/242,1755834871,1755834874,1465,0,0
1755817200_2..S01X098,138000_2..S01X098,2,1,1755817200,02 2300  241/FLA,1755837529,1755837535,2092,0,0
1755817200_4..S,138000_4..S,4,1,1755817200,E4 2300  161/WAL,1755834091,1755834094,372,0,0
1755817200_4..S01R,138000_4..S01R,4,1,1755817200,E4 2300  161/WAL,1755831949,1755831955,136,0,0
1755817200_7..S,138000_7..S,7,1,1755817200,07 2300 MST/34H,1755833818,1755833821,1156,0,0
1755817200_GS.N01R,138000_GS.N01R,GS,0,1755817200,0S 2300  GCS/TSS,1755831670,1755831673,132,0,0
1755817290_6..S01R,138150_6..S01R,6,1,1755817290,06 2301+ PEL/BBR,1755835384,1755835390,1519,0,0
1755817290_7..N,138150_7..N,7,0,1755817290,07 2301+ 34H/MST,1755833878,1755833881,1127,0,0
1755817320_4..S,138200_4..S,4,1,1755817320,04 2302  WDL/NLT,1755837610,1755837613,895,1,1
1755817320_4..S01X008,138200_4..S01X008,4,1,1755817320,04 2302  WDL/NLT,1755833773,1755833776,1091,0,0
1755817380_5..N01R,138300_5..N01R,5,0,1755817380,05 2303  180/DYR,1755832741,1755832744,815,0,0
1755817410_GS.S01R,138350_GS.S01R,GS,1,1755817410,0S 2303+ TSS/GCS,1755831880,1755831883,146,0,0
1755817470_1..S,138450_1..S,1,1,1755817470,01 2304+ 242/SFT,1755835810,1755835813,61,0,0
1755817470_1..S03R,138450_1..S03R,1,1,1755817470,01 2304+ 242/SFT,1755835459,1755835465,1459,0,0
1755817500_6..N01R,138500_6..N01R,6,0,1755817500,06 2305  BBR/PEL,1755835720,1755835723,1528,0,0
1755817500_7..S,138500_7..S,7,1,1755817500,07 2305 MST/34H,1755834154,1755834160,1149,0,0
1755817500_GS.N04R,138500_GS.N04R,GS,0,1755817500,0S 2305  GCS/TSS,1755831940,1755831943,130,0,0
1755817650_7..N,138750_7..N,7,0,1755817650,07 2307+ 34H/MST,1755834169,1755834175,1099,0,0
1755817710_GS.S04R,138850_GS.S04R,GS,1,1755817710,0S 2308+ TSS/GCS,1755832165,1755832168,145,0,0
1755817740_1..N11R,138900_1..N11R,1,0,1755817740,01 2309  SFT/242,1755835729,1755835735,1531,0,0
1755817770_3..S88X001,138950_3..S88X001,3,1,1755817770,03 2309+ 148/34S,1755833959,1755833965,979,0,0
1755817770_5..S01R,138950_5..S01R,5,1,1755817770,05 2309+ DYR/180,1755833029,1755833035,731,0,0
1755817800_4..N01X006,139000_4..N01X006,4,0,1755817800,04 2310  NLT/WDL,1755837070,1755837073,1761,0,0
1755817800_7..S,139000_7..S,7,1,1755817800,07 2310 MST/34H,1755834319,1755834325,1113,0,0
1755817800_GS.N01R,139000_GS.N01R,GS,0,1755817800,0S 2310  GCS/TSS,1755832270,1755832273,132,0,0
1755817890_6..S01R,139150_6..S01R,6,1,1755817890,06 2311+ PEL/BBR,1755836029,1755836035,1529,0,0
1755817950_2..S01X098,139250_2..S01X098,2,1,1755817950,02 2312+ 241/FLA,1755838300,1755838303,2134,0,0
1755817980_6..N01R,139300_6..N01R,6,0,1755817980,06 2313  BBR/PEL,1755836191,1755836194,1572,0,0
1755818010_7..N,139350_7..N,7,0,1755818010,07 2313+ 34H/MST,1755834745,1755834748,1163,0,0
1755818010_GS.S01R,139350_GS.S01R,GS,1,1755818010,0S 2313+ TSS/GCS,1755832480,1755832483,146,0,0
1755818040_4..S,139400_4..S,4,1,1755818040,04 2314  WDL/NLT,1755837910,1755837913,824,1,1
1755818040_4..S01X008,139400_4..S01X008,4,1,1755818040,04 2314  WDL/NLT,1755834334,1755834340,1078,0,0
1755818070_1..S03R,139450_1..S03R,1,1,1755818070,01 2314+ 242/SFT,1755835999,1755836005,1442,0,0
1755818100_7..S,139500_7..S,7,1,1755818100,07 2315 MST/34H,1755834664,1755834670,1134,0,0
1755818100_GS.N04R,139500_GS.N04R,GS,0,1755818100,0S 2315  GCS/TSS,1755832555,1755832558,131,0,0
1755818310_5..N01R,139850_5..N01R,5,0,1755818310,05 2318+ 180/DYR,1755833380,1755833383,744,0,0
1755818310_GS.S04R,139850_GS.S04R,GS,1,1755818310,0S 2318+ TSS/GCS,1755832768,1755832771,145,0,0
1755818340_1..N11R,139900_1..N11R,1,0,1755818340,01 2319  SFT/242,1755836629,1755836635,1610,0,0
1755818400_3..N90X001,140000_3..N90X001,3,0,1755818400,03 2320  34S/148,1755834661,1755834664,1006,0,0
1755818400_GS.N01R,140000_GS.N01R,GS,0,1755818400,0S 2320  GCS/TSS,1755832873,1755832876,132,0,0
1755818460_6..N01R,140100_6..N01R,6,0,1755818460,06 2321  BBR/PEL,1755836821,1755836824,1581,0,0
1755818460_7..S,140100_7..S,7,1,1755818460,07 2321 MST/34H,1755835090,1755835093,1133,0,0
1755818490_6..S01R,140150_6..S01R,6,1,1755818490,06 2321+ PEL/BBR,1755836821,1755836824,1581,0,0
1755818490_7..N,140150_7..N,7,0,1755818490,07 2321+ 34H/MST,1755835135,1755835138,1145,0,0
1755818520_2..N,140200_2..N,2,0,1755818520,/2 2322  FLA/241,1755839269,1755839275,396,0,0
1755818520_2..N01X180,140200_2..N01X180,2,0,1755818520,02 2322  FLA/241,1755837601,1755837604,1772,0,0
1755818610_GS.S01R,140350_GS.S01R,GS,1,1755818610,0S 2323+ TSS/GCS,1755833083,1755833086,146,0,0
1755818670_5..S01R,140450_5..S01R,5,1,1755818670,05 2324+ DYR/180,1755833899,1755833905,721,0,0
1755818700_GS.N04R,140500_GS.N04R,GS,0,1755818700,0S 2325  GCS/TSS,1755833143,1755833146,130,0,0
1755818730_4..N01X006,140550_4..N01X006,4,0,1755818730,04 2325+ NLT/WDL,1755837820,1755837823,1765,0,0
1755818760_4..S,140600_4..S,4,1,1755818760,04 2326  WDL/NLT,1755839350,1755839353,938,0,0
1755818760_4..S01X008,140600_4..S01X008,4,1,1755818760,04 2326  WDL/NLT,1755835309,1755835315,1096,0,0
1755818790_1..S03R,140650_1..S03R,1,1,1755818790,01 2326+ 242/SFT,1755837370,1755837373,1645,0,0
1755818790_2..S01X098,140650_2..S01X098,2,1,1755818790,02 2326+ 241/FLA,1755839569,1755839575,2232,0,0
1755818910_7..N,140850_7..N,7,0,1755818910,07 2328+ 34H/MST,1755835534,1755835540,1146,0,0
1755818910_GS.S04R,140850_GS.S04R,GS,1,1755818910,0S 2328+ TSS/GCS,1755833368,1755833371,145,0,0
1755818940_1..N11R,140900_1..N11R,1,0,1755818940,01 2329  SFT/242,1755836890,1755836893,1516,0,0
1755818940_7..S,140900_7..S,7,1,1755818940,07 2329 MST/34H,1755835528,1755835534,1124,0,0
1755819000_GS.N01R,141000_GS.N01R,GS,0,1755819000,0S 2330  GCS/TSS,1755833488,1755833491,133,0,0
1755819030_3..S88X001,141050_3..S88X001,3,1,1755819030,03 2330+ 148/34S,1755835219,1755835225,992,0,0
1755819030_6..N01R,141050_6..N01R,6,0,1755819030,06 2330+ BBR/PEL,1755837250,1755837253,1533,0,0
1755819090_6..S01R,141150_6..S01R,6,1,1755819090,06 2331+ PEL/BBR,1755836989,1755836995,1464,0,0
1755819210_2..N01X180,141350_2..N01X180,2,0,1755819210,02 2333+ FLA/241,1755839740,1755839743,2197,0,0
1755819210_5..N01R,141350_5..N01R,5,0,1755819210,05 2333+ 180/DYR,1755834340,1755834343,757,0,0
1755819210_GS.S01R,141350_GS.S01R,GS,1,1755819210,0S 2333+ TSS/GCS,1755833698,1755833701,147,0,0
1755819300_GS.N04R,141500_GS.N04R,GS,0,1755819300,0S 2335  GCS/TSS,1755833773,1755833776,132,0,0
1755819330_7..N,141550_7..N,7,0,1755819330,07 2335+ 34H/MST,1755835849,1755835855,1099,0,0
1755819510_1..S03R,141850_1..S03R,1,1,1755819510,01 2338+ 242/SFT,1755838078,1755838081,1674,0,0
1755819510_GS.S04R,141850_GS.S04R,GS,1,1755819510,0S 2338+ TSS/GCS,1755833968,1755833971,144,0,0
1755819540_1..N11R,141900_1..N11R,1,0,1755819540,01 2339  SFT/242,1755837400,1755837403,1493,0,0
1755819540_2..S08R,141900_2..S08R,2,1,1755819540,02 2339  241/FLA,1755840349,1755840355,2280,0,0
1755819540_7..S,141900_7..S,7,1,1755819540,07 2339 MST/34H,1755836506,1755836509,1228,0,0
1755819600_GS.N01R,142000_GS.N01R,GS,0,1755819600,0S 2340  GCS/TSS,1755834073,1755834076,131,0,0
1755819630_4..N01X006,142050_4..N01X006,4,0,1755819630,04 2340+ NLT/WDL,1755838690,1755838693,1757,0,0
1755819660_6..N01R,142100_6..N01R,6,0,1755819660,06 2341  BBR/PEL,1755838000,1755838003,1573,0,0
1755819690_6..S01R,142150_6..S01R,6,1,1755819690,06 2341+ PEL/BBR,1755837589,1755837595,1464,0,0
1755819720_5..S32R,142200_5..S32R,5,1,1755819720,05 2342  DYR/180,1755834790,1755834793,717,0,0
1755819750_7..N,142250_7..N,7,0,1755819750,07 2342+ 34H/MST,1755836359,1755836365,1093,0,0
1755819780_3..N90X001,142300_3..N90X001,3,0,1755819780,03 2343  34S/148,1755835990,1755835993,1036,0,0
1755819810_4..S,142350_4..S,4,1,1755819810,04 2343+ WDL/NLT,1755839719,1755839725,834,0,0
1755819810_4..S01X008,142350_4..S01X008,4,1,1755819810,04 2343+ WDL/NLT,1755836110,1755836113,1068,0,0
1755819810_GS.S01R,142350_GS.S01R,GS,1,1755819810,0S 2343+ TSS/GCS,1755834283,1755834286,145,0,0
1755819900_GS.N04R,142500_GS.N04R,GS,0,1755819900,0S 2345  GCS/TSS,1755834403,1755834406,133,0,0
1755819930_2..N,142550_2..N,2,0,1755819930,/2 2345+ FLA/241,1755841018,1755841021,410,0,0
1755819930_2..N01X180,142550_2..N01X180,2,0,1755819930,02 2345+ FLA/241,1755839158,1755839161,1802,0,0
1755820020_5..N01R,142700_5..N01R,5,0,1755820020,05 2347  180/DYR,1755835210,1755835213,749,0,0
1755820050_3..S88X001,142750_3..S88X001,3,1,1755820050,03 2347+ 148/34S,1755836404,1755836410,1068,0,0
1755820110_7..N,142850_7..N,7,0,1755820110,07 2348+ 34H/MST,1755836644,1755836650,1112,0,0
1755820110_GS.S04R,142850_GS.S04R,GS,1,1755820110,0S 2348+ TSS/GCS,1755834583,1755834586,145,0,0
1755820140_1..N11R,142900_1..N11R,1,0,1755820140,01 2349  SFT/242,1755838198,1755838201,1546,0,0
1755820140_7..S,142900_7..S,7,1,1755820140,07 2349 MST/34H,1755837055,1755837058,1221,0,0
1755820200_GS.N01R,143000_GS.N01R,GS,0,1755820200,0S 2350  GCS/TSS,1755834688,1755834691,132,0,0
1755820260_6..N01R,143100_6..N01R,6,0,1755820260,06 2351  BBR/PEL,1755838300,1755838303,1493,0,0
1755820350_1..S03R,143250_1..S03R,1,1,1755820350,01 2352+ 242/SFT,1755838408,1755838411,1522,0,0
1755820350_6..S01R,143250_6..S01R,6,1,1755820350,06 2352+ PEL/BBR,1755838513,1755838516,1549,0,0
1755820380_2..N01X180,143300_2..N01X180,2,0,1755820380,E2 2353  FLA/241,1755841300,1755841303,1826,0,0
1755820410_GS.S01R,143350_GS.S01R,GS,1,1755820410,0S 2353+ TSS/GCS,1755834928,1755834931,148,0,0
1755820440_4..N01X006,143400_4..N01X006,4,0,1755820440,04 2354  NLT/WDL,1755839671,1755839674,1859,0,0
1755820500_GS.N04R,143500_GS.N04R,GS,0,1755820500,0S 2355  GCS/TSS,1755834973,1755834976,131,0,0
1755820590_7..N,143650_7..N,7,0,1755820590,07 2356+ 34H/MST,1755837211,1755837214,1133,0,0
1755820710_GS.S04R,143850_GS.S04R,GS,1,1755820710,0S 2358+ TSS/GCS,1755835198,1755835201,146,0,0
1755820740_1..N11R,143900_1..N11R,1,0,1755820740,01 2359  SFT/242,1755838981,1755838984,1595,0,0
1755820740_2..S08R,143900_2..S08R,2,1,1755820740,02 2359  241/FLA,1755842290,1755842293,2477,0,0
1755820740_7..S,143900_7..S,7,1,1755820740,07 2359 MST/34H,1755837574,1755837580,1195,0,0
1755820860_2..N01X180,144100_2..N01X180,2,0,1755820860,02 0001  FLA/241,1755754965,1755754968,2118,0,0
1755820860_6..N01R,144100_6..N01R,6,0,1755820860,06 0001  BBR/PEL,1755752793,1755752796,1572,0,0
1755820920_5..S32R,000200_5..S32R,5,1,1755820920,05 0002  DYR/180,1755835969,1755835975,755,0,0
1755820980_3..N90X001,144300_3..N90X001,3,0,1755820980,03 0003  34S/148,1755751539,1755751545,1238,0,0
1755821010_7..N,000350_7..N,7,0,1755821010,07 0003+ 34H/MST,1755837436,1755837439,1082,0,0
1755821040_4..S,000400_4..S,4,1,1755821040,04 0004  WDL/NLT,1755841060,1755841063,853,0,0
1755821040_4..S01X008,000400_4..S01X008,4,1,1755821040,04 0004  WDL/NLT,1755837331,1755837334,1074,0,0
1755821040_5..N32R,144400_5..N32R,5,0,1755821040,05 0004  180/DYR,1755749844,1755749850,786,0,0
1755821070_3..S88X001,000450_3..S88X001,3,1,1755821070,03 0004+ 148/34S,1755837100,1755837103,933,0,0
1755821160_1..S03R,000600_1..S03R,1,1,1755821160,01 0006  242/SFT,1755839470,1755839473,1222,0,0
1755821220_6..S01R,000700_6..S01R,6,1,1755821220,06 0007  PEL/BBR,1755839485,1755839488,1568,0,0
1755821340_1..N11R,144900_1..N11R,1,0,1755821340,01 0009  SFT/242,1755753444,1755753450,1667,0,0
1755821460_7..N,001100_7..N,7,0,1755821460,07 0011 34H/MST,1755838054,1755838060,1129,0,0
1755821490_7..S,001150_7..S,7,1,1755821490,07 0011+ MST/34H,1755838099,1755838105,766,0,0
1755821640_2..N08X180,145400_2..N08X180,2,0,1755821640,02 0014  FLA/241,1755756075,1755756078,2287,0,0
1755821700_4..S13R,001500_4..S13R,4,1,1755821700,04 0015  WDL/NLT,1755842089,1755842095,2104,0,0
1755821940_1..N11R,145900_1..N11R,1,0,1755821940,01 0019  SFT/242,1755754059,1755754065,1671,0,0
1755821940_2..S08R,001900_2..S08R,2,1,1755821940,02 0019  241/FLA,1755843229,1755843235,2408,0,0
1755821940_7..N,001900_7..N,7,0,1755821940,07 0019 34H/MST,1755838474,1755838480,1036,0,0
1755821940_7..S,001900_7..S,7,1,1755821940,07 0019 34H/MST,1755836359,1755836365,86,1,1
1755822000_4..N01X006,146000_4..N01X006,4,0,1755822000,04 0020  NLT/WDL,1755756615,1755756618,2271,0,0
1755822060_6..N01R,146100_6..N01R,6,0,1755822060,06 0021  BBR/PEL,1755754239,1755754245,1639,0,0
1755822120_5..S32R,002200_5..S32R,5,1,1755822120,05 0022  DYR/180,1755837190,1755837193,717,0,0
1755822120_6..S01R,002200_6..S01R,6,1,1755822120,06 0022  PEL/BBR,1755840304,1755840310,1548,0,0
1755822180_5..N32R,002300_5..N32R,5,0,1755822180,05 0023  180/DYR,1755837259,1755837265,735,0,0
1755822270_3..S88X001,002450_3..S88X001,3,1,1755822270,03 0024+ 148/34S,1755838378,1755838381,954,0,0
1755822330_1..S03R,002550_1..S03R,1,1,1755822330,01 0025+ 242/SFT,1755840559,1755840565,1536,0,0
1755822330_3..N90X001,146550_3..N90X001,3,0,1755822330,03 0025+ 34S/148,1755752514,1755752520,1097,0,0
1755822330_7..S,002550_7..S,7,1,1755822330,07 0025+ MST/34H,1755838969,1755838975,998,0,0
1755822510_7..N,002850_7..N,7,0,1755822510,07 0028+ 34H/MST,1755839068,1755839071,1105,0,0
1755822660_6..N01R,147100_6..N01R,6,0,1755822660,06 0031  BBR/PEL,1755755004,1755755010,1682,0,0
1755822720_1..N11R,147200_1..N11R,1,0,1755822720,01 0032  SFT/242,1755754164,1755754170,1459,0,0
1755822810_2..N08X180,147350_2..N08X180,2,0,1755822810,02 0033+ FLA/241,1755757428,1755757431,2328,0,0
1755822900_4..S13R,003500_4..S13R,4,1,1755822900,04 0035  WDL/NLT,1755842959,1755842965,2017,0,0
1755823020_4..N01X006,147700_4..N01X006,4,0,1755823020,04 0037  NLT/WDL,1755756726,1755756729,2061,0,0
1755823110_7..N,003850_7..N,7,0,1755823110,07 0038+ 34H/MST,1755839494,1755839500,1002,0,0
1755823140_2..S08R,003900_2..S08R,2,1,1755823140,02 0039  241/FLA,1755844765,1755844768,2577,0,0
1755823170_6..S01R,003950_6..S01R,6,1,1755823170,06 0039+ PEL/BBR,1755841426,1755841429,1528,0,0
1755823200_7..S,004000_7..S,7,1,1755823200,07 0040 MST/34H,1755839971,1755839974,1185,0,0
1755823260_6..N01R,148100_6..N01R,6,0,1755823260,06 0041  BBR/PEL,1755755244,1755755250,1586,0,0
1755823320_5..S32R,004200_5..S32R,5,1,1755823320,05 0042  DYR/180,1755838360,1755838363,710,0,0
1755823380_5..N32R,004300_5..N32R,5,0,1755823380,05 0043  180/DYR,1755838459,1755838465,737,0,0
1755823470_3..S88X001,004450_3..S88X001,3,1,1755823470,03 0044+ 148/34S,1755839860,1755839863,1030,0,0
1755823500_1..N11R,148500_1..N11R,1,0,1755823500,01 0045  SFT/242,1755755055,1755755058,1455,0,0
1755823500_3..N90X001,004500_3..N90X001,3,0,1755823500,03 0045  34S/148,1755839689,1755839695,646,0,0
1755823530_1..S03R,004550_1..S03R,1,1,1755823530,01 0045+ 242/SFT,1755841849,1755841855,1561,0,0
1755823620_4..N,148700_4..N,4,0,1755823620,04 0047  NLT/WDL,1755758700,1755758703,264,0,0
1755823620_4..N01X046,148700_4..N01X046,4,0,1755823620,04 0047  NLT/WDL,1755757431,1755757435,2089,0,0
1755823710_7..N,004850_7..N,7,0,1755823710,07 0048+ 34H/MST,1755840610,1755840613,1095,0,0
1755823710_7..S,004850_7..S,7,1,1755823710,07 0048+ 34H/MST,1755838144,1755838150,124,1,1
1755823860_6..N01R,149100_6..N01R,6,0,1755823860,06 0051  BBR/PEL,1755755835,1755755838,1583,0,0
1755824010_2..N08X180,149350_2..N08X180,2,0,1755824010,02 0053+ FLA/241,1755758230,1755758235,2222,0,0
1755824100_4..S13R,005500_4..S13R,4,1,1755824100,04 0055  WDL/NLT,1755844384,1755844390,2009,0,0
1755824220_4..N01X046,005700_4..N01X046,4,0,1755824220,04 0057  NLT/WDL,1755844306,1755844309,1773,0,0
1755824340_1..N11R,149900_1..N11R,1,0,1755824340,01 0059  SFT/242,1755755796,1755755799,1493,0,0
1755824340_2..S08R,005900_2..S08R,2,1,1755824340,02 0059  241/FLA,1755845755,1755845758,2558,0,0
1755824370_6..S01R,005950_6..S01R,6,1,1755824370,06 0059+ PEL/BBR,1755842458,1755842461,1419,0,0
1755824400_7..S,006000_7..S,7,1,1755824400,07 0100 MST/34H,1755841516,1755841519,1231,0,0
1755824490_7..N,006150_7..N,7,0,1755824490,07 0101+ 34H/MST,1755841438,1755841441,1210,0,0
1755824520_5..S32R,006200_5..S32R,5,1,1755824520,05 0102  DYR/180,1755839599,1755839605,721,0,0
1755824580_5..N32R,006300_5..N32R,5,0,1755824580,05 0103  180/DYR,1755839659,1755839665,737,0,0
1755824580_6..N01R,150300_6..N01R,6,0,1755824580,06 0103  BBR/PEL,1755757008,1755757011,1715,0,0
1755824670_3..S88X001,006450_3..S88X001,3,1,1755824670,03 0104+ 148/34S,1755841279,1755841285,1089,0,0
1755824730_1..S03R,006550_1..S03R,1,1,1755824730,01 0105+ 242/SFT,1755843139,1755843145,1585,0,0
1755824730_3..N90X001,006550_3..N90X001,3,0,1755824730,03 0105+ 34S/148,1755840988,1755840991,930,0,0
1755824820_4..N01X046,150700_4..N01X046,4,0,1755824820,04 0107  NLT/WDL,1755759081,1755759085,2209,0,0
1755825030_7..N,007050_7..N,7,0,1755825030,07 0110+ 34H/MST,1755841999,1755842005,834,0,0
1755825030_7..S,007050_7..S,7,1,1755825030,07 0110+ 34H/MST,1755839521,1755839524,357,1,1
1755825210_2..N08X180,151350_2..N08X180,2,0,1755825210,02 0113+ FLA/241,1755760071,1755760075,2394,0,0
1755825270_1..N03R,007450_1..N03R,1,0,1755825270,01 0114+ SFT/242,1755843556,1755843559,1542,0,0
1755825300_4..S13R,007500_4..S13R,4,1,1755825300,04 0115  WDL/NLT,1755845845,1755845848,2257,0,0
1755825480_6..N01R,007800_6..N01R,6,0,1755825480,06 0118  BBR/PEL,1755844156,1755844159,1737,0,0
1755825540_2..S08R,007900_2..S08R,2,1,1755825540,02 0119  241/FLA,1755847036,1755847039,2596,0,0
1755825570_6..S01R,007950_6..S01R,6,1,1755825570,06 0119+ PEL/BBR,1755843571,1755843574,1467,0,0
1755825600_7..S,008000_7..S,7,1,1755825600,07 0120 MST/34H,1755842455,1755842458,1212,0,0
1755825720_5..S32R,008200_5..S32R,5,1,1755825720,05 0122  DYR/180,1755840751,1755840754,708,0,0
1755825780_5..N32R,008300_5..N32R,5,0,1755825780,05 0123  180/DYR,1755840910,1755840913,750,0,0
1755825870_3..S88X001,008450_3..S88X001,3,1,1755825870,03 0124+ 148/34S,1755842110,1755842113,990,0,0
1755825930_1..S03R,008550_1..S03R,1,1,1755825930,01 0125+ 242/SFT,1755844576,1755844579,1715,0,0
1755825930_3..N90X001,008550_3..N90X001,3,0,1755825930,03 0125+ 34S/148,1755842191,1755842194,1243,0,0
1755826020_4..N,152700_4..N,4,0,1755826020,=4 0127  NLT/WDL,1755763209,1755763215,1907,0,0
1755826020_4..N01X046,152700_4..N01X046,4,0,1755826020,04 0127  NLT/WDL,1755756069,1755756075,1086,0,0
1755826230_7..N,009050_7..N,7,0,1755826230,07 0130+ 34H/MST,1755843214,1755843220,1219,0,0
1755826410_2..N08X180,153350_2..N08X180,2,0,1755826410,02 0133+ FLA/241,1755760989,1755760995,2320,0,0
1755826410_6..N01R,009350_6..N01R,6,0,1755826410,06 0133+ BBR/PEL,1755845005,1755845008,1771,0,0
1755826470_1..N03R,009450_1..N03R,1,0,1755826470,01 0134+ SFT/242,1755844636,1755844639,1574,0,0
1755826500_4..S13R,009500_4..S13R,4,1,1755826500,04 0135  WDL/NLT,1755846526,1755846529,2000,0,0
1755826740_2..S08R,009900_2..S08R,2,1,1755826740,02 0139  241/FLA,1755847615,1755847618,2430,0,0
1755826770_6..S01R,009950_6..S01R,6,1,1755826770,06 0139+ PEL/BBR,1755845146,1755845149,1650,0,0
1755826800_7..S,010000_7..S,7,1,1755826800,07 0140 MST/34H,1755843655,1755843658,1191,0,0
1755826920_5..S32R,010200_5..S32R,5,1,1755826920,05 0142  DYR/180,1755841969,1755841975,713,0,0
1755826980_5..N32R,010300_5..N32R,5,0,1755826980,05 0143  180/DYR,1755842149,1755842155,761,0,0
1755827070_3..S88X001,010450_3..S88X001,3,1,1755827070,03 0144+ 148/34S,1755843154,1755843160,949,0,0
1755827130_1..S03R,010550_1..S03R,1,1,1755827130,01 0145+ 242/SFT,1755845455,1755845458,1662,0,0
1755827130_3..N90X001,010550_3..N90X001,3,0,1755827130,03 0145+ 34S/148,1755843325,1755843328,1537,0,0
1755827220_4..N01X046,010700_4..N01X046,4,0,1755827220,04 0147  NLT/WDL,1755847115,1755847120,2137,0,0
1755827430_7..N,011050_7..N,7,0,1755827430,07 0150+ 34H/MST,1755844126,1755844129,1148,0,0
1755827550_6..N01R,011250_6..N01R,6,0,1755827550,06 0152+ BBR/PEL,1755845926,1755845929,1723,0,0
1755827610_2..N08X180,155350_2..N08X180,2,0,1755827610,02 0153+ FLA/241,1755762660,1755762663,2443,0,0
1755827670_1..N03R,011450_1..N03R,1,0,1755827670,01 0154+ SFT/242,1755845683,1755845689,1571,0,0
1755827700_4..S13R,011500_4..S13R,4,1,1755827700,04 0155  WDL/NLT,1755848566,1755848570,2364,0,0
1755827940_2..S08R,011900_2..S08R,2,1,1755827940,02 0159  241/FLA,1755848836,1755848840,2436,0,0
1755827970_6..S01R,011950_6..S01R,6,1,1755827970,06 0159+ PEL/BBR,1755846334,1755846340,1684,0,0
1755828000_7..S,012000_7..S,7,1,1755828000,07 0200 MST/34H,1755844774,1755844780,1250,0,0
1755828120_5..S32R,012200_5..S32R,5,1,1755828120,05 0202  DYR/180,1755843151,1755843154,708,0,0
1755828180_5..N32R,012300_5..N32R,5,0,1755828180,05 0203  180/DYR,1755843544,1755843550,818,0,0
1755828270_3..S88X001,012450_3..S88X001,3,1,1755828270,03 0204+ 148/34S,1755844396,1755844399,1015,0,0
1755828330_1..S03R,012550_1..S03R,1,1,1755828330,01 0205+ 242/SFT,1755846526,1755846529,1660,0,0
1755828330_3..N90X001,012550_3..N90X001,3,0,1755828330,03 0205+ 34S/148,1755844876,1755844879,1173,0,0
1755828420_4..N,012700_4..N,4,0,1755828420,E4 0207  NLT/WDL,1755848395,1755848398,1129,0,0
1755828420_4..N01X046,012700_4..N01X046,4,0,1755828420,04 0207  NLT/WDL,1755844438,1755844441,1029,0,0
1755828630_7..N,013050_7..N,7,0,1755828630,07 0210+ 34H/MST,1755845254,1755845260,1139,0,0
1755828630_7..S,013050_7..S,7,1,1755828630,07 0210+ 34H/MST,1755842971,1755842974,107,1,1
1755828750_6..N01R,013250_6..N01R,6,0,1755828750,06 0212+ BBR/PEL,1755846886,1755846889,1676,0,0
1755828810_2..N08X180,013350_2..N08X180,2,0,1755828810,02 0213+ FLA/241,1755847255,1755847258,1751,0,0
1755828870_1..N03R,013450_1..N03R,1,0,1755828870,01 0214+ SFT/242,1755846805,1755846808,1574,0,0
1755828900_4..S13R,013500_4..S13R,4,1,1755828900,04 0215  WDL/NLT,1755849035,1755849040,2195,0,0
1755829140_2..S08R,013900_2..S08R,2,1,1755829140,02 0219  241/FLA,1755850066,1755850070,2505,0,0
1755829170_6..S01R,013950_6..S01R,6,1,1755829170,06 0219+ PEL/BBR,1755847276,1755847280,1620,0,0
1755829200_7..S,014000_7..S,7,1,1755829200,07 0220 MST/34H,1755846111,1755846115,1347,0,0
1755829320_5..S32R,014200_5..S32R,5,1,1755829320,05 0222  DYR/180,1755844375,1755844378,769,0,0
1755829380_5..N32R,014300_5..N32R,5,0,1755829380,05 0223  180/DYR,1755844435,1755844438,788,0,0
1755829470_3..S88X001,014450_3..S88X001,3,1,1755829470,03 0224+ 148/34S,1755845596,1755845599,1065,0,0
1755829530_1..S03R,014550_1..S03R,1,1,1755829530,01 0225+ 242/SFT,1755847426,1755847430,1580,0,0
1755829530_3..N90X001,014550_3..N90X001,3,0,1755829530,03 0225+ 34S/148,1755845605,1755845608,1067,0,0
1755829620_4..N,014700_4..N,4,0,1755829620,E4 0227  NLT/WDL,1755849766,1755849770,1059,0,0
1755829620_4..N01X046,014700_4..N01X046,4,0,1755829620,04 0227  NLT/WDL,1755845935,1755845938,1166,0,0
1755829830_7..N,015050_7..N,7,0,1755829830,07 0230+ 34H/MST,1755846556,1755846559,1128,0,0
1755829830_7..S,015050_7..S,7,1,1755829830,07 0230+ 34H/MST,1755844243,1755844246,169,1,1
1755829950_6..N,015250_6..N,6,0,1755829950,E6 0232+ BBR/PEL,1755848165,1755848170,1117,0,0
1755829950_6..N01R,015250_6..N01R,6,0,1755829950,06 0232+ BBR/PEL,1755844288,1755844291,580,0,0
1755830010_2..N08X180,015350_2..N08X180,2,0,1755830010,02 0233+ FLA/241,1755851284,1755851290,2753,0,0
1755830070_1..N03R,015450_1..N03R,1,0,1755830070,01 0234+ SFT/242,1755848305,1755848308,1618,0,0
1755830340_2..S08R,015900_2..S08R,2,1,1755830340,02 0239  241/FLA,1755851038,1755851041,2597,0,0
1755830370_6..S01R,015950_6..S01R,6,1,1755830370,06 0239+ PEL/BBR,1755848293,1755848296,1571,0,0
1755830400_7..S,016000_7..S,7,1,1755830400,07 0240 MST/34H,1755846931,1755846934,1232,0,0
1755830520_5..S32R,016200_5..S32R,5,1,1755830520,05 0242  DYR/180,1755845545,1755845548,809,0,0
1755830580_5..N32R,016300_5..N32R,5,0,1755830580,05 0243  180/DYR,1755845596,1755845599,825,0,0
1755830670_3..S88X001,016450_3..S88X001,3,1,1755830670,03 0244+ 148/34S,1755846964,1755846970,1137,0,0
1755830700_4..S13R,016500_4..S13R,4,1,1755830700,04 0245  WDL/NLT,1755850828,1755850831,2546,0,0
1755830730_1..S03R,016550_1..S03R,1,1,1755830730,01 0245+ 242/SFT,1755848518,1755848521,1551,0,0
1755830730_3..N90X001,016550_3..N90X001,3,0,1755830730,03 0245+ 34S/148,1755846676,1755846679,1060,0,0
1755830820_4..N01X046,016700_4..N01X046,4,0,1755830820,04 0247  NLT/WDL,1755850445,1755850450,2240,0,0
1755831030_7..N,017050_7..N,7,0,1755831030,07 0250+ 34H/MST,1755847786,1755847790,1304,0,0
1755831150_6..N,017250_6..N,6,0,1755831150,E6 0252+ BBR/PEL,1755849815,1755849820,1211,0,0
1755831150_6..N01R,017250_6..N01R,6,0,1755831150,06 0252+ BBR/PEL,1755845491,1755845494,631,0,0
1755831210_2..N08X180,017350_2..N08X180,2,0,1755831210,02 0253+ FLA/241,1755851854,1755851860,2658,0,0
1755831270_1..N03R,017450_1..N03R,1,0,1755831270,01 0254+ SFT/242,1755849235,1755849238,1560,0,0
1755831540_2..S08R,017900_2..S08R,2,1,1755831540,02 0259  241/FLA,1755852946,1755852949,2995,0,0
1755831570_6..S01R,017950_6..S01R,6,1,1755831570,06 0259+ PEL/BBR,1755849613,1755849616,1566,0,0
1755831600_7..S,018000_7..S,7,1,1755831600,07 0300 MST/34H,1755848680,1755848683,1369,0,0
1755831720_5..S32R,018200_5..S32R,5,1,1755831720,05 0302  DYR/180,1755846775,1755846778,808,0,0
1755831780_5..N32R,018300_5..N32R,5,0,1755831780,05 0303  180/DYR,1755846856,1755846859,830,0,0
1755831870_3..S88X001,018450_3..S88X001,3,1,1755831870,03 0304+ 148/34S,1755847865,1755847870,1002,0,0
1755831930_1..S03R,018550_1..S03R,1,1,1755831930,01 0305+ 242/SFT,1755849826,1755849830,1554,0,0
1755831930_3..N90X001,018550_3..N90X001,3,0,1755831930,03 0305+ 34S/148,1755848326,1755848330,1125,0,0
1755832020_4..N01X046,018700_4..N01X046,4,0,1755832020,04 0307  NLT/WDL,1755851548,1755851551,2246,0,0
1755832230_7..N,019050_7..N,7,0,1755832230,07 0310+ 34H/MST,1755849215,1755849220,682,0,0
1755832230_7..S,019050_7..S,7,1,1755832230,07 0310+ 34H/MST,1755846904,1755846910,32,1,1
1755832350_6..N01R,019250_6..N01R,6,0,1755832350,06 0312+ BBR/PEL,1755850495,1755850498,1723,0,0
1755832410_2..N08X180,019350_2..N08X180,2,0,1755832410,02 0313+ FLA/241,1755852796,1755852799,2643,0,0
1755832470_1..N03R,019450_1..N03R,1,0,1755832470,01 0314+ SFT/242,1755850138,1755850141,1486,0,0
1755832500_4..S13R,019500_4..S13R,4,1,1755832500,04 0315  WDL/NLT,1755852526,1755852529,2663,0,0
1755832740_2..S08R,019900_2..S08R,2,1,1755832740,02 0319  241/FLA,1755853195,,2709,0,0
1755832770_6..S01R,019950_6..S01R,6,1,1755832770,06 0319+ PEL/BBR,1755850723,1755850726,1492,0,0
1755832800_7..S,020000_7..S,7,1,1755832800,07 0320 MST/34H,1755849361,1755849365,1171,0,0
1755832920_5..S32R,020200_5..S32R,5,1,1755832920,05 0322  DYR/180,1755847945,1755847948,744,0,0
1755832980_5..N32R,020300_5..N32R,5,0,1755832980,05 0323  180/DYR,1755848155,1755848158,800,0,0
1755833070_3..S88X001,020450_3..S88X001,3,1,1755833070,03 0324+ 148/34S,1755849335,1755849340,1023,0,0
1755833100_2..S08R,020500_2..S08R,2,1,1755833100,E2 0325  110/FLA,1755851758,1755851761,1463,0,0
1755833130_1..S03R,020550_1..S03R,1,1,1755833130,01 0325+ 242/SFT,1755851146,1755851149,1712,0,0
1755833130_3..N90X001,020550_3..N90X001,3,0,1755833130,03 0325+ 34S/148,1755849505,1755849508,1068,0,0
1755833220_4..N01X046,020700_4..N01X046,4,0,1755833220,04 0327  NLT/WDL,1755852565,1755852568,2183,0,0
1755833430_7..N,021050_7..N,7,0,1755833430,07 0330+ 34H/MST,1755850055,1755850060,753,0,0
1755833430_7..S,021050_7..S,7,1,1755833430,07 0330+ 34H/MST,1755847820,1755847825,443,1,1
1755833550_6..N01R,021250_6..N01R,6,0,1755833550,06 0332+ BBR/PEL,1755851905,1755851908,1928,0,0
1755833610_2..N08X180,021350_2..N08X180,2,0,1755833610,02 0333+ FLA/241,1755853195,,2444,0,0
1755833670_1..N03R,021450_1..N03R,1,0,1755833670,01 0334+ SFT/242,1755851674,1755851680,1742,0,0
1755833700_4..S13R,021500_4..S13R,4,1,1755833700,04 0335  WDL/NLT,1755853195,,2526,0,0
1755833940_2..S08R,021900_2..S08R,2,1,1755833940,02 0339  241/FLA,1755853195,,2350,0,0
1755833970_6..S01R,021950_6..S01R,6,1,1755833970,06 0339+ PEL/BBR,1755852130,1755852133,1841,0,0
1755834000_7..S,022000_7..S,7,1,1755834000,07 0340 MST/34H,1755850663,1755850666,1299,0,0
1755834120_5..S32R,022200_5..S32R,5,1,1755834120,05 0342  DYR/180,1755849175,1755849178,716,0,0
1755834180_5..N32R,022300_5..N32R,5,0,1755834180,05 0343  180/DYR,1755849235,1755849238,732,0,0
1755834270_3..S88X001,022450_3..S88X001,3,1,1755834270,03 0344+ 148/34S,1755850258,1755850261,1010,0,0
1755834330_1..S03R,022550_1..S03R,1,1,1755834330,01 0345+ 242/SFT,1755852094,1755852100,1745,0,0
1755834330_3..N90X001,022550_3..N90X001,3,0,1755834330,03 0345+ 34S/148,1755850235,1755850240,1001,0,0
1755834420_4..N01X046,022700_4..N01X046,4,0,1755834420,04 0347  NLT/WDL,1755853195,,2354,0,0
1755834630_7..N,023050_7..N,7,0,1755834630,07 0350+ 34H/MST,1755851098,1755851101,1310,0,0
1755834750_6..N01R,023250_6..N01R,6,0,1755834750,06 0352+ BBR/PEL,1755852694,1755852700,1905,0,0
1755834810_2..N08X180,023350_2..N08X180,2,0,1755834810,02 0353+ FLA/241,1755853195,,2105,0,0
1755834870_1..N03R,023450_1..N03R,1,0,1755834870,01 0354+ SFT/242,1755852805,1755852808,1869,0,0
1755834900_4..S13R,023500_4..S13R,4,1,1755834900,04 0355  WDL/NLT,1755853195,,2100,0,0
1755835170_6..S01R,023950_6..S01R,6,1,1755835170,06 0359+ PEL/BBR,1755852988,1755852991,1862,0,0
1755835200_7..S,024000_7..S,7,1,1755835200,07 0400 MST/CHS,1755850954,1755850960,1088,0,0
1755748800_A..N43R,024000_A..N43R,A,0,1755748800,1A 0400 LEF/EUC,1755763773,1755763788,378,0,0
1755748860_H..N21R,024100_H..N21R,H,0,1755748860,1H 0401 RPK/BCR,1755774058,1755774073,1265,0,0
1755748890_E..S04R,024150_E..S04R,E,1,1755748890,1E 0401+ P-A/WTC,1755767361,1755767376,378,0,0
1755748920_A..N09R,024200_A..N09R,A,0,1755748920,1A 0402 FAR/207,1755770830,1755770845,1031,0,0
1755749130_H..S21R,024550_H..S21R,H,1,1755749130,1H 0405+ BCR/RPK,1755764133,1755764148,369,0,0
1755749190_A..S43R,024650_A..S43R,A,1,1755749190,1A 0406+ EUC/LEF,1755764148,1755764162,362,0,0
1755749280_A..S,024800_A..S,A,1,1755749280,EA 0408 168/FAR,1755770019,1755770033,748,1,0
1755749400_E..N05R,025000_E..N05R,E,0,1755749400,1E 0410 WTC/P-A,1755767196,1755767211,641,0,0
1755749490_E..S04R,025150_E..S04R,E,1,1755749490,1E 0411+ P-A/WTC,1755767376,1755767391,641,0,0
1755749880_A..S,025800_A..S,A,1,1755749880,1A 0418 168/FAR,1755770455,1755770470,874,0,0
1755750000_A..N43R,026000_A..N43R,A,0,1755750000,1A 0420 LEF/EUC,1755764959,1755764973,352,0,0
1755750060_H..N21R,026100_H..N21R,H,0,1755750060,1H 0421 RPK/BCR,1755775260,1755775275,1263,0,0
1755750120_A..N09R,026200_A..N09R,A,0,1755750120,1A 0422 FAR/207,1755771295,1755771310,902,1,0
1755750390_A..S43R,026650_A..S43R,A,1,1755750390,1A 0426+ EUC/LEF,1755765305,1755765318,349,0,0
1755750600_E..N05R,027000_E..N05R,E,0,1755750600,1E 0430 WTC/P-A,1755768352,1755768367,572,0,0
1755750690_E..S04R,027150_E..S04R,E,1,1755750690,1E 0431+ P-A/WTC,1755769223,1755769237,628,0,0
1755751020_A..N09R,027700_A..N09R,A,0,1755751020,1A 0437 FAR/207,1755772332,1755772347,893,0,0
1755751080_A..S,027800_A..S,A,1,1755751080,1A 0438 168/FAR,1755771491,1755771506,833,0,0
1755751200_A..N43R,028000_A..N43R,A,0,1755751200,1A 0440 LEF/EUC,1755766280,1755766295,394,0,0
1755751530_H..S21R,028550_H..S21R,H,1,1755751530,1H 0445+ BCR/RPK,1755766521,1755766536,388,0,0
1755751590_A..S43R,028650_A..S43R,A,1,1755751590,1A 0446+ EUC/LEF,1755766536,1755766551,385,0,0
1755751740_H..N21R,028900_H..N21R,H,0,1755751740,1H 0449 RPK/BCR,1755776942,1755776956,1247,0,0
1755751800_E..N05R,029000_E..N05R,E,0,1755751800,1E 0450 WTC/P-A,1755769554,1755769568,598,0,0
1755751860_A..N09R,029100_A..N09R,A,0,1755751860,1A 0451 FAR/207,1755772572,1755772587,853,0,0
1755751890_E..S04R,029150_E..S04R,E,1,1755751890,1E 0451+ P-A/WTC,1755769599,1755769613,598,0,0
1755752100_H..S,029500_H..S,H,1,1755752100,EH 0455 BCH/RPK,1755766956,1755766971,97,0,0
1755752280_A..S74X043,029800_A..S74X043,A,1,1755752280,1A 0458 168/FAR,1755772422,1755772437,815,0,0
1755752580_A..N43R,030300_A..N43R,A,0,1755752580,1A 0503 LEF/EUC,1755767557,1755767571,387,0,0
1755752790_A..S43R,030650_A..S43R,A,1,1755752790,1A 0506+ EUC/LEF,1755768427,1755768442,431,0,0
1755752880_H..S21R,030800_H..S21R,H,1,1755752880,1H 0508 BCR/RPK,1755767872,1755767887,388,0,0
1755752940_A..S53R,030900_A..S53R,A,1,1755752940,1A 0509 207/FAR,1755773623,1755773638,851,0,0
1755752970_E..S69R,030950_E..S69R,E,1,1755752970,1E 0509+ P-A/WTC,1755771025,1755771040,676,0,0
1755753000_E..N05R,031000_E..N05R,E,0,1755753000,1E 0510 WTC/P-A,1755770695,1755770710,652,0,0
1755753060_H..N21R,031100_H..N21R,H,0,1755753060,1H 0511 RPK/BCR,1755778248,1755778263,1251,0,0
1755753240_A..N55R,031400_A..N55R,A,0,1755753240,1A 0514 FAR/207,1755773593,1755773608,827,0,0
1755753330_C..S05R,031550_C..S05R,C,1,1755753330,1C 0515+ 168/EUC,1755771716,1755771731,694,0,0
1755753750_E..S69R,032250_E..S69R,E,1,1755753750,1E 0522+ P-A/WTC,1755771010,1755771025,603,0,0
1755753840_A..N04R,032400_A..N04R,A,0,1755753840,1A 0524 LEF/207,1755773127,1755773142,732,0,0
1755753840_E..N05R,032400_E..N05R,E,0,1755753840,1E 0524 WTC/P-A,1755771265,1755771280,608,0,0
1755753900_A..S58R,032500_A..S58R,A,1,1755753900,1A 0525 207/FAR,1755774089,1755774103,803,1,0
1755753990_A..S43R,032650_A..S43R,A,1,1755753990,1A 0526+ EUC/LEF,1755769208,1755769222,370,0,0
1755754140_H..N21R,032900_H..N21R,H,0,1755754140,1H 0529 RPK/BCR,1755779329,1755779344,1251,0,0
1755754260_C..S05R,033100_C..S05R,C,1,1755754260,1C 0531 168/EUC,1755772812,1755772827,655,0,0
1755754440_A..N55R,033400_A..N55R,A,0,1755754440,1A 0534 FAR/207,1755774464,1755774478,782,0,0
1755754500_E..S69R,033500_E..S69R,E,1,1755754500,1E 0535 P-A/WTC,1755771956,1755771971,566,0,0
1755754710_E..N05R,033850_E..N05R,E,0,1755754710,1E 0538+ WTC/P-A,1755772497,1755772512,574,0,0
1755754830_A..S57R,034050_A..S57R,A,1,1755754830,1A 0540+ 207/LEF,1755773863,1755773878,651,1,0
1755754980_C..N04R,034300_C..N04R,C,0,1755754980,1C 0543 EUC/168,1755773608,1755773623,612,0,0
1755755010_E..S69R,034350_E..S69R,E,1,1755755010,1E 0543+ P-A/WTC,1755772196,1755772211,514,0,0
1755755100_A..N54R,034500_A..N54R,A,0,1755755100,1A 0545 LEF/207,1755773938,1755773952,626,0,0
1755755130_C..S05R,034550_C..S05R,C,1,1755755130,1C 0545+ 168/EUC,1755773578,1755773593,595,0,0
1755755190_A..S37R,034650_A..S37R,A,1,1755755190,1A 0546+ EUC/LEF,1755771175,1755771190,430,0,0
1755755250_H..S21R,034750_H..S21R,H,1,1755755250,1H 0547+ BCR/RPK,1755770665,1755770680,392,0,0
1755755280_H..N21R,034800_H..N21R,H,0,1755755280,1H 0548 RPK/BCR,1755780470,1755780485,1234,0,0
1755755610_A..N55R,035350_A..N55R,A,0,1755755610,1A 0553+ FAR/207,1755775665,1755775680,796,0,0
1755755610_A..S58R,035350_A..S58R,A,1,1755755610,1A 0553+ 207/FAR,1755776010,1755776025,819,0,0
1755755610_C..N04R,035350_C..N04R,C,0,1755755610,1C 0553+ EUC/168,1755774269,1755774284,635,0,0
1755755670_E..N72R,035450_E..N72R,E,0,1755755670,1E 0554+ WTC/P-A,1755773458,1755773473,550,0,0
1755755730_E..S69R,035550_E..S69R,E,1,1755755730,1E 0555+ P-A/WTC,1755772992,1755773007,402,0,0
1755756000_C..S05R,036000_C..S05R,C,1,1755756000,1C 0600 168/EUC,1755774794,1755774808,677,0,0
1755756180_A..S57R,036300_A..S57R,A,1,1755756180,1A 0603 207/LEF,1755774779,1755774793,663,0,0
1755756180_H..N21R,036300_H..N21R,H,0,1755756180,1H 0603 RPK/BCR,1755781371,1755781386,1234,0,0
1755756270_A..N55R,036450_A..N55R,A,0,1755756270,1A 0604+ FAR/207,1755776551,1755776566,811,0,0
1755756270_C..N04R,036450_C..N04R,C,0,1755756270,1C 0604+ EUC/168,1755774494,1755774508,622,0,0
1755756330_A..N54R,036550_A..N54R,A,0,1755756330,1A 0605+ LEF/207,1755775049,1755775064,688,0,0
1755756390_A..S37R,036650_A..S37R,A,1,1755756390,1A 0606+ EUC/LEF,1755772271,1755772286,423,0,0
1755756390_E..N72R,036650_E..N72R,E,0,1755756390,1E 0606+ WTC/P-A,1755773653,1755773668,515,0,0
1755756390_H..S21R,036650_H..S21R,H,1,1755756390,1H 0606+ BCR/RPK,1755772437,1755772452,434,0,0
1755756450_E..S71R,036750_E..S71R,E,1,1755756450,1E 0607+ P-A/WTC,1755773548,1755773563,504,1,0
1755756780_A..S58R,037300_A..S58R,A,1,1755756780,1A 0613 207/FAR,1755776791,1755776806,793,0,0
1755756840_E..S71R,037400_E..S71R,E,1,1755756840,1E 0614 P-A/WTC,1755773893,1755773908,504,1,0
1755756870_C..N04R,037450_C..N04R,C,0,1755756870,1C 0614+ EUC/168,1755775740,1755775755,717,0,0
1755756900_C..S05R,037500_C..S05R,C,1,1755756900,1C 0615 168/EUC,1755775154,1755775154,663,0,0
1755757020_E..N72R,037700_E..N72R,E,0,1755757020,1E 0617 WTC/P-A,1755774269,1755774284,541,0,0
1755757080_A..S57R,037800_A..S57R,A,1,1755757080,1A 0618 207/LEF,1755775890,1755775905,713,0,0
1755757230_A..S37R,038050_A..S37R,A,1,1755757230,1A 0620+ EUC/LEF,1755772271,1755772286,367,0,0
1755757260_E..S71R,038100_E..S71R,E,1,1755757260,1E 0621 P-A/WTC,1755774839,1755774853,599,1,0
1755757260_H..N21R,038100_H..N21R,H,0,1755757260,1H 0621 RPK/BCR,1755782452,1755782467,1234,0,0
1755757320_A..N55R,038200_A..N55R,A,0,1755757320,1A 0622 FAR/207,1755777797,1755777812,826,0,0
1755757380_A..N54R,038300_A..N54R,A,0,1755757380,1A 0623 LEF/207,1755776070,1755776085,705,0,0
1755757440_C..N04R,038400_C..N04R,C,0,1755757440,1C 0624 EUC/168,1755775815,1755775830,684,0,0
1755757530_C..S05R,038550_C..S05R,C,1,1755757530,1C 0625+ 168/EUC,1755775635,1755775650,666,0,0
1755757530_H..S21R,038550_H..S21R,H,1,1755757530,1H 0625+ BCR/RPK,1755772452,1755772467,359,0,0
1755757620_A..S58R,038700_A..S58R,A,1,1755757620,1A 0627 207/FAR,1755777512,1755777527,786,0,0
1755757620_E..N72R,038700_E..N72R,E,0,1755757620,1E 0627 WTC/P-A,1755775004,1755775019,597,0,0
1755757620_E..S71R,038700_E..S71R,E,1,1755757620,1E 0627 P-A/WTC,1755774899,1755774913,583,0,0
1755757980_E..S71R,039300_E..S71R,E,1,1755757980,1E 0633 P-A/WTC,1755775109,1755775124,586,0,0
1755758040_A..S57R,039400_A..S57R,A,1,1755758040,1A 0634 207/LEF,1755776716,1755776731,704,0,0
1755758040_C..S05R,039400_C..S05R,C,1,1755758040,1C 0634 168/EUC,1755776416,1755776431,684,0,0
1755758070_C..N04R,039450_C..N04R,C,0,1755758070,1C 0634+ EUC/168,1755776206,1755776221,668,0,0
1755758280_A..N65R,039800_A..N65R,A,0,1755758280,1A 0638 RPK/207,1755779209,1755779223,897,0,0
1755758280_E..N72R,039800_E..N72R,E,0,1755758280,1E 0638 WTC/P-A,1755775620,1755775635,615,0,0
1755758310_A..N55R,039850_A..N55R,A,0,1755758310,1A 0638+ FAR/207,1755778864,1755778878,850,0,0
1755758310_E..S71R,039850_E..S71R,E,1,1755758310,1E 0638+ P-A/WTC,1755775335,1755775350,590,0,0
1755758370_A..N54R,039950_A..N54R,A,0,1755758370,1A 0639+ LEF/207,1755777062,1755777076,703,0,0
1755758460_A..S58R,040100_A..S58R,A,1,1755758460,1A 0641 207/FAR,1755778683,1755778698,812,0,0
1755758490_C..N04R,040150_C..N04R,C,0,1755758490,1C 0641+ EUC/168,1755777317,1755777332,707,0,0
1755758580_E..S71R,040300_E..S71R,E,1,1755758580,1E 0643 P-A/WTC,1755776100,1755776115,613,0,0
1755758670_A..S16R,040450_A..S16R,A,1,1755758670,1A 0644+ EUC/FAR,1755775064,1755775079,514,0,0
1755758760_C..S04R,040600_C..S04R,C,1,1755758760,1C 0646 168/EUC,1755777362,1755777377,674,0,0
1755758790_H..S21R,040650_H..S21R,H,1,1755758790,1H 0646+ BCR/RPK,1755774253,1755774268,393,0,0
1755758880_E..S71R,040800_E..S71R,E,1,1755758880,1E 0648 P-A/WTC,1755776085,1755776100,572,0,0
1755758910_H..N21R,040850_H..N21R,H,0,1755758910,1H 0648+ RPK/BCR,1755784118,1755784119,1234,0,0
1755758955_E..N72R,040925_E..N72R,E,0,1755758955,1E 0649 WTC/P-A,1755775875,1755775890,548,0,0
1755759000_A..N55R,041000_A..N55R,A,0,1755759000,1A 0650 FAR/207,1755779464,1755779478,838,0,0
1755759000_A..S57R,041000_A..S57R,A,1,1755759000,1A 0650 207/LEF,1755777812,1755777827,673,0,0
1755759060_A..N54R,041100_A..N54R,A,0,1755759060,1A 0651 LEF/207,1755778128,1755778143,675,0,0
1755759180_E..S71R,041300_E..S71R,E,1,1755759180,1E 0653 P-A/WTC,1755776866,1755776882,589,0,0
1755759210_C..N04R,041350_C..N04R,C,0,1755759210,1C 0653+ EUC/168,1755779149,1755779163,776,0,0
1755759360_C..S04R,041600_C..S04R,C,1,1755759360,1C 0656 168/EUC,1755777512,1755777527,609,0,0
1755759480_A..N65R,041800_A..N65R,A,0,1755759480,1A 0658 RPK/207,1755779809,1755779825,826,0,0
1755759480_A..S58R,041800_A..S58R,A,1,1755759480,1A 0658 207/FAR,1755779314,1755779328,763,0,0
1755759480_E..S71R,041800_E..S71R,E,1,1755759480,1E 0658 P-A/WTC,1755776851,1755776866,549,0,0
1755759630_E..N66R,042050_E..N66R,E,0,1755759630,1E 0700+ WTC/P-A,1755776806,1755776821,526,0,0
1755759660_C..N04R,042100_C..N04R,C,0,1755759660,1C 0701 EUC/168,1755779149,1755779163,717,0,0
1755759720_E..S71R,042200_E..S71R,E,1,1755759720,1E 0702 P-A/WTC,1755776851,1755776866,518,0,0
1755759780_A..N55R,042300_A..N55R,A,0,1755759780,1A 0703 FAR/207,1755780515,1755780530,853,0,0
1755759930_C..S04R,042550_C..S04R,C,1,1755759930,1C 0705+ 168/EUC,1755778502,1755778504,620,0,0
1755759960_A..S57R,042600_A..S57R,A,1,1755759960,1A 0706 207/LEF,1755778248,1755778263,599,0,0
1755759960_E..S71R,042600_E..S71R,E,1,1755759960,1E 0706 P-A/WTC,1755777182,1755777197,523,0,0
1755759990_A..S16R,042650_A..S16R,A,1,1755759990,1A 0706+ EUC/FAR,1755776536,1755776551,478,0,0
1755760020_A..N54R,042700_A..N54R,A,0,1755760020,1A 0707 LEF/207,1755778984,1755778998,652,0,0
1755760110_E..N66R,042850_E..N66R,E,0,1755760110,1E 0708+ WTC/P-A,1755777257,1755777272,519,0,0
1755760200_E..S56R,043000_E..S56R,E,1,1755760200,1E 0710 179/WTC,1755777812,1755777827,551,0,0
1755760290_C..N04R,043150_C..N04R,C,0,1755760290,1C 0711+ EUC/168,1755779164,1755779178,673,0,0
1755760320_H..N21R,043200_H..N21R,H,0,1755760320,1H 0712 RPK/BCR,1755785515,1755785530,1236,0,0
1755760380_A..N82R,043300_A..N82R,A,0,1755760380,1A 0713 FAR/200,1755780846,1755780860,835,0,0
1755760380_E..S71R,043300_E..S71R,E,1,1755760380,1E 0713 P-A/WTC,1755777723,1755777737,533,0,0
1755760410_A..S58R,043350_A..S58R,A,1,1755760410,1A 0713+ 207/FAR,1755780350,1755780365,800,0,0
1755760500_E..N66R,043500_E..N66R,E,0,1755760500,1E 0715 WTC/P-A,1755777797,1755777812,530,0,0
1755760530_C..S04R,043550_C..S04R,C,1,1755760530,1C 0715+ 168/EUC,1755779149,1755779163,655,0,0
1755760590_H..S21R,043650_H..S21R,H,1,1755760590,1H 0716+ BCR/RPK,1755775305,1755775320,352,0,0
1755760680_A..N65R,043800_A..N65R,A,0,1755760680,1A 0718 RPK/207,1755781296,1755781311,845,0,0
1755760680_A..N85R,043800_A..N85R,A,0,1755760680,1A 0718 FAR/168,1755780470,1755780485,790,0,0
1755760680_E..S71R,043800_E..S71R,E,1,1755760680,1E 0718 P-A/WTC,1755777872,1755777887,523,0,0
1755760830_A..S57R,044050_A..S57R,A,1,1755760830,1A 0720+ 207/LEF,1755779614,1755779628,694,0,0
1755760860_E..N66R,044100_E..N66R,E,0,1755760860,1E 0721 WTC/P-A,1755778067,1755778083,526,0,0
1755760890_C..N04R,044150_C..N04R,C,0,1755760890,1C 0721+ EUC/168,1755779509,1755779523,676,0,0
1755760920_A..N54R,044200_A..N54R,A,0,1755760920,1A 0722 LEF/207,1755780050,1755780065,728,0,0
1755760920_E..S71R,044200_E..S71R,E,1,1755760920,1E 0722 P-A/WTC,1755778143,1755778158,527,0,0
1755761130_C..S04R,044550_C..S04R,C,1,1755761130,1C 0725+ 168/EUC,1755779569,1755779583,668,0,0
1755761160_E..S71R,044600_E..S71R,E,1,1755761160,1E 0726 P-A/WTC,1755778504,1755778518,539,0,0
1755761220_H..N21R,044700_H..N21R,H,0,1755761220,1H 0727 RPK/BCR,1755786416,1755786431,1240,0,0
1755761250_E..N66R,044750_E..N66R,E,0,1755761250,1E 0727+ WTC/P-A,1755778458,1755778473,529,0,0
1755761310_A..N55R,044850_A..N55R,A,0,1755761310,1A 0728+ FAR/207,1755782017,1755782032,851,0,0
1755761400_A..S58R,045000_A..S58R,A,1,1755761400,1A 0730 207/FAR,1755781251,1755781266,794,0,0
1755761400_E..S56R,045000_E..S56R,E,1,1755761400,1E 0730 179/WTC,1755778968,1755778984,574,0,0
1755761430_C..N04R,045050_C..N04R,C,0,1755761430,1C 0730+ EUC/168,1755780125,1755780139,716,0,0
1755761580_A..N54R,045300_A..N54R,A,0,1755761580,1A 0733 LEF/207,1755780875,1755780890,734,0,0
1755761580_E..N66R,045300_E..N66R,E,0,1755761580,1E 0733 WTC/P-A,1755778773,1755778787,536,0,0
1755761580_E..S71R,045300_E..S71R,E,1,1755761580,1E 0733 P-A/WTC,1755778623,1755778623,520,0,0
1755761760_C..S04R,045600_C..S04R,C,1,1755761760,1C 0736 168/EUC,1755779854,1755779869,663,0,0
1755761760_H..S21R,045600_H..S21R,H,1,1755761760,1H 0736 BCR/RPK,1755776776,1755776791,376,0,0
1755761850_E..N66R,045750_E..N66R,E,0,1755761850,1E 0737+ WTC/P-A,1755779089,1755779103,559,0,0
1755761880_A..N60R,045800_A..N60R,A,0,1755761880,1A 0738 RPK/200,1755782347,1755782362,835,0,0
1755761880_E..S71R,045800_E..S71R,E,1,1755761880,1E 0738 P-A/WTC,1755779149,1755779163,565,0,0
1755761970_A..S57R,045950_A..S57R,A,1,1755761970,1A 0739+ 207/LEF,1755780710,1755780725,720,0,0
1755762000_A..N55R,046000_A..N55R,A,0,1755762000,1A 0740 FAR/207,1755782917,1755782932,866,0,0
1755762060_E..N66R,046100_E..N66R,E,0,1755762060,1E 0741 WTC/P-A,1755779329,1755779344,577,0,0
1755762120_C..N04R,046200_C..N04R,C,0,1755762120,1C 0742 EUC/168,1755780710,1755780725,710,0,0
1755762150_H..N21R,046250_H..N21R,H,0,1755762150,1H 0742+ RPK/BCR,1755787347,1755787362,1240,0,0
1755762180_A..N18R,046300_A..N18R,A,0,1755762180,1A 0743 FAR/200,1755783233,1755783248,875,0,0
1755762240_A..N54R,046400_A..N54R,A,0,1755762240,1A 0744 LEF/207,1755781626,1755781641,763,0,0
1755762270_C..S04R,046450_C..S04R,C,1,1755762270,1C 0744+ 168/EUC,1755780620,1755780635,694,0,0
1755762330_E..S71R,046550_E..S71R,E,1,1755762330,1E 0745+ P-A/WTC,1755779554,1755779568,586,0,0
1755762360_E..N66R,046600_E..N66R,E,0,1755762360,1E 0746 WTC/P-A,1755779539,1755779553,582,0,0
1755762540_A..S58R,046900_A..S58R,A,1,1755762540,1A 0749 207/FAR,1755783218,1755783233,850,0,0
1755762540_H..S21R,046900_H..S21R,H,1,1755762540,1H 0749 BCR/RPK,1755777692,1755777707,387,0,0
1755762600_E..S56R,047000_E..S56R,E,1,1755762600,1E 0750 179/WTC,1755779719,1755779733,590,0,0
1755762660_E..N66R,047100_E..N66R,E,0,1755762660,1E 0751 WTC/P-A,1755779839,1755779854,601,0,0
1755762690_C..N04R,047150_C..N04R,C,0,1755762690,1C 0751+ EUC/168,1755781656,1755781671,735,0,0
1755762750_A..N54R,047250_A..N54R,A,0,1755762750,1A 0752+ LEF/207,1755782302,1755782317,774,0,0
1755762750_A..N82R,047250_A..N82R,A,0,1755762750,1A 0752+ FAR/200,1755783533,1755783548,857,0,0
1755762780_E..S71R,047300_E..S71R,E,1,1755762780,1E 0753 P-A/WTC,1755780200,1755780215,632,0,0
1755762810_C..S04R,047350_C..S04R,C,1,1755762810,1C 0753+ 168/EUC,1755780935,1755780950,679,0,0
1755762900_E..N66R,047500_E..N66R,E,0,1755762900,1E 0755 WTC/P-A,1755780020,1755780034,608,0,0
1755763020_A..N65R,047700_A..N65R,A,0,1755763020,1A 0757 RPK/207,1755783998,1755783999,895,0,0
1755763110_A..S57R,047850_A..S57R,A,1,1755763110,1A 0758+ 207/LEF,1755781851,1755781866,717,0,0
1755763140_E..N66R,047900_E..N66R,E,0,1755763140,1E 0759 WTC/P-A,1755780290,1755780305,609,0,0
1755763170_E..S71R,047950_E..S71R,E,1,1755763170,1E 0759+ P-A/WTC,1755780305,1755780320,606,0,0
1755763260_A..N54R,048100_A..N54R,A,0,1755763260,1A 0801 LEF/207,1755782737,1755782752,756,0,0
1755763260_C..N04R,048100_C..N04R,C,0,1755763260,1C 0801 EUC/168,1755781926,1755781941,701,0,0
1755763290_H..N21R,048150_H..N21R,H,0,1755763290,1H 0801+ RPK/BCR,1755788488,1755788503,1230,0,0
1755763320_A..N85R,048200_A..N85R,A,0,1755763320,1A 0802 FAR/168,1755783548,1755783563,803,0,0
1755763380_C..S04R,048300_C..S04R,C,1,1755763380,1C 0803 168/EUC,1755781896,1755781912,684,0,0
1755763380_E..N66R,048300_E..N66R,E,0,1755763380,1E 0803 WTC/P-A,1755780815,1755780830,612,0,0
1755763470_A..S58R,048450_A..S58R,A,1,1755763470,1A 0804+ 207/FAR,1755783488,1755783503,779,0,0
1755763500_H..S21R,048500_H..S21R,H,1,1755763500,1H 0805 BCR/RPK,1755780275,1755780290,558,0,0
1755763560_E..S71R,048600_E..S71R,E,1,1755763560,1E 0806 P-A/WTC,1755780935,1755780950,595,0,0
1755763680_E..N66R,048800_E..N66R,E,0,1755763680,1E 0808 WTC/P-A,1755780935,1755780950,579,0,0
1755763710_A..N54R,048850_A..N54R,A,0,1755763710,1A 0808+ LEF/207,1755783173,1755783188,725,0,0
1755763770_C..N04R,048950_C..N04R,C,0,1755763770,1C 0809+ EUC/168,1755782677,1755782692,685,0,0
1755763800_E..S56R,049000_E..S56R,E,1,1755763800,1E 0810 179/WTC,1755781041,1755781056,571,0,0
1755763830_A..S57R,049050_A..S57R,A,1,1755763830,1A 0810+ 207/LEF,1755782572,1755782587,569,0,0
1755763920_E..N66R,049200_E..N66R,E,0,1755763920,1E 0812 WTC/P-A,1755781221,1755781236,568,0,0
1755763950_C..S04R,049250_C..S04R,C,1,1755763950,1C 0812+ 168/EUC,1755782557,1755782572,654,0,0
1755763980_E..S71R,049300_E..S71R,E,1,1755763980,1E 0813 P-A/WTC,1755781401,1755781416,573,0,0
1755763980_H..N21R,049300_H..N21R,H,0,1755763980,1H 0813 RPK/BCR,1755789179,1755789193,1226,0,0
1755764040_A..N55R,049400_A..N55R,A,0,1755764040,1A 0814 FAR/207,1755784629,1755784643,845,0,0
1755764100_E..N66R,049500_E..N66R,E,0,1755764100,1E 0815 WTC/P-A,1755781596,1755781611,570,0,0
1755764190_A..S57R,049650_A..S57R,A,1,1755764190,1A 0816+ 207/LEF,1755782797,1755782812,538,0,0
1755764220_C..N04R,049700_C..N04R,C,0,1755764220,1C 0817 EUC/168,1755783248,1755783263,665,0,0
1755764280_E..S71R,049800_E..S71R,E,1,1755764280,1E 0818 P-A/WTC,1755781536,1755781551,543,0,0
1755764400_E..N66R,050000_E..N66R,E,0,1755764400,1E 0820 WTC/P-A,1755781912,1755781926,553,0,0
1755764460_A..N54R,050100_A..N54R,A,0,1755764460,1A 0821 LEF/207,1755784118,1755784119,720,0,0
1755764460_C..S04R,050100_C..S04R,C,1,1755764460,1C 0821 168/EUC,1755782872,1755782887,610,0,0
1755764460_H..S21R,050100_H..S21R,H,1,1755764460,1H 0821 BCR/RPK,1755780290,1755780305,437,0,0
1755764550_A..S58R,050250_A..S58R,A,1,1755764550,1A 0822+ 207/FAR,1755784569,1755784583,679,0,0
1755764550_E..S71R,050250_E..S71R,E,1,1755764550,1E 0822+ P-A/WTC,1755781836,1755781851,532,0,0
1755764580_E..N55R,050300_E..N55R,E,0,1755764580,1E 0823 WTC/179,1755782122,1755782137,549,0,0
1755764670_C..N04R,050450_C..N04R,C,0,1755764670,1C 0824+ EUC/168,1755783533,1755783548,639,0,0
1755764760_A..N85R,050600_A..N85R,A,0,1755764760,1A 0826 FAR/168,1755784464,1755784478,744,0,0
1755764760_H..N21R,050600_H..N21R,H,0,1755764760,1H 0826 RPK/BCR,1755789960,1755789975,1232,0,0
1755764820_E..S71R,050700_E..S71R,E,1,1755764820,1E 0827 P-A/WTC,1755782632,1755782647,565,0,0
1755764850_E..N66R,050750_E..N66R,E,0,1755764850,1E 0827+ WTC/P-A,1755782437,1755782452,549,0,0
1755764910_A..S57R,050850_A..S57R,A,1,1755764910,1A 0828+ 207/LEF,1755783698,1755783698,636,2,0
1755765060_A..N54R,051100_A..N54R,A,0,1755765060,1A 0831 LEF/207,1755784449,1755784463,722,0,0
1755765120_E..N66R,051200_E..N66R,E,0,1755765120,1E 0832 WTC/P-A,1755782632,1755782647,545,0,0
1755765150_E..S71R,051250_E..S71R,E,1,1755765150,1E 0832+ P-A/WTC,1755782632,1755782647,543,0,0
1755765180_C..S04R,051300_C..S04R,C,1,1755765180,1C 0833 168/EUC,1755783698,1755783698,618,0,0
1755765240_C..N04R,051400_C..N04R,C,0,1755765240,1C 0834 EUC/168,1755784674,1755784689,740,0,0
1755765270_A..S57R,051450_A..S57R,A,1,1755765270,1A 0834+ 207/LEF,1755783848,1755783863,633,0,0
1755765300_E..N66R,051500_E..N66R,E,0,1755765300,1E 0835 WTC/P-A,1755782932,1755782948,553,0,0
1755765420_E..S71R,051700_E..S71R,E,1,1755765420,1E 0837 P-A/WTC,1755782707,1755782722,530,0,0
1755765420_H..S21R,051700_H..S21R,H,1,1755765420,1H 0837 BCR/RPK,1755780590,1755780605,388,0,0
1755765540_A..S58R,051900_A..S58R,A,1,1755765540,1A 0839 207/FAR,1755785590,1755785605,799,0,0
1755765660_A..N54R,052100_A..N54R,A,0,1755765660,1A 0841 LEF/207,1755784839,1755784854,734,0,0
1755765690_C..S04R,052150_C..S04R,C,1,1755765690,1C 0841+ 168/EUC,1755784359,1755784373,654,0,0
1755765720_A..N55R,052200_A..N55R,A,0,1755765720,1A 0842 FAR/207,1755786266,1755786281,836,0,0
1755765720_E..N66R,052200_E..N66R,E,0,1755765720,1E 0842 WTC/P-A,1755783458,1755783473,300,0,0
1755765750_H..N21R,052250_H..N21R,H,0,1755765750,1H 0842+ RPK/BCR,1755790951,1755790966,1233,0,0
1755765810_E..S71R,052350_E..S71R,E,1,1755765810,1E 0843+ P-A/WTC,1755782962,1755782977,282,0,0
1755765870_C..N04R,052450_C..N04R,C,0,1755765870,1C 0844+ EUC/168,1755784659,1755784674,696,0,0
1755765960_A..S57R,052600_A..S57R,A,1,1755765960,1A 0846 207/LEF,1755784719,1755784734,698,0,0
1755766110_E..N66R,052850_E..N66R,E,0,1755766110,1E 0848+ WTC/P-A,1755783578,1755783593,543,0,0
1755766140_E..S71R,052900_E..S71R,E,1,1755766140,1E 0849 P-A/WTC,1755783638,1755783652,547,0,0
1755766260_A..N54R,053100_A..N54R,A,0,1755766260,1A 0851 LEF/207,1755785455,1755785470,742,0,0
1755766320_A..S58R,053200_A..S58R,A,1,1755766320,1A 0852 207/FAR,1755786671,1755786686,823,0,0
1755766320_C..S04R,053200_C..S04R,C,1,1755766320,1C 0852 168/EUC,1755784494,1755784508,644,0,0
1755766410_H..S21R,053350_H..S21R,H,1,1755766410,1H 0853+ BCR/RPK,1755781176,1755781191,361,0,0
1755766440_E..N66R,053400_E..N66R,E,0,1755766440,1E 0854 WTC/P-A,1755783969,1755783983,304,0,0
1755766470_E..S71R,053450_E..S71R,E,1,1755766470,1E 0854+ P-A/WTC,1755783638,1755783652,524,0,0
1755766530_C..N04R,053550_C..N04R,C,0,1755766530,1C 0855+ EUC/168,1755785857,1755785872,749,0,0
1755766620_A..N54R,053700_A..N54R,A,0,1755766620,1A 0857 LEF/207,1755785793,1755785810,740,0,0
1755766680_A..S57R,053800_A..S57R,A,1,1755766680,1A 0858 207/LEF,1755785470,1755785485,714,0,0
1755766740_C..S05R,053900_C..S05R,C,1,1755766740,1C 0859 168/EUC,1755785215,1755785230,693,0,0
1755766740_E..N66R,053900_E..N66R,E,0,1755766740,1E 0859 WTC/P-A,1755784509,1755784523,617,0,0
1755766740_E..S71R,053900_E..S71R,E,1,1755766740,1E 0859 P-A/WTC,1755784418,1755784419,604,0,0
1755766860_H..N21R,054100_H..N21R,H,0,1755766860,1H 0901 RPK/BCR,1755792062,1755792077,1232,0,0
1755766920_A..N55R,054200_A..N55R,A,0,1755766920,1A 0902 FAR/207,1755787212,1755787227,817,0,0
1755767040_A..S58R,054400_A..S58R,A,1,1755767040,1A 0904 207/FAR,1755787587,1755787602,834,0,0
1755767070_C..N04R,054450_C..N04R,C,0,1755767070,1C 0904+ EUC/168,1755785841,1755785857,711,0,0
1755767070_E..S71R,054450_E..S71R,E,1,1755767070,1E 0904+ P-A/WTC,1755784404,1755784418,580,0,0
1755767100_E..N66R,054500_E..N66R,E,0,1755767100,1E 0905 WTC/P-A,1755784644,1755784659,610,0,0
1755767340_C..S04R,054900_C..S04R,C,1,1755767340,1C 0909 168/EUC,1755786686,1755786701,752,0,0
1755767340_E..N66R,054900_E..N66R,E,0,1755767340,1E 0909 WTC/P-A,1755784960,1755784975,632,0,0
1755767400_E..S71R,055000_E..S71R,E,1,1755767400,1E 0910 P-A/WTC,1755784750,1755784764,602,0,0
1755767430_H..S21R,055050_H..S21R,H,1,1755767430,1H 0910+ BCR/RPK,1755782257,1755782272,360,0,0
1755767520_A..N54R,055200_A..N54R,A,0,1755767520,1A 0912 LEF/207,1755786596,1755786611,733,0,0
1755767580_A..S57R,055300_A..S57R,A,1,1755767580,1A 0913 207/LEF,1755786461,1755786476,720,0,0
1755767580_E..N55R,055300_E..N55R,E,0,1755767580,1E 0913 WTC/179,1755785290,1755785305,638,0,0
1755767610_C..N04R,055350_C..N04R,C,0,1755767610,1C 0913+ EUC/168,1755786161,1755786176,697,0,0
1755767760_A..S58R,055600_A..S58R,A,1,1755767760,1A 0916 207/FAR,1755788053,1755788068,811,0,0
1755767790_E..S71R,055650_E..S71R,E,1,1755767790,1E 0916+ P-A/WTC,1755785080,1755785095,606,0,0
1755767820_C..S04R,055700_C..S04R,C,1,1755767820,1C 0917 168/EUC,1755786716,1755786731,717,0,0
1755767910_E..N66R,055850_E..N66R,E,0,1755767910,1E 0918+ WTC/P-A,1755785365,1755785380,615,0,0
1755767970_A..N54R,055950_A..N54R,A,0,1755767970,1A 0919+ LEF/207,1755786867,1755786882,712,0,0
1755768120_A..N55R,056200_A..N55R,A,0,1755768120,1A 0922 FAR/207,1755788473,1755788488,804,0,0
1755768120_A..S51R,056200_A..S51R,A,1,1755768120,1A 0922 207/EUC,1755786792,1755786806,687,0,0
1755768120_E..N66R,056200_E..N66R,E,0,1755768120,1E 0922 WTC/P-A,1755785782,1755785793,615,0,0
1755768120_H..N21R,056200_H..N21R,H,0,1755768120,1H 0922 RPK/BCR,1755793323,1755793323,1223,0,0
1755768150_E..S71R,056250_E..S71R,E,1,1755768150,1E 0922+ P-A/WTC,1755785305,1755785320,580,0,0
1755768180_C..N04R,056300_C..N04R,C,0,1755768180,1C 0923 EUC/168,1755786972,1755786987,691,0,0
1755768360_C..S04R,056600_C..S04R,C,1,1755768360,1C 0926 168/EUC,1755786912,1755786927,664,0,0
1755768420_A..S58R,056700_A..S58R,A,1,1755768420,1A 0927 207/FAR,1755788789,1755788803,805,0,0
1755768420_E..N66R,056700_E..N66R,E,0,1755768420,1E 0927 WTC/P-A,1755786029,1755786042,597,0,0
1755768420_E..S71R,056700_E..S71R,E,1,1755768420,1E 0927 P-A/WTC,1755785605,1755785621,565,0,0
1755768600_A..S57R,057000_A..S57R,A,1,1755768600,1A 0930 207/LEF,1755787617,1755787632,681,0,0
1755768630_H..S21R,057050_H..S21R,H,1,1755768630,1H 0930+ BCR/RPK,1755783998,1755783999,373,0,0
1755768720_E..S71R,057200_E..S71R,E,1,1755768720,1E 0932 P-A/WTC,1755786057,1755786071,562,0,0
1755768750_C..N04R,057250_C..N04R,C,0,1755768750,1C 0932+ EUC/168,1755787377,1755787392,646,0,0
1755768780_E..N66R,057300_E..N66R,E,0,1755768780,1E 0933 WTC/P-A,1755786266,1755786281,568,0,0
1755768810_A..N54R,057350_A..N54R,A,0,1755768810,1A 0933+ LEF/207,1755787602,1755787617,653,0,0
1755768840_C..S04R,057400_C..S04R,C,1,1755768840,1C 0934 168/EUC,1755787332,1755787347,631,0,0
1755769080_A..S58R,057800_A..S58R,A,1,1755769080,1A 0938 207/FAR,1755789479,1755789494,808,0,0
1755769170_A..N54R,057950_A..N54R,A,0,1755769170,1A 0939+ LEF/207,1755788203,1755788218,646,0,0
1755769170_E..N66R,057950_E..N66R,E,0,1755769170,1E 0939+ WTC/P-A,1755786476,1755786491,531,0,0
1755769170_E..S71R,057950_E..S71R,E,1,1755769170,1E 0939+ P-A/WTC,1755786611,1755786626,540,0,0
1755769200_C..S04R,058000_C..S04R,C,1,1755769200,1C 0940 168/EUC,1755787617,1755787632,603,0,0
1755769320_H..N21R,058200_H..N21R,H,0,1755769320,1H 0942 RPK/BCR,1755794509,1755794525,1217,0,0
1755769350_C..N04R,058250_C..N04R,C,0,1755769350,1C 0942+ EUC/168,1755787782,1755787797,599,0,0
1755769380_A..N55R,058300_A..N55R,A,0,1755769380,1A 0943 FAR/207,1755789479,1755789494,775,0,0
1755769440_E..S71R,058400_E..S71R,E,1,1755769440,1E 0944 P-A/WTC,1755786656,1755786671,518,0,0
1755769470_A..S57R,058450_A..S57R,A,1,1755769470,1A 0944+ 207/LEF,1755788053,1755788068,609,0,0
1755769560_E..N66R,058600_E..N66R,E,0,1755769560,1E 0946 WTC/P-A,1755787002,1755787017,533,0,0
1755769770_C..S04R,058950_C..S04R,C,1,1755769770,1C 0949+ 168/EUC,1755788638,1755788653,642,0,0
1755769800_E..S71R,059000_E..S71R,E,1,1755769800,1E 0950 P-A/WTC,1755787017,1755787032,518,0,0
1755769800_H..S21R,059000_H..S21R,H,1,1755769800,1H 0950 BCR/RPK,1755784719,1755784734,346,0,0
1755769860_E..N66R,059100_E..N66R,E,0,1755769860,1E 0951 WTC/P-A,1755787197,1755787212,526,0,0
1755769920_A..S58R,059200_A..S58R,A,1,1755769920,1A 0952 207/FAR,1755790485,1755790500,828,0,0
1755769950_C..N04R,059250_C..N04R,C,0,1755769950,1C 0952+ EUC/168,1755789299,1755789313,713,0,0
1755770160_A..N54R,059600_A..N54R,A,0,1755770160,1A 0956 LEF/207,1755788954,1755788968,658,0,0
1755770160_C..S04R,059600_C..S04R,C,1,1755770160,1C 0956 168/EUC,1755788924,1755788938,654,0,0
1755770160_E..S71R,059600_E..S71R,E,1,1755770160,1E 0956 P-A/WTC,1755787482,1755787497,525,0,0
1755770190_E..N66R,059650_E..N66R,E,0,1755770190,1E 0956+ WTC/P-A,1755787452,1755787467,521,0,0
1755770280_A..S57R,059800_A..S57R,A,1,1755770280,1A 0958 207/LEF,1755789239,1755789253,683,0,0
1755770400_H..N21R,060000_H..N21R,H,0,1755770400,1H 1000 RPK/BCR,1755795591,1755795606,1217,0,0
1755770460_E..N66R,060100_E..N66R,E,0,1755770460,1E 1001 WTC/P-A,1755787903,1755787918,533,0,0
1755770520_E..S71R,060200_E..S71R,E,1,1755770520,1E 1002 P-A/WTC,1755787632,1755787647,511,0,0
1755770550_C..N04R,060250_C..N04R,C,0,1755770550,1C 1002+ EUC/168,1755789930,1755789944,748,0,0
1755770580_A..N55R,060300_A..N55R,A,0,1755770580,1A 1003 FAR/207,1755791191,1755791206,831,0,0
1755770730_H..S21R,060550_H..S21R,H,1,1755770730,1H 1005+ BCR/RPK,1755785695,1755785711,364,0,0
1755770760_C..S04R,060600_C..S04R,C,1,1755770760,1C 1006 168/EUC,1755788969,1755788983,620,0,0
1755770760_E..N66R,060600_E..N66R,E,0,1755770760,1E 1006 WTC/P-A,1755788293,1755788308,539,0,0
1755770820_A..S58R,060700_A..S58R,A,1,1755770820,1A 1007 207/FAR,1755791101,1755791116,809,0,0
1755770880_E..S71R,060800_E..S71R,E,1,1755770880,1E 1008 P-A/WTC,1755788068,1755788083,516,0,0
1755771030_A..N54R,061050_A..N54R,A,0,1755771030,1A 1010+ LEF/207,1755790545,1755790560,758,1,0
1755771120_E..N66R,061200_E..N66R,E,0,1755771120,1E 1012 WTC/P-A,1755788593,1755788608,546,0,0
1755771240_C..S04R,061400_C..S04R,C,1,1755771240,1C 1014 168/EUC,1755789795,1755789810,690,0,0
1755771240_E..S71R,061400_E..S71R,E,1,1755771240,1E 1014 P-A/WTC,1755789644,1755789659,673,0,0
1755771300_A..S57R,061500_A..S57R,A,1,1755771300,1A 1015 207/LEF,1755789885,1755789899,693,0,0
1755771360_C..N04R,061600_C..N04R,C,0,1755771360,1C 1016 EUC/168,1755789930,1755789944,438,0,0
1755771390_A..N54R,061650_A..N54R,A,0,1755771390,1A 1016+ LEF/207,1755790155,1755790170,708,0,0
1755771450_E..N66R,061750_E..N66R,E,0,1755771450,1E 1017+ WTC/P-A,1755788954,1755788968,572,0,0
1755771540_H..N21R,061900_H..N21R,H,0,1755771540,1H 1019 RPK/BCR,1755796732,1755796747,1217,0,0
1755771540_H..S21R,061900_H..S21R,H,1,1755771540,1H 1019 BCR/RPK,1755786641,1755786656,377,0,0
1755771600_A..N55R,062000_A..N55R,A,0,1755771600,1A 1020 FAR/207,1755791927,1755791942,812,0,0
1755771600_C..S04R,062000_C..S04R,C,1,1755771600,1C 1020 168/EUC,1755790140,1755790155,693,0,0
1755771600_E..S71R,062000_E..S71R,E,1,1755771600,1E 1020 P-A/WTC,1755789674,1755789675,652,0,0
1755771780_A..S58R,062300_A..S58R,A,1,1755771780,1A 1023 207/FAR,1755792241,1755792243,820,0,0
1755771840_E..N66R,062400_E..N66R,E,0,1755771840,1E 1024 WTC/P-A,1755789149,1755789163,566,0,0
1755771960_E..S71R,062600_E..S71R,E,1,1755771960,1E 1026 P-A/WTC,1755789689,1755789704,628,0,0
1755772110_A..S57R,062850_A..S57R,A,1,1755772110,1A 1028+ 207/LEF,1755790951,1755790966,712,0,0
1755772110_C..N04R,062850_C..N04R,C,0,1755772110,1C 1028+ EUC/168,1755790921,1755790936,710,0,0
1755772200_C..S04R,063000_C..S04R,C,1,1755772200,1C 1030 168/EUC,1755791221,1755791236,724,0,0
1755772230_E..N66R,063050_E..N66R,E,0,1755772230,1E 1030+ WTC/P-A,1755789524,1755789539,590,0,0
1755772320_E..S71R,063200_E..S71R,E,1,1755772320,1E 1032 P-A/WTC,1755789750,1755789765,614,0,0
1755772320_H..N21R,063200_H..N21R,H,0,1755772320,1H 1032 RPK/BCR,1755797513,1755797528,1216,0,0
1755772440_A..N54R,063400_A..N54R,A,0,1755772440,1A 1034 LEF/207,1755791326,1755791343,715,0,0
1755772560_E..N66R,063600_E..N66R,E,0,1755772560,1E 1036 WTC/P-A,1755789900,1755789915,610,0,0
1755772590_C..N04R,063650_C..N04R,C,0,1755772590,1C 1036+ EUC/168,1755791282,1755791296,702,0,0
1755772680_A..S58R,063800_A..S58R,A,1,1755772680,1A 1038 207/FAR,1755792948,1755792962,812,0,0
1755772680_C..S04R,063800_C..S04R,C,1,1755772680,1C 1038 168/EUC,1755791282,1755791296,696,0,0
1755772680_E..S71R,063800_E..S71R,E,1,1755772680,1E 1038 P-A/WTC,1755790771,1755790786,662,0,0
1755772890_A..N55R,064150_A..N55R,A,0,1755772890,1A 1041+ FAR/207,1755793263,1755793277,625,0,0
1755772890_H..S21R,064150_H..S21R,H,1,1755772890,1H 1041+ BCR/RPK,1755788158,1755788173,381,0,0
1755772920_E..N66R,064200_E..N66R,E,0,1755772920,1E 1042 WTC/P-A,1755790260,1755790275,604,0,0
1755772980_E..S71R,064300_E..S71R,E,1,1755772980,1E 1043 P-A/WTC,1755790786,1755790801,631,0,0
1755773070_C..N04R,064450_C..N04R,C,0,1755773070,1C 1044+ EUC/168,1755791642,1755791656,676,0,0
1755773130_A..S57R,064550_A..S57R,A,1,1755773130,1A 1045+ 207/LEF,1755791732,1755791747,674,0,0
1755773160_C..S04R,064600_C..S04R,C,1,1755773160,1C 1046 168/EUC,1755791762,1755791777,672,0,0
1755773220_H..N21R,064700_H..N21R,H,0,1755773220,1H 1047 RPK/BCR,1755798413,1755798428,1208,0,0
1755773250_E..N66R,064750_E..N66R,E,0,1755773250,1E 1047+ WTC/P-A,1755790680,1755790696,588,0,0
1755773400_A..N54R,065000_A..N54R,A,0,1755773400,1A 1050 LEF/207,1755792512,1755792527,691,0,0
1755773400_E..S71R,065000_E..S71R,E,1,1755773400,1E 1050 P-A/WTC,1755790786,1755790801,575,0,0
1755773550_C..N04R,065250_C..N04R,C,0,1755773550,1C 1052+ EUC/168,1755792241,1755792243,657,1,0
1755773610_E..N66R,065350_E..N66R,E,0,1755773610,1E 1053+ WTC/P-A,1755791191,1755791206,579,0,0
1755773610_H..S21R,065350_H..S21R,H,1,1755773610,1H 1053+ BCR/RPK,1755788819,1755788833,360,0,0
1755773640_C..S04R,065400_C..S04R,C,1,1755773640,1C 1054 168/EUC,1755792347,1755792363,653,0,0
1755773730_A..S58R,065550_A..S58R,A,1,1755773730,1A 1055+ 207/FAR,1755794149,1755794164,819,0,0
1755773760_E..S71R,065600_E..S71R,E,1,1755773760,1E 1056 P-A/WTC,1755791296,1755791311,566,0,0
1755773970_C..N04R,065950_C..N04R,C,0,1755773970,1C 1059+ EUC/168,1755792572,1755792587,624,0,0
1755773970_E..N66R,065950_E..N66R,E,0,1755773970,1E 1059+ WTC/P-A,1755791282,1755791296,537,0,0
1755774000_C..S04R,066000_C..S04R,C,1,1755774000,1C 1100 168/EUC,1755792587,1755792603,621,0,0
1755774060_H..N21R,066100_H..N21R,H,0,1755774060,1H 1101 RPK/BCR,1755799254,1755799269,1198,0,0
1755774150_E..S71R,066250_E..S71R,E,1,1755774150,1E 1102+ P-A/WTC,1755791582,1755791596,535,0,0
1755774180_A..N55R,066300_A..N55R,A,0,1755774180,1A 1103 FAR/207,1755795365,1755795380,865,0,0
1755774270_E..N66R,066450_E..N66R,E,0,1755774270,1E 1104+ WTC/P-A,1755791446,1755791461,516,0,0
1755774330_A..S57R,066550_A..S57R,A,1,1755774330,1A 1105+ 207/LEF,1755792948,1755792962,617,0,0
1755774330_H..S21R,066550_H..S21R,H,1,1755774330,1H 1105+ BCR/RPK,1755789659,1755789674,383,0,0
1755774420_A..N54R,066700_A..N54R,A,0,1755774420,1A 1107 LEF/207,1755793909,1755793923,716,0,0
1755774480_E..N66R,066800_E..N66R,E,0,1755774480,1E 1108 WTC/P-A,1755791642,1755791656,515,0,0
1755774510_C..N04R,066850_C..N04R,C,0,1755774510,1C 1108+ EUC/168,1755793173,1755793188,623,1,0
1755774540_E..S71R,066900_E..S71R,E,1,1755774540,1E 1109 P-A/WTC,1755791642,1755791656,511,0,0
1755774600_C..S04R,067000_C..S04R,C,1,1755774600,1C 1110 168/EUC,1755793308,1755793323,632,0,0
1755774780_E..N66R,067300_E..N66R,E,0,1755774780,1E 1113 WTC/P-A,1755792107,1755792123,526,0,0
1755774840_H..N21R,067400_H..N21R,H,0,1755774840,1H 1114 RPK/BCR,1755800035,1755800050,1193,0,0
1755774900_A..N55R,067500_A..N55R,A,0,1755774900,1A 1115 FAR/207,1755795696,1755795711,838,0,0
1755774900_E..N,067500_E..N,E,0,1755774900,EE 1115 WTC/P-A,1755792843,1755792858,302,0,0
1755774930_A..S58R,067550_A..S58R,A,1,1755774930,1A 1115+ 207/FAR,1755795125,1755795140,798,0,0
1755774930_E..S71R,067550_E..S71R,E,1,1755774930,1E 1115+ P-A/WTC,1755792527,1755792543,545,0,0
1755774990_C..N04R,067650_C..N04R,C,0,1755774990,1C 1116+ EUC/168,1755793684,1755793698,656,0,0
1755775080_C..S04R,067800_C..S04R,C,1,1755775080,1C 1118 168/EUC,1755793308,1755793323,601,0,0
1755775110_E..N66R,067850_E..N66R,E,0,1755775110,1E 1118+ WTC/P-A,1755793083,1755793084,577,0,0
1755775170_H..S21R,067950_H..S21R,H,1,1755775170,1H 1119+ BCR/RPK,1755790605,1755790621,397,0,0
1755775320_E..S71R,068200_E..S71R,E,1,1755775320,1E 1122 P-A/WTC,1755792527,1755792543,515,0,0
1755775470_C..N04R,068450_C..N04R,C,0,1755775470,1C 1124+ EUC/168,1755794029,1755794044,655,0,0
1755775470_E..N66R,068450_E..N66R,E,0,1755775470,1E 1124+ WTC/P-A,1755793084,1755793098,549,0,0
1755775530_A..S57R,068550_A..S57R,A,1,1755775530,1A 1125+ 207/LEF,1755794209,1755794224,675,0,0
1755775560_C..S04R,068600_C..S04R,C,1,1755775560,1C 1126 168/EUC,1755794269,1755794284,681,0,0
1755775620_A..N54R,068700_A..N54R,A,0,1755775620,1A 1127 LEF/207,1755794735,1755794750,722,0,0
1755775680_E..S71R,068800_E..S71R,E,1,1755775680,1E 1128 P-A/WTC,1755793023,1755793023,529,0,0
1755775830_E..N66R,069050_E..N66R,E,0,1755775830,1E 1130+ WTC/P-A,1755793368,1755793383,554,0,0
1755775860_H..N21R,069100_H..N21R,H,0,1755775860,1H 1131 RPK/BCR,1755801056,1755801071,1189,0,0
1755775950_C..N04R,069250_C..N04R,C,0,1755775950,1C 1132+ EUC/168,1755794554,1755794569,687,0,0
1755775950_H..S21R,069250_H..S21R,H,1,1755775950,1H 1132+ BCR/RPK,1755791251,1755791266,387,0,0
1755776070_A..S58R,069450_A..S58R,A,1,1755776070,1A 1134+ 207/FAR,1755796131,1755796146,785,1,1
1755776100_A..N55R,069500_A..N55R,A,0,1755776100,1A 1135 FAR/207,1755796672,1755796687,819,1,0
1755776100_E..S71R,069500_E..S71R,E,1,1755776100,1E 1135 P-A/WTC,1755793489,1755793503,552,0,0
1755776179_C..S04R,069633_C..S04R,C,1,1755776179,1C 1136 168/EUC,1755794750,1755794765,521,0,0
1755776220_E..N66R,069700_E..N66R,E,0,1755776220,1E 1137 WTC/P-A,1755793849,1755793863,586,0,0
1755776430_C..N04R,070050_C..N04R,C,0,1755776430,1C 1140+ EUC/168,1755795305,1755795321,706,0,0
1755776490_E..S71R,070150_E..S71R,E,1,1755776490,1E 1141+ P-A/WTC,1755793608,1755793624,541,0,0
1755776580_E..N66R,070300_E..N66R,E,0,1755776580,1E 1143 WTC/P-A,1755794254,1755794269,611,0,0
1755776700_A..N54R,070500_A..N54R,A,0,1755776700,1A 1145 LEF/207,1755796041,1755796056,737,0,0
1755776730_A..S57R,070550_A..S57R,A,1,1755776730,1A 1145+ 207/LEF,1755795726,1755795741,714,1,0
1755776760_H..N21R,070600_H..N21R,H,0,1755776760,1H 1146 RPK/BCR,1755801957,1755801972,1189,0,0
1755776799_C..S04R,070666_C..S04R,C,1,1755776799,1C 1146+ 168/EUC,1755795380,1755795395,563,0,0
1755776820_E..S71R,070700_E..S71R,E,1,1755776820,1E 1147 P-A/WTC,1755793909,1755793923,552,0,0
1755776850_C..N04R,070750_C..N04R,C,0,1755776850,1C 1147+ EUC/168,1755795290,1755795305,677,0,0
1755776970_E..N66R,070950_E..N66R,E,0,1755776970,1E 1149+ WTC/P-A,1755794434,1755794449,607,0,0
1755776970_H..S21R,070950_H..S21R,H,1,1755776970,1H 1149+ BCR/RPK,1755792303,1755792317,390,0,0
1755777180_E..S71R,071300_E..S71R,E,1,1755777180,1E 1153 P-A/WTC,1755794269,1755794284,573,0,0
1755777270_A..S58R,071450_A..S58R,A,1,1755777270,1A 1154+ 207/FAR,1755797513,1755797528,797,1,0
1755777270_E..N66R,071450_E..N66R,E,0,1755777270,1E 1154+ WTC/P-A,1755794705,1755794720,610,0,0
1755777300_A..N55R,071500_A..N55R,A,0,1755777300,1A 1155 FAR/207,1755797437,1755797452,790,1,0
1755777390_C..N04R,071650_C..N04R,C,0,1755777390,1C 1156+ EUC/168,1755796567,1755796582,726,0,0
1755777420_C..S04R,071700_C..S04R,C,1,1755777420,1C 1157 168/EUC,1755795696,1755795711,666,0,0
1755777630_E..S71R,072050_E..S71R,E,1,1755777630,1E 1200+ P-A/WTC,1755794660,1755794675,580,0,0
1755777660_E..N66R,072100_E..N66R,E,0,1755777660,1E 1201 WTC/P-A,1755795246,1755795260,616,0,0
1755777780_A..S57R,072300_A..S57R,A,1,1755777780,1A 1203 207/LEF,1755796597,1755796612,692,0,0
1755777840_H..N21R,072400_H..N21R,H,0,1755777840,1H 1204 RPK/BCR,1755803038,1755803053,1186,0,0
1755777870_C..N04R,072450_C..N04R,C,0,1755777870,1C 1204+ EUC/168,1755796537,1755796552,676,0,0
1755777930_H..S21R,072550_H..S21R,H,1,1755777930,1H 1205+ BCR/RPK,1755793308,1755793323,384,0,0
1755777960_A..N54R,072600_A..N54R,A,0,1755777960,1A 1206 LEF/207,1755797122,1755797137,702,1,0
1755777960_C..S04R,072600_C..S04R,C,1,1755777960,1C 1206 168/EUC,1755796326,1755796341,649,0,0
1755778050_E..N66R,072750_E..N66R,E,0,1755778050,1E 1207+ WTC/P-A,1755798368,1755798383,617,0,0
1755778050_E..S71R,072750_E..S71R,E,1,1755778050,1E 1207+ P-A/WTC,1755795230,1755795246,565,0,0
1755778350_A..N55R,073250_A..N55R,A,0,1755778350,1A 1212+ FAR/207,1755798954,1755798968,820,0,0
1755778350_C..N04R,073250_C..N04R,C,0,1755778350,1C 1212+ EUC/168,1755796897,1755796912,641,0,0
1755778380_A..S58R,073300_A..S58R,A,1,1755778380,1A 1213 207/FAR,1755798744,1755798759,791,0,0
1755778440_C..S04R,073400_C..S04R,C,1,1755778440,1C 1214 168/EUC,1755796957,1755796972,633,0,0
1755778440_E..S71R,073400_E..S71R,E,1,1755778440,1E 1214 P-A/WTC,1755797362,1755797377,660,0,0
1755778440_H..N21R,073400_H..N21R,H,0,1755778440,1H 1214 RPK/BCR,1755803639,1755803654,1166,0,0
1755778470_E..N66R,073450_E..N66R,E,0,1755778470,1E 1214+ WTC/P-A,1755795996,1755796011,565,0,0
1755778770_E..N66R,073950_E..N66R,E,0,1755778770,1E 1219+ WTC/P-A,1755796251,1755796266,542,0,0
1755778830_C..N04R,074050_C..N04R,C,0,1755778830,1C 1220+ EUC/168,1755797377,1755797392,609,0,0
1755778890_E..S71R,074150_E..S71R,E,1,1755778890,1E 1221+ P-A/WTC,1755797362,1755797377,600,0,0
1755778950_C..S04R,074250_C..S04R,C,1,1755778950,1C 1222+ 168/EUC,1755797513,1755797528,602,0,0
1755778980_A..S57R,074300_A..S57R,A,1,1755778980,1A 1223 207/LEF,1755797843,1755797858,623,0,0
1755779010_H..S21R,074350_H..S21R,H,1,1755779010,1H 1223+ BCR/RPK,1755793969,1755793983,330,0,0
1755779100_E..N66R,074500_E..N66R,E,0,1755779100,1E 1225 WTC/P-A,1755796477,1755796491,521,0,0
1755779160_A..N54R,074600_A..N54R,A,0,1755779160,1A 1226 LEF/207,1755797978,1755797993,616,1,0
1755779310_C..N04R,074850_C..N04R,C,0,1755779310,1C 1228+ EUC/168,1755797798,1755797813,594,0,0
1755779340_E..S,074900_E..S,E,1,1755779340,=E 1311+ WE4/2AV,1755797062,1755797077,19,0,0
1755779340_E..S71R,074900_E..S71R,E,1,1755779340,1E 1229 P-A/WTC,1755804540,1755804555,1144,0,0
1755779400_C..N,075000_C..N,C,0,1755779400,$C 1333 CHB/168,1755800831,1755800846,269,0,0
1755779400_C..S04R,075000_C..S04R,C,1,1755779400,1C 1230 168/EUC,1755804600,1755804615,1144,0,0
1755779460_A..S58R,075100_A..S58R,A,1,1755779460,1A 1231 207/FAR,1755799705,1755799720,773,0,0
1755779520_E..N66R,075200_E..N66R,E,0,1755779520,1E 1232 WTC/P-A,1755798263,1755798278,542,0,0
1755779550_A..N55R,075250_A..N55R,A,0,1755779550,1A 1232+ FAR/207,1755799930,1755799945,782,0,0
1755779640_H..N21R,075400_H..N21R,H,0,1755779640,1H 1234 RPK/BCR,1755804840,1755804855,1144,0,0
1755779730_C..N04R,075550_C..N04R,C,0,1755779730,1C 1235+ EUC/168,1755798248,1755798263,606,0,0
1755779790_E..S71R,075650_E..S71R,E,1,1755779790,1E 1236+ P-A/WTC,1755798173,1755798188,592,0,0
1755779880_C..S04R,075800_C..S04R,C,1,1755779880,1C 1238 168/EUC,1755798759,1755798774,651,1,0
1755779910_H..S21R,075850_H..S21R,H,1,1755779910,1H 1238+ BCR/RPK,1755795050,1755795065,371,0,0
1755779940_A..S57R,075900_A..S57R,A,1,1755779940,1A 1239 207/LEF,1755799330,1755799344,716,1,0
1755780000_E..N66R,076000_E..N66R,E,0,1755780000,1E 1240 WTC/P-A,1755797377,1755797392,520,0,0
1755780240_E..S71R,076400_E..S71R,E,1,1755780240,1E 1244 P-A/WTC,1755798173,1755798188,562,0,0
1755780270_C..N04R,076450_C..N04R,C,0,1755780270,1C 1244+ EUC/168,1755798924,1755798938,645,0,0
1755780360_A..N54R,076600_A..N54R,A,0,1755780360,1A 1246 LEF/207,1755799254,1755799269,682,0,0
1755780360_C..S04R,076600_C..S04R,C,1,1755780360,1C 1246 168/EUC,1755801612,1755801627,840,1,0
1755780360_H..N21R,076600_H..N21R,H,0,1755780360,1H 1246 RPK/BCR,1755805561,1755805576,1144,0,0
1755780420_E..N66R,076700_E..N66R,E,0,1755780420,1E 1247 WTC/P-A,1755797738,1755797753,516,0,0
1755780480_A..N55R,076800_A..N55R,A,0,1755780480,1A 1248 FAR/207,1755801132,1755801146,800,0,0
1755780480_A..S58R,076800_A..S58R,A,1,1755780480,1A 1248 207/FAR,1755800921,1755800936,786,0,0
1755780690_E..S71R,077150_E..S71R,E,1,1755780690,1E 1251+ P-A/WTC,1755798459,1755798473,569,0,0
1755780750_C..N04R,077250_C..N04R,C,0,1755780750,1C 1252+ EUC/168,1755799330,1755799344,662,0,0
1755780840_C..S04R,077400_C..S04R,C,1,1755780840,1C 1254 168/EUC,1755799044,1755799059,623,1,0
1755780840_E..N66R,077400_E..N66R,E,0,1755780840,1E 1254 WTC/P-A,1755797918,1755797933,500,0,0
1755780960_A..S57R,077600_A..S57R,A,1,1755780960,1A 1256 207/LEF,1755800350,1755800366,716,0,0
1755781140_E..S71R,077900_E..S71R,E,1,1755781140,1E 1259 P-A/WTC,1755798459,1755798473,539,0,0
1755781200_C..S04R,078000_C..S04R,C,1,1755781200,1C 1300 168/EUC,1755801762,1755801777,794,2,0
1755781230_C..N04R,078050_C..N04R,C,0,1755781230,1C 1300+ EUC/168,1755799810,1755799825,662,0,0
1755781260_E..N66R,078100_E..N66R,E,0,1755781260,1E 1301 WTC/P-A,1755798248,1755798263,504,0,0
1755781260_H..N21R,078100_H..N21R,H,0,1755781260,1H 1301 RPK/BCR,1755806462,1755806477,1144,0,0
1755781440_A..N54R,078400_A..N54R,A,0,1755781440,1A 1304 LEF/207,1755800381,1755800396,686,0,0
1755781500_A..N55R,078500_A..N55R,A,0,1755781500,1A 1305 FAR/207,1755802498,1755802513,822,0,0
1755781530_H..S21R,078550_H..S21R,H,1,1755781530,1H 1305+ BCR/RPK,1755797828,1755797843,447,0,0
1755781560_A..S58R,078600_A..S58R,A,1,1755781560,1A 1306 207/FAR,1755801807,1755801822,772,0,0
1755781590_E..S71R,078650_E..S71R,E,1,1755781590,1E 1306+ P-A/WTC,1755798938,1755798939,557,0,0
1755781710_C..N04R,078850_C..N04R,C,0,1755781710,1C 1308+ EUC/168,1755800981,1755800996,707,0,0
1755781800_C..S04R,079000_C..S04R,C,1,1755781800,1C 1310 168/EUC,1755800396,1755800411,662,0,0
1755782010_E..S71R,079350_E..S71R,E,1,1755782010,1E 1313+ P-A/WTC,1755799945,1755799960,616,0,0
1755782100_A..S57R,079500_A..S57R,A,1,1755782100,1A 1315 207/LEF,1755800846,1755800861,669,0,0
1755782160_A..N54R,079600_A..N54R,A,0,1755782160,1A 1316 LEF/207,1755801236,1755801251,690,0,0
1755782160_C..N04R,079600_C..N04R,C,0,1755782160,1C 1316 EUC/168,1755801086,1755801101,680,0,0
1755782220_E..N66R,079700_E..N66R,E,0,1755782220,1E 1317 WTC/P-A,1755799795,1755799810,589,0,0
1755782280_C..S04R,079800_C..S04R,C,1,1755782280,1C 1318 168/EUC,1755800786,1755800801,650,0,0
1755782340_H..N21R,079900_H..N21R,H,0,1755782340,1H 1319 RPK/BCR,1755807543,1755807543,1143,0,0
1755782370_H..S21R,079950_H..S21R,H,1,1755782370,1H 1319+ BCR/RPK,1755797843,1755797858,385,0,0
1755782430_A..N55R,080050_A..N55R,A,0,1755782430,1A 1320+ FAR/207,1755802783,1755802798,772,0,0
1755782460_E..S71R,080100_E..S71R,E,1,1755782460,1E 1321 P-A/WTC,1755799945,1755799960,579,0,0
1755782580_A..S58R,080300_A..S58R,A,1,1755782580,1A 1323 207/FAR,1755802828,1755802843,757,0,0
1755782610_C..N04R,080350_C..N04R,C,0,1755782610,1C 1323+ EUC/168,1755801762,1755801777,680,0,0
1755782670_E..N66R,080450_E..N66R,E,0,1755782670,1E 1324+ WTC/P-A,1755800005,1755800020,555,0,0
1755782760_C..S04R,080600_C..S04R,C,1,1755782760,1C 1326 168/EUC,1755801176,1755801191,621,0,0
1755782880_E..S71R,080800_E..S71R,E,1,1755782880,1E 1328 P-A/WTC,1755800245,1755800260,544,0,0
1755782910_A..S57R,080850_A..S57R,A,1,1755782910,1A 1328+ 207/LEF,1755802137,1755802152,666,0,0
1755782940_E..N,080900_E..N,E,0,1755782940,EE 1329 2AV/P-A,1755800305,1755800321,249,0,0
1755783090_E..N66R,081150_E..N66R,E,0,1755783090,1E 1331+ WTC/P-A,1755798564,1755798578,375,0,0
1755783240_H..N21R,081400_H..N21R,H,0,1755783240,1H 1334 RPK/BCR,1755808429,1755808444,1119,0,0
1755783270_E..S71R,081450_E..S71R,E,1,1755783270,1E 1334+ P-A/WTC,1755800771,1755800786,537,0,0
1755783300_A..N54R,081500_A..N54R,A,0,1755783300,1A 1335 LEF/207,1755802213,1755802228,629,0,0
1755783300_A..N55R,081500_A..N55R,A,0,1755783300,1A 1335 FAR/207,1755803879,1755803894,774,0,0
1755783330_C..S04R,081550_C..S04R,C,1,1755783330,1C 1335+ 168/EUC,1755801792,1755801807,597,0,0
1755783360_C..N04R,081600_C..N04R,C,0,1755783360,1C 1336 EUC/168,1755802228,1755802242,381,0,0
1755783450_H..S21R,081750_H..S21R,H,1,1755783450,1H 1337+ BCR/RPK,1755798909,1755798923,366,0,0
1755783480_A..S58R,081800_A..S58R,A,1,1755783480,1A 1338 207/FAR,1755803414,1755803429,711,0,0
1755783570_E..N66R,081950_E..N66R,E,0,1755783570,1E 1339+ WTC/P-A,1755800666,1755800681,490,0,0
1755783630_E..S71R,082050_E..S71R,E,1,1755783630,1E 1340+ P-A/WTC,1755801507,1755801522,539,0,0
1755783720_C..S04R,082200_C..S04R,C,1,1755783720,1C 1342 168/EUC,1755802438,1755802453,591,0,0
1755783900_A..N54R,082500_A..N54R,A,0,1755783900,1A 1345 LEF/207,1755802333,1755802348,571,0,0
1755783930_A..S57R,082550_A..S57R,A,1,1755783930,1A 1345+ 207/LEF,1755802723,1755802738,596,0,0
1755783990_E..N66R,082650_E..N66R,E,0,1755783990,1E 1346+ WTC/P-A,1755801296,1755801311,496,0,0
1755783990_H..N21R,082650_H..N21R,H,0,1755783990,1H 1346+ RPK/BCR,1755809195,1755809210,1100,0,0
1755784020_E..S71R,082700_E..S71R,E,1,1755784020,1E 1347 P-A/WTC,1755801507,1755801522,508,0,0
1755784110_C..N04R,082850_C..N04R,C,0,1755784110,1C 1348+ EUC/168,1755802978,1755802993,607,0,0
1755784200_C..S04R,083000_C..S04R,C,1,1755784200,1C 1350 168/EUC,1755803158,1755803173,625,0,0
1755784200_E..N,083000_E..N,E,0,1755784200,EE 1350 WTC/P-A,1755801462,1755801477,249,0,0
1755784230_A..N55R,083050_A..N55R,A,0,1755784230,1A 1350+ FAR/207,1755804329,1755804344,723,0,0
1755784380_A..S58R,083300_A..S58R,A,1,1755784380,1A 1353 207/FAR,1755804194,1755804209,701,0,0
1755784380_E..S71R,083300_E..S71R,E,1,1755784380,1E 1353 P-A/WTC,1755801822,1755801837,505,0,0
1755784470_E..N66R,083450_E..N66R,E,0,1755784470,1E 1354+ WTC/P-A,1755801852,1755801867,501,0,0
1755784650_H..S21R,083750_H..S21R,H,1,1755784650,1H 1357+ BCR/RPK,1755800531,1755800546,401,0,0
1755784680_C..S04R,083800_C..S04R,C,1,1755784680,1C 1358 168/EUC,1755803399,1755803414,616,0,0
1755784710_A..S57R,083850_A..S57R,A,1,1755784710,1A 1358+ 207/LEF,1755803834,1755803849,648,0,0
1755784800_C..N04R,084000_C..N04R,C,0,1755784800,1C 1400 EUC/168,1755803263,1755803279,464,0,0
1755784830_E..N66R,084050_E..N66R,E,0,1755784830,1E 1400+ WTC/P-A,1755802753,1755802768,538,0,0
1755784860_H..N21R,084100_H..N21R,H,0,1755784860,1H 1401 RPK/BCR,1755810051,1755810066,1099,0,0
1755784920_E..S71R,084200_E..S71R,E,1,1755784920,1E 1402 P-A/WTC,1755802588,1755802603,257,0,0
1755785070_C..N04R,084450_C..N04R,C,0,1755785070,1C 1404+ EUC/168,1755803639,1755803654,468,0,0
1755785100_A..N54R,084500_A..N54R,A,0,1755785100,1A 1405 LEF/207,1755804059,1755804074,643,0,0
1755785100_A..N55R,084500_A..N55R,A,0,1755785100,1A 1405 FAR/207,1755805230,1755805246,725,0,0
1755785100_H..S21R,084500_H..S21R,H,1,1755785100,1H 1405 BCR/RPK,1755800531,1755800546,371,0,0
1755785130_E..N66R,084550_E..N66R,E,0,1755785130,1E 1405+ WTC/P-A,1755802813,1755802828,522,0,0
1755785160_C..S04R,084600_C..S04R,C,1,1755785160,1C 1406 168/EUC,1755810351,1755810366,1098,0,0
1755785280_A..S58R,084800_A..S58R,A,1,1755785280,1A 1408 207/FAR,1755805140,1755805155,707,0,0
1755785460_E..S71R,085100_E..S71R,E,1,1755785460,1E 1411 P-A/WTC,1755802903,1755802918,508,0,0
1755785550_C..N04R,085250_C..N04R,C,0,1755785550,1C 1412+ EUC/168,1755804119,1755804134,618,0,0
1755785550_E..N66R,085250_E..N66R,E,0,1755785550,1E 1412+ WTC/P-A,1755802993,1755803008,513,0,0
1755785730_A..S57R,085550_A..S57R,A,1,1755785730,1A 1415+ 207/LEF,1755804209,1755804224,612,0,0
1755785760_A..N54R,085600_A..N54R,A,0,1755785760,1A 1416 LEF/207,1755804720,1755804735,647,0,0
1755785760_C..S04R,085600_C..S04R,C,1,1755785760,1C 1416 168/EUC,1755804570,1755804585,637,0,0
1755785760_E..S71R,085600_E..S71R,E,1,1755785760,1E 1416 P-A/WTC,1755802903,1755802918,488,0,0
1755785760_H..N21R,085600_H..N21R,H,0,1755785760,1H 1416 RPK/BCR,1755810951,1755810967,1099,0,0
1755785970_E..N66R,085950_E..N66R,E,0,1755785970,1E 1419+ WTC/P-A,1755803279,1755803294,521,0,0
1755785970_H..S21R,085950_H..S21R,H,1,1755785970,1H 1419+ BCR/RPK,1755801492,1755801507,377,0,0
1755786030_A..N55R,086050_A..N55R,A,0,1755786030,1A 1420+ FAR/207,1755806131,1755806146,723,0,0
1755786030_C..N04R,086050_C..N04R,C,0,1755786030,1C 1420+ EUC/168,1755804660,1755804675,625,0,0
1755786150_E..S71R,086250_E..S71R,E,1,1755786150,1E 1422+ P-A/WTC,1755803639,1755803654,534,0,0
1755786180_A..S58R,086300_A..S58R,A,1,1755786180,1A 1423 207/FAR,1755806567,1755806582,742,0,0
1755786390_C..S04R,086650_C..S04R,C,1,1755786390,1C 1426+ 168/EUC,1755804795,1755804810,610,0,0
1755786450_E..N66R,086750_E..N66R,E,0,1755786450,1E 1427+ WTC/P-A,1755803714,1755803729,519,0,0
1755786510_A..S57R,086850_A..S57R,A,1,1755786510,1A 1428+ 207/LEF,1755805906,1755805921,676,0,0
1755786510_C..N04R,086850_C..N04R,C,0,1755786510,1C 1428+ EUC/168,1755805140,1755805155,625,0,0
1755786540_E..S71R,086900_E..S71R,E,1,1755786540,1E 1429 P-A/WTC,1755803804,1755803819,522,0,0
1755786600_H..N21R,087000_H..N21R,H,0,1755786600,1H 1430 RPK/BCR,1755811792,1755811807,1099,0,0
1755786780_E..N66R,087300_E..N66R,E,0,1755786780,1E 1433 WTC/P-A,1755804044,1755804059,530,0,0
1755786840_A..N54R,087400_A..N54R,A,0,1755786840,1A 1434 LEF/207,1755805546,1755805561,630,0,0
1755786870_H..S21R,087450_H..S21R,H,1,1755786870,1H 1434+ BCR/RPK,1755802213,1755802228,365,0,0
1755786900_A..N55R,087500_A..N55R,A,0,1755786900,1A 1435 FAR/207,1755806927,1755806943,718,0,0
1755786930_C..N04R,087550_C..N04R,C,0,1755786930,1C 1435+ EUC/168,1755805891,1755805906,647,0,0
1755786930_E..S71R,087550_E..S71R,E,1,1755786930,1E 1435+ P-A/WTC,1755804269,1755804284,537,0,0
1755786960_C..S04R,087600_C..S04R,C,1,1755786960,1C 1436 168/EUC,1755805786,1755805801,638,0,0
1755787080_A..S58R,087800_A..S58R,A,1,1755787080,1A 1438 207/FAR,1755807153,1755807168,724,0,0
1755787170_E..N66R,087950_E..N66R,E,0,1755787170,1E 1439+ WTC/P-A,1755804630,1755804645,547,0,0
1755787320_E..S71R,088200_E..S71R,E,1,1755787320,1E 1442 P-A/WTC,1755804855,1755804870,551,0,0
1755787350_H..N21R,088250_H..N21R,H,0,1755787350,1H 1442+ RPK/BCR,1755812558,1755812573,1102,0,0
1755787470_C..N04R,088450_C..N04R,C,0,1755787470,1C 1444+ EUC/168,1755806342,1755806357,630,0,0
1755787530_A..S57R,088550_A..S57R,A,1,1755787530,1A 1445+ 207/LEF,1755807124,1755807138,678,0,0
1755787560_A..N54R,088600_A..N54R,A,0,1755787560,1A 1446 LEF/207,1755806462,1755806477,627,0,0
1755787560_C..S04R,088600_C..S04R,C,1,1755787560,1C 1446 168/EUC,1755807708,1755807723,720,1,0
1755787680_E..N66R,088800_E..N66R,E,0,1755787680,1E 1448 WTC/P-A,1755804900,1755804915,507,0,0
1755787710_E..S71R,088850_E..S71R,E,1,1755787710,1E 1448+ P-A/WTC,1755805260,1755805275,527,0,0
1755787710_H..S21R,088850_H..S21R,H,1,1755787710,1H 1448+ BCR/RPK,1755802933,1755802948,335,0,0
1755787830_A..N55R,089050_A..N55R,A,0,1755787830,1A 1450+ FAR/207,1755807648,1755807663,683,0,0
1755787950_C..N04R,089250_C..N04R,C,0,1755787950,1C 1452+ EUC/168,1755806807,1755806822,609,0,0
1755787980_A..S58R,089300_A..S58R,A,1,1755787980,1A 1453 207/FAR,1755808249,1755808264,727,0,0
1755787980_E..N66R,089300_E..N66R,E,0,1755787980,1E 1453 WTC/P-A,1755805200,1755805215,500,0,0
1755788070_E..S71R,089450_E..S71R,E,1,1755788070,1E 1454+ P-A/WTC,1755805260,1755805275,493,0,0
1755788190_C..S04R,089650_C..S04R,C,1,1755788190,1C 1456+ 168/EUC,1755807708,1755807723,650,0,0
1755788280_A..S57R,089800_A..S57R,A,1,1755788280,1A 1458 207/LEF,1755808429,1755808444,703,0,0
1755788370_C..N04R,089950_C..N04R,C,0,1755788370,1C 1459+ EUC/168,1755807198,1755807213,586,0,0
1755788400_E..S71R,090000_E..S71R,E,1,1755788400,1E 1500 P-A/WTC,1755806176,1755806191,510,1,1
1755788400_H..N21R,090000_H..N21R,H,0,1755788400,1H 1500 RPK/BCR,1755813594,1755813609,1077,0,0
1755788535_E..N66R,090225_E..N66R,E,0,1755788535,1E 1502 WTC/P-A,1755805651,1755805666,348,0,0
1755788640_A..N54R,090400_A..N54R,A,0,1755788640,1A 1504 LEF/207,1755807273,1755807288,567,0,0
1755788640_A..N55R,090400_A..N55R,A,0,1755788640,1A 1504 FAR/207,1755808894,1755808909,708,0,0
1755788700_E..S71R,090500_E..S71R,E,1,1755788700,1E 1505 P-A/WTC,1755806162,1755806176,485,1,1
1755788760_C..S04R,090600_C..S04R,C,1,1755788760,1C 1506 168/EUC,1755807273,1755807288,559,0,0
1755788790_A..S58R,090650_A..S58R,A,1,1755788790,1A 1506+ 207/FAR,1755808654,1755808669,681,0,0
1755789030_E..S71R,091050_E..S71R,E,1,1755789030,1E 1510+ P-A/WTC,1755807062,1755807063,524,0,0
1755789090_C..N04R,091150_C..N04R,C,0,1755789090,1C 1511+ EUC/168,1755807438,1755807453,550,0,0
1755789090_E..N66R,091150_E..N66R,E,0,1755789090,1E 1511+ WTC/P-A,1755806417,1755806432,476,0,0
1755789150_H..N21R,091250_H..N21R,H,0,1755789150,1H 1512+ RPK/BCR,1755814345,1755814360,1073,0,0
1755789240_A..S57R,091400_A..S57R,A,1,1755789240,1A 1514 207/LEF,1755808429,1755808444,627,0,0
1755789240_E..S71R,091400_E..S71R,E,1,1755789240,1E 1514 P-A/WTC,1755807062,1755807063,510,0,0
1755789360_C..S04R,091600_C..S04R,C,1,1755789360,1C 1516 168/EUC,1755807828,1755807844,569,0,0
1755789450_E..N66R,091750_E..N66R,E,0,1755789450,1E 1517+ WTC/P-A,1755806717,1755806732,472,0,0
1755789480_A..N54R,091800_A..N54R,A,0,1755789480,1A 1518 LEF/207,1755808369,1755808384,605,0,0
1755789480_E..S71R,091800_E..S71R,E,1,1755789480,1E 1518 P-A/WTC,1755807062,1755807063,494,0,0
1755789510_H..S21R,091850_H..S21R,H,1,1755789510,1H 1518+ BCR/RPK,1755804885,1755804900,346,0,0
1755789600_A..N55R,092000_A..N55R,A,0,1755789600,1A 1520 FAR/207,1755809570,1755809585,689,0,0
1755789660_A..S58R,092100_A..S58R,A,1,1755789660,1A 1521 207/FAR,1755809585,1755809600,686,0,0
1755789690_C..N04R,092150_C..N04R,C,0,1755789690,1C 1521+ EUC/168,1755808369,1755808384,591,0,0
1755789720_E..N66R,092200_E..N66R,E,0,1755789720,1E 1522 WTC/P-A,1755807243,1755807258,493,0,0
1755789780_E..S71R,092300_E..S71R,E,1,1755789780,1E 1523 P-A/WTC,1755807047,1755807062,473,0,0
1755789990_C..S04R,092650_C..S04R,C,1,1755789990,1C 1526+ 168/EUC,1755808324,1755808339,568,0,0
1755790080_E..N66R,092800_E..N66R,E,0,1755790080,1E 1528 WTC/P-A,1755807558,1755807573,494,0,0
1755790080_E..S71R,092800_E..S71R,E,1,1755790080,1E 1528 P-A/WTC,1755807573,1755807588,495,0,0
1755790200_A..S57R,093000_A..S57R,A,1,1755790200,1A 1530 207/LEF,1755808925,1755808939,606,0,0
1755790200_H..N21R,093000_H..N21R,H,0,1755790200,1H 1530 RPK/BCR,1755815396,1755815411,1073,0,0
1755790260_A..N55R,093100_A..N55R,A,0,1755790260,1A 1531 FAR/207,1755810591,1755810606,713,0,0
1755790260_H..S21R,093100_H..S21R,H,1,1755790260,1H 1531 BCR/RPK,1755805321,1755805336,325,0,0
1755790290_C..N04R,093150_C..N04R,C,0,1755790290,1C 1531+ EUC/168,1755808819,1755808834,593,0,0
1755790380_E..S71R,093300_E..S71R,E,1,1755790380,1E 1533 P-A/WTC,1755807573,1755807588,475,0,0
1755790440_A..N54R,093400_A..N54R,A,0,1755790440,1A 1534 LEF/207,1755809120,1755809135,603,0,0
1755790440_E..N66R,093400_E..N66R,E,0,1755790440,1E 1534 WTC/P-A,1755807724,1755807738,484,0,0
1755790530_C..S04R,093550_C..S04R,C,1,1755790530,1C 1535+ 168/EUC,1755810546,1755810561,692,0,0
1755790680_A..S58R,093800_A..S58R,A,1,1755790680,1A 1538 207/FAR,1755810216,1755810231,660,0,0
1755790680_E..S71R,093800_E..S71R,E,1,1755790680,1E 1538 P-A/WTC,1755808114,1755808129,505,0,0
1755790830_E..N66R,094050_E..N66R,E,0,1755790830,1E 1540+ WTC/P-A,1755808249,1755808264,506,0,0
1755790950_C..N04R,094250_C..N04R,C,0,1755790950,1C 1542+ EUC/168,1755809390,1755809405,587,0,0
1755790980_E..S71R,094300_E..S71R,E,1,1755790980,1E 1543 P-A/WTC,1755808114,1755808129,485,0,0
1755790980_H..N21R,094300_H..N21R,H,0,1755790980,1H 1543 RPK/BCR,1755816177,1755816192,1073,0,0
1755791070_A..S57R,094450_A..S57R,A,1,1755791070,1A 1544+ 207/LEF,1755809930,1755809946,615,0,0
1755791160_C..S04R,094600_C..S04R,C,1,1755791160,1C 1546 168/EUC,1755810531,1755810546,647,0,0
1755791190_E..N66R,094650_E..N66R,E,0,1755791190,1E 1546+ WTC/P-A,1755808729,1755808745,527,0,0
1755791220_E..S71R,094700_E..S71R,E,1,1755791220,1E 1547 P-A/WTC,1755808579,1755808594,510,0,0
1755791310_A..N54R,094850_A..N54R,A,0,1755791310,1A 1548+ LEF/207,1755810081,1755810096,609,0,0
1755791310_H..S21R,094850_H..S21R,H,1,1755791310,1H 1548+ BCR/RPK,1755806403,1755806417,327,0,0
1755791400_A..S58R,095000_A..S58R,A,1,1755791400,1A 1550 207/FAR,1755811567,1755811582,702,0,0
1755791430_C..N04R,095050_C..N04R,C,0,1755791430,1C 1550+ EUC/168,1755809780,1755809795,581,0,0
1755791460_A..N55R,095100_A..N55R,A,0,1755791460,1A 1551 FAR/207,1755811762,1755811777,711,0,0
1755791520_E..N66R,095200_E..N66R,E,0,1755791520,1E 1552 WTC/P-A,1755808909,1755808925,517,0,0
1755791520_E..S71R,095200_E..S71R,E,1,1755791520,1E 1552 P-A/WTC,1755808579,1755808594,490,0,0
1755791760_C..S04R,095600_C..S04R,C,1,1755791760,1C 1556 168/EUC,1755810336,1755810351,596,0,0
1755791760_E..S56R,095600_E..S56R,E,1,1755791760,1E 1556 179/WTC,1755808954,1755808969,504,0,0
1755791820_H..N21R,095700_H..N21R,H,0,1755791820,1H 1557 RPK/BCR,1755817018,1755817033,1074,0,0
1755791850_E..N66R,095750_E..N66R,E,0,1755791850,1E 1557+ WTC/P-A,1755809090,1755809105,507,0,0
1755791940_A..N54R,095900_A..N54R,A,0,1755791940,1A 1559 LEF/207,1755810877,1755810891,619,0,0
1755791940_E..S71R,095900_E..S71R,E,1,1755791940,1E 1559 P-A/WTC,1755809630,1755809645,536,0,0
1755791970_A..S57R,095950_A..S57R,A,1,1755791970,1A 1559+ 207/LEF,1755811027,1755811042,627,0,0
1755792000_C..N04R,096000_C..N04R,C,0,1755792000,1C 1600 EUC/168,1755810396,1755810411,583,0,0
1755792060_A..N55R,096100_A..N55R,A,0,1755792060,1A 1601 FAR/207,1755812453,1755812468,716,0,0
1755792060_H..S21R,096100_H..S21R,H,1,1755792060,1H 1601 BCR/RPK,1755807543,1755807543,357,0,0
1755792150_E..N66R,096250_E..N66R,E,0,1755792150,1E 1602+ WTC/P-A,1755809450,1755809465,506,0,0
1755792180_A..S58R,096300_A..S58R,A,1,1755792180,1A 1603 207/FAR,1755811988,1755812003,671,0,0
1755792210_A..S87R,096350_A..S87R,A,1,1755792210,1A 1603+ 168/RPK,1755811807,1755811822,655,0,0
1755792240_A..N54R,096400_A..N54R,A,0,1755792240,1A 1604 LEF/207,1755811177,1755811192,609,0,0
1755792240_E..S71R,096400_E..S71R,E,1,1755792240,1E 1604 P-A/WTC,1755809435,1755809450,493,0,0
1755792390_E..N66R,096650_E..N66R,E,0,1755792390,1E 1606+ WTC/P-A,1755809660,1755809675,488,0,0
1755792420_C..S04R,096700_C..S04R,C,1,1755792420,1C 1607 168/EUC,1755813819,1755813834,798,0,0
1755792480_E..S71R,096800_E..S71R,E,1,1755792480,1E 1608 P-A/WTC,1755809735,1755809750,483,0,0
1755792600_E..N66R,097000_E..N66R,E,0,1755792600,1E 1610 WTC/P-A,1755809960,1755809975,489,0,0
1755792660_A..S57R,097100_A..S57R,A,1,1755792660,1A 1611 207/LEF,1755811447,1755811462,584,0,0
1755792690_C..N04R,097150_C..N04R,C,0,1755792690,1C 1611+ EUC/168,1755811432,1755811447,570,0,0
1755792690_H..N21R,097150_H..N21R,H,0,1755792690,1H 1611+ RPK/BCR,1755817889,1755817904,1064,0,0
1755792720_A..N55R,097200_A..N55R,A,0,1755792720,1A 1612 FAR/207,1755813249,1755813264,719,0,0
1755792720_E..S71R,097200_E..S71R,E,1,1755792720,1E 1612 P-A/WTC,1755809946,1755809960,480,0,0
1755792930_H..S21R,097550_H..S21R,H,1,1755792930,1H 1615+ BCR/RPK,1755808189,1755808204,335,0,0
1755792960_C..S04R,097600_C..S04R,C,1,1755792960,1C 1616 168/EUC,1755811207,1755811222,548,0,0
1755792960_E..N66R,097600_E..N66R,E,0,1755792960,1E 1616 WTC/P-A,1755810621,1755810636,509,0,0
1755792960_E..S56R,097600_E..S56R,E,1,1755792960,1E 1616 179/WTC,1755811357,1755811372,556,0,0
1755793080_A..S58R,097800_A..S58R,A,1,1755793080,1A 1618 207/FAR,1755813099,1755813114,676,0,0
1755793110_A..N54R,097850_A..N54R,A,0,1755793110,1A 1618+ LEF/207,1755812198,1755812213,595,0,0
1755793110_E..S71R,097850_E..S71R,E,1,1755793110,1E 1618+ P-A/WTC,1755811072,1755811087,520,0,0
1755793200_E..N66R,098000_E..N66R,E,0,1755793200,1E 1620 WTC/P-A,1755810802,1755810816,494,0,0
1755793230_C..N04R,098050_C..N04R,C,0,1755793230,1C 1620+ EUC/168,1755811837,1755811852,552,0,0
1755793410_E..S71R,098350_E..S71R,E,1,1755793410,1E 1623+ P-A/WTC,1755810997,1755811012,492,1,1
1755793440_A..S87R,098400_A..S87R,A,1,1755793440,1A 1624 168/RPK,1755813009,1755813024,642,0,0
1755793470_A..S70R,098450_A..S70R,A,1,1755793470,1A 1624+ 200/LEF,1755812318,1755812333,576,0,0
1755793530_E..N66R,098550_E..N66R,E,0,1755793530,1E 1625+ WTC/P-A,1755810951,1755810967,478,0,0
1755793530_H..N21R,098550_H..N21R,H,0,1755793530,1H 1625+ RPK/BCR,1755818729,1755818744,1067,0,0
1755793560_C..S04R,098600_C..S04R,C,1,1755793560,1C 1626 168/EUC,1755818760,1755818775,1068,0,0
1755793590_A..N55R,098650_A..N55R,A,0,1755793590,1A 1626+ FAR/207,1755813880,1755813895,706,0,0
1755793620_A..S58R,098700_A..S58R,A,1,1755793620,1A 1627 207/FAR,1755813579,1755813594,684,0,0
1755793650_E..S71R,098750_E..S71R,E,1,1755793650,1E 1627+ P-A/WTC,1755811777,1755811792,525,0,0
1755793830_A..N54R,099050_A..N54R,A,0,1755793830,1A 1630+ LEF/207,1755812994,1755813009,613,0,0
1755793830_C..N04R,099050_C..N04R,C,0,1755793830,1C 1630+ EUC/168,1755812498,1755812513,564,0,0
1755793860_E..N66R,099100_E..N66R,E,0,1755793860,1E 1631 WTC/P-A,1755811237,1755811252,476,0,0
1755793890_E..S71R,099150_E..S71R,E,1,1755793890,1E 1631+ P-A/WTC,1755811612,1755811627,499,1,1
1755793890_H..S21R,099150_H..S21R,H,1,1755793890,1H 1631+ BCR/RPK,1755811237,1755811252,473,0,0
1755793980_C..S04R,099300_C..S04R,C,1,1755793980,1C 1633 168/EUC,1755819180,1755819195,1069,0,0
1755794130_E..N66R,099550_E..N66R,E,0,1755794130,1E 1635+ WTC/P-A,1755811492,1755811507,475,0,0
1755794130_E..S56R,099550_E..S56R,E,1,1755794130,1E 1635+ 179/WTC,1755812318,1755812333,531,1,1
1755794220_A..S57R,099700_A..S57R,A,1,1755794220,1A 1637 207/LEF,1755813099,1755813114,594,0,0
1755794280_E..S71R,099800_E..S71R,E,1,1755794280,1E 1638 P-A/WTC,1755812033,1755812048,500,0,0
1755794310_H..N21R,099850_H..N21R,H,0,1755794310,1H 1638+ RPK/BCR,1755819510,1755819525,1069,0,0
1755794370_A..N55R,099950_A..N55R,A,0,1755794370,1A 1639+ FAR/207,1755814946,1755814961,725,0,0
1755794370_E..N66R,099950_E..N66R,E,0,1755794370,1E 1639+ WTC/P-A,1755811822,1755811837,481,0,0
1755794430_C..S04R,100050_C..S04R,C,1,1755794430,1C 1640+ 168/EUC,1755814315,1755814330,679,0,0
1755794460_C..N04R,100100_C..N04R,C,0,1755794460,1C 1641 EUC/168,1755812798,1755812798,557,0,0
1755794490_A..N54R,100150_A..N54R,A,0,1755794490,1A 1641+ LEF/207,1755813384,1755813399,604,0,0
1755794550_A..S56R,100250_A..S56R,A,1,1755794550,1A 1642+ 200/FAR,1755814405,1755814420,677,0,0
1755794580_A..S87R,100300_A..S87R,A,1,1755794580,1A 1643 168/RPK,1755814195,1755814210,661,0,0
1755794580_E..S71R,100300_E..S71R,E,1,1755794580,1E 1643 P-A/WTC,1755812573,1755812588,523,2,0
1755794640_A..S57R,100400_A..S57R,A,1,1755794640,1A 1644 207/LEF,1755813324,1755813339,586,0,0
1755794640_E..N66R,100400_E..N66R,E,0,1755794640,1E 1644 WTC/P-A,1755812063,1755812078,479,0,0
1755794790_H..S21R,100650_H..S21R,H,1,1755794790,1H 1646+ BCR/RPK,1755811522,1755811537,433,0,0
1755794880_C..S04R,100800_C..S04R,C,1,1755794880,1C 1648 168/EUC,1755814285,1755814300,647,0,0
1755794910_A..S56R,100850_A..S56R,A,1,1755794910,1A 1648+ 200/FAR,1755814946,1755814961,689,0,0
1755794910_E..S71R,100850_E..S71R,E,1,1755794910,1E 1648+ P-A/WTC,1755812813,1755812828,529,0,0
1755794940_E..N66R,100900_E..N66R,E,0,1755794940,1E 1649 WTC/P-A,1755812348,1755812363,480,0,0
1755794970_C..N04R,100950_C..N04R,C,0,1755794970,1C 1649+ EUC/168,1755813624,1755813639,597,0,0
1755795060_A..S57R,101100_A..S57R,A,1,1755795060,1A 1651 207/LEF,1755813955,1755813970,613,0,0
1755795180_E..N66R,101300_E..N66R,E,0,1755795180,1E 1653 WTC/P-A,1755812768,1755812783,507,0,0
1755795210_A..N54R,101350_A..N54R,A,0,1755795210,1A 1653+ LEF/207,1755814435,1755814450,635,0,0
1755795210_E..S71R,101350_E..S71R,E,1,1755795210,1E 1653+ P-A/WTC,1755812858,1755812873,512,0,0
1755795240_H..N21R,101400_H..N21R,H,0,1755795240,1H 1654 RPK/BCR,1755820441,1755820456,1068,0,0
1755795300_A..N55R,101500_A..N55R,A,0,1755795300,1A 1655 FAR/207,1755815937,1755815952,729,0,0
1755795360_E..N66R,101600_E..N66R,E,0,1755795360,1E 1656 WTC/P-A,1755813084,1755813099,517,0,0
1755795450_A..S58R,101750_A..S58R,A,1,1755795450,1A 1657+ 207/FAR,1755815922,1755815937,718,0,0
1755795510_E..S71R,101850_E..S71R,E,1,1755795510,1E 1658+ P-A/WTC,1755812994,1755813009,501,0,0
1755795630_C..N04R,102050_C..N04R,C,0,1755795630,1C 1700+ EUC/168,1755814030,1755814045,580,0,0
1755795630_C..S04R,102050_C..S04R,C,1,1755795630,1C 1700+ 168/EUC,1755814285,1755814300,597,0,0
1755795690_H..S21R,102150_H..S21R,H,1,1755795690,1H 1701+ BCR/RPK,1755811522,1755811537,373,0,0
1755795720_A..S87R,102200_A..S87R,A,1,1755795720,1A 1702 168/RPK,1755815366,1755815381,661,0,0
1755795810_E..S71R,102350_E..S71R,E,1,1755795810,1E 1703+ P-A/WTC,1755813429,1755813444,521,0,0
1755795840_A..S70R,102400_A..S70R,A,1,1755795840,1A 1704 200/LEF,1755814480,1755814495,596,0,0
1755795900_A..S58R,102500_A..S58R,A,1,1755795900,1A 1705 207/FAR,1755816162,1755816177,704,0,0
1755795960_E..N66R,102600_E..N66R,E,0,1755795960,1E 1706 WTC/P-A,1755813669,1755813684,282,0,0
1755796110_E..S71R,102850_E..S71R,E,1,1755796110,1E 1708+ P-A/WTC,1755813429,1755813444,501,0,0
1755796140_A..N54R,102900_A..N54R,A,0,1755796140,1A 1709 LEF/207,1755815096,1755815111,617,0,0
1755796140_E..N55R,102900_E..N55R,E,0,1755796140,1E 1709 WTC/179,1755814135,1755814150,553,0,0
1755796200_A..S57R,103000_A..S57R,A,1,1755796200,1A 1710 207/LEF,1755814886,1755814901,599,0,0
1755796230_C..S04R,103050_C..S04R,C,1,1755796230,1C 1710+ 168/EUC,1755815126,1755815141,612,0,0
1755796260_C..N04R,103100_C..N04R,C,0,1755796260,1C 1711 EUC/168,1755814405,1755814420,562,0,0
1755796260_H..N21R,103100_H..N21R,H,0,1755796260,1H 1711 RPK/BCR,1755821463,1755821478,1070,0,0
1755796320_A..N55R,103200_A..N55R,A,0,1755796320,1A 1712 FAR/207,1755816882,1755816898,723,0,0
1755796410_E..S71R,103350_E..S71R,E,1,1755796410,1E 1713+ P-A/WTC,1755813864,1755813880,513,0,0
1755796470_H..S21R,103450_H..S21R,H,1,1755796470,1H 1714+ BCR/RPK,1755811507,1755811522,316,0,0
1755796560_A..S78R,103600_A..S78R,A,1,1755796560,1A 1716 200/RPK,1755816192,1755816207,657,0,0
1755796560_E..N66R,103600_E..N66R,E,0,1755796560,1E 1716 WTC/P-A,1755814240,1755814255,527,0,0
1755796710_A..S58R,103850_A..S58R,A,1,1755796710,1A 1718+ 207/FAR,1755817093,1755817108,706,0,0
1755796710_E..S71R,103850_E..S71R,E,1,1755796710,1E 1718+ P-A/WTC,1755814525,1755814540,534,0,0
1755796770_C..N04R,103950_C..N04R,C,0,1755796770,1C 1719+ EUC/168,1755815411,1755815426,588,0,0
1755796800_E..N66R,104000_E..N66R,E,0,1755796800,1E 1720 WTC/P-A,1755814645,1755814660,535,0,0
1755796830_C..S04R,104050_C..S04R,C,1,1755796830,1C 1720+ 168/EUC,1755815441,1755815456,585,0,0
1755797010_E..S71R,104350_E..S71R,E,1,1755797010,1E 1723+ P-A/WTC,1755814510,1755814525,505,0,0
1755797070_A..N54R,104450_A..N54R,A,0,1755797070,1A 1724+ LEF/207,1755816177,1755816192,609,0,0
1755797070_A..S57R,104450_A..S57R,A,1,1755797070,1A 1724+ 207/LEF,1755815756,1755815771,581,0,0
1755797070_E..N55R,104450_E..N55R,E,0,1755797070,1E 1724+ WTC/P-A,1755814946,1755814961,527,1,0
1755797160_H..N21R,104600_H..N21R,H,0,1755797160,1H 1726 RPK/BCR,1755822349,1755822364,1080,0,0
1755797220_E..S71R,104700_E..S71R,E,1,1755797220,1E 1727 P-A/WTC,1755814510,1755814525,484,0,0
1755797310_E..N66R,104850_E..N66R,E,0,1755797310,1E 1728+ WTC/P-A,1755815321,1755815336,532,0,0
1755797370_A..S58R,104950_A..S58R,A,1,1755797370,1A 1729+ 207/FAR,1755817588,1755817603,690,0,0
1755797490_A..N55R,105150_A..N55R,A,0,1755797490,1A 1731+ FAR/207,1755817694,1755817709,693,0,0
1755797490_C..N04R,105150_C..N04R,C,0,1755797490,1C 1731+ EUC/168,1755815786,1755815801,549,0,0
1755797550_C..S04R,105250_C..S04R,C,1,1755797550,1C 1732+ 168/EUC,1755819841,1755819856,850,0,0
1755797550_E..N66R,105250_E..N66R,E,0,1755797550,1E 1732+ WTC/P-A,1755815486,1755815501,524,2,0
1755797550_H..S21R,105250_H..S21R,H,1,1755797550,1H 1732+ BCR/RPK,1755812708,1755812723,316,0,0
1755797580_E..S71R,105300_E..S71R,E,1,1755797580,1E 1733 P-A/WTC,1755814765,1755814781,474,0,0
1755797730_A..S57R,105550_A..S57R,A,1,1755797730,1A 1735+ 207/LEF,1755816612,1755816627,582,0,0
1755797790_E..N66R,105650_E..N66R,E,0,1755797790,1E 1736+ WTC/179,1755815681,1755815696,514,1,0
1755797940_E..S71R,105900_E..S71R,E,1,1755797940,1E 1739 P-A/WTC,1755815501,1755815516,487,0,0
1755798000_A..N54R,106000_A..N54R,A,0,1755798000,1A 1740 LEF/207,1755817003,1755817018,584,0,0
1755798000_A..S58R,106000_A..S58R,A,1,1755798000,1A 1740 207/FAR,1755818114,1755818129,676,0,0
1755798060_C..N04R,106100_C..N04R,C,0,1755798060,1C 1741 EUC/168,1755816402,1755816417,539,0,0
1755798090_E..N66R,106150_E..N66R,E,0,1755798090,1E 1741+ WTC/P-A,1755815651,1755815666,487,0,0
1755798240_C..S04R,106400_C..S04R,C,1,1755798240,1C 1744 168/EUC,1755817919,1755817934,645,1,0
1755798240_E..S71R,106400_E..S71R,E,1,1755798240,1E 1744 P-A/WTC,1755815501,1755815516,467,0,0
1755798300_H..S21R,106500_H..S21R,H,1,1755798300,1H 1745 BCR/RPK,1755813324,1755813339,305,0,0
1755798330_E..N66R,106550_E..N66R,E,0,1755798330,1E 1745+ WTC/P-A,1755816327,1755816342,516,0,0
1755798420_A..S51R,106700_A..S51R,A,1,1755798420,1A 1747 207/EUC,1755816492,1755816507,521,0,0
1755798420_E..N,106700_E..N,E,0,1755798420,EE 1747 WTC/P-A,1755816748,1755816762,326,0,0
1755798480_H..N21R,106800_H..N21R,H,0,1755798480,1H 1748 RPK/BCR,1755823670,1755823685,1081,0,0
1755798510_A..N55R,106850_A..N55R,A,0,1755798510,1A 1748+ FAR/207,1755818729,1755818744,699,0,0
1755798540_C..N04R,106900_C..N04R,C,0,1755798540,1C 1749 EUC/168,1755816913,1755816928,542,0,0
1755798540_E..S71R,106900_E..S71R,E,1,1755798540,1E 1749 P-A/WTC,1755815696,1755815712,460,0,0
1755798600_A..N54R,107000_A..N54R,A,0,1755798600,1A 1750 LEF/207,1755817438,1755817453,578,0,0
1755798660_E..N66R,107100_E..N66R,E,0,1755798660,1E 1751 WTC/P-A,1755817033,1755817048,542,0,0
1755798720_A..S58R,107200_A..S58R,A,1,1755798720,1A 1752 207/FAR,1755818684,1755818699,681,0,0
1755798840_E..S71R,107400_E..S71R,E,1,1755798840,1E 1754 P-A/WTC,1755815922,1755815937,455,0,0
1755798900_A..S57R,107500_A..S57R,A,1,1755798900,1A 1755 207/LEF,1755817633,1755817648,580,0,0
1755798900_C..S04R,107500_C..S04R,C,1,1755798900,1C 1755 168/EUC,1755819180,1755819195,703,0,0
1755798930_E..N66R,107550_E..N66R,E,0,1755798930,1E 1755+ WTC/P-A,1755817273,1755817288,540,0,0
1755799020_C..N04R,107700_C..N04R,C,0,1755799020,1C 1757 EUC/168,1755817483,1755817498,555,0,0
1755799020_E..N,107700_E..N,E,0,1755799020,EE 1757 WTC/P-A,1755817393,1755817408,279,0,0
1755799050_A..N55R,107750_A..N55R,A,0,1755799050,1A 1757+ FAR/207,1755819270,1755819285,700,0,0
1755799140_E..S71R,107900_E..S71R,E,1,1755799140,1E 1759 P-A/WTC,1755816297,1755816312,460,0,0
1755799260_E..N66R,108100_E..N66R,E,0,1755799260,1E 1801 WTC/P-A,1755817904,1755817919,576,0,0
1755799320_A..S58R,108200_A..S58R,A,1,1755799320,1A 1802 207/FAR,1755819090,1755819105,670,0,0
1755799350_E..S69R,108250_E..S69R,E,1,1755799350,1E 1802+ P-A/WTC,1755816732,1755816748,475,0,0
1755799380_A..N54R,108300_A..N54R,A,0,1755799380,1A 1803 LEF/207,1755818219,1755818234,597,0,0
1755799410_C..S04R,108350_C..S04R,C,1,1755799410,1C 1803+ 168/EUC,1755817904,1755817919,566,0,0
1755799500_C..N04R,108500_C..N04R,C,0,1755799500,1C 1805 EUC/168,1755818114,1755818129,576,0,0
1755799530_E..N66R,108550_E..N66R,E,0,1755799530,1E 1805+ WTC/P-A,1755818084,1755818099,571,0,0
1755799560_A..S57R,108600_A..S57R,A,1,1755799560,1A 1806 207/LEF,1755818519,1755818534,613,0,0
1755799620_H..N21R,108700_H..N21R,H,0,1755799620,1H 1807 RPK/BCR,1755824811,1755824826,1081,0,0
1755799650_E..S69R,108750_E..S69R,E,1,1755799650,1E 1807+ P-A/WTC,1755816973,1755816988,472,0,0
1755799650_H..S21R,108750_H..S21R,H,1,1755799650,1H 1807+ BCR/RPK,1755814570,1755814585,311,0,0
1755799860_A..N55R,109100_A..N55R,A,0,1755799860,1A 1811 FAR/207,1755820021,1755820036,696,0,0
1755799860_E..N66R,109100_E..N66R,E,0,1755799860,1E 1811 WTC/P-A,1755818204,1755818219,563,0,0
1755799950_A..S58R,109250_A..S58R,A,1,1755799950,1A 1812+ 207/FAR,1755819961,1755819976,686,0,0
1755799950_E..S69R,109250_E..S69R,E,1,1755799950,1E 1812+ P-A/WTC,1755817739,1755817753,519,0,0
1755799980_C..S04R,109300_C..S04R,C,1,1755799980,1C 1813 168/EUC,1755818444,1755818459,580,0,0
1755800070_C..N04R,109450_C..N04R,C,0,1755800070,1C 1814+ EUC/168,1755818444,1755818459,574,0,0
1755800100_A..N54R,109500_A..N54R,A,0,1755800100,1A 1815 LEF/207,1755818985,1755819000,611,0,0
1755800160_E..N66R,109600_E..N66R,E,0,1755800160,1E 1816 WTC/P-A,1755818549,1755818564,575,0,0
1755800250_A..S57R,109750_A..S57R,A,1,1755800250,1A 1817+ 207/LEF,1755819510,1755819525,636,0,0
1755800250_E..S69R,109750_E..S69R,E,1,1755800250,1E 1817+ P-A/WTC,1755817724,1755817739,498,0,0
1755800280_A..N55R,109800_A..N55R,A,0,1755800280,1A 1818 FAR/207,1755820261,1755820276,684,0,0
1755800550_A..S58R,110250_A..S58R,A,1,1755800550,1A 1822+ 207/FAR,1755820847,1755820863,705,0,0
1755800550_C..S04R,110250_C..S04R,C,1,1755800550,1C 1822+ 168/EUC,1755819780,1755819795,634,0,0
1755800550_E..N66R,110250_E..N66R,E,0,1755800550,1E 1822+ WTC/P-A,1755818639,1755818655,555,0,0
1755800550_E..S69R,110250_E..S69R,E,1,1755800550,1E 1822+ P-A/WTC,1755817753,1755817768,480,0,0
1755800580_C..N04R,110300_C..N04R,C,0,1755800580,1C 1823 EUC/168,1755819060,1755819075,584,0,0
1755800790_E..N66R,110650_E..N66R,E,0,1755800790,1E 1826+ WTC/P-A,1755819105,1755819120,573,0,0
1755800850_H..N21R,110750_H..N21R,H,0,1755800850,1H 1827+ RPK/BCR,1755826057,1755826072,1082,0,0
1755800880_A..S57R,110800_A..S57R,A,1,1755800880,1A 1828 207/LEF,1755819510,1755819525,594,0,0
1755800940_C..S04R,110900_C..S04R,C,1,1755800940,1C 1829 168/EUC,1755819435,1755819450,585,0,0
1755801000_A..N54R,111000_A..N54R,A,0,1755801000,1A 1830 LEF/207,1755819705,1755819720,599,0,0
1755801000_E..S69R,111000_E..S69R,E,1,1755801000,1E 1830 P-A/WTC,1755818264,1755818279,219,0,0
1755801090_E..N66R,111150_E..N66R,E,0,1755801090,1E 1831+ WTC/P-A,1755819480,1755819495,578,0,0
1755801090_H..S21R,111150_H..S21R,H,1,1755801090,1H 1831+ BCR/RPK,1755815937,1755815952,306,0,0
1755801120_A..N55R,111200_A..N55R,A,0,1755801120,1A 1832 FAR/207,1755821208,1755821223,691,0,0
1755801180_C..N04R,111300_C..N04R,C,0,1755801180,1C 1833 EUC/168,1755819450,1755819465,570,0,0
1755801300_A..S58R,111500_A..S58R,A,1,1755801300,1A 1835 207/FAR,1755821598,1755821613,710,0,0
1755801390_C..S04R,111650_C..S04R,C,1,1755801390,1C 1836+ 168/EUC,1755819780,1755819795,578,0,0
1755801420_E..N66R,111700_E..N66R,E,0,1755801420,1E 1837 WTC/P-A,1755819720,1755819736,572,0,0
1755801480_E..S69R,111800_E..S69R,E,1,1755801480,1E 1838 P-A/WTC,1755818760,1755818775,232,0,0
1755801540_H..N21R,111900_H..N21R,H,0,1755801540,1H 1839 RPK/BCR,1755826733,1755826748,1080,0,0
1755801660_A..S57R,112100_A..S57R,A,1,1755801660,1A 1841 207/LEF,1755820336,1755820351,595,0,0
1755801720_E..N66R,112200_E..N66R,E,0,1755801720,1E 1842 WTC/P-A,1755820141,1755820156,578,0,0
1755801780_E..S69R,112300_E..S69R,E,1,1755801780,1E 1843 P-A/WTC,1755819120,1755819135,245,0,0
1755801810_C..N04R,112350_C..N04R,C,0,1755801810,1C 1843+ EUC/168,1755820682,1755820696,603,0,0
1755801870_C..S04R,112450_C..S04R,C,1,1755801870,1C 1844+ 168/EUC,1755820411,1755820426,577,0,0
1755801960_A..N54R,112600_A..N54R,A,0,1755801960,1A 1846 LEF/207,1755820606,1755820622,579,0,0
1755801960_H..S21R,112600_H..S21R,H,1,1755801960,1H 1846 BCR/RPK,1755817753,1755817768,370,0,0
1755802020_A..S58R,112700_A..S58R,A,1,1755802020,1A 1847 207/FAR,1755822168,1755822184,702,0,0
1755802050_E..N66R,112750_E..N66R,E,0,1755802050,1E 1847+ WTC/P-A,1755820201,1755820216,544,0,0
1755802140_H..N21R,112900_H..N21R,H,0,1755802140,1H 1849 RPK/BCR,1755827333,1755827348,1068,0,0
1755802260_A..N55R,113100_A..N55R,A,0,1755802260,1A 1851 FAR/207,1755822439,1755822454,714,0,0
1755802260_E..S69R,113100_E..S69R,E,1,1755802260,1E 1851 P-A/WTC,1755819465,1755819480,253,0,0
1755802350_A..S57R,113250_A..S57R,A,1,1755802350,1A 1852+ 207/LEF,1755821117,1755821133,585,0,0
1755802350_C..S04R,113250_C..S04R,C,1,1755802350,1C 1852+ 168/EUC,1755820877,1755820892,569,0,0
1755802410_C..N04R,113350_C..N04R,C,0,1755802410,1C 1853+ EUC/168,1755820922,1755820937,568,1,0
1755802410_E..N66R,113350_E..N66R,E,0,1755802410,1E 1853+ WTC/P-A,1755820321,1755820336,528,0,0
1755802680_E..S69R,113800_E..S69R,E,1,1755802680,1E 1858 P-A/WTC,1755820111,1755820126,285,0,0
1755802680_H..S21R,113800_H..S21R,H,1,1755802680,1H 1858 BCR/RPK,1755817753,1755817768,307,0,0
1755802710_E..N66R,113850_E..N66R,E,0,1755802710,1E 1858+ WTC/P-A,1755820983,1755820997,537,0,0
1755802740_A..S58R,113900_A..S58R,A,1,1755802740,1A 1859 207/FAR,1755823129,1755823145,726,0,0
1755802830_C..S04R,114050_C..S04R,C,1,1755802830,1C 1900+ 168/EUC,1755821808,1755821823,591,0,0
1755802860_H..N21R,114100_H..N21R,H,0,1755802860,1H 1901 RPK/BCR,1755828054,1755828069,1067,0,0
1755802920_A..N54R,114200_A..N54R,A,0,1755802920,1A 1902 LEF/207,1755821553,1755821568,562,0,0
1755802920_E..N72R,114200_E..N72R,E,0,1755802920,1E 1902 WTC/P-A,1755820682,1755820696,500,0,0
1755802950_C..N04R,114250_C..N04R,C,0,1755802950,1C 1902+ EUC/168,1755821388,1755821403,546,0,0
1755803040_A..N55R,114400_A..N55R,A,0,1755803040,1A 1904 FAR/207,1755823670,1755823685,741,0,0
1755803160_A..S57R,114600_A..S57R,A,1,1755803160,1A 1906 207/LEF,1755821598,1755821613,550,0,0
1755803160_E..S69R,114600_E..S69R,E,1,1755803160,1E 1906 P-A/WTC,1755820411,1755820426,285,0,0
1755803250_E..N72R,114750_E..N72R,E,0,1755803250,1E 1907+ WTC/P-A,1755820817,1755820832,487,0,0
1755803280_H..S21R,114800_H..S21R,H,1,1755803280,1H 1908 BCR/RPK,1755818279,1755818294,308,0,0
1755803310_C..S04R,114850_C..S04R,C,1,1755803310,1C 1908+ 168/EUC,1755821823,1755821838,561,0,0
1755803520_C..N04R,115200_C..N04R,C,0,1755803520,1C 1912 EUC/168,1755821808,1755821823,545,0,0
1755803550_A..S58R,115250_A..S58R,A,1,1755803550,1A 1912+ 207/FAR,1755823490,1755823505,695,0,0
1755803640_E..S69R,115400_E..S69R,E,1,1755803640,1E 1914 P-A/WTC,1755821042,1755821057,262,0,0
1755803790_C..S04R,115650_C..S04R,C,1,1755803790,1C 1916+ 168/EUC,1755822048,1755822063,551,0,0
1755803790_H..N21R,115650_H..N21R,H,0,1755803790,1H 1916+ RPK/BCR,1755828985,1755829000,1077,0,0
1755803820_C..N04R,115700_C..N04R,C,0,1755803820,1C 1917 EUC/168,1755822484,1755822498,596,0,0
1755803820_E..N72R,115700_E..N72R,E,0,1755803820,1E 1917 WTC/P-A,1755821493,1755821508,266,0,0
1755803820_E..S69R,115700_E..S69R,E,1,1755803820,1E 1917 P-A/WTC,1755821448,1755821462,462,0,0
1755803880_A..N54R,115800_A..N54R,A,0,1755803880,1A 1918 LEF/207,1755823099,1755823115,647,0,0
1755803910_A..S57R,115850_A..S57R,A,1,1755803910,1A 1918+ 207/LEF,1755822859,1755822874,623,0,0
1755803940_A..N55R,115900_A..N55R,A,0,1755803940,1A 1919 FAR/207,1755824526,1755824541,738,0,0
1755803940_E..N57R,115900_E..N57R,E,0,1755803940,1E 1919 WTC/179,1755823940,1755823955,699,0,0
1755803970_H..S21R,115950_H..S21R,H,1,1755803970,1H 1919+ BCR/RPK,1755820201,1755820216,398,0,0
1755804120_E..S69R,116200_E..S69R,E,1,1755804120,1E 1922 P-A/WTC,1755821598,1755821613,486,0,0
1755804240_C..N04R,116400_C..N04R,C,0,1755804240,1C 1924 EUC/168,1755822874,1755822889,602,0,0
1755804270_C..S04R,116450_C..S04R,C,1,1755804270,1C 1924+ 168/EUC,1755822754,1755822769,592,0,0
1755804300_A..S58R,116500_A..S58R,A,1,1755804300,1A 1925 207/FAR,1755824210,1755824226,693,0,0
1755804390_H..N21R,116650_H..N21R,H,0,1755804390,1H 1926+ RPK/BCR,1755829586,1755829601,1077,0,0
1755804420_E..S69R,116700_E..S69R,E,1,1755804420,1E 1927 P-A/WTC,1755819195,1755819210,301,0,0
1755804450_E..N72R,116750_E..N72R,E,0,1755804450,1E 1927+ WTC/P-A,1755822649,1755822664,383,0,0
1755804690_A..S57R,117150_A..S57R,A,1,1755804690,1A 1931+ 207/LEF,1755823474,1755823490,618,0,0
1755804720_E..S69R,117200_E..S69R,E,1,1755804720,1E 1932 P-A/WTC,1755821898,1755821913,475,0,0
1755804780_A..N54R,117300_A..N54R,A,0,1755804780,1A 1933 LEF/207,1755824315,1755824331,668,0,0
1755804810_C..N04R,117350_C..N04R,C,0,1755804810,1C 1933+ EUC/168,1755823340,1755823355,601,0,0
1755804870_C..S04R,117450_C..S04R,C,1,1755804870,1C 1934+ 168/EUC,1755823370,1755823385,599,0,0
1755804870_E..S,117450_E..S,E,1,1755804870,EE 1934+ P-A/WTC,1755822544,1755822558,252,0,0
1755804930_H..N21R,117550_H..N21R,H,0,1755804930,1H 1935+ RPK/BCR,1755830126,1755830141,1077,0,0
1755804960_A..N55R,117600_A..N55R,A,0,1755804960,1A 1936 FAR/207,1755825486,1755825501,733,0,0
1755804990_A..S58R,117650_A..S58R,A,1,1755804990,1A 1936+ 207/FAR,1755824781,1755824796,685,0,0
1755805020_E..S69R,117700_E..S69R,E,1,1755805020,1E 1937 P-A/WTC,1755822679,1755822694,537,0,0
1755805050_E..N72R,117750_E..N72R,E,0,1755805050,1E 1937+ WTC/P-A,1755824045,1755824061,424,0,0
1755805050_H..S21R,117750_H..S21R,H,1,1755805050,1H 1937+ BCR/RPK,1755820156,1755820171,323,0,0
1755805230_C..S04R,118050_C..S04R,C,1,1755805230,1C 1940+ 168/EUC,1755823535,1755823550,586,0,0
1755805320_C..N04R,118200_C..N04R,C,0,1755805320,1C 1942 EUC/168,1755823550,1755823565,581,0,0
1755805380_A..S57R,118300_A..S57R,A,1,1755805380,1A 1943 207/LEF,1755824466,1755824480,638,0,0
1755805410_E..S69R,118350_E..S69R,E,1,1755805410,1E 1943+ P-A/WTC,1755822799,1755822814,519,0,0
1755805590_H..S21R,118650_H..S21R,H,1,1755805590,1H 1946+ BCR/RPK,1755820622,1755820636,318,0,0
1755805650_E..N72R,118750_E..N72R,E,0,1755805650,1E 1947+ WTC/P-A,1755823129,1755823145,531,0,0
1755805680_A..N54R,118800_A..N54R,A,0,1755805680,1A 1948 LEF/207,1755825096,1755825111,660,0,0
1755805710_E..S69R,118850_E..S69R,E,1,1755805710,1E 1948+ P-A/WTC,1755823069,1755823085,523,0,0
1755805740_A..S58R,118900_A..S58R,A,1,1755805740,1A 1949 207/FAR,1755825817,1755825832,704,0,0
1755805740_C..N04R,118900_C..N04R,C,0,1755805740,1C 1949 EUC/168,1755824210,1755824226,597,0,0
1755805740_C..S04R,118900_C..S04R,C,1,1755805740,1C 1949 168/EUC,1755824210,1755824226,597,0,0
1755805860_H..N21R,119100_H..N21R,H,0,1755805860,1H 1951 RPK/BCR,1755831057,1755831072,1077,0,0
1755805920_A..N55R,119200_A..N55R,A,0,1755805920,1A 1952 FAR/207,1755826042,1755826057,707,0,0
1755805920_E..N72R,119200_E..N72R,E,0,1755805920,1E 1952 WTC/P-A,1755824406,1755824421,598,0,0
1755806070_E..S69R,119450_E..S69R,E,1,1755806070,1E 1954+ P-A/WTC,1755823399,1755823415,521,0,0
1755806100_A..S57R,119500_A..S57R,A,1,1755806100,1A 1955 207/LEF,1755825772,1755825787,676,0,0
1755806220_C..N04R,119700_C..N04R,C,0,1755806220,1C 1957 EUC/168,1755824676,1755824691,595,0,0
1755806250_E..N72R,119750_E..N72R,E,0,1755806250,1E 1957+ WTC/P-A,1755831447,1755831462,1076,0,0
1755806310_H..S21R,119850_H..S21R,H,1,1755806310,1H 1958+ BCR/RPK,1755822439,1755822454,425,0,0
1755806370_C..S04R,119950_C..S04R,C,1,1755806370,1C 1959+ 168/EUC,1755824976,1755824991,605,0,0
1755806430_E..S69R,120050_E..S69R,E,1,1755806430,1E 2000+ P-A/WTC,1755823910,1755823925,530,0,0
1755806520_A..S58R,120200_A..S58R,A,1,1755806520,1A 2002 207/FAR,1755826042,1755826057,665,0,0
1755806640_E..N72R,120400_E..N72R,E,0,1755806640,1E 2004 WTC/P-A,1755824691,1755824705,563,0,0
1755806700_A..N54R,120500_A..N54R,A,0,1755806700,1A 2005 LEF/207,1755825531,1755825547,612,0,0
1755806700_C..N04R,120500_C..N04R,C,0,1755806700,1C 2005 EUC/168,1755825381,1755825396,602,0,0
1755806700_H..N21R,120500_H..N21R,H,0,1755806700,1H 2005 RPK/BCR,1755831898,1755831913,1068,0,0
1755806820_A..N55R,120700_A..N55R,A,0,1755806820,1A 2007 FAR/207,1755826943,1755826958,692,0,0
1755806820_E..S69R,120700_E..S69R,E,1,1755806820,1E 2007 P-A/WTC,1755824166,1755824181,494,0,0
1755806910_C..S04R,120850_C..S04R,C,1,1755806910,1C 2008+ 168/EUC,1755825681,1755825697,600,0,0
1755806940_A..S57R,120900_A..S57R,A,1,1755806940,1A 2009 207/LEF,1755825757,1755825772,603,0,0
1755806940_E..N72R,120900_E..N72R,E,0,1755806940,1E 2009 WTC/P-A,1755825201,1755825216,566,0,0
1755806970_H..S21R,120950_H..S21R,H,1,1755806970,1H 2009+ BCR/RPK,1755822439,1755822454,365,0,0
1755807210_E..S69R,121350_E..S69R,E,1,1755807210,1E 2013+ P-A/WTC,1755824751,1755824766,518,0,0
1755807240_C..N04R,121400_C..N04R,C,0,1755807240,1C 2014 EUC/168,1755825892,1755825907,591,0,0
1755807240_E..N72R,121400_E..N72R,E,0,1755807240,1E 2014 WTC/P-A,1755825336,1755825351,554,0,0
1755807420_A..S58R,121700_A..S58R,A,1,1755807420,1A 2017 207/FAR,1755822198,1755822213,301,0,0
1755807540_E..N72R,121900_E..N72R,E,0,1755807540,1E 2019 WTC/P-A,1755825681,1755825697,544,0,0
1755807570_C..S04R,121950_C..S04R,C,1,1755807570,1C 2019+ 168/EUC,1755826237,1755826252,579,0,0
1755807630_E..S69R,122050_E..S69R,E,1,1755807630,1E 2020+ P-A/WTC,1755825051,1755825066,495,0,0
1755807690_C..N04R,122150_C..N04R,C,0,1755807690,1C 2021+ EUC/168,1755826297,1755826312,573,0,0
1755807750_A..N54R,122250_A..N54R,A,0,1755807750,1A 2022+ LEF/207,1755826222,1755826237,564,0,0
1755807750_A..S58R,122250_A..S58R,A,1,1755807750,1A 2022+ 207/FAR,1755827513,1755827528,392,0,0
1755807810_H..N21R,122350_H..N21R,H,0,1755807810,1H 2023+ RPK/BCR,1755833009,1755833024,1054,0,0
1755807870_A..N55R,122450_A..N55R,A,0,1755807870,1A 2024+ FAR/207,1755827844,1755827859,677,0,0
1755807870_H..S21R,122450_H..S21R,H,1,1755807870,1H 2024+ BCR/RPK,1755822859,1755822874,325,0,0
1755807900_E..N72R,122500_E..N72R,E,0,1755807900,1E 2025 WTC/P-A,1755825877,1755825892,530,0,0
1755807990_C..S04R,122650_C..S04R,C,1,1755807990,1C 2026+ 168/EUC,1755826267,1755826282,548,0,0
1755807990_E..S69R,122650_E..S69R,E,1,1755807990,1E 2026+ P-A/WTC,1755825456,1755825471,483,0,0
1755808170_E..N72R,122950_E..N72R,E,0,1755808170,1E 2029+ WTC/P-A,1755826117,1755826132,526,0,0
1755808380_E..S69R,123300_E..S69R,E,1,1755808380,1E 2033 P-A/WTC,1755826192,1755826207,518,0,0
1755808410_C..N04R,123350_C..N04R,C,0,1755808410,1C 2033+ EUC/168,1755826808,1755826823,556,0,0
1755808500_E..N72R,123500_E..N72R,E,0,1755808500,1E 2035 WTC/P-A,1755826357,1755826372,521,0,0
1755808530_C..S04R,123550_C..S04R,C,1,1755808530,1C 2035+ 168/EUC,1755827318,1755827318,586,0,0
1755808560_A..S58R,123600_A..S58R,A,1,1755808560,1A 2036 207/FAR,1755828264,1755828279,674,0,0
1755808590_A..N54R,123650_A..N54R,A,0,1755808590,1A 2036+ LEF/207,1755827123,1755827138,567,0,0
1755808710_E..S69R,123850_E..S69R,E,1,1755808710,1E 2038+ P-A/WTC,1755826177,1755826192,494,0,0
1755808740_H..N21R,123900_H..N21R,H,0,1755808740,1H 2039 RPK/BCR,1755833940,1755833955,1058,0,0
1755808800_E..N72R,124000_E..N72R,E,0,1755808800,1E 2040 WTC/P-A,1755826763,1755826778,528,0,0
1755808890_A..N55R,124150_A..N55R,A,0,1755808890,1A 2041+ FAR/207,1755829240,1755829255,719,0,0
1755809040_C..N04R,124400_C..N04R,C,0,1755809040,1C 2044 EUC/168,1755827483,1755827498,573,0,0
1755809130_C..S04R,124550_C..S04R,C,1,1755809130,1C 2045+ 168/EUC,1755827664,1755827679,580,1,0
1755809130_E..N72R,124550_E..N72R,E,0,1755809130,1E 2045+ WTC/P-A,1755826898,1755826913,515,0,0
1755809160_E..S69R,124600_E..S69R,E,1,1755809160,1E 2046 P-A/WTC,1755826597,1755826612,493,0,0
1755809220_A..S57R,124700_A..S57R,A,1,1755809220,1A 2047 207/LEF,1755827573,1755827588,568,0,0
1755809310_H..S21R,124850_H..S21R,H,1,1755809310,1H 2048+ BCR/RPK,1755824240,1755824255,326,0,0
1755809430_E..S,125050_E..S,E,1,1755809430,EE 2050+ P-A/WTC,1755824421,1755824435,53,2,0
1755809520_E..N72R,125200_E..N72R,E,0,1755809520,1E 2052 WTC/P-A,1755827573,1755827588,548,0,0
1755809580_E..S69R,125300_E..S69R,E,1,1755809580,1E 2053 P-A/WTC,1755827168,1755827183,504,0,0
1755809580_H..N21R,125300_H..N21R,H,0,1755809580,1H 2053 RPK/BCR,1755834781,1755834796,1058,0,0
1755809640_A..N54R,125400_A..N54R,A,0,1755809640,1A 2054 LEF/207,1755828459,1755828474,617,0,0
1755809640_C..N04R,125400_C..N04R,C,0,1755809640,1C 2054 EUC/168,1755828459,1755828474,617,0,0
1755809730_C..S04R,125550_C..S04R,C,1,1755809730,1C 2055+ 168/EUC,1755828369,1755828384,605,0,0
1755809730_E..S,125550_E..S,E,1,1755809730,EE 2055+ CTL/WTC,1755826402,1755826417,150,1,1
1755809820_A..S58R,125700_A..S58R,A,1,1755809820,1A 2057 207/FAR,1755829901,1755829916,701,0,0
1755809910_E..N72R,125850_E..N72R,E,0,1755809910,1E 2058+ WTC/P-A,1755827603,1755827618,524,0,0
1755810000_A..N55R,126000_A..N55R,A,0,1755810000,1A 2100 FAR/207,1755830111,1755830126,703,0,0
1755810030_H..S21R,126050_H..S21R,H,1,1755810030,1H 2100+ BCR/RPK,1755824991,1755825006,328,0,0
1755810060_E..S69R,126100_E..S69R,E,1,1755810060,1E 2101 P-A/WTC,1755827573,1755827588,512,0,0
1755810270_C..N04R,126450_C..N04R,C,0,1755810270,1C 2104+ EUC/168,1755828925,1755828940,606,0,0
1755810270_E..N72R,126450_E..N72R,E,0,1755810270,1E 2104+ WTC/P-A,1755827949,1755827964,524,0,0
1755810330_A..N54R,126550_A..N54R,A,0,1755810330,1A 2105+ LEF/207,1755828865,1755828880,598,0,0
1755810330_C..S04R,126550_C..S04R,C,1,1755810330,1C 2105+ 168/EUC,1755828805,1755828820,594,0,0
1755810480_A..S57R,126800_A..S57R,A,1,1755810480,1A 2108 207/LEF,1755830216,1755830231,678,0,0
1755810630_E..N72R,127050_E..N72R,E,0,1755810630,1E 2110+ WTC/P-A,1755828159,1755828174,525,0,0
1755810690_A..N54R,127150_A..N54R,A,0,1755810690,1A 2111+ LEF/207,1755829751,1755829766,631,0,0
1755810810_H..S21R,127350_H..S21R,H,1,1755810810,1H 2113+ BCR/RPK,1755825727,1755825742,320,0,0
1755810870_C..N04R,127450_C..N04R,C,0,1755810870,1C 2114+ EUC/168,1755829270,1755829285,584,0,0
1755810900_C..S04R,127500_C..S04R,C,1,1755810900,1C 2115 168/EUC,1755829420,1755829435,591,0,0
1755810900_E..S69R,127500_E..S69R,E,1,1755810900,1E 2115 P-A/WTC,1755828534,1755828549,257,0,0
1755810930_E..N72R,127550_E..N72R,E,0,1755810930,1E 2115+ WTC/P-A,1755828790,1755828805,545,0,0
1755811020_H..N21R,127700_H..N21R,H,0,1755811020,1H 2117 RPK/BCR,1755835156,1755837022,977,0,0
1755811140_A..S58R,127900_A..S58R,A,1,1755811140,1A 2119 207/FAR,1755831808,1755831823,725,0,0
1755811230_A..N55R,128050_A..N55R,A,0,1755811230,1A 2120+ FAR/207,1755831387,1755831402,689,0,0
1755811320_E..N72R,128200_E..N72R,E,0,1755811320,1E 2122 WTC/P-A,1755828850,1755828865,509,0,0
1755811350_C..N04R,128250_C..N04R,C,0,1755811350,1C 2122+ EUC/168,1755829751,1755829766,566,0,0
1755811440_C..S04R,128400_C..S04R,C,1,1755811440,1C 2124 168/EUC,1755830096,1755830111,579,0,0
1755811740_E..N72R,128900_E..N72R,E,0,1755811740,1E 2129 WTC/P-A,1755830096,1755830111,548,0,0
1755811740_E..S69R,128900_E..S69R,E,1,1755811740,1E 2129 P-A/WTC,1755828880,1755828895,467,0,0
1755811920_A..S57R,129200_A..S57R,A,1,1755811920,1A 2132 207/LEF,1755831012,1755831027,591,0,0
1755812040_C..S04R,129400_C..S04R,C,1,1755812040,1C 2134 168/EUC,1755830757,1755830772,566,0,0
1755812070_C..N04R,129450_C..N04R,C,0,1755812070,1C 2134+ EUC/168,1755830441,1755830457,543,0,0
1755812079_A..N54R,129466_A..N54R,A,0,1755812079,1A 2134+ LEF/207,1755830862,1755830877,570,0,0
1755812160_E..N05R,129600_E..N05R,E,0,1755812160,1E 2136 WTC/P-A,1755830877,1755830892,564,0,0
1755812190_H..N21R,129650_H..N21R,H,0,1755812190,1H 2136+ RPK/BCR,1755837382,1755837397,887,0,0
1755812310_H..S21R,129850_H..S21R,H,1,1755812310,1H 2138+ BCR/RPK,1755827378,1755827393,293,0,0
1755812400_E..S69R,130000_E..S69R,E,1,1755812400,1E 2140 P-A/WTC,1755829661,1755829676,463,0,0
1755812580_A..S58R,130300_A..S58R,A,1,1755812580,1A 2143 207/FAR,1755832784,1755832799,665,0,0
1755812580_C..N04R,130300_C..N04R,C,0,1755812580,1C 2143 EUC/168,1755830862,1755830877,531,0,0
1755812640_E..N05R,130400_E..N05R,E,0,1755812640,1E 2144 WTC/P-A,1755830682,1755830697,515,0,0
1755812700_C..S04R,130500_C..S04R,C,1,1755812700,1C 2145 168/EUC,1755831132,1755831147,541,0,0
1755812730_A..N55R,130550_A..N55R,A,0,1755812730,1A 2145+ FAR/207,1755833399,1755833414,706,0,0
1755813000_E..S69R,131000_E..S69R,E,1,1755813000,1E 2150 P-A/WTC,1755830291,1755830306,465,0,0
1755813120_E..N05R,131200_E..N05R,E,0,1755813120,1E 2152 WTC/P-A,1755830892,1755830907,497,0,0
1755813210_H..N21R,131350_H..N21R,H,0,1755813210,1H 2153+ RPK/BCR,1755838407,1755838422,839,0,0
1755813270_A..N58R,131450_A..N58R,A,0,1755813270,1A 2154+ FAR/EUC,1755829601,1755829616,401,0,0
1755813300_A..S57R,131500_A..S57R,A,1,1755813300,1A 2155 207/LEF,1755832769,1755832784,616,0,0
1755813300_C..N04R,131500_C..N04R,C,0,1755813300,1C 2155 EUC/168,1755831432,1755831447,521,0,0
1755813390_C..S04R,131650_C..S04R,C,1,1755813390,1C 2156+ 168/EUC,1755831507,1755831523,520,0,0
1755813450_H..S21R,131750_H..S21R,H,1,1755813450,1H 2157+ BCR/RPK,1755828985,1755829000,348,0,0
1755813469_A..N54R,131783_A..N54R,A,0,1755813469,1A 2157+ LEF/207,1755832078,1755832093,553,0,0
1755813600_E..N05R,132000_E..N05R,E,0,1755813600,1E 2200 WTC/P-A,1755831703,1755831718,519,0,0
1755813600_E..S69R,132000_E..S69R,E,1,1755813600,1E 2200 P-A/WTC,1755831072,1755831087,477,0,0
1755813960_A..S58R,132600_A..S58R,A,1,1755813960,1A 2206 207/FAR,1755834300,1755834315,684,0,0
1755814020_C..N04R,132700_C..N04R,C,0,1755814020,1C 2207 EUC/168,1755832784,1755832799,569,0,0
1755814080_A..S05R,132800_A..S05R,A,1,1755814080,1A 2208 207/LEF,1755833700,1755833715,636,0,0
1755814080_E..N05R,132800_E..N05R,E,0,1755814080,1E 2208 WTC/P-A,1755832468,1755832484,544,0,0
1755814110_C..S04R,132850_C..S04R,C,1,1755814110,1C 2208+ 168/EUC,1755832589,1755832604,550,0,0
1755814200_E..S69R,133000_E..S69R,E,1,1755814200,1E 2210 P-A/WTC,1755831553,1755831568,469,0,0
1755814230_H..N21R,133050_H..N21R,H,0,1755814230,1H 2210+ RPK/BCR,1755839247,1755839927,827,0,0
1755814290_A..N09R,133150_A..N09R,A,0,1755814290,1A 2211+ FAR/207,1755835066,1755835081,713,0,0
1755814560_A..S74R,133600_A..S74R,A,1,1755814560,1A 2216 207/FAR,1755837187,1755837202,713,0,0
1755814620_H..S21R,133700_H..S21R,H,1,1755814620,1H 2217 BCR/RPK,1755829465,1755829480,302,0,0
1755814680_E..N05R,133800_E..N05R,E,0,1755814680,1E 2218 WTC/P-A,1755832979,1755832994,540,0,0
1755814710_C..N04R,133850_C..N04R,C,0,1755814710,1C 2218+ EUC/168,1755833069,1755833084,549,0,0
1755814740_E..S69R,133900_E..S69R,E,1,1755814740,1E 2219 P-A/WTC,1755832453,1755832468,499,0,0
1755814860_A..N04R,134100_A..N04R,A,0,1755814860,1A 2221 LEF/207,1755834300,1755834315,624,0,0
1755815280_A..S05R,134800_A..S05R,A,1,1755815280,1A 2228 207/LEF,1755835156,1755837022,653,0,0
1755815280_E..N05R,134800_E..N05R,E,0,1755815280,1E 2228 WTC/P-A,1755833309,1755833324,530,0,0
1755815400_E..S69R,135000_E..S69R,E,1,1755815400,1E 2230 P-A/WTC,1755833279,1755833294,520,0,0
1755815640_A..S,135400_A..S,A,1,1755815640,1A 2234 207/LEF,1755837247,1755837262,645,0,0
1755815700_H..N21R,135500_H..N21R,H,0,1755815700,1H 2235 RPK/BCR,1755840903,1755840917,796,0,0
1755815760_A..N85X001,135600_A..N85X001,A,0,1755815760,1A 2236 FAR/168,1755837277,1755837292,639,0,0
1755815760_E..S04R,135600_E..S04R,E,1,1755815760,1E 2236 P-A/WTC,1755834165,1755834180,555,0,0
1755815880_E..N05R,135800_E..N05R,E,0,1755815880,1E 2238 WTC/P-A,1755834120,1755834135,544,0,0
1755815880_H..S21R,135800_H..S21R,H,1,1755815880,1H 2238 BCR/RPK,1755830832,1755830847,309,0,0
1755816120_A..S,136200_A..S,A,1,1755816120,1A 2242 207/FAR,1755837172,1755837187,608,0,0
1755816270_E..S04R,136450_E..S04R,E,1,1755816270,1E 2244+ P-A/WTC,1755834676,1755834691,555,0,0
1755816300_A..N86X001,136500_A..N86X001,A,0,1755816300,1A 2245 LEF/168,1755835036,1755835051,577,0,0
1755816480_E..N05R,136800_E..N05R,E,0,1755816480,1E 2248 WTC/P-A,1755841683,1755841698,800,0,0
1755816810_H..S21R,137350_H..S21R,H,1,1755816810,1H 2253+ BCR/RPK,1755831748,1755831763,294,0,0
1755816840_A..S,137400_A..S,A,1,1755816840,1A 2254 207/LEF,1755837247,1755837262,551,0,0
1755816840_E..S04R,137400_E..S04R,E,1,1755816840,1E 2254 P-A/WTC,1755835081,1755835096,530,0,0
1755816870_H..N21R,137450_H..N21R,H,0,1755816870,1H 2254+ RPK/BCR,1755842073,1755842088,793,0,0
1755816960_E..N05R,137600_E..N05R,E,0,1755816960,1E 2256 WTC/P-A,1755842164,1755842179,794,0,0
1755817290_A..N85X001,138150_A..N85X001,A,0,1755817290,1A 2301+ FAR/168,1755838797,1755838812,569,0,0
1755817380_E..S04R,138300_E..S04R,E,1,1755817380,1E 2303 P-A/WTC,1755837142,1755837157,495,0,0
1755817560_A..S,138600_A..S,A,1,1755817560,1A 2306 207/FAR,1755838527,1755838542,525,0,0
1755817680_E..N05R,138800_E..N05R,E,0,1755817680,1E 2308 WTC/P-A,1755842884,1755842899,787,0,0
1755817800_A..N86X001,139000_A..N86X001,A,0,1755817800,1A 2310 LEF/168,1755837187,1755837202,465,0,0
1755817830_H..N21R,139050_H..N21R,H,0,1755817830,1H 2310+ RPK/BCR,1755843019,1755843034,786,0,0
1755817980_H..S21R,139300_H..S21R,H,1,1755817980,1H 2313 BCR/RPK,1755832919,1755832934,282,0,0
1755818040_E..S04R,139400_E..S04R,E,1,1755818040,1E 2314 P-A/WTC,1755837142,1755837157,446,0,0
1755818280_A..S,139800_A..S,A,1,1755818280,1A 2318 207/LEF,1755838827,1755838842,497,0,0
1755818280_E..N05R,139800_E..N05R,E,0,1755818280,1E 2318 WTC/P-A,1755837157,1755837172,431,0,0
1755818760_E..S04R,140600_E..S04R,E,1,1755818760,1E 2326 P-A/WTC,1755837157,1755837172,399,0,0
1755818880_E..N05R,140800_E..N05R,E,0,1755818880,1E 2328 WTC/P-A,1755844086,1755844101,787,0,0
1755818940_H..S21R,140900_H..S21R,H,1,1755818940,1H 2329 BCR/RPK,1755834180,1755834195,312,0,0
1755819000_A..S,141000_A..S,A,1,1755819000,1A 2330 207/FAR,1755840001,1755840016,483,0,0
1755819060_H..N21R,141100_H..N21R,H,0,1755819060,1H 2331 RPK/BCR,1755844266,1755844281,787,0,0
1755819120_A..N85X001,141200_A..N85X001,A,0,1755819120,1A 2332 FAR/168,1755840211,1755840226,489,0,0
1755819480_A..N86X001,141800_A..N86X001,A,0,1755819480,1A 2338 LEF/168,1755840166,1755840181,462,0,0
1755819570_E..S04R,141950_E..S04R,E,1,1755819570,1E 2339+ P-A/WTC,1755838752,1755838767,406,0,0
1755819720_A..S,142200_A..S,A,1,1755819720,1A 2342 207/LEF,1755840423,1755840437,463,0,0
1755819900_E..N,142500_E..N,E,0,1755819900,1E 2345 WTC/P-A,1755838662,1755838677,232,0,0
1755820320_A..S,143200_A..S,A,1,1755820320,1A 2352 207/FAR,1755841533,1755841548,501,0,0
1755820440_H..S21R,143400_H..S21R,H,1,1755820440,1H 2354 BCR/RPK,1755837067,1755837082,281,0,0
1755820470_E..S04R,143450_E..S04R,E,1,1755820470,1E 2354+ P-A/WTC,1755838767,1755838782,347,0,0
1755820710_H..N21R,143850_H..N21R,H,0,1755820710,1H 2358+ RPK/BCR,1755845902,1755845917,783,0,0
1755820920_A..N85X001,000200_A..N85X001,A,0,1755820920,1A 0002 FAR/168,1755842359,1755842374,515,0,0
1755820920_E..N,000200_E..N,E,0,1755820920,1E 0002 WTC/P-A,1755841533,1755841548,461,0,0
1755821280_A..N86X001,000800_A..N86X001,A,0,1755821280,1A 0008 LEF/168,1755840467,1755840482,334,0,0
1755821640_E..N,001400_E..N,E,0,1755821640,1E 0014 WTC/P-A,1755840046,1755840061,300,0,0
1755822000_A..S,002000_A..S,A,1,1755822000,1A 0020 168/FAR,1755842959,1755842974,498,0,0
1755822000_H..N21R,002000_H..N21R,H,0,1755822000,1H 0020 RPK/BCR,1755847209,1755847224,784,0,0
1755822120_A..N85X001,002200_A..N85X001,A,0,1755822120,1A 0022 FAR/168,1755842839,1755842854,482,0,0
1755822360_E..N,002600_E..N,E,0,1755822360,1E 0026 WTC/P-A,1755840842,1755840857,299,0,0
1755822690_E..S04R,003150_E..S04R,E,1,1755822690,1E 0031+ P-A/WTC,1755841007,1755841023,180,0,0
1755823080_A..S,003800_A..S,A,1,1755823080,1A 0038 168/FAR,1755844416,1755844431,490,0,0
1755823080_E..N,003800_E..N,E,0,1755823080,1E 0038 WTC/P-A,1755842148,1755842164,327,0,0
1755823260_H..N21R,004100_H..N21R,H,0,1755823260,1H 0041 RPK/BCR,1755848455,1755848470,779,0,0
1755823320_A..N85X001,004200_A..N85X001,A,0,1755823320,1A 0042 FAR/168,1755844206,1755844221,484,0,0
1755823500_E..N,004500_E..N,E,0,1755823500,EE 0045 WTC/P-A,1755841953,1755841968,223,1,0
1755823890_E..S04R,005150_E..S04R,E,1,1755823890,1E 0051+ P-A/WTC,1755843740,1755843755,413,0,0
1755823980_E..N,005300_E..N,E,0,1755823980,1E 0053 WTC/P-A,1755843019,1755843034,361,0,0
1755824280_A..S,005800_A..S,A,1,1755824280,1A 0058 168/FAR,1755845497,1755845512,506,0,0
1755824400_A..N43R,006000_A..N43R,A,0,1755824400,1A 0100 LEF/EUC,1755849596,1755849611,780,0,0
1755824460_H..N21R,006100_H..N21R,H,0,1755824460,1H 0101 RPK/BCR,1755849656,1755849671,785,0,0
1755824520_A..N85X001,006200_A..N85X001,A,0,1755824520,1A 0102 FAR/168,1755845227,1755845242,474,0,0
1755824910_E..N,006850_E..N,E,0,1755824910,1E 0108+ WTC/P-A,1755843770,1755843785,385,0,0
1755825090_E..S04R,007150_E..S04R,E,1,1755825090,1E 0111+ P-A/WTC,1755844446,1755844461,375,0,0
1755825180_A..S43R,007300_A..S43R,A,1,1755825180,1A 0113 EUC/LEF,1755840377,1755840391,134,0,0
1755825480_A..S,007800_A..S,A,1,1755825480,1A 0118 168/FAR,1755849686,1755849701,793,1,0
1755825600_A..N43R,008000_A..N43R,A,0,1755825600,1A 0120 LEF/EUC,1755840692,1755840707,155,1,0
1755825660_H..N21R,008100_H..N21R,H,0,1755825660,1H 0121 RPK/BCR,1755850858,1755850873,949,0,0
1755825720_A..N85X001,008200_A..N85X001,A,0,1755825720,1A 0122 FAR/168,1755846308,1755846323,555,0,0
1755825990_A..S43R,008650_A..S43R,A,1,1755825990,1A 0126+ EUC/LEF,1755842599,1755842614,302,0,0
1755826110_H..S21R,008850_H..S21R,H,1,1755826110,1H 0128+ BCR/RPK,1755841172,1755841188,189,0,0
1755826200_E..N,009000_E..N,E,0,1755826200,1E 0130 WTC/P-A,1755844581,1755844596,439,0,0
1755826290_E..S04R,009150_E..S04R,E,1,1755826290,1E 0131+ P-A/WTC,1755844881,1755844896,453,0,0
1755826800_A..N43R,010000_A..N43R,A,0,1755826800,1A 0140 LEF/EUC,1755841894,1755841908,205,1,0
1755826860_H..N21R,010100_H..N21R,H,0,1755826860,1H 0141 RPK/BCR,1755852059,1755852074,1077,0,0
1755826920_A..N85X001,010200_A..N85X001,A,0,1755826920,1A 0142 FAR/168,1755848004,1755848020,629,0,0
1755827130_H..S21R,010550_H..S21R,H,1,1755827130,1H 0145+ BCR/RPK,1755842088,1755842104,215,0,0
1755827190_A..S43R,010650_A..S43R,A,1,1755827190,1A 0146+ EUC/LEF,1755842599,1755842614,256,0,0
1755827400_E..N,011000_E..N,E,0,1755827400,1E 0150 WTC/P-A,1755846368,1755846383,513,0,0
1755827490_E..S04R,011150_E..S04R,E,1,1755827490,1E 0151+ P-A/WTC,1755846157,1755846173,498,0,0
1755827880_A..S,011800_A..S,A,1,1755827880,1A 0158 168/FAR,1755850812,1755850828,817,0,0
1755828000_A..N43R,012000_A..N43R,A,0,1755828000,1A 0200 LEF/EUC,1755842944,1755842959,256,1,0
1755828060_H..N21R,012100_H..N21R,H,0,1755828060,1H 0201 RPK/BCR,1755853185,,1196,0,0
1755828120_A..N85X001,012200_A..N85X001,A,0,1755828120,1A 0202 FAR/168,1755848710,1755848725,640,0,0
1755828390_A..S43R,012650_A..S43R,A,1,1755828390,1A 0206+ EUC/LEF,1755843290,1755843305,253,0,0
1755828600_E..N,013000_E..N,E,0,1755828600,1E 0210 WTC/P-A,1755848215,1755848230,585,0,0
1755828690_E..S04R,013150_E..S04R,E,1,1755828690,1E 0211+ P-A/WTC,1755847884,1755847900,563,1,0
1755829080_A..S,013800_A..S,A,1,1755829080,1A 0218 168/FAR,1755851143,1755851158,887,0,0
1755829200_A..N43R,014000_A..N43R,A,0,1755829200,1A 0220 LEF/EUC,1755844221,1755844236,306,0,0
1755829260_H..N21R,014100_H..N21R,H,0,1755829260,1H 0221 RPK/BCR,1755853185,,1161,0,0
1755829320_A..N85X001,014200_A..N85X001,A,0,1755829320,1A 0222 FAR/168,1755849056,1755849071,628,2,2
1755829530_H..S21R,014550_H..S21R,H,1,1755829530,1H 0225+ BCR/RPK,1755844326,1755844341,291,0,0
1755829590_A..S43R,014650_A..S43R,A,1,1755829590,1A 0226+ EUC/LEF,1755844581,1755844596,304,0,0
1755829800_E..N,015000_E..N,E,0,1755829800,1E 0230 WTC/P-A,1755848560,1755848575,563,0,0
1755829890_E..S04R,015150_E..S04R,E,1,1755829890,1E 0231+ P-A/WTC,1755848815,1755848830,574,0,0
1755830280_A..S,015800_A..S,A,1,1755830280,1A 0238 168/FAR,1755851383,1755851398,846,0,0
1755830400_A..N43R,016000_A..N43R,A,0,1755830400,1A 0240 LEF/EUC,1755845392,1755845407,303,0,0
1755830460_H..N21R,016100_H..N21R,H,0,1755830460,1H 0241 RPK/BCR,1755853185,,1080,0,0
1755830790_A..S43R,016650_A..S43R,A,1,1755830790,1A 0246+ EUC/LEF,1755845767,1755845782,298,0,0
1755831000_E..N,017000_E..N,E,0,1755831000,1E 0250 WTC/P-A,1755848800,1755848815,491,0,0
1755831090_E..S04R,017150_E..S04R,E,1,1755831090,1E 0251+ P-A/WTC,1755849746,1755849762,557,0,0
1755831120_A..N85X001,017200_A..N85X001,A,0,1755831120,1A 0252 FAR/168,1755852164,1755852179,759,0,0
1755831480_A..S,017800_A..S,A,1,1755831480,1A 0258 168/FAR,1755852344,1755852359,888,0,0
1755831600_A..N43R,018000_A..N43R,A,0,1755831600,1A 0300 LEF/EUC,1755846698,1755846713,299,0,0
1755831660_H..N21R,018100_H..N21R,H,0,1755831660,1H 0301 RPK/BCR,1755853185,,987,0,0
1755831930_H..S21R,018550_H..S21R,H,1,1755831930,1H 0305+ BCR/RPK,1755846923,1755846938,281,0,0
1755831990_A..S43R,018650_A..S43R,A,1,1755831990,1A 0306+ EUC/LEF,1755846984,1755846999,281,0,0
1755832080_A..S,018800_A..S,A,1,1755832080,EA 0308 168/FAR,1755852705,1755852720,729,1,0
1755832200_E..N,019000_E..N,E,0,1755832200,1E 0310 WTC/P-A,1755850677,1755850692,592,0,0
1755832290_E..S04R,019150_E..S04R,E,1,1755832290,1E 0311+ P-A/WTC,1755851323,1755851338,679,0,0
1755832680_A..S,019800_A..S,A,1,1755832680,1A 0318 168/FAR,1755853185,,909,0,0
1755832800_A..N43R,020000_A..N43R,A,0,1755832800,1A 0320 LEF/EUC,1755847854,1755847869,292,0,0
1755832860_H..N21R,020100_H..N21R,H,0,1755832860,1H 0321 RPK/BCR,1755853185,,897,0,0
1755832920_A..N09R,020200_A..N09R,A,0,1755832920,1A 0322 FAR/207,1755847719,1755847734,275,0,0
1755833130_H..S21R,020550_H..S21R,H,1,1755833130,1H 0325+ BCR/RPK,1755848155,1755848170,290,0,0
1755833190_A..S43R,020650_A..S43R,A,1,1755833190,1A 0326+ EUC/LEF,1755849536,1755849551,378,0,0
1755833220_A..N09R,020700_A..N09R,A,0,1755833220,1A 0327 FAR/207,1755853185,,618,1,1
1755833400_E..N,021000_E..N,E,0,1755833400,1E 0330 WTC/P-A,1755851593,1755851608,644,0,0
1755833490_E..S04R,021150_E..S04R,E,1,1755833490,1E 0331+ P-A/WTC,1755852690,1755852705,789,1,0
1755834000_A..N43R,022000_A..N43R,A,0,1755834000,1A 0340 LEF/EUC,1755849431,1755849446,317,0,0
1755834060_H..N21R,022100_H..N21R,H,0,1755834060,1H 0341 RPK/BCR,1755853185,,817,0,0
1755834330_H..S21R,022550_H..S21R,H,1,1755834330,1H 0345+ BCR/RPK,1755849251,1755849266,283,0,0
1755834390_A..S43R,022650_A..S43R,A,1,1755834390,1A 0346+ EUC/LEF,1755849852,1755849866,336,0,0
1755834480_A..S,022800_A..S,A,1,1755834480,1A 0348 168/FAR,1755853185,,642,1,0
1755834600_E..N,023000_E..N,E,0,1755834600,1E 0350 WTC/P-A,1755852841,1755852855,735,0,0
1755834690_E..S04R,023150_E..S04R,E,1,1755834690,1E 0351+ P-A/WTC,1755853050,1755853065,757,0,0
1755835020_A..N09R,023700_A..N09R,A,0,1755835020,1A 0357 FAR/207,1755853185,,609,0,0
1755835200_A..N43R,024000_A..N43R,A,0,1755835200,1A 0400 LEF/EUC,1755850197,1755850212,327,0,0
1755748800_F..N20R,024000_F..N20R,F,0,1755748800,1F 0400 STL/179,1755769476,1755769480,1314,0,0
1755748920_M..S30R,024200_M..S30R,M,1,1755748920,1M 0402 MYR/MET,1755764180,1755764190,595,0,0
1755749040_M..N30R,024400_M..N30R,M,0,1755749040,1M 0404 MET/MYR,1755764090,1755764100,567,0,0
1755749130_D..S05R,024550_D..S05R,D,1,1755749130,1D 0405+ 205/STL,1755767228,1755767238,973,0,0
1755749370_D..S05R,024950_D..S05R,D,1,1755749370,1D 0409+ BPK/STL,1755769120,1755769130,250,0,0
1755749790_D..N05R,025650_D..N05R,D,0,1755749790,1D 0416+ STL/205,1755770126,1755770137,1269,0,0
1755749970_F..S20R,025950_F..S20R,F,1,1755749970,1F 0419+ 179/STL,1755770802,1755770812,1335,0,0
1755750000_F..N20R,026000_F..N20R,F,0,1755750000,1F 0420 STL/179,1755770276,1755770287,1261,0,0
1755750120_M..S30R,026200_M..S30R,M,1,1755750120,1M 0422 MYR/MET,1755765336,1755765346,589,0,0
1755750240_M..N30R,026400_M..N30R,M,0,1755750240,1M 0424 MET/MYR,1755765362,1755765366,576,0,0
1755750330_D..S05R,026550_D..S05R,D,1,1755750330,1D 0425+ 205/STL,1755767288,1755767298,821,0,0
1755750570_D..S05R,026950_D..S05R,D,1,1755750570,1D 0429+ BPK/STL,1755770437,1755770441,419,0,0
1755750990_D..N05R,027650_D..N05R,D,0,1755750990,1D 0436+ STL/205,1755770962,1755770967,1220,0,0
1755751110_F..N20R,027850_F..N20R,F,0,1755751110,1F 0438+ STL/179,1755771263,1755771267,1244,0,0
1755751170_F..S20R,027950_F..S20R,F,1,1755751170,1F 0439+ 179/STL,1755771323,1755771327,1244,0,0
1755751200_FS.S01R,028000_FS.S01R,FS,1,1755751200,1FS 0440 FKN/PPK,1755766282,1755766292,569,0,0
1755751320_M..S30R,028200_M..S30R,M,1,1755751320,1M 0442 MYR/MET,1755766717,1755766728,613,0,0
1755751440_M..N30R,028400_M..N30R,M,0,1755751440,1M 0444 MET/MYR,1755766608,1755766612,582,0,0
1755751530_D..S05R,028550_D..S05R,D,1,1755751530,1D 0445+ 205/STL,1755767554,1755767558,687,1,0
1755751770_D..S05R,028950_D..S05R,D,1,1755751770,1D 0449+ BPK/STL,1755771683,1755771688,557,0,0
1755751770_FS.N01R,028950_FS.N01R,FS,0,1755751770,1FS 0449+ PPK/FKN,1755769716,1755769721,950,0,0
1755752040_F..N20R,029400_F..N20R,F,0,1755752040,1F 0454 STL/179,1755772709,1755772719,1311,0,0
1755752190_D..N05R,029650_D..N05R,D,0,1755752190,1D 0456+ STL/205,1755772168,1755772179,1220,0,0
1755752400_FS.S01R,030000_FS.S01R,FS,1,1755752400,1FS 0500 FKN/PPK,1755769716,1755769721,866,0,0
1755752460_F..S74R,030100_F..S74R,F,1,1755752460,1F 0501 179/STL,1755772348,1755772359,1207,0,0
1755752520_M..S30R,030200_M..S30R,M,1,1755752520,1M 0502 MYR/MET,1755767603,1755767614,570,0,0
1755752610_D..S05R,030350_D..S05R,D,1,1755752610,1D 0503+ 205/STL,1755767268,1755767273,514,0,0
1755752640_M..N30R,030400_M..N30R,M,0,1755752640,1M 0504 MET/MYR,1755767768,1755767779,576,0,0
1755752820_F..N74R,030700_F..N74R,F,0,1755752820,1F 0507 STL/179,1755773485,1755773489,1310,0,0
1755752850_D..S05R,030750_D..S05R,D,1,1755752850,1D 0507+ BPK/STL,1755772483,1755772494,691,0,0
1755753030_D..N05R,031050_D..N05R,D,0,1755753030,1D 0510+ STL/205,1755773005,1755773009,1219,0,0
1755753240_M..N20R,031400_M..N20R,M,0,1755753240,1M 0514 MET/CTL,1755771818,1755771823,1034,0,0
1755753390_F..S74R,031650_F..S74R,F,1,1755753390,1F 0516+ 179/STL,1755773534,1755773545,1242,0,0
1755753420_D..S05R,031700_D..S05R,D,1,1755753420,1D 0517 205/STL,1755773625,1755773635,1250,0,0
1755753480_F..N74R,031800_F..N74R,F,0,1755753480,1F 0518 STL/179,1755773550,1755773560,1232,0,0
1755753720_M..S30R,032200_M..S30R,M,1,1755753720,1M 0522 MYR/MET,1755768955,1755768965,590,0,0
1755753750_D..N05R,032250_D..N05R,D,0,1755753750,1D 0522+ STL/205,1755773700,1755773710,1216,0,0
1755753840_M..N30R,032400_M..N30R,M,0,1755753840,1M 0524 MET/MYR,1755768910,1755768920,568,0,0
1755753840_M..S20R,032400_M..S20R,M,1,1755753840,1M 0524 CTL/MET,1755772363,1755772374,1026,0,0
1755753960_B..S65R,032600_B..S65R,B,1,1755753960,1B 0526 BPK/BBC,1755773144,1755773155,1114,0,0
1755753990_F..S74R,032650_F..S74R,F,1,1755753990,1F 0526+ 179/STL,1755774601,1755774611,1304,0,0
1755754020_M..N20R,032700_M..N20R,M,0,1755754020,1M 0527 MET/CTL,1755772464,1755772468,1015,0,0
1755754140_F..N74R,032900_F..N74R,F,0,1755754140,1F 0529 STL/179,1755774105,1755774116,1218,0,0
1755754410_M..S20R,033350_M..S20R,M,1,1755754410,1M 0533+ CTL/MET,1755772704,1755772709,995,0,0
1755754440_B..S65R,033400_B..S65R,B,1,1755754440,1B 0534 BPK/BBC,1755774150,1755774161,1169,0,0
1755754470_D..N05R,033450_D..N05R,D,0,1755754470,1D 0534+ STL/205,1755774766,1755774777,1262,0,0
1755754500_D..S05R,033500_D..S05R,D,1,1755754500,1D 0535 205/STL,1755770111,1755770121,603,0,0
1755754620_F..S74R,033700_F..S74R,F,1,1755754620,1F 0537 179/STL,1755774611,1755774616,1221,0,0
1755754740_D..S05R,033900_D..S05R,D,1,1755754740,1D 0539 BPK/STL,1755775212,1755775216,709,0,0
1755754770_M..N20R,033950_M..N20R,M,0,1755754770,1M 0539+ MET/CTL,1755773189,1755773200,1012,0,0
1755754860_F..N74R,034100_F..N74R,F,0,1755754860,1F 0541 STL/179,1755775382,1755775392,1292,0,0
1755754920_M..S30R,034200_M..S30R,M,1,1755754920,1M 0542 MYR/MET,1755770137,1755770141,587,0,0
1755755040_M..N30R,034400_M..N30R,M,0,1755755040,1M 0544 MET/MYR,1755770306,1755770317,594,0,0
1755755040_M..S20R,034400_M..S20R,M,1,1755755040,1M 0544 CTL/MET,1755773369,1755773380,1000,0,0
1755755130_D..N07R,034550_D..N07R,D,0,1755755130,1D 0545+ STL/205,1755774991,1755775002,1204,0,0
1755755160_F..S74R,034600_F..S74R,F,1,1755755160,1F 0546 179/STL,1755775291,1755775302,1240,0,0
1755755220_D..S05R,034700_D..S05R,D,1,1755755220,1D 0547 205/STL,1755770111,1755770121,544,0,0
1755755370_FS.N01R,034950_FS.N01R,FS,0,1755755370,1FS 0549+ PPK/FKN,1755770742,1755770752,608,0,0
1755755400_B..S65R,035000_B..S65R,B,1,1755755400,1B 0550 BPK/BBC,1755774972,1755774976,879,0,0
1755755460_D..S05R,035100_D..S05R,D,1,1755755460,1D 0551 BPK/STL,1755775787,1755775798,754,0,0
1755755490_F..N74R,035150_F..N74R,F,0,1755755490,1F 0551+ STL/179,1755776613,1755776623,1371,0,0
1755755490_M..N20R,035150_M..N20R,M,0,1755755490,1M 0551+ MET/CTL,1755774360,1755774371,1072,0,0
1755755580_M..S20R,035300_M..S20R,M,1,1755755580,1M 0553 CTL/MET,1755773951,1755773955,1005,0,0
1755755640_F..S74R,035400_F..S74R,F,1,1755755640,1F 0554 179/STL,1755775877,1755775888,1254,0,0
1755755730_D..N07R,035550_D..N07R,D,0,1755755730,1D 0555+ STL/205,1755775457,1755775467,1186,0,0
1755755820_B..N65R,035700_B..N65R,B,0,1755755820,1B 0557 BBC/BPK,1755775066,1755775077,1122,0,0
1755755880_D..S05R,035800_D..S05R,D,1,1755755880,1D 0558 205/STL,1755776173,1755776177,1261,0,0
1755756000_FS.S01R,036000_FS.S01R,FS,1,1755756000,1FS 0600 FKN/PPK,1755770772,1755770782,528,0,0
1755756060_F..S74R,036100_F..S74R,F,1,1755756060,1F 0601 179/STL,1755776072,1755776083,1224,0,0
1755756120_M..S30R,036200_M..S30R,M,1,1755756120,1M 0602 MYR/MET,1755771323,1755771327,585,0,0
1755756150_F..N74R,036250_F..N74R,F,0,1755756150,1F 0602+ STL/179,1755776404,1755776417,1256,0,0
1755756180_M..N20R,036300_M..N20R,M,0,1755756180,1M 0603 MET/CTL,1755774961,1755774972,1060,0,0
1755756210_M..S20R,036350_M..S20R,M,1,1755756210,1M 0603+ CTL/MET,1755774721,1755774732,1024,0,0
1755756270_FS.N01R,036450_FS.N01R,FS,0,1755756270,1FS 0604+ PPK/FKN,1755771518,1755771523,591,0,0
1755756300_D..N07R,036500_D..N07R,D,0,1755756300,1D 0605 STL/205,1755776117,1755776128,1198,0,0
1755756360_B..S65R,036600_B..S65R,B,1,1755756360,1B 0606 BPK/BBC,1755775753,1755775757,1141,0,0
1755756420_B..N65R,036700_B..N65R,B,0,1755756420,1B 0607 BBC/BPK,1755775557,1755775562,1107,0,0
1755756420_F..S74R,036700_F..S74R,F,1,1755756420,1F 0607 179/STL,1755776297,1755776308,1206,0,0
1755756630_F..N74R,037050_F..N74R,F,0,1755756630,1F 0610+ STL/179,1755776404,1755776417,1192,0,0
1755756810_D..N07R,037350_D..N07R,D,0,1755756810,1D 0613+ STL/205,1755776778,1755776789,1218,0,0
1755756840_F..S74R,037400_F..S74R,F,1,1755756840,1F 0614 179/STL,1755776778,1755776789,1214,0,0
1755756870_M..S20R,037450_M..S20R,M,1,1755756870,1M 0614+ CTL/MET,1755775306,1755775317,1015,0,0
1755756900_B..S65R,037500_B..S65R,B,1,1755756900,1B 0615 BPK/BBC,1755776233,1755776237,1134,0,0
1755756900_D..S14R,037500_D..S14R,D,1,1755756900,1D 0615 205/STL,1755771312,1755771323,481,0,0
1755756900_M..N20R,037500_M..N20R,M,0,1755756900,1M 0615 MET/CTL,1755775562,1755775572,1045,0,0
1755757020_B..N65R,037700_B..N65R,B,0,1755757020,1B 0617 BBC/BPK,1755776293,1755776297,1127,0,0
1755757080_FS.S01R,037800_FS.S01R,FS,1,1755757080,1FS 0618 FKN/PPK,1755775392,1755775397,999,0,0
1755757140_D..S14R,037900_D..S14R,D,1,1755757140,1D 0619 BPK/STL,1755776958,1755776969,748,0,0
1755757170_FS.N01R,037950_FS.N01R,FS,0,1755757170,1FS 0619+ PPK/FKN,1755775392,1755775397,987,0,0
1755757260_F..S74R,038100_F..S74R,F,1,1755757260,1F 0621 179/STL,1755777228,1755777239,1217,0,0
1755757350_D..N07R,038250_D..N07R,D,0,1755757350,1D 0622+ STL/205,1755777333,1755777344,1219,0,0
1755757380_F..N74R,038300_F..N74R,F,0,1755757380,1F 0623 STL/179,1755776958,1755776969,1166,0,0
1755757410_D..S14R,038350_D..S14R,D,1,1755757410,1D 0623+ 205/STL,1755777239,1755777244,1198,0,0
1755757440_M..N20R,038400_M..N20R,M,0,1755757440,1M 0624 MET/CTL,1755776012,1755776023,1034,0,0
1755757500_B..S65R,038500_B..S65R,B,1,1755757500,1B 0625 BPK/BBC,1755776748,1755776759,1123,0,0
1755757530_M..S20R,038550_M..S20R,M,1,1755757530,1M 0625+ CTL/MET,1755775847,1755775858,1000,0,0
1755757620_B..N65R,038700_B..N65R,B,0,1755757620,1B 0627 BBC/BPK,1755776838,1755776849,1119,0,0
1755757620_F..S04R,038700_F..S04R,F,1,1755757620,1F 0627 179/CHU,1755775952,1755775963,1002,0,0
1755757800_D..S14R,039000_D..S14R,D,1,1755757800,1D 0630 205/STL,1755772224,1755772228,481,0,0
1755757800_FS.S01R,039000_FS.S01R,FS,1,1755757800,1FS 0630 FKN/PPK,1755775397,1755775407,904,0,0
1755757860_FS.N01R,039100_FS.N01R,FS,0,1755757860,1FS 0631 PPK/FKN,1755775397,1755775407,896,0,0
1755757920_D..N07R,039200_D..N07R,D,0,1755757920,1D 0632 STL/205,1755778625,1755778636,1315,0,0
1755757950_F..S74R,039250_F..S74R,F,1,1755757950,1F 0632+ 179/STL,1755777960,1755777965,1222,0,0
1755758040_D..S14R,039400_D..S14R,D,1,1755758040,1D 0634 BPK/STL,1755778140,1755778145,783,0,0
1755758070_M..N20R,039450_M..N20R,M,0,1755758070,1M 0634+ MET/CTL,1755776448,1755776458,1007,0,0
1755758100_B..S65R,039500_B..S65R,B,1,1755758100,1B 0635 BPK/BBC,1755778174,1755778185,1231,0,0
1755758100_F..N78R,039500_F..N78R,F,0,1755758100,1F 0635 AVX/179,1755777409,1755777419,1129,0,0
1755758130_F..N74R,039550_F..N74R,F,0,1755758130,1F 0635+ STL/179,1755777529,1755777539,1141,0,0
1755758130_M..S20R,039550_M..S20R,M,1,1755758130,1M 0635+ CTL/MET,1755776628,1755776639,1023,0,0
1755758160_B..N65R,039600_B..N65R,B,0,1755758160,1B 0636 BBC/BPK,1755777900,1755777905,1184,0,0
1755758220_D..S14R,039700_D..S14R,D,1,1755758220,1D 0637 205/STL,1755778129,1755778140,1209,0,0
1755758250_F..S73R,039750_F..S73R,F,1,1755758250,1F 0637+ 179/KHY,1755777614,1755777619,1136,0,0
1755758400_D..N07R,040000_D..N07R,D,0,1755758400,1D 0640 STL/205,1755778681,1755778685,1258,0,0
1755758550_F..S74R,040250_F..S74R,F,1,1755758550,1F 0642+ 179/STL,1755778475,1755778485,1211,0,0
1755758610_B..N65R,040350_B..N65R,B,0,1755758610,1B 0643+ BBC/BPK,1755777889,1755777900,1125,0,0
1755758640_M..N20R,040400_M..N20R,M,0,1755758640,1M 0644 MET/CTL,1755777153,1755777164,1023,0,0
1755758700_B..S65R,040500_B..S65R,B,1,1755758700,1B 0645 BPK/BBC,1755778325,1755778335,1171,0,0
1755758700_D..S14R,040500_D..S14R,D,1,1755758700,1D 0645 205/STL,1755773129,1755773140,482,0,0
1755758700_M..S20R,040500_M..S20R,M,1,1755758700,1M 0645 CTL/MET,1755777735,1755777739,1092,0,0
1755758850_F..S73R,040750_F..S73R,F,1,1755758850,1F 0647+ 179/KHY,1755778415,1755778425,1163,0,0
1755758880_F..N78R,040800_F..N78R,F,0,1755758880,1F 0648 AVX/179,1755778355,1755778365,1151,0,0
1755758910_F..N74R,040850_F..N74R,F,0,1755758910,1F 0648+ STL/179,1755778745,1755778756,1199,0,0
1755758970_D..N07R,040950_D..N07R,D,0,1755758970,1D 0649+ STL/205,1755779316,1755779326,1266,0,0
1755759000_D..S14R,041000_D..S14R,D,1,1755759000,1D 0650 BPK/STL,1755783144,1755783155,739,0,0
1755759060_B..N65R,041100_B..N65R,B,0,1755759060,1B 0651 BBC/BPK,1755778430,1755778440,1137,0,0
1755759150_F..S74R,041250_F..S74R,F,1,1755759150,1F 0652+ 179/STL,1755779101,1755779105,1214,0,0
1755759270_M..N20R,041450_M..N20R,M,0,1755759270,1M 0654+ MET/CTL,1755777994,1755778005,1051,0,0
1755759300_B..S65R,041500_B..S65R,B,1,1755759300,1B 0655 BPK/BBC,1755778805,1755778816,1155,0,0
1755759300_D..S14R,041500_D..S14R,D,1,1755759300,1D 0655 205/STL,1755779146,1755779151,1200,0,0
1755759330_M..S20R,041550_M..S20R,M,1,1755759330,1M 0655+ CTL/MET,1755777735,1755777739,1008,0,0
1755759420_D..N07R,041700_D..N07R,D,0,1755759420,1D 0657 STL/205,1755780231,1755780243,1328,0,0
1755759450_F..N74R,041750_F..N74R,F,0,1755759450,1F 0657+ STL/179,1755779210,1755779221,1189,0,0
1755759540_B..N65R,041900_B..N65R,B,0,1755759540,1B 0659 BBC/BPK,1755778906,1755778910,1136,0,0
1755759540_F..S74R,041900_F..S74R,F,1,1755759540,1F 0659 179/STL,1755779446,1755779451,1207,0,0
1755759600_F..N78R,042000_F..N78R,F,0,1755759600,1F 0700 AVX/179,1755778985,1755778996,1139,0,0
1755759780_M..N20R,042300_M..N20R,M,0,1755759780,1M 0703 MET/CTL,1755778320,1755778325,1026,0,0
1755759810_M..S20R,042350_M..S20R,M,1,1755759810,1M 0703+ CTL/MET,1755777975,1755777979,976,0,0
1755759900_B..S65R,042500_B..S65R,B,1,1755759900,1B 0705 BPK/BBC,1755781298,1755781308,1406,0,0
1755759900_F..S74R,042500_F..S74R,F,1,1755759900,1F 0705 179/STL,1755780186,1755780197,1258,0,0
1755760020_B..N65R,042700_B..N65R,B,0,1755760020,1B 0707 BBC/BPK,1755780577,1755780588,1294,0,0
1755760020_F..N72R,042700_F..N72R,FX,0,1755760020,1FX 0707 STL/179,1755779586,1755779596,1162,0,0
1755760140_D..N08X009,042900_D..N08X009,D,0,1755760140,1D 0709 25A/205,1755780547,1755780558,1274,0,0
1755760140_F..N78R,042900_F..N78R,F,0,1755760140,1F 0709 AVX/179,1755779807,1755779811,1175,0,0
1755760140_F..S73R,042900_F..S73R,F,1,1755760140,1F 0709 179/KHY,1755779582,1755779586,1145,0,0
1755760170_D..N07R,042950_D..N07R,D,0,1755760170,1D 0709+ STL/205,1755780907,1755780918,1318,0,0
1755760200_D..S14R,043000_D..S14R,D,1,1755760200,1D 0710 BPK/STL,1755780167,1755780172,776,0,0
1755760230_M..S20R,043050_M..S20R,M,1,1755760230,1M 0710+ CTL/MET,1755778775,1755778786,1027,0,0
1755760260_FS.N01R,043100_FS.N01R,FS,0,1755760260,1FS 0711 PPK/FKN,1755775632,1755775637,603,0,0
1755760290_FS.S01R,043150_FS.S01R,FS,1,1755760290,1FS 0711+ FKN/PPK,1755775632,1755775637,601,0,0
1755760350_M..N20R,043250_M..N20R,M,0,1755760350,1M 0712+ MET/CTL,1755778850,1755778861,1021,0,0
1755760380_F..S74R,043300_F..S74R,F,1,1755760380,1F 0713 179/STL,1755780727,1755780738,1266,0,0
1755760440_B..N65R,043400_B..N65R,B,0,1755760440,1B 0714 BBC/BPK,1755780607,1755780618,1242,0,0
1755760440_B..S65R,043400_B..S65R,B,1,1755760440,1B 0714 BPK/BBC,1755781298,1755781308,1334,0,0
1755760590_F..N78R,043650_F..N78R,F,0,1755760590,1F 0716+ AVX/179,1755780277,1755780287,1178,0,0
1755760620_F..N74R,043700_F..N74R,F,0,1755760620,1F 0717 STL/179,1755780877,1755780888,1254,0,0
1755760620_F..S73R,043700_F..S73R,F,1,1755760620,1F 0717 179/KHY,1755780243,1755780247,1169,0,0
1755760680_M..S20R,043800_M..S20R,M,1,1755760680,1M 0718 CTL/MET,1755779796,1755779807,1102,0,0
1755760770_D..S14R,043950_D..S14R,D,1,1755760770,1D 0719+ BPK/STL,1755780407,1755780412,731,0,0
1755760860_B..N65R,044100_B..N65R,B,0,1755760860,1B 0721 BBC/BPK,1755780937,1755780948,1230,0,0
1755760860_F..S74R,044100_F..S74R,F,1,1755760860,1F 0721 179/STL,1755781128,1755781132,1255,0,0
1755760860_FS.N01R,044100_FS.N01R,FS,0,1755760860,1FS 0721 PPK/FKN,1755775693,1755775697,535,0,0
1755760890_FS.S01R,044150_FS.S01R,FS,1,1755760890,1FS 0721+ FKN/PPK,1755775693,1755775697,531,0,0
1755760920_D..N07R,044200_D..N07R,D,0,1755760920,1D 0722 STL/205,1755781969,1755781973,1351,0,0
1755760950_D..N08X009,044250_D..N08X009,D,0,1755760950,1D 0722+ 25A/205,1755781237,1755781248,1258,0,0
1755760980_M..N20R,044300_M..N20R,M,0,1755760980,1M 0723 MET/CTL,1755779466,1755779476,1018,0,0
1755761010_F..N74R,044350_F..N74R,F,0,1755761010,1F 0723+ STL/179,1755781583,1755781594,1294,0,0
1755761040_B..S65R,044400_B..S65R,B,1,1755761040,1B 0724 BPK/BBC,1755782184,1755782194,1364,0,0
1755761040_D..S14R,044400_D..S14R,D,1,1755761040,1D 0724 205/STL,1755775457,1755775467,480,0,0
1755761100_F..S73R,044500_F..S73R,F,1,1755761100,1F 0725 179/KHY,1755780577,1755780588,1150,0,0
1755761130_M..S20R,044550_M..S20R,M,1,1755761130,1M 0725+ CTL/MET,1755779946,1755779957,1062,0,0
1755761250_B..N65R,044750_B..N65R,B,0,1755761250,1B 0727+ BBC/BPK,1755781388,1755781398,1238,0,0
1755761310_F..N72R,044850_F..N72R,FX,0,1755761310,1FX 0728+ STL/179,1755781163,1755781173,1200,0,0
1755761340_D..S14R,044900_D..S14R,D,1,1755761340,1D 0729 BPK/STL,1755781388,1755781398,786,0,0
1755761340_F..S74R,044900_F..S74R,F,1,1755761340,1F 0729 179/STL,1755781673,1755781688,1262,0,0
1755761460_FS.N01R,045100_FS.N01R,FS,0,1755761460,1FS 0731 PPK/FKN,1755776808,1755776819,605,0,0
1755761460_M..N20R,045100_M..N20R,M,0,1755761460,1M 0731 MET/CTL,1755780066,1755780077,1036,0,0
1755761490_FS.S01R,045150_FS.S01R,FS,1,1755761490,1FS 0731+ FKN/PPK,1755776808,1755776819,601,0,0
1755761520_M..S20R,045200_M..S20R,M,1,1755761520,1M 0732 CTL/MET,1755780081,1755780092,1030,0,0
1755761580_F..S73R,045300_F..S73R,F,1,1755761580,1F 0733 179/KHY,1755780967,1755780978,1140,0,0
1755761610_B..N65R,045350_B..N65R,B,0,1755761610,1B 0733+ BBC/BPK,1755781583,1755781594,1216,0,0
1755761610_B..S65R,045350_B..S65R,B,1,1755761610,1B 0733+ BPK/BBC,1755782168,1755782179,1288,0,0
1755761610_D..N07R,045350_D..N07R,D,0,1755761610,1D 0733+ STL/205,1755782149,1755782153,1285,0,0
1755761610_D..S14R,045350_D..S14R,D,1,1755761610,1D 0733+ 205/STL,1755781718,1755781733,1232,0,0
1755761670_F..N74R,045450_F..N74R,F,0,1755761670,1F 0734+ STL/179,1755782153,1755782164,1278,0,0
1755761760_F..N78R,045600_F..N78R,F,0,1755761760,1F 0736 AVX/179,1755782048,1755782059,1252,0,0
1755761820_F..S74R,045700_F..S74R,F,1,1755761820,1F 0737 179/STL,1755782048,1755782059,1244,0,0
1755761820_M..S20R,045700_M..S20R,M,1,1755761820,1M 0737 CTL/MET,1755780442,1755780453,1038,0,0
1755761970_B..N65R,045950_B..N65R,B,0,1755761970,1B 0739+ BBC/BPK,1755782349,1755782359,1264,0,0
1755762060_F..S74R,046100_F..S74R,F,1,1755762060,1F 0741 179/STL,1755782389,1755782394,1257,0,0
1755762060_FS.N01R,046100_FS.N01R,FS,0,1755762060,1FS 0741 PPK/FKN,1755777934,1755777945,673,0,0
1755762060_M..N20R,046100_M..N20R,M,0,1755762060,1M 0741 MET/CTL,1755780922,1755780933,1070,0,0
1755762090_FS.S01R,046150_FS.S01R,FS,1,1755762090,1FS 0741+ FKN/PPK,1755777934,1755777945,669,0,0
1755762180_D..S14R,046300_D..S14R,D,1,1755762180,1D 0743 205/STL,1755776593,1755776598,480,0,0
1755762180_M..S20R,046300_M..S20R,M,1,1755762180,1M 0743 CTL/MET,1755781068,1755781073,1073,0,0
1755762210_B..S65R,046350_B..S65R,B,1,1755762210,1B 0743+ BPK/BBC,1755782469,1755782479,1248,1,1
1755762210_F..N74R,046350_F..N74R,F,0,1755762210,1F 0743+ STL/179,1755782484,1755782494,1250,0,0
1755762300_F..S73R,046500_F..S73R,F,1,1755762300,1F 0745 179/KHY,1755781643,1755781654,1131,0,0
1755762360_B..N65R,046600_B..N65R,B,0,1755762360,1B 0746 BBC/BPK,1755782735,1755782739,1263,0,0
1755762360_D..N07R,046600_D..N07R,D,0,1755762360,1D 0746 STL/205,1755783295,1755783305,1338,0,0
1755762420_D..N08X009,046700_D..N08X009,D,0,1755762420,1D 0747 25A/205,1755782784,1755782795,1262,0,0
1755762480_M..N20R,046800_M..N20R,M,0,1755762480,1M 0748 MET/CTL,1755781373,1755781384,1074,0,0
1755762510_D..S14R,046850_D..S14R,D,1,1755762510,1D 0748+ BPK/STL,1755782304,1755782314,750,1,1
1755762540_F..S74R,046900_F..S74R,F,1,1755762540,1F 0749 179/STL,1755782754,1755782765,1242,0,0
1755762570_F..N74R,046950_F..N74R,F,0,1755762570,1F 0749+ STL/179,1755782690,1755782694,1229,0,0
1755762660_FS.N01R,047100_FS.N01R,FS,0,1755762660,1FS 0751 PPK/FKN,1755777949,1755777960,595,0,0
1755762690_FS.S01R,047150_FS.S01R,FS,1,1755762690,1FS 0751+ FKN/PPK,1755777949,1755777960,591,0,0
1755762720_B..N60R,047200_B..N60R,B,0,1755762720,1B 0752 BBC/KGB,1755784236,1755784241,1415,0,0
1755762720_D..N07R,047200_D..N07R,D,0,1755762720,1D 0752 STL/205,1755783760,1755783771,1352,0,0
1755762750_M..S20R,047250_M..S20R,M,1,1755762750,1M 0752+ CTL/MET,1755781489,1755781493,1052,0,0
1755762780_F..S73R,047300_F..S73R,F,1,1755762780,1F 0753 179/KHY,1755782374,1755782379,1159,0,0
1755762780_M..N20R,047300_M..N20R,M,0,1755762780,1M 0753 MET/CTL,1755781733,1755781748,1077,0,0
1755762810_B..S65R,047350_B..S65R,B,1,1755762810,1B 0753+ BPK/BBC,1755783655,1755783666,1327,1,0
1755762930_F..N74R,047550_F..N74R,F,0,1755762930,1F 0755+ STL/179,1755782949,1755782960,1216,0,0
1755762990_D..S14R,047650_D..S14R,D,1,1755762990,1D 0756+ BPK/STL,1755783129,1755783140,797,1,1
1755763020_F..S74R,047700_F..S74R,F,1,1755763020,1F 0757 179/STL,1755783235,1755783245,1243,0,0
1755763050_D..N07R,047750_D..N07R,D,0,1755763050,1D 0757+ STL/205,1755783940,1755783951,1333,0,0
1755763080_B..N60R,047800_B..N60R,B,0,1755763080,1B 0758 BBC/KGB,1755784236,1755784241,1368,0,0
1755763170_D..S14R,047950_D..S14R,D,1,1755763170,1D 0759+ 205/STL,1755778655,1755778666,622,0,0
1755763200_F..N04R,048000_F..N04R,F,0,1755763200,1F 0800 CHU/179,1755782374,1755782379,1104,0,0
1755763260_F..S73R,048100_F..S73R,F,1,1755763260,1F 0801 179/KHY,1755782630,1755782634,1130,0,0
1755763260_FS.N01R,048100_FS.N01R,FS,0,1755763260,1FS 0801 PPK/FKN,1755779161,1755779165,676,0,0
1755763290_B..S65R,048150_B..S65R,B,1,1755763290,1B 0801+ BPK/BBC,1755788490,1755788501,1879,2,0
1755763290_FS.S01R,048150_FS.S01R,FS,1,1755763290,1FS 0801+ FKN/PPK,1755779151,1755779161,671,0,0
1755763380_M..N20R,048300_M..N20R,M,0,1755763380,1M 0803 MET/CTL,1755782033,1755782044,1035,0,0
1755763380_M..S20R,048300_M..S20R,M,1,1755763380,1M 0803 CTL/MET,1755782093,1755782104,984,0,0
1755763440_B..N65R,048400_B..N65R,B,0,1755763440,1B 0804 BBC/BPK,1755788640,1755788651,1879,0,0
1755763500_D..S14R,048500_D..S14R,D,1,1755763500,1D 0805 BPK/STL,1755783114,1755783125,585,0,0
1755763530_F..N74R,048550_F..N74R,F,0,1755763530,1F 0805+ STL/179,1755783475,1755783486,1207,0,0
1755763560_D..N07R,048600_D..N07R,D,0,1755763560,1D 0806 STL/205,1755784271,1755784281,1309,0,0
1755763620_F..S74R,048700_F..S74R,F,1,1755763620,1F 0807 179/STL,1755783670,1755783681,1003,0,0
1755763830_B..S65R,049050_B..S65R,B,1,1755763830,1B 0810+ BPK/BBC,1755783865,1755783876,1219,0,0
1755763830_D..S14R,049050_D..S14R,D,1,1755763830,1D 0810+ 205/STL,1755778681,1755778685,537,0,0
1755763860_FS.N01R,049100_FS.N01R,FS,0,1755763860,1FS 0811 PPK/FKN,1755779161,1755779165,597,0,0
1755763890_D..S78R,049150_D..S78R,D,1,1755763890,1D 0811+ BPK/STL,1755783745,1755783756,1195,0,0
1755763890_F..N73R,049150_F..N73R,F,0,1755763890,1F 0811+ KHY/179,1755783095,1755783099,1108,0,0
1755763890_M..N20R,049150_M..N20R,M,0,1755763890,1M 0811+ MET/CTL,1755782329,1755782334,1006,0,0
1755763950_M..S20R,049250_M..S20R,M,1,1755763950,1M 0812+ CTL/MET,1755782379,1755782389,1005,0,0
1755763980_F..S74R,049300_F..S74R,F,1,1755763980,1F 0813 179/STL,1755784356,1755784361,1264,0,0
1755763986_B..N60R,049310_B..N60R,B,0,1755763986,1B 0813 BBC/KGB,1755784236,1755784241,836,0,0
1755764070_D..N07R,049450_D..N07R,D,0,1755764070,1D 0814+ STL/205,1755784601,1755784612,1285,0,0
1755764160_D..S14R,049600_D..S14R,D,1,1755764160,1D 0816 BPK/STL,1755784541,1755784552,772,0,0
1755764250_F..N74R,049750_F..N74R,F,0,1755764250,1F 0817+ STL/179,1755784181,1755784191,1205,0,0
1755764250_M..N20R,049750_M..N20R,M,0,1755764250,1M 0817+ MET/CTL,1755782694,1755782705,1007,0,0
1755764340_B..S65R,049900_B..S65R,B,1,1755764340,1B 0819 BPK/BBC,1755785618,1755785622,1384,0,0
1755764400_F..S74R,050000_F..S74R,F,1,1755764400,1F 0820 179/STL,1755784837,1755784841,1155,0,0
1755764460_FS.N01R,050100_FS.N01R,FS,0,1755764460,1FS 0821 PPK/FKN,1755780217,1755780227,657,0,0
1755764490_F..N73R,050150_F..N73R,F,0,1755764490,1F 0821+ KHY/179,1755783850,1755783861,1129,0,0
1755764490_FS.S01R,050150_FS.S01R,FS,1,1755764490,1FS 0821+ FKN/PPK,1755780217,1755780227,653,0,0
1755764532_B..N66R,050220_B..N66R,B,0,1755764532,1B 0822 BBC/145,1755783310,1755783320,713,1,0
1755764550_M..S20R,050250_M..S20R,M,1,1755764550,1M 0822+ CTL/MET,1755783295,1755783305,1047,0,0
1755764580_D..N07R,050300_D..N07R,D,0,1755764580,1D 0823 STL/205,1755784991,1755785002,1269,0,0
1755764580_M..N20R,050300_M..N20R,M,0,1755764580,1M 0823 MET/CTL,1755783215,1755783220,1032,0,0
1755764670_D..S14R,050450_D..S14R,D,1,1755764670,1D 0824+ BPK/STL,1755784991,1755785002,811,0,0
1755764790_F..S73R,050650_F..S73R,F,1,1755764790,1F 0826+ 179/KHY,1755784416,1755784421,1164,0,0
1755764850_F..N74R,050750_F..N74R,F,0,1755764850,1F 0827+ STL/179,1755784691,1755784702,1193,0,0
1755764850_M..N20R,050750_M..N20R,M,0,1755764850,1M 0827+ MET/CTL,1755783516,1755783520,1036,0,0
1755764880_D..S14R,050800_D..S14R,D,1,1755764880,1D 0828 205/STL,1755779361,1755779371,487,0,0
1755765060_FS.N01R,051100_FS.N01R,FS,0,1755765060,1FS 0831 PPK/FKN,1755780227,1755780231,578,0,0
1755765120_D..N07R,051200_D..N07R,D,0,1755765120,1D 0832 STL/205,1755785622,1755785633,1281,0,0
1755765120_F..S74R,051200_F..S74R,F,1,1755765120,1F 0832 179/STL,1755785021,1755785032,1201,0,0
1755765150_M..S20R,051250_M..S20R,M,1,1755765150,1M 0832+ CTL/MET,1755783715,1755783726,1023,0,0
1755765210_D..S14R,051350_D..S14R,D,1,1755765210,1D 0833+ BPK/STL,1755785111,1755785122,758,0,0
1755765240_D..S14R,051400_D..S14R,D,1,1755765240,1D 0834 205/STL,1755780066,1755780077,533,0,0
1755765270_M..N20R,051450_M..N20R,M,0,1755765270,1M 0834+ MET/CTL,1755784736,1755784747,1143,0,0
1755765450_F..S04R,051750_F..S04R,F,1,1755765450,1F 0837+ 179/CHU,1755784271,1755784281,1057,0,0
1755765510_F..N74R,051850_F..N74R,F,0,1755765510,1F 0838+ STL/179,1755785713,1755785724,1241,0,0
1755765570_D..S14R,051950_D..S14R,D,1,1755765570,1D 0839+ BPK/STL,1755785809,1755785949,753,1,0
1755765600_D..N07R,052000_D..N07R,D,0,1755765600,1D 0840 STL/205,1755785809,1755785949,1238,0,0
1755765660_F..N73R,052100_F..N73R,F,0,1755765660,1F 0841 KHY/179,1755785242,1755785247,1159,0,0
1755765660_FS.N01R,052100_FS.N01R,FS,0,1755765660,1FS 0841 PPK/FKN,1755780547,1755780558,542,0,0
1755765690_FS.S01R,052150_FS.S01R,FS,1,1755765690,1FS 0841+ FKN/PPK,1755780543,1755780547,537,0,0
1755765690_M..N20R,052150_M..N20R,M,0,1755765690,1M 0841+ MET/CTL,1755784901,1755784912,1110,0,0
1755765690_M..S20R,052150_M..S20R,M,1,1755765690,1M 0841+ CTL/MET,1755783970,1755783981,986,0,0
1755765720_B..S65X004,052200_B..S65X004,B,1,1755765720,1B 0842 BPK/KHY,1755790918,1755790923,1879,1,0
1755765780_F..S74R,052300_F..S74R,F,1,1755765780,1F 0843 179/STL,1755785767,1755785793,1212,0,0
1755766020_D..S14R,052700_D..S14R,D,1,1755766020,1D 0847 BPK/STL,1755785809,1755785949,754,0,0
1755766110_D..N07R,052850_D..N07R,D,0,1755766110,1D 0848+ STL/205,1755786343,1755786353,1223,0,0
1755766110_D..S14R,052850_D..S14R,D,1,1755766110,1D 0848+ 205/STL,1755780648,1755780652,495,0,0
1755766110_F..N74R,052850_F..N74R,F,0,1755766110,1F 0848+ STL/179,1755786098,1755786103,1190,0,0
1755766110_M..N20R,052850_M..N20R,M,0,1755766110,1M 0848+ MET/CTL,1755785382,1755785392,1118,0,0
1755766140_F..S73R,052900_F..S73R,F,1,1755766140,1F 0849 179/KHY,1755785302,1755785307,1103,0,0
1755766200_B..S65X004,053000_B..S65X004,B,1,1755766200,1B 0850 BPK/KHY,1755785799,1755785809,1160,0,0
1755766260_FS.N01R,053100_FS.N01R,FS,0,1755766260,1FS 0851 PPK/FKN,1755782814,1755782825,758,0,0
1755766290_FS.S01R,053150_FS.S01R,FS,1,1755766290,1FS 0851+ FKN/PPK,1755782810,1755782814,753,0,0
1755766290_M..S20R,053150_M..S20R,M,1,1755766290,1M 0851+ CTL/MET,1755784717,1755784721,1007,0,0
1755766440_D..S14R,053400_D..S14R,D,1,1755766440,1D 0854 BPK/STL,1755786103,1755786113,696,0,0
1755766440_F..N73R,053400_F..N73R,F,0,1755766440,1F 0854 KHY/179,1755786004,1755786016,1136,0,0
1755766440_F..S04R,053400_F..S04R,F,1,1755766440,1F 0854 179/CHU,1755785141,1755785152,1044,0,0
1755766500_D..N,053500_D..N,D,0,1755766500,=D 0925 364/BPK,1755791699,1755791704,1105,1,0
1755766500_D..S14R,053500_D..S14R,D,1,1755766500,1D 0855 205/STL,1755781192,1755781204,518,0,0
1755766500_N..N,053500_N..N,N,0,1755766500,EN 0855 STL/364,1755791699,1755791704,1251,1,0
1755766530_B..S,053550_B..S,B,1,1755766530,EB 0855+ BBC/STL,1755791733,1755791744,1392,1,1
1755766590_F..N74R,053650_F..N74R,F,0,1755766590,1F 0856+ STL/179,1755786643,1755786654,1199,0,0
1755766590_M..N20R,053650_M..N20R,M,0,1755766590,1M 0856+ MET/CTL,1755785517,1755785528,1074,0,0
1755766620_B..S65X004,053700_B..S65X004,B,1,1755766620,1B 0857 BPK/KHY,1755791819,1755791824,1875,0,0
1755766620_D..N07R,053700_D..N07R,D,0,1755766620,1D 0857 STL/205,1755786989,1755786999,1238,0,0
1755766680_D..S07R,053800_D..S07R,D,1,1755766680,1D 0858 205/STL,1755781188,1755781192,493,0,0
1755766770_F..S74R,053950_F..S74R,F,1,1755766770,1F 0859+ 179/STL,1755786899,1755786909,1206,0,0
1755766770_M..S20R,053950_M..S20R,M,1,1755766770,1M 0859+ CTL/MET,1755785352,1755785362,1028,0,0
1755766830_D..S14R,054050_D..S14R,D,1,1755766830,1D 0900+ BPK/STL,1755787063,1755787074,746,0,0
1755766860_FS.N01R,054100_FS.N01R,FS,0,1755766860,1FS 0901 PPK/FKN,1755782814,1755782825,678,0,0
1755766890_FS.S01R,054150_FS.S01R,FS,1,1755766890,1FS 0901+ FKN/PPK,1755782814,1755782825,674,0,0
1755767010_D..S07R,054350_D..S07R,D,1,1755767010,1D 0903+ BPK/STL,1755787199,1755787209,1214,0,0
1755767040_F..N74R,054400_F..N74R,F,0,1755767040,1F 0904 STL/179,1755786984,1755786989,1174,0,0
1755767070_M..N20R,054450_M..N20R,M,0,1755767070,1M 0904+ MET/CTL,1755786073,1755786083,1061,0,0
1755767100_B..N66R,054500_B..N66R,B,0,1755767100,1B 0905 BBC/145,1755785637,1755785648,1023,0,0
1755767100_F..S73R,054500_F..S73R,F,1,1755767100,1F 0905 179/KHY,1755786313,1755786323,1089,0,0
1755767190_B..S65X004,054650_B..S65X004,B,1,1755767190,1B 0906+ BPK/KHY,1755786493,1755786504,1102,0,0
1755767220_D..N07R,054700_D..N07R,D,0,1755767220,1D 0907 STL/205,1755787619,1755787630,1243,0,0
1755767250_M..S20R,054750_M..S20R,M,1,1755767250,1M 0907+ CTL/MET,1755785809,1755785949,1021,0,0
1755767340_D..S07R,054900_D..S07R,D,1,1755767340,1D 0909 BPK/STL,1755787409,1755787420,740,0,0
1755767430_F..S04R,055050_F..S04R,F,1,1755767430,1F 0910+ 179/CHU,1755785809,1755785949,998,0,0
1755767460_F..N74R,055100_F..N74R,F,0,1755767460,1F 0911 STL/179,1755787634,1755787645,1213,0,0
1755767550_B..N65R,055250_B..N65R,B,0,1755767550,1B 0912+ BBC/BPK,1755787164,1755787169,1138,0,0
1755767550_M..N20R,055250_M..N20R,M,0,1755767550,1M 0912+ MET/CTL,1755786343,1755786353,1033,0,0
1755767610_D..S07R,055350_D..S07R,D,1,1755767610,1D 0913+ 205/STL,1755782274,1755782284,300,0,0
1755767700_M..S20R,055500_M..S20R,M,1,1755767700,1M 0915 CTL/MET,1755786298,1755786308,1007,0,0
1755767760_B..N,055600_B..N,B,0,1755767760,EB 0916 BBC/BPK,1755788100,1755788110,796,0,0
1755767760_F..N74X001,055600_F..N74X001,F,0,1755767760,1F 0916 STL/179,1755788351,1755788355,1268,0,0
1755767760_F..S74R,055600_F..S74R,F,1,1755767760,1F 0916 179/STL,1755787885,1755787890,1206,0,0
1755767790_D..N07R,055650_D..N07R,D,0,1755767790,1D 0916+ STL/205,1755788325,1755788336,1261,0,0
1755767940_D..S07R,055900_D..S07R,D,1,1755767940,1D 0919 BPK/STL,1755788426,1755788430,791,0,0
1755768030_B..N66R,056050_B..N66R,B,0,1755768030,1B 0920+ BBC/145,1755787063,1755787074,1061,1,0
1755768090_F..S04R,056150_F..S04R,F,1,1755768090,1F 0921+ 179/CHU,1755786579,1755786583,993,0,0
1755768120_F..N74X001,056200_F..N74X001,F,0,1755768120,1F 0922 STL/179,1755788366,1755788370,1222,0,0
1755768180_M..S20R,056300_M..S20R,M,1,1755768180,1M 0923 CTL/MET,1755786884,1755786894,1017,0,0
1755768210_B..S65X004,056350_B..S65X004,B,1,1755768210,1B 0923+ BPK/KHY,1755787544,1755787555,1101,0,0
1755768210_D..S07R,056350_D..S07R,D,1,1755768210,1D 0923+ 205/STL,1755782724,1755782735,487,0,0
1755768270_M..N20R,056450_M..N20R,M,0,1755768270,1M 0924+ MET/CTL,1755787319,1755787330,1063,0,0
1755768390_D..N07R,056650_D..N07R,D,0,1755768390,1D 0926+ STL/205,1755788565,1755788576,1213,0,0
1755768420_F..S73R,056700_F..S73R,F,1,1755768420,1F 0927 179/KHY,1755788110,1755788115,1148,0,0
1755768540_D..S07R,056900_D..S07R,D,1,1755768540,1D 0929 BPK/STL,1755788546,1755788550,747,0,0
1755768540_F..N74X001,056900_F..N74X001,F,0,1755768540,1F 0929 STL/179,1755788685,1755788696,1210,0,0
1755768630_D..S07R,057050_D..S07R,D,1,1755768630,1D 0930+ 205/STL,1755783114,1755783125,484,0,0
1755768660_FS.N01R,057100_FS.N01R,FS,0,1755768660,1FS 0931 PPK/FKN,1755784901,1755784912,718,0,0
1755768690_FS.S01R,057150_FS.S01R,FS,1,1755768690,1FS 0931+ FKN/PPK,1755784897,1755784901,713,0,0
1755768690_M..S20R,057150_M..S20R,M,1,1755768690,1M 0931+ CTL/MET,1755787244,1755787254,998,0,0
1755768750_F..S74R,057250_F..S74R,F,1,1755768750,1F 0932+ 179/STL,1755788985,1755788996,1222,0,0
1755768930_D..N07R,057550_D..N07R,D,0,1755768930,1D 0935+ STL/205,1755789646,1755789657,1286,0,0
1755768960_D..S07R,057600_D..S07R,D,1,1755768960,1D 0936 BPK/STL,1755789086,1755789091,767,0,0
1755768990_B..N66R,057650_B..N66R,B,0,1755768990,1B 0936+ BBC/BPK,1755788580,1755788591,1136,1,0
1755768990_M..N20R,057650_M..N20R,M,0,1755768990,1M 0936+ MET/CTL,1755787465,1755787469,987,0,0
1755769020_F..N74X001,057700_F..N74X001,F,0,1755769020,1F 0937 STL/179,1755789091,1755789101,1200,0,0
1755769080_F..S04R,057800_F..S04R,F,1,1755769080,1F 0938 179/CHU,1755787859,1755787870,1028,0,0
1755769110_M..S20R,057850_M..S20R,M,1,1755769110,1M 0938+ CTL/MET,1755787724,1755787735,1006,0,0
1755769170_D..S07R,057950_D..S07R,D,1,1755769170,1D 0939+ 205/STL,1755783820,1755783831,506,0,0
1755769260_FS.N01R,058100_FS.N01R,FS,0,1755769260,1FS 0941 PPK/FKN,1755784901,1755784912,638,0,0
1755769290_FS.S01R,058150_FS.S01R,FS,1,1755769290,1FS 0941+ FKN/PPK,1755784901,1755784912,634,0,0
1755769410_F..S74R,058350_F..S74R,F,1,1755769410,1F 0943+ 179/STL,1755789796,1755789807,1242,0,0
1755769440_B..N,058400_B..N,B,0,1755769440,EB 0944 BBC/145,1755788160,1755788170,564,0,0
1755769470_M..N20R,058450_M..N20R,M,0,1755769470,1M 0944+ MET/CTL,1755788065,1755788070,1003,0,0
1755769500_D..S07R,058500_D..S07R,D,1,1755769500,1D 0945 BPK/STL,1755789792,1755789796,767,0,0
1755769590_D..S07R,058650_D..S07R,D,1,1755769590,1D 0946+ 205/STL,1755784116,1755784121,489,0,0
1755769620_D..N07R,058700_D..N07R,D,0,1755769620,1D 0947 STL/205,1755789972,1755789976,809,0,0
1755769650_B..S65X004,058750_B..S65X004,B,1,1755769650,1B 0947+ BPK/KHY,1755794376,1755794387,1465,0,0
1755769650_M..S20R,058750_M..S20R,M,1,1755769650,1M 0947+ CTL/MET,1755788220,1755788231,1000,0,0
1755769710_F..N74X001,058850_F..N74X001,F,0,1755769710,1F 0948+ STL/179,1755789916,1755789927,1106,0,0
1755769740_B..S66X004,058900_B..S66X004,B,1,1755769740,1B 0949 145/KHY,1755794932,1755794943,1877,0,0
1755769770_F..S04R,058950_F..S04R,F,1,1755769770,1F 0949+ 179/CHU,1755788666,1755788670,1043,0,0
1755769860_FS.N01R,059100_FS.N01R,FS,0,1755769860,1FS 0951 PPK/FKN,1755784976,1755784987,568,0,0
1755769920_D..S07R,059200_D..S07R,D,1,1755769920,1D 0952 BPK/STL,1755789946,1755789957,749,0,0
1755770100_B..N,059500_B..N,B,0,1755770100,EB 0955 BBC/145,1755788625,1755788636,493,0,0
1755770130_D..S07R,059550_D..S07R,D,1,1755770130,1D 0955+ 205/STL,1755784556,1755784567,476,0,0
1755770130_F..S74R,059550_F..S74R,F,1,1755770130,1F 0955+ 179/STL,1755790393,1755790397,1225,0,0
1755770130_M..S20R,059550_M..S20R,M,1,1755770130,1M 0955+ CTL/MET,1755788685,1755788696,998,0,0
1755770160_M..N20R,059600_M..N20R,M,0,1755770160,1M 0956 MET/CTL,1755788771,1755788775,1005,0,0
1755770310_D..N07R,059850_D..N07R,D,0,1755770310,1D 0958+ STL/205,1755790637,1755790648,1216,0,0
1755770370_F..N74X001,059950_F..N74X001,F,0,1755770370,1F 0959+ STL/179,1755791159,1755791164,1295,0,0
1755770430_B..N,060050_B..N,B,0,1755770430,EB 1000+ BBC/BPK,1755790157,1755790167,678,1,1
1755770460_D..S07R,060100_D..S07R,D,1,1755770460,1D 1001 BPK/STL,1755790577,1755790588,774,0,0
1755770460_FS.N01R,060100_FS.N01R,FS,0,1755770460,1FS 1001 PPK/FKN,1755786103,1755786113,615,0,0
1755770490_F..S04R,060150_F..S04R,F,1,1755770490,1F 1001+ 179/CHU,1755790427,1755790438,1180,0,0
1755770490_FS.S01R,060150_FS.S01R,FS,1,1755770490,1FS 1001+ FKN/PPK,1755786103,1755786113,611,0,0
1755770580_D..S07R,060300_D..S07R,D,1,1755770580,1D 1003 205/STL,1755785257,1755785262,509,0,0
1755770580_M..S20R,060300_M..S20R,M,1,1755770580,1M 1003 CTL/MET,1755789146,1755789151,999,0,0
1755770700_D..N07R,060500_D..N07R,D,0,1755770700,1D 1005 STL/205,1755790818,1755790828,1189,0,0
1755770700_F..N73X001,060500_F..N73X001,F,0,1755770700,1F 1005 KHY/179,1755791159,1755791164,1252,0,0
1755770850_F..S74R,060750_F..S74R,F,1,1755770850,1F 1007+ 179/STL,1755791088,1755791099,1225,0,0
1755770850_M..N20R,060750_M..N20R,M,0,1755770850,1M 1007+ MET/CTL,1755789226,1755789236,977,0,0
1755770910_B..N65X004,060850_B..N65X004,B,0,1755770910,1B 1008+ KHY/BPK,1755790607,1755790618,1151,0,0
1755770910_D..S07R,060850_D..S07R,D,1,1755770910,1D 1008+ BPK/STL,1755791298,1755791309,777,0,0
1755771000_B..N,061000_B..N,B,0,1755771000,EB 1010 BBC/BPK,1755786508,1755786519,138,0,0
1755771060_D..N07R,061100_D..N07R,D,0,1755771060,1D 1011 STL/205,1755791639,1755791644,1250,0,0
1755771060_D..S07R,061100_D..S07R,D,1,1755771060,1D 1011 205/STL,1755785767,1755785793,519,0,0
1755771060_FS.N01R,061100_FS.N01R,FS,0,1755771060,1FS 1011 PPK/FKN,1755786118,1755786128,544,0,0
1755771090_FS.S01R,061150_FS.S01R,FS,1,1755771090,1FS 1011+ FKN/PPK,1755786103,1755786113,539,0,0
1755771090_M..S20R,061150_M..S20R,M,1,1755771090,1M 1011+ CTL/MET,1755789792,1755789796,1025,0,0
1755771120_B..S65X004,061200_B..S65X004,B,1,1755771120,1B 1012 BPK/KHY,1755796313,1755796328,1871,0,0
1755771180_B..S66X004,061300_B..S66X004,B,1,1755771180,1B 1013 145/KHY,1755795893,1755795904,1324,1,1
1755771180_F..N74X001,061300_F..N74X001,F,0,1755771180,1F 1013 STL/179,1755791178,1755791189,1198,0,0
1755771210_F..S74R,061350_F..S74R,F,1,1755771210,1F 1013+ 179/STL,1755792014,1755792019,1299,0,0
1755771330_M..N20R,061550_M..N20R,M,0,1755771330,1M 1015+ MET/CTL,1755790127,1755790137,1038,0,0
1755771360_B..N,061600_B..N,B,0,1755771360,1B 1016 BBC/BPK,1755791399,1755791403,599,0,0
1755771390_B..N66X004,061650_B..N66X004,B,0,1755771390,1B 1016+ KHY/145,1755789706,1755789717,889,0,0
1755771390_D..S07R,061650_D..S07R,D,1,1755771390,1D 1016+ BPK/STL,1755791808,1755791819,772,0,0
1755771420_D..N07R,061700_D..N07R,D,0,1755771420,1D 1017 STL/205,1755792154,1755792165,1272,0,0
1755771540_D..S07R,061900_D..S07R,D,1,1755771540,1D 1019 205/STL,1755786098,1755786103,478,0,0
1755771570_F..S04R,061950_F..S04R,F,1,1755771570,1F 1019+ 179/CHU,1755790397,1755790408,1042,0,0
1755771570_M..S20R,061950_M..S20R,M,1,1755771570,1M 1019+ CTL/MET,1755790127,1755790137,1006,0,0
1755771660_FS.N01R,062100_FS.N01R,FS,0,1755771660,1FS 1021 PPK/FKN,1755787284,1755787289,615,0,0
1755771690_FS.S01R,062150_FS.S01R,FS,1,1755771690,1FS 1021+ FKN/PPK,1755787284,1755787289,611,0,0
1755771810_B..N65X004,062350_B..N65X004,B,0,1755771810,1B 1023+ KHY/BPK,1755791388,1755791399,810,0,0
1755771810_M..N20R,062350_M..N20R,M,0,1755771810,1M 1023+ MET/CTL,1755790307,1755790318,998,0,0
1755771840_D..N07R,062400_D..N07R,D,0,1755771840,1D 1024 STL/205,1755792139,1755792150,1214,0,0
1755771870_D..S07R,062450_D..S07R,D,1,1755771870,1D 1024+ BPK/STL,1755791793,1755791804,748,0,0
1755771930_F..S74R,062550_F..S74R,F,1,1755771930,1F 1025+ 179/STL,1755792480,1755792484,1266,0,0
1755771930_M..S20R,062550_M..S20R,M,1,1755771930,1M 1025+ CTL/MET,1755790577,1755790588,1018,0,0
1755771960_D..S07R,062600_D..S07R,D,1,1755771960,1D 1026 205/STL,1755786504,1755786508,476,0,0
1755772080_F..N74X001,062800_F..N74X001,F,0,1755772080,1F 1028 STL/179,1755792469,1755792480,1245,0,0
1755772200_D..N07R,063000_D..N07R,D,0,1755772200,1D 1030 STL/205,1755792499,1755792510,1233,0,0
1755772200_F..N04R,063000_F..N04R,F,0,1755772200,1F 1030 CHU/179,1755791174,1755791178,1061,0,0
1755772260_FS.N01R,063100_FS.N01R,FS,0,1755772260,1FS 1031 PPK/FKN,1755787289,1755787300,536,0,0
1755772290_D..S07R,063150_D..S07R,D,1,1755772290,1D 1031+ BPK/STL,1755792300,1755792304,761,0,0
1755772290_F..S04R,063150_F..S04R,F,1,1755772290,1F 1031+ 179/CHU,1755791028,1755791038,1030,0,0
1755772290_FS.S01R,063150_FS.S01R,FS,1,1755772290,1FS 1031+ FKN/PPK,1755787284,1755787289,531,0,0
1755772290_M..N20R,063150_M..N20R,M,0,1755772290,1M 1031+ MET/CTL,1755790712,1755790723,988,0,0
1755772530_M..S20R,063550_M..S20R,M,1,1755772530,1M 1035+ CTL/MET,1755791088,1755791099,1006,0,0
1755772560_B..S65X004,063600_B..S65X004,B,1,1755772560,1B 1036 BPK/KHY,1755797274,1755797285,1782,0,0
1755772560_D..N07R,063600_D..N07R,D,0,1755772560,1D 1036 STL/205,1755792845,1755792855,1231,0,0
1755772620_B..S66X004,063700_B..S66X004,B,1,1755772620,1B 1037 145/KHY,1755797815,1755797826,1866,0,0
1755772650_F..S74R,063750_F..S74R,F,1,1755772650,1F 1037+ 179/STL,1755793205,1755793216,1260,0,0
1755772725_D..S07R,063875_D..S07R,D,1,1755772725,1D 1038+ 205/STL,1755787585,1755787589,513,0,0
1755772770_M..N20R,063950_M..N20R,M,0,1755772770,1M 1039+ MET/CTL,1755790892,1755790903,948,0,0
1755772800_B..N65X004,064000_B..N65X004,B,0,1755772800,1B 1040 KHY/BPK,1755792334,1755792345,1067,0,0
1755772860_FS.N01R,064100_FS.N01R,FS,0,1755772860,1FS 1041 PPK/FKN,1755793911,1755793922,1333,0,0
1755772890_FS.S01R,064150_FS.S01R,FS,1,1755772890,1FS 1041+ FKN/PPK,1755793896,1755793906,1327,0,0
1755772950_F..N74X001,064250_F..N74X001,F,0,1755772950,1F 1042+ STL/179,1755793355,1755793366,1247,0,0
1755772980_M..S20R,064300_M..S20R,M,1,1755772980,1M 1043 CTL/MET,1755791639,1755791644,1013,0,0
1755773010_D..N07R,064350_D..N07R,D,0,1755773010,1D 1043+ STL/205,1755793310,1755793321,1233,0,0
1755773010_F..S04R,064350_F..S04R,F,1,1755773010,1F 1043+ 179/CHU,1755791793,1755791804,1030,0,0
1755773055_D..S07R,064425_D..S07R,D,1,1755773055,1D 1044 BPK/STL,1755793321,1755793325,759,0,0
1755773100_F..N04R,064500_F..N04R,F,0,1755773100,1F 1045 CHU/179,1755791538,1755791553,986,0,0
1755773250_M..N20R,064750_M..N20R,M,0,1755773250,1M 1047+ MET/CTL,1755791819,1755791824,1001,0,0
1755773310_B..N66X004,064850_B..N66X004,B,0,1755773310,1B 1048+ KHY/145,1755791279,1755791284,855,0,0
1755773370_F..S74R,064950_F..S74R,F,1,1755773370,1F 1049+ 179/STL,1755793880,1755793891,1261,0,0
1755773400_D..N07R,065000_D..N07R,D,0,1755773400,1D 1050 STL/205,1755793715,1755793726,1235,0,0
1755773460_FS.N01R,065100_FS.N01R,FS,0,1755773460,1FS 1051 PPK/FKN,1755793911,1755793922,1253,0,0
1755773460_M..S20R,065100_M..S20R,M,1,1755773460,1M 1051 CTL/MET,1755792079,1755792089,1008,0,0
1755773490_D..S07R,065150_D..S07R,D,1,1755773490,1D 1051+ 205/STL,1755787705,1755787709,427,0,0
1755773490_FS.S01R,065150_FS.S01R,FS,1,1755773490,1FS 1051+ FKN/PPK,1755793911,1755793922,1249,0,0
1755773580_B..S66X004,065300_B..S66X004,B,1,1755773580,1B 1053 145/KHY,1755798776,1755798786,1866,0,0
1755773730_F..S04R,065550_F..S04R,F,1,1755773730,1F 1055+ 179/CHU,1755792499,1755792510,1029,0,0
1755773730_M..N20R,065550_M..N20R,M,0,1755773730,1M 1055+ MET/CTL,1755792154,1755792165,982,0,0
1755773760_B..N65X004,065600_B..N65X004,B,0,1755773760,1B 1056 KHY/145,1755792079,1755792089,898,0,0
1755773820_D..N07R,065700_D..N07R,D,0,1755773820,1D 1057 STL/205,1755794166,1755794177,1239,0,0
1755773820_D..S07R,065700_D..S07R,D,1,1755773820,1D 1057 BPK/STL,1755793880,1755793891,818,1,1
1755773910_F..N74X001,065850_F..N74X001,F,0,1755773910,1F 1058+ STL/179,1755794346,1755794357,1251,0,0
1755773910_M..S20R,065850_M..S20R,M,1,1755773910,1M 1058+ CTL/MET,1755792589,1755792600,1017,0,0
1755773970_F..N04R,065950_F..N04R,F,0,1755773970,1F 1059+ CHU/179,1755793145,1755793156,1083,0,0
1755774000_B..S65X004,066000_B..S65X004,B,1,1755774000,1B 1100 BPK/KHY,1755799196,1755799207,1866,0,0
1755774060_B..S,066100_B..S,B,1,1755774060,EB 1101 145/KHY,1755799256,1755799267,1597,1,0
1755774120_F..S74R,066200_F..S74R,F,1,1755774120,1F 1102 179/STL,1755794661,1755794672,1265,0,0
1755774180_B..N66X004,066300_B..N66X004,B,0,1755774180,1B 1103 KHY/145,1755792935,1755792945,1027,0,0
1755774210_M..N20R,066350_M..N20R,M,0,1755774210,1M 1103+ MET/CTL,1755792634,1755792645,983,0,0
1755774240_D..N07R,066400_D..N07R,D,0,1755774240,1D 1104 STL/205,1755794556,1755794567,1235,0,0
1755774300_D..S07R,066500_D..S07R,D,1,1755774300,1D 1105 BPK/STL,1755794523,1755794526,786,0,0
1755774390_D..S07R,066650_D..S07R,D,1,1755774390,1D 1106+ 205/STL,1755788850,1755788861,460,0,0
1755774450_M..S20R,066750_M..S20R,M,1,1755774450,1M 1107+ CTL/MET,1755793040,1755793050,1005,0,0
1755774510_F..S74R,066850_F..S74R,F,1,1755774510,1F 1108+ 179/STL,1755795228,1755795232,1288,0,0
1755774540_B..S66X004,066900_B..S66X004,B,1,1755774540,1B 1109 145/KHY,1755799736,1755799748,1866,0,0
1755774660_D..N07R,067100_D..N07R,D,0,1755774660,1D 1111 STL/205,1755795127,1755795138,1255,0,0
1755774690_M..N20R,067150_M..N20R,M,0,1755774690,1M 1111+ MET/CTL,1755793205,1755793216,995,0,0
1755774720_D..S07R,067200_D..S07R,D,1,1755774720,1D 1112 BPK/STL,1755794827,1755794837,791,0,0
1755774750_B..N65X004,067250_B..N65X004,B,0,1755774750,1B 1112+ KHY/BPK,1755794631,1755794642,1177,0,0
1755774780_F..N74X001,067300_F..N74X001,F,0,1755774780,1F 1113 STL/179,1755794823,1755794827,1198,0,0
1755774810_D..S07R,067350_D..S07R,D,1,1755774810,1D 1113+ 205/STL,1755789811,1755789822,532,0,0
1755774840_F..N04R,067400_F..N04R,F,0,1755774840,1F 1114 CHU/179,1755793715,1755793726,1043,0,0
1755774930_M..S20R,067550_M..S20R,M,1,1755774930,1M 1115+ CTL/MET,1755793580,1755793591,1013,0,0
1755774960_B..S65X004,067600_B..S65X004,B,1,1755774960,1B 1116 BPK/KHY,1755800157,1755800168,1867,0,0
1755775110_F..S04R,067850_F..S04R,F,1,1755775110,1F 1118+ 179/CHU,1755794042,1755794046,820,0,0
1755775140_D..S07R,067900_D..S07R,D,1,1755775140,1D 1119 BPK/STL,1755795502,1755795513,751,0,0
1755775170_M..N20R,067950_M..N20R,M,0,1755775170,1M 1119+ MET/CTL,1755793640,1755793651,1011,0,0
1755775200_D..N07R,068000_D..N07R,D,0,1755775200,1D 1120 STL/205,1755795187,1755795198,1214,0,0
1755775230_B..N66X004,068050_B..N66X004,B,0,1755775230,1B 1120+ KHY/145,1755793922,1755793926,941,0,0
1755775410_M..S20R,068350_M..S20R,M,1,1755775410,1M 1123+ CTL/MET,1755794016,1755794026,1030,0,0
1755775500_B..S66X004,068500_B..S66X004,B,1,1755775500,1B 1125 145/KHY,1755800697,1755800709,1885,0,0
1755775590_F..N74X001,068650_F..N74X001,F,0,1755775590,1F 1126+ STL/179,1755796433,1755796444,1310,0,0
1755775650_M..N20R,068750_M..N20R,M,0,1755775650,1M 1127+ MET/CTL,1755793982,1755793986,993,0,0
1755775680_B..N65X004,068800_B..N65X004,B,0,1755775680,1B 1128 KHY/BPK,1755796088,1755796103,1145,0,0
1755775710_D..S07R,068850_D..S07R,D,1,1755775710,1D 1128+ BPK/STL,1755795472,1755795483,751,0,0
1755775710_F..S74R,068850_F..S74R,F,1,1755775710,1F 1128+ 179/STL,1755795562,1755795573,1196,0,0
1755775740_D..N07R,068900_D..N07R,D,0,1755775740,1D 1129 STL/205,1755795712,1755795723,1211,0,0
1755775800_F..N04R,069000_F..N04R,F,0,1755775800,1F 1130 CHU/179,1755794706,1755794717,1070,0,0
1755775890_M..S20R,069150_M..S20R,M,1,1755775890,1M 1131+ CTL/MET,1755794627,1755794631,1050,0,0
1755775920_B..S65X004,069200_B..S65X004,B,1,1755775920,1B 1132 BPK/KHY,1755801118,1755801129,1864,0,0
1755776130_D..S07R,069550_D..S07R,D,1,1755776130,1D 1135+ 205/STL,1755790337,1755790348,454,0,0
1755776130_M..N20R,069550_M..N20R,M,0,1755776130,1M 1135+ MET/CTL,1755794642,1755794646,1022,0,0
1755776160_F..S04R,069600_F..S04R,F,1,1755776160,1F 1136 179/CHU,1755795187,1755795198,1091,0,0
1755776190_B..N66X004,069650_B..N66X004,B,0,1755776190,1B 1136+ KHY/BPK,1755795348,1755795352,953,1,0
1755776370_M..S20R,069950_M..S20R,M,1,1755776370,1M 1139+ CTL/MET,1755794977,1755794987,1035,0,0
1755776388_D..N07R,069980_D..N07R,D,0,1755776388,1D 1139+ STL/205,1755796553,1755796564,1016,0,0
1755776460_B..S66X004,070100_B..S66X004,B,1,1755776460,1B 1141 145/KHY,1755801658,1755801670,1857,0,0
1755776460_D..S07R,070100_D..S07R,D,1,1755776460,1D 1141 BPK/STL,1755796118,1755796129,761,0,0
1755776520_F..N74X001,070200_F..N74X001,F,0,1755776520,1F 1142 STL/179,1755796823,1755796834,1242,0,0
1755776580_F..N04R,070300_F..N04R,F,0,1755776580,1F 1143 CHU/179,1755795247,1755795258,1043,0,0
1755776610_M..N20R,070350_M..N20R,M,0,1755776610,1M 1143+ MET/CTL,1755795277,1755795288,1043,0,0
1755776670_B..N65X004,070450_B..N65X004,B,0,1755776670,1B 1144+ KHY/145,1755794927,1755794932,880,0,0
1755776730_F..S74R,070550_F..S74R,F,1,1755776730,1F 1145+ 179/STL,1755797094,1755797105,1250,0,0
1755776730_M..S20R,070550_M..S20R,M,1,1755776730,1M 1145+ CTL/MET,1755795648,1755795653,1076,0,0
1755776880_B..S65X004,070800_B..S65X004,B,1,1755776880,1B 1148 BPK/KHY,1755802079,1755802090,1857,0,0
1755777036_D..N07R,071061_D..N07R,D,0,1755777036,1D 1150+ STL/205,1755797154,1755797165,1096,0,0
1755777090_M..N20R,071150_M..N20R,M,0,1755777090,1M 1151+ MET/CTL,1755795708,1755795712,1035,0,0
1755777150_B..N66X004,071250_B..N66X004,B,0,1755777150,1B 1152+ KHY/145,1755802349,1755802360,1857,0,0
1755777180_F..N74X001,071300_F..N74X001,F,0,1755777180,1F 1153 STL/179,1755797409,1755797420,1232,0,0
1755777180_F..S74R,071300_F..S74R,F,1,1755777180,1F 1153 179/STL,1755797330,1755797334,1221,0,0
1755777210_D..S07R,071350_D..S07R,D,1,1755777210,1D 1153+ BPK/STL,1755797214,1755797225,764,0,0
1755777330_M..S20R,071550_M..S20R,M,1,1755777330,1M 1155+ CTL/MET,1755795968,1755795979,1037,0,0
1755777420_B..S66X004,071700_B..S66X004,B,1,1755777420,1B 1157 145/KHY,1755801745,1755801749,1741,0,0
1755777480_F..N04R,071800_F..N04R,F,0,1755777480,1F 1158 CHU/179,1755795953,1755795968,1016,0,0
1755777600_B..N65X004,072000_B..N65X004,B,0,1755777600,1B 1200 KHY/BPK,1755796823,1755796834,1027,0,0
1755777600_F..S04R,072000_F..S04R,F,1,1755777600,1F 1200 179/CHU,1755796178,1755796193,1025,0,0
1755777600_M..N20R,072000_M..N20R,M,0,1755777600,1M 1200 MET/CTL,1755796253,1755796268,1029,0,0
1755777660_D..S07R,072100_D..S07R,D,1,1755777660,1D 1201 BPK/STL,1755797214,1755797225,710,0,0
1755777660_FS.N01R,072100_FS.N01R,FS,0,1755777660,1FS 1201 PPK/FKN,1755797075,1755797079,974,0,0
1755777685_D..N07R,072143_D..N07R,D,0,1755777685,1D 1201 STL/205,1755798295,1755798306,1248,0,0
1755777810_D..S07R,072350_D..S07R,D,1,1755777810,1D 1203+ 205/STL,1755792274,1755792285,483,0,0
1755777810_M..S20R,072350_M..S20R,M,1,1755777810,1M 1203+ CTL/MET,1755796609,1755796613,1042,0,0
1755777840_B..S65X004,072400_B..S65X004,B,1,1755777840,1B 1204 BPK/KHY,1755801805,1755801809,1693,0,0
1755777930_F..N74X001,072550_F..N74X001,F,0,1755777930,1F 1205+ STL/179,1755797931,1755797935,1202,0,0
1755778020_F..S74R,072700_F..S74R,F,1,1755778020,1F 1207 179/STL,1755798490,1755798501,1265,0,0
1755778080_M..N20R,072800_M..N20R,M,0,1755778080,1M 1208 MET/CTL,1755796508,1755796519,993,0,0
1755778110_B..N66X004,072850_B..N66X004,B,0,1755778110,1B 1208+ KHY/145,1755796268,1755796279,855,3,0
1755778140_D..S07R,072900_D..S07R,D,1,1755778140,1D 1209 BPK/STL,1755798160,1755798171,768,0,0
1755778260_D..S07R,073100_D..S07R,D,1,1755778260,1D 1211 205/STL,1755792619,1755792630,470,0,0
1755778260_F..N04R,073100_F..N04R,F,0,1755778260,1F 1211 CHU/179,1755797244,1755797255,1067,0,0
1755778260_FS.N01R,073100_FS.N01R,FS,0,1755778260,1FS 1211 PPK/FKN,1755797090,1755797094,979,0,0
1755778290_FS.S01R,073150_FS.S01R,FS,1,1755778290,1FS 1211+ FKN/PPK,1755797090,1755797094,980,0,0
1755778320_M..S20R,073200_M..S20R,M,1,1755778320,1M 1212 CTL/MET,1755797015,1755797019,1028,0,0
1755778335_D..N07R,073225_D..N07R,D,0,1755778335,1D 1212 STL/205,1755798580,1755798591,1235,0,0
1755778380_B..S66X004,073300_B..S66X004,B,1,1755778380,1B 1213 145/KHY,1755801794,1755801805,1620,0,0
1755778440_F..S74R,073400_F..S74R,F,1,1755778440,1F 1214 179/STL,1755798997,1755799001,1276,0,0
1755778560_M..N20R,073600_M..N20R,M,0,1755778560,1M 1216 MET/CTL,1755797154,1755797165,1011,0,0
1755778590_B..N65X004,073650_B..N65X004,B,0,1755778590,1B 1216+ KHY/BPK,1755794627,1755794631,597,0,0
1755778590_D..S07R,073650_D..S07R,D,1,1755778590,1D 1216+ BPK/STL,1755798536,1755798546,771,0,0
1755778620_F..N74X001,073700_F..N74X001,F,0,1755778620,1F 1217 STL/179,1755798941,1755798952,1245,0,0
1755778770_B..S65X004,073950_B..S65X004,B,1,1755778770,1B 1219+ BPK/KHY,1755801865,1755801869,1577,0,0
1755778770_D..S07R,073950_D..S07R,D,1,1755778770,1D 1219+ 205/STL,1755793100,1755793110,466,0,0
1755778860_FS.N01R,074100_FS.N01R,FS,0,1755778860,1FS 1221 PPK/FKN,1755797094,1755797105,967,0,0
1755778890_F..S04R,074150_F..S04R,F,1,1755778890,1F 1221+ 179/CHU,1755797514,1755797525,1019,0,0
1755778920_M..S20R,074200_M..S20R,M,1,1755778920,1M 1222 CTL/MET,1755797435,1755797439,1004,0,0
1755778950_F..N04R,074250_F..N04R,F,0,1755778950,1F 1222+ CHU/179,1755797664,1755797675,1031,0,0
1755778983_D..N07R,074305_D..N07R,D,0,1755778983,1D 1223 STL/205,1755799211,1755799222,1232,0,0
1755779010_F..N74X001,074350_F..N74X001,F,0,1755779010,1F 1223+ STL/179,1755799076,1755799087,1211,0,0
1755779040_M..N20R,074400_M..N20R,M,0,1755779040,1M 1224 MET/CTL,1755797871,1755797875,1046,0,0
1755779070_B..N66X004,074450_B..N66X004,B,0,1755779070,1B 1224+ KHY/BPK,1755798055,1755798066,1030,1,0
1755779100_D..S07R,074500_D..S07R,D,1,1755779100,1D 1225 BPK/STL,1755799237,1755799241,798,0,0
1755779190_D..S07R,074650_D..S07R,D,1,1755779190,1D 1226+ 205/STL,1755793490,1755793501,462,0,0
1755779310_F..S74R,074850_F..S74R,F,1,1755779310,1F 1228+ 179/STL,1755799898,1755799902,1280,0,0
1755779370_B..S66X004,074950_B..S66X004,B,1,1755779370,1B 1229+ 145/KHY,1755804572,1755804583,1858,0,0
1755779520_D..S07R,075200_D..S07R,D,1,1755779520,1D 1232 BPK/STL,1755799226,1755799237,745,0,0
1755779520_M..N20R,075200_M..N20R,M,0,1755779520,1M 1232 MET/CTL,1755798205,1755798216,1027,0,0
1755779550_B..N65X004,075250_B..N65X004,B,0,1755779550,1B 1232+ KHY/BPK,1755799872,1755799883,1196,0,0
1755779580_D..S07R,075300_D..S07R,D,1,1755779580,1D 1233 205/STL,1755793941,1755793951,470,0,0
1755779631_D..N07R,075386_D..N07R,D,0,1755779631,1D 1233+ STL/205,1755799616,1755799628,1200,0,0
1755779700_F..N04R,075500_F..N04R,F,0,1755779700,1F 1235 CHU/179,1755798476,1755798486,1039,0,0
1755779730_M..S20R,075550_M..S20R,M,1,1755779730,1M 1235+ CTL/MET,1755798396,1755798400,1024,0,0
1755779790_F..S74R,075650_F..S74R,F,1,1755779790,1F 1236+ 179/STL,1755800442,1755800454,1289,0,0
1755779820_F..N74X001,075700_F..N74X001,F,0,1755779820,1F 1237 STL/179,1755799721,1755799733,1189,0,0
1755779910_D..S07R,075850_D..S07R,D,1,1755779910,1D 1238+ BPK/STL,1755799962,1755799973,783,0,0
1755780000_M..N20R,076000_M..N20R,M,0,1755780000,1M 1240 MET/CTL,1755798756,1755798760,1036,0,0
1755780030_B..N66X004,076050_B..N66X004,B,0,1755780030,1B 1240+ KHY/145,1755797916,1755797920,900,0,0
1755780030_D..S07R,076050_D..S07R,D,1,1755780030,1D 1240+ 205/STL,1755794346,1755794357,464,0,0
1755780090_FS.S01R,076150_FS.S01R,FS,1,1755780090,1FS 1241+ FKN/PPK,1755797109,1755797120,805,0,0
1755780210_M..S20R,076350_M..S20R,M,1,1755780210,1M 1243+ CTL/MET,1755798876,1755798881,1024,0,0
1755780240_F..S04R,076400_F..S04R,F,1,1755780240,1F 1244 179/CHU,1755798836,1755798847,1015,0,0
1755780280_D..N07R,076468_D..N07R,D,0,1755780280,1D 1244+ STL/205,1755800202,1755800213,1192,0,0
1755780300_B..S66X004,076500_B..S66X004,B,1,1755780300,1B 1245 145/KHY,1755801929,1755801940,1382,0,0
1755780360_D..S07R,076600_D..S07R,D,1,1755780360,1D 1246 BPK/STL,1755800423,1755800427,790,0,0
1755780480_B..N65X004,076800_B..N65X004,B,0,1755780480,1B 1248 KHY/BPK,1755799872,1755799883,1109,0,0
1755780480_M..N20R,076800_M..N20R,M,0,1755780480,1M 1248 MET/CTL,1755799511,1755799523,1073,0,0
1755780570_D..S07R,076950_D..S07R,D,1,1755780570,1D 1249+ 205/STL,1755795442,1755795453,539,0,0
1755780630_F..N74X001,077050_F..N74X001,F,0,1755780630,1F 1250+ STL/179,1755801445,1755801448,1276,0,0
1755780660_M..S20R,077100_M..S20R,M,1,1755780660,1M 1251 CTL/MET,1755799177,1755799181,1008,0,0
1755780690_B..S65X004,077150_B..S65X004,B,1,1755780690,1B 1251+ BPK/KHY,1755802049,1755802060,1350,0,0
1755780690_F..S74R,077150_F..S74R,F,1,1755780690,1F 1251+ 179/STL,1755801193,1755801204,1240,0,0
1755780810_F..N04R,077350_F..N04R,F,0,1755780810,1F 1253+ CHU/179,1755799466,1755799477,1029,0,0
1755780900_D..S07R,077500_D..S07R,D,1,1755780900,1D 1255 BPK/STL,1755800848,1755800863,689,0,0
1755780930_D..N07R,077550_D..N07R,D,0,1755780930,1D 1255+ STL/205,1755801043,1755801058,1198,0,0
1755780990_B..N66X004,077650_B..N66X004,B,0,1755780990,1B 1256+ KHY/145,1755798937,1755798941,909,0,0
1755780990_M..N20R,077650_M..N20R,M,0,1755780990,1M 1256+ MET/CTL,1755799646,1755799658,1029,0,0
1755781110_D..S07R,077850_D..S07R,D,1,1755781110,1D 1258+ 205/STL,1755795442,1755795453,472,0,0
1755781110_M..S20R,077850_M..S20R,M,1,1755781110,1M 1258+ CTL/MET,1755799857,1755799868,1041,0,0
1755781140_F..S74R,077900_F..S74R,F,1,1755781140,1F 1259 179/STL,1755801689,1755801700,1244,0,0
1755781260_B..S66X004,078100_B..S66X004,B,1,1755781260,1B 1301 145/KHY,1755801929,1755801940,1261,0,0
1755781440_D..S07R,078400_D..S07R,D,1,1755781440,1D 1304 BPK/STL,1755801373,1755801385,734,0,0
1755781440_F..N74X001,078400_F..N74X001,F,0,1755781440,1F 1304 STL/179,1755801328,1755801340,954,0,0
1755781470_B..N65X004,078450_B..N65X004,B,0,1755781470,1B 1304+ KHY/BPK,1755800352,1755800364,1060,1,0
1755781470_M..N20R,078450_M..N20R,M,0,1755781470,1M 1304+ MET/CTL,1755800003,1755800007,1012,0,0
1755781500_D..N07R,078500_D..N07R,D,0,1755781500,1D 1305 STL/205,1755801944,1755801955,1230,0,0
1755781560_M..S20R,078600_M..S20R,M,1,1755781560,1M 1306 CTL/MET,1755800277,1755800288,1036,0,0
1755781590_F..S04R,078650_F..S04R,F,1,1755781590,1F 1306+ 179/CHU,1755800172,1755800183,1018,0,0
1755781620_F..N04R,078700_F..N04R,F,0,1755781620,1F 1307 CHU/179,1755800562,1755800574,1066,0,0
1755781650_B..S65X004,078750_B..S65X004,B,1,1755781650,1B 1307+ BPK/KHY,1755802079,1755802090,1228,0,0
1755781650_D..S07R,078750_D..S07R,D,1,1755781650,1D 1307+ 205/STL,1755795949,1755795953,466,0,0
1755781950_B..N66X004,079250_B..N66X004,B,0,1755781950,1B 1312+ KHY/145,1755800292,1755800303,987,1,0
1755781950_M..N20R,079250_M..N20R,M,0,1755781950,1M 1312+ MET/CTL,1755800592,1755800608,1026,0,0
1755781980_D..N07R,079300_D..N07R,D,0,1755781980,1D 1313 STL/205,1755801944,1755801955,1166,0,0
1755781980_D..S07R,079300_D..S07R,D,1,1755781980,1D 1313 BPK/STL,1755801929,1755801940,742,0,0
1755782040_F..S74R,079400_F..S74R,F,1,1755782040,1F 1314 179/STL,1755802334,1755802345,1210,0,0
1755782070_D..S07R,079450_D..S07R,D,1,1755782070,1D 1314+ 205/STL,1755796354,1755796358,449,0,0
1755782130_M..S20R,079550_M..S20R,M,1,1755782130,1M 1315+ CTL/MET,1755800758,1755800773,1019,0,0
1755782220_B..S66X004,079700_B..S66X004,B,1,1755782220,1B 1317 145/KHY,1755802064,1755802075,1150,0,0
1755782250_F..N74X001,079750_F..N74X001,F,0,1755782250,1F 1317+ STL/179,1755802394,1755802406,1190,0,0
1755782400_B..N65X004,080000_B..N65X004,B,0,1755782400,1B 1320 KHY/BPK,1755801538,1755801550,1017,0,0
1755782400_D..S07R,080000_D..S07R,D,1,1755782400,1D 1320 BPK/STL,1755803280,1755803291,883,0,0
1755782430_M..N20R,080050_M..N20R,M,0,1755782430,1M 1320+ MET/CTL,1755801298,1755801309,1020,0,0
1755782460_D..N07R,080100_D..N07R,D,0,1755782460,1D 1321 STL/205,1755802710,1755802721,1204,0,0
1755782460_FS.N01R,080100_FS.N01R,FS,0,1755782460,1FS 1321 PPK/FKN,1755797289,1755797300,519,0,0
1755782490_F..S74R,080150_F..S74R,F,1,1755782490,1F 1321+ 179/STL,1755803385,1755803397,1290,0,0
1755782490_FS.S01R,080150_FS.S01R,FS,1,1755782490,1FS 1321+ FKN/PPK,1755797289,1755797300,515,0,0
1755782610_B..S65X004,080350_B..S65X004,B,1,1755782610,1B 1323+ BPK/KHY,1755802109,1755802120,1104,0,0
1755782610_M..S20R,080350_M..S20R,M,1,1755782610,1M 1323+ CTL/MET,1755801268,1755801283,993,0,0
1755782850_F..N04R,080750_F..N04R,F,0,1755782850,1F 1327+ CHU/179,1755802364,1755802375,1106,0,0
1755782880_F..S04R,080800_F..S04R,F,1,1755782880,1F 1328 179/CHU,1755801719,1755801730,1016,0,0
1755782910_B..N66X004,080850_B..N66X004,B,0,1755782910,1B 1328+ KHY/145,1755801204,1755801208,890,0,0
1755782910_D..S07R,080850_D..S07R,D,1,1755782910,1D 1328+ BPK/STL,1755803280,1755803291,819,0,0
1755782910_M..N20R,080850_M..N20R,M,0,1755782910,1M 1328+ MET/CTL,1755801658,1755801670,1004,0,0
1755782970_D..N07R,080950_D..N07R,D,0,1755782970,1D 1329+ STL/205,1755803145,1755803156,1194,0,0
1755783060_FS.N01R,081100_FS.N01R,FS,0,1755783060,1FS 1331 PPK/FKN,1755798171,1755798175,556,0,0
1755783090_FS.S01R,081150_FS.S01R,FS,1,1755783090,1FS 1331+ FKN/PPK,1755798171,1755798175,552,0,0
1755783090_M..S20R,081150_M..S20R,M,1,1755783090,1M 1331+ CTL/MET,1755801854,1755801865,1006,0,0
1755783270_F..S74R,081450_F..S74R,F,1,1755783270,1F 1334+ 179/STL,1755803772,1755803776,1237,0,0
1755783360_D..S07R,081600_D..S07R,D,1,1755783360,1D 1336 BPK/STL,1755803291,1755803295,746,0,0
1755783360_F..N74X001,081600_F..N74X001,F,0,1755783360,1F 1336 STL/179,1755803847,1755803851,1235,0,0
1755783390_B..N65X004,081650_B..N65X004,B,0,1755783390,1B 1336+ KHY/BPK,1755803006,1755803010,1033,0,0
1755783390_M..N20R,081650_M..N20R,M,0,1755783390,1M 1336+ MET/CTL,1755801944,1755801955,978,0,0
1755783420_D..N07R,081700_D..N07R,D,0,1755783420,1D 1337 STL/205,1755803641,1755803652,1200,0,0
1755783480_D..S07R,081800_D..S07R,D,1,1755783480,1D 1338 205/STL,1755797855,1755797860,458,0,0
1755783570_B..S65X004,081950_B..S65X004,B,1,1755783570,1B 1339+ BPK/KHY,1755808776,1755808787,1836,0,0
1755783570_F..S,081950_F..S,F,1,1755783570,=F 1449 WE4/2AV,1755802604,1755802616,16,0,0
1755783570_M..S20R,081950_M..S20R,M,1,1755783570,1M 1339+ CTL/MET,1755802274,1755802285,998,0,0
1755783630_F..S74R,082050_F..S74R,F,1,1755783630,1F 1340+ 179/STL,1755804196,1755804207,1246,0,0
1755783660_B..S66X004,082100_B..S66X004,B,1,1755783660,1B 1341 145/KHY,1755802079,1755802090,737,0,0
1755783660_FS.N01R,082100_FS.N01R,FS,0,1755783660,1FS 1341 PPK/FKN,1755806100,1755806103,1466,0,0
1755783690_FS.S01R,082150_FS.S01R,FS,1,1755783690,1FS 1341+ FKN/PPK,1755806100,1755806103,1462,0,0
1755783810_D..S07R,082350_D..S07R,D,1,1755783810,1D 1343+ BPK/STL,1755803791,1755803802,754,0,0
1755783840_D..N07R,082400_D..N07R,D,0,1755783840,1D 1344 STL/205,1755804286,1755804298,1230,0,0
1755783990_F..N04R,082650_F..N04R,F,0,1755783990,1F 1346+ CHU/179,1755802650,1755802661,992,0,0
1755783990_F..S04R,082650_F..S04R,F,1,1755783990,1F 1346+ 179/CHU,1755802710,1755802721,1000,0,0
1755783990_M..S20R,082650_M..S20R,M,1,1755783990,1M 1346+ CTL/MET,1755802830,1755802841,1016,0,0
1755784029_M..N20R,082716_M..N20R,M,0,1755784029,1M 1347 MET/CTL,1755802484,1755802496,964,0,0
1755784200_D..N07R,083000_D..N07R,D,0,1755784200,1D 1350 STL/205,1755805154,1755805157,1297,0,0
1755784260_FS.N01R,083100_FS.N01R,FS,0,1755784260,1FS 1351 PPK/FKN,1755806114,1755806118,1388,0,0
1755784290_D..S07R,083150_D..S07R,D,1,1755784290,1D 1351+ BPK/WE4,1755809497,1755809508,1397,0,0
1755784290_FS.S01R,083150_FS.S01R,FS,1,1755784290,1FS 1351+ FKN/PPK,1755806100,1755806103,1382,0,0
1755784350_B..N65X004,083250_B..N65X004,B,0,1755784350,1B 1352+ KHY/BPK,1755803580,1755803592,1012,0,0
1755784350_F..S74R,083250_F..S74R,F,1,1755784350,1F 1352+ 179/STL,1755804556,1755804568,1198,0,0
1755784470_F..N74X001,083450_F..N74X001,F,0,1755784470,1F 1354+ STL/179,1755804973,1755804977,1237,0,0
1755784530_B..S65R,083550_B..S65R,B,1,1755784530,1B 1355+ BPK/BBC,1755805533,1755805548,1298,0,0
1755784530_M..S20R,083550_M..S20R,M,1,1755784530,1M 1355+ CTL/MET,1755803220,1755803231,996,0,0
1755784669_M..N20R,083783_M..N20R,M,0,1755784669,1M 1357+ MET/CTL,1755803352,1755803355,994,0,0
1755784680_D..N07R,083800_D..N07R,D,0,1755784680,1D 1358 STL/205,1755805307,1755805319,1254,0,0
1755784740_F..S04R,083900_F..S04R,F,1,1755784740,1F 1359 179/CHU,1755803006,1755803010,939,0,0
1755784800_B..N66X004,084000_B..N66X004,B,0,1755784800,1B 1400 KHY/145,1755803460,1755803472,972,0,0
1755784800_D..S07R,084000_D..S07R,D,1,1755784800,1D 1400 BPK/STL,1755806253,1755806265,895,2,0
1755785010_M..S20R,084350_M..S20R,M,1,1755785010,1M 1403+ CTL/MET,1755803712,1755803716,998,0,0
1755785040_B..S66R,084400_B..S66R,B,1,1755785040,1B 1404 145/BBC,1755810232,1755810247,1832,0,0
1755785040_F..S,084400_F..S,F,1,1755785040,=F 1444 WE4/2AV,1755802589,1755802601,72,0,0
1755785130_F..S74R,084550_F..S74R,F,1,1755785130,1F 1405+ 179/STL,1755805968,1755805979,1256,1,0
1755785220_B..N65X004,084700_B..N65X004,B,0,1755785220,1B 1407 KHY/BPK,1755805593,1755805608,1022,0,0
1755785250_D..N07R,084750_D..N07R,D,0,1755785250,1D 1407+ STL/205,1755805517,1755805533,1203,0,0
1755785250_F..N74X001,084750_F..N74X001,F,0,1755785250,1F 1407+ STL/179,1755805352,1755805364,1186,0,0
1755785280_D..S07R,084800_D..S07R,D,1,1755785280,1D 1408 BPK/STL,1755805893,1755805908,826,2,0
1755785310_F..N04R,084850_F..N04R,F,0,1755785310,1F 1408+ CHU/179,1755804226,1755804238,1030,0,0
1755785310_M..N20R,084850_M..N20R,M,0,1755785310,1M 1408+ MET/CTL,1755804061,1755804072,1008,0,0
1755785490_B..S65R,085150_B..S65R,B,1,1755785490,1B 1411+ BPK/BBC,1755806133,1755806144,1239,0,0
1755785490_M..S20R,085150_M..S20R,M,1,1755785490,1M 1411+ CTL/MET,1755804242,1755804253,1017,0,0
1755785670_F..S74R,085450_F..S74R,F,1,1755785670,1F 1414+ 179/STL,1755806419,1755806430,1259,0,0
1755785730_D..S07R,085550_D..S07R,D,1,1755785730,1D 1415+ BPK/STL,1755806494,1755806505,817,0,0
1755785790_B..N66X004,085650_B..N66X004,B,0,1755785790,1B 1416+ KHY/145,1755803772,1755803776,906,0,0
1755785790_D..S07R,085650_D..S07R,D,1,1755785790,1D 1416+ 205/STL,1755800318,1755800322,497,0,0
1755785790_M..N20R,085650_M..N20R,M,0,1755785790,1M 1416+ MET/CTL,1755804271,1755804283,987,0,0
1755785820_D..N07R,085700_D..N07R,D,0,1755785820,1D 1417 STL/205,1755806160,1755806164,1204,0,0
1755785850_F..N74X001,085750_F..N74X001,F,0,1755785850,1F 1417+ STL/179,1755806055,1755806059,1187,0,0
1755785970_M..S20R,085950_M..S20R,M,1,1755785970,1M 1419+ CTL/MET,1755804662,1755804673,1015,0,0
1755786120_D..S07R,086200_D..S07R,D,1,1755786120,1D 1422 BPK/STL,1755806820,1755806824,801,0,0
1755786120_F..N73X001,086200_F..N73X001,F,0,1755786120,1F 1422 KHY/179,1755805919,1755805925,1137,0,0
1755786120_F..S74R,086200_F..S74R,F,1,1755786120,1F 1422 179/STL,1755806674,1755806689,1233,0,0
1755786240_B..N65X004,086400_B..N65X004,B,0,1755786240,1B 1424 KHY/BPK,1755811433,1755811445,1783,0,0
1755786270_M..N20R,086450_M..N20R,M,0,1755786270,1M 1424+ MET/CTL,1755804793,1755804797,992,0,0
1755786300_D..N07R,086500_D..N07R,D,0,1755786300,1D 1425 STL/205,1755806164,1755806175,1141,0,0
1755786420_M..S20R,086700_M..S20R,M,1,1755786420,1M 1427 CTL/MET,1755805653,1755805668,1074,0,0
1755786510_B..S65R,086850_B..S65R,B,1,1755786510,1B 1428+ BPK/BBC,1755806344,1755806355,1137,0,0
1755786510_B..S66R,086850_B..S66R,B,1,1755786510,1B 1428+ 145/BBC,1755805758,1755805773,624,0,0
1755786510_F..S74R,086850_F..S74R,F,1,1755786510,1F 1428+ 179/STL,1755807560,1755807571,1301,1,1
1755786540_F..N74X001,086900_F..N74X001,F,0,1755786540,1F 1429 STL/179,1755807049,1755807061,1229,0,0
1755786690_D..S07R,087150_D..S07R,D,1,1755786690,1D 1431+ BPK/STL,1755807241,1755807245,795,0,0
1755786750_B..N66X004,087250_B..N66X004,B,0,1755786750,1B 1432+ KHY/145,1755804797,1755804808,906,0,0
1755786750_M..N20R,087250_M..N20R,M,0,1755786750,1M 1432+ MET/CTL,1755805334,1755805337,1000,0,0
1755786780_D..N07R,087300_D..N07R,D,0,1755786780,1D 1433 STL/205,1755806614,1755806625,1137,0,0
1755786780_D..S07R,087300_D..S07R,D,1,1755786780,1D 1433 205/STL,1755801929,1755801940,543,0,0
1755786810_F..N04R,087350_F..N04R,F,0,1755786810,1F 1433+ CHU/179,1755805548,1755805559,1006,0,0
1755786900_F..S74R,087500_F..S74R,F,1,1755786900,1F 1435 179/STL,1755807590,1755807601,1253,3,0
1755786900_M..S20R,087500_M..S20R,M,1,1755786900,1M 1435 CTL/MET,1755806268,1755806280,1075,0,0
1755787110_D..S07R,087850_D..S07R,D,1,1755787110,1D 1438+ BPK/STL,1755807575,1755807586,724,1,5
1755787140_F..N74X001,087900_F..N74X001,F,0,1755787140,1F 1439 STL/179,1755807421,1755807425,1198,1,0
1755787230_B..N65X004,088050_B..N65X004,B,0,1755787230,1B 1440+ KHY/145,1755805214,1755805217,908,0,0
1755787230_M..N20R,088050_M..N20R,M,0,1755787230,1M 1440+ MET/CTL,1755805859,1755805863,983,0,0
1755787260_D..N07R,088100_D..N07R,D,0,1755787260,1D 1441 STL/205,1755807800,1755807811,1233,0,0
1755787260_D..S07R,088100_D..S07R,D,1,1755787260,1D 1441 205/STL,1755799658,1755799661,21,0,0
1755787320_F..S74R,088200_F..S74R,F,1,1755787320,1F 1442 179/STL,1755807620,1755807631,1201,0,0
1755787380_M..S20R,088300_M..S20R,M,1,1755787380,1M 1443 CTL/MET,1755806494,1755806505,1041,0,0
1755787410_B..S65R,088350_B..S65R,B,1,1755787410,1B 1443+ BPK/BBC,1755807274,1755807286,1143,0,0
1755787590_D..S07R,088650_D..S07R,D,1,1755787590,1D 1446+ BPK/STL,1755807950,1755807962,1188,0,0
1755787710_B..N66X004,088850_B..N66X004,B,0,1755787710,1B 1448+ KHY/BPK,1755806989,1755807001,1065,1,0
1755787710_M..N20R,088850_M..N20R,M,0,1755787710,1M 1448+ MET/CTL,1755806175,1755806178,954,0,0
1755787740_D..N07R,088900_D..N07R,D,0,1755787740,1D 1449 STL/205,1755807980,1755807991,1193,0,0
1755787770_F..N74X001,088950_F..N74X001,F,0,1755787770,1F 1449+ STL/179,1755808190,1755808202,1217,0,0
1755787770_F..S74R,088950_F..S74R,F,1,1755787770,1F 1449+ 179/STL,1755808055,1755808066,1199,0,0
1755787770_M..S20R,088950_M..S20R,M,1,1755787770,1M 1449+ CTL/MET,1755806719,1755806730,1020,0,0
1755787980_B..S66R,089300_B..S66R,B,1,1755787980,1B 1453 145/BBC,1755807034,1755807045,1035,0,0
1755788100_D..S07R,089500_D..S07R,D,1,1755788100,1D 1455 BPK/STL,1755808367,1755808370,773,0,0
1755788130_D..N07R,089550_D..N07R,D,0,1755788130,1D 1455+ STL/205,1755808266,1755808277,1179,0,0
1755788190_M..N20R,089650_M..N20R,M,0,1755788190,1M 1456+ MET/CTL,1755807154,1755807166,1023,0,0
1755788310_D..S07R,089850_D..S07R,D,1,1755788310,1D 1458+ 205/STL,1755803145,1755803156,501,0,0
1755788310_F..N04R,089850_F..N04R,F,0,1755788310,1F 1458+ CHU/179,1755807181,1755807185,1010,1,0
1755788310_F..S73R,089850_F..S73R,F,1,1755788310,1F 1458+ 179/KHY,1755807905,1755807916,1107,0,0
1755788340_F..N74X001,089900_F..N74X001,F,0,1755788340,1F 1459 STL/179,1755808370,1755808382,1165,0,0
1755788340_M..S20R,089900_M..S20R,M,1,1755788340,1M 1459 CTL/MET,1755807109,1755807121,997,0,0
1755788370_B..S65R,089950_B..S65R,B,1,1755788370,1B 1459+ BPK/BBC,1755808356,1755808367,979,0,0
1755788400_D..S,090000_D..S,D,1,1755788400,ED 1500 WE4/STL,1755805444,1755805457,326,1,0
1755788640_B..N65X004,090400_B..N65X004,B,0,1755788640,1B 1504 KHY/BPK,1755807665,1755807676,1031,0,0
1755788640_D..S07R,090400_D..S07R,D,1,1755788640,1D 1504 BPK/STL,1755808656,1755808667,706,0,0
1755788670_B..N65R,090450_B..N65R,B,0,1755788670,1B 1504+ BBC/BPK,1755808502,1755808506,1138,0,0
1755788670_D..N14R,090450_D..N14R,D,0,1755788670,1D 1504+ STL/205,1755808400,1755808412,1125,0,0
1755788670_M..N20R,090450_M..N20R,M,0,1755788670,1M 1504+ MET/CTL,1755807950,1755807962,1020,0,0
1755788760_F..S74R,090600_F..S74R,F,1,1755788760,1F 1506 179/STL,1755808941,1755808952,1185,0,0
1755788760_M..S20R,090600_M..S20R,M,1,1755788760,1M 1506 CTL/MET,1755807545,1755807556,999,0,0
1755789000_D..N,091000_D..N,D,0,1755789000,ED 1510 2AV/BPK,1755807259,1755807271,490,0,0
1755789120_B..S66R,091200_B..S66R,B,1,1755789120,1B 1512 145/BBC,1755807575,1755807586,955,0,0
1755789120_F..N74X001,091200_F..N74X001,F,0,1755789120,1F 1512 STL/179,1755808956,1755808967,1139,0,0
1755789150_M..N20R,091250_M..N20R,M,0,1755789150,1M 1512+ MET/CTL,1755807905,1755807916,995,0,0
1755789180_D..N14R,091300_D..N14R,D,0,1755789180,1D 1513 STL/205,1755809256,1755809268,1171,0,0
1755789180_D..S07R,091300_D..S07R,D,1,1755789180,1D 1513 BPK/STL,1755809151,1755809163,776,0,0
1755789180_M..S20R,091300_M..S20R,M,1,1755789180,1M 1513 CTL/MET,1755807935,1755807946,995,0,0
1755789210_F..S74R,091350_F..S74R,F,1,1755789210,1F 1513+ 179/STL,1755809388,1755809391,1184,0,0
1755789360_D..S07R,091600_D..S07R,D,1,1755789360,1D 1516 205/STL,1755803656,1755803667,429,0,0
1755789390_F..N04R,091650_F..N04R,F,0,1755789390,1F 1516+ CHU/179,1755808220,1755808232,1005,0,0
1755789450_F..N73R,091750_F..N73R,F,0,1755789450,1F 1517+ KHY/179,1755808641,1755808652,1053,0,0
1755789540_F..N74R,091900_F..N74R,F,0,1755789540,1F 1519 STL/179,1755809692,1755809703,1181,0,0
1755789630_M..N20R,092050_M..N20R,M,0,1755789630,1M 1520+ MET/CTL,1755808461,1755808472,1005,0,0
1755789660_D..N14R,092100_D..N14R,D,0,1755789660,1D 1521 STL/205,1755809557,1755809568,1147,0,0
1755789690_D..S07R,092150_D..S07R,D,1,1755789690,1D 1521+ BPK/STL,1755809448,1755809452,743,0,0
1755789690_F..S73R,092150_F..S73R,F,1,1755789690,1F 1521+ 179/KHY,1755809163,1755809167,1090,0,0
1755789750_B..S65R,092250_B..S65R,B,1,1755789750,1B 1522+ BPK/BBC,1755809436,1755809448,720,0,0
1755789810_D..S07R,092350_D..S07R,D,1,1755789810,1D 1523+ 205/STL,1755804286,1755804298,454,0,0
1755789810_M..S20R,092350_M..S20R,M,1,1755789810,1M 1523+ CTL/MET,1755808415,1755808427,976,0,0
1755789870_B..N65R,092450_B..N65R,B,0,1755789870,1B 1524+ BBC/BPK,1755809452,1755809463,680,0,0
1755789900_B..S66R,092500_B..S66R,B,1,1755789900,1B 1525 145/BBC,1755808791,1755808803,1017,0,0
1755789900_F..N74R,092500_F..N74R,F,0,1755789900,1F 1525 STL/179,1755809977,1755809989,1175,0,0
1755790110_M..N20R,092850_M..N20R,M,0,1755790110,1M 1528+ MET/CTL,1755808847,1755808851,1008,0,0
1755790140_D..S07R,092900_D..S07R,D,1,1755790140,1D 1529 BPK/STL,1755809808,1755809812,707,0,0
1755790170_F..S74R,092950_F..S74R,F,1,1755790170,1F 1529+ 179/STL,1755810533,1755810548,1207,0,0
1755790200_D..N,093000_D..N,D,0,1755790200,ED 1530 2AV/BPK,1755808022,1755808025,405,0,0
1755790230_D..S07R,093050_D..S07R,D,1,1755790230,1D 1530+ 205/STL,1755805277,1755805289,553,0,0
1755790290_M..S20R,093150_M..S20R,M,1,1755790290,1M 1531+ CTL/MET,1755808941,1755808952,1009,0,0
1755790410_D..N14R,093350_D..N14R,D,0,1755790410,1D 1533+ STL/205,1755810457,1755810473,815,0,0
1755790530_B..N65R,093550_B..N65R,B,0,1755790530,1B 1535+ BBC/BPK,1755810352,1755810367,1164,0,0
1755790560_D..S07R,093600_D..S07R,D,1,1755790560,1D 1536 BPK/STL,1755810229,1755810232,630,0,0
1755790560_F..N74R,093600_F..N74R,F,0,1755790560,1F 1536 STL/179,1755810398,1755810412,1163,0,0
1755790590_M..N20R,093650_M..N20R,M,0,1755790590,1M 1536+ MET/CTL,1755809677,1755809688,1076,0,0
1755790650_D..S07R,093750_D..S07R,D,1,1755790650,1D 1537+ 205/STL,1755805533,1755805548,454,1,0
1755790650_F..N04R,093750_F..N04R,F,0,1755790650,1F 1537+ CHU/179,1755809283,1755809286,1015,0,0
1755790650_F..S74R,093750_F..S74R,F,1,1755790650,1F 1537+ 179/STL,1755810713,1755810728,1172,0,0
1755790830_M..S20R,094050_M..S20R,M,1,1755790830,1M 1540+ CTL/MET,1755809808,1755809812,1061,0,0
1755790890_B..S66R,094150_B..S66R,B,1,1755790890,1B 1541+ 145/BBC,1755808967,1755808971,941,0,0
1755790890_F..N73R,094150_F..N73R,F,0,1755790890,1F 1541+ KHY/179,1755810217,1755810229,1105,0,0
1755790980_D..S07R,094300_D..S07R,D,1,1755790980,1D 1543 BPK/STL,1755810848,1755810863,644,0,0
1755790980_F..N74R,094300_F..N74R,F,0,1755790980,1F 1543 STL/179,1755811388,1755811400,1201,0,0
1755791070_M..N20R,094450_M..N20R,M,0,1755791070,1M 1544+ MET/CTL,1755809902,1755809913,1042,0,0
1755791130_F..S74R,094550_F..S74R,F,1,1755791130,1F 1545+ 179/STL,1755811343,1755811355,1175,0,0
1755791160_D..N14R,094600_D..N14R,D,0,1755791160,1D 1546 STL/205,1755812016,1755812019,1260,0,0
1755791190_B..N65R,094650_B..N65R,B,0,1755791190,1B 1546+ BBC/BPK,1755811013,1755811025,1099,0,0
1755791220_M..S20R,094700_M..S20R,M,1,1755791220,1M 1547 CTL/MET,1755810067,1755810079,1043,0,0
1755791250_B..S65R,094750_B..S65R,B,1,1755791250,1B 1547+ BPK/BBC,1755810683,1755810698,1090,0,0
1755791430_F..S73R,095050_F..S73R,F,1,1755791430,1F 1550+ 179/KHY,1755811058,1755811073,1099,0,0
1755791460_FS.N01R,095100_FS.N01R,FS,0,1755791460,1FS 1551 PPK/FKN,1755806208,1755806220,496,0,0
1755791520_D..S07R,095200_D..S07R,D,1,1755791520,1D 1552 BPK/STL,1755811058,1755811073,658,0,0
1755791520_F..N74R,095200_F..N74R,F,0,1755791520,1F 1552 STL/179,1755811674,1755811685,1167,0,0
1755791550_M..N20R,095250_M..N20R,M,0,1755791550,1M 1552+ MET/CTL,1755810623,1755810638,1046,0,0
1755791640_D..N14R,095400_D..N14R,D,0,1755791640,1D 1554 STL/205,1755812259,1755812271,1229,0,0
1755791730_D..S07R,095550_D..S07R,D,1,1755791730,1D 1555+ 205/STL,1755806160,1755806164,453,0,0
1755791790_B..N65R,095650_B..N65R,B,0,1755791790,1B 1556+ BBC/BPK,1755811524,1755811535,1111,0,0
1755791820_B..S66R,095700_B..S66R,B,1,1755791820,1B 1557 145/BBC,1755810048,1755810052,960,0,0
1755791820_M..S20R,095700_M..S20R,M,1,1755791820,1M 1557 CTL/MET,1755810412,1755810427,996,0,0
1755791850_F..N73R,095750_F..N73R,F,0,1755791850,1F 1557+ KHY/179,1755811493,1755811505,1099,0,0
1755791910_F..S74R,095850_F..S74R,F,1,1755791910,1F 1558+ 179/STL,1755811956,1755811959,1152,0,0
1755792000_F..N74R,096000_F..N74R,F,0,1755792000,1F 1600 STL/179,1755812016,1755812019,1148,0,0
1755792030_M..N20R,096050_M..N20R,M,0,1755792030,1M 1600+ MET/CTL,1755810923,1755810934,1003,0,0
1755792060_D..S07R,096100_D..S07R,D,1,1755792060,1D 1601 BPK/STL,1755812019,1755812031,732,0,0
1755792060_FS.N01R,096100_FS.N01R,FS,0,1755792060,1FS 1601 PPK/FKN,1755806869,1755806880,506,0,0
1755792090_FS.S01R,096150_FS.S01R,FS,1,1755792090,1FS 1601+ FKN/PPK,1755806869,1755806880,502,0,0
1755792150_F..S73R,096250_F..S73R,F,1,1755792150,1F 1602+ 179/KHY,1755812016,1755812019,1129,0,0
1755792180_D..N14R,096300_D..N14R,D,0,1755792180,1D 1603 STL/205,1755812620,1755812631,1204,0,0
1755792330_B..S65R,096550_B..S65R,B,1,1755792330,1B 1605+ BPK/BBC,1755811464,1755811475,1032,0,0
1755792330_F..N73R,096550_F..N73R,F,0,1755792330,1F 1605+ KHY/179,1755811809,1755811820,1077,0,0
1755792330_M..S20R,096550_M..S20R,M,1,1755792330,1M 1605+ CTL/MET,1755811268,1755811280,1006,0,0
1755792390_B..N65R,096650_B..N65R,B,0,1755792390,1B 1606+ BBC/BPK,1755811896,1755811899,1081,0,0
1755792390_F..S74R,096650_F..S74R,F,1,1755792390,1F 1606+ 179/STL,1755812800,1755812811,1202,0,0
1755792420_F..N74R,096700_F..N74R,F,0,1755792420,1F 1607 STL/179,1755812650,1755812661,1178,0,0
1755792450_D..S07R,096750_D..S07R,D,1,1755792450,1D 1607+ 205/STL,1755806854,1755806865,453,0,0
1755792510_D..S07R,096850_D..S07R,D,1,1755792510,1D 1608+ BPK/STL,1755812244,1755812256,795,0,0
1755792510_M..N20R,096850_M..N20R,M,0,1755792510,1M 1608+ MET/CTL,1755811250,1755811253,979,0,0
1755792600_B..S,097000_B..S,B,1,1755792600,EB 1610 BPK/BBC,1755811956,1755811959,626,0,0
1755792630_D..N14R,097050_D..N14R,D,0,1755792630,1D 1610+ STL/205,1755812950,1755812962,1190,0,0
1755792660_B..N65R,097100_B..N65R,B,0,1755792660,1B 1611 BBC/BPK,1755812214,1755812226,1088,0,0
1755792660_FS.N01R,097100_FS.N01R,FS,0,1755792660,1FS 1611 PPK/FKN,1755811190,1755811193,951,0,0
1755792660_M..S20R,097100_M..S20R,M,1,1755792660,1M 1611 CTL/MET,1755811370,1755811373,975,0,0
1755792690_FS.S01R,097150_FS.S01R,FS,1,1755792690,1FS 1611+ FKN/PPK,1755811190,1755811193,947,0,0
1755792780_D..S07R,097300_D..S07R,D,1,1755792780,1D 1613 BPK/STL,1755812710,1755812721,729,0,0
1755792780_F..S73R,097300_F..S73R,F,1,1755792780,1F 1613 179/KHY,1755812436,1755812439,795,0,0
1755792810_F..N73R,097350_F..N73R,F,0,1755792810,1F 1613+ KHY/179,1755812410,1755812421,1094,0,0
1755792900_F..N74R,097500_F..N74R,F,0,1755792900,1F 1615 STL/179,1755813040,1755813052,1166,0,0
1755792960_B..S65R,097600_B..S65R,B,1,1755792960,1B 1616 BPK/BBC,1755812770,1755812781,1122,0,0
1755792960_M..N20R,097600_M..N20R,M,0,1755792960,1M 1616 MET/CTL,1755812470,1755812481,1082,0,0
1755793020_B..N65R,097700_B..N65R,B,0,1755793020,1B 1617 BBC/BPK,1755812650,1755812661,1007,0,0
1755793020_D..N14R,097700_D..N14R,D,0,1755793020,1D 1617 STL/205,1755812950,1755812962,1138,0,0
1755793170_F..S74R,097950_F..S74R,F,1,1755793170,1F 1619+ 179/STL,1755813415,1755813427,926,0,0
1755793200_D..S07R,098000_D..S07R,D,1,1755793200,1D 1620 BPK/STL,1755813100,1755813112,685,0,0
1755793230_D..S07R,098050_D..S07R,D,1,1755793230,1D 1620+ 205/STL,1755813491,1755813502,1182,0,0
1755793236_M..S20R,098061_M..S20R,M,1,1755793236,1M 1620+ CTL/MET,1755813100,1755813112,1129,0,0
1755793260_FS.N01R,098100_FS.N01R,FS,0,1755793260,1FS 1621 PPK/FKN,1755811190,1755811193,871,0,0
1755793290_F..N73R,098150_F..N73R,F,0,1755793290,1F 1621+ KHY/179,1755812890,1755812901,1094,0,0
1755793290_FS.S01R,098150_FS.S01R,FS,1,1755793290,1FS 1621+ FKN/PPK,1755811190,1755811193,867,0,0
1755793380_B..S65R,098300_B..S65R,B,1,1755793380,1B 1623 BPK/BBC,1755813265,1755813277,1132,0,0
1755793380_F..N74R,098300_F..N74R,F,0,1755793380,1F 1623 STL/179,1755813877,1755813881,1213,0,0
1755793410_D..N14R,098350_D..N14R,D,0,1755793410,1D 1623+ STL/205,1755813310,1755813322,1134,0,0
1755793470_M..N20R,098450_M..N20R,M,0,1755793470,1M 1624+ MET/CTL,1755812575,1755812586,1028,0,0
1755793515_M..S20R,098525_M..S20R,M,1,1755793515,1M 1625 CTL/MET,1755813457,1755813461,1139,0,0
1755793560_F..S72R,098600_F..S72R,FX,1,1755793560,1FX 1626 179/STL,1755814316,1755814328,1248,1,0
1755793710_B..N65R,098850_B..N65R,B,0,1755793710,1B 1628+ BBC/BPK,1755813415,1755813427,1108,0,0
1755793770_D..N14R,098950_D..N14R,D,0,1755793770,1D 1629+ STL/205,1755813596,1755813607,1124,0,0
1755793770_F..N73R,098950_F..N73R,F,0,1755793770,1F 1629+ KHY/179,1755813235,1755813247,1076,0,0
1755793800_F..S73R,099000_F..S73R,F,1,1755793800,1F 1630 179/STL,1755816223,1755816235,1433,1,0
1755793860_F..N74R,099100_F..N74R,F,0,1755793860,1F 1631 STL/179,1755814677,1755814688,1256,0,0
1755793920_B..S65R,099200_B..S65R,B,1,1755793920,1B 1632 BPK/BBC,1755813397,1755813400,1077,0,0
1755793950_M..N20R,099250_M..N20R,M,0,1755793950,1M 1632+ MET/CTL,1755813415,1755813427,1076,0,0
1755794070_M..S20R,099450_M..S20R,M,1,1755794070,1M 1634+ CTL/MET,1755812770,1755812781,974,1,1
1755794130_D..N14R,099550_D..N14R,D,0,1755794130,1D 1635+ STL/205,1755814181,1755814193,1154,0,0
1755794160_D..S07R,099600_D..S07R,D,1,1755794160,1D 1636 BPK/STL,1755814001,1755814013,713,0,0
1755794220_B..N65R,099700_B..N65R,B,0,1755794220,1B 1637 BBC/BPK,1755813956,1755813968,1112,0,0
1755794250_D..S07R,099750_D..S07R,D,1,1755794250,1D 1637+ 205/STL,1755808746,1755808757,465,0,0
1755794250_F..N73R,099750_F..N73R,F,0,1755794250,1F 1637+ KHY/179,1755814316,1755814328,1156,0,0
1755794250_F..S74R,099750_F..S74R,F,1,1755794250,1F 1637+ 179/STL,1755816299,1755816310,1383,0,0
1755794340_B..S65R,099900_B..S65R,B,1,1755794340,1B 1639 BPK/BBC,1755813923,1755813926,692,0,0
1755794340_F..N74R,099900_F..N74R,F,0,1755794340,1F 1639 STL/179,1755814944,1755814947,1227,0,0
1755794430_M..N20R,100050_M..N20R,M,0,1755794430,1M 1640+ MET/CTL,1755813551,1755813562,1030,0,0
1755794550_F..N,100250_F..N,F,0,1755794550,EF 1837 CHU/179,1755819752,1755819763,517,0,0
1755794550_F..S73R,100250_F..S73R,F,1,1755794550,1F 1642+ 179/KHY,1755819752,1755819763,1732,0,0
1755794580_D..S07R,100300_D..S07R,D,1,1755794580,1D 1643 BPK/STL,1755814497,1755814508,715,0,0
1755794580_M..S20R,100300_M..S20R,M,1,1755794580,1M 1643 CTL/MET,1755813731,1755813742,1035,1,0
1755794640_D..N14R,100400_D..N14R,D,0,1755794640,1D 1644 STL/205,1755814572,1755814583,1140,0,0
1755794730_F..N73R,100550_F..N73R,F,0,1755794730,1F 1645+ KHY/179,1755815292,1755815308,1226,0,0
1755794790_B..S65R,100650_B..S65R,B,1,1755794790,1B 1646+ BPK/BBC,1755814238,1755814242,1082,0,0
1755794820_F..N74R,100700_F..N74R,F,0,1755794820,1F 1647 STL/179,1755816359,1755816370,1326,0,0
1755794880_F..S74R,100800_F..S74R,F,1,1755794880,1F 1648 179/STL,1755816569,1755816580,1349,0,0
1755794880_M..N20R,100800_M..N20R,M,0,1755794880,1M 1648 MET/CTL,1755814451,1755814463,1104,0,0
1755794910_B..N65R,100850_B..N65R,B,0,1755794910,1B 1648+ BBC/BPK,1755814512,1755814523,1110,0,0
1755794910_D..N,100850_D..N,D,0,1755794910,ED 1648+ STL/205,1755814857,1755814868,955,0,0
1755794970_D..S07R,100950_D..S07R,D,1,1755794970,1D 1649+ BPK/STL,1755815262,1755815274,778,0,0
1755795090_M..S20R,101150_M..S20R,M,1,1755795090,1M 1651+ CTL/MET,1755814227,1755814238,1056,0,0
1755795150_D..N14R,101250_D..N14R,D,0,1755795150,1D 1652+ STL/205,1755815383,1755815398,1196,0,0
1755795180_F..S73R,101300_F..S73R,F,1,1755795180,1F 1653 179/KHY,1755820380,1755820383,1818,1,0
1755795210_B..S65R,101350_B..S65R,B,1,1755795210,1B 1653+ BPK/BBC,1755815097,1755815109,687,0,0
1755795210_F..N73R,101350_F..N73R,F,0,1755795210,1F 1653+ KHY/179,1755815983,1755815995,1241,0,0
1755795270_D..S07R,101450_D..S07R,D,1,1755795270,1D 1654+ BPK/STL,1755815533,1755815548,733,0,0
1755795360_F..N74R,101600_F..N74R,F,0,1755795360,1F 1656 STL/179,1755817064,1755817076,1367,0,0
1755795390_M..N20R,101650_M..N20R,M,0,1755795390,1M 1656+ MET/CTL,1755814662,1755814673,1080,0,0
1755795420_B..N65R,101700_B..N65R,B,0,1755795420,1B 1657 BBC/BPK,1755815127,1755815139,1139,0,0
1755795480_F..S72R,101800_F..S72R,FX,1,1755795480,1FX 1658 179/STL,1755817286,1755817290,1380,0,0
1755795600_B..S65R,102000_B..S65R,B,1,1755795600,1B 1700 BPK/BBC,1755815413,1755815428,1143,0,0
1755795630_D..N14R,102050_D..N14R,D,0,1755795630,1D 1700+ STL/205,1755815548,1755815563,1148,0,0
1755795690_F..N73R,102150_F..N73R,F,0,1755795690,1F 1701+ KHY/179,1755816689,1755816700,1273,0,0
1755795750_D..S07R,102250_D..S07R,D,1,1755795750,1D 1702+ BPK/STL,1755815983,1755815995,730,0,0
1755795750_M..S20R,102250_M..S20R,M,1,1755795750,1M 1702+ CTL/MET,1755814542,1755814553,1016,0,0
1755795780_F..S74R,102300_F..S74R,F,1,1755795780,1F 1703 179/STL,1755817691,1755817695,1394,0,0
1755795840_M..N20R,102400_M..N20R,M,0,1755795840,1M 1704 MET/CTL,1755815052,1755815064,1072,0,0
1755795900_F..N74R,102500_F..N74R,F,0,1755795900,1F 1705 STL/179,1755817166,1755817170,1308,0,0
1755795990_D..S07R,102650_D..S07R,D,1,1755795990,1D 1706+ 205/STL,1755811283,1755811295,549,0,0
1755796050_D..N14R,102750_D..N14R,D,0,1755796050,1D 1707+ STL/205,1755816385,1755816389,1183,0,0
1755796080_F..N,102800_F..N,F,0,1755796080,$F 1824 JAY/179,1755819737,1755819748,561,0,0
1755796080_F..S73R,102800_F..S73R,F,1,1755796080,1F 1708 179/KHY,1755821281,1755821284,1796,0,0
1755796140_B..N65R,102900_B..N65R,B,0,1755796140,1B 1709 BBC/BPK,1755815743,1755815758,1093,0,0
1755796170_M..S20R,102950_M..S20R,M,1,1755796170,1M 1709+ CTL/MET,1755815202,1755815214,1044,0,0
1755796200_B..S65R,103000_B..S65R,B,1,1755796200,1B 1710 BPK/BBC,1755815653,1755815664,639,0,0
1755796200_F..N74R,103000_F..N74R,F,0,1755796200,1F 1710 STL/179,1755817965,1755817977,1374,0,0
1755796320_D..S07R,103200_D..S07R,D,1,1755796320,1D 1712 BPK/STL,1755816509,1755816520,659,0,0
1755796320_M..N20R,103200_M..N20R,M,0,1755796320,1M 1712 MET/CTL,1755815428,1755815443,1045,0,0
1755796380_F..N,103300_F..N,F,0,1755796380,EF 1858 CHU/179,1755821581,1755821585,539,0,0
1755796380_F..S74R,103300_F..S74R,F,1,1755796380,1F 1713 179/STL,1755821581,1755821585,1796,0,0
1755796500_D..N14R,103500_D..N14R,D,0,1755796500,1D 1715 STL/205,1755816850,1755816854,1185,0,0
1755796560_D..S09R,103600_D..S09R,D,1,1755796560,1D 1716 205/STL,1755811268,1755811280,471,0,0
1755796680_F..S73R,103800_F..S73R,F,1,1755796680,1F 1718 179/KHY,1755817425,1755817436,1238,0,0
1755796710_B..N65R,103850_B..N65R,B,0,1755796710,1B 1718+ BBC/BPK,1755816193,1755816205,1070,0,0
1755796830_F..N74R,104050_F..N74R,F,0,1755796830,1F 1720+ STL/179,1755818266,1755818277,1330,0,0
1755796830_M..N20R,104050_M..N20R,M,0,1755796830,1M 1720+ MET/CTL,1755815818,1755815833,1006,0,0
1755796830_M..S20R,104050_M..S20R,M,1,1755796830,1M 1720+ CTL/MET,1755815844,1755815848,1008,0,0
1755796860_FS.N01R,104100_FS.N01R,FS,0,1755796860,1FS 1721 PPK/FKN,1755821629,1755821641,1739,0,0
1755796890_D..S09R,104150_D..S09R,D,1,1755796890,1D 1721+ BPK/STL,1755817199,1755817211,753,0,0
1755796890_FS.S01R,104150_FS.S01R,FS,1,1755796890,1FS 1721+ FKN/PPK,1755821629,1755821641,1735,0,0
1755796980_F..S74R,104300_F..S74R,F,1,1755796980,1F 1723 179/2AV,1755822181,1755822185,1796,0,0
1755797040_F..N73R,104400_F..N73R,F,0,1755797040,1F 1724 KHY/179,1755817965,1755817977,1262,0,0
1755797070_D..N14R,104450_D..N14R,D,0,1755797070,1D 1724+ STL/205,1755817046,1755817049,1135,0,0
1755797130_B..S65R,104550_B..S65R,B,1,1755797130,1B 1725+ BPK/BBC,1755817166,1755817170,1143,0,0
1755797280_F..S73R,104800_F..S73R,F,1,1755797280,1F 1728 179/KHY,1755817740,1755817751,1200,0,0
1755797310_M..N20R,104850_M..N20R,M,0,1755797310,1M 1728+ MET/CTL,1755816193,1755816205,990,0,0
1755797400_F..N74R,105000_F..N74R,F,0,1755797400,1F 1730 STL/179,1755818821,1755818832,1328,0,0
1755797400_M..S20R,105000_M..S20R,M,1,1755797400,1M 1730 CTL/MET,1755816779,1755816790,649,0,0
1755797460_FS.N01R,105100_FS.N01R,FS,0,1755797460,1FS 1731 PPK/FKN,1755821641,1755821644,1660,0,0
1755797490_B..N65R,105150_B..N65R,B,0,1755797490,1B 1731+ BBC/BPK,1755816704,1755816715,658,0,0
1755797580_F..S74R,105300_F..S74R,F,1,1755797580,1F 1733 179/STL,1755819016,1755819028,1330,1,0
1755797610_D..N07R,105350_D..N07R,D,0,1755797610,1D 1733+ STL/205,1755817751,1755817755,1157,0,0
1755797610_F..N73R,105350_F..N73R,F,0,1755797610,1F 1733+ KHY/179,1755818367,1755818371,1239,0,0
1755797730_B..S65R,105550_B..S65R,B,1,1755797730,1B 1735+ BPK/BBC,1755817166,1755817170,907,0,0
1755797790_M..N20R,105650_M..N20R,M,0,1755797790,1M 1736+ MET/CTL,1755817046,1755817049,1039,0,0
1755797880_D..S07R,105800_D..S07R,D,1,1755797880,1D 1738 BPK/STL,1755818326,1755818337,748,1,1
1755797880_F..S73R,105800_F..S73R,F,1,1755797880,1F 1738 179/STL,1755817620,1755817631,1104,2,0
1755797910_M..S20R,105850_M..S20R,M,1,1755797910,1M 1738+ CTL/MET,1755817109,1755817121,629,0,0
1755798000_D..S07R,106000_D..S07R,D,1,1755798000,1D 1740 205/STL,1755812800,1755812811,483,0,0
1755798090_B..S65R,106150_B..S65R,B,1,1755798090,1B 1741+ BPK/BBC,1755817800,1755817811,1100,0,0
1755798120_D..N07R,106200_D..N07R,D,0,1755798120,1D 1742 STL/205,1755818220,1755818232,1152,0,0
1755798180_F..N74R,106300_F..N74R,F,0,1755798180,1F 1743 STL/179,1755820698,1755820713,1447,1,0
1755798180_F..S74R,106300_F..S74R,F,1,1755798180,1F 1743 179/STL,1755818791,1755818802,1220,0,0
1755798240_B..N65R,106400_B..N65R,B,0,1755798240,1B 1744 BBC/BPK,1755817695,1755817706,789,0,0
1755798330_D..S07R,106550_D..S07R,D,1,1755798330,1D 1745+ BPK/STL,1755818536,1755818547,727,1,1
1755798330_F..N73R,106550_F..N73R,F,0,1755798330,1F 1745+ KHY/179,1755820083,1755820097,1372,0,0
1755798420_M..S20R,106700_M..S20R,M,1,1755798420,1M 1747 CTL/MET,1755817320,1755817331,992,0,0
1755798480_F..S73R,106800_F..S73R,F,1,1755798480,1F 1748 179/KHY,1755818367,1755818371,1123,0,0
1755798510_M..N20R,106850_M..N20R,M,0,1755798510,1M 1748+ MET/CTL,1755817380,1755817391,651,0,0
1755798570_D..N07R,106950_D..N07R,D,0,1755798570,1D 1749+ STL/205,1755818791,1755818802,1168,0,0
1755798660_B..S65R,107100_B..S65R,B,1,1755798660,1B 1751 BPK/BBC,1755818341,1755818352,1096,0,0
1755798690_FS.S01R,107150_FS.S01R,FS,1,1755798690,1FS 1751+ FKN/PPK,1755821644,1755821656,1497,0,0
1755798720_F..N74R,107200_F..N74R,F,0,1755798720,1F 1752 STL/179,1755821524,1755821536,1477,0,0
1755798780_F..S74R,107300_F..S74R,F,1,1755798780,1F 1753 179/STL,1755819362,1755819373,1216,0,0
1755798780_M..S20R,107300_M..S20R,M,1,1755798780,1M 1753 CTL/MET,1755817650,1755817661,988,0,0
1755798870_B..N66R,107450_B..N66R,B,0,1755798870,1B 1754+ BBC/145,1755817166,1755817170,506,0,0
1755798870_D..S07R,107450_D..S07R,D,1,1755798870,1D 1754+ BPK/STL,1755818956,1755818967,735,0,0
1755798930_D..N07R,107550_D..N07R,D,0,1755798930,1D 1755+ STL/205,1755818806,1755818817,1122,0,0
1755799080_F..S74R,107800_F..S74R,F,1,1755799080,1F 1758 179/STL,1755819903,1755819913,1248,0,0
1755799140_B..S65R,107900_B..S65R,B,1,1755799140,1B 1759 BPK/BBC,1755818836,1755818847,1098,0,0
1755799230_M..N20R,108050_M..N20R,M,0,1755799230,1M 1800+ MET/CTL,1755817785,1755817796,929,0,0
1755799350_D..S07R,108250_D..S07R,D,1,1755799350,1D 1802+ BPK/STL,1755819106,1755819118,1107,0,0
1755799350_M..S20R,108250_M..S20R,M,1,1755799350,1M 1802+ CTL/MET,1755817920,1755817931,949,0,0
1755799380_F..S74R,108300_F..S74R,F,1,1755799380,1F 1803 179/STL,1755819903,1755819913,1209,0,0
1755799440_D..N07R,108400_D..N07R,D,0,1755799440,1D 1804 STL/205,1755819752,1755819763,1183,0,0
1755799620_B..N66R,108700_B..N66R,B,0,1755799620,1B 1807 BBC/145,1755817770,1755817781,906,0,0
1755799620_F..N74R,108700_F..N74R,F,0,1755799620,1F 1807 STL/179,1755820324,1755820338,829,1,0
1755799680_D..S07R,108800_D..S07R,D,1,1755799680,1D 1808 BPK/STL,1755819377,1755819388,691,0,0
1755799680_F..S74R,108800_F..S74R,F,1,1755799680,1F 1808 179/STL,1755820217,1755820232,1224,0,0
1755799710_M..N20R,108850_M..N20R,M,0,1755799710,1M 1808+ MET/CTL,1755818311,1755818322,948,0,0
1755799710_M..S20R,108850_M..S20R,M,1,1755799710,1M 1808+ CTL/MET,1755818311,1755818322,972,0,0
1755799860_B..S65R,109100_B..S65R,B,1,1755799860,1B 1811 BPK/BBC,1755818866,1755818877,1036,0,0
1755799950_D..N07R,109250_D..N07R,D,0,1755799950,1D 1812+ STL/205,1755820052,1755820064,1188,0,0
1755799980_F..S74R,109300_F..S74R,F,1,1755799980,1F 1813 179/STL,1755820488,1755820499,1226,0,0
1755800070_D..S07R,109450_D..S07R,D,1,1755800070,1D 1814+ 205/STL,1755814332,1755814343,455,0,0
1755800070_M..S20R,109450_M..S20R,M,1,1755800070,1M 1814+ CTL/MET,1755818712,1755818716,1001,0,0
1755800190_M..N20R,109650_M..N20R,M,0,1755800190,1M 1816+ MET/CTL,1755818521,1755818532,964,0,0
1755800220_B..N66R,109700_B..N66R,B,0,1755800220,1B 1817 BBC/145,1755818356,1755818367,939,0,0
1755800280_B..S65R,109800_B..S65R,B,1,1755800280,1B 1818 BPK/BBC,1755819737,1755819748,1116,0,0
1755800280_F..S74R,109800_F..S74R,F,1,1755800280,1F 1818 179/STL,1755820908,1755820919,1239,0,0
1755800400_D..S07R,110000_D..S07R,D,1,1755800400,1D 1820 BPK/STL,1755820037,1755820049,723,0,0
1755800460_D..N07R,110100_D..N07R,D,0,1755800460,1D 1821 STL/205,1755820560,1755820563,1181,0,0
1755800460_M..S20R,110100_M..S20R,M,1,1755800460,1M 1821 CTL/MET,1755819373,1755819377,1044,0,0
1755800490_D..S08X007,110150_D..S08X007,D,1,1755800490,1D 1821+ 205/STL,1755814884,1755814887,479,1,0
1755800550_M..N20R,110250_M..N20R,M,0,1755800550,1M 1822+ MET/CTL,1755819913,1755819917,1104,0,0
1755800670_F..N74R,110450_F..N74R,F,0,1755800670,1F 1824+ STL/179,1755821854,1755821866,1301,1,1
1755800820_D..S08X007,110700_D..S08X007,D,1,1755800820,1D 1827 BPK/STL,1755820428,1755820443,689,1,0
1755800895_B..N66R,110825_B..N66R,B,0,1755800895,1B 1828 BBC/145,1755819091,1755819103,625,0,0
1755800970_D..N05R,110950_D..N05R,D,0,1755800970,1D 1829+ STL/205,1755821104,1755821118,1173,0,0
1755801000_F..N,111000_F..N,F,0,1755801000,EF 1830 2AV/179,1755826194,1755826205,1294,0,0
1755801000_F..S74R,111000_F..S74R,F,1,1755801000,1F 1830 179/STL,1755821719,1755821731,847,0,0
1755801030_B..S65R,111050_B..S65R,B,1,1755801030,1B 1830+ BPK/BBC,1755820319,1755820324,1086,0,0
1755801030_M..S20R,111050_M..S20R,M,1,1755801030,1M 1830+ CTL/MET,1755819707,1755819718,1013,0,0
1755801210_D..S07R,111350_D..S07R,D,1,1755801210,1D 1833+ BPK/BPY,1755820653,1755820668,665,0,0
1755801210_M..N20R,111350_M..N20R,M,0,1755801210,1M 1833+ MET/CTL,1755820307,1755820319,1061,0,0
1755801300_F..N,111500_F..N,F,0,1755801300,EF 1835 CHU/179,1755820981,1755820984,448,0,0
1755801300_F..N74R,111500_F..N74R,F,0,1755801300,1F 1835 STL/179,1755823624,1755823626,1463,0,0
1755801450_D..N05R,111750_D..N05R,D,0,1755801450,1D 1837+ STL/205,1755821975,1755821986,1224,0,0
1755801480_D..S,111800_D..S,D,1,1755801480,ED 1838 BPK/STL,1755821719,1755821731,832,0,0
1755801570_B..N66R,111950_B..N66R,B,0,1755801570,1B 1839+ BBC/145,1755819827,1755819838,723,0,0
1755801600_B..S65R,112000_B..S65R,B,1,1755801600,1B 1840 BPK/BBC,1755821734,1755821746,1172,0,0
1755801600_M..S20R,112000_M..S20R,M,1,1755801600,1M 1840 CTL/MET,1755820383,1755820398,1016,0,0
1755801630_M..N20R,112050_M..N20R,M,0,1755801630,1M 1840+ MET/CTL,1755820878,1755820889,1056,0,0
1755801720_F..S74R,112200_F..S74R,F,1,1755801720,1F 1842 179/STL,1755822199,1755822212,898,2,0
1755801810_D..S09R,112350_D..S09R,D,1,1755801810,1D 1843+ BPK/STL,1755821779,1755821791,735,0,0
1755801870_D..S07R,112450_D..S07R,D,1,1755801870,1D 1844+ 205/STL,1755816385,1755816389,458,0,0
1755801930_M..S20R,112550_M..S20R,M,1,1755801930,1M 1845+ CTL/MET,1755821464,1755821476,1092,0,0
1755801990_D..N05R,112650_D..N05R,D,0,1755801990,1D 1846+ STL/205,1755822482,1755822485,1219,0,0
1755802110_M..N20R,112850_M..N20R,M,0,1755802110,1M 1848+ MET/CTL,1755821193,1755821205,1032,2,0
1755802200_D..S07R,113000_D..S07R,D,1,1755802200,1D 1850 BPK/STL,1755822422,1755822425,769,0,0
1755802245_B..N66R,113075_B..N66R,B,0,1755802245,1B 1850+ BBC/145,1755820338,1755820353,782,0,0
1755802440_F..S74R,113400_F..S74R,F,1,1755802440,1F 1854 179/STL,1755822815,1755822827,918,0,0
1755802470_D..N05R,113450_D..N05R,D,0,1755802470,1D 1854+ STL/205,1755822827,1755822830,1201,0,0
1755802470_F..N74R,113450_F..N74R,F,0,1755802470,1F 1854+ STL/179,1755827676,1755827680,1760,0,0
1755802530_M..S20R,113550_M..S20R,M,1,1755802530,1M 1855+ CTL/MET,1755821704,1755821716,1044,2,0
1755802680_F..N,113800_F..N,F,0,1755802680,EF 1858 CHU/179,1755821944,1755821956,49,-1,48
1755802770_D..S07R,113950_D..S07R,D,1,1755802770,1D 1859+ BPK/STL,1755822590,1755822603,709,0,0
1755802770_M..N20R,113950_M..N20R,M,0,1755802770,1M 1859+ MET/CTL,1755821929,1755821941,1042,0,0
1755802890_D..N05R,114150_D..N05R,D,0,1755802890,1D 1901+ STL/205,1755823070,1755823083,1178,0,0
1755802920_B..N66R,114200_B..N66R,B,0,1755802920,1B 1902 BBC/145,1755821254,1755821266,932,0,0
1755802920_F..S74R,114200_F..S74R,F,1,1755802920,1F 1902 179/STL,1755823206,1755823218,898,0,0
1755803130_M..S20R,114550_M..S20R,M,1,1755803130,1M 1905+ CTL/MET,1755822545,1755822557,1076,0,0
1755803160_B..S66R,114600_B..S66R,B,1,1755803160,1B 1906 145/BBC,1755821704,1755821716,960,0,0
1755803190_F..N74R,114650_F..N74R,F,0,1755803190,1F 1906+ STL/179,1755828397,1755828401,1760,0,0
1755803280_M..N20R,114800_M..N20R,M,0,1755803280,1M 1908 MET/CTL,1755822485,1755822497,1048,0,0
1755803340_D..N,114900_D..N,D,0,1755803340,ED 1909 STL/205,1755824617,1755824632,1245,0,0
1755803400_F..S74R,115000_F..S74R,F,1,1755803400,1F 1910 179/STL,1755823761,1755823773,968,0,0
1755803460_D..S07R,115100_D..S07R,D,1,1755803460,1D 1911 BPK/STL,1755823428,1755823431,740,0,0
1755803520_B..N66R,115200_B..N66R,B,0,1755803520,1B 1912 BBC/145,1755822019,1755822031,954,0,0
1755803640_M..S20R,115400_M..S20R,M,1,1755803640,1M 1914 CTL/MET,1755822560,1755822572,1010,0,0
1755803700_B..S66R,115500_B..S66R,B,1,1755803700,1B 1915 145/BBC,1755821885,1755821896,912,0,0
1755803790_D..N05R,115650_D..N05R,D,0,1755803790,1D 1916+ STL/205,1755824227,1755824239,1206,0,0
1755803880_F..S74R,115800_F..S74R,F,1,1755803880,1F 1918 179/STL,1755824148,1755824152,1184,0,0
1755803970_F..N74R,115950_F..N74R,F,0,1755803970,1F 1919+ STL/179,1755824167,1755824179,1174,0,0
1755804000_M..N20R,116000_M..N20R,M,0,1755804000,1M 1920 MET/CTL,1755822770,1755822783,990,0,0
1755804090_D..S07R,116150_D..S07R,D,1,1755804090,1D 1921+ BPK/STL,1755823788,1755823791,707,0,0
1755804120_B..N66R,116200_B..N66R,B,0,1755804120,1B 1922 BBC/145,1755822545,1755822557,802,0,0
1755804270_M..S20R,116450_M..S20R,M,1,1755804270,1M 1924+ CTL/MET,1755822920,1755822933,974,0,0
1755804300_B..S66R,116500_B..S66R,B,1,1755804300,1B 1925 145/BBC,1755822362,1755822365,895,0,0
1755804360_D..N05R,116600_D..N05R,D,0,1755804360,1D 1926 STL/205,1755824617,1755824632,1173,0,0
1755804360_F..S74R,116600_F..S74R,F,1,1755804360,1F 1926 179/STL,1755824572,1755824587,986,0,0
1755804390_F..N74R,116650_F..N74R,F,0,1755804390,1F 1926+ STL/179,1755824812,1755824827,1186,0,0
1755804540_D..S07R,116900_D..S07R,D,1,1755804540,1D 1929 BPK/STL,1755824046,1755824058,663,0,0
1755804690_F..N74R,117150_F..N74R,F,0,1755804690,1F 1931+ STL/179,1755825218,1755825233,1189,0,0
1755804690_M..N20R,117150_M..N20R,M,0,1755804690,1M 1931+ MET/CTL,1755823641,1755823653,1029,0,0
1755804720_B..N66R,117200_B..N66R,B,0,1755804720,1B 1932 BBC/145,1755823206,1755823218,969,0,0
1755804810_D..N05R,117350_D..N05R,D,0,1755804810,1D 1933+ STL/205,1755825383,1755825398,1192,0,0
1755804840_F..S74R,117400_F..S74R,F,1,1755804840,1F 1934 179/STL,1755825143,1755825157,1007,0,0
1755804930_M..S20R,117550_M..S20R,M,1,1755804930,1M 1935+ CTL/MET,1755823626,1755823638,1010,0,0
1755805020_F..N74R,117700_F..N74R,F,0,1755805020,1F 1937 STL/179,1755825923,1755825935,1222,0,0
1755805110_D..S07R,117850_D..S07R,D,1,1755805110,1D 1938+ BPK/STL,1755824887,1755824902,692,0,0
1755805140_M..N20R,117900_M..N20R,M,0,1755805140,1M 1939 MET/CTL,1755824167,1755824179,1055,0,0
1755805200_B..N66R,118000_B..N66R,B,0,1755805200,1B 1940 BBC/145,1755823806,1755823818,1003,0,0
1755805260_D..S08X007,118100_D..S08X007,D,1,1755805260,1D 1941 205/BPY,1755819767,1755819778,494,0,0
1755805299_B..S66R,118166_B..S66R,B,1,1755805299,1B 1941+ 145/BBC,1755823716,1755823728,980,0,0
1755805320_F..S74R,118200_F..S74R,F,1,1755805320,1F 1942 179/STL,1755825548,1755825563,882,0,0
1755805350_D..N05R,118250_D..N05R,D,0,1755805350,1D 1942+ STL/205,1755825803,1755825814,1164,0,0
1755805410_F..N74R,118350_F..N74R,F,0,1755805410,1F 1943+ STL/179,1755826010,1755826013,1183,0,0
1755805560_D..S08X007,118600_D..S08X007,D,1,1755805560,1D 1946 BPK/BPY,1755824692,1755824704,602,0,0
1755805740_M..N20R,118900_M..N20R,M,0,1755805740,1M 1949 MET/CTL,1755824722,1755824737,1035,0,0
1755805740_M..S20R,118900_M..S20R,M,1,1755805740,1M 1949 CTL/MET,1755824212,1755824224,981,0,0
1755805800_F..S74R,119000_F..S74R,F,1,1755805800,1F 1950 179/STL,1755826115,1755826118,1145,0,0
1755805860_D..N05R,119100_D..N05R,D,0,1755805860,1D 1951 STL/205,1755826149,1755826160,1142,0,0
1755805890_F..N74R,119150_F..N74R,F,0,1755805890,1F 1951+ STL/179,1755826670,1755826674,802,0,0
1755805920_B..N66R,119200_B..N66R,B,0,1755805920,1B 1952 BBC/145,1755824407,1755824419,980,0,0
1755805980_D..S07R,119300_D..S07R,D,1,1755805980,1D 1953 BPK/STL,1755825743,1755825758,637,0,0
1755806100_D..S08X007,119500_D..S08X007,D,1,1755806100,1D 1955 205/BPY,1755820548,1755820560,465,0,0
1755806100_M..S20R,119500_M..S20R,M,1,1755806100,1M 1955 CTL/MET,1755824737,1755824752,988,0,0
1755806250_M..N20R,119750_M..N20R,M,0,1755806250,1M 1957+ MET/CTL,1755824977,1755824992,986,0,0
1755806280_F..S73R,119800_F..S73R,F,1,1755806280,1F 1958 179/STL,1755826355,1755826359,915,0,0
1755806299_B..S66R,119833_B..S66R,B,1,1755806299,1B 1958 145/BBC,1755824689,1755824692,957,0,0
1755806370_F..N74R,119950_F..N74R,F,0,1755806370,1F 1959+ STL/179,1755827410,1755827421,901,0,0
1755806400_D..S08X007,120000_D..S08X007,D,1,1755806400,1D 2000 BPK/BPY,1755826073,1755826085,635,0,0
1755806520_B..N66R,120200_B..N66R,B,0,1755806520,1B 2002 BBC/145,1755825037,1755825052,955,0,0
1755806520_D..N05R,120200_D..N05R,D,0,1755806520,1D 2002 STL/205,1755831719,1755831730,1766,0,0
1755806760_F..S74R,120600_F..S74R,F,1,1755806760,1F 2006 179/STL,1755826911,1755826914,751,0,0
1755806760_M..N20R,120600_M..N20R,M,0,1755806760,1M 2006 MET/CTL,1755825518,1755825533,955,0,0
1755806760_M..S20R,120600_M..S20R,M,1,1755806760,1M 2006 CTL/MET,1755825863,1755825874,984,0,0
1755806850_F..N74R,120750_F..N74R,F,0,1755806850,1F 2007+ STL/179,1755827635,1755827646,1209,0,0
1755806970_D..S07R,120950_D..S07R,D,1,1755806970,1D 2009+ BPK/STL,1755826610,1755826614,652,0,0
1755807060_FS.N01R,121100_FS.N01R,FS,0,1755807060,1FS 2011 PPK/FKN,1755821749,1755821761,483,0,0
1755807090_FS.S01R,121150_FS.S01R,FS,1,1755807090,1FS 2011+ FKN/PPK,1755821749,1755821761,479,0,0
1755807120_B..N66R,121200_B..N66R,B,0,1755807120,1B 2012 BBC/145,1755825889,1755825893,940,0,0
1755807210_D..N05R,121350_D..N05R,D,0,1755807210,1D 2013+ STL/205,1755832410,1755832421,1766,0,0
1755807210_M..N20R,121350_M..N20R,M,0,1755807210,1M 2013+ MET/CTL,1755825698,1755825713,908,0,0
1755807270_F..S74R,121450_F..S74R,F,1,1755807270,1F 2014+ 179/STL,1755827545,1755827556,905,0,0
1755807300_B..S66R,121500_B..S66R,B,1,1755807300,1B 2015 145/BBC,1755825935,1755825938,922,0,0
1755807300_M..S20R,121500_M..S20R,M,1,1755807300,1M 2015 CTL/MET,1755826464,1755826475,993,1,0
1755807390_D..S08X007,121650_D..S08X007,D,1,1755807390,1D 2016+ BPK/BPY,1755826595,1755826599,579,0,0
1755807409_F..N74R,121683_F..N74R,F,0,1755807409,1F 2016+ STL/179,1755828085,1755828097,898,0,0
1755807600_D..S07R,122000_D..S07R,D,1,1755807600,1D 2020 205/STL,1755821975,1755821986,442,0,0
1755807660_D..N,122100_D..N,D,0,1755807660,ED 2021 STL/205,1755832860,1755832871,1631,0,0
1755807660_F..S73R,122100_F..S73R,F,1,1755807660,1F 2021 179/KHY,1755827080,1755827091,1008,0,0
1755807660_FS.N01R,122100_FS.N01R,FS,0,1755807660,1FS 2021 PPK/FKN,1755824152,1755824167,719,0,0
1755807690_FS.S01R,122150_FS.S01R,FS,1,1755807690,1FS 2021+ FKN/PPK,1755824152,1755824167,715,0,0
1755807720_B..N66R,122200_B..N66R,B,0,1755807720,1B 2022 BBC/145,1755826415,1755826419,930,0,0
1755807900_B..S66R,122500_B..S66R,B,1,1755807900,1B 2025 145/BBC,1755826055,1755826058,858,0,0
1755807900_D..S07R,122500_D..S07R,D,1,1755807900,1D 2025 BPK/STL,1755827710,1755827721,677,0,0
1755807960_M..N20R,122600_M..N20R,M,0,1755807960,1M 2026 MET/CTL,1755827080,1755827091,987,0,0
1755807969_F..N74R,122616_F..N74R,F,0,1755807969,1F 2026 STL/179,1755828176,1755828187,910,0,0
1755808020_M..S20R,122700_M..S20R,M,1,1755808020,1M 2027 CTL/MET,1755827005,1755827015,969,0,0
1755808140_D..S07R,122900_D..S07R,D,1,1755808140,1D 2029 205/STL,1755822995,1755823007,506,0,0
1755808140_F..S74R,122900_F..S74R,F,1,1755808140,1F 2029 179/STL,1755828911,1755828923,975,1,0
1755808170_D..N05R,122950_D..N05R,D,0,1755808170,1D 2029+ STL/205,1755833371,1755833382,1766,0,0
1755808260_FS.N01R,123100_FS.N01R,FS,0,1755808260,1FS 2031 PPK/FKN,1755824152,1755824167,639,0,0
1755808290_FS.S01R,123150_FS.S01R,FS,1,1755808290,1FS 2031+ FKN/PPK,1755824152,1755824167,635,0,0
1755808440_D..S07R,123400_D..S07R,D,1,1755808440,1D 2034 BPK/STL,1755828176,1755828187,603,0,0
1755808491_B..N66R,123486_B..N66R,B,0,1755808491,1B 2034+ BBC/145,1755827155,1755827166,926,0,0
1755808530_F..N74R,123550_F..N74R,F,0,1755808530,1F 2035+ STL/179,1755828641,1755828652,1119,0,0
1755808560_B..S66R,123600_B..S66R,B,1,1755808560,1B 2036 145/BBC,1755826824,1755826835,873,0,0
1755808620_F..S74R,123700_F..S74R,F,1,1755808620,1F 2037 179/STL,1755829377,1755829388,919,0,0
1755808650_M..N20R,123750_M..N20R,M,0,1755808650,1M 2037+ MET/CTL,1755833851,1755833863,1766,0,0
1755808740_D..S07R,123900_D..S07R,D,1,1755808740,1D 2039 205/STL,1755823401,1755823413,480,0,0
1755808920_F..N74R,124200_F..N74R,F,0,1755808920,1F 2042 STL/179,1755828881,1755828892,1099,0,0
1755809040_D..S07R,124400_D..S07R,D,1,1755809040,1D 2044 BPK/STL,1755829091,1755829103,671,0,0
1755809100_B..S66R,124500_B..S66R,B,1,1755809100,1B 2045 145/BBC,1755827196,1755827200,850,0,0
1755809100_F..S74R,124500_F..S74R,F,1,1755809100,1F 2045 179/STL,1755828998,1755829001,914,1,0
1755809250_M..N25R,124750_M..N25R,M,0,1755809250,1M 2047+ MET/ESX,1755825022,1755825037,590,0,0
1755809265_B..N66R,124775_B..N66R,B,0,1755809265,1B 2047+ BBC/145,1755828070,1755828082,945,0,0
1755809265_D..N05R,124775_D..N05R,D,0,1755809265,1D 2047+ STL/205,1755834091,1755834103,1704,0,0
1755809400_E..S,125000_E..S,E,1,1755809400,EE 2050 P-A/CTL,1755824647,1755824662,81,0,0
1755809400_F..N20R,125000_F..N20R,F,0,1755809400,1F 2050 STL/179,1755829838,1755829842,1006,0,0
1755809400_F..S,125000_F..S,F,1,1755809400,EF 2050 KEW/STL,1755829617,1755829628,580,0,0
1755809640_D..S07R,125400_D..S07R,D,1,1755809640,1D 2054 BPK/STL,1755829647,1755829658,669,0,0
1755809700_B..S66R,125500_B..S66R,B,1,1755809700,1B 2055 145/BBC,1755828037,1755828040,900,0,0
1755809880_F..N20R,125800_F..N20R,F,0,1755809880,1F 2058 STL/179,1755830128,1755830139,1045,0,0
1755809910_M..N25R,125850_M..N25R,M,0,1755809910,1M 2058+ MET/ESX,1755825863,1755825874,593,0,0
1755810030_F..S74R,126050_F..S74R,F,1,1755810030,1F 2100+ 179/STL,1755830473,1755830488,751,1,0
1755810036_B..N66R,126061_B..N66R,B,0,1755810036,1B 2100+ BBC/BPK,1755830293,1755830308,1171,1,0
1755810090_FS.S01R,126150_FS.S01R,FS,1,1755810090,1FS 2101+ FKN/PPK,1755832935,1755832947,1485,0,0
1755810180_FS.N01R,126300_FS.N01R,FS,0,1755810180,1FS 2103 PPK/FKN,1755832935,1755832947,1473,0,0
1755810270_D..S07R,126450_D..S07R,D,1,1755810270,1D 2104+ BPK/STL,1755830188,1755830199,694,0,0
1755810300_B..S66R,126500_B..S66R,B,1,1755810300,1B 2105 145/BBC,1755828671,1755828682,922,0,0
1755810360_D..N05R,126600_D..N05R,D,0,1755810360,1D 2106 STL/205,1755835169,1755837023,1749,0,0
1755810360_F..N20R,126600_F..N20R,F,0,1755810360,1F 2106 STL/179,1755830188,1755830199,1116,0,0
1755810510_M..N25R,126850_M..N25R,M,0,1755810510,1M 2108+ MET/ESX,1755826431,1755826434,595,0,0
1755810780_F..S74R,127300_F..S74R,F,1,1755810780,1F 2113 179/STL,1755830683,1755830694,1102,0,0
1755810810_B..N66R,127350_B..N66R,B,0,1755810810,1B 2113+ BBC/145,1755829031,1755829043,903,0,0
1755810810_F..N20R,127350_F..N20R,F,0,1755810810,1F 2113+ STL/179,1755831734,1755831745,1232,0,0
1755810810_FS.S01R,127350_FS.S01R,FS,1,1755810810,1FS 2113+ FKN/PPK,1755832950,1755832962,1393,0,0
1755810840_D..S07R,127400_D..S07R,D,1,1755810840,1D 2114 BPK/STL,1755831025,1755831029,696,0,0
1755810900_B..S66R,127500_B..S66R,B,1,1755810900,1B 2115 145/BBC,1755829677,1755829688,977,0,0
1755810900_FS.N01R,127500_FS.N01R,FS,0,1755810900,1FS 2115 PPK/FKN,1755832950,1755832962,1381,0,0
1755811020_D..S07R,127700_D..S07R,D,1,1755811020,1D 2117 205/STL,1755825383,1755825398,415,0,0
1755811020_M..N25R,127700_M..N25R,M,0,1755811020,1M 2117 MET/ESX,1755827015,1755827019,606,0,0
1755811110_D..N05R,127850_D..N05R,D,0,1755811110,1D 2118+ STL/205,1755832406,1755832410,1281,0,0
1755811230_F..N20R,128050_F..N20R,F,0,1755811230,1F 2120+ STL/179,1755832151,1755832155,1231,0,0
1755811290_M..S25R,128150_M..S25R,M,1,1755811290,1M 2121+ ESX/MET,1755827305,1755827316,609,0,0
1755811320_D..S07R,128200_D..S07R,D,1,1755811320,1D 2122 BPK/STL,1755831224,1755831235,720,0,0
1755811380_F..S74R,128300_F..S74R,F,1,1755811380,1F 2123 179/STL,1755831163,1755831175,1079,0,0
1755811620_D..S,128700_D..S,D,1,1755811620,ED 2127 161/2AV,1755835169,1755837023,1103,2,1
1755811620_M..N25R,128700_M..N25R,M,0,1755811620,1M 2127 MET/ESX,1755827680,1755827691,615,0,0
1755811680_F..N20R,128800_F..N20R,F,0,1755811680,1F 2128 STL/179,1755832620,1755832631,1234,0,0
1755811740_D..S07R,128900_D..S07R,D,1,1755811740,1D 2129 BPK/STL,1755831869,1755831881,733,1,5
1755811860_D..N05R,129100_D..N05R,D,0,1755811860,1D 2131 STL/205,1755832406,1755832410,1181,0,0
1755811890_M..S25R,129150_M..S25R,M,1,1755811890,1M 2131+ ESX/MET,1755828070,1755828082,631,0,0
1755811980_F..S74R,129300_F..S74R,F,1,1755811980,1F 2133 179/STL,1755832019,1755832031,1114,0,0
1755812100_M..N25R,129500_M..N25R,M,0,1755812100,1M 2135 MET/ESX,1755828161,1755828172,615,0,0
1755812220_D..S07R,129700_D..S07R,D,1,1755812220,1D 2137 BPK/STL,1755832620,1755832631,802,0,0
1755812319_F..N20R,129866_F..N20R,F,0,1755812319,1F 2138+ STL/179,1755832740,1755832751,990,0,0
1755812490_M..S25R,130150_M..S25R,M,1,1755812490,1M 2141+ ESX/MET,1755828596,1755828607,599,0,0
1755812550_D..N05R,130250_D..N05R,D,0,1755812550,1D 2142+ STL/205,1755832680,1755832691,1126,0,0
1755812580_F..S74R,130300_F..S74R,F,1,1755812580,1F 2143 179/STL,1755832605,1755832616,1112,0,0
1755812820_D..S07R,130700_D..S07R,D,1,1755812820,1D 2147 BPK/STL,1755832751,1755832755,760,0,0
1755812820_M..N25R,130700_M..N25R,M,0,1755812820,1M 2147 MET/ESX,1755828817,1755828821,606,0,0
1755812959_F..N20R,130933_F..N20R,F,0,1755812959,1F 2149 STL/179,1755834073,1755834076,1167,0,0
1755813090_M..S25R,131150_M..S25R,M,1,1755813090,1M 2151+ ESX/MET,1755829001,1755829013,597,0,0
1755813180_D..S05R,131300_D..S05R,D,1,1755813180,1D 2153 205/STL,1755837710,1755838392,1427,0,0
1755813180_F..S74R,131300_F..S74R,F,1,1755813180,1F 2153 179/STL,1755833311,1755833322,1128,0,0
1755813420_M..N25R,131700_M..N25R,M,0,1755813420,1M 2157 MET/ESX,1755829523,1755829527,626,0,0
1755813600_D..N05R,132000_D..N05R,D,0,1755813600,1D 2200 STL/205,1755834377,1755834388,1220,0,0
1755813600_F..N20R,132000_F..N20R,F,0,1755813600,1F 2200 STL/179,1755834073,1755834076,1179,0,0
1755813690_M..S25R,132150_M..S25R,M,1,1755813690,1M 2201+ ESX/MET,1755830173,1755830184,681,0,0
1755813780_F..S74R,132300_F..S74R,F,1,1755813780,1F 2203 179/STL,1755834076,1755834088,1162,0,0
1755813900_D..S05R,132500_D..S05R,D,1,1755813900,1D 2205 205/STL,1755839248,1755839914,1406,1,0
1755814020_D..S,132700_D..S,D,1,1755814020,ED 2207 161/9AV,1755839248,1755839914,976,1,3
1755814020_F..N20R,132700_F..N20R,F,0,1755814020,1F 2207 STL/179,1755837173,1755837188,1296,0,0
1755814020_M..N25R,132700_M..N25R,M,0,1755814020,1M 2207 MET/ESX,1755830293,1755830308,667,0,0
1755814290_M..S25R,133150_M..S25R,M,1,1755814290,1M 2211+ ESX/MET,1755830338,1755830353,652,0,0
1755814380_F..S74R,133300_F..S74R,F,1,1755814380,1F 2213 179/STL,1755835007,1755835019,1240,0,0
1755814620_D..S05R,133700_D..S05R,D,1,1755814620,1D 2217 205/STL,1755839248,1755839914,1354,0,0
1755814620_F..N20R,133700_F..N20R,F,0,1755814620,1F 2217 STL/179,1755837173,1755837188,1255,0,0
1755814620_M..N25R,133700_M..N25R,M,0,1755814620,1M 2217 MET/ESX,1755830623,1755830638,648,0,0
1755814650_D..N05R,133750_D..N05R,D,0,1755814650,1D 2217+ STL/205,1755835094,1755835098,1232,0,0
1755814980_M..S25R,134300_M..S25R,M,1,1755814980,1M 2223 ESX/MET,1755830938,1755830950,655,0,0
1755815160_F..S74R,134600_F..S74R,F,1,1755815160,1F 2226 179/STL,1755837098,1755837113,938,0,0
1755815220_F..N20R,134700_F..N20R,F,0,1755815220,1F 2227 STL/179,1755837188,1755837203,1200,0,0
1755815220_M..N25R,134700_M..N25R,M,0,1755815220,1M 2227 MET/ESX,1755831133,1755831145,650,0,0
1755815310_D..S05R,134850_D..S05R,D,1,1755815310,1D 2228+ 205/STL,1755840512,1755840527,1329,0,0
1755815460_D..S,135100_D..S,D,1,1755815460,ED 2231 161/2AV,1755840663,1755840678,870,0,0
1755815610_M..S25R,135350_M..S25R,M,1,1755815610,1M 2233+ ESX/MET,1755831884,1755831896,699,0,0
1755815670_D..N05R,135450_D..N05R,D,0,1755815670,1D 2234+ STL/205,1755837278,1755837293,1146,0,0
1755815670_FS.N01R,135450_FS.N01R,FS,0,1755815670,1FS 2234+ PPK/FKN,1755833191,1755833202,572,0,0
1755815730_M..N25R,135550_M..N25R,M,0,1755815730,1M 2235+ MET/ESX,1755831629,1755831640,649,0,0
1755815820_F..N20R,135700_F..N20R,F,0,1755815820,1F 2237 STL/179,1755837203,1755837218,1121,0,0
1755815910_F..S20R,135850_F..S20R,F,1,1755815910,1F 2238+ 179/STL,1755837128,1755837143,1104,0,0
1755816090_M..S25R,136150_M..S25R,M,1,1755816090,1M 2241+ ESX/MET,1755832106,1755832110,664,0,0
1755816300_FS.S01R,136500_FS.S01R,FS,1,1755816300,1FS 2245 FKN/PPK,1755833191,1755833202,572,0,0
1755816420_D..S05R,136700_D..S05R,D,1,1755816420,1D 2247 205/STL,1755841264,1755841275,1241,0,0
1755816420_F..S20R,136700_F..S20R,F,1,1755816420,1F 2247 179/STL,1755837128,1755837143,1036,1,0
1755816420_M..N25R,136700_M..N25R,M,0,1755816420,1M 2247 MET/ESX,1755841624,1755841636,1288,0,0
1755816450_D..N05R,136750_D..N05R,D,0,1755816450,1D 2247+ STL/205,1755837323,1755837338,1045,0,0
1755816540_F..N20R,136900_F..N20R,F,0,1755816540,1F 2249 STL/179,1755838572,1755838587,1077,0,0
1755816570_FS.N01R,136950_FS.N01R,FS,0,1755816570,1FS 2249+ PPK/FKN,1755833206,1755833217,574,0,0
1755816780_M..S25R,137300_M..S25R,M,1,1755816780,1M 2253 ESX/MET,1755832560,1755832571,633,0,0
1755816900_D..S,137500_D..S,D,1,1755816900,ED 2255 161/9AV,1755842104,1755842116,884,0,0
1755816960_F..S20R,137600_F..S20R,F,1,1755816960,1F 2256 179/STL,1755838482,1755838497,1015,0,0
1755817140_M..N25R,137900_M..N25R,M,0,1755817140,1M 2259 MET/ESX,1755833491,1755833502,709,0,0
1755817200_FS.S01R,138000_FS.S01R,FS,1,1755817200,1FS 2300 FKN/PPK,1755833206,1755833217,574,0,0
1755817260_F..N20R,138100_F..N20R,F,0,1755817260,1F 2301 STL/179,1755838752,1755838768,993,0,0
1755817290_D..N05R,138150_D..N05R,D,0,1755817290,1D 2301+ STL/205,1755837323,1755837338,933,0,0
1755817290_M..S25R,138150_M..S25R,M,1,1755817290,1M 2301+ ESX/MET,1755832931,1755832935,614,0,0
1755817560_D..S05R,138600_D..S05R,D,1,1755817560,1D 2306 205/STL,1755834047,1755834058,727,0,0
1755817560_F..S20R,138600_F..S20R,F,1,1755817560,1F 2306 179/STL,1755838497,1755838512,936,0,0
1755817770_FS.N01R,138950_FS.N01R,FS,0,1755817770,1FS 2309+ PPK/FKN,1755833221,1755833232,575,0,0
1755817800_M..N25R,139000_M..N25R,M,0,1755817800,1M 2310 MET/ESX,1755833746,1755833757,655,0,0
1755817860_D..S05R,139100_D..S05R,D,1,1755817860,1D 2311 BPK/STL,1755838572,1755838587,214,0,0
1755817980_F..N20R,139300_F..N20R,F,0,1755817980,1F 2313 STL/179,1755840062,1755840077,925,0,0
1755818010_M..S25R,139350_M..S25R,M,1,1755818010,1M 2313+ ESX/MET,1755833776,1755833787,631,0,0
1755818100_D..S,139500_D..S,D,1,1755818100,ED 2315 161/2AV,1755843305,1755843317,865,0,0
1755818160_D..N05R,139600_D..N05R,D,0,1755818160,1D 2316 STL/205,1755838722,1755838737,871,0,0
1755818280_F..S20R,139800_F..S20R,F,1,1755818280,1F 2318 179/STL,1755843486,1755843498,1272,0,0
1755818400_FS.S01R,140000_FS.S01R,FS,1,1755818400,1FS 2320 FKN/PPK,1755833221,1755833232,505,0,0
1755818400_M..N30R,140000_M..N30R,M,0,1755818400,1M 2320 MET/MYR,1755833551,1755833562,549,0,0
1755818430_D..S05R,140050_D..S05R,D,1,1755818430,1D 2320+ 205/STL,1755834392,1755834403,657,0,0
1755818730_D..S05R,140550_D..S05R,D,1,1755818730,1D 2325+ BPK/STL,1755840347,1755840362,247,0,0
1755818760_F..N20R,140600_F..N20R,F,0,1755818760,1F 2326 STL/179,1755840047,1755840062,837,0,0
1755818790_M..S25R,140650_M..S25R,M,1,1755818790,1M 2326+ ESX/MET,1755834553,1755834557,630,0,0
1755818970_FS.N01R,140950_FS.N01R,FS,0,1755818970,1FS 2329+ PPK/FKN,1755835038,1755835049,671,0,0
1755819000_F..S,141000_F..S,F,1,1755819000,1F 2330 179/STL,1755840317,1755840329,825,0,0
1755819090_D..N05R,141150_D..N05R,D,0,1755819090,1D 2331+ STL/205,1755841488,1755841501,914,0,0
1755819300_M..N30R,141500_M..N30R,M,0,1755819300,1M 2335 MET/MYR,1755834452,1755834463,549,0,0
1755819330_D..S05R,141550_D..S05R,D,1,1755819330,1D 2335+ 205/STL,1755834767,1755834778,587,0,0
1755819540_F..N20R,141900_F..N20R,F,0,1755819540,1F 2339 STL/179,1755840783,1755840798,790,0,0
1755819600_FS.S01R,142000_FS.S01R,FS,1,1755819600,1FS 2340 FKN/PPK,1755835038,1755835049,594,0,0
1755819630_D..S05R,142050_D..S05R,D,1,1755819630,1D 2340+ BPK/STL,1755844822,1755844837,732,1,1
1755819900_F..S,142500_F..S,F,1,1755819900,1F 2345 179/STL,1755841951,1755841954,892,1,0
1755819900_M..S30R,142500_M..S30R,M,1,1755819900,1M 2345 MYR/MET,1755835068,1755835079,576,0,0
1755819930_D..N05R,142550_D..N05R,D,0,1755819930,1D 2345+ STL/205,1755841504,1755841515,831,0,0
1755820170_FS.N01R,142950_FS.N01R,FS,0,1755820170,1FS 2349+ PPK/FKN,1755835038,1755835049,543,0,0
1755820200_M..N30R,143000_M..N30R,M,0,1755820200,1M 2350 MET/MYR,1755845407,1755845422,1274,0,0
1755820320_F..N20R,143200_F..N20R,F,0,1755820320,1F 2352 STL/179,1755841425,1755841428,773,0,0
1755820530_D..S05R,143550_D..S05R,D,1,1755820530,1D 2355+ BPK/STL,1755841293,1755841305,271,0,0
1755820770_D..N05R,143950_D..N05R,D,0,1755820770,1D 2359+ STL/205,1755841518,1755841530,726,0,0
1755820800_FS.S01R,000000_FS.S01R,FS,1,1755820800,1FS 0000 FKN/PPK,1755837368,1755837383,499,0,0
1755820830_F..S,000050_F..S,F,1,1755820830,1F 0000+ 179/STL,1755842179,1755842192,797,0,0
1755821160_F..N20R,000600_F..N20R,F,0,1755821160,1F 0006 STL/179,1755843546,1755843558,943,0,0
1755821160_M..N30R,000600_M..N30R,M,0,1755821160,1M 0006 MET/MYR,1755846368,1755846381,1208,0,0
1755821370_FS.N01R,000950_FS.N01R,FS,0,1755821370,1FS 0009+ PPK/FKN,1755837293,1755837308,418,0,0
1755821460_D..S05R,001100_D..S05R,D,1,1755821460,1D 0011 BPK/STL,1755842224,1755842236,326,0,0
1755821790_D..N05R,001650_D..N05R,D,0,1755821790,1D 0016+ STL/205,1755846203,1755846218,1112,0,0
1755821970_F..S,001950_F..S,F,1,1755821970,1F 0019+ 179/STL,1755842750,1755842762,730,0,0
1755822000_FS.S01R,002000_FS.S01R,FS,1,1755822000,1FS 0020 FKN/PPK,1755837368,1755837383,340,0,0
1755822090_F..N20R,002150_F..N20R,F,0,1755822090,1F 0021+ STL/179,1755843813,1755843816,855,0,0
1755822240_M..N30R,002400_M..N30R,M,0,1755822240,1M 0024 MET/MYR,1755837323,1755837338,304,0,0
1755822570_D..S05R,002950_D..S05R,D,1,1755822570,1D 0029+ BPK/STL,1755842855,1755842867,412,0,0
1755822960_D..N05R,003600_D..N05R,D,0,1755822960,1D 0036 STL/205,1755846128,1755846143,954,0,0
1755823170_F..S,003950_F..S,F,1,1755823170,1F 0039+ 179/STL,1755844867,1755844882,835,0,0
1755823200_FS.S01R,004000_FS.S01R,FS,1,1755823200,1FS 0040 FKN/PPK,1755837368,1755837383,180,0,0
1755823290_F..N20R,004150_F..N20R,F,0,1755823290,1F 0041+ STL/179,1755844293,1755844296,759,0,0
1755823440_M..N30R,004400_M..N30R,M,0,1755823440,1M 0044 MET/MYR,1755838557,1755838572,187,0,0
1755823530_D..S05R,004550_D..S05R,D,1,1755823530,1D 0045+ 205/STL,1755840407,1755840419,205,0,0
1755823770_D..S05R,004950_D..S05R,D,1,1755823770,1D 0049+ BPK/STL,1755848966,1755848978,1021,0,0
1755823770_FS.N01R,004950_FS.N01R,FS,0,1755823770,1FS 0049+ PPK/FKN,1755840032,1755840047,200,0,0
1755824160_D..N05R,005600_D..N05R,D,0,1755824160,1D 0056 STL/205,1755846173,1755846188,797,1,0
1755824370_F..S,005950_F..S,F,1,1755824370,1F 0059+ 179/STL,1755845708,1755845723,738,0,0
1755824490_F..N20R,006150_F..N20R,F,0,1755824490,1F 0101+ STL/179,1755846399,1755846411,790,0,0
1755824520_M..S30R,006200_M..S30R,M,1,1755824520,1M 0102 MYR/MET,1755840152,1755840167,125,0,0
1755824640_M..N30R,006400_M..N30R,M,0,1755824640,1M 0104 MET/MYR,1755849837,1755849852,1211,0,0
1755824730_D..S05R,006550_D..S05R,D,1,1755824730,1D 0105+ 205/STL,1755845693,1755845708,720,0,0
1755824970_D..S05R,006950_D..S05R,D,1,1755824970,1D 0109+ BPK/STL,1755848861,1755848873,401,0,0
1755825360_D..N05R,007600_D..N05R,D,0,1755825360,1D 0116 STL/205,1755845723,1755845738,739,2,2
1755825360_D..S,007600_D..S,D,1,1755825360,$D 0217 59S/STL,1755848245,1755848258,357,0,0
1755825570_F..S,007950_F..S,F,1,1755825570,1F 0119+ 179/STL,1755846819,1755846831,849,0,0
1755825600_FS.S01R,008000_FS.S01R,FS,1,1755825600,1FS 0120 FKN/PPK,1755840062,1755840077,122,0,0
1755825690_F..N20R,008150_F..N20R,F,0,1755825690,1F 0121+ STL/179,1755847044,1755847056,876,0,0
1755825720_M..S30R,008200_M..S30R,M,1,1755825720,1M 0122 MYR/MET,1755840873,1755840888,177,0,0
1755825840_M..N30R,008400_M..N30R,M,0,1755825840,1M 0124 MET/MYR,1755840888,1755840900,179,0,0
1755825930_D..S05R,008550_D..S05R,D,1,1755825930,1D 0125+ 205/STL,1755845693,1755845708,718,0,0
1755826170_D..S05R,008950_D..S05R,D,1,1755826170,1D 0129+ BPK/STL,1755849897,1755849912,523,0,0
1755826170_FS.N01R,008950_FS.N01R,FS,0,1755826170,1FS 0129+ PPK/FKN,1755842585,1755842597,388,0,0
1755826560_D..N05R,009600_D..N05R,D,0,1755826560,1D 0136 STL/205,1755847089,1755847101,862,0,0
1755826770_F..S,009950_F..S,F,1,1755826770,1F 0139+ 179/STL,1755848351,1755848363,1016,0,0
1755826800_FS.S01R,010000_FS.S01R,FS,1,1755826800,1FS 0140 FKN/PPK,1755842599,1755842612,351,0,0
1755826890_F..N20R,010150_F..N20R,F,0,1755826890,1F 0141+ STL/179,1755847735,1755847747,920,0,0
1755826920_M..S30R,010200_M..S30R,M,1,1755826920,1M 0142 MYR/MET,1755841999,1755842011,256,0,0
1755827040_M..N30R,010400_M..N30R,M,0,1755827040,1M 0144 MET/MYR,1755842311,1755842314,296,0,0
1755827730_D..S05R,011550_D..S05R,D,1,1755827730,1D 0155+ 205/STL,1755845708,1755845723,485,0,0
1755827760_D..N05R,011600_D..N05R,D,0,1755827760,1D 0156 STL/205,1755852960,1755852973,1805,0,0
1755827970_D..S05R,011950_D..S05R,D,1,1755827970,1D 0159+ BPK/STL,1755850603,1755850618,632,0,0
1755827970_F..S,011950_F..S,F,1,1755827970,1F 0159+ 179/STL,1755849249,1755849251,1094,0,0
1755828090_F..N20R,012150_F..N20R,F,0,1755828090,1F 0201+ STL/179,1755848828,1755848831,1030,0,0
1755828120_M..S30R,012200_M..S30R,M,1,1755828120,1M 0202 MYR/MET,1755843290,1755843302,393,0,0
1755828240_M..N30R,012400_M..N30R,M,0,1755828240,1M 0204 MET/MYR,1755843275,1755843287,383,0,0
1755828570_FS.N01R,012950_FS.N01R,FS,0,1755828570,1FS 0209+ PPK/FKN,1755846984,1755846996,761,0,0
1755829140_F..N20R,013900_F..N20R,F,0,1755829140,1F 0219 STL/179,1755850723,1755850738,1242,0,0
1755829170_F..S,013950_F..S,F,1,1755829170,1F 0219+ 179/STL,1755850212,1755850227,1171,0,0
1755829200_FS.S01R,014000_FS.S01R,FS,1,1755829200,1FS 0220 FKN/PPK,1755846984,1755846996,754,0,0
1755829320_M..S30R,014200_M..S30R,M,1,1755829320,1M 0222 MYR/MET,1755844446,1755844459,511,0,0
1755829440_M..N30R,014400_M..N30R,M,0,1755829440,1M 0224 MET/MYR,1755844491,1755844504,509,0,0
1755829530_D..S05R,014550_D..S05R,D,1,1755829530,1D 0225+ 205/STL,1755845708,1755845723,596,2,0
1755829575_D..N05R,014625_D..N05R,D,0,1755829575,1D 0226 STL/205,1755851429,1755851441,1168,0,0
1755829650_D..N,014750_D..N,D,0,1755829650,ED 0227+ 125/205,1755846188,1755846203,184,0,0
1755829770_D..S05R,014950_D..S05R,D,1,1755829770,1D 0229+ BPK/STL,1755850963,1755850978,649,0,0
1755830370_F..S,015950_F..S,F,1,1755830370,1F 0239+ 179/STL,1755851414,1755851426,1272,0,0
1755830400_F..N20R,016000_F..N20R,F,0,1755830400,1F 0240 STL/179,1755851113,1755851126,1210,0,0
1755830430_D..S,016050_D..S,D,1,1755830430,ED 0240+ 364/STL,1755846263,1755846275,95,0,0
1755830520_M..S30R,016200_M..S30R,M,1,1755830520,1M 0242 MYR/MET,1755845603,1755845618,513,0,0
1755830640_M..N30R,016400_M..N30R,M,0,1755830640,1M 0244 MET/MYR,1755845708,1755845723,504,0,0
1755830730_D..S05R,016550_D..S05R,D,1,1755830730,1D 0245+ 205/STL,1755845708,1755845723,438,0,0
1755830970_D..S05R,016950_D..S05R,D,1,1755830970,1D 0249+ BPK/STL,1755851516,1755851519,756,0,0
1755831390_D..N05R,017650_D..N05R,D,0,1755831390,1D 0256+ STL/205,1755851714,1755851726,1203,0,0
1755831570_F..S,017950_F..S,F,1,1755831570,1F 0259+ 179/STL,1755852660,1755852673,1431,0,0
1755831600_F..N20R,018000_F..N20R,F,0,1755831600,1F 0300 STL/179,1755851789,1755851801,1195,0,0
1755831720_M..S30R,018200_M..S30R,M,1,1755831720,1M 0302 MYR/MET,1755846801,1755846804,468,0,0
1755831840_M..N30R,018400_M..N30R,M,0,1755831840,1M 0304 MET/MYR,1755846849,1755846861,459,0,0
1755831930_D..S05R,018550_D..S05R,D,1,1755831930,1D 0305+ 205/STL,1755846518,1755846531,371,1,0
1755832170_D..S05R,018950_D..S05R,D,1,1755832170,1D 0309+ BPK/STL,1755852090,1755852102,841,0,0
1755832770_F..S,019950_F..S,F,1,1755832770,1F 0319+ 179/STL,1755853198,,1408,0,0
1755832800_F..N20R,020000_F..N20R,F,0,1755832800,1F 0320 STL/179,1755852690,1755852703,1275,0,0
1755832800_FS.S01R,020000_FS.S01R,FS,1,1755832800,1FS 0320 FKN/PPK,1755851654,1755851666,1001,0,0
1755832920_M..S30R,020200_M..S30R,M,1,1755832920,1M 0322 MYR/MET,1755848080,1755848092,479,0,0
1755833040_M..N30R,020400_M..N30R,M,0,1755833040,1M 0324 MET/MYR,1755848020,1755848032,455,0,0
1755833190_D..N05R,020650_D..N05R,D,0,1755833190,1D 0326+ STL/205,1755853198,,1176,0,0
1755833370_FS.N01R,020950_FS.N01R,FS,0,1755833370,1FS 0329+ PPK/FKN,1755851654,1755851666,925,0,0
1755833730_D..S05R,021550_D..S05R,D,1,1755833730,1D 0335+ 205/STL,1755848228,1755848230,310,0,0
1755833970_D..S05R,021950_D..S05R,D,1,1755833970,1D 0339+ BPK/STL,1755853198,,890,0,0
1755833970_F..S,021950_F..S,F,1,1755833970,1F 0339+ 179/STL,1755853198,,1252,0,0
1755834000_F..N20R,022000_F..N20R,F,0,1755834000,1F 0340 STL/179,1755853198,,1249,0,0
1755834120_M..S30R,022200_M..S30R,M,1,1755834120,1M 0342 MYR/MET,1755849176,1755849189,478,0,0
1755834240_M..N30R,022400_M..N30R,M,0,1755834240,1M 0344 MET/MYR,1755849582,1755849597,510,0,0
1755834990_D..N05R,023650_D..N05R,D,0,1755834990,1D 0356+ STL/205,1755853198,,1183,0,0
1755835170_F..S,023950_F..S,F,1,1755835170,1F 0359+ 179/STL,1755853198,,1171,0,0
1755835200_F..N20R,024000_F..N20R,F,0,1755835200,1F 0400 STL/179,1755853198,,1169,0,0
1755749400_G..S14X019,025000_G..S14X019,G,1,1755749400,1G 0410 BDN/CHU,1755765515,1755765524,709,0,0
1755749970_G..N14X007,025950_G..N14X007,G,0,1755749970,1G 0419+ CHU/BDN,1755766566,1755766575,773,0,0
1755750600_G..S14X019,027000_G..S14X019,G,1,1755750600,1G 0430 BDN/CHU,1755766140,1755766146,632,0,0
1755751200_G..N14R,028000_G..N14R,G,0,1755751200,1G 0440 CHU/CRS,1755769248,1755769254,966,0,0
1755751800_G..S14X019,029000_G..S14X019,G,1,1755751800,1G 0450 BDN/CHU,1755767437,1755767446,645,0,0
1755752400_G..N14R,030000_G..N14R,G,0,1755752400,1G 0500 CHU/CRS,1755768768,1755768774,742,0,0
1755753240_G..S14R,031400_G..S14R,G,1,1755753240,1G 0514 CRS/CHU,1755769645,1755769653,747,0,0
1755753450_G..N14R,031750_G..N14R,G,0,1755753450,1G 0517+ CHU/CRS,1755771080,1755771086,910,0,0
1755753840_G..S,032400_G..S,G,1,1755753840,EG 0524 CRS/CHU,1755770230,1755770239,361,0,0
1755754200_G..N14R,033000_G..N14R,G,0,1755754200,1G 0530 CHU/CRS,1755771095,1755771101,812,0,0
1755754440_G..S14R,033400_G..S14R,G,1,1755754440,1G 0534 CRS/CHU,1755771275,1755771281,804,0,0
1755755100_G..N14R,034500_G..N14R,G,0,1755755100,1G 0545 CHU/CRS,1755772176,1755772182,837,0,0
1755755310_G..S14R,034850_G..S14R,G,1,1755755310,1G 0548+ CRS/CHU,1755771996,1755772002,785,0,0
1755755520_G..N14R,035200_G..N14R,G,0,1755755520,1G 0552 CHU/CRS,1755772176,1755772182,781,0,0
1755755940_G..N14R,035900_G..N14R,G,0,1755755940,1G 0559 CHU/CRS,1755772957,1755772963,829,0,0
1755756000_G..S14R,036000_G..S14R,G,1,1755756000,1G 0600 CRS/CHU,1755772618,1755772627,776,0,0
1755756390_G..N14R,036650_G..N14R,G,0,1755756390,1G 0606+ CHU/CRS,1755772957,1755772963,769,0,0
1755756840_G..S14R,037400_G..S14R,G,1,1755756840,1G 0614 CRS/CHU,1755773437,1755773444,773,0,0
1755756870_G..N14R,037450_G..N14R,G,0,1755756870,1G 0614+ CHU/CRS,1755773624,1755773633,794,0,0
1755757230_G..N14R,038050_G..N14R,G,0,1755757230,1G 0620+ CHU/CRS,1755774248,1755774254,829,0,0
1755757560_G..S14R,038600_G..S14R,G,1,1755757560,1G 0626 CRS/CHU,1755773948,1755773954,745,0,0
1755757680_G..N14R,038800_G..N14R,G,0,1755757680,1G 0628 CHU/CRS,1755774344,1755774353,782,0,0
1755758100_G..N14R,039500_G..N14R,G,0,1755758100,1G 0635 CHU/CRS,1755774684,1755774690,771,0,0
1755758100_G..S14R,039500_G..S14R,G,1,1755758100,1G 0635 CRS/CHU,1755774945,1755774954,806,0,0
1755758700_G..N14R,040500_G..N14R,G,0,1755758700,1G 0645 CHU/CRS,1755775245,1755775254,766,0,0
1755758730_G..S14R,040550_G..S14R,G,1,1755758730,1G 0645+ CRS/CHU,1755775110,1755775119,744,0,0
1755759150_G..N14R,041250_G..N14R,G,0,1755759150,1G 0652+ CHU/CRS,1755775651,1755775660,760,0,0
1755759210_G..S14R,041350_G..S14R,G,1,1755759210,1G 0653+ CRS/CHU,1755775765,1755775771,767,0,0
1755759540_G..N14R,041900_G..N14R,G,0,1755759540,1G 0659 CHU/CRS,1755775921,1755775930,744,0,0
1755759660_G..S14R,042100_G..S14R,G,1,1755759660,1G 0701 CRS/CHU,1755776221,1755776230,768,0,0
1755759930_G..N14R,042550_G..N14R,G,0,1755759930,1G 0705+ CHU/CRS,1755776912,1755776921,824,0,0
1755760110_G..S14R,042850_G..S14R,G,1,1755760110,1G 0708+ CRS/CHU,1755776747,1755776756,778,0,0
1755760380_G..N14R,043300_G..N14R,G,0,1755760380,1G 0713 CHU/CRS,1755776927,1755776936,766,0,0
1755760500_G..S14R,043500_G..S14R,G,1,1755760500,1G 0715 CRS/CHU,1755777032,1755777041,764,0,0
1755760830_G..N14R,044050_G..N14R,G,0,1755760830,1G 0720+ CHU/CRS,1755777498,1755777507,782,0,0
1755760950_G..S14R,044250_G..S14R,G,1,1755760950,1G 0722+ CRS/CHU,1755777492,1755777498,765,0,0
1755761220_G..N14R,044700_G..N14R,G,0,1755761220,1G 0727 CHU/CRS,1755778017,1755778023,799,0,0
1755761430_G..S14R,045050_G..S14R,G,1,1755761430,1G 0730+ CRS/CHU,1755777837,1755777843,747,0,0
1755761640_G..N14R,045400_G..N14R,G,0,1755761640,1G 0734 CHU/CRS,1755778453,1755778459,801,0,0
1755761880_G..S14R,045800_G..S14R,G,1,1755761880,1G 0738 CRS/CHU,1755778453,1755778459,769,0,0
1755762030_G..N14R,046050_G..N14R,G,0,1755762030,1G 0740+ CHU/CRS,1755778858,1755778864,803,0,0
1755762270_G..S14R,046450_G..S14R,G,1,1755762270,1G 0744+ CRS/CHU,1755778753,1755778759,757,0,0
1755762510_G..N14R,046850_G..N14R,G,0,1755762510,1G 0748+ CHU/CRS,1755779014,1755779023,749,0,0
1755762720_G..S14R,047200_G..S14R,G,1,1755762720,1G 0752 CRS/CHU,1755779353,1755779360,777,0,0
1755763020_G..N14R,047700_G..N14R,G,0,1755763020,1G 0757 CHU/CRS,1755779720,1755779729,786,0,0
1755763140_G..S14R,047900_G..S14R,G,1,1755763140,1G 0759 CRS/CHU,1755779534,1755779540,745,0,0
1755763560_G..N14R,048600_G..N14R,G,0,1755763560,1G 0806 CHU/CRS,1755779984,1755779990,750,0,0
1755763620_G..S14R,048700_G..S14R,G,1,1755763620,1G 0807 CRS/CHU,1755780126,1755780134,761,0,0
1755763980_G..N14R,049300_G..N14R,G,0,1755763980,1G 0813 CHU/CRS,1755780546,1755780555,769,0,0
1755764040_G..S14R,049400_G..S14R,G,1,1755764040,1G 0814 CRS/CHU,1755780621,1755780630,771,0,0
1755764430_G..N14R,050050_G..N14R,G,0,1755764430,1G 0820+ CHU/CRS,1755781140,1755781147,788,0,0
1755764460_G..S14R,050100_G..S14R,G,1,1755764460,1G 0821 CRS/CHU,1755781080,1755781087,776,0,0
1755764820_G..S14R,050700_G..S14R,G,1,1755764820,1G 0827 CRS/CHU,1755781642,1755781651,803,0,0
1755764940_G..N14R,050900_G..N14R,G,0,1755764940,1G 0829 CHU/CRS,1755781507,1755781516,769,0,0
1755765330_G..N14R,051550_G..N14R,G,0,1755765330,1G 0835+ CHU/CRS,1755781957,1755781966,777,0,0
1755765330_G..S14R,051550_G..S14R,G,1,1755765330,1G 0835+ CRS/CHU,1755782078,1755782086,793,0,0
1755765720_G..N14R,052200_G..N14R,G,0,1755765720,1G 0842 CHU/CRS,1755782342,1755782348,776,0,0
1755765810_G..S14R,052350_G..S14R,G,1,1755765810,1G 0843+ CRS/CHU,1755782318,1755782327,761,0,0
1755766260_G..N14R,053100_G..N14R,G,0,1755766260,1G 0851 CHU/CRS,1755783054,1755783062,799,0,0
1755766290_G..S14R,053150_G..S14R,G,1,1755766290,1G 0851+ CRS/CHU,1755783009,1755783017,789,0,0
1755766620_G..N14R,053700_G..N14R,G,0,1755766620,1G 0857 CHU/CRS,1755783227,1755783234,774,0,0
1755766800_G..S14R,054000_G..S14R,G,1,1755766800,1G 0900 CRS/CHU,1755783152,1755783159,740,0,0
1755766980_G..N14R,054300_G..N14R,G,0,1755766980,1G 0903 CHU/CRS,1755783768,1755783774,798,0,0
1755767280_G..S14R,054800_G..S14R,G,1,1755767280,1G 0908 CRS/CHU,1755784690,1755784699,881,0,0
1755767520_G..N14R,055200_G..N14R,G,0,1755767520,1G 0912 CHU/CRS,1755784414,1755784420,812,0,0
1755767700_G..S14R,055500_G..S14R,G,1,1755767700,1G 0915 CRS/CHU,1755784705,1755784714,827,0,0
1755768060_G..N14R,056100_G..N14R,G,0,1755768060,1G 0921 CHU/CRS,1755784810,1755784819,793,0,0
1755768150_G..S14R,056250_G..S14R,G,1,1755768150,1G 0922+ CRS/CHU,1755784909,1755784915,794,0,0
1755768540_G..N14R,056900_G..N14R,G,0,1755768540,1G 0929 CHU/CRS,1755785426,1755785435,811,0,0
1755768570_G..S14R,056950_G..S14R,G,1,1755768570,1G 0929+ CRS/CHU,1755784915,1755784924,739,0,0
1755768960_G..N14R,057600_G..N14R,G,0,1755768960,1G 0936 CHU/CRS,1755785711,1755785720,793,0,0
1755769020_G..S14R,057700_G..S14R,G,1,1755769020,1G 0937 CRS/CHU,1755785601,1755785606,770,0,0
1755769530_G..S14R,058550_G..S14R,G,1,1755769530,1G 0945+ CRS/CHU,1755786057,1755786065,763,0,0
1755769620_G..N14R,058700_G..N14R,G,0,1755769620,1G 0947 CHU/CRS,1755786516,1755786522,813,0,0
1755770040_G..S14R,059400_G..S14R,G,1,1755770040,1G 0954 CRS/CHU,1755786861,1755786868,803,0,0
1755770160_G..N14R,059600_G..N14R,G,0,1755770160,1G 0956 CHU/CRS,1755786636,1755786642,757,0,0
1755770520_G..S14R,060200_G..S14R,G,1,1755770520,1G 1002 CRS/CHU,1755787033,1755787041,762,0,0
1755770610_G..N14R,060350_G..N14R,G,0,1755770610,1G 1003+ CHU/CRS,1755787438,1755787447,804,0,0
1755771000_G..S14R,061000_G..S14R,G,1,1755771000,1G 1010 CRS/CHU,1755787904,1755787912,814,0,0
1755771030_G..N14R,061050_G..N14R,G,0,1755771030,1G 1010+ CHU/CRS,1755787723,1755787732,786,0,0
1755771450_G..N14R,061750_G..N14R,G,0,1755771450,1G 1017+ CHU/CRS,1755788324,1755788333,810,0,0
1755771480_G..S14R,061800_G..S14R,G,1,1755771480,1G 1018 CRS/CHU,1755788378,1755788384,813,0,0
1755771900_G..S14R,062500_G..S14R,G,1,1755771900,1G 1025 CRS/CHU,1755788663,1755788669,795,0,0
1755771990_G..N14R,062650_G..N14R,G,0,1755771990,1G 1026+ CHU/CRS,1755789525,1755789534,894,0,0
1755772380_G..S14R,063300_G..S14R,G,1,1755772380,1G 1033 CRS/CHU,1755789225,1755789234,806,0,0
1755772440_G..N14R,063400_G..N14R,G,0,1755772440,1G 1034 CHU/CRS,1755789510,1755789519,836,0,0
1755772860_G..S14R,064100_G..S14R,G,1,1755772860,1G 1041 CRS/CHU,1755789504,1755789510,779,0,0
1755772920_G..N14R,064200_G..N14R,G,0,1755772920,1G 1042 CHU/CRS,1755789684,1755789690,795,0,0
1755773340_G..S14R,064900_G..S14R,G,1,1755773340,1G 1049 CRS/CHU,1755790090,1755790096,793,0,0
1755773370_G..N14R,064950_G..N14R,G,0,1755773370,1G 1049+ CHU/CRS,1755789961,1755789969,772,0,0
1755773790_G..N14R,065650_G..N14R,G,0,1755773790,1G 1056+ CHU/CRS,1755790510,1755790516,789,0,0
1755773880_G..S14R,065800_G..S14R,G,1,1755773880,1G 1058 CRS/CHU,1755790690,1755790696,801,0,0
1755774270_G..N14R,066450_G..N14R,G,0,1755774270,1G 1104+ CHU/CRS,1755791072,1755791081,800,0,0
1755774360_G..S14R,066600_G..S14R,G,1,1755774360,1G 1106 CRS/CHU,1755791102,1755791111,792,0,0
1755774720_G..N14R,067200_G..N14R,G,0,1755774720,1G 1112 CHU/CRS,1755791366,1755791372,779,0,0
1755774840_G..S14R,067400_G..S14R,G,1,1755774840,1G 1114 CRS/CHU,1755791612,1755791621,796,0,0
1755775200_G..N14R,068000_G..N14R,G,0,1755775200,1G 1120 CHU/CRS,1755791988,1755791997,798,0,0
1755775320_G..S14R,068200_G..S14R,G,1,1755775320,1G 1122 CRS/CHU,1755792033,1755792042,788,0,0
1755775680_G..N14R,068800_G..N14R,G,0,1755775680,1G 1128 CHU/CRS,1755792468,1755792477,798,0,0
1755775800_G..S14R,069000_G..S14R,G,1,1755775800,1G 1130 CRS/CHU,1755792537,1755792543,791,0,0
1755776100_G..N14R,069500_G..N14R,G,0,1755776100,1G 1135 CHU/CRS,1755792979,1755792988,810,0,0
1755776280_G..S14R,069800_G..S14R,G,1,1755776280,1G 1138 CRS/CHU,1755793138,1755793144,807,0,0
1755776760_G..N14R,070600_G..N14R,G,0,1755776760,1G 1146 CHU/CRS,1755793354,1755793363,772,0,0
1755776760_G..S14R,070600_G..S14R,G,1,1755776760,1G 1146 CRS/CHU,1755793414,1755793423,780,0,0
1755777240_G..N14R,071400_G..N14R,G,0,1755777240,1G 1154 CHU/CRS,1755793873,1755793880,777,0,0
1755777240_G..S14R,071400_G..S14R,G,1,1755777240,1G 1154 CRS/CHU,1755793700,1755793708,754,0,0
1755777690_G..S14R,072150_G..S14R,G,1,1755777690,1G 1201+ CRS/CHU,1755795426,1755795435,924,0,0
1755777720_G..N14R,072200_G..N14R,G,0,1755777720,1G 1202 CHU/CRS,1755794315,1755794324,772,0,0
1755778140_G..N14R,072900_G..N14R,G,0,1755778140,1G 1209 CHU/CRS,1755794684,1755794691,766,0,0
1755778140_G..S14R,072900_G..S14R,G,1,1755778140,1G 1209 CRS/CHU,1755795426,1755795435,865,0,0
1755778650_G..S14R,073750_G..S14R,G,1,1755778650,1G 1217+ CRS/CHU,1755795420,1755795426,796,0,0
1755778740_G..N14R,073900_G..N14R,G,0,1755778740,1G 1219 CHU/CRS,1755795426,1755795435,785,0,0
1755779160_G..N14R,074600_G..N14R,G,0,1755779160,1G 1226 CHU/CRS,1755796057,1755796066,813,0,0
1755779160_G..S14R,074600_G..S14R,G,1,1755779160,1G 1226 CRS/CHU,1755796207,1755796216,833,0,0
1755779580_G..N14R,075300_G..N14R,G,0,1755779580,1G 1233 CHU/CRS,1755796387,1755796396,801,0,0
1755779610_G..S14R,075350_G..S14R,G,1,1755779610,1G 1233+ CRS/CHU,1755796201,1755796207,772,0,0
1755780060_G..S14R,076100_G..S14R,G,1,1755780060,1G 1241 CRS/CHU,1755797087,1755797093,830,0,0
1755780180_G..N14R,076300_G..N14R,G,0,1755780180,1G 1243 CHU/CRS,1755796763,1755796771,771,0,0
1755780480_G..S14R,076800_G..S14R,G,1,1755780480,1G 1248 CRS/CHU,1755797207,1755797213,790,0,0
1755780630_G..N14R,077050_G..N14R,G,0,1755780630,1G 1250+ CHU/CRS,1755797087,1755797093,754,0,0
1755780930_G..S14R,077550_G..S14R,G,1,1755780930,1G 1255+ CRS/CHU,1755797447,1755797454,762,0,0
1755781080_G..N14R,077800_G..N14R,G,0,1755781080,1G 1258 CHU/CRS,1755798093,1755798099,828,0,0
1755781440_G..S14R,078400_G..S14R,G,1,1755781440,1G 1304 CRS/CHU,1755797964,1755797973,763,0,0
1755781500_G..N14R,078500_G..N14R,G,0,1755781500,1G 1305 CHU/CRS,1755798093,1755798099,772,0,0
1755781860_G..S14R,079100_G..S14R,G,1,1755781860,1G 1311 CRS/CHU,1755798685,1755798693,803,0,0
1755782160_G..N14R,079600_G..N14R,G,0,1755782160,1G 1316 CHU/CRS,1755798985,1755798994,803,0,0
1755782340_G..S14R,079900_G..S14R,G,1,1755782340,1G 1319 CRS/CHU,1755799054,1755799060,788,0,0
1755782610_G..N14R,080350_G..N14R,G,0,1755782610,1G 1323+ CHU/CRS,1755799429,1755799436,802,0,0
1755782880_G..S14R,080800_G..S14R,G,1,1755782880,1G 1328 CRS/CHU,1755799676,1755799684,799,0,0
1755783030_G..N14R,081050_G..N14R,G,0,1755783030,1G 1330+ CHU/CRS,1755799976,1755799985,819,0,0
1755783360_G..S14R,081600_G..S14R,G,1,1755783360,1G 1336 CRS/CHU,1755799850,1755799856,758,0,0
1755783450_G..N14R,081750_G..N14R,G,0,1755783450,1G 1337+ CHU/CRS,1755799976,1755799985,761,0,0
1755783870_G..N14R,082450_G..N14R,G,0,1755783870,1G 1344+ CHU/CRS,1755800435,1755800442,768,0,0
1755783900_G..S14R,082500_G..S14R,G,1,1755783900,1G 1345 CRS/CHU,1755801336,1755801343,884,0,0
1755784290_G..N14R,083150_G..N14R,G,0,1755784290,1G 1351+ CHU/CRS,1755800742,1755800751,754,0,0
1755784350_G..S14R,083250_G..S14R,G,1,1755784350,1G 1352+ CRS/CHU,1755801012,1755801021,782,0,0
1755784710_G..N14R,083850_G..N14R,G,0,1755784710,1G 1358+ CHU/CRS,1755801523,1755801531,802,0,0
1755784860_G..S14R,084100_G..S14R,G,1,1755784860,1G 1401 CRS/CHU,1755801898,1755801907,832,0,0
1755785190_G..N14R,084650_G..N14R,G,0,1755785190,1G 1406+ CHU/CRS,1755801793,1755801802,774,0,0
1755785310_G..S14R,084850_G..S14R,G,1,1755785310,1G 1408+ CRS/CHU,1755801943,1755801952,778,0,0
1755785640_G..N14R,085400_G..N14R,G,0,1755785640,1G 1414 CHU/CRS,1755802417,1755802424,797,0,0
1755785730_G..S14R,085550_G..S14R,G,1,1755785730,1G 1415+ CRS/CHU,1755802477,1755802484,793,0,0
1755786120_G..S14R,086200_G..S14R,G,1,1755786120,1G 1422 CRS/CHU,1755802808,1755802814,785,0,0
1755786300_G..N14R,086500_G..N14R,G,0,1755786300,1G 1425 CHU/CRS,1755803108,1755803115,801,0,0
1755786630_G..S14R,087050_G..S14R,G,1,1755786630,1G 1430+ CRS/CHU,1755803123,1755803130,759,0,0
1755786720_G..N14R,087200_G..N14R,G,0,1755786720,1G 1432 CHU/CRS,1755803408,1755803415,785,0,0
1755787170_G..S14R,087950_G..S14R,G,1,1755787170,1G 1439+ CRS/CHU,1755804121,1755804129,820,0,0
1755787320_G..N14R,088200_G..N14R,G,0,1755787320,1G 1442 CHU/CRS,1755804009,1755804015,785,0,0
1755787650_G..S14R,088750_G..S14R,G,1,1755787650,1G 1447+ CRS/CHU,1755804369,1755804376,789,0,0
1755787770_G..N14R,088950_G..N14R,G,0,1755787770,1G 1449+ CHU/CRS,1755804421,1755804429,780,0,0
1755788190_G..N14R,089650_G..N14R,G,0,1755788190,1G 1456+ CHU/CRS,1755804985,1755804991,799,0,0
1755788190_G..S14R,089650_G..S14R,G,1,1755788190,1G 1456+ CRS/CHU,1755804691,1755804700,760,0,0
1755788730_G..S14R,090550_G..S14R,G,1,1755788730,1G 1505+ CRS/CHU,1755805502,1755805510,796,0,0
1755788760_G..N14R,090600_G..N14R,G,0,1755788760,1G 1506 CHU/CRS,1755805532,1755805540,796,0,0
1755789180_G..N14R,091300_G..N14R,G,0,1755789180,1G 1513 CHU/CRS,1755805811,1755805817,777,0,0
1755789240_G..S14R,091400_G..S14R,G,1,1755789240,1G 1514 CRS/CHU,1755805976,1755805983,791,0,0
1755789600_G..N14R,092000_G..N14R,G,0,1755789600,1G 1520 CHU/CRS,1755806193,1755806201,772,0,0
1755789690_G..S14R,092150_G..S14R,G,1,1755789690,1G 1521+ CRS/CHU,1755806433,1755806441,792,0,0
1755789990_G..N14R,092650_G..N14R,G,0,1755789990,1G 1526+ CHU/CRS,1755806448,1755806456,754,0,0
1755790200_G..S14R,093000_G..S14R,G,1,1755790200,1G 1530 CRS/CHU,1755806838,1755806847,778,0,0
1755790530_G..N14R,093550_G..N14R,G,0,1755790530,1G 1535+ CHU/CRS,1755806989,1755806997,754,0,0
1755790710_G..S14R,093850_G..S14R,G,1,1755790710,1G 1538+ CRS/CHU,1755807214,1755807222,760,0,0
1755791070_G..N14R,094450_G..N14R,G,0,1755791070,1G 1544+ CHU/CRS,1755807694,1755807703,776,0,0
1755791130_G..S14R,094550_G..S14R,G,1,1755791130,1G 1545+ CRS/CHU,1755807553,1755807559,749,0,0
1755791430_G..N14R,095050_G..N14R,G,0,1755791430,1G 1550+ CHU/CRS,1755808033,1755808040,773,0,0
1755791550_G..S14R,095250_G..S14R,G,1,1755791550,1G 1552+ CRS/CHU,1755808280,1755808288,790,0,0
1755791970_G..N14R,095950_G..N14R,G,0,1755791970,1G 1559+ CHU/CRS,1755808544,1755808550,769,0,0
1755791970_G..S14R,095950_G..S14R,G,1,1755791970,1G 1559+ CRS/CHU,1755808453,1755808460,757,0,0
1755792390_G..N14R,096650_G..N14R,G,0,1755792390,1G 1606+ CHU/CRS,1755808964,1755808971,770,0,0
1755792390_G..S14R,096650_G..S14R,G,1,1755792390,1G 1606+ CRS/CHU,1755809061,1755809069,783,0,0
1755792870_G..N14R,097450_G..N14R,G,0,1755792870,1G 1614+ CHU/CRS,1755809481,1755809489,775,0,0
1755792930_G..S14R,097550_G..S14R,G,1,1755792930,1G 1615+ CRS/CHU,1755809324,1755809331,746,0,0
1755793350_G..N14R,098250_G..N14R,G,0,1755793350,1G 1622+ CHU/CRS,1755810037,1755810045,785,0,0
1755793440_G..S14R,098400_G..S14R,G,1,1755793440,1G 1624 CRS/CHU,1755810060,1755810067,776,0,0
1755793830_G..N14R,099050_G..N14R,G,0,1755793830,1G 1630+ CHU/CRS,1755810420,1755810427,772,0,0
1755793980_G..S14R,099300_G..S14R,G,1,1755793980,1G 1633 CRS/CHU,1755810502,1755810511,763,0,0
1755794310_G..N14R,099850_G..N14R,G,0,1755794310,1G 1638+ CHU/CRS,1755811118,1755811126,801,0,0
1755794460_G..S14R,100100_G..S14R,G,1,1755794460,1G 1641 CRS/CHU,1755810817,1755810826,741,0,0
1755794790_G..N14R,100650_G..N14R,G,0,1755794790,1G 1646+ CHU/CRS,1755811367,1755811373,770,0,0
1755794940_G..S14R,100900_G..S14R,G,1,1755794940,1G 1649 CRS/CHU,1755811682,1755811688,792,0,0
1755795270_G..N14R,101450_G..N14R,G,0,1755795270,1G 1654+ CHU/CRS,1755812364,1755812373,839,0,0
1755795420_G..S14R,101700_G..S14R,G,1,1755795420,1G 1657 CRS/CHU,1755811869,1755811877,753,0,0
1755795750_G..N14R,102250_G..N14R,G,0,1755795750,1G 1702+ CHU/CRS,1755812454,1755812463,787,0,0
1755795900_G..S14R,102500_G..S14R,G,1,1755795900,1G 1705 CRS/CHU,1755812709,1755812718,801,0,0
1755796230_G..N14R,103050_G..N14R,G,0,1755796230,1G 1710+ CHU/CRS,1755812733,1755812740,760,0,0
1755796350_G..S14R,103250_G..S14R,G,1,1755796350,1G 1712+ CRS/CHU,1755813529,1755813535,850,0,0
1755796770_G..N14R,103950_G..N14R,G,0,1755796770,1G 1719+ CHU/CRS,1755813685,1755813694,815,0,0
1755796860_G..S14R,104100_G..S14R,G,1,1755796860,1G 1721 CRS/CHU,1755813529,1755813535,782,0,0
1755797310_G..N14R,104850_G..N14R,G,0,1755797310,1G 1728+ CHU/CRS,1755813814,1755813821,760,0,0
1755797370_G..S14R,104950_G..S14R,G,1,1755797370,1G 1729+ CRS/CHU,1755814692,1755814700,869,0,0
1755797880_G..N14R,105800_G..N14R,G,0,1755797880,1G 1738 CHU/CRS,1755814391,1755814400,761,0,0
1755798045_G..S14R,106075_G..S14R,G,1,1755798045,1G 1740+ CRS/CHU,1755815262,1755815271,557,0,0
1755798450_G..N14R,106750_G..N14R,G,0,1755798450,1G 1747+ CHU/CRS,1755815277,1755815286,803,0,0
1755798720_G..S14R,107200_G..S14R,G,1,1755798720,1G 1752 CRS/CHU,1755815998,1755816006,864,0,0
1755798870_G..N14R,107450_G..N14R,G,0,1755798870,1G 1754+ CHU/CRS,1755815421,1755815427,767,0,0
1755799200_G..S14R,108000_G..S14R,G,1,1755799200,1G 1800 CRS/CHU,1755816036,1755816043,805,0,0
1755799290_G..N14R,108150_G..N14R,G,0,1755799290,1G 1801+ CHU/CRS,1755815818,1755815826,764,0,0
1755799650_G..S14R,108750_G..S14R,G,1,1755799650,1G 1807+ CRS/CHU,1755816899,1755816907,860,0,0
1755799830_G..N14R,109050_G..N14R,G,0,1755799830,1G 1810+ CHU/CRS,1755816262,1755816268,751,0,0
1755800220_G..S14R,109700_G..S14R,G,1,1755800220,1G 1817 CRS/CHU,1755816997,1755817004,797,0,0
1755800340_G..N14R,109900_G..N14R,G,0,1755800340,1G 1819 CHU/CRS,1755817268,1755817274,817,0,0
1755800700_G..S14R,110500_G..S14R,G,1,1755800700,1G 1825 CRS/CHU,1755817259,1755817268,768,0,0
1755800790_G..N14R,110650_G..N14R,G,0,1755800790,1G 1826+ CHU/CRS,1755817418,1755817424,777,0,0
1755801180_G..S14R,111300_G..S14R,G,1,1755801180,1G 1833 CRS/CHU,1755817785,1755817793,774,0,0
1755801210_G..N14R,111350_G..N14R,G,0,1755801210,1G 1833+ CHU/CRS,1755818265,1755818274,834,0,0
1755801600_G..S14R,112000_G..S14R,G,1,1755801600,1G 1840 CRS/CHU,1755818310,1755818319,788,0,0
1755801750_G..N14R,112250_G..N14R,G,0,1755801750,1G 1842+ CHU/CRS,1755818400,1755818409,780,0,0
1755802080_G..S14R,112800_G..S14R,G,1,1755802080,1G 1848 CRS/CHU,1755818731,1755818739,780,0,0
1755802290_G..N14R,113150_G..N14R,G,0,1755802290,1G 1851+ CHU/CRS,1755818829,1755818836,765,0,0
1755802560_G..S14R,113600_G..S14R,G,1,1755802560,1G 1856 CRS/CHU,1755818964,1755818971,747,0,0
1755802710_G..N14R,113850_G..N14R,G,0,1755802710,1G 1858+ CHU/CRS,1755819250,1755819256,762,0,0
1755803040_G..S14R,114400_G..S14R,G,1,1755803040,1G 1904 CRS/CHU,1755819782,1755819790,792,0,0
1755803130_G..N14R,114550_G..N14R,G,0,1755803130,1G 1905+ CHU/CRS,1755819692,1755819700,768,0,0
1755803550_G..S14R,115250_G..S14R,G,1,1755803550,1G 1912+ CRS/CHU,1755820015,1755820022,755,0,0
1755803670_G..N14R,115450_G..N14R,G,0,1755803670,1G 1914+ CHU/CRS,1755819932,1755819940,728,0,0
1755804090_G..S14R,116150_G..S14R,G,1,1755804090,1G 1921+ CRS/CHU,1755820593,1755820601,760,0,0
1755804210_G..N14R,116350_G..N14R,G,0,1755804210,1G 1923+ CHU/CRS,1755820751,1755820758,765,0,0
1755804540_G..S14R,116900_G..S14R,G,1,1755804540,1G 1929 CRS/CHU,1755821112,1755821118,769,0,0
1755804630_G..N14R,117050_G..N14R,G,0,1755804630,1G 1930+ CHU/CRS,1755821157,1755821163,763,0,0
1755805020_G..S14R,117700_G..S14R,G,1,1755805020,1G 1937 CRS/CHU,1755821637,1755821644,775,0,0
1755805050_G..N14R,117750_G..N14R,G,0,1755805050,1G 1937+ CHU/CRS,1755821652,1755821659,773,0,0
1755805440_G..S14R,118400_G..S14R,G,1,1755805440,1G 1944 CRS/CHU,1755822049,1755822058,774,0,0
1755805470_G..N14R,118450_G..N14R,G,0,1755805470,1G 1944+ CHU/CRS,1755821817,1755821824,739,0,0
1755805920_G..S14R,119200_G..S14R,G,1,1755805920,1G 1952 CRS/CHU,1755822530,1755822538,774,0,0
1755806070_G..N14R,119450_G..N14R,G,0,1755806070,1G 1954+ CHU/CRS,1755822650,1755822658,770,0,0
1755806370_G..S14R,119950_G..S14R,G,1,1755806370,1G 1959+ CRS/CHU,1755823003,1755823010,777,0,0
1755806490_G..N14R,120150_G..N14R,G,0,1755806490,1G 2001+ CHU/CRS,1755822838,1755822845,738,0,0
1755806850_G..N14R,120750_G..N14R,G,0,1755806850,1G 2007+ CHU/CRS,1755823341,1755823349,759,0,0
1755806880_G..S14R,120800_G..S14R,G,1,1755806880,1G 2008 CRS/CHU,1755823476,1755823484,773,0,0
1755807300_G..S14R,121500_G..S14R,G,1,1755807300,1G 2015 CRS/CHU,1755823956,1755823964,781,0,0
1755807450_G..N14R,121750_G..N14R,G,0,1755807450,1G 2017+ CHU/CRS,1755824076,1755824085,777,0,0
1755807810_G..S14R,122350_G..S14R,G,1,1755807810,1G 2023+ CRS/CHU,1755824400,1755824407,772,0,0
1755807870_G..N14R,122450_G..N14R,G,0,1755807870,1G 2024+ CHU/CRS,1755824242,1755824250,743,0,0
1755808260_G..S14R,123100_G..S14R,G,1,1755808260,1G 2031 CRS/CHU,1755825203,1755825211,819,0,0
1755808290_G..N14R,123150_G..N14R,G,0,1755808290,1G 2031+ CHU/CRS,1755824722,1755824730,751,0,0
1755808680_G..S14R,123800_G..S14R,G,1,1755808680,1G 2038 CRS/CHU,1755825691,1755825698,828,0,0
1755808710_G..N14R,123850_G..N14R,G,0,1755808710,1G 2038+ CHU/CRS,1755825241,1755825248,764,0,0
1755809100_G..S14R,124500_G..S14R,G,1,1755809100,1G 2045 CRS/CHU,1755825691,1755825698,772,0,0
1755809130_G..N14R,124550_G..N14R,G,0,1755809130,1G 2045+ CHU/CRS,1755825638,1755825646,761,0,0
1755809580_G..N14R,125300_G..N14R,G,0,1755809580,1G 2053 CHU/CRS,1755826103,1755826112,763,0,0
1755809640_G..S14R,125400_G..S14R,G,1,1755809640,1G 2054 CRS/CHU,1755826232,1755826239,772,0,0
1755810060_G..N14R,126100_G..N14R,G,0,1755810060,1G 2101 CHU/CRS,1755826569,1755826577,761,0,0
1755810120_G..S14R,126200_G..S14R,G,1,1755810120,1G 2102 CRS/CHU,1755826614,1755826622,759,0,0
1755810600_G..S14R,127000_G..S14R,G,1,1755810600,1G 2110 CRS/CHU,1755827049,1755827058,753,0,0
1755810660_G..N14R,127100_G..N14R,G,0,1755810660,1G 2111 CHU/CRS,1755827064,1755827073,747,0,0
1755811050_G..S14R,127750_G..S14R,G,1,1755811050,1G 2117+ CRS/CHU,1755827508,1755827515,754,0,0
1755811320_G..N14R,128200_G..N14R,G,0,1755811320,1G 2122 CHU/CRS,1755827673,1755827680,740,0,0
1755811530_G..S14R,128550_G..S14R,G,1,1755811530,1G 2125+ CRS/CHU,1755828034,1755828040,760,0,0
1755811890_G..N14R,129150_G..N14R,G,0,1755811890,1G 2131+ CHU/CRS,1755828791,1755828799,813,0,0
1755812010_G..S14R,129350_G..S14R,G,1,1755812010,1G 2133+ CRS/CHU,1755828536,1755828544,763,0,0
1755812520_G..S14R,130200_G..S14R,G,1,1755812520,1G 2142 CRS/CHU,1755829070,1755829076,766,0,0
1755812610_G..N14R,130350_G..N14R,G,0,1755812610,1G 2143+ CHU/CRS,1755829100,1755829106,758,0,0
1755813030_G..S14R,131050_G..S14R,G,1,1755813030,1G 2150+ CRS/CHU,1755829557,1755829565,759,0,0
1755813240_G..N14R,131400_G..N14R,G,0,1755813240,1G 2154 CHU/CRS,1755829595,1755829602,741,0,0
1755813480_G..S14R,131800_G..S14R,G,1,1755813480,1G 2158 CRS/CHU,1755830173,1755830181,786,0,0
1755813960_G..N14R,132600_G..N14R,G,0,1755813960,1G 2206 CHU/CRS,1755830436,1755830443,757,0,0
1755813960_G..S14R,132600_G..S14R,G,1,1755813960,1G 2206 CRS/CHU,1755830473,1755830481,762,0,0
1755814560_G..S14R,133600_G..S14R,G,1,1755814560,1G 2216 CRS/CHU,1755831142,1755831149,771,0,0
1755814680_G..N14R,133800_G..N14R,G,0,1755814680,1G 2218 CHU/CRS,1755830962,1755830968,731,0,0
1755815220_G..S14R,134700_G..S14R,G,1,1755815220,1G 2227 CRS/CHU,1755831622,1755831629,747,0,0
1755815400_G..N14R,135000_G..N14R,G,0,1755815400,1G 2230 CHU/CRS,1755831824,1755831833,750,0,0
1755816000_G..S14R,136000_G..S14R,G,1,1755816000,1G 2240 CRS/CHU,1755832583,1755832590,771,0,0
1755816120_G..N14R,136200_G..N14R,G,0,1755816120,1G 2242 CHU/CRS,1755832463,1755832470,737,0,0
1755816720_G..S14R,137200_G..S14R,G,1,1755816720,1G 2252 CRS/CHU,1755833281,1755833289,768,0,0
1755816840_G..N14R,137400_G..N14R,G,0,1755816840,1G 2254 CHU/CRS,1755833266,1755833274,750,0,0
1755817470_G..S14R,138450_G..S14R,G,1,1755817470,1G 2304+ CRS/CHU,1755833911,1755833920,752,0,0
1755817620_G..N14R,138700_G..N14R,G,0,1755817620,1G 2307 CHU/CRS,1755834392,1755834400,796,0,0
1755818250_G..S14R,139750_G..S14R,G,1,1755818250,1G 2317+ CRS/CHU,1755834926,1755834933,783,0,0
1755818760_G..N14R,140600_G..N14R,G,0,1755818760,1G 2326 CHU/CRS,1755837077,1755837084,756,0,0
1755819000_G..S14R,141000_G..S14R,G,1,1755819000,1G 2330 CRS/CHU,1755838543,1755838552,830,0,0
1755819840_G..N14R,142400_G..N14R,G,0,1755819840,1G 2344 CHU/CRS,1755837092,1755837099,614,0,0
1755819840_G..S14R,142400_G..S14R,G,1,1755819840,1G 2344 CRS/CHU,1755838679,1755838687,736,0,0
1755820680_G..S14R,143800_G..S14R,G,1,1755820680,1G 2358 CRS/CHU,1755838687,1755838694,625,0,0
1755821040_G..N14R,000400_G..N14R,G,0,1755821040,1G 0004 CHU/CRS,1755840063,1755840071,635,0,0
1755821640_G..S14R,001400_G..S14R,G,1,1755821640,1G 0014 CRS/CHU,1755838747,1755838754,498,0,0
1755822240_G..N14R,002400_G..N14R,G,0,1755822240,1G 0024 CHU/CRS,1755840078,1755840086,517,0,0
1755822840_G..S14R,003400_G..S14R,G,1,1755822840,1G 0034 CRS/CHU,1755840138,1755840146,445,0,0
1755823440_G..N14R,004400_G..N14R,G,0,1755823440,1G 0044 CHU/CRS,1755840176,1755840183,370,0,0
1755824040_G..S14R,005400_G..S14R,G,1,1755824040,1G 0054 CRS/CHU,1755840957,1755840964,391,0,0
1755824640_G..N14R,006400_G..N14R,G,0,1755824640,1G 0104 CHU/CRS,1755841287,1755841294,386,0,0
1755825240_G..S14R,007400_G..S14R,G,1,1755825240,1G 0114 CRS/CHU,1755842083,1755842090,497,0,0
1755825840_G..N14R,008400_G..N14R,G,0,1755825840,1G 0124 CHU/CRS,1755842511,1755842519,558,0,0
1755826440_G..S14R,009400_G..S14R,G,1,1755826440,1G 0134 CRS/CHU,1755844177,1755844185,750,1,0
1755827040_G..N14R,010400_G..N14R,G,0,1755827040,1G 0144 CHU/CRS,1755843967,1755843975,652,0,0
1755827640_G..S14R,011400_G..S14R,G,1,1755827640,1G 0154 CRS/CHU,1755844312,1755844321,697,0,0
1755828240_G..N14R,012400_G..N14R,G,0,1755828240,1G 0204 CHU/CRS,1755845349,1755845357,752,0,0
1755828840_G..S14R,013400_G..S14R,G,1,1755828840,1G 0214 CRS/CHU,1755845852,1755845859,793,0,0
1755829440_G..N14R,014400_G..N14R,G,0,1755829440,1G 0224 CHU/CRS,1755846453,1755846460,829,0,0
1755830040_G..S14R,015400_G..S14R,G,1,1755830040,1G 0234 CRS/CHU,1755846843,1755846850,801,0,0
1755830640_G..N14R,016400_G..N14R,G,0,1755830640,1G 0244 CHU/CRS,1755847496,1755847504,808,0,0
1755831240_G..S14R,017400_G..S14R,G,1,1755831240,1G 0254 CRS/CHU,1755848397,1755848405,848,1,0
1755831840_G..N14R,018400_G..N14R,G,0,1755831840,1G 0304 CHU/CRS,1755848427,1755848435,771,0,0
1755832440_G..S14R,019400_G..S14R,G,1,1755832440,1G 0314 CRS/CHU,1755849321,1755849328,810,0,0
1755833040_G..N14R,020400_G..N14R,G,0,1755833040,1G 0324 CHU/CRS,1755849486,1755849493,753,0,0
1755833640_G..S14R,021400_G..S14R,G,1,1755833640,1G 0334 CRS/CHU,1755850372,1755850379,894,0,0
1755834240_G..N14R,022400_G..N14R,G,0,1755834240,1G 0344 CHU/CRS,1755850604,1755850612,876,0,0
1755834840_G..S14R,023400_G..S14R,G,1,1755834840,1G 0354 CRS/CHU,1755851295,1755851303,980,0,0
1755749310_J..S12R,024850_J..S12R,J,1,1755749310,1J 0408+ P-A/BRD,1755766931,1755766941,909,0,0
1755749700_J..N41R,025500_J..N41R,J,0,1755749700,1J 0415 BRD/P-A,1755768037,1755768043,1004,0,0
1755750510_J..S12R,026850_J..S12R,J,1,1755750510,1J 0428+ P-A/BRD,1755768103,1755768112,906,0,0
1755750900_J..N41R,027500_J..N41R,J,0,1755750900,1J 0435 BRD/P-A,1755768502,1755768508,907,0,0
1755751710_J..S12R,028850_J..S12R,J,1,1755751710,1J 0448+ P-A/BRD,1755769394,1755769403,918,0,0
1755752100_J..N41R,029500_J..N41R,J,0,1755752100,1J 0455 BRD/P-A,1755769859,1755769869,928,0,0
1755752910_J..S12R,030850_J..S12R,J,1,1755752910,1J 0508+ P-A/BRD,1755770650,1755770655,925,0,0
1755753300_J..N41R,031500_J..N41R,J,0,1755753300,1J 0515 BRD/P-A,1755770971,1755770980,916,0,0
1755753900_J..S12R,032500_J..S12R,J,1,1755753900,1J 0525 P-A/BRD,1755771611,1755771616,921,0,0
1755754500_J..N41R,033500_J..N41R,J,0,1755754500,1J 0535 BRD/P-A,1755772127,1755772136,910,0,0
1755754740_J..S12R,033900_J..S12R,J,1,1755754740,1J 0539 P-A/BRD,1755772211,1755772217,889,0,0
1755755460_J..S12R,035100_J..S12R,J,1,1755755460,1J 0551 P-A/BRD,1755773238,1755773247,930,0,0
1755755700_J..N41R,035500_J..N41R,J,0,1755755700,1J 0555 BRD/P-A,1755773418,1755773428,922,0,0
1755756060_J..S12R,036100_J..S12R,J,1,1755756060,1J 0601 P-A/BRD,1755773493,1755773503,884,0,0
1755756600_J..S12R,037000_J..S12R,J,1,1755756600,1J 0610 P-A/BRD,1755774154,1755774163,901,0,0
1755756840_J..N41R,037400_J..N41R,J,0,1755756840,1J 0614 BRD/P-A,1755775445,1755775455,1041,0,0
1755757419_J..S12R,038366_J..S12R,J,1,1755757419,1J 0623+ P-A/BRD,1755775235,1755775244,936,0,0
1755757800_J..N41R,039000_J..N41R,J,0,1755757800,1J 0630 BRD/P-A,1755775460,1755775470,915,0,0
1755758100_J..N60R,039500_J..N60R,J,0,1755758100,1J 0635 EPY/P-A,1755775460,1755775470,875,0,0
1755758239_J..S13R,039733_J..S13R,J,1,1755758239,1J 0637 P-A/BRD,1755775920,1755775926,918,0,0
1755758520_J..N41R,040200_J..N41R,J,0,1755758520,1J 0642 BRD/P-A,1755776136,1755776145,909,0,0
1755758520_J..S13R,040200_J..S13R,J,1,1755758520,1J 0642 P-A/BRD,1755766821,1755766826,1,0,0
1755759060_J..N60R,041100_J..N60R,J,0,1755759060,1J 0651 EPY/P-A,1755775445,1755775455,745,0,0
1755759060_J..S13R,041100_J..S13R,J,1,1755759060,1J 0651 P-A/BRD,1755776526,1755776536,889,0,0
1755759180_J..N41R,041300_J..N41R,J,0,1755759180,1J 0653 BRD/P-A,1755776722,1755776731,900,0,0
1755759540_J..S13R,041900_J..S13R,J,1,1755759540,1J 0659 P-A/BRD,1755776881,1755776887,873,0,0
1755759780_J..N41R,042300_J..N41R,J,0,1755759780,1J 0703 BRD/P-A,1755779034,1755779044,1123,0,0
1755759930_J..N60R,042550_J..N60R,J,0,1755759930,1J 0705+ EPY/P-A,1755775680,1755775686,661,0,0
1755759990_J..S13R,042650_J..S13R,J,1,1755759990,1J 0706+ P-A/BRD,1755777548,1755777557,902,0,0
1755760380_J..N41R,043300_J..N41R,J,0,1755760380,1J 0713 BRD/P-A,1755780590,1755780596,1255,0,0
1755760470_J..S15R,043450_J..S15R,J,1,1755760470,1J 0714+ P-A/BRD,1755777728,1755777737,862,0,0
1755760860_J..S16R,044100_J..S16R,Z,1,1755760860,1Z 0721 P-A/BRD,1755778013,1755778023,848,0,0
1755761160_J..N41R,044600_J..N41R,J,0,1755761160,1J 0726 BRD/P-A,1755779124,1755779134,956,0,0
1755761190_J..S15R,044650_J..S15R,J,1,1755761190,1J 0726+ P-A/BRD,1755778373,1755778383,852,0,0
1755761550_J..S16R,045250_J..S16R,Z,1,1755761550,1Z 0732+ P-A/BRD,1755778854,1755778863,868,0,0
1755761850_J..S15R,045750_J..S15R,J,1,1755761850,1J 0737+ P-A/BRD,1755779209,1755779214,875,0,0
1755761940_J..N41R,045900_J..N41R,J,0,1755761940,1J 0739 BRD/P-A,1755779689,1755779695,927,0,0
1755762150_J..S16R,046250_J..S16R,Z,1,1755762150,1Z 0742+ P-A/BRD,1755779469,1755779479,870,0,0
1755762450_J..S15R,046750_J..S15R,J,1,1755762450,1J 0747+ P-A/BRD,1755779905,1755779914,888,0,0
1755762720_J..N41R,047200_J..N41R,J,0,1755762720,1J 0752 BRD/P-A,1755780551,1755780560,938,0,0
1755762750_J..S16R,047250_J..S16R,Z,1,1755762750,1Z 0752+ P-A/BRD,1755780115,1755780125,876,0,0
1755763050_J..S15R,047750_J..S15R,J,1,1755763050,1J 0757+ P-A/BRD,1755780295,1755780305,860,0,0
1755763200_J..N41R,048000_J..N41R,J,0,1755763200,1J 0800 BRD/P-A,1755780731,1755780740,897,0,0
1755763350_J..S16R,048250_J..S16R,Z,1,1755763350,1Z 0802+ P-A/BRD,1755780746,1755780755,879,0,0
1755763650_J..S15R,048750_J..S15R,J,1,1755763650,1J 0807+ P-A/BRD,1755781076,1755781086,883,0,0
1755763680_J..N41R,048800_J..N41R,J,0,1755763680,1J 0808 BRD/P-A,1755782292,1755782302,1041,0,0
1755763920_J..S16R,049200_J..S16R,Z,1,1755763920,1Z 0812 P-A/BRD,1755781301,1755781311,877,0,0
1755764100_J..N41R,049500_J..N41R,J,0,1755764100,1J 0815 BRD/P-A,1755782277,1755782287,983,0,0
1755764250_J..S15R,049750_J..S15R,J,1,1755764250,1J 0817+ P-A/BRD,1755781617,1755781626,875,0,0
1755764400_J..N41R,050000_J..N41R,J,0,1755764400,1J 0820 BRD/P-A,1755782257,1755782262,940,0,0
1755764520_J..S13R,050200_J..S13R,J,1,1755764520,1J 0822 P-A/BRD,1755782377,1755782382,941,0,0
1755764700_J..N41R,050500_J..N41R,J,0,1755764700,1J 0825 BRD/P-A,1755783338,1755783344,1045,0,0
1755765000_J..N43R,051000_J..N43R,J,0,1755765000,1J 0830 BRD/EPY,1755781451,1755781461,754,0,0
1755765000_J..S13R,051000_J..S13R,J,1,1755765000,1J 0830 P-A/BRD,1755782617,1755782623,909,0,0
1755765300_J..N41R,051500_J..N41R,J,0,1755765300,1J 0835 BRD/P-A,1755783359,1755783368,968,0,0
1755765450_J..S13R,051750_J..S13R,J,1,1755765450,1J 0837+ P-A/BRD,1755782978,1755782983,897,0,0
1755765600_J..N43R,052000_J..N43R,J,0,1755765600,1J 0840 BRD/EPY,1755782217,1755782227,776,0,0
1755765900_J..N41R,052500_J..N41R,J,0,1755765900,1J 0845 BRD/P-A,1755783374,1755783383,890,0,0
1755765960_J..S13R,052600_J..S13R,J,1,1755765960,1J 0846 P-A/BRD,1755783539,1755783548,904,0,0
1755766200_J..N41R,053000_J..N41R,J,0,1755766200,1J 0850 BRD/P-A,1755784199,1755784209,960,0,0
1755766440_J..S13R,053400_J..S13R,J,1,1755766440,1J 0854 P-A/BRD,1755783779,1755783788,872,0,0
1755766500_J..N41R,053500_J..N41R,J,0,1755766500,1J 0855 BRD/P-A,1755784199,1755784209,920,0,0
1755766770_J..N41R,053950_J..N41R,J,0,1755766770,1J 0859+ BRD/P-A,1755784650,1755784659,944,0,0
1755766920_J..S13R,054200_J..S13R,J,1,1755766920,1J 0902 P-A/BRD,1755784449,1755784455,897,0,0
1755767220_J..N41R,054700_J..N41R,J,0,1755767220,1J 0907 BRD/P-A,1755785265,1755785275,966,0,0
1755767250_J..S13R,054750_J..S13R,J,1,1755767250,1J 0907+ P-A/BRD,1755785085,1755785095,938,0,0
1755767700_J..N41R,055500_J..N41R,J,0,1755767700,1J 0915 BRD/P-A,1755786266,1755786272,1034,0,0
1755767730_J..S13R,055550_J..S13R,J,1,1755767730,1J 0915+ P-A/BRD,1755785265,1755785275,898,0,0
1755768180_J..N41R,056300_J..N41R,J,0,1755768180,1J 0923 BRD/P-A,1755786251,1755786256,968,0,0
1755768210_J..S13R,056350_J..S13R,J,1,1755768210,1J 0923+ P-A/BRD,1755785581,1755785590,876,0,0
1755768600_J..N,057000_J..N,J,0,1755768600,1J 0930 BRD/P-A,1755786671,1755786677,968,0,0
1755768690_J..S13R,057150_J..S13R,J,1,1755768690,1J 0931+ P-A/BRD,1755786371,1755786377,916,0,0
1755769020_J..N,057700_J..N,J,0,1755769020,1J 0937 BRD/P-A,1755787968,1755787978,1085,0,0
1755769140_J..S13R,057900_J..S13R,J,1,1755769140,1J 0939 P-A/BRD,1755787052,1755787062,947,0,0
1755769500_J..N,058500_J..N,J,0,1755769500,1J 0945 BRD/P-A,1755787978,1755787984,1022,0,0
1755769620_J..S13R,058700_J..S13R,J,1,1755769620,1J 0947 P-A/BRD,1755787152,1755787157,896,0,0
1755770040_J..N,059400_J..N,J,0,1755770040,1J 0954 BRD/P-A,1755788218,1755788224,982,0,0
1755770100_J..S13R,059500_J..S13R,J,1,1755770100,1J 0955 P-A/BRD,1755787557,1755787563,886,0,0
1755770520_J..N,060200_J..N,J,0,1755770520,1J 1002 BRD/P-A,1755789770,1755789780,1126,0,0
1755770580_J..S13R,060300_J..S13R,J,1,1755770580,1J 1003 P-A/BRD,1755788269,1755788278,912,0,0
1755771060_J..S13R,061100_J..S13R,J,1,1755771060,1J 1011 P-A/BRD,1755788659,1755788669,906,0,0
1755771120_J..N,061200_J..N,J,0,1755771120,1J 1012 BRD/P-A,1755789755,1755789765,1044,0,0
1755771540_J..S13R,061900_J..S13R,J,1,1755771540,1J 1019 P-A/BRD,1755789410,1755789419,942,0,0
1755771600_J..N,062000_J..N,J,0,1755771600,1J 1020 BRD/P-A,1755789920,1755789930,1002,0,0
1755772020_J..S13R,062700_J..S13R,J,1,1755772020,1J 1027 P-A/BRD,1755789780,1755789785,927,0,0
1755772080_J..N,062800_J..N,J,0,1755772080,1J 1028 BRD/P-A,1755790861,1755790866,1063,0,0
1755772440_J..S13R,063400_J..S13R,J,1,1755772440,1J 1034 P-A/BRD,1755790125,1755790131,917,0,0
1755772560_J..N,063600_J..N,J,0,1755772560,1J 1036 BRD/P-A,1755790806,1755790816,992,0,0
1755772920_J..S13R,064200_J..S13R,J,1,1755772920,1J 1042 P-A/BRD,1755790566,1755790575,912,0,0
1755773040_J..N,064400_J..N,J,0,1755773040,1J 1044 BRD/P-A,1755790956,1755790966,948,0,0
1755773400_J..S13R,065000_J..S13R,J,1,1755773400,1J 1050 P-A/BRD,1755791257,1755791266,940,0,0
1755773520_J..N,065200_J..N,J,0,1755773520,1J 1052 BRD/P-A,1755791722,1755791732,986,0,0
1755773880_J..S13R,065800_J..S13R,J,1,1755773880,1J 1058 P-A/BRD,1755791702,1755791707,936,0,0
1755774000_J..N,066000_J..N,J,0,1755774000,1J 1100 BRD/P-A,1755792473,1755792483,1023,0,0
1755774360_J..S13R,066600_J..S13R,J,1,1755774360,1J 1106 P-A/BRD,1755792037,1755792047,917,0,0
1755774480_J..N,066800_J..N,J,0,1755774480,1J 1108 BRD/P-A,1755792467,1755792473,958,0,0
1755774840_J..S13R,067400_J..S13R,J,1,1755774840,1J 1114 P-A/BRD,1755792728,1755792738,945,0,0
1755774960_J..N,067600_J..N,J,0,1755774960,1J 1116 BRD/P-A,1755794435,1755794440,1156,0,0
1755775320_J..S13R,068200_J..S13R,J,1,1755775320,1J 1122 P-A/BRD,1755793173,1755793179,941,0,0
1755775440_J..N,068400_J..N,J,0,1755775440,1J 1124 BRD/P-A,1755794455,1755794465,1096,0,0
1755775800_J..S13R,069000_J..S13R,J,1,1755775800,1J 1130 P-A/BRD,1755793734,1755793744,952,0,0
1755775920_J..N,069200_J..N,J,0,1755775920,1J 1132 BRD/P-A,1755794470,1755794480,1034,0,0
1755776310_J..S13R,069850_J..S13R,J,1,1755776310,1J 1138+ P-A/BRD,1755794350,1755794359,966,0,0
1755776400_J..N,070000_J..N,J,0,1755776400,1J 1140 BRD/P-A,1755794470,1755794480,970,0,0
1755776790_J..S13R,070650_J..S13R,J,1,1755776790,1J 1146+ P-A/BRD,1755794665,1755794675,944,0,0
1755776880_J..N,070800_J..N,J,0,1755776880,1J 1148 BRD/P-A,1755795476,1755795486,1040,0,0
1755777270_J..S13R,071450_J..S13R,J,1,1755777270,1J 1154+ P-A/BRD,1755795050,1755795055,931,0,0
1755777360_J..N,071600_J..N,J,0,1755777360,1J 1156 BRD/P-A,1755795461,1755795471,974,0,0
1755777750_J..S13R,072250_J..S13R,J,1,1755777750,1J 1202+ P-A/BRD,1755795461,1755795471,921,0,0
1755777840_J..N,072400_J..N,J,0,1755777840,1J 1204 BRD/P-A,1755796882,1755796887,1098,0,0
1755778230_J..S13R,073050_J..S13R,J,1,1755778230,1J 1210+ P-A/BRD,1755795756,1755795761,896,0,0
1755778320_J..N,073200_J..N,J,0,1755778320,1J 1212 BRD/P-A,1755796857,1755796867,1031,0,0
1755778710_J..S13R,073850_J..S13R,J,1,1755778710,1J 1218+ P-A/BRD,1755796281,1755796287,902,0,0
1755778800_J..N,074000_J..N,J,0,1755778800,1J 1220 BRD/P-A,1755796842,1755796852,965,0,0
1755779190_J..S12R,074650_J..S12R,J,1,1755779190,1J 1226+ P-A/BRD,1755797122,1755797128,951,0,0
1755779280_J..N,074800_J..N,J,0,1755779280,1J 1228 BRD/P-A,1755797233,1755797242,954,0,0
1755779670_J..S12R,075450_J..S12R,J,1,1755779670,1J 1234+ P-A/BRD,1755797323,1755797332,914,0,0
1755779760_J..N,075600_J..N,J,0,1755779760,1J 1236 BRD/P-A,1755797438,1755797443,917,0,0
1755780150_J..S12R,076250_J..S12R,J,1,1755780150,1J 1242+ P-A/BRD,1755797938,1755797948,932,0,0
1755780240_J..N,076400_J..N,J,0,1755780240,1J 1244 BRD/P-A,1755798674,1755798684,1018,0,0
1755780630_J..S12R,077050_J..S12R,J,1,1755780630,1J 1250+ P-A/BRD,1755798524,1755798534,946,0,0
1755780720_J..N,077200_J..N,J,0,1755780720,1J 1252 BRD/P-A,1755798674,1755798684,954,0,0
1755781110_J..S12R,077850_J..S12R,J,1,1755781110,1J 1258+ P-A/BRD,1755799170,1755799180,967,0,0
1755781200_J..N,078000_J..N,J,0,1755781200,1J 1300 BRD/P-A,1755799230,1755799239,964,0,0
1755781590_J..S12R,078650_J..S12R,J,1,1755781590,1J 1306+ P-A/BRD,1755799500,1755799510,948,0,0
1755781680_J..N,078800_J..N,J,0,1755781680,1J 1308 BRD/P-A,1755800086,1755800095,1014,0,0
1755782070_J..S12R,079450_J..S12R,J,1,1755782070,1J 1314+ P-A/BRD,1755799885,1755799891,935,0,0
1755782160_J..N,079600_J..N,J,0,1755782160,1J 1316 BRD/P-A,1755800086,1755800095,950,0,0
1755782550_J..S12R,080250_J..S12R,J,1,1755782550,1J 1322+ P-A/BRD,1755800251,1755800261,920,0,0
1755782640_J..N,080400_J..N,J,0,1755782640,1J 1324 BRD/P-A,1755800942,1755800951,1000,0,0
1755783030_J..S12R,081050_J..S12R,J,1,1755783030,1J 1330+ P-A/BRD,1755800807,1755800816,930,0,0
1755783120_J..N,081200_J..N,J,0,1755783120,1J 1332 BRD/P-A,1755800951,1755800957,937,0,0
1755783510_J..S12R,081850_J..S12R,J,1,1755783510,1J 1338+ P-A/BRD,1755801252,1755801257,925,0,0
1755783600_J..N,082000_J..N,J,0,1755783600,1J 1340 BRD/P-A,1755801407,1755801417,934,0,0
1755783990_J..S12R,082650_J..S12R,J,1,1755783990,1J 1346+ P-A/BRD,1755802032,1755802038,965,0,0
1755784080_J..N,082800_J..N,J,0,1755784080,1J 1348 BRD/P-A,1755802653,1755802663,1036,0,0
1755784470_J..S12R,083450_J..S12R,J,1,1755784470,1J 1354+ P-A/BRD,1755802498,1755802503,963,0,0
1755784560_J..N,083600_J..N,J,0,1755784560,1J 1356 BRD/P-A,1755802668,1755802678,974,0,0
1755784950_J..S12R,084250_J..S12R,J,1,1755784950,1J 1402+ P-A/BRD,1755802774,1755802783,936,0,0
1755785040_J..N,084400_J..N,J,0,1755785040,1J 1404 BRD/P-A,1755802873,1755802879,938,0,0
1755785430_J..S12R,085050_J..S12R,J,1,1755785430,1J 1410+ P-A/BRD,1755803209,1755803219,935,0,0
1755785520_J..N,085200_J..N,J,0,1755785520,1J 1412 BRD/P-A,1755803399,1755803404,948,0,0
1755785910_J..S12R,085850_J..S12R,J,1,1755785910,1J 1418+ P-A/BRD,1755803539,1755803549,915,0,0
1755786000_J..N,086000_J..N,J,0,1755786000,1J 1420 BRD/P-A,1755803915,1755803924,953,0,0
1755786390_J..S12R,086650_J..S12R,J,1,1755786390,1J 1426+ P-A/BRD,1755804350,1755804360,959,0,0
1755786480_J..N,086800_J..N,J,0,1755786480,1J 1428 BRD/P-A,1755804726,1755804735,997,0,0
1755786840_J..S12R,087400_J..S12R,J,1,1755786840,1J 1434 P-A/BRD,1755804545,1755804555,925,0,0
1755786960_J..N45R,087600_J..N45R,J,0,1755786960,1J 1436 BRD/P-A,1755804726,1755804735,933,0,0
1755787320_J..S12R,088200_J..S12R,J,1,1755787320,1J 1442 P-A/BRD,1755805026,1755805036,925,0,0
1755787440_J..N45R,088400_J..N45R,J,0,1755787440,1J 1444 BRD/P-A,1755805161,1755805171,927,0,0
1755787800_J..S12R,089000_J..S12R,J,1,1755787800,1J 1450 P-A/BRD,1755805621,1755805626,940,0,0
1755787920_J..N45R,089200_J..N45R,J,0,1755787920,1J 1452 BRD/P-A,1755805922,1755805927,964,0,0
1755788280_J..S12R,089800_J..S12R,J,1,1755788280,1J 1458 P-A/BRD,1755805807,1755805817,902,0,0
1755788400_J..N45R,090000_J..N45R,J,0,1755788400,1J 1500 BRD/P-A,1755806462,1755806467,973,0,0
1755788760_J..S12R,090600_J..S12R,J,1,1755788760,1J 1506 P-A/BRD,1755806462,1755806467,925,0,0
1755788880_J..N45R,090800_J..N45R,J,0,1755788880,1J 1508 BRD/P-A,1755807143,1755807153,1000,0,0
1755789240_J..S12R,091400_J..S12R,J,1,1755789240,1J 1514 P-A/BRD,1755806903,1755806913,920,0,0
1755789360_J..N45R,091600_J..N45R,J,0,1755789360,1J 1516 BRD/P-A,1755807383,1755807393,968,0,0
1755789720_J..S12R,092200_J..S12R,J,1,1755789720,1J 1522 P-A/BRD,1755807684,1755807693,960,0,0
1755789780_J..N45R,092300_J..N45R,J,0,1755789780,1J 1523 BRD/P-A,1755807513,1755807518,929,0,0
1755790200_J..S12R,093000_J..S12R,J,1,1755790200,1J 1530 P-A/BRD,1755808089,1755808099,950,0,0
1755790260_J..N45R,093100_J..N45R,J,0,1755790260,1J 1531 BRD/P-A,1755807753,1755807759,897,0,0
1755790680_J..S12R,093800_J..S12R,J,1,1755790680,1J 1538 P-A/BRD,1755808354,1755808359,921,0,0
1755790740_J..N45R,093900_J..N45R,J,0,1755790740,1J 1539 BRD/P-A,1755808735,1755808745,964,0,0
1755791160_J..S12R,094600_J..S12R,J,1,1755791160,1J 1546 P-A/BRD,1755809030,1755809035,947,0,0
1755791220_J..N45R,094700_J..N45R,J,0,1755791220,1J 1547 BRD/P-A,1755808810,1755808820,910,0,0
1755791520_J..S12R,095200_J..S12R,J,1,1755791520,1J 1552 P-A/BRD,1755809245,1755809255,928,0,0
1755791700_J..N45R,095500_J..N45R,J,0,1755791700,1J 1555 BRD/P-A,1755809290,1755809300,910,0,0
1755791940_J..S12R,095900_J..S12R,J,1,1755791940,1J 1559 P-A/BRD,1755809530,1755809540,910,0,0
1755792180_J..N45R,096300_J..N45R,J,0,1755792180,1J 1603 BRD/P-A,1755809906,1755809916,927,0,0
1755792390_J..S12R,096650_J..S12R,J,1,1755792390,1J 1606+ P-A/BRD,1755810011,1755810021,909,0,0
1755792630_J..N45R,097050_J..N45R,J,0,1755792630,1J 1610+ BRD/P-A,1755810161,1755810171,897,0,0
1755792840_J..S12R,097400_J..S12R,J,1,1755792840,1J 1614 P-A/BRD,1755810582,1755810591,925,0,0
1755793110_J..N45R,097850_J..N45R,J,0,1755793110,1J 1618+ BRD/P-A,1755811032,1755811042,950,0,0
1755793290_J..S12R,098150_J..S12R,J,1,1755793290,1J 1621+ P-A/BRD,1755810912,1755810922,910,0,0
1755793590_J..N45R,098650_J..N45R,J,0,1755793590,1J 1626+ BRD/P-A,1755811117,1755811122,897,0,0
1755793800_J..S12R,099000_J..S12R,J,1,1755793800,1J 1630 P-A/BRD,1755811497,1755811507,920,0,0
1755794070_J..N45R,099450_J..N45R,J,0,1755794070,1J 1634+ BRD/P-A,1755811903,1755811913,938,0,0
1755794160_J..S12R,099600_J..S12R,J,1,1755794160,1J 1636 P-A/BRD,1755811718,1755811723,901,0,0
1755794160_J..S54R,099600_J..S54R,J,1,1755794160,1J 1636 EPY/BRD,1755810386,1755810396,724,0,0
1755794490_J..N45R,100150_J..N45R,J,0,1755794490,1J 1641+ BRD/P-A,1755812053,1755812063,902,0,0
1755794490_J..S12R,100150_J..S12R,J,1,1755794490,1J 1641+ P-A/BRD,1755812158,1755812168,916,0,0
1755794790_J..N45R,100650_J..N45R,J,0,1755794790,1J 1646+ BRD/P-A,1755812438,1755812443,911,0,0
1755794940_J..S12R,100900_J..S12R,J,1,1755794940,1J 1649 P-A/BRD,1755812443,1755812453,894,0,0
1755795060_J..S54R,101100_J..S54R,J,1,1755795060,1J 1651 EPY/BRD,1755811137,1755811147,704,0,0
1755795270_J..N47R,101450_J..N47R,Z,0,1755795270,1Z 1654+ BRD/P-A,1755812744,1755812754,890,0,0
1755795420_J..S12R,101700_J..S12R,J,1,1755795420,1J 1657 P-A/BRD,1755812964,1755812969,899,0,0
1755795630_J..N49R,102050_J..N49R,J,0,1755795630,1J 1700+ BRD/P-A,1755813074,1755813084,886,0,0
1755795900_J..S12R,102500_J..S12R,J,1,1755795900,1J 1705 P-A/BRD,1755813450,1755813459,900,0,0
1755795930_J..N47R,102550_J..N47R,Z,0,1755795930,1Z 1705+ BRD/P-A,1755813489,1755813495,901,0,0
1755796230_J..N49R,103050_J..N49R,J,0,1755796230,1J 1710+ BRD/P-A,1755813660,1755813669,884,0,0
1755796380_J..S12R,103300_J..S12R,J,1,1755796380,1J 1713 P-A/BRD,1755814125,1755814135,926,0,0
1755796530_J..N47R,103550_J..N47R,Z,0,1755796530,1Z 1715+ BRD/P-A,1755814200,1755814210,916,0,0
1755796830_J..N49R,104050_J..N49R,J,0,1755796830,1J 1720+ BRD/P-A,1755814390,1755814395,901,0,0
1755796860_J..S12R,104100_J..S12R,J,1,1755796860,1J 1721 P-A/BRD,1755814510,1755814516,913,0,0
1755797100_J..N47R,104500_J..N47R,Z,0,1755797100,1Z 1725 BRD/P-A,1755814666,1755814676,902,0,0
1755797340_J..S12R,104900_J..S12R,J,1,1755797340,1J 1729 P-A/BRD,1755815026,1755815036,918,0,0
1755797400_J..N49R,105000_J..N49R,J,0,1755797400,1J 1730 BRD/P-A,1755814766,1755814771,875,0,0
1755797700_J..N47R,105500_J..N47R,Z,0,1755797700,1Z 1735 BRD/P-A,1755815221,1755815231,896,0,0
1755797820_J..S12R,105700_J..S12R,J,1,1755797820,1J 1737 P-A/BRD,1755815522,1755815532,920,0,0
1755798030_J..N49R,106050_J..N49R,J,0,1755798030,1J 1740+ BRD/P-A,1755815642,1755815652,908,0,0
1755798360_J..N47R,106600_J..N47R,Z,0,1755798360,1Z 1746 BRD/P-A,1755815987,1755815997,910,0,0
1755798420_J..S12R,106700_J..S12R,J,1,1755798420,1J 1747 P-A/BRD,1755815892,1755815897,889,0,0
1755798720_J..N45R,107200_J..N45R,J,0,1755798720,1J 1752 BRD/P-A,1755816478,1755816483,927,0,0
1755799020_J..S12R,107700_J..S12R,J,1,1755799020,1J 1757 P-A/BRD,1755816613,1755816618,905,0,0
1755799260_J..N45R,108100_J..N45R,J,0,1755799260,1J 1801 BRD/P-A,1755816753,1755816763,892,0,0
1755799620_J..S12R,108700_J..S12R,J,1,1755799620,1J 1807 P-A/BRD,1755817213,1755817218,906,0,0
1755799800_J..N45R,109000_J..N45R,J,0,1755799800,1J 1810 BRD/P-A,1755817429,1755817438,911,0,0
1755800220_J..S12R,109700_J..S12R,J,1,1755800220,1J 1817 P-A/BRD,1755817919,1755817924,934,0,0
1755800760_J..N45R,110600_J..N45R,J,0,1755800760,1J 1826 BRD/P-A,1755818585,1755818595,951,0,0
1755800790_J..S12R,110650_J..S12R,J,1,1755800790,1J 1826+ P-A/BRD,1755818209,1755818219,897,0,0
1755801240_J..N45R,111400_J..N45R,J,0,1755801240,1J 1834 BRD/P-A,1755818720,1755818730,905,0,0
1755801450_J..S12R,111750_J..S12R,J,1,1755801450,1J 1837+ P-A/BRD,1755819035,1755819045,919,0,0
1755801720_J..N45R,112200_J..N45R,J,0,1755801720,1J 1842 BRD/P-A,1755819200,1755819210,905,0,0
1755802050_J..S12R,112750_J..S12R,J,1,1755802050,1J 1847+ P-A/BRD,1755819576,1755819586,911,0,0
1755802200_J..N45R,113000_J..N45R,J,0,1755802200,1J 1850 BRD/P-A,1755819561,1755819571,889,0,0
1755802650_J..S12R,113750_J..S12R,J,1,1755802650,1J 1857+ P-A/BRD,1755820727,1755820732,985,0,0
1755802800_J..N45R,114000_J..N45R,J,0,1755802800,1J 1900 BRD/P-A,1755820201,1755820206,895,0,0
1755803100_J..N,114500_J..N,J,0,1755803100,EJ 1905 BRD/P-A,1755820667,1755820672,463,0,0
1755803250_J..S12R,114750_J..S12R,J,1,1755803250,1J 1907+ P-A/BRD,1755820882,1755820892,926,0,0
1755803460_J..N45R,115100_J..N45R,J,0,1755803460,1J 1911 BRD/P-A,1755820942,1755820953,906,0,0
1755803850_J..S12R,115750_J..S12R,J,1,1755803850,1J 1917+ P-A/BRD,1755821302,1755821313,902,0,0
1755804060_J..N45R,116100_J..N45R,J,0,1755804060,1J 1921 BRD/P-A,1755821688,1755821693,925,0,0
1755804450_J..S12R,116750_J..S12R,J,1,1755804450,1J 1927+ P-A/BRD,1755822274,1755822278,951,0,0
1755804720_J..N45R,117200_J..N45R,J,0,1755804720,1J 1932 BRD/P-A,1755822214,1755822218,907,0,0
1755805050_J..S12R,117750_J..S12R,J,1,1755805050,1J 1937+ P-A/BRD,1755823210,1755823220,961,0,0
1755805200_J..N41R,118000_J..N41R,J,0,1755805200,1J 1940 BRD/P-A,1755823330,1755823340,992,0,0
1755805650_J..S12R,118750_J..S12R,J,1,1755805650,1J 1947+ P-A/BRD,1755823370,1755823375,937,0,0
1755805830_J..N41R,119050_J..N41R,J,0,1755805830,1J 1950+ BRD/P-A,1755823795,1755823806,970,0,0
1755806250_J..S12R,119750_J..S12R,J,1,1755806250,1J 1957+ P-A/BRD,1755823655,1755823660,895,0,0
1755806430_J..N41R,120050_J..N41R,J,0,1755806430,1J 2000+ BRD/P-A,1755824261,1755824271,951,0,0
1755806850_J..S12R,120750_J..S12R,J,1,1755806850,1J 2007+ P-A/BRD,1755824456,1755824466,907,0,0
1755807030_J..N41R,121050_J..N41R,J,0,1755807030,1J 2010+ BRD/P-A,1755824666,1755824676,911,0,0
1755807450_J..S12R,121750_J..S12R,J,1,1755807450,1J 2017+ P-A/BRD,1755824857,1755824861,880,0,0
1755807630_J..N41R,122050_J..N41R,J,0,1755807630,1J 2020+ BRD/P-A,1755825082,1755825086,887,0,0
1755808050_J..S12R,122750_J..S12R,J,1,1755808050,1J 2027+ P-A/BRD,1755825637,1755825642,905,0,0
1755808230_J..N41R,123050_J..N41R,J,0,1755808230,1J 2030+ BRD/P-A,1755825732,1755825742,894,0,0
1755808650_J..S12R,123750_J..S12R,J,1,1755808650,1J 2037+ P-A/BRD,1755826538,1755826543,945,0,0
1755808860_J..N41R,124100_J..N41R,J,0,1755808860,1J 2041 BRD/P-A,1755826813,1755826823,954,0,0
1755809250_J..S12R,124750_J..S12R,J,1,1755809250,1J 2047+ P-A/BRD,1755826903,1755826913,914,0,0
1755809460_J..N41R,125100_J..N41R,J,0,1755809460,1J 2051 BRD/P-A,1755827123,1755827129,915,0,0
1755809880_J..S12R,125800_J..S12R,J,1,1755809880,1J 2058 P-A/BRD,1755827244,1755827249,875,0,0
1755810060_J..N41R,126100_J..N41R,J,0,1755810060,1J 2101 BRD/P-A,1755828105,1755828114,966,0,0
1755810480_J..S12R,126800_J..S12R,J,1,1755810480,1J 2108 P-A/BRD,1755828084,1755828090,907,0,0
1755810660_J..N41R,127100_J..N41R,J,0,1755810660,1J 2111 BRD/P-A,1755829045,1755829051,1011,0,0
1755811200_J..S12R,128000_J..S12R,J,1,1755811200,1J 2120 P-A/BRD,1755829051,1755829060,940,0,0
1755811260_J..N41R,128100_J..N41R,J,0,1755811260,1J 2121 BRD/P-A,1755829045,1755829051,931,0,0
1755811860_J..N41R,129100_J..N41R,J,0,1755811860,1J 2131 BRD/P-A,1755829426,1755829436,902,0,0
1755811920_J..S12R,129200_J..S12R,J,1,1755811920,1J 2132 P-A/BRD,1755829531,1755829541,908,0,0
1755812460_J..N41R,130100_J..N41R,J,0,1755812460,1J 2141 BRD/P-A,1755830252,1755830262,932,0,0
1755812640_J..S12R,130400_J..S12R,J,1,1755812640,1J 2144 P-A/BRD,1755830117,1755830127,890,0,0
1755813060_J..N41R,131100_J..N41R,J,0,1755813060,1J 2151 BRD/P-A,1755830837,1755830847,930,0,0
1755813360_J..S12R,131600_J..S12R,J,1,1755813360,1J 2156 P-A/BRD,1755831058,1755831063,919,0,0
1755813660_J..N41R,132100_J..N41R,J,0,1755813660,1J 2201 BRD/P-A,1755831193,1755831198,897,0,0
1755814080_J..S12R,132800_J..S12R,J,1,1755814080,1J 2208 P-A/BRD,1755831798,1755831808,922,0,0
1755814260_J..N41R,133100_J..N41R,J,0,1755814260,1J 2211 BRD/P-A,1755832114,1755832124,940,0,0
1755814800_J..S12R,134000_J..S12R,J,1,1755814800,1J 2220 P-A/BRD,1755832429,1755832439,910,0,0
1755814980_J..N41R,134300_J..N41R,J,0,1755814980,1J 2223 BRD/P-A,1755832970,1755832980,958,0,0
1755815580_J..S12R,135300_J..S12R,J,1,1755815580,1J 2233 P-A/BRD,1755833330,1755833340,926,0,0
1755815700_J..N41R,135500_J..N41R,J,0,1755815700,1J 2235 BRD/P-A,1755833285,1755833295,904,0,0
1755816420_J..N41R,136700_J..N41R,J,0,1755816420,1J 2247 BRD/P-A,1755833825,1755833835,880,0,0
1755816510_J..S12R,136850_J..S12R,J,1,1755816510,1J 2248+ P-A/BRD,1755834001,1755834006,891,0,0
1755817140_J..N41R,137900_J..N41R,J,0,1755817140,1J 2259 BRD/P-A,1755837292,1755837298,1000,0,0
1755817410_J..S12R,138350_J..S12R,J,1,1755817410,1J 2303+ P-A/BRD,1755837247,1755837253,959,0,0
1755817860_J..N41R,139100_J..N41R,J,0,1755817860,1J 2311 BRD/P-A,1755837307,1755837313,907,0,0
1755818310_J..S12R,139850_J..S12R,J,1,1755818310,1J 2318+ P-A/BRD,1755837268,1755837277,842,0,0
1755818580_J..N41R,140300_J..N41R,J,0,1755818580,1J 2323 BRD/P-A,1755838607,1755838617,895,0,0
1755819210_J..S12R,141350_J..S12R,J,1,1755819210,1J 2333+ P-A/BRD,1755837352,1755837358,733,0,0
1755819420_J..N41R,141700_J..N41R,J,0,1755819420,1J 2337 BRD/P-A,1755837328,1755837337,702,0,0
1755820230_J..S12R,143050_J..S12R,J,1,1755820230,1J 2350+ P-A/BRD,1755838571,1755838577,670,0,0
1755820320_J..N41R,143200_J..N41R,J,0,1755820320,1J 2352 BRD/P-A,1755838617,1755838623,664,0,0
1755821220_J..N41R,000700_J..N41R,J,0,1755821220,1J 0007 BRD/P-A,1755840151,1755840156,632,0,0
1755821310_J..S12R,000850_J..S12R,J,1,1755821310,1J 0008+ P-A/BRD,1755838818,1755838827,527,0,0
1755822120_J..N41R,002200_J..N41R,J,0,1755822120,1J 0022 BRD/P-A,1755840156,1755840166,542,0,0
1755822510_J..S12R,002850_J..S12R,J,1,1755822510,1J 0028+ P-A/BRD,1755840031,1755840036,471,0,0
1755823020_J..N41R,003700_J..N41R,J,0,1755823020,1J 0037 BRD/P-A,1755840877,1755840887,519,0,0
1755823710_J..S12R,004850_J..S12R,J,1,1755823710,1J 0048+ P-A/BRD,1755841267,1755841277,476,0,0
1755824100_J..N41R,005500_J..N41R,J,0,1755824100,1J 0055 BRD/P-A,1755841988,1755841998,523,0,0
1755824910_J..S12R,006850_J..S12R,J,1,1755824910,1J 0108+ P-A/BRD,1755842393,1755842404,533,0,0
1755825300_J..N41R,007500_J..N41R,J,0,1755825300,1J 0115 BRD/P-A,1755843665,1755843670,712,0,0
1755826110_J..S12R,008850_J..S12R,J,1,1755826110,1J 0128+ P-A/BRD,1755843955,1755843965,743,0,0
1755826500_J..N41R,009500_J..N41R,J,0,1755826500,1J 0135 BRD/P-A,1755844165,1755844175,735,0,0
1755827310_J..S12R,010850_J..S12R,J,1,1755827310,1J 0148+ P-A/BRD,1755844766,1755844776,760,0,0
1755827700_J..N41R,011500_J..N41R,J,0,1755827700,1J 0155 BRD/P-A,1755845441,1755845452,840,0,0
1755828510_J..S12R,012850_J..S12R,J,1,1755828510,1J 0208+ P-A/BRD,1755846402,1755846413,866,0,0
1755828900_J..N41R,013500_J..N41R,J,0,1755828900,1J 0215 BRD/P-A,1755847423,1755847434,1003,0,0
1755830100_J..N41R,015500_J..N41R,J,0,1755830100,1J 0235 BRD/P-A,1755847949,1755847959,942,0,0
1755830400_J..S,016000_J..S,J,1,1755830400,EJ 0240 P-A/BRD,1755848610,1755848620,496,1,1
1755830910_J..S12R,016850_J..S12R,J,1,1755830910,1J 0248+ P-A/BRD,1755848640,1755848650,926,0,0
1755831300_J..N41R,017500_J..N41R,J,0,1755831300,1J 0255 BRD/P-A,1755849045,1755849055,928,0,0
1755832110_J..S12R,018850_J..S12R,J,1,1755832110,1J 0308+ P-A/BRD,1755850216,1755850227,1057,0,0
1755832500_J..N41R,019500_J..N41R,J,0,1755832500,1J 0315 BRD/P-A,1755850122,1755850126,910,0,0
1755833310_J..S12R,020850_J..S12R,J,1,1755833310,1J 0328+ P-A/BRD,1755850922,1755850933,1085,0,0
1755833700_J..N41R,021500_J..N41R,J,0,1755833700,1J 0335 BRD/P-A,1755852364,1755852374,1311,0,0
1755834510_J..S12R,022850_J..S12R,J,1,1755834510,1J 0348+ P-A/BRD,1755851924,1755851928,1175,0,0
1755834900_J..N41R,023500_J..N41R,J,0,1755834900,1J 0355 BRD/P-A,1755853024,1755853035,1394,0,0
1755748980_L..N,024300_L..N,L,0,1755748980,0L 0403 RPY/8AV,1755765892,1755765901,576,0,0
1755749610_L..S,025350_L..S,L,1,1755749610,0L 0413+8AV/RPY,1755766132,1755766141,524,0,0
1755750180_L..N,026300_L..N,L,0,1755750180,0L 0423 RPY/8AV,1755766792,1755766801,534,0,0
1755750810_L..S,027350_L..S,L,1,1755750810,0L 0433+8AV/RPY,1755767551,1755767557,553,0,0
1755751380_L..N,028300_L..N,L,0,1755751380,0L 0443 RPY/8AV,1755767812,1755767821,510,0,0
1755752100_L..S,029500_L..S,L,1,1755752100,0L 0455 8AV/RPY,1755768637,1755768646,526,0,0
1755752430_L..N,030050_L..N,L,0,1755752430,0L 0500+RPY/8AV,1755769012,1755769021,532,0,0
1755753060_L..N,031100_L..N,L,0,1755753060,0L 0511 RPY/8AV,1755769582,1755769591,522,0,0
1755753390_L..S,031650_L..S,L,1,1755753390,0L 0516+8AV/RPY,1755769852,1755769861,516,0,0
1755753570_L..N,031950_L..N,L,0,1755753570,0L 0519+105/8AV,1755769792,1755769801,484,0,0
1755753870_L..N,032450_L..N,L,0,1755753870,0L 0524+RPY/8AV,1755770272,1755770281,508,0,0
1755754320_L..S,033200_L..S,L,1,1755754320,0L 0532 8AV/RPY,1755770782,1755770791,516,0,0
1755754350_L..N,033250_L..N,L,0,1755754350,0L 0532+105/8AV,1755770557,1755770566,482,0,0
1755754620_L..N,033700_L..N,L,0,1755754620,0L 0537 RPY/8AV,1755771112,1755771121,518,0,0
1755755040_L..S,034400_L..S,L,1,1755755040,0L 0544 8AV/RPY,1755771457,1755771467,510,0,0
1755755070_L..N,034450_L..N,L,0,1755755070,0L 0544+105/8AV,1755771367,1755771376,494,0,0
1755755340_L..N,034900_L..N,L,0,1755755340,0L 0549 RPY/8AV,1755771847,1755771857,522,0,0
1755755545_L..S,035242_L..S,L,1,1755755545,0L 0552 8AV/RPY,1755770662,1755770671,2,0,0
1755755640_L..S,035400_L..S,L,1,1755755640,0L 0554 8AV/RPY,1755772252,1755772262,536,0,0
1755755790_L..N,035650_L..N,L,0,1755755790,0L 0556+105/8AV,1755772072,1755772082,492,0,0
1755756060_L..N,036100_L..N,L,0,1755756060,0L 0601 RPY/8AV,1755772657,1755772667,534,0,0
1755756120_L..S,036200_L..S,L,1,1755756120,0L 0602 8AV/RPY,1755772777,1755772786,542,0,0
1755756480_L..S,036800_L..S,L,1,1755756480,0L 0608 8AV/RPY,1755773017,1755773026,526,0,0
1755756510_L..N,036850_L..N,L,0,1755756510,0L 0608+105/8AV,1755772762,1755772772,488,0,0
1755756780_L..N,037300_L..N,L,0,1755756780,0L 0613 RPY/8AV,1755773567,1755773572,559,0,0
1755756840_L..S,037400_L..S,L,1,1755756840,0L 0614 8AV/RPY,1755773317,1755773327,518,0,0
1755757200_L..S,038000_L..S,L,1,1755757200,0L 0620 8AV/RPY,1755773572,1755773582,504,0,0
1755757500_L..N,038500_L..N,L,0,1755757500,0L 0625 RPY/8AV,1755774037,1755774047,526,0,0
1755757560_L..S,038600_L..S,L,1,1755757560,0L 0626 8AV/RPY,1755774022,1755774032,514,0,0
1755757830_L..N,039050_L..N,L,0,1755757830,0L 0630+RPY/8AV,1755774502,1755774512,544,0,0
1755757920_L..S,039200_L..S,L,1,1755757920,0L 0632 8AV/RPY,1755774292,1755774302,502,0,0
1755758190_L..N,039650_L..N,L,0,1755758190,0L 0636+RPY/8AV,1755774667,1755774677,518,0,0
1755758280_L..S,039800_L..S,L,1,1755758280,0L 0638 8AV/RPY,1755774997,1755775007,550,0,0
1755758580_L..N,040300_L..N,L,0,1755758580,0L 0643 105/8AV,1755774922,1755774932,500,0,0
1755758640_L..S,040400_L..S,L,1,1755758640,0L 0644 8AV/RPY,1755775102,1755775112,516,0,0
1755758760_L..N,040600_L..N,L,0,1755758760,0L 0646 RPY/8AV,1755775192,1755775202,510,0,0
1755759000_L..S,041000_L..S,L,1,1755759000,0L 0650 8AV/RPY,1755775687,1755775697,546,0,0
1755759060_L..N,041100_L..N,L,0,1755759060,0L 0651 RPY/8AV,1755775537,1755775547,518,0,0
1755759330_L..N,041550_L..N,L,0,1755759330,0L 0655+RPY/8AV,1755775672,1755775682,500,0,0
1755759360_L..S,041600_L..S,L,1,1755759360,0L 0656 8AV/RPY,1755775792,1755775802,512,0,0
1755759600_L..N,042000_L..N,L,0,1755759600,0L 0700 105/8AV,1755776062,1755776072,516,0,0
1755759750_L..N,042250_L..N,L,0,1755759750,0L 0702+RPY/8AV,1755776242,1755776252,520,0,0
1755759931_L..S,042553_L..S,L,1,1755759931,0L 0705+8AV/RPY,1755776362,1755776372,308,0,0
1755759990_L..N,042650_L..N,L,0,1755759990,0L 0706+RPY/8AV,1755776452,1755776462,516,0,0
1755760320_L..N,043200_L..N,L,0,1755760320,0L 0712 105/8AV,1755776687,1755776692,503,0,0
1755760440_L..S,043400_L..S,L,1,1755760440,0L 0714 8AV/RPY,1755777082,1755777092,538,0,0
1755760470_L..N,043450_L..N,L,0,1755760470,0L 0714+RPY/8AV,1755776972,1755776977,521,0,0
1755760710_L..N,043850_L..N,L,0,1755760710,0L 0718+RPY/8AV,1755777187,1755777197,518,0,0
1755760740_L..S,043900_L..S,L,1,1755760740,0L 0719 8AV/RPY,1755777217,1755777227,518,0,0
1755761040_L..N,044400_L..N,L,0,1755761040,0L 0724 105/8AV,1755777397,1755777407,502,0,0
1755761040_L..S,044400_L..S,L,1,1755761040,0L 0724 8AV/RPY,1755777637,1755777647,534,0,0
1755761070_L..N,044450_L..N,L,0,1755761070,0L 0724+RPY/8AV,1755777577,1755777587,522,0,0
1755761340_L..S,044900_L..S,L,1,1755761340,0L 0729 8AV/RPY,1755777827,1755777832,519,0,0
1755761430_L..N,045050_L..N,L,0,1755761430,0L 0730+RPY/8AV,1755777922,1755777932,520,0,0
1755761580_L..S,045300_L..S,L,1,1755761580,0L 0733 8AV/MYR,1755777217,1755777227,406,0,0
1755761700_L..N,045500_L..N,L,0,1755761700,0L 0735 105/8AV,1755778312,1755778322,536,0,0
1755761790_L..N,045650_L..N,L,0,1755761790,0L 0736+RPY/8AV,1755778417,1755778427,538,0,0
1755761820_L..S,045700_L..S,L,1,1755761820,0L 0737 8AV/RPY,1755778357,1755778367,526,0,0
1755762060_L..N,046100_L..N,L,0,1755762060,0L 0741 105/8AV,1755778522,1755778532,514,0,0
1755762060_L..S,046100_L..S,L,1,1755762060,0L 0741 8AV/RPY,1755778607,1755778612,527,0,0
1755762150_L..N,046250_L..N,L,0,1755762150,0L 0742+RPY/8AV,1755778762,1755778772,536,0,0
1755762300_L..S,046500_L..S,L,1,1755762300,0L 0745 8AV/MYR,1755777757,1755777767,382,0,0
1755762420_L..N,046700_L..N,L,0,1755762420,0L 0747 105/8AV,1755779032,1755779042,530,0,0
1755762510_L..N,046850_L..N,L,0,1755762510,0L 0748+RPY/8AV,1755776737,1755776747,218,0,0
1755762540_L..S,046900_L..S,L,1,1755762540,0L 0749 8AV/RPY,1755779062,1755779072,524,0,0
1755762690_L..N,047150_L..N,L,0,1755762690,0L 0751+RPY/8AV,1755779227,1755779237,332,0,0
1755762780_L..S,047300_L..S,L,1,1755762780,0L 0753 8AV/RPY,1755779302,1755779312,524,0,0
1755763020_L..S,047700_L..S,L,1,1755763020,0L 0757 8AV/MYR,1755778552,1755778562,392,0,0
1755763140_L..N,047900_L..N,L,0,1755763140,0L 0759 105/8AV,1755779497,1755779507,502,0,0
1755763230_L..N,048050_L..N,L,0,1755763230,0L 0800+RPY/8AV,1755779717,1755779722,519,0,0
1755763260_L..S,048100_L..S,L,1,1755763260,0L 0801 8AV/RPY,1755779782,1755779792,524,0,0
1755763500_L..S,048500_L..S,L,1,1755763500,0L 0805 8AV/RPY,1755779957,1755779962,515,0,0
1755763590_L..N,048650_L..N,L,0,1755763590,0L 0806+RPY/8AV,1755780052,1755780062,514,0,0
1755763650_L..N,048750_L..N,L,0,1755763650,0L 0807+MYR/8AV,1755779122,1755779132,384,0,0
1755763680_L..S,048800_L..S,L,1,1755763680,0L 0808 8AV/RPY,1755780277,1755780287,534,0,0
1755763860_L..N,049100_L..N,L,0,1755763860,0L 0811 105/8AV,1755780337,1755780347,518,0,0
1755763860_L..S,049100_L..S,L,1,1755763860,0L 0811 8AV/MYR,1755779447,1755779452,399,0,0
1755763950_L..N,049250_L..N,L,0,1755763950,0L 0812+RPY/8AV,1755780502,1755780512,528,0,0
1755764040_L..S,049400_L..S,L,1,1755764040,0L 0814 8AV/RPY,1755780667,1755780677,538,0,0
1755764220_L..S,049700_L..S,L,1,1755764220,0L 0817 8AV/RPY,1755781012,1755781022,560,0,0
1755764310_L..N,049850_L..N,L,0,1755764310,0L 0818+RPY/8AV,1755780842,1755780847,523,0,0
1755764370_L..N,049950_L..N,L,0,1755764370,0L 0819+MYR/8AV,1755779977,1755779987,402,0,0
1755764400_L..S,050000_L..S,L,1,1755764400,0L 0820 8AV/RPY,1755781202,1755781207,561,0,0
1755764580_L..N,050300_L..N,L,0,1755764580,0L 0823 105/8AV,1755781007,1755781012,511,0,0
1755764580_L..S,050300_L..S,L,1,1755764580,0L 0823 8AV/MYR,1755780247,1755780257,410,0,0
1755764670_L..N,050450_L..N,L,0,1755764670,0L 0824+RPY/8AV,1755781232,1755781237,529,0,0
1755764760_L..S,050600_L..S,L,1,1755764760,0L 0826 8AV/RPY,1755781532,1755781537,557,0,0
1755764940_L..S,050900_L..S,L,1,1755764940,0L 0829 8AV/RPY,1755781742,1755781747,561,0,0
1755765060_L..N,051100_L..N,L,0,1755765060,0L 0831 RPY/8AV,1755781577,1755781582,523,0,0
1755765090_L..N,051150_L..N,L,0,1755765090,0L 0831+MYR/8AV,1755780632,1755780637,393,0,0
1755765120_L..S,051200_L..S,L,1,1755765120,0L 0832 8AV/MYR,1755780802,1755780812,412,0,0
1755765270_L..N,051450_L..N,L,0,1755765270,0L 0834+RPY/8AV,1755781747,1755781757,516,0,0
1755765300_L..S,051500_L..S,L,1,1755765300,0L 0835 8AV/RPY,1755782002,1755782012,538,0,0
1755765480_L..S,051800_L..S,L,1,1755765480,0L 0838 8AV/RPY,1755780007,1755780017,256,0,0
1755765600_L..S,052000_L..S,L,1,1755765600,0L 0840 8AV/RPY,1755782237,1755782242,297,0,0
1755765690_L..N,052150_L..N,L,0,1755765690,0L 0841+RPY/8AV,1755782192,1755782197,521,0,0
1755765810_L..N,052350_L..N,L,0,1755765810,0L 0843+MYR/8AV,1755781327,1755781337,390,0,0
1755765840_L..S,052400_L..S,L,1,1755765840,0L 0844 8AV/MYR,1755781327,1755781337,386,0,0
1755765960_L..N,052600_L..N,L,0,1755765960,0L 0846 RPY/8AV,1755782542,1755782552,532,0,0
1755766020_L..S,052700_L..S,L,1,1755766020,0L 0847 8AV/RPY,1755782752,1755782762,552,0,0
1755766200_L..S,053000_L..S,L,1,1755766200,0L 0850 8AV/RPY,1755782947,1755782957,554,0,0
1755766320_L..N,053200_L..N,L,0,1755766320,0L 0852 RPY/8AV,1755782842,1755782852,524,0,0
1755766380_L..S,053300_L..S,L,1,1755766380,0L 0853 8AV/RPY,1755783112,1755783122,552,0,0
1755766440_L..N,053400_L..N,L,0,1755766440,0L 0854 MYR/8AV,1755782032,1755782042,400,0,0
1755766560_L..N,053600_L..N,L,0,1755766560,0L 0856 RPY/8AV,1755783077,1755783082,523,0,0
1755766560_L..S,053600_L..S,L,1,1755766560,0L 0856 8AV/MYR,1755782092,1755782102,392,0,0
1755766740_L..S,053900_L..S,L,1,1755766740,0L 0859 8AV/RPY,1755783427,1755783437,546,0,0
1755766800_L..N,054000_L..N,L,0,1755766800,0L 0900 RPY/8AV,1755783382,1755783392,532,0,0
1755766920_L..S,054200_L..S,L,1,1755766920,0L 0902 8AV/RPY,1755783562,1755783572,540,0,0
1755767100_L..N,054500_L..N,L,0,1755767100,0L 0905 RPY/8AV,1755783697,1755783707,534,0,0
1755767100_L..S,054500_L..S,L,1,1755767100,0L 0905 8AV/RPY,1755783757,1755783767,542,0,0
1755767130_L..N,054550_L..N,L,0,1755767130,0L 0905+MYR/8AV,1755782717,1755782722,399,0,0
1755767310_L..S,054850_L..S,L,1,1755767310,0L 0908+8AV/MYR,1755782737,1755782747,378,0,0
1755767370_L..N,054950_L..N,L,0,1755767370,0L 0909+RPY/8AV,1755783892,1755783902,524,0,0
1755767520_L..S,055200_L..S,L,1,1755767520,0L 0912 8AV/RPY,1755784132,1755784142,536,0,0
1755767670_L..N,055450_L..N,L,0,1755767670,0L 0914+RPY/8AV,1755784237,1755784247,528,0,0
1755767730_L..S,055550_L..S,L,1,1755767730,0L 0915+8AV/RPY,1755784342,1755784352,536,0,0
1755767880_L..N,055800_L..N,L,0,1755767880,0L 0918 RPY/8AV,1755784537,1755784547,542,0,0
1755767910_L..N,055850_L..N,L,0,1755767910,0L 0918+MYR/8AV,1755783487,1755783497,398,0,0
1755768030_L..S,056050_L..S,L,1,1755768030,0L 0920+8AV/RPY,1755784552,1755784562,524,0,0
1755768180_L..N,056300_L..N,L,0,1755768180,0L 0923 RPY/8AV,1755784657,1755784667,518,0,0
1755768240_L..S,056400_L..S,L,1,1755768240,0L 0924 8AV/RPY,1755784702,1755784712,516,0,0
1755768450_L..S,056750_L..S,L,1,1755768450,0L 0927+8AV/RPY,1755785092,1755785102,538,0,0
1755768510_L..N,056850_L..N,L,0,1755768510,0L 0928+RPY/8AV,1755785062,1755785072,528,0,0
1755768540_L..N,056900_L..N,L,0,1755768540,0L 0929 MYR/8AV,1755784027,1755784037,386,0,0
1755768660_L..S,057100_L..S,L,1,1755768660,0L 0931 8AV/RPY,1755785227,1755785237,530,0,0
1755768720_L..N,057200_L..N,L,0,1755768720,0L 0932 RPY/8AV,1755785282,1755785287,529,0,0
1755768870_L..S,057450_L..S,L,1,1755768870,0L 0934+8AV/RPY,1755785512,1755785522,538,0,0
1755768990_L..N,057650_L..N,L,0,1755768990,0L 0936+RPY/8AV,1755785692,1755785702,548,0,0
1755769020_L..S,057700_L..S,L,1,1755769020,0L 0937 8AV/RPY,1755785702,1755785707,545,0,0
1755769200_L..N,058000_L..N,L,0,1755769200,0L 0940 RPY/8AV,1755785822,1755785827,537,0,0
1755769230_L..S,058050_L..S,L,1,1755769230,0L 0940+8AV/MYR,1755784882,1755784892,408,0,0
1755769410_L..N,058350_L..N,L,0,1755769410,0L 0943+MYR/8AV,1755784832,1755784837,377,0,0
1755769440_L..N,058400_L..N,L,0,1755769440,0L 0944 RPY/8AV,1755786082,1755786092,540,0,0
1755769440_L..S,058400_L..S,L,1,1755769440,0L 0944 8AV/RPY,1755786232,1755786242,560,0,0
1755769650_L..S,058750_L..S,L,1,1755769650,0L 0947+8AV/RPY,1755786482,1755786487,565,0,0
1755769680_L..N,058800_L..N,L,0,1755769680,0L 0948 RPY/8AV,1755786322,1755786332,540,0,0
1755769860_L..S,059100_L..S,L,1,1755769860,0L 0951 8AV/RPY,1755786637,1755786647,558,0,0
1755769920_L..N,059200_L..N,L,0,1755769920,0L 0952 RPY/8AV,1755786592,1755786602,544,0,0
1755770070_L..S,059450_L..S,L,1,1755770070,0L 0954+8AV/RPY,1755786877,1755786887,562,0,0
1755770160_L..N,059600_L..N,L,0,1755770160,0L 0956 RPY/8AV,1755786847,1755786857,546,0,0
1755770280_L..S,059800_L..S,L,1,1755770280,0L 0958 8AV/RPY,1755787057,1755787067,558,0,0
1755770430_L..N,060050_L..N,L,0,1755770430,0L 1000+RPY/8AV,1755787012,1755787022,532,0,0
1755770490_L..S,060150_L..S,L,1,1755770490,0L 1001+8AV/RPY,1755787267,1755787277,558,0,0
1755770670_L..N,060450_L..N,L,0,1755770670,0L 1004+RPY/8AV,1755787192,1755787202,522,0,0
1755770670_L..S,060450_L..S,L,1,1755770670,0L 1004+8AV/RPY,1755787432,1755787442,554,0,0
1755770880_L..S,060800_L..S,L,1,1755770880,0L 1008 8AV/RPY,1755787852,1755787862,584,0,0
1755770910_L..N,060850_L..N,L,0,1755770910,0L 1008+RPY/8AV,1755787492,1755787502,532,0,0
1755771090_L..S,061150_L..S,L,1,1755771090,0L 1011+8AV/RPY,1755788257,1755788267,610,0,0
1755771150_L..N,061250_L..N,L,0,1755771150,0L 1012+RPY/8AV,1755785437,1755785447,224,0,0
1755771270_L..N,061450_L..N,L,0,1755771270,0L 1014+RPY/8AV,1755787867,1755787877,324,0,0
1755771300_L..S,061500_L..S,L,1,1755771300,0L 1015 8AV/RPY,1755788407,1755788417,593,0,0
1755771510_L..S,061850_L..S,L,1,1755771510,0L 1018+8AV/RPY,1755788527,1755788537,590,0,0
1755771630_L..N,062050_L..N,L,0,1755771630,0L 1020+RPY/8AV,1755788182,1755788192,528,0,0
1755771750_L..S,062250_L..S,L,1,1755771750,0L 1022+8AV/RPY,1755788797,1755788807,593,0,0
1755771870_L..N,062450_L..N,L,0,1755771870,0L 1024+RPY/8AV,1755788602,1755788612,548,0,0
1755771990_L..S,062650_L..S,L,1,1755771990,0L 1026+8AV/RPY,1755788962,1755788972,584,0,0
1755772110_L..N,062850_L..N,L,0,1755772110,0L 1028+RPY/8AV,1755789037,1755789047,574,0,0
1755772230_L..S,063050_L..S,L,1,1755772230,0L 1030+8AV/RPY,1755789142,1755789152,576,0,0
1755772350_L..N,063250_L..N,L,0,1755772350,0L 1032+RPY/8AV,1755789112,1755789122,546,0,0
1755772470_L..S,063450_L..S,L,1,1755772470,0L 1034+8AV/RPY,1755789307,1755789317,566,0,0
1755772590_L..N,063650_L..N,L,0,1755772590,0L 1036+RPY/8AV,1755789232,1755789242,540,0,0
1755772710_L..S,063850_L..S,L,1,1755772710,0L 1038+8AV/RPY,1755789512,1755789517,561,0,0
1755772830_L..N,064050_L..N,L,0,1755772830,0L 1040+RPY/8AV,1755789562,1755789572,552,0,0
1755772950_L..S,064250_L..S,L,1,1755772950,0L 1042+8AV/RPY,1755789652,1755789662,548,0,0
1755773070_L..N,064450_L..N,L,0,1755773070,0L 1044+RPY/8AV,1755789667,1755789677,534,0,0
1755773190_L..S,064650_L..S,L,1,1755773190,0L 1046+8AV/RPY,1755789857,1755789862,543,0,0
1755773310_L..N,064850_L..N,L,0,1755773310,0L 1048+RPY/8AV,1755789967,1755789977,542,0,0
1755773430_L..S,065050_L..S,L,1,1755773430,0L 1050+8AV/RPY,1755790027,1755790037,534,0,0
1755773550_L..N,065250_L..N,L,0,1755773550,0L 1052+RPY/8AV,1755787957,1755787967,242,0,0
1755773670_L..N,065450_L..N,L,0,1755773670,0L 1054+RPY/8AV,1755790162,1755790172,294,0,0
1755773670_L..S,065450_L..S,L,1,1755773670,0L 1054+8AV/RPY,1755790222,1755790232,528,0,0
1755773910_L..S,065850_L..S,L,1,1755773910,0L 1058+8AV/RPY,1755788362,1755788372,248,0,0
1755774030_L..N,066050_L..N,L,0,1755774030,0L 1100+RPY/8AV,1755790597,1755790607,528,0,0
1755774030_L..S,066050_L..S,L,1,1755774030,0L 1100+8AV/RPY,1755790627,1755790637,302,0,0
1755774270_L..N,066450_L..N,L,0,1755774270,0L 1104+RPY/8AV,1755790762,1755790772,520,0,0
1755774390_L..S,066650_L..S,L,1,1755774390,0L 1106+8AV/RPY,1755791167,1755791177,558,0,0
1755774510_L..N,066850_L..N,L,0,1755774510,0L 1108+RPY/8AV,1755790987,1755790997,518,0,0
1755774750_L..N,067250_L..N,L,0,1755774750,0L 1112+RPY/8AV,1755791152,1755791162,508,0,0
1755774750_L..S,067250_L..S,L,1,1755774750,0L 1112+8AV/RPY,1755791422,1755791432,332,0,0
1755774990_L..N,067650_L..N,L,0,1755774990,0L 1116+RPY/8AV,1755791512,1755791522,524,0,0
1755775110_L..S,067850_L..S,L,1,1755775110,0L 1118+8AV/RPY,1755791752,1755791762,540,0,0
1755775230_L..N,068050_L..N,L,0,1755775230,0L 1120+RPY/8AV,1755791632,1755791642,508,0,0
1755775350_L..S,068250_L..S,L,1,1755775350,0L 1122+8AV/RPY,1755792052,1755792062,548,0,0
1755775470_L..N,068450_L..N,L,0,1755775470,0L 1124+RPY/8AV,1755792007,1755792017,526,0,0
1755775590_L..S,068650_L..S,L,1,1755775590,0L 1126+8AV/RPY,1755792232,1755792242,540,0,0
1755775710_L..N,068850_L..N,L,0,1755775710,0L 1128+RPY/8AV,1755792337,1755792347,536,0,0
1755775830_L..S,069050_L..S,L,1,1755775830,0L 1130+8AV/RPY,1755792562,1755792572,552,0,0
1755776010_L..N,069350_L..N,L,0,1755776010,0L 1133+RPY/8AV,1755792742,1755792752,552,0,0
1755776070_L..S,069450_L..S,L,1,1755776070,0L 1134+8AV/RPY,1755792772,1755792782,548,0,0
1755776310_L..N,069850_L..N,L,0,1755776310,0L 1138+RPY/8AV,1755793087,1755793097,557,0,0
1755776310_L..S,069850_L..S,L,1,1755776310,0L 1138+8AV/RPY,1755792967,1755792977,541,0,0
1755776550_L..S,070250_L..S,L,1,1755776550,0L 1142+8AV/RPY,1755793252,1755793262,547,0,0
1755776610_L..N,070350_L..N,L,0,1755776610,0L 1143+RPY/8AV,1755793402,1755793412,559,0,0
1755776790_L..S,070650_L..S,L,1,1755776790,0L 1146+8AV/RPY,1755793462,1755793472,543,0,0
1755776910_L..N,070850_L..N,L,0,1755776910,0L 1148+RPY/8AV,1755793627,1755793637,549,0,0
1755777030_L..S,071050_L..S,L,1,1755777030,0L 1150+8AV/RPY,1755793732,1755793742,547,0,0
1755777210_L..N,071350_L..N,L,0,1755777210,0L 1153+RPY/8AV,1755793897,1755793907,543,0,0
1755777270_L..S,071450_L..S,L,1,1755777270,0L 1154+8AV/RPY,1755793942,1755793952,543,0,0
1755777510_L..N,071850_L..N,L,0,1755777510,0L 1158+RPY/8AV,1755794377,1755794387,569,0,0
1755777510_L..S,071850_L..S,L,1,1755777510,0L 1158+8AV/RPY,1755794272,1755794282,555,0,0
1755777750_L..S,072250_L..S,L,1,1755777750,0L 1202+8AV/RPY,1755794537,1755794542,558,0,0
1755777810_L..N,072350_L..N,L,0,1755777810,0L 1203+RPY/8AV,1755794482,1755794492,543,0,0
1755778050_L..S,072750_L..S,L,1,1755778050,0L 1207+8AV/RPY,1755794752,1755794762,547,0,0
1755778110_L..N,072850_L..N,L,0,1755778110,0L 1208+RPY/8AV,1755794887,1755794897,557,0,0
1755778350_L..S,073250_L..S,L,1,1755778350,0L 1212+8AV/RPY,1755795017,1755795022,540,0,0
1755778410_L..N,073350_L..N,L,0,1755778410,0L 1213+RPY/8AV,1755795082,1755795092,543,0,0
1755778650_L..S,073750_L..S,L,1,1755778650,0L 1217+8AV/RPY,1755795542,1755795547,572,0,0
1755778710_L..N,073850_L..N,L,0,1755778710,0L 1218+RPY/8AV,1755795517,1755795527,561,0,0
1755778950_L..S,074250_L..S,L,1,1755778950,0L 1222+8AV/RPY,1755795817,1755795827,569,0,0
1755779010_L..N,074350_L..N,L,0,1755779010,0L 1223+RPY/8AV,1755795802,1755795812,559,0,0
1755779250_L..S,074750_L..S,L,1,1755779250,0L 1227+8AV/RPY,1755796012,1755796022,555,0,0
1755779310_L..N,074850_L..N,L,0,1755779310,0L 1228+RPY/8AV,1755796102,1755796112,559,0,0
1755779550_L..S,075250_L..S,L,1,1755779550,0L 1232+8AV/RPY,1755796177,1755796187,537,0,0
1755779610_L..N,075350_L..N,L,0,1755779610,0L 1233+RPY/8AV,1755796237,1755796247,537,0,0
1755779850_L..S,075750_L..S,L,1,1755779850,0L 1237+8AV/RPY,1755796942,1755796952,599,0,0
1755779910_L..N,075850_L..N,L,0,1755779910,0L 1238+RPY/8AV,1755796597,1755796607,545,0,0
1755780150_L..S,076250_L..S,L,1,1755780150,0L 1242+8AV/RPY,1755797242,1755797252,599,0,0
1755780210_L..N,076350_L..N,L,0,1755780210,0L 1243+RPY/8AV,1755796942,1755796952,551,0,0
1755780450_L..S,076750_L..S,L,1,1755780450,0L 1247+8AV/RPY,1755797977,1755797983,640,0,0
1755780510_L..N,076850_L..N,L,0,1755780510,0L 1248+RPY/8AV,1755797242,1755797252,548,0,0
1755780750_L..S,077250_L..S,L,1,1755780750,0L 1252+8AV/RPY,1755798502,1755798512,670,0,0
1755780810_L..N,077350_L..N,L,0,1755780810,0L 1253+RPY/8AV,1755797602,1755797613,555,0,0
1755781050_L..S,077750_L..S,L,1,1755781050,0L 1257+8AV/RPY,1755799042,1755799052,702,0,0
1755781110_L..N,077850_L..N,L,0,1755781110,0L 1258+RPY/8AV,1755798142,1755798152,572,0,0
1755781350_L..S,078250_L..S,L,1,1755781350,0L 1302+8AV/RPY,1755799342,1755799352,702,0,0
1755781410_L..N,078350_L..N,L,0,1755781410,0L 1303+RPY/8AV,1755798622,1755798632,576,0,0
1755781650_L..S,078750_L..S,L,1,1755781650,0L 1307+8AV/RPY,1755797467,1755797477,430,0,0
1755781800_L..N,079000_L..N,L,0,1755781800,EL 1310 LIV/8AV,1755798262,1755798272,254,0,0
1755781950_L..S,079250_L..S,L,1,1755781950,0L 1312+8AV/RPY,1755799942,1755799952,702,0,0
1755782250_L..S,079750_L..S,L,1,1755782250,0L 1317+8AV/RPY,1755800242,1755800252,702,0,0
1755782439_L..N,080065_L..N,L,0,1755782439,EL 1320+RPY/LIV,1755797257,1755797267,48,0,0
1755782520_L..N,080200_L..N,L,0,1755782520,EL 1322 LIV/8AV,1755798802,1755798812,224,0,0
1755782550_L..S,080250_L..S,L,1,1755782550,0L 1322+8AV/RPY,1755798352,1755798362,410,0,0
1755782850_L..S,080750_L..S,L,1,1755782850,0L 1327+8AV/RPY,1755800842,1755800852,702,0,0
1755782866_L..N,080778_L..N,L,0,1755782866,EL 1327+LIV/8AV,1755799387,1755799397,262,0,0
1755783150_L..S,081250_L..S,L,1,1755783150,0L 1332+8AV/RPY,1755801142,1755801152,702,0,0
1755783180_L..S,081300_L..S,L,1,1755783180,EL 1333 LIV/RPY,1755798352,1755798362,88,2,0
1755783600_L..N,082000_L..N,L,0,1755783600,EL 1340 LIV/8AV,1755799807,1755799817,264,1,1
1755783750_L..S,082250_L..S,L,1,1755783750,0L 1342+8AV/RPY,1755799552,1755799562,410,0,0
1755784050_L..S,082750_L..S,L,1,1755784050,0L 1347+8AV/RPY,1755802042,1755802052,703,0,0
1755784200_L..N,083000_L..N,L,0,1755784200,EL 1350 LIV/8AV,1755800527,1755800537,266,0,0
1755784230_L..N,083050_L..N,L,0,1755784230,EL 1350+RPY/LIV,1755798907,1755798917,52,0,0
1755784350_L..S,083250_L..S,L,1,1755784350,0L 1352+8AV/RPY,1755800977,1755800987,520,0,0
1755784650_L..S,083750_L..S,L,1,1755784650,0L 1357+8AV/RPY,1755802582,1755802591,695,0,0
1755784680_L..N,083800_L..N,L,0,1755784680,EL 1358 LIV/8AV,1755801142,1755801152,306,1,1
1755784950_L..S,084250_L..S,L,1,1755784950,0L 1402+8AV/RPY,1755802747,1755802757,678,0,0
1755785100_L..S,084500_L..S,L,1,1755785100,EL 1405 LIV/RPY,1755799972,1755799982,106,2,0
1755785250_L..S,084750_L..S,L,1,1755785250,0L 1407+8AV/RPY,1755802897,1755802907,668,0,0
1755785280_L..N,084800_L..N,L,0,1755785280,EL 1408 LIV/8AV,1755801577,1755801587,258,0,0
1755785520_L..N,085200_L..N,L,0,1755785520,EL 1412 MYR/8AV,1755801272,1755801277,199,0,0
1755785550_L..S,085250_L..S,L,1,1755785550,0L 1412+8AV/RPY,1755803162,1755803167,668,0,0
1755785700_L..N,085500_L..N,L,0,1755785700,EL 1415 LIV/8AV,1755802102,1755802112,261,0,0
1755785850_L..S,085750_L..S,L,1,1755785850,0L 1417+8AV/RPY,1755803372,1755803377,658,0,0
1755785881_L..N,085802_L..N,L,0,1755785881,EL 1418 RPY/LIV,1755800707,1755800717,56,0,0
1755786150_L..S,086250_L..S,L,1,1755786150,0L 1422+8AV/RPY,1755802192,1755802202,461,0,0
1755786300_L..N,086500_L..N,L,0,1755786300,EL 1425 LIV/8AV,1755803152,1755803162,303,0,0
1755786450_L..S,086750_L..S,L,1,1755786450,0L 1427+8AV/RPY,1755800602,1755800612,208,0,0
1755786750_L..S,087250_L..S,L,1,1755786750,0L 1432+8AV/RPY,1755803137,1755803147,507,0,0
1755786900_L..N,087500_L..N,L,0,1755786900,EL 1435 MYR/8AV,1755802372,1755802382,183,0,0
1755786900_L..S,087500_L..S,L,1,1755786900,0L 1435 LIV/RPY,1755801697,1755801707,82,2,0
1755787050_L..S,087750_L..S,L,1,1755787050,0L 1437+8AV/RPY,1755805042,1755805052,721,0,0
1755787110_L..N,087850_L..N,L,0,1755787110,0L 1438+RPY/8AV,1755801697,1755801707,266,0,0
1755787350_L..S,088250_L..S,L,1,1755787350,0L 1442+8AV/RPY,1755805342,1755805352,721,0,0
1755787380_L..N,088300_L..N,L,0,1755787380,0L 1443 RPY/8AV,1755804157,1755804167,559,0,0
1755787650_L..S,088750_L..S,L,1,1755787650,0L 1447+8AV/RPY,1755805642,1755805652,719,0,0
1755787680_L..N,088800_L..N,L,0,1755787680,0L 1448 RPY/8AV,1755804362,1755804367,546,0,0
1755787950_L..N,089250_L..N,L,0,1755787950,0L 1452+RPY/8AV,1755805942,1755805952,721,0,0
1755787950_L..S,089250_L..S,L,1,1755787950,0L 1452+8AV/RPY,1755805942,1755805952,721,0,0
1755788250_L..N,089750_L..N,L,0,1755788250,0L 1457+RPY/8AV,1755803677,1755803687,379,0,0
1755788520_L..N,090200_L..N,L,0,1755788520,0L 1502 RPY/8AV,1755804907,1755804917,507,0,0
1755788550_L..S,090250_L..S,L,1,1755788550,0L 1502+8AV/RPY,1755802552,1755802562,189,0,0
1755788820_L..N,090700_L..N,L,0,1755788820,0L 1507 RPY/8AV,1755806302,1755806312,651,0,0
1755788821_L..S,090702_L..S,L,1,1755788821,0L 1507 8AV/RPY,1755806827,1755806837,464,0,0
1755789120_L..N,091200_L..N,L,0,1755789120,0L 1512 RPY/8AV,1755807112,1755807122,716,0,0
1755789150_L..S,091250_L..S,L,1,1755789150,0L 1512+8AV/RPY,1755807142,1755807152,721,0,0
1755789283_L..S,091472_L..S,L,1,1755789283,EL 1514+HAL/RPY,1755804412,1755804422,74,0,0
1755789420_L..N,091700_L..N,L,0,1755789420,0L 1517 RPY/8AV,1755803917,1755803927,254,0,0
1755789750_L..S,092250_L..S,L,1,1755789750,0L 1522+8AV/RPY,1755804337,1755804347,266,0,0
1755789961_L..S,092602_L..S,L,1,1755789961,EL 1526 HAL/RPY,1755806122,1755806132,228,0,0
1755790050_L..S,092750_L..S,L,1,1755790050,0L 1527+8AV/RPY,1755808042,1755808052,720,0,0
1755790110_L..N,092850_L..N,L,0,1755790110,0L 1528+RPY/8AV,1755808102,1755808112,720,0,0
1755790350_L..S,093250_L..S,L,1,1755790350,0L 1532+8AV/RPY,1755807472,1755807482,598,0,0
1755790381_L..S,093302_L..S,L,1,1755790381,0L 1533 BWJ/RPY,1755805387,1755805397,60,0,0
1755790650_L..S,093750_L..S,L,1,1755790650,0L 1537+8AV/RPY,1755805012,1755805022,236,0,0
1755790770_L..N,093950_L..N,L,0,1755790770,0L 1539+RPY/8AV,1755805372,1755805382,242,0,0
1755790921_L..S,094202_L..S,L,1,1755790921,0L 1542 8AV/RPY,1755808927,1755808937,528,0,0
1755790950_L..S,094250_L..S,L,1,1755790950,0L 1542+8AV/RPY,1755805642,1755805652,280,0,0
1755791070_L..N,094450_L..N,L,0,1755791070,0L 1544+RPY/8AV,1755809062,1755809072,720,0,0
1755791461_L..N,095103_L..N,L,0,1755791461,EL 1551 MYR/8AV,1755807472,1755807482,212,0,0
1755791980_L..S,095968_L..S,L,1,1755791980,EL 1559+BUS/RPY,1755806452,1755806462,6,0,0
1755792000_L..S,096000_L..S,L,1,1755792000,EL 1600 BUS/RPY,1755807217,1755807227,102,0,0
1755792570_L..N,096950_L..N,L,0,1755792570,0L 1609+RPY/8AV,1755810532,1755810542,714,0,0
1755792750_L..S,097250_L..S,L,1,1755792750,0L 1612+8AV/RPY,1755810082,1755810092,632,0,0
1755792840_L..N,097400_L..N,L,0,1755792840,0L 1614 RPY/8AV,1755807397,1755807407,254,0,0
1755793050_L..S,097750_L..S,L,1,1755793050,0L 1617+8AV/RPY,1755807457,1755807467,242,0,0
1755793080_L..N,097800_L..N,L,0,1755793080,0L 1618 RPY/8AV,1755810937,1755810947,702,0,0
1755793320_L..N,098200_L..N,L,0,1755793320,0L 1622 RPY/8AV,1755809842,1755809852,524,0,0
1755793350_L..S,098250_L..S,L,1,1755793350,0L 1622+8AV/RPY,1755810457,1755810467,596,0,0
1755793800_L..N,099000_L..N,L,0,1755793800,0L 1630 RPY/8AV,1755808357,1755808367,262,0,0
1755793810_L..N,099017_L..N,L,0,1755793810,0L 1630 RPY/8AV,1755811282,1755811292,410,0,0
1755793813_L..N,099023_L..N,L,0,1755793813,0L 1630 RPY/8AV,1755808312,1755808322,20,0,0
1755794130_L..N,099550_L..N,L,0,1755794130,0L 1635+105/8AV,1755811552,1755811562,644,0,0
1755794281_L..N,099802_L..N,L,0,1755794281,0L 1638 RPY/8AV,1755811822,1755811832,456,0,0
1755794520_L..N,100200_L..N,L,0,1755794520,0L 1642 RPY/8AV,1755810847,1755810857,496,0,0
1755794760_L..N,100600_L..N,L,0,1755794760,0L 1646 RPY/8AV,1755812092,1755812102,632,0,0
1755795000_L..N,101000_L..N,L,0,1755795000,0L 1650 RPY/8AV,1755812347,1755812357,634,0,0
1755795330_L..N,101550_L..N,L,0,1755795330,0L 1655+105/8AV,1755812542,1755812552,616,0,0
1755795450_L..N,101750_L..N,L,0,1755795450,0L 1657+RPY/8AV,1755811777,1755811787,498,0,0
1755795460_L..S,101768_L..S,L,1,1755795460,EL 1657+BED/RPY,1755811867,1755811877,264,0,0
1755795658_L..S,102098_L..S,L,1,1755795658,EL 1700+8AV/RPY,1755812122,1755812132,272,0,0
1755795660_L..N,102100_L..N,L,0,1755795660,0L 1701 RPY/8AV,1755812977,1755812987,630,0,0
1755795750_L..S,102250_L..S,L,1,1755795750,0L 1702+8AV/RPY,1755810007,1755810017,222,0,0
1755795960_L..N,102600_L..N,L,0,1755795960,0L 1706 105/8AV,1755813262,1755813272,628,0,0
1755795990_L..S,102650_L..S,L,1,1755795990,0L 1706+8AV/RPY,1755812902,1755812912,574,0,0
1755796080_L..N,102800_L..N,L,0,1755796080,0L 1708 RPY/8AV,1755813442,1755813452,636,0,0
1755796290_L..N,103150_L..N,L,0,1755796290,0L 1711+RPY/8AV,1755810862,1755810872,264,0,0
1755796450_L..S,103417_L..S,L,1,1755796450,EL 1714 BED/RPY,1755812707,1755812717,244,0,0
1755796470_L..S,103450_L..S,L,1,1755796470,0L 1714+8AV/RPY,1755813247,1755813257,558,0,0
1755796504_L..N,103507_L..N,L,0,1755796504,0L 1715 RPY/8AV,1755813637,1755813647,158,0,0
1755796710_L..S,103850_L..S,L,1,1755796710,0L 1718+8AV/RPY,1755813367,1755813377,542,0,0
1755796800_L..N,104000_L..N,L,0,1755796800,0L 1720 105/8AV,1755814117,1755814127,630,0,0
1755796950_L..S,104250_L..S,L,1,1755796950,0L 1722+8AV/RPY,1755813697,1755813707,552,0,0
1755797130_L..N,104550_L..N,L,0,1755797130,0L 1725+RPY/8AV,1755814282,1755814292,608,0,0
1755797190_L..S,104650_L..S,L,1,1755797190,0L 1726+8AV/RPY,1755814042,1755814052,568,0,0
1755797340_L..N,104900_L..N,L,0,1755797340,0L 1729 RPY/8AV,1755814762,1755814772,626,0,0
1755797377_L..S,104962_L..S,L,1,1755797377,EL 1729+BED/RPY,1755813517,1755813527,228,0,0
1755797400_L..S,105000_L..S,L,1,1755797400,0L 1730 8AV/RPY,1755814192,1755814202,560,0,0
1755797610_L..S,105350_L..S,L,1,1755797610,0L 1733+8AV/RPY,1755814342,1755814352,552,0,0
1755797640_L..N,105400_L..N,L,0,1755797640,0L 1734 105/8AV,1755814537,1755814547,574,0,0
1755797730_L..N,105550_L..N,L,0,1755797730,0L 1735+RPY/8AV,1755812107,1755812117,238,0,0
1755797820_L..S,105700_L..S,L,1,1755797820,0L 1737 8AV/RPY,1755814657,1755814667,566,0,0
1755797970_L..N,105950_L..N,L,0,1755797970,0L 1739+RPY/8AV,1755815017,1755815027,594,0,0
1755798030_L..S,106050_L..S,L,1,1755798030,0L 1740+8AV/RPY,1755812317,1755812327,226,0,0
1755798180_L..N,106300_L..N,L,0,1755798180,0L 1743 RPY/8AV,1755815212,1755815222,592,0,0
1755798240_L..S,106400_L..S,L,1,1755798240,0L 1744 8AV/RPY,1755814912,1755814922,544,0,0
1755798390_L..N,106650_L..N,L,0,1755798390,0L 1746+RPY/8AV,1755815407,1755815417,584,0,0
1755798450_L..S,106750_L..S,L,1,1755798450,0L 1747+8AV/RPY,1755812782,1755812792,232,0,0
1755798600_L..N,107000_L..N,L,0,1755798600,0L 1750 RPY/8AV,1755815542,1755815552,580,0,0
1755798660_L..S,107100_L..S,L,1,1755798660,0L 1751 8AV/RPY,1755815212,1755815222,528,0,0
1755798870_L..S,107450_L..S,L,1,1755798870,0L 1754+8AV/RPY,1755815362,1755815372,520,0,0
1755799020_L..N,107700_L..N,L,0,1755799020,0L 1757 RPY/8AV,1755815737,1755815747,550,0,0
1755799080_L..S,107800_L..S,L,1,1755799080,0L 1758 8AV/RPY,1755815692,1755815702,536,0,0
1755799290_L..N,108150_L..N,L,0,1755799290,0L 1801+105/8AV,1755815992,1755816002,548,0,0
1755799290_L..S,108150_L..S,L,1,1755799290,0L 1801+8AV/RPY,1755813352,1755813362,196,0,0
1755799350_L..N,108250_L..N,L,0,1755799350,0L 1802+RPY/8AV,1755816247,1755816257,574,0,0
1755799500_L..S,108500_L..S,L,1,1755799500,0L 1805 8AV/RPY,1755816052,1755816062,528,0,0
1755799560_L..N,108600_L..N,L,0,1755799560,0L 1806 RPY/8AV,1755816412,1755816422,568,0,0
1755799710_L..S,108850_L..S,L,1,1755799710,0L 1808+8AV/RPY,1755816247,1755816257,526,0,0
1755799770_L..N,108950_L..N,L,0,1755799770,0L 1809+RPY/8AV,1755816607,1755816617,566,0,0
1755799920_L..S,109200_L..S,L,1,1755799920,0L 1812 8AV/RPY,1755816457,1755816467,526,0,0
1755799980_L..N,109300_L..N,L,0,1755799980,0L 1813 RPY/8AV,1755816922,1755816932,580,0,0
1755800130_L..S,109550_L..S,L,1,1755800130,0L 1815+8AV/RPY,1755816742,1755816752,536,0,0
1755800190_L..N,109650_L..N,L,0,1755800190,0L 1816+RPY/8AV,1755817072,1755817082,572,0,0
1755800340_L..S,109900_L..S,L,1,1755800340,0L 1819 8AV/RPY,1755816907,1755816917,530,0,0
1755800400_L..N,110000_L..N,L,0,1755800400,0L 1820 RPY/8AV,1755817312,1755817322,576,0,0
1755800550_L..S,110250_L..S,L,1,1755800550,0L 1822+8AV/RPY,1755817192,1755817202,540,0,0
1755800610_L..N,110350_L..N,L,0,1755800610,0L 1823+RPY/8AV,1755817447,1755817457,566,0,0
1755800760_L..S,110600_L..S,L,1,1755800760,0L 1826 8AV/RPY,1755817312,1755817322,528,0,0
1755800820_L..N,110700_L..N,L,0,1755800820,0L 1827 RPY/8AV,1755817612,1755817622,560,0,0
1755800970_L..S,110950_L..S,L,1,1755800970,0L 1829+8AV/RPY,1755817507,1755817517,526,0,0
1755801030_L..N,111050_L..N,L,0,1755801030,0L 1830+RPY/8AV,1755817822,1755817832,560,0,0
1755801180_L..S,111300_L..S,L,1,1755801180,0L 1833 8AV/RPY,1755817702,1755817712,524,0,0
1755801240_L..N,111400_L..N,L,0,1755801240,0L 1834 RPY/8AV,1755818002,1755818012,556,0,0
1755801390_L..S,111650_L..S,L,1,1755801390,0L 1836+8AV/RPY,1755817987,1755817997,534,0,0
1755801450_L..N,111750_L..N,L,0,1755801450,0L 1837+RPY/8AV,1755818092,1755818102,540,0,0
1755801600_L..S,112000_L..S,L,1,1755801600,0L 1840 8AV/RPY,1755818137,1755818147,526,0,0
1755801660_L..N,112100_L..N,L,0,1755801660,0L 1841 RPY/8AV,1755818347,1755818357,540,0,0
1755801810_L..S,112350_L..S,L,1,1755801810,0L 1843+8AV/RPY,1755818302,1755818312,520,0,0
1755801870_L..N,112450_L..N,L,0,1755801870,0L 1844+RPY/8AV,1755818572,1755818582,546,0,0
1755802020_L..S,112700_L..S,L,1,1755802020,0L 1847 8AV/RPY,1755818527,1755818537,522,0,0
1755802080_L..N,112800_L..N,L,0,1755802080,0L 1848 RPY/8AV,1755818752,1755818762,538,0,0
1755802230_L..S,113050_L..S,L,1,1755802230,0L 1850+8AV/RPY,1755818737,1755818747,522,0,0
1755802290_L..N,113150_L..N,L,0,1755802290,0L 1851+RPY/8AV,1755819172,1755819182,536,0,0
1755802321_L..S,113202_L..S,L,1,1755802321,EL 1852 8AV/RPY,1755818917,1755818927,330,0,0
1755802440_L..S,113400_L..S,L,1,1755802440,0L 1854 8AV/RPY,1755819337,1755819347,574,0,0
1755802560_L..N,113600_L..N,L,0,1755802560,0L 1856 RPY/8AV,1755819262,1755819272,534,0,0
1755802650_L..S,113750_L..S,L,1,1755802650,0L 1857+8AV/RPY,1755819442,1755819452,558,0,0
1755802860_L..N,114100_L..N,L,0,1755802860,0L 1901 RPY/8AV,1755819547,1755819557,546,0,0
1755802860_L..S,114100_L..S,L,1,1755802860,0L 1901 8AV/RPY,1755819652,1755819662,560,0,0
1755803070_L..N,114450_L..N,L,0,1755803070,0L 1904+RPY/8AV,1755819727,1755819737,542,0,0
1755803070_L..S,114450_L..S,L,1,1755803070,0L 1904+8AV/RPY,1755819772,1755819782,548,0,0
1755803280_L..S,114800_L..S,L,1,1755803280,0L 1908 8AV/RPY,1755819922,1755819932,540,0,0
1755803310_L..N,114850_L..N,L,0,1755803310,0L 1908+RPY/8AV,1755819892,1755819902,532,0,0
1755803490_L..S,115150_L..S,L,1,1755803490,0L 1911+8AV/RPY,1755820102,1755820112,536,0,0
1755803640_L..N,115400_L..N,L,0,1755803640,0L 1914 RPY/8AV,1755820162,1755820172,524,0,0
1755803700_L..S,115500_L..S,L,1,1755803700,0L 1915 8AV/RPY,1755820357,1755820367,542,0,0
1755803850_L..N,115750_L..N,L,0,1755803850,0L 1917+RPY/8AV,1755820432,1755820442,532,0,0
1755803910_L..S,115850_L..S,L,1,1755803910,0L 1918+8AV/RPY,1755820627,1755820637,550,0,0
1755804060_L..N,116100_L..N,L,0,1755804060,0L 1921 RPY/8AV,1755820642,1755820652,530,0,0
1755804120_L..S,116200_L..S,L,1,1755804120,0L 1922 8AV/RPY,1755820762,1755820772,540,0,0
1755804270_L..N,116450_L..N,L,0,1755804270,0L 1924+RPY/8AV,1755820852,1755820862,532,0,0
1755804330_L..S,116550_L..S,L,1,1755804330,0L 1925+8AV/RPY,1755820897,1755820907,530,0,0
1755804480_L..N,116800_L..N,L,0,1755804480,0L 1928 RPY/8AV,1755821002,1755821012,522,0,0
1755804630_L..S,117050_L..S,L,1,1755804630,0L 1930+8AV/RPY,1755821182,1755821192,528,0,0
1755804720_L..N,117200_L..N,L,0,1755804720,0L 1932 RPY/8AV,1755821227,1755821237,522,0,0
1755804870_L..S,117450_L..S,L,1,1755804870,0L 1934+8AV/RPY,1755821317,1755821327,514,0,0
1755804960_L..N,117600_L..N,L,0,1755804960,0L 1936 RPY/8AV,1755821827,1755821837,570,0,0
1755805110_L..S,117850_L..S,L,1,1755805110,0L 1938+8AV/RPY,1755821557,1755821567,514,0,0
1755805200_L..N,118000_L..N,L,0,1755805200,0L 1940 RPY/8AV,1755822337,1755822347,606,0,0
1755805350_L..S,118250_L..S,L,1,1755805350,0L 1942+8AV/RPY,1755821692,1755821702,498,0,0
1755805440_L..N,118400_L..N,L,0,1755805440,0L 1944 RPY/8AV,1755822502,1755822512,596,0,0
1755805590_L..S,118650_L..S,L,1,1755805590,0L 1946+8AV/RPY,1755822022,1755822032,512,0,0
1755805680_L..N,118800_L..N,L,0,1755805680,0L 1948 RPY/8AV,1755822697,1755822707,590,0,0
1755805830_L..S,119050_L..S,L,1,1755805830,0L 1950+8AV/RPY,1755822337,1755822347,522,0,0
1755805920_L..N,119200_L..N,L,0,1755805920,0L 1952 RPY/8AV,1755822877,1755822887,582,0,0
1755806070_L..S,119450_L..S,L,1,1755806070,0L 1954+8AV/RPY,1755822547,1755822557,518,0,0
1755806160_L..N,119600_L..N,L,0,1755806160,0L 1956 RPY/8AV,1755823102,1755823112,580,0,0
1755806310_L..S,119850_L..S,L,1,1755806310,0L 1958+8AV/RPY,1755822787,1755822797,518,0,0
1755806400_L..N,120000_L..N,L,0,1755806400,0L 2000 RPY/8AV,1755823252,1755823262,562,0,0
1755806550_L..S,120250_L..S,L,1,1755806550,0L 2002+8AV/RPY,1755822922,1755822932,504,0,0
1755806640_L..N,120400_L..N,L,0,1755806640,0L 2004 RPY/8AV,1755823387,1755823397,550,0,0
1755806790_L..S,120650_L..S,L,1,1755806790,0L 2006+8AV/RPY,1755823252,1755823262,516,0,0
1755806880_L..N,120800_L..N,L,0,1755806880,0L 2008 RPY/8AV,1755823582,1755823592,548,0,0
1755807030_L..S,121050_L..S,L,1,1755807030,0L 2010+8AV/RPY,1755823492,1755823502,516,0,0
1755807120_L..N,121200_L..N,L,0,1755807120,0L 2012 RPY/8AV,1755823702,1755823712,532,0,0
1755807270_L..S,121450_L..S,L,1,1755807270,0L 2014+8AV/RPY,1755823822,1755823832,526,0,0
1755807360_L..N,121600_L..N,L,0,1755807360,0L 2016 RPY/8AV,1755823942,1755823952,532,0,0
1755807510_L..S,121850_L..S,L,1,1755807510,0L 2018+8AV/RPY,1755823942,1755823952,512,0,0
1755807600_L..N,122000_L..N,L,0,1755807600,0L 2020 RPY/8AV,1755824107,1755824117,522,0,0
1755807750_L..S,122250_L..S,L,1,1755807750,0L 2022+8AV/RPY,1755824407,1755824417,532,0,0
1755807840_L..N,122400_L..N,L,0,1755807840,0L 2024 RPY/8AV,1755824257,1755824267,510,0,0
1755807990_L..S,122650_L..S,L,1,1755807990,0L 2026+8AV/RPY,1755824677,1755824687,542,0,0
1755808080_L..N,122800_L..N,L,0,1755808080,0L 2028 RPY/8AV,1755824782,1755824792,548,0,0
1755808230_L..S,123050_L..S,L,1,1755808230,0L 2030+8AV/RPY,1755824887,1755824897,542,0,0
1755808320_L..N,123200_L..N,L,0,1755808320,0L 2032 RPY/8AV,1755825007,1755825017,546,0,0
1755808470_L..S,123450_L..S,L,1,1755808470,0L 2034+8AV/RPY,1755825142,1755825152,544,0,0
1755808560_L..N,123600_L..N,L,0,1755808560,0L 2036 RPY/8AV,1755825232,1755825242,544,0,0
1755808710_L..S,123850_L..S,L,1,1755808710,0L 2038+8AV/RPY,1755825307,1755825317,534,0,0
1755808800_L..N,124000_L..N,L,0,1755808800,0L 2040 RPY/8AV,1755825487,1755825497,546,0,0
1755808950_L..S,124250_L..S,L,1,1755808950,0L 2042+8AV/RPY,1755825472,1755825482,524,0,0
1755809040_L..N,124400_L..N,L,0,1755809040,0L 2044 RPY/8AV,1755825667,1755825677,536,0,0
1755809190_L..S,124650_L..S,L,1,1755809190,0L 2046+8AV/RPY,1755825697,1755825707,522,0,0
1755809280_L..N,124800_L..N,L,0,1755809280,0L 2048 RPY/8AV,1755825892,1755825902,536,0,0
1755809430_L..S,125050_L..S,L,1,1755809430,0L 2050+8AV/RPY,1755825862,1755825872,510,0,0
1755809520_L..N,125200_L..N,L,0,1755809520,0L 2052 RPY/8AV,1755826072,1755826082,528,0,0
1755809670_L..S,125450_L..S,L,1,1755809670,0L 2054+8AV/RPY,1755826162,1755826172,520,0,0
1755809760_L..N,125600_L..N,L,0,1755809760,0L 2056 RPY/8AV,1755826372,1755826382,536,0,0
1755809910_L..S,125850_L..S,L,1,1755809910,0L 2058+8AV/RPY,1755826297,1755826307,506,0,0
1755810000_L..N,126000_L..N,L,0,1755810000,0L 2100 RPY/8AV,1755826612,1755826622,528,0,0
1755810150_L..S,126250_L..S,L,1,1755810150,0L 2102+8AV/RPY,1755826747,1755826757,534,0,0
1755810240_L..N,126400_L..N,L,0,1755810240,0L 2104 RPY/8AV,1755826987,1755826997,554,0,0
1755810390_L..S,126650_L..S,L,1,1755810390,0L 2106+8AV/RPY,1755826867,1755826877,518,0,0
1755810480_L..N,126800_L..N,L,0,1755810480,0L 2108 RPY/8AV,1755827227,1755827237,554,0,0
1755810630_L..S,127050_L..S,L,1,1755810630,0L 2110+8AV/RPY,1755827107,1755827117,518,0,0
1755810720_L..N,127200_L..N,L,0,1755810720,0L 2112 RPY/8AV,1755827422,1755827432,546,0,0
1755810870_L..S,127450_L..S,L,1,1755810870,0L 2114+8AV/RPY,1755827347,1755827357,518,0,0
1755810960_L..N,127600_L..N,L,0,1755810960,0L 2116 RPY/8AV,1755827647,1755827657,544,0,0
1755811110_L..S,127850_L..S,L,1,1755811110,0L 2118+8AV/RPY,1755827587,1755827597,518,0,0
1755811200_L..N,128000_L..N,L,0,1755811200,0L 2120 RPY/8AV,1755827932,1755827942,552,0,0
1755811350_L..S,128250_L..S,L,1,1755811350,0L 2122+8AV/RPY,1755827827,1755827837,518,0,0
1755811440_L..N,128400_L..N,L,0,1755811440,0L 2124 RPY/8AV,1755828097,1755828107,542,0,0
1755811590_L..S,128650_L..S,L,1,1755811590,0L 2126+8AV/RPY,1755828037,1755828047,514,0,0
1755811680_L..N,128800_L..N,L,0,1755811680,0L 2128 RPY/8AV,1755826012,1755826022,232,0,0
1755811801_L..N,129002_L..N,L,0,1755811801,0L 2130 RPY/8AV,1755828352,1755828362,312,0,0
1755811830_L..S,129050_L..S,L,1,1755811830,0L 2130+8AV/RPY,1755828202,1755828212,504,0,0
1755812070_L..S,129450_L..S,L,1,1755812070,0L 2134+8AV/RPY,1755828577,1755828587,522,0,0
1755812130_L..N,129550_L..N,L,0,1755812130,0L 2135+RPY/8AV,1755828592,1755828602,516,0,0
1755812310_L..S,129850_L..S,L,1,1755812310,0L 2138+8AV/RPY,1755828937,1755828947,538,0,0
1755812430_L..N,130050_L..N,L,0,1755812430,0L 2140+RPY/8AV,1755829132,1755829142,548,0,0
1755812550_L..S,130250_L..S,L,1,1755812550,0L 2142+8AV/RPY,1755829102,1755829112,528,0,0
1755812790_L..S,130650_L..S,L,1,1755812790,0L 2146+8AV/RPY,1755829417,1755829427,538,0,0
1755812850_L..N,130750_L..N,L,0,1755812850,0L 2147+RPY/8AV,1755829447,1755829457,534,0,0
1755813030_L..S,131050_L..S,L,1,1755813030,0L 2150+8AV/RPY,1755829552,1755829562,522,0,0
1755813090_L..N,131150_L..N,L,0,1755813090,0L 2151+RPY/8AV,1755829717,1755829727,536,0,0
1755813270_L..S,131450_L..S,L,1,1755813270,0L 2154+8AV/RPY,1755829897,1755829906,538,0,0
1755813450_L..N,131750_L..N,L,0,1755813450,0L 2157+RPY/8AV,1755829897,1755829906,514,0,0
1755813510_L..S,131850_L..S,L,1,1755813510,0L 2158+8AV/RPY,1755830002,1755830011,520,0,0
1755813720_L..N,132200_L..N,L,0,1755813720,0L 2202 RPY/8AV,1755830227,1755830236,522,0,0
1755813750_L..S,132250_L..S,L,1,1755813750,0L 2202+8AV/RPY,1755830377,1755830386,538,0,0
1755813990_L..S,132650_L..S,L,1,1755813990,0L 2206+8AV/RPY,1755830557,1755830566,530,0,0
1755814020_L..N,132700_L..N,L,0,1755814020,0L 2207 RPY/8AV,1755830407,1755830416,506,0,0
1755814230_L..S,133050_L..S,L,1,1755814230,0L 2210+8AV/RPY,1755830821,1755830827,533,0,0
1755814290_L..N,133150_L..N,L,0,1755814290,0L 2211+RPY/8AV,1755830812,1755830821,522,0,0
1755814470_L..S,133450_L..S,L,1,1755814470,0L 2214+8AV/RPY,1755831226,1755831232,555,0,0
1755814620_L..N,133700_L..N,L,0,1755814620,0L 2217 RPY/8AV,1755831112,1755831121,520,0,0
1755814770_L..S,133950_L..S,L,1,1755814770,0L 2219+8AV/RPY,1755831436,1755831442,543,0,0
1755814920_L..N,134200_L..N,L,0,1755814920,0L 2222 RPY/8AV,1755831382,1755831391,516,0,0
1755815070_L..S,134450_L..S,L,1,1755815070,0L 2224+8AV/RPY,1755831751,1755831757,543,0,0
1755815220_L..N,134700_L..N,L,0,1755815220,0L 2227 RPY/8AV,1755831682,1755831691,516,0,0
1755815370_L..S,134950_L..S,L,1,1755815370,0L 2229+8AV/RPY,1755832192,1755832201,564,0,0
1755815550_L..N,135250_L..N,L,0,1755815550,0L 2232+RPY/8AV,1755832087,1755832096,526,0,0
1755815670_L..S,135450_L..S,L,1,1755815670,0L 2234+8AV/RPY,1755832342,1755832351,544,0,0
1755815970_L..S,135950_L..S,L,1,1755815970,0L 2239+8AV/RPY,1755832561,1755832567,533,0,0
1755816090_L..N,136150_L..N,L,0,1755816090,0L 2241+RPY/8AV,1755832582,1755832591,518,0,0
1755816270_L..S,136450_L..S,L,1,1755816270,0L 2244+8AV/RPY,1755832801,1755832807,525,0,0
1755816570_L..S,136950_L..S,L,1,1755816570,0L 2249+8AV/RPY,1755833197,1755833206,538,0,0
1755816750_L..N,137250_L..N,L,0,1755816750,0L 2252+RPY/8AV,1755833257,1755833266,522,0,0
1755816870_L..S,137450_L..S,L,1,1755816870,0L 2254+8AV/RPY,1755833446,1755833452,531,0,0
1755817230_L..S,138050_L..S,L,1,1755817230,0L 2300+8AV/RPY,1755833812,1755833821,532,0,0
1755817350_L..N,138250_L..N,L,0,1755817350,0L 2302+RPY/8AV,1755833992,1755834001,540,0,0
1755817590_L..S,138650_L..S,L,1,1755817590,0L 2306+8AV/RPY,1755834247,1755834256,542,0,0
1755817950_L..N,139250_L..N,L,0,1755817950,0L 2312+RPY/8AV,1755834592,1755834601,538,0,0
1755818010_L..S,139350_L..S,L,1,1755818010,0L 2313+8AV/RPY,1755834577,1755834586,530,0,0
1755818430_L..S,140050_L..S,L,1,1755818430,0L 2320+8AV/RPY,1755835012,1755835021,532,0,0
1755818550_L..N,140250_L..N,L,0,1755818550,0L 2322+RPY/8AV,1755834982,1755834991,512,0,0
1755818970_L..S,140950_L..S,L,1,1755818970,0L 2329+8AV/RPY,1755835417,1755835426,514,0,0
1755819150_L..N,141250_L..N,L,0,1755819150,0L 2332+RPY/8AV,1755835837,1755835846,544,0,0
1755819600_L..S,142000_L..S,L,1,1755819600,0L 2340 8AV/RPY,1755836197,1755836206,534,0,0
1755819750_L..N,142250_L..N,L,0,1755819750,0L 2342+RPY/8AV,1755836182,1755836191,512,0,0
1755820200_L..S,143000_L..S,L,1,1755820200,0L 2350 8AV/RPY,1755836827,1755836836,538,0,0
1755820470_L..N,143450_L..N,L,0,1755820470,0L 2354+RPY/8AV,1755837172,1755837181,548,0,0
1755820800_L..S,000000_L..S,L,1,1755820800,0L 0000 8AV/RPY,1755837427,1755837436,538,0,0
1755821161_L..N,000602_L..N,L,0,1755821161,0L 0006 RPY/8AV,1755837682,1755837691,306,0,0
1755821400_L..S,001000_L..S,L,1,1755821400,0L 0010 8AV/RPY,1755837907,1755837916,522,0,0
1755821910_L..N,001850_L..N,L,0,1755821910,0L 0018+RPY/8AV,1755838387,1755838396,448,0,0
1755822000_L..S,002000_L..S,L,1,1755822000,0L 0020 8AV/RPY,1755838657,1755838666,542,0,0
1755822600_L..S,003000_L..S,L,1,1755822600,0L 0030 8AV/RPY,1755839077,1755839086,518,0,0
1755822601_L..N,003002_L..N,L,0,1755822601,0L 0030 RPY/8AV,1755839482,1755839491,536,0,0
1755822630_L..N,003050_L..N,L,0,1755822630,0L 0030+RPY/8AV,1755835387,1755835396,22,0,0
1755823320_L..S,004200_L..S,L,1,1755823320,0L 0042 8AV/RPY,1755840592,1755840601,624,0,0
1755823380_L..N,004300_L..N,L,0,1755823380,0L 0043 RPY/8AV,1755840622,1755840631,618,0,0
1755824040_L..S,005400_L..S,L,1,1755824040,0L 0054 8AV/RPY,1755841042,1755841051,588,0,0
1755824580_L..N,006300_L..N,L,0,1755824580,0L 0103 RPY/8AV,1755841687,1755841696,602,22,0
1755824760_L..S,006600_L..S,L,1,1755824760,0L 0106 8AV/RPY,1755841867,1755841876,600,0,0
1755825480_L..S,007800_L..S,L,1,1755825480,0L 0118 8AV/RPY,1755842542,1755842551,596,0,0
1755825780_L..N,008300_L..N,L,0,1755825780,0L 0123 RPY/8AV,1755842812,1755842821,590,24,0
1755826590_L..S,009650_L..S,L,1,1755826590,0L 0136+8AV/RPY,1755843907,1755843916,614,0,0
1755826980_L..N,010300_L..N,L,0,1755826980,0L 0143 RPY/8AV,1755844177,1755844186,614,20,0
1755827790_L..S,011650_L..S,L,1,1755827790,0L 0156+8AV/RPY,1755845122,1755845131,614,0,0
1755828180_L..N,012300_L..N,L,0,1755828180,0L 0203 RPY/8AV,1755845287,1755845296,602,20,0
1755828990_L..S,013650_L..S,L,1,1755828990,0L 0216+8AV/RPY,1755846292,1755846301,614,0,0
1755829380_L..N,014300_L..N,L,0,1755829380,0L 0223 RPY/8AV,1755846367,1755846376,584,20,0
1755830190_L..S,015650_L..S,L,1,1755830190,0L 0236+8AV/RPY,1755847447,1755847456,605,0,0
1755830580_L..N,016300_L..N,L,0,1755830580,0L 0243 RPY/8AV,1755847387,1755847396,562,20,0
1755831390_L..S,017650_L..S,L,1,1755831390,0L 0256+8AV/RPY,1755848227,1755848236,563,0,0
1755831780_L..N,018300_L..N,L,0,1755831780,0L 0303 RPY/8AV,1755848422,1755848431,540,20,0
1755832590_L..S,019650_L..S,L,1,1755832590,0L 0316+8AV/RPY,1755849172,1755849181,532,0,0
1755832980_L..N,020300_L..N,L,0,1755832980,0L 0323 RPY/8AV,1755849712,1755849721,568,20,0
1755833790_L..S,021650_L..S,L,1,1755833790,0L 0336+8AV/RPY,1755850267,1755850276,608,0,0
1755834180_L..N,022300_L..N,L,0,1755834180,0L 0343 RPY/8AV,1755851017,1755851026,756,20,0
1755834990_L..S,023650_L..S,L,1,1755834990,0L 0356+8AV/RPY,1755851692,1755851701,828,0,0
1755748860_Q..N39R,024100_Q..N39R,Q,0,1755748860,1Q 0401 STL/962,1755767109,1755767115,993,0,0
1755748980_N..N23R,024300_N..N23R,N,0,1755748980,1N 0403 STL/DIT,1755768286,1755768295,1134,0,0
1755749100_Q..S39R,024500_Q..S39R,Q,1,1755749100,1Q 0405 962/STL,1755767109,1755767115,961,0,0
1755749160_R..N31R,024600_R..N31R,R,0,1755749160,1R 0406 95S/PAC,1755764637,1755764646,624,0,0
1755749400_R..S31X002,025000_R..S31X002,R,1,1755749400,1R 0410 PAC/95S,1755765103,1755765112,654,0,0
1755749430_N..S23R,025050_N..S23R,N,1,1755749430,1N 0410+ DIT/STL,1755768603,1755768611,1116,0,0
1755750060_Q..N39R,026100_Q..N39R,Q,0,1755750060,1Q 0421 STL/962,1755768271,1755768280,988,0,0
1755750180_N..N23R,026300_N..N23R,N,0,1755750180,1N 0423 STL/DIT,1755769127,1755769136,1086,0,0
1755750300_Q..S39R,026500_Q..S39R,Q,1,1755750300,1Q 0425 962/STL,1755768391,1755768400,972,0,0
1755750360_R..N31R,026600_R..N31R,R,0,1755750360,1R 0426 95S/PAC,1755766304,1755766313,686,0,0
1755750600_R..S31X002,027000_R..S31X002,R,1,1755750600,1R 0430 PAC/95S,1755766343,1755766349,659,0,0
1755750630_N..S20R,027050_N..S20R,N,1,1755750630,1N 0430+ DIT/STL,1755769872,1755769878,1125,0,0
1755751020_N..N20R,027700_N..N20R,N,0,1755751020,1N 0437 STL/DIT,1755771409,1755771419,1278,0,0
1755751260_Q..N39R,028100_Q..N39R,Q,0,1755751260,1Q 0441 STL/962,1755769427,1755769436,982,0,0
1755751500_Q..S39R,028500_Q..S39R,Q,1,1755751500,1Q 0445 962/STL,1755769692,1755769697,985,0,0
1755751560_R..N27R,028600_R..N27R,R,0,1755751560,1R 0446 95S/WHL,1755767941,1755767950,744,0,0
1755751800_R..S31X002,029000_R..S31X002,R,1,1755751800,1R 0450 PAC/95S,1755767544,1755767550,659,0,0
1755751830_N..S20R,029050_N..S20R,N,1,1755751830,1N 0450+ DIT/STL,1755771529,1755771539,1186,0,0
1755752100_Q..N39R,029500_Q..N39R,Q,0,1755752100,1Q 0455 STL/962,1755770238,1755770247,978,0,0
1755752220_N..N20R,029700_N..N20R,N,0,1755752220,1N 0457 STL/DIT,1755771529,1755771539,1133,0,0
1755752700_Q..S39R,030500_Q..S39R,Q,1,1755752700,1Q 0505 962/STL,1755772340,1755772350,1178,0,0
1755752760_R..N27R,030600_R..N27R,R,0,1755752760,1R 0506 95S/WHL,1755769022,1755769031,728,0,0
1755753000_R..S31X002,031000_R..S31X002,R,1,1755753000,1R 0510 PAC/95S,1755768932,1755768941,684,0,0
1755753030_N..S20R,031050_N..S20R,N,1,1755753030,1N 0510+ DIT/STL,1755772896,1755772905,1208,0,0
1755753030_Q..N39R,031050_Q..N39R,Q,0,1755753030,1Q 0510+ STL/962,1755771199,1755771208,982,0,0
1755753390_R..S71R,031650_R..S71R,R,1,1755753390,1R 0516+ CTL/95S,1755773146,1755773151,1193,0,0
1755753420_N..N31R,031700_N..N31R,N,0,1755753420,1N 0517 STL/DIT,1755772580,1755772590,1114,0,0
1755753510_R..N93R,031850_R..N93R,R,0,1755753510,1R 0518+ 95S/CTL,1755772920,1755772926,1147,0,0
1755753600_Q..N36R,032000_Q..N36R,Q,0,1755753600,1Q 0520 STL/962,1755771650,1755771659,966,0,0
1755753600_Q..S39R,032000_Q..S39R,Q,1,1755753600,1Q 0520 962/STL,1755772355,1755772365,1060,0,0
1755753810_N..N31R,032350_N..N31R,N,0,1755753810,1N 0523+ STL/DIT,1755773101,1755773106,1131,0,0
1755753900_R..S36R,032500_R..S36R,R,1,1755753900,1R 0525 364/95S,1755769547,1755769557,646,0,0
1755754200_N..S31R,033000_N..S31R,N,1,1755754200,1N 0530 DIT/STL,1755773161,1755773166,1087,0,0
1755754200_R..S31X002,033000_R..S31X002,R,1,1755754200,1R 0530 PAC/95S,1755770533,1755770538,737,0,0
1755754200_R..S71R,033000_R..S71R,R,1,1755754200,1R 0530 CTL/95S,1755773602,1755773611,1146,0,0
1755754350_Q..N36R,033250_Q..N36R,Q,0,1755754350,1Q 0532+ STL/962,1755772655,1755772665,1000,0,0
1755754380_R..N93R,033300_R..N93R,R,0,1755754380,1R 0533 95S/CTL,1755774022,1755774031,1178,0,0
1755754500_N..N31R,033500_N..N31R,N,0,1755754500,1N 0535 STL/DIT,1755773496,1755773506,1092,0,0
1755754500_Q..S36R,033500_Q..S36R,Q,1,1755754500,1Q 0535 962/STL,1755773001,1755773010,1026,0,0
1755754500_R..S27R,033500_R..S27R,R,1,1755754500,1R 0535 WHL/95S,1755770818,1755770824,735,0,0
1755754920_R..S71R,034200_R..S71R,R,1,1755754920,1R 0542 CTL/95S,1755774848,1755774857,1216,0,0
1755754950_Q..N36R,034250_Q..N36R,Q,0,1755754950,1Q 0542+ STL/962,1755772980,1755772986,963,0,0
1755755070_R..N93R,034450_R..N93R,R,0,1755755070,1R 0544+ 95S/CTL,1755774503,1755774512,1150,0,0
1755755100_N..S31R,034500_N..S31R,N,1,1755755100,1N 0545 DIT/STL,1755773977,1755773986,1076,0,0
1755755100_R..S36R,034500_R..S36R,R,1,1755755100,1R 0545 364/95S,1755770328,1755770338,590,0,0
1755755220_Q..S36R,034700_Q..S36R,Q,1,1755755220,1Q 0547 962/STL,1755773542,1755773551,1002,0,0
1755755430_N..N35R,035050_N..N35R,N,0,1755755430,1N 0550+ 86S/DIT,1755773962,1755773971,1030,0,0
1755755460_Q..N36R,035100_Q..N36R,Q,0,1755755460,1Q 0551 STL/962,1755773557,1755773566,972,0,0
1755755460_R..S71R,035100_R..S71R,R,1,1755755460,1R 0551 CTL/95S,1755775418,1755775428,1220,0,0
1755755700_R..S27R,035500_R..S27R,R,1,1755755700,1R 0555 WHL/95S,1755771974,1755771980,729,0,0
1755755730_N..N33R,035550_N..N33R,N,0,1755755730,1N 0555+ STL/DIT,1755774707,1755774713,1089,0,0
1755755760_R..N93R,035600_R..N93R,R,0,1755755760,1R 0556 95S/CTL,1755775268,1755775278,1160,0,0
1755755820_N..S31R,035700_N..S31R,N,1,1755755820,1N 0557 DIT/STL,1755775629,1755775638,1200,0,0
1755756060_Q..N36R,036100_Q..N36R,Q,0,1755756060,1Q 0601 STL/962,1755774187,1755774197,976,0,0
1755756060_Q..S36R,036100_Q..S36R,Q,1,1755756060,1Q 0601 962/STL,1755774563,1755774572,1026,0,0
1755756090_R..S71R,036150_R..S71R,R,1,1755756090,1R 0601+ CTL/95S,1755775824,1755775833,1190,0,0
1755756330_R..N93R,036550_R..N93R,R,0,1755756330,1R 0605+ 95S/CTL,1755776004,1755776014,1183,0,0
1755756420_N..S31R,036700_N..S31R,N,1,1755756420,1N 0607 DIT/STL,1755775969,1755775974,1166,0,0
1755756570_N..N35R,036950_N..N35R,N,0,1755756570,1N 0609+ 86S/DIT,1755775143,1755775148,1036,0,0
1755756630_Q..N36R,037050_Q..N36R,Q,0,1755756630,1Q 0610+ STL/962,1755774743,1755774752,975,0,0
1755756690_Q..S36R,037150_Q..S36R,Q,1,1755756690,1Q 0611+ 962/STL,1755776124,1755776134,1151,0,0
1755756750_R..S71R,037250_R..S71R,R,1,1755756750,1R 0612+ CTL/95S,1755776214,1755776224,1155,0,0
1755756780_N..S72R,037300_N..S72R,W,1,1755756780,1W 0613 DIT/WHL,1755773376,1755773386,773,0,0
1755756930_N..N33R,037550_N..N33R,N,0,1755756930,1N 0615+ STL/DIT,1755775448,1755775458,1029,0,0
1755756930_R..N93R,037550_R..N93R,R,0,1755756930,1R 0615+ 95S/CTL,1755777025,1755777035,1239,0,0
1755756990_R..S71R,037650_R..S71R,R,1,1755756990,1R 0616+ CTL/95S,1755776590,1755776599,1173,0,0
1755757020_N..S31R,037700_N..S31R,N,1,1755757020,1N 0617 DIT/STL,1755777876,1755777881,1340,0,0
1755757230_Q..N36R,038050_Q..N36R,Q,0,1755757230,1Q 0620+ STL/962,1755775068,1755775073,938,0,0
1755757290_Q..S36R,038150_Q..S36R,Q,1,1755757290,1Q 0621+ 962/STL,1755782491,1755782500,1919,1,0
1755757410_R..S71R,038350_R..S71R,R,1,1755757410,1R 0623+ CTL/95S,1755776915,1755776920,1160,0,0
1755757500_R..N93R,038500_R..N93R,R,0,1755757500,1R 0625 95S/CTL,1755777025,1755777035,1163,0,0
1755757620_N..S34R,038700_N..S34R,N,1,1755757620,1N 0627 DIT/STL,1755777890,1755777896,1262,0,0
1755757710_N..N35R,038850_N..N35R,N,0,1755757710,1N 0628+ 86S/DIT,1755776214,1755776224,1027,0,0
1755757710_R..S71R,038850_R..S71R,R,1,1755757710,1R 0628+ CTL/95S,1755777290,1755777295,1170,0,0
1755757740_Q..N36R,038900_Q..N36R,Q,0,1755757740,1Q 0629 STL/962,1755776289,1755776299,1033,0,0
1755757890_Q..S36R,039150_Q..S36R,Q,1,1755757890,1Q 0631+ 962/STL,1755776434,1755776439,1025,0,0
1755757920_N..N33R,039200_N..N33R,N,0,1755757920,1N 0632 STL/DIT,1755776485,1755776494,1035,0,0
1755757980_N..S72R,039300_N..S72R,W,1,1755757980,1W 0633 DIT/WHL,1755774947,1755774953,822,0,0
1755758010_R..S71R,039350_R..S71R,R,1,1755758010,1R 0633+ CTL/95S,1755777695,1755777701,1184,0,0
1755758100_R..N93R,039500_R..N93R,R,0,1755758100,1R 0635 95S/CTL,1755777446,1755777455,1139,0,0
1755758220_N..S34R,039700_N..S34R,N,1,1755758220,1N 0637 DIT/STL,1755777896,1755777906,1183,0,0
1755758220_Q..N36R,039700_Q..N36R,Q,0,1755758220,1Q 0637 STL/962,1755776389,1755776394,982,0,0
1755758370_R..S71R,039950_R..S71R,R,1,1755758370,1R 0639+ CTL/95S,1755777971,1755777981,1173,0,0
1755758490_Q..S36R,040150_Q..S36R,Q,1,1755758490,1Q 0641+ 962/STL,1755776650,1755776659,981,0,0
1755758580_N..S72R,040300_N..S72R,W,1,1755758580,1W 0643 DIT/WHL,1755775608,1755775614,830,0,0
1755758640_R..N93R,040400_R..N93R,R,0,1755758640,1R 0644 95S/CTL,1755777996,1755778001,1140,0,0
1755758670_N..N35R,040450_N..N35R,N,0,1755758670,1N 0644+ 86S/DIT,1755777115,1755777125,1019,0,0
1755758670_Q..N36R,040450_Q..N36R,Q,0,1755758670,1Q 0644+ STL/962,1755776995,1755777005,1003,0,0
1755758850_R..S71R,040750_R..S71R,R,1,1755758850,1R 0647+ CTL/95S,1755778437,1755778446,1171,0,0
1755758880_N..S34R,040800_N..S34R,N,1,1755758880,1N 0648 DIT/STL,1755777926,1755777936,1099,0,0
1755759090_Q..N36R,041150_Q..N36R,Q,0,1755759090,1Q 0651+ STL/962,1755777145,1755777155,967,0,0
1755759090_Q..S36R,041150_Q..S36R,Q,1,1755759090,1Q 0651+ 962/STL,1755777830,1755777836,1058,0,0
1755759120_N..N33R,041200_N..N33R,N,0,1755759120,1N 0652 STL/DIT,1755777830,1755777836,568,1,1
1755759120_R..N93R,041200_R..N93R,R,0,1755759120,1R 0652 95S/CTL,1755778602,1755778611,1157,0,0
1755759210_N..S72R,041350_N..S72R,W,1,1755759210,1W 0653+ DIT/WHL,1755776094,1755776104,811,0,0
1755759450_N..S34R,041750_N..S34R,N,1,1755759450,1N 0657+ DIT/STL,1755778016,1755778026,1035,0,0
1755759510_R..N76R,041850_R..N76R,R,0,1755759510,1R 0658+ 95S/962,1755777446,1755777455,951,0,0
1755759510_R..S71R,041850_R..S71R,R,1,1755759510,1R 0658+ CTL/95S,1755778837,1755778842,1136,0,0
1755759570_Q..N36R,041950_Q..N36R,Q,0,1755759570,1Q 0659+ STL/962,1755777971,1755777981,1013,0,0
1755759570_Q..S36R,041950_Q..S36R,Q,1,1755759570,1Q 0659+ 962/STL,1755777971,1755777981,1013,0,0
1755759690_N..N70R,042150_N..N70R,W,0,1755759690,1W 0701+ 86S/DIT,1755779322,1755779332,1177,1,0
1755759810_N..S72R,042350_N..S72R,W,1,1755759810,1W 0703+ DIT/WHL,1755776530,1755776539,789,0,0
1755759810_R..N93R,042350_R..N93R,R,0,1755759810,1R 0703+ 95S/CTL,1755779698,1755779707,1211,0,0
1755759960_N..N72R,042600_N..N72R,W,0,1755759960,1W 0706 WHL/DIT,1755776470,1755776479,761,0,0
1755759960_Q..N36R,042600_Q..N36R,Q,0,1755759960,1Q 0706 STL/962,1755778241,1755778251,997,0,0
1755760050_N..N35R,042750_N..N35R,N,0,1755760050,1N 0707+ 86S/DIT,1755778722,1755778731,1049,0,0
1755760050_N..S34R,042750_N..S34R,N,1,1755760050,1N 0707+ DIT/STL,1755779443,1755779452,1145,0,0
1755760050_Q..S36R,042750_Q..S36R,Q,1,1755760050,1Q 0707+ 962/STL,1755779602,1755779608,1166,1,0
1755760050_R..S71R,042750_R..S71R,R,1,1755760050,1R 0707+ CTL/95S,1755779497,1755779503,1152,0,0
1755760080_N..N33R,042800_N..N33R,N,0,1755760080,1N 0708 STL/DIT,1755779112,1755779122,1097,0,0
1755760320_R..N93R,043200_R..N93R,R,0,1755760320,1R 0712 95S/CTL,1755779918,1755779923,1172,0,0
1755760380_Q..N36R,043300_Q..N36R,Q,0,1755760380,1Q 0713 STL/962,1755775058,1755775068,517,0,0
1755760410_N..S72R,043350_N..S72R,W,1,1755760410,1W 0713+ DIT/WHL,1755777415,1755777425,827,0,0
1755760440_R..S71R,043400_R..S71R,R,1,1755760440,1R 0714 CTL/95S,1755780013,1755780023,1169,0,0
1755760530_Q..S36R,043550_Q..S36R,Q,1,1755760530,1Q 0715+ 962/STL,1755779578,1755779587,1099,0,0
1755760620_N..S34R,043700_N..S34R,N,1,1755760620,1N 0717 DIT/STL,1755779443,1755779452,1069,0,0
1755760740_Q..N36R,043900_Q..N36R,Q,0,1755760740,1Q 0719 STL/962,1755779277,1755779287,1031,0,0
1755760800_R..N93R,044000_R..N93R,R,0,1755760800,1R 0720 95S/CTL,1755780458,1755780464,1180,0,0
1755760830_N..N33R,044050_N..N33R,N,0,1755760830,1N 0720+ STL/DIT,1755779533,1755779542,1053,0,0
1755760950_R..S71R,044250_R..S71R,R,1,1755760950,1R 0722+ CTL/95S,1755780464,1755780473,1161,0,0
1755760980_Q..S36R,044300_Q..S36R,Q,1,1755760980,1Q 0723 962/STL,1755779578,1755779587,1039,0,0
1755761010_N..N72R,044350_N..N72R,W,0,1755761010,1W 0723+ WHL/DIT,1755777710,1755777716,786,0,0
1755761010_N..S72R,044350_N..S72R,W,1,1755761010,1W 0723+ DIT/WHL,1755777791,1755777800,797,0,0
1755761100_Q..N36R,044500_Q..N36R,Q,0,1755761100,1Q 0725 STL/962,1755779863,1755779873,1053,0,0
1755761250_N..S34R,044750_N..S34R,N,1,1755761250,1N 0727+ DIT/STL,1755780464,1755780473,1121,0,0
1755761280_R..N93R,044800_R..N93R,R,0,1755761280,1R 0728 95S/CTL,1755781019,1755781029,1191,0,0
1755761340_R..S71R,044900_R..S71R,R,1,1755761340,1R 0729 CTL/95S,1755781034,1755781044,1185,0,0
1755761400_N..N,045000_N..N,N,0,1755761400,EN 0730 STL/DIT,1755780479,1755780488,651,1,0
1755761490_Q..N36R,045150_Q..N36R,Q,0,1755761490,1Q 0731+ STL/962,1755779863,1755779873,1009,0,0
1755761490_Q..S36R,045150_Q..S36R,Q,1,1755761490,1Q 0731+ 962/STL,1755780644,1755780653,1113,0,0
1755761550_N..N35R,045250_N..N35R,N,0,1755761550,1N 0732+ 86S/DIT,1755780203,1755780208,1047,0,0
1755761550_N..S72R,045250_N..S72R,W,1,1755761550,1W 0732+ DIT/WHL,1755778932,1755778942,878,0,0
1755761580_N..N72R,045300_N..N72R,W,0,1755761580,1W 0733 WHL/DIT,1755778331,1755778341,794,0,0
1755761670_N..N16R,045450_N..N16R,N,0,1755761670,1N 0734+ STL/962,1755780398,1755780404,1057,0,0
1755761730_R..N93R,045550_R..N93R,R,0,1755761730,1R 0735+ 95S/CTL,1755781214,1755781224,1157,0,0
1755761910_N..S34R,045850_N..S34R,N,1,1755761910,1N 0738+ DIT/STL,1755781019,1755781029,1108,0,0
1755761910_Q..N36R,045850_Q..N36R,Q,0,1755761910,1Q 0738+ STL/962,1755780518,1755780524,1041,0,0
1755761940_N..N72R,045900_N..N72R,W,0,1755761940,1W 0739 WHL/DIT,1755778857,1755778867,816,0,0
1755761970_Q..S36R,045950_Q..S36R,Q,1,1755761970,1Q 0739+ 962/STL,1755780683,1755780689,1055,0,0
1755761970_R..S71R,045950_R..S71R,R,1,1755761970,1R 0739+ CTL/95S,1755782070,1755782080,1240,0,0
1755762030_N..N33R,046050_N..N33R,N,0,1755762030,1N 0740+ STL/DIT,1755780944,1755780954,1082,0,0
1755762090_R..N93R,046150_R..N93R,R,0,1755762090,1R 0741+ 95S/CTL,1755781785,1755781795,1186,0,0
1755762210_N..S72R,046350_N..S72R,W,1,1755762210,1W 0743+ DIT/WHL,1755779172,1755779182,822,0,0
1755762240_R..S,046400_R..S,R,1,1755762240,ER 0744 CTL/95S,1755782170,1755782175,792,0,0
1755762270_Q..N36R,046450_Q..N36R,Q,0,1755762270,1Q 0744+ STL/962,1755780614,1755780623,1006,0,0
1755762330_N..N33R,046550_N..N33R,N,0,1755762330,1N 0745+ STL/DIT,1755781635,1755781644,1134,0,0
1755762420_N..S34R,046700_N..S34R,N,1,1755762420,1N 0747 DIT/STL,1755781244,1755781254,1070,0,0
1755762420_R..S98X002,046700_R..S98X002,R,1,1755762420,1R 0747 CTL/BPY,1755787621,1755787626,1893,0,0
1755762450_Q..S36R,046750_Q..S36R,Q,1,1755762450,1Q 0747+ 962/STL,1755780674,1755780683,990,0,0
1755762450_R..N93R,046750_R..N93R,R,0,1755762450,1R 0747+ 95S/CTL,1755781870,1755781875,1149,0,0
1755762630_Q..N36R,047050_Q..N36R,Q,0,1755762630,1Q 0750+ STL/962,1755780803,1755780809,983,0,0
1755762630_R..S71R,047050_R..S71R,R,1,1755762630,1R 0750+ CTL/95S,1755782425,1755782431,1199,0,0
1755762720_N..N72R,047200_N..N72R,W,0,1755762720,1W 0752 WHL/DIT,1755779653,1755779662,818,0,0
1755762780_N..S72R,047300_N..S72R,W,1,1755762780,1W 0753 DIT/WHL,1755779843,1755779848,835,0,0
1755762780_R..N93R,047300_R..N93R,R,0,1755762780,1R 0753 95S/CTL,1755782545,1755782551,1195,0,0
1755762840_N..N33R,047400_N..N33R,N,0,1755762840,1N 0754 STL/DIT,1755782310,1755782320,1156,0,0
1755762870_Q..S36R,047450_Q..S36R,Q,1,1755762870,1Q 0754+ 962/STL,1755780929,1755780939,968,0,0
1755762900_N..N35R,047500_N..N35R,N,0,1755762900,1N 0755 86S/DIT,1755781890,1755781900,1092,0,0
1755762900_Q..N36R,047500_Q..N36R,Q,0,1755762900,1Q 0755 STL/962,1755781104,1755781109,987,0,0
1755762960_R..S71R,047600_R..S71R,R,1,1755762960,1R 0756 CTL/95S,1755782701,1755782710,1192,0,0
1755763140_N..S34R,047900_N..S34R,N,1,1755763140,1N 0759 DIT/STL,1755781830,1755781839,1052,0,0
1755763140_R..N93R,047900_R..N93R,R,0,1755763140,1R 0759 95S/CTL,1755783242,1755783251,1240,0,0
1755763230_Q..N36R,048050_Q..N36R,Q,0,1755763230,1Q 0800+ STL/962,1755781890,1755781900,1048,0,0
1755763260_N..N72R,048100_N..N72R,W,0,1755763260,1W 0801 WHL/DIT,1755780013,1755780023,794,0,0
1755763290_Q..S36R,048150_Q..S36R,Q,1,1755763290,1Q 0801+ 962/STL,1755782350,1755782356,1101,0,0
1755763320_N..N33R,048200_N..N33R,N,0,1755763320,1N 0802 STL/DIT,1755782846,1755782851,1163,2,0
1755763350_R..S71R,048250_R..S71R,R,1,1755763350,1R 0802+ CTL/95S,1755783362,1755783371,1228,0,0
1755763470_N..S72R,048450_N..S72R,W,1,1755763470,1W 0804+ DIT/WHL,1755780494,1755780503,830,0,0
1755763470_R..N93R,048450_R..N93R,R,0,1755763470,1R 0804+ 95S/CTL,1755783326,1755783332,1206,0,0
1755763710_N..S,048850_N..S,N,1,1755763710,=N 0857 G-D/86S,1755788917,1755788927,1022,0,0
1755763710_Q..S36X008,048850_Q..S36X008,Q,1,1755763710,1Q 0808+ 962/PAC,1755780719,1755780728,828,0,0
1755763800_R..S71R,049000_R..S71R,R,1,1755763800,1R 0810 CTL/95S,1755783686,1755783692,1211,0,0
1755763860_N..S34R,049100_N..S34R,N,1,1755763860,1N 0811 DIT/STL,1755782665,1755782671,625,0,0
1755763890_N..N33R,049150_N..N33R,N,0,1755763890,1N 0811+ STL/DIT,1755783211,1755783221,1136,0,0
1755763890_R..N93R,049150_R..N93R,R,0,1755763890,1R 0811+ 95S/CTL,1755783867,1755783872,1223,0,0
1755763920_N..N72R,049200_N..N72R,W,0,1755763920,1W 0812 WHL/DIT,1755780659,1755780668,792,0,0
1755763920_Q..N36R,049200_Q..N36R,Q,0,1755763920,1Q 0812 STL/962,1755782521,1755782530,632,0,0
1755764010_N..S72R,049350_N..S72R,W,1,1755764010,1W 0813+ DIT/WHL,1755781305,1755781314,866,0,0
1755764100_R..S71R,049500_R..S71R,R,1,1755764100,1R 0815 CTL/95S,1755783972,1755783977,1209,0,0
1755764130_Q..S36R,049550_Q..S36R,Q,1,1755764130,1Q 0815+ 962/STL,1755784137,1755784144,1227,0,0
1755764250_N..N16R,049750_N..N16R,N,0,1755764250,1N 0817+ STL/962,1755782401,1755782410,980,0,0
1755764280_R..N93R,049800_R..N93R,R,0,1755764280,1R 0818 95S/CTL,1755784172,1755784182,1212,0,0
1755764370_N..S72R,049950_N..S72R,W,1,1755764370,1W 0819+ DIT/WHL,1755781650,1755781659,864,0,0
1755764460_R..N93R,050100_R..N93R,R,0,1755764460,1R 0821 95S/CTL,1755784377,1755784384,1215,0,0
1755764490_R..S71R,050150_R..S71R,R,1,1755764490,1R 0821+ CTL/95S,1755784172,1755784182,1184,0,0
1755764569_Q..S36R,050283_Q..S36R,Q,1,1755764569,1Q 0822+ 962/STL,1755789653,1755789663,1548,0,0
1755764580_N..N72R,050300_N..N72R,W,0,1755764580,1W 0823 WHL/DIT,1755781344,1755781350,795,0,0
1755764580_N..S34R,050300_N..S34R,N,1,1755764580,1N 0823 DIT/STL,1755784773,1755784783,1252,0,0
1755764580_Q..N36R,050300_Q..N36R,Q,0,1755764580,1Q 0823 STL/962,1755782942,1755782951,1008,0,0
1755764640_N..N33R,050400_N..N33R,N,0,1755764640,1N 0824 STL/DIT,1755783572,1755783581,1084,0,0
1755764730_R..S71R,050550_R..S71R,R,1,1755764730,1R 0825+ CTL/95S,1755785028,1755785038,1266,0,0
1755764760_N..S72R,050600_N..S72R,W,1,1755764760,1W 0826 DIT/WHL,1755782050,1755782055,865,0,0
1755764940_R..N93R,050900_R..N93R,R,0,1755764940,1R 0829 95S/CTL,1755784488,1755784497,1166,0,0
1755765000_N..S34R,051000_N..S34R,N,1,1755765000,1N 0830 DIT/STL,1755784773,1755784783,1196,0,0
1755765009_Q..S36R,051016_Q..S36R,Q,1,1755765009,1Q 0830 962/STL,1755786374,1755786380,1111,2,0
1755765060_Q..N36R,051100_Q..N36R,Q,0,1755765060,1Q 0831 STL/962,1755783296,1755783303,991,0,0
1755765150_N..N33R,051250_N..N33R,N,0,1755765150,1N 0832+ STL/DIT,1755784032,1755784037,1077,0,0
1755765210_N..N72R,051350_N..N72R,W,0,1755765210,1W 0833+ WHL/DIT,1755782065,1755782070,807,0,0
1755765330_R..N93R,051550_R..N93R,R,0,1755765330,1R 0835+ 95S/CTL,1755785254,1755785263,1216,0,0
1755765360_N..S34R,051600_N..S34R,N,1,1755765360,1N 0836 DIT/STL,1755785602,1755785609,1256,0,0
1755765360_R..S71R,051600_R..S71R,R,1,1755765360,1R 0836 CTL/95S,1755785178,1755785188,1202,0,0
1755765450_Q..S36R,051750_Q..S36R,Q,1,1755765450,1Q 0837+ 962/STL,1755785013,1755785023,1155,0,0
1755765600_Q..N36R,052000_Q..N36R,Q,0,1755765600,1Q 0840 STL/962,1755784077,1755784083,1023,0,0
1755765630_N..S72R,052050_N..S72R,W,1,1755765630,1W 0840+ DIT/WHL,1755783266,1755783271,911,0,0
1755765690_Q..S36R,052150_Q..S36R,Q,1,1755765690,1Q 0841+ 962/STL,1755785449,1755785458,1194,1,0
1755765720_N..N33R,052200_N..N33R,N,0,1755765720,1N 0842 STL/DIT,1755784572,1755784578,1073,0,0
1755765810_N..N72R,052350_N..N72R,W,0,1755765810,1W 0843+ WHL/DIT,1755783106,1755783116,866,0,0
1755765810_N..S34R,052350_N..S34R,N,1,1755765810,1N 0843+ DIT/STL,1755785699,1755785705,1211,0,0
1755765810_R..N93R,052350_R..N93R,R,0,1755765810,1R 0843+ 95S/CTL,1755785750,1755785800,1218,0,0
1755765900_Q..N36R,052500_Q..N36R,Q,0,1755765900,1Q 0845 STL/962,1755784833,1755784843,1084,0,0
1755765930_N..S16R,052550_N..S16R,N,1,1755765930,1N 0845+ 962/STL,1755784773,1755784783,1072,0,0
1755766020_R..S71R,052700_R..S71R,R,1,1755766020,1R 0847 CTL/95S,1755786140,1755786149,1216,0,0
1755766140_N..N33R,052900_N..N33R,N,0,1755766140,1N 0849 STL/DIT,1755785013,1755785023,1076,0,0
1755766170_Q..S36R,052950_Q..S36R,Q,1,1755766170,1Q 0849+ 962/STL,1755791375,1755791380,1893,0,0
1755766230_N..S72R,053050_N..S72R,W,1,1755766230,1W 0850+ DIT/WHL,1755783767,1755783777,898,0,0
1755766320_Q..N36R,053200_Q..N36R,Q,0,1755766320,1Q 0852 STL/962,1755784918,1755784924,1039,0,0
1755766320_R..N93R,053200_R..N93R,R,0,1755766320,1R 0852 95S/CTL,1755786614,1755786620,1239,0,0
1755766380_N..N72R,053300_N..N72R,W,0,1755766380,1W 0853 WHL/DIT,1755783452,1755783461,836,0,0
1755766470_N..S34R,053450_N..S34R,N,1,1755766470,1N 0854+ DIT/STL,1755785800,1755785971,1131,0,0
1755766530_N..N33R,053550_N..N33R,N,0,1755766530,1N 0855+ STL/DIT,1755785509,1755785518,1090,0,0
1755766530_Q..S36X004,053550_Q..S36X004,Q,1,1755766530,1Q 0855+ 962/BBC,1755785088,1755785098,1034,1,0
1755766560_R..S71R,053600_R..S71R,R,1,1755766560,1R 0856 CTL/95S,1755786275,1755786284,1162,0,0
1755766740_R..N93R,053900_R..N93R,R,0,1755766740,1R 0859 95S/CTL,1755786755,1755786765,1202,0,0
1755766770_Q..N36R,053950_Q..N36R,Q,0,1755766770,1Q 0859+ STL/962,1755785750,1755785800,1090,0,0
1755766830_N..S72R,054050_N..S72R,W,1,1755766830,1W 0900+ DIT/WHL,1755784248,1755784257,882,0,0
1755766920_N..N72R,054200_N..N72R,W,0,1755766920,1W 0902 WHL/DIT,1755783867,1755783872,819,0,0
1755766950_Q..S36X004,054250_Q..S36X004,Q,1,1755766950,1Q 0902+ 962/BBC,1755787680,1755787686,1297,0,0
1755767040_R..S71R,054400_R..S71R,R,1,1755767040,1R 0904 CTL/95S,1755786479,1755786485,1125,0,0
1755767070_N..S34R,054450_N..S34R,N,1,1755767070,1N 0904+ DIT/STL,1755786200,1755786209,1084,0,0
1755767160_N..N33R,054600_N..N33R,N,0,1755767160,1N 0906 STL/DIT,1755786120,1755786126,1061,0,0
1755767220_Q..N36R,054700_Q..N36R,Q,0,1755767220,1Q 0907 STL/962,1755785800,1755785971,1031,0,0
1755767220_R..N93R,054700_R..N93R,R,0,1755767220,1R 0907 95S/CTL,1755786960,1755786966,1165,0,0
1755767280_N..S34R,054800_N..S34R,N,1,1755767280,1N 0908 DIT/STL,1755786650,1755786660,1116,0,0
1755767370_Q..S36X004,054950_Q..S36X004,Q,1,1755767370,1Q 0909+ 962/BBC,1755786200,1755786209,1044,1,0
1755767400_N..N72R,055000_N..N72R,W,0,1755767400,1W 0910 WHL/DIT,1755784548,1755784557,846,0,0
1755767460_N..S72R,055100_N..S72R,W,1,1755767460,1W 0911 DIT/WHL,1755784488,1755784497,830,0,0
1755767490_R..S71R,055150_R..S71R,R,1,1755767490,1R 0911+ CTL/95S,1755787055,1755787065,1142,0,0
1755767580_Q..N36R,055300_Q..N36R,Q,0,1755767580,1Q 0913 STL/962,1755786320,1755786329,1032,0,0
1755767700_N..S34R,055500_N..S34R,N,1,1755767700,1N 0915 DIT/STL,1755787521,1755787531,1176,0,0
1755767700_R..N93R,055500_R..N93R,R,0,1755767700,1R 0915 95S/CTL,1755787326,1755787335,1150,0,0
1755767760_N..N33R,055600_N..N33R,N,0,1755767760,1N 0916 STL/DIT,1755786920,1755786930,1088,0,0
1755767850_N..N72R,055750_N..N72R,W,0,1755767850,1W 0917+ WHL/DIT,1755784833,1755784843,824,0,0
1755767850_Q..S36X004,055750_Q..S36X004,Q,1,1755767850,1Q 0917+ 962/BBC,1755787506,1755787515,1154,0,0
1755767880_N..S74R,055800_N..S74R,W,1,1755767880,1W 0918 DIT/BPY,1755793076,1755793086,1892,0,0
1755767940_R..S71R,055900_R..S71R,R,1,1755767940,1R 0919 CTL/95S,1755787506,1755787515,1142,0,0
1755768090_N..S72R,056150_N..S72R,W,1,1755768090,1W 0921+ DIT/WHL,1755785239,1755785248,846,0,0
1755768180_Q..S36X004,056300_Q..S36X004,Q,1,1755768180,1Q 0923 962/BBC,1755787680,1755787686,1130,0,0
1755768180_R..N93R,056300_R..N93R,R,0,1755768180,1R 0923 95S/CTL,1755787716,1755787726,1138,0,0
1755768360_N..N33R,056600_N..N33R,N,0,1755768360,1N 0926 STL/DIT,1755787461,1755787470,1080,0,0
1755768360_N..S34R,056600_N..S34R,N,1,1755768360,1N 0926 DIT/STL,1755787807,1755787816,1126,0,0
1755768420_R..S71R,056700_R..S71R,R,1,1755768420,1R 0927 CTL/95S,1755788221,1755788227,1173,0,0
1755768510_N..S16R,056850_N..S16R,N,1,1755768510,1N 0928+ 962/STL,1755787560,1755787566,1073,0,0
1755768660_R..N93R,057100_R..N93R,R,0,1755768660,1R 0931 95S/CTL,1755788287,1755788296,1150,0,0
1755768720_N..N72R,057200_N..N72R,W,0,1755768720,1W 0932 WHL/DIT,1755785720,1755785729,826,0,0
1755768750_N..S72R,057250_N..S72R,W,1,1755768750,1W 0932+ DIT/WHL,1755785800,1755785971,827,0,0
1755768750_Q..S36X004,057250_Q..S36X004,Q,1,1755768750,1Q 0932+ 962/BBC,1755787956,1755787966,1094,0,0
1755768900_R..S71R,057500_R..S71R,R,1,1755768900,1R 0935 CTL/95S,1755788506,1755788512,1147,0,0
1755768930_N..N33R,057550_N..N33R,N,0,1755768930,1N 0935+ STL/DIT,1755788302,1755788311,1116,0,0
1755768930_N..S34R,057550_N..S34R,N,1,1755768930,1N 0935+ DIT/STL,1755788707,1755788717,1170,0,0
1755769020_R..N93R,057700_R..N93R,R,0,1755769020,1R 0937 95S/CTL,1755788446,1755788452,1123,0,0
1755769290_N..N72R,058150_N..N72R,W,0,1755769290,1W 0941+ WHL/DIT,1755786359,1755786365,809,0,0
1755769290_N..S72R,058150_N..S72R,W,1,1755769290,1W 0941+ DIT/WHL,1755786254,1755786260,795,0,0
1755769290_Q..S36X004,058150_Q..S36X004,Q,1,1755769290,1Q 0941+ 962/BBC,1755788302,1755788311,1068,0,0
1755769440_R..S71R,058400_R..S71R,R,1,1755769440,1R 0944 CTL/95S,1755789308,1755789317,1182,0,0
1755769530_N..S34R,058550_N..S34R,N,1,1755769530,1N 0945+ DIT/STL,1755789203,1755789212,1156,0,0
1755769560_R..N93R,058600_R..N93R,R,0,1755769560,1R 0946 95S/CTL,1755788978,1755788987,1122,0,0
1755769620_Q..N36R,058700_Q..N36R,Q,0,1755769620,1Q 0947 STL/962,1755787861,1755787866,965,0,0
1755769770_N..S72R,058950_N..S72R,W,1,1755769770,1W 0949+ DIT/WHL,1755787140,1755787146,849,0,0
1755769770_Q..S36X004,058950_Q..S36X004,Q,1,1755769770,1Q 0949+ 962/BBC,1755788917,1755788927,1086,0,0
1755769800_N..N33R,059000_N..N33R,N,0,1755769800,1N 0950 STL/DIT,1755789062,1755789067,1101,0,0
1755769860_R..S71R,059100_R..S71R,R,1,1755769860,1R 0951 CTL/95S,1755789743,1755789753,1184,0,0
1755769920_N..N72R,059200_N..N72R,W,0,1755769920,1W 0952 WHL/DIT,1755787176,1755787185,834,0,0
1755770040_N..S34R,059400_N..S34R,N,1,1755770040,1N 0954 DIT/STL,1755789683,1755789693,1152,0,0
1755770040_R..N93R,059400_R..N93R,R,0,1755770040,1R 0954 95S/CTL,1755789458,1755789467,1122,0,0
1755770100_Q..N36R,059500_Q..N36R,Q,0,1755770100,1Q 0955 STL/962,1755788422,1755788431,976,0,0
1755770250_Q..S36X004,059750_Q..S36X004,Q,1,1755770250,1Q 0957+ 962/BBC,1755789287,1755789293,1071,0,0
1755770340_N..N33R,059900_N..N33R,N,0,1755770340,1N 0959 STL/DIT,1755789723,1755789728,1117,0,0
1755770340_N..S72R,059900_N..S72R,W,1,1755770340,1W 0959 DIT/WHL,1755787440,1755787446,813,0,0
1755770340_R..S71R,059900_R..S71R,R,1,1755770340,1R 0959 CTL/95S,1755789993,1755789998,1153,0,0
1755770520_N..N72R,060200_N..N72R,W,0,1755770520,1W 1002 WHL/DIT,1755787726,1755787731,827,0,0
1755770580_N..S34R,060300_N..S34R,N,1,1755770580,1N 1003 DIT/STL,1755789788,1755789798,1094,0,0
1755770580_R..N93R,060300_R..N93R,R,0,1755770580,1R 1003 95S/CTL,1755789833,1755789843,1100,0,0
1755770700_Q..N,060500_Q..N,Q,0,1755770700,EQ 1005 STL/962,1755789263,1755789272,545,0,0
1755770730_Q..S36X004,060550_Q..S36X004,Q,1,1755770730,1Q 1005+ 962/BBC,1755790329,1755790338,1147,0,0
1755770790_N..S72R,060650_N..S72R,W,1,1755770790,1W 1006+ DIT/WHL,1755788167,1755788176,851,0,0
1755770820_R..S71R,060700_R..S71R,R,1,1755770820,1R 1007 CTL/95S,1755790353,1755790359,1137,0,0
1755770850_N..N33R,060750_N..N33R,N,0,1755770850,1N 1007+ STL/DIT,1755790194,1755790204,1113,0,0
1755770910_Q..N36X004,060850_Q..N36X004,Q,0,1755770910,1Q 1008+ BBC/962,1755788738,1755788747,911,0,0
1755770970_N..S34R,060950_N..S34R,N,1,1755770970,1N 1009+ DIT/STL,1755790368,1755790374,1120,0,0
1755771060_R..N93R,061100_R..N93R,R,0,1755771060,1R 1011 95S/CTL,1755790534,1755790539,1130,0,0
1755771090_N..N,061150_N..N,N,0,1755771090,EN 1011+ STL/DIT,1755790344,1755790353,663,0,0
1755771150_N..N72R,061250_N..N72R,W,0,1755771150,1W 1012+ WHL/DIT,1755788341,1755788347,826,0,0
1755771300_R..S71R,061500_R..S71R,R,1,1755771300,1R 1015 CTL/95S,1755791029,1755791034,1164,0,0
1755771330_N..N33R,061550_N..N33R,N,0,1755771330,1N 1015+ STL/DIT,1755790609,1755790614,1104,0,0
1755771390_N..S34R,061650_N..S34R,N,1,1755771390,1N 1016+ DIT/STL,1755790704,1755790714,1109,0,0
1755771402_Q..S36X004,061670_Q..S36X004,Q,1,1755771402,1Q 1016+ 962/BBC,1755790990,1755790999,772,0,0
1755771540_R..N93R,061900_R..N93R,R,0,1755771540,1R 1019 95S/CTL,1755791125,1755791134,1145,0,0
1755771630_N..S72R,062050_N..S72R,W,1,1755771630,1W 1020+ DIT/WHL,1755788677,1755788687,807,0,0
1755771720_N..N33R,062200_N..N33R,N,0,1755771720,1N 1022 STL/DIT,1755790855,1755790864,1085,0,0
1755771720_N..N72R,062200_N..N72R,W,0,1755771720,1W 1022 WHL/DIT,1755788707,1755788717,799,0,0
1755771780_R..S71R,062300_R..S71R,R,1,1755771780,1R 1023 CTL/95S,1755791485,1755791495,1161,0,0
1755771900_Q..N36X004,062500_Q..N36X004,Q,0,1755771900,1Q 1025 BBC/962,1755789773,1755789783,917,0,0
1755771930_N..S34R,062550_N..S34R,N,1,1755771930,1N 1025+ DIT/STL,1755791690,1755791695,1168,0,0
1755771930_R..N93R,062550_R..N93R,R,0,1755771930,1R 1025+ 95S/CTL,1755791395,1755791405,1129,0,0
1755772074_Q..S36X004,062790_Q..S36X004,Q,1,1755772074,1Q 1027+ 962/BBC,1755791510,1755791515,841,0,0
1755772140_R..S71R,062900_R..S71R,R,1,1755772140,1R 1029 CTL/95S,1755792311,1755792320,1223,0,0
1755772200_N..N33R,063000_N..N33R,N,0,1755772200,1N 1030 STL/DIT,1755791450,1755791455,1100,0,0
1755772200_N..N72R,063000_N..N72R,W,0,1755772200,1W 1030 WHL/DIT,1755789323,1755789332,817,0,0
1755772230_N..S72R,063050_N..S72R,W,1,1755772230,1W 1030+ DIT/WHL,1755789368,1755789377,819,0,0
1755772380_Q..N36X004,063300_Q..N36X004,Q,0,1755772380,1Q 1033 BBC/962,1755791125,1755791134,1033,0,0
1755772500_R..N93R,063500_R..N93R,R,0,1755772500,1R 1035 95S/CTL,1755791966,1755791975,1129,0,0
1755772530_N..S34R,063550_N..S34R,N,1,1755772530,1N 1035+ DIT/STL,1755797731,1755797741,1893,0,0
1755772590_N..N33R,063650_N..N33R,N,0,1755772590,1N 1036+ STL/DIT,1755791630,1755791635,1072,0,0
1755772740_R..S71R,063900_R..S71R,R,1,1755772740,1R 1039 CTL/95S,1755792491,1755792501,1167,0,0
1755772746_Q..S36X004,063910_Q..S36X004,Q,1,1755772746,1Q 1039 962/BBC,1755791785,1755791795,878,0,0
1755772770_N..N72R,063950_N..N72R,W,0,1755772770,1W 1039+ WHL/DIT,1755789863,1755789873,813,0,0
1755772830_N..S72R,064050_N..S72R,W,1,1755772830,1W 1040+ DIT/WHL,1755790534,1755790539,894,0,0
1755772860_Q..N36X004,064100_Q..N36X004,Q,0,1755772860,1Q 1041 BBC/962,1755791314,1755791320,994,0,0
1755772980_R..N93R,064300_R..N93R,R,0,1755772980,1R 1043 95S/CTL,1755792926,1755792936,1193,0,0
1755773070_N..N33R,064450_N..N33R,N,0,1755773070,1N 1044+ STL/DIT,1755792170,1755792176,1080,0,0
1755773130_N..S34R,064550_N..S34R,N,1,1755773130,1N 1045+ DIT/STL,1755792230,1755792236,1080,1,0
1755773220_R..S71R,064700_R..S71R,R,1,1755773220,1R 1047 CTL/95S,1755793437,1755793447,1229,0,0
1755773370_N..N72R,064950_N..N72R,W,0,1755773370,1W 1049+ WHL/DIT,1755790449,1755790458,811,0,0
1755773370_Q..N36X004,064950_Q..N36X004,Q,0,1755773370,1Q 1049+ BBC/962,1755791470,1755791480,947,0,0
1755773418_Q..S36X004,065030_Q..S36X004,Q,1,1755773418,1Q 1050 962/BBC,1755792311,1755792320,948,0,0
1755773430_N..S72R,065050_N..S72R,W,1,1755773430,1W 1050+ DIT/WHL,1755790944,1755790954,869,0,0
1755773430_R..N93R,065050_R..N93R,R,0,1755773430,1R 1050+ 95S/CTL,1755793056,1755793061,1150,0,0
1755773550_N..N33R,065250_N..N33R,N,0,1755773550,1N 1052+ STL/DIT,1755792716,1755792726,1089,0,0
1755773700_Q..N36X004,065500_Q..N36X004,Q,0,1755773700,1Q 1055 BBC/962,1755791975,1755791980,970,0,0
1755773700_R..S71R,065500_R..S71R,R,1,1755773700,1R 1055 CTL/95S,1755793962,1755793972,1235,0,0
1755773730_N..S34R,065550_N..S34R,N,1,1755773730,1N 1055+ DIT/STL,1755793462,1755793467,1164,2,2
1755773940_R..N93R,065900_R..N93R,R,0,1755773940,1R 1059 95S/CTL,1755793642,1755793647,1160,0,0
1755774030_N..S72R,066050_N..S72R,W,1,1755774030,1W 1100+ DIT/WHL,1755791615,1755791620,878,0,0
1755774060_N..N33R,066100_N..N33R,N,0,1755774060,1N 1101 STL/DIT,1755793046,1755793056,1065,0,0
1755774090_Q..S36X004,066150_Q..S36X004,Q,1,1755774090,1Q 1101+ 962/BBC,1755793557,1755793567,1129,1,0
1755774120_N..N72R,066200_N..N72R,W,0,1755774120,1W 1102 WHL/DIT,1755791095,1755791104,797,0,0
1755774210_R..S71R,066350_R..S71R,R,1,1755774210,1R 1103+ CTL/95S,1755794383,1755794393,1223,0,0
1755774300_Q..N36X004,066500_Q..N36X004,Q,0,1755774300,1Q 1105 BBC/962,1755792431,1755792441,951,0,0
1755774330_N..S34R,066550_N..S34R,N,1,1755774330,1N 1105+ DIT/STL,1755794783,1755794788,756,1,1
1755774330_R..N93R,066550_R..N93R,R,0,1755774330,1R 1105+ 95S/CTL,1755793617,1755793627,1105,0,0
1755774480_N..S34R,066800_N..S34R,N,1,1755774480,1N 1108 DIT/STL,1755792671,1755792681,504,2,3
1755774570_N..N33R,066950_N..N33R,N,0,1755774570,1N 1109+ STL/DIT,1755793657,1755793662,1078,0,0
1755774570_Q..S36X004,066950_Q..S36X004,Q,1,1755774570,1Q 1109+ 962/BBC,1755793837,1755793842,1102,0,0
1755774630_N..S72R,067050_N..S72R,W,1,1755774630,1W 1110+ DIT/WHL,1755791935,1755791945,841,0,0
1755774720_N..N72R,067200_N..N72R,W,0,1755774720,1W 1112 WHL/DIT,1755791830,1755791840,815,0,0
1755774720_R..S71R,067200_R..S71R,R,1,1755774720,1R 1112 CTL/95S,1755794438,1755794443,1162,0,0
1755774810_Q..N36X004,067350_Q..N36X004,Q,0,1755774810,1Q 1113+ BBC/962,1755792936,1755792941,950,0,0
1755774900_R..N93R,067500_R..N93R,R,0,1755774900,1R 1115 95S/CTL,1755794278,1755794288,1117,0,0
1755775080_N..N33R,067800_N..N33R,N,0,1755775080,1N 1118 STL/DIT,1755794323,1755794333,1009,0,0
1755775110_Q..S36X004,067850_Q..S36X004,Q,1,1755775110,1Q 1118+ 962/BBC,1755794002,1755794007,1072,0,0
1755775140_R..S71R,067900_R..S71R,R,1,1755775140,1R 1119 CTL/95S,1755794833,1755794843,1183,0,0
1755775230_N..S72R,068050_N..S72R,W,1,1755775230,1W 1120+ DIT/WHL,1755792576,1755792581,873,0,0
1755775320_N..N72R,068200_N..N72R,W,0,1755775320,1W 1122 WHL/DIT,1755792386,1755792395,836,0,0
1755775380_R..N93R,068300_R..N93R,R,0,1755775380,1R 1123 95S/CTL,1755795058,1755795068,1183,0,0
1755775470_N..S34R,068450_N..S34R,N,1,1755775470,1N 1124+ DIT/STL,1755794923,1755794933,1153,0,0
1755775530_Q..S36X004,068550_Q..S36X004,Q,1,1755775530,1Q 1125+ 962/BBC,1755794353,1755794363,1069,0,0
1755775620_R..S71R,068700_R..S71R,R,1,1755775620,1R 1127 CTL/95S,1755795744,1755795749,1242,0,0
1755775650_N..N33R,068750_N..N33R,N,0,1755775650,1N 1127+ STL/DIT,1755794953,1755794963,1133,0,0
1755775680_N..S,068800_N..S,N,1,1755775680,EN 1128 DIT/STL,1755795074,1755795083,746,0,0
1755775740_Q..N36X004,068900_Q..N36X004,Q,0,1755775740,1Q 1129 BBC/962,1755793737,1755793747,959,0,0
1755775830_N..S72R,069050_N..S72R,W,1,1755775830,1W 1130+ DIT/WHL,1755792866,1755792876,832,0,0
1755775860_R..N93R,069100_R..N93R,R,0,1755775860,1R 1131 95S/CTL,1755795564,1755795569,1186,0,0
1755775920_N..N72R,069200_N..N72R,W,0,1755775920,1W 1132 WHL/DIT,1755793422,1755793432,890,0,0
1755775950_N..S34R,069250_N..S34R,N,1,1755775950,1N 1132+ DIT/STL,1755795203,1755795209,1127,0,0
1755775980_Q..S36X004,069300_Q..S36X004,Q,1,1755775980,1Q 1133 962/BBC,1755794578,1755794588,1039,1,0
1755776040_R..S71R,069400_R..S71R,R,1,1755776040,1R 1134 CTL/95S,1755795869,1755795879,1203,0,0
1755776100_N..N33R,069500_N..N33R,N,0,1755776100,1N 1135 STL/DIT,1755795179,1755795188,1104,0,0
1755776100_Q..N36X004,069500_Q..N36X004,Q,0,1755776100,1Q 1135 BBC/962,1755794558,1755794563,1021,0,0
1755776310_N..S34R,069850_N..S34R,N,1,1755776310,1N 1138+ DIT/STL,1755796320,1755796330,1228,0,0
1755776340_R..N93R,069900_R..N93R,R,0,1755776340,1R 1139 95S/CTL,1755795944,1755795954,1174,0,0
1755776520_N..N72R,070200_N..N72R,W,0,1755776520,1W 1142 WHL/DIT,1755793782,1755793792,862,0,0
1755776520_N..S72R,070200_N..S72R,W,1,1755776520,1W 1142 DIT/WHL,1755793902,1755793912,878,0,0
1755776580_R..S71R,070300_R..S71R,R,1,1755776580,1R 1143 CTL/95S,1755796170,1755796180,1172,0,0
1755776730_Q..N36X004,070550_Q..N36X004,Q,0,1755776730,1Q 1145+ BBC/962,1755794683,1755794693,954,0,0
1755776745_Q..S36X004,070575_Q..S36X004,Q,1,1755776745,1Q 1145+ 962/BBC,1755795074,1755795083,646,0,0
1755776790_N..S34R,070650_N..S34R,N,1,1755776790,1N 1146+ DIT/STL,1755796330,1755796335,1165,0,0
1755776820_N..N33R,070700_N..N33R,N,0,1755776820,1N 1147 STL/DIT,1755795659,1755795669,620,0,0
1755776820_R..N93R,070700_R..N93R,R,0,1755776820,1R 1147 95S/CTL,1755796725,1755796735,1214,0,0
1755777030_N..S72R,071050_N..S72R,W,1,1755777030,1W 1150+ DIT/WHL,1755794363,1755794368,871,0,0
1755777120_N..N72R,071200_N..N72R,W,0,1755777120,1W 1152 WHL/DIT,1755794638,1755794648,896,0,0
1755777120_R..S71R,071200_R..S71R,R,1,1755777120,1R 1152 CTL/95S,1755797071,1755797080,1220,0,0
1755777210_Q..N36X004,071350_Q..N36X004,Q,0,1755777210,1Q 1153+ BBC/962,1755795164,1755795173,954,0,0
1755777240_N..S34R,071400_N..S34R,N,1,1755777240,1N 1154 DIT/STL,1755796870,1755796875,1177,0,0
1755777300_R..N93R,071500_R..N93R,R,0,1755777300,1R 1155 95S/CTL,1755796990,1755796995,1185,0,0
1755777450_Q..N36X004,071750_Q..N36X004,Q,0,1755777450,1Q 1157+ BBC/962,1755795359,1755795369,948,0,0
1755777510_Q..S36X004,071850_Q..S36X004,Q,1,1755777510,1Q 1158+ 962/BBC,1755795569,1755795579,968,0,0
1755777540_R..S71R,071900_R..S71R,R,1,1755777540,1R 1159 CTL/95S,1755797110,1755797116,1169,0,0
1755777570_N..N33R,071950_N..N33R,N,0,1755777570,1N 1159+ STL/DIT,1755796570,1755796575,625,0,0
1755777630_N..S72R,072050_N..S72R,W,1,1755777630,1W 1200+ DIT/WHL,1755794858,1755794863,857,0,0
1755777720_N..N72R,072200_N..N72R,W,0,1755777720,1W 1202 WHL/DIT,1755794743,1755794753,830,0,0
1755777720_Q..N,072200_Q..N,Q,0,1755777720,EQ 1202 BBC/962,1755795804,1755795809,590,0,0
1755777780_R..N93R,072300_R..N93R,R,0,1755777780,1R 1203 95S/CTL,1755797626,1755797636,1206,0,0
1755777870_N..S34R,072450_N..S34R,N,1,1755777870,1N 1204+ DIT/STL,1755797206,1755797216,1138,0,0
1755777930_Q..S36X004,072550_Q..S36X004,Q,1,1755777930,1Q 1205+ 962/BBC,1755796104,1755796109,983,0,0
1755778020_R..S71R,072700_R..S71R,R,1,1755778020,1R 1207 CTL/95S,1755797882,1755797891,1208,0,0
1755778050_Q..N36X004,072750_Q..N36X004,Q,0,1755778050,1Q 1207+ BBC/962,1755796390,1755796395,1005,0,0
1755778260_R..N93R,073100_R..N93R,R,0,1755778260,1R 1211 95S/CTL,1755798047,1755798056,1198,0,0
1755778290_N..S72R,073150_N..S72R,W,1,1755778290,1W 1211+ DIT/WHL,1755795684,1755795689,879,0,0
1755778320_N..N72R,073200_N..N72R,W,0,1755778320,1W 1212 WHL/DIT,1755795344,1755795354,830,0,0
1755778350_N..N33R,073250_N..N33R,N,0,1755778350,1N 1212+ STL/DIT,1755797071,1755797080,679,0,0
1755778380_Q..S36X004,073300_Q..S36X004,Q,1,1755778380,1Q 1213 962/BBC,1755796590,1755796600,988,0,0
1755778440_N..S34R,073400_N..S34R,N,1,1755778440,1N 1214 DIT/STL,1755797821,1755797831,1144,0,0
1755778620_R..S71R,073700_R..S71R,R,1,1755778620,1R 1217 CTL/95S,1755798031,1755798041,1148,0,0
1755778710_N..S34R,073850_N..S34R,N,1,1755778710,1N 1218+ DIT/STL,1755797906,1755797911,1119,0,0
1755778740_R..N93R,073900_R..N93R,R,0,1755778740,1R 1219 95S/CTL,1755798447,1755798452,1187,0,0
1755778890_Q..S36X004,074150_Q..S36X004,Q,1,1755778890,1Q 1221+ 962/BBC,1755797065,1755797071,983,0,0
1755778920_N..N72R,074200_N..N72R,W,0,1755778920,1W 1222 WHL/DIT,1755795864,1755795869,819,0,0
1755778950_N..S72R,074250_N..S72R,W,1,1755778950,1W 1222+ DIT/WHL,1755796224,1755796230,863,0,0
1755779010_Q..N36X004,074350_Q..N36X004,Q,0,1755779010,1Q 1223+ BBC/962,1755797251,1755797261,992,0,0
1755779070_N..N33R,074450_N..N33R,N,0,1755779070,1N 1224+ STL/DIT,1755797606,1755797611,608,0,0
1755779160_R..N93R,074600_R..N93R,R,0,1755779160,1R 1226 95S/CTL,1755798957,1755798963,1199,0,0
1755779190_N..S34R,074650_N..S34R,N,1,1755779190,1N 1226+ DIT/STL,1755798692,1755798702,1160,0,0
1755779220_R..S71R,074700_R..S71R,R,1,1755779220,1R 1227 CTL/95S,1755798672,1755798677,1153,0,0
1755779370_Q..S36X004,074950_Q..S36X004,Q,1,1755779370,1Q 1229+ 962/BBC,1755797411,1755797416,965,0,0
1755779430_N..S72R,075050_N..S72R,W,1,1755779430,1W 1230+ DIT/WHL,1755796450,1755796455,829,0,0
1755779520_N..N72R,075200_N..N72R,W,0,1755779520,1W 1232 WHL/DIT,1755796410,1755796420,812,0,0
1755779520_R..S71R,075200_R..S71R,R,1,1755779520,1R 1232 CTL/95S,1755799038,1755799048,1162,0,0
1755779610_Q..N36X004,075350_Q..N36X004,Q,0,1755779610,1Q 1233+ BBC/962,1755797866,1755797876,994,0,0
1755779670_N..S34R,075450_N..S34R,N,1,1755779670,1N 1234+ DIT/STL,1755798692,1755798702,1096,0,0
1755779700_R..N93R,075500_R..N93R,R,0,1755779700,1R 1235 95S/CTL,1755799413,1755799423,1188,0,0
1755779850_N..N33R,075750_N..N33R,N,0,1755779850,1N 1237+ STL/DIT,1755798872,1755798882,1029,0,0
1755779850_Q..N36X004,075750_Q..N36X004,Q,0,1755779850,1Q 1237+ BBC/962,1755797911,1755797921,968,0,0
1755779910_Q..S36X004,075850_Q..S36X004,Q,1,1755779910,1Q 1238+ 962/BBC,1755798011,1755798017,973,0,0
1755779940_R..S71R,075900_R..S71R,R,1,1755779940,1R 1239 CTL/95S,1755800569,1755800579,1312,0,0
1755780030_N..S72R,076050_N..S72R,W,1,1755780030,1W 1240+ DIT/WHL,1755797161,1755797171,844,0,0
1755780120_N..N72R,076200_N..N72R,W,0,1755780120,1W 1242 WHL/DIT,1755796885,1755796890,795,0,0
1755780180_R..N93R,076300_R..N93R,R,0,1755780180,1R 1243 95S/CTL,1755800209,1755800219,1232,0,0
1755780240_N..S34R,076400_N..S34R,N,1,1755780240,1N 1244 DIT/STL,1755799393,1755799398,1113,0,0
1755780330_N..N,076550_N..N,N,0,1755780330,EN 1245+ STL/DIT,1755799458,1755799468,674,0,0
1755780330_Q..S36X004,076550_Q..S36X004,Q,1,1755780330,1Q 1245+ 962/BBC,1755798363,1755798372,964,0,0
1755780420_R..S71R,076700_R..S71R,R,1,1755780420,1R 1247 CTL/95S,1755800614,1755800624,1254,0,0
1755780450_Q..N36X004,076750_Q..N36X004,Q,0,1755780450,1Q 1247+ BBC/962,1755798347,1755798357,946,0,0
1755780540_N..N33R,076900_N..N33R,N,0,1755780540,1N 1249 STL/DIT,1755799513,1755799519,1089,0,0
1755780630_N..S72R,077050_N..S72R,W,1,1755780630,1W 1250+ DIT/WHL,1755797581,1755797591,820,0,0
1755780660_R..N93R,077100_R..N93R,R,0,1755780660,1R 1251 95S/CTL,1755800510,1755800519,1208,0,0
1755780720_N..N72R,077200_N..N72R,W,0,1755780720,1W 1252 WHL/DIT,1755797866,1755797876,846,0,0
1755780750_N..S34R,077250_N..S34R,N,1,1755780750,1N 1252+ DIT/STL,1755799879,1755799889,1112,0,0
1755780780_Q..S36X004,077300_Q..S36X004,Q,1,1755780780,1Q 1253 962/BBC,1755799308,1755799318,1026,0,0
1755780840_R..S71R,077400_R..S71R,R,1,1755780840,1R 1254 CTL/95S,1755800630,1755800639,1200,0,0
1755780900_N..N33R,077500_N..N33R,N,0,1755780900,1N 1255 STL/DIT,1755799894,1755799904,1094,0,0
1755780930_Q..N36X004,077550_Q..N36X004,Q,0,1755780930,1Q 1255+ BBC/962,1755799378,1755799384,1019,0,0
1755781110_N..S34R,077850_N..S34R,N,1,1755781110,1N 1258+ DIT/STL,1755800269,1755800279,1116,0,0
1755781140_R..N93R,077900_R..N93R,R,0,1755781140,1R 1259 95S/CTL,1755800900,1755800910,1196,0,0
1755781290_N..N33R,078150_N..N33R,N,0,1755781290,1N 1301+ STL/DIT,1755800459,1755800465,1117,0,0
1755781290_Q..S36X004,078150_Q..S36X004,Q,1,1755781290,1Q 1301+ 962/BBC,1755799248,1755799258,954,0,0
1755781320_N..N72R,078200_N..N72R,W,0,1755781320,1W 1302 WHL/DIT,1755798302,1755798312,824,0,0
1755781350_N..S72R,078250_N..S72R,W,1,1755781350,1W 1302+ DIT/WHL,1755798387,1755798392,831,0,0
1755781410_Q..N36X004,078350_Q..N36X004,Q,0,1755781410,1Q 1303+ BBC/962,1755799378,1755799384,955,0,0
1755781410_R..S71R,078350_R..S71R,R,1,1755781410,1R 1303+ CTL/95S,1755800835,1755800840,1151,0,0
1755781560_R..N93R,078600_R..N93R,R,0,1755781560,1R 1306 95S/CTL,1755801470,1755801480,1216,0,0
1755781770_N..N33R,078950_N..N33R,N,0,1755781770,1N 1309+ STL/DIT,1755800870,1755800880,1108,0,0
1755781770_Q..S36X004,078950_Q..S36X004,Q,1,1755781770,1Q 1309+ 962/BBC,1755800474,1755800479,1055,0,0
1755781830_N..S72R,079050_N..S72R,W,1,1755781830,1W 1310+ DIT/WHL,1755798792,1755798797,821,0,0
1755781890_N..S34R,079150_N..S34R,N,1,1755781890,1N 1311+ DIT/STL,1755800780,1755800789,806,0,0
1755781920_N..N72R,079200_N..N72R,W,0,1755781920,1W 1312 WHL/DIT,1755798612,1755798617,785,0,0
1755781920_R..S71R,079200_R..S71R,R,1,1755781920,1R 1312 CTL/95S,1755801455,1755801465,1166,0,0
1755782010_Q..N36X004,079350_Q..N36X004,Q,0,1755782010,1Q 1313+ BBC/962,1755799979,1755799985,957,0,0
1755782100_R..N93R,079500_R..N93R,R,0,1755782100,1R 1315 95S/CTL,1755801861,1755801871,1196,0,0
1755782250_N..N33R,079750_N..N33R,N,0,1755782250,1N 1317+ STL/DIT,1755801120,1755801125,1077,0,0
1755782250_Q..N36X004,079750_Q..N36X004,Q,0,1755782250,1Q 1317+ BBC/962,1755800689,1755800699,1020,0,0
1755782250_Q..S36X004,079750_Q..S36X004,Q,1,1755782250,1Q 1317+ 962/BBC,1755800479,1755800489,992,0,0
1755782340_R..S71R,079900_R..S71R,R,1,1755782340,1R 1319 CTL/95S,1755801906,1755801916,1170,0,0
1755782430_N..S72R,080050_N..S72R,W,1,1755782430,1W 1320+ DIT/WHL,1755799318,1755799324,811,0,0
1755782520_N..N72R,080200_N..N72R,W,0,1755782520,1W 1322 WHL/DIT,1755799633,1755799638,843,0,0
1755782580_R..N93R,080300_R..N93R,R,0,1755782580,1R 1323 95S/CTL,1755802296,1755802306,1190,0,0
1755782640_N..S34R,080400_N..S34R,N,1,1755782640,1N 1324 DIT/STL,1755801255,1755801260,1043,0,0
1755782730_Q..S36X004,080550_Q..S36X004,Q,1,1755782730,1Q 1325+ 962/BBC,1755801120,1755801125,1013,0,0
1755782820_R..S71R,080700_R..S71R,R,1,1755782820,1R 1327 CTL/95S,1755802381,1755802386,1169,0,0
1755782850_Q..N36X004,080750_Q..N36X004,Q,0,1755782850,1Q 1327+ BBC/962,1755800659,1755800669,936,0,0
1755782940_N..N33R,080900_N..N33R,N,0,1755782940,1N 1329 STL/DIT,1755801951,1755801961,1096,0,0
1755783030_N..S72R,081050_N..S72R,W,1,1755783030,1W 1330+ DIT/WHL,1755800174,1755800179,847,0,0
1755783060_R..N93R,081100_R..N93R,R,0,1755783060,1R 1331 95S/CTL,1755802687,1755802697,1178,0,0
1755783120_N..N72R,081200_N..N72R,W,0,1755783120,1W 1332 WHL/DIT,1755800059,1755800069,820,0,0
1755783180_Q..S36X004,081300_Q..S36X004,Q,1,1755783180,1Q 1333 962/BBC,1755801405,1755801410,991,0,0
1755783240_R..S71R,081400_R..S71R,R,1,1755783240,1R 1334 CTL/95S,1755802957,1755802967,1190,0,0
1755783300_N..N33R,081500_N..N33R,N,0,1755783300,1N 1335 STL/DIT,1755802246,1755802251,1087,0,0
1755783300_N..S34R,081500_N..S34R,N,1,1755783300,1N 1335 DIT/STL,1755801906,1755801916,735,0,0
1755783330_Q..N36X004,081550_Q..N36X004,Q,0,1755783330,1Q 1335+ BBC/962,1755801420,1755801425,973,0,0
1755783540_R..N93R,081900_R..N93R,R,0,1755783540,1R 1339 95S/CTL,1755803002,1755803012,1156,0,0
1755783690_N..N33R,082150_N..N33R,N,0,1755783690,1N 1341+ STL/DIT,1755802787,1755802792,1107,0,0
1755783690_Q..S36X004,082150_Q..S36X004,Q,1,1755783690,1Q 1341+ 962/BBC,1755801786,1755801796,974,0,0
1755783720_N..N72R,082200_N..N72R,W,0,1755783720,1W 1342 WHL/DIT,1755800614,1755800624,814,0,0
1755783750_N..S72R,082250_N..S72R,W,1,1755783750,1W 1342+ DIT/WHL,1755801120,1755801125,877,0,0
1755783780_R..S71R,082300_R..S71R,R,1,1755783780,1R 1343 CTL/95S,1755803567,1755803573,1199,0,0
1755783810_Q..N36X004,082350_Q..N36X004,Q,0,1755783810,1Q 1343+ BBC/962,1755801606,1755801615,934,0,0
1755783990_N..S34R,082650_N..S34R,N,1,1755783990,1N 1346+ DIT/STL,1755802967,1755802972,1091,0,0
1755784050_R..N93R,082750_R..N93R,R,0,1755784050,1R 1347+ 95S/CTL,1755803507,1755803513,1155,0,0
1755784140_N..N33R,082900_N..N33R,N,0,1755784140,1N 1349 STL/DIT,1755803558,1755803567,1150,0,0
1755784170_Q..S36X004,082950_Q..S36X004,Q,1,1755784170,1Q 1349+ 962/BBC,1755802261,1755802266,973,0,0
1755784230_N..S72R,083050_N..S72R,W,1,1755784230,1W 1350+ DIT/WHL,1755801215,1755801225,826,0,0
1755784320_N..N72R,083200_N..N72R,W,0,1755784320,1W 1352 WHL/DIT,1755801155,1755801165,806,0,0
1755784320_R..S71R,083200_R..S71R,R,1,1755784320,1R 1352 CTL/95S,1755804068,1755804078,1194,0,0
1755784410_Q..N36X004,083350_Q..N36X004,Q,0,1755784410,1Q 1353+ BBC/962,1755802056,1755802066,914,0,0
1755784470_N..S34R,083450_N..S34R,N,1,1755784470,1N 1354+ DIT/STL,1755803257,1755803267,1066,0,0
1755784500_R..N93R,083500_R..N93R,R,0,1755784500,1R 1355 95S/CTL,1755803928,1755803933,1151,0,0
1755784650_Q..N36X004,083750_Q..N36X004,Q,0,1755784650,1Q 1357+ BBC/962,1755802581,1755802592,952,0,0
1755784650_Q..S36R,083750_Q..S36R,Q,1,1755784650,1Q 1357+ 962/STL,1755803257,1755803267,1042,0,0
1755784710_R..S71R,083850_R..S71R,R,1,1755784710,1R 1358+ CTL/95S,1755804383,1755804393,1184,0,0
1755784800_N..N33R,084000_N..N33R,N,0,1755784800,1N 1400 STL/DIT,1755804124,1755804128,1137,0,0
1755784830_N..S72R,084050_N..S72R,W,1,1755784830,1W 1400+ DIT/WHL,1755801831,1755801841,828,0,0
1755784920_N..N72R,084200_N..N72R,W,0,1755784920,1W 1402 WHL/DIT,1755801801,1755801811,812,0,0
1755784950_N..S34R,084250_N..S34R,N,1,1755784950,1N 1402+ DIT/STL,1755803523,1755803527,1037,0,0
1755784980_R..N93R,084300_R..N93R,R,0,1755784980,1R 1403 95S/CTL,1755804468,1755804473,1159,0,0
1755785130_Q..S36R,084550_Q..S36R,Q,1,1755785130,1Q 1405+ 962/STL,1755803407,1755803417,998,0,0
1755785160_R..S71R,084600_R..S71R,R,1,1755785160,1R 1406 CTL/95S,1755804874,1755804879,1189,0,0
1755785220_Q..N36X004,084700_Q..N36X004,Q,0,1755785220,1Q 1407 BBC/962,1755803107,1755803117,946,0,0
1755785250_N..N33R,084750_N..N33R,N,0,1755785250,1N 1407+ STL/DIT,1755804483,1755804488,1125,0,0
1755785430_N..S72R,085050_N..S72R,W,1,1755785430,1W 1410+ DIT/WHL,1755802546,1755802551,844,0,0
1755785460_R..N93R,085100_R..N93R,R,0,1755785460,1R 1411 95S/CTL,1755805690,1755805700,1258,0,0
1755785520_N..N72R,085200_N..N72R,W,0,1755785520,1W 1412 WHL/DIT,1755802446,1755802456,819,0,0
1755785550_N..S34R,085250_N..S34R,N,1,1755785550,1N 1412+ DIT/STL,1755804108,1755804113,1036,0,0
1755785580_Q..S36R,085300_Q..S36R,Q,1,1755785580,1Q 1413 962/STL,1755803933,1755803943,1009,0,0
1755785670_R..S71R,085450_R..S71R,R,1,1755785670,1R 1414+ CTL/95S,1755805254,1755805264,1173,1,0
1755785700_Q..N36X004,085500_Q..N36X004,Q,0,1755785700,1Q 1415 BBC/962,1755803978,1755803988,999,0,0
1755785730_N..N33R,085550_N..N33R,N,0,1755785730,1N 1415+ STL/DIT,1755804924,1755804934,1119,0,0
1755785910_N..S34R,085850_N..S34R,N,1,1755785910,1N 1418+ DIT/STL,1755805209,1755805219,1135,1,0
1755785940_R..N93R,085900_R..N93R,R,0,1755785940,1R 1419 95S/CTL,1755805690,1755805700,1195,0,0
1755786090_Q..S36R,086150_Q..S36R,Q,1,1755786090,1Q 1421+ 962/STL,1755804774,1755804784,1053,0,0
1755786120_N..N72R,086200_N..N72R,W,0,1755786120,1W 1422 WHL/DIT,1755803002,1755803012,813,0,0
1755786120_R..S71R,086200_R..S71R,R,1,1755786120,1R 1422 CTL/95S,1755805855,1755805865,1193,0,0
1755786150_N..S72R,086250_N..S72R,W,1,1755786150,1W 1422+ DIT/WHL,1755803287,1755803297,847,0,0
1755786180_Q..N36X004,086300_Q..N36X004,Q,0,1755786180,1Q 1423 BBC/962,1755804158,1755804168,959,0,0
1755786210_N..N33R,086350_N..N33R,N,0,1755786210,1N 1423+ STL/DIT,1755805390,1755805399,1119,0,0
1755786330_N..S34R,086550_N..S34R,N,1,1755786330,1N 1425+ DIT/STL,1755805490,1755805495,1116,0,0
1755786420_R..N93R,086700_R..N93R,R,0,1755786420,1R 1427 95S/CTL,1755806065,1755806075,1181,0,0
1755786540_R..S71R,086900_R..S71R,R,1,1755786540,1R 1429 CTL/95S,1755806335,1755806346,1201,0,0
1755786570_Q..S36R,086950_Q..S36R,Q,1,1755786570,1Q 1429+ 962/STL,1755805249,1755805254,1052,0,0
1755786630_N..S72R,087050_N..S72R,W,1,1755786630,1W 1430+ DIT/WHL,1755803627,1755803633,725,0,0
1755786690_N..N33R,087150_N..N33R,N,0,1755786690,1N 1431+ STL/DIT,1755805790,1755805795,1108,0,0
1755786720_N..N72R,087200_N..N72R,W,0,1755786720,1W 1432 WHL/DIT,1755803763,1755803768,834,0,0
1755786780_Q..N36X004,087300_Q..N36X004,Q,0,1755786780,1Q 1433 BBC/962,1755804564,1755804573,933,0,0
1755786870_N..S34R,087450_N..S34R,N,1,1755786870,1N 1434+ DIT/STL,1755806050,1755806060,1119,0,0
1755786900_R..N93R,087500_R..N93R,R,0,1755786900,1R 1435 95S/CTL,1755806696,1755806706,1201,0,0
1755787020_R..S71R,087700_R..S71R,R,1,1755787020,1R 1437 CTL/95S,1755806736,1755806741,1190,0,0
1755787050_Q..S36R,087750_Q..S36R,Q,1,1755787050,1Q 1437+ 962/STL,1755805945,1755805955,1081,0,0
1755787080_Q..N36X004,087800_Q..N36X004,Q,0,1755787080,1Q 1438 BBC/962,1755804924,1755804934,941,0,0
1755787230_N..N33R,088050_N..N33R,N,0,1755787230,1N 1440+ STL/DIT,1755806185,1755806195,1089,0,0
1755787290_N..S72R,088150_N..S72R,W,1,1755787290,1W 1441+ DIT/WHL,1755804308,1755804318,831,0,0
1755787320_N..N72R,088200_N..N72R,W,0,1755787320,1W 1442 WHL/DIT,1755804769,1755804774,888,0,0
1755787380_R..N93R,088300_R..N93R,R,0,1755787380,1R 1443 95S/CTL,1755806936,1755806946,1169,0,0
1755787440_N..S34R,088400_N..S34R,N,1,1755787440,1N 1444 DIT/STL,1755806390,1755806395,1088,0,0
1755787500_R..S71R,088500_R..S71R,R,1,1755787500,1R 1445 CTL/95S,1755807251,1755807261,1195,0,0
1755787530_Q..S36R,088550_Q..S36R,Q,1,1755787530,1Q 1445+ 962/STL,1755806546,1755806555,1097,0,0
1755787620_Q..N36X004,088700_Q..N36X004,Q,0,1755787620,1Q 1447 BBC/962,1755805465,1755805474,941,0,0
1755787770_N..N33R,088950_N..N33R,N,0,1755787770,1N 1449+ STL/DIT,1755806816,1755806826,1101,0,0
1755787830_N..S72R,089050_N..S72R,W,1,1755787830,1W 1450+ DIT/WHL,1755804774,1755804784,821,0,0
1755787860_R..N93R,089100_R..N93R,R,0,1755787860,1R 1451 95S/CTL,1755807612,1755807622,1195,0,0
1755787920_N..N72R,089200_N..N72R,W,0,1755787920,1W 1452 WHL/DIT,1755805209,1755805219,867,0,0
1755787950_N..S34R,089250_N..S34R,N,1,1755787950,1N 1452+ DIT/STL,1755806676,1755806681,1058,0,0
1755787980_Q..S36R,089300_Q..S36R,Q,1,1755787980,1Q 1453 962/STL,1755806816,1755806826,1073,0,0
1755787980_R..S71R,089300_R..S71R,R,1,1755787980,1R 1453 CTL/95S,1755807942,1755807952,1223,0,0
1755788100_Q..N36X004,089500_Q..N36X004,Q,0,1755788100,1Q 1455 BBC/962,1755805915,1755805925,937,0,0
1755788310_N..S34R,089850_N..S34R,N,1,1755788310,1N 1458+ DIT/STL,1755803317,1755803327,563,0,0
1755788340_N..N16R,089900_N..N16R,N,0,1755788340,1N 1459 STL/962,1755806375,1755806381,966,0,0
1755788340_R..N93R,089900_R..N93R,R,0,1755788340,1R 1459 95S/CTL,1755808077,1755808087,1193,0,0
1755788400_N..S34R,090000_N..S34R,N,1,1755788400,1N 1500 DIT/STL,1755807266,1755807276,526,0,0
1755788460_N..S72R,090100_N..S72R,W,1,1755788460,1W 1501 DIT/WHL,1755805915,1755805925,889,0,0
1755788490_Q..S36R,090150_Q..S36R,Q,1,1755788490,1Q 1501+ 962/STL,1755807276,1755807281,1066,0,0
1755788520_N..N72R,090200_N..N72R,W,0,1755788520,1W 1502 WHL/DIT,1755805525,1755805534,829,0,0
1755788520_Q..N36X004,090200_Q..N36X004,Q,0,1755788520,1Q 1502 BBC/962,1755806891,1755806901,1011,0,0
1755788550_R..S71R,090250_R..S71R,R,1,1755788550,1R 1502+ CTL/95S,1755808538,1755808543,1226,0,0
1755788730_Q..N36R,090550_Q..N36R,Q,0,1755788730,1Q 1505+ STL/962,1755807161,1755807171,1018,0,0
1755788880_R..N93R,090800_R..N93R,R,0,1755788880,1R 1508 95S/CTL,1755809203,1755809213,1269,0,0
1755788910_R..S71R,090850_R..S71R,R,1,1755788910,1R 1508+ CTL/95S,1755808703,1755808708,1198,0,0
1755788940_N..N33R,090900_N..N33R,N,0,1755788940,1N 1509 STL/DIT,1755807922,1755807927,933,0,0
1755788970_Q..S36R,090950_Q..S36R,Q,1,1755788970,1Q 1509+ 962/STL,1755807882,1755807892,1081,0,0
1755789060_N..S72R,091100_N..S72R,W,1,1755789060,1W 1511 DIT/WHL,1755806335,1755806346,863,0,0
1755789120_N..N72R,091200_N..N72R,W,0,1755789120,1W 1512 WHL/DIT,1755805975,1755805985,807,0,0
1755789210_Q..N36R,091350_Q..N36R,Q,0,1755789210,1Q 1513+ STL/962,1755807522,1755807532,1001,0,0
1755789270_N..S34R,091450_N..S34R,N,1,1755789270,1N 1514+ DIT/STL,1755807997,1755808002,1056,0,0
1755789330_R..N96R,091550_R..N96R,R,0,1755789330,1R 1515+ 364/CTL,1755808303,1755808312,1089,0,0
1755789390_R..S71R,091650_R..S71R,R,1,1755789390,1R 1516+ CTL/95S,1755809083,1755809093,1185,0,0
1755789450_Q..S36R,091750_Q..S36R,Q,1,1755789450,1Q 1517+ 962/STL,1755808422,1755808432,1089,0,0
1755789540_N..N33R,091900_N..N33R,N,0,1755789540,1N 1519 STL/DIT,1755808317,1755808327,984,0,0
1755789570_R..N93R,091950_R..N93R,R,0,1755789570,1R 1519+ 95S/CTL,1755809534,1755809544,788,0,0
1755789660_Q..N36R,092100_Q..N36R,Q,0,1755789660,1Q 1521 STL/962,1755807822,1755807832,981,0,0
1755789720_N..N72R,092200_N..N72R,W,0,1755789720,1W 1522 WHL/DIT,1755806996,1755807006,863,0,0
1755789750_N..S34R,092250_N..S34R,N,1,1755789750,1N 1522+ DIT/STL,1755808778,1755808783,1096,0,0
1755789930_Q..S36R,092550_Q..S36R,Q,1,1755789930,1Q 1525+ 962/STL,1755808723,1755808733,1065,0,0
1755789990_R..S71R,092650_R..S71R,R,1,1755789990,1R 1526+ CTL/95S,1755809459,1755809468,1155,0,0
1755790080_Q..N36R,092800_Q..N36R,Q,0,1755790080,1Q 1528 STL/962,1755808513,1755808522,1017,0,0
1755790140_N..S34R,092900_N..S34R,N,1,1755790140,1N 1529 DIT/STL,1755808963,1755808973,1070,0,0
1755790170_N..N16R,092950_N..N16R,N,0,1755790170,1N 1529+ STL/962,1755808237,1755808242,969,0,0
1755790260_N..N72R,093100_N..N72R,W,0,1755790260,1W 1531 WHL/DIT,1755807311,1755807321,834,0,0
1755790260_N..S72R,093100_N..S72R,W,1,1755790260,1W 1531 DIT/WHL,1755807567,1755807577,868,0,0
1755790260_R..N93R,093100_R..N93R,R,0,1755790260,1R 1531 95S/CTL,1755809844,1755809849,1170,0,0
1755790380_Q..S36R,093300_Q..S36R,Q,1,1755790380,1Q 1533 962/STL,1755808958,1755808963,1037,0,0
1755790470_R..S71R,093450_R..S71R,R,1,1755790470,1R 1534+ CTL/95S,1755810104,1755810114,1177,0,0
1755790650_N..S34R,093750_N..S34R,N,1,1755790650,1N 1537+ DIT/STL,1755809504,1755809514,1074,0,0
1755790650_Q..N36R,093750_Q..N36R,Q,0,1755790650,1Q 1537+ STL/962,1755808918,1755808928,996,0,0
1755790740_N..N35R,093900_N..N35R,N,0,1755790740,1N 1539 86S/DIT,1755809098,1755809108,1008,0,0
1755790740_R..N93R,093900_R..N93R,R,0,1755790740,1R 1539 95S/CTL,1755810359,1755810369,1176,0,0
1755790740_R..S71R,093900_R..S71R,R,1,1755790740,1R 1539 CTL/95S,1755810910,1755810915,1249,0,0
1755790860_N..N72R,094100_N..N72R,W,0,1755790860,1W 1541 WHL/DIT,1755807732,1755807742,810,0,0
1755790860_Q..S36R,094100_Q..S36R,Q,1,1755790860,1Q 1541 962/STL,1755809383,1755809394,1030,0,0
1755790890_N..N33R,094150_N..N33R,N,0,1755790890,1N 1541+ STL/DIT,1755809739,1755809744,1073,0,0
1755790950_N..S72R,094250_N..S72R,W,1,1755790950,1W 1542+ DIT/WHL,1755808357,1755808363,881,0,0
1755791100_N..S34R,094500_N..S34R,N,1,1755791100,1N 1545 DIT/STL,1755810159,1755810164,1101,0,0
1755791160_N..N16R,094600_N..N16R,N,0,1755791160,1N 1546 STL/962,1755809519,1755809529,1008,0,0
1755791220_Q..N36R,094700_Q..N36R,Q,0,1755791220,1Q 1547 STL/962,1755809879,1755809889,1048,0,0
1755791220_R..N93R,094700_R..N93R,R,0,1755791220,1R 1547 95S/CTL,1755811110,1755811120,1212,0,0
1755791310_R..N96R,094850_R..N96R,R,0,1755791310,1R 1548+ 364/CTL,1755810375,1755810384,1102,0,0
1755791340_N..S72R,094900_N..S72R,W,1,1755791340,1W 1549 DIT/WHL,1755808573,1755808583,858,0,0
1755791370_Q..S36R,094950_Q..S36R,Q,1,1755791370,1Q 1549+ 962/STL,1755809789,1755809799,1016,0,0
1755791430_N..N33R,095050_N..N33R,N,0,1755791430,1N 1550+ STL/DIT,1755810204,1755810209,1063,0,0
1755791460_N..N72R,095100_N..N72R,W,0,1755791460,1W 1551 WHL/DIT,1755808658,1755808663,853,0,0
1755791520_R..S71R,095200_R..S71R,R,1,1755791520,1R 1552 CTL/95S,1755811426,1755811436,1208,0,0
1755791670_N..S34R,095450_N..S34R,N,1,1755791670,1N 1554+ DIT/STL,1755810339,1755810344,1049,0,0
1755791700_Q..N36R,095500_Q..N36R,Q,0,1755791700,1Q 1555 STL/962,1755810029,1755810039,1004,0,0
1755791700_R..N93R,095500_R..N93R,R,0,1755791700,1R 1555 95S/CTL,1755811991,1755811996,1265,0,0
1755791730_N..N33R,095550_N..N33R,N,0,1755791730,1N 1555+ STL/DIT,1755810805,1755810810,1103,0,0
1755791850_Q..S36R,095750_Q..S36R,Q,1,1755791850,1Q 1557+ 962/STL,1755810224,1755810234,1010,0,0
1755792000_N..S72R,096000_N..S72R,W,1,1755792000,1W 1600 DIT/WHL,1755809324,1755809333,870,0,0
1755792120_Q..N36R,096200_Q..N36R,Q,0,1755792120,1Q 1602 STL/962,1755810600,1755810610,1024,0,0
1755792120_R..S71R,096200_R..S71R,R,1,1755792120,1R 1602 CTL/95S,1755811786,1755811796,1182,0,0
1755792180_N..N33R,096300_N..N33R,N,0,1755792180,1N 1603 STL/DIT,1755811285,1755811290,1107,0,0
1755792180_R..N93R,096300_R..N93R,R,0,1755792180,1R 1603 95S/CTL,1755812162,1755812171,1224,0,0
1755792300_N..S34R,096500_N..S34R,N,1,1755792300,1N 1605 DIT/STL,1755811140,1755811150,1072,0,0
1755792345_N..N72R,096575_N..N72R,W,0,1755792345,1W 1605+ WHL/DIT,1755809219,1755809228,756,0,0
1755792540_R..S71R,096900_R..S71R,R,1,1755792540,1R 1609 CTL/95S,1755812222,1755812231,1184,0,0
1755792570_Q..S36R,096950_Q..S36R,Q,1,1755792570,1Q 1609+ 962/STL,1755810990,1755811000,605,0,0
1755792600_Q..N36R,097000_Q..N36R,Q,0,1755792600,1Q 1610 STL/962,1755810720,1755810730,976,0,0
1755792600_R..N93R,097000_R..N93R,R,0,1755792600,1R 1610 95S/CTL,1755812807,1755812817,1254,0,0
1755792660_N..N33R,097100_N..N33R,N,0,1755792660,1N 1611 STL/DIT,1755811766,1755811771,1102,0,0
1755792660_N..S16R,097100_N..S16R,N,1,1755792660,1N 1611 962/STL,1755811020,1755811030,1008,0,0
1755792690_N..S72R,097150_N..S72R,W,1,1755792690,1W 1611+ DIT/WHL,1755809619,1755809624,817,0,0
1755792960_N..S34R,097600_N..S34R,N,1,1755792960,1N 1616 DIT/STL,1755811426,1755811436,1022,0,0
1755792960_R..S71R,097600_R..S71R,R,1,1755792960,1R 1616 CTL/95S,1755812763,1755812772,1200,0,0
1755792990_R..N93R,097650_R..N93R,R,0,1755792990,1R 1616+ 95S/CTL,1755813064,1755813072,1236,0,0
1755793170_Q..N36R,097950_Q..N36R,Q,0,1755793170,1Q 1619+ STL/962,1755811305,1755811315,978,0,0
1755793230_N..N72R,098050_N..N72R,W,0,1755793230,1W 1620+ WHL/DIT,1755809964,1755809969,791,0,0
1755793290_N..N33R,098150_N..N33R,N,0,1755793290,1N 1621+ STL/DIT,1755812282,1755812291,1092,0,0
1755793290_N..S72R,098150_N..S72R,W,1,1755793290,1W 1621+ DIT/WHL,1755810224,1755810234,818,0,0
1755793290_Q..S36R,098150_Q..S36R,Q,1,1755793290,1Q 1621+ 962/STL,1755811511,1755811516,989,0,0
1755793380_R..N93R,098300_R..N93R,R,0,1755793380,1R 1623 95S/CTL,1755814053,1755814063,1316,0,0
1755793560_N..S34R,098600_N..S34R,N,1,1755793560,1N 1626 DIT/STL,1755812652,1755812657,1105,0,0
1755793650_Q..N36R,098750_Q..N36R,Q,0,1755793650,1Q 1627+ STL/962,1755811631,1755811636,957,0,0
1755793680_N..N33R,098800_N..N33R,N,0,1755793680,1N 1628 STL/DIT,1755812772,1755812777,1105,0,0
1755793770_N..N72R,098950_N..N72R,W,0,1755793770,1W 1629+ WHL/DIT,1755810925,1755810930,847,0,0
1755793770_Q..S36R,098950_Q..S36R,Q,1,1755793770,1Q 1629+ 962/STL,1755812146,1755812156,1010,0,0
1755793791_R..S71R,098986_R..S71R,R,1,1755793791,1R 1629+ CTL/95S,1755813418,1755813423,1176,0,0
1755793860_N..N70R,099100_N..N70R,W,0,1755793860,1W 1631 86S/DIT,1755814849,1755814859,1358,0,0
1755793860_N..S72R,099100_N..S72R,W,1,1755793860,1W 1631 DIT/WHL,1755810780,1755810790,816,0,0
1755793860_R..N93R,099100_R..N93R,R,0,1755793860,1R 1631 95S/CTL,1755814308,1755814319,1286,0,0
1755793980_N..N33R,099300_N..N33R,N,0,1755793980,1N 1633 STL/DIT,1755812952,1755812957,1089,0,0
1755794070_Q..S36R,099450_Q..S36R,Q,1,1755794070,1Q 1634+ 962/STL,1755812687,1755812697,1042,0,0
1755794100_Q..N36R,099500_Q..N36R,Q,0,1755794100,1Q 1635 STL/962,1755812341,1755812352,992,0,0
1755794190_N..S34R,099650_N..S34R,N,1,1755794190,1N 1636+ DIT/STL,1755813003,1755813012,1068,0,0
1755794220_R..N93R,099700_R..N93R,R,0,1755794220,1R 1637 95S/CTL,1755814894,1755814904,1316,0,0
1755794250_N..N72R,099750_N..N72R,W,0,1755794250,1W 1637+ WHL/DIT,1755811586,1755811591,871,0,0
1755794250_R..S71R,099750_R..S71R,R,1,1755794250,1R 1637+ CTL/95S,1755813858,1755813868,1174,0,0
1755794340_Q..N36R,099900_Q..N36R,Q,0,1755794340,1Q 1639 STL/962,1755812537,1755812547,986,0,0
1755794430_N..S72R,100050_N..S72R,W,1,1755794430,1W 1640+ DIT/WHL,1755811380,1755811390,820,0,0
1755794460_N..S16R,100100_N..S16R,N,1,1755794460,1N 1641 962/STL,1755812832,1755812837,1009,0,0
1755794520_N..N16R,100200_N..N16R,N,0,1755794520,1N 1642 STL/962,1755812807,1755812817,998,0,0
1755794640_Q..S36R,100400_Q..S36R,Q,1,1755794640,1Q 1644 962/STL,1755813032,1755813042,1012,0,0
1755794730_R..S71R,100550_R..S71R,R,1,1755794730,1R 1645+ CTL/95S,1755814474,1755814484,1192,0,0
1755794850_R..N93R,100750_R..N93R,R,0,1755794850,1R 1647+ 95S/CTL,1755815254,1755815264,1280,0,0
1755794880_N..S72R,100800_N..S72R,W,1,1755794880,1W 1648 DIT/WHL,1755811811,1755811816,817,0,0
1755794880_Q..N36R,100800_Q..N36R,Q,0,1755794880,1Q 1648 STL/962,1755813152,1755813162,996,0,0
1755794880_Q..S36R,100800_Q..S36R,Q,1,1755794880,1Q 1648 962/STL,1755813468,1755813478,1038,0,0
1755794910_N..N72R,100850_N..N72R,W,0,1755794910,1W 1648+ WHL/DIT,1755812131,1755812141,856,0,0
1755794970_R..S71R,100950_R..S71R,R,1,1755794970,1R 1649+ CTL/95S,1755814879,1755814889,1214,0,0
1755795060_N..S34R,101100_N..S34R,N,1,1755795060,1N 1651 DIT/STL,1755813738,1755813748,1050,0,0
1755795120_N..N33R,101200_N..N33R,N,0,1755795120,1N 1652 STL/DIT,1755814319,1755814324,1119,0,0
1755795180_R..N93R,101300_R..N93R,R,0,1755795180,1R 1653 95S/CTL,1755815990,1755816000,1334,0,0
1755795210_Q..N36R,101350_Q..N36R,Q,0,1755795210,1Q 1653+ STL/962,1755813478,1755813484,995,0,0
1755795240_N..S16R,101400_N..S16R,N,1,1755795240,1N 1654 962/STL,1755813613,1755813618,1009,0,0
1755795360_N..S34R,101600_N..S34R,N,1,1755795360,1N 1656 DIT/STL,1755814759,1755814769,1146,0,0
1755795480_Q..S36R,101800_Q..S36R,Q,1,1755795480,1Q 1658 962/STL,1755814158,1755814168,1050,0,0
1755795540_N..N33R,101900_N..N33R,N,0,1755795540,1N 1659 STL/DIT,1755814694,1755814699,1113,0,0
1755795540_N..N72R,101900_N..N72R,W,0,1755795540,1W 1659 WHL/DIT,1755812487,1755812492,819,0,0
1755795540_R..S71R,101900_R..S71R,R,1,1755795540,1R 1659 CTL/95S,1755815280,1755815285,1191,0,0
1755795600_Q..N36R,102000_Q..N36R,Q,0,1755795600,1Q 1700 STL/962,1755813898,1755813904,999,0,0
1755795630_N..S72R,102050_N..S72R,W,1,1755795630,1W 1700+ DIT/WHL,1755812967,1755812972,871,0,0
1755795720_N..S34R,102200_N..S34R,N,1,1755795720,1N 1702 DIT/STL,1755814879,1755814889,1114,0,0
1755795720_Q..S36R,102200_Q..S36R,Q,1,1755795720,1Q 1702 962/STL,1755814559,1755814564,1071,0,0
1755795810_R..N93R,102350_R..N93R,R,0,1755795810,1R 1703+ 95S/CTL,1755816060,1755816066,833,0,0
1755795870_Q..N36R,102450_Q..N36R,Q,0,1755795870,1Q 1704+ STL/962,1755814033,1755814039,981,0,0
1755795900_R..S71R,102500_R..S71R,R,1,1755795900,1R 1705 CTL/95S,1755815655,1755815660,1193,0,0
1755796020_N..N33R,102700_N..N33R,N,0,1755796020,1N 1707 STL/DIT,1755815174,1755815179,1113,0,0
1755796170_Q..S36R,102950_Q..S36R,Q,1,1755796170,1Q 1709+ 962/STL,1755814774,1755814784,1040,0,0
1755796200_N..N72R,103000_N..N72R,W,0,1755796200,1W 1710 WHL/DIT,1755813212,1755813222,828,0,0
1755796290_Q..N36R,103150_Q..N36R,Q,0,1755796290,1Q 1711+ STL/962,1755814394,1755814399,973,0,0
1755796320_N..S72R,103200_N..S72R,W,1,1755796320,1W 1712 DIT/WHL,1755813558,1755813568,858,0,0
1755796320_R..S71R,103200_R..S71R,R,1,1755796320,1R 1712 CTL/95S,1755816066,1755816075,1190,0,0
1755796380_N..N33R,103300_N..N33R,N,0,1755796380,1N 1713 STL/DIT,1755815510,1755815520,1110,0,0
1755796440_N..S34R,103400_N..S34R,N,1,1755796440,1N 1714 DIT/STL,1755815700,1755815705,684,0,0
1755796440_R..N93R,103400_R..N93R,R,0,1755796440,1R 1714 95S/CTL,1755816541,1755816546,1239,0,0
1755796590_Q..S36R,103650_Q..S36R,Q,1,1755796590,1Q 1716+ 962/STL,1755815375,1755815385,1064,0,0
1755796680_Q..N36R,103800_Q..N36R,Q,0,1755796680,1Q 1718 STL/962,1755814594,1755814604,948,0,0
1755796680_R..S71R,103800_R..S71R,R,1,1755796680,1R 1718 CTL/95S,1755816301,1755816306,1175,0,0
1755796740_N..N72R,103900_N..N72R,W,0,1755796740,1W 1719 WHL/DIT,1755813528,1755813538,798,0,0
1755796770_N..N33R,103950_N..N33R,N,0,1755796770,1N 1719+ STL/DIT,1755815720,1755815730,1086,0,0
1755796860_R..N93R,104100_R..N93R,R,0,1755796860,1R 1721 95S/CTL,1755816981,1755816991,1242,0,0
1755796950_Q..S36R,104250_Q..S36R,Q,1,1755796950,1Q 1722+ 962/STL,1755815525,1755815535,1036,0,0
1755797010_R..S71R,104350_R..S71R,R,1,1755797010,1R 1723+ CTL/95S,1755816741,1755816751,1190,0,0
1755797040_Q..N36R,104400_Q..N36R,Q,0,1755797040,1Q 1724 STL/962,1755815014,1755815024,956,0,0
1755797130_N..S34R,104550_N..S34R,N,1,1755797130,1N 1725+ DIT/STL,1755816215,1755816226,763,0,0
1755797160_N..S72R,104600_N..S72R,W,1,1755797160,1W 1726 DIT/WHL,1755814414,1755814424,408,0,0
1755797220_N..N72R,104700_N..N72R,W,0,1755797220,1W 1727 WHL/DIT,1755814379,1755814384,847,0,0
1755797280_R..N93R,104800_R..N93R,R,0,1755797280,1R 1728 95S/CTL,1755817066,1755817071,1197,0,0
1755797310_Q..S36R,104850_Q..S36R,Q,1,1755797310,1Q 1728+ 962/STL,1755816095,1755816105,1064,0,0
1755797430_N..N33R,105050_N..N33R,N,0,1755797430,1N 1730+ STL/DIT,1755816181,1755816185,1059,0,0
1755797460_R..S71R,105100_R..S71R,R,1,1755797460,1R 1731 CTL/95S,1755817642,1755817652,1250,0,0
1755797550_Q..N36R,105250_Q..N36R,Q,0,1755797550,1Q 1732+ STL/962,1755815615,1755815625,968,0,0
1755797640_N..S34R,105400_N..S34R,N,1,1755797640,1N 1734 DIT/STL,1755816481,1755816486,1071,0,0
1755797700_R..N93R,105500_R..N93R,R,0,1755797700,1R 1735 95S/CTL,1755817537,1755817547,1204,0,0
1755797790_N..N72R,105650_N..N72R,W,0,1755797790,1W 1736+ WHL/DIT,1755815054,1755815059,861,0,0
1755797790_Q..S36R,105650_Q..S36R,Q,1,1755797790,1Q 1736+ 962/STL,1755816421,1755816426,1043,0,0
1755797940_R..S71R,105900_R..S71R,R,1,1755797940,1R 1739 CTL/95S,1755817807,1755817817,1208,0,0
1755798000_N..S72R,106000_N..S72R,W,1,1755798000,1W 1740 DIT/WHL,1755815014,1755815024,571,0,0
1755798000_Q..N36R,106000_Q..N36R,Q,0,1755798000,1Q 1740 STL/962,1755816561,1755816571,1034,0,0
1755798030_N..N33R,106050_N..N33R,N,0,1755798030,1N 1740+ STL/DIT,1755816661,1755816666,1043,0,0
1755798180_Q..S36R,106300_Q..S36R,Q,1,1755798180,1Q 1743 962/STL,1755816666,1755816676,1024,0,0
1755798270_N..S34R,106450_N..S34R,N,1,1755798270,1N 1744+ DIT/STL,1755817357,1755817367,1104,0,0
1755798330_R..N93R,106550_R..N93R,R,0,1755798330,1R 1745+ 95S/CTL,1755818027,1755818032,1185,0,0
1755798390_N..N33R,106650_N..N33R,N,0,1755798390,1N 1746+ STL/DIT,1755817296,1755817307,1080,0,0
1755798450_Q..N36R,106750_Q..N36R,Q,0,1755798450,1Q 1747+ STL/962,1755816786,1755816796,1004,0,0
1755798510_N..N72R,106850_N..N72R,W,0,1755798510,1W 1748+ WHL/DIT,1755815855,1755815865,872,0,0
1755798540_N..S72R,106900_N..S72R,W,1,1755798540,1W 1749 DIT/WHL,1755815570,1755815580,830,0,0
1755798540_R..S71R,106900_R..S71R,R,1,1755798540,1R 1749 CTL/95S,1755818043,1755818047,1159,0,0
1755798630_N..S16R,107050_N..S16R,N,1,1755798630,1N 1750+ 962/STL,1755817006,1755817011,1009,0,0
1755798630_N..S34R,107050_N..S34R,N,1,1755798630,1N 1750+ DIT/STL,1755817682,1755817687,1099,0,0
1755798690_Q..S36R,107150_Q..S36R,Q,1,1755798690,1Q 1751+ 962/STL,1755816996,1755817006,1000,0,0
1755798810_Q..N36R,107350_Q..N36R,Q,0,1755798810,1Q 1753+ STL/962,1755816946,1755816951,977,0,0
1755798870_N..N33R,107450_N..N33R,N,0,1755798870,1N 1754+ STL/DIT,1755817597,1755817607,1056,0,0
1755798930_R..S71R,107550_R..S71R,R,1,1755798930,1R 1755+ CTL/95S,1755818408,1755818418,1156,0,0
1755798960_R..N93R,107600_R..N93R,R,0,1755798960,1R 1756 95S/CTL,1755818768,1755818778,1200,0,0
1755799050_N..S34R,107750_N..S34R,N,1,1755799050,1N 1757+ DIT/STL,1755818107,1755818118,1100,0,0
1755799050_Q..S36R,107750_Q..S36R,Q,1,1755799050,1Q 1757+ 962/STL,1755818183,1755818193,1110,0,0
1755799080_N..N72R,107800_N..N72R,W,0,1755799080,1W 1758 WHL/DIT,1755816366,1755816376,864,0,0
1755799200_Q..N36R,108000_Q..N36R,Q,0,1755799200,1Q 1800 STL/962,1755817101,1755817111,946,0,0
1755799230_R..S71R,108050_R..S71R,R,1,1755799230,1R 1800+ CTL/95S,1755818948,1755818958,968,0,0
1755799320_N..S72R,108200_N..S72R,W,1,1755799320,1W 1802 DIT/WHL,1755816501,1755816511,850,0,0
1755799350_Q..S36R,108250_Q..S36R,Q,1,1755799350,1Q 1802+ 962/STL,1755818678,1755818688,1136,0,0
1755799410_N..N33R,108350_N..N33R,N,0,1755799410,1N 1803+ STL/DIT,1755818168,1755818178,1060,0,0
1755799410_R..N93R,108350_R..N93R,R,0,1755799410,1R 1803+ 95S/CTL,1755818948,1755818958,1164,0,0
1755799560_N..S34R,108600_N..S34R,N,1,1755799560,1N 1806 DIT/STL,1755818588,1755818598,1096,0,0
1755799560_Q..N36R,108600_Q..N36R,Q,0,1755799560,1Q 1806 STL/962,1755817867,1755817877,1000,0,0
1755799770_Q..S36R,108950_Q..S36R,Q,1,1755799770,1Q 1809+ 962/STL,1755818513,1755818523,1059,0,0
1755799830_N..S72R,109050_N..S72R,W,1,1755799830,1W 1810+ DIT/WHL,1755817056,1755817066,857,0,0
1755799920_Q..N36R,109200_Q..N36R,Q,0,1755799920,1Q 1812 STL/962,1755818153,1755818163,991,0,0
1755799920_R..S71R,109200_R..S71R,R,1,1755799920,1R 1812 CTL/95S,1755819394,1755819399,1156,0,0
1755799950_R..N93R,109250_R..N93R,R,0,1755799950,1R 1812+ 95S/CTL,1755819549,1755819559,1173,0,0
1755800010_N..N33R,109350_N..N33R,N,0,1755800010,1N 1813+ STL/DIT,1755818948,1755818958,1085,0,0
1755800040_Q..S36R,109400_Q..S36R,Q,1,1755800040,1Q 1814 962/STL,1755819114,1755819123,1103,0,0
1755800070_N..N72R,109450_N..N72R,W,0,1755800070,1W 1814+ WHL/DIT,1755817021,1755817026,745,0,0
1755800100_N..S34R,109500_N..S34R,N,1,1755800100,1N 1815 DIT/STL,1755819264,1755819274,1115,0,0
1755800280_Q..N36R,109800_Q..N36R,Q,0,1755800280,1Q 1818 STL/962,1755818363,1755818373,971,0,0
1755800340_R..S71R,109900_R..S71R,R,1,1755800340,1R 1819 CTL/95S,1755819925,1755819934,1171,0,0
1755800400_N..S72R,110000_N..S72R,W,1,1755800400,1W 1820 DIT/WHL,1755817367,1755817372,822,0,0
1755800430_R..N93R,110050_R..N93R,R,0,1755800430,1R 1820+ 95S/CTL,1755820330,1755820340,1213,0,0
1755800460_Q..S36R,110100_Q..S36R,Q,1,1755800460,1Q 1821 962/STL,1755819714,1755819724,1127,0,0
1755800520_N..N33R,110200_N..N33R,N,0,1755800520,1N 1822 STL/DIT,1755819324,1755819334,1067,0,0
1755800580_N..S34R,110300_N..S34R,N,1,1755800580,1N 1823 DIT/STL,1755819384,1755819394,1067,0,0
1755800670_Q..N36R,110450_Q..N36R,Q,0,1755800670,1Q 1824+ STL/962,1755818798,1755818808,977,0,0
1755800760_N..N31R,110600_N..N31R,N,0,1755800760,1N 1826 STL/DIT,1755820069,1755820074,1134,0,0
1755800760_R..N93R,110600_R..N93R,R,0,1755800760,1R 1826 95S/CTL,1755820915,1755820926,1247,0,0
1755800850_Q..S36R,110750_Q..S36R,Q,1,1755800850,1Q 1827+ 962/STL,1755819774,1755819784,1083,0,0
1755800910_R..S71R,110850_R..S71R,R,1,1755800910,1R 1828+ CTL/95S,1755820495,1755820506,1171,0,0
1755800940_N..S34R,110900_N..S34R,N,1,1755800940,1N 1829 DIT/STL,1755819925,1755819934,1091,0,0
1755800940_Q..N36R,110900_Q..N36R,Q,0,1755800940,1Q 1829 STL/962,1755819234,1755819244,999,0,0
1755801060_N..N72R,111100_N..N72R,W,0,1755801060,1W 1831 WHL/DIT,1755817867,1755817877,801,0,0
1755801150_N..S72R,111250_N..S72R,W,1,1755801150,1W 1832+ DIT/WHL,1755818198,1755818207,833,0,0
1755801240_R..N93R,111400_R..N93R,R,0,1755801240,1R 1834 95S/CTL,1755821516,1755821527,1263,0,0
1755801270_Q..S36R,111450_Q..S36R,Q,1,1755801270,1Q 1834+ 962/STL,1755820054,1755820059,1064,0,0
1755801360_N..S34R,111600_N..S34R,N,1,1755801360,1N 1836 DIT/STL,1755820495,1755820506,1111,0,0
1755801420_Q..N36R,111700_Q..N36R,Q,0,1755801420,1Q 1837 STL/962,1755819769,1755819774,1006,0,0
1755801480_R..S71R,111800_R..S71R,R,1,1755801480,1R 1838 CTL/95S,1755820990,1755821001,1161,0,0
1755801570_N..N31R,111950_N..N31R,N,0,1755801570,1N 1839+ STL/DIT,1755821151,1755821156,1170,0,0
1755801570_N..S72R,111950_N..S72R,W,1,1755801570,1W 1839+ DIT/WHL,1755818588,1755818598,829,0,0
1755801600_N..N72R,112000_N..N72R,W,0,1755801600,1W 1840 WHL/DIT,1755818643,1755818648,832,0,0
1755801690_Q..S36R,112150_Q..S36R,Q,1,1755801690,1Q 1841+ 962/STL,1755820234,1755820240,1032,0,0
1755801750_Q..N36R,112250_Q..N36R,Q,0,1755801750,1Q 1842+ STL/962,1755819934,1755819939,984,0,0
1755801810_N..S34R,112350_N..S34R,N,1,1755801810,1N 1843+ DIT/STL,1755820915,1755820926,1107,0,0
1755801930_R..N93R,112550_R..N93R,R,0,1755801930,1R 1845+ 95S/CTL,1755822237,1755822248,1267,0,0
1755802110_N..S72R,112850_N..S72R,W,1,1755802110,1W 1848+ DIT/WHL,1755819129,1755819138,829,0,0
1755802110_Q..S36R,112850_Q..S36R,Q,1,1755802110,1Q 1848+ 962/STL,1755820810,1755820821,1053,0,0
1755802140_R..S71R,112900_R..S71R,R,1,1755802140,1R 1849 CTL/95S,1755821771,1755821782,1177,0,0
1755802170_Q..N36R,112950_Q..N36R,Q,0,1755802170,1Q 1849+ STL/962,1755820315,1755820325,979,0,0
1755802260_N..N72R,113100_N..N72R,W,0,1755802260,1W 1851 WHL/DIT,1755819083,1755819093,803,0,0
1755802410_N..N31R,113350_N..N31R,N,0,1755802410,1N 1853+ STL/DIT,1755821711,1755821722,1133,0,0
1755802410_N..S34R,113350_N..S34R,N,1,1755802410,1N 1853+ DIT/STL,1755821257,1755821261,1072,0,0
1755802410_R..S71R,113350_R..S71R,R,1,1755802410,1R 1853+ CTL/95S,1755821917,1755821921,1160,0,0
1755802590_Q..S36R,113650_Q..S36R,Q,1,1755802590,1Q 1856+ 962/STL,1755821076,1755821080,1024,0,0
1755802620_R..N93R,113700_R..N93R,R,0,1755802620,1R 1857 95S/CTL,1755823017,1755823028,1279,0,0
1755802680_Q..N36R,113800_Q..N36R,Q,0,1755802680,1Q 1858 STL/962,1755820750,1755820760,969,0,0
1755802710_N..S72R,113850_N..S72R,W,1,1755802710,1W 1858+ DIT/WHL,1755819634,1755819639,816,0,0
1755802800_N..N72R,114000_N..N72R,W,0,1755802800,1W 1900 WHL/DIT,1755819564,1755819574,795,0,0
1755802890_Q..S36R,114150_Q..S36R,Q,1,1755802890,1Q 1901+ 962/STL,1755821621,1755821632,1057,0,0
1755802950_N..S34R,114250_N..S34R,N,1,1755802950,1N 1902+ DIT/STL,1755821617,1755821621,1048,0,0
1755802980_R..S71R,114300_R..S71R,R,1,1755802980,1R 1903 CTL/95S,1755822477,1755822488,1159,0,0
1755803040_R..N93R,114400_R..N93R,R,0,1755803040,1R 1904 95S/CTL,1755823404,1755823408,1274,0,0
1755803100_Q..N36R,114500_Q..N36R,Q,0,1755803100,1Q 1905 STL/962,1755821317,1755821321,988,0,0
1755803130_N..N31R,114550_N..N31R,N,0,1755803130,1N 1905+ STL/DIT,1755822443,1755822447,1134,0,0
1755803340_N..S34R,114900_N..S34R,N,1,1755803340,1N 1909 DIT/STL,1755822322,1755822327,1090,0,0
1755803370_Q..S36R,114950_Q..S36R,Q,1,1755803370,1Q 1909+ 962/STL,1755821876,1755821887,1027,0,0
1755803400_N..N72R,115000_N..N72R,W,0,1755803400,1W 1910 WHL/DIT,1755820355,1755820360,820,0,0
1755803460_R..S71R,115100_R..S71R,R,1,1755803460,1R 1911 CTL/95S,1755822938,1755822942,1156,0,0
1755803490_N..S72R,115150_N..S72R,W,1,1755803490,1W 1911+ DIT/WHL,1755820765,1755820776,863,0,0
1755803520_R..N93R,115200_R..N93R,R,0,1755803520,1R 1912 95S/CTL,1755824064,1755824069,1291,0,0
1755803670_Q..N36R,115450_Q..N36R,Q,0,1755803670,1Q 1914+ STL/962,1755822102,1755822112,528,1,1
1755803760_N..N31R,115600_N..N31R,N,0,1755803760,1N 1916 STL/DIT,1755823224,1755823228,1154,0,0
1755803790_Q..S36R,115650_Q..S36R,Q,1,1755803790,1Q 1916+ 962/STL,1755822218,1755822222,1016,0,0
1755803850_N..S34R,115750_N..S34R,N,1,1755803850,1N 1917+ DIT/STL,1755822792,1755822803,1085,0,0
1755803880_N..N72R,115800_N..N72R,W,0,1755803880,1W 1918 WHL/DIT,1755820930,1755820941,833,0,0
1755803970_N..S72R,115950_N..S72R,W,1,1755803970,1W 1919+ DIT/WHL,1755821257,1755821261,863,0,0
1755803970_R..S71R,115950_R..S71R,R,1,1755803970,1R 1919+ CTL/95S,1755823573,1755823588,1171,0,0
1755804150_Q..S36R,116250_Q..S36R,Q,1,1755804150,1Q 1922+ 962/STL,1755822623,1755822627,1022,0,0
1755804150_R..N93R,116250_R..N93R,R,0,1755804150,1R 1922+ 95S/CTL,1755824549,1755824560,1273,0,0
1755804270_Q..N36R,116450_Q..N36R,Q,0,1755804270,1Q 1924+ STL/962,1755822578,1755822582,1000,0,0
1755804330_N..S34R,116550_N..S34R,N,1,1755804330,1N 1925+ DIT/STL,1755823183,1755823194,1074,0,0
1755804480_N..N72R,116800_N..N72R,W,0,1755804480,1W 1928 WHL/DIT,1755821276,1755821287,800,0,0
1755804540_R..S71R,116900_R..S71R,R,1,1755804540,1R 1929 CTL/95S,1755824023,1755824034,1150,0,0
1755804570_N..S72R,116950_N..S72R,W,1,1755804570,1W 1929+ DIT/WHL,1755821617,1755821621,833,0,0
1755804630_N..N31R,117050_N..N31R,N,0,1755804630,1N 1930+ STL/DIT,1755824004,1755824008,1136,0,0
1755804630_Q..S36R,117050_Q..S36R,Q,1,1755804630,1Q 1930+ 962/STL,1755823077,1755823088,1019,0,0
1755804720_Q..N36R,117200_Q..N36R,Q,0,1755804720,1Q 1932 STL/962,1755822983,1755822987,994,0,0
1755804900_R..N93R,117500_R..N93R,R,0,1755804900,1R 1935 95S/CTL,1755825165,1755825175,1255,0,0
1755804930_N..S34R,117550_N..S34R,N,1,1755804930,1N 1935+ DIT/STL,1755823708,1755823723,1058,0,0
1755805050_Q..S36R,117750_Q..S36R,Q,1,1755805050,1Q 1937+ 962/STL,1755823528,1755823543,1023,0,0
1755805080_Q..N36R,117800_Q..N36R,Q,0,1755805080,1Q 1938 STL/962,1755823243,1755823253,982,0,0
1755805110_N..N72R,117850_N..N72R,W,0,1755805110,1W 1938+ WHL/DIT,1755822012,1755822022,814,0,0
1755805140_N..S72R,117900_N..S72R,W,1,1755805140,1W 1939 DIT/WHL,1755822102,1755822112,822,0,0
1755805140_R..S71R,117900_R..S71R,R,1,1755805140,1R 1939 CTL/95S,1755824579,1755824590,1146,0,0
1755805290_N..N31R,118150_N..N31R,N,0,1755805290,1N 1941+ STL/DIT,1755824849,1755824860,1162,0,0
1755805320_Q..N,118200_Q..N,Q,0,1755805320,EQ 1942 STL/962,1755823798,1755823809,583,0,0
1755805320_R..N93R,118200_R..N93R,R,0,1755805320,1R 1942 95S/CTL,1755825345,1755825355,1224,0,0
1755805410_N..S34R,118350_N..S34R,N,1,1755805410,1N 1943+ DIT/STL,1755824260,1755824264,1066,0,0
1755805440_Q..S36R,118400_Q..S36R,Q,1,1755805440,1Q 1944 962/STL,1755823978,1755823989,1025,0,0
1755805560_Q..N36R,118600_Q..N36R,Q,0,1755805560,1Q 1946 STL/962,1755824129,1755824139,1029,0,0
1755805710_N..S72R,118850_N..S72R,W,1,1755805710,1W 1948+ DIT/WHL,1755822972,1755822983,862,0,0
1755805770_N..N72R,118950_N..N72R,W,0,1755805770,1W 1949+ WHL/DIT,1755822597,1755822608,804,0,0
1755805830_Q..S36R,119050_Q..S36R,Q,1,1755805830,1Q 1950+ 962/STL,1755824639,1755824650,1062,0,0
1755805830_R..N93R,119050_R..N93R,R,0,1755805830,1R 1950+ 95S/CTL,1755826285,1755826291,1273,0,0
1755805890_N..N31R,119150_N..N31R,N,0,1755805890,1N 1951+ STL/DIT,1755825450,1755825460,1162,0,0
1755805980_Q..N36R,119300_Q..N36R,Q,0,1755805980,1Q 1953 STL/962,1755824174,1755824184,979,0,0
1755806010_N..S34R,119350_N..S34R,N,1,1755806010,1N 1953+ DIT/STL,1755824894,1755824905,1072,0,0
1755806250_N..S72R,119750_N..S72R,W,1,1755806250,1W 1957+ DIT/WHL,1755823258,1755823269,828,0,0
1755806310_Q..S36R,119850_Q..S36R,Q,1,1755806310,1Q 1958+ 962/STL,1755825180,1755825190,1070,0,0
1755806310_R..N93R,119850_R..N93R,R,0,1755806310,1R 1958+ 95S/CTL,1755826441,1755826451,1238,0,0
1755806340_N..N72R,119900_N..N72R,W,0,1755806340,1W 1959 WHL/DIT,1755823523,1755823528,850,0,0
1755806340_R..S71R,119900_R..S71R,R,1,1755806340,1R 1959 CTL/95S,1755826366,1755826375,1224,0,0
1755806370_Q..N36R,119950_Q..N36R,Q,0,1755806370,1Q 1959+ STL/962,1755824605,1755824609,985,0,0
1755806730_N..N31R,120550_N..N31R,N,0,1755806730,1N 2005+ STL/DIT,1755826201,1755826211,1150,0,0
1755806730_Q..S36R,120550_Q..S36R,Q,1,1755806730,1Q 2005+ 962/STL,1755825510,1755825520,1058,0,0
1755806850_N..S72R,120750_N..S72R,W,1,1755806850,1W 2007+ DIT/WHL,1755824219,1755824230,869,0,0
1755806880_R..N93R,120800_R..N93R,R,0,1755806880,1R 2008 95S/CTL,1755826571,1755826576,1179,0,0
1755806940_N..N72R,120900_N..N72R,W,0,1755806940,1W 2009 WHL/DIT,1755823873,1755823884,811,0,0
1755807000_Q..N36R,121000_Q..N36R,Q,0,1755807000,1Q 2010 STL/962,1755825265,1755825270,989,0,0
1755807030_N..S34R,121050_N..S34R,N,1,1755807030,1N 2010+ DIT/STL,1755825945,1755825955,1076,0,0
1755807030_R..S71R,121050_R..S71R,R,1,1755807030,1R 2010+ CTL/95S,1755826586,1755826591,1161,0,0
1755807120_Q..S36R,121200_Q..S36R,Q,1,1755807120,1Q 2012 962/STL,1755825865,1755825870,1053,0,0
1755807240_R..N93R,121400_R..N93R,R,0,1755807240,1R 2014 95S/CTL,1755827417,1755827427,1244,0,0
1755807390_Q..N36R,121650_Q..N36R,Q,0,1755807390,1Q 2016+ STL/962,1755826151,1755826156,1055,0,0
1755807540_N..N72R,121900_N..N72R,W,0,1755807540,1W 2019 WHL/DIT,1755824519,1755824530,818,0,0
1755807540_N..S72R,121900_N..S72R,W,1,1755807540,1W 2019 DIT/WHL,1755824804,1755824815,856,0,0
1755807570_Q..S36R,121950_Q..S36R,Q,1,1755807570,1Q 2019+ 962/STL,1755826226,1755826231,1041,0,0
1755807630_N..N31R,122050_N..N31R,N,0,1755807630,1N 2020+ STL/DIT,1755827051,1755827056,1143,0,0
1755807840_N..S34R,122400_N..S34R,N,1,1755807840,1N 2024 DIT/STL,1755827042,1755827051,1114,0,0
1755807900_Q..N36R,122500_Q..N36R,Q,0,1755807900,1Q 2025 STL/962,1755826141,1755826151,986,0,0
1755807930_R..N93R,122550_R..N93R,R,0,1755807930,1R 2025+ 95S/CTL,1755828138,1755828148,1248,0,0
1755807990_Q..S36R,122650_Q..S36R,Q,1,1755807990,1Q 2026+ 962/STL,1755826751,1755826756,1055,0,0
1755808080_N..S72R,122800_N..S72R,W,1,1755808080,1W 2028 DIT/WHL,1755825120,1755825130,826,0,0
1755808140_R..S71R,122900_R..S71R,R,1,1755808140,1R 2029 CTL/95S,1755827867,1755827877,1184,0,0
1755808230_N..N31R,123050_N..N31R,N,0,1755808230,1N 2030+ STL/DIT,1755827897,1755827907,1176,0,0
1755808410_N..S34R,123350_N..S34R,N,1,1755808410,1N 2033+ DIT/STL,1755827427,1755827432,1089,0,0
1755808410_Q..S36R,123350_Q..S36R,Q,1,1755808410,1Q 2033+ 962/STL,1755826931,1755826936,1023,0,0
1755808470_Q..N36R,123450_Q..N36R,Q,0,1755808470,1Q 2034+ STL/962,1755826546,1755826556,964,0,0
1755808470_R..N93R,123450_R..N93R,R,0,1755808470,1R 2034+ 95S/CTL,1755828358,1755828364,1205,0,0
1755808590_N..N72R,123650_N..N72R,W,0,1755808590,1W 2036+ WHL/DIT,1755825565,1755825570,784,0,0
1755808740_R..S71R,123900_R..S71R,R,1,1755808740,1R 2039 CTL/95S,1755828648,1755828658,1208,0,0
1755808800_R..N78R,124000_R..N78R,R,0,1755808800,1R 2040 95S/QPL,1755827507,1755827517,1048,0,0
1755808830_N..N31R,124050_N..N31R,N,0,1755808830,1N 2040+ STL/DIT,1755828078,1755828087,1120,0,0
1755808830_Q..N36R,124050_Q..N36R,Q,0,1755808830,1Q 2040+ STL/962,1755827147,1755827156,996,0,0
1755808830_Q..S36R,124050_Q..S36R,Q,1,1755808830,1Q 2040+ 962/STL,1755827447,1755827457,1036,0,0
1755809010_N..S34R,124350_N..S34R,N,1,1755809010,1N 2043+ DIT/STL,1755827997,1755828003,1085,0,0
1755809190_N..S72R,124650_N..S72R,W,1,1755809190,1W 2046+ DIT/WHL,1755826291,1755826301,834,0,0
1755809280_Q..S37R,124800_Q..S37R,Q,1,1755809280,1Q 2048 962/STL,1755828192,1755828198,1075,1,0
1755809340_N..N72R,124900_N..N72R,W,0,1755809340,1W 2049 WHL/DIT,1755826426,1755826436,832,0,0
1755809340_R..S71R,124900_R..S71R,R,1,1755809340,1R 2049 CTL/95S,1755828648,1755828658,1128,0,0
1755809400_R..N78R,125000_R..N78R,R,0,1755809400,1R 2050 95S/QPL,1755828093,1755828102,1035,0,0
1755809430_Q..N36R,125050_Q..N36R,Q,0,1755809430,1Q 2050+ STL/962,1755827577,1755827583,973,0,0
1755809670_N..N31R,125450_N..N31R,N,0,1755809670,1N 2054+ STL/DIT,1755828798,1755828808,1104,0,0
1755809730_Q..S36R,125550_Q..S36R,Q,1,1755809730,1Q 2055+ 962/STL,1755828258,1755828268,1024,0,0
1755809760_N..S72R,125600_N..S72R,W,1,1755809760,1W 2056 DIT/WHL,1755826571,1755826576,795,0,0
1755809880_R..N78R,125800_R..N78R,R,0,1755809880,1R 2058 95S/QPL,1755828288,1755828298,1008,0,0
1755809910_Q..N36R,125850_Q..N36R,Q,0,1755809910,1Q 2058+ STL/962,1755828118,1755828123,981,0,0
1755809940_N..N72R,125900_N..N72R,W,0,1755809940,1W 2059 WHL/DIT,1755826891,1755826901,814,0,0
1755809940_N..S34R,125900_N..S34R,N,1,1755809940,1N 2059 DIT/STL,1755829009,1755829018,1096,0,0
1755809940_R..S71R,125900_R..S71R,R,1,1755809940,1R 2059 CTL/95S,1755829369,1755829379,1144,0,0
1755810120_Q..S36R,126200_Q..S36R,Q,1,1755810120,1Q 2102 962/STL,1755828678,1755828688,1028,0,0
1755810300_N..N31R,126500_N..N31R,N,0,1755810300,1N 2105 STL/DIT,1755829699,1755829709,1140,0,0
1755810390_N..S72R,126650_N..S72R,W,1,1755810390,1W 2106+ DIT/WHL,1755827027,1755827036,772,0,0
1755810510_Q..N36R,126850_Q..N36R,Q,0,1755810510,1Q 2108+ STL/962,1755828933,1755828943,1010,0,0
1755810540_N..N72R,126900_N..N72R,W,0,1755810540,1W 2109 WHL/DIT,1755827312,1755827321,790,0,0
1755810540_R..S71R,126900_R..S71R,R,1,1755810540,1R 2109 CTL/95S,1755830120,1755830129,1164,0,0
1755810630_Q..S36R,127050_Q..S36R,Q,1,1755810630,1Q 2110+ 962/STL,1755829078,1755829084,1013,0,0
1755810660_R..N78R,127100_R..N78R,R,0,1755810660,1R 2111 95S/QPL,1755828958,1755828964,993,0,0
1755810810_N..S34R,127350_N..S34R,N,1,1755810810,1N 2113+ DIT/STL,1755829354,1755829363,1026,0,0
1755810870_Q..N36R,127450_Q..N36R,Q,0,1755810870,1Q 2114+ STL/962,1755829078,1755829084,981,0,0
1755810990_N..S72R,127650_N..S72R,W,1,1755810990,1W 2116+ DIT/WHL,1755829078,1755829084,965,0,0
1755811020_N..N31R,127700_N..N31R,N,0,1755811020,1N 2117 STL/DIT,1755830300,1755830310,1124,0,0
1755811110_Q..S36R,127850_Q..S36R,Q,1,1755811110,1Q 2118+ 962/STL,1755829534,1755829544,1010,0,0
1755811140_R..S71R,127900_R..S71R,R,1,1755811140,1R 2119 CTL/95S,1755830805,1755830810,1175,0,0
1755811230_N..N72R,128050_N..N72R,W,0,1755811230,1W 2120+ WHL/DIT,1755828273,1755828282,826,0,0
1755811410_N..S34R,128350_N..S34R,N,1,1755811410,1N 2123+ DIT/STL,1755829939,1755829949,1024,0,0
1755811500_Q..N36R,128500_Q..N36R,Q,0,1755811500,1Q 2125 STL/962,1755829574,1755829579,963,0,0
1755811590_N..S72R,128650_N..S72R,W,1,1755811590,1W 2126+ DIT/WHL,1755829234,1755829243,906,0,0
1755811590_Q..S36R,128650_Q..S36R,Q,1,1755811590,1Q 2126+ 962/STL,1755830105,1755830114,1022,0,0
1755811740_N..N31R,128900_N..N31R,N,0,1755811740,1N 2129 STL/DIT,1755831165,1755831171,1143,0,0
1755811740_R..S71R,128900_R..S71R,R,1,1755811740,1R 2129 CTL/95S,1755831361,1755831366,1169,0,0
1755811800_R..N78R,129000_R..N78R,R,0,1755811800,1R 2130 95S/QPL,1755829874,1755829879,601,0,0
1755811950_N..N72R,129250_N..N72R,W,0,1755811950,1W 2132+ WHL/DIT,1755828949,1755828958,820,0,0
1755812070_Q..S36R,129450_Q..S36R,Q,1,1755812070,1Q 2134+ 962/STL,1755830660,1755830670,1032,0,0
1755812100_Q..N36R,129500_Q..N36R,Q,0,1755812100,1Q 2135 STL/962,1755829934,1755829939,931,0,0
1755812160_N..S42R,129600_N..S42R,N,1,1755812160,1N 2136 DIT/STL,1755831921,1755831931,1188,1,0
1755812310_R..S71R,129850_R..S71R,R,1,1755812310,1R 2138+ CTL/95S,1755832102,1755832111,1192,0,0
1755812490_N..N31R,130150_N..N31R,N,0,1755812490,1N 2141+ STL/DIT,1755831621,1755831631,1104,0,0
1755812490_Q..S36R,130150_Q..S36R,Q,1,1755812490,1Q 2141+ 962/STL,1755831060,1755831066,1029,0,0
1755812610_N..N72R,130350_N..N72R,W,0,1755812610,1W 2143+ WHL/DIT,1755829574,1755829579,815,0,0
1755812700_Q..N36R,130500_Q..N36R,Q,0,1755812700,1Q 2145 STL/962,1755830825,1755830835,971,0,0
1755812940_R..N78R,130900_R..N78R,R,0,1755812940,1R 2149 95S/QPL,1755831661,1755831666,849,0,0
1755812940_R..S71R,130900_R..S71R,R,1,1755812940,1R 2149 CTL/95S,1755833032,1755833042,1239,0,0
1755812970_N..S42R,130950_N..S42R,N,1,1755812970,1N 2149+ DIT/STL,1755831921,1755831931,1087,0,0
1755813060_Q..S36R,131100_Q..S36R,Q,1,1755813060,1Q 2151 962/STL,1755831876,1755831886,1069,0,0
1755813150_N..N72R,131250_N..N72R,W,0,1755813150,1W 2152+ WHL/DIT,1755830174,1755830180,830,0,0
1755813270_N..N31R,131450_N..N31R,N,0,1755813270,1N 2154+ STL/DIT,1755832307,1755832312,1098,0,0
1755813300_Q..N36R,131500_Q..N36R,Q,0,1755813300,1Q 2155 STL/962,1755831246,1755831255,953,0,0
1755813510_Q..S36R,131850_Q..S36R,Q,1,1755813510,1Q 2158+ 962/STL,1755831996,1755832006,1025,0,0
1755813510_R..S71R,131850_R..S71R,R,1,1755813510,1R 2158+ CTL/95S,1755834949,1755834954,1418,0,0
1755813750_N..N72R,132250_N..N72R,W,0,1755813750,1W 2202+ WHL/DIT,1755830985,1755830990,857,0,0
1755813780_N..S42R,132300_N..S42R,N,1,1755813780,1N 2203 DIT/STL,1755832562,1755832567,1063,0,0
1755813780_R..N78R,132300_R..N78R,R,0,1755813780,1R 2203 95S/QPL,1755832117,1755832126,1004,0,0
1755813900_Q..N36R,132500_Q..N36R,Q,0,1755813900,1Q 2205 STL/962,1755832087,1755832096,984,0,0
1755813930_N..N31R,132550_N..N31R,N,0,1755813930,1N 2205+ STL/DIT,1755833393,1755833403,1154,0,0
1755814170_Q..S36R,132950_Q..S36R,Q,1,1755814170,1Q 2209+ 962/STL,1755832387,1755832397,988,0,0
1755814170_R..S71R,132950_R..S71R,R,1,1755814170,1R 2209+ CTL/95S,1755834949,1755834954,1329,0,0
1755814380_N..N23R,133300_N..N23R,N,0,1755814380,1N 2213 STL/DIT,1755833933,1755833943,1167,0,0
1755814380_N..S42R,133300_N..S42R,N,1,1755814380,1N 2213 DIT/STL,1755833027,1755833032,1046,0,0
1755814380_Q..N36R,133300_Q..N36R,Q,0,1755814380,1Q 2213 STL/962,1755832387,1755832397,961,0,0
1755814440_N..N72R,133400_N..N72R,W,0,1755814440,1W 2214 WHL/DIT,1755831921,1755831931,891,0,0
1755814770_Q..S36R,133950_Q..S36R,Q,1,1755814770,1Q 2219+ 962/STL,1755833813,1755833823,1099,0,0
1755814860_Q..N36R,134100_Q..N36R,Q,0,1755814860,1Q 2221 STL/962,1755832972,1755832982,975,0,0
1755814890_R..S71R,134150_R..S71R,R,1,1755814890,1R 2221+ CTL/95S,1755834949,1755834954,1234,0,0
1755814980_R..N78R,134300_R..N78R,R,0,1755814980,1R 2223 95S/QPL,1755833183,1755833192,987,0,0
1755815040_N..S42R,134400_N..S42R,N,1,1755815040,1N 2224 DIT/STL,1755834454,1755834459,1148,0,0
1755815370_Q..S36R,134950_Q..S36R,Q,1,1755815370,1Q 2229+ 962/STL,1755834169,1755834174,1066,0,0
1755815430_N..N20R,135050_N..N20R,N,0,1755815430,1N 2230+ STL/DIT,1755835135,1755835144,1187,0,0
1755815670_R..S71R,135450_R..S71R,R,1,1755815670,1R 2234+ CTL/95S,1755835054,1755835060,1144,0,0
1755815700_N..S42R,135500_N..S42R,N,1,1755815700,1N 2235 DIT/STL,1755834694,1755834699,1092,0,0
1755815820_Q..N36R,135700_Q..N36R,Q,0,1755815820,1Q 2237 STL/962,1755833813,1755833823,959,0,0
1755815970_Q..S36R,135950_Q..S36R,Q,1,1755815970,1Q 2239+ 962/STL,1755834474,1755834484,1027,0,0
1755816150_N..N20R,136250_N..N20R,N,0,1755816150,1N 2242+ STL/DIT,1755837360,1755837371,1143,0,0
1755816180_R..N78R,136300_R..N78R,R,0,1755816180,1R 2243 95S/QPL,1755834834,1755834844,1047,0,0
1755816420_N..S42R,136700_N..S42R,N,1,1755816420,1N 2247 DIT/STL,1755837060,1755837070,1067,0,0
1755816600_Q..N36R,137000_Q..N36R,Q,0,1755816600,1Q 2250 STL/962,1755834549,1755834559,953,0,0
1755816630_Q..S36R,137050_Q..S36R,Q,1,1755816630,1Q 2250+ 962/STL,1755837375,1755837386,1081,0,0
1755816960_N..N20R,137600_N..N20R,N,0,1755816960,1N 2256 STL/DIT,1755837405,1755837416,1041,0,0
1755817020_R..N78R,137700_R..N78R,R,0,1755817020,1R 2257 95S/QPL,1755842227,1755842231,1499,0,0
1755817140_N..S20R,137900_N..S20R,N,1,1755817140,1N 2259 DIT/STL,1755842347,1755842351,1499,0,0
1755817230_Q..S36R,138050_Q..S36R,Q,1,1755817230,1Q 2300+ 962/STL,1755837390,1755837401,1003,0,0
1755817320_Q..N39R,138200_Q..N39R,Q,0,1755817320,1Q 2302 STL/962,1755837416,1755837420,990,0,0
1755817530_R..N31R,138550_R..N31R,R,0,1755817530,1R 2305+ 95S/PAC,1755833748,1755833753,722,0,0
1755817860_N..S20R,139100_N..S20R,N,1,1755817860,1N 2311 DIT/STL,1755838684,1755838695,1003,0,0
1755817890_Q..S36R,139150_Q..S36R,Q,1,1755817890,1Q 2311+ 962/STL,1755837405,1755837416,917,0,0
1755817980_N..N23R,139300_N..N23R,N,0,1755817980,1N 2313 STL/DIT,1755837390,1755837401,903,0,0
1755818040_Q..N39R,139400_Q..N39R,Q,0,1755818040,1Q 2314 STL/962,1755837420,1755837431,899,0,0
1755818580_N..S23R,140300_N..S23R,N,1,1755818580,1N 2323 DIT/STL,1755838680,1755838684,906,0,0
1755818730_Q..S39R,140550_Q..S39R,Q,1,1755818730,1Q 2325+ 962/STL,1755837416,1755837420,806,0,0
1755818760_Q..N39R,140600_Q..N39R,Q,0,1755818760,1Q 2326 STL/962,1755837405,1755837416,801,0,0
1755818760_R..N31R,140600_R..N31R,R,0,1755818760,1R 2326 95S/PAC,1755835114,1755835120,740,0,0
1755818880_N..N23R,140800_N..N23R,N,0,1755818880,1N 2328 STL/DIT,1755840444,1755840455,1014,0,0
1755819210_Q..S39R,141350_Q..S39R,Q,1,1755819210,1Q 2333+ 962/STL,1755838684,1755838695,823,0,0
1755819330_N..S23R,141550_N..S23R,N,1,1755819330,1N 2335+ DIT/STL,1755840024,1755840035,898,0,0
1755819660_Q..N39R,142100_Q..N39R,Q,0,1755819660,1Q 2341 STL/962,1755838804,1755838815,779,0,0
1755819780_N..N23R,142300_N..N23R,N,0,1755819780,1N 2343 STL/DIT,1755840504,1755840515,903,0,0
1755819840_R..N31R,142400_R..N31R,R,0,1755819840,1R 2344 95S/PAC,1755838669,1755838680,737,0,0
1755819930_Q..S39R,142550_Q..S39R,Q,1,1755819930,1Q 2345+ 962/STL,1755838680,1755838684,727,0,0
1755820230_R..S31X002,143050_R..S31X002,R,1,1755820230,1R 2350+ PAC/95S,1755837104,1755837116,566,0,0
1755820440_N..S23R,143400_N..S23R,N,1,1755820440,1N 2354 DIT/STL,1755840925,1755840936,871,0,0
1755820740_Q..S39R,143900_Q..S39R,Q,1,1755820740,1Q 2359 962/STL,1755840249,1755840260,741,0,0
1755820860_Q..N39R,000100_Q..N39R,Q,0,1755820860,1Q 0001 STL/962,1755840189,1755840200,683,0,0
1755820980_N..N23R,000300_N..N23R,N,0,1755820980,1N 0003 STL/DIT,1755841495,1755841506,868,0,0
1755821160_R..N31R,000600_R..N31R,R,0,1755821160,1R 0006 95S/PAC,1755838504,1755838515,532,0,0
1755821430_N..S23R,001050_N..S23R,N,1,1755821430,1N 0010+ DIT/STL,1755841525,1755841536,772,3,3
1755821580_Q..S39R,001300_Q..S39R,Q,1,1755821580,1Q 0013 962/STL,1755840260,1755840264,615,0,0
1755822060_Q..N39R,002100_Q..N39R,Q,0,1755822060,1Q 0021 STL/962,1755840099,1755840110,533,0,0
1755822180_N..N23R,002300_N..N23R,N,0,1755822180,1N 0023 STL/DIT,1755841506,1755841510,716,0,0
1755822360_R..N31R,002600_R..N31R,R,0,1755822360,1R 0026 95S/PAC,1755840204,1755840215,515,0,0
1755822480_Q..S39R,002800_Q..S39R,Q,1,1755822480,1Q 0028 962/STL,1755841796,1755841806,711,0,0
1755822600_R..S31X002,003000_R..S31X002,R,1,1755822600,1R 0030 PAC/95S,1755840080,1755840084,452,0,0
1755822630_N..S23R,003050_N..S23R,N,1,1755822630,1N 0030+ DIT/STL,1755842246,1755842257,755,0,0
1755823260_Q..N39R,004100_Q..N39R,Q,0,1755823260,1Q 0041 STL/962,1755841660,1755841671,548,0,0
1755823380_N..N23R,004300_N..N23R,N,0,1755823380,1N 0043 STL/DIT,1755842827,1755842832,650,0,0
1755823500_Q..S39R,004500_Q..S39R,Q,1,1755823500,1Q 0045 962/STL,1755842186,1755842197,627,0,0
1755823800_R..S31X002,005000_R..S31X002,R,1,1755823800,1R 0050 PAC/95S,1755840835,1755840846,375,0,0
1755823830_N..S23R,005050_N..S23R,N,1,1755823830,1N 0050+ DIT/STL,1755843012,1755843023,693,0,0
1755824460_Q..N39R,006100_Q..N39R,Q,0,1755824460,1Q 0101 STL/962,1755843462,1755843473,675,0,0
1755824580_N..N23R,006300_N..N23R,N,0,1755824580,1N 0103 STL/DIT,1755844018,1755844033,743,0,0
1755824700_Q..S39R,006500_Q..S39R,Q,1,1755824700,1Q 0105 962/STL,1755844859,1755844870,838,0,0
1755824760_R..N31R,006600_R..N31R,R,0,1755824760,1R 0106 95S/PAC,1755840534,1755840545,291,0,0
1755825030_N..S23R,007050_N..S23R,N,1,1755825030,1N 0110+ DIT/STL,1755844408,1755844419,788,0,0
1755825600_R..S31X002,008000_R..S31X002,R,1,1755825600,1R 0120 PAC/95S,1755841987,1755841991,249,0,0
1755825660_Q..N39R,008100_Q..N39R,Q,0,1755825660,1Q 0121 STL/962,1755844543,1755844554,796,0,0
1755825780_N..N23R,008300_N..N23R,N,0,1755825780,1N 0123 STL/DIT,1755845129,1755845140,884,0,0
1755825900_Q..S39R,008500_Q..S39R,Q,1,1755825900,1Q 0125 962/STL,1755844829,1755844840,838,0,0
1755825960_R..N31R,008600_R..N31R,R,0,1755825960,1R 0126 95S/PAC,1755841495,1755841506,419,0,0
1755826230_N..S23R,009050_N..S23R,N,1,1755826230,1N 0130+ DIT/STL,1755845215,1755845219,895,0,0
1755826860_Q..N39R,010100_Q..N39R,Q,0,1755826860,1Q 0141 STL/962,1755845640,1755845650,859,0,0
1755826980_N..N23R,010300_N..N23R,N,0,1755826980,1N 0143 STL/DIT,1755846702,1755846706,1003,0,0
1755827100_Q..S39R,010500_Q..S39R,Q,1,1755827100,1Q 0145 962/STL,1755845925,1755845936,890,0,0
1755827160_R..N31R,010600_R..N31R,R,0,1755827160,1R 0146 95S/PAC,1755842888,1755842892,514,0,0
1755827400_R..S31X002,011000_R..S31X002,R,1,1755827400,1R 0150 PAC/95S,1755842907,1755842918,517,0,0
1755827430_N..S23R,011050_N..S23R,N,1,1755827430,1N 0150+ DIT/STL,1755846822,1755846826,1019,0,0
1755828060_Q..N39R,012100_Q..N39R,Q,0,1755828060,1Q 0201 STL/962,1755846571,1755846582,918,0,0
1755828180_N..N23R,012300_N..N23R,N,0,1755828180,1N 0203 STL/DIT,1755848057,1755848068,1104,0,0
1755828300_Q..S39R,012500_Q..S39R,Q,1,1755828300,1Q 0205 962/STL,1755846901,1755846912,930,0,0
1755828360_R..N31R,012600_R..N31R,R,0,1755828360,1R 0206 95S/PAC,1755843954,1755843958,545,0,0
1755828600_R..S31X002,013000_R..S31X002,R,1,1755828600,1R 0210 PAC/95S,1755844964,1755844975,651,0,0
1755828630_N..S23R,013050_N..S23R,N,1,1755828630,1N 0210+ DIT/STL,1755847517,1755847528,995,0,0
1755829260_Q..N39R,014100_Q..N39R,Q,0,1755829260,1Q 0221 STL/962,1755847442,1755847453,965,0,0
1755829380_N..N23R,014300_N..N23R,N,0,1755829380,1N 0223 STL/DIT,1755848343,1755848353,1066,0,0
1755829500_Q..S39R,014500_Q..S39R,Q,1,1755829500,1Q 0225 962/STL,1755848493,1755848504,1073,0,0
1755829560_R..N31R,014600_R..N31R,R,0,1755829560,1R 0226 95S/PAC,1755845279,1755845290,637,0,0
1755829800_R..S31X002,015000_R..S31X002,R,1,1755829800,1R 0230 PAC/95S,1755845504,1755845515,635,0,0
1755829830_N..S23R,015050_N..S23R,N,1,1755829830,1N 0230+ DIT/STL,1755849769,1755849780,1209,0,0
1755830460_Q..N39R,016100_Q..N39R,Q,0,1755830460,1Q 0241 STL/962,1755848763,1755848778,977,0,0
1755830580_N..N23R,016300_N..N23R,N,0,1755830580,1N 0243 STL/DIT,1755849499,1755849510,1051,0,0
1755830700_Q..S39R,016500_Q..S39R,Q,1,1755830700,1Q 0245 962/STL,1755849570,1755849574,1044,0,0
1755830760_R..N31R,016600_R..N31R,R,0,1755830760,1R 0246 95S/PAC,1755846356,1755846360,620,0,0
1755831000_R..S31X002,017000_R..S31X002,R,1,1755831000,1R 0250 PAC/95S,1755846871,1755846882,657,0,0
1755831030_N..S23R,017050_N..S23R,N,1,1755831030,1N 0250+ DIT/STL,1755850685,1755850696,1293,0,0
1755831660_Q..N39R,018100_Q..N39R,Q,0,1755831660,1Q 0301 STL/962,1755850145,1755850155,1065,0,0
1755831780_N..N23R,018300_N..N23R,N,0,1755831780,1N 0303 STL/DIT,1755851226,1755851237,1337,0,0
1755831900_Q..S39R,018500_Q..S39R,Q,1,1755831900,1Q 0305 962/STL,1755850125,1755850129,1027,0,0
1755831960_R..N31R,018600_R..N31R,R,0,1755831960,1R 0306 95S/PAC,1755847817,1755847828,655,0,0
1755832200_R..S31X002,019000_R..S31X002,R,1,1755832200,1R 0310 PAC/95S,1755847863,1755847873,629,0,0
1755832230_N..S23R,019050_N..S23R,N,1,1755832230,1N 0310+ DIT/STL,1755851211,1755851222,1273,0,0
1755832860_Q..N39R,020100_Q..N39R,Q,0,1755832860,1Q 0321 STL/962,1755851045,1755851056,1146,0,0
1755832980_N..N23R,020300_N..N23R,N,0,1755832980,1N 0323 STL/DIT,1755851672,1755851676,1295,0,0
1755833100_Q..S39R,020500_Q..S39R,Q,1,1755833100,1Q 0325 962/STL,1755853193,,1640,0,0
1755833160_R..N31R,020600_R..N31R,R,0,1755833160,1R 0326 95S/PAC,1755850110,1755850114,858,0,0
1755833400_R..S31X002,021000_R..S31X002,R,1,1755833400,1R 0330 PAC/95S,1755849739,1755849750,739,0,0
1755833430_N..S23R,021050_N..S23R,N,1,1755833430,1N 0330+ DIT/STL,1755853163,1755853178,1604,0,0
1755834060_Q..N39R,022100_Q..N39R,Q,0,1755834060,1Q 0341 STL/962,1755852036,1755852047,1266,0,0
1755834180_N..N23R,022300_N..N23R,N,0,1755834180,1N 0343 STL/DIT,1755853193,,1512,0,0
1755834300_Q..S39R,022500_Q..S39R,Q,1,1755834300,1Q 0345 962/STL,1755853193,,1496,0,0
1755834360_R..N31R,022600_R..N31R,R,0,1755834360,1R 0346 95S/PAC,1755850125,1755850129,718,0,0
1755834600_R..S31X002,023000_R..S31X002,R,1,1755834600,1R 0350 PAC/95S,1755851226,1755851237,980,0,0
1755834630_N..S23R,023050_N..S23R,N,1,1755834630,1N 0350+ DIT/STL,1755853193,,1452,0,0
1755748860_SI.N03R,024100_SI.N03R,SI,0,1755748860,1SI 0401 TNV/STG,1755765829,1755765842,593,0,0
1755749160_SI.S03R,024600_SI.S03R,SI,1,1755749160,1SI 0406 STG/TNV,1755766294,1755766307,635,0,0
1755750660_SI.N03R,027100_SI.N03R,SI,0,1755750660,1SI 0431 TNV/STG,1755767811,1755767826,676,0,0
1755750960_SI.S03R,027600_SI.S03R,SI,1,1755750960,1SI 0436 STG/TNV,1755768486,1755768501,615,0,0
1755752460_SI.N03R,030100_SI.N03R,SI,0,1755752460,1SI 0501 TNV/STG,1755769477,1755769492,566,0,0
1755752760_SI.S03R,030600_SI.S03R,SI,1,1755752760,1SI 0506 STG/TNV,1755769883,1755769898,573,0,0
1755753960_SI.N03R,032600_SI.N03R,SI,0,1755753960,1SI 0526 TNV/STG,1755771054,1755771067,626,0,0
1755754260_SI.S03R,033100_SI.S03R,SI,1,1755754260,1SI 0531 STG/TNV,1755771234,1755771248,630,0,0
1755755160_SI.N03R,034600_SI.N03R,SI,0,1755755160,1SI 0546 TNV/STG,1755772300,1755772314,678,0,0
1755756060_SI.S03R,036100_SI.S03R,SI,1,1755756060,1SI 0601 STG/TNV,1755773441,1755773456,652,0,0
1755756240_SI.N03R,036400_SI.N03R,SI,0,1755756240,1SI 0604 TNV/STG,1755773231,1755773246,613,0,0
1755756900_SI.N28R,037500_SI.N28R,SS,0,1755756900,1SS 0615 TNV/STG,1755773652,1755773667,556,0,0
1755757800_SI.N16R,039000_SI.N16R,SI,0,1755757800,1SI 0630 HGS/STG,1755774012,1755774027,517,0,0
1755757800_SI.N28R,039000_SI.N28R,SS,0,1755757800,1SS 0630 TNV/STG,1755774673,1755774688,561,0,0
1755757860_SI.S03R,039100_SI.S03R,SI,1,1755757860,1SI 0631 STG/TNV,1755775333,1755775347,622,0,0
1755758700_SI.N16R,040500_SI.N16R,SI,0,1755758700,1SI 0645 HGS/STG,1755775303,1755775317,562,0,0
1755758700_SI.N28R,040500_SI.N28R,SS,0,1755758700,1SS 0645 TNV/STG,1755775619,1755775632,604,0,0
1755759420_SI.S07R,041700_SI.S07R,SS,1,1755759420,1SS 0657 STG/TNV,1755776024,1755776037,610,0,0
1755759600_SI.N16R,042000_SI.N16R,SI,0,1755759600,1SI 0700 HGS/STG,1755775994,1755776007,584,0,0
1755759600_SI.N28R,042000_SI.N28R,SS,0,1755759600,1SS 0700 TNV/STG,1755776593,1755776595,663,0,0
1755759780_SI.S02R,042300_SI.S02R,SI,1,1755759780,1SI 0703 STG/GKS,1755775979,1755775992,558,0,0
1755760260_SI.N28X001,043100_SI.N28X001,SS,0,1755760260,1SS 0711 TNV/STG,1755777120,1755777134,645,0,0
1755760440_SI.S07R,043400_SI.S07R,SS,1,1755760440,1SS 0714 STG/TNV,1755777434,1755777436,662,0,0
1755760500_SI.N16R,043500_SI.N16R,SI,0,1755760500,1SI 0715 HGS/STG,1755776865,1755776878,579,0,0
1755760680_SI.S02R,043800_SI.S02R,SI,1,1755760680,1SI 0718 STG/GKS,1755776850,1755776863,553,0,0
1755761160_SI.N28X001,044600_SI.N28X001,SS,0,1755761160,1SS 0726 TNV/STG,1755778096,1755778111,611,0,0
1755761460_SI.S07R,045100_SI.S07R,SS,1,1755761460,1SS 0731 STG/TNV,1755778096,1755778111,571,0,0
1755761580_SI.S02R,045300_SI.S02R,SI,1,1755761580,1SI 0733 STG/GKS,1755778126,1755778141,557,0,0
1755761760_SI.N02R,045600_SI.N02R,SI,0,1755761760,1SI 0736 GKS/STG,1755777841,1755777856,514,0,0
1755762060_SI.N28X001,046100_SI.N28X001,SS,0,1755762060,1SS 0741 TNV/STG,1755779102,1755779117,578,0,0
1755762360_SI.S07R,046600_SI.S07R,SS,1,1755762360,1SS 0746 STG/TNV,1755779388,1755779403,577,0,0
1755762480_SI.S02R,046800_SI.S02R,SI,1,1755762480,1SI 0748 STG/GKS,1755779117,1755779132,551,0,0
1755762660_SI.N02R,047100_SI.N02R,SI,0,1755762660,1SI 0751 GKS/STG,1755779087,1755779102,536,0,0
1755762960_SI.N28X001,047600_SI.N28X001,SS,0,1755762960,1SS 0756 TNV/STG,1755780589,1755780602,668,0,0
1755763260_SI.S07R,048100_SI.S07R,SS,1,1755763260,1SS 0801 STG/TNV,1755780242,1755780244,601,0,0
1755763560_SI.N02R,048600_SI.N02R,SI,0,1755763560,1SI 0806 GKS/STG,1755779748,1755779763,520,0,0
1755763680_SI.S03R,048800_SI.S03R,SI,1,1755763680,1SI 0808 STG/TNV,1755780589,1755780602,620,0,0
1755764100_SI.N28R,049500_SI.N28R,SS,0,1755764100,1SS 0815 TNV/STG,1755780619,1755780632,596,0,0
1755764160_SI.S03R,049600_SI.S03R,SI,1,1755764160,1SI 0816 STG/TNV,1755781175,1755781188,666,0,0
1755764460_SI.N02R,050100_SI.N02R,SI,0,1755764460,1SI 0821 GKS/STG,1755780589,1755780602,552,0,0
1755765060_SI.N03R,051100_SI.N03R,SI,0,1755765060,1SI 0831 TNV/STG,1755782089,1755782090,671,0,0
1755765060_SI.S03R,051100_SI.S03R,SI,1,1755765060,1SI 0831 STG/TNV,1755782075,1755782089,670,0,0
1755765960_SI.S03R,052600_SI.S03R,SI,1,1755765960,1SI 0846 STG/TNV,1755783097,1755783112,634,0,0
1755766860_SI.N03R,054100_SI.N03R,SI,0,1755766860,1SI 0901 TNV/STG,1755783907,1755783922,583,0,0
1755767160_SI.S03R,054600_SI.S03R,SI,1,1755767160,1SI 0906 STG/TNV,1755784223,1755784238,584,0,0
1755768660_SI.N03R,057100_SI.N03R,SI,0,1755768660,1SI 0931 TNV/STG,1755786070,1755786083,702,0,0
1755768960_SI.S03R,057600_SI.S03R,SI,1,1755768960,1SI 0936 STG/TNV,1755786040,1755786053,678,0,0
1755770460_SI.N03R,060100_SI.N03R,SI,0,1755770460,1SI 1001 TNV/STG,1755787631,1755787646,661,0,0
1755770760_SI.S03R,060600_SI.S03R,SI,1,1755770760,1SI 1006 STG/TNV,1755788292,1755788307,665,0,0
1755772260_SI.N03R,063100_SI.N03R,SI,0,1755772260,1SI 1031 TNV/STG,1755789238,1755789253,578,0,0
1755772560_SI.S03R,063600_SI.S03R,SI,1,1755772560,1SI 1036 STG/TNV,1755791956,1755791969,906,0,0
1755774060_SI.N03R,066100_SI.N03R,SI,0,1755774060,1SI 1101 TNV/STG,1755791085,1755791098,675,0,0
1755774360_SI.S03R,066600_SI.S03R,SI,1,1755774360,1SI 1106 STG/TNV,1755791956,1755791969,751,0,0
1755775860_SI.N03R,069100_SI.N03R,SI,0,1755775860,1SI 1131 TNV/STG,1755793217,1755793232,639,0,0
1755776160_SI.S03R,069600_SI.S03R,SI,1,1755776160,1SI 1136 STG/TNV,1755795002,1755795004,706,0,0
1755777660_SI.N03R,072100_SI.N03R,SI,0,1755777660,1SI 1201 TNV/STG,1755795079,1755795092,665,0,0
1755777960_SI.S03R,072600_SI.S03R,SI,1,1755777960,1SI 1206 STG/TNV,1755795079,1755795092,645,0,0
1755779460_SI.N03R,075100_SI.N03R,SI,0,1755779460,1SI 1231 TNV/STG,1755798758,1755798773,858,0,0
1755779760_SI.S03R,075600_SI.S03R,SI,1,1755779760,1SI 1236 STG/TNV,1755796729,1755796731,670,0,0
1755781260_SI.N03R,078100_SI.N03R,SI,0,1755781260,1SI 1301 TNV/STG,1755798758,1755798773,623,0,0
1755781560_SI.S03R,078600_SI.S03R,SI,1,1755781560,1SI 1306 STG/TNV,1755799088,1755799101,598,0,0
1755783060_SI.N03R,081100_SI.N03R,SI,0,1755783060,1SI 1331 TNV/STG,1755801085,1755801098,798,0,0
1755783360_SI.S03R,081600_SI.S03R,SI,1,1755783360,1SI 1336 STG/TNV,1755800440,1755800453,675,0,0
1755784860_SI.N03R,084100_SI.N03R,SI,0,1755784860,1SI 1401 TNV/STG,1755801851,1755801866,677,0,0
1755785160_SI.S03R,084600_SI.S03R,SI,1,1755785160,1SI 1406 STG/TNV,1755802272,1755802287,665,0,0
1755786660_SI.N03R,087100_SI.N03R,SI,0,1755786660,1SI 1431 TNV/STG,1755803788,1755803801,603,0,0
1755786960_SI.S03R,087600_SI.S03R,SI,1,1755786960,1SI 1436 STG/TNV,1755804314,1755804327,653,0,0
1755788340_SI.N03R,089900_SI.N03R,SI,0,1755788340,1SI 1459 TNV/STG,1755805275,1755805288,683,0,0
1755788460_SI.S03R,090100_SI.S03R,SI,1,1755788460,1SI 1501 STG/TNV,1755805530,1755805543,701,0,0
1755789360_SI.S03R,091600_SI.S03R,SI,1,1755789360,1SI 1516 STG/TNV,1755806341,1755806354,685,0,0
1755789540_SI.N03R,091900_SI.N03R,SI,0,1755789540,1SI 1519 TNV/STG,1755806671,1755806686,695,0,0
1755790380_SI.S03R,093300_SI.S03R,SI,1,1755790380,1SI 1533 STG/TNV,1755807482,1755807497,637,0,0
1755790740_SI.N03R,093900_SI.N03R,SI,0,1755790740,1SI 1539 TNV/STG,1755807842,1755807857,613,0,0
1755791940_SI.N03R,095900_SI.N03R,SI,0,1755791940,1SI 1559 TNV/STG,1755808982,1755808984,625,0,0
1755792060_SI.S07R,096100_SI.S07R,SS,1,1755792060,1SS 1601 STG/TNV,1755808473,1755808488,557,0,0
1755792180_SI.S03R,096300_SI.S03R,SI,1,1755792180,1SI 1603 STG/TNV,1755809224,1755809237,642,0,0
1755793140_SI.N03R,097900_SI.N03R,SI,0,1755793140,1SI 1619 TNV/STG,1755810170,1755810183,693,0,0
1755793860_SI.S07R,099100_SI.S07R,SS,1,1755793860,1SS 1631 STG/TNV,1755810528,1755810530,644,0,0
1755793980_SI.S03R,099300_SI.S03R,SI,1,1755793980,1SI 1633 STG/TNV,1755811129,1755811131,708,0,0
1755794340_SI.N03R,099900_SI.N03R,SI,0,1755794340,1SI 1639 TNV/STG,1755811581,1755811596,715,0,0
1755795060_SI.S07R,101100_SI.S07R,SS,1,1755795060,1SS 1651 STG/TNV,1755811656,1755811671,624,0,0
1755795180_SI.S02R,101300_SI.S02R,SI,1,1755795180,1SI 1653 STG/GKS,1755811131,1755811144,550,0,0
1755795240_SI.N03R,101400_SI.N03R,SI,0,1755795240,1SI 1654 TNV/STG,1755812557,1755812572,660,0,0
1755796140_SI.N03R,102900_SI.N03R,SI,0,1755796140,1SI 1709 TNV/STG,1755813368,1755813383,623,0,0
1755796260_SI.S07R,103100_SI.S07R,SS,1,1755796260,1SS 1711 STG/TNV,1755812798,1755812813,576,0,0
1755796380_SI.S02R,103300_SI.S02R,SI,1,1755796380,1SI 1713 STG/GKS,1755812557,1755812572,552,0,0
1755797040_SI.N03R,104400_SI.N03R,SI,0,1755797040,1SI 1724 TNV/STG,1755814374,1755814387,696,0,0
1755797460_SI.S07R,105100_SI.S07R,SS,1,1755797460,1SS 1731 STG/TNV,1755814044,1755814057,624,0,0
1755797580_SI.S02R,105300_SI.S02R,SI,1,1755797580,1SI 1733 STG/GKS,1755813939,1755813952,602,0,0
1755797940_SI.N03R,105900_SI.N03R,SI,0,1755797940,1SI 1739 TNV/STG,1755815185,1755815198,689,0,0
1755798360_SI.S07R,106600_SI.S07R,SS,1,1755798360,1SS 1746 STG/TNV,1755815155,1755815168,674,0,0
1755798480_SI.S02R,106800_SI.S02R,SI,1,1755798480,1SI 1748 STG/GKS,1755815260,1755815273,672,0,0
1755798840_SI.N03R,107400_SI.N03R,SI,0,1755798840,1SI 1754 TNV/STG,1755815876,1755815889,706,0,0
1755799260_SI.S07R,108100_SI.S07R,SS,1,1755799260,1SS 1801 STG/TNV,1755815921,1755815934,656,0,0
1755799380_SI.S02R,108300_SI.S02R,SI,1,1755799380,1SI 1803 STG/GKS,1755815936,1755815949,642,0,0
1755799740_SI.N03R,108900_SI.N03R,SI,0,1755799740,1SI 1809 TNV/STG,1755816762,1755816777,668,0,0
1755800160_SI.S07R,109600_SI.S07R,SS,1,1755800160,1SS 1816 STG/TNV,1755816942,1755816957,624,0,0
1755800280_SI.S02R,109800_SI.S02R,SI,1,1755800280,1SI 1818 STG/GKS,1755816581,1755816596,584,0,0
1755800640_SI.N03R,110400_SI.N03R,SI,0,1755800640,1SI 1824 TNV/STG,1755817888,1755817903,627,0,0
1755801060_SI.S07R,111100_SI.S07R,SS,1,1755801060,1SS 1831 STG/TNV,1755817918,1755817933,594,0,0
1755801180_SI.S02R,111300_SI.S02R,SI,1,1755801180,1SI 1833 STG/GKS,1755817242,1755817257,541,0,0
1755801660_SI.N03R,112100_SI.N03R,SI,0,1755801660,1SI 1841 TNV/STG,1755818894,1755818907,668,0,0
1755801960_SI.S07R,112600_SI.S07R,SS,1,1755801960,1SS 1846 STG/TNV,1755818669,1755818681,618,0,0
1755802080_SI.S02R,112800_SI.S02R,SI,1,1755802080,1SI 1848 STG/GKS,1755818669,1755818681,610,0,0
1755802560_SI.N03R,113600_SI.N03R,SI,0,1755802560,1SI 1856 TNV/STG,1755819552,1755819555,694,0,0
1755802860_SI.S07R,114100_SI.S07R,SS,1,1755802860,1SS 1901 STG/TNV,1755819555,1755819567,659,0,0
1755802980_SI.S02R,114300_SI.S02R,SI,1,1755802980,1SI 1903 STG/GKS,1755819555,1755819567,643,0,0
1755803460_SI.N03R,115100_SI.N03R,SI,0,1755803460,1SI 1911 TNV/STG,1755820573,1755820576,712,0,0
1755803760_SI.S07R,115600_SI.S07R,SS,1,1755803760,1SS 1916 STG/TNV,1755820876,1755820889,713,0,0
1755803880_SI.S02R,115800_SI.S02R,SI,1,1755803880,1SI 1918 STG/GKS,1755820110,1755820123,595,0,0
1755804360_SI.N03R,116600_SI.N03R,SI,0,1755804360,1SI 1926 TNV/STG,1755821372,1755821387,682,0,0
1755804660_SI.S07R,117100_SI.S07R,SS,1,1755804660,1SS 1931 STG/TNV,1755821762,1755821777,668,0,0
1755804780_SI.S03R,117300_SI.S03R,SI,1,1755804780,1SI 1933 STG/TNV,1755822047,1755822062,671,0,0
1755805260_SI.N03R,118100_SI.N03R,SI,0,1755805260,1SI 1941 TNV/STG,1755822257,1755822272,621,0,0
1755805860_SI.S07R,119100_SI.S07R,SS,1,1755805860,1SS 1951 STG/TNV,1755823173,1755823186,646,0,0
1755805980_SI.S03R,119300_SI.S03R,SI,1,1755805980,1SI 1953 STG/TNV,1755823173,1755823186,638,0,0
1755806160_SI.N03R,119600_SI.N03R,SI,0,1755806160,1SI 1956 TNV/STG,1755823233,1755823246,634,0,0
1755807060_SI.N03R,121100_SI.N03R,SI,0,1755807060,1SI 2011 TNV/STG,1755824014,1755824027,678,0,0
1755807060_SI.S03R,121100_SI.S03R,SI,1,1755807060,1SI 2011 STG/TNV,1755824119,1755824132,692,0,0
1755808260_SI.N03R,123100_SI.N03R,SI,0,1755808260,1SI 2031 TNV/STG,1755825426,1755825438,726,0,0
1755808560_SI.S03R,123600_SI.S03R,SI,1,1755808560,1SI 2036 STG/TNV,1755825801,1755825814,736,0,0
1755810060_SI.N03R,126100_SI.N03R,SI,0,1755810060,1SI 2101 TNV/STG,1755827573,1755827588,667,0,0
1755810360_SI.S03R,126600_SI.S03R,SI,1,1755810360,1SI 2106 STG/TNV,1755828534,1755828547,736,0,0
1755811860_SI.N03R,129100_SI.N03R,SI,0,1755811860,1SI 2131 TNV/STG,1755828864,1755828877,679,0,0
1755812160_SI.S03R,129600_SI.S03R,SI,1,1755812160,1SI 2136 STG/TNV,1755829297,1755829300,707,0,0
1755814080_SI.N03R,132800_SI.N03R,SI,0,1755814080,1SI 2208 TNV/STG,1755832258,1755832273,763,0,0
1755814860_SI.S03R,134100_SI.S03R,SI,1,1755814860,1SI 2221 STG/TNV,1755832528,1755832543,677,0,0
1755816660_SI.N03X045,137100_SI.N03X045,SI,0,1755816660,1SI 2251 TNV/STG,1755833834,1755833847,699,0,0
1755817560_SI.S03R,138600_SI.S03R,SI,1,1755817560,1SI 2306 STG/TNV,1755834585,1755834598,709,0,0
1755819360_SI.N03X045,141600_SI.N03X045,SI,0,1755819360,1SI 2336 TNV/STG,1755837142,1755837157,555,0,0
1755820260_SI.S03R,143100_SI.S03R,SI,1,1755820260,1SI 2351 STG/TNV,1755838497,1755838509,502,0,0
1755822060_SI.N03X045,002100_SI.N03X045,SI,0,1755822060,1SI 0021 TNV/STG,1755840163,1755840166,462,0,0
1755822960_SI.S03R,003600_SI.S03R,SI,1,1755822960,1SI 0036 STG/TNV,1755840376,1755840388,357,0,0
1755824760_SI.N03X045,006600_SI.N03X045,SI,0,1755824760,1SI 0106 TNV/STG,1755841998,1755842013,359,0,0
1755825660_SI.S03R,008100_SI.S03R,SI,1,1755825660,1SI 0121 STG/TNV,1755842850,1755842854,480,0,0
1755827460_SI.N03X045,011100_SI.N03X045,SI,0,1755827460,1SI 0151 TNV/STG,1755844926,1755844938,710,0,0
1755828360_SI.S03R,012600_SI.S03R,SI,1,1755828360,1SI 0206 STG/TNV,1755845617,1755845628,733,0,0
1755830160_SI.N03X045,015600_SI.N03X045,SI,0,1755830160,1SI 0236 TNV/STG,1755847314,1755847325,773,0,0
1755831060_SI.S03R,017100_SI.S03R,SI,1,1755831060,1SI 0251 STG/TNV,1755848124,1755848136,781,0,0
1755832860_SI.N03X045,020100_SI.N03X045,SI,0,1755832860,1SI 0321 TNV/STG,1755850046,1755850058,870,0,0
1755833760_SI.S03R,021600_SI.S03R,SI,1,1755833760,1SI 0336 STG/TNV,1755851638,1755851653,1060,0,0
