trip_uid,trip_id,route_id,direction_id,start_time,vehicle_id,last_observed,marked_past,num_updates,num_schedule_changes,num_schedule_rewrites
1755576000_GS.N01R,024000_GS.N01R,GS,0,1755576000,0S 0400  GCS/TSS,1755590501,1755590505,660,0,0
1755576120_5..S32R,024200_5..S32R,5,1,1755576120,05 0402  DYR/180,1755591161,1755591165,876,0,0
1755576180_5..N32R,024300_5..N32R,5,0,1755576180,05 0403  180/DYR,1755591639,1755591645,1019,0,0
1755576210_GS.S01R,024350_GS.S01R,GS,1,1755576210,0S 0403+ TSS/GCS,1755590673,1755590676,716,0,0
1755576270_3..S88X001,024450_3..S88X001,3,1,1755576270,03 0404+ 148/34S,1755592524,1755592530,1156,0,0
1755576330_1..S03R,024550_1..S03R,1,1,1755576330,01 0405+ 242/SFT,1755594153,1755594156,1590,0,0
1755576330_3..N90X001,024550_3..N90X001,3,0,1755576330,03 0405+ 34S/148,1755592659,1755592665,1192,0,0
1755576420_4..N,024700_4..N,4,0,1755576420,04 0407  NLT/WDL,1755596445,1755596448,349,0,0
1755576420_4..N01X046,024700_4..N01X046,4,0,1755576420,04 0407  NLT/WDL,1755595254,1755595260,1891,0,0
1755576540_2..S08R,024900_2..S08R,2,1,1755576540,02 0409  241/FLA,1755599010,1755599014,2923,0,0
1755576570_4..S13R,024950_4..S13R,4,1,1755576570,04 0409+ WDL/NLT,1755596415,1755596418,2131,0,0
1755576600_GS.N01R,025000_GS.N01R,GS,0,1755576600,0S 0410  GCS/TSS,1755591086,1755591090,653,0,0
1755576630_7..N,025050_7..N,7,0,1755576630,07 0410+ QBP/MST,1755592959,1755592965,1097,0,0
1755576750_6..N01R,025250_6..N01R,6,0,1755576750,06 0412+ BBR/PEL,1755595149,1755595155,1762,0,0
1755576810_2..N08X180,025350_2..N08X180,2,0,1755576810,02 0413+ FLA/241,1755597816,1755597819,2512,0,0
1755576810_GS.S01R,025350_GS.S01R,GS,1,1755576810,0S 0413+ TSS/GCS,1755591270,1755591273,714,0,0
1755576870_1..N03R,025450_1..N03R,1,0,1755576870,01 0414+ SFT/242,1755594834,1755594840,1573,0,0
1755576900_6..S01R,025500_6..S01R,6,1,1755576900,06 0415  PEL/BBR,1755594816,1755594819,1568,0,0
1755577200_7..S,026000_7..S,7,1,1755577200,07 0420 MST/QBP,1755592884,1755592890,938,0,0
1755577200_GS.N01R,026000_GS.N01R,GS,0,1755577200,0S 0420  GCS/TSS,1755591660,1755591663,627,0,0
1755577290_4..S13R,026150_4..S13R,4,1,1755577290,04 0421+ WDL/NLT,1755597183,1755597186,2143,0,0
1755577320_5..S32R,026200_5..S32R,5,1,1755577320,05 0422  DYR/180,1755592443,1755592446,835,0,0
1755577380_5..N32R,026300_5..N32R,5,0,1755577380,05 0423  180/DYR,1755592524,1755592530,857,0,0
1755577410_GS.S01R,026350_GS.S01R,GS,1,1755577410,0S 0423+ TSS/GCS,1755591870,1755591873,683,0,0
1755577440_2..S08R,026400_2..S08R,2,1,1755577440,02 0424  241/FLA,1755599229,1755599235,2676,0,0
1755577470_3..S88X001,026450_3..S88X001,3,1,1755577470,03 0424+ 148/34S,1755593463,1755593466,1009,0,0
1755577530_1..S03R,026550_1..S03R,1,1,1755577530,01 0425+ 242/SFT,1755595494,1755595500,1569,0,0
1755577530_3..N90X001,026550_3..N90X001,3,0,1755577530,03 0425+ 34S/148,1755593394,1755593400,991,0,0
1755577800_6..S01R,027000_6..S01R,6,1,1755577800,06 0430  PEL/BBR,1755591993,1755592203,520,0,0
1755577800_GS.N01R,027000_GS.N01R,GS,0,1755577800,0S 0430  GCS/TSS,1755592284,1755592290,598,0,0
1755577950_6..N01R,027250_6..N01R,6,0,1755577950,06 0432+ BBR/PEL,1755596073,1755596076,1639,0,0
1755578010_2..N08X180,027350_2..N08X180,2,0,1755578010,02 0433+ FLA/241,1755598569,1755598575,2315,0,0
1755578010_GS.S01R,027350_GS.S01R,GS,1,1755578010,0S 0433+ TSS/GCS,1755592485,1755592488,650,0,0
1755578040_4..N,027400_4..N,4,0,1755578040,04 0434  NLT/WDL,1755597996,1755597999,349,0,0
1755578040_4..N01X046,027400_4..N01X046,4,0,1755578040,04 0434  NLT/WDL,1755596694,1755596700,1561,0,0
1755578070_1..N03R,027450_1..N03R,1,0,1755578070,01 0434+ SFT/242,1755595794,1755595800,1461,0,0
1755578070_7..S,027450_7..S,7,1,1755578070,07 0434+ MST/QBP,1755593676,1755593679,927,0,0
1755578190_4..S01R,027650_4..S01R,4,1,1755578190,04 0436+ WDL/NLT,1755597465,1755597468,1925,0,0
1755578340_2..S01R,027900_2..S01R,2,1,1755578340,02 0439  241/FLA,1755599700,1755599704,2496,0,0
1755578400_GS.N01R,028000_GS.N01R,GS,0,1755578400,0S 0440  GCS/TSS,1755592881,1755592884,560,0,0
1755578520_5..S32R,028200_5..S32R,5,1,1755578520,05 0442  DYR/180,1755593559,1755593565,741,0,0
1755578520_6..S01R,028200_6..S01R,6,1,1755578520,06 0442  PEL/BBR,1755596628,1755596631,1600,0,0
1755578550_1..S03R,028250_1..S03R,1,1,1755578550,01 0442+ 242/SFT,1755596394,1755596400,1535,0,0
1755578580_5..N32R,028300_5..N32R,5,0,1755578580,05 0443  180/DYR,1755593733,1755593736,787,0,0
1755578610_GS.S01R,028350_GS.S01R,GS,1,1755578610,0S 0443+ TSS/GCS,1755593085,1755593088,614,0,0
1755578670_3..S88X001,028450_3..S88X001,3,1,1755578670,03 0444+ 148/34S,1755594684,1755594690,942,0,0
1755578730_3..N90X001,028550_3..N90X001,3,0,1755578730,03 0445+ 34S/148,1755594993,1755594996,1024,0,0
1755578790_4..S01R,028650_4..S01R,4,1,1755578790,04 0446+ WDL/NLT,1755597714,1755597720,1795,0,0
1755578790_7..S,028650_7..S,7,1,1755578790,07 0446+ MST/34H,1755595644,1755595650,1214,0,0
1755579000_GS.N01R,029000_GS.N01R,GS,0,1755579000,0S 0450  GCS/TSS,1755593469,1755593475,525,0,0
1755579030_7..N,029050_7..N,7,0,1755579030,07 0450+ QBP/MST,1755594801,1755594804,862,0,0
1755579150_6..N01R,029250_6..N01R,6,0,1755579150,06 0452+ BBR/PEL,1755597075,1755597078,1528,0,0
1755579210_2..N08R,029350_2..N08R,2,0,1755579210,02 0453+ FLA/241,1755599679,1755599685,2201,0,0
1755579210_GS.S01R,029350_GS.S01R,GS,1,1755579210,0S 0453+ TSS/GCS,1755593679,1755593685,581,0,0
1755579240_2..S01R,029400_2..S01R,2,1,1755579240,02 0454  241/FLA,1755599829,1755599835,2237,0,0
1755579240_6..S01R,029400_6..S01R,6,1,1755579240,06 0454  PEL/BBR,1755597090,1755597091,1532,0,0
1755579270_1..N03R,029450_1..N03R,1,0,1755579270,01 0454+ SFT/242,1755597546,1755597549,1522,0,0
1755579360_4..S37R,029600_4..S37R,4,1,1755579360,04 0456  WDL/BWG,1755596679,1755596685,1343,0,0
1755579450_1..S03R,029750_1..S03R,1,1,1755579450,01 0457+ 242/SFT,1755597435,1755597438,1547,0,0
1755579480_7..S,029800_7..S,7,1,1755579480,07 0458 MST/34H,1755595938,1755595941,1114,0,0
1755579540_5..S32R,029900_5..S32R,5,1,1755579540,05 0459  DYR/180,1755594699,1755594705,773,0,0
1755579600_GS.N01R,030000_GS.N01R,GS,0,1755579600,0S 0500  GCS/TSS,1755594069,1755594075,525,0,0
1755579660_4..N,030100_4..N,4,0,1755579660,04 0501  NLT/WDL,1755598920,1755598924,313,0,0
1755579660_4..N01R,030100_4..N01R,4,0,1755579660,04 0501  NLT/WDL,1755597720,1755597723,1543,0,0
1755579690_3..S01R,030150_3..S01R,3,1,1755579690,03 0501+ 148/NLT,1755598155,1755598158,1658,0,0
1755579780_5..N32R,030300_5..N32R,5,0,1755579780,05 0503  180/DYR,1755594744,1755594750,705,0,0
1755579810_GS.S01R,030350_GS.S01R,GS,1,1755579810,0S 0503+ TSS/GCS,1755594285,1755594291,582,0,0
1755579840_4..S05R,030400_4..S05R,4,1,1755579840,04 0504  WDL/UTI,1755598338,1755598341,1707,0,0
1755579930_3..N90R,030550_3..N90R,3,0,1755579930,03 0505+ 34S/148,1755596193,1755596196,1045,0,0
1755579930_6..S01R,030550_6..S01R,6,1,1755579930,06 0505+ PEL/BBR,1755597939,1755597945,1521,0,0
1755579960_2..N08R,030600_2..N08R,2,0,1755579960,02 0506  FLA/241,1755600360,1755600364,2110,0,0
1755580140_1..S03R,030900_1..S03R,1,1,1755580140,01 0509  242/SFT,1755597855,1755597858,1499,0,0
1755580140_2..S,030900_2..S,2,1,1755580140,/2 0509  241/FLA,1755600420,1755600424,182,1,0
1755580140_2..S01R,030900_2..S01R,2,1,1755580140,02 0509  241/FLA,1755599379,1755599385,1887,0,0
1755580170_7..S,030950_7..S,7,1,1755580170,07 0509+ MST/34H,1755596733,1755596736,1110,0,0
1755580200_5..S03R,031000_5..S03R,5,0,1755580200,$5 0510  DYR/FLA,1755598914,1755598920,1696,0,0
1755580200_GS.N01R,031000_GS.N01R,GS,0,1755580200,0S 0510  GCS/TSS,1755594633,1755594636,516,0,0
1755580230_7..N,031050_7..N,7,0,1755580230,07 0510+ QBP/MST,1755595338,1755595341,708,0,0
1755580260_3..S88R,031100_3..S88R,3,1,1755580260,03 0511  148/34S,1755596043,1755596046,923,0,0
1755580290_6..N01R,031150_6..N01R,6,0,1755580290,06 0511+ BBR/PEL,1755598035,1755598038,1511,0,0
1755580320_4..S06R,031200_4..S06R,4,1,1755580320,04 0512  WDL/UTI,1755598924,1755598926,1698,0,0
1755580320_7..N,031200_7..N,7,0,1755580320,07 0512 34H/MST,1755597258,1755597261,1253,0,0
1755580350_5..S02R,031250_5..S02R,5,1,1755580350,05 0512+ 180/FLA,1755600060,1755600064,1931,0,0
1755580380_4..N,031300_4..N,4,0,1755580380,04 0513  NLT/WDL,1755599619,1755599625,286,0,0
1755580380_4..N01R,031300_4..N01R,4,0,1755580380,04 0513  NLT/WDL,1755598470,1755598473,1581,0,0
1755580380_6..S01R,031300_6..S01R,6,1,1755580380,06 0513  PEL/BBR,1755598428,1755598431,1571,0,0
1755580410_GS.S01R,031350_GS.S01R,GS,1,1755580410,0S 0513+ TSS/GCS,1755594879,1755594885,582,0,0
1755580470_1..N03R,031450_1..N03R,1,0,1755580470,01 0514+ SFT/242,1755598176,1755598179,1425,0,0
1755580620_1..S03R,031700_1..S03R,1,1,1755580620,01 0517  242/SFT,1755598449,1755598455,1497,0,0
1755580620_3..S01R,031700_3..S01R,3,1,1755580620,03 0517  148/NLT,1755599269,1755599274,1702,0,0
1755580650_7..S,031750_7..S,7,1,1755580650,07 0517+ MST/34H,1755597138,1755597141,1157,0,0
1755580770_6..S01R,031950_6..S01R,6,1,1755580770,06 0519+ PEL/BBR,1755598809,1755598815,1509,0,0
1755580800_4..S06R,032000_4..S06R,4,1,1755580800,04 0520  WDL/UTI,1755599274,1755599280,1623,0,0
1755580800_GS.N01R,032000_GS.N01R,GS,0,1755580800,0S 0520  GCS/TSS,1755595254,1755595260,529,0,0
1755580860_2..N01R,032100_2..N01R,2,0,1755580860,02 0521  FLA/241,1755600609,1755600615,1924,0,0
1755580860_2..S01R,032100_2..S01R,2,1,1755580860,02 0521  241/FLA,1755600789,1755600792,1960,0,0
1755580920_5..S03R,032200_5..S03R,5,1,1755580920,05 0522  DYR/FLA,1755600669,1755600675,1936,0,0
1755580980_5..N32R,032300_5..N32R,5,1,1755580980,05 0523  180/DYR,1755596265,1755596266,827,0,0
1755581010_7..S,032350_7..S,7,1,1755581010,07 0523+ MST/34H,1755597384,1755597390,1073,0,0
1755581010_GS.S01R,032350_GS.S01R,GS,1,1755581010,0S 0523+ TSS/GCS,1755595488,1755595491,602,0,0
1755581100_1..S03R,032500_1..S03R,1,1,1755581100,01 0525  242/SFT,1755598869,1755598875,1445,0,0
1755581100_4..N,032500_4..N,4,0,1755581100,04 0525  NLT/WDL,1755600240,1755600244,277,0,0
1755581100_4..N01R,032500_4..N01R,4,0,1755581100,04 0525  NLT/WDL,1755599049,1755599055,1490,0,0
1755581130_3..N90R,032550_3..N90R,3,0,1755581130,03 0525+ 34S/148,1755596964,1755596970,940,0,0
1755581220_6..S01R,032700_6..S01R,6,1,1755581220,06 0527  PEL/BBR,1755599310,1755599314,1552,0,0
1755581220_7..N,032700_7..N,7,0,1755581220,07 0527 34H/MST,1755598113,1755598116,1266,0,0
1755581250_4..S37R,032750_4..S37R,4,1,1755581250,04 0527+ WDL/BWG,1755598719,1755598725,1373,0,0
1755581370_7..S,032950_7..S,7,1,1755581370,07 0529+ MST/34H,1755597783,1755597786,1140,0,0
1755581400_5..S03R,033000_5..S03R,5,1,1755581400,05 0530  DYR/FLA,1755600960,1755600964,1829,0,0
1755581400_GS.N01R,033000_GS.N01R,GS,0,1755581400,0S 0530  GCS/TSS,1755595869,1755595875,554,0,0
1755581430_6..N01R,033050_6..N01R,6,0,1755581430,06 0530+ BBR/PEL,1755599520,1755599524,1888,0,0
1755581490_2..S01R,033150_2..S01R,2,1,1755581490,02 0531+ 241/FLA,1755601494,1755601500,1956,0,0
1755581520_3..S01R,033200_3..S01R,3,1,1755581520,03 0532  148/NLT,1755599499,1755599505,1519,0,0
1755581580_1..S03R,033300_1..S03R,1,1,1755581580,01 0533  242/SFT,1755599289,1755599295,1467,0,0
1755581610_4..N,033350_4..N,4,0,1755581610,04 0533+ NLT/WDL,1755600739,1755600744,235,0,0
1755581610_4..N01R,033350_4..N01R,4,0,1755581610,04 0533+ NLT/WDL,1755599649,1755599655,1555,0,0
1755581610_GS.S01R,033350_GS.S01R,GS,1,1755581610,0S 0533+ TSS/GCS,1755596088,1755596091,616,0,0
1755581640_6..S01R,033400_6..S01R,6,1,1755581640,06 0534  PEL/BBR,1755599760,1755599764,1581,0,0
1755581670_1..N03R,033450_1..N03R,1,0,1755581670,01 0534+ SFT/242,1755599580,1755599584,1459,0,0
1755581670_2..N01R,033450_2..N01R,2,0,1755581670,02 0534+ FLA/241,1755601545,1755601549,1886,0,0
1755581760_4..S06R,033600_4..S06R,4,1,1755581760,04 0536  WDL/UTI,1755600154,1755600159,1590,0,0
1755581820_7..N,033700_7..N,7,0,1755581820,07 0537 34H/MST,1755598611,1755598614,1220,0,0
1755581850_7..S,033750_7..S,7,1,1755581850,07 0537+ MST/34H,1755598383,1755598386,1162,0,0
1755581910_3..N01R,033850_3..N01R,3,0,1755581910,03 0538+ NLT/148,1755600270,1755600274,1613,0,0
1755582000_5..S03R,034000_5..S03R,5,1,1755582000,05 0540  DYR/FLA,1755601624,1755601629,1826,0,0
1755582000_GS.N01R,034000_GS.N01R,GS,0,1755582000,0S 0540  GCS/TSS,1755596466,1755596469,564,0,0
1755582060_1..S03R,034100_1..S03R,1,1,1755582060,01 0541  242/SFT,1755599760,1755599764,1421,0,0
1755582060_6..S01R,034100_6..S01R,6,1,1755582060,06 0541  PEL/BBR,1755599964,1755599970,1470,0,0
1755582090_2..S01R,034150_2..S01R,2,1,1755582090,02 0541+ 241/FLA,1755596148,1755596151,473,0,0
1755582090_4..N,034150_4..N,4,0,1755582090,04 0541+ NLT/WDL,1755601455,1755601459,241,0,0
1755582090_4..N02R,034150_4..N02R,4,0,1755582090,04 0541+ NLT/WDL,1755600334,1755600339,1546,0,0
1755582180_4..S06R,034300_4..S06R,4,1,1755582180,04 0543  WDL/UTI,1755600499,1755600504,1580,0,0
1755582180_5..N01R,034300_5..N01R,5,0,1755582180,05 0543  180/DYR,1755597456,1755597459,834,0,0
1755582210_7..S,034350_7..S,7,1,1755582210,07 0543+ MST/34H,1755598626,1755598629,1137,0,0
1755582210_GS.S01R,034350_GS.S01R,GS,1,1755582210,0S 0543+ TSS/GCS,1755596685,1755596688,625,0,0
1755582330_3..N90R,034550_3..N90R,3,0,1755582330,03 0545+ 34S/148,1755598218,1755598221,956,0,0
1755582360_3..S01R,034600_3..S01R,3,1,1755582360,03 0546  148/NLT,1755600619,1755600624,1526,0,0
1755582390_2..S01R,034650_2..S01R,2,1,1755582390,02 0546+ 241/FLA,1755602562,1755602565,1596,0,0
1755582420_7..N,034700_7..N,7,0,1755582420,07 0547 34H/MST,1755599044,1755599049,1171,0,0
1755582450_5..N60R,034750_5..N60R,5,0,1755582450,05 0547+ NLT/DYR,1755602172,1755602175,1887,0,0
1755582480_5..S03R,034800_5..S03R,5,1,1755582480,05 0548  DYR/FLA,1755602199,1755602205,1894,0,0
1755582510_1..N03R,034850_1..N03R,1,0,1755582510,01 0548+ SFT/242,1755600229,1755600234,1445,0,0
1755582510_6..S01R,034850_6..S01R,6,1,1755582510,06 0548+ PEL/BBR,1755600609,1755600615,1524,0,0
1755582540_1..S03R,034900_1..S03R,1,1,1755582540,01 0549  242/SFT,1755600420,1755600424,1483,0,0
1755582540_2..N01R,034900_2..N01R,2,0,1755582540,02 0549  FLA/241,1755602763,1755602767,2037,0,0
1755582570_7..S,034950_7..S,7,1,1755582570,07 0549+ MST/34H,1755599079,1755599085,1138,0,0
1755582600_6..N01R,035000_6..N01R,6,0,1755582600,06 0550  BBR/PEL,1755600810,1755600814,1480,0,0
1755582600_GS.N01R,035000_GS.N01R,GS,0,1755582600,0S 0550  GCS/TSS,1755597084,1755597090,567,0,0
1755582720_4..S06R,035200_4..S06R,4,1,1755582720,04 0552  WDL/UTI,1755601152,1755601155,1552,0,0
1755582810_4..N,035350_4..N,4,0,1755582810,04 0553+ NLT/WDL,1755601894,1755601899,251,0,0
1755582810_4..N02R,035350_4..N02R,4,0,1755582810,04 0553+ NLT/WDL,1755600799,1755600804,1478,0,0
1755582810_7..S,035350_7..S,7,1,1755582810,07 0553+ MST/34H,1755599370,1755599374,1088,0,0
1755582810_GS.S01R,035350_GS.S01R,GS,1,1755582810,0S 0553+ TSS/GCS,1755597264,1755597270,618,0,0
1755582870_4..N,035450_4..N,4,0,1755582870,04 0554+ BWG/WDL,1755600439,1755600444,243,0,0
1755582870_4..N14R,035450_4..N14R,4,0,1755582870,04 0554+ BWG/WDL,1755599364,1755599370,1069,0,0
1755582900_7..N,035500_7..N,7,0,1755582900,07 0555 34H/MST,1755599664,1755599670,1162,0,0
1755582900_GS.N04R,035500_GS.N04R,GS,0,1755582900,0S 0555  GCS/TSS,1755597396,1755597399,563,0,0
1755583020_1..S03R,035700_1..S03R,1,1,1755583020,01 0557  242/SFT,1755600669,1755600675,1361,0,0
1755583020_6..S,035700_6..S,6,1,1755583020,/6 0557  PEL/BBR,1755601039,1755601044,262,0,0
1755583020_6..S01R,035700_6..S01R,6,1,1755583020,06 0557  PEL/BBR,1755599724,1755599730,1157,0,0
1755583050_3..S01R,035750_3..S01R,3,1,1755583050,03 0557+ 148/NLT,1755601554,1755601560,1553,0,0
1755583050_4..S06R,035750_4..S06R,4,1,1755583050,04 0557+ WDL/UTI,1755601294,1755601299,1494,0,0
1755583050_7..S,035750_7..S,7,1,1755583050,07 0557+ MST/34H,1755599589,1755599595,1122,0,0
1755583110_3..N01R,035850_3..N01R,3,0,1755583110,03 0558+ NLT/148,1755601494,1755601500,1541,0,0
1755583110_GS.S04R,035850_GS.S04R,GS,1,1755583110,0S 0558+ TSS/GCS,1755597594,1755597600,616,0,0
1755583200_5..S04R,036000_5..S04R,5,1,1755583200,05 0600  DYR/FLA,1755602442,1755602445,1693,0,0
1755583200_6..N01R,036000_6..N01R,6,0,1755583200,06 0600  BBR/PEL,1755601219,1755601224,1389,0,0
1755583200_GS.N01R,036000_GS.N01R,GS,0,1755583200,0S 0600  GCS/TSS,1755597669,1755597675,546,0,0
1755583230_2..S07R,036050_2..S07R,2,1,1755583230,02 0600+ 238/FLA,1755603192,1755603195,1883,0,0
1755583290_1..N03R,036150_1..N03R,1,0,1755583290,01 0601+ SFT/242,1755601320,1755601324,1410,0,0
1755583290_7..S,036150_7..S,7,1,1755583290,07 0601+ MST/34H,1755599769,1755599775,1095,0,0
1755583320_7..N,036200_7..N,7,0,1755583320,07 0602 34H/MST,1755599850,1755599854,1115,0,0
1755583350_4..S06R,036250_4..S06R,4,1,1755583350,04 0602+ WDL/UTI,1755601674,1755601677,1494,0,0
1755583380_5..N01R,036300_5..N01R,5,0,1755583380,05 0603  180/DYR,1755597498,1755597501,500,0,0
1755583410_GS.S01R,036350_GS.S01R,GS,1,1755583410,0S 0603+ TSS/GCS,1755597876,1755597879,600,0,0
1755583440_5..N71R,036400_5..N71R,5,0,1755583440,05 0604  FLA/DYR,1755603168,1755603174,1877,0,0
1755583500_1..S03R,036500_1..S03R,1,1,1755583500,01 0605  242/SFT,1755601189,1755601194,1296,0,0
1755583500_2..S05R,036500_2..S05R,2,1,1755583500,02 0605  241/FLA,1755603723,1755603729,1939,0,0
1755583500_GS.N04R,036500_GS.N04R,GS,0,1755583500,0S 0605  GCS/TSS,1755597981,1755597984,543,0,0
1755583530_3..S01R,036550_3..S01R,3,1,1755583530,03 0605+ 148/NLT,1755602059,1755602064,1507,0,0
1755583530_7..S,036550_7..S,7,1,1755583530,07 0605+ MST/34H,1755600210,1755600214,1121,0,0
1755583560_5..S04R,036600_5..S04R,5,1,1755583560,05 0606  DYR/FLA,1755602982,1755602985,1742,0,0
1755583650_4..N,036750_4..N,4,0,1755583650,04 0607+ NLT/WDL,1755602700,1755602706,296,0,0
1755583650_4..N03R,036750_4..N03R,4,0,1755583650,04 0607+ NLT/WDL,1755601539,1755601545,1375,0,0
1755583680_7..N,036800_7..N,7,0,1755583680,07 0608 34H/MST,1755600495,1755600499,1078,0,0
1755583710_4..S06R,036850_4..S06R,4,1,1755583710,04 0608+ WDL/UTI,1755601947,1755601950,1478,0,0
1755583710_GS.S04R,036850_GS.S04R,GS,1,1755583710,0S 0608+ TSS/GCS,1755598188,1755598191,598,0,0
1755583740_6..S02R,036900_6..S02R,6X,1,1755583740,06 0609  PEL/BBR,1755601395,1755601399,1342,0,0
1755583770_7..S,036950_7..S,7,1,1755583770,07 0609+ MST/34H,1755600354,1755600360,1049,0,0
1755583800_2..S05R,037000_2..S05R,2,1,1755583800,02 0610  241/FLA,1755604062,1755604065,1941,0,0
1755583800_GS.N01R,037000_GS.N01R,GS,0,1755583800,0S 0610  GCS/TSS,1755598290,1755598293,537,0,0
1755583830_6..N01R,037050_6..N01R,6,0,1755583830,06 0610+ BBR/PEL,1755601824,1755601827,1360,0,0
1755583890_1..N03R,037150_1..N03R,1,0,1755583890,01 0611+ SFT/242,1755601584,1755601587,1297,0,0
1755583890_6..S03R,037150_6..S03R,6,1,1755583890,06 0611+ 177/BBR,1755601189,1755601194,1208,0,0
1755583920_5..S04R,037200_5..S04R,5,1,1755583920,05 0612  DYR/FLA,1755603378,1755603384,1760,0,0
1755583920_7..N,037200_7..N,7,0,1755583920,07 0612 34H/MST,1755600615,1755600619,1104,0,0
1755583950_7..S,037250_7..S,7,1,1755583950,07 0612+ MST/34H,1755600495,1755600499,1046,0,0
1755583980_1..S03R,037300_1..S03R,1,1,1755583980,01 0613  242/SFT,1755601624,1755601629,1308,0,0
1755583980_5..N01R,037300_5..N01R,5,0,1755583980,05 0613  180/DYR,1755599160,1755599164,430,0,0
1755584010_3..N01R,037350_3..N01R,3,0,1755584010,03 0613+ NLT/148,1755602478,1755602484,1530,0,0
1755584010_5..S09R,037350_5..S09R,5,1,1755584010,05 0613+ 238/FLA,1755603522,1755603525,1790,0,0
1755584010_GS.S01R,037350_GS.S01R,GS,1,1755584010,0S 0613+ TSS/GCS,1755598485,1755598488,587,0,0
1755584070_4..S06R,037450_4..S06R,4,1,1755584070,04 0614+ WDL/UTI,1755602313,1755602319,1403,0,0
1755584100_7X..S,037500_7X..S,7X,1,1755584100,07 0615 MST/34H,1755600604,1755600609,1040,0,0
1755584100_GS.N04R,037500_GS.N04R,GS,0,1755584100,0S 0615  GCS/TSS,1755598584,1755598590,531,0,0
1755584160_7..N,037600_7..N,7,0,1755584160,07 0616 34H/MST,1755600724,1755600729,1064,0,0
1755584220_7..S,037700_7..S,7,1,1755584220,07 0617 MST/34H,1755600759,1755600765,996,0,0
1755584280_3..S01R,037800_3..S01R,3,1,1755584280,03 0618  148/NLT,1755602292,1755602295,1397,0,0
1755584280_6..S02R,037800_6..S02R,6X,1,1755584280,06 0618  PEL/BBR,1755601999,1755602004,1320,0,0
1755584310_6..N01R,037850_6..N01R,6,0,1755584310,06 0618+ BBR/PEL,1755602268,1755602274,1391,0,0
1755584310_GS.S04R,037850_GS.S04R,GS,1,1755584310,0S 0618+ TSS/GCS,1755598791,1755598794,583,0,0
1755584340_4..N,037900_4..N,4,0,1755584340,04 0619  NLT/WDL,1755603258,1755603264,316,0,0
1755584340_4..N03R,037900_4..N03R,4,0,1755584340,04 0619  NLT/WDL,1755602034,1755602037,1329,0,0
1755584400_4..S06R,038000_4..S06R,4,1,1755584400,04 0620  WDL/UTI,1755602790,1755602796,1440,0,0
1755584400_7..N,038000_7..N,7,0,1755584400,07 0620 34H/MST,1755601020,1755601024,1051,0,0
1755584400_GS.N01R,038000_GS.N01R,GS,0,1755584400,0S 0620  GCS/TSS,1755598879,1755598884,525,0,0
1755584430_6..S03R,038050_6..S03R,6,1,1755584430,06 0620+ 177/BBR,1755601704,1755601707,1164,0,0
1755584460_1..S03R,038100_1..S03R,1,1,1755584460,01 0621  242/SFT,1755602119,1755602124,1271,0,0
1755584460_2..S05R,038100_2..S05R,2,1,1755584460,02 0621  241/FLA,1755605028,1755605034,2033,0,0
1755584460_2..S07R,038100_2..S07R,2,1,1755584460,02 0621  238/FLA,1755604638,1755604644,1929,0,0
1755584490_1..N03R,038150_1..N03R,1,0,1755584490,01 0621+ SFT/242,1755602322,1755602325,1324,0,0
1755584520_5..N73R,038200_5..N73R,5,0,1755584520,E5 0622  BWG/DYR,1755602493,1755602499,835,0,0
1755584580_7X..S,038300_7X..S,7X,1,1755584580,07 0623 MST/34H,1755600954,1755600960,958,0,0
1755584610_7..N,038350_7..N,7,0,1755584610,07 0623+ 34H/MST,1755601155,1755601159,1000,0,0
1755584610_GS.S01R,038350_GS.S01R,GS,1,1755584610,0S 0623+ TSS/GCS,1755599079,1755599085,574,0,0
1755584640_2..N01R,038400_2..N01R,2,0,1755584640,02 0624  FLA/241,1755604863,1755604869,1989,0,0
1755584640_5..S04R,038400_5..S04R,5,1,1755584640,05 0624  DYR/FLA,1755604308,1755604314,1843,0,0
1755584670_7..S,038450_7..S,7,1,1755584670,07 0624+ 111/34H,1755601134,1755601140,978,0,0
1755584700_3..N01R,038500_3..N01R,3,0,1755584700,03 0625  NLT/148,1755603078,1755603084,1433,0,0
1755584700_7..S,038500_7..S,7,1,1755584700,07 0625 MST/34H,1755601365,1755601369,1047,0,0
1755584700_GS.N04R,038500_GS.N04R,GS,0,1755584700,0S 0625  GCS/TSS,1755599184,1755599190,518,0,0
1755584730_5..S09R,038550_5..S09R,5,1,1755584730,05 0625+ 238/FLA,1755604788,1755604794,1886,0,0
1755584760_4..S06R,038600_4..S06R,4,1,1755584760,04 0626  WDL/UTI,1755603183,1755603189,1461,0,0
1755584790_6..N01R,038650_6..N01R,6,0,1755584790,06 0626+ BBR/PEL,1755602832,1755602835,1368,0,0
1755584820_6..S02R,038700_6..S02R,6X,1,1755584820,06 0627  PEL/BBR,1755602520,1755602523,1293,0,0
1755584850_4..N,038750_4..N,4,0,1755584850,04 0627+ BWG/WDL,1755602238,1755602244,288,0,0
1755584850_4..N14R,038750_4..N14R,4,0,1755584850,04 0627+ BWG/WDL,1755601054,1755601059,931,0,0
1755584880_3..S01R,038800_3..S01R,3,1,1755584880,03 0628  148/NLT,1755603312,1755603315,1495,0,0
1755584880_5..N71R,038800_5..N71R,5,0,1755584880,05 0628  FLA/DYR,1755604248,1755604254,1729,0,0
1755584880_7..N,038800_7..N,7,0,1755584880,07 0628 34H/MST,1755601452,1755601455,1006,0,0
1755584880_7X..S,038800_7X..S,7X,1,1755584880,07 0628 MST/34H,1755601279,1755601284,966,0,0
1755584910_GS.S04R,038850_GS.S04R,GS,1,1755584910,0S 0628+ TSS/GCS,1755599379,1755599385,563,0,0
1755584940_1..S03R,038900_1..S03R,1,1,1755584940,01 0629  242/SFT,1755602790,1755602796,1357,0,0
1755584970_2..S05R,038950_2..S05R,2,1,1755584970,02 0629+ 241/FLA,1755605358,1755605364,1956,0,0
1755584970_6..S03R,038950_6..S03R,6,1,1755584970,06 0629+ 177/BBR,1755602277,1755602280,1149,0,0
1755585000_2..N01R,039000_2..N01R,2,0,1755585000,E2 0630  FLA/241,1755605272,1755605277,1430,0,0
1755585000_4..S34R,039000_4..S34R,4,1,1755585000,04 0630  WDL/UTI,1755603918,1755603924,1576,0,0
1755585000_GS.N01R,039000_GS.N01R,GS,0,1755585000,0S 0630  GCS/TSS,1755599499,1755599505,514,0,0
1755585090_1..N03R,039150_1..N03R,1,0,1755585090,01 0631+ SFT/242,1755602862,1755602865,1295,0,0
1755585120_7..N,039200_7..N,7,0,1755585120,07 0632 34H/MST,1755601819,1755601824,1010,0,0
1755585150_7X..S,039250_7X..S,7X,1,1755585150,07 0632+ MST/34H,1755601644,1755601647,964,0,0
1755585210_2..S07R,039350_2..S07R,2,1,1755585210,02 0633+ 238/FLA,1755605463,1755605469,1982,0,0
1755585210_GS.S01R,039350_GS.S01R,GS,1,1755585210,0S 0633+ TSS/GCS,1755599679,1755599685,557,0,0
1755585270_5..S04R,039450_5..S04R,5,1,1755585270,05 0634+ DYR/FLA,1755605163,1755605169,1823,0,0
1755585270_6..N01R,039450_6..N01R,6,0,1755585270,06 0634+ BBR/PEL,1755603153,1755603159,1293,0,0
1755585270_7..S,039450_7..S,7,1,1755585270,07 0634+ MST/34H,1755601995,1755601999,1053,0,0
1755585300_1..S03R,039500_1..S03R,1,1,1755585300,01 0635  242/SFT,1755603048,1755603054,1265,0,0
1755585300_2..N01R,039500_2..N01R,2,0,1755585300,02 0635  FLA/241,1755605385,1755605388,1883,0,0
1755585300_2..S05R,039500_2..S05R,2,1,1755585300,02 0635  241/FLA,1755606165,1755606168,2077,0,0
1755585300_4..S34R,039500_4..S34R,4,1,1755585300,04 0635  WDL/UTI,1755604272,1755604275,1590,0,0
1755585300_6..S02R,039500_6..S02R,6X,1,1755585300,06 0635  PEL/BBR,1755602988,1755602994,1249,0,0
1755585300_7..N,039500_7..N,7,0,1755585300,07 0635 34H/MST,1755601875,1755601879,969,0,0
1755585300_GS.N04R,039500_GS.N04R,GS,0,1755585300,0S 0635  GCS/TSS,1755599790,1755599794,503,0,0
1755585330_3..N01R,039550_3..N01R,3,0,1755585330,03 0635+ NLT/148,1755603912,1755603915,1494,0,0
1755585450_1..S04R,039750_1..S04R,1,1,1755585450,01 0637+ 238/SFT,1755600184,1755600189,8,0,0
1755585450_5..S09R,039750_5..S09R,5,1,1755585450,05 0637+ 238/FLA,1755605757,1755605760,1959,0,0
1755585450_7X..S,039750_7X..S,7X,1,1755585450,07 0637+ MST/34H,1755602142,1755602145,1038,0,0
1755585480_5..N71R,039800_5..N71R,5,0,1755585480,05 0638  FLA/DYR,1755604908,1755604914,1758,0,0
1755585480_6..S03R,039800_6..S03R,6,1,1755585480,06 0638  177/BBR,1755602805,1755602808,1201,0,0
1755585480_7..N,039800_7..N,7,0,1755585480,07 0638 34H/MST,1755602070,1755602074,1019,0,0
1755585510_GS.S04R,039850_GS.S04R,GS,1,1755585510,0S 0638+ TSS/GCS,1755599979,1755599985,548,0,0
1755585570_1..N03R,039950_1..N03R,1,0,1755585570,01 0639+ SFT/242,1755603342,1755603345,1264,0,0
1755585600_GS.N01R,040000_GS.N01R,GS,0,1755585600,0S 0640  GCS/TSS,1755600084,1755600090,491,0,0
1755585660_4..S34R,040100_4..S34R,4,1,1755585660,04 0641  WDL/UTI,1755604458,1755604464,1561,0,0
1755585690_3..S01R,040150_3..S01R,3,1,1755585690,03 0641+ 148/NLT,1755603912,1755603915,1415,0,0
1755585690_4..N,040150_4..N,4,0,1755585690,04 0641+ UTI/WDL,1755604152,1755604155,303,0,0
1755585690_4..N06R,040150_4..N06R,4,0,1755585690,04 0641+ UTI/WDL,1755603012,1755603015,1176,0,0
1755585690_7..N,040150_7..N,7,0,1755585690,07 0641+ 34H/MST,1755602568,1755602574,1063,0,0
1755585720_2..S05R,040200_2..S05R,2,1,1755585720,02 0642  241/FLA,1755606315,1755606318,2051,0,0
1755585750_1..S04R,040250_1..S04R,1,1,1755585750,01 0642+ 238/SFT,1755603348,1755603354,1259,0,0
1755585750_6..N01R,040250_6..N01R,6,0,1755585750,06 0642+ BBR/PEL,1755603858,1755603864,1401,0,0
1755585750_6..S,040250_6..S,6X,1,1755585750,06 0642+ PEL/BBR,1755603618,1755603624,355,0,0
1755585750_6..S02R,040250_6..S02R,6X,1,1755585750,06 0642+ PEL/BBR,1755602172,1755602175,963,0,0
1755585750_7X..S,040250_7X..S,7X,1,1755585750,07 0642+ MST/34H,1755602403,1755602409,1020,0,0
1755585780_5..N01R,040300_5..N01R,5,0,1755585780,05 0643  180/DYR,1755600909,1755600912,661,0,0
1755585810_7..N,040350_7..N,7,0,1755585810,07 0643+ 34H/MST,1755602655,1755602658,1084,0,0
1755585810_GS.S01R,040350_GS.S01R,GS,1,1755585810,0S 0643+ TSS/GCS,1755600279,1755600285,531,0,0
1755585870_7..S,040450_7..S,7,1,1755585870,07 0644+ 111/34H,1755602247,1755602250,957,0,0
1755585900_2..N01R,040500_2..N01R,2,0,1755585900,02 0645  FLA/241,1755605703,1755605709,1809,0,0
1755585900_3..N01R,040500_3..N01R,3,0,1755585900,03 0645  NLT/148,1755604443,1755604449,1459,0,0
1755585900_GS.N04R,040500_GS.N04R,GS,0,1755585900,0S 0645  GCS/TSS,1755600399,1755600405,475,0,0
1755585960_1..S03R,040600_1..S03R,1,1,1755585960,01 0646  242/SFT,1755603708,1755603714,1281,0,0
1755585960_7..N,040600_7..N,7,0,1755585960,07 0646 34H/MST,1755602752,1755602760,1066,0,0
1755585990_5..S09R,040650_5..S09R,5,1,1755585990,05 0646+ 238/FLA,1755605997,1755606000,1887,0,0
1755585990_7..S,040650_7..S,7,1,1755585990,07 0646+ MST/34H,1755602778,1755602784,534,0,0
1755586050_1..N03R,040750_1..N03R,1,0,1755586050,01 0647+ SFT/242,1755603618,1755603624,1257,0,0
1755586050_2..S05R,040750_2..S05R,2,1,1755586050,02 0647+ 241/FLA,1755606687,1755606690,2070,0,0
1755586080_4..S34R,040800_4..S34R,4,1,1755586080,04 0648  WDL/UTI,1755604782,1755604785,1565,0,0
1755586080_5..S04R,040800_5..S04R,5,1,1755586080,05 0648  DYR/FLA,1755605865,1755605868,1852,0,0
1755586080_7..N,040800_7..N,7,0,1755586080,07 0648 34H/MST,1755602928,1755602934,1078,0,0
1755586110_5..N71R,040850_5..N71R,5,0,1755586110,05 0648+ FLA/DYR,1755605223,1755605229,1680,0,0
1755586110_GS.S04R,040850_GS.S04R,GS,1,1755586110,0S 0648+ TSS/GCS,1755600624,1755600630,523,0,0
1755586140_3..S01R,040900_3..S01R,3,1,1755586140,03 0649  148/NLT,1755604128,1755604134,1393,0,0
1755586170_6..N01R,040950_6..N01R,6,0,1755586170,06 0649+ BBR/PEL,1755604233,1755604239,1345,0,0
1755586200_6..S02R,041000_6..S02R,6X,1,1755586200,06 0650  PEL/BBR,1755603960,1755603963,1272,0,0
1755586200_GS.N01R,041000_GS.N01R,GS,0,1755586200,0S 0650  GCS/TSS,1755600684,1755600690,459,0,0
1755586230_6..S03R,041050_6..S03R,6,1,1755586230,06 0650+ 177/BBR,1755603828,1755603834,969,0,0
1755586230_7..N,041050_7..N,7,0,1755586230,07 0650+ 34H/MST,1755603135,1755603138,1075,0,0
1755586260_2..N01R,041100_2..N01R,2,0,1755586260,E2 0651  FLA/241,1755606543,1755606549,1482,0,0
1755586290_4..N,041150_4..N,4,0,1755586290,04 0651+ UTI/WDL,1755604602,1755604605,355,0,0
1755586290_4..N06R,041150_4..N06R,4,0,1755586290,04 0651+ UTI/WDL,1755603258,1755603264,1086,0,0
1755586350_1..S04R,041250_1..S04R,1,1,1755586350,01 0652+ 238/SFT,1755604083,1755604089,1304,0,0
1755586350_7..N,041250_7..N,7,0,1755586350,07 0652+ 34H/MST,1755603318,1755603324,1112,0,0
1755586350_7X..S,041250_7X..S,7X,1,1755586350,07 0652+ MST/34H,1755602880,1755602883,995,0,0
1755586410_2..S05R,041350_2..S05R,2,1,1755586410,02 0653+ 241/FLA,1755606945,1755606948,2062,0,0
1755586410_GS.S01R,041350_GS.S01R,GS,1,1755586410,0S 0653+ TSS/GCS,1755600874,1755600882,497,0,0
1755586470_4..S34R,041450_4..S34R,4,1,1755586470,04 0654+ WDL/UTI,1755605088,1755605094,1493,0,0
1755586470_7..S,041450_7..S,7,1,1755586470,07 0654+ MST/34H,1755603120,1755603123,1028,0,0
1755586500_2..N01R,041500_2..N01R,2,0,1755586500,02 0655  FLA/241,1755606663,1755606669,1897,0,0
1755586500_3..N01R,041500_3..N01R,3,0,1755586500,03 0655  NLT/148,1755605133,1755605139,1504,0,0
1755586500_7..N,041500_7..N,7,0,1755586500,07 0655 34H/WPT,1755602913,1755602919,968,0,0
1755586500_GS.N04R,041500_GS.N04R,GS,0,1755586500,0S 0655  GCS/TSS,1755600984,1755600990,444,0,0
1755586530_1..N03R,041550_1..N03R,1,0,1755586530,01 0655+ SFT/242,1755604272,1755604275,1277,0,0
1755586530_1..S03R,041550_1..S03R,1,1,1755586530,01 0655+ 242/SFT,1755604533,1755604539,1346,0,0
1755586560_6..N01R,041600_6..N01R,6,0,1755586560,06 0656  BBR/PEL,1755604572,1755604575,1356,0,0
1755586590_6..S,041650_6..S,6X,1,1755586590,06 0656+ PEL/BBR,1755604572,1755604575,140,0,0
1755586590_6..S02R,041650_6..S02R,6X,1,1755586590,06 0656+ PEL/BBR,1755604044,1755604047,1216,0,0
1755586620_3..S03R,041700_3..S03R,3,1,1755586620,03 0657  145/NLT,1755604653,1755604659,1373,0,0
1755586650_5..S06R,041750_5..S06R,5,1,1755586650,05 0657+ DYR/UTI,1755605364,1755605367,1564,0,0
1755586650_7X..S,041750_7X..S,7X,1,1755586650,07 0657+ MST/34H,1755603210,1755603213,984,0,0
1755586680_7..N,041800_7..N,7,0,1755586680,07 0658 34H/MST,1755603528,1755603534,1068,0,0
1755586710_GS.S04R,041850_GS.S04R,GS,1,1755586710,0S 0658+ TSS/GCS,1755601185,1755601189,487,0,0
1755586800_7..N,042000_7..N,7,0,1755586800,07 0700 34H/MST,1755603675,1755603678,1095,0,0
1755586800_GS.N01R,042000_GS.N01R,GS,0,1755586800,0S 0700  GCS/TSS,1755601290,1755601294,440,0,0
1755586830_2..S05R,042050_2..S05R,2,1,1755586830,02 0700+ 241/FLA,1755607377,1755607380,2022,0,0
1755586860_3..S01R,042100_3..S01R,3,1,1755586860,03 0701  148/NLT,1755604998,1755605004,1399,0,0
1755586860_5..N71R,042100_5..N71R,5,0,1755586860,05 0701  FLA/DYR,1755606243,1755606249,1728,0,0
1755586860_6..S,042100_6..S,6,1,1755586860,06 0701  177/BBR,1755604152,1755604155,18,0,0
1755586860_6..S03R,042100_6..S03R,6,1,1755586860,06 0701  177/BBR,1755604068,1755604074,1152,0,0
1755586890_4..N,042150_4..N,4,0,1755586890,04 0701+ UTI/WDL,1755605178,1755605184,395,0,0
1755586890_4..N06R,042150_4..N06R,4,0,1755586890,04 0701+ UTI/WDL,1755603678,1755603684,1054,0,0
1755586920_1..S04R,042200_1..S04R,1,1,1755586920,01 0702  238/SFT,1755604722,1755604725,1324,0,0
1755586920_6..S02R,042200_6..S02R,6X,1,1755586920,06 0702  PEL/BBR,1755604908,1755604914,1374,0,0
1755586950_2..S06R,042250_2..S06R,2,1,1755586950,02 0702+ 241/NLT,1755608103,1755608109,2200,0,0
1755586950_3..N01R,042250_3..N01R,3,0,1755586950,03 0702+ NLT/148,1755605667,1755605670,1574,0,0
1755586950_6..N01R,042250_6..N01R,6,0,1755586950,06 0702+ BBR/PEL,1755605079,1755605085,1419,0,0
1755586950_7..N,042250_7..N,7,0,1755586950,07 0702+ 34H/MST,1755603834,1755603837,1086,0,0
1755586950_7X..S,042250_7X..S,7X,1,1755586950,07 0702+ MST/34H,1755603378,1755603384,966,0,0
1755586980_4..S34R,042300_4..S34R,4,1,1755586980,04 0703  WDL/UTI,1755605670,1755605673,1575,0,0
1755587010_1..N03R,042350_1..N03R,1,0,1755587010,01 0703+ SFT/242,1755604833,1755604839,1354,0,0
1755587010_GS.S01R,042350_GS.S01R,GS,1,1755587010,0S 0703+ TSS/GCS,1755601489,1755601494,486,0,0
1755587070_2..N01R,042450_2..N01R,2,0,1755587070,02 0704+ FLA/241,1755607125,1755607128,1888,0,0
1755587070_4..N,042450_4..N,4,0,1755587070,04 0704+ UTI/WDL,1755605463,1755605469,364,0,0
1755587070_4..N06R,042450_4..N06R,4,0,1755587070,04 0704+ UTI/WDL,1755604083,1755604089,1083,0,0
1755587070_7..S,042450_7..S,7,1,1755587070,07 0704+ MST/34H,1755603645,1755603648,1014,0,0
1755587100_7..N,042500_7..N,7,0,1755587100,07 0705 34H/111,1755603369,1755603372,941,0,0
1755587100_GS.N04R,042500_GS.N04R,GS,0,1755587100,0S 0705  GCS/TSS,1755601605,1755601609,438,0,0
1755587130_1..S03R,042550_1..S03R,1,1,1755587130,01 0705+ 242/SFT,1755605013,1755605019,1329,0,0
1755587130_6..S02R,042550_6..S02R,6X,1,1755587130,06 0705+ PEL/BBR,1755605202,1755605205,1375,0,0
1755587160_5..S15R,042600_5..S15R,5,1,1755587160,05 0706  238/UTI,1755606813,1755606819,1805,0,0
1755587220_4..S34R,042700_4..S34R,4,1,1755587220,04 0707  WDL/UTI,1755605898,1755605904,1562,0,0
1755587250_6..S03R,042750_6..S03R,6,1,1755587250,06 0707+ 177/BBR,1755604728,1755604734,1252,0,0
1755587250_7..N,042750_7..N,7,0,1755587250,07 0707+ 34H/111,1755603588,1755603594,952,0,0
1755587250_7X..S,042750_7X..S,7X,1,1755587250,07 0707+ MST/34H,1755603768,1755603774,1000,0,0
1755587280_5..S04R,042800_5..S04R,5,1,1755587280,05 0708  DYR/FLA,1755606543,1755606549,1902,0,0
1755587280_6..N03R,042800_6..N03R,6,0,1755587280,06 0708  BBR/177,1755604614,1755604617,1221,0,0
1755587310_3..N01R,042850_3..N01R,3,0,1755587310,03 0708+ NLT/148,1755605973,1755605979,1582,0,0
1755587310_5..N71R,042850_5..N71R,5,0,1755587310,05 0708+ FLA/DYR,1755606585,1755606588,1744,0,0
1755587310_GS.S04R,042850_GS.S04R,GS,1,1755587310,0S 0708+ TSS/GCS,1755601782,1755601785,484,0,0
1755587400_3..S01R,043000_3..S01R,3,1,1755587400,03 0710  148/NLT,1755605523,1755605529,1391,0,0
1755587400_7..N,043000_7..N,7,0,1755587400,07 0710 34H/MST,1755604200,1755604203,1073,0,0
1755587400_GS.N01R,043000_GS.N01R,GS,0,1755587400,0S 0710  GCS/TSS,1755601890,1755601894,438,0,0
1755587430_4..N,043050_4..N,4,0,1755587430,04 0710+ NLT/WDL,1755606945,1755606948,407,0,0
1755587430_4..N03R,043050_4..N03R,4,0,1755587430,04 0710+ NLT/WDL,1755605415,1755605418,1362,0,0
1755587490_1..N03R,043150_1..N03R,1,0,1755587490,01 0711+ SFT/242,1755605322,1755605325,1336,0,0
1755587490_4..N,043150_4..N,4,0,1755587490,04 0711+ UTI/WDL,1755605877,1755605880,348,0,0
1755587490_4..N06R,043150_4..N06R,4,0,1755587490,04 0711+ UTI/WDL,1755604560,1755604563,1136,0,0
1755587490_6..S02R,043150_6..S02R,6X,1,1755587490,06 0711+ PEL/BBR,1755605445,1755605448,1369,0,0
1755587520_1..S04R,043200_1..S04R,1,1,1755587520,01 0712  238/SFT,1755605322,1755605325,1336,0,0
1755587520_4..S35R,043200_4..S35R,4,1,1755587520,04 0712  WDL/BWG,1755605112,1755605115,1280,0,0
1755587520_6..N01R,043200_6..N01R,6,0,1755587520,06 0712  BBR/PEL,1755605433,1755605439,1366,0,0
1755587550_2..S07R,043250_2..S07R,2,1,1755587550,02 0712+ 238/FLA,1755607743,1755607752,1970,0,0
1755587550_7..N,043250_7..N,7,0,1755587550,07 0712+ 34H/MST,1755604470,1755604473,1125,0,0
1755587550_7X..S,043250_7X..S,7X,1,1755587550,07 0712+ MST/34H,1755604029,1755604032,1007,0,0
1755587610_2..N01R,043350_2..N01R,2,0,1755587610,02 0713+ FLA/241,1755607947,1755607950,2022,0,0
1755587610_6..S03R,043350_6..S03R,6,1,1755587610,06 0713+ 177/BBR,1755605040,1755605043,1263,0,0
1755587610_GS.S01R,043350_GS.S01R,GS,1,1755587610,0S 0713+ TSS/GCS,1755602079,1755602082,487,0,0
1755587640_4..N,043400_4..N,4,0,1755587640,04 0714  UTI/WDL,1755606093,1755606099,302,0,0
1755587640_4..N06R,043400_4..N06R,4,0,1755587640,04 0714  UTI/WDL,1755604953,1755604959,1240,0,0
1755587640_7..S,043400_7..S,7,1,1755587640,07 0714 111/34H,1755603903,1755603909,924,0,0
1755587640_GS.N04R,043400_GS.N04R,GS,0,1755587640,0S 0714  GCS/TSS,1755602139,1755602142,503,0,0
1755587670_1..S03R,043450_1..S03R,1,1,1755587670,01 0714+ 242/SFT,1755605613,1755605619,1351,0,0
1755587670_5..S09R,043450_5..S09R,5,1,1755587670,05 0714+ 238/FLA,1755608547,1755608550,2081,0,0
1755587670_7..S,043450_7..S,7,1,1755587670,07 0714+ MST/34H,1755604209,1755604212,1005,0,0
1755587700_7..N,043500_7..N,7,0,1755587700,07 0715 34H/WPT,1755604158,1755604164,992,0,0
1755587760_3..S01R,043600_3..S01R,3,1,1755587760,03 0716  148/NLT,1755605967,1755605970,1440,0,0
1755587790_5..N62R,043650_5..N62R,5,0,1755587790,05 0716+ NLT/DYR,1755607977,1755607980,1966,0,0
1755587790_6..N03R,043650_6..N03R,6,0,1755587790,06 0716+ BBR/177,1755605127,1755605130,1220,0,0
1755587820_4..S34R,043700_4..S34R,4,1,1755587820,04 0717  WDL/UTI,1755606378,1755606384,1553,0,0
1755587820_5..N71R,043700_5..N71R,5,0,1755587820,05 0717  FLA/DYR,1755607443,1755607449,1829,0,0
1755587850_7..N,043750_7..N,7,0,1755587850,07 0717+ 34H/MST,1755604518,1755604524,1059,0,0
1755587850_7X..S,043750_7X..S,7X,1,1755587850,07 0717+ MST/34H,1755604395,1755604398,1027,0,0
1755587850_GS.S04R,043750_GS.S04R,GS,1,1755587850,0S 0717+ TSS/GCS,1755602319,1755602322,486,0,0
1755587880_2..S05R,043800_2..S05R,2,1,1755587880,02 0718  241/FLA,1755608253,1755608259,2027,0,0
1755587880_6..S02R,043800_6..S02R,6X,1,1755587880,06 0718  PEL/BBR,1755605985,1755605988,1449,0,0
1755587880_GS.N01R,043800_GS.N01R,GS,0,1755587880,0S 0718  GCS/TSS,1755602373,1755602379,501,0,0
1755587910_1..S03R,043850_1..S03R,1,1,1755587910,01 0718+ 242/SFT,1755605865,1755605868,1417,0,0
1755587910_5..S04R,043850_5..S04R,5,1,1755587910,05 0718+ DYR/FLA,1755606375,1755606378,1857,0,0
1755587940_3..N01R,043900_3..N01R,3,0,1755587940,03 0719  NLT/148,1755606597,1755606600,1611,0,0
1755587940_4..N,043900_4..N,4,0,1755587940,04 0719  UTI/WDL,1755606423,1755606429,331,0,0
1755587940_4..N06R,043900_4..N06R,4,0,1755587940,04 0719  UTI/WDL,1755605184,1755605187,1234,0,0
1755587970_1..N03R,043950_1..N03R,1,0,1755587970,01 0719+ SFT/242,1755605667,1755605670,1304,0,0
1755588000_7..N,044000_7..N,7,0,1755588000,07 0720 34H/MST,1755604893,1755604899,1135,0,0
1755588060_2..S05R,044100_2..S05R,2,1,1755588060,02 0721  241/FLA,1755608667,1755608670,2070,0,0
1755588060_4..S34R,044100_4..S34R,4,1,1755588060,04 0721  WDL/UTI,1755606978,1755606984,1653,0,0
1755588060_6..N01R,044100_6..N01R,6,0,1755588060,06 0721  BBR/PEL,1755606087,1755606090,1416,0,0
1755588090_GS.S01R,044150_GS.S01R,GS,1,1755588090,0S 0721+ TSS/GCS,1755602562,1755602565,489,0,0
1755588120_GS.N04R,044200_GS.N04R,GS,0,1755588120,0S 0722  GCS/TSS,1755602607,1755602610,501,0,0
1755588150_3..S01R,044250_3..S01R,3,1,1755588150,03 0722+ 148/NLT,1755606423,1755606429,1504,0,0
1755588150_6..S03R,044250_6..S03R,6,1,1755588150,06 0722+ 177/BBR,1755605748,1755605754,1325,0,0
1755588150_7..N,044250_7..N,7,0,1755588150,07 0722+ 34H/MST,1755604983,1755604989,1124,0,0
1755588150_7X..S,044250_7X..S,7X,1,1755588150,07 0722+ MST/34H,1755604539,1755604542,1006,0,0
1755588180_1..S04R,044300_1..S04R,1,1,1755588180,01 0723  238/SFT,1755606093,1755606099,1417,0,0
1755588180_2..N03R,044300_2..N03R,2,0,1755588180,02 0723  NLT/241,1755608847,1755608850,2117,0,0
1755588180_6..S02R,044300_6..S02R,6X,1,1755588180,06 0723  PEL/BBR,1755606132,1755606135,1426,0,0
1755588270_7..S,044450_7..S,7,1,1755588270,07 0724+ MST/34H,1755604968,1755604974,1096,0,0
1755588300_1..S03R,044500_1..S03R,1,1,1755588300,01 0725  242/SFT,1755606327,1755606330,1416,0,0
1755588300_7..N,044500_7..N,7,0,1755588300,07 0725 34H/WPT,1755605103,1755605109,1130,0,0
1755588330_6..N03R,044550_6..N03R,6,0,1755588330,06 0725+ BBR/177,1755605643,1755605649,1235,0,0
1755588330_GS.S04R,044550_GS.S04R,GS,1,1755588330,0S 0725+ TSS/GCS,1755602799,1755602802,482,0,0
1755588360_5..S09R,044600_5..S09R,5,1,1755588360,05 0726  238/FLA,1755609585,1755609591,2227,0,0
1755588360_GS.N01R,044600_GS.N01R,GS,0,1755588360,0S 0726  GCS/TSS,1755602865,1755602868,498,0,0
1755588390_1..N03R,044650_1..N03R,1,0,1755588390,01 0726+ SFT/242,1755606087,1755606090,1352,0,0
1755588420_3..N01R,044700_3..N01R,3,0,1755588420,03 0727  NLT/148,1755607023,1755607029,1534,0,0
1755588450_7..N,044750_7..N,7,0,1755588450,07 0727+ 34H/MST,1755605439,1755605442,1188,0,0
1755588450_7X..S,044750_7X..S,7X,1,1755588450,07 0727+ MST/34H,1755604839,1755604842,1030,0,0
1755588480_5..N84R,044800_5..N84R,5,0,1755588480,05 0728  FLA/180,1755611484,1755611489,2574,0,0
1755588510_1..S03R,044850_1..S03R,1,1,1755588510,01 0728+ 242/SFT,1755606537,1755606540,1471,0,0
1755588540_4..N,044900_4..N,4,0,1755588540,04 0729  UTI/WDL,1755607347,1755607350,362,0,0
1755588540_4..N06R,044900_4..N06R,4,0,1755588540,04 0729  UTI/WDL,1755605958,1755605964,1318,0,0
1755588540_4..S34R,044900_4..S34R,4,1,1755588540,04 0729  WDL/UTI,1755608238,1755608244,1899,0,0
1755588540_4..S36R,044900_4..S36R,4,1,1755588540,04 0729  BPK/UTI,1755607425,1755607428,1700,0,0
1755588540_5..S04R,044900_5..S04R,5,1,1755588540,05 0729  DYR/FLA,1755608964,1755608970,2509,0,0
1755588570_2..S05R,044950_2..S05R,2,1,1755588570,02 0729+ 241/FLA,1755609063,1755609069,2017,0,0
1755588570_7..N,044950_7..N,7,0,1755588570,07 0729+ 34H/MST,1755605523,1755605529,1185,0,0
1755588570_GS.S01R,044950_GS.S01R,GS,1,1755588570,0S 0729+ TSS/GCS,1755603060,1755603063,489,0,0
1755588600_3..S03R,045000_3..S03R,3,1,1755588600,03 0730  145/NLT,1755607083,1755607089,1555,0,0
1755588600_6..N01R,045000_6..N01R,6,0,1755588600,06 0730  BBR/PEL,1755606513,1755606519,1242,0,0
1755588600_GS.N04R,045000_GS.N04R,GS,0,1755588600,0S 0730  GCS/TSS,1755603075,1755603078,492,0,0
1755588660_2..N01R,045100_2..N01R,2,0,1755588660,02 0731  FLA/241,1755608973,1755608979,2021,0,0
1755588690_7..N,045150_7..N,7,0,1755588690,07 0731+ 34H/WPT,1755605487,1755605490,1146,0,0
1755588690_7X..S,045150_7X..S,7X,1,1755588690,07 0731+ MST/34H,1755605124,1755605127,1049,0,0
1755588750_1..N03R,045250_1..N03R,1,0,1755588750,01 0732+ SFT/242,1755606435,1755606438,1382,0,0
1755588780_6..S03R,045300_6..S03R,6,1,1755588780,06 0733  177/BBR,1755606273,1755606279,1339,0,0
1755588810_5..N71R,045350_5..N71R,5,0,1755588810,05 0733+ FLA/DYR,1755609018,1755609024,1954,0,0
1755588810_7..S,045350_7..S,7,1,1755588810,07 0733+ MST/34H,1755605442,1755605445,1110,0,0
1755588810_GS.S04R,045350_GS.S04R,GS,1,1755588810,0S 0733+ TSS/GCS,1755603285,1755603288,548,0,0
1755588840_1..S04R,045400_1..S04R,1,1,1755588840,01 0734  238/SFT,1755606813,1755606819,1483,0,0
1755588840_3..S01R,045400_3..S01R,3,1,1755588840,03 0734  148/NLT,1755607503,1755607509,1659,0,0
1755588840_7..N,045400_7..N,7,0,1755588840,07 0734 34H/MST,1755605787,1755605790,1197,0,0
1755588840_GS.N01R,045400_GS.N01R,GS,0,1755588840,0S 0734  GCS/TSS,1755603327,1755603330,559,0,0
1755588870_2..S07R,045450_2..S07R,2,1,1755588870,02 0734+ 238/FLA,1755609387,1755609390,1929,0,0
1755588870_3..N01R,045450_3..N01R,3,0,1755588870,03 0734+ NLT/148,1755607578,1755607584,1610,0,0
1755588870_4..N06R,045450_4..N06R,4,0,1755588870,<4 0734+ UTI/WDL,1755614275,1755614278,3251,0,0
1755588870_6..N03R,045450_6..N03R,6,0,1755588870,06 0734+ BBR/177,1755606213,1755606219,1162,0,0
1755588870_6..S02R,045450_6..S02R,6X,1,1755588870,06 0734+ PEL/BBR,1755607089,1755607092,1489,0,0
1755588870_7..S,045450_7..S,7,1,1755588870,07 0734+ 111/34H,1755605283,1755605289,1035,0,0
1755588900_4..S34R,045500_4..S34R,4,1,1755588900,04 0735  WDL/UTI,1755608592,1755608595,1860,0,0
1755588930_2..S05R,045550_2..S05R,2,1,1755588930,02 0735+ 241/FLA,1755609840,1755609852,2057,0,0
1755588960_7..N,045600_7..N,7,0,1755588960,=7 0736 111/WPT,1755603714,1755603717,618,0,0
1755588990_7..N,045650_7..N,7,0,1755588990,07 0736+ 34H/MST,1755605868,1755605874,1173,0,0
1755589020_1..S03R,045700_1..S03R,1,1,1755589020,01 0737  242/SFT,1755606963,1755606969,1455,0,0
1755589020_2..N01R,045700_2..N01R,2,0,1755589020,02 0737  FLA/241,1755609438,1755609444,2063,0,0
1755589050_7X..S,045750_7X..S,7X,1,1755589050,07 0737+ MST/34H,1755605622,1755605625,1107,0,0
1755589050_GS.S01R,045750_GS.S01R,GS,1,1755589050,0S 0737+ TSS/GCS,1755603525,1755603528,543,0,0
1755589080_3..S01R,045800_3..S01R,3,1,1755589080,03 0738  148/NLT,1755607893,1755607899,1655,0,0
1755589080_GS.N04R,045800_GS.N04R,GS,0,1755589080,0S 0738  GCS/TSS,1755603552,1755603555,550,0,0
1755589110_1..N03R,045850_1..N03R,1,0,1755589110,01 0738+ SFT/242,1755606927,1755606930,1445,0,0
1755589129_7..N,045883_7..N,7,0,1755589129,=7 0738+ 111/MST,1755604029,1755604032,648,0,0
1755589140_6..N01R,045900_6..N01R,6,0,1755589140,06 0739  BBR/PEL,1755607125,1755607128,1404,0,0
1755589140_6..S03R,045900_6..S03R,6,1,1755589140,06 0739  177/BBR,1755606615,1755606618,1362,0,0
1755589170_5..S04R,045950_5..S04R,5,0,1755589170,05 0739+ DYR/FLA,1755607767,1755607770,1585,0,0
1755589170_7..S,045950_7..S,7,1,1755589170,07 0739+ MST/34H,1755606012,1755606015,1172,0,0
1755589230_5..N71R,046050_5..N71R,5,0,1755589230,05 0740+ FLA/DYR,1755609858,1755609864,2004,0,0
1755589230_6..S02R,046050_6..S02R,6X,1,1755589230,06 0740+ PEL/BBR,1755607734,1755607737,1577,0,0
1755589230_7..N,046050_7..N,7,0,1755589230,07 0740+ 34H/WPT,1755605799,1755605802,1115,0,0
1755589230_7..S,046050_7..S,7,1,1755589230,07 0740+ WPT/34H,1755605772,1755605775,1108,0,0
1755589260_1..S03R,046100_1..S03R,1,1,1755589260,01 0741  242/SFT,1755607197,1755607200,1444,0,0
1755589290_2..S06R,046150_2..S06R,2,1,1755589290,02 0741+ 241/NLT,1755609944,1755609951,1875,0,0
1755589290_4..N,046150_4..N,4,0,1755589290,04 0741+ UTI/WDL,1755608118,1755608124,262,0,0
1755589290_4..N06R,046150_4..N06R,4,0,1755589290,04 0741+ UTI/WDL,1755607050,1755607053,1361,0,0
1755589290_7X..S,046150_7X..S,7X,1,1755589290,07 0741+ MST/34H,1755605868,1755605874,1105,0,0
1755589290_GS.S04R,046150_GS.S04R,GS,1,1755589290,0S 0741+ TSS/GCS,1755603762,1755603765,534,0,0
1755589320_3..N01R,046200_3..N01R,3,0,1755589320,03 0742  NLT/148,1755608268,1755608274,1705,0,0
1755589320_4..S34R,046200_4..S34R,4,1,1755589320,04 0742  WDL/UTI,1755609144,1755609147,1921,0,0
1755589320_GS.N01R,046200_GS.N01R,GS,0,1755589320,0S 0742  GCS/TSS,1755603843,1755603849,556,0,0
1755589380_7..N,046300_7..N,7,0,1755589380,07 0743 34H/MST,1755606288,1755606294,1177,0,0
1755589440_6..N01R,046400_6..N01R,6,0,1755589440,06 0744  BBR/PEL,1755607623,1755607629,1549,0,0
1755589470_1..N03R,046450_1..N03R,1,0,1755589470,01 0744+ SFT/242,1755607167,1755607170,1361,0,0
1755589470_5..N,046450_5..N,5,0,1755589470,E5 0744+ FLA/180,1755609444,1755609449,920,0,0
1755589470_5..N84R,046450_5..N84R,5,0,1755589470,05 0744+ FLA/180,1755605397,1755605400,891,0,0
1755589500_6..S03R,046500_6..S03R,6,1,1755589500,06 0745  177/BBR,1755607233,1755607239,1377,0,0
1755589530_7..N,046550_7..N,7,0,1755589530,07 0745+ 34H/MST,1755606375,1755606378,1189,0,0
1755589530_7X..S,046550_7X..S,7X,1,1755589530,07 0745+ MST/34H,1755606132,1755606135,1124,0,0
1755589530_GS.S01R,046550_GS.S01R,GS,1,1755589530,0S 0745+ TSS/GCS,1755604029,1755604032,529,0,0
1755589560_4..N,046600_4..N,4,0,1755589560,04 0746  UTI/WDL,1755608793,1755608799,266,0,0
1755589560_4..N06R,046600_4..N06R,4,0,1755589560,04 0746  UTI/WDL,1755607713,1755607719,1415,0,0
1755589560_GS.N04R,046600_GS.N04R,GS,0,1755589560,0S 0746  GCS/TSS,1755604047,1755604050,534,0,0
1755589590_1..S04R,046650_1..S04R,1,1,1755589590,01 0746+ 238/SFT,1755607467,1755607470,1433,0,0
1755589590_2..N01R,046650_2..N01R,2,0,1755589590,/2 0746+ FLA/241,1755610419,1755610424,1928,0,0
1755589620_5..S11R,046700_5..S11R,5,0,1755589620,$5 0747  238/BWG,1755606543,1755606549,1174,0,0
1755589620_6..S02R,046700_6..S02R,6X,1,1755589620,06 0747  PEL/BBR,1755608097,1755608103,1587,0,0
1755589650_7..S,046750_7..S,7,1,1755589650,07 0747+ MST/34H,1755606372,1755606375,1154,0,0
1755589680_1..S03R,046800_1..S03R,1,1,1755589680,01 0748  242/SFT,1755607638,1755607644,1477,0,0
1755589680_5..S04R,046800_5..S04R,5,1,1755589680,05 0748  DYR/FLA,1755610014,1755610019,2051,0,0
1755589680_6..N03R,046800_6..N03R,6,0,1755589680,06 0748  BBR/177,1755607215,1755607221,1373,0,0
1755589680_7..N,046800_7..N,7,0,1755589680,07 0748 34H/MST,1755606498,1755606504,1184,0,0
1755589710_3..S03R,046850_3..S03R,3,1,1755589710,03 0748+ 145/NLT,1755608247,1755608250,1622,0,0
1755589710_4..S34R,046850_4..S34R,4,0,1755589710,$4 0748+ WDL/UTI,1755606255,1755606258,1118,0,0
1755589740_4..N,046900_4..N,4,0,1755589740,04 0749  UTI/BUR,1755609609,1755609614,56,0,0
1755589740_4..N43R,046900_4..N43R,4,0,1755589740,04 0749  UTI/BUR,1755609252,1755609255,1726,0,0
1755589770_7X..S,046950_7X..S,7X,1,1755589770,07 0749+ MST/34H,1755606654,1755606657,1205,0,0
1755589770_GS.S04R,046950_GS.S04R,GS,1,1755589770,0S 0749+ TSS/GCS,1755604245,1755604248,508,0,0
1755589800_GS.N01R,047000_GS.N01R,GS,0,1755589800,0S 0750  GCS/TSS,1755604299,1755604302,522,0,0
1755589830_1..N10R,047050_1..N10R,1,0,1755589830,01 0750+ SFT/137,1755606249,1755606252,1037,0,0
1755589830_3..S01R,047050_3..S01R,3,1,1755589830,03 0750+ 148/NLT,1755608418,1755608424,1586,0,0
1755589830_6..S03R,047050_6..S03R,6,1,1755589830,06 0750+ 177/BBR,1755607908,1755607914,1467,0,0
1755589830_7..N,047050_7..N,7,0,1755589830,07 0750+ 34H/WPT,1755606252,1755606255,1079,0,0
1755589920_1..S03R,047200_1..S03R,1,1,1755589920,01 0752  242/SFT,1755607818,1755607824,1443,0,0
1755589920_2..N01R,047200_2..N01R,2,0,1755589920,/2 0752  FLA/241,1755610794,1755610799,1735,0,0
1755589920_2..S05R,047200_2..S05R,2,1,1755589920,02 0752  241/FLA,1755610233,1755610244,1661,0,0
1755589920_6..N01R,047200_6..N01R,6,0,1755589920,06 0752  BBR/PEL,1755608103,1755608109,1509,0,0
1755589920_6..S02R,047200_6..S02R,6X,1,1755589920,06 0752  PEL/BBR,1755608409,1755608412,1583,0,0
1755589980_7..N,047300_7..N,7,0,1755589980,07 0753 34H/MST,1755606708,1755606714,1142,0,0
1755590010_4..S34R,047350_4..S34R,4,1,1755590010,04 0753+ WDL/UTI,1755609993,1755609999,1967,0,0
1755590010_5..N,047350_5..N,5,0,1755590010,E5 0753+ FLA/DYR,1755610938,1755610944,1106,0,0
1755590010_5..N71R,047350_5..N71R,5,0,1755590010,05 0753+ FLA/DYR,1755606108,1755606114,937,0,0
1755590010_7X..S,047350_7X..S,7X,1,1755590010,07 0753+ MST/34H,1755606819,1755606822,1033,0,0
1755590010_GS.S01R,047350_GS.S01R,GS,1,1755590010,0S 0753+ TSS/GCS,1755604485,1755604488,571,0,0
1755590040_3..N01R,047400_3..N01R,3,0,1755590040,03 0754  NLT/148,1755609273,1755609279,1797,0,0
1755590040_GS.N04R,047400_GS.N04R,GS,0,1755590040,0S 0754  GCS/TSS,1755604533,1755604539,584,0,0
1755590070_4..N,047450_4..N,4,0,1755590070,04 0754+ UTI/WDL,1755611625,1755611631,281,0,0
1755590070_4..N06R,047450_4..N06R,4,0,1755590070,04 0754+ UTI/WDL,1755610503,1755610509,1942,0,0
1755590100_5..S09R,047500_5..S09R,5,1,1755590100,05 0755  238/FLA,1755610833,1755610839,2084,0,0
1755590130_1..N03R,047550_1..N03R,1,0,1755590130,01 0755+ SFT/242,1755607962,1755607965,1402,0,0
1755590130_6..N03R,047550_6..N03R,6,0,1755590130,06 0755+ BBR/177,1755607644,1755607647,1320,0,0
1755590130_7..N,047550_7..N,7,0,1755590130,07 0755+ 34H/MST,1755606900,1755606903,1171,0,0
1755590130_7..S,047550_7..S,7,1,1755590130,07 0755+ MST/34H,1755606948,1755606954,1184,0,0
1755590160_1..S03R,047600_1..S03R,1,1,1755590160,01 0756  242/SFT,1755608238,1755608244,1463,0,0
1755590160_6..S02R,047600_6..S02R,6X,1,1755590160,06 0756  PEL/BBR,1755608595,1755608598,1554,0,0
1755590220_6..S03R,047700_6..S03R,6,1,1755590220,06 0757  177/BBR,1755608253,1755608259,1467,0,0
1755590250_7X..S,047750_7X..S,7X,1,1755590250,07 0757+ MST/34H,1755607092,1755607095,1191,0,0
1755590250_GS.N01R,047750_GS.N01R,GS,0,1755590250,0S 0757+ GCS/TSS,1755604743,1755604749,560,0,0
1755590250_GS.S04R,047750_GS.S04R,GS,1,1755590250,0S 0757+ TSS/GCS,1755604740,1755604743,559,0,0
1755590280_7..N,047800_7..N,7,0,1755590280,07 0758 34H/WPT,1755606732,1755606735,1074,0,0
1755590310_2..S05R,047850_2..S05R,2,1,1755590310,02 0758+ 241/FLA,1755610584,1755610589,1478,0,0
1755590310_4..S34R,047850_4..S34R,4,1,1755590310,04 0758+ WDL/UTI,1755607301,1755607311,1236,0,0
1755590310_5..S04R,047850_5..S04R,5,1,1755590310,05 0758+ DYR/FLA,1755610434,1755610439,1993,0,0
1755590340_4..N06R,047900_4..N06R,4,0,1755590340,04 0759  UTI/WDL,1755607407,1755607410,1259,0,0
1755590340_6..N01R,047900_6..N01R,6,0,1755590340,06 0759  BBR/PEL,1755608478,1755608484,1523,0,0
1755590400_3..N01R,048000_3..N01R,3,0,1755590400,03 0800  NLT/148,1755609711,1755609719,1750,0,0
1755590400_5..N,048000_5..N,5,0,1755590400,E5 0800  FLA/DYR,1755611064,1755611069,1092,0,0
1755590400_5..N71R,048000_5..N71R,5,0,1755590400,05 0800  FLA/DYR,1755606327,1755606330,908,0,0
1755590430_1..N03R,048050_1..N03R,1,0,1755590430,01 0800+ SFT/242,1755608253,1755608259,1396,0,0
1755590430_7..N,048050_7..N,7,0,1755590430,07 0800+ 34H/MST,1755607083,1755607089,1145,0,0
1755590460_3..S01R,048100_3..S01R,3,1,1755590460,03 0801  148/NLT,1755609057,1755609060,1595,0,0
1755590460_3..S03R,048100_3..S03R,3,1,1755590460,03 0801  145/NLT,1755608646,1755608649,1494,0,0
1755590460_GS.S01R,048100_GS.S01R,GS,1,1755590460,0S 0801  TSS/GCS,1755604965,1755604968,548,0,0
1755590490_1..S04R,048150_1..S04R,1,1,1755590490,01 0801+ 238/SFT,1755608427,1755608430,1438,0,0
1755590490_6..S02R,048150_6..S02R,6X,1,1755590490,06 0801+ PEL/BBR,1755609009,1755609012,1582,0,0
1755590490_7X..S,048150_7X..S,7X,1,1755590490,07 0801+ MST/34H,1755607173,1755607179,1138,0,0
1755590490_GS.N04R,048150_GS.N04R,GS,0,1755590490,0S 0801+ GCS/TSS,1755604980,1755604983,552,0,0
1755590520_1..S03R,048200_1..S03R,1,1,1755590520,01 0802  242/SFT,1755608553,1755608559,1472,0,0
1755590520_2..N01R,048200_2..N01R,2,0,1755590520,02 0802  FLA/241,1755611637,1755611639,1761,0,0
1755590550_2..S06R,048250_2..S06R,2,1,1755590550,02 0802+ 241/NLT,1755611324,1755611331,1628,0,0
1755590550_6..N03R,048250_6..N03R,6,0,1755590550,06 0802+ BBR/177,1755608184,1755608187,1379,0,0
1755590580_7..N,048300_7..N,7,0,1755590580,07 0803 34H/MST,1755607185,1755607188,1141,0,0
1755590610_7..S,048350_7..S,7,1,1755590610,07 0803+ MST/34H,1755607404,1755607407,1183,0,0
1755590640_5..N,048400_5..N,5,0,1755590640,E5 0804  FLA/DYR,1755611427,1755611429,1040,0,0
1755590640_5..N71R,048400_5..N71R,5,0,1755590640,05 0804  FLA/DYR,1755606828,1755606834,968,0,0
1755590670_5..S14R,048450_5..S14R,5,1,1755590670,$5 0804+ DYR/BWG,1755606090,1755606093,766,0,0
1755590700_4..N,048500_4..N,4,0,1755590700,04 0805  UTI/BUR,1755612199,1755612202,65,0,0
1755590700_4..N06R,048500_4..N06R,4,0,1755590700,E4 0805  167/WDL,1755613117,1755613120,217,0,0
1755590700_4..N43R,048500_4..N43R,4,0,1755590700,04 0805  UTI/BUR,1755611950,1755611954,1888,0,0
1755590700_GS.N01R,048500_GS.N01R,GS,0,1755590700,0S 0805  GCS/TSS,1755605208,1755605214,530,0,0
1755590700_GS.S04R,048500_GS.S04R,GS,1,1755590700,0S 0805  TSS/GCS,1755605172,1755605175,520,0,0
1755590730_1..N10R,048550_1..N10R,1,0,1755590730,01 0805+ SFT/137,1755607443,1755607449,1118,0,0
1755590730_5..S09R,048550_5..S09R,5,1,1755590730,05 0805+ 238/FLA,1755611076,1755611079,1993,0,0
1755590730_7..N,048550_7..N,7,0,1755590730,07 0805+ 34H/MST,1755607434,1755607437,1159,0,0
1755590730_7X..S,048550_7X..S,7X,1,1755590730,07 0805+ MST/34H,1755607548,1755607554,1188,0,0
1755590760_1..S03R,048600_1..S03R,1,1,1755590760,01 0806  242/SFT,1755608775,1755608781,1448,0,0
1755590760_2..N01R,048600_2..N01R,2,0,1755590760,02 0806  FLA/241,1755611984,1755611989,1717,0,0
1755590760_4..S34R,048600_4..S34R,4,1,1755590760,04 0806  WDL/UTI,1755611208,1755611211,2037,0,0
1755590760_6..N06R,048600_6..N06R,6,0,1755590760,06 0806  BBR/3AB,1755605247,1755605250,540,0,0
1755590790_6..S03R,048650_6..S03R,6,1,1755590790,06 0806+ 177/BBR,1755608760,1755608763,1444,0,0
1755590820_6..S08R,048700_6..S08R,6X,1,1755590820,06 0807  PEL/BBR,1755609854,1755609858,1705,0,0
1755590850_3..N01R,048750_3..N01R,3,0,1755590850,03 0807+ NLT/148,1755610197,1755610199,1782,0,0
1755590880_7..N,048800_7..N,7,0,1755590880,07 0808 34H/MST,1755607773,1755607779,1198,0,0
1755590910_GS.S01R,048850_GS.S01R,GS,1,1755590910,0S 0808+ TSS/GCS,1755605418,1755605424,587,0,0
1755590940_6..N06R,048900_6..N06R,6,0,1755590940,06 0809  BBR/3AB,1755607563,1755607569,607,0,0
1755590940_GS.N04R,048900_GS.N04R,GS,0,1755590940,0S 0809  GCS/TSS,1755605418,1755605424,587,0,0
1755590970_5..N,048950_5..N,5,0,1755590970,E5 0809+ FLA/DYR,1755611875,1755611879,1075,0,0
1755590970_5..N71R,048950_5..N71R,5,0,1755590970,05 0809+ FLA/DYR,1755607158,1755607164,970,0,0
1755590970_6..N01R,048950_6..N01R,6,0,1755590970,06 0809+ BBR/PEL,1755605355,1755605358,491,0,0
1755590970_7X..S,048950_7X..S,7X,1,1755590970,07 0809+ MST/34H,1755607629,1755607632,1143,0,0
1755591000_3..S03R,049000_3..S03R,3,1,1755591000,03 0810  145/NLT,1755609396,1755609399,1517,0,0
1755591030_1..N03R,049050_1..N03R,1,0,1755591030,01 0810+ SFT/242,1755609018,1755609024,1426,0,0
1755591030_2..S05R,049050_2..S05R,2,1,1755591030,02 0810+ 241/FLA,1755611698,1755611699,1612,0,0
1755591030_3..S01R,049050_3..S01R,3,1,1755591030,03 0810+ 148/NLT,1755609609,1755609614,1565,0,0
1755591030_7..N,049050_7..N,7,0,1755591030,07 0810+ 34H/MST,1755607968,1755607974,1218,1,0
1755591060_1..S03R,049100_1..S03R,1,1,1755591060,01 0811  242/SFT,1755609123,1755609129,1452,0,0
1755591060_2..N02R,049100_2..N02R,2,0,1755591060,02 0811  FLA/238,1755612040,1755612044,2381,0,0
1755591090_4..N,049150_4..N,4,0,1755591090,04 0811+ UTI/WDL,1755614194,1755614200,1382,0,0
1755591090_4..N06R,049150_4..N06R,4,0,1755591090,04 0811+ UTI/WDL,1755608427,1755608430,1279,0,0
1755591090_7..S,049150_7..S,7,1,1755591090,07 0811+ MST/34H,1755608048,1755608052,1202,0,0
1755591120_6..S03R,049200_6..S03R,6,1,1755591120,06 0812  177/BBR,1755609711,1755609719,1591,0,0
1755591150_7..S,049250_7..S,7,1,1755591150,07 0812+ WPT/34H,1755607779,1755607782,1135,0,0
1755591150_GS.N01R,049250_GS.N01R,GS,0,1755591150,0S 0812+ GCS/TSS,1755605658,1755605664,572,0,0
1755591150_GS.S04R,049250_GS.S04R,GS,1,1755591150,0S 0812+ TSS/GCS,1755605613,1755605619,560,0,0
1755591180_4..S34R,049300_4..S34R,4,1,1755591180,04 0813  WDL/UTI,1755611442,1755611444,2015,0,0
1755591180_6..N06R,049300_6..N06R,6,0,1755591180,06 0813  BBR/3AB,1755605643,1755605649,556,0,0
1755591180_7..N,049300_7..N,7,0,1755591180,07 0813 34H/WPT,1755607728,1755607734,1116,1,0
1755591210_6..N01R,049350_6..N01R,6,0,1755591210,06 0813+ BBR/PEL,1755609396,1755609399,1025,0,0
1755591210_7X..S,049350_7X..S,7X,1,1755591210,07 0813+ MST/34H,1755607863,1755607869,1138,0,0
1755591240_6..S08R,049400_6..S08R,6X,1,1755591240,06 0814  PEL/BBR,1755611244,1755611249,1969,0,0
1755591270_1..N03R,049450_1..N03R,1,0,1755591270,01 0814+ SFT/242,1755609105,1755609111,1368,0,0
1755591270_1..S12R,049450_1..S12R,1,1,1755591270,01 0814+ 137/SFT,1755608016,1755608021,628,0,0
1755591300_7..N,049500_7..N,7,0,1755591300,07 0815 34H/MST,1755608181,1755608184,1180,1,0
1755591300_7..S,049500_7..S,7,1,1755591300,07 0815 34H/MST,1755608469,1755608472,71,0,0
1755591330_1..S04R,049550_1..S04R,1,1,1755591330,01 0815+ 238/SFT,1755609273,1755609279,1408,0,0
1755591330_2..N02R,049550_2..N02R,2,0,1755591330,02 0815+ FLA/238,1755612709,1755612712,2549,0,0
1755591330_4..N43R,049550_4..N43R,4,0,1755591330,04 0815+ UTI/BUR,1755605784,1755605787,525,0,0
1755591360_3..N01R,049600_3..N01R,3,0,1755591360,03 0816  NLT/148,1755611484,1755611489,1946,0,0
1755591360_5..S,049600_5..S,5,0,1755591360,=5 0816  DYR/FLA,1755610139,1755610146,600,0,0
1755591360_5..S04R,049600_5..S04R,5,1,1755591360,05 0816  DYR/FLA,1755607143,1755607149,886,0,0
1755591360_6..N06R,049600_6..N06R,6,1,1755591360,06 0816  BBR/3AB,1755607902,1755607905,588,0,0
1755591360_GS.N04R,049600_GS.N04R,GS,0,1755591360,0S 0816  GCS/TSS,1755605850,1755605853,543,0,0
1755591360_GS.S01R,049600_GS.S01R,GS,1,1755591360,0S 0816  TSS/GCS,1755605838,1755605844,540,0,0
1755591390_3..S01R,049650_3..S01R,3,1,1755591390,03 0816+ 148/NLT,1755610155,1755610161,1615,0,0
1755591420_7..N,049700_7..N,7,0,1755591420,07 0817 34H/MST,1755608064,1755608070,1120,0,0
1755591450_2..S05R,049750_2..S05R,2,1,1755591450,02 0817+ 241/FLA,1755611935,1755611939,1644,0,0
1755591450_7X..S,049750_7X..S,7X,1,1755591450,07 0817+ MST/34H,1755608103,1755608109,1128,0,0
1755591480_1..S03R,049800_1..S03R,1,1,1755591480,01 0818  242/SFT,1755609498,1755609504,1462,0,0
1755591510_1..N10R,049850_1..N10R,1,0,1755591510,01 0818+ SFT/137,1755608058,1755608064,1110,0,0
1755591510_4..S34R,049850_4..S34R,4,1,1755591510,04 0818+ WDL/UTI,1755610908,1755610914,1777,0,0
1755591540_6..N03R,049900_6..N03R,6,0,1755591540,06 0819  BBR/177,1755608994,1755609000,824,0,0
1755591540_7..N,049900_7..N,7,0,1755591540,07 0819 34H/WPT,1755608148,1755608157,1103,0,0
1755591570_5..N,049950_5..N,5,0,1755591570,E5 0819+ FLA/DYR,1755613393,1755613399,1090,0,0
1755591570_5..N71R,049950_5..N71R,5,0,1755591570,05 0819+ FLA/DYR,1755608621,1755608634,1019,0,0
1755591570_6..N01R,049950_6..N01R,6,0,1755591570,06 0819+ BBR/PEL,1755606048,1755606054,511,0,0
1755591570_GS.S04R,049950_GS.S04R,GS,1,1755591570,0S 0819+ TSS/GCS,1755606057,1755606060,518,0,0
1755591600_6..S03R,050000_6..S03R,6,1,1755591600,06 0820  177/BBR,1755610079,1755610094,1519,0,0
1755591600_7X..S,050000_7X..S,7X,1,1755591600,07 0820 MST/34H,1755608328,1755608334,1147,0,0
1755591600_GS.N01R,050000_GS.N01R,GS,0,1755591600,0S 0820  GCS/TSS,1755606093,1755606099,528,0,0
1755591630_7..S,050050_7..S,7,1,1755591630,07 0820+ WPT/34H,1755608253,1755608259,1096,0,0
1755591660_6..S08R,050100_6..S08R,6X,1,1755591660,06 0821  PEL/BBR,1755611364,1755611369,1838,0,0
1755591660_7..N,050100_7..N,7,0,1755591660,07 0821 34H/MST,1755608850,1755608853,1248,0,0
1755591660_7..S,050100_7..S,7,1,1755591660,07 0821 34H/MST,1755609069,1755609075,50,0,0
1755591690_2..S06R,050150_2..S06R,2,1,1755591690,02 0821+ 241/NLT,1755612607,1755612610,1734,0,0
1755591720_5..N01R,050200_5..N01R,5,0,1755591720,E5 0822  180/DYR,1755606963,1755606969,232,0,0
1755591720_5..S14R,050200_5..S14R,5,0,1755591720,$5 0822  DYR/BWG,1755608171,1755608178,971,0,0
1755591720_7..S,050200_7..S,7,1,1755591720,07 0822 MST/34H,1755606288,1755606294,598,0,0
1755591750_1..N03R,050250_1..N03R,1,0,1755591750,01 0822+ SFT/242,1755609444,1755609449,1368,0,0
1755591750_3..S03R,050250_3..S03R,3,1,1755591750,03 0822+ 145/NLT,1755610284,1755610289,1564,0,0
1755591750_6..N01R,050250_6..N01R,6,0,1755591750,06 0822+ BBR/PEL,1755609897,1755609899,1475,0,0
1755591780_2..N02R,050300_2..N02R,2,0,1755591780,02 0823  FLA/238,1755613633,1755613637,2792,0,0
1755591780_7..N,050300_7..N,7,0,1755591780,07 0823 34H/MST,1755608550,1755608553,1136,0,0
1755591810_4..N,050350_4..N,4,0,1755591810,E4 0823+ 86S/WDL,1755607962,1755607965,288,0,0
1755591810_4..N06R,050350_4..N06R,4,0,1755591810,E4 0823+ 86S/WDL,1755606834,1755606837,127,0,0
1755591810_GS.S01R,050350_GS.S01R,GS,1,1755591810,0S 0823+ TSS/GCS,1755606279,1755606282,576,0,0
1755591840_1..S03R,050400_1..S03R,1,1,1755591840,01 0824  242/SFT,1755609954,1755609959,1487,0,0
1755591840_3..N01R,050400_3..N01R,3,0,1755591840,03 0824  NLT/148,1755611767,1755611770,1939,0,0
1755591840_4..S34R,050400_4..S34R,4,1,1755591840,04 0824  WDL/UTI,1755611181,1755611184,1745,0,0
1755591840_7..S,050400_7..S,7,1,1755591840,07 0824 MST/34H,1755608475,1755608478,553,0,0
1755591840_GS.N04R,050400_GS.N04R,GS,0,1755591840,0S 0824  GCS/TSS,1755606333,1755606339,591,0,0
1755591900_4..N06R,050500_4..N06R,4,0,1755591900,04 0825  UTI/WDL,1755608328,1755608334,1015,0,0
1755591900_6..N01R,050500_6..N01R,6,0,1755591900,06 0825  BBR/PEL,1755610038,1755610044,952,0,0
1755591900_7..N,050500_7..N,7,0,1755591900,07 0825 34H/WPT,1755608670,1755608673,1155,0,0
1755591930_6..N06R,050550_6..N06R,6,0,1755591930,06 0825+ BBR/3AB,1755606360,1755606363,514,0,0
1755591960_1..N03R,050600_1..N03R,1,0,1755591960,01 0826  SFT/242,1755609786,1755609789,1369,0,0
1755591960_2..S05R,050600_2..S05R,2,1,1755591960,02 0826  241/FLA,1755612239,1755612244,1553,0,0
1755591960_3..S01R,050600_3..S01R,3,1,1755591960,03 0826  148/NLT,1755610608,1755610614,1567,0,0
1755592020_7..N,050700_7..N,7,0,1755592020,07 0827 34H/MST,1755608820,1755608823,1142,0,0
1755592050_6..S03R,050750_6..S03R,6,1,1755592050,$6 0827+ 177/BBR,1755608205,1755608211,984,0,0
1755592050_GS.N01R,050750_GS.N01R,GS,0,1755592050,0S 0827+ GCS/TSS,1755606528,1755606534,563,0,0
1755592050_GS.S04R,050750_GS.S04R,GS,1,1755592050,0S 0827+ TSS/GCS,1755606528,1755606534,563,0,0
1755592080_6..N06R,050800_6..N06R,6,0,1755592080,06 0828  BBR/3AB,1755609207,1755609213,716,0,0
1755592080_6..S08R,050800_6..S08R,6X,1,1755592080,06 0828  PEL/BBR,1755611654,1755611655,1828,0,0
1755592110_5..N,050850_5..N,5,0,1755592110,E5 0828+ FLA/DYR,1755612967,1755612970,1054,0,0
1755592110_5..N71R,050850_5..N71R,5,0,1755592110,05 0828+ FLA/DYR,1755608412,1755608415,1035,0,0
1755592110_6..N01R,050850_6..N01R,6,0,1755592110,06 0828+ BBR/PEL,1755606468,1755606474,547,0,0
1755592140_1..S12R,050900_1..S12R,1,1,1755592140,01 0829  137/SFT,1755608937,1755608949,1448,0,0
1755592140_7..N,050900_7..N,7,0,1755592140,07 0829 34H/WPT,1755609027,1755609030,1169,0,0
1755592140_7X..S,050900_7X..S,7X,1,1755592140,07 0829 MST/34H,1755608760,1755608763,748,0,0
1755592170_1..N03R,050950_1..N03R,1,0,1755592170,01 0829+ SFT/242,1755610353,1755610359,1425,0,0
1755592170_1..S03R,050950_1..S03R,1,1,1755592170,01 0829+ 242/SFT,1755610254,1755610259,1400,0,0
1755592200_2..S05R,051000_2..S05R,2,1,1755592200,E2 0830  241/FLA,1755613027,1755613030,1814,0,0
1755592200_5..N71R,051000_5..N71R,5,0,1755592200,E5 0830  14G/DYR,1755608463,1755608469,481,0,0
1755592230_2..N02R,051050_2..N02R,2,0,1755592230,02 0830+ FLA/238,1755613969,1755613975,2863,0,0
1755592230_7..S,051050_7..S,7,1,1755592230,07 0830+ WPT/34H,1755608613,1755608616,1053,0,0
1755592230_GS.S01R,051050_GS.S01R,GS,1,1755592230,0S 0830+ TSS/GCS,1755606702,1755606705,531,0,0
1755592260_7..N,051100_7..N,7,0,1755592260,07 0831 34H/MST,1755609138,1755609144,1146,0,0
1755592260_GS.N04R,051100_GS.N04R,GS,0,1755592260,0S 0831  GCS/TSS,1755606750,1755606753,544,0,0
1755592290_6..N01R,051150_6..N01R,6,0,1755592290,06 0831+ BBR/PEL,1755606717,1755606720,535,0,0
1755592320_3..S01R,051200_3..S01R,3,1,1755592320,03 0832  148/NLT,1755610764,1755610769,1529,0,0
1755592320_4..N06R,051200_4..N06R,4,0,1755592320,04 0832  UTI/WDL,1755606648,1755606663,517,0,0
1755592320_4..S06R,051200_4..S06R,4,1,1755592320,04 0832  WDL/UTI,1755611755,1755611759,1778,0,0
1755592380_7..N,051300_7..N,7,0,1755592380,07 0833 34H/111,1755609018,1755609024,1071,0,0
1755592410_1..N10R,051350_1..N10R,1,0,1755592410,01 0833+ SFT/137,1755609093,1755609099,1127,0,0
1755592410_5..S45R,051350_5..S45R,5,1,1755592410,05 0833+ DYR/FLA,1755612569,1755612574,464,0,0
1755592410_7..S,051350_7..S,7,1,1755592410,07 0833+ MST/34H,1755609045,1755609051,1078,0,0
1755592440_2..N01R,051400_2..N01R,2,0,1755592440,E2 0834  CHB/DYR,1755610824,1755610829,921,0,0
1755592440_5..N,051400_5..N,5,0,1755592440,E5 0834  UTI/180,1755611208,1755611211,690,0,0
1755592440_5..N65R,051400_5..N65R,5,0,1755592440,05 0834  UTI/180,1755608055,1755608058,701,0,0
1755592440_6..N01R,051400_6..N01R,6,0,1755592440,/6 0834  BBR/PEL,1755611283,1755611289,1127,0,0
1755592440_GS.N01R,051400_GS.N01R,GS,0,1755592440,0S 0834  GCS/TSS,1755606918,1755606924,589,0,0
1755592440_GS.S04R,051400_GS.S04R,GS,1,1755592440,0S 0834  TSS/GCS,1755606957,1755606960,599,0,0
1755592500_2..N02R,051500_2..N02R,2,0,1755592500,02 0835  FLA/238,1755614425,1755614428,2965,0,0
1755592530_2..S05R,051550_2..S05R,2,1,1755592530,02 0835+ 241/FLA,1755613168,1755613174,1627,0,0
1755592530_3..N01R,051550_3..N01R,3,0,1755592530,03 0835+ NLT/148,1755612217,1755612220,1819,0,0
1755592530_6..S08R,051550_6..S08R,6X,1,1755592530,$6 0835+ PEL/BBR,1755609375,1755609381,1115,0,0
1755592530_7..N,051550_7..N,7,0,1755592530,07 0835+ 34H/MST,1755609558,1755609564,1199,1,0
1755592560_1..S03R,051600_1..S03R,1,1,1755592560,01 0836  242/SFT,1755610563,1755610569,1397,0,0
1755592590_6..S03R,051650_6..S03R,6,1,1755592590,06 0836+ 177/BBR,1755611902,1755611905,1736,0,0
1755592620_4..N06R,051700_4..N06R,4,0,1755592620,04 0837  UTI/WDL,1755607638,1755607644,691,0,0
1755592620_6..N03R,051700_6..N03R,6,0,1755592620,06 0837  BBR/177,1755610874,1755610875,984,0,0
1755592620_GS.N04R,051700_GS.N04R,GS,0,1755592620,0S 0837  GCS/TSS,1755607119,1755607125,562,0,0
1755592620_GS.S01R,051700_GS.S01R,GS,1,1755592620,0S 0837  TSS/GCS,1755607092,1755607095,555,0,0
1755592650_1..N03R,051750_1..N03R,1,0,1755592650,01 0837+ SFT/242,1755610503,1755610509,1382,0,0
1755592650_5..S,051750_5..S,5,1,1755592650,E5 0837+ DYR/FLA,1755612649,1755612652,454,0,0
1755592650_5..S45R,051750_5..S45R,5,1,1755592650,05 0837+ DYR/FLA,1755608505,1755608508,902,0,0
1755592650_7..N,051750_7..N,7,0,1755592650,07 0837+ 34H/111,1755609273,1755609279,1098,0,0
1755592650_7X..S,051750_7X..S,7X,1,1755592650,07 0837+ MST/34H,1755609246,1755609252,1091,0,0
1755592770_7..N,051950_7..N,7,0,1755592770,07 0839+ 34H/111,1755609402,1755609408,1095,0,0
1755592800_3..S03R,052000_3..S03R,3,1,1755592800,03 0840  145/NLT,1755611103,1755611109,1457,0,0
1755592800_4..S06R,052000_4..S06R,4,1,1755592800,04 0840  WDL/UTI,1755612739,1755612742,1877,0,0
1755592800_GS.N01R,052000_GS.N01R,GS,0,1755592800,0S 0840  GCS/TSS,1755607293,1755607299,529,0,0
1755592800_GS.S04R,052000_GS.S04R,GS,1,1755592800,0S 0840  TSS/GCS,1755607263,1755607269,521,0,0
1755592830_2..N02R,052050_2..N02R,2,0,1755592830,02 0840+ FLA/238,1755615040,1755615043,3110,0,0
1755592860_6..N01R,052100_6..N01R,6,0,1755592860,06 0841  BBR/PEL,1755611714,1755611719,1126,0,0
1755592890_1..N03R,052150_1..N03R,1,0,1755592890,01 0841+ SFT/242,1755610743,1755610752,1366,0,0
1755592890_7..N,052150_7..N,7,0,1755592890,07 0841+ 34H/111,1755609509,1755609522,1072,0,0
1755592920_1..S12R,052200_1..S12R,1,1,1755592920,01 0842  137/SFT,1755610053,1755610062,1138,0,0
1755592920_3..S01R,052200_3..S01R,3,1,1755592920,03 0842  148/NLT,1755611625,1755611631,1585,0,0
1755592950_1..S03R,052250_1..S03R,1,1,1755592950,01 0842+ 242/SFT,1755610833,1755610839,1388,0,0
1755592950_3..N01R,052250_3..N01R,3,0,1755592950,03 0842+ NLT/148,1755612817,1755612820,1898,0,0
1755592950_7..S,052250_7..S,7,1,1755592950,07 0842+ WPT/34H,1755609576,1755609582,1085,0,0
1755592980_5..S45R,052300_5..S45R,5,1,1755592980,05 0843  DYR/FLA,1755608006,1755608016,475,0,0
1755592980_GS.N04R,052300_GS.N04R,GS,0,1755592980,0S 0843  GCS/TSS,1755607470,1755607473,570,0,0
1755592980_GS.S01R,052300_GS.S01R,GS,1,1755592980,0S 0843  TSS/GCS,1755607437,1755607440,561,0,0
1755593010_7..N,052350_7..N,7,0,1755593010,07 0843+ 34H/111,1755609630,1755609636,1087,0,0
1755593010_7X..S,052350_7X..S,7X,1,1755593010,07 0843+ MST/34H,1755609417,1755609420,1040,0,0
1755593040_2..S05R,052400_2..S05R,2,1,1755593040,02 0844  241/FLA,1755613453,1755613459,1648,0,0
1755593040_5..N66R,052400_5..N66R,5,0,1755593040,05 0844  FLA/DYR,1755607407,1755607428,553,0,0
1755593070_5..N65R,052450_5..N65R,5,0,1755593070,05 0844+ UTI/180,1755607914,1755607917,505,0,0
1755593070_6..S06R,052450_6..S06R,6,1,1755593070,06 0844+ 3AB/BBR,1755611534,1755611535,1460,0,0
1755593100_1..N03R,052500_1..N03R,1,0,1755593100,01 0845  SFT/242,1755610938,1755610944,1336,0,0
1755593100_6..N03R,052500_6..N03R,6,0,1755593100,06 0845  BBR/177,1755611704,1755611707,1083,0,0
1755593130_6..N01R,052550_6..N01R,6,0,1755593130,06 0845+ BBR/PEL,1755607974,1755607977,505,0,0
1755593130_7..N,052550_7..N,7,0,1755593130,07 0845+ 34H/MST,1755609903,1755609914,1126,0,0
1755593130_7..S,052550_7..S,7,1,1755593130,07 0845+ MST/34H,1755609840,1755609852,1113,0,0
1755593160_4..N,052600_4..N,4,0,1755593160,04 0846  UTI/WDL,1755613903,1755613909,305,0,0
1755593160_4..N06R,052600_4..N06R,4,0,1755593160,04 0846  UTI/WDL,1755612664,1755612667,1631,0,0
1755593160_4..S34R,052600_4..S34R,4,1,1755593160,E4 0846  BWG/UTI,1755608769,1755608772,253,0,0
1755593160_6..S02R,052600_6..S02R,6X,1,1755593160,06 0846  PEL/BBR,1755612329,1755612334,1689,0,0
1755593160_GS.N01R,052600_GS.N01R,GS,0,1755593160,0S 0846  GCS/TSS,1755607662,1755607665,539,0,0
1755593160_GS.S04R,052600_GS.S04R,GS,1,1755593160,0S 0846  TSS/GCS,1755607644,1755607647,534,0,0
1755593190_4..S06R,052650_4..S06R,4,1,1755593190,04 0846+ WDL/UTI,1755607287,1755607290,447,0,0
1755593250_2..N02R,052750_2..N02R,2,0,1755593250,02 0847+ FLA/238,1755615394,1755615400,3189,0,0
1755593250_5..S45R,052750_5..S45R,5,1,1755593250,05 0847+ DYR/FLA,1755612787,1755612790,1402,0,0
1755593280_1..N03R,052800_1..N03R,1,0,1755593280,01 0848  SFT/242,1755611217,1755611219,1406,0,0
1755593280_7..N,052800_7..N,7,0,1755593280,07 0848 34H/WPT,1755610014,1755610019,1100,0,0
1755593280_7X..S,052800_7X..S,7X,1,1755593280,07 0848 MST/34H,1755609944,1755609951,1082,0,0
1755593310_4..S06R,052850_4..S06R,4,1,1755593310,04 0848+ WDL/UTI,1755612929,1755612934,1576,0,0
1755593340_2..S01R,052900_2..S01R,2,1,1755593340,02 0849  241/FLA,1755613714,1755613720,1634,0,0
1755593340_GS.N04R,052900_GS.N04R,GS,0,1755593340,0S 0849  GCS/TSS,1755607839,1755607842,583,0,0
1755593340_GS.S01R,052900_GS.S01R,GS,1,1755593340,0S 0849  TSS/GCS,1755607815,1755607818,577,0,0
1755593370_6..N03R,052950_6..N03R,6,0,1755593370,06 0849+ BBR/177,1755608112,1755608115,488,0,0
1755593400_3..N01R,053000_3..N01R,3,0,1755593400,03 0850  NLT/148,1755613228,1755613234,1845,0,0
1755593400_3..S01R,053000_3..S01R,3,1,1755593400,03 0850  148/NLT,1755612299,1755612304,1602,0,0
1755593400_5..N,053000_5..N,5,0,1755593400,E5 0850  FLA/DYR,1755614218,1755614224,988,0,0
1755593400_5..N66R,053000_5..N66R,5,0,1755593400,05 0850  FLA/DYR,1755609933,1755609939,1007,0,0
1755593400_7..N,053000_7..N,7,0,1755593400,07 0850 34H/111,1755609939,1755609944,1060,0,0
1755593430_1..S03R,053050_1..S03R,1,1,1755593430,01 0850+ 242/SFT,1755611364,1755611369,1362,0,0
1755593430_4..N,053050_4..N,4,0,1755593430,E4 0850+ GC /WDL,1755610079,1755610094,305,0,0
1755593430_4..N06R,053050_4..N06R,4,0,1755593430,E4 0850+ GC /WDL,1755608793,1755608799,316,0,0
1755593430_5..N71R,053050_5..N71R,5,0,1755593430,E5 0850+ BBR/DYR,1755612739,1755612742,1043,0,0
1755593460_1..N03R,053100_1..N03R,1,0,1755593460,01 0851  SFT/242,1755611324,1755611331,1354,0,0
1755593490_7..N,053150_7..N,7,0,1755593490,07 0851+ MST/34H,1755609075,1755609081,1,0,0
1755593490_7..S,053150_7..S,7,1,1755593490,07 0851+ MST/34H,1755610152,1755610154,1083,0,0
1755593520_6..S06R,053200_6..S06R,6,1,1755593520,06 0852  3AB/BBR,1755611729,1755611734,1448,0,0
1755593520_7..N,053200_7..N,7,0,1755593520,07 0852 34H/111,1755610029,1755610034,1049,0,0
1755593520_GS.N01R,053200_GS.N01R,GS,0,1755593520,0S 0852  GCS/TSS,1755608070,1755608076,557,0,0
1755593520_GS.S04R,053200_GS.S04R,GS,1,1755593520,0S 0852  TSS/GCS,1755607983,1755607989,542,0,0
1755593550_6..N01R,053250_6..N01R,6,0,1755593550,06 0852+ BBR/PEL,1755608085,1755608088,554,0,0
1755593610_1..S12R,053350_1..S12R,1,1,1755593610,01 0853+ 137/SFT,1755610434,1755610439,1127,0,0
1755593610_4..N43R,053350_4..N43R,4,0,1755593610,04 0853+ UTI/BUR,1755608298,1755608304,555,0,0
1755593640_1..N03R,053400_1..N03R,1,0,1755593640,01 0854  SFT/242,1755611526,1755611532,1401,0,0
1755593640_5..N71R,053400_5..N71R,5,0,1755593640,E5 0854  3RD/238,1755609864,1755609869,405,0,0
1755593640_7..N,053400_7..N,7,0,1755593640,07 0854 34H/MST,1755610578,1755610584,1149,0,0
1755593640_7X..S,053400_7X..S,7X,1,1755593640,07 0854 MST/34H,1755610259,1755610272,1069,0,0
1755593700_2..S01R,053500_2..S01R,2,1,1755593700,02 0855  241/FLA,1755614143,1755614149,1522,0,0
1755593700_5..N,053500_5..N,5,0,1755593700,E5 0855  UTI/180,1755613933,1755613939,160,0,0
1755593700_5..N65R,053500_5..N65R,5,0,1755593700,E5 0855  UTI/180,1755613240,1755613243,1147,0,0
1755593700_6..N01R,053500_6..N01R,6,0,1755593700,/6 0855  BBR/PEL,1755613918,1755613924,1445,0,0
1755593700_GS.N04R,053500_GS.N04R,GS,0,1755593700,0S 0855  GCS/TSS,1755608193,1755608205,505,0,0
1755593700_GS.S01R,053500_GS.S01R,GS,1,1755593700,0S 0855  TSS/GCS,1755608156,1755608163,495,0,0
1755593730_6..N06R,053550_6..N06R,6,0,1755593730,06 0855+ BBR/3AB,1755608478,1755608484,493,0,0
1755593760_5..N66R,053600_5..N66R,5,0,1755593760,05 0856  FLA/DYR,1755615244,1755615250,2205,0,0
1755593760_6..S02R,053600_6..S02R,6X,1,1755593760,$6 0856  PEL/BBR,1755610770,1755610776,1134,0,0
1755593760_7..N,053600_7..N,7,0,1755593760,07 0856 34H/WPT,1755610494,1755610499,1097,0,0
1755593790_3..N01R,053650_3..N01R,3,0,1755593790,03 0856+ NLT/148,1755613627,1755613630,1863,0,0
1755593820_1..S03R,053700_1..S03R,1,1,1755593820,01 0857  242/SFT,1755611917,1755611920,1423,0,0
1755593820_4..N14R,053700_4..N14R,4,0,1755593820,E4 0857  BWG/WDL,1755613597,1755613600,1332,0,0
1755593820_6..S03R,053700_6..S03R,6,1,1755593820,06 0857  177/BBR,1755612505,1755612509,1576,0,0
1755593820_7X..S,053700_7X..S,7X,1,1755593820,07 0857 MST/34H,1755610409,1755610416,1060,0,0
1755593850_1..N14R,053750_1..N14R,1,0,1755593850,01 0857+ SFT/215,1755611283,1755611289,1265,0,0
1755593850_4..N06R,053750_4..N06R,4,0,1755593850,04 0857+ UTI/WDL,1755609564,1755609569,720,0,0
1755593880_5..S03R,053800_5..S03R,5,1,1755593880,05 0858  DYR/FLA,1755613279,1755613282,1779,0,0
1755593880_7..N,053800_7..N,7,0,1755593880,07 0858 34H/MST,1755610599,1755610604,1093,0,0
1755593880_GS.N01R,053800_GS.N01R,GS,0,1755593880,0S 0858  GCS/TSS,1755608373,1755608379,547,0,0
1755593880_GS.S04R,053800_GS.S04R,GS,1,1755593880,0S 0858  TSS/GCS,1755608385,1755608388,550,0,0
1755593910_2..N02R,053850_2..N02R,2,0,1755593910,02 0858+ FLA/238,1755615745,1755615748,3267,0,0
1755593910_6..N03R,053850_6..N03R,6,0,1755593910,06 0858+ BBR/177,1755613714,1755613720,1373,0,0
1755593970_5..S44R,053950_5..S44R,5,1,1755593970,05 0859+ 180/FLA,1755609711,1755609719,532,0,0
1755593970_7..S,053950_7..S,7,1,1755593970,07 0859+ MST/34H,1755610619,1755610620,1074,0,0
1755594000_3..S01R,054000_3..S01R,3,1,1755594000,03 0900  148/NLT,1755612749,1755612754,1561,0,0
1755594000_4..S06R,054000_4..S06R,4,1,1755594000,04 0900  WDL/UTI,1755613177,1755613180,1673,0,0
1755594000_7..N,054000_7..N,7,0,1755594000,07 0900 34H/MST,1755611118,1755611124,1182,0,0
1755594030_1..N03R,054050_1..N03R,1,0,1755594030,01 0900+ SFT/242,1755612127,1755612130,1399,0,0
1755594030_6..N03R,054050_6..N03R,6,0,1755594030,E6 0900+ GC /177,1755610548,1755610554,567,0,0
1755594060_3..N01R,054100_3..N01R,3,0,1755594060,03 0901  NLT/148,1755613993,1755613999,1805,0,0
1755594060_6..N01R,054100_6..N01R,6,0,1755594060,06 0901  BBR/PEL,1755614953,1755614959,2085,0,0
1755594060_GS.N04R,054100_GS.N04R,GS,0,1755594060,0S 0901  GCS/TSS,1755608559,1755608562,516,0,0
1755594060_GS.S01R,054100_GS.S01R,GS,1,1755594060,0S 0901  TSS/GCS,1755608523,1755608532,507,0,0
1755594150_2..N02R,054250_2..N02R,2,0,1755594150,02 0902+ FLA/238,1755614995,1755614998,2065,0,0
1755594180_7..N,054300_7..N,7,0,1755594180,07 0903 34H/WPT,1755610989,1755610994,1110,0,0
1755594180_7X..S,054300_7X..S,7X,1,1755594180,07 0903 MST/34H,1755610854,1755610859,1038,0,0
1755594210_1..N03R,054350_1..N03R,1,0,1755594210,01 0903+ SFT/242,1755612217,1755612220,1422,0,0
1755594210_4..N06R,054350_4..N06R,4,1,1755594210,04 0903+ UTI/WDL,1755609824,1755609828,805,0,0
1755594240_5..N66R,054400_5..N66R,5,0,1755594240,05 0904  FLA/DYR,1755615517,1755615520,2209,0,0
1755594240_6..N03R,054400_6..N03R,6,0,1755594240,06 0904  BBR/177,1755609444,1755609449,547,0,0
1755594240_GS.N01R,054400_GS.N01R,GS,0,1755594240,0S 0904  GCS/TSS,1755608745,1755608748,563,0,0
1755594240_GS.S04R,054400_GS.S04R,GS,1,1755594240,0S 0904  TSS/GCS,1755608757,1755608760,566,0,0
1755594270_6..N,054450_6..N,6,0,1755594270,06 0904+ BBR/PEL,1755614314,1755614320,636,1,0
1755594270_6..N06R,054450_6..N06R,6,0,1755594270,06 0904+ BBR/3AB,1755611744,1755611749,799,0,0
1755594360_1..S03R,054600_1..S03R,1,1,1755594360,01 0906  242/SFT,1755612209,1755612214,1340,0,0
1755594360_2..S03R,054600_2..S03R,2,1,1755594360,02 0906  241/NLT,1755615463,1755615469,2116,0,0
1755594360_4..S06R,054600_4..S06R,4,1,1755594360,04 0906  WDL/UTI,1755608187,1755608190,346,0,0
1755594360_5..S03R,054600_5..S03R,5,1,1755594360,05 0906  DYR/FLA,1755614017,1755614020,1787,0,0
1755594360_6..S,054600_6..S,6X,1,1755594360,$6 0906  PEL/3AB,1755610353,1755610359,21,0,0
1755594360_6..S08R,054600_6..S08R,6X,1,1755594360,06 0906  PEL/BBR,1755610278,1755610281,847,0,0
1755594360_7..N,054600_7..N,7,0,1755594360,07 0906 34H/MST,1755611538,1755611544,1198,0,0
1755594390_1..N14R,054650_1..N14R,1,0,1755594390,01 0906+ SFT/215,1755611864,1755611869,1249,0,0
1755594390_1..S12R,054650_1..S12R,1,1,1755594390,01 0906+ 137/SFT,1755611088,1755611091,1054,0,0
1755594390_3..N01R,054650_3..N01R,3,0,1755594390,03 0906+ NLT/148,1755614437,1755614440,1882,0,0
1755594390_7..N,054650_7..N,7,0,1755594390,=7 0906+ 111/MST,1755609449,1755609453,625,0,0
1755594420_6..N01R,054700_6..N01R,6,0,1755594420,06 0907  BBR/PEL,1755609558,1755609564,514,0,0
1755594420_7..N,054700_7..N,7,0,1755594420,07 0907 MST/34H,1755610323,1755610329,1,0,0
1755594420_7..S,054700_7..S,7,1,1755594420,07 0907 MST/34H,1755611175,1755611181,1096,0,0
1755594420_GS.N04R,054700_GS.N04R,GS,0,1755594420,0S 0907  GCS/TSS,1755608919,1755608925,527,0,0
1755594420_GS.S01R,054700_GS.S01R,GS,1,1755594420,0S 0907  TSS/GCS,1755608931,1755608934,529,0,0
1755594450_3..S01R,054750_3..S01R,3,1,1755594450,03 0907+ 148/NLT,1755612929,1755612934,1529,0,0
1755594450_6..N03R,054750_6..N03R,6,0,1755594450,06 0907+ BBR/177,1755614308,1755614314,1400,0,0
1755594450_6..S06R,054750_6..S06R,6,1,1755594450,06 0907+ 3AB/BBR,1755612787,1755612790,1406,0,0
1755594540_7..N,054900_7..N,7,0,1755594540,07 0909 34H/MST,1755676799,1755676805,17708,0,0
1755594570_1..N03R,054950_1..N03R,1,0,1755594570,01 0909+ SFT/242,1755612649,1755612652,1374,0,0
1755594570_2..N02R,054950_2..N02R,2,0,1755594570,02 0909+ FLA/238,1755616354,1755616360,2228,0,0
1755594600_4..S06R,055000_4..S06R,4,1,1755594600,04 0910  WDL/UTI,1755613390,1755613393,1300,0,0
1755594600_GS.N01R,055000_GS.N01R,GS,0,1755594600,0S 0910  GCS/TSS,1755609099,1755609102,488,0,0
1755594600_GS.S04R,055000_GS.S04R,GS,1,1755594600,0S 0910  TSS/GCS,1755609105,1755609111,490,0,0
1755594660_7..N,055100_7..N,7,0,1755594660,=7 0911 111/WPT,1755609489,1755609494,566,0,0
1755594690_4..N,055150_4..N,4,0,1755594690,04 0911+ UTI/WDL,1755614597,1755614602,275,0,0
1755594690_4..N06R,055150_4..N06R,4,0,1755594690,04 0911+ UTI/WDL,1755613378,1755613384,1494,0,0
1755594720_5..N66R,055200_5..N66R,5,0,1755594720,05 0912  FLA/DYR,1755609408,1755609414,565,0,0
1755594720_6..N03R,055200_6..N03R,6,0,1755594720,06 0912  BBR/177,1755609840,1755609852,499,0,0
1755594720_7..N,055200_7..N,7,0,1755594720,07 0912 34H/WPT,1755611238,1755611244,1008,0,0
1755594720_7X..S,055200_7X..S,7X,1,1755594720,07 0912 MST/34H,1755611358,1755611364,1054,0,0
1755594750_1..N03R,055250_1..N03R,1,0,1755594750,01 0912+ SFT/242,1755612949,1755612952,1454,0,0
1755594750_6..N01R,055250_6..N01R,6,0,1755594750,06 0912+ BBR/PEL,1755609348,1755609354,97,0,0
1755594750_6..S03R,055250_6..S03R,6,1,1755594750,06 0912+ 177/BBR,1755612974,1755612979,1304,0,0
1755594780_1..S03R,055300_1..S03R,1,1,1755594780,01 0913  242/SFT,1755612667,1755612670,1379,0,0
1755594780_2..S01R,055300_2..S01R,2,1,1755594780,02 0913  241/FLA,1755614923,1755614929,1919,0,0
1755594780_GS.N04R,055300_GS.N04R,GS,0,1755594780,0S 0913  GCS/TSS,1755609273,1755609279,530,0,0
1755594780_GS.S01R,055300_GS.S01R,GS,1,1755594780,0S 0913  TSS/GCS,1755609258,1755609264,526,0,0
1755594810_7..N,055350_7..N,7,0,1755594810,=7 0913+ 111/MST,1755609768,1755609779,593,0,0
1755594840_2..N02R,055400_2..N02R,2,0,1755594840,02 0914  FLA/238,1755616745,1755616750,2283,0,0
1755594840_3..N01R,055400_3..N01R,3,0,1755594840,03 0914  NLT/148,1755614863,1755614869,1904,0,0
1755594840_3..S01R,055400_3..S01R,3,1,1755594840,03 0914  148/NLT,1755613309,1755613315,1539,0,0
1755594840_7..S,055400_7..S,7,1,1755594840,07 0914 MST/34H,1755611508,1755611514,1052,0,0
1755594900_6..N,055500_6..N,6,0,1755594900,/6 0915  BBR/PEL,1755614770,1755614773,721,0,0
1755594900_6..N01R,055500_6..N01R,6,0,1755594900,06 0915  BBR/PEL,1755611834,1755611839,1078,0,0
1755594900_6..S02R,055500_6..S02R,6X,1,1755594900,06 0915  PEL/BBR,1755609944,1755609951,477,0,0
1755594900_7..N,055500_7..N,7,0,1755594900,=7 0915 111/WPT,1755609678,1755609684,547,0,0
1755594930_1..N14R,055550_1..N14R,1,0,1755594930,01 0915+ SFT/215,1755612397,1755612400,1236,0,0
1755594960_7..N,055600_7..N,7,0,1755594960,07 0916 34H/MST,1755612172,1755612175,1208,0,0
1755594960_GS.N01R,055600_GS.N01R,GS,0,1755594960,0S 0916  GCS/TSS,1755609449,1755609453,499,0,0
1755594960_GS.S04R,055600_GS.S04R,GS,1,1755594960,0S 0916  TSS/GCS,1755609479,1755609480,506,0,0
1755594990_7..N,055650_7..N,7,0,1755594990,=7 0916+ 111/MST,1755610074,1755610079,618,0,0
1755595080_1..S03R,055800_1..S03R,1,1,1755595080,01 0918  242/SFT,1755612809,1755612814,1345,0,0
1755595080_6..N03R,055800_6..N03R,6,0,1755595080,06 0918  BBR/177,1755614575,1755614578,1762,0,0
1755595110_6..N01R,055850_6..N01R,6,0,1755595110,E6 0918+ 86S/PEL,1755609591,1755609594,47,0,0
1755595140_1..N03R,055900_1..N03R,1,0,1755595140,01 0919  SFT/242,1755613159,1755613162,1436,0,0
1755595140_4..N06R,055900_4..N06R,4,0,1755595140,04 0919  UTI/WDL,1755610074,1755610079,591,0,0
1755595140_7X..S,055900_7X..S,7X,1,1755595140,07 0919 MST/34H,1755611655,1755611658,1004,0,0
1755595140_GS.N04R,055900_GS.N04R,GS,0,1755595140,0S 0919  GCS/TSS,1755609651,1755609657,544,0,0
1755595140_GS.S01R,055900_GS.S01R,GS,1,1755595140,0S 0919  TSS/GCS,1755609644,1755609648,542,0,0
1755595170_5..N66R,055950_5..N66R,5,0,1755595170,05 0919+ FLA/DYR,1755616528,1755616534,2114,0,0
1755595170_6..S,055950_6..S,6X,1,1755595170,$6 0919+ PEL/BBR,1755611316,1755611322,240,0,0
1755595170_6..S02R,055950_6..S02R,6X,1,1755595170,06 0919+ PEL/BBR,1755610374,1755610379,635,0,0
1755595200_4..S06R,056000_4..S06R,4,1,1755595200,04 0920  WDL/UTI,1755613843,1755613849,1521,0,0
1755595200_5..S03R,056000_5..S03R,5,1,1755595200,05 0920  DYR/FLA,1755614617,1755614620,1694,0,0
1755595200_7..N,056000_7..N,7,0,1755595200,07 0920 34H/MST,1755612394,1755612397,1197,0,0
1755595230_2..S01R,056050_2..S01R,2,1,1755595230,02 0920+ 241/FLA,1755615373,1755615379,1868,0,0
1755595230_3..N01R,056050_3..N01R,3,0,1755595230,03 0920+ NLT/148,1755615184,1755615190,1825,0,0
1755595260_1..S12R,056100_1..S12R,1,1,1755595260,01 0921  137/SFT,1755612037,1755612040,1065,0,0
1755595260_6..N01R,056100_6..N01R,6,0,1755595260,/6 0921  BBR/PEL,1755615763,1755615769,1956,0,0
1755595260_7..S,056100_7..S,7,1,1755595260,07 0921 MST/34H,1755611797,1755611800,1021,0,0
1755595290_2..N02R,056150_2..N02R,2,0,1755595290,02 0921+ FLA/238,1755617065,1755617068,2255,0,0
1755595320_7..N,056200_7..N,7,0,1755595320,=7 0922 111/WPT,1755610128,1755610137,552,0,0
1755595320_GS.N01R,056200_GS.N01R,GS,0,1755595320,0S 0922  GCS/TSS,1755609831,1755609837,513,0,0
1755595320_GS.S04R,056200_GS.S04R,GS,1,1755595320,0S 0922  TSS/GCS,1755609816,1755609819,509,0,0
1755595350_1..N03R,056250_1..N03R,1,0,1755595350,01 0922+ SFT/242,1755613279,1755613282,1389,0,0
1755595410_6..N01R,056350_6..N01R,6,0,1755595410,E6 0923+ 86S/PEL,1755612577,1755612580,749,0,0
1755595440_1..S03R,056400_1..S03R,1,1,1755595440,01 0924  242/SFT,1755613177,1755613180,1363,0,0
1755595440_3..S01R,056400_3..S01R,3,1,1755595440,03 0924  148/NLT,1755614038,1755614044,1207,0,0
1755595440_7..N,056400_7..N,7,0,1755595440,07 0924 34H/WPT,1755612164,1755612169,1084,2,1
1755595500_GS.N04R,056500_GS.N04R,GS,0,1755595500,0S 0925  GCS/TSS,1755609999,1755610004,474,0,0
1755595500_GS.S01R,056500_GS.S01R,GS,1,1755595500,0S 0925  TSS/GCS,1755609969,1755609974,466,0,0
1755595560_1..N14R,056600_1..N14R,1,0,1755595560,01 0926  SFT/215,1755613108,1755613114,1268,0,0
1755595560_5..S44R,056600_5..S44R,5,1,1755595560,E5 0926  180/FLA,1755614488,1755614494,1178,0,0
1755595560_6..S03R,056600_6..S03R,6,1,1755595560,06 0926  177/BBR,1755613294,1755613297,1316,0,0
1755595560_7X..S,056600_7X..S,7X,1,1755595560,07 0926 MST/34H,1755611920,1755611924,993,0,0
1755595590_4..N,056650_4..N,4,0,1755595590,04 0926+ UTI/WDL,1755615088,1755615094,274,0,0
1755595590_4..N06R,056650_4..N06R,4,0,1755595590,04 0926+ UTI/WDL,1755613894,1755613900,1394,0,0
1755595620_2..N02R,056700_2..N02R,2,0,1755595620,02 0927  FLA/238,1755617413,1755617419,2273,0,0
1755595620_2..S01R,056700_2..S01R,2,1,1755595620,02 0927  241/FLA,1755616015,1755616018,1931,0,0
1755595620_3..N,056700_3..N,3,0,1755595620,03 0927  NLT/148,1755615577,1755615580,1268,0,0
1755595620_3..N01R,056700_3..N01R,3,0,1755595620,03 0927  NLT/148,1755610254,1755610259,505,0,0
1755595650_5..S03R,056750_5..S03R,5,1,1755595650,05 0927+ DYR/FLA,1755615163,1755615169,1744,0,0
1755595680_6..N03R,056800_6..N03R,6,0,1755595680,06 0928  BBR/177,1755610920,1755610923,263,0,0
1755595680_7..N,056800_7..N,7,0,1755595680,07 0928 34H/MST,1755612667,1755612670,1152,0,0
1755595680_7..S,056800_7..S,7,1,1755595680,07 0928 MST/34H,1755612179,1755612184,1025,0,0
1755595680_GS.N01R,056800_GS.N01R,GS,0,1755595680,0S 0928  GCS/TSS,1755610173,1755610179,514,0,0
1755595680_GS.S04R,056800_GS.S04R,GS,1,1755595680,0S 0928  TSS/GCS,1755610191,1755610197,517,0,0
1755595740_1..S03R,056900_1..S03R,1,1,1755595740,01 0929  242/SFT,1755613627,1755613630,1396,0,0
1755595740_4..S06R,056900_4..S06R,4,1,1755595740,04 0929  WDL/UTI,1755614173,1755614179,1516,0,0
1755595800_1..N03R,057000_1..N03R,1,0,1755595800,01 0930  SFT/242,1755613903,1755613909,1389,0,0
1755595800_2..N01R,057000_2..N01R,2,0,1755595800,E2 0930  CHB/DYR,1755613924,1755613930,951,0,0
1755595800_5..N66R,057000_5..N66R,5,0,1755595800,05 0930  FLA/DYR,1755616990,1755616993,2090,0,0
1755595860_6..N01R,057100_6..N01R,6,0,1755595860,06 0931  BBR/PEL,1755611070,1755611076,91,0,0
1755595890_GS.N04R,057150_GS.N04R,GS,0,1755595890,0S 0931+ GCS/TSS,1755610398,1755610404,506,0,0
1755595890_GS.S01R,057150_GS.S01R,GS,1,1755595890,0S 0931+ TSS/GCS,1755610299,1755610304,479,0,0
1755595920_7..N,057200_7..N,7,0,1755595920,07 0932 34H/MST,1755612805,1755612809,1134,0,0
1755595950_2..S01R,057250_2..S01R,2,1,1755595950,02 0932+ 241/FLA,1755616549,1755616555,1957,0,0
1755595980_3..N01R,057300_3..N01R,3,0,1755595980,03 0933  NLT/148,1755615994,1755616000,1860,0,0
1755595980_6..S,057300_6..S,6X,1,1755595980,06 0933  PEL/BBR,1755613984,1755613990,700,0,0
1755595980_6..S02R,057300_6..S02R,6X,1,1755595980,06 0933  PEL/BBR,1755611184,1755611189,705,0,0
1755595980_7X..S,057300_7X..S,7X,1,1755595980,07 0933 MST/34H,1755612359,1755612364,1007,0,0
1755596010_5..S03R,057350_5..S03R,5,1,1755596010,05 0933+ DYR/FLA,1755615517,1755615520,1755,0,0
1755596040_1..N03R,057400_1..N03R,1,0,1755596040,01 0934  SFT/242,1755614053,1755614059,1422,0,0
1755596040_1..S03R,057400_1..S03R,1,1,1755596040,01 0934  242/SFT,1755613795,1755613798,1367,0,0
1755596040_2..N02R,057400_2..N02R,2,0,1755596040,02 0934  FLA/238,1755617704,1755617705,2286,0,0
1755596040_6..N01R,057400_6..N01R,6,0,1755596040,E6 0934  3AB/PEL,1755611995,1755611999,416,0,0
1755596100_GS.S04R,057500_GS.S04R,GS,1,1755596100,0S 0935  TSS/GCS,1755610584,1755610589,475,0,0
1755596130_6..S03R,057550_6..S03R,6,1,1755596130,06 0935+ 177/BBR,1755613813,1755613819,1295,0,0
1755596130_GS.N01R,057550_GS.N01R,GS,0,1755596130,0S 0935+ GCS/TSS,1755610635,1755610638,489,0,0
1755596160_5..N66R,057600_5..N66R,5,0,1755596160,05 0936  FLA/DYR,1755617350,1755617353,2112,0,0
1755596160_7..N,057600_7..N,7,0,1755596160,07 0936 34H/MST,1755613153,1755613159,1173,0,0
1755596160_7..S,057600_7..S,7,1,1755596160,07 0936 MST/34H,1755612869,1755612874,1099,0,0
1755596190_4..N,057650_4..N,4,0,1755596190,04 0936+ UTI/WDL,1755615733,1755615739,302,0,0
1755596190_4..N06R,057650_4..N06R,4,0,1755596190,04 0936+ UTI/WDL,1755614413,1755614419,1427,0,0
1755596220_3..S01R,057700_3..S01R,3,1,1755596220,03 0937  148/NLT,1755614647,1755614653,1123,0,0
1755596220_4..S06R,057700_4..S06R,4,1,1755596220,04 0937  WDL/UTI,1755614758,1755614764,1511,0,0
1755596280_1..N03R,057800_1..N03R,1,0,1755596280,01 0938  SFT/242,1755614263,1755614269,1394,0,0
1755596340_1..S,057900_1..S,1,1,1755596340,/1 0939  242/SFT,1755614437,1755614440,96,0,0
1755596340_1..S03R,057900_1..S03R,1,1,1755596340,/1 0939  242/SFT,1755613849,1755613855,1302,0,0
1755596340_GS.S01R,057900_GS.S01R,GS,1,1755596340,0S 0939  TSS/GCS,1755610764,1755610769,522,0,0
1755596370_6..S,057950_6..S,6X,1,1755596370,06 0939+ PEL/BBR,1755614548,1755614554,728,0,0
1755596370_6..S02R,057950_6..S02R,6X,1,1755596370,06 0939+ PEL/BBR,1755611595,1755611598,653,0,0
1755596370_GS.N04R,057950_GS.N04R,GS,0,1755596370,0S 0939+ GCS/TSS,1755610848,1755610854,466,0,0
1755596400_5..S03R,058000_5..S03R,5,1,1755596400,05 0940  DYR/FLA,1755616285,1755616288,1761,0,0
1755596400_7..N,058000_7..N,7,0,1755596400,07 0940 34H/MST,1755613384,1755613390,1170,0,0
1755596430_2..S01R,058050_2..S01R,2,1,1755596430,02 0940+ 241/FLA,1755616730,1755616735,1867,0,0
1755596460_4..N,058100_4..N,4,0,1755596460,04 0941  UTI/WDL,1755615895,1755615898,293,0,0
1755596460_4..N06R,058100_4..N06R,4,0,1755596460,04 0941  UTI/WDL,1755614605,1755614608,1394,0,0
1755596460_7X..S,058100_7X..S,7X,1,1755596460,07 0941 MST/34H,1755613015,1755613018,1055,0,0
1755596520_2..N02R,058200_2..N02R,2,0,1755596520,02 0942  FLA/238,1755618019,1755618020,2221,0,0
1755596520_4..S01R,058200_4..S01R,4,1,1755596520,E4 0942  UTI/NLT,1755611755,1755611759,195,0,0
1755596550_1..N03R,058250_1..N03R,1,0,1755596550,01 0942+ SFT/242,1755614608,1755614614,1395,0,0
1755596550_3..N01R,058250_3..N01R,3,0,1755596550,03 0942+ NLT/148,1755616414,1755616420,1793,0,0
1755596580_6..N01R,058300_6..N01R,6,0,1755596580,E6 0943  86S/PEL,1755676799,1755676805,16761,0,0
1755596580_6..N03R,058300_6..N03R,6,0,1755596580,06 0943  BBR/177,1755615103,1755615109,1025,0,0
1755596580_GS.S04R,058300_GS.S04R,GS,1,1755596580,0S 0943  TSS/GCS,1755611064,1755611069,521,0,0
1755596610_7..S,058350_7..S,7,1,1755596610,07 0943+ MST/34H,1755613363,1755613369,1109,0,0
1755596610_GS.N01R,058350_GS.N01R,GS,0,1755596610,0S 0943+ GCS/TSS,1755611103,1755611109,531,0,0
1755596640_1..S03R,058400_1..S03R,1,1,1755596640,01 0944  242/SFT,1755614623,1755614629,1399,0,0
1755596640_7..N,058400_7..N,7,0,1755596640,07 0944 34H/MST,1755613675,1755613678,1177,0,0
1755596700_4..N,058500_4..N,4,0,1755596700,04 0945  UTI/WDL,1755616264,1755616270,1196,0,0
1755596700_4..N43R,058500_4..N43R,4,0,1755596700,04 0945  UTI/BUR,1755611099,1755611103,460,0,0
1755596760_4..S06R,058600_4..S06R,4,1,1755596760,04 0946  WDL/UTI,1755611043,1755611163,446,0,0
1755596760_6..S02R,058600_6..S02R,6X,1,1755596760,06 0946  PEL/BBR,1755614848,1755614854,1352,0,0
1755596790_5..N66R,058650_5..N66R,5,0,1755596790,05 0946+ FLA/DYR,1755617590,1755617593,2030,0,0
1755596820_1..N03R,058700_1..N03R,1,0,1755596820,01 0947  SFT/242,1755614908,1755614914,1398,0,0
1755596820_6..N01R,058700_6..N01R,6,0,1755596820,06 0947  BBR/PEL,1755616264,1755616270,1693,0,0
1755596820_GS.S01R,058700_GS.S01R,GS,1,1755596820,0S 0947  TSS/GCS,1755611253,1755611259,500,0,0
1755596850_GS.N04R,058750_GS.N04R,GS,0,1755596850,0S 0947+ GCS/TSS,1755611384,1755611388,530,0,0
1755596880_5..S03R,058800_5..S03R,5,1,1755596880,05 0948  DYR/FLA,1755616900,1755616903,1843,0,0
1755596880_7..N,058800_7..N,7,0,1755596880,07 0948 34H/MST,1755613960,1755613963,1168,0,0
1755596940_1..S03R,058900_1..S03R,1,1,1755596940,01 0949  242/SFT,1755614833,1755614839,1381,0,0
1755596940_2..S01R,058900_2..S01R,2,1,1755596940,02 0949  241/FLA,1755617710,1755617713,1996,0,0
1755596940_6..S03R,058900_6..S03R,6,1,1755596940,06 0949  177/BBR,1755614692,1755614695,1347,0,0
1755596970_4..S06R,058950_4..S06R,4,1,1755596970,04 0949+ WDL/UTI,1755615718,1755615724,1134,0,0
1755596970_7X..S,058950_7X..S,7X,1,1755596970,07 0949+ MST/34H,1755613648,1755613654,1095,0,0
1755597000_6..S,059000_6..S,6,1,1755597000,06 0950  BBR/BWG,1755611684,1755611689,65,0,0
1755597030_2..N02R,059050_2..N02R,2,0,1755597030,02 0950+ FLA/238,1755618370,1755618373,2177,0,0
1755597030_3..N01R,059050_3..N01R,3,0,1755597030,03 0950+ NLT/148,1755616780,1755616783,1740,0,0
1755597030_3..S01R,059050_3..S01R,3,1,1755597030,03 0950+ 148/NLT,1755615613,1755615619,1473,0,0
1755597030_4..N,059050_4..N,4,0,1755597030,04 0950+ UTI/WDL,1755616459,1755616465,326,0,0
1755597030_4..N06R,059050_4..N06R,4,0,1755597030,04 0950+ UTI/WDL,1755614944,1755614950,1336,0,0
1755597030_6..N01R,059050_6..N01R,6,0,1755597030,E6 0950+ 3AB/PEL,1755612937,1755612940,418,0,0
1755597030_6..N03R,059050_6..N03R,6,0,1755597030,06 0950+ BBR/177,1755615595,1755615598,1481,0,0
1755597060_GS.S04R,059100_GS.S04R,GS,1,1755597060,0S 0951  TSS/GCS,1755611571,1755611574,507,0,0
1755597090_1..N03R,059150_1..N03R,1,0,1755597090,01 0951+ SFT/242,1755615043,1755615049,1357,0,0
1755597090_7..S,059150_7..S,7,1,1755597090,07 0951+ MST/34H,1755613864,1755613870,1111,0,0
1755597120_7..N,059200_7..N,7,0,1755597120,07 0952 34H/MST,1755614248,1755614254,1186,0,0
1755597120_GS.N01R,059200_GS.N01R,GS,0,1755597120,0S 0952  GCS/TSS,1755611619,1755611625,518,0,0
1755597150_5..N66R,059250_5..N66R,5,0,1755597150,05 0952+ FLA/DYR,1755617780,1755617782,1978,0,0
1755597240_1..S03R,059400_1..S03R,1,1,1755597240,01 0954  242/SFT,1755615133,1755615139,1378,0,0
1755597270_6..N01R,059450_6..N01R,6,0,1755597270,/6 0954+ BBR/PEL,1755616618,1755616624,1253,0,0
1755597330_GS.S01R,059550_GS.S01R,GS,1,1755597330,0S 0955+ TSS/GCS,1755611804,1755611809,497,0,0
1755597360_1..N03R,059600_1..N03R,1,0,1755597360,01 0956  SFT/242,1755615313,1755615319,1349,0,0
1755597360_5..S03R,059600_5..S03R,5,1,1755597360,05 0956  DYR/FLA,1755617110,1755617113,1760,0,0
1755597360_7..N,059600_7..N,7,0,1755597360,07 0956 34H/MST,1755614449,1755614455,1178,0,0
1755597360_7..S,059600_7..S,7,1,1755597360,07 0956 MST/34H,1755614305,1755614308,1145,0,0
1755597360_GS.N04R,059600_GS.N04R,GS,0,1755597360,0S 0956  GCS/TSS,1755611849,1755611857,509,0,0
1755597420_6..S03R,059700_6..S03R,6,1,1755597420,06 0957  177/BBR,1755614983,1755614989,1275,0,0
1755597450_1..N03R,059750_1..N03R,1,0,1755597450,E1 0957+ 215/242,1755612449,1755612454,145,0,0
1755597450_2..S,059750_2..S,2,1,1755597450,/2 0957+ 241/FLA,1755618080,1755618085,261,0,0
1755597450_2..S01R,059750_2..S01R,2,1,1755597450,/2 0957+ 241/FLA,1755616990,1755616993,1692,0,0
1755597480_6..N01R,059800_6..N01R,6,0,1755597480,06 0958  BBR/PEL,1755616858,1755616864,1691,0,0
1755597480_6..S02R,059800_6..S02R,6X,1,1755597480,06 0958  PEL/BBR,1755615598,1755615604,1043,0,0
1755597510_2..N02R,059850_2..N02R,2,0,1755597510,02 0958+ FLA/238,1755619205,1755619210,2337,0,0
1755597510_3..N01R,059850_3..N01R,3,0,1755597510,03 0958+ NLT/148,1755617120,1755617125,1763,0,0
1755597540_1..S03R,059900_1..S03R,1,1,1755597540,01 0959  242/SFT,1755615307,1755615310,1347,0,0
1755597540_3..S01R,059900_3..S01R,3,1,1755597540,03 0959  148/NLT,1755616549,1755616555,1611,0,0
1755597540_4..N,059900_4..N,4,0,1755597540,04 0959  UTI/WDL,1755616810,1755616813,281,0,0
1755597540_4..N06R,059900_4..N06R,4,0,1755597540,04 0959  UTI/WDL,1755615538,1755615544,1397,0,0
1755597570_GS.S04R,059950_GS.S04R,GS,1,1755597570,0S 0959+ TSS/GCS,1755612052,1755612055,494,0,0
1755597600_GS.N01R,060000_GS.N01R,GS,0,1755597600,0S 1000  GCS/TSS,1755612094,1755612097,505,0,0
1755597630_1..N03R,060050_1..N03R,1,0,1755597630,01 1000+ SFT/242,1755615523,1755615529,1326,0,0
1755597660_7..N,060100_7..N,7,0,1755597660,07 1001 34H/MST,1755614662,1755614665,1148,0,0
1755597660_7..S,060100_7..S,7,1,1755597660,07 1001 MST/34H,1755614563,1755614569,1124,0,0
1755597690_5..N66R,060150_5..N66R,5,0,1755597690,05 1001+ FLA/DYR,1755618160,1755618163,1943,0,0
1755597720_4..S06R,060200_4..S06R,4,1,1755597720,04 1002  WDL/UTI,1755616234,1755616240,1379,0,0
1755597750_6..N01R,060250_6..N01R,6,0,1755597750,06 1002+ BBR/PEL,1755617290,1755617293,1316,0,0
1755597810_4..N06R,060350_4..N06R,4,0,1755597810,E4 1003+ UTI/WDL,1755612439,1755612442,162,0,0
1755597810_5..S03R,060350_5..S03R,5,1,1755597810,05 1003+ DYR/FLA,1755617360,1755617362,1760,0,0
1755597810_GS.S01R,060350_GS.S01R,GS,1,1755597810,0S 1003+ TSS/GCS,1755612280,1755612284,554,0,0
1755597840_1..S03R,060400_1..S03R,1,1,1755597840,01 1004  242/SFT,1755615703,1755615709,1367,0,0
1755597840_GS.N04R,060400_GS.N04R,GS,0,1755597840,0S 1004  GCS/TSS,1755612319,1755612325,563,0,0
1755597900_3..S01R,060500_3..S01R,3,1,1755597900,03 1005  148/NLT,1755616940,1755616945,1571,0,0
1755597900_4..N,060500_4..N,4,0,1755597900,E4 1005  NLT/WDL,1755617818,1755617824,1359,0,0
1755597930_1..N03R,060550_1..N03R,1,0,1755597930,01 1005+ SFT/242,1755615823,1755615829,1319,0,0
1755597960_2..S02R,060600_2..S02R,2,1,1755597960,02 1006  238/FLA,1755618320,1755618325,1873,0,0
1755597960_4..N,060600_4..N,4,0,1755597960,04 1006  UTI/WDL,1755617270,1755617275,368,0,0
1755597960_4..N06R,060600_4..N06R,4,0,1755597960,04 1006  UTI/WDL,1755615709,1755615715,1167,0,0
1755597960_7..N,060600_7..N,7,0,1755597960,07 1006 34H/MST,1755614908,1755614914,1151,0,0
1755597990_2..S02R,060650_2..S02R,2,0,1755597990,02 1006+ 238/FLA,1755610338,1755610344,111,0,0
1755597990_6..N03R,060650_6..N03R,6,0,1755597990,06 1006+ BBR/177,1755616339,1755616345,1019,0,0
1755598020_2..N02R,060700_2..N02R,2,0,1755598020,02 1007  FLA/238,1755619783,1755619789,2300,0,0
1755598050_GS.S04R,060750_GS.S04R,GS,1,1755598050,0S 1007+ TSS/GCS,1755612524,1755612529,541,0,0
1755598080_GS.N01R,060800_GS.N01R,GS,0,1755598080,0S 1008  GCS/TSS,1755612592,1755612595,559,0,0
1755598110_7..S,060850_7..S,7,1,1755598110,07 1008+ MST/34H,1755614968,1755614974,688,0,0
1755598140_1..S03R,060900_1..S03R,1,1,1755598140,01 1009  242/SFT,1755615913,1755615919,1338,0,0
1755598140_5..N66R,060900_5..N66R,5,0,1755598140,05 1009  FLA/DYR,1755618520,1755618523,1939,0,0
1755598200_4..N,061000_4..N,4,0,1755598200,E4 1010  UTI/BUR,1755616255,1755616258,46,0,0
1755598200_4..S06R,061000_4..S06R,4,1,1755598200,04 1010  WDL/UTI,1755612250,1755612254,395,0,0
1755598200_6..N03R,061000_6..N03R,6,0,1755598200,06 1010  BBR/177,1755616549,1755616555,1392,0,0
1755598200_6..S02R,061000_6..S02R,6X,1,1755598200,06 1010  PEL/BBR,1755615988,1755615994,1277,0,0
1755598230_1..N03R,061050_1..N03R,1,0,1755598230,01 1010+ SFT/242,1755615955,1755615958,1270,0,0
1755598260_3..N01R,061100_3..N01R,3,0,1755598260,03 1011  NLT/148,1755617480,1755617485,1618,0,0
1755598260_7..N,061100_7..N,7,0,1755598260,07 1011 34H/MST,1755615313,1755615319,1161,0,0
1755598290_5..S03R,061150_5..S03R,5,1,1755598290,05 1011+ DYR/FLA,1755618448,1755618454,1868,0,0
1755598290_GS.S01R,061150_GS.S01R,GS,1,1755598290,0S 1011+ TSS/GCS,1755612814,1755612817,542,0,0
1755598320_6..S03R,061200_6..S03R,6,1,1755598320,06 1012  177/BBR,1755615760,1755615763,1229,0,0
1755598320_GS.N04R,061200_GS.N04R,GS,0,1755598320,0S 1012  GCS/TSS,1755612802,1755612805,539,0,0
1755598350_3..S01R,061250_3..S01R,3,1,1755598350,03 1012+ 148/NLT,1755617270,1755617275,1567,0,0
1755598440_1..S03R,061400_1..S03R,1,1,1755598440,01 1014  242/SFT,1755616204,1755616210,1322,0,0
1755598440_6..N01R,061400_6..N01R,6,0,1755598440,06 1014  BBR/PEL,1755613843,1755613849,559,0,0
1755598470_2..S02R,061450_2..S02R,2,1,1755598470,02 1014+ 238/FLA,1755612929,1755612934,496,0,0
1755598470_6..N03R,061450_6..N03R,6,0,1755598470,06 1014+ BBR/177,1755616933,1755616939,1021,0,0
1755598530_GS.S04R,061550_GS.S04R,GS,1,1755598530,0S 1015+ TSS/GCS,1755613009,1755613015,517,0,0
1755598560_1..N03R,061600_1..N03R,1,0,1755598560,01 1016  SFT/242,1755616678,1755616684,1345,0,0
1755598560_7..N,061600_7..N,7,0,1755598560,07 1016 34H/MST,1755615547,1755615550,1110,0,0
1755598560_7..S,061600_7..S,7,1,1755598560,07 1016 MST/34H,1755615289,1755615295,1054,0,0
1755598560_GS.N01R,061600_GS.N01R,GS,0,1755598560,0S 1016  GCS/TSS,1755613063,1755613069,531,0,0
1755598590_2..N02R,061650_2..N02R,2,0,1755598590,02 1016+ FLA/238,1755620059,1755620060,2274,0,0
1755598620_3..N01R,061700_3..N01R,3,0,1755598620,03 1017  NLT/148,1755617848,1755617854,1668,0,0
1755598620_4..N,061700_4..N,4,0,1755598620,04 1017  UTI/WDL,1755617600,1755617605,356,0,0
1755598620_4..N06R,061700_4..N06R,4,0,1755598620,04 1017  UTI/WDL,1755616183,1755616189,1241,0,0
1755598680_3..S01R,061800_3..S01R,3,1,1755598680,03 1018  148/NLT,1755617740,1755617743,1598,0,0
1755598680_4..S06R,061800_4..S06R,4,1,1755598680,04 1018  WDL/UTI,1755616925,1755616930,1414,0,0
1755598680_6..S02R,061800_6..S02R,6X,1,1755598680,/6 1018  PEL/BBR,1755616570,1755616573,1319,0,0
1755598710_6..N01R,061850_6..N01R,6,0,1755598710,06 1018+ BBR/PEL,1755618020,1755618025,1281,0,0
1755598740_1..S03R,061900_1..S03R,1,1,1755598740,01 1019  242/SFT,1755616780,1755616783,1374,0,0
1755598740_5..S03R,061900_5..S03R,5,1,1755598740,05 1019  DYR/FLA,1755618670,1755618673,1895,0,0
1755598770_5..N66R,061950_5..N66R,5,0,1755598770,05 1019+ FLA/DYR,1755618688,1755618694,1825,0,0
1755598770_GS.S01R,061950_GS.S01R,GS,1,1755598770,0S 1019+ TSS/GCS,1755613255,1755613258,504,0,0
1755598800_GS.N04R,062000_GS.N04R,GS,0,1755598800,0S 1020  GCS/TSS,1755613297,1755613300,515,0,0
1755598860_7..N,062100_7..N,7,0,1755598860,07 1021 34H/MST,1755616888,1755616894,1360,0,0
1755598860_7..S,062100_7..S,7,1,1755598860,07 1021 MST/34H,1755615559,1755615565,1062,0,0
1755598890_1..N03R,062150_1..N03R,1,0,1755598890,01 1021+ SFT/242,1755616780,1755616783,1298,0,0
1755598920_6..N01R,062200_6..N01R,6,0,1755598920,06 1022  BBR/PEL,1755618145,1755618148,1674,0,0
1755598950_2..N02R,062250_2..N02R,2,0,1755598950,02 1022+ FLA/238,1755620404,1755620407,2287,0,0
1755598950_2..S02R,062250_2..S02R,2,1,1755598950,02 1022+ 238/FLA,1755613759,1755613765,555,0,0
1755599010_4..N,062350_4..N,4,0,1755599010,04 1023+ UTI/WDL,1755618238,1755618244,390,0,0
1755599010_4..N06R,062350_4..N06R,4,0,1755599010,04 1023+ UTI/WDL,1755616820,1755616825,1309,0,0
1755599010_GS.S04R,062350_GS.S04R,GS,1,1755599010,0S 1023+ TSS/GCS,1755613504,1755613510,567,0,0
1755599040_1..S03R,062400_1..S03R,1,1,1755599040,01 1024  242/SFT,1755616948,1755616954,1344,0,0
1755599040_3..N01R,062400_3..N01R,3,0,1755599040,03 1024  NLT/148,1755618148,1755618154,1675,0,0
1755599040_GS.N01R,062400_GS.N01R,GS,0,1755599040,0S 1024  GCS/TSS,1755613525,1755613528,571,0,0
1755599160_4..S06R,062600_4..S06R,4,1,1755599160,04 1026  WDL/UTI,1755617863,1755617869,1524,0,0
1755599160_6..N03R,062600_6..N03R,6,0,1755599160,06 1026  BBR/177,1755617563,1755617569,1439,0,0
1755599160_7..N,062600_7..N,7,0,1755599160,07 1026 34H/MST,1755617000,1755617005,1321,0,0
1755599160_7..S,062600_7..S,7,1,1755599160,07 1026 MST/34H,1755615955,1755615958,1080,0,0
1755599190_1..N03R,062650_1..N03R,1,0,1755599190,01 1026+ SFT/242,1755616978,1755616984,1280,0,0
1755599190_5..S03R,062650_5..S03R,5,1,1755599190,05 1026+ DYR/FLA,1755618898,1755618904,1814,0,0
1755599220_5..N66R,062700_5..N66R,5,0,1755599220,05 1027  FLA/DYR,1755619040,1755619045,1853,0,0
1755599250_GS.S01R,062750_GS.S01R,GS,1,1755599250,0S 1027+ TSS/GCS,1755613744,1755613747,547,0,0
1755599280_6..S03R,062800_6..S03R,6,1,1755599280,06 1028  177/BBR,1755616820,1755616825,1237,0,0
1755599280_GS.N04R,062800_GS.N04R,GS,0,1755599280,0S 1028  GCS/TSS,1755613759,1755613765,551,0,0
1755599340_1..S03R,062900_1..S03R,1,1,1755599340,01 1029  242/SFT,1755617188,1755617194,1338,0,0
1755599370_3..S01R,062950_3..S01R,3,1,1755599370,03 1029+ 148/NLT,1755618088,1755618094,1510,0,0
1755599400_2..S02R,063000_2..S02R,2,1,1755599400,02 1030  238/FLA,1755620665,1755620668,2192,0,0
1755599400_4..N,063000_4..N,4,0,1755599400,04 1030  UTI/WDL,1755618658,1755618664,439,0,0
1755599400_4..N06R,063000_4..N06R,4,0,1755599400,04 1030  UTI/WDL,1755617068,1755617074,1265,0,0
1755599400_6..N01R,063000_6..N01R,6,0,1755599400,06 1030  BBR/PEL,1755618580,1755618583,1645,0,0
1755599400_6..S02R,063000_6..S02R,6X,1,1755599400,06 1030  PEL/BBR,1755617380,1755617383,819,0,0
1755599430_2..N02R,063050_2..N02R,2,0,1755599430,02 1030+ FLA/238,1755620764,1755620770,2213,0,0
1755599460_7..N,063100_7..N,7,0,1755599460,07 1031 34H/MST,1755617113,1755617119,1272,0,0
1755599460_7..S,063100_7..S,7,1,1755599460,07 1031 MST/34H,1755616444,1755616450,1100,0,0
1755599490_GS.S04R,063150_GS.S04R,GS,1,1755599490,0S 1031+ TSS/GCS,1755613999,1755614002,524,0,0
1755599520_1..N03R,063200_1..N03R,1,0,1755599520,01 1032  SFT/242,1755617270,1755617275,1283,0,0
1755599520_GS.N01R,063200_GS.N01R,GS,0,1755599520,0S 1032  GCS/TSS,1755614023,1755614029,531,0,0
1755599610_5..N66R,063350_5..N66R,5,0,1755599610,05 1033+ FLA/DYR,1755619834,1755619835,1993,0,0
1755599640_1..S03R,063400_1..S03R,1,1,1755599640,01 1034  242/SFT,1755617488,1755617494,1342,0,0
1755599640_3..N01R,063400_3..N01R,3,0,1755599640,03 1034  NLT/148,1755618448,1755618454,1608,0,0
1755599640_4..S06R,063400_4..S06R,4,1,1755599640,04 1034  WDL/UTI,1755618139,1755618140,1522,0,0
1755599670_5..S03R,063450_5..S03R,5,1,1755599670,05 1034+ DYR/FLA,1755619100,1755619105,1714,0,0
1755599670_6..N01R,063450_6..N01R,6,0,1755599670,06 1034+ BBR/PEL,1755619130,1755619132,1307,0,0
1755599730_2..N02R,063550_2..N02R,2,0,1755599730,02 1035+ FLA/238,1755621088,1755621094,2197,0,0
1755599730_GS.S01R,063550_GS.S01R,GS,1,1755599730,0S 1035+ TSS/GCS,1755614200,1755614203,493,0,0
1755599760_6..S03R,063600_6..S03R,6,1,1755599760,06 1036  177/BBR,1755617248,1755617254,1199,0,0
1755599760_7..N,063600_7..N,7,0,1755599760,07 1036 34H/MST,1755617233,1755617239,1230,0,0
1755599760_7..S,063600_7..S,7,1,1755599760,07 1036 MST/34H,1755616780,1755616783,1106,0,0
1755599820_GS.N04R,063700_GS.N04R,GS,0,1755599820,0S 1037  GCS/TSS,1755614299,1755614305,514,0,0
1755599850_1..N03R,063750_1..N03R,1,0,1755599850,01 1037+ SFT/242,1755617800,1755617803,1351,0,0
1755599850_3..S01R,063750_3..S01R,3,1,1755599850,03 1037+ 148/NLT,1755618410,1755618415,1518,0,0
1755599880_2..S02R,063800_2..S02R,2,1,1755599880,02 1038  238/FLA,1755614698,1755614704,609,0,0
1755599910_6..N03R,063850_6..N03R,6,0,1755599910,06 1038+ BBR/177,1755618085,1755618088,991,0,0
1755599940_4..N,063900_4..N,4,0,1755599940,04 1039  UTI/WDL,1755618970,1755618973,461,0,0
1755599940_4..N06R,063900_4..N06R,4,0,1755599940,04 1039  UTI/WDL,1755617315,1755617320,1216,0,0
1755600000_1..S03R,064000_1..S03R,1,1,1755600000,01 1040  242/SFT,1755617810,1755617815,1278,0,0
1755600000_3..N01R,064000_3..N01R,3,0,1755600000,03 1040  NLT/148,1755618800,1755618805,1553,0,0
1755600030_GS.S04R,064050_GS.S04R,GS,1,1755600030,0S 1040+ TSS/GCS,1755614524,1755614530,489,0,0
1755600060_7..N,064100_7..N,7,0,1755600060,07 1041 34H/MST,1755617390,1755617395,1196,0,0
1755600060_7..S,064100_7..S,7,1,1755600060,07 1041 MST/34H,1755617035,1755617038,1098,0,0
1755600120_4..S06R,064200_4..S06R,4,1,1755600120,04 1042  WDL/UTI,1755618628,1755618634,1504,0,0
1755600120_6..S02R,064200_6..S02R,6X,1,1755600120,06 1042  PEL/BBR,1755618020,1755618025,1335,0,0
1755600120_GS.N01R,064200_GS.N01R,GS,0,1755600120,0S 1042  GCS/TSS,1755614638,1755614644,516,0,0
1755600150_1..N03R,064250_1..N03R,1,0,1755600150,01 1042+ SFT/242,1755618050,1755618055,1343,0,0
1755600150_5..S03R,064250_5..S03R,5,1,1755600150,05 1042+ DYR/FLA,1755620015,1755620020,1890,0,0
1755600150_6..N01R,064250_6..N01R,6,0,1755600150,06 1042+ BBR/PEL,1755619543,1755619550,1370,0,0
1755600210_5..N66R,064350_5..N66R,5,0,1755600210,05 1043+ FLA/DYR,1755620083,1755620089,1909,0,0
1755600240_6..S,064400_6..S,6,1,1755600240,/6 1044  177/BBR,1755617779,1755617780,167,0,0
1755600240_6..S03R,064400_6..S03R,6,1,1755600240,/6 1044  177/BBR,1755617113,1755617119,1066,0,0
1755600300_1..S03R,064500_1..S03R,1,1,1755600300,01 1045  242/SFT,1755618118,1755618124,1282,0,0
1755600330_3..S01R,064550_3..S01R,3,1,1755600330,03 1045+ 148/NLT,1755618868,1755618874,1493,0,0
1755600330_GS.S01R,064550_GS.S01R,GS,1,1755600330,0S 1045+ TSS/GCS,1755614824,1755614827,482,0,0
1755600360_2..S02R,064600_2..S02R,2,1,1755600360,02 1046  238/FLA,1755621124,1755621130,2031,0,0
1755600360_6..N01R,064600_6..N01R,6,0,1755600360,06 1046  BBR/PEL,1755619753,1755619756,1737,0,0
1755600360_7..N,064600_7..N,7,0,1755600360,07 1046 34H/MST,1755617555,1755617560,1159,0,0
1755600360_7..S,064600_7..S,7,1,1755600360,07 1046 MST/34H,1755617240,1755617245,1074,0,0
1755600390_3..N01R,064650_3..N01R,3,0,1755600390,03 1046+ NLT/148,1755619198,1755619204,1585,0,0
1755600420_GS.N04R,064700_GS.N04R,GS,0,1755600420,0S 1047  GCS/TSS,1755614923,1755614929,505,0,0
1755600450_1..N03R,064750_1..N03R,1,0,1755600450,01 1047+ SFT/242,1755618490,1755618493,1383,0,0
1755600480_4..N,064800_4..N,4,0,1755600480,04 1048  UTI/WDL,1755619258,1755619264,351,0,0
1755600480_4..N06R,064800_4..N06R,4,0,1755600480,04 1048  UTI/WDL,1755618005,1755618010,1251,0,0
1755600510_2..N02R,064850_2..N02R,2,0,1755600510,02 1048+ FLA/238,1755621520,1755621523,2131,0,0
1755600510_6..S02R,064850_6..S02R,6X,1,1755600510,06 1048+ PEL/BBR,1755618560,1755618565,1403,0,0
1755600570_3..S01R,064950_3..S01R,3,1,1755600570,E3 1049+ 148/NLT,1755619318,1755619324,1194,0,0
1755600600_1..S03R,065000_1..S03R,1,1,1755600600,01 1050  242/SFT,1755618620,1755618622,1343,0,0
1755600600_4..S06R,065000_4..S06R,4,1,1755600600,04 1050  WDL/UTI,1755619093,1755619099,1477,0,0
1755600600_6..N03R,065000_6..N03R,6,0,1755600600,06 1050  BBR/177,1755618673,1755618679,1357,0,0
1755600630_5..S03R,065050_5..S03R,5,1,1755600630,05 1050+ DYR/FLA,1755620305,1755620308,1805,0,0
1755600630_GS.S04R,065050_GS.S04R,GS,1,1755600630,0S 1050+ TSS/GCS,1755615133,1755615139,473,0,0
1755600660_7..N,065100_7..N,7,0,1755600660,07 1051 34H/MST,1755617890,1755617893,1161,0,0
1755600660_7..S,065100_7..S,7,1,1755600660,07 1051 MST/34H,1755617515,1755617518,1056,0,0
1755600720_5..N66R,065200_5..N66R,5,0,1755600720,05 1052  FLA/DYR,1755620524,1755620530,1850,0,0
1755600720_6..S03R,065200_6..S03R,6,1,1755600720,06 1052  177/BBR,1755618275,1755618280,1247,0,0
1755600720_GS.N01R,065200_GS.N01R,GS,0,1755600720,0S 1052  GCS/TSS,1755615232,1755615235,494,0,0
1755600750_1..N03R,065250_1..N03R,1,0,1755600750,01 1052+ SFT/242,1755618610,1755618613,1339,0,0
1755600810_3..S01R,065350_3..S01R,3,1,1755600810,03 1053+ 148/NLT,1755619895,1755619900,1700,0,0
1755600840_2..S02R,065400_2..S02R,2,1,1755600840,02 1054  238/FLA,1755621283,1755621289,2006,0,0
1755600840_6..N01R,065400_6..N01R,6,0,1755600840,06 1054  BBR/PEL,1755620695,1755620698,1884,0,0
1755600900_1..S03R,065500_1..S03R,1,1,1755600900,01 1055  242/SFT,1755618877,1755618886,1342,0,0
1755600900_3..N01R,065500_3..N01R,3,0,1755600900,03 1055  NLT/148,1755615643,1755615649,442,0,0
1755600930_GS.S01R,065550_GS.S01R,GS,1,1755600930,0S 1055+ TSS/GCS,1755615433,1755615439,463,0,0
1755600960_7..N,065600_7..N,7,0,1755600960,07 1056 34H/MST,1755618155,1755618160,1146,0,0
1755600960_7..S,065600_7..S,7,1,1755600960,07 1056 MST/34H,1755617923,1755617929,1082,0,0
1755600990_2..N02R,065650_2..N02R,2,0,1755600990,02 1056+ FLA/238,1755621844,1755621847,2049,0,0
1755601020_GS.N04R,065700_GS.N04R,GS,0,1755601020,0S 1057  GCS/TSS,1755615499,1755615502,477,0,0
1755601050_1..N03R,065750_1..N03R,1,0,1755601050,01 1057+ SFT/242,1755618868,1755618874,1338,0,0
1755601050_6..S,065750_6..S,6X,1,1755601050,06 1057+ PEL/BBR,1755619175,1755619180,17,0,0
1755601050_6..S02R,065750_6..S02R,6X,1,1755601050,06 1057+ PEL/BBR,1755619120,1755619123,1408,0,0
1755601080_4..S06R,065800_4..S06R,4,1,1755601080,04 1058  WDL/UTI,1755619540,1755619543,1524,0,0
1755601080_6..N03R,065800_6..N03R,6,0,1755601080,06 1058  BBR/177,1755619025,1755619030,1382,0,0
1755601110_3..N01R,065850_3..N01R,3,0,1755601110,03 1058+ NLT/148,1755615934,1755615940,62,0,0
1755601110_5..S03R,065850_5..S03R,5,1,1755601110,05 1058+ DYR/FLA,1755620794,1755620800,1829,0,0
1755601200_5..N66R,066000_5..N66R,5,0,1755601200,05 1100  FLA/DYR,1755621865,1755621868,1984,0,0
1755601200_6..S03R,066000_6..S03R,6,1,1755601200,06 1100  177/BBR,1755618755,1755618760,1237,0,0
1755601230_GS.S04R,066050_GS.S04R,GS,1,1755601230,0S 1100+ TSS/GCS,1755615724,1755615727,459,0,0
1755601260_1..S03R,066100_1..S03R,1,1,1755601260,01 1101  242/SFT,1755619198,1755619204,1362,0,0
1755601260_7..S,066100_7..S,7,1,1755601260,07 1101 MST/34H,1755618095,1755618100,1061,0,0
1755601290_3..S01R,066150_3..S01R,3,1,1755601290,03 1101+ 148/NLT,1755616060,1755616063,464,0,0
1755601290_4..N,066150_4..N,4,0,1755601290,04 1101+ UTI/WDL,1755619693,1755619696,354,0,0
1755601290_4..N06R,066150_4..N06R,4,0,1755601290,04 1101+ UTI/WDL,1755618430,1755618433,980,0,0
1755601320_2..S02R,066200_2..S02R,2,1,1755601320,02 1102  238/FLA,1755621634,1755621640,1933,0,0
1755601320_GS.N01R,066200_GS.N01R,GS,0,1755601320,0S 1102  GCS/TSS,1755615853,1755615859,488,0,0
1755601350_1..N03R,066250_1..N03R,1,0,1755601350,01 1102+ SFT/242,1755619150,1755619153,1348,0,0
1755601410_7..N,066350_7..N,7,0,1755601410,07 1103+ 34H/MST,1755618514,1755618515,825,0,0
1755601470_2..N02R,066450_2..N02R,2,0,1755601470,02 1104+ FLA/238,1755622189,1755622195,1990,0,0
1755601500_3..N01R,066500_3..N01R,3,0,1755601500,03 1105  NLT/148,1755619783,1755619789,1452,0,0
1755601530_6..S02R,066550_6..S02R,6X,1,1755601530,06 1105+ PEL/BBR,1755619588,1755619594,1404,0,0
1755601530_GS.S01R,066550_GS.S01R,GS,1,1755601530,0S 1105+ TSS/GCS,1755616084,1755616090,470,0,0
1755601560_4..S06R,066600_4..S06R,4,1,1755601560,04 1106  WDL/UTI,1755619970,1755619975,1510,0,0
1755601560_7..S,066600_7..S,7,1,1755601560,07 1106 MST/34H,1755619070,1755619075,1287,0,0
1755601590_5..S03R,066650_5..S03R,5,1,1755601590,05 1106+ DYR/FLA,1755621424,1755621430,1824,0,0
1755601590_6..N01R,066650_6..N01R,6,0,1755601590,06 1106+ BBR/PEL,1755621115,1755621118,1385,0,0
1755601620_1..S03R,066700_1..S03R,1,1,1755601620,01 1107  242/SFT,1755619534,1755619535,1388,0,0
1755601620_GS.N04R,066700_GS.N04R,GS,0,1755601620,0S 1107  GCS/TSS,1755616117,1755616120,477,0,0
1755601650_1..N03R,066750_1..N03R,1,0,1755601650,01 1107+ SFT/242,1755619400,1755619405,1354,0,0
1755601680_6..S03R,066800_6..S03R,6,1,1755601680,06 1108  177/BBR,1755619438,1755619444,1364,0,0
1755601710_3..S01R,066850_3..S01R,3,1,1755601710,03 1108+ 148/NLT,1755620305,1755620308,1594,0,0
1755601710_5..N66R,066850_5..N66R,5,0,1755601710,05 1108+ FLA/DYR,1755616180,1755616183,491,0,0
1755601800_2..S02R,067000_2..S02R,2,1,1755601800,02 1110  238/FLA,1755622543,1755622549,1994,0,0
1755601830_GS.S04R,067050_GS.S04R,GS,1,1755601830,0S 1110+ TSS/GCS,1755616333,1755616339,454,0,0
1755601860_7..N,067100_7..N,7,0,1755601860,07 1111 34H/MST,1755618823,1755618829,1132,0,0
1755601860_7..S,067100_7..S,7,1,1755601860,07 1111 MST/34H,1755619270,1755619273,1259,0,0
1755601890_2..N02R,067150_2..N02R,2,0,1755601890,02 1111+ FLA/238,1755622594,1755622600,1991,0,0
1755601920_GS.N01R,067200_GS.N01R,GS,0,1755601920,0S 1112  GCS/TSS,1755616429,1755616435,473,0,0
1755601950_1..N03R,067250_1..N03R,1,0,1755601950,01 1112+ SFT/242,1755619813,1755619819,1398,0,0
1755601980_1..S03R,067300_1..S03R,1,1,1755601980,01 1113  242/SFT,1755619955,1755619960,1438,0,0
1755601980_3..S01R,067300_3..S01R,3,1,1755601980,E3 1113  148/NLT,1755620785,1755620788,1176,0,0
1755602010_6..S02R,067350_6..S02R,6X,1,1755602010,06 1113+ PEL/BBR,1755619970,1755619975,1441,0,0
1755602040_4..N,067400_4..N,4,0,1755602040,/4 1114  UTI/WDL,1755621784,1755621790,274,0,0
1755602040_4..N06R,067400_4..N06R,4,0,1755602040,/4 1114  UTI/WDL,1755620458,1755620464,1520,0,0
1755602040_4..S06R,067400_4..S06R,4,1,1755602040,04 1114  WDL/UTI,1755620473,1755620479,1560,0,0
1755602040_6..N03R,067400_6..N03R,6,0,1755602040,06 1114  BBR/177,1755619555,1755619558,1325,0,0
1755602070_5..S03R,067450_5..S03R,5,1,1755602070,05 1114+ DYR/FLA,1755622033,1755622039,1806,0,0
1755602130_GS.S01R,067550_GS.S01R,GS,1,1755602130,0S 1115+ TSS/GCS,1755616594,1755616600,438,0,0
1755602160_6..S03R,067600_6..S03R,6,1,1755602160,/6 1116  177/BBR,1755619828,1755619834,1291,0,0
1755602160_7..N,067600_7..N,7,0,1755602160,07 1116 34H/MST,1755619445,1755619450,1238,0,0
1755602190_3..N01R,067650_3..N01R,3,0,1755602190,03 1116+ NLT/148,1755620863,1755620869,1130,0,0
1755602190_5..N66R,067650_5..N66R,5,0,1755602190,05 1116+ FLA/DYR,1755622555,1755622558,1927,0,0
1755602220_GS.N04R,067700_GS.N04R,GS,0,1755602220,0S 1117  GCS/TSS,1755616693,1755616699,463,0,0
1755602250_1..N03R,067750_1..N03R,1,0,1755602250,01 1117+ SFT/242,1755620135,1755620140,1418,0,0
1755602250_3..S01R,067750_3..S01R,3,1,1755602250,03 1117+ 148/NLT,1755621055,1755621058,1574,0,0
1755602280_2..S02R,067800_2..S02R,2,1,1755602280,02 1118  238/FLA,1755623263,1755623269,2073,0,0
1755602280_6..N01R,067800_6..N01R,6,0,1755602280,06 1118  BBR/PEL,1755621373,1755621379,1677,0,0
1755602340_1..S03R,067900_1..S03R,1,1,1755602340,01 1119  242/SFT,1755620233,1755620239,1443,0,0
1755602370_2..N02R,067950_2..N02R,2,0,1755602370,02 1119+ FLA/238,1755622918,1755622924,1930,0,0
1755602430_GS.S04R,068050_GS.S04R,GS,1,1755602430,0S 1120+ TSS/GCS,1755616918,1755616924,454,0,0
1755602460_7..N,068100_7..N,7,0,1755602460,07 1121 34H/MST,1755619774,1755619775,1242,0,0
1755602460_7..S,068100_7..S,7,1,1755602460,07 1121 MST/34H,1755619745,1755619750,1225,0,0
1755602490_6..S02R,068150_6..S02R,6X,1,1755602490,06 1121+ PEL/BBR,1755620974,1755620980,1522,0,0
1755602520_4..S06R,068200_4..S06R,4,1,1755602520,04 1122  WDL/UTI,1755620914,1755620920,1510,0,0
1755602520_GS.N01R,068200_GS.N01R,GS,0,1755602520,0S 1122  GCS/TSS,1755617038,1755617044,485,0,0
1755602550_1..N03R,068250_1..N03R,1,0,1755602550,01 1122+ SFT/242,1755620524,1755620530,1429,0,0
1755602550_2..S02R,068250_2..S02R,2,1,1755602550,E2 1122+ 238/FLA,1755623725,1755623728,1679,0,0
1755602550_5..S03R,068250_5..S03R,5,1,1755602550,05 1122+ DYR/FLA,1755622285,1755622288,1787,0,0
1755602640_6..S03R,068400_6..S03R,6,1,1755602640,06 1124  177/BBR,1755620195,1755620200,1361,0,0
1755602670_5..N66R,068450_5..N66R,5,0,1755602670,05 1124+ FLA/DYR,1755623005,1755623008,1881,0,0
1755602700_1..S03R,068500_1..S03R,1,1,1755602700,01 1125  242/SFT,1755620725,1755620728,1406,0,0
1755602730_3..S01R,068550_3..S01R,3,1,1755602730,03 1125+ 148/NLT,1755621454,1755621460,1551,0,0
1755602730_GS.S01R,068550_GS.S01R,GS,1,1755602730,0S 1125+ TSS/GCS,1755617218,1755617224,469,0,0
1755602760_2..S02R,068600_2..S02R,2,1,1755602760,02 1126  238/FLA,1755624085,1755624088,2125,0,0
1755602760_4..N,068600_4..N,4,0,1755602760,04 1126  UTI/WDL,1755621934,1755621940,264,0,0
1755602760_4..N06R,068600_4..N06R,4,0,1755602760,04 1126  UTI/WDL,1755620674,1755620680,1364,0,0
1755602760_6..N01R,068600_6..N01R,6,0,1755602760,06 1126  BBR/PEL,1755621895,1755621898,1649,0,0
1755602760_7..N,068600_7..N,7,0,1755602760,07 1126 34H/MST,1755620008,1755620014,1244,0,0
1755602760_7..S,068600_7..S,7,1,1755602760,07 1126 MST/34H,1755619828,1755619834,1194,0,0
1755602820_3..N01R,068700_3..N01R,3,0,1755602820,03 1127  NLT/148,1755621415,1755621418,1445,0,0
1755602820_GS.N04R,068700_GS.N04R,GS,0,1755602820,0S 1127  GCS/TSS,1755617308,1755617314,493,0,0
1755602850_1..N03R,068750_1..N03R,1,0,1755602850,01 1127+ SFT/242,1755620914,1755620920,1443,0,0
1755602850_2..N02R,068750_2..N02R,2,0,1755602850,02 1127+ FLA/238,1755623608,1755623614,2008,0,0
1755602970_6..S02R,068950_6..S02R,6X,1,1755602970,06 1129+ PEL/BBR,1755621145,1755621148,1424,0,0
1755603000_4..S06R,069000_4..S06R,4,1,1755603000,04 1130  WDL/UTI,1755621622,1755621625,1524,0,0
1755603000_6..N03R,069000_6..N03R,6,0,1755603000,06 1130  BBR/177,1755620413,1755620419,1275,0,0
1755603030_5..S03R,069050_5..S03R,5,1,1755603030,05 1130+ DYR/FLA,1755622675,1755622678,1747,0,0
1755603030_GS.S04R,069050_GS.S04R,GS,1,1755603030,0S 1130+ TSS/GCS,1755617510,1755617515,482,0,0
1755603060_1..S03R,069100_1..S03R,1,1,1755603060,01 1131  242/SFT,1755620935,1755620938,1382,0,0
1755603060_7..N,069100_7..N,7,0,1755603060,07 1131 34H/MST,1755620368,1755620374,1253,0,0
1755603060_7..S,069100_7..S,7,1,1755603060,07 1131 MST/34H,1755620045,1755620050,1176,0,0
1755603120_6..S03R,069200_6..S03R,6,1,1755603120,06 1132  177/BBR,1755620698,1755620701,1333,0,0
1755603120_GS.N01R,069200_GS.N01R,GS,0,1755603120,0S 1132  GCS/TSS,1755617623,1755617629,513,0,0
1755603150_5..N66R,069250_5..N66R,5,0,1755603150,05 1132+ FLA/DYR,1755623155,1755623158,1846,0,0
1755603210_1..N03R,069350_1..N03R,1,0,1755603210,01 1133+ SFT/242,1755621184,1755621190,1432,0,0
1755603210_3..S01R,069350_3..S01R,3,1,1755603210,03 1133+ 148/NLT,1755621805,1755621808,1493,0,0
1755603240_2..S02R,069400_2..S02R,2,1,1755603240,02 1134  238/FLA,1755624424,1755624430,2150,0,0
1755603300_3..N01R,069500_3..N01R,3,0,1755603300,03 1135  NLT/148,1755622384,1755622390,1607,0,0
1755603330_2..N02R,069550_2..N02R,2,0,1755603330,02 1135+ FLA/238,1755623914,1755623920,1944,0,0
1755603330_GS.S01R,069550_GS.S01R,GS,1,1755603330,0S 1135+ TSS/GCS,1755617815,1755617818,500,0,0
1755603360_7..N,069600_7..N,7,0,1755603360,07 1136 34H/MST,1755620458,1755620464,1241,0,0
1755603360_7..S,069600_7..S,7,1,1755603360,07 1136 MST/34H,1755620770,1755620773,1305,0,0
1755603420_1..S03R,069700_1..S03R,1,1,1755603420,01 1137  242/SFT,1755621334,1755621340,1396,0,0
1755603420_GS.N04R,069700_GS.N04R,GS,0,1755603420,0S 1137  GCS/TSS,1755617905,1755617908,524,0,0
1755603480_4..N,069800_4..N,4,0,1755603480,04 1138  UTI/WDL,1755622345,1755622348,298,0,0
1755603480_4..N06R,069800_4..N06R,4,0,1755603480,04 1138  UTI/WDL,1755620929,1755620935,1329,0,0
1755603480_4..S06R,069800_4..S06R,4,1,1755603480,04 1138  WDL/UTI,1755621898,1755621904,1515,0,0
1755603480_6..N03R,069800_6..N03R,6,0,1755603480,06 1138  BBR/177,1755621400,1755621403,1408,0,0
1755603510_1..N03R,069850_1..N03R,1,0,1755603510,01 1138+ SFT/242,1755621484,1755621490,1425,0,0
1755603510_5..S03R,069850_5..S03R,5,1,1755603510,05 1138+ DYR/FLA,1755623485,1755623488,1847,0,0
1755603600_6..S03R,070000_6..S03R,6,1,1755603600,06 1140  177/BBR,1755621283,1755621289,1324,0,0
1755603630_5..N66R,070050_5..N66R,5,0,1755603630,05 1140+ FLA/DYR,1755623425,1755623428,1774,0,0
1755603630_GS.S04R,070050_GS.S04R,GS,1,1755603630,0S 1140+ TSS/GCS,1755618095,1755618100,514,0,0
1755603660_7..N,070100_7..N,7,0,1755603660,07 1141 34H/MST,1755620578,1755620584,1158,0,0
1755603660_7..S,070100_7..S,7,1,1755603660,07 1141 MST/34H,1755620953,1755620959,1235,0,0
1755603690_3..S01R,070150_3..S01R,3,1,1755603690,03 1141+ 148/NLT,1755622414,1755622420,1546,0,0
1755603690_6..S,070150_6..S,6X,1,1755603690,06 1141+ PEL/BBR,1755621832,1755621835,89,0,0
1755603690_6..S02R,070150_6..S02R,6X,1,1755603690,06 1141+ PEL/BBR,1755621355,1755621358,1023,0,0
1755603720_2..S02R,070200_2..S02R,2,1,1755603720,02 1142  238/FLA,1755624535,1755624538,2050,0,0
1755603720_6..N01R,070200_6..N01R,6,0,1755603720,06 1142  BBR/PEL,1755622303,1755622309,1539,0,0
1755603720_GS.N01R,070200_GS.N01R,GS,0,1755603720,0S 1142  GCS/TSS,1755618245,1755618247,555,0,0
1755603780_1..S03R,070300_1..S03R,1,1,1755603780,01 1143  242/SFT,1755621685,1755621688,1405,0,0
1755603780_3..N01R,070300_3..N01R,3,0,1755603780,03 1143  NLT/148,1755622675,1755622678,1616,0,0
1755603810_2..N02R,070350_2..N02R,2,0,1755603810,02 1143+ FLA/238,1755624223,1755624229,1965,0,0
1755603840_1..N03R,070400_1..N03R,1,0,1755603840,01 1144  SFT/242,1755621625,1755621628,1393,0,0
1755603930_GS.S01R,070550_GS.S01R,GS,1,1755603930,0S 1145+ TSS/GCS,1755618442,1755618445,548,0,0
1755603960_4..N,070600_4..N,4,0,1755603960,04 1146  UTI/WDL,1755622624,1755622630,309,0,0
1755603960_4..N06R,070600_4..N06R,4,0,1755603960,04 1146  UTI/WDL,1755621160,1755621163,1267,0,0
1755603960_4..S06R,070600_4..S06R,4,1,1755603960,04 1146  WDL/UTI,1755622318,1755622324,1481,0,0
1755603960_6..N03R,070600_6..N03R,6,0,1755603960,06 1146  BBR/177,1755621799,1755621805,1369,0,0
1755603960_7..N,070600_7..N,7,0,1755603960,07 1146 34H/MST,1755620914,1755620920,1175,0,0
1755603960_7..S,070600_7..S,7,1,1755603960,07 1146 MST/34H,1755621100,1755621103,1213,0,0
1755603990_5..S03R,070650_5..S03R,5,1,1755603990,05 1146+ DYR/FLA,1755623836,1755623839,1799,0,0
1755604020_GS.N04R,070700_GS.N04R,GS,0,1755604020,0S 1147  GCS/TSS,1755618520,1755618523,568,0,0
1755604080_2..S02R,070800_2..S02R,2,1,1755604080,E2 1148  238/FLA,1755619105,1755619108,265,0,0
1755604110_5..N66R,070850_5..N66R,5,0,1755604110,05 1148+ FLA/DYR,1755624124,1755624130,1877,0,0
1755604140_1..S03R,070900_1..S03R,1,1,1755604140,01 1149  242/SFT,1755622054,1755622060,1425,0,0
1755604170_3..S01R,070950_3..S01R,3,1,1755604170,03 1149+ 148/NLT,1755622714,1755622720,1497,0,0
1755604200_1..N03R,071000_1..N03R,1,0,1755604200,01 1150  SFT/242,1755622153,1755622159,1381,0,0
1755604200_2..S02R,071000_2..S02R,2,1,1755604200,02 1150  238/FLA,1755624823,1755624829,1995,0,0
1755604200_6..N01R,071000_6..N01R,6,0,1755604200,06 1150  BBR/PEL,1755622663,1755622669,1487,0,0
1755604230_GS.S04R,071050_GS.S04R,GS,1,1755604230,0S 1150+ TSS/GCS,1755618700,1755618703,556,0,0
1755604260_7..N,071100_7..N,7,0,1755604260,07 1151 34H/MST,1755618598,1755618604,521,0,0
1755604260_7..S,071100_7..S,7,1,1755604260,07 1151 MST/34H,1755621310,1755621313,1196,0,0
1755604290_2..N02R,071150_2..N02R,2,0,1755604290,02 1151+ FLA/238,1755624808,1755624814,1994,0,0
1755604290_3..N01R,071150_3..N01R,3,0,1755604290,03 1151+ NLT/148,1755622993,1755622999,1553,0,0
1755604320_GS.N01R,071200_GS.N01R,GS,0,1755604320,0S 1152  GCS/TSS,1755618830,1755618835,591,0,0
1755604410_6..S,071350_6..S,6X,1,1755604410,06 1153+ PEL/BBR,1755622624,1755622630,221,0,0
1755604410_6..S02R,071350_6..S02R,6X,1,1755604410,06 1153+ PEL/BBR,1755621514,1755621520,1241,0,0
1755604410_7..N,071350_7..N,7,0,1755604410,07 1153+ 34H/MST,1755621514,1755621520,705,0,0
1755604440_4..N,071400_4..N,4,0,1755604440,04 1154  UTI/WDL,1755622945,1755622948,277,0,0
1755604440_4..N06R,071400_4..N06R,4,0,1755604440,04 1154  UTI/WDL,1755621628,1755621634,1266,0,0
1755604440_4..S06R,071400_4..S06R,4,1,1755604440,04 1154  WDL/UTI,1755622990,1755622993,1551,0,0
1755604440_6..N03R,071400_6..N03R,6,0,1755604440,06 1154  BBR/177,1755622144,1755622150,1377,0,0
1755604470_5..S03R,071450_5..S03R,5,1,1755604470,05 1154+ DYR/FLA,1755624193,1755624199,1747,0,0
1755604500_1..S03R,071500_1..S03R,1,1,1755604500,01 1155  242/SFT,1755622534,1755622540,1377,0,0
1755604530_GS.S01R,071550_GS.S01R,GS,1,1755604530,0S 1155+ TSS/GCS,1755619003,1755619009,559,0,0
1755604560_1..N03R,071600_1..N03R,1,0,1755604560,01 1156  SFT/242,1755622333,1755622339,1334,0,0
1755604560_3..S01R,071600_3..S01R,3,1,1755604560,03 1156  148/NLT,1755623224,1755623230,1519,0,0
1755604560_6..S03R,071600_6..S03R,6,1,1755604560,06 1156  177/BBR,1755622084,1755622090,1283,0,0
1755604560_7..S,071600_7..S,7,1,1755604560,07 1156 MST/34H,1755621625,1755621628,1211,0,0
1755604590_5..N66R,071650_5..N66R,5,0,1755604590,05 1156+ FLA/DYR,1755624373,1755624379,1795,0,0
1755604620_GS.N04R,071700_GS.N04R,GS,0,1755604620,0S 1157  GCS/TSS,1755619120,1755619123,590,0,0
1755604680_2..S02R,071800_2..S02R,2,1,1755604680,02 1158  238/FLA,1755625033,1755625039,1968,0,0
1755604680_6..N01R,071800_6..N01R,6,0,1755604680,06 1158  BBR/PEL,1755623215,1755623218,1515,0,0
1755604710_2..N02R,071850_2..N02R,2,0,1755604710,02 1158+ FLA/238,1755625123,1755625129,1993,0,0
1755604770_3..N01R,071950_3..N01R,3,0,1755604770,03 1159+ NLT/148,1755623374,1755623380,1469,0,0
1755604830_GS.S04R,072050_GS.S04R,GS,1,1755604830,0S 1200+ TSS/GCS,1755619294,1755619295,558,0,0
1755604860_1..S03R,072100_1..S03R,1,1,1755604860,01 1201  242/SFT,1755622774,1755622780,1345,0,0
1755604860_7..N,072100_7..N,7,0,1755604860,07 1201 34H/MST,1755622390,1755622393,1284,0,0
1755604860_7..S,072100_7..S,7,1,1755604860,07 1201 MST/34H,1755621775,1755621778,1153,0,0
1755604890_6..S02R,072150_6..S02R,6X,1,1755604890,06 1201+ PEL/BBR,1755622963,1755622969,1382,0,0
1755604920_1..N03R,072200_1..N03R,1,0,1755604920,01 1202  SFT/242,1755622765,1755622768,1342,0,0
1755604920_4..N,072200_4..N,4,0,1755604920,04 1202  UTI/WDL,1755623605,1755623608,252,0,0
1755604920_4..N06R,072200_4..N06R,4,0,1755604920,04 1202  UTI/WDL,1755622399,1755622402,1266,0,0
1755604920_4..S06R,072200_4..S06R,4,1,1755604920,04 1202  WDL/UTI,1755623593,1755623596,1515,0,0
1755604920_6..N03R,072200_6..N03R,6,0,1755604920,06 1202  BBR/177,1755622528,1755622534,1293,0,0
1755604920_GS.N01R,072200_GS.N01R,GS,0,1755604920,0S 1202  GCS/TSS,1755619408,1755619414,590,0,0
1755604950_5..S03R,072250_5..S03R,5,1,1755604950,05 1202+ DYR/FLA,1755624715,1755624718,1804,0,0
1755605040_5..N66R,072400_5..N66R,5,0,1755605040,05 1204  FLA/DYR,1755624793,1755624799,1823,0,0
1755605040_6..S03R,072400_6..S03R,6,1,1755605040,06 1204  177/BBR,1755622810,1755622813,1350,0,0
1755605130_3..S01R,072550_3..S01R,3,1,1755605130,03 1205+ 148/NLT,1755623704,1755623710,1458,0,0
1755605130_GS.S01R,072550_GS.S01R,GS,1,1755605130,0S 1205+ TSS/GCS,1755619624,1755619625,566,0,0
1755605160_2..S02R,072600_2..S02R,2,1,1755605160,02 1206  238/FLA,1755626119,1755626125,2098,0,0
1755605160_6..N01R,072600_6..N01R,6,0,1755605160,06 1206  BBR/PEL,1755623575,1755623578,1429,0,0
1755605160_7..N,072600_7..N,7,0,1755605160,07 1206 34H/MST,1755622519,1755622525,1243,0,0
1755605160_7..S,072600_7..S,7,1,1755605160,07 1206 MST/34H,1755622000,1755622003,1134,0,0
1755605220_1..S03R,072700_1..S03R,1,1,1755605220,01 1207  242/SFT,1755623134,1755623140,1337,0,0
1755605220_GS.N04R,072700_GS.N04R,GS,0,1755605220,0S 1207  GCS/TSS,1755619730,1755619735,596,0,0
1755605250_3..N01R,072750_3..N01R,3,0,1755605250,03 1207+ NLT/148,1755623923,1755623929,1510,0,0
1755605280_1..N03R,072800_1..N03R,1,0,1755605280,01 1208  SFT/242,1755623233,1755623239,1357,0,0
1755605370_6..S02R,072950_6..S02R,6X,1,1755605370,06 1209+ PEL/BBR,1755623464,1755623470,1323,0,0
1755605400_4..N,073000_4..N,4,0,1755605400,04 1210  UTI/WDL,1755624124,1755624130,265,0,0
1755605400_4..N06R,073000_4..N06R,4,0,1755605400,04 1210  UTI/WDL,1755622954,1755622960,1215,0,0
1755605400_4..S06R,073000_4..S06R,4,1,1755605400,04 1210  WDL/UTI,1755623935,1755623938,1429,0,0
1755605400_6..N03R,073000_6..N03R,6,0,1755605400,06 1210  BBR/177,1755623065,1755623068,1238,0,0
1755605430_5..S03R,073050_5..S03R,5,1,1755605430,05 1210+ DYR/FLA,1755625213,1755625219,1770,0,0
1755605430_GS.S04R,073050_GS.S04R,GS,1,1755605430,0S 1210+ TSS/GCS,1755619915,1755619918,563,0,0
1755605460_7..N,073100_7..N,7,0,1755605460,07 1211 34H/MST,1755623158,1755623164,1276,0,0
1755605460_7..S,073100_7..S,7,1,1755605460,07 1211 MST/34H,1755622288,1755622294,1096,0,0
1755605520_6..S03R,073200_6..S03R,6,1,1755605520,06 1212  177/BBR,1755623089,1755623095,1242,0,0
1755605520_GS.N01R,073200_GS.N01R,GS,0,1755605520,0S 1212  GCS/TSS,1755620023,1755620029,592,0,0
1755605550_3..S01R,073250_3..S01R,3,1,1755605550,03 1212+ 148/NLT,1755624364,1755624370,1544,0,0
1755605580_1..S03R,073300_1..S03R,1,1,1755605580,01 1213  242/SFT,1755623644,1755623650,1359,0,0
1755605640_1..N03R,073400_1..N03R,1,0,1755605640,01 1214  SFT/242,1755623425,1755623428,1313,0,0
1755605640_2..S,073400_2..S,2,1,1755605640,/2 1214  238/FLA,1755626698,1755626704,53,0,0
1755605640_2..S02R,073400_2..S02R,2,1,1755605640,/2 1214  238/FLA,1755626443,1755626449,2100,0,0
1755605640_6..N01R,073400_6..N01R,6,0,1755605640,06 1214  BBR/PEL,1755623944,1755623950,1429,0,0
1755605640_6..S01R,073400_6..S01R,6,1,1755605640,06 1214  PEL/BBR,1755620518,1755620524,705,0,0
1755605700_2..N02R,073500_2..N02R,2,0,1755605700,02 1215  FLA/238,1755625768,1755625774,1786,0,0
1755605730_3..N01R,073550_3..N01R,3,0,1755605730,03 1215+ NLT/148,1755624355,1755624358,1460,0,0
1755605730_GS.S01R,073550_GS.S01R,GS,1,1755605730,0S 1215+ TSS/GCS,1755620218,1755620224,562,0,0
1755605760_7..N,073600_7..N,7,0,1755605760,07 1216 34H/MST,1755623548,1755623554,1284,0,0
1755605760_7..S,073600_7..S,7,1,1755605760,07 1216 MST/34H,1755622669,1755622675,1101,0,0
1755605820_GS.N04R,073700_GS.N04R,GS,0,1755605820,0S 1217  GCS/TSS,1755620323,1755620329,583,0,0
1755605880_4..N,073800_4..N,4,0,1755605880,04 1218  UTI/WDL,1755624415,1755624418,282,0,0
1755605880_4..N06R,073800_4..N06R,4,0,1755605880,04 1218  UTI/WDL,1755623254,1755623260,1193,0,0
1755605880_4..S06R,073800_4..S06R,4,1,1755605880,04 1218  WDL/UTI,1755624325,1755624328,1452,0,0
1755605880_6..N03R,073800_6..N03R,6,0,1755605880,06 1218  BBR/177,1755623455,1755623458,1237,0,0
1755605910_3..S01R,073850_3..S01R,3,1,1755605910,03 1218+ 148/NLT,1755622528,1755622534,611,0,0
1755605910_5..S03R,073850_5..S03R,5,1,1755605910,05 1218+ DYR/FLA,1755625690,1755625693,1813,0,0
1755605940_1..S03R,073900_1..S03R,1,1,1755605940,01 1219  242/SFT,1755624094,1755624100,1388,0,0
1755606000_1..N03R,074000_1..N03R,1,0,1755606000,01 1220  SFT/242,1755623725,1755623728,1212,0,0
1755606000_6..S03R,074000_6..S03R,6,1,1755606000,06 1220  177/BBR,1755623608,1755623614,1188,0,0
1755606030_5..N66R,074050_5..N66R,5,0,1755606030,05 1220+ FLA/DYR,1755625768,1755625774,1753,0,0
1755606030_GS.S04R,074050_GS.S04R,GS,1,1755606030,0S 1220+ TSS/GCS,1755620503,1755620509,539,0,0
1755606060_7..N,074100_7..N,7,0,1755606060,07 1221 34H/MST,1755623725,1755623728,1222,0,0
1755606060_7..S,074100_7..S,7,1,1755606060,07 1221 MST/34H,1755622843,1755622849,1038,0,0
1755606120_2..S02R,074200_2..S02R,2,1,1755606120,02 1222  238/FLA,1755627139,1755627145,2129,0,0
1755606120_6..N01R,074200_6..N01R,6,0,1755606120,06 1222  BBR/PEL,1755624415,1755624418,1394,0,0
1755606120_6..S01R,074200_6..S01R,6,1,1755606120,06 1222  PEL/BBR,1755624349,1755624355,1375,0,0
1755606120_GS.N01R,074200_GS.N01R,GS,0,1755606120,0S 1222  GCS/TSS,1755620614,1755620620,561,0,0
1755606210_2..N01R,074350_2..N01R,2,0,1755606210,02 1223+ FLA/241,1755626929,1755626935,2061,0,0
1755606210_3..N,074350_3..N,3,0,1755606210,03 1223+ NLT/148,1755624874,1755624880,853,0,0
1755606210_3..N01R,074350_3..N01R,3,0,1755606210,03 1223+ NLT/148,1755620899,1755620905,582,0,0
1755606210_3..S01R,074350_3..S01R,3,1,1755606210,03 1223+ 148/NLT,1755625084,1755625090,1195,0,0
1755606270_1..S03R,074450_1..S03R,1,1,1755606270,01 1224+ 242/SFT,1755624214,1755624220,1253,0,0
1755606330_GS.S01R,074550_GS.S01R,GS,1,1755606330,0S 1225+ TSS/GCS,1755620839,1755620845,522,0,0
1755606360_1..N03R,074600_1..N03R,1,0,1755606360,01 1226  SFT/242,1755624193,1755624199,1248,0,0
1755606360_4..N,074600_4..N,4,0,1755606360,04 1226  UTI/WDL,1755624793,1755624799,318,0,0
1755606360_4..N06R,074600_4..N06R,4,0,1755606360,04 1226  UTI/WDL,1755623554,1755623560,1089,0,0
1755606360_4..S06R,074600_4..S06R,4,1,1755606360,04 1226  WDL/UTI,1755624994,1755624997,1454,0,0
1755606360_6..N03R,074600_6..N03R,6,0,1755606360,06 1226  BBR/177,1755623935,1755623938,1178,0,0
1755606360_7..N,074600_7..N,7,0,1755606360,07 1226 34H/MST,1755676799,1755676805,14806,0,0
1755606360_7..S,074600_7..S,7,1,1755606360,07 1226 MST/34H,1755623203,1755623209,1053,0,0
1755606390_5..S,074650_5..S,5,1,1755606390,/5 1226+ DYR/FLA,1755626560,1755626563,101,0,0
1755606390_5..S03R,074650_5..S03R,5,1,1755606390,/5 1226+ DYR/FLA,1755626038,1755626044,1740,0,0
1755606420_GS.N04R,074700_GS.N04R,GS,0,1755606420,0S 1227  GCS/TSS,1755620908,1755620914,535,0,0
1755606480_6..S03R,074800_6..S03R,6,1,1755606480,06 1228  177/BBR,1755623950,1755623953,1181,0,0
1755606510_5..N66R,074850_5..N66R,5,0,1755606510,05 1228+ FLA/DYR,1755626149,1755626155,1768,0,0
1755606510_7..N,074850_7..N,7,0,1755606510,07 1228+ 34H/MST,1755623953,1755623959,658,0,0
1755606600_2..S02R,075000_2..S02R,2,1,1755606600,02 1230  238/FLA,1755627499,1755627505,2061,0,0
1755606600_6..S,075000_6..S,6,1,1755606600,/6 1230  PEL/BBR,1755676799,1755676805,13660,1,0
1755606600_6..S01R,075000_6..S01R,6,1,1755606600,06 1230  PEL/BBR,1755623413,1755623419,977,0,0
1755606630_1..S03R,075050_1..S03R,1,1,1755606630,01 1230+ 242/SFT,1755624505,1755624508,1248,0,0
1755606630_6..N03R,075050_6..N03R,6,0,1755606630,06 1230+ BBR/177,1755624730,1755624733,890,0,0
1755606630_GS.S04R,075050_GS.S04R,GS,1,1755606630,0S 1230+ TSS/GCS,1755621094,1755621100,489,0,0
1755606660_7..S,075100_7..S,7,1,1755606660,07 1231 MST/34H,1755623383,1755623389,976,0,0
1755606690_2..N01R,075150_2..N01R,2,0,1755606690,02 1231+ FLA/241,1755627070,1755627073,1935,0,0
1755606690_3..N01R,075150_3..N01R,3,0,1755606690,03 1231+ NLT/148,1755625300,1755625303,1457,0,0
1755606720_1..N03R,075200_1..N03R,1,0,1755606720,01 1232  SFT/242,1755624424,1755624430,1225,0,0
1755606720_GS.N01R,075200_GS.N01R,GS,0,1755606720,0S 1232  GCS/TSS,1755621229,1755621235,517,0,0
1755606840_4..N,075400_4..N,4,0,1755606840,04 1234  UTI/WDL,1755625270,1755625273,329,0,0
1755606840_4..N06R,075400_4..N06R,4,0,1755606840,04 1234  UTI/WDL,1755624037,1755624040,1119,0,0
1755606840_4..S06R,075400_4..S06R,4,1,1755606840,04 1234  WDL/UTI,1755625816,1755625819,1594,0,0
1755606870_3..S01R,075450_3..S01R,3,1,1755606870,03 1234+ 148/NLT,1755625519,1755625522,1430,0,0
1755606870_5..S03R,075450_5..S03R,5,1,1755606870,05 1234+ DYR/FLA,1755627010,1755627013,1839,0,0
1755606870_6..N02R,075450_6..N02R,6X,0,1755606870,06 1234+ BBR/PEL,1755624904,1755624910,870,0,0
1755606930_GS.S01R,075550_GS.S01R,GS,1,1755606930,0S 1235+ TSS/GCS,1755621448,1755621454,477,0,0
1755606960_6..S03R,075600_6..S03R,6,1,1755606960,06 1236  177/BBR,1755624499,1755624502,1159,0,0
1755606960_7..N,075600_7..N,7,0,1755606960,07 1236 34H/MST,1755624364,1755624370,1159,0,0
1755606960_7..S,075600_7..S,7,1,1755606960,07 1236 MST/34H,1755623884,1755623890,1029,0,0
1755606990_1..S03R,075650_1..S03R,1,1,1755606990,01 1236+ 242/SFT,1755624925,1755624928,1273,0,0
1755606990_5..N66R,075650_5..N66R,5,0,1755606990,05 1236+ FLA/DYR,1755626428,1755626434,1676,0,0
1755607020_GS.N04R,075700_GS.N04R,GS,0,1755607020,0S 1237  GCS/TSS,1755621508,1755621514,488,0,0
1755607080_1..N03R,075800_1..N03R,1,0,1755607080,01 1238  SFT/242,1755624943,1755624949,1277,0,0
1755607080_2..S02R,075800_2..S02R,2,1,1755607080,02 1238  238/FLA,1755627619,1755627625,2002,0,0
1755607080_6..N02R,075800_6..N02R,6X,0,1755607080,06 1238  BBR/PEL,1755625174,1755625180,1336,0,0
1755607080_6..S,075800_6..S,6,1,1755607080,/6 1238  PEL/BBR,1755625498,1755625504,262,1,0
1755607080_6..S01R,075800_6..S01R,6,1,1755607080,06 1238  PEL/BBR,1755624463,1755624469,1150,0,0
1755607170_2..N01R,075950_2..N01R,2,0,1755607170,02 1239+ FLA/241,1755627328,1755627331,1846,0,0
1755607170_3..N01R,075950_3..N01R,3,0,1755607170,03 1239+ NLT/148,1755625849,1755625855,1438,0,0
1755607174_7..N,075958_7..N,7,0,1755607174,E7 1239+ 34H/MST,1755624760,1755624763,748,0,0
1755607230_GS.S04R,076050_GS.S04R,GS,1,1755607230,0S 1240+ TSS/GCS,1755621697,1755621700,447,0,0
1755607260_7..N,076100_7..N,7,0,1755607260,07 1241 34H/MST,1755624850,1755624853,1181,0,0
1755607260_7..S,076100_7..S,7,1,1755607260,07 1241 MST/34H,1755624154,1755624160,995,0,0
1755607320_4..N,076200_4..N,4,0,1755607320,04 1242  UTI/WDL,1755625759,1755625765,307,0,0
1755607320_4..N06R,076200_4..N06R,4,0,1755607320,04 1242  UTI/WDL,1755624598,1755624604,1106,0,0
1755607320_4..S06R,076200_4..S06R,4,1,1755607320,04 1242  WDL/UTI,1755626068,1755626074,1484,0,0
1755607320_6..N03R,076200_6..N03R,6,0,1755607320,06 1242  BBR/177,1755624940,1755624943,1195,0,0
1755607320_6..S01R,076200_6..S01R,6,1,1755607320,E6 1242  PEL/BBR,1755625795,1755625798,1035,0,0
1755607320_GS.N01R,076200_GS.N01R,GS,0,1755607320,0S 1242  GCS/TSS,1755621814,1755621817,472,0,0
1755607350_1..S03R,076250_1..S03R,1,1,1755607350,01 1242+ 242/SFT,1755625225,1755625228,1270,0,0
1755607350_3..S01R,076250_3..S01R,3,1,1755607350,03 1242+ 148/NLT,1755626239,1755626245,1544,0,0
1755607350_5..S03R,076250_5..S03R,5,1,1755607350,05 1242+ DYR/FLA,1755627379,1755627385,1835,0,0
1755607440_1..N03R,076400_1..N03R,1,0,1755607440,01 1244  SFT/242,1755625153,1755625159,1250,0,0
1755607440_2..S02R,076400_2..S02R,2,1,1755607440,E2 1244  238/FLA,1755627898,1755627901,1538,0,0
1755607440_6..S,076400_6..S,6,1,1755607440,/6 1244  177/BBR,1755625189,1755625192,397,0,0
1755607440_6..S03R,076400_6..S03R,6,1,1755607440,06 1244  177/BBR,1755623503,1755623509,827,0,0
1755607470_5..N66R,076450_5..N66R,5,0,1755607470,05 1244+ FLA/DYR,1755627400,1755627403,1786,0,0
1755607530_GS.S01R,076550_GS.S01R,GS,1,1755607530,0S 1245+ TSS/GCS,1755622033,1755622039,440,0,0
1755607560_2..S02R,076600_2..S02R,2,1,1755607560,02 1246  238/FLA,1755628378,1755628384,1946,0,0
1755607560_6..S01R,076600_6..S01R,6,1,1755607560,06 1246  PEL/BBR,1755625960,1755625963,1386,0,0
1755607560_7..N,076600_7..N,7,0,1755607560,07 1246 34H/MST,1755625102,1755625105,1149,0,0
1755607560_7..S,076600_7..S,7,1,1755607560,07 1246 MST/34H,1755624433,1755624439,1011,0,0
1755607620_GS.N04R,076700_GS.N04R,GS,0,1755607620,0S 1247  GCS/TSS,1755622099,1755622105,452,0,0
1755607650_2..N01R,076750_2..N01R,2,0,1755607650,02 1247+ FLA/241,1755627988,1755627994,1917,0,0
1755607650_3..N01R,076750_3..N01R,3,0,1755607650,03 1247+ NLT/148,1755626290,1755626293,1475,0,0
1755607710_1..S03R,076850_1..S03R,1,1,1755607710,01 1248+ 242/SFT,1755625609,1755625615,1289,0,0
1755607800_1..N03R,077000_1..N03R,1,0,1755607800,01 1250  SFT/242,1755625528,1755625534,1192,0,0
1755607800_4..N,077000_4..N,4,0,1755607800,04 1250  UTI/WDL,1755626350,1755626353,322,0,0
1755607800_4..N06R,077000_4..N06R,4,0,1755607800,04 1250  UTI/WDL,1755625159,1755625165,1094,0,0
1755607800_4..S06R,077000_4..S06R,4,1,1755607800,04 1250  WDL/UTI,1755626365,1755626368,1420,0,0
1755607830_3..S01R,077050_3..S01R,3,1,1755607830,03 1250+ 148/NLT,1755626518,1755626524,1399,0,0
1755607830_5..S03R,077050_5..S03R,5,1,1755607830,05 1250+ DYR/FLA,1755627799,1755627805,1798,0,0
1755607830_6..N02R,077050_6..N02R,6X,0,1755607830,06 1250+ BBR/PEL,1755626158,1755626164,895,0,0
1755607830_GS.S04R,077050_GS.S04R,GS,1,1755607830,0S 1250+ TSS/GCS,1755622300,1755622303,418,0,0
1755607860_7..N,077100_7..N,7,0,1755607860,07 1251 34H/MST,1755625630,1755625633,1217,0,0
1755607860_7..S,077100_7..S,7,1,1755607860,07 1251 MST/34H,1755676799,1755676805,14332,0,0
1755607920_6..S03R,077200_6..S03R,6,1,1755607920,06 1252  177/BBR,1755625663,1755625669,1228,0,0
1755607920_GS.N01R,077200_GS.N01R,GS,0,1755607920,0S 1252  GCS/TSS,1755622408,1755622414,441,0,0
1755607950_5..N66R,077250_5..N66R,5,0,1755607950,05 1252+ FLA/DYR,1755627580,1755627583,1752,0,0
1755608035_7..S,077393_7..S,7,1,1755608035,07 1253+ MST/34H,1755625123,1755625129,635,0,0
1755608040_2..S02R,077400_2..S02R,2,1,1755608040,02 1254  238/FLA,1755628753,1755628759,2005,0,0
1755608040_6..S01R,077400_6..S01R,6,1,1755608040,06 1254  PEL/BBR,1755626338,1755626344,1412,0,0
1755608070_1..S03R,077450_1..S03R,1,1,1755608070,01 1254+ 242/SFT,1755625969,1755625975,1251,0,0
1755608070_6..N03R,077450_6..N03R,6,0,1755608070,06 1254+ BBR/177,1755625594,1755625600,823,0,0
1755608130_2..N01R,077550_2..N01R,2,0,1755608130,02 1255+ FLA/241,1755628816,1755628819,1956,0,0
1755608130_3..N01R,077550_3..N01R,3,0,1755608130,03 1255+ NLT/148,1755626779,1755626785,1473,0,0
1755608130_GS.S01R,077550_GS.S01R,GS,1,1755608130,0S 1255+ TSS/GCS,1755622639,1755622645,427,0,0
1755608160_1..N03R,077600_1..N03R,1,0,1755608160,01 1256  SFT/242,1755625858,1755625864,1220,0,0
1755608160_7..N,077600_7..N,7,0,1755608160,07 1256 34H/MST,1755625798,1755625804,1231,0,0
1755608220_GS.N04R,077700_GS.N04R,GS,0,1755608220,0S 1257  GCS/TSS,1755622699,1755622705,440,0,0
1755608280_4..N,077800_4..N,4,0,1755608280,04 1258  UTI/WDL,1755626800,1755626803,300,0,0
1755608280_4..N06R,077800_4..N06R,4,0,1755608280,04 1258  UTI/WDL,1755625705,1755625708,1178,0,0
1755608280_4..S06R,077800_4..S06R,4,1,1755608280,04 1258  WDL/UTI,1755626824,1755626830,1484,0,0
1755608310_3..S01R,077850_3..S01R,3,1,1755608310,03 1258+ 148/NLT,1755626959,1755626962,1523,0,0
1755608310_5..S03R,077850_5..S03R,5,1,1755608310,05 1258+ DYR/FLA,1755628270,1755628273,1839,0,0
1755608400_6..S03R,078000_6..S03R,6,1,1755608400,06 1300  177/BBR,1755626194,1755626200,1249,0,0
1755608430_1..S03R,078050_1..S03R,1,1,1755608430,01 1300+ 242/SFT,1755626389,1755626395,1303,0,0
1755608430_5..N66R,078050_5..N66R,5,0,1755608430,05 1300+ FLA/DYR,1755627958,1755627964,1712,0,0
1755608430_GS.S04R,078050_GS.S04R,GS,1,1755608430,0S 1300+ TSS/GCS,1755622930,1755622933,426,0,0
1755608460_7..N,078100_7..N,7,0,1755608460,07 1301 34H/MST,1755625894,1755625900,1194,0,0
1755608460_7..S,078100_7..S,7,1,1755608460,07 1301 MST/34H,1755625273,1755625279,1027,0,0
1755608520_1..N03R,078200_1..N03R,1,0,1755608520,01 1302  SFT/242,1755626230,1755626233,1260,0,0
1755608520_2..S02R,078200_2..S02R,2,1,1755608520,02 1302  238/FLA,1755628978,1755628984,1931,0,0
1755608520_6..N02R,078200_6..N02R,6X,0,1755608520,06 1302  BBR/PEL,1755626689,1755626695,1385,0,0
1755608520_6..S01R,078200_6..S01R,6,1,1755608520,06 1302  PEL/BBR,1755626689,1755626695,1385,0,0
1755608520_GS.N01R,078200_GS.N01R,GS,0,1755608520,0S 1302  GCS/TSS,1755623023,1755623029,444,0,0
1755608610_2..N01R,078350_2..N01R,2,0,1755608610,02 1303+ FLA/241,1755623455,1755623458,483,0,0
1755608610_3..N01R,078350_3..N01R,3,0,1755608610,03 1303+ NLT/148,1755627250,1755627253,1540,0,0
1755608730_GS.S01R,078550_GS.S01R,GS,1,1755608730,0S 1305+ TSS/GCS,1755623209,1755623215,423,0,0
1755608760_4..N,078600_4..N,4,0,1755608760,04 1306  UTI/WDL,1755627118,1755627124,297,0,0
1755608760_4..N06R,078600_4..N06R,4,0,1755608760,04 1306  UTI/WDL,1755626044,1755626050,1148,0,0
1755608760_4..S06R,078600_4..S06R,4,1,1755608760,04 1306  WDL/UTI,1755627145,1755627148,1452,0,0
1755608760_6..N03R,078600_6..N03R,6,0,1755608760,06 1306  BBR/177,1755626335,1755626338,1227,0,0
1755608760_7..N,078600_7..N,7,0,1755608760,07 1306 34H/MST,1755626215,1755626218,1215,0,0
1755608760_7..S,078600_7..S,7,1,1755608760,07 1306 MST/34H,1755625489,1755625495,1019,0,0
1755608790_1..S03R,078650_1..S03R,1,1,1755608790,01 1306+ 242/SFT,1755626668,1755626674,1320,0,0
1755608790_3..S01R,078650_3..S01R,3,1,1755608790,03 1306+ 148/NLT,1755627580,1755627583,1568,0,0
1755608790_5..S03R,078650_5..S03R,5,1,1755608790,05 1306+ DYR/FLA,1755628576,1755628579,1782,0,0
1755608820_GS.N04R,078700_GS.N04R,GS,0,1755608820,0S 1307  GCS/TSS,1755623293,1755623299,439,0,0
1755608850_2..N01R,078750_2..N01R,2,0,1755608850,E2 1307+ FLA/241,1755629038,1755629041,1407,0,0
1755608880_1..N03R,078800_1..N03R,1,0,1755608880,01 1308  SFT/242,1755626629,1755626635,1308,0,0
1755608880_6..S03R,078800_6..S03R,6,1,1755608880,06 1308  177/BBR,1755626509,1755626515,1274,0,0
1755608910_5..N66R,078850_5..N66R,5,0,1755608910,05 1308+ FLA/DYR,1755628480,1755628483,1720,0,0
1755609000_2..S02R,079000_2..S02R,2,1,1755609000,02 1310  238/FLA,1755629158,1755629164,1846,0,0
1755609000_6..N02R,079000_6..N02R,6X,0,1755609000,06 1310  BBR/PEL,1755627190,1755627193,1402,0,0
1755609000_6..S01R,079000_6..S01R,6,1,1755609000,06 1310  PEL/BBR,1755627265,1755627268,1422,0,0
1755609030_GS.S04R,079050_GS.S04R,GS,1,1755609030,0S 1310+ TSS/GCS,1755623515,1755623518,426,0,0
1755609060_7..N,079100_7..N,7,0,1755609060,07 1311 34H/MST,1755626470,1755626473,1228,0,0
1755609060_7..S,079100_7..S,7,1,1755609060,07 1311 MST/34H,1755625978,1755625984,1077,0,0
1755609090_2..N01R,079150_2..N01R,2,0,1755609090,02 1311+ FLA/241,1755629344,1755629350,1836,0,0
1755609090_3..N01R,079150_3..N01R,3,0,1755609090,03 1311+ NLT/148,1755627688,1755627694,1530,0,0
1755609120_GS.N01R,079200_GS.N01R,GS,0,1755609120,0S 1312  GCS/TSS,1755623596,1755623599,442,0,0
1755609150_1..S03R,079250_1..S03R,1,1,1755609150,01 1312+ 242/SFT,1755627058,1755627064,1366,0,0
1755609240_1..N03R,079400_1..N03R,1,0,1755609240,01 1314  SFT/242,1755626989,1755626995,1346,0,0
1755609240_4..N,079400_4..N,4,0,1755609240,04 1314  UTI/WDL,1755627670,1755627673,347,0,0
1755609240_4..N06R,079400_4..N06R,4,0,1755609240,04 1314  UTI/WDL,1755626383,1755626389,1178,0,0
1755609240_4..S06R,079400_4..S06R,4,1,1755609240,04 1314  WDL/UTI,1755627634,1755627640,1518,0,0
1755609240_6..N03R,079400_6..N03R,6,0,1755609240,06 1314  BBR/177,1755626644,1755626650,1250,0,0
1755609270_3..S01R,079450_3..S01R,3,1,1755609270,03 1314+ 148/NLT,1755627988,1755627994,1531,0,0
1755609270_5..S03R,079450_5..S03R,5,1,1755609270,05 1314+ DYR/FLA,1755629338,1755629344,1820,0,0
1755609330_GS.S01R,079550_GS.S01R,GS,1,1755609330,0S 1315+ TSS/GCS,1755623809,1755623815,424,0,0
1755609360_6..S03R,079600_6..S03R,6,1,1755609360,06 1316  177/BBR,1755626959,1755626962,1275,0,0
1755609360_7..N,079600_7..N,7,0,1755609360,07 1316 34H/MST,1755626554,1755626560,1176,0,0
1755609360_7..S,079600_7..S,7,1,1755609360,07 1316 MST/34H,1755626080,1755626083,1047,0,0
1755609390_5..N66R,079650_5..N66R,5,0,1755609390,05 1316+ FLA/DYR,1755628834,1755628840,1703,0,0
1755609420_GS.N04R,079700_GS.N04R,GS,0,1755609420,0S 1317  GCS/TSS,1755623905,1755623908,449,0,0
1755609480_2..S02R,079800_2..S02R,2,1,1755609480,02 1318  238/FLA,1755629566,1755629569,1865,0,0
1755609480_6..N02R,079800_6..N02R,6X,0,1755609480,06 1318  BBR/PEL,1755627379,1755627385,1392,0,0
1755609480_6..S01R,079800_6..S01R,6,1,1755609480,06 1318  PEL/BBR,1755627694,1755627700,1466,0,0
1755609510_1..S03R,079850_1..S03R,1,1,1755609510,01 1318+ 242/SFT,1755627790,1755627793,1486,0,0
1755609570_1..N03R,079950_1..N03R,1,0,1755609570,01 1319+ SFT/242,1755627289,1755627295,1299,0,0
1755609570_2..N01R,079950_2..N01R,2,0,1755609570,/2 1319+ FLA/241,1755630916,1755630919,2049,0,0
1755609570_3..N01R,079950_3..N01R,3,0,1755609570,03 1319+ NLT/148,1755628258,1755628264,1523,0,0
1755609630_GS.S04R,080050_GS.S04R,GS,1,1755609630,0S 1320+ TSS/GCS,1755624100,1755624103,437,0,0
1755609660_7..N,080100_7..N,7,0,1755609660,07 1321 34H/MST,1755626719,1755626725,1161,0,0
1755609660_7..S,080100_7..S,7,1,1755609660,07 1321 MST/34H,1755626485,1755626488,1097,0,0
1755609720_4..N,080200_4..N,4,0,1755609720,04 1322  UTI/WDL,1755628039,1755628045,309,0,0
1755609720_4..N06R,080200_4..N06R,4,0,1755609720,04 1322  UTI/WDL,1755626809,1755626815,1166,0,0
1755609720_4..S06R,080200_4..S06R,4,1,1755609720,04 1322  WDL/UTI,1755628468,1755628474,1565,0,0
1755609720_5..N66R,080200_5..N66R,5,0,1755609720,E5 1322  FLA/DYR,1755629374,1755629380,1354,0,0
1755609720_6..N03R,080200_6..N03R,6,0,1755609720,06 1322  BBR/177,1755627118,1755627124,1253,0,0
1755609720_GS.N01R,080200_GS.N01R,GS,0,1755609720,0S 1322  GCS/TSS,1755624208,1755624214,465,0,0
1755609750_3..S01R,080250_3..S01R,3,1,1755609750,03 1322+ 148/NLT,1755628228,1755628231,1514,0,0
1755609750_5..S03R,080250_5..S03R,5,1,1755609750,05 1322+ DYR/FLA,1755629713,1755629719,1830,0,0
1755609840_6..S03R,080400_6..S03R,6,1,1755609840,06 1324  177/BBR,1755627526,1755627529,1338,0,0
1755609870_1..S03R,080450_1..S03R,1,1,1755609870,01 1324+ 242/SFT,1755627988,1755627994,1403,0,0
1755609870_5..N66R,080450_5..N66R,5,0,1755609870,05 1324+ FLA/DYR,1755629653,1755629659,1714,0,0
1755609930_1..N03R,080550_1..N03R,1,0,1755609930,01 1325+ SFT/242,1755627928,1755627931,1390,0,0
1755609930_GS.S01R,080550_GS.S01R,GS,1,1755609930,0S 1325+ TSS/GCS,1755624409,1755624415,457,0,0
1755609960_2..S02R,080600_2..S02R,2,1,1755609960,02 1326  238/FLA,1755630184,1755630190,1867,0,0
1755609960_6..S01R,080600_6..S01R,6,1,1755609960,06 1326  PEL/BBR,1755628204,1755628210,1447,0,0
1755609960_7..N,080600_7..N,7,0,1755609960,07 1326 34H/MST,1755626854,1755626860,1138,0,0
1755609960_7..S,080600_7..S,7,1,1755609960,07 1326 MST/34H,1755626764,1755626770,1111,0,0
1755610020_GS.N04R,080700_GS.N04R,GS,0,1755610020,0S 1327  GCS/TSS,1755624529,1755624535,489,0,0
1755610050_2..N01R,080750_2..N01R,2,0,1755610050,02 1327+ FLA/241,1755631063,1755631069,2026,0,0
1755610050_3..N01R,080750_3..N01R,3,0,1755610050,03 1327+ NLT/148,1755628618,1755628624,1536,0,0
1755610200_4..N,081000_4..N,4,0,1755610200,04 1330  UTI/WDL,1755628828,1755628831,256,0,0
1755610200_4..N06R,081000_4..N06R,4,0,1755610200,04 1330  UTI/WDL,1755627643,1755627649,1266,0,0
1755610200_4..S06R,081000_4..S06R,4,1,1755610200,04 1330  WDL/UTI,1755628840,1755628843,1525,0,0
1755610200_6..N03R,081000_6..N03R,6,0,1755610200,06 1330  BBR/177,1755627688,1755627694,1275,0,0
1755610230_1..S03R,081050_1..S03R,1,1,1755610230,01 1330+ 242/SFT,1755628150,1755628153,1373,0,0
1755610230_3..S01R,081050_3..S01R,3,1,1755610230,03 1330+ 148/NLT,1755628576,1755628579,1465,0,0
1755610230_5..S03R,081050_5..S03R,5,1,1755610230,05 1330+ DYR/FLA,1755630004,1755630010,1766,0,0
1755610230_GS.S04R,081050_GS.S04R,GS,1,1755610230,0S 1330+ TSS/GCS,1755624724,1755624730,478,0,0
1755610260_7..N,081100_7..N,7,0,1755610260,07 1331 34H/MST,1755627229,1755627235,1173,0,0
1755610260_7..S,081100_7..S,7,1,1755610260,07 1331 MST/34H,1755627058,1755627064,1102,0,0
1755610290_1..N03R,081150_1..N03R,1,0,1755610290,01 1331+ SFT/242,1755628300,1755628303,1405,0,0
1755610320_6..S03R,081200_6..S03R,6,1,1755610320,06 1332  177/BBR,1755628018,1755628024,1326,0,0
1755610320_GS.N01R,081200_GS.N01R,GS,0,1755610320,0S 1332  GCS/TSS,1755624799,1755624805,497,0,0
1755610350_5..N66R,081250_5..N66R,5,0,1755610350,05 1332+ FLA/DYR,1755630043,1755630049,1774,0,0
1755610440_2..S02R,081400_2..S02R,2,1,1755610440,02 1334  238/FLA,1755630604,1755630610,1892,0,0
1755610440_6..N02R,081400_6..N02R,6X,0,1755610440,06 1334  BBR/PEL,1755628318,1755628324,1409,0,0
1755610440_6..S,081400_6..S,6,1,1755610440,06 1334  PEL/BBR,1755628723,1755628729,63,0,0
1755610440_6..S01R,081400_6..S01R,6,1,1755610440,06 1334  PEL/BBR,1755628393,1755628399,1425,0,0
1755610530_2..N01R,081550_2..N01R,2,0,1755610530,02 1335+ FLA/241,1755631294,1755631300,1976,0,0
1755610530_3..N01R,081550_3..N01R,3,0,1755610530,03 1335+ NLT/148,1755629188,1755629194,1536,0,0
1755610530_GS.S01R,081550_GS.S01R,GS,1,1755610530,0S 1335+ TSS/GCS,1755625003,1755625009,492,0,0
1755610560_7..N,081600_7..N,7,0,1755610560,07 1336 34H/MST,1755627478,1755627484,1170,0,0
1755610560_7..S,081600_7..S,7,1,1755610560,07 1336 MST/34H,1755627388,1755627391,1146,0,0
1755610590_1..S03R,081650_1..S03R,1,1,1755610590,01 1336+ 242/SFT,1755628663,1755628669,1423,0,0
1755610620_GS.N04R,081700_GS.N04R,GS,0,1755610620,0S 1337  GCS/TSS,1755625114,1755625120,520,0,0
1755610650_1..N03R,081750_1..N03R,1,0,1755610650,01 1337+ SFT/242,1755628516,1755628519,1391,0,0
1755610680_4..N,081800_4..N,4,0,1755610680,04 1338  UTI/WDL,1755629194,1755629200,246,0,0
1755610680_4..N06R,081800_4..N06R,4,0,1755610680,04 1338  UTI/WDL,1755628048,1755628054,1290,0,0
1755610680_4..S06R,081800_4..S06R,4,1,1755610680,04 1338  WDL/UTI,1755629125,1755629128,1522,0,0
1755610680_6..N03R,081800_6..N03R,6,0,1755610680,06 1338  BBR/177,1755628084,1755628090,1298,0,0
1755610710_3..S01R,081850_3..S01R,3,1,1755610710,03 1338+ 148/NLT,1755629008,1755629014,1498,0,0
1755610710_5..S03R,081850_5..S03R,5,1,1755610710,05 1338+ DYR/FLA,1755630965,1755631000,1910,0,0
1755610800_6..S03R,082000_6..S03R,6,1,1755610800,06 1340  177/BBR,1755628354,1755628360,1295,0,0
1755610830_5..N66R,082050_5..N66R,5,0,1755610830,05 1340+ FLA/DYR,1755630718,1755630724,1793,0,0
1755610830_GS.S04R,082050_GS.S04R,GS,1,1755610830,0S 1340+ TSS/GCS,1755625309,1755625315,510,0,0
1755610860_7..N,082100_7..N,7,0,1755610860,07 1341 34H/MST,1755627799,1755627805,1202,0,0
1755610860_7..S,082100_7..S,7,1,1755610860,07 1341 MST/34H,1755627850,1755627853,1212,0,0
1755610920_2..S02R,082200_2..S02R,2,1,1755610920,02 1342  238/FLA,1755630778,1755630784,1805,0,0
1755610920_6..N02R,082200_6..N02R,6X,0,1755610920,06 1342  BBR/PEL,1755629188,1755629194,1473,0,0
1755610920_6..S01R,082200_6..S01R,6,1,1755610920,06 1342  PEL/BBR,1755629314,1755629320,1501,0,0
1755610920_GS.N01R,082200_GS.N01R,GS,0,1755610920,0S 1342  GCS/TSS,1755625423,1755625429,541,0,0
1755610950_1..S03R,082250_1..S03R,1,1,1755610950,01 1342+ 242/SFT,1755628843,1755628849,1402,0,0
1755611010_1..N03R,082350_1..N03R,1,0,1755611010,01 1343+ SFT/242,1755628738,1755628744,1378,0,0
1755611010_2..N01R,082350_2..N01R,2,0,1755611010,02 1343+ FLA/241,1755631507,1755631510,1959,0,0
1755611010_3..N01R,082350_3..N01R,3,0,1755611010,03 1343+ NLT/148,1755629554,1755629560,1548,0,0
1755611130_GS.S01R,082550_GS.S01R,GS,1,1755611130,0S 1345+ TSS/GCS,1755625609,1755625615,525,0,0
1755611160_4..N,082600_4..N,4,0,1755611160,04 1346  UTI/WDL,1755629533,1755629539,266,0,0
1755611160_4..N06R,082600_4..N06R,4,0,1755611160,04 1346  UTI/WDL,1755628279,1755628285,1213,0,0
1755611160_4..S06R,082600_4..S06R,4,1,1755611160,04 1346  WDL/UTI,1755629959,1755629965,1570,0,0
1755611160_6..N03R,082600_6..N03R,6,0,1755611160,06 1346  BBR/177,1755628699,1755628702,1305,0,0
1755611160_7..N,082600_7..N,7,0,1755611160,07 1346 34H/MST,1755628075,1755628078,1183,0,0
1755611160_7..S,082600_7..S,7,1,1755611160,07 1346 MST/34H,1755628033,1755628039,1156,0,0
1755611190_3..S01R,082650_3..S01R,3,1,1755611190,03 1346+ 148/NLT,1755629896,1755629899,1557,0,0
1755611190_5..S03R,082650_5..S03R,5,1,1755611190,05 1346+ DYR/FLA,1755631318,1755631324,1853,0,0
1755611220_GS.N04R,082700_GS.N04R,GS,0,1755611220,0S 1347  GCS/TSS,1755625693,1755625699,547,0,0
1755611280_6..S03R,082800_6..S03R,6,1,1755611280,06 1348  177/BBR,1755628900,1755628903,1348,0,0
1755611310_1..S03R,082850_1..S03R,1,1,1755611310,01 1348+ 242/SFT,1755629203,1755629209,1411,0,0
1755611310_5..N66R,082850_5..N66R,5,0,1755611310,05 1348+ FLA/DYR,1755631183,1755631189,1825,0,0
1755611370_1..N03R,082950_1..N03R,1,0,1755611370,01 1349+ SFT/242,1755629113,1755629119,1326,0,0
1755611400_2..S02R,083000_2..S02R,2,1,1755611400,02 1350  238/FLA,1755631558,1755631564,1840,0,0
1755611400_6..N02R,083000_6..N02R,6X,0,1755611400,06 1350  BBR/PEL,1755629308,1755629314,1367,0,0
1755611400_6..S01R,083000_6..S01R,6,1,1755611400,06 1350  PEL/BBR,1755629659,1755629665,1438,0,0
1755611430_GS.S04R,083050_GS.S04R,GS,1,1755611430,0S 1350+ TSS/GCS,1755625909,1755625915,539,0,0
1755611460_7..S,083100_7..S,7,1,1755611460,07 1351 MST/34H,1755628303,1755628309,1173,0,0
1755611490_3..N01R,083150_3..N01R,3,0,1755611490,03 1351+ NLT/148,1755630028,1755630034,1515,0,0
1755611520_4..S28R,083200_4..S28R,4,1,1755611520,04 1352  BPK/UTI,1755630169,1755630175,1529,0,0
1755611520_GS.N01R,083200_GS.N01R,GS,0,1755611520,0S 1352  GCS/TSS,1755626005,1755626008,564,0,0
1755611610_7..N,083350_7..N,7,0,1755611610,07 1353+ 34H/MST,1755628339,1755628345,850,0,0
1755611640_4..N,083400_4..N,4,0,1755611640,04 1354  UTI/WDL,1755630133,1755630139,292,0,0
1755611640_4..N06R,083400_4..N06R,4,0,1755611640,04 1354  UTI/WDL,1755628738,1755628744,1245,0,0
1755611640_4..S06R,083400_4..S06R,4,1,1755611640,04 1354  WDL/UTI,1755630424,1755630430,1596,0,0
1755611640_6..N03R,083400_6..N03R,6,0,1755611640,06 1354  BBR/177,1755628873,1755628879,1275,0,0
1755611670_1..S03R,083450_1..S03R,1,1,1755611670,01 1354+ 242/SFT,1755629713,1755629719,1369,0,0
1755611670_3..S01R,083450_3..S01R,3,1,1755611670,03 1354+ 148/NLT,1755630298,1755630304,1491,0,0
1755611670_5..S03R,083450_5..S03R,5,1,1755611670,05 1354+ DYR/FLA,1755631738,1755631744,1797,0,0
1755611730_1..N03R,083550_1..N03R,1,0,1755611730,01 1355+ SFT/242,1755629434,1755629440,1311,0,0
1755611730_GS.S01R,083550_GS.S01R,GS,1,1755611730,0S 1355+ TSS/GCS,1755626188,1755626194,533,0,0
1755611760_6..N02R,083600_6..N02R,6X,0,1755611760,E6 1356  BBR/PEL,1755629584,1755629590,888,0,0
1755611760_6..S03R,083600_6..S03R,6,1,1755611760,06 1356  177/BBR,1755629494,1755629500,1322,0,0
1755611760_7..S,083600_7..S,7,1,1755611760,07 1356 MST/34H,1755628525,1755628528,1129,0,0
1755611790_5..N66R,083650_5..N66R,5,0,1755611790,05 1356+ FLA/DYR,1755631303,1755631309,1701,0,0
1755611820_GS.N04R,083700_GS.N04R,GS,0,1755611820,0S 1357  GCS/TSS,1755626284,1755626290,559,0,0
1755611880_2..S02R,083800_2..S02R,2,1,1755611880,02 1358  238/FLA,1755631948,1755631954,1841,0,0
1755611880_6..N02R,083800_6..N02R,6X,0,1755611880,06 1358  BBR/PEL,1755629953,1755629959,1419,0,0
1755611880_6..S01R,083800_6..S01R,6,1,1755611880,06 1358  PEL/BBR,1755630178,1755630184,1466,0,0
1755611970_2..N01R,083950_2..N01R,2,0,1755611970,02 1359+ FLA/241,1755632563,1755632569,1848,0,0
1755611970_3..N01R,083950_3..N01R,3,0,1755611970,03 1359+ NLT/148,1755630433,1755630439,1437,0,0
1755612030_1..S03R,084050_1..S03R,1,1,1755612030,01 1400+ 242/SFT,1755629914,1755629920,1331,0,0
1755612030_GS.S04R,084050_GS.S04R,GS,1,1755612030,0S 1400+ TSS/GCS,1755626518,1755626524,543,0,0
1755612060_7..N,084100_7..N,7,0,1755612060,07 1401 34H/MST,1755628663,1755628669,1101,0,0
1755612060_7..S,084100_7..S,7,1,1755612060,07 1401 MST/34H,1755628924,1755628930,1160,0,0
1755612090_1..N03R,084150_1..N03R,1,0,1755612090,01 1401+ SFT/242,1755629794,1755629800,1303,0,0
1755612120_4..N,084200_4..N,4,0,1755612120,04 1402  UTI/WDL,1755630553,1755630559,258,0,0
1755612120_4..N06R,084200_4..N06R,4,0,1755612120,04 1402  UTI/WDL,1755629308,1755629314,1204,0,0
1755612120_4..S06R,084200_4..S06R,4,1,1755612120,04 1402  WDL/UTI,1755630694,1755630700,1492,0,0
1755612120_6..N03R,084200_6..N03R,6,0,1755612120,06 1402  BBR/177,1755629419,1755629425,1226,0,0
1755612120_GS.N01R,084200_GS.N01R,GS,0,1755612120,0S 1402  GCS/TSS,1755626620,1755626623,570,0,0
1755612150_3..S01R,084250_3..S01R,3,1,1755612150,03 1402+ 148/NLT,1755630838,1755630844,1521,0,0
1755612180_5..S03R,084300_5..S03R,5,1,1755612180,05 1403  DYR/FLA,1755632107,1755632110,1794,0,0
1755612240_6..S,084400_6..S,6,1,1755612240,/6 1404  177/BBR,1755629989,1755629995,382,0,0
1755612240_6..S03R,084400_6..S03R,6,1,1755612240,06 1404  177/BBR,1755628129,1755628135,934,0,0
1755612270_2..S02R,084450_2..S02R,2,1,1755612270,02 1404+ 238/FLA,1755632698,1755632704,1852,0,0
1755612270_5..N66R,084450_5..N66R,5,0,1755612270,05 1404+ FLA/DYR,1755631603,1755631609,1600,0,0
1755612330_GS.S01R,084550_GS.S01R,GS,1,1755612330,0S 1405+ TSS/GCS,1755626788,1755626794,538,0,0
1755612360_6..N02R,084600_6..N02R,6X,0,1755612360,06 1406  BBR/PEL,1755630523,1755630529,1377,0,0
1755612360_7..N,084600_7..N,7,0,1755612360,07 1406 34H/MST,1755628963,1755628969,1069,0,0
1755612360_7..S,084600_7..S,7,1,1755612360,07 1406 MST/34H,1755629278,1755629281,1134,0,0
1755612390_1..S03R,084650_1..S03R,1,1,1755612390,01 1406+ 242/SFT,1755630313,1755630319,1334,0,0
1755612390_5..S03R,084650_5..S03R,5,1,1755612390,05 1406+ DYR/FLA,1755632284,1755632290,1754,0,0
1755612420_6..S01R,084700_6..S01R,6,1,1755612420,06 1407  PEL/BBR,1755630604,1755630610,1395,0,0
1755612420_GS.N04R,084700_GS.N04R,GS,0,1755612420,0S 1407  GCS/TSS,1755626905,1755626908,572,0,0
1755612450_1..N03R,084750_1..N03R,1,0,1755612450,01 1407+ SFT/242,1755630184,1755630190,1307,0,0
1755612450_3..N01R,084750_3..N01R,3,0,1755612450,03 1407+ NLT/148,1755630928,1755630934,1461,0,0
1755612480_2..N01R,084800_2..N01R,2,0,1755612480,02 1408  FLA/241,1755632653,1755632659,1806,0,0
1755612480_4..S06R,084800_4..S06R,4,1,1755612480,04 1408  WDL/UTI,1755630965,1755631000,1466,0,0
1755612600_4..N,085000_4..N,4,0,1755612600,04 1410  UTI/WDL,1755630965,1755631000,257,0,0
1755612600_4..N06R,085000_4..N06R,4,0,1755612600,04 1410  UTI/WDL,1755629743,1755629749,1135,0,0
1755612600_6..N03R,085000_6..N03R,6,0,1755612600,06 1410  BBR/177,1755629899,1755629905,1169,0,0
1755612630_3..S01R,085050_3..S01R,3,1,1755612630,03 1410+ 148/NLT,1755631114,1755631120,1421,0,0
1755612630_GS.S04R,085050_GS.S04R,GS,1,1755612630,0S 1410+ TSS/GCS,1755627124,1755627130,551,0,0
1755612660_7..N,085100_7..N,7,0,1755612660,07 1411 34H/MST,1755629173,1755629179,1031,0,0
1755612660_7..S,085100_7..S,7,1,1755612660,07 1411 MST/34H,1755629533,1755629539,1105,0,0
1755612720_GS.N01R,085200_GS.N01R,GS,0,1755612720,0S 1412  GCS/TSS,1755627223,1755627229,578,0,0
1755612750_1..S03R,085250_1..S03R,1,1,1755612750,01 1412+ 242/SFT,1755630628,1755630634,1320,0,0
1755612750_2..S01R,085250_2..S01R,2,1,1755612750,02 1412+ 241/FLA,1755633484,1755633490,1961,0,0
1755612750_5..N66R,085250_5..N66R,5,0,1755612750,05 1412+ FLA/DYR,1755632158,1755632164,1648,0,0
1755612780_6..S03R,085300_6..S03R,6,1,1755612780,06 1413  177/BBR,1755630343,1755630349,1259,0,0
1755612810_1..N03R,085350_1..N03R,1,0,1755612810,01 1413+ SFT/242,1755630568,1755630574,1307,0,0
1755612810_5..S03R,085350_5..S03R,5,1,1755612810,05 1413+ DYR/FLA,1755632563,1755632569,1740,0,0
1755612840_6..N02R,085400_6..N02R,6X,0,1755612840,06 1414  BBR/PEL,1755631024,1755631030,1401,0,0
1755612900_4..S06R,085500_4..S06R,4,1,1755612900,04 1415  WDL/UTI,1755631273,1755631279,1376,0,0
1755612900_6..S01R,085500_6..S01R,6,1,1755612900,06 1415  PEL/BBR,1755631012,1755631015,1320,0,0
1755612930_3..N01R,085550_3..N01R,3,0,1755612930,03 1415+ NLT/148,1755631477,1755631480,1420,0,0
1755612930_GS.S01R,085550_GS.S01R,GS,1,1755612930,0S 1415+ TSS/GCS,1755627388,1755627391,548,0,0
1755612960_2..N01R,085600_2..N01R,2,0,1755612960,02 1416  FLA/241,1755632953,1755632959,1749,0,0
1755612960_7..N,085600_7..N,7,0,1755612960,07 1416 34H/MST,1755629584,1755629590,1055,0,0
1755612960_7..S,085600_7..S,7,1,1755612960,07 1416 MST/34H,1755629824,1755629830,1105,0,0
1755613020_GS.N04R,085700_GS.N04R,GS,0,1755613020,0S 1417  GCS/TSS,1755627505,1755627508,578,0,0
1755613080_4..N,085800_4..N,4,0,1755613080,04 1418  UTI/WDL,1755631594,1755631600,269,0,0
1755613080_4..N06R,085800_4..N06R,4,0,1755613080,04 1418  UTI/WDL,1755630328,1755630334,1177,0,0
1755613080_6..N03R,085800_6..N03R,6,0,1755613080,06 1418  BBR/177,1755630769,1755630775,1269,0,0
1755613110_1..S03R,085850_1..S03R,1,1,1755613110,01 1418+ 242/SFT,1755631138,1755631144,1346,0,0
1755613110_3..S01R,085850_3..S01R,3,1,1755613110,03 1418+ 148/NLT,1755631516,1755631519,1429,0,0
1755613170_1..N03R,085950_1..N03R,1,0,1755613170,01 1419+ SFT/242,1755630934,1755630940,1224,0,0
1755613230_5..N66R,086050_5..N66R,5,0,1755613230,05 1420+ FLA/DYR,1755632524,1755632530,1574,0,0
1755613230_GS.S04R,086050_GS.S04R,GS,1,1755613230,0S 1420+ TSS/GCS,1755627739,1755627745,549,0,0
1755613260_6..S03R,086100_6..S03R,6,1,1755613260,06 1421  177/BBR,1755630868,1755630874,1210,0,0
1755613260_7..N,086100_7..N,7,0,1755613260,07 1421 34H/MST,1755629833,1755629839,1012,0,0
1755613260_7..S,086100_7..S,7,1,1755613260,07 1421 MST/34H,1755630100,1755630103,1068,0,0
1755613290_2..N,086150_2..N,2,0,1755613290,E2 1421+ FLA/241,1755633757,1755633760,480,0,0
1755613290_2..N01R,086150_2..N01R,2,0,1755613290,E2 1421+ FLA/241,1755631594,1755631600,902,0,0
1755613320_6..N02R,086200_6..N02R,6X,0,1755613320,06 1422  BBR/PEL,1755631654,1755631660,1378,0,0
1755613320_GS.N01R,086200_GS.N01R,GS,0,1755613320,0S 1422  GCS/TSS,1755627820,1755627823,565,0,0
1755613350_2..S01R,086250_2..S01R,2,1,1755613350,02 1422+ 241/FLA,1755634084,1755634090,1948,0,0
1755613380_4..S06R,086300_4..S06R,4,1,1755613380,04 1423  WDL/UTI,1755631669,1755631675,1381,0,0
1755613380_6..S01R,086300_6..S01R,6,1,1755613380,06 1423  PEL/BBR,1755631498,1755631504,1344,0,0
1755613410_3..N01R,086350_3..N01R,3,0,1755613410,03 1423+ NLT/148,1755631993,1755631999,1451,0,0
1755613410_5..S03R,086350_5..S03R,5,1,1755613410,05 1423+ DYR/FLA,1755633064,1755633070,1702,0,0
1755613470_1..S03R,086450_1..S03R,1,1,1755613470,01 1424+ 242/SFT,1755631354,1755631360,1231,0,0
1755613530_1..N03R,086550_1..N03R,1,0,1755613530,01 1425+ SFT/242,1755631213,1755631219,1203,0,0
1755613530_GS.S01R,086550_GS.S01R,GS,1,1755613530,0S 1425+ TSS/GCS,1755627985,1755627988,520,0,0
1755613560_4..N,086600_4..N,4,0,1755613560,04 1426  UTI/WDL,1755632143,1755632149,313,0,0
1755613560_4..N06R,086600_4..N06R,4,0,1755613560,04 1426  UTI/WDL,1755630679,1755630685,1090,0,0
1755613560_6..N03R,086600_6..N03R,6,0,1755613560,06 1426  BBR/177,1755631195,1755631198,1198,0,0
1755613560_7..N,086600_7..N,7,0,1755613560,07 1426 34H/MST,1755630148,1755630154,1006,0,0
1755613560_7..S,086600_7..S,7,1,1755613560,07 1426 MST/34H,1755630343,1755630349,1046,0,0
1755613590_3..S01R,086650_3..S01R,3,1,1755613590,03 1426+ 148/NLT,1755632272,1755632281,1431,0,0
1755613620_GS.N04R,086700_GS.N04R,GS,0,1755613620,0S 1427  GCS/TSS,1755628114,1755628120,547,0,0
1755613710_5..N66R,086850_5..N66R,5,0,1755613710,05 1428+ FLA/DYR,1755633559,1755633562,1734,0,0
1755613740_6..S,086900_6..S,6,1,1755613740,/6 1429  177/BBR,1755631315,1755631318,174,0,0
1755613740_6..S03R,086900_6..S03R,6,1,1755613740,/6 1429  177/BBR,1755630394,1755630400,1028,0,0
1755613800_6..N02R,087000_6..N02R,6X,0,1755613800,06 1430  BBR/PEL,1755631918,1755631924,1272,0,0
1755613830_1..S03R,087050_1..S03R,1,1,1755613830,01 1430+ 242/SFT,1755631753,1755631759,1237,0,0
1755613830_3..N01R,087050_3..N01R,3,0,1755613830,03 1430+ NLT/148,1755632428,1755632434,1388,0,0
1755613830_4..S06R,087050_4..S06R,4,1,1755613830,04 1430+ WDL/UTI,1755632200,1755632203,1333,0,0
1755613830_GS.S04R,087050_GS.S04R,GS,1,1755613830,0S 1430+ TSS/GCS,1755628318,1755628324,509,0,0
1755613860_7..N,087100_7..N,7,0,1755613860,07 1431 34H/MST,1755630466,1755630469,985,0,0
1755613860_7..S,087100_7..S,7,1,1755613860,07 1431 MST/34H,1755630604,1755630610,1016,0,0
1755613890_1..N03R,087150_1..N03R,1,0,1755613890,01 1431+ SFT/242,1755631603,1755631609,1205,0,0
1755613890_5..S03R,087150_5..S03R,5,1,1755613890,05 1431+ DYR/FLA,1755633739,1755633745,1700,0,0
1755613920_2..N01R,087200_2..N01R,2,0,1755613920,02 1432  FLA/241,1755634084,1755634090,1784,0,0
1755613920_GS.N01R,087200_GS.N01R,GS,0,1755613920,0S 1432  GCS/TSS,1755628423,1755628429,531,0,0
1755613980_2..S01R,087300_2..S01R,2,1,1755613980,02 1433  241/FLA,1755634387,1755634390,1861,0,0
1755614040_4..N,087400_4..N,4,0,1755614040,04 1434  UTI/WDL,1755632833,1755632839,384,0,0
1755614040_4..N06R,087400_4..N06R,4,0,1755614040,04 1434  UTI/WDL,1755631108,1755631114,1096,0,0
1755614040_6..N03R,087400_6..N03R,6,0,1755614040,06 1434  BBR/177,1755631849,1755631855,1258,0,0
1755614070_3..S01R,087450_3..S01R,3,1,1755614070,03 1434+ 148/NLT,1755632653,1755632659,1358,0,0
1755614130_GS.S01R,087550_GS.S01R,GS,1,1755614130,0S 1435+ TSS/GCS,1755628603,1755628609,489,0,0
1755614160_5..N66R,087600_5..N66R,5,0,1755614160,05 1436  FLA/DYR,1755633673,1755633679,1603,0,0
1755614160_7..N,087600_7..N,7,0,1755614160,07 1436 34H/MST,1755630928,1755630934,1012,0,0
1755614160_7..S,087600_7..S,7,1,1755614160,07 1436 MST/34H,1755630814,1755630820,988,0,0
1755614190_1..S03R,087650_1..S03R,1,1,1755614190,01 1436+ 242/SFT,1755632074,1755632080,1223,0,0
1755614190_6..S,087650_6..S,6,1,1755614190,/6 1436+ PEL/BBR,1755632479,1755632482,92,0,0
1755614190_6..S01R,087650_6..S01R,6,1,1755614190,/6 1436+ PEL/BBR,1755632014,1755632020,807,0,0
1755614220_4..S06R,087700_4..S06R,4,1,1755614220,04 1437  WDL/UTI,1755632974,1755632977,1433,0,0
1755614220_6..S03R,087700_6..S03R,6,1,1755614220,06 1437  177/BBR,1755631834,1755631840,1173,0,0
1755614220_GS.N04R,087700_GS.N04R,GS,0,1755614220,0S 1437  GCS/TSS,1755628708,1755628714,513,0,0
1755614250_1..N03R,087750_1..N03R,1,0,1755614250,01 1437+ SFT/242,1755631978,1755631984,1202,0,0
1755614280_6..N02R,087800_6..N02R,6X,0,1755614280,06 1438  BBR/PEL,1755632344,1755632350,1280,0,0
1755614310_3..N01R,087850_3..N01R,3,0,1755614310,03 1438+ NLT/148,1755632977,1755632980,1434,0,0
1755614370_5..S03R,087950_5..S03R,5,1,1755614370,05 1439+ DYR/FLA,1755633898,1755633904,1573,0,0
1755614400_2..N01R,088000_2..N01R,2,0,1755614400,02 1440  FLA/241,1755634519,1755634522,1729,0,0
1755614430_GS.S04R,088050_GS.S04R,GS,1,1755614430,0S 1440+ TSS/GCS,1755628933,1755628939,477,0,0
1755614460_7..N,088100_7..N,7,0,1755614460,07 1441 34H/MST,1755631063,1755631069,959,0,0
1755614460_7..S,088100_7..S,7,1,1755614460,07 1441 MST/34H,1755631018,1755631024,950,0,0
1755614520_2..N01R,088200_2..N01R,2,0,1755614520,E2 1442  FLA/241,1755634753,1755634759,1343,0,0
1755614520_2..S01R,088200_2..S01R,2,1,1755614520,02 1442  241/FLA,1755634888,1755634894,1664,0,0
1755614520_4..N,088200_4..N,4,0,1755614520,04 1442  UTI/WDL,1755633328,1755633334,331,0,0
1755614520_4..N06R,088200_4..N06R,4,0,1755614520,04 1442  UTI/WDL,1755631909,1755631915,1103,0,0
1755614520_6..N03R,088200_6..N03R,6,0,1755614520,06 1442  BBR/177,1755632272,1755632281,1182,0,0
1755614520_GS.N01R,088200_GS.N01R,GS,0,1755614520,0S 1442  GCS/TSS,1755629008,1755629014,492,0,0
1755614550_1..S03R,088250_1..S03R,1,1,1755614550,01 1442+ 242/SFT,1755632443,1755632449,1223,0,0
1755614580_5..S03R,088300_5..S03R,5,1,1755614580,05 1443  DYR/FLA,1755634588,1755634594,1747,0,0
1755614610_1..N03R,088350_1..N03R,1,0,1755614610,01 1443+ SFT/242,1755632464,1755632470,1228,0,0
1755614610_3..S01R,088350_3..S01R,3,1,1755614610,03 1443+ 148/NLT,1755633088,1755633094,1376,0,0
1755614640_4..S06R,088400_4..S06R,4,1,1755614640,04 1444  WDL/UTI,1755633313,1755633319,1431,0,0
1755614640_5..N66R,088400_5..N66R,5,0,1755614640,05 1444  FLA/DYR,1755634033,1755634039,1603,0,0
1755614700_6..S,088500_6..S,6,1,1755614700,/6 1445  177/BBR,1755632272,1755632281,245,0,0
1755614700_6..S03R,088500_6..S03R,6,1,1755614700,/6 1445  177/BBR,1755631054,1755631060,837,0,0
1755614730_GS.S01R,088550_GS.S01R,GS,1,1755614730,0S 1445+ TSS/GCS,1755629203,1755629209,452,0,0
1755614760_6..N02R,088600_6..N02R,6X,0,1755614760,06 1446  BBR/PEL,1755633358,1755633364,1361,0,0
1755614760_7..S,088600_7..S,7,1,1755614760,07 1446 MST/34H,1755631624,1755631630,997,0,0
1755614760_7X..N,088600_7X..N,7X,0,1755614760,07 1446 34H/MST,1755631315,1755631318,929,0,0
1755614790_3..N01R,088650_3..N01R,3,0,1755614790,03 1446+ NLT/148,1755633538,1755633544,1403,0,0
1755614820_GS.N04R,088700_GS.N04R,GS,0,1755614820,0S 1447  GCS/TSS,1755629323,1755629329,478,0,0
1755614880_1..S03R,088800_1..S03R,1,1,1755614880,01 1448  242/SFT,1755632803,1755632809,1225,0,0
1755614880_2..N01R,088800_2..N01R,2,0,1755614880,02 1448  FLA/241,1755635053,1755635059,1790,0,0
1755614970_1..N03R,088950_1..N03R,1,0,1755614970,01 1449+ SFT/242,1755632947,1755632950,1176,0,0
1755614970_2..S01R,088950_2..S01R,2,1,1755614970,02 1449+ 241/FLA,1755635719,1755635722,1883,0,0
1755615000_6..N03R,089000_6..N03R,6,0,1755615000,06 1450  BBR/177,1755632965,1755632968,1181,0,0
1755615000_6..S01R,089000_6..S01R,6,1,1755615000,06 1450  PEL/BBR,1755633043,1755633049,1201,0,0
1755615030_4..N,089050_4..N,4,0,1755615030,04 1450+ UTI/WDL,1755633454,1755633460,271,0,0
1755615030_4..N06R,089050_4..N06R,4,0,1755615030,04 1450+ UTI/WDL,1755632317,1755632320,1026,0,0
1755615030_GS.S04R,089050_GS.S04R,GS,1,1755615030,0S 1450+ TSS/GCS,1755629533,1755629539,434,0,0
1755615060_7..N,089100_7..N,7,0,1755615060,07 1451 34H/MST,1755631639,1755631645,907,0,0
1755615060_7..S,089100_7..S,7,1,1755615060,07 1451 MST/34H,1755631792,1755631795,941,0,0
1755615120_GS.N01R,089200_GS.N01R,GS,0,1755615120,0S 1452  GCS/TSS,1755629620,1755629623,452,0,0
1755615150_5..N66R,089250_5..N66R,5,0,1755615150,05 1452+ FLA/DYR,1755634513,1755634519,1561,0,0
1755615180_5..S03R,089300_5..S03R,5,1,1755615180,05 1453  DYR/FLA,1755635188,1755635194,1741,0,0
1755615180_5..S21R,089300_5..S21R,5,1,1755615180,05 1453  180/UTI,1755633553,1755633559,1320,0,0
1755615210_1..S03R,089350_1..S03R,1,1,1755615210,01 1453+ 242/SFT,1755632998,1755633004,1189,0,0
1755615240_3..N01R,089400_3..N01R,3,0,1755615240,03 1454  NLT/148,1755633967,1755633970,1422,0,0
1755615240_6..N02R,089400_6..N02R,6X,0,1755615240,06 1454  BBR/PEL,1755633688,1755633694,1355,0,0
1755615300_3..S01R,089500_3..S01R,3,1,1755615300,03 1455  148/NLT,1755633808,1755633814,1322,0,0
1755615300_4..S28R,089500_4..S28R,4,1,1755615300,04 1455  BPK/UTI,1755633715,1755633718,1299,0,0
1755615300_6..S03R,089500_6..S03R,6,1,1755615300,06 1455  177/BBR,1755632683,1755632689,1049,0,0
1755615330_1..N03R,089550_1..N03R,1,0,1755615330,01 1455+ SFT/242,1755633394,1755633400,1221,0,0
1755615330_2..N01R,089550_2..N01R,2,0,1755615330,02 1455+ FLA/241,1755635227,1755635230,1687,0,0
1755615330_GS.S01R,089550_GS.S01R,GS,1,1755615330,0S 1455+ TSS/GCS,1755629803,1755629809,426,0,0
1755615360_7..S,089600_7..S,7,1,1755615360,07 1456 MST/34H,1755631999,1755632002,891,0,0
1755615360_7X..N,089600_7X..N,7X,0,1755615360,07 1456 34H/MST,1755631834,1755631840,858,0,0
1755615420_GS.N04R,089700_GS.N04R,GS,0,1755615420,0S 1457  GCS/TSS,1755629899,1755629905,448,0,0
1755615450_4..N,089750_4..N,4,0,1755615450,04 1457+ UTI/WDL,1755633994,1755634000,288,0,0
1755615450_4..N06R,089750_4..N06R,4,0,1755615450,04 1457+ UTI/WDL,1755632803,1755632809,1076,0,0
1755615480_6..N03R,089800_6..N03R,6,0,1755615480,06 1458  BBR/177,1755633199,1755633202,1172,0,0
1755615480_6..S01R,089800_6..S01R,6,1,1755615480,06 1458  PEL/BBR,1755633634,1755633637,1277,0,0
1755615510_1..S03R,089850_1..S03R,1,1,1755615510,01 1458+ 242/SFT,1755633277,1755633283,1193,0,0
1755615510_5..S07R,089850_5..S07R,5,1,1755615510,05 1458+ DYR/UTI,1755634885,1755634888,1595,0,0
1755615540_2..S01R,089900_2..S01R,2,1,1755615540,02 1459  241/FLA,1755636058,1755636064,1909,0,0
1755615540_4..S06R,089900_4..S06R,4,1,1755615540,04 1459  WDL/UTI,1755634069,1755634072,1383,0,0
1755615600_5..N66R,090000_5..N66R,5,0,1755615600,05 1500  FLA/DYR,1755634957,1755634960,1550,0,0
1755615630_7..N,090050_7..N,7,0,1755615630,07 1500+ 34H/MST,1755632308,1755632314,928,0,0
1755615630_GS.S04R,090050_GS.S04R,GS,1,1755615630,0S 1500+ TSS/GCS,1755630118,1755630124,429,0,0
1755615660_7..S,090100_7..S,7,1,1755615660,07 1501 MST/34H,1755632473,1755632479,949,0,0
1755615660_GS.N01R,090100_GS.N01R,GS,0,1755615660,0S 1501  GCS/TSS,1755630166,1755630169,439,0,0
1755615690_1..N03R,090150_1..N03R,1,0,1755615690,01 1501+ SFT/242,1755633583,1755633589,1201,0,0
1755615720_3..N01R,090200_3..N01R,3,0,1755615720,03 1502  NLT/148,1755634258,1755634264,1369,0,0
1755615720_6..N02R,090200_6..N02R,6X,0,1755615720,06 1502  BBR/PEL,1755633853,1755633859,1267,0,0
1755615810_1..S03R,090350_1..S03R,1,1,1755615810,01 1503+ 242/SFT,1755633559,1755633562,1194,0,0
1755615810_2..N01R,090350_2..N01R,2,0,1755615810,02 1503+ FLA/241,1755635650,1755635653,1735,0,0
1755615810_4..N,090350_4..N,4,0,1755615810,04 1503+ UTI/WDL,1755634363,1755634369,311,0,0
1755615810_4..N06R,090350_4..N06R,4,0,1755615810,04 1503+ UTI/WDL,1755633094,1755633100,1082,0,0
1755615840_3..S01R,090400_3..S01R,3,1,1755615840,03 1504  148/NLT,1755634438,1755634444,1412,0,0
1755615840_6..S03R,090400_6..S03R,6,1,1755615840,06 1504  177/BBR,1755633277,1755633283,1128,0,0
1755615870_7X..N,090450_7X..N,7X,0,1755615870,07 1504+ 34H/MST,1755632479,1755632482,892,0,0
1755615870_GS.S01R,090450_GS.S01R,GS,1,1755615870,0S 1504+ TSS/GCS,1755630358,1755630364,414,0,0
1755615900_GS.N04R,090500_GS.N04R,GS,0,1755615900,0S 1505  GCS/TSS,1755630373,1755630379,417,0,0
1755615960_4..S06R,090600_4..S06R,4,1,1755615960,04 1506  WDL/UTI,1755634285,1755634288,1312,0,0
1755615960_5..S03R,090600_5..S03R,5,1,1755615960,05 1506  DYR/FLA,1755636349,1755636352,1800,0,0
1755615960_6..N03R,090600_6..N03R,6,0,1755615960,06 1506  BBR/177,1755633667,1755633670,1157,0,0
1755615960_6..S01R,090600_6..S01R,6,1,1755615960,06 1506  PEL/BBR,1755633994,1755634000,1236,0,0
1755615960_7..S,090600_7..S,7,1,1755615960,07 1506 MST/34H,1755632734,1755632737,949,0,0
1755616050_1..N03R,090750_1..N03R,1,0,1755616050,01 1507+ SFT/242,1755633823,1755633829,1196,0,0
1755616080_5..N66R,090800_5..N66R,5,0,1755616080,05 1508  FLA/DYR,1755635497,1755635500,1630,0,0
1755616110_1..S03R,090850_1..S03R,1,1,1755616110,01 1508+ 242/SFT,1755633877,1755633880,1209,0,0
1755616110_7..N,090850_7..N,7,0,1755616110,07 1508+ 34H/MST,1755632830,1755632833,926,0,0
1755616110_GS.S04R,090850_GS.S04R,GS,1,1755616110,0S 1508+ TSS/GCS,1755630604,1755630610,466,0,0
1755616140_3..N01R,090900_3..N01R,3,0,1755616140,03 1509  NLT/148,1755634753,1755634759,1431,0,0
1755616140_5..S,090900_5..S,5,1,1755616140,05 1509  DYR/UTI,1755635854,1755635857,517,0,0
1755616140_5..S07R,090900_5..S07R,5,1,1755616140,05 1509  DYR/UTI,1755633874,1755633877,1208,0,0
1755616140_GS.N01R,090900_GS.N01R,GS,0,1755616140,0S 1509  GCS/TSS,1755630640,1755630643,473,0,0
1755616200_6..N02R,091000_6..N02R,6X,0,1755616200,06 1510  BBR/PEL,1755634078,1755634084,1191,0,0
1755616230_4..N,091050_4..N,4,0,1755616230,04 1510+ UTI/WDL,1755634837,1755634840,360,0,0
1755616230_4..N06R,091050_4..N06R,4,0,1755616230,04 1510+ UTI/WDL,1755633403,1755633409,1028,0,0
1755616260_2..N01R,091100_2..N01R,2,0,1755616260,02 1511  FLA/241,1755636280,1755636283,1775,0,0
1755616260_7..S,091100_7..S,7,1,1755616260,07 1511 MST/34H,1755632950,1755632953,926,0,0
1755616320_3..S01R,091200_3..S01R,3,1,1755616320,03 1512  148/NLT,1755634738,1755634744,1361,0,0
1755616320_4..S06R,091200_4..S06R,4,1,1755616320,04 1512  WDL/UTI,1755635380,1755635383,1533,0,0
1755616320_6..S03R,091200_6..S03R,6,1,1755616320,06 1512  177/BBR,1755633787,1755633790,1120,0,0
1755616350_7X..N,091250_7X..N,7X,0,1755616350,07 1512+ 34H/MST,1755632923,1755632929,919,0,0
1755616350_GS.S01R,091250_GS.S01R,GS,1,1755616350,0S 1512+ TSS/GCS,1755630823,1755630829,444,0,0
1755616380_GS.N04R,091300_GS.N04R,GS,0,1755616380,0S 1513  GCS/TSS,1755630847,1755630850,449,0,0
1755616410_1..N03R,091350_1..N03R,1,0,1755616410,01 1513+ SFT/242,1755634294,1755634300,1247,0,0
1755616410_1..S03R,091350_1..S03R,1,1,1755616410,01 1513+ 242/SFT,1755634168,1755634174,1214,0,0
1755616410_6..S,091350_6..S,6,1,1755616410,/6 1513+ PEL/BBR,1755634810,1755634813,127,0,0
1755616410_6..S01R,091350_6..S01R,6,1,1755616410,/6 1513+ PEL/BBR,1755634264,1755634267,1239,0,0
1755616440_5..N66R,091400_5..N66R,5,0,1755616440,05 1514  FLA/DYR,1755635860,1755635863,1661,0,0
1755616440_6..N03R,091400_6..N03R,6,0,1755616440,06 1514  BBR/177,1755633868,1755633874,1141,0,0
1755616470_4..N,091450_4..N,4,0,1755616470,04 1514+ UTI/WDL,1755635203,1755635209,385,0,0
1755616470_4..N06R,091450_4..N06R,4,0,1755616470,04 1514+ UTI/WDL,1755633709,1755633712,1037,0,0
1755616500_3..N01R,091500_3..N01R,3,0,1755616500,03 1515  NLT/148,1755635299,1755635302,1447,0,0
1755616530_2..S01R,091550_2..S01R,2,1,1755616530,02 1515+ 241/FLA,1755636739,1755636742,1832,0,0
1755616560_7..S,091600_7..S,7,1,1755616560,07 1516 MST/34H,1755633223,1755633229,934,0,0
1755616590_7..N,091650_7..N,7,0,1755616590,07 1516+ 34H/MST,1755633112,1755633115,906,0,0
1755616590_GS.S04R,091650_GS.S04R,GS,1,1755616590,0S 1516+ TSS/GCS,1755631069,1755631075,431,0,0
1755616620_5..S03R,091700_5..S03R,5,1,1755616620,05 1517  DYR/FLA,1755637030,1755637033,1909,0,0
1755616620_GS.N01R,091700_GS.N01R,GS,0,1755616620,0S 1517  GCS/TSS,1755631108,1755631114,439,0,0
1755616680_6..N02R,091800_6..N02R,6X,0,1755616680,06 1518  BBR/PEL,1755634648,1755634654,1272,0,0
1755616710_1..S03R,091850_1..S03R,1,1,1755616710,01 1518+ 242/SFT,1755634453,1755634459,1221,0,0
1755616770_1..N03R,091950_1..N03R,1,0,1755616770,01 1519+ SFT/242,1755634567,1755634570,1189,0,0
1755616770_4..N,091950_4..N,4,0,1755616770,04 1519+ UTI/WDL,1755635398,1755635404,355,0,0
1755616770_4..N06R,091950_4..N06R,4,0,1755616770,04 1519+ UTI/WDL,1755634048,1755634054,1056,0,0
1755616800_2..N01R,092000_2..N01R,2,0,1755616800,02 1520  FLA/241,1755636529,1755636535,1712,0,0
1755616800_4..S,092000_4..S,4,1,1755616800,04 1520  BPK/UTI,1755635638,1755635644,457,0,0
1755616800_4..S28R,092000_4..S28R,4,1,1755616800,04 1520  BPK/UTI,1755633670,1755633673,950,0,0
1755616800_6..S,092000_6..S,6,1,1755616800,/6 1520  177/BBR,1755634498,1755634504,61,0,0
1755616800_6..S01R,092000_6..S01R,6,1,1755616800,06 1520  PEL/BBR,1755635212,1755635215,1361,0,0
1755616800_6..S03R,092000_6..S03R,6,1,1755616800,/6 1520  177/BBR,1755634183,1755634189,1091,0,0
1755616830_7X..N,092050_7X..N,7X,0,1755616830,07 1520+ 34H/MST,1755633307,1755633310,903,0,0
1755616830_GS.S01R,092050_GS.S01R,GS,1,1755616830,0S 1520+ TSS/GCS,1755631294,1755631300,416,0,0
1755616860_4..S06R,092100_4..S06R,4,1,1755616860,04 1521  WDL/UTI,1755636022,1755636025,1475,0,0
1755616860_7..S,092100_7..S,7,1,1755616860,07 1521 MST/34H,1755633628,1755633634,980,0,0
1755616860_GS.N04R,092100_GS.N04R,GS,0,1755616860,0S 1521  GCS/TSS,1755631333,1755631339,424,0,0
1755616920_3..S01R,092200_3..S01R,3,1,1755616920,03 1522  148/NLT,1755635578,1755635584,1458,0,0
1755616920_6..N03R,092200_6..N03R,6,0,1755616920,06 1522  BBR/177,1755634333,1755634339,1127,0,0
1755616980_3..N01R,092300_3..N01R,3,0,1755616980,03 1523  NLT/148,1755635848,1755635854,1530,0,0
1755617010_1..S03R,092350_1..S03R,1,1,1755617010,01 1523+ 242/SFT,1755634768,1755634774,1241,0,0
1755617010_2..S01R,092350_2..S01R,2,1,1755617010,02 1523+ 241/FLA,1755637330,1755637333,1926,0,0
1755617040_5..N66R,092400_5..N66R,5,0,1755617040,05 1524  FLA/DYR,1755636358,1755636364,1667,0,0
1755617070_4..N,092450_4..N,4,0,1755617070,04 1524+ UTI/WDL,1755635620,1755635623,329,0,0
1755617070_4..N06R,092450_4..N06R,4,0,1755617070,04 1524+ UTI/WDL,1755634384,1755634387,1080,0,0
1755617070_7..N,092450_7..N,7,0,1755617070,07 1524+ 34H/MST,1755633640,1755633643,909,0,0
1755617070_GS.S04R,092450_GS.S04R,GS,1,1755617070,0S 1524+ TSS/GCS,1755631564,1755631570,416,0,0
1755617100_5..S03R,092500_5..S03R,5,1,1755617100,05 1525  DYR/FLA,1755637138,1755637144,1815,0,0
1755617100_GS.N01R,092500_GS.N01R,GS,0,1755617100,0S 1525  GCS/TSS,1755631600,1755631603,423,0,0
1755617130_7..S,092550_7..S,7,1,1755617130,07 1525+ MST/34H,1755633775,1755633778,942,0,0
1755617160_1..N03R,092600_1..N03R,1,0,1755617160,01 1526  SFT/242,1755634873,1755634879,1208,0,0
1755617160_2..N01R,092600_2..N01R,2,0,1755617160,02 1526  FLA/241,1755637189,1755637192,1827,0,0
1755617160_6..N02R,092600_6..N02R,6X,0,1755617160,06 1526  BBR/PEL,1755634927,1755634930,1222,0,0
1755617190_6..S03R,092650_6..S03R,6,1,1755617190,06 1526+ 177/BBR,1755635035,1755635038,1251,0,0
1755617220_6..S01R,092700_6..S01R,6,1,1755617220,06 1527  PEL/BBR,1755635560,1755635563,1392,0,0
1755617310_1..S,092850_1..S,1,1,1755617310,/1 1528+ 242/SFT,1755635038,1755635044,455,0,0
1755617310_1..S03R,092850_1..S03R,1,1,1755617310,/1 1528+ 242/SFT,1755633133,1755633139,772,0,0
1755617310_4..N,092850_4..N,4,0,1755617310,04 1528+ UTI/WDL,1755635890,1755635893,338,0,0
1755617310_4..N06R,092850_4..N06R,4,0,1755617310,04 1528+ UTI/WDL,1755634627,1755634630,1142,0,0
1755617310_7X..N,092850_7X..N,7X,0,1755617310,07 1528+ 34H/MST,1755633838,1755633844,897,0,0
1755617310_GS.S01R,092850_GS.S01R,GS,1,1755617310,0S 1528+ TSS/GCS,1755631789,1755631792,463,0,0
1755617340_GS.N04R,092900_GS.N04R,GS,0,1755617340,0S 1529  GCS/TSS,1755631819,1755631825,471,0,0
1755617370_3..N01R,092950_3..N01R,3,0,1755617370,03 1529+ NLT/148,1755636310,1755636313,1530,0,0
1755617370_4..S28R,092950_4..S28R,4,1,1755617370,04 1529+ BPK/UTI,1755636199,1755636202,1500,0,0
1755617370_5..N88R,092950_5..N88R,5,0,1755617370,05 1529+ FLA/DYR,1755636709,1755636712,1635,0,0
1755617370_7..S,092950_7..S,7,1,1755617370,07 1529+ MST/34H,1755633934,1755633940,920,0,0
1755617400_2..S01R,093000_2..S01R,2,1,1755617400,02 1530  241/FLA,1755638008,1755638014,1982,0,0
1755617400_3..S01R,093000_3..S01R,3,1,1755617400,03 1530  148/NLT,1755636109,1755636112,1474,0,0
1755617400_6..N03R,093000_6..N03R,6,0,1755617400,06 1530  BBR/177,1755635101,1755635104,1205,0,0
1755617490_1..N03R,093150_1..N03R,1,0,1755617490,01 1531+ SFT/242,1755635527,1755635530,1319,0,0
1755617490_4..S06R,093150_4..S06R,4,1,1755617490,04 1531+ WDL/UTI,1755636415,1755636418,1556,0,0
1755617520_2..N01R,093200_2..N01R,2,0,1755617520,02 1532  FLA/241,1755638339,1755638344,2070,0,0
1755617520_5..S,093200_5..S,5,1,1755617520,E5 1532  DYR/FLA,1755637519,1755637522,407,0,0
1755617520_5..S03R,093200_5..S03R,5,1,1755617520,05 1532  DYR/FLA,1755633472,1755633475,789,0,0
1755617550_7..N,093250_7..N,7,0,1755617550,07 1532+ 34H/MST,1755634099,1755634102,901,0,0
1755617550_GS.S04R,093250_GS.S04R,GS,1,1755617550,0S 1532+ TSS/GCS,1755632035,1755632038,451,0,0
1755617580_GS.N01R,093300_GS.N01R,GS,0,1755617580,0S 1533  GCS/TSS,1755632074,1755632080,459,0,0
1755617610_1..S03R,093350_1..S03R,1,1,1755617610,01 1533+ 242/SFT,1755635518,1755635524,1317,0,0
1755617610_6..S03R,093350_6..S03R,6,1,1755617610,06 1533+ 177/BBR,1755635344,1755635347,1270,0,0
1755617610_7..S,093350_7..S,7,1,1755617610,07 1533+ MST/34H,1755634174,1755634177,921,0,0
1755617640_6..N02R,093400_6..N02R,6X,0,1755617640,06 1534  BBR/PEL,1755635527,1755635530,1319,0,0
1755617640_6..S01R,093400_6..S01R,6,1,1755617640,06 1534  PEL/BBR,1755635854,1755635857,1406,0,0
1755617670_4..N,093450_4..N,4,0,1755617670,04 1534+ UTI/WDL,1755636310,1755636313,356,0,0
1755617670_4..N06R,093450_4..N06R,4,0,1755617670,04 1534+ UTI/WDL,1755634984,1755634990,1112,0,0
1755617730_5..N88R,093550_5..N88R,5,0,1755617730,05 1535+ FLA/DYR,1755637189,1755637192,1702,0,0
1755617790_1..N03R,093650_1..N03R,1,0,1755617790,01 1536+ SFT/242,1755635620,1755635623,1283,0,0
1755617790_7X..N,093650_7X..N,7X,0,1755617790,07 1536+ 34H/MST,1755634228,1755634234,936,0,0
1755617790_GS.S01R,093650_GS.S01R,GS,1,1755617790,0S 1536+ TSS/GCS,1755632269,1755632272,441,0,0
1755617820_2..S01R,093700_2..S01R,2,1,1755617820,02 1537  241/FLA,1755638530,1755638534,2059,0,0
1755617820_GS.N04R,093700_GS.N04R,GS,0,1755617820,0S 1537  GCS/TSS,1755632272,1755632281,442,0,0
1755617880_3..S01R,093800_3..S01R,3,1,1755617880,03 1538  148/NLT,1755636469,1755636472,1509,0,0
1755617880_6..N03R,093800_6..N03R,6,0,1755617880,06 1538  BBR/177,1755635389,1755635392,1220,0,0
1755617910_1..S03R,093850_1..S03R,1,1,1755617910,01 1538+ 242/SFT,1755635680,1755635683,1298,0,0
1755617910_3..N01R,093850_3..N01R,3,0,1755617910,03 1538+ NLT/148,1755636769,1755636772,1589,0,0
1755617910_7..S,093850_7..S,7,1,1755617910,07 1538+ MST/34H,1755634540,1755634543,965,0,0
1755617970_2..N01R,093950_2..N01R,2,0,1755617970,02 1539+ FLA/241,1755638419,1755638422,1968,0,0
1755618000_5..S03R,094000_5..S03R,5,1,1755618000,05 1540  DYR/FLA,1755637780,1755637783,1798,0,0
1755618030_4..N,094050_4..N,4,0,1755618030,04 1540+ UTI/WDL,1755636589,1755636592,330,0,0
1755618030_4..N06R,094050_4..N06R,4,0,1755618030,04 1540+ UTI/WDL,1755635353,1755635359,1149,0,0
1755618030_6..S01R,094050_6..S01R,6,1,1755618030,06 1540+ PEL/BBR,1755636298,1755636304,1402,0,0
1755618030_6..S03R,094050_6..S03R,6,1,1755618030,06 1540+ 177/BBR,1755635698,1755635704,1241,0,0
1755618030_7..N,094050_7..N,7,0,1755618030,07 1540+ 34H/MST,1755634507,1755634510,956,0,0
1755618030_GS.S04R,094050_GS.S04R,GS,1,1755618030,0S 1540+ TSS/GCS,1755632518,1755632524,440,0,0
1755618060_GS.N01R,094100_GS.N01R,GS,0,1755618060,0S 1541  GCS/TSS,1755632584,1755632590,453,0,0
1755618090_1..N03R,094150_1..N03R,1,0,1755618090,01 1541+ SFT/242,1755635968,1755635974,1313,0,0
1755618090_4..S28R,094150_4..S28R,4,1,1755618090,04 1541+ BPK/UTI,1755636703,1755636709,1510,0,0
1755618090_5..N88R,094150_5..N88R,5,0,1755618090,05 1541+ FLA/DYR,1755637438,1755637444,1706,0,0
1755618150_2..N03R,094250_2..N03R,2,0,1755618150,02 1542+ NLT/241,1755638950,1755638954,2110,0,0
1755618150_7..S,094250_7..S,7,1,1755618150,07 1542+ MST/34H,1755634732,1755634735,990,0,0
1755618210_1..S03R,094350_1..S03R,1,1,1755618210,01 1543+ 242/SFT,1755635989,1755635992,1318,0,0
1755618240_2..S01R,094400_2..S01R,2,1,1755618240,02 1544  241/FLA,1755638830,1755638834,2078,0,0
1755618240_4..S06R,094400_4..S06R,4,1,1755618240,04 1544  WDL/UTI,1755637030,1755637033,1597,0,0
1755618270_7X..N,094450_7X..N,7X,0,1755618270,07 1544+ 34H/MST,1755634723,1755634729,957,0,0
1755618270_GS.S01R,094450_GS.S01R,GS,1,1755618270,0S 1544+ TSS/GCS,1755632749,1755632752,429,0,0
1755618300_6..N03R,094500_6..N03R,6,0,1755618300,06 1545  BBR/177,1755635785,1755635788,1203,0,0
1755618300_GS.N04R,094500_GS.N04R,GS,0,1755618300,0S 1545  GCS/TSS,1755632779,1755632785,437,0,0
1755618330_5..S03R,094550_5..S03R,5,1,1755618330,05 1545+ DYR/FLA,1755638339,1755638344,1885,0,0
1755618360_3..S01R,094600_3..S01R,3,1,1755618360,03 1546  148/NLT,1755636970,1755636973,1520,0,0
1755618390_1..N03R,094650_1..N03R,1,0,1755618390,01 1546+ SFT/242,1755636259,1755636262,1329,0,0
1755618390_3..N01R,094650_3..N01R,3,0,1755618390,03 1546+ NLT/148,1755637090,1755637093,1551,0,0
1755618390_6..S01R,094650_6..S01R,6,1,1755618390,06 1546+ PEL/BBR,1755636790,1755636793,1471,0,0
1755618390_7..S,094650_7..S,7,1,1755618390,07 1546+ MST/34H,1755634912,1755634915,969,0,0
1755618450_4..N64R,094750_4..N64R,4,0,1755618450,04 1547+ UTI/BPK,1755636688,1755636694,1183,0,0
1755618450_6..S03R,094750_6..S03R,6,1,1755618450,06 1547+ 177/BBR,1755636013,1755636019,1263,0,0
1755618480_6..N02R,094800_6..N02R,6X,0,1755618480,06 1548  BBR/PEL,1755636520,1755636523,1399,0,0
1755618510_1..S03R,094850_1..S03R,1,1,1755618510,01 1548+ 242/SFT,1755636319,1755636322,1345,0,0
1755618510_7..N,094850_7..N,7,0,1755618510,07 1548+ 34H/MST,1755635008,1755635014,991,0,0
1755618510_GS.S04R,094850_GS.S04R,GS,1,1755618510,0S 1548+ TSS/GCS,1755633013,1755633019,495,0,0
1755618540_GS.N01R,094900_GS.N01R,GS,0,1755618540,0S 1549  GCS/TSS,1755633034,1755633037,499,0,0
1755618570_2..S01R,094950_2..S01R,2,1,1755618570,02 1549+ 241/FLA,1755639160,1755639164,2043,0,0
1755618570_5..S,094950_5..S,5,1,1755618570,E5 1549+ 180/UTI,1755637237,1755637240,322,0,0
1755618570_5..S21R,094950_5..S21R,5,1,1755618570,05 1549+ 180/UTI,1755633778,1755633784,618,0,0
1755618600_5..N76R,095000_5..N76R,5,0,1755618600,05 1550  FLA/238,1755638399,1755638404,1839,0,0
1755618630_7..S,095050_7..S,7,1,1755618630,07 1550+ MST/34H,1755635233,1755635239,1019,0,0
1755618690_1..N03R,095150_1..N03R,1,0,1755618690,01 1551+ SFT/242,1755636478,1755636484,1327,0,0
1755618690_6..N03R,095150_6..N03R,6,0,1755618690,06 1551+ BBR/177,1755636187,1755636190,1249,0,0
1755618750_4..S06R,095250_4..S06R,4,1,1755618750,04 1552+ WDL/UTI,1755637378,1755637384,1566,0,0
1755618750_6..S01R,095250_6..S01R,6,1,1755618750,06 1552+ PEL/BBR,1755637129,1755637132,1500,0,0
1755618750_7..S,095250_7..S,7,1,1755618750,07 1552+ 111/34H,1755635065,1755635068,954,0,0
1755618750_7X..N,095250_7X..N,7X,0,1755618750,07 1552+ 34H/MST,1755635329,1755635332,1025,0,0
1755618750_GS.S01R,095250_GS.S01R,GS,1,1755618750,0S 1552+ TSS/GCS,1755633232,1755633235,485,0,0
1755618780_4..N,095300_4..N,4,0,1755618780,04 1553  UTI/WDL,1755637378,1755637384,327,0,0
1755618780_4..N34R,095300_4..N34R,4,0,1755618780,04 1553  UTI/WDL,1755636154,1755636157,1239,0,0
1755618780_GS.N04R,095300_GS.N04R,GS,0,1755618780,0S 1553  GCS/TSS,1755633250,1755633253,490,0,0
1755618810_1..S03R,095350_1..S03R,1,1,1755618810,01 1553+ 242/SFT,1755636535,1755636541,1341,0,0
1755618810_6..S03R,095350_6..S03R,6,1,1755618810,06 1553+ 177/BBR,1755636580,1755636583,1350,0,0
1755618840_3..N01R,095400_3..N01R,3,0,1755618840,03 1554  NLT/148,1755637639,1755637642,1635,0,0
1755618840_3..S01R,095400_3..S01R,3,1,1755618840,03 1554  148/NLT,1755637360,1755637363,1561,0,0
1755618840_5..S08R,095400_5..S08R,5,1,1755618840,05 1554  DYR/BWG,1755637303,1755637309,1546,0,0
1755618870_7..S,095450_7..S,7,1,1755618870,07 1554+ MST/34H,1755635425,1755635428,997,0,0
1755618900_2..N01R,095500_2..N01R,2,0,1755618900,02 1555  FLA/241,1755639409,1755639412,2045,0,0
1755618930_2..S01R,095550_2..S01R,2,1,1755618930,02 1555+ 241/FLA,1755639629,1755639634,2104,0,0
1755618930_6..N02R,095550_6..N02R,6X,0,1755618930,06 1555+ BBR/PEL,1755636859,1755636862,1363,0,0
1755618930_6..S01R,095550_6..S01R,6,1,1755618930,06 1555+ PEL/BBR,1755637264,1755637267,1464,0,0
1755618960_5..N87R,095600_5..N87R,5,0,1755618960,05 1556  UTI/DYR,1755637978,1755637984,1662,0,0
1755618990_1..N03R,095650_1..N03R,1,0,1755618990,01 1556+ SFT/242,1755636820,1755636823,1353,0,0
1755618990_7..N,095650_7..N,7,0,1755618990,07 1556+ 34H/MST,1755635920,1755635923,1129,0,0
1755618990_GS.S04R,095650_GS.S04R,GS,1,1755618990,0S 1556+ TSS/GCS,1755633478,1755633484,479,0,0
1755619020_GS.N01R,095700_GS.N01R,GS,0,1755619020,0S 1557  GCS/TSS,1755633508,1755633514,485,0,0
1755619050_7..S,095750_7..S,7,1,1755619050,07 1557+ MST/34H,1755635608,1755635614,980,0,0
1755619110_4..S06R,095850_4..S06R,4,1,1755619110,04 1558+ WDL/UTI,1755637585,1755637588,1557,0,0
1755619140_1..S11R,095900_1..S11R,1,1,1755619140,01 1559  238/SFT,1755636859,1755636862,1363,0,0
1755619140_4..N,095900_4..N,4,0,1755619140,04 1559  UTI/WDL,1755637678,1755637684,297,0,0
1755619140_4..N34R,095900_4..N34R,4,0,1755619140,04 1559  UTI/WDL,1755636565,1755636568,1285,0,0
1755619170_5..N88R,095950_5..N88R,5,0,1755619170,05 1559+ FLA/DYR,1755638449,1755638452,1722,0,0
1755619170_6..N03R,095950_6..N03R,6,0,1755619170,06 1559+ BBR/177,1755636643,1755636649,1241,0,0
1755619170_6..S03R,095950_6..S03R,6,1,1755619170,06 1559+ 177/BBR,1755636970,1755636973,1328,0,0
1755619230_7X..N,096050_7X..N,7X,0,1755619230,07 1600+ 34H/MST,1755635755,1755635758,1019,0,0
1755619230_GS.S01R,096050_GS.S01R,GS,1,1755619230,0S 1600+ TSS/GCS,1755633712,1755633715,472,0,0
1755619260_GS.N04R,096100_GS.N04R,GS,0,1755619260,0S 1601  GCS/TSS,1755633739,1755633745,478,0,0
1755619290_1..N03R,096150_1..N03R,1,0,1755619290,01 1601+ SFT/242,1755637300,1755637303,1416,0,0
1755619290_1..S03R,096150_1..S03R,1,1,1755619290,01 1601+ 242/SFT,1755637129,1755637132,1370,0,0
1755619290_6..S01R,096150_6..S01R,6,1,1755619290,06 1601+ PEL/BBR,1755637588,1755637594,1492,0,0
1755619290_7..N,096150_7..N,7,0,1755619290,07 1601+ MST/34H,1755634915,1755634918,1,0,0
1755619290_7..S,096150_7..S,7,1,1755619290,07 1601+ MST/34H,1755635968,1755635974,1075,0,0
1755619350_2..N01R,096250_2..N01R,2,0,1755619350,02 1602+ FLA/241,1755639529,1755639532,2010,0,0
1755619350_3..N01R,096250_3..N01R,3,0,1755619350,03 1602+ NLT/148,1755638119,1755638122,1633,0,0
1755619380_5..S02R,096300_5..S02R,5,1,1755619380,05 1603  180/FLA,1755638629,1755638632,1769,0,0
1755619410_2..S01R,096350_2..S01R,2,1,1755619410,02 1603+ 241/FLA,1755639919,1755639922,2114,0,0
1755619410_6..N02R,096350_6..N02R,6X,0,1755619410,06 1603+ BBR/PEL,1755637408,1755637414,1444,0,0
1755619470_2..N03R,096450_2..N03R,2,0,1755619470,02 1604+ NLT/241,1755640375,1755640379,2172,0,0
1755619470_7..N,096450_7..N,7,0,1755619470,07 1604+ 34H/MST,1755636058,1755636064,1061,0,0
1755619470_GS.S04R,096450_GS.S04R,GS,1,1755619470,0S 1604+ TSS/GCS,1755633943,1755633949,463,0,0
1755619500_4..N,096500_4..N,4,0,1755619500,04 1605  UTI/WDL,1755638038,1755638044,335,0,0
1755619500_4..N34R,096500_4..N34R,4,0,1755619500,04 1605  UTI/WDL,1755636784,1755636787,1213,0,0
1755619500_7..S,096500_7..S,7,1,1755619500,07 1605 MST/34H,1755636124,1755636127,1067,0,0
1755619500_GS.N01R,096500_GS.N01R,GS,0,1755619500,0S 1605  GCS/TSS,1755634006,1755634012,476,0,0
1755619530_5..N76R,096550_5..N76R,5,0,1755619530,05 1605+ FLA/238,1755638984,1755638989,1801,0,0
1755619560_5..S03R,096600_5..S03R,5,1,1755619560,05 1606  DYR/FLA,1755639409,1755639412,1914,0,0
1755619590_1..N03R,096650_1..N03R,1,0,1755619590,01 1606+ SFT/242,1755637540,1755637543,1414,0,0
1755619620_1..S11R,096700_1..S11R,1,1,1755619620,01 1607  238/SFT,1755637450,1755637453,1390,0,0
1755619650_4..S28R,096750_4..S28R,4,1,1755619650,04 1607+ BPK/UTI,1755637798,1755637804,1483,0,0
1755619650_6..N03R,096750_6..N03R,6,0,1755619650,06 1607+ BBR/177,1755637123,1755637129,1303,0,0
1755619650_6..S,096750_6..S,6,1,1755619650,/6 1607+ PEL/BBR,1755637948,1755637954,46,0,0
1755619650_6..S01R,096750_6..S01R,6,1,1755619650,/6 1607+ PEL/BBR,1755637633,1755637639,1439,0,0
1755619680_3..S01R,096800_3..S01R,3,1,1755619680,03 1608  148/NLT,1755638188,1755638194,1587,0,0
1755619680_7..S,096800_7..S,7,1,1755619680,07 1608 MST/34H,1755636340,1755636343,1094,0,0
1755619710_6..S03R,096850_6..S03R,6,1,1755619710,06 1608+ 177/BBR,1755637402,1755637405,1377,0,0
1755619710_7X..N,096850_7X..N,7X,0,1755619710,07 1608+ 34H/MST,1755636232,1755636235,1062,0,0
1755619710_GS.S01R,096850_GS.S01R,GS,1,1755619710,0S 1608+ TSS/GCS,1755634180,1755634183,521,0,0
1755619740_3..N01R,096900_3..N01R,3,0,1755619740,03 1609  NLT/148,1755638509,1755638512,1672,0,0
1755619740_4..S06R,096900_4..S06R,4,1,1755619740,04 1609  WDL/UTI,1755638489,1755638494,1667,0,0
1755619740_5..S02R,096900_5..S02R,5,1,1755619740,05 1609  180/FLA,1755639059,1755639064,1820,0,0
1755619740_GS.N04R,096900_GS.N04R,GS,0,1755619740,0S 1609  GCS/TSS,1755634210,1755634213,529,0,0
1755619770_1..S03R,096950_1..S03R,1,1,1755619770,01 1609+ 242/SFT,1755637678,1755637684,1386,0,0
1755619770_2..S01R,096950_2..S01R,2,1,1755619770,02 1609+ 241/FLA,1755640177,1755640180,2053,0,0
1755619860_4..N,097100_4..N,4,0,1755619860,04 1611  UTI/WDL,1755638290,1755638294,326,0,0
1755619860_4..N34R,097100_4..N34R,4,0,1755619860,04 1611  UTI/WDL,1755637069,1755637072,1223,0,0
1755619890_1..N03R,097150_1..N03R,1,0,1755619890,01 1611+ SFT/242,1755637780,1755637783,1413,0,0
1755619890_2..N01R,097150_2..N01R,2,0,1755619890,02 1611+ FLA/241,1755640709,1755640714,2193,0,0
1755619890_6..N02R,097150_6..N02R,6X,0,1755619890,06 1611+ BBR/PEL,1755637948,1755637954,1458,0,0
1755619890_7..N,097150_7..N,7,0,1755619890,07 1611+ 34H/MST,1755636565,1755636568,1092,0,0
1755619920_5..S03R,097200_5..S03R,5,1,1755619920,05 1612  DYR/FLA,1755640079,1755640084,2026,0,0
1755619920_7..S,097200_7..S,7,1,1755619920,07 1612 MST/34H,1755636517,1755636520,1079,0,0
1755619950_GS.S04R,097250_GS.S04R,GS,1,1755619950,0S 1612+ TSS/GCS,1755634438,1755634444,520,0,0
1755619980_5..N87R,097300_5..N87R,5,0,1755619980,05 1613  UTI/DYR,1755638680,1755638684,1652,0,0
1755619980_6..S01R,097300_6..S01R,6,1,1755619980,06 1613  PEL/BBR,1755638410,1755638414,1580,0,0
1755619980_GS.N01R,097300_GS.N01R,GS,0,1755619980,0S 1613  GCS/TSS,1755634468,1755634474,528,0,0
1755620010_1..S03R,097350_1..S03R,1,1,1755620010,01 1613+ 242/SFT,1755637840,1755637843,1428,0,0
1755620010_5..N88R,097350_5..N88R,5,0,1755620010,05 1613+ FLA/DYR,1755639239,1755639244,1802,0,0
1755620070_6..S03R,097450_6..S03R,6,1,1755620070,06 1614+ 177/BBR,1755637753,1755637759,1335,0,0
1755620070_7X..N,097450_7X..N,7X,0,1755620070,07 1614+ 34H/MST,1755636739,1755636742,1091,0,0
1755620130_2..S01R,097550_2..S01R,2,1,1755620130,02 1615+ 241/FLA,1755640639,1755640642,2104,0,0
1755620130_3..S01R,097550_3..S01R,3,1,1755620130,03 1615+ 148/NLT,1755638549,1755638554,1547,0,0
1755620130_6..N,097550_6..N,6,0,1755620130,/6 1615+ BBR/177,1755637912,1755637915,572,0,0
1755620130_6..N03R,097550_6..N03R,6,0,1755620130,/6 1615+ BBR/177,1755635683,1755635689,752,0,0
1755620190_1..N03R,097650_1..N03R,1,0,1755620190,01 1616+ SFT/242,1755638170,1755638173,1445,0,0
1755620190_4..S06R,097650_4..S06R,4,1,1755620190,04 1616+ WDL/UTI,1755638950,1755638954,1654,0,0
1755620190_GS.S01R,097650_GS.S01R,GS,1,1755620190,0S 1616+ TSS/GCS,1755634654,1755634657,505,0,0
1755620220_4..N,097700_4..N,4,0,1755620220,04 1617  UTI/WDL,1755638639,1755638644,316,0,0
1755620220_4..N34R,097700_4..N34R,4,0,1755620220,04 1617  UTI/WDL,1755637453,1755637459,1254,0,0
1755620220_6..S01R,097700_6..S01R,6,1,1755620220,06 1617  PEL/BBR,1755638584,1755638587,1555,0,0
1755620220_GS.N04R,097700_GS.N04R,GS,0,1755620220,0S 1617  GCS/TSS,1755634732,1755634735,526,0,0
1755620250_1..S03R,097750_1..S03R,1,1,1755620250,01 1617+ 242/SFT,1755638059,1755638062,1415,0,0
1755620250_5..S03R,097750_5..S03R,5,1,1755620250,05 1617+ DYR/FLA,1755640375,1755640379,2034,0,0
1755620280_7..S,097800_7..S,7,1,1755620280,07 1618 MST/34H,1755637039,1755637042,1113,0,0
1755620310_3..N01R,097850_3..N01R,3,0,1755620310,03 1618+ NLT/148,1755639010,1755639014,1670,0,0
1755620310_7..S,097850_7..S,7,1,1755620310,07 1618+ 111/34H,1755636667,1755636670,1014,0,0
1755620340_2..N01R,097900_2..N01R,2,0,1755620340,02 1619  FLA/241,1755640919,1755640924,2177,0,0
1755620340_2..S01R,097900_2..S01R,2,1,1755620340,02 1619  241/FLA,1755640840,1755640844,2157,0,0
1755620340_5..S12R,097900_5..S12R,5,1,1755620340,05 1619  180/BWG,1755637774,1755637777,1339,0,0
1755620430_6..S03R,098050_6..S03R,6,1,1755620430,06 1620+ 177/BBR,1755638173,1755638179,1376,0,0
1755620430_7..S,098050_7..S,7,1,1755620430,07 1620+ 111/34H,1755636883,1755636889,1072,0,0
1755620430_7X..N,098050_7X..N,7X,0,1755620430,07 1620+ 34H/MST,1755637000,1755637003,1103,0,0
1755620430_GS.S04R,098050_GS.S04R,GS,1,1755620430,0S 1620+ TSS/GCS,1755634903,1755634909,503,0,0
1755620460_5..N88R,098100_5..N88R,5,0,1755620460,05 1621  FLA/DYR,1755640184,1755640189,1913,0,0
1755620460_GS.N01R,098100_GS.N01R,GS,0,1755620460,0S 1621  GCS/TSS,1755634972,1755634975,520,0,0
1755620490_1..N03R,098150_1..N03R,1,0,1755620490,01 1621+ SFT/242,1755638429,1755638434,1445,0,0
1755620490_4..S06R,098150_4..S06R,4,1,1755620490,04 1621+ WDL/UTI,1755639389,1755639394,1701,0,0
1755620520_4..N,098200_4..N,4,0,1755620520,04 1622  UTI/WDL,1755638929,1755638932,302,0,0
1755620520_4..N34R,098200_4..N34R,4,0,1755620520,04 1622  UTI/WDL,1755637798,1755637804,1276,0,0
1755620550_7..S,098250_7..S,7,1,1755620550,07 1622+ MST/34H,1755637249,1755637252,1122,0,0
1755620580_1..S11R,098300_1..S11R,1,1,1755620580,01 1623  238/SFT,1755638309,1755638314,1412,0,0
1755620580_3..N01R,098300_3..N01R,3,0,1755620580,03 1623  NLT/148,1755639409,1755639412,1706,0,0
1755620580_6..N02R,098300_6..N02R,6X,0,1755620580,06 1623  BBR/PEL,1755638459,1755638464,968,0,0
1755620610_7..N,098350_7..N,7,0,1755620610,07 1623+ 34H/MST,1755637393,1755637399,1161,0,0
1755620640_6..S01R,098400_6..S01R,6,1,1755620640,06 1624  PEL/BBR,1755639115,1755639119,1628,0,0
1755620670_GS.S01R,098450_GS.S01R,GS,1,1755620670,0S 1624+ TSS/GCS,1755635170,1755635173,501,0,0
1755620700_GS.N04R,098500_GS.N04R,GS,0,1755620700,0S 1625  GCS/TSS,1755635173,1755635179,502,0,0
1755620730_1..S03R,098550_1..S03R,1,1,1755620730,01 1625+ 242/SFT,1755638560,1755638564,1406,0,0
1755620730_2..S01R,098550_2..S01R,2,1,1755620730,02 1625+ 241/FLA,1755641249,1755641254,2117,0,0
1755620730_3..S01R,098550_3..S01R,3,1,1755620730,03 1625+ 148/NLT,1755639319,1755639322,1608,0,0
1755620790_1..N03R,098650_1..N03R,1,0,1755620790,01 1626+ SFT/242,1755638639,1755638644,1427,0,0
1755620790_7..S,098650_7..S,7,1,1755620790,07 1626+ MST/34H,1755637393,1755637399,1115,0,0
1755620790_7X..N,098650_7X..N,7X,0,1755620790,07 1626+ 34H/MST,1755637189,1755637192,1060,0,0
1755620820_4..N,098700_4..N,4,0,1755620820,04 1627  UTI/WDL,1755639629,1755639634,351,0,0
1755620820_4..N34R,098700_4..N34R,4,0,1755620820,04 1627  UTI/WDL,1755638317,1755638320,1340,0,0
1755620820_5..S03R,098700_5..S03R,5,1,1755620820,05 1627  DYR/FLA,1755640957,1755640960,2042,0,0
1755620820_6..N03R,098700_6..N03R,6,0,1755620820,06 1627  BBR/177,1755638339,1755638344,897,0,0
1755620850_6..S01R,098750_6..S01R,6,1,1755620850,06 1627+ PEL/BBR,1755639280,1755639284,1598,0,0
1755620880_3..N01R,098800_3..N01R,3,0,1755620880,03 1628  NLT/148,1755639700,1755639706,1709,0,0
1755620880_4..S06R,098800_4..S06R,4,1,1755620880,04 1628  WDL/UTI,1755639659,1755639664,1699,0,0
1755620910_GS.S04R,098850_GS.S04R,GS,1,1755620910,0S 1628+ TSS/GCS,1755635395,1755635398,560,0,0
1755620940_GS.N01R,098900_GS.N01R,GS,0,1755620940,0S 1629  GCS/TSS,1755635455,1755635458,576,0,0
1755620970_1..S03R,098950_1..S03R,1,1,1755620970,01 1629+ 242/SFT,1755638779,1755638782,1394,0,0
1755620970_5..N86R,098950_5..N86R,5,0,1755620970,05 1629+ UTI/238,1755640315,1755640319,1804,0,0
1755620970_6..N02R,098950_6..N02R,6X,0,1755620970,E6 1629+ BBR/PEL,1755638839,1755638842,963,0,0
1755620970_7..N,098950_7..N,7,0,1755620970,07 1629+ 34H/MST,1755637579,1755637582,1116,0,0
1755621000_7..S,099000_7..S,7,1,1755621000,07 1630 MST/34H,1755637573,1755637579,1115,0,0
1755621030_2..N01R,099050_2..N01R,2,0,1755621030,02 1630+ FLA/241,1755641609,1755641614,2141,0,0
1755621030_6..S,099050_6..S,6,1,1755621030,/6 1630+ 177/BBR,1755638839,1755638842,87,0,0
1755621030_6..S03R,099050_6..S03R,6,1,1755621030,/6 1630+ 177/BBR,1755638362,1755638365,1282,0,0
1755621090_1..N03R,099150_1..N03R,1,0,1755621090,01 1631+ SFT/242,1755638920,1755638924,1431,0,0
1755621090_2..N03R,099150_2..N03R,2,0,1755621090,02 1631+ NLT/241,1755642007,1755642010,2241,0,0
1755621090_2..S01R,099150_2..S01R,2,1,1755621090,02 1631+ 241/FLA,1755641467,1755641470,2102,0,0
1755621090_6..N03R,099150_6..N03R,6,0,1755621090,06 1631+ BBR/177,1755638587,1755638590,1341,0,0
1755621150_4..N,099250_4..N,4,0,1755621150,04 1632+ UTI/WDL,1755639839,1755639844,316,0,0
1755621150_4..N34R,099250_4..N34R,4,0,1755621150,04 1632+ UTI/WDL,1755638659,1755638662,1360,0,0
1755621150_7X..N,099250_7X..N,7X,0,1755621150,07 1632+ 34H/MST,1755637846,1755637852,1145,0,0
1755621150_GS.S01R,099250_GS.S01R,GS,1,1755621150,0S 1632+ TSS/GCS,1755635629,1755635632,551,0,0
1755621180_5..S07R,099300_5..S07R,5,1,1755621180,05 1633  DYR/UTI,1755640379,1755640384,1820,0,0
1755621180_GS.N04R,099300_GS.N04R,GS,0,1755621180,0S 1633  GCS/TSS,1755635653,1755635659,558,0,0
1755621240_3..N01R,099400_3..N01R,3,0,1755621240,03 1634  NLT/148,1755640099,1755640102,1745,0,0
1755621240_3..S01R,099400_3..S01R,3,1,1755621240,03 1634  148/NLT,1755639790,1755639794,1663,0,0
1755621240_6..S01R,099400_6..S01R,6,1,1755621240,06 1634  PEL/BBR,1755639562,1755639565,1602,0,0
1755621300_1..S11R,099500_1..S11R,1,1,1755621300,01 1635  238/SFT,1755639019,1755639022,1383,0,0
1755621300_4..S06R,099500_4..S06R,4,1,1755621300,04 1635  WDL/UTI,1755639989,1755639994,1642,0,0
1755621300_5..N76R,099500_5..N76R,5,0,1755621300,05 1635  FLA/238,1755640867,1755640870,1875,0,0
1755621330_6..N02R,099550_6..N02R,6X,0,1755621330,06 1635+ BBR/PEL,1755639175,1755639179,1424,0,0
1755621330_7..N,099550_7..N,7,0,1755621330,07 1635+ 34H/MST,1755638143,1755638149,1190,0,0
1755621390_1..N03R,099650_1..N03R,1,0,1755621390,01 1636+ SFT/242,1755639299,1755639304,1457,0,0
1755621390_4..N,099650_4..N,4,0,1755621390,04 1636+ UTI/WDL,1755640009,1755640012,306,0,0
1755621390_4..N34R,099650_4..N34R,4,0,1755621390,04 1636+ UTI/WDL,1755638860,1755638864,1340,0,0
1755621390_7..S,099650_7..S,7,1,1755621390,07 1636+ MST/34H,1755638125,1755638128,1149,0,0
1755621390_GS.S04R,099650_GS.S04R,GS,1,1755621390,0S 1636+ TSS/GCS,1755635863,1755635869,539,0,0
1755621420_GS.N01R,099700_GS.N01R,GS,0,1755621420,0S 1637  GCS/TSS,1755635923,1755635929,555,0,0
1755621450_1..S03R,099750_1..S03R,1,1,1755621450,01 1637+ 242/SFT,1755639259,1755639262,1446,0,0
1755621480_2..N01R,099800_2..N01R,2,0,1755621480,02 1638  FLA/241,1755642628,1755642634,2329,0,0
1755621510_7..S,099850_7..S,7,1,1755621510,07 1638+ 111/34H,1755637978,1755637984,1084,0,0
1755621510_7X..N,099850_7X..N,7X,0,1755621510,07 1638+ 34H/MST,1755638234,1755638239,1162,0,0
1755621540_5..S03R,099900_5..S03R,5,1,1755621540,05 1639  DYR/FLA,1755641587,1755641590,2059,0,0
1755621540_6..N03R,099900_6..N03R,6,0,1755621540,06 1639  BBR/177,1755639074,1755639079,1397,0,0
1755621570_3..N01R,099950_3..N01R,3,0,1755621570,03 1639+ NLT/148,1755640574,1755640579,1725,0,0
1755621600_2..S01R,100000_2..S01R,2,1,1755621600,02 1640  241/FLA,1755641959,1755641962,2082,0,0
1755621600_5..N88R,100000_5..N88R,5,0,1755621600,05 1640  FLA/DYR,1755641479,1755641482,1943,0,0
1755621600_7..S,100000_7..S,7,1,1755621600,07 1640 MST/34H,1755638203,1755638209,1131,0,0
1755621630_GS.N04R,100050_GS.N04R,GS,0,1755621630,0S 1640+ GCS/TSS,1755636112,1755636115,533,0,0
1755621630_GS.S01R,100050_GS.S01R,GS,1,1755621630,0S 1640+ TSS/GCS,1755636100,1755636103,530,0,0
1755621660_3..S01R,100100_3..S01R,3,1,1755621660,03 1641  148/NLT,1755640124,1755640129,1605,0,0
1755621660_4..N,100100_4..N,4,0,1755621660,04 1641  UTI/WDL,1755640507,1755640510,338,0,0
1755621660_4..N34R,100100_4..N34R,4,0,1755621660,04 1641  UTI/WDL,1755639235,1755639239,1368,0,0
1755621660_6..S03R,100100_6..S03R,6,1,1755621660,06 1641  177/BBR,1755639415,1755639419,1416,0,0
1755621690_1..N03R,100150_1..N03R,1,0,1755621690,01 1641+ SFT/242,1755639569,1755639574,1457,0,0
1755621690_1..S03R,100150_1..S03R,1,1,1755621690,01 1641+ 242/SFT,1755639619,1755639622,1470,0,0
1755621690_6..S01R,100150_6..S01R,6,1,1755621690,06 1641+ PEL/BBR,1755639940,1755639944,1556,0,0
1755621690_7..N,100150_7..N,7,0,1755621690,07 1641+ 34H/MST,1755638569,1755638572,1214,0,0
1755621720_4..S,100200_4..S,4,1,1755621720,04 1642  WDL/NLT,1755641299,1755641302,204,0,0
1755621720_4..S03R,100200_4..S03R,4,1,1755621720,04 1642  WDL/NLT,1755640429,1755640432,1686,0,0
1755621750_6..N02R,100250_6..N02R,6X,0,1755621750,06 1642+ BBR/PEL,1755639529,1755639532,1446,0,0
1755621750_7..S,100250_7..S,7,1,1755621750,07 1642+ MST/34H,1755638365,1755638369,1135,0,0
1755621810_5..N87R,100350_5..N87R,5,0,1755621810,05 1643+ UTI/DYR,1755640639,1755640642,1741,0,0
1755621840_GS.S04R,100400_GS.S04R,GS,1,1755621840,0S 1644  TSS/GCS,1755636325,1755636328,591,0,0
1755621870_7X..N,100450_7X..N,7X,0,1755621870,07 1644+ 34H/MST,1755638399,1755638404,1124,0,0
1755621870_GS.N01R,100450_GS.N01R,GS,0,1755621870,0S 1644+ GCS/TSS,1755636385,1755636388,530,0,0
1755621930_1..S03R,100550_1..S03R,1,1,1755621930,01 1645+ 242/SFT,1755639799,1755639802,1442,0,0
1755621960_2..S01R,100600_2..S01R,2,1,1755621960,02 1646  241/FLA,1755642409,1755642412,2122,0,0
1755621960_3..N01R,100600_3..N01R,3,0,1755621960,03 1646  NLT/148,1755640879,1755640885,1729,0,0
1755621960_6..N03R,100600_6..N03R,6,0,1755621960,06 1646  BBR/177,1755639415,1755639419,1339,0,0
1755621960_6..S01R,100600_6..S01R,6,1,1755621960,06 1646  PEL/BBR,1755640274,1755640279,1568,0,0
1755621990_1..N03R,100650_1..N03R,1,0,1755621990,01 1646+ SFT/242,1755639829,1755639832,1449,0,0
1755622020_4..S06R,100700_4..S06R,4,1,1755622020,04 1647  WDL/UTI,1755640852,1755640855,1721,0,0
1755622050_3..S01R,100750_3..S01R,3,1,1755622050,03 1647+ 148/NLT,1755640739,1755640744,1691,0,0
1755622050_4..N,100750_4..N,4,0,1755622050,04 1647+ UTI/WDL,1755640919,1755640924,348,0,0
1755622050_4..N34R,100750_4..N34R,4,0,1755622050,04 1647+ UTI/WDL,1755639607,1755639610,1390,0,0
1755622050_6..S03R,100750_6..S03R,6,1,1755622050,06 1647+ 177/BBR,1755639712,1755639715,1417,0,0
1755622050_7..N,100750_7..N,7,0,1755622050,07 1647+ 34H/MST,1755638969,1755638974,1229,0,0
1755622080_2..N03R,100800_2..N03R,2,0,1755622080,02 1648  NLT/241,1755643399,1755643402,2380,0,0
1755622080_GS.S01R,100800_GS.S01R,GS,1,1755622080,0S 1648  TSS/GCS,1755636559,1755636562,576,0,0
1755622110_2..N01R,100850_2..N01R,2,0,1755622110,02 1648+ FLA/241,1755643240,1755643243,1792,0,0
1755622110_7..S,100850_7..S,7,1,1755622110,07 1648+ MST/34H,1755638749,1755638752,1153,0,0
1755622110_GS.N04R,100850_GS.N04R,GS,0,1755622110,0S 1648+ GCS/TSS,1755636595,1755636598,586,0,0
1755622170_1..S03R,100950_1..S03R,1,1,1755622170,01 1649+ 242/SFT,1755639979,1755639982,1412,0,0
1755622170_6..N02R,100950_6..N02R,6X,0,1755622170,06 1649+ BBR/PEL,1755640165,1755640169,1461,0,0
1755622230_2..S01R,101050_2..S01R,2,1,1755622230,02 1650+ 241/FLA,1755642610,1755642613,2098,0,0
1755622230_5..S07R,101050_5..S07R,5,1,1755622230,05 1650+ DYR/UTI,1755641084,1755641089,1702,0,0
1755622230_7..S,101050_7..S,7,1,1755622230,07 1650+ MST/34H,1755638909,1755638914,1167,1,1
1755622230_7X..N,101050_7X..N,7X,0,1755622230,07 1650+ 34H/MST,1755638815,1755638819,1142,0,0
1755622290_1..N03R,101150_1..N03R,1,0,1755622290,01 1651+ SFT/242,1755640177,1755640180,1464,0,0
1755622320_5..N76R,101200_5..N76R,5,0,1755622320,05 1652  FLA/238,1755642619,1755642622,2084,0,0
1755622320_GS.S04R,101200_GS.S04R,GS,1,1755622320,0S 1652  TSS/GCS,1755636802,1755636805,563,0,0
1755622350_6..N03R,101250_6..N03R,6,0,1755622350,06 1652+ BBR/177,1755639835,1755639839,1373,0,0
1755622350_7..S,101250_7..S,7,1,1755622350,07 1652+ MST/34H,1755639019,1755639022,1148,0,0
1755622350_GS.N01R,101250_GS.N01R,GS,0,1755622350,0S 1652+ GCS/TSS,1755636823,1755636829,569,0,0
1755622410_3..N01R,101350_3..N01R,3,0,1755622410,03 1653+ NLT/148,1755641209,1755641215,1733,0,0
1755622410_6..S01R,101350_6..S01R,6,1,1755622410,06 1653+ PEL/BBR,1755640619,1755640624,1581,0,0
1755622410_6..S03R,101350_6..S03R,6,1,1755622410,06 1653+ 177/BBR,1755640117,1755640120,1448,0,0
1755622410_7..N,101350_7..N,7,0,1755622410,07 1653+ 34H/MST,1755639184,1755639187,1192,0,0
1755622500_1..S11R,101500_1..S11R,1,1,1755622500,01 1655  238/SFT,1755640214,1755640219,1395,0,0
1755622530_1..N03R,101550_1..N03R,1,0,1755622530,01 1655+ SFT/242,1755640357,1755640360,1433,0,0
1755622530_3..S01R,101550_3..S01R,3,1,1755622530,03 1655+ 148/NLT,1755641189,1755641194,1648,0,0
1755622530_4..N,101550_4..N,4,0,1755622530,04 1655+ UTI/WDL,1755641149,1755641155,293,0,0
1755622530_4..N34R,101550_4..N34R,4,0,1755622530,04 1655+ UTI/WDL,1755640030,1755640034,1346,0,0
1755622530_6..N02R,101550_6..N02R,6X,0,1755622530,06 1655+ BBR/PEL,1755640495,1755640499,1468,0,0
1755622530_7..S,101550_7..S,7,1,1755622530,07 1655+ MST/34H,1755639172,1755639175,1153,0,0
1755622530_GS.N04R,101550_GS.N04R,GS,0,1755622530,0S 1655+ GCS/TSS,1755637015,1755637018,540,0,0
1755622560_4..S,101600_4..S,4,1,1755622560,04 1656  WDL/NLT,1755641789,1755641794,213,0,0
1755622560_4..S03R,101600_4..S03R,4,1,1755622560,04 1656  WDL/NLT,1755640855,1755640859,1564,0,0
1755622560_GS.S01R,101600_GS.S01R,GS,1,1755622560,0S 1656  TSS/GCS,1755637075,1755637078,556,0,0
1755622590_7X..N,101650_7X..N,7X,0,1755622590,07 1656+ 34H/MST,1755639040,1755639044,1104,0,0
1755622650_1..S03R,101750_1..S03R,1,1,1755622650,01 1657+ 242/SFT,1755640585,1755640589,1492,0,0
1755622650_2..S01R,101750_2..S01R,2,1,1755622650,02 1657+ 241/FLA,1755643228,1755643234,2178,0,0
1755622650_6..S01R,101750_6..S01R,6,1,1755622650,06 1657+ PEL/BBR,1755640804,1755640807,1550,0,0
1755622650_7..S,101750_7..S,7,1,1755622650,07 1657+ MST/34H,1755639295,1755639299,1146,0,0
1755622680_5..S03R,101800_5..S03R,5,1,1755622680,05 1658  DYR/FLA,1755642097,1755642100,1883,0,0
1755622710_6..N03R,101850_6..N03R,6,0,1755622710,06 1658+ BBR/177,1755640294,1755640297,1411,0,0
1755622740_4..N,101900_4..N,4,0,1755622740,04 1659  UTI/WDL,1755641539,1755641542,320,0,0
1755622740_4..N34R,101900_4..N34R,4,0,1755622740,04 1659  UTI/WDL,1755640309,1755640312,1419,0,0
1755622740_7..N,101900_7..N,7,0,1755622740,07 1659 34H/MST,1755639535,1755639539,1195,0,0
1755622740_GS.N01R,101900_GS.N01R,GS,0,1755622740,0S 1659  GCS/TSS,1755637237,1755637240,599,0,0
1755622740_GS.S04R,101900_GS.S04R,GS,1,1755622740,0S 1659  TSS/GCS,1755637228,1755637234,597,0,0
1755622770_1..N03R,101950_1..N03R,1,0,1755622770,01 1659+ SFT/242,1755640585,1755640589,1412,0,0
1755622770_2..N01R,101950_2..N01R,2,0,1755622770,02 1659+ FLA/241,1755643888,1755643894,2271,0,0
1755622770_3..N01R,101950_3..N01R,3,0,1755622770,03 1659+ NLT/148,1755641609,1755641614,1677,0,0
1755622800_6..S03R,102000_6..S03R,6,1,1755622800,06 1700  177/BBR,1755640465,1755640469,1380,0,0
1755622890_1..S03R,102150_1..S03R,1,1,1755622890,01 1701+ 242/SFT,1755640747,1755640750,1454,0,0
1755622890_5..S03R,102150_5..S03R,5,1,1755622890,05 1701+ DYR/FLA,1755642739,1755642742,1969,0,0
1755622890_6..N02R,102150_6..N02R,6X,0,1755622890,06 1701+ BBR/PEL,1755640909,1755640912,1496,0,0
1755622890_7..S,102150_7..S,7,1,1755622890,07 1701+ MST/34H,1755639454,1755639457,1135,0,0
1755622890_7X..N,102150_7X..N,7X,0,1755622890,07 1701+ 34H/MST,1755639394,1755639397,1119,0,0
1755622920_GS.N04R,102200_GS.N04R,GS,0,1755622920,0S 1702  GCS/TSS,1755637414,1755637417,565,0,0
1755622920_GS.S01R,102200_GS.S01R,GS,1,1755622920,0S 1702  TSS/GCS,1755637399,1755637402,561,0,0
1755622950_5..N76R,102250_5..N76R,5,0,1755622950,05 1702+ FLA/238,1755643372,1755643375,2135,0,0
1755622980_4..S06R,102300_4..S06R,4,1,1755622980,04 1703  WDL/UTI,1755641467,1755641470,1639,0,0
1755623010_1..N03R,102350_1..N03R,1,0,1755623010,01 1703+ SFT/242,1755640747,1755640750,1454,0,0
1755623010_7..S,102350_7..S,7,1,1755623010,07 1703+ 111/34H,1755639550,1755639554,1065,0,0
1755623040_3..S01R,102400_3..S01R,3,1,1755623040,03 1704  148/NLT,1755641699,1755641704,1701,0,0
1755623040_7..N,102400_7..N,7,0,1755623040,07 1704 34H/MST,1755639884,1755639889,1213,0,0
1755623070_6..N02R,102450_6..N02R,6X,0,1755623070,06 1704+ BBR/PEL,1755641009,1755641014,1442,0,0
1755623100_2..S01R,102500_2..S01R,2,1,1755623100,02 1705  241/FLA,1755643642,1755643645,2127,0,0
1755623100_6..S,102500_6..S,6,1,1755623100,/6 1705  PEL/BBR,1755641404,1755641407,51,0,0
1755623100_6..S01R,102500_6..S01R,6,1,1755623100,/6 1705  PEL/BBR,1755641159,1755641164,1480,0,0
1755623100_GS.S04R,102500_GS.S04R,GS,1,1755623100,0S 1705  TSS/GCS,1755637567,1755637570,526,0,0
1755623130_1..S03R,102550_1..S03R,1,1,1755623130,01 1705+ 242/SFT,1755640927,1755640930,1422,0,0
1755623130_7..S,102550_7..S,7,1,1755623130,07 1705+ MST/34H,1755639832,1755639835,1164,0,0
1755623130_GS.N01R,102550_GS.N01R,GS,0,1755623130,0S 1705+ GCS/TSS,1755637588,1755637594,532,0,0
1755623160_4..N64R,102600_4..N64R,4,0,1755623160,04 1706  UTI/BPK,1755641309,1755641314,1518,0,0
1755623190_7X..N,102650_7X..N,7X,0,1755623190,07 1706+ 34H/MST,1755639749,1755639754,1106,0,0
1755623220_3..N01R,102700_3..N01R,3,0,1755623220,03 1707  NLT/148,1755642058,1755642064,1712,0,0
1755623250_1..N03R,102750_1..N03R,1,0,1755623250,01 1707+ SFT/242,1755641339,1755641344,1526,0,0
1755623250_2..N01R,102750_2..N01R,2,0,1755623250,02 1707+ FLA/241,1755644152,1755644155,2258,0,0
1755623250_6..N03R,102750_6..N03R,6,0,1755623250,06 1707+ BBR/177,1755640792,1755640795,1386,0,0
1755623250_7..S,102750_7..S,7,1,1755623250,07 1707+ MST/34H,1755676799,1755676805,10773,0,0
1755623280_4..S06R,102800_4..S06R,4,1,1755623280,04 1708  WDL/UTI,1755641689,1755641692,1618,0,0
1755623310_GS.S01R,102850_GS.S01R,GS,1,1755623310,0S 1708+ TSS/GCS,1755637747,1755637750,574,0,0
1755623340_4..N,102900_4..N,4,0,1755623340,04 1709  UTI/WDL,1755641998,1755642004,281,0,0
1755623340_4..N34R,102900_4..N34R,4,0,1755623340,04 1709  UTI/WDL,1755640904,1755640909,1415,0,0
1755623340_GS.N04R,102900_GS.N04R,GS,0,1755623340,0S 1709  GCS/TSS,1755637822,1755637825,594,0,0
1755623370_2..N03R,102950_2..N03R,2,0,1755623370,02 1709+ NLT/241,1755644470,1755644473,2258,0,0
1755623370_7..N,102950_7..N,7,0,1755623370,07 1709+ 34H/MST,1755640034,1755640039,1162,0,0
1755623370_7..S,102950_7..S,7,1,1755623370,07 1709+ MST/34H,1755639974,1755639979,1138,0,0
1755623430_6..N02R,103050_6..N02R,6X,0,1755623430,06 1710+ BBR/PEL,1755641479,1755641482,1483,0,0
1755623430_6..S03R,103050_6..S03R,6,1,1755623430,06 1710+ 177/BBR,1755640984,1755640990,1356,0,0
1755623460_1..S11R,103100_1..S11R,1,1,1755623460,01 1711  238/SFT,1755641249,1755641254,1422,0,0
1755623460_2..S01R,103100_2..S01R,2,1,1755623460,02 1711  241/FLA,1755643762,1755643765,2077,0,0
1755623460_5..N70R,103100_5..N70R,5,0,1755623460,05 1711  BWG/238,1755641950,1755641953,1597,0,0
1755623460_5..N88R,103100_5..N88R,5,0,1755623460,05 1711  FLA/DYR,1755642949,1755642955,1866,0,0
1755623490_1..N03R,103150_1..N03R,1,0,1755623490,01 1711+ SFT/242,1755641449,1755641452,1474,0,0
1755623520_3..S01R,103200_3..S01R,3,1,1755623520,03 1712  148/NLT,1755642058,1755642064,1632,0,0
1755623520_5..S03R,103200_5..S03R,5,1,1755623520,05 1712  DYR/FLA,1755643099,1755643102,1903,0,0
1755623520_7X..N,103200_7X..N,7X,0,1755623520,07 1712 34H/MST,1755640159,1755640162,1151,0,0
1755623520_GS.N01R,103200_GS.N01R,GS,0,1755623520,0S 1712  GCS/TSS,1755637990,1755637993,559,0,0
1755623520_GS.S04R,103200_GS.S04R,GS,1,1755623520,0S 1712  TSS/GCS,1755638017,1755638020,566,0,0
1755623550_3..N01R,103250_3..N01R,3,0,1755623550,03 1712+ NLT/148,1755642469,1755642475,1739,0,0
1755623550_5..N87R,103250_5..N87R,5,0,1755623550,05 1712+ UTI/DYR,1755642598,1755642604,1773,0,0
1755623580_6..S01R,103300_6..S01R,6,1,1755623580,06 1713  PEL/BBR,1755641819,1755641824,1571,0,0
1755623610_1..S03R,103350_1..S03R,1,1,1755623610,01 1713+ 242/SFT,1755641419,1755641425,1467,0,0
1755623610_6..N02R,103350_6..N02R,6X,0,1755623610,06 1713+ BBR/PEL,1755641719,1755641722,1546,0,0
1755623670_7..N,103450_7..N,7,0,1755623670,07 1714+ 34H/WPT,1755640270,1755640274,1149,0,0
1755623700_4..S06R,103500_4..S06R,4,1,1755623700,04 1715  WDL/UTI,1755642178,1755642184,1583,0,0
1755623700_GS.N04R,103500_GS.N04R,GS,0,1755623700,0S 1715  GCS/TSS,1755638200,1755638203,535,0,0
1755623700_GS.S01R,103500_GS.S01R,GS,1,1755623700,0S 1715  TSS/GCS,1755638173,1755638179,528,0,0
1755623730_1..N03R,103550_1..N03R,1,0,1755623730,01 1715+ SFT/242,1755641749,1755641752,1474,0,0
1755623730_7..S,103550_7..S,7,1,1755623730,07 1715+ MST/34H,1755640379,1755640384,1154,0,0
1755623790_2..N01R,103650_2..N01R,2,0,1755623790,02 1716+ FLA/241,1755644962,1755644965,2286,0,0
1755623790_6..N03R,103650_6..N03R,6,0,1755623790,06 1716+ BBR/177,1755641374,1755641377,1374,0,0
1755623820_7X..N,103700_7X..N,7X,0,1755623820,07 1717 34H/MST,1755640477,1755640484,1163,0,0
1755623850_1..S03R,103750_1..S03R,1,1,1755623850,01 1717+ 242/SFT,1755641749,1755641752,1473,0,0
1755623850_7..S,103750_7..S,7,1,1755623850,07 1717+ 111/34H,1755640240,1755640244,1073,0,0
1755623880_3..S01R,103800_3..S01R,3,1,1755623880,03 1718  148/NLT,1755642700,1755642703,1718,0,0
1755623880_4..N,103800_4..N,4,0,1755623880,04 1718  UTI/WDL,1755644110,1755644113,732,0,0
1755623880_4..N34R,103800_4..N34R,4,0,1755623880,04 1718  UTI/WDL,1755641299,1755641302,1354,0,0
1755623880_6..S03R,103800_6..S03R,6,1,1755623880,06 1718  177/BBR,1755641605,1755641609,1435,0,0
1755623880_GS.S04R,103800_GS.S04R,GS,1,1755623880,0S 1718  TSS/GCS,1755638419,1755638422,592,0,0
1755623910_5..N88R,103850_5..N88R,5,0,1755623910,05 1718+ FLA/DYR,1755643630,1755643633,1962,0,0
1755623910_7..S,103850_7..S,7,1,1755623910,07 1718+ MST/34H,1755640477,1755640484,1136,0,0
1755623910_GS.N01R,103850_GS.N01R,GS,0,1755623910,0S 1718+ GCS/TSS,1755638377,1755638380,581,0,0
1755623940_2..S01R,103900_2..S01R,2,1,1755623940,02 1719  241/FLA,1755644419,1755644425,2164,0,0
1755623970_1..N03R,103950_1..N03R,1,0,1755623970,01 1719+ SFT/242,1755641839,1755641845,1415,0,0
1755623970_5..S03R,103950_5..S03R,5,1,1755623970,05 1719+ DYR/FLA,1755644032,1755644035,1987,0,0
1755623970_6..N02R,103950_6..N02R,6X,0,1755623970,06 1719+ BBR/PEL,1755641899,1755641902,1429,0,0
1755623970_7..N,103950_7..N,7,0,1755623970,07 1719+ 34H/MST,1755640919,1755640924,1231,0,0
1755624030_2..N01R,104050_2..N01R,2,0,1755624030,02 1720+ FLA/241,1755645118,1755645124,2245,0,0
1755624060_4..S06R,104100_4..S06R,4,1,1755624060,04 1721  WDL/UTI,1755642493,1755642499,1585,0,0
1755624060_6..S01R,104100_6..S01R,6,1,1755624060,06 1721  PEL/BBR,1755642094,1755642097,1480,0,0
1755624090_1..S03R,104150_1..S03R,1,1,1755624090,01 1721+ 242/SFT,1755641917,1755641920,1433,0,0
1755624090_GS.N04R,104150_GS.N04R,GS,0,1755624090,0S 1721+ GCS/TSS,1755638579,1755638584,555,0,0
1755624090_GS.S01R,104150_GS.S01R,GS,1,1755624090,0S 1721+ TSS/GCS,1755638549,1755638554,547,0,0
1755624120_7X..N,104200_7X..N,7X,0,1755624120,07 1722 34H/MST,1755640609,1755640612,1109,0,0
1755624150_6..N,104250_6..N,6,0,1755624150,/6 1722+ BBR/177,1755641839,1755641845,424,1,0
1755624150_6..N03R,104250_6..N03R,6,0,1755624150,/6 1722+ BBR/177,1755639955,1755639959,917,0,0
1755624150_7..S,104250_7..S,7,1,1755624150,07 1722+ MST/34H,1755640642,1755640645,1115,0,0
1755624180_3..N01R,104300_3..N01R,3,0,1755624180,03 1723  NLT/148,1755642928,1755642934,1699,0,0
1755624210_1..N03R,104350_1..N03R,1,0,1755624210,01 1723+ SFT/242,1755642067,1755642070,1473,0,0
1755624210_5..N76R,104350_5..N76R,5,0,1755624210,05 1723+ FLA/238,1755644413,1755644419,2083,0,0
1755624210_5..N89R,104350_5..N89R,5,0,1755624210,05 1723+ BWG/DYR,1755642067,1755642070,1473,0,0
1755624270_GS.S04R,104450_GS.S04R,GS,1,1755624270,0S 1724+ TSS/GCS,1755638797,1755638800,535,0,0
1755624300_3..S01R,104500_3..S01R,3,1,1755624300,03 1725  148/NLT,1755643018,1755643024,1643,0,0
1755624300_4..N,104500_4..N,4,0,1755624300,04 1725  UTI/WDL,1755643210,1755643213,340,0,0
1755624300_4..N34R,104500_4..N34R,4,0,1755624300,04 1725  UTI/WDL,1755641908,1755641914,1352,0,0
1755624300_4..S06R,104500_4..S06R,4,1,1755624300,04 1725  WDL/UTI,1755642718,1755642724,1564,0,0
1755624300_6..S03R,104500_6..S03R,6,1,1755624300,06 1725  177/BBR,1755641965,1755641968,1366,0,0
1755624300_GS.N01R,104500_GS.N01R,GS,0,1755624300,0S 1725  GCS/TSS,1755638770,1755638774,528,0,0
1755624330_1..S03R,104550_1..S03R,1,1,1755624330,01 1725+ 242/SFT,1755642127,1755642130,1409,0,0
1755624330_6..N02R,104550_6..N02R,6X,0,1755624330,06 1725+ BBR/PEL,1755642520,1755642523,1507,0,0
1755624330_7..N,104550_7..N,7,0,1755624330,07 1725+ 34H/WPT,1755640784,1755640789,1098,0,0
1755624330_7..S,104550_7..S,7,1,1755624330,07 1725+ MST/34H,1755640870,1755640874,1121,0,0
1755624360_2..S01R,104600_2..S01R,2,1,1755624360,02 1726  241/FLA,1755644920,1755644923,2115,0,0
1755624450_1..N03R,104750_1..N03R,1,0,1755624450,01 1727+ SFT/242,1755642247,1755642250,1439,0,0
1755624450_5..N88R,104750_5..N88R,5,0,1755624450,05 1727+ FLA/DYR,1755644152,1755644155,1937,0,0
1755624450_5..S03R,104750_5..S03R,5,1,1755624450,05 1727+ DYR/FLA,1755644230,1755644233,1891,0,0
1755624450_7X..N,104750_7X..N,7X,0,1755624450,07 1727+ 34H/MST,1755641020,1755641024,1112,0,0
1755624480_GS.N04R,104800_GS.N04R,GS,0,1755624480,0S 1728  GCS/TSS,1755638969,1755638974,580,0,0
1755624480_GS.S01R,104800_GS.S01R,GS,1,1755624480,0S 1728  TSS/GCS,1755638969,1755638974,580,0,0
1755624510_7..S,104850_7..S,7,1,1755624510,07 1728+ MST/34H,1755641024,1755641029,1113,0,0
1755624540_6..N,104900_6..N,6,0,1755624540,/6 1729  BBR/177,1755642598,1755642604,574,0,0
1755624540_6..N03R,104900_6..N03R,6,0,1755624540,/6 1729  BBR/177,1755640124,1755640129,849,0,0
1755624540_6..S01R,104900_6..S01R,6,1,1755624540,06 1729  PEL/BBR,1755642613,1755642619,1536,0,0
1755624570_1..S03R,104950_1..S03R,1,1,1755624570,01 1729+ 242/SFT,1755642649,1755642652,1466,0,0
1755624570_2..N01R,104950_2..N01R,2,0,1755624570,02 1729+ FLA/241,1755645628,1755645634,2207,0,0
1755624570_3..N01R,104950_3..N01R,3,0,1755624570,03 1729+ NLT/148,1755643408,1755643414,1664,0,0
1755624570_7..N,104950_7..N,7,0,1755624570,07 1729+ 34H/MST,1755641512,1755641515,1227,0,0
1755624660_4..N,105100_4..N,4,0,1755624660,04 1731  UTI/WDL,1755643528,1755643534,348,0,0
1755624660_4..N34R,105100_4..N34R,4,0,1755624660,04 1731  UTI/WDL,1755642202,1755642205,1347,0,0
1755624660_GS.S04R,105100_GS.S04R,GS,1,1755624660,0S 1731  TSS/GCS,1755639157,1755639160,550,0,0
1755624690_1..N03R,105150_1..N03R,1,0,1755624690,01 1731+ SFT/242,1755642619,1755642622,1457,0,0
1755624690_7..S,105150_7..S,7,1,1755624690,07 1731+ MST/34H,1755641185,1755641189,1111,0,0
1755624690_7X..N,105150_7X..N,7X,0,1755624690,07 1731+ 34H/MST,1755641159,1755641164,1104,0,0
1755624690_GS.N01R,105150_GS.N01R,GS,0,1755624690,0S 1731+ GCS/TSS,1755639160,1755639164,551,0,0
1755624780_2..S01R,105300_2..S01R,2,1,1755624780,02 1733  241/FLA,1755645169,1755645175,2089,0,0
1755624780_4..S06R,105300_4..S06R,4,1,1755624780,04 1733  WDL/UTI,1755643243,1755643249,1620,0,0
1755624780_6..S03R,105300_6..S03R,6,1,1755624780,06 1733  177/BBR,1755642313,1755642319,1377,0,0
1755624810_1..S03R,105350_1..S03R,1,1,1755624810,01 1733+ 242/SFT,1755642748,1755642754,1491,0,0
1755624810_7..N,105350_7..N,7,0,1755624810,07 1733+ 34H/WPT,1755641332,1755641335,1109,0,0
1755624870_7..S,105450_7..S,7,1,1755624870,07 1734+ MST/34H,1755641324,1755641329,1097,0,0
1755624870_GS.S01R,105450_GS.S01R,GS,1,1755624870,0S 1734+ TSS/GCS,1755639355,1755639359,524,0,0
1755624900_GS.N04R,105500_GS.N04R,GS,0,1755624900,0S 1735  GCS/TSS,1755639382,1755639385,531,0,0
1755624930_1..N03R,105550_1..N03R,1,0,1755624930,01 1735+ SFT/242,1755642808,1755642814,1428,0,0
1755624930_7X..N,105550_7X..N,7X,0,1755624930,07 1735+ 34H/MST,1755641359,1755641362,1094,0,0
1755624960_3..N01R,105600_3..N01R,3,0,1755624960,03 1736  NLT/148,1755643732,1755643735,1669,0,0
1755624960_6..N02R,105600_6..N02R,6X,0,1755624960,06 1736  BBR/PEL,1755643249,1755643252,1541,0,0
1755624990_2..N01R,105650_2..N01R,2,0,1755624990,02 1736+ FLA/241,1755645778,1755645784,2167,0,0
1755624990_4..N,105650_4..N,4,0,1755624990,04 1736+ UTI/WDL,1755643648,1755643654,295,0,0
1755624990_4..N06R,105650_4..N06R,4,0,1755624990,04 1736+ UTI/WDL,1755642523,1755642529,1352,0,0
1755625020_3..S01R,105700_3..S01R,3,1,1755625020,03 1737  148/NLT,1755643480,1755643483,1602,0,0
1755625020_6..S01R,105700_6..S01R,6,1,1755625020,06 1737  PEL/BBR,1755643078,1755643084,1497,0,0
1755625050_1..S03R,105750_1..S03R,1,1,1755625050,01 1737+ 242/SFT,1755642868,1755642874,1443,0,0
1755625050_7..N,105750_7..N,7,0,1755625050,07 1737+ 34H/MST,1755641452,1755641455,1075,0,0
1755625050_7..S,105750_7..S,7,1,1755625050,07 1737+ MST/34H,1755641534,1755641539,1097,0,0
1755625080_GS.N01R,105800_GS.N01R,GS,0,1755625080,0S 1738  GCS/TSS,1755639580,1755639584,583,0,0
1755625080_GS.S04R,105800_GS.S04R,GS,1,1755625080,0S 1738  TSS/GCS,1755639565,1755639569,579,0,0
1755625140_5..N88R,105900_5..N88R,5,0,1755625140,05 1739  FLA/DYR,1755644530,1755644533,1868,0,0
1755625140_6..N02R,105900_6..N02R,6X,0,1755625140,06 1739  BBR/PEL,1755643468,1755643474,1113,0,0
1755625170_1..N03R,105950_1..N03R,1,0,1755625170,01 1739+ SFT/242,1755642958,1755642964,1387,0,0
1755625170_4..S06R,105950_4..S06R,4,1,1755625170,04 1739+ WDL/UTI,1755643609,1755643612,1557,0,0
1755625170_7X..N,105950_7X..N,7X,0,1755625170,07 1739+ 34H/MST,1755641800,1755641804,1147,0,0
1755625200_2..S01R,106000_2..S01R,2,1,1755625200,02 1740  241/FLA,1755645340,1755645343,1973,0,0
1755625200_5..S03R,106000_5..S03R,5,1,1755625200,05 1740  DYR/FLA,1755644602,1755644605,1804,0,0
1755625230_4..N,106050_4..N,4,0,1755625230,04 1740+ UTI/WDL,1755643990,1755643993,298,0,0
1755625230_4..N06R,106050_4..N06R,4,0,1755625230,04 1740+ UTI/WDL,1755642847,1755642850,1357,0,0
1755625230_7..S,106050_7..S,7,1,1755625230,07 1740+ MST/34H,1755641755,1755641759,1120,0,0
1755625260_GS.N04R,106100_GS.N04R,GS,0,1755625260,0S 1741  GCS/TSS,1755639730,1755639734,543,0,0
1755625260_GS.S01R,106100_GS.S01R,GS,1,1755625260,0S 1741  TSS/GCS,1755639775,1755639779,555,0,0
1755625290_1..S03R,106150_1..S03R,1,1,1755625290,01 1741+ 242/SFT,1755643030,1755643033,1405,0,0
1755625290_7..N,106150_7..N,7,0,1755625290,07 1741+ 34H/WPT,1755641848,1755641854,1124,0,0
1755625320_3..N01R,106200_3..N01R,3,0,1755625320,03 1742  NLT/148,1755644068,1755644074,1676,0,0
1755625350_2..N01R,106250_2..N01R,2,0,1755625350,02 1742+ FLA/241,1755646250,1755646255,2220,0,0
1755625350_6..S03R,106250_6..S03R,6,1,1755625350,06 1742+ 177/BBR,1755642937,1755642940,1381,0,0
1755625350_7..S,106250_7..S,7,1,1755625350,07 1742+ MST/34H,1755641899,1755641902,1119,0,0
1755625380_3..S01R,106300_3..S01R,3,1,1755625380,03 1743  148/NLT,1755643798,1755643804,1606,0,0
1755625380_4..S06R,106300_4..S06R,4,1,1755625380,04 1743  WDL/UTI,1755643795,1755643798,1605,0,0
1755625410_1..N03R,106350_1..N03R,1,0,1755625410,01 1743+ SFT/242,1755643390,1755643393,1498,0,0
1755625410_6..N03R,106350_6..N03R,6,0,1755625410,06 1743+ BBR/177,1755642967,1755642970,934,0,0
1755625440_6..S01R,106400_6..S01R,6,1,1755625440,06 1744  PEL/BBR,1755643609,1755643612,1556,0,0
1755625440_7X..N,106400_7X..N,7X,0,1755625440,07 1744 34H/MST,1755642040,1755642043,705,0,0
1755625440_GS.S04R,106400_GS.S04R,GS,1,1755625440,0S 1744  TSS/GCS,1755639959,1755639964,604,0,0
1755625470_5..N76R,106450_5..N76R,5,0,1755625470,05 1744+ FLA/238,1755645082,1755645085,1837,0,0
1755625470_7..S,106450_7..S,7,1,1755625470,07 1744+ MST/34H,1755642079,1755642082,1129,0,0
1755625470_GS.N01R,106450_GS.N01R,GS,0,1755625470,0S 1744+ GCS/TSS,1755639959,1755639964,525,0,0
1755625530_1..S03R,106550_1..S03R,1,1,1755625530,01 1745+ 242/SFT,1755643519,1755643522,1453,0,0
1755625560_6..N02R,106600_6..N02R,6X,0,1755625560,06 1746  BBR/PEL,1755643630,1755643633,1071,0,0
1755625590_7..N,106650_7..N,7,0,1755625590,07 1746+ 34H/WPT,1755642004,1755642007,695,0,0
1755625590_7..S,106650_7..S,7,1,1755625590,07 1746+ MST/34H,1755642259,1755642262,1127,0,0
1755625650_1..N03R,106750_1..N03R,1,0,1755625650,01 1747+ SFT/242,1755643489,1755643492,1444,0,0
1755625650_GS.N04R,106750_GS.N04R,GS,0,1755625650,0S 1747+ GCS/TSS,1755640129,1755640132,569,0,0
1755625650_GS.S01R,106750_GS.S01R,GS,1,1755625650,0S 1747+ TSS/GCS,1755640144,1755640147,573,0,0
1755625680_3..N01R,106800_3..N01R,3,0,1755625680,03 1748  NLT/148,1755644470,1755644473,1696,0,0
1755625680_6..N03R,106800_6..N03R,6,0,1755625680,E6 1748  BBR/177,1755643237,1755643240,909,0,0
1755625710_2..N01R,106850_2..N01R,2,0,1755625710,02 1748+ FLA/241,1755646528,1755646534,2214,0,0
1755625710_5..S03R,106850_5..S03R,5,1,1755625710,05 1748+ DYR/FLA,1755645562,1755645565,1850,0,0
1755625740_7..S,106900_7..S,7,1,1755625740,07 1749 MST/34H,1755642469,1755642475,1156,0,0
1755625770_1..S03R,106950_1..S03R,1,1,1755625770,01 1749+ 242/SFT,1755643618,1755643624,1400,0,0
1755625770_6..S03R,106950_6..S03R,6,1,1755625770,06 1749+ 177/BBR,1755643297,1755643300,1315,0,0
1755625770_7..N,106950_7..N,7,0,1755625770,07 1749+ 34H/WPT,1755642352,1755642355,1125,0,0
1755625800_6..N02R,107000_6..N02R,6X,0,1755625800,06 1750  BBR/PEL,1755643900,1755643903,1472,0,0
1755625830_GS.S04R,107050_GS.S04R,GS,1,1755625830,0S 1750+ TSS/GCS,1755640319,1755640324,540,0,0
1755625860_5..N88R,107100_5..N88R,5,0,1755625860,05 1751  FLA/DYR,1755644989,1755644995,1734,0,0
1755625860_6..S01R,107100_6..S01R,6,1,1755625860,06 1751  PEL/BBR,1755643945,1755643948,1484,0,0
1755625860_7..S,107100_7..S,7,1,1755625860,07 1751 MST/34H,1755642655,1755642658,1172,0,0
1755625860_GS.N01R,107100_GS.N01R,GS,0,1755625860,0S 1751  GCS/TSS,1755640369,1755640372,553,0,0
1755625890_1..N03R,107150_1..N03R,1,0,1755625890,01 1751+ SFT/242,1755643960,1755643963,1488,0,0
1755625890_4..N,107150_4..N,4,0,1755625890,E4 1751+ UTI/WDL,1755644452,1755644455,272,0,0
1755625890_4..N06R,107150_4..N06R,4,0,1755625890,E4 1751+ UTI/WDL,1755643399,1755643402,964,0,0
1755625890_7X..N,107150_7X..N,7X,0,1755625890,07 1751+ 34H/MST,1755642310,1755642313,1081,0,0
1755625920_4..S06R,107200_4..S06R,4,1,1755625920,04 1752  WDL/UTI,1755644155,1755644158,1538,0,0
1755625980_2..S01R,107300_2..S01R,2,1,1755625980,02 1753  241/FLA,1755646078,1755646084,2009,0,0
1755626010_1..S03R,107350_1..S03R,1,1,1755626010,01 1753+ 242/SFT,1755643780,1755643783,1441,0,0
1755626010_6..N03R,107350_6..N03R,6,0,1755626010,06 1753+ BBR/177,1755643672,1755643675,1412,0,0
1755626010_7..N,107350_7..N,7,0,1755626010,07 1753+ 34H/WPT,1755642583,1755642589,1120,0,0
1755626040_GS.N04R,107400_GS.N04R,GS,0,1755626040,0S 1754  GCS/TSS,1755640582,1755640585,609,0,0
1755626040_GS.S01R,107400_GS.S01R,GS,1,1755626040,0S 1754  TSS/GCS,1755640555,1755640559,602,0,0
1755626070_3..N01R,107450_3..N01R,3,0,1755626070,03 1754+ NLT/148,1755644842,1755644845,1617,0,0
1755626130_1..N03R,107550_1..N03R,1,0,1755626130,/1 1755+ SFT/242,1755644248,1755644254,1482,0,0
1755626130_6..S03R,107550_6..S03R,6,1,1755626130,06 1755+ 177/BBR,1755643759,1755643762,1354,0,0
1755626160_2..N01R,107600_2..N01R,2,0,1755626160,02 1756  FLA/241,1755646790,1755646795,2124,0,0
1755626190_3..S01R,107650_3..S01R,3,1,1755626190,03 1756+ 148/NLT,1755644932,1755644935,1104,0,0
1755626190_7X..N,107650_7X..N,7X,0,1755626190,07 1756+ 34H/MST,1755642643,1755642649,1072,0,0
1755626220_5..S03R,107700_5..S03R,5,1,1755626220,05 1757  DYR/FLA,1755645688,1755645694,1822,0,0
1755626220_6..N02R,107700_6..N02R,6X,0,1755626220,06 1757  BBR/PEL,1755644308,1755644314,1496,0,0
1755626220_7..S,107700_7..S,7,1,1755626220,07 1757 MST/34H,1755642844,1755642847,1124,0,0
1755626220_GS.S04R,107700_GS.S04R,GS,1,1755626220,0S 1757  TSS/GCS,1755640804,1755640807,588,0,0
1755626250_1..S03R,107750_1..S03R,1,1,1755626250,01 1757+ 242/SFT,1755644038,1755644044,1428,0,0
1755626250_GS.N01R,107750_GS.N01R,GS,0,1755626250,0S 1757+ GCS/TSS,1755640754,1755640759,575,0,0
1755626280_5..N88R,107800_5..N88R,5,0,1755626280,05 1758  FLA/DYR,1755645470,1755645475,1762,0,0
1755626280_6..S01R,107800_6..S01R,6,1,1755626280,06 1758  PEL/BBR,1755644359,1755644362,1509,0,0
1755626310_4..S06R,107850_4..S06R,4,1,1755626310,04 1758+ WDL/UTI,1755644575,1755644578,1558,0,0
1755626340_2..S01R,107900_2..S01R,2,1,1755626340,02 1759  241/FLA,1755646540,1755646543,2057,0,0
1755626340_7..S,107900_7..S,7,1,1755626340,07 1759 MST/34H,1755643000,1755643003,1126,0,0
1755626370_1..N03R,107950_1..N03R,1,0,1755626370,/1 1759+ SFT/242,1755644590,1755644593,1481,0,0
1755626370_7..N,107950_7..N,7,0,1755626370,07 1759+ 34H/MST,1755643018,1755643024,1131,0,0
1755626400_2..N01R,108000_2..N01R,2,0,1755626400,02 1800  FLA/241,1755647068,1755647074,2118,0,0
1755626430_6..N03R,108050_6..N03R,6,0,1755626430,06 1800+ BBR/177,1755643978,1755643984,1332,0,0
1755626430_GS.N04R,108050_GS.N04R,GS,0,1755626430,0S 1800+ GCS/TSS,1755640960,1755640964,548,0,0
1755626460_GS.S01R,108100_GS.S01R,GS,1,1755626460,0S 1801  TSS/GCS,1755640954,1755640957,546,0,0
1755626490_1..S03R,108150_1..S03R,1,1,1755626490,01 1801+ 242/SFT,1755644320,1755644323,1419,0,0
1755626520_3..S01R,108200_3..S01R,3,1,1755626520,03 1802  148/NLT,1755640597,1755640600,452,0,0
1755626550_4..N,108250_4..N,4,0,1755626550,04 1802+ UTI/WDL,1755645118,1755645124,362,0,0
1755626550_4..N06R,108250_4..N06R,4,0,1755626550,04 1802+ UTI/WDL,1755643630,1755643633,1241,0,0
1755626550_7..S,108250_7..S,7,1,1755626550,07 1802+ MST/34H,1755643183,1755643189,1120,0,0
1755626550_7X..N,108250_7X..N,7X,0,1755626550,07 1802+ 34H/MST,1755642988,1755642994,1070,0,0
1755626580_3..N01R,108300_3..N01R,3,0,1755626580,03 1803  NLT/148,1755645259,1755645265,1634,0,0
1755626580_4..S06R,108300_4..S06R,4,1,1755626580,04 1803  WDL/UTI,1755644878,1755644884,1544,0,0
1755626610_1..N03R,108350_1..N03R,1,0,1755626610,01 1803+ SFT/242,1755644710,1755644713,1507,0,0
1755626610_6..S03R,108350_6..S03R,6,1,1755626610,06 1803+ 177/BBR,1755644158,1755644164,1378,0,0
1755626640_6..N02R,108400_6..N02R,6X,0,1755626640,06 1804  BBR/PEL,1755644890,1755644893,1546,0,0
1755626640_GS.N01R,108400_GS.N01R,GS,0,1755626640,0S 1804  GCS/TSS,1755641149,1755641155,595,0,0
1755626640_GS.S04R,108400_GS.S04R,GS,1,1755626640,0S 1804  TSS/GCS,1755641125,1755641129,589,0,0
1755626700_2..N01R,108500_2..N01R,2,0,1755626700,02 1805  FLA/241,1755647300,1755647305,2102,0,0
1755626730_1..S03R,108550_1..S03R,1,1,1755626730,01 1805+ 242/SFT,1755644518,1755644524,1386,0,0
1755626730_7..N,108550_7..N,7,0,1755626730,07 1805+ 34H/MST,1755643465,1755643468,1159,0,0
1755626760_7..S,108600_7..S,7,1,1755626760,07 1806 MST/34H,1755643393,1755643399,1105,0,0
1755626820_6..S01R,108700_6..S01R,6,1,1755626820,06 1807  PEL/BBR,1755644932,1755644935,1478,0,0
1755626820_GS.N04R,108700_GS.N04R,GS,0,1755626820,0S 1807  GCS/TSS,1755641324,1755641329,560,0,0
1755626850_1..N03R,108750_1..N03R,1,0,1755626850,01 1807+ SFT/242,1755644998,1755645004,1494,0,0
1755626850_6..N02R,108750_6..N02R,6X,0,1755626850,06 1807+ BBR/PEL,1755645118,1755645124,1523,0,0
1755626850_GS.S01R,108750_GS.S01R,GS,1,1755626850,0S 1807+ TSS/GCS,1755641339,1755641344,564,0,0
1755626880_5..S03R,108800_5..S03R,5,1,1755626880,05 1808  DYR/FLA,1755646273,1755646279,1825,0,0
1755626910_2..S,108850_2..S,2,1,1755626910,/2 1808+ 241/FLA,1755647338,1755647344,836,1,0
1755626910_2..S01R,108850_2..S01R,2,1,1755626910,/2 1808+ 241/FLA,1755643813,1755643819,1209,0,0
1755626910_7X..N,108850_7X..N,7X,0,1755626910,07 1808+ 34H/MST,1755643240,1755643243,1033,0,0
1755626940_4..N,108900_4..N,4,0,1755626940,04 1809  UTI/WDL,1755645470,1755645475,290,0,0
1755626940_4..N06R,108900_4..N06R,4,0,1755626940,04 1809  UTI/WDL,1755644212,1755644215,1311,0,0
1755626940_4..S06R,108900_4..S06R,4,1,1755626940,04 1809  WDL/UTI,1755645235,1755645238,1548,0,0
1755626940_7..S,108900_7..S,7,1,1755626940,07 1809 MST/34H,1755643768,1755643774,1172,0,0
1755626970_1..S03R,108950_1..S03R,1,1,1755626970,01 1809+ 242/SFT,1755644779,1755644785,1363,0,0
1755627000_3..S01R,109000_3..S01R,3,1,1755627000,03 1810  148/NLT,1755645190,1755645193,1458,0,0
1755627030_GS.N01R,109050_GS.N01R,GS,0,1755627030,0S 1810+ GCS/TSS,1755641534,1755641539,536,0,0
1755627030_GS.S04R,109050_GS.S04R,GS,1,1755627030,0S 1810+ TSS/GCS,1755641512,1755641515,530,0,0
1755627060_5..N87R,109100_5..N87R,5,0,1755627060,05 1811  UTI/DYR,1755645988,1755645994,1664,0,0
1755627060_5..N88R,109100_5..N88R,5,0,1755627060,05 1811  FLA/DYR,1755646180,1755646183,1718,0,0
1755627060_6..N03R,109100_6..N03R,6,0,1755627060,06 1811  BBR/177,1755644563,1755644569,1315,0,0
1755627060_6..S,109100_6..S,6,1,1755627060,/6 1811  PEL/BBR,1755645268,1755645274,338,0,0
1755627060_6..S01R,109100_6..S01R,6,1,1755627060,/6 1811  PEL/BBR,1755643777,1755643780,1115,0,0
1755627060_7..S,109100_7..S,7,1,1755627060,07 1811 MST/34H,1755643849,1755643855,1166,0,0
1755627090_1..N03R,109150_1..N03R,1,0,1755627090,01 1811+ SFT/242,1755645208,1755645214,1461,0,0
1755627090_7..N,109150_7..N,7,0,1755627090,07 1811+ 34H/MST,1755643663,1755643669,1117,0,0
1755627180_2..N01R,109300_2..N01R,2,0,1755627180,02 1813  FLA/241,1755647548,1755647554,2089,0,0
1755627180_6..S03R,109300_6..S03R,6,1,1755627180,06 1813  177/BBR,1755644755,1755644758,1357,0,0
1755627210_1..S03R,109350_1..S03R,1,1,1755627210,01 1813+ 242/SFT,1755645130,1755645133,1445,0,0
1755627210_3..N01R,109350_3..N01R,3,0,1755627210,03 1813+ NLT/148,1755645830,1755645835,1620,0,0
1755627210_GS.N04R,109350_GS.N04R,GS,0,1755627210,0S 1813+ GCS/TSS,1755641704,1755641707,580,0,0
1755627240_GS.S01R,109400_GS.S01R,GS,1,1755627240,0S 1814  TSS/GCS,1755641725,1755641729,586,0,0
1755627270_7X..N,109450_7X..N,7X,0,1755627270,07 1814+ 34H/MST,1755643783,1755643789,1063,0,0
1755627300_6..N02R,109500_6..N02R,6X,0,1755627300,06 1815  BBR/PEL,1755645680,1755645685,1500,0,0
1755627300_7..S,109500_7..S,7,1,1755627300,07 1815 MST/34H,1755644023,1755644029,1125,0,0
1755627330_1..N03R,109550_1..N03R,1,0,1755627330,01 1815+ SFT/242,1755645319,1755645325,1409,0,0
1755627330_2..S01R,109550_2..S01R,2,1,1755627330,02 1815+ 241/FLA,1755647458,1755647464,1986,0,0
1755627390_5..S03R,109650_5..S03R,5,1,1755627390,05 1816+ DYR/FLA,1755646948,1755646954,1845,0,0
1755627420_4..S06R,109700_4..S06R,4,1,1755627420,04 1817  WDL/UTI,1755645793,1755645799,1529,0,0
1755627420_7..S,109700_7..S,7,1,1755627420,07 1817 MST/34H,1755644158,1755644164,1151,0,0
1755627420_GS.N01R,109700_GS.N01R,GS,0,1755627420,0S 1817  GCS/TSS,1755641908,1755641914,550,0,0
1755627420_GS.S04R,109700_GS.S04R,GS,1,1755627420,0S 1817  TSS/GCS,1755641893,1755641899,546,0,0
1755627450_1..S03R,109750_1..S03R,1,1,1755627450,01 1817+ 242/SFT,1755645238,1755645244,1389,0,0
1755627450_3..S01R,109750_3..S01R,3,1,1755627450,03 1817+ 148/NLT,1755645730,1755645733,1512,0,0
1755627450_7..N,109750_7..N,7,0,1755627450,07 1817+ 34H/MST,1755644173,1755644179,1154,0,0
1755627480_4..N,109800_4..N,4,0,1755627480,04 1818  UTI/WDL,1755645890,1755645895,265,0,0
1755627480_4..N06R,109800_4..N06R,4,0,1755627480,04 1818  UTI/WDL,1755644833,1755644839,1293,0,0
1755627480_5..N88R,109800_5..N88R,5,0,1755627480,05 1818  FLA/DYR,1755646918,1755646924,1837,0,0
1755627540_6..N03R,109900_6..N03R,6,0,1755627540,06 1819  BBR/177,1755645082,1755645085,1355,0,0
1755627540_7..S,109900_7..S,7,1,1755627540,07 1819 MST/34H,1755644359,1755644362,1165,0,0
1755627570_1..N03R,109950_1..N03R,1,0,1755627570,01 1819+ SFT/242,1755645580,1755645583,1393,0,0
1755627600_2..N01R,110000_2..N01R,2,0,1755627600,02 1820  FLA/241,1755647803,1755647806,1998,0,0
1755627600_3..N01R,110000_3..N01R,3,0,1755627600,03 1820  NLT/148,1755646258,1755646264,1582,0,0
1755627600_GS.N04R,110000_GS.N04R,GS,0,1755627600,0S 1820  GCS/TSS,1755642073,1755642079,515,0,0
1755627630_6..S01R,110050_6..S01R,6,1,1755627630,06 1820+ PEL/BBR,1755645820,1755645823,1457,0,0
1755627630_7X..N,110050_7X..N,7X,0,1755627630,07 1820+ 34H/MST,1755644050,1755644053,1063,0,0
1755627630_GS.S01R,110050_GS.S01R,GS,1,1755627630,0S 1820+ TSS/GCS,1755642124,1755642127,527,0,0
1755627690_1..S03R,110150_1..S03R,1,1,1755627690,01 1821+ 242/SFT,1755645508,1755645514,1371,0,0
1755627690_2..S01R,110150_2..S01R,2,1,1755627690,02 1821+ 241/FLA,1755647840,1755647845,2008,0,0
1755627750_4..S06R,110250_4..S06R,4,1,1755627750,04 1822+ WDL/UTI,1755646280,1755646285,1587,0,0
1755627780_6..N02R,110300_6..N02R,6X,0,1755627780,06 1823  BBR/PEL,1755646070,1755646075,1526,0,0
1755627780_7..S,110300_7..S,7,1,1755627780,07 1823 MST/34H,1755644503,1755644509,1126,0,0
1755627810_1..N03R,110350_1..N03R,1,0,1755627810,01 1823+ SFT/242,1755645770,1755645775,1443,0,0
1755627810_7..N,110350_7..N,7,0,1755627810,07 1823+ 34H/MST,1755644569,1755644575,1140,0,0
1755627810_GS.N01R,110350_GS.N01R,GS,0,1755627810,0S 1823+ GCS/TSS,1755642322,1755642325,578,0,0
1755627810_GS.S04R,110350_GS.S04R,GS,1,1755627810,0S 1823+ TSS/GCS,1755642283,1755642289,569,0,0
1755627840_2..N01R,110400_2..N01R,2,0,1755627840,02 1824  FLA/241,1755648088,1755648094,2077,0,0
1755627870_3..S01R,110450_3..S01R,3,1,1755627870,03 1824+ 148/NLT,1755646180,1755646183,1479,0,0
1755627900_6..S03R,110500_6..S03R,6,1,1755627900,06 1825  177/BBR,1755645433,1755645439,1271,0,0
1755627930_1..S03R,110550_1..S03R,1,1,1755627930,01 1825+ 242/SFT,1755645740,1755645745,1356,0,0
1755627930_7..S,110550_7..S,7,1,1755627930,07 1825+ MST/34H,1755644713,1755644719,1150,0,0
1755627990_7X..N,110650_7X..N,7X,0,1755627990,07 1826+ 34H/MST,1755644413,1755644419,1047,0,0
1755627990_GS.N04R,110650_GS.N04R,GS,0,1755627990,0S 1826+ GCS/TSS,1755642454,1755642457,533,0,0
1755628020_4..N,110700_4..N,4,0,1755628020,04 1827  UTI/WDL,1755646360,1755646363,300,0,0
1755628020_4..N06R,110700_4..N06R,4,0,1755628020,04 1827  UTI/WDL,1755645235,1755645238,1229,0,0
1755628020_6..N03R,110700_6..N03R,6,0,1755628020,06 1827  BBR/177,1755645493,1755645499,1287,0,0
1755628020_GS.S01R,110700_GS.S01R,GS,1,1755628020,0S 1827  TSS/GCS,1755642529,1755642532,552,0,0
1755628050_1..N03R,110750_1..N03R,1,0,1755628050,01 1827+ SFT/242,1755646010,1755646015,1430,0,0
1755628050_6..S01R,110750_6..S01R,6,1,1755628050,06 1827+ PEL/BBR,1755646130,1755646135,1464,0,0
1755628110_5..N88R,110850_5..N88R,5,0,1755628110,05 1828+ FLA/DYR,1755647353,1755647359,1796,0,0
1755628140_5..S03R,110900_5..S03R,5,1,1755628140,05 1829  DYR/FLA,1755647593,1755647599,1861,0,0
1755628170_1..S03R,110950_1..S03R,1,1,1755628170,01 1829+ 242/SFT,1755645950,1755645955,1336,0,0
1755628170_2..S01R,110950_2..S01R,2,1,1755628170,02 1829+ 241/FLA,1755648094,1755648095,1920,0,0
1755628170_3..N01R,110950_3..N01R,3,0,1755628170,03 1829+ NLT/148,1755646880,1755646885,1589,0,0
1755628170_7..N,110950_7..N,7,0,1755628170,07 1829+ 34H/MST,1755644758,1755644764,1097,0,0
1755628170_7..S,110950_7..S,7,1,1755628170,07 1829+ MST/34H,1755644863,1755644869,1119,0,0
1755628200_2..N01R,111000_2..N01R,2,0,1755628200,02 1830  FLA/241,1755648373,1755648379,1995,0,0
1755628200_GS.S04R,111000_GS.S04R,GS,1,1755628200,0S 1830  TSS/GCS,1755642682,1755642685,513,0,0
1755628230_GS.N01R,111050_GS.N01R,GS,0,1755628230,0S 1830+ GCS/TSS,1755642727,1755642730,525,0,0
1755628260_4..S06R,111100_4..S06R,4,1,1755628260,04 1831  WDL/UTI,1755646660,1755646663,1529,0,0
1755628260_6..N02R,111100_6..N02R,6X,0,1755628260,06 1831  BBR/PEL,1755646520,1755646525,1492,0,0
1755628290_1..N03R,111150_1..N03R,1,0,1755628290,01 1831+ SFT/242,1755646210,1755646213,1409,0,0
1755628290_3..S01R,111150_3..S01R,3,1,1755628290,03 1831+ 148/NLT,1755646768,1755646774,1558,0,0
1755628320_6..S,111200_6..S,6,1,1755628320,/6 1832  PEL/BBR,1755646405,1755646408,555,0,0
1755628320_6..S01R,111200_6..S01R,6,1,1755628320,/6 1832  PEL/BBR,1755644065,1755644068,875,0,0
1755628320_6..S03R,111200_6..S03R,6,1,1755628320,06 1832  177/BBR,1755645958,1755645964,1337,0,0
1755628350_7..S,111250_7..S,7,1,1755628350,07 1832+ MST/34H,1755645043,1755645049,1084,0,0
1755628350_7X..N,111250_7X..N,7X,0,1755628350,07 1832+ 34H/MST,1755644902,1755644905,1047,0,0
1755628380_4..N,111300_4..N,4,0,1755628380,04 1833  UTI/WDL,1755646828,1755646834,372,0,0
1755628380_4..N06R,111300_4..N06R,4,0,1755628380,04 1833  UTI/WDL,1755645470,1755645475,1202,0,0
1755628410_1..S03R,111350_1..S03R,1,1,1755628410,01 1833+ 242/SFT,1755646192,1755646195,1403,0,0
1755628440_6..N03R,111400_6..N03R,6,0,1755628440,06 1834  BBR/177,1755645875,1755645877,1314,0,0
1755628440_GS.N04R,111400_GS.N04R,GS,0,1755628440,0S 1834  GCS/TSS,1755642907,1755642910,573,0,0
1755628440_GS.S01R,111400_GS.S01R,GS,1,1755628440,0S 1834  TSS/GCS,1755642922,1755642925,577,0,0
1755628470_2..S01R,111450_2..S01R,2,1,1755628470,02 1834+ 241/FLA,1755648778,1755648784,2031,0,0
1755628530_1..N03R,111550_1..N03R,1,0,1755628530,01 1835+ SFT/242,1755646468,1755646474,1402,0,0
1755628530_7..N,111550_7..N,7,0,1755628530,07 1835+ 34H/MST,1755645283,1755645289,1115,0,0
1755628530_7..S,111550_7..S,7,1,1755628530,07 1835+ MST/34H,1755645205,1755645208,1095,0,0
1755628560_5..N88R,111600_5..N88R,5,0,1755628560,05 1836  FLA/DYR,1755647900,1755647905,1789,0,0
1755628560_5..S03R,111600_5..S03R,5,1,1755628560,05 1836  DYR/FLA,1755648511,1755648514,1956,0,0
1755628650_1..S03R,111750_1..S03R,1,1,1755628650,01 1837+ 242/SFT,1755646408,1755646414,1386,0,0
1755628650_3..N01R,111750_3..N01R,3,0,1755628650,03 1837+ NLT/148,1755647240,1755647245,1609,0,0
1755628650_GS.S04R,111750_GS.S04R,GS,1,1755628650,0S 1837+ TSS/GCS,1755643129,1755643132,553,0,0
1755628680_2..N01R,111800_2..N01R,2,0,1755628680,02 1838  FLA/241,1755648883,1755648889,2060,0,0
1755628680_4..S06R,111800_4..S06R,4,1,1755628680,04 1838  WDL/UTI,1755647120,1755647125,1541,0,0
1755628680_GS.N01R,111800_GS.N01R,GS,0,1755628680,0S 1838  GCS/TSS,1755643174,1755643177,564,0,0
1755628710_3..S01R,111850_3..S01R,3,1,1755628710,03 1838+ 148/NLT,1755647398,1755647404,1653,0,0
1755628710_6..N02R,111850_6..N02R,6X,0,1755628710,06 1838+ BBR/PEL,1755646708,1755646714,1465,0,0
1755628710_7X..N,111850_7X..N,7X,0,1755628710,07 1838+ 34H/MST,1755645139,1755645145,1045,0,0
1755628770_1..N03R,111950_1..N03R,1,0,1755628770,01 1839+ SFT/242,1755646768,1755646774,1405,0,0
1755628770_4..N,111950_4..N,4,0,1755628770,04 1839+ UTI/WDL,1755647233,1755647239,326,0,0
1755628770_4..N06R,111950_4..N06R,4,0,1755628770,04 1839+ UTI/WDL,1755646039,1755646040,1205,0,0
1755628770_7..S,111950_7..S,7,1,1755628770,07 1839+ MST/34H,1755645385,1755645388,1064,0,0
1755628800_6..S01R,112000_6..S01R,6,1,1755628800,06 1840  PEL/BBR,1755646873,1755646879,1419,0,0
1755628890_1..S03R,112150_1..S03R,1,1,1755628890,01 1841+ 242/SFT,1755646640,1755646645,1371,0,0
1755628890_GS.N04R,112150_GS.N04R,GS,0,1755628890,0S 1841+ GCS/TSS,1755643354,1755643357,535,0,0
1755628890_GS.S01R,112150_GS.S01R,GS,1,1755628890,0S 1841+ TSS/GCS,1755643345,1755643348,533,0,0
1755628950_6..N01R,112250_6..N01R,6,0,1755628950,06 1842+ BBR/PEL,1755647314,1755647315,1551,0,0
1755628950_7..N,112250_7..N,7,0,1755628950,07 1842+ 34H/MST,1755645470,1755645475,1041,0,0
1755628980_7..S,112300_7..S,7,1,1755628980,07 1843 MST/34H,1755645520,1755645523,1054,0,0
1755629010_1..N03R,112350_1..N03R,1,0,1755629010,01 1843+ SFT/242,1755647023,1755647029,1472,0,0
1755629010_2..S01R,112350_2..S01R,2,1,1755629010,02 1843+ 241/FLA,1755649093,1755649099,2033,0,0
1755629070_5..S03R,112450_5..S03R,5,1,1755629070,05 1844+ DYR/FLA,1755648628,1755648634,1833,0,0
1755629100_4..S06R,112500_4..S06R,4,1,1755629100,04 1845  WDL/UTI,1755647458,1755647464,1506,0,0
1755629100_5..N88R,112500_5..N88R,5,0,1755629100,05 1845  FLA/DYR,1755648268,1755648274,1734,0,0
1755629100_GS.S04R,112500_GS.S04R,GS,1,1755629100,0S 1845  TSS/GCS,1755643615,1755643618,526,0,0
1755629130_1..S03R,112550_1..S03R,1,1,1755629130,01 1845+ 242/SFT,1755646948,1755646954,1373,0,0
1755629130_3..N01R,112550_3..N01R,3,0,1755629130,03 1845+ NLT/148,1755647600,1755647605,1551,0,0
1755629130_7X..N,112550_7X..N,7X,0,1755629130,07 1845+ 34H/MST,1755645835,1755645838,1108,0,0
1755629130_GS.N01R,112550_GS.N01R,GS,0,1755629130,0S 1845+ GCS/TSS,1755643627,1755643630,528,0,0
1755629160_6..S03R,112600_6..S03R,6,1,1755629160,06 1846  177/BBR,1755646723,1755646729,1313,0,0
1755629190_6..N02R,112650_6..N02R,6X,0,1755629190,06 1846+ BBR/PEL,1755647113,1755647119,1417,0,0
1755629220_2..N01R,112700_2..N01R,2,0,1755629220,02 1847  FLA/241,1755649438,1755649444,2026,0,0
1755629250_1..N03R,112750_1..N03R,1,0,1755629250,01 1847+ SFT/242,1755647188,1755647194,1438,0,0
1755629250_6..S01R,112750_6..S01R,6,1,1755629250,06 1847+ PEL/BBR,1755647390,1755647395,1495,0,0
1755629250_7..S,112750_7..S,7,1,1755629250,07 1847+ MST/34H,1755645805,1755645808,953,0,0
1755629280_4..N,112800_4..N,4,0,1755629280,04 1848  UTI/WDL,1755648230,1755648235,469,0,0
1755629280_4..N06R,112800_4..N06R,4,0,1755629280,04 1848  UTI/WDL,1755646504,1755646505,1254,0,0
1755629310_7..N,112850_7..N,7,0,1755629310,07 1848+ 34H/MST,1755646145,1755646150,1149,0,0
1755629340_GS.S01R,112900_GS.S01R,GS,1,1755629340,0S 1849  TSS/GCS,1755643828,1755643834,581,0,0
1755629370_1..S03R,112950_1..S03R,1,1,1755629370,01 1849+ 242/SFT,1755647120,1755647125,1345,0,0
1755629370_GS.N04R,112950_GS.N04R,GS,0,1755629370,0S 1849+ GCS/TSS,1755643858,1755643864,514,0,0
1755629400_3..S01R,113000_3..S01R,3,1,1755629400,03 1850  148/NLT,1755648148,1755648154,1627,0,0
1755629400_4..S06R,113000_4..S06R,4,1,1755629400,04 1850  WDL/UTI,1755647755,1755647758,1517,0,0
1755629430_6..N03R,113050_6..N03R,6,0,1755629430,06 1850+ BBR/177,1755646828,1755646834,1266,0,0
1755629460_2..S01R,113100_2..S01R,2,1,1755629460,02 1851  241/FLA,1755649483,1755649489,1960,0,0
1755629490_1..N03R,113150_1..N03R,1,0,1755629490,01 1851+ SFT/242,1755647323,1755647329,1401,0,0
1755629490_4..N,113150_4..N,4,0,1755629490,04 1851+ UTI/BUR,1755647278,1755647284,93,0,0
1755629490_4..N43R,113150_4..N43R,4,0,1755629490,04 1851+ UTI/BUR,1755646795,1755646798,1257,0,0
1755629490_7X..N,113150_7X..N,7X,0,1755629490,07 1851+ 34H/MST,1755645965,1755645970,1053,0,0
1755629520_3..N01R,113200_3..N01R,3,0,1755629520,03 1852  NLT/148,1755648050,1755648055,1599,0,0
1755629520_5..S03R,113200_5..S03R,5,1,1755629520,05 1852  DYR/FLA,1755648958,1755648964,1848,0,0
1755629550_2..N01R,113250_2..N01R,2,0,1755629550,02 1852+ FLA/241,1755649759,1755649765,2021,0,0
1755629550_7..S,113250_7..S,7,1,1755629550,07 1852+ MST/34H,1755646045,1755646048,1064,0,0
1755629580_GS.S04R,113300_GS.S04R,GS,1,1755629580,0S 1853  TSS/GCS,1755644053,1755644059,564,0,0
1755629610_1..S03R,113350_1..S03R,1,1,1755629610,01 1853+ 242/SFT,1755647428,1755647434,1430,0,0
1755629610_6..N,113350_6..N,6X,0,1755629610,06 1853+ BBR/PEL,1755647690,1755647695,342,1,1
1755629610_6..N02R,113350_6..N02R,6X,0,1755629610,06 1853+ BBR/PEL,1755646400,1755646405,1152,0,0
1755629640_6..S03R,113400_6..S03R,6,1,1755629640,06 1854  177/BBR,1755647263,1755647269,1384,0,0
1755629670_7..N,113450_7..N,7,0,1755629670,07 1854+ 34H/MST,1755646370,1755646375,1124,0,0
1755629670_GS.N01R,113450_GS.N01R,GS,0,1755629670,0S 1854+ GCS/TSS,1755644158,1755644164,514,0,0
1755629700_2..S01R,113500_2..S01R,2,1,1755629700,02 1855  241/FLA,1755649738,1755649744,1926,0,0
1755629700_5..N88R,113500_5..N88R,5,0,1755629700,05 1855  FLA/DYR,1755643798,1755644104,30,0,0
1755629700_7..S,113500_7..S,7,1,1755629700,07 1855 MST/34H,1755646225,1755646228,1077,0,0
1755629730_1..N03R,113550_1..N03R,1,0,1755629730,01 1855+ SFT/242,1755647554,1755647555,1386,0,0
1755629730_5..N88R,113550_5..N88R,5,0,1755629730,05 1855+ FLA/DYR,1755648950,1755648955,1769,0,0
1755629730_6..S01R,113550_6..S01R,6,1,1755629730,06 1855+ PEL/BBR,1755647893,1755647899,1477,0,0
1755629760_4..S06R,113600_4..S06R,4,1,1755629760,04 1856  WDL/UTI,1755648175,1755648178,1556,0,0
1755629790_6..N01R,113650_6..N01R,6,0,1755629790,06 1856+ BBR/PEL,1755647960,1755647965,1497,0,0
1755629820_3..S01R,113700_3..S01R,3,1,1755629820,03 1857  148/NLT,1755648260,1755648265,1578,0,0
1755629850_7X..N,113750_7X..N,7X,0,1755629850,07 1857+ 34H/MST,1755646243,1755646249,1033,0,0
1755629880_GS.S01R,113800_GS.S01R,GS,1,1755629880,0S 1858  TSS/GCS,1755644377,1755644380,568,0,0
1755629910_4..N,113850_4..N,4,0,1755629910,04 1858+ UTI/WDL,1755648418,1755648424,353,0,0
1755629910_4..N06R,113850_4..N06R,4,0,1755629910,04 1858+ UTI/WDL,1755647125,1755647128,1267,0,0
1755629910_5..S03R,113850_5..S03R,5,1,1755629910,05 1858+ DYR/FLA,1755649333,1755649336,1850,0,0
1755629910_7..S,113850_7..S,7,1,1755629910,07 1858+ MST/34H,1755646430,1755646435,1066,0,0
1755629910_GS.N04R,113850_GS.N04R,GS,0,1755629910,0S 1858+ GCS/TSS,1755644383,1755644389,570,0,0
1755629970_1..N03R,113950_1..N03R,1,0,1755629970,01 1859+ SFT/242,1755647818,1755647824,1379,0,0
1755630000_2..N01R,114000_2..N01R,2,0,1755630000,02 1900  FLA/241,1755650281,1755650284,1978,0,0
1755630000_3..N01R,114000_3..N01R,3,0,1755630000,03 1900  NLT/148,1755648920,1755648925,1682,0,0
1755630030_6..N02R,114050_6..N02R,6X,0,1755630030,06 1900+ BBR/PEL,1755648253,1755648259,1497,0,0
1755630030_7..N,114050_7..N,7,0,1755630030,07 1900+ 34H/MST,1755646640,1755646645,1100,0,0
1755630060_7..S,114100_7..S,7,1,1755630060,07 1901 MST/34H,1755646645,1755646648,1067,0,0
1755630090_1..S03R,114150_1..S03R,1,1,1755630090,01 1901+ 242/SFT,1755647923,1755647929,1407,0,0
1755630120_4..S06R,114200_4..S06R,4,1,1755630120,04 1902  WDL/UTI,1755648553,1755648559,1579,0,0
1755630120_5..N71R,114200_5..N71R,5,0,1755630120,05 1902  FLA/DYR,1755649501,1755649504,1807,0,0
1755630120_GS.S04R,114200_GS.S04R,GS,1,1755630120,0S 1902  TSS/GCS,1755644584,1755644590,535,0,0
1755630180_6..S03R,114300_6..S03R,6,1,1755630180,06 1903  177/BBR,1755647524,1755647525,1298,0,0
1755630210_1..N03R,114350_1..N03R,1,0,1755630210,01 1903+ SFT/242,1755648133,1755648139,1465,0,0
1755630210_3..S01R,114350_3..S01R,3,1,1755630210,03 1903+ 148/NLT,1755648913,1755648919,1679,0,0
1755630210_7X..N,114350_7X..N,7X,0,1755630210,07 1903+ 34H/MST,1755646888,1755646894,1102,0,0
1755630210_GS.N01R,114350_GS.N01R,GS,0,1755630210,0S 1903+ GCS/TSS,1755644689,1755644695,559,0,0
1755630240_2..S01R,114400_2..S01R,2,1,1755630240,02 1904  241/FLA,1755650218,1755650224,1963,0,0
1755630240_6..N03R,114400_6..N03R,6,0,1755630240,06 1904  BBR/177,1755647660,1755647665,1335,0,0
1755630270_4..N,114450_4..N,4,0,1755630270,04 1904+ UTI/BUR,1755647833,1755647839,64,0,0
1755630270_4..N43R,114450_4..N43R,4,0,1755630270,04 1904+ UTI/BUR,1755647465,1755647470,1205,0,0
1755630270_7..S,114450_7..S,7,1,1755630270,07 1904+ MST/34H,1755646805,1755646810,1080,0,0
1755630300_6..S01R,114500_6..S01R,6,1,1755630300,06 1905  PEL/BBR,1755648571,1755648574,1506,0,0
1755630330_1..S03R,114550_1..S03R,1,1,1755630330,01 1905+ 242/SFT,1755648080,1755648085,1373,0,0
1755630390_7..N,114650_7..N,7,0,1755630390,07 1906+ 34H/MST,1755647137,1755647140,1105,0,0
1755630420_5..S03R,114700_5..S03R,5,1,1755630420,05 1907  DYR/FLA,1755650044,1755650050,1815,0,0
1755630420_7..S,114700_7..S,7,1,1755630420,07 1907 MST/34H,1755647053,1755647059,1082,0,0
1755630420_GS.S01R,114700_GS.S01R,GS,1,1755630420,0S 1907  TSS/GCS,1755644905,1755644908,527,0,0
1755630450_1..N03R,114750_1..N03R,1,0,1755630450,01 1907+ SFT/242,1755648380,1755648385,1452,0,0
1755630480_4..S06R,114800_4..S06R,4,1,1755630480,04 1908  WDL/UTI,1755649054,1755649060,1635,0,0
1755630480_6..N02R,114800_6..N02R,6X,0,1755630480,06 1908  BBR/PEL,1755648470,1755648475,1477,0,0
1755630480_6..S,114800_6..S,6,1,1755630480,/6 1908  PEL/BBR,1755648958,1755648964,301,1,0
1755630480_6..S01R,114800_6..S01R,6,1,1755630480,/6 1908  PEL/BBR,1755647653,1755647659,1254,0,0
1755630480_GS.N04R,114800_GS.N04R,GS,0,1755630480,0S 1908  GCS/TSS,1755644968,1755644974,544,0,0
1755630510_2..N01R,114850_2..N01R,2,0,1755630510,02 1908+ FLA/241,1755650878,1755650884,2030,0,0
1755630510_4..N,114850_4..N,4,0,1755630510,04 1908+ UTI/WDL,1755649078,1755649084,339,0,0
1755630510_4..N06R,114850_4..N06R,4,0,1755630510,04 1908+ UTI/WDL,1755647825,1755647830,1301,0,0
1755630570_7X..N,114950_7X..N,7X,0,1755630570,07 1909+ 34H/MST,1755646978,1755646984,1020,0,0
1755630600_1..S03R,115000_1..S03R,1,1,1755630600,01 1910  242/SFT,1755648313,1755648319,1357,0,0
1755630630_5..N71R,115050_5..N71R,5,0,1755630630,05 1910+ FLA/DYR,1755650038,1755650044,1767,0,0
1755630630_7..S,115050_7..S,7,1,1755630630,07 1910+ MST/34H,1755647203,1755647209,1081,0,0
1755630690_1..N03R,115150_1..N03R,1,0,1755630690,01 1911+ SFT/242,1755648613,1755648619,1439,0,0
1755630690_2..S01R,115150_2..S01R,2,1,1755630690,02 1911+ 241/FLA,1755650563,1755650566,1877,0,0
1755630690_3..N01R,115150_3..N01R,3,0,1755630690,03 1911+ NLT/148,1755649228,1755649234,1381,0,0
1755630690_3..S01R,115150_3..S01R,3,1,1755630690,03 1911+ 148/NLT,1755649048,1755649054,1556,0,0
1755630690_GS.S04R,115150_GS.S04R,GS,1,1755630690,0S 1911+ TSS/GCS,1755645163,1755645169,511,0,0
1755630720_6..N01R,115200_6..N01R,6,0,1755630720,06 1912  BBR/PEL,1755648883,1755648889,1514,0,0
1755630720_6..S03R,115200_6..S03R,6,1,1755630720,06 1912  177/BBR,1755648425,1755648430,1386,0,0
1755630750_7..N,115250_7..N,7,0,1755630750,07 1912+ 34H/MST,1755647539,1755647540,1157,0,0
1755630750_GS.N01R,115250_GS.N01R,GS,0,1755630750,0S 1912+ GCS/TSS,1755645268,1755645274,535,0,0
1755630780_4..S06R,115300_4..S06R,4,1,1755630780,04 1913  WDL/UTI,1755649300,1755649303,1607,0,0
1755630780_7..S,115300_7..S,7,1,1755630780,07 1913 MST/34H,1755647375,1755647377,1079,0,0
1755630810_2..N01R,115350_2..N01R,2,0,1755630810,02 1913+ FLA/241,1755651031,1755651034,1986,0,0
1755630900_1..S03R,115500_1..S03R,1,1,1755630900,01 1915  242/SFT,1755648802,1755648805,1415,0,0
1755630930_1..N03R,115550_1..N03R,1,0,1755630930,01 1915+ SFT/242,1755648890,1755648895,1439,0,0
1755630930_7X..N,115550_7X..N,7X,0,1755630930,07 1915+ 34H/MST,1755647338,1755647344,1054,0,0
1755630960_6..N03R,115600_6..N03R,6,0,1755630960,06 1916  BBR/177,1755648350,1755648355,1289,0,0
1755630960_GS.S01R,115600_GS.S01R,GS,1,1755630960,0S 1916  TSS/GCS,1755645440,1755645445,495,0,0
1755630990_7..S,115650_7..S,7,1,1755630990,07 1916+ MST/34H,1755647593,1755647599,1083,0,0
1755631050_GS.N04R,115750_GS.N04R,GS,0,1755631050,0S 1917+ GCS/TSS,1755645520,1755645523,516,0,0
1755631080_5..N71R,115800_5..N71R,5,0,1755631080,05 1918  FLA/DYR,1755650449,1755650455,1780,0,0
1755631080_6..S,115800_6..S,6,1,1755631080,/6 1918  PEL/BBR,1755649474,1755649480,580,0,0
1755631080_6..S01R,115800_6..S01R,6,1,1755631080,/6 1918  PEL/BBR,1755646975,1755646978,913,0,0
1755631110_4..N,115850_4..N,4,0,1755631110,04 1918+ UTI/WDL,1755649399,1755649405,278,0,0
1755631110_4..N06R,115850_4..N06R,4,0,1755631110,04 1918+ UTI/WDL,1755648295,1755648298,1273,0,0
1755631110_5..S,115850_5..S,5,1,1755631110,05 1918+ DYR/UTI,1755650125,1755650128,7,0,0
1755631110_5..S07R,115850_5..S07R,5,1,1755631110,05 1918+ DYR/UTI,1755650020,1755650023,1673,0,0
1755631110_7..N,115850_7..N,7,0,1755631110,07 1918+ 34H/MST,1755647947,1755647950,1161,0,0
1755631140_7..S,115900_7..S,7,1,1755631140,07 1919 MST/34H,1755647668,1755647674,1084,0,0
1755631170_1..N03R,115950_1..N03R,1,0,1755631170,01 1919+ SFT/242,1755649138,1755649144,1418,0,0
1755631170_2..S01R,115950_2..S01R,2,1,1755631170,02 1919+ 241/FLA,1755651133,1755651139,1854,0,0
1755631200_1..S03R,116000_1..S03R,1,1,1755631200,01 1920  242/SFT,1755648913,1755648919,1365,0,0
1755631200_2..N01R,116000_2..N01R,2,0,1755631200,02 1920  FLA/241,1755651323,1755651329,1892,0,0
1755631200_4..S06R,116000_4..S06R,4,1,1755631200,04 1920  WDL/UTI,1755649690,1755649693,1536,0,0
1755631200_6..N02R,116000_6..N02R,6X,0,1755631200,06 1920  BBR/PEL,1755649171,1755649174,1424,0,0
1755631230_3..S01R,116050_3..S01R,3,1,1755631230,03 1920+ 148/NLT,1755649531,1755649534,1500,0,0
1755631260_GS.S04R,116100_GS.S04R,GS,1,1755631260,0S 1921  TSS/GCS,1755645740,1755645745,497,0,0
1755631290_7X..N,116150_7X..N,7X,0,1755631290,07 1921+ 34H/MST,1755647743,1755647749,1052,0,0
1755631320_GS.N01R,116200_GS.N01R,GS,0,1755631320,0S 1922  GCS/TSS,1755645800,1755645805,513,0,0
1755631380_1..N03R,116300_1..N03R,1,0,1755631380,01 1923  SFT/242,1755649381,1755649384,1468,0,0
1755631380_3..N01R,116300_3..N01R,3,0,1755631380,03 1923  NLT/148,1755649591,1755649594,1513,0,0
1755631380_7..S,116300_7..S,7,1,1755631380,07 1923 MST/34H,1755647893,1755647899,1065,0,0
1755631410_4..N,116350_4..N,4,0,1755631410,04 1923+ UTI/WDL,1755650083,1755650089,253,0,0
1755631410_4..N06R,116350_4..N06R,4,0,1755631410,04 1923+ UTI/WDL,1755648913,1755648919,1365,0,0
1755631440_1..S03R,116400_1..S03R,1,1,1755631440,01 1924  242/SFT,1755649153,1755649159,1420,0,0
1755631440_6..N01R,116400_6..N01R,6,0,1755631440,06 1924  BBR/PEL,1755649489,1755649495,1490,0,0
1755631470_6..S,116450_6..S,6,1,1755631470,/6 1924+ PEL/BBR,1755649798,1755649804,421,0,0
1755631470_6..S01R,116450_6..S01R,6,1,1755631470,/6 1924+ PEL/BBR,1755647920,1755647923,1014,0,0
1755631470_7..N,116450_7..N,7,0,1755631470,07 1924+ 34H/MST,1755648088,1755648094,1120,0,0
1755631530_GS.S01R,116550_GS.S01R,GS,1,1755631530,0S 1925+ TSS/GCS,1755646000,1755646003,492,0,0
1755631560_4..S06R,116600_4..S06R,4,1,1755631560,04 1926  WDL/UTI,1755650014,1755650020,1526,0,0
1755631590_1..N03R,116650_1..N03R,1,0,1755631590,01 1926+ SFT/242,1755649549,1755649555,1427,0,0
1755631590_2..S01R,116650_2..S01R,2,1,1755631590,02 1926+ 241/FLA,1755651491,1755651494,1856,0,0
1755631620_3..S01R,116700_3..S01R,3,1,1755631620,03 1927  148/NLT,1755649933,1755649939,1509,0,0
1755631620_5..N71R,116700_5..N71R,5,0,1755631620,05 1927  FLA/DYR,1755651079,1755651085,1764,0,0
1755631620_6..S,116700_6..S,6,1,1755631620,/6 1927  177/BBR,1755649225,1755649228,656,2,0
1755631620_6..S03R,116700_6..S03R,6,1,1755631620,/6 1927  177/BBR,1755646513,1755646519,633,0,0
1755631620_7..S,116700_7..S,7,1,1755631620,07 1927 MST/34H,1755648125,1755648130,1064,0,0
1755631620_GS.N04R,116700_GS.N04R,GS,0,1755631620,0S 1927  GCS/TSS,1755646114,1755646115,523,0,0
1755631650_5..S,116750_5..S,5,1,1755631650,05 1927+ DYR/UTI,1755650590,1755650593,11,0,0
1755631650_5..S07R,116750_5..S07R,5,1,1755631650,05 1927+ DYR/UTI,1755650275,1755650278,1583,0,0
1755631680_1..S03R,116800_1..S03R,1,1,1755631680,01 1928  242/SFT,1755649459,1755649465,1406,0,0
1755631680_6..N02R,116800_6..N02R,6X,0,1755631680,06 1928  BBR/PEL,1755649753,1755649759,1471,0,0
1755631710_7X..N,116850_7X..N,7X,0,1755631710,07 1928+ 34H/MST,1755648229,1755648230,934,0,0
1755631740_2..N01R,116900_2..N01R,2,0,1755631740,02 1929  FLA/241,1755651923,1755651929,1954,0,0
1755631770_4..N,116950_4..N,4,0,1755631770,04 1929+ UTI/WDL,1755650218,1755650224,240,0,0
1755631770_4..N06R,116950_4..N06R,4,0,1755631770,04 1929+ UTI/WDL,1755649099,1755649105,1256,0,0
1755631830_1..N03R,117050_1..N03R,1,0,1755631830,01 1930+ SFT/242,1755649759,1755649765,1397,0,0
1755631830_GS.S04R,117050_GS.S04R,GS,1,1755631830,0S 1930+ TSS/GCS,1755646303,1755646309,502,0,0
1755631860_7..S,117100_7..S,7,1,1755631860,07 1931 MST/34H,1755648350,1755648355,1089,0,0
1755631890_6..S01R,117150_6..S01R,6,1,1755631890,06 1931+ PEL/BBR,1755650038,1755650044,1456,0,0
1755631920_4..S06R,117200_4..S06R,4,1,1755631920,04 1932  WDL/UTI,1755650224,1755650230,1497,0,0
1755631920_6..N01R,117200_6..N01R,6,0,1755631920,06 1932  BBR/PEL,1755650059,1755650065,1460,0,0
1755631950_1..S,117250_1..S,1,1,1755631950,/1 1932+ 242/SFT,1755649723,1755649729,246,1,0
1755631950_1..S03R,117250_1..S03R,1,1,1755631950,/1 1932+ 242/SFT,1755648440,1755648445,1079,0,0
1755631950_7..N,117250_7..N,7,0,1755631950,07 1932+ 34H/MST,1755648643,1755648649,1048,0,0
1755631950_GS.N01R,117250_GS.N01R,GS,0,1755631950,0S 1932+ GCS/TSS,1755646420,1755646423,532,0,0
1755632010_2..N01R,117350_2..N01R,2,0,1755632010,02 1933+ FLA/241,1755652331,1755652334,1977,0,0
1755632010_2..S,117350_2..S,2,1,1755632010,/2 1933+ 241/FLA,1755652691,1755652694,128,0,0
1755632010_2..S01R,117350_2..S01R,2,1,1755632010,/2 1933+ 241/FLA,1755652124,1755652130,1895,0,0
1755632040_3..N01R,117400_3..N01R,3,0,1755632040,03 1934  NLT/148,1755650479,1755650485,1553,0,0
1755632040_4..N,117400_4..N,4,0,1755632040,04 1934  UTI/WDL,1755650713,1755650719,254,0,0
1755632040_4..N06R,117400_4..N06R,4,0,1755632040,04 1934  UTI/WDL,1755649549,1755649555,1350,0,0
1755632070_1..N03R,117450_1..N03R,1,0,1755632070,01 1934+ SFT/242,1755650089,1755650095,1396,0,0
1755632100_7..S,117500_7..S,7,1,1755632100,07 1935 MST/34H,1755648605,1755648610,1096,0,0
1755632130_6..S01R,117550_6..S01R,6,1,1755632130,06 1935+ PEL/BBR,1755650170,1755650173,1414,0,0
1755632160_5..N71R,117600_5..N71R,5,0,1755632160,05 1936  FLA/DYR,1755651899,1755651905,1802,0,0
1755632160_6..N01R,117600_6..N01R,6,0,1755632160,06 1936  BBR/PEL,1755650341,1755650344,1453,0,0
1755632160_GS.S01R,117600_GS.S01R,GS,1,1755632160,0S 1936  TSS/GCS,1755646648,1755646654,523,0,0
1755632190_7..N,117650_7..N,7,0,1755632190,07 1936+ 34H/MST,1755648943,1755648949,1169,0,0
1755632220_1..S03R,117700_1..S03R,1,1,1755632220,01 1937  242/SFT,1755650044,1755650050,1386,0,0
1755632220_4..S06R,117700_4..S06R,4,1,1755632220,04 1937  WDL/UTI,1755650569,1755650575,1503,0,0
1755632280_GS.N04R,117800_GS.N04R,GS,0,1755632280,0S 1938  GCS/TSS,1755646760,1755646765,553,0,0
1755632310_1..N03R,117850_1..N03R,1,0,1755632310,01 1938+ SFT/242,1755650359,1755650365,1457,0,0
1755632310_3..S01R,117850_3..S01R,3,1,1755632310,03 1938+ 148/NLT,1755650563,1755650566,1058,0,0
1755632340_7..S,117900_7..S,7,1,1755632340,07 1939 MST/34H,1755648905,1755648910,1126,0,0
1755632370_6..S01R,117950_6..S01R,6,1,1755632370,06 1939+ PEL/BBR,1755650353,1755650359,1391,0,0
1755632370_7X..N,117950_7X..N,7X,0,1755632370,07 1939+ 34H/MST,1755648814,1755648815,1096,0,0
1755632400_6..N02R,118000_6..N02R,6X,0,1755632400,06 1940  BBR/PEL,1755650449,1755650455,1412,0,0
1755632430_2..S,118050_2..S,2,1,1755632430,/2 1940+ 241/FLA,1755653021,1755653024,221,0,0
1755632430_2..S01R,118050_2..S01R,2,1,1755632430,/2 1940+ 241/FLA,1755651974,1755651980,1755,0,0
1755632430_3..N01R,118050_3..N01R,3,0,1755632430,03 1940+ NLT/148,1755651073,1755651076,1550,0,0
1755632430_5..S,118050_5..S,5,1,1755632430,05 1940+ DYR/UTI,1755651401,1755651404,8,0,0
1755632430_5..S07R,118050_5..S07R,5,1,1755632430,05 1940+ DYR/UTI,1755651284,1755651290,1593,0,0
1755632490_1..S03R,118150_1..S03R,1,1,1755632490,01 1941+ 242/SFT,1755650209,1755650215,1358,0,0
1755632490_GS.S04R,118150_GS.S04R,GS,1,1755632490,0S 1941+ TSS/GCS,1755646990,1755646993,548,0,0
1755632520_2..N01R,118200_2..N01R,2,0,1755632520,02 1942  FLA/241,1755652613,1755652619,1914,0,0
1755632520_4..N,118200_4..N,4,0,1755632520,04 1942  UTI/WDL,1755651109,1755651115,283,0,0
1755632520_4..N06R,118200_4..N06R,4,0,1755632520,04 1942  UTI/WDL,1755649828,1755649834,1275,0,0
1755632550_1..N03R,118250_1..N03R,1,0,1755632550,01 1942+ SFT/242,1755650548,1755650554,1432,0,0
1755632550_3..S01R,118250_3..S01R,3,1,1755632550,03 1942+ 148/NLT,1755646345,1755646348,376,0,0
1755632550_7..N,118250_7..N,7,0,1755632550,07 1942+ 34H/MST,1755649159,1755649165,1139,0,0
1755632580_7..S,118300_7..S,7,1,1755632580,07 1943 MST/34H,1755649108,1755649114,1120,0,0
1755632580_GS.N01R,118300_GS.N01R,GS,0,1755632580,0S 1943  GCS/TSS,1755647090,1755647095,575,0,0
1755632640_4..S06R,118400_4..S06R,4,1,1755632640,04 1944  WDL/UTI,1755650899,1755650905,1511,0,0
1755632670_6..N01R,118450_6..N01R,6,0,1755632670,06 1944+ BBR/PEL,1755650773,1755650776,1410,0,0
1755632670_7X..N,118450_7X..N,7X,0,1755632670,07 1944+ 34H/MST,1755649339,1755649345,1139,0,0
1755632700_6..S01R,118500_6..S01R,6,1,1755632700,06 1945  PEL/BBR,1755650839,1755650845,1426,0,0
1755632730_5..N71R,118550_5..N71R,5,0,1755632730,05 1945+ FLA/DYR,1755652043,1755652049,1701,0,0
1755632760_1..S03R,118600_1..S03R,1,1,1755632760,01 1946  242/SFT,1755650518,1755650524,1356,0,0
1755632790_1..N03R,118650_1..N03R,1,0,1755632790,01 1946+ SFT/242,1755650839,1755650845,1425,0,0
1755632790_GS.N04R,118650_GS.N04R,GS,0,1755632790,0S 1946+ GCS/TSS,1755647255,1755647260,550,0,0
1755632790_GS.S01R,118650_GS.S01R,GS,1,1755632790,0S 1946+ TSS/GCS,1755647248,1755647254,548,0,0
1755632820_5..S08R,118700_5..S08R,5,1,1755632820,05 1947  DYR/BWG,1755650839,1755650845,1425,0,0
1755632820_7..S,118700_7..S,7,1,1755632820,07 1947 MST/34H,1755649324,1755649330,1106,0,0
1755632850_2..S01R,118750_2..S01R,2,1,1755632850,02 1947+ 241/FLA,1755653453,1755653456,2053,0,0
1755632910_7..N,118850_7..N,7,0,1755632910,07 1948+ 34H/MST,1755649639,1755649645,1162,0,0
1755632940_2..N01R,118900_2..N01R,2,0,1755632940,02 1949  FLA/241,1755653111,1755653114,1968,0,0
1755632940_6..N02R,118900_6..N02R,6X,0,1755632940,06 1949  BBR/PEL,1755651109,1755651115,1487,0,0
1755632970_3..N01R,118950_3..N01R,3,0,1755632970,03 1949+ NLT/148,1755651443,1755651446,1492,0,0
1755632970_3..S01R,118950_3..S01R,3,1,1755632970,03 1949+ 148/NLT,1755651323,1755651329,1375,0,0
1755633000_GS.N01R,119000_GS.N01R,GS,0,1755633000,0S 1950  GCS/TSS,1755647503,1755647509,550,0,0
1755633000_GS.S04R,119000_GS.S04R,GS,1,1755633000,0S 1950  TSS/GCS,1755647485,1755647488,545,0,0
1755633030_1..S03R,119050_1..S03R,1,1,1755633030,01 1950+ 242/SFT,1755650719,1755650725,1330,0,0
1755633060_4..N,119100_4..N,4,0,1755633060,04 1951  UTI/WDL,1755651449,1755651455,257,0,0
1755633060_4..N06R,119100_4..N06R,4,0,1755633060,04 1951  UTI/WDL,1755650293,1755650299,1236,0,0
1755633060_6..S01R,119100_6..S01R,6,1,1755633060,06 1951  PEL/BBR,1755651238,1755651244,1445,0,0
1755633060_7..S,119100_7..S,7,1,1755633060,07 1951 MST/34H,1755649573,1755649579,1106,0,0
1755633120_1..N03R,119200_1..N03R,1,0,1755633120,01 1952  SFT/242,1755650959,1755650965,1532,0,0
1755633150_4..S06R,119250_4..S06R,4,1,1755633150,04 1952+ WDL/UTI,1755651599,1755651605,1528,0,0
1755633150_7X..N,119250_7X..N,7X,0,1755633150,07 1952+ 34H/MST,1755649438,1755649444,1057,0,0
1755633210_2..S01R,119350_2..S01R,2,1,1755633210,02 1953+ 241/FLA,1755653591,1755653594,2019,0,0
1755633210_6..N03R,119350_6..N03R,6,0,1755633210,06 1953+ BBR/177,1755650695,1755650698,1322,0,0
1755633210_GS.S01R,119350_GS.S01R,GS,1,1755633210,0S 1953+ TSS/GCS,1755647668,1755647674,593,0,0
1755633240_GS.N04R,119400_GS.N04R,GS,0,1755633240,0S 1954  GCS/TSS,1755647710,1755647713,603,0,0
1755633300_5..N71R,119500_5..N71R,5,0,1755633300,05 1955  FLA/DYR,1755652691,1755652694,1711,0,0
1755633300_7..S,119500_7..S,7,1,1755633300,07 1955 MST/34H,1755649939,1755649945,1074,0,0
1755633330_1..S03R,119550_1..S03R,1,1,1755633330,01 1955+ 242/SFT,1755651019,1755651025,1315,0,0
1755633330_6..S01R,119550_6..S01R,6,1,1755633330,06 1955+ PEL/BBR,1755651404,1755651410,1400,0,0
1755633390_3..S01R,119650_3..S01R,3,1,1755633390,03 1956+ 148/NLT,1755651638,1755651644,1454,0,0
1755633390_4..N,119650_4..N,4,0,1755633390,04 1956+ UTI/WDL,1755651749,1755651755,247,0,0
1755633390_4..N06R,119650_4..N06R,4,0,1755633390,04 1956+ UTI/WDL,1755650638,1755650644,1230,0,0
1755633390_7..N,119650_7..N,7,0,1755633390,07 1956+ 34H/MST,1755649999,1755650005,1087,0,0
1755633450_1..N03R,119750_1..N03R,1,0,1755633450,01 1957+ SFT/242,1755651704,1755651710,1697,0,0
1755633450_2..N01R,119750_2..N01R,2,0,1755633450,02 1957+ FLA/241,1755653531,1755653534,1922,0,0
1755633450_7..S,119750_7..S,7,1,1755633450,07 1957+ MST/34H,1755650245,1755650248,1140,0,0
1755633450_GS.S04R,119750_GS.S04R,GS,1,1755633450,0S 1957+ TSS/GCS,1755647935,1755647938,584,0,0
1755633480_6..N02R,119800_6..N02R,6X,0,1755633480,06 1958  BBR/PEL,1755651275,1755651278,1368,0,0
1755633480_GS.N01R,119800_GS.N01R,GS,0,1755633480,0S 1958  GCS/TSS,1755647990,1755647995,599,0,0
1755633570_1..S03R,119950_1..S03R,1,1,1755633570,01 1959+ 242/SFT,1755651275,1755651278,1286,0,0
1755633570_4..S06R,119950_4..S06R,4,1,1755633570,04 1959+ WDL/UTI,1755651944,1755651950,1442,0,0
1755633600_3..N01R,120000_3..N01R,3,0,1755633600,03 2000  NLT/148,1755651929,1755651935,1438,0,0
1755633630_6..S01R,120050_6..S01R,6,1,1755633630,06 2000+ PEL/BBR,1755651620,1755651623,1366,0,0
1755633630_7X..N,120050_7X..N,7X,0,1755633630,07 2000+ 34H/MST,1755650080,1755650083,1057,0,0
1755633660_2..N01R,120100_2..N01R,2,0,1755633660,02 2001  FLA/241,1755653873,1755653876,1917,0,0
1755633660_4..N,120100_4..N,4,0,1755633660,04 2001  UTI/WDL,1755652091,1755652094,266,0,0
1755633660_4..N06R,120100_4..N06R,4,0,1755633660,04 2001  UTI/WDL,1755650923,1755650929,1210,0,0
1755633660_5..S08R,120100_5..S08R,5,1,1755633660,05 2001  DYR/BWG,1755651698,1755651704,1382,0,0
1755633690_GS.S01R,120150_GS.S01R,GS,1,1755633690,0S 2001+ TSS/GCS,1755648163,1755648169,563,0,0
1755633720_GS.N04R,120200_GS.N04R,GS,0,1755633720,0S 2002  GCS/TSS,1755648190,1755648193,570,0,0
1755633750_1..N03R,120250_1..N03R,1,0,1755633750,01 2002+ SFT/242,1755651821,1755651824,1412,0,0
1755633750_6..N01R,120250_6..N01R,6,0,1755633750,06 2002+ BBR/PEL,1755651809,1755651815,1408,0,0
1755633750_7..S,120250_7..S,7,1,1755633750,07 2002+ MST/34H,1755650524,1755650530,1107,0,0
1755633780_2..S01R,120300_2..S01R,2,1,1755633780,02 2003  241/FLA,1755653951,1755653954,1947,0,0
1755633780_5..N71R,120300_5..N71R,5,0,1755633780,05 2003  FLA/DYR,1755653429,1755653435,1811,0,0
1755633840_1..S03R,120400_1..S03R,1,1,1755633840,01 2004  242/SFT,1755651704,1755651710,1382,0,0
1755633870_7..N,120450_7..N,7,0,1755633870,07 2004+ 34H/MST,1755650374,1755650380,1050,0,0
1755633930_3..N56R,120550_3..N56R,3,0,1755633930,03 2005+ NLT/135,1755652049,1755652055,1383,0,0
1755633930_6..S01R,120550_6..S01R,6,1,1755633930,06 2005+ PEL/BBR,1755651920,1755651923,1352,0,0
1755633930_GS.S04R,120550_GS.S04R,GS,1,1755633930,0S 2005+ TSS/GCS,1755648425,1755648430,550,0,0
1755633960_GS.N01R,120600_GS.N01R,GS,0,1755633960,0S 2006  GCS/TSS,1755648455,1755648460,558,0,0
1755633990_1..N03R,120650_1..N03R,1,0,1755633990,01 2006+ SFT/242,1755651953,1755651956,1359,0,0
1755633990_4..S06R,120650_4..S06R,4,1,1755633990,04 2006+ WDL/UTI,1755652334,1755652340,1453,0,0
1755633990_7..S,120650_7..S,7,1,1755633990,07 2006+ MST/34H,1755650788,1755650791,1103,0,0
1755634020_6..N02R,120700_6..N02R,6X,0,1755634020,06 2007  BBR/PEL,1755652079,1755652085,1325,0,0
1755634050_3..S01R,120750_3..S01R,3,1,1755634050,03 2007+ 148/NLT,1755652493,1755652496,1493,0,0
1755634080_2..N,120800_2..N,2,0,1755634080,/2 2008  FLA/241,1755654794,1755654800,516,0,0
1755634080_2..N01R,120800_2..N01R,2,0,1755634080,/2 2008  FLA/241,1755652706,1755652709,1537,0,0
1755634080_4..N,120800_4..N,4,0,1755634080,04 2008  UTI/WDL,1755652379,1755652385,269,0,0
1755634080_4..N06R,120800_4..N06R,4,0,1755634080,04 2008  UTI/WDL,1755651235,1755651238,1193,0,0
1755634110_1..S03R,120850_1..S03R,1,1,1755634110,01 2008+ 242/SFT,1755651833,1755651839,1330,0,0
1755634110_7X..N,120850_7X..N,7X,0,1755634110,07 2008+ 34H/MST,1755650563,1755650566,1036,0,0
1755634140_7..S,120900_7..S,7,1,1755634140,07 2009 MST/34H,1755650875,1755650878,1059,0,0
1755634170_GS.S01R,120950_GS.S01R,GS,1,1755634170,0S 2009+ TSS/GCS,1755648625,1755648628,526,0,0
1755634200_GS.N04R,121000_GS.N04R,GS,0,1755634200,0S 2010  GCS/TSS,1755648658,1755648664,535,0,0
1755634230_6..S01R,121050_6..S01R,6,1,1755634230,06 2010+ PEL/BBR,1755652118,1755652121,1320,0,0
1755634260_1..N03R,121100_1..N03R,1,0,1755634260,01 2011  SFT/242,1755652253,1755652256,1352,0,0
1755634290_5..N71R,121150_5..N71R,5,0,1755634290,05 2011+ FLA/DYR,1755653603,1755653606,1694,0,0
1755634290_6..N03R,121150_6..N03R,6,0,1755634290,06 2011+ BBR/177,1755651878,1755651884,1263,0,0
1755634350_7..N,121250_7..N,7,0,1755634350,07 2012+ 34H/MST,1755651070,1755651073,1061,0,0
1755634350_7..S,121250_7..S,7,1,1755634350,07 2012+ MST/34H,1755651013,1755651019,1047,0,0
1755634380_1..S03R,121300_1..S03R,1,1,1755634380,01 2013  242/SFT,1755652133,1755652136,1323,0,0
1755634380_2..S01R,121300_2..S01R,2,1,1755634380,02 2013  241/FLA,1755654614,1755654620,1961,0,0
1755634380_5..S08R,121300_5..S08R,5,1,1755634380,05 2013  DYR/BWG,1755651974,1755651980,1284,0,0
1755634410_3..N01R,121350_3..N01R,3,0,1755634410,03 2013+ NLT/148,1755652943,1755652946,1523,0,0
1755634410_GS.S04R,121350_GS.S04R,GS,1,1755634410,0S 2013+ TSS/GCS,1755648895,1755648898,600,0,0
1755634440_4..N,121400_4..N,4,0,1755634440,04 2014  UTI/WDL,1755652913,1755652916,264,0,0
1755634440_4..N06R,121400_4..N06R,4,0,1755634440,04 2014  UTI/WDL,1755651839,1755651845,1251,0,0
1755634440_GS.N01R,121400_GS.N01R,GS,0,1755634440,0S 2014  GCS/TSS,1755648920,1755648925,606,0,0
1755634470_2..N01R,121450_2..N01R,2,0,1755634470,02 2014+ FLA/241,1755654884,1755654890,1952,0,0
1755634470_3..S01R,121450_3..S01R,3,1,1755634470,03 2014+ 148/NLT,1755653051,1755653054,1459,0,0
1755634470_4..S06R,121450_4..S06R,4,1,1755634470,04 2014+ WDL/UTI,1755652793,1755652799,1410,0,0
1755634530_1..N03R,121550_1..N03R,1,0,1755634530,01 2015+ SFT/242,1755652601,1755652604,1361,0,0
1755634530_6..S01R,121550_6..S01R,6,1,1755634530,06 2015+ PEL/BBR,1755652586,1755652589,1357,0,0
1755634560_6..N02R,121600_6..N02R,6X,0,1755634560,06 2016  BBR/PEL,1755652769,1755652775,1403,0,0
1755634560_7..S,121600_7..S,7,1,1755634560,07 2016 MST/34H,1755651154,1755651160,1050,0,0
1755634590_7X..N,121650_7X..N,7X,0,1755634590,07 2016+ 34H/MST,1755650974,1755650980,1003,0,0
1755634650_1..S03R,121750_1..S03R,1,1,1755634650,01 2017+ 242/SFT,1755652409,1755652415,1311,0,0
1755634650_GS.S01R,121750_GS.S01R,GS,1,1755634650,0S 2017+ TSS/GCS,1755649129,1755649135,575,0,0
1755634680_4..N,121800_4..N,4,0,1755634680,04 2018  UTI/WDL,1755653138,1755653144,279,0,0
1755634680_4..N06R,121800_4..N06R,4,0,1755634680,04 2018  UTI/WDL,1755652028,1755652031,1216,0,0
1755634680_GS.N04R,121800_GS.N04R,GS,0,1755634680,0S 2018  GCS/TSS,1755649138,1755649144,576,0,0
1755634770_5..N71R,121950_5..N71R,5,0,1755634770,05 2019+ FLA/DYR,1755654011,1755654014,1639,0,0
1755634770_7..S,121950_7..S,7,1,1755634770,07 2019+ MST/34H,1755651458,1755651461,1058,0,0
1755634800_1..N14R,122000_1..N14R,1,0,1755634800,01 2020  SFT/215,1755652169,1755652175,1172,0,0
1755634830_6..N01R,122050_6..N01R,6,0,1755634830,06 2020+ BBR/PEL,1755653099,1755653105,1405,0,0
1755634830_6..S01R,122050_6..S01R,6,1,1755634830,06 2020+ PEL/BBR,1755652934,1755652940,1361,0,0
1755634860_4..S06R,122100_4..S06R,4,1,1755634860,04 2021  WDL/UTI,1755653273,1755653279,1446,0,0
1755634890_7..N,122150_7..N,7,0,1755634890,07 2021+ 34H/MST,1755651308,1755651311,535,0,0
1755634890_GS.S04R,122150_GS.S04R,GS,1,1755634890,0S 2021+ TSS/GCS,1755649408,1755649414,553,0,0
1755634920_GS.N01R,122200_GS.N01R,GS,0,1755634920,0S 2022  GCS/TSS,1755649399,1755649405,551,0,0
1755634950_1..S03R,122250_1..S03R,1,1,1755634950,01 2022+ 242/SFT,1755652619,1755652625,1284,0,0
1755634980_2..S01R,122300_2..S01R,2,1,1755634980,02 2023  241/FLA,1755655223,1755655226,1945,0,0
1755634980_3..N01R,122300_3..N01R,3,0,1755634980,03 2023  NLT/148,1755653531,1755653534,1512,0,0
1755634980_3..S01R,122300_3..S01R,3,1,1755634980,03 2023  148/NLT,1755653498,1755653504,1504,0,0
1755634980_5..S08R,122300_5..S08R,5,1,1755634980,05 2023  DYR/BWG,1755652709,1755652715,1305,0,0
1755634980_7..S,122300_7..S,7,1,1755634980,07 2023 MST/34H,1755651530,1755651533,1009,0,0
1755635040_2..N01R,122400_2..N01R,2,0,1755635040,02 2024  FLA/241,1755655139,1755655145,1936,0,0
1755635070_1..N03R,122450_1..N03R,1,0,1755635070,01 2024+ SFT/242,1755653009,1755653015,1299,0,0
1755635100_4..N,122500_4..N,4,0,1755635100,04 2025  UTI/WDL,1755653363,1755653366,274,0,0
1755635100_4..N06R,122500_4..N06R,4,0,1755635100,04 2025  UTI/WDL,1755652271,1755652274,1113,0,0
1755635130_6..N01R,122550_6..N01R,6,0,1755635130,06 2025+ BBR/PEL,1755653261,1755653264,1361,0,0
1755635130_6..S01R,122550_6..S01R,6,1,1755635130,06 2025+ PEL/BBR,1755653090,1755653093,1320,0,0
1755635130_GS.S01R,122550_GS.S01R,GS,1,1755635130,0S 2025+ TSS/GCS,1755649579,1755649585,506,0,0
1755635160_GS.N04R,122600_GS.N04R,GS,0,1755635160,0S 2026  GCS/TSS,1755649636,1755649639,520,0,0
1755635190_7..S,122650_7..S,7,1,1755635190,07 2026+ MST/34H,1755651740,1755651743,1009,0,0
1755635190_7X..N,122650_7X..N,7X,0,1755635190,07 2026+ 34H/MST,1755651551,1755651554,594,0,0
1755635250_1..S03R,122750_1..S03R,1,1,1755635250,01 2027+ 242/SFT,1755652913,1755652916,1272,0,0
1755635250_5..N71R,122750_5..N71R,5,0,1755635250,05 2027+ FLA/DYR,1755654623,1755654626,1718,0,0
1755635340_1..N03R,122900_1..N03R,1,0,1755635340,01 2029  SFT/242,1755653279,1755653285,1363,0,0
1755635370_4..S06R,122950_4..S06R,4,1,1755635370,04 2029+ WDL/UTI,1755653519,1755653525,1347,0,0
1755635370_GS.S04R,122950_GS.S04R,GS,1,1755635370,0S 2029+ TSS/GCS,1755649858,1755649864,488,0,0
1755635400_3..N01R,123000_3..N01R,3,0,1755635400,03 2030  NLT/148,1755653963,1755653966,1463,0,0
1755635400_7..S,123000_7..S,7,1,1755635400,07 2030 MST/34H,1755652004,1755652010,1008,0,0
1755635400_GS.N01R,123000_GS.N01R,GS,0,1755635400,0S 2030  GCS/TSS,1755649888,1755649894,494,0,0
1755635430_3..S01R,123050_3..S01R,3,1,1755635430,03 2030+ 148/NLT,1755653933,1755653936,1455,0,0
1755635430_6..S01R,123050_6..S01R,6,1,1755635430,06 2030+ PEL/BBR,1755653561,1755653564,1358,0,0
1755635460_4..N,123100_4..N,4,0,1755635460,04 2031  UTI/WDL,1755653903,1755653906,326,0,0
1755635460_4..N06R,123100_4..N06R,4,0,1755635460,04 2031  UTI/WDL,1755652619,1755652625,1120,0,0
1755635460_6..N03R,123100_6..N03R,6,0,1755635460,06 2031  BBR/177,1755652799,1755652805,1165,0,0
1755635490_7..N,123150_7..N,7,0,1755635490,07 2031+ 34H/MST,1755651968,1755651974,690,0,0
1755635520_2..N01R,123200_2..N01R,2,0,1755635520,02 2032  FLA/241,1755655664,1755655670,1914,0,0
1755635580_2..S01R,123300_2..S01R,2,1,1755635580,02 2033  241/FLA,1755655604,1755655610,1897,0,0
1755635580_5..S08R,123300_5..S08R,5,1,1755635580,05 2033  DYR/BWG,1755653504,1755653510,1341,0,0
1755635610_1..N03R,123350_1..N03R,1,0,1755635610,01 2033+ SFT/242,1755653483,1755653486,1336,0,0
1755635610_1..S03R,123350_1..S03R,1,1,1755635610,01 2033+ 242/SFT,1755653291,1755653294,1285,0,0
1755635610_7..S,123350_7..S,7,1,1755635610,07 2033+ MST/34H,1755652148,1755652151,987,0,0
1755635610_GS.S01R,123350_GS.S01R,GS,1,1755635610,0S 2033+ TSS/GCS,1755650068,1755650074,529,0,0
1755635700_GS.N04R,123500_GS.N04R,GS,0,1755635700,0S 2035  GCS/TSS,1755650161,1755650164,468,0,0
1755635760_6..N01R,123600_6..N01R,6,0,1755635760,06 2036  BBR/PEL,1755654188,1755654191,1440,0,0
1755635790_5..N71R,123650_5..N71R,5,0,1755635790,05 2036+ FLA/DYR,1755655013,1755655016,1658,0,0
1755635790_6..S01R,123650_6..S01R,6,1,1755635790,06 2036+ PEL/BBR,1755653819,1755653825,1342,0,0
1755635790_7..N,123650_7..N,7,0,1755635790,07 2036+ 34H/MST,1755652520,1755652523,1041,0,0
1755635820_7..S,123700_7..S,7,1,1755635820,07 2037 MST/34H,1755652343,1755652346,985,0,0
1755635880_1..N03R,123800_1..N03R,1,0,1755635880,01 2038  SFT/242,1755653708,1755653714,1314,0,0
1755635880_4..S06R,123800_4..S06R,4,1,1755635880,04 2038  WDL/UTI,1755654335,1755654338,1477,0,0
1755635910_1..S03R,123850_1..S03R,1,1,1755635910,01 2038+ 242/SFT,1755653603,1755653606,1286,0,0
1755635910_GS.S04R,123850_GS.S04R,GS,1,1755635910,0S 2038+ TSS/GCS,1755650401,1755650404,522,0,0
1755635940_2..N01R,123900_2..N01R,2,0,1755635940,02 2039  FLA/241,1755656363,1755656366,2017,0,0
1755635940_3..N01R,123900_3..N01R,3,0,1755635940,03 2039  NLT/148,1755654494,1755654500,1519,0,0
1755635940_4..N,123900_4..N,4,0,1755635940,04 2039  UTI/WDL,1755654224,1755654230,291,0,0
1755635940_4..N06R,123900_4..N06R,4,0,1755635940,04 2039  UTI/WDL,1755653099,1755653105,1157,0,0
1755636000_3..S01R,124000_3..S01R,3,1,1755636000,03 2040  148/NLT,1755654683,1755654686,1472,0,0
1755636000_GS.N01R,124000_GS.N01R,GS,0,1755636000,0S 2040  GCS/TSS,1755650470,1755650473,457,0,0
1755636030_7..S,124050_7..S,7,1,1755636030,07 2040+ MST/34H,1755652541,1755652544,977,0,0
1755636030_7X..N,124050_7X..N,7X,0,1755636030,07 2040+ 34H/MST,1755652355,1755652358,928,0,0
1755636060_6..N01R,124100_6..N01R,6,0,1755636060,06 2041  BBR/PEL,1755654503,1755654506,1442,0,0
1755636090_6..S,124150_6..S,6,1,1755636090,06 2041+ PEL/BBR,1755654419,1755654425,250,1,0
1755636090_6..S01R,124150_6..S01R,6,1,1755636090,06 2041+ PEL/BBR,1755653264,1755653270,1117,0,0
1755636150_1..N03R,124250_1..N03R,1,0,1755636150,01 2042+ SFT/242,1755654143,1755654146,1347,0,0
1755636180_5..S08R,124300_5..S08R,5,1,1755636180,05 2043  DYR/BWG,1755654071,1755654074,1327,0,0
1755636210_1..S03R,124350_1..S03R,1,1,1755636210,01 2043+ 242/SFT,1755654203,1755654206,1361,0,0
1755636210_GS.S01R,124350_GS.S01R,GS,1,1755636210,0S 2043+ TSS/GCS,1755650665,1755650668,497,0,0
1755636240_7..S,124400_7..S,7,1,1755636240,07 2044 MST/34H,1755652793,1755652799,975,0,0
1755636270_7..N,124450_7..N,7,0,1755636270,07 2044+ 34H/MST,1755652898,1755652904,999,0,0
1755636300_2..N01R,124500_2..N01R,2,0,1755636300,02 2045  FLA/241,1755656639,1755656645,1927,0,0
1755636300_2..S01R,124500_2..S01R,2,1,1755636300,02 2045  241/FLA,1755656363,1755656366,1853,0,0
1755636300_GS.N04R,124500_GS.N04R,GS,0,1755636300,0S 2045  GCS/TSS,1755650773,1755650776,437,0,0
1755636330_3..N01R,124550_3..N01R,3,0,1755636330,03 2045+ NLT/148,1755655064,1755655070,1507,0,0
1755636360_4..S05R,124600_4..S05R,4,1,1755636360,04 2046  WDL/UTI,1755654800,1755654803,1437,0,0
1755636360_6..N01R,124600_6..N01R,6,0,1755636360,06 2046  BBR/PEL,1755654623,1755654626,1389,0,0
1755636420_1..N03R,124700_1..N03R,1,0,1755636420,01 2047  SFT/242,1755654383,1755654386,1325,0,0
1755636450_4..N,124750_4..N,4,0,1755636450,04 2047+ UTI/WDL,1755654773,1755654776,307,0,0
1755636450_4..N06R,124750_4..N06R,4,0,1755636450,04 2047+ UTI/WDL,1755653609,1755653615,1122,0,0
1755636480_7..S,124800_7..S,7,1,1755636480,07 2048 MST/34H,1755652979,1755652985,955,0,0
1755636510_6..S01R,124850_6..S01R,6,1,1755636510,06 2048+ PEL/BBR,1755654749,1755654755,1423,0,0
1755636510_7X..N,124850_7X..N,7X,0,1755636510,07 2048+ 34H/MST,1755653021,1755653024,967,0,0
1755636510_GS.S04R,124850_GS.S04R,GS,1,1755636510,0S 2048+ TSS/GCS,1755651010,1755651013,491,0,0
1755636540_1..S03R,124900_1..S03R,1,1,1755636540,01 2049  242/SFT,1755654374,1755654380,1322,0,0
1755636600_3..S01R,125000_3..S01R,3,1,1755636600,03 2050  148/NLT,1755655283,1755655286,1471,0,0
1755636600_GS.N01R,125000_GS.N01R,GS,0,1755636600,0S 2050  GCS/TSS,1755651109,1755651115,440,0,0
1755636660_6..N01R,125100_6..N01R,6,0,1755636660,06 2051  BBR/PEL,1755655094,1755655100,1439,0,0
1755636660_7..N,125100_7..N,7,0,1755636660,07 2051 34H/MST,1755653324,1755653330,978,0,0
1755636690_1..N03R,125150_1..N03R,1,0,1755636690,01 2051+ SFT/242,1755654623,1755654626,1314,0,0
1755636690_4..N,125150_4..N,4,0,1755636690,04 2051+ UTI/WDL,1755655034,1755655040,323,0,0
1755636690_4..N06R,125150_4..N06R,4,0,1755636690,04 2051+ UTI/WDL,1755653816,1755653819,1100,0,0
1755636720_7..S,125200_7..S,7,1,1755636720,07 2052 MST/34H,1755653234,1755653240,956,0,0
1755636750_2..N01R,125250_2..N01R,2,0,1755636750,02 2052+ FLA/241,1755657389,1755657395,2050,0,0
1755636780_3..N56R,125300_3..N56R,3,0,1755636780,03 2053  NLT/135,1755654764,1755654770,1351,0,0
1755636810_GS.S01R,125350_GS.S01R,GS,1,1755636810,0S 2053+ TSS/GCS,1755651290,1755651293,475,0,0
1755636870_1..S03R,125450_1..S03R,1,1,1755636870,01 2054+ 242/SFT,1755654554,1755654560,1233,0,0
1755636870_5..S08R,125450_5..S08R,5,1,1755636870,05 2054+ DYR/BWG,1755654584,1755654590,1241,0,0
1755636870_6..S01R,125450_6..S01R,6,1,1755636870,06 2054+ PEL/BBR,1755654929,1755654935,1332,0,0
1755636900_4..S05R,125500_4..S05R,4,1,1755636900,04 2055  WDL/UTI,1755655511,1755655514,1487,0,0
1755636900_GS.N04R,125500_GS.N04R,GS,0,1755636900,0S 2055  GCS/TSS,1755651371,1755651374,432,0,0
1755636930_4..N,125550_4..N,4,0,1755636930,04 2055+ UTI/WDL,1755655394,1755655400,342,0,0
1755636930_4..N06R,125550_4..N06R,4,0,1755636930,04 2055+ UTI/WDL,1755654104,1755654110,1114,0,0
1755636960_1..N03R,125600_1..N03R,1,0,1755636960,01 2056  SFT/242,1755655013,1755655016,1354,0,0
1755636960_6..N03R,125600_6..N03R,6,0,1755636960,06 2056  BBR/177,1755654425,1755654428,1197,0,0
1755636960_7..S,125600_7..S,7,1,1755636960,07 2056 MST/34H,1755653534,1755653540,990,0,0
1755636990_2..S01R,125650_2..S01R,2,1,1755636990,02 2056+ 241/FLA,1755657044,1755657050,1895,0,0
1755636990_7X..N,125650_7X..N,7X,0,1755636990,07 2056+ 34H/MST,1755653444,1755653450,957,0,0
1755637110_GS.S04R,125850_GS.S04R,GS,1,1755637110,0S 2058+ TSS/GCS,1755651623,1755651629,491,0,0
1755637140_2..N01R,125900_2..N01R,2,0,1755637140,02 2059  FLA/241,1755657746,1755657749,2082,0,0
1755637200_3..N01R,126000_3..N01R,3,0,1755637200,03 2100  NLT/148,1755655844,1755655850,1511,0,0
1755637200_7..S,126000_7..S,7,1,1755637200,07 2100 MST/34H,1755653654,1755653660,959,0,0
1755637200_GS.N01R,126000_GS.N01R,GS,0,1755637200,0S 2100  GCS/TSS,1755651698,1755651704,442,0,0
1755637230_1..N14R,126050_1..N14R,1,0,1755637230,01 2100+ SFT/215,1755654539,1755654545,1164,0,0
1755637230_3..S01R,126050_3..S01R,3,1,1755637230,03 2100+ 148/NLT,1755655904,1755655910,1527,0,0
1755637230_7..N,126050_7..N,7,0,1755637230,07 2100+ 34H/MST,1755653810,1755653813,998,0,0
1755637260_4..N,126100_4..N,4,0,1755637260,04 2101  UTI/WDL,1755655709,1755655715,330,0,0
1755637260_4..N06R,126100_4..N06R,4,0,1755637260,04 2101  UTI/WDL,1755654470,1755654473,1145,0,0
1755637260_6..N01R,126100_6..N01R,6,0,1755637260,06 2101  BBR/PEL,1755655394,1755655400,1390,0,0
1755637290_6..S01R,126150_6..S01R,6,1,1755637290,06 2101+ PEL/BBR,1755655655,1755655658,1459,0,0
1755637410_GS.S01R,126350_GS.S01R,GS,1,1755637410,0S 2103+ TSS/GCS,1755651908,1755651911,491,0,0
1755637440_2..N01R,126400_2..N01R,2,0,1755637440,02 2104  FLA/241,1755651740,1755651845,449,0,0
1755637440_4..S01R,126400_4..S01R,4,1,1755637440,04 2104  WDL/NLT,1755656903,1755656906,1792,0,0
1755637440_5..S08R,126400_5..S08R,5,1,1755637440,05 2104  DYR/BWG,1755655334,1755655340,1374,0,0
1755637440_7X..N,126400_7X..N,7X,0,1755637440,07 2104 34H/MST,1755654104,1755654110,1032,0,0
1755637470_1..S03R,126450_1..S03R,1,1,1755637470,01 2104+ 242/SFT,1755655223,1755655226,1281,0,0
1755637500_1..N03R,126500_1..N03R,1,0,1755637500,01 2105  SFT/242,1755655286,1755655289,1298,0,0
1755637500_7..S,126500_7..S,7,1,1755637500,07 2105 MST/34H,1755653969,1755653975,961,0,0
1755637500_GS.N04R,126500_GS.N04R,GS,0,1755637500,0S 2105  GCS/TSS,1755651968,1755651974,443,0,0
1755637560_6..N01R,126600_6..N01R,6,0,1755637560,06 2106  BBR/PEL,1755655709,1755655715,1411,0,0
1755637650_7..N,126750_7..N,7,0,1755637650,07 2107+ 34H/MST,1755654419,1755654425,1067,0,0
1755637710_6..S01R,126850_6..S01R,6,1,1755637710,06 2108+ PEL/BBR,1755655943,1755655946,1473,0,0
1755637710_GS.S04R,126850_GS.S04R,GS,1,1755637710,0S 2108+ TSS/GCS,1755652193,1755652199,497,0,0
1755637740_2..S01R,126900_2..S01R,2,1,1755637740,02 2109  241/FLA,1755657884,1755657890,1990,0,0
1755637740_4..N,126900_4..N,4,0,1755637740,04 2109  UTI/WDL,1755656264,1755656270,364,0,0
1755637740_4..N06R,126900_4..N06R,4,0,1755637740,04 2109  UTI/WDL,1755654899,1755654905,1194,0,0
1755637770_1..N03R,126950_1..N03R,1,0,1755637770,01 2109+ SFT/242,1755655544,1755655550,1301,0,0
1755637770_2..N01X038,126950_2..N01X038,2,0,1755637770,02 2109+ FLA/241,1755658346,1755658349,1655,0,0
1755637800_5..N73R,127000_5..N73R,5,0,1755637800,05 2110  BWG/DYR,1755655889,1755655895,1393,0,0
1755637800_7..S,127000_7..S,7,1,1755637800,07 2110 MST/34H,1755654206,1755654209,988,0,0
1755637800_GS.N01R,127000_GS.N01R,GS,0,1755637800,0S 2110  GCS/TSS,1755652286,1755652289,453,0,0
1755637860_6..N01R,127100_6..N01R,6,0,1755637860,06 2111  BBR/PEL,1755655889,1755655895,1392,0,0
1755637860_7X..N,127100_7X..N,7X,0,1755637860,07 2111 34H/MST,1755654254,1755654260,970,0,0
1755637890_3..N01X010,127150_3..N01X010,3,0,1755637890,03 2111+ NLT/148,1755656474,1755656480,1549,0,0
1755637920_2..N01X038,127200_2..N01X038,2,0,1755637920,02 2112  FLA/241,1755651791,1755652079,333,0,0
1755637920_3..S01R,127200_3..S01R,3,1,1755637920,03 2112  148/NLT,1755656489,1755656495,1553,0,0
1755638010_4..N,127350_4..N,4,0,1755638010,04 2113+ UTI/WDL,1755656384,1755656390,311,0,0
1755638010_4..N06R,127350_4..N06R,4,0,1755638010,04 2113+ UTI/WDL,1755655220,1755655223,1213,0,0
1755638010_GS.S01R,127350_GS.S01R,GS,1,1755638010,0S 2113+ TSS/GCS,1755652484,1755652490,504,0,0
1755638040_1..N03R,127400_1..N03R,1,0,1755638040,01 2114  SFT/242,1755655724,1755655730,1348,0,0
1755638040_5..S01R,127400_5..S01R,5,1,1755638040,05 2114  DYR/180,1755653138,1755653144,669,0,0
1755638070_1..S03R,127450_1..S03R,1,1,1755638070,01 2114+ 242/SFT,1755655799,1755655805,1302,0,0
1755638070_5..N73R,127450_5..N73R,5,0,1755638070,05 2114+ BWG/DYR,1755656435,1755656438,1471,0,0
1755638070_7..N,127450_7..N,7,0,1755638070,07 2114+ 34H/MST,1755654821,1755654824,1091,0,0
1755638100_4..S01X008,127500_4..S01X008,4,1,1755638100,04 2115  WDL/NLT,1755657956,1755657959,1795,0,0
1755638100_7..S,127500_7..S,7,1,1755638100,07 2115 MST/34H,1755654695,1755654698,1024,0,0
1755638100_GS.N04R,127500_GS.N04R,GS,0,1755638100,0S 2115  GCS/TSS,1755652568,1755652571,458,0,0
1755638130_6..S01R,127550_6..S01R,6,1,1755638130,06 2115+ PEL/BBR,1755656405,1755656408,1463,0,0
1755638160_6..N01R,127600_6..N01R,6,0,1755638160,06 2116  BBR/PEL,1755656264,1755656270,1425,0,0
1755638280_2..S01X098,127800_2..S01X098,2,1,1755638280,02 2118  241/FLA,1755658676,1755658679,2067,0,0
1755638280_7X..N,127800_7X..N,7X,0,1755638280,07 2118 34H/MST,1755655004,1755655010,1060,0,0
1755638310_1..N03R,127850_1..N03R,1,0,1755638310,01 2118+ SFT/242,1755656201,1755656204,1408,0,0
1755638310_GS.S04R,127850_GS.S04R,GS,1,1755638310,0S 2118+ TSS/GCS,1755652823,1755652826,522,0,0
1755638400_2..N01X038,128000_2..N01X038,2,0,1755638400,02 2120  FLA/241,1755658595,1755658598,1979,0,0
1755638400_7..S,128000_7..S,7,1,1755638400,07 2120 MST/34H,1755654884,1755654890,1028,0,0
1755638400_GS.N01R,128000_GS.N01R,GS,0,1755638400,0S 2120  GCS/TSS,1755652910,1755652913,475,0,0
1755638460_6..N01R,128100_6..N01R,6,0,1755638460,06 2121  BBR/PEL,1755656549,1755656555,1435,0,0
1755638490_7..N,128150_7..N,7,0,1755638490,07 2121+ 34H/MST,1755655160,1755655163,1082,0,0
1755638580_1..N03R,128300_1..N03R,1,0,1755638580,01 2123  SFT/242,1755656543,1755656546,1433,0,0
1755638580_4..N,128300_4..N,4,0,1755638580,04 2123  UTI/WDL,1755656879,1755656885,304,0,0
1755638580_4..N06R,128300_4..N06R,4,0,1755638580,04 2123  UTI/WDL,1755655739,1755655745,1219,0,0
1755638580_6..S01R,128300_6..S01R,6,1,1755638580,06 2123  PEL/BBR,1755656936,1755656939,1537,0,0
1755638610_5..N73R,128350_5..N73R,5,0,1755638610,05 2123+ BWG/DYR,1755656879,1755656885,1522,0,0
1755638610_GS.S01R,128350_GS.S01R,GS,1,1755638610,0S 2123+ TSS/GCS,1755653090,1755653093,522,0,0
1755638640_3..S01R,128400_3..S01R,3,1,1755638640,03 2124  148/NLT,1755657023,1755657026,1560,0,0
1755638670_1..S03R,128450_1..S03R,1,1,1755638670,01 2124+ 242/SFT,1755656369,1755656375,1322,0,0
1755638670_5..S01R,128450_5..S01R,5,1,1755638670,05 2124+ DYR/180,1755653783,1755653789,635,0,0
1755638700_4..S01X008,128500_4..S01X008,4,1,1755638700,04 2125  WDL/NLT,1755658526,1755658529,1812,0,0
1755638700_7..S,128500_7..S,7,1,1755638700,07 2125 MST/34H,1755655304,1755655310,1080,0,0
1755638700_7X..N,128500_7X..N,7X,0,1755638700,07 2125 34H/MST,1755655349,1755655355,1092,0,0
1755638700_GS.N04R,128500_GS.N04R,GS,0,1755638700,0S 2125  GCS/TSS,1755653168,1755653174,477,0,0
1755638760_3..N56X001,128600_3..N56X001,3,0,1755638760,03 2126  NLT/135,1755657404,1755657410,1597,0,0
1755638760_6..N01R,128600_6..N01R,6,0,1755638760,06 2126  BBR/PEL,1755656879,1755656885,1457,0,0
1755638850_1..N03R,128750_1..N03R,1,0,1755638850,01 2127+ SFT/242,1755656744,1755656750,1421,0,0
1755638910_2..N01X038,128850_2..N01X038,2,0,1755638910,02 2128+ FLA/241,1755658994,1755659000,2021,0,0
1755638910_7..N,128850_7..N,7,0,1755638910,07 2128+ 34H/MST,1755655814,1755655820,1168,0,0
1755638910_GS.S04R,128850_GS.S04R,GS,1,1755638910,0S 2128+ TSS/GCS,1755653414,1755653420,538,0,0
1755639000_7..S,129000_7..S,7,1,1755639000,07 2130 MST/34H,1755655445,1755655448,1052,0,0
1755639000_GS.N01R,129000_GS.N01R,GS,0,1755639000,0S 2130  GCS/TSS,1755653474,1755653480,486,0,0
1755639060_6..N01R,129100_6..N01R,6,0,1755639060,06 2131  BBR/PEL,1755657299,1755657305,1501,0,0
1755639090_6..S01R,129150_6..S01R,6,1,1755639090,06 2131+ PEL/BBR,1755657149,1755657155,1461,0,0
1755639120_1..N03R,129200_1..N03R,1,0,1755639120,01 2132  SFT/242,1755656864,1755656870,1385,0,0
1755639150_2..S01X098,129250_2..S01X098,2,1,1755639150,02 2132+ 241/FLA,1755659726,1755659729,1884,0,0
1755639150_7X..N,129250_7X..N,7X,0,1755639150,07 2132+ 34H/MST,1755655580,1755655583,1051,0,0
1755639180_1..S03R,129300_1..S03R,1,1,1755639180,01 2133  242/SFT,1755656903,1755656906,1395,0,0
1755639180_4..N,129300_4..N,4,0,1755639180,04 2133  UTI/WDL,1755657644,1755657650,349,0,0
1755639180_4..N06R,129300_4..N06R,4,0,1755639180,04 2133  UTI/WDL,1755656336,1755656339,1244,0,0
1755639180_5..N73R,129300_5..N73R,5,0,1755639180,05 2133  BWG/DYR,1755657254,1755657260,1489,0,0
1755639210_GS.S01R,129350_GS.S01R,GS,1,1755639210,0S 2133+ TSS/GCS,1755653678,1755653681,539,0,0
1755639300_4..S01X008,129500_4..S01X008,4,1,1755639300,/4 2135  WDL/NLT,1755659345,1755659348,1889,0,0
1755639300_7..S,129500_7..S,7,1,1755639300,07 2135 MST/34H,1755655724,1755655730,1029,0,0
1755639300_GS.N04R,129500_GS.N04R,GS,0,1755639300,0S 2135  GCS/TSS,1755653768,1755653771,495,0,0
1755639360_3..N01X010,129600_3..N01X010,3,0,1755639360,03 2136  NLT/148,1755658445,1755658448,1739,0,0
1755639360_3..S01R,129600_3..S01R,3,1,1755639360,03 2136  148/NLT,1755657644,1755657650,1526,0,0
1755639360_6..N03R,129600_6..N03R,6,0,1755639360,06 2136  BBR/177,1755656804,1755656810,1302,0,0
1755639390_2..N01X038,129650_2..N01X038,2,0,1755639390,02 2136+ FLA/241,1755660086,1755660089,2177,0,0
1755639390_5..S01R,129650_5..S01R,5,1,1755639390,05 2136+ DYR/180,1755654524,1755654530,695,0,0
1755639390_7..N,129650_7..N,7,0,1755639390,07 2136+ 34H/MST,1755655931,1755655934,1084,0,0
1755639420_1..N03R,129700_1..N03R,1,0,1755639420,01 2137  SFT/242,1755657224,1755657230,1414,0,0
1755639510_GS.S04R,129850_GS.S04R,GS,1,1755639510,0S 2138+ TSS/GCS,1755654005,1755654008,556,0,0
1755639600_6..S01R,130000_6..S01R,6,1,1755639600,06 2140  PEL/BBR,1755657809,1755657815,1498,0,0
1755639600_7..S,130000_7..S,7,1,1755639600,07 2140 MST/34H,1755656078,1755656081,1066,0,0
1755639600_GS.N01R,130000_GS.N01R,GS,0,1755639600,0S 2140  GCS/TSS,1755654098,1755654101,510,0,0
1755639630_7X..N,130050_7X..N,7X,0,1755639630,07 2140+ 34H/MST,1755656171,1755656174,1091,0,0
1755639660_6..N01R,130100_6..N01R,6,0,1755639660,06 2141  BBR/PEL,1755658115,1755658118,1579,0,0
1755639720_1..N03R,130200_1..N03R,1,0,1755639720,01 2142  SFT/242,1755657614,1755657620,1424,0,0
1755639780_4..N,130300_4..N,4,0,1755639780,04 2143  UTI/WDL,1755658064,1755658070,298,0,0
1755639780_4..N06R,130300_4..N06R,4,0,1755639780,04 2143  UTI/WDL,1755656948,1755656951,1268,0,0
1755639810_GS.S01R,130350_GS.S01R,GS,1,1755639810,0S 2143+ TSS/GCS,1755654284,1755654290,559,0,0
1755639840_4..S01X008,130400_4..S01X008,4,1,1755639840,04 2144  WDL/NLT,1755659606,1755659609,1893,0,0
1755639840_5..N73R,130400_5..N73R,5,0,1755639840,05 2144  BWG/DYR,1755657593,1755657596,1440,0,0
1755639870_1..S03R,130450_1..S03R,1,1,1755639870,01 2144+ 242/SFT,1755657539,1755657545,1352,0,0
1755639870_2..N01X180,130450_2..N01X180,2,0,1755639870,02 2144+ FLA/241,1755660974,1755660980,2268,0,0
1755639900_7..S,130500_7..S,7,1,1755639900,07 2145 MST/34H,1755656264,1755656270,1025,0,0
1755639900_GS.N04R,130500_GS.N04R,GS,0,1755639900,0S 2145  GCS/TSS,1755654371,1755654374,508,0,0
1755639930_7..N,130550_7..N,7,0,1755639930,07 2145+ 34H/MST,1755656444,1755656450,1073,0,0
1755639960_3..N01X046,130600_3..N01X046,3,0,1755639960,03 2146  NLT/148,1755658784,1755658790,1684,0,0
1755639960_6..N01R,130600_6..N01R,6,0,1755639960,06 2146  BBR/PEL,1755658244,1755658250,1540,0,0
1755640020_2..S01X098,130700_2..S01X098,2,1,1755640020,02 2147  241/FLA,1755660305,1755660308,2089,0,0
1755640050_6..S01R,130750_6..S01R,6,1,1755640050,06 2147+ PEL/BBR,1755658184,1755658190,1524,0,0
1755640080_1..N11R,130800_1..N11R,1,0,1755640080,01 2148  SFT/242,1755658235,1755658238,1536,0,0
1755640110_3..S01X028,130850_3..S01X028,3,1,1755640110,03 2148+ 148/NLT,1755658655,1755658658,1647,0,0
1755640110_5..S01R,130850_5..S01R,5,1,1755640110,05 2148+ DYR/180,1755655169,1755655175,719,0,0
1755640110_GS.S04R,130850_GS.S04R,GS,1,1755640110,0S 2148+ TSS/GCS,1755654623,1755654626,574,0,0
1755640200_7..S,131000_7..S,7,1,1755640200,07 2150 MST/34H,1755656600,1755656603,1068,0,0
1755640200_GS.N01R,131000_GS.N01R,GS,0,1755640200,0S 2150  GCS/TSS,1755654653,1755654656,506,0,0
1755640230_7..N,131050_7..N,7,0,1755640230,07 2150+ 34H/MST,1755656798,1755656801,1115,0,0
1755640350_6..N01R,131250_6..N01R,6,0,1755640350,06 2152+ BBR/PEL,1755658766,1755658769,1601,0,0
1755640380_4..N,131300_4..N,4,0,1755640380,04 2153  UTI/WDL,1755659456,1755659459,322,0,0
1755640380_4..N06R,131300_4..N06R,4,0,1755640380,04 2153  UTI/WDL,1755658250,1755658253,1464,0,0
1755640410_4..S01X008,131350_4..S01X008,4,1,1755640410,04 2153+ WDL/NLT,1755660314,1755660320,1928,0,0
1755640410_GS.S01R,131350_GS.S01R,GS,1,1755640410,0S 2153+ TSS/GCS,1755654860,1755654863,561,0,0
1755640440_5..N73R,131400_5..N73R,5,0,1755640440,05 2154  BWG/DYR,1755658115,1755658118,1428,0,0
1755640470_1..S03R,131450_1..S03R,1,1,1755640470,01 2154+ 242/SFT,1755658364,1755658370,1421,0,0
1755640500_7..S,131500_7..S,7,1,1755640500,07 2155 MST/34H,1755656993,1755656996,1080,0,0
1755640500_GS.N04R,131500_GS.N04R,GS,0,1755640500,0S 2155  GCS/TSS,1755655004,1755655010,525,0,0
1755640530_2..N01X180,131550_2..N01X180,2,0,1755640530,02 2155+ FLA/241,1755661184,1755661190,2173,0,0
1755640530_6..S01R,131550_6..S01R,6,1,1755640530,06 2155+ PEL/BBR,1755658316,1755658319,1408,0,0
1755640530_7..N,131550_7..N,7,0,1755640530,07 2155+ 34H/MST,1755656984,1755656990,1078,0,0
1755640560_3..N01X046,131600_3..N01X046,3,0,1755640560,03 2156  NLT/148,1755659336,1755659339,1680,0,0
1755640710_6..N01R,131850_6..N01R,6,0,1755640710,06 2158+ BBR/PEL,1755658985,1755658988,1586,0,0
1755640710_GS.S04R,131850_GS.S04R,GS,1,1755640710,0S 2158+ TSS/GCS,1755655268,1755655271,595,0,0
1755640740_1..N11R,131900_1..N11R,1,0,1755640740,01 2159  SFT/242,1755658715,1755658718,1513,0,0
1755640800_2..S01X098,132000_2..S01X098,2,1,1755640800,02 2200  241/FLA,1755661016,1755661019,2054,0,0
1755640800_7..S,132000_7..S,7,1,1755640800,07 2200 MST/34H,1755657218,1755657221,1078,0,0
1755640800_GS.N01R,132000_GS.N01R,GS,0,1755640800,0S 2200  GCS/TSS,1755655226,1755655229,510,0,0
1755640830_7..N,132050_7..N,7,0,1755640830,07 2200+ 34H/MST,1755657569,1755657575,1172,0,0
1755640860_5..S01R,132100_5..S01R,5,1,1755640860,05 2201  DYR/180,1755655979,1755655985,711,0,0
1755640980_3..S01X028,132300_3..S01X028,3,1,1755640980,03 2203  148/NLT,1755659795,1755659798,1728,0,0
1755640980_4..N,132300_4..N,4,0,1755640980,04 2203  UTI/WDL,1755659624,1755659630,316,0,0
1755640980_4..N06R,132300_4..N06R,4,0,1755640980,04 2203  UTI/WDL,1755658439,1755658445,1367,0,0
1755641010_6..S01R,132350_6..S01R,6,1,1755641010,06 2203+ PEL/BBR,1755659360,1755659363,1612,0,0
1755641010_GS.S01R,132350_GS.S01R,GS,1,1755641010,0S 2203+ TSS/GCS,1755655451,1755655454,570,0,0
1755641040_5..N73R,132400_5..N73R,5,0,1755641040,05 2204  BWG/DYR,1755658805,1755658808,1463,0,0
1755641070_1..S03R,132450_1..S03R,1,1,1755641070,01 2204+ 242/SFT,1755658886,1755658889,1407,0,0
1755641070_2..N01X180,132450_2..N01X180,2,0,1755641070,02 2204+ FLA/241,1755661415,1755661418,2081,0,0
1755641070_6..N01R,132450_6..N01R,6,0,1755641070,06 2204+ BBR/PEL,1755659165,1755659168,1481,0,0
1755641100_4..S01X008,132500_4..S01X008,4,1,1755641100,04 2205  WDL/NLT,1755661136,1755661139,1910,0,0
1755641100_7..S,132500_7..S,7,1,1755641100,07 2205 MST/34H,1755657479,1755657485,1071,0,0
1755641100_GS.N04R,132500_GS.N04R,GS,0,1755641100,0S 2205  GCS/TSS,1755655595,1755655598,529,0,0
1755641130_7..N,132550_7..N,7,0,1755641130,07 2205+ 34H/MST,1755657680,1755657683,1124,0,0
1755641160_3..N01X046,132600_3..N01X046,3,0,1755641160,03 2206  NLT/148,1755659726,1755659729,1631,0,0
1755641310_GS.S04R,132850_GS.S04R,GS,1,1755641310,0S 2208+ TSS/GCS,1755655829,1755655835,592,0,0
1755641340_1..N11R,132900_1..N11R,1,0,1755641340,01 2209  SFT/242,1755659234,1755659240,1483,0,0
1755641400_7..S,133000_7..S,7,1,1755641400,07 2210 MST/34H,1755658034,1755658040,1130,0,0
1755641400_GS.N01R,133000_GS.N01R,GS,0,1755641400,0S 2210  GCS/TSS,1755655871,1755655874,525,0,0
1755641430_7..N,133050_7..N,7,0,1755641430,07 2210+ 34H/MST,1755658016,1755658019,1125,0,0
1755641490_6..N01R,133150_6..N01R,6,0,1755641490,06 2211+ BBR/PEL,1755659663,1755659666,1536,0,0
1755641520_2..S01X098,133200_2..S01X098,2,1,1755641520,02 2212  241/FLA,1755662174,1755662180,2205,0,0
1755641550_6..S01R,133250_6..S01R,6,1,1755641550,06 2212+ PEL/BBR,1755659594,1755659600,1518,0,0
1755641580_4..N,133300_4..N,4,0,1755641580,04 2213  UTI/WDL,1755660164,1755660170,320,0,0
1755641580_4..N06R,133300_4..N06R,4,0,1755641580,04 2213  UTI/WDL,1755658964,1755658970,1350,0,0
1755641610_GS.S01R,133350_GS.S01R,GS,1,1755641610,0S 2213+ TSS/GCS,1755656084,1755656090,582,0,0
1755641640_5..N73R,133400_5..N73R,5,0,1755641640,05 2214  BWG/DYR,1755659624,1755659630,1526,0,0
1755641670_1..S03R,133450_1..S03R,1,1,1755641670,01 2214+ 242/SFT,1755659366,1755659369,1377,0,0
1755641670_2..N01X180,133450_2..N01X180,2,0,1755641670,02 2214+ FLA/241,1755662036,1755662039,2089,0,0
1755641700_4..S01X008,133500_4..S01X008,4,1,1755641700,04 2215  WDL/NLT,1755661376,1755661379,1822,0,0
1755641700_7..S,133500_7..S,7,1,1755641700,07 2215 MST/34H,1755658154,1755658160,1101,0,0
1755641700_GS.N04R,133500_GS.N04R,GS,0,1755641700,0S 2215  GCS/TSS,1755656186,1755656189,529,0,0
1755641730_3..N01X046,133550_3..N01X046,3,0,1755641730,03 2215+ NLT/148,1755660344,1755660350,1638,0,0
1755641730_7..N,133550_7..N,7,0,1755641730,07 2215+ 34H/MST,1755658226,1755658229,1104,0,0
1755641910_6..N01R,133850_6..N01R,6,0,1755641910,06 2218+ BBR/PEL,1755660026,1755660029,1553,0,0
1755641910_GS.S04R,133850_GS.S04R,GS,1,1755641910,0S 2218+ TSS/GCS,1755656378,1755656381,580,0,0
1755641940_1..N11R,133900_1..N11R,1,0,1755641940,01 2219  SFT/242,1755659876,1755659879,1461,0,0
1755641940_5..S01R,133900_5..S01R,5,1,1755641940,05 2219  DYR/180,1755656993,1755656996,743,0,0
1755642000_7..S,134000_7..S,7,1,1755642000,07 2220 MST/34H,1755658463,1755658466,1077,0,0
1755642000_GS.N01R,134000_GS.N01R,GS,0,1755642000,0S 2220  GCS/TSS,1755656498,1755656501,533,0,0
1755642030_7..N,134050_7..N,7,0,1755642030,07 2220+ 34H/MST,1755658496,1755658499,1085,0,0
1755642090_6..S01R,134150_6..S01R,6,1,1755642090,06 2221+ PEL/BBR,1755660164,1755660170,1511,0,0
1755642150_4..N,134250_4..N,4,0,1755642150,04 2222+ UTI/WDL,1755660335,1755660338,285,0,0
1755642150_4..N06R,134250_4..N06R,4,0,1755642150,04 2222+ UTI/WDL,1755659264,1755659270,1271,0,0
1755642210_3..S88X001,134350_3..S88X001,3,1,1755642210,03 2223+ 148/34S,1755658064,1755658070,951,0,0
1755642210_GS.S01R,134350_GS.S01R,GS,1,1755642210,0S 2223+ TSS/GCS,1755656711,1755656714,590,0,0
1755642240_2..S01X098,134400_2..S01X098,2,1,1755642240,02 2224  241/FLA,1755662354,1755662360,2070,0,0
1755642270_1..S03R,134450_1..S03R,1,1,1755642270,01 2224+ 242/SFT,1755660095,1755660098,1412,0,0
1755642270_2..N01X180,134450_2..N01X180,2,0,1755642270,02 2224+ FLA/241,1755662798,1755662801,2131,0,0
1755642300_4..S01X008,134500_4..S01X008,4,1,1755642300,04 2225  WDL/NLT,1755661946,1755661949,1817,0,0
1755642300_7..S,134500_7..S,7,1,1755642300,07 2225 MST/34H,1755658781,1755658784,1106,0,0
1755642300_GS.N04R,134500_GS.N04R,GS,0,1755642300,0S 2225  GCS/TSS,1755656783,1755656786,529,0,0
1755642330_3..N01X046,134550_3..N01X046,3,0,1755642330,03 2225+ NLT/148,1755661175,1755661178,1700,0,0
1755642330_6..N01R,134550_6..N01R,6,0,1755642330,06 2225+ BBR/PEL,1755660665,1755660668,1564,0,0
1755642330_7..N,134550_7..N,7,0,1755642330,07 2225+ 34H/MST,1755658961,1755658964,1137,0,0
1755642420_4..N,134700_4..N,4,0,1755642420,04 2227  NLT/WDL,1755661595,1755661598,344,0,0
1755642420_4..N01X006,134700_4..N01X006,4,0,1755642420,04 2227  NLT/WDL,1755660305,1755660308,1468,0,0
1755642510_GS.S04R,134850_GS.S04R,GS,1,1755642510,0S 2228+ TSS/GCS,1755656999,1755657005,587,0,0
1755642540_1..N11R,134900_1..N11R,1,0,1755642540,01 2229  SFT/242,1755660194,1755660200,1438,0,0
1755642600_7..S,135000_7..S,7,1,1755642600,07 2230 MST/34H,1755659084,1755659090,1116,0,0
1755642600_GS.N01R,135000_GS.N01R,GS,0,1755642600,0S 2230  GCS/TSS,1755657098,1755657101,534,0,0
1755642630_7..N,135050_7..N,7,0,1755642630,07 2230+ 34H/MST,1755659138,1755659141,1102,0,0
1755642690_6..S01R,135150_6..S01R,6,1,1755642690,06 2231+ PEL/BBR,1755660791,1755660794,1519,0,0
1755642750_4..N,135250_4..N,4,0,1755642750,04 2232+ UTI/WDL,1755661046,1755661049,302,0,0
1755642750_4..N06R,135250_4..N06R,4,0,1755642750,04 2232+ UTI/WDL,1755659915,1755659918,1285,0,0
1755642780_6..N01R,135300_6..N01R,6,0,1755642780,06 2233  BBR/PEL,1755661094,1755661100,1600,0,0
1755642810_GS.S01R,135350_GS.S01R,GS,1,1755642810,0S 2233+ TSS/GCS,1755657371,1755657374,607,0,0
1755642870_1..S03R,135450_1..S03R,1,1,1755642870,01 2234+ 242/SFT,1755660746,1755660749,1427,0,0
1755642900_7..S,135500_7..S,7,1,1755642900,07 2235 MST/34H,1755659309,1755659315,1077,0,0
1755642900_GS.N04R,135500_GS.N04R,GS,0,1755642900,0S 2235  GCS/TSS,1755657389,1755657395,532,0,0
1755642930_2..N01X180,135550_2..N01X180,2,0,1755642930,02 2235+ FLA/241,1755663194,1755663200,2078,0,0
1755642930_7..N,135550_7..N,7,0,1755642930,07 2235+ 34H/MST,1755659591,1755659594,1152,0,0
1755642960_2..S01X098,135600_2..S01X098,2,1,1755642960,02 2236  241/FLA,1755663524,1755663530,2167,0,0
1755642990_5..S01R,135650_5..S01R,5,1,1755642990,05 2236+ DYR/180,1755658184,1755658190,744,0,0
1755643020_4..S01X008,135700_4..S01X008,4,1,1755643020,04 2237  WDL/NLT,1755662936,1755662939,1911,0,0
1755643050_4..N,135750_4..N,4,0,1755643050,04 2237+ NLT/WDL,1755662135,1755662138,299,0,0
1755643050_4..N01X006,135750_4..N01X006,4,0,1755643050,04 2237+ NLT/WDL,1755661010,1755661013,1497,0,0
1755643110_GS.S04R,135850_GS.S04R,GS,1,1755643110,0S 2238+ TSS/GCS,1755657608,1755657611,590,0,0
1755643140_1..N11R,135900_1..N11R,1,0,1755643140,01 2239  SFT/242,1755661136,1755661139,1531,0,0
1755643200_7..S,136000_7..S,7,1,1755643200,07 2240 MST/34H,1755659864,1755659870,1143,0,0
1755643200_GS.N01R,136000_GS.N01R,GS,0,1755643200,0S 2240  GCS/TSS,1755657686,1755657689,531,0,0
1755643230_7..N,136050_7..N,7,0,1755643230,07 2240+ 34H/MST,1755659828,1755659831,1133,0,0
1755643260_6..N01R,136100_6..N01R,6,0,1755643260,06 2241  BBR/PEL,1755661544,1755661550,1560,0,0
1755643290_6..S01R,136150_6..S01R,6,1,1755643290,06 2241+ PEL/BBR,1755661451,1755661454,1535,0,0
1755643350_3..S88X001,136250_3..S88X001,3,1,1755643350,03 2242+ 148/34S,1755659765,1755659768,1001,0,0
1755643410_5..N01R,136350_5..N01R,5,0,1755643410,05 2243+ 180/DYR,1755658595,1755658598,772,0,0
1755643410_GS.S01R,136350_GS.S01R,GS,1,1755643410,0S 2243+ TSS/GCS,1755657914,1755657920,592,0,0
1755643470_1..S03R,136450_1..S03R,1,1,1755643470,01 2244+ 242/SFT,1755661475,1755661478,1461,0,0
1755643500_7..S,136500_7..S,7,1,1755643500,07 2245 MST/34H,1755660146,1755660149,1155,0,0
1755643500_GS.N04R,136500_GS.N04R,GS,0,1755643500,0S 2245  GCS/TSS,1755657959,1755657965,524,0,0
1755643530_7..N,136550_7..N,7,0,1755643530,07 2245+ 34H/MST,1755660056,1755660059,1125,0,0
1755643560_2..N01X180,136600_2..N01X180,2,0,1755643560,02 2246  FLA/241,1755663848,1755663851,2093,0,0
1755643620_4..N,136700_4..N,4,0,1755643620,04 2247  NLT/WDL,1755662834,1755662840,311,0,0
1755643620_4..N01X006,136700_4..N01X006,4,0,1755643620,04 2247  NLT/WDL,1755661661,1755661664,1511,0,0
1755643680_2..S01X098,136800_2..S01X098,2,1,1755643680,02 2248  241/FLA,1755663854,1755663860,2095,0,0
1755643710_GS.S04R,136850_GS.S04R,GS,1,1755643710,0S 2248+ TSS/GCS,1755658166,1755658169,579,0,0
1755643740_1..N11R,136900_1..N11R,1,0,1755643740,01 2249  SFT/242,1755661886,1755661889,1571,0,0
1755643740_6..N01R,136900_6..N01R,6,0,1755643740,06 2249  BBR/PEL,1755661934,1755661940,1583,0,0
1755643800_4..S01X008,137000_4..S01X008,4,1,1755643800,04 2250  WDL/NLT,1755663668,1755663671,1861,0,0
1755643800_GS.N01R,137000_GS.N01R,GS,0,1755643800,0S 2250  GCS/TSS,1755658274,1755658280,528,0,0
1755643830_7..N,137050_7..N,7,0,1755643830,07 2250+ 34H/MST,1755660353,1755660356,1115,0,0
1755643890_6..S01R,137150_6..S01R,6,1,1755643890,06 2251+ PEL/BBR,1755662225,1755662228,1580,0,0
1755644010_GS.S01R,137350_GS.S01R,GS,1,1755644010,0S 2253+ TSS/GCS,1755658499,1755658505,587,0,0
1755644070_1..S03R,137450_1..S03R,1,1,1755644070,01 2254+ 242/SFT,1755661976,1755661979,1435,0,0
1755644070_5..S01R,137450_5..S01R,5,1,1755644070,05 2254+ DYR/180,1755659156,1755659159,683,0,0
1755644100_7..S,137500_7..S,7,1,1755644100,07 2255 MST/34H,1755660656,1755660659,1049,0,0
1755644100_GS.N04R,137500_GS.N04R,GS,0,1755644100,0S 2255  GCS/TSS,1755658571,1755658574,526,0,0
1755644130_7..N,137550_7..N,7,0,1755644130,07 2255+ 34H/MST,1755660728,1755660731,1142,0,0
1755644220_4..N,137700_4..N,4,0,1755644220,04 2257  NLT/WDL,1755663521,1755663524,343,0,0
1755644220_4..N01X006,137700_4..N01X006,4,0,1755644220,04 2257  NLT/WDL,1755662234,1755662240,1503,0,0
1755644220_6..N01R,137700_6..N01R,6,0,1755644220,06 2257  BBR/PEL,1755662588,1755662591,1597,0,0
1755644280_2..N01X180,137800_2..N01X180,2,0,1755644280,02 2258  FLA/241,1755664928,1755664931,2221,0,0
1755644310_GS.S04R,137850_GS.S04R,GS,1,1755644310,0S 2258+ TSS/GCS,1755658781,1755658784,582,0,0
1755644340_1..N11R,137900_1..N11R,1,0,1755644340,01 2259  SFT/242,1755662126,1755662129,1474,0,0
1755644400_2..S01X098,138000_2..S01X098,2,1,1755644400,02 2300  241/FLA,1755665228,1755665231,2198,0,0
1755644400_GS.N01R,138000_GS.N01R,GS,0,1755644400,0S 2300  GCS/TSS,1755658898,1755658901,534,0,0
1755644490_6..S,138150_6..S,6,1,1755644490,06 2301+ PEL/BBR,1755662375,1755662378,474,0,0
1755644490_6..S01R,138150_6..S01R,6,1,1755644490,06 2301+ PEL/BBR,1755660593,1755660596,986,0,0
1755644490_7..N,138150_7..N,7,0,1755644490,07 2301+ 34H/MST,1755661034,1755661040,1130,0,0
1755644520_4..S01X008,138200_4..S01X008,4,1,1755644520,04 2302  WDL/NLT,1755663944,1755663950,1789,0,0
1755644580_5..N01R,138300_5..N01R,5,0,1755644580,05 2303  180/DYR,1755659855,1755659858,789,0,0
1755644610_GS.S01R,138350_GS.S01R,GS,1,1755644610,0S 2303+ TSS/GCS,1755659108,1755659111,590,0,0
1755644670_1..S03R,138450_1..S03R,1,1,1755644670,01 2304+ 242/SFT,1755662468,1755662471,1405,0,0
1755644700_6..N01R,138500_6..N01R,6,0,1755644700,06 2305  BBR/PEL,1755662888,1755662891,1516,0,0
1755644700_7..S,138500_7..S,7,1,1755644700,07 2305 MST/34H,1755661076,1755661079,1079,0,0
1755644700_GS.N04R,138500_GS.N04R,GS,0,1755644700,0S 2305  GCS/TSS,1755659174,1755659180,528,0,0
1755644850_7..N,138750_7..N,7,0,1755644850,07 2307+ 34H/MST,1755661310,1755661313,1091,0,0
1755644910_GS.S04R,138850_GS.S04R,GS,1,1755644910,0S 2308+ TSS/GCS,1755659390,1755659393,585,0,0
1755644940_1..N11R,138900_1..N11R,1,0,1755644940,01 2309  SFT/242,1755662816,1755662819,1497,0,0
1755644970_5..S01R,138950_5..S01R,5,1,1755644970,05 2309+ DYR/180,1755660254,1755660260,736,0,0
1755645000_4..N,139000_4..N,4,0,1755645000,04 2310  NLT/WDL,1755664244,1755664250,299,0,0
1755645000_4..N01X006,139000_4..N01X006,4,0,1755645000,04 2310  NLT/WDL,1755663128,1755663131,1500,0,0
1755645000_7..S,139000_7..S,7,1,1755645000,07 2310 MST/34H,1755661529,1755661535,1080,0,0
1755645000_GS.N01R,139000_GS.N01R,GS,0,1755645000,0S 2310  GCS/TSS,1755659495,1755659498,533,0,0
1755645090_6..S01R,139150_6..S01R,6,1,1755645090,06 2311+ PEL/BBR,1755663464,1755663470,1591,0,0
1755645150_2..S01X098,139250_2..S01X098,2,1,1755645150,02 2312+ 241/FLA,1755666221,1755666224,2325,0,0
1755645180_6..N01R,139300_6..N01R,6,0,1755645180,06 2313  BBR/PEL,1755663524,1755663530,1607,0,0
1755645210_7..N,139350_7..N,7,0,1755645210,07 2313+ 34H/MST,1755661589,1755661595,1072,0,0
1755645210_GS.S01R,139350_GS.S01R,GS,1,1755645210,0S 2313+ TSS/GCS,1755659738,1755659741,597,0,0
1755645240_4..S01X008,139400_4..S01X008,4,1,1755645240,04 2314  WDL/NLT,1755664898,1755664901,1881,0,0
1755645270_1..S03R,139450_1..S03R,1,1,1755645270,01 2314+ 242/SFT,1755663104,1755663110,1414,0,0
1755645300_7..S,139500_7..S,7,1,1755645300,07 2315 MST/34H,1755661784,1755661790,1095,0,0
1755645300_GS.N04R,139500_GS.N04R,GS,0,1755645300,0S 2315  GCS/TSS,1755659765,1755659768,525,0,0
1755645360_2..N01X180,139600_2..N01X180,2,0,1755645360,02 2316  FLA/241,1755665660,1755665663,1648,0,0
1755645510_5..N01R,139850_5..N01R,5,0,1755645510,05 2318+ 180/DYR,1755660806,1755660809,803,0,0
1755645510_GS.S04R,139850_GS.S04R,GS,1,1755645510,0S 2318+ TSS/GCS,1755659954,1755659960,576,0,0
1755645540_1..N11R,139900_1..N11R,1,0,1755645540,01 2319  SFT/242,1755663539,1755663545,1531,0,0
1755645600_3..N90X001,140000_3..N90X001,3,0,1755645600,03 2320  34S/148,1755661826,1755661829,995,0,0
1755645600_GS.N01R,140000_GS.N01R,GS,0,1755645600,0S 2320  GCS/TSS,1755660104,1755660110,536,0,0
1755645660_6..N01R,140100_6..N01R,6,0,1755645660,06 2321  BBR/PEL,1755663974,1755663980,1567,0,0
1755645660_7..S,140100_7..S,7,1,1755645660,07 2321 MST/34H,1755662231,1755662234,1133,0,0
1755645690_6..S01R,140150_6..S01R,6,1,1755645690,06 2321+ PEL/BBR,1755663881,1755663884,1542,0,0
1755645690_7..N,140150_7..N,7,0,1755645690,07 2321+ 34H/MST,1755662309,1755662315,1144,0,0
1755645810_GS.S01R,140350_GS.S01R,GS,1,1755645810,0S 2323+ TSS/GCS,1755660311,1755660314,591,0,0
1755645870_5..S01R,140450_5..S01R,5,1,1755645870,05 2324+ DYR/180,1755661046,1755661049,707,0,0
1755645900_GS.N04R,140500_GS.N04R,GS,0,1755645900,0S 2325  GCS/TSS,1755660353,1755660356,522,0,0
1755645930_4..N,140550_4..N,4,0,1755645930,04 2325+ NLT/WDL,1755664979,1755664985,316,0,0
1755645930_4..N01X006,140550_4..N01X006,4,0,1755645930,04 2325+ NLT/WDL,1755663794,1755663800,1439,0,0
1755645960_4..S01X008,140600_4..S01X008,4,1,1755645960,04 2326  WDL/NLT,1755666449,1755666455,2036,0,0
1755645990_1..S03R,140650_1..S03R,1,1,1755645990,01 2326+ 242/SFT,1755664016,1755664019,1498,0,0
1755645990_2..S01X098,140650_2..S01X098,2,1,1755645990,02 2326+ 241/FLA,1755666404,1755666410,2114,0,0
1755646110_7..N,140850_7..N,7,0,1755646110,07 2328+ 34H/MST,1755662708,1755662714,1131,0,0
1755646110_GS.S04R,140850_GS.S04R,GS,1,1755646110,0S 2328+ TSS/GCS,1755660563,1755660566,578,0,0
1755646140_1..N11R,140900_1..N11R,1,0,1755646140,01 2329  SFT/242,1755664046,1755664049,1506,0,0
1755646140_7..S,140900_7..S,7,1,1755646140,07 2329 MST/34H,1755662561,1755662564,1092,0,0
1755646200_GS.N01R,141000_GS.N01R,GS,0,1755646200,0S 2330  GCS/TSS,1755660689,1755660695,533,0,0
1755646230_3..S88X001,141050_3..S88X001,3,1,1755646230,03 2330+ 148/34S,1755662144,1755662150,920,0,0
1755646230_6..N01R,141050_6..N01R,6,0,1755646230,06 2330+ BBR/PEL,1755664358,1755664361,1510,0,0
1755646290_6..S01R,141150_6..S01R,6,1,1755646290,06 2331+ PEL/BBR,1755664214,1755664220,1472,0,0
1755646410_2..N01X180,141350_2..N01X180,2,0,1755646410,02 2333+ FLA/241,1755666548,1755666551,2094,0,0
1755646410_5..N01R,141350_5..N01R,5,0,1755646410,05 2333+ 180/DYR,1755661715,1755661718,806,0,0
1755646410_GS.S01R,141350_GS.S01R,GS,1,1755646410,0S 2333+ TSS/GCS,1755660899,1755660905,589,0,0
1755646500_GS.N04R,141500_GS.N04R,GS,0,1755646500,0S 2335  GCS/TSS,1755660968,1755660971,526,0,0
1755646530_7..N,141550_7..N,7,0,1755646530,07 2335+ 34H/MST,1755663053,1755663056,1115,0,0
1755646710_1..S03R,141850_1..S03R,1,1,1755646710,01 2338+ 242/SFT,1755665300,1755665303,1680,0,0
1755646710_GS.S04R,141850_GS.S04R,GS,1,1755646710,0S 2338+ TSS/GCS,1755661151,1755661154,575,0,0
1755646740_1..N11R,141900_1..N11R,1,0,1755646740,01 2339  SFT/242,1755664898,1755664901,1573,0,0
1755646740_2..S08R,141900_2..S08R,2,1,1755646740,02 2339  241/FLA,1755667730,1755667733,2318,0,0
1755646740_7..S,141900_7..S,7,1,1755646740,07 2339 MST/34H,1755663440,1755663443,1160,0,0
1755646800_GS.N01R,142000_GS.N01R,GS,0,1755646800,0S 2340  GCS/TSS,1755661298,1755661301,534,0,0
1755646830_4..N,142050_4..N,4,0,1755646830,04 2340+ NLT/WDL,1755665891,1755665894,305,0,0
1755646830_4..N01X006,142050_4..N01X006,4,0,1755646830,04 2340+ NLT/WDL,1755664745,1755664748,1452,0,0
1755646860_6..N01R,142100_6..N01R,6,0,1755646860,06 2341  BBR/PEL,1755665189,1755665195,1571,0,0
1755646890_6..S01R,142150_6..S01R,6,1,1755646890,06 2341+ PEL/BBR,1755665000,1755665003,1520,0,0
1755646920_5..S32R,142200_5..S32R,5,1,1755646920,05 2342  DYR/180,1755662036,1755662039,731,0,0
1755646950_7..N,142250_7..N,7,0,1755646950,07 2342+ 34H/MST,1755663620,1755663623,1148,0,0
1755647010_4..S01X008,142350_4..S01X008,4,1,1755647010,04 2343+ WDL/NLT,1755667130,1755667133,1977,0,0
1755647010_GS.S01R,142350_GS.S01R,GS,1,1755647010,0S 2343+ TSS/GCS,1755661499,1755661505,588,0,0
1755647100_GS.N04R,142500_GS.N04R,GS,0,1755647100,0S 2345  GCS/TSS,1755661589,1755661595,532,0,0
1755647130_2..N01X180,142550_2..N01X180,2,0,1755647130,02 2345+ FLA/241,1755667901,1755667904,2216,0,0
1755647220_5..N01R,142700_5..N01R,5,0,1755647220,05 2347  180/DYR,1755662366,1755662369,738,0,0
1755647250_3..S88X001,142750_3..S88X001,3,1,1755647250,03 2347+ 148/34S,1755663416,1755663419,1017,0,0
1755647310_7..N,142850_7..N,7,0,1755647310,07 2348+ 34H/MST,1755663794,1755663800,1102,0,0
1755647310_GS.S04R,142850_GS.S04R,GS,1,1755647310,0S 2348+ TSS/GCS,1755661799,1755661805,588,0,0
1755647340_1..N11R,142900_1..N11R,1,0,1755647340,01 2349  SFT/242,1755665549,1755665555,1587,0,0
1755647340_7..S,142900_7..S,7,1,1755647340,07 2349 MST/34H,1755663851,1755663854,1117,0,0
1755647400_GS.N01R,143000_GS.N01R,GS,0,1755647400,0S 2350  GCS/TSS,1755661904,1755661910,536,0,0
1755647460_6..N01R,143100_6..N01R,6,0,1755647460,06 2351  BBR/PEL,1755665639,1755665645,1531,0,0
1755647550_1..S03R,143250_1..S03R,1,1,1755647550,01 2352+ 242/SFT,1755665531,1755665534,1502,0,0
1755647550_6..S01R,143250_6..S01R,6,1,1755647550,06 2352+ PEL/BBR,1755665639,1755665645,1531,0,0
1755647610_GS.S01R,143350_GS.S01R,GS,1,1755647610,0S 2353+ TSS/GCS,1755662099,1755662105,587,0,0
1755647640_4..N,143400_4..N,4,0,1755647640,04 2354  NLT/WDL,1755666824,1755666830,291,0,0
1755647640_4..N01X006,143400_4..N01X006,4,0,1755647640,04 2354  NLT/WDL,1755665738,1755665741,1556,0,0
1755647700_GS.N04R,143500_GS.N04R,GS,0,1755647700,0S 2355  GCS/TSS,1755662168,1755662171,525,0,0
1755647790_7..N,143650_7..N,7,0,1755647790,07 2356+ 34H/MST,1755664283,1755664286,1115,0,0
1755647910_GS.S04R,143850_GS.S04R,GS,1,1755647910,0S 2358+ TSS/GCS,1755662411,1755662414,590,0,0
1755647940_1..N11R,143900_1..N11R,1,0,1755647940,01 2359  SFT/242,1755666299,1755666305,1626,0,0
1755647940_2..S08R,143900_2..S08R,2,1,1755647940,02 2359  241/FLA,1755669431,1755669434,2466,0,0
1755647940_7..S,143900_7..S,7,1,1755647940,07 2359 MST/34H,1755664523,1755664526,1139,0,0
1755648060_2..N01X180,144100_2..N01X180,2,0,1755648060,02 0001  FLA/241,1755582120,1755582123,2254,0,0
1755648060_6..N01R,144100_6..N01R,6,0,1755648060,06 0001  BBR/PEL,1755579804,1755579810,1657,0,0
1755648120_5..S32R,000200_5..S32R,5,1,1755648120,05 0002  DYR/180,1755663188,1755663191,824,0,0
1755648180_3..N90X001,144300_3..N90X001,3,0,1755648180,03 0003  34S/148,1755578354,1755578360,1215,0,0
1755648180_4..N,144300_4..N,4,0,1755648180,04 0003  NLT/WDL,1755581949,1755581955,334,0,0
1755648180_4..N01X006,144300_4..N01X006,4,0,1755648180,04 0003  NLT/WDL,1755580701,1755580704,1861,0,0
1755648210_7..N,000350_7..N,7,0,1755648210,07 0003+ 34H/MST,1755664589,1755664595,1048,0,0
1755648240_4..S01X008,000400_4..S01X008,4,1,1755648240,04 0004  WDL/NLT,1755668351,1755668354,1989,0,0
1755648240_5..N32R,144400_5..N32R,5,0,1755648240,05 0004  180/DYR,1755576935,1755576938,755,0,0
1755648270_3..S88X001,000450_3..S88X001,3,1,1755648270,03 0004+ 148/34S,1755664346,1755664349,946,0,0
1755648390_1..S03R,000650_1..S03R,1,1,1755648390,01 0006+ 242/SFT,1755667100,1755667103,1674,0,0
1755648420_6..S01R,000700_6..S01R,6,1,1755648420,06 0007  PEL/BBR,1755666974,1755666980,1648,0,0
1755648540_1..N11R,144900_1..N11R,1,0,1755648540,01 0009  SFT/242,1755580929,1755580935,1877,0,0
1755648660_6..N01R,145100_6..N01R,6,0,1755648660,06 0011  BBR/PEL,1755580359,1755580365,1644,0,0
1755648660_7..N,001100_7..N,7,0,1755648660,07 0011 34H/MST,1755665189,1755665195,1109,0,0
1755648690_7..S,001150_7..S,7,1,1755648690,07 0011+ MST/34H,1755665348,1755665351,778,0,0
1755648840_2..N08X180,145400_2..N08X180,2,0,1755648840,02 0014  FLA/241,1755583311,1755583314,2432,0,0
1755648900_4..S13R,001500_4..S13R,4,1,1755648900,04 0015  WDL/NLT,1755669140,1755669143,2068,0,0
1755649140_1..N11R,145900_1..N11R,1,0,1755649140,01 0019  SFT/242,1755581190,1755581193,1787,0,0
1755649140_2..S08R,001900_2..S08R,2,1,1755649140,02 0019  241/FLA,1755670700,1755670703,2483,0,0
1755649140_7..N,001900_7..N,7,0,1755649140,07 0019 34H/MST,1755665609,1755665615,1087,0,0
1755649200_4..N,146000_4..N,4,0,1755649200,04 0020  NLT/WDL,1755583269,1755583275,317,0,0
1755649200_4..N01X006,146000_4..N01X006,4,0,1755649200,04 0020  NLT/WDL,1755582081,1755582084,1945,0,0
1755649260_6..N01R,146100_6..N01R,6,0,1755649260,06 0021  BBR/PEL,1755581043,1755581046,1667,0,0
1755649320_5..S32R,002200_5..S32R,5,1,1755649320,05 0022  DYR/180,1755664406,1755664409,722,0,0
1755649320_6..S01R,002200_6..S01R,6,1,1755649320,06 0022  PEL/BBR,1755667475,1755667478,1542,0,0
1755649380_5..N32R,002300_5..N32R,5,0,1755649380,05 0023  180/DYR,1755664574,1755664580,767,0,0
1755649470_3..S88X001,002450_3..S88X001,3,1,1755649470,03 0024+ 148/34S,1755665678,1755665684,981,0,0
1755649530_1..S,002550_1..S,1,1,1755649530,/1 0025+ 242/SFT,1755668480,1755668483,90,0,0
1755649530_1..S03R,002550_1..S03R,1,1,1755649530,/1 0025+ 242/SFT,1755667964,1755667970,1593,0,0
1755649530_3..N90X001,146550_3..N90X001,3,0,1755649530,03 0025+ 34S/148,1755579134,1755579140,1072,0,0
1755649530_7..S,002550_7..S,7,1,1755649530,07 0025+ MST/34H,1755666116,1755666119,982,0,0
1755649710_7..N,002850_7..N,7,0,1755649710,07 0028+ 34H/MST,1755666371,1755666374,1131,0,0
1755649860_6..N01R,147100_6..N01R,6,0,1755649860,06 0031  BBR/PEL,1755582219,1755582225,1822,0,0
1755649920_1..N11R,147200_1..N11R,1,0,1755649920,01 0032  SFT/242,1755582051,1755582054,1777,0,0
1755650010_2..N08X180,147350_2..N08X180,2,0,1755650010,02 0033+ FLA/241,1755584889,1755584895,2533,0,0
1755650100_4..S13R,003500_4..S13R,4,1,1755650100,04 0035  WDL/NLT,1755670529,1755670535,2119,0,0
1755650220_4..N,147700_4..N,4,0,1755650220,04 0037  NLT/WDL,1755583629,1755583635,281,0,0
1755650220_4..N01X006,147700_4..N01X006,4,0,1755650220,04 0037  NLT/WDL,1755582576,1755582579,1837,0,0
1755650310_7..N,003850_7..N,7,0,1755650310,07 0038+ 34H/MST,1755666950,1755666953,1132,0,0
1755650340_2..S08R,003900_2..S08R,2,1,1755650340,02 0039  241/FLA,1755672530,1755672533,2652,0,0
1755650370_6..S01R,003950_6..S01R,6,1,1755650370,06 0039+ PEL/BBR,1755668543,1755668546,1509,0,0
1755650400_7..S,004000_7..S,7,1,1755650400,07 0040 MST/34H,1755667283,1755667286,1222,0,0
1755650460_6..N01R,148100_6..N01R,6,0,1755650460,06 0041  BBR/PEL,1755582441,1755582444,1722,0,0
1755650520_5..S32R,004200_5..S32R,5,1,1755650520,05 0042  DYR/180,1755665579,1755665585,717,0,0
1755650580_5..N32R,004300_5..N32R,5,0,1755650580,05 0043  180/DYR,1755665759,1755665765,764,0,0
1755650670_3..S88X001,004450_3..S88X001,3,1,1755650670,03 0044+ 148/34S,1755667049,1755667055,1030,0,0
1755650700_1..N11R,148500_1..N11R,1,0,1755650700,01 0045  SFT/242,1755582861,1755582864,1754,0,0
1755650730_1..S03R,004550_1..S03R,1,1,1755650730,01 0045+ 242/SFT,1755669101,1755669104,1580,0,0
1755650730_3..N90X001,004550_3..N90X001,3,0,1755650730,03 0045+ 34S/148,1755667118,1755667121,1048,0,0
1755650820_4..N,148700_4..N,4,0,1755650820,04 0047  NLT/WDL,1755584829,1755584835,363,0,0
1755650820_4..N01X046,148700_4..N01X046,4,0,1755650820,04 0047  NLT/WDL,1755583473,1755583476,1917,0,0
1755650910_7..N,004850_7..N,7,0,1755650910,07 0048+ 34H/MST,1755667565,1755667568,1102,0,0
1755651060_6..N01R,149100_6..N01R,6,0,1755651060,06 0051  BBR/PEL,1755582861,1755582864,1669,0,0
1755651300_4..S13R,005500_4..S13R,4,1,1755651300,04 0055  WDL/NLT,1755672089,1755672095,2215,0,0
1755651540_1..N11R,149900_1..N11R,1,0,1755651540,01 0059  SFT/242,1755583590,1755583593,1765,0,0
1755651540_2..S08R,005900_2..S08R,2,1,1755651540,02 0059  241/FLA,1755673523,1755673526,2597,0,0
1755651570_6..S01R,005950_6..S01R,6,1,1755651570,06 0059+ PEL/BBR,1755669608,1755669611,1474,0,0
1755651600_7..S,006000_7..S,7,1,1755651600,07 0100 MST/34H,1755668525,1755668528,1167,0,0
1755651690_7..N,006150_7..N,7,0,1755651690,07 0101+ 34H/MST,1755668519,1755668525,1166,0,0
1755651720_5..S32R,006200_5..S32R,5,1,1755651720,05 0102  DYR/180,1755666779,1755666785,716,0,0
1755651780_5..N32R,006300_5..N32R,5,0,1755651780,05 0103  180/DYR,1755666848,1755666851,734,0,0
1755651780_6..N01R,150300_6..N01R,6,0,1755651780,06 0103  BBR/PEL,1755583560,1755583563,1660,0,0
1755651870_3..S88X001,006450_3..S88X001,3,1,1755651870,03 0104+ 148/34S,1755668171,1755668174,1009,0,0
1755651930_1..S03R,006550_1..S03R,1,1,1755651930,01 0105+ 242/SFT,1755670421,1755670424,1610,0,0
1755651930_3..N90X001,006550_3..N90X001,3,0,1755651930,03 0105+ 34S/148,1755668471,1755668474,1089,0,0
1755652020_4..N,150700_4..N,4,0,1755652020,04 0107  NLT/WDL,1755585714,1755585720,291,0,0
1755652020_4..N01X046,150700_4..N01X046,4,0,1755652020,04 0107  NLT/WDL,1755584628,1755584631,1847,0,0
1755652230_7..N,007050_7..N,7,0,1755652230,07 0110+ 34H/MST,1755669119,1755669125,1223,0,0
1755652470_1..N03R,007450_1..N03R,1,0,1755652470,01 0114+ SFT/242,1755670910,1755670913,1519,0,0
1755652500_4..S13R,007500_4..S13R,4,1,1755652500,04 0115  WDL/NLT,1755672611,1755672614,2038,0,0
1755652680_6..N,007800_6..N,6,0,1755652680,E6 0118  BBR/PEL,1755671081,1755671084,482,0,0
1755652680_6..N01R,007800_6..N01R,6,0,1755652680,06 0118  BBR/PEL,1755669269,1755669275,1135,0,0
1755652740_2..S08R,007900_2..S08R,2,1,1755652740,02 0119  241/FLA,1755673943,1755673946,2389,0,0
1755652770_6..S01R,007950_6..S01R,6,1,1755652770,06 0119+ PEL/BBR,1755670505,1755670508,1392,0,0
1755652800_7..S,008000_7..S,7,1,1755652800,07 0120 MST/34H,1755669794,1755669800,1232,0,0
1755652920_5..S32R,008200_5..S32R,5,1,1755652920,05 0122  DYR/180,1755667949,1755667955,710,0,0
1755652980_5..N32R,008300_5..N32R,5,0,1755652980,05 0123  180/DYR,1755668081,1755668084,745,0,0
1755653070_3..S88X001,008450_3..S88X001,3,1,1755653070,03 0124+ 148/34S,1755669281,1755669284,987,0,0
1755653130_1..S03R,008550_1..S03R,1,1,1755653130,01 0125+ 242/SFT,1755671531,1755671534,1586,0,0
1755653130_3..N90X001,008550_3..N90X001,3,0,1755653130,03 0125+ 34S/148,1755669680,1755669683,1093,0,0
1755653220_4..N,152700_4..N,4,0,1755653220,04 0127  NLT/WDL,1755586695,1755586698,309,0,0
1755653220_4..N01X046,152700_4..N01X046,4,0,1755653220,04 0127  NLT/WDL,1755585534,1755585540,1696,0,0
1755653430_7..N,009050_7..N,7,0,1755653430,07 0130+ 34H/MST,1755670370,1755670373,1186,0,0
1755653610_2..N08X180,153350_2..N08X180,2,0,1755653610,02 0133+ FLA/241,1755588405,1755588408,2412,0,0
1755653610_6..N,009350_6..N,6,0,1755653610,E6 0133+ BBR/PEL,1755671789,1755671795,460,0,0
1755653610_6..N01R,009350_6..N01R,6,0,1755653610,06 0133+ BBR/PEL,1755670064,1755670070,1116,0,0
1755653670_1..N03R,009450_1..N03R,1,0,1755653670,01 0134+ SFT/242,1755673001,1755673004,1710,0,0
1755653700_4..S13R,009500_4..S13R,4,1,1755653700,04 0135  WDL/NLT,1755674081,1755674084,2107,0,0
1755653970_6..S,009950_6..S,6,1,1755653970,E6 0139+ PEL/BBR,1755672413,1755672416,342,1,0
1755653970_6..S01R,009950_6..S01R,6,1,1755653970,=6 0139+ PEL/BBR,1755670889,1755670895,1175,0,0
1755654000_7..S,010000_7..S,7,1,1755654000,07 0140 MST/34H,1755671300,1755671303,1318,0,0
1755654120_5..S32R,010200_5..S32R,5,1,1755654120,05 0142  DYR/180,1755669200,1755669203,725,0,0
1755654180_5..N32R,010300_5..N32R,5,0,1755654180,05 0143  180/DYR,1755669269,1755669275,744,0,0
1755654270_3..S88X001,010450_3..S88X001,3,1,1755654270,03 0144+ 148/34S,1755670631,1755670634,1026,0,0
1755654330_1..S03R,010550_1..S03R,1,1,1755654330,01 0145+ 242/SFT,1755672449,1755672455,1511,0,0
1755654330_3..N90X001,010550_3..N90X001,3,0,1755654330,03 0145+ 34S/148,1755670721,1755670724,1050,0,0
1755654420_4..N,010700_4..N,4,0,1755654420,04 0147  NLT/WDL,1755674333,1755674336,289,0,0
1755654420_4..N01X046,010700_4..N01X046,4,0,1755654420,04 0147  NLT/WDL,1755673250,1755673253,1724,0,0
1755654540_2..S08R,010900_2..S08R,2,1,1755654540,02 0149  241/FLA,1755675563,1755675566,2692,0,0
1755654630_7..N,011050_7..N,7,0,1755654630,07 0150+ 34H/MST,1755671288,1755671291,1158,0,0
1755654750_6..N01R,011250_6..N01R,6,0,1755654750,06 0152+ BBR/PEL,1755673160,1755673163,1619,0,0
1755654810_2..N08X180,155350_2..N08X180,2,0,1755654810,02 0153+ FLA/241,1755589686,1755589689,2514,0,0
1755654870_1..N03R,011450_1..N03R,1,0,1755654870,01 0154+ SFT/242,1755673199,1755673205,1549,0,0
1755654900_4..S13R,011500_4..S13R,4,1,1755654900,04 0155  WDL/NLT,1755675389,1755675395,2133,0,0
1755655170_6..S01R,011950_6..S01R,6,1,1755655170,06 0159+ PEL/BBR,1755673118,1755673121,1447,0,0
1755655200_7..S,012000_7..S,7,1,1755655200,07 0200 MST/34H,1755672239,1755672245,1260,0,0
1755655320_5..S32R,012200_5..S32R,5,1,1755655320,05 0202  DYR/180,1755670361,1755670364,712,0,0
1755655380_5..N32R,012300_5..N32R,5,0,1755655380,05 0203  180/DYR,1755670661,1755670664,792,0,0
1755655470_3..S88X001,012450_3..S88X001,3,1,1755655470,03 0204+ 148/34S,1755671990,1755671993,1066,0,0
1755655530_1..S03R,012550_1..S03R,1,1,1755655530,01 0205+ 242/SFT,1755673781,1755673784,1544,0,0
1755655530_3..N90X001,012550_3..N90X001,3,0,1755655530,03 0205+ 34S/148,1755671699,1755671705,989,0,0
1755655620_4..N,012700_4..N,4,0,1755655620,04 0207  NLT/WDL,1755675479,1755675485,282,0,0
1755655620_4..N01X046,012700_4..N01X046,4,0,1755655620,04 0207  NLT/WDL,1755674420,1755674423,1714,0,0
1755655830_7..N,013050_7..N,7,0,1755655830,07 0210+ 34H/MST,1755672689,1755672695,1205,0,0
1755655950_6..N01R,013250_6..N01R,6,0,1755655950,06 0212+ BBR/PEL,1755673976,1755673979,1516,0,0
1755656010_2..N08X180,013350_2..N08X180,2,0,1755656010,02 0213+ FLA/241,1755677633,1755677636,2601,0,0
1755656070_1..N03R,013450_1..N03R,1,0,1755656070,01 0214+ SFT/242,1755674339,1755674345,1533,0,0
1755656100_4..S13R,013500_4..S13R,4,1,1755656100,04 0215  WDL/NLT,1755676031,1755676034,1983,0,0
1755656340_2..S08R,013900_2..S08R,2,1,1755656340,02 0219  241/FLA,1755676733,1755676736,2169,0,0
1755656370_6..S,013950_6..S,6,1,1755656370,06 0219+ PEL/BBR,1755674249,1755674255,45,0,0
1755656370_6..S01R,013950_6..S01R,6,1,1755656370,06 0219+ PEL/BBR,1755674081,1755674084,1382,0,0
1755656400_7..S,014000_7..S,7,1,1755656400,07 0220 MST/34H,1755673424,1755673430,1231,0,0
1755656520_5..S32R,014200_5..S32R,5,1,1755656520,05 0222  DYR/180,1755671579,1755671585,715,0,0
1755656580_5..N32R,014300_5..N32R,5,0,1755656580,05 0223  180/DYR,1755671669,1755671675,739,0,0
1755656670_3..S88X001,014450_3..S88X001,3,1,1755656670,03 0224+ 148/34S,1755672929,1755672935,995,0,0
1755656730_1..S03R,014550_1..S03R,1,1,1755656730,01 0225+ 242/SFT,1755674549,1755674555,1427,0,0
1755656730_3..N90X001,014550_3..N90X001,3,0,1755656730,03 0225+ 34S/148,1755672890,1755672893,984,0,0
1755656820_4..N,014700_4..N,4,0,1755656820,04 0227  NLT/WDL,1755676739,1755676745,299,0,0
1755656820_4..N01X046,014700_4..N01X046,4,0,1755656820,04 0227  NLT/WDL,1755675614,1755675620,1710,0,0
1755657030_7..N,015050_7..N,7,0,1755657030,07 0230+ 34H/MST,1755673949,1755673955,1211,0,0
1755657150_6..N01R,015250_6..N01R,6,0,1755657150,06 0232+ BBR/PEL,1755675323,1755675326,1553,0,0
1755657210_2..N,015350_2..N,2,0,1755657210,E2 0233+ FLA/241,1755677969,1755677975,1540,1,0
1755657210_2..N08X180,015350_2..N08X180,2,0,1755657210,02 0233+ FLA/241,1755672620,1755672623,832,0,0
1755657270_1..N03R,015450_1..N03R,1,0,1755657270,01 0234+ SFT/242,1755675263,1755675266,1457,0,0
1755657300_4..S13R,015500_4..S13R,4,1,1755657300,04 0235  WDL/NLT,1755677381,1755677384,2098,0,0
1755657540_2..S08R,015900_2..S08R,2,1,1755657540,02 0239  241/FLA,1755678053,1755678056,2367,0,0
1755657570_6..S01R,015950_6..S01R,6,1,1755657570,06 0239+ PEL/BBR,1755675485,1755675488,1436,0,0
1755657600_7..S,016000_7..S,7,1,1755657600,07 0240 MST/34H,1755674270,1755674273,1093,0,0
1755657720_5..S32R,016200_5..S32R,5,1,1755657720,05 0242  DYR/180,1755672749,1755672755,708,0,0
1755657780_5..N32R,016300_5..N32R,5,0,1755657780,05 0243  180/DYR,1755672851,1755672854,735,0,0
1755657870_3..S88X001,016450_3..S88X001,3,1,1755657870,03 0244+ 148/34S,1755674231,1755674234,1023,0,0
1755657930_1..S03R,016550_1..S03R,1,1,1755657930,01 0245+ 242/SFT,1755675833,1755675836,1449,0,0
1755657930_3..N90X001,016550_3..N90X001,3,0,1755657930,03 0245+ 34S/148,1755674129,1755674135,996,0,0
1755658020_4..N,016700_4..N,4,0,1755658020,E4 0247  NLT/WDL,1755678113,1755678116,1153,0,0
1755658020_4..N01X046,016700_4..N01X046,4,0,1755658020,=4 0247  NLT/WDL,1755674441,1755674444,1079,0,0
1755658230_7..N,017050_7..N,7,0,1755658230,07 0250+ 34H/MST,1755675014,1755675020,1167,0,0
1755658350_6..N01R,017250_6..N01R,6,0,1755658350,06 0252+ BBR/PEL,1755676949,1755676955,1687,0,0
1755658410_2..N08X180,017350_2..N08X180,2,0,1755658410,02 0253+ FLA/241,1755679361,1755679364,2651,0,0
1755658470_1..N03R,017450_1..N03R,1,0,1755658470,01 0254+ SFT/242,1755676349,1755676355,1427,0,0
1755658500_4..S13R,017500_4..S13R,4,1,1755658500,04 0255  WDL/NLT,1755677999,1755678005,2105,0,0
1755658740_2..S08R,017900_2..S08R,2,1,1755658740,02 0259  241/FLA,1755679511,1755679514,2631,0,0
1755658770_6..S01R,017950_6..S01R,6,1,1755658770,06 0259+ PEL/BBR,1755676829,1755676835,1479,0,0
1755658800_7..S,018000_7..S,7,1,1755658800,07 0300 MST/34H,1755675695,1755675698,1174,0,0
1755658920_5..S32R,018200_5..S32R,5,1,1755658920,05 0302  DYR/180,1755674009,1755674015,724,0,0
1755658980_5..N32R,018300_5..N32R,5,0,1755658980,05 0303  180/DYR,1755674093,1755674096,746,0,0
1755659070_3..S88X001,018450_3..S88X001,3,1,1755659070,03 0304+ 148/34S,1755674981,1755674984,903,0,0
1755659130_1..S03R,018550_1..S03R,1,1,1755659130,01 0305+ 242/SFT,1755677003,1755677006,1468,0,0
1755659130_3..N90X001,018550_3..N90X001,3,0,1755659130,03 0305+ 34S/148,1755675083,1755675086,930,0,0
1755659220_4..N,018700_4..N,4,0,1755659220,04 0307  NLT/WDL,1755679349,1755679355,488,0,0
1755659220_4..N01X046,018700_4..N01X046,4,0,1755659220,04 0307  NLT/WDL,1755678131,1755678134,1919,0,0
1755659430_7..N,019050_7..N,7,0,1755659430,07 0310+ 34H/MST,1755676223,1755676226,1131,0,0
1755659550_6..N,019250_6..N,6,0,1755659550,/6 0312+ BBR/PEL,1755677741,1755677744,453,0,0
1755659550_6..N01R,019250_6..N01R,6,0,1755659550,/6 0312+ BBR/PEL,1755676514,1755676520,1230,0,0
1755659610_2..N08X180,019350_2..N08X180,2,0,1755659610,02 0313+ FLA/241,1755680396,,2745,0,0
1755659670_1..N03R,019450_1..N03R,1,0,1755659670,01 0314+ SFT/242,1755677381,1755677384,1459,0,0
1755659700_4..S13R,019500_4..S13R,4,1,1755659700,04 0315  WDL/NLT,1755679859,1755679865,2503,0,0
1755659940_2..S08R,019900_2..S08R,2,1,1755659940,02 0319  241/FLA,1755680396,,2665,0,0
1755659970_6..S01R,019950_6..S01R,6,1,1755659970,06 0319+ PEL/BBR,1755677861,1755677864,1571,0,0
1755660000_7..S,020000_7..S,7,1,1755660000,07 0320 MST/34H,1755676775,1755676778,1185,0,0
1755660120_5..S32R,020200_5..S32R,5,1,1755660120,05 0322  DYR/180,1755675149,1755675155,708,0,0
1755660180_5..N32R,020300_5..N32R,5,0,1755660180,05 0323  180/DYR,1755675539,1755675545,811,0,0
1755660270_3..S88X001,020450_3..S88X001,3,1,1755660270,03 0324+ 148/34S,1755676319,1755676325,939,0,0
1755660330_1..S03R,020550_1..S03R,1,1,1755660330,01 0325+ 242/SFT,1755678191,1755678194,1623,0,0
1755660330_3..N90X001,020550_3..N90X001,3,0,1755660330,03 0325+ 34S/148,1755676613,1755676616,1016,0,0
1755660420_4..N,020700_4..N,4,0,1755660420,04 0327  NLT/WDL,1755680354,1755680360,444,0,0
1755660420_4..N01X046,020700_4..N01X046,4,0,1755660420,04 0327  NLT/WDL,1755679244,1755679250,2045,0,0
1755660630_7..N,021050_7..N,7,0,1755660630,07 0330+ 34H/MST,1755677156,1755677159,1134,0,0
1755660750_6..N,021250_6..N,6,0,1755660750,/6 0332+ BBR/PEL,1755679019,1755679025,873,0,0
1755660750_6..N01R,021250_6..N01R,6,0,1755660750,06 0332+ BBR/PEL,1755676838,1755676841,866,0,0
1755660810_2..N08X180,021350_2..N08X180,2,0,1755660810,02 0333+ FLA/241,1755680396,,2425,0,0
1755660870_1..N03R,021450_1..N03R,1,0,1755660870,01 0334+ SFT/242,1755678641,1755678644,1643,0,0
1755660900_4..S13R,021500_4..S13R,4,1,1755660900,04 0335  WDL/NLT,1755680396,,2384,0,0
1755661140_2..S08R,021900_2..S08R,2,1,1755661140,02 0339  241/FLA,1755680396,,2345,0,0
1755661170_6..S01R,021950_6..S01R,6,1,1755661170,06 0339+ PEL/BBR,1755678986,1755678989,1701,0,0
1755661200_7..S,022000_7..S,7,1,1755661200,07 0340 MST/34H,1755677846,1755677849,1286,0,0
1755661320_5..S32R,022200_5..S32R,5,1,1755661320,05 0342  DYR/180,1755676373,1755676376,713,0,0
1755661380_5..N32R,022300_5..N32R,5,0,1755661380,05 0343  180/DYR,1755676439,1755676445,731,0,0
1755661470_3..S88X001,022450_3..S88X001,3,1,1755661470,03 0344+ 148/34S,1755677249,1755677255,927,0,0
1755661530_1..S03R,022550_1..S03R,1,1,1755661530,01 0345+ 242/SFT,1755679349,1755679355,1767,0,0
1755661530_3..N90X001,022550_3..N90X001,3,0,1755661530,03 0345+ 34S/148,1755677429,1755677435,999,0,0
1755661620_4..N01X046,022700_4..N01X046,4,0,1755661620,04 0347  NLT/WDL,1755680396,,2185,0,0
1755661830_7..N,023050_7..N,7,0,1755661830,07 0350+ 34H/MST,1755678485,1755678488,1348,0,0
1755661950_6..N01R,023250_6..N01R,6,0,1755661950,06 0352+ BBR/PEL,1755680294,1755680300,2065,0,0
1755662010_2..N08X180,023350_2..N08X180,2,0,1755662010,02 0353+ FLA/241,1755680396,,2105,0,0
1755662040_2..S08R,023400_2..S08R,2,1,1755662040,02 0354  241/FLA,1755680396,,2105,0,0
1755662070_1..N03R,023450_1..N03R,1,0,1755662070,01 0354+ SFT/242,1755679919,1755679925,1835,0,0
1755662100_4..S13R,023500_4..S13R,4,1,1755662100,04 0355  WDL/NLT,1755680396,,2095,0,0
1755662370_6..S01R,023950_6..S01R,6,1,1755662370,$6 0359+ PEL/BBR,1755678728,1755678731,1278,0,0
1755662400_7..S,024000_7..S,7,1,1755662400,07 0400 MST/34H,1755679439,1755679445,1611,0,0
1755576000_A..N43R,024000_A..N43R,A,0,1755576000,1A 0400 LEF/EUC,1755591062,1755591064,473,0,0
1755576060_H..N21R,024100_H..N21R,H,0,1755576060,1H 0401 RPK/BCR,1755601260,1755601273,1606,0,0
1755576120_A..N09R,024200_A..N09R,A,0,1755576120,1A 0402 FAR/207,1755597461,1755597474,1203,0,0
1755576330_H..S21R,024550_H..S21R,H,1,1755576330,1H 0405+ BCR/RPK,1755592386,1755592398,606,0,0
1755576390_A..S43R,024650_A..S43R,A,1,1755576390,1A 0406+ EUC/LEF,1755591380,1755591392,464,0,0
1755576600_E..N05R,025000_E..N05R,E,0,1755576600,1E 0410 WTC/P-A,1755601801,1755601813,1606,0,0
1755576600_E..S,025000_E..S,E,1,1755576600,$E 0445 ELY/WTC,1755594923,1755594936,118,0,0
1755577080_A..S,025800_A..S,A,1,1755577080,1A 0418 168/FAR,1755597536,1755597549,1085,0,0
1755577200_A..N43R,026000_A..N43R,A,0,1755577200,1A 0420 LEF/EUC,1755592115,1755592128,454,0,0
1755577260_H..N21R,026100_H..N21R,H,0,1755577260,1H 0421 RPK/BCR,1755602461,1755602476,1605,0,0
1755577320_A..N09R,026200_A..N09R,A,0,1755577320,1A 0422 FAR/207,1755598001,1755598016,1100,0,0
1755577530_H..S21R,026550_H..S21R,H,1,1755577530,1H 0425+ BCR/RPK,1755592371,1755592383,444,0,0
1755577590_A..S43R,026650_A..S43R,A,1,1755577590,1A 0426+ EUC/LEF,1755594518,1755594533,630,0,0
1755577800_E..N05R,027000_E..N05R,E,0,1755577800,1E 0430 WTC/P-A,1755595659,1755595672,746,1,1
1755577890_E..S04R,027150_E..S04R,E,1,1755577890,1E 0431+ P-A/WTC,1755595794,1755595807,758,0,0
1755578220_A..N09R,027700_A..N09R,A,0,1755578220,1A 0437 FAR/207,1755599098,1755599113,1088,0,0
1755578280_A..S,027800_A..S,A,1,1755578280,1A 0438 168/FAR,1755599008,1755599023,1078,0,0
1755578400_A..N43R,028000_A..N43R,A,0,1755578400,1A 0440 LEF/EUC,1755593497,1755593512,501,0,0
1755578730_H..S21R,028550_H..S21R,H,1,1755578730,1H 0445+ BCR/RPK,1755593707,1755593722,493,0,0
1755578790_A..S43R,028650_A..S43R,A,1,1755578790,1A 0446+ EUC/LEF,1755594518,1755594533,120,0,0
1755578940_H..N21R,028900_H..N21R,H,0,1755578940,1H 0449 RPK/BCR,1755604128,1755604143,1583,0,0
1755579000_E..N05R,029000_E..N05R,E,0,1755579000,1E 0450 WTC/P-A,1755597146,1755597158,864,0,0
1755579060_A..N09R,029100_A..N09R,A,0,1755579060,1A 0451 FAR/207,1755600089,1755600101,1141,0,0
1755579420_E..S04R,029700_E..S04R,E,1,1755579420,1E 0457 P-A/WTC,1755597776,1755597791,688,0,0
1755579480_A..S74X043,029800_A..S74X043,A,1,1755579480,1A 0458 168/FAR,1755599939,1755599951,1070,0,0
1755579780_A..N43R,030300_A..N43R,A,0,1755579780,1A 0503 LEF/EUC,1755594816,1755594818,458,0,0
1755579990_A..S43R,030650_A..S43R,A,1,1755579990,1A 0506+ EUC/LEF,1755595356,1755595359,502,0,0
1755580080_H..S21R,030800_H..S21R,H,1,1755580080,1H 0508 BCR/RPK,1755595013,1755595026,445,0,0
1755580140_A..S53R,030900_A..S53R,A,1,1755580140,1A 0509 207/FAR,1755600795,1755600807,1096,0,0
1755580200_E..N05R,031000_E..N05R,E,0,1755580200,1E 0510 WTC/P-A,1755598122,1755598137,820,0,0
1755580260_H..N21R,031100_H..N21R,H,0,1755580260,1H 0511 RPK/BCR,1755605462,1755605464,1587,0,0
1755580530_C..S05R,031550_C..S05R,C,1,1755580530,1C 0515+ 168/EUC,1755599203,1755599218,848,0,0
1755580950_E..S69R,032250_E..S69R,E,1,1755580950,1E 0522+ P-A/WTC,1755598482,1755598497,744,0,0
1755581040_A..N04R,032400_A..N04R,A,0,1755581040,1A 0524 LEF/207,1755600569,1755600582,946,0,0
1755581040_E..N05R,032400_E..N05R,E,0,1755581040,1E 0524 WTC/P-A,1755598992,1755599008,497,0,0
1755581100_A..S58R,032500_A..S58R,A,1,1755581100,1A 0525 207/FAR,1755601545,1755601558,1068,1,1
1755581190_A..S43R,032650_A..S43R,A,1,1755581190,1A 0526+ EUC/LEF,1755596410,1755596422,483,0,0
1755581340_H..N21R,032900_H..N21R,H,0,1755581340,1H 0529 RPK/BCR,1755606530,1755606543,1586,0,0
1755581370_H..S21R,032950_H..S21R,H,1,1755581370,1H 0529+ BCR/RPK,1755596257,1755596260,438,0,0
1755581460_C..S05R,033100_C..S05R,C,1,1755581460,1C 0531 168/EUC,1755599966,1755599969,809,0,0
1755581640_A..N55R,033400_A..N55R,A,0,1755581640,1A 0534 FAR/207,1755601305,1755601317,964,0,0
1755581850_E..S69R,033750_E..S69R,E,1,1755581850,1E 0537+ P-A/WTC,1755599368,1755599383,651,0,0
1755581910_E..N05R,033850_E..N05R,E,0,1755581910,1E 0538+ WTC/P-A,1755599699,1755599711,714,0,0
1755582030_A..S57R,034050_A..S57R,A,1,1755582030,1A 0540+ 207/LEF,1755601035,1755601047,876,1,0
1755582180_C..N04R,034300_C..N04R,C,0,1755582180,1C 0543 EUC/168,1755601365,1755601378,898,0,0
1755582300_A..N54R,034500_A..N54R,A,0,1755582300,1A 0545 LEF/207,1755601035,1755601047,842,0,0
1755582330_C..S05R,034550_C..S05R,C,1,1755582330,1C 0545+ 168/EUC,1755600494,1755600507,767,0,0
1755582390_A..S37R,034650_A..S37R,A,1,1755582390,1A 0546+ EUC/LEF,1755598257,1755598272,542,0,0
1755582450_H..S21R,034750_H..S21R,H,1,1755582450,1H 0547+ BCR/RPK,1755601245,1755601257,855,0,0
1755582480_H..N21R,034800_H..N21R,H,0,1755582480,1H 0548 RPK/BCR,1755607672,1755607687,1569,0,0
1755582750_E..S69R,035250_E..S69R,E,1,1755582750,1E 0552+ P-A/WTC,1755600086,1755600089,680,0,0
1755582810_A..N55R,035350_A..N55R,A,0,1755582810,1A 0553+ FAR/207,1755602777,1755602792,1020,0,0
1755582810_A..S58R,035350_A..S58R,A,1,1755582810,1A 0553+ 207/FAR,1755603062,1755603077,1039,1,0
1755582810_C..N04R,035350_C..N04R,C,0,1755582810,1C 0553+ EUC/168,1755602461,1755602476,992,0,0
1755582870_E..N72R,035450_E..N72R,E,0,1755582870,1E 0554+ WTC/P-A,1755600359,1755600372,709,0,0
1755583170_E..S69R,035950_E..S69R,E,1,1755583170,1E 0559+ P-A/WTC,1755600614,1755600627,723,0,0
1755583200_C..S05R,036000_C..S05R,C,1,1755583200,1C 0600 168/EUC,1755601801,1755601813,879,0,0
1755583380_A..S57R,036300_A..S57R,A,1,1755583380,1A 0603 207/LEF,1755602401,1755602414,947,0,0
1755583380_H..N21R,036300_H..N21R,H,0,1755583380,1H 0603 RPK/BCR,1755608573,1755608588,1569,0,0
1755583470_A..N55R,036450_A..N55R,A,0,1755583470,1A 0604+ FAR/207,1755603708,1755603723,1038,0,0
1755583470_C..N04R,036450_C..N04R,C,0,1755583470,1C 0604+ EUC/168,1755602461,1755602476,948,0,0
1755583530_A..N54R,036550_A..N54R,A,0,1755583530,1A 0605+ LEF/207,1755602086,1755602098,895,0,0
1755583590_A..S37R,036650_A..S37R,A,1,1755583590,1A 0606+ EUC/LEF,1755598962,1755598977,507,0,0
1755583590_H..S21R,036650_H..S21R,H,1,1755583590,1H 0606+ BCR/RPK,1755601260,1755601273,781,0,0
1755583650_E..S71R,036750_E..S71R,E,1,1755583650,1E 0607+ P-A/WTC,1755601545,1755601558,815,0,0
1755583845_E..N72R,037075_E..N72R,E,0,1755583845,1E 0610+ WTC/P-A,1755601365,1755601378,457,0,0
1755583980_A..S58R,037300_A..S58R,A,1,1755583980,1A 0613 207/FAR,1755604053,1755604066,1024,0,0
1755584040_E..S71R,037400_E..S71R,E,1,1755584040,1E 0614 P-A/WTC,1755601573,1755601575,786,0,0
1755584070_C..N04R,037450_C..N04R,C,0,1755584070,1C 0614+ EUC/168,1755602446,1755602459,898,0,0
1755584100_C..S05R,037500_C..S05R,C,1,1755584100,1C 0615 168/EUC,1755602461,1755602476,896,0,0
1755584280_A..S57R,037800_A..S57R,A,1,1755584280,1A 0618 207/LEF,1755603287,1755603303,934,0,0
1755584430_A..S37R,038050_A..S37R,A,1,1755584430,1A 0620+ EUC/LEF,1755599353,1755599368,447,0,0
1755584460_E..S71R,038100_E..S71R,E,1,1755584460,1E 0621 P-A/WTC,1755601575,1755601588,731,0,0
1755584460_H..N21R,038100_H..N21R,H,0,1755584460,1H 0621 RPK/BCR,1755609654,1755609666,1375,0,0
1755584520_A..N55R,038200_A..N55R,A,0,1755584520,1A 0622 FAR/207,1755604862,1755604864,1046,0,0
1755584580_A..N54R,038300_A..N54R,A,0,1755584580,1A 0623 LEF/207,1755603648,1755603663,918,1,0
1755584640_C..N04R,038400_C..N04R,C,0,1755584640,1C 0624 EUC/168,1755603047,1755603062,870,0,0
1755584730_H..S21R,038550_H..S21R,H,1,1755584730,1H 0625+ BCR/RPK,1755601273,1755601275,654,0,0
1755584820_A..S58R,038700_A..S58R,A,1,1755584820,1A 0627 207/FAR,1755604744,1755604756,991,0,0
1755584820_E..N72R,038700_E..N72R,E,0,1755584820,1E 0627 WTC/P-A,1755602053,1755602056,746,0,0
1755584820_E..S71R,038700_E..S71R,E,1,1755584820,1E 0627 P-A/WTC,1755601876,1755601888,723,0,0
1755585030_C..S05R,039050_C..S05R,C,1,1755585030,1C 0630+ 168/EUC,1755603453,1755603467,512,0,0
1755585180_A..N54R,039300_A..N54R,A,0,1755585180,1A 0633 LEF/207,1755604098,1755604113,869,0,0
1755585180_E..S71R,039300_E..S71R,E,1,1755585180,1E 0633 P-A/WTC,1755602461,1755602476,752,0,0
1755585240_A..S57R,039400_A..S57R,A,1,1755585240,1A 0634 207/LEF,1755604008,1755604023,854,0,0
1755585480_A..N65R,039800_A..N65R,A,0,1755585480,1A 0638 RPK/207,1755610675,1755610687,1569,0,0
1755585480_C..N04R,039800_C..N04R,C,0,1755585480,1C 0638 EUC/168,1755603993,1755604008,513,0,0
1755585480_E..N72R,039800_E..N72R,E,0,1755585480,1E 0638 WTC/P-A,1755602822,1755602837,743,0,0
1755585510_A..N55R,039850_A..N55R,A,0,1755585510,1A 0638+ FAR/207,1755605990,1755606003,1065,0,0
1755585510_E..S71R,039850_E..S71R,E,1,1755585510,1E 0638+ P-A/WTC,1755602777,1755602792,736,0,0
1755585570_A..N54R,039950_A..N54R,A,0,1755585570,1A 0639+ LEF/207,1755604534,1755604546,863,0,0
1755585660_A..S58R,040100_A..S58R,A,1,1755585660,1A 0641 207/FAR,1755605855,1755605867,1027,0,0
1755585780_E..S71R,040300_E..S71R,E,1,1755585780,1E 0643 P-A/WTC,1755602942,1755602957,711,0,0
1755585870_A..S16R,040450_A..S16R,A,1,1755585870,1A 0644+ EUC/FAR,1755602296,1755602309,639,0,0
1755585960_C..S04R,040600_C..S04R,C,1,1755585960,1C 0646 168/EUC,1755604804,1755604816,847,0,0
1755585990_E..N72R,040650_E..N72R,E,0,1755585990,1E 0646+ WTC/P-A,1755603227,1755603242,702,0,0
1755585990_H..S21R,040650_H..S21R,H,1,1755585990,1H 0646+ BCR/RPK,1755601305,1755601317,491,0,0
1755586080_E..S71R,040800_E..S71R,E,1,1755586080,1E 0648 P-A/WTC,1755603708,1755603723,722,0,0
1755586110_H..N21R,040850_H..N21R,H,0,1755586110,1H 0648+ RPK/BCR,1755611318,1755611320,1570,0,0
1755586200_A..N55R,041000_A..N55R,A,0,1755586200,1A 0650 FAR/207,1755606666,1755606678,1062,0,0
1755586200_A..S57R,041000_A..S57R,A,1,1755586200,1A 0650 207/LEF,1755604714,1755604726,803,0,0
1755586260_A..N54R,041100_A..N54R,A,0,1755586260,1A 0651 LEF/207,1755605149,1755605162,853,0,0
1755586380_E..N72R,041300_E..N72R,E,0,1755586380,1E 0653 WTC/P-A,1755603843,1755603858,691,0,0
1755586380_E..S71R,041300_E..S71R,E,1,1755586380,1E 0653 P-A/WTC,1755603708,1755603723,682,0,0
1755586410_C..N04R,041350_C..N04R,C,0,1755586410,1C 0653+ EUC/168,1755604922,1755604924,802,0,0
1755586560_C..S04R,041600_C..S04R,C,1,1755586560,1C 0656 168/EUC,1755604909,1755604922,781,0,0
1755586680_A..N65R,041800_A..N65R,A,0,1755586680,1A 0658 RPK/207,1755606996,1755607008,1042,0,0
1755586680_A..S58R,041800_A..S58R,A,1,1755586680,1A 0658 207/FAR,1755606245,1755606258,943,0,0
1755586680_E..S71R,041800_E..S71R,E,1,1755586680,1E 0658 P-A/WTC,1755603978,1755603993,660,0,0
1755586830_E..N66R,042050_E..N66R,E,0,1755586830,1E 0700+ WTC/P-A,1755604068,1755604083,647,0,0
1755586860_C..N04R,042100_C..N04R,C,0,1755586860,1C 0701 EUC/168,1755605449,1755605462,813,0,0
1755586920_E..S71R,042200_E..S71R,E,1,1755586920,1E 0702 P-A/WTC,1755604203,1755604218,645,0,0
1755586980_A..N55R,042300_A..N55R,A,0,1755586980,1A 0703 FAR/207,1755607627,1755607642,1067,0,0
1755587130_C..S04R,042550_C..S04R,C,1,1755587130,1C 0705+ 168/EUC,1755605855,1755605867,841,0,0
1755587160_E..S71R,042600_E..S71R,E,1,1755587160,1E 0706 P-A/WTC,1755604503,1755604516,659,0,0
1755587190_A..S16R,042650_A..S16R,A,1,1755587190,1A 0706+ EUC/FAR,1755603723,1755603738,589,0,0
1755587220_A..N54R,042700_A..N54R,A,0,1755587220,1A 0707 LEF/207,1755606230,1755606243,885,0,0
1755587241_A..S57R,042736_A..S57R,A,1,1755587241,1A 0707 207/LEF,1755605930,1755605943,844,0,0
1755587310_E..N66R,042850_E..N66R,E,0,1755587310,1E 0708+ WTC/P-A,1755604473,1755604486,645,0,0
1755587400_E..S56R,043000_E..S56R,E,1,1755587400,1E 0710 179/WTC,1755604624,1755604636,659,0,0
1755587490_C..N04R,043150_C..N04R,C,0,1755587490,1C 0711+ EUC/168,1755606110,1755606123,851,0,0
1755587520_H..N21R,043200_H..N21R,H,0,1755587520,1H 0712 RPK/BCR,1755612717,1755612732,1571,0,0
1755587580_A..N82R,043300_A..N82R,A,0,1755587580,1A 0713 FAR/200,1755608453,1755608468,1079,0,0
1755587580_E..S71R,043300_E..S71R,E,1,1755587580,1E 0713 P-A/WTC,1755604789,1755604801,669,0,0
1755587700_E..N66R,043500_E..N66R,E,0,1755587700,1E 0715 WTC/P-A,1755605044,1755605057,695,0,0
1755587730_C..S04R,043550_C..S04R,C,1,1755587730,1C 0715+ 168/EUC,1755606065,1755606078,829,0,0
1755587805_A..S58R,043675_A..S58R,A,1,1755587805,1A 0716+ 207/FAR,1755607627,1755607642,1009,0,0
1755587880_A..N65R,043800_A..N65R,A,0,1755587880,1A 0718 RPK/207,1755608453,1755608468,1059,0,0
1755587880_A..N85R,043800_A..N85R,A,0,1755587880,1A 0718 FAR/168,1755607762,1755607777,1013,0,0
1755587970_E..S71R,043950_E..S71R,E,1,1755587970,1E 0719+ P-A/WTC,1755605162,1755605164,339,0,0
1755588060_E..N66R,044100_E..N66R,E,0,1755588060,1E 0721 WTC/P-A,1755605284,1755605297,703,0,0
1755588090_C..N04R,044150_C..N04R,C,0,1755588090,1C 0721+ EUC/168,1755607101,1755607114,942,0,0
1755588120_A..N54R,044200_A..N54R,A,0,1755588120,1A 0722 LEF/207,1755607461,1755607476,977,0,0
1755588330_C..S04R,044550_C..S04R,C,1,1755588330,1C 0725+ 168/EUC,1755606948,1755606951,905,0,0
1755588360_E..S71R,044600_E..S71R,E,1,1755588360,1E 0726 P-A/WTC,1755605494,1755605507,711,0,0
1755588366_A..S57R,044611_A..S57R,A,1,1755588366,1A 0726 207/LEF,1755607041,1755607054,916,0,0
1755588420_H..N21R,044700_H..N21R,H,0,1755588420,1H 0727 RPK/BCR,1755613618,1755613633,1586,0,0
1755588450_E..N66R,044750_E..N66R,E,0,1755588450,1E 0727+ WTC/P-A,1755605720,1755605732,735,0,0
1755588510_A..N55R,044850_A..N55R,A,0,1755588510,1A 0728+ FAR/207,1755609276,1755609278,1079,0,0
1755588600_E..S56R,045000_E..S56R,E,1,1755588600,1E 0730 179/WTC,1755606050,1755606063,767,0,0
1755588630_C..N04R,045050_C..N04R,C,0,1755588630,1C 0730+ EUC/168,1755607236,1755607251,921,0,0
1755588780_A..N54R,045300_A..N54R,A,0,1755588780,1A 0733 LEF/207,1755608077,1755608092,965,0,0
1755588780_E..N66R,045300_E..N66R,E,0,1755588780,1E 0733 WTC/P-A,1755606110,1755606123,756,0,0
1755588780_E..S71R,045300_E..S71R,E,1,1755588780,1E 0733 P-A/WTC,1755605885,1755605897,726,0,0
1755588930_A..S57R,045550_A..S57R,A,1,1755588930,1A 0735+ 207/LEF,1755607627,1755607642,915,0,0
1755588960_C..S04R,045600_C..S04R,C,1,1755588960,1C 0736 168/EUC,1755607702,1755607717,916,0,0
1755588960_H..S21R,045600_H..S21R,H,1,1755588960,1H 0736 BCR/RPK,1755604038,1755604053,471,0,0
1755589050_E..N66R,045750_E..N66R,E,0,1755589050,1E 0737+ WTC/P-A,1755606260,1755606273,740,0,0
1755589080_A..N60R,045800_A..N60R,A,0,1755589080,1A 0738 RPK/200,1755609576,1755609579,1053,0,0
1755589080_E..S71R,045800_E..S71R,E,1,1755589080,1E 0738 P-A/WTC,1755606365,1755606378,750,0,0
1755589200_A..N55R,046000_A..N55R,A,0,1755589200,1A 0740 FAR/207,1755610104,1755610117,1108,0,0
1755589260_E..N66R,046100_E..N66R,E,0,1755589260,1E 0741 WTC/P-A,1755606530,1755606543,748,0,0
1755589320_C..N04R,046200_C..N04R,C,0,1755589320,1C 0742 EUC/168,1755603948,1755604203,417,0,0
1755589320_E..S71R,046200_E..S71R,E,1,1755589320,1E 0742 P-A/WTC,1755606560,1755606573,744,0,0
1755589350_H..N21R,046250_H..N21R,H,0,1755589350,1H 0742+ RPK/BCR,1755614549,1755614561,1574,0,0
1755589380_A..N18R,046300_A..N18R,A,0,1755589380,1A 0743 FAR/200,1755610117,1755610119,1085,0,0
1755589440_A..N54R,046400_A..N54R,A,0,1755589440,1A 0744 LEF/207,1755608798,1755608813,925,0,0
1755589470_A..S58R,046450_A..S58R,A,1,1755589470,1A 0744+ 207/FAR,1755609549,1755609561,998,0,0
1755589470_C..S04R,046450_C..S04R,C,1,1755589470,1C 0744+ 168/EUC,1755608077,1755608092,873,0,0
1755589560_E..N66R,046600_E..N66R,E,0,1755589560,1E 0746 WTC/P-A,1755606861,1755606873,751,0,0
1755589560_E..S71R,046600_E..S71R,E,1,1755589560,1E 0746 P-A/WTC,1755606921,1755606933,759,0,0
1755589740_H..S21R,046900_H..S21R,H,1,1755589740,1H 0749 BCR/RPK,1755604819,1755604831,456,0,0
1755589800_E..S56R,047000_E..S56R,E,1,1755589800,1E 0750 179/WTC,1755607116,1755607129,753,0,0
1755589860_E..N66R,047100_E..N66R,E,0,1755589860,1E 0751 WTC/P-A,1755607191,1755607206,755,0,0
1755589890_A..S57R,047150_A..S57R,A,1,1755589890,1A 0751+ 207/LEF,1755608543,1755608558,848,0,0
1755589890_C..N04R,047150_C..N04R,C,0,1755589890,1C 0751+ EUC/168,1755608527,1755608543,771,0,0
1755589950_A..N54R,047250_A..N54R,A,0,1755589950,1A 0752+ LEF/207,1755609518,1755609531,931,0,0
1755589950_A..N82R,047250_A..N82R,A,0,1755589950,1A 0752+ FAR/200,1755610600,1755610612,1075,0,0
1755589980_E..S71R,047300_E..S71R,E,1,1755589980,1E 0753 P-A/WTC,1755607356,1755607371,757,0,0
1755590010_C..S04R,047350_C..S04R,C,1,1755590010,1C 0753+ 168/EUC,1755608317,1755608332,817,0,0
1755590100_E..N66R,047500_E..N66R,E,0,1755590100,1E 0755 WTC/P-A,1755607476,1755607491,749,0,0
1755590220_A..N65R,047700_A..N65R,A,0,1755590220,1A 0757 RPK/207,1755611275,1755611288,1129,0,0
1755590280_E..S71R,047800_E..S71R,E,1,1755590280,1E 0758 P-A/WTC,1755607582,1755607597,733,0,0
1755590310_A..S57R,047850_A..S57R,A,1,1755590310,1A 0758+ 207/LEF,1755608993,1755609008,823,0,0
1755590340_E..N66R,047900_E..N66R,E,0,1755590340,1E 0759 WTC/P-A,1755607777,1755607792,738,0,0
1755590460_A..N54R,048100_A..N54R,A,0,1755590460,1A 0801 LEF/207,1755610297,1755610299,966,0,0
1755590460_C..N04R,048100_C..N04R,C,0,1755590460,1C 0801 EUC/168,1755609008,1755609023,521,0,0
1755590490_E..S71R,048150_E..S71R,E,1,1755590490,1E 0801+ P-A/WTC,1755607762,1755607777,717,0,0
1755590490_H..N21R,048150_H..N21R,H,0,1755590490,1H 0801+ RPK/BCR,1755615690,1755615703,1574,0,0
1755590520_A..N85R,048200_A..N85R,A,0,1755590520,1A 0802 FAR/168,1755610675,1755610687,1009,0,0
1755590580_C..S04R,048300_C..S04R,C,1,1755590580,1C 0803 168/EUC,1755609353,1755609366,825,0,0
1755590580_E..N66R,048300_E..N66R,E,0,1755590580,1E 0803 WTC/P-A,1755608137,1755608152,730,0,0
1755590670_A..S58R,048450_A..S58R,A,1,1755590670,1A 0804+ 207/FAR,1755610600,1755610612,979,0,0
1755590700_H..S21R,048500_H..S21R,H,1,1755590700,1H 0805 BCR/RPK,1755606500,1755606513,553,0,0
1755590760_E..S71R,048600_E..S71R,E,1,1755590760,1E 0806 P-A/WTC,1755608017,1755608032,698,0,0
1755590880_E..N66R,048800_E..N66R,E,0,1755590880,1E 0808 WTC/P-A,1755608437,1755608453,710,0,0
1755590910_A..N54R,048850_A..N54R,A,0,1755590910,1A 0808+ LEF/207,1755610597,1755610600,946,0,0
1755590970_C..N04R,048950_C..N04R,C,0,1755590970,1C 0809+ EUC/168,1755609639,1755609651,811,0,0
1755591000_E..S56R,049000_E..S56R,E,1,1755591000,1E 0810 179/WTC,1755608468,1755608482,696,0,0
1755591030_A..S57R,049050_A..S57R,A,1,1755591030,1A 0810+ 207/LEF,1755609939,1755609951,843,0,0
1755591120_E..N66R,049200_E..N66R,E,0,1755591120,1E 0812 WTC/P-A,1755608708,1755608723,696,0,0
1755591180_E..S71R,049300_E..S71R,E,1,1755591180,1E 0813 P-A/WTC,1755608482,1755608497,673,0,0
1755591180_H..N21R,049300_H..N21R,H,0,1755591180,1H 0813 RPK/BCR,1755616381,1755616393,1574,0,0
1755591240_A..N55R,049400_A..N55R,A,0,1755591240,1A 0814 FAR/207,1755611921,1755611933,1079,0,0
1755591390_A..S57R,049650_A..S57R,A,1,1755591390,1A 0816+ 207/LEF,1755610404,1755610417,857,0,0
1755591420_C..N04R,049700_C..N04R,C,0,1755591420,1C 0817 EUC/168,1755610870,1755610883,915,0,0
1755591450_E..N66R,049750_E..N66R,E,0,1755591450,1E 0817+ WTC/P-A,1755608888,1755608903,587,0,0
1755591480_C..S04R,049800_C..S04R,C,1,1755591480,1C 0818 168/EUC,1755609984,1755609997,550,0,0
1755591480_E..S71R,049800_E..S71R,E,1,1755591480,1E 0818 P-A/WTC,1755608768,1755608783,652,0,0
1755591660_A..N54R,050100_A..N54R,A,0,1755591660,1A 0821 LEF/207,1755611275,1755611288,938,0,0
1755591660_H..S21R,050100_H..S21R,H,1,1755591660,1H 0821 BCR/RPK,1755606708,1755606711,452,0,0
1755591750_A..S58R,050250_A..S58R,A,1,1755591750,1A 0822+ 207/FAR,1755611981,1755611994,1024,0,0
1755591750_E..S71R,050250_E..S71R,E,1,1755591750,1E 0822+ P-A/WTC,1755609053,1755609068,641,0,0
1755591780_E..N55R,050300_E..N55R,E,0,1755591780,1E 0823 WTC/179,1755609338,1755609351,669,0,0
1755591870_C..N04R,050450_C..N04R,C,0,1755591870,1C 0824+ EUC/168,1755610735,1755610747,846,0,0
1755591960_A..N85R,050600_A..N85R,A,0,1755591960,1A 0826 FAR/168,1755611666,1755611678,963,0,0
1755591960_H..N21R,050600_H..N21R,H,0,1755591960,1H 0826 RPK/BCR,1755617161,1755617176,1582,0,0
1755592020_E..S71R,050700_E..S71R,E,1,1755592020,1E 0827 P-A/WTC,1755609308,1755609321,645,0,0
1755592050_E..N66R,050750_E..N66R,E,0,1755592050,1E 0827+ WTC/P-A,1755609443,1755609456,661,0,0
1755592110_A..S57R,050850_A..S57R,A,1,1755592110,1A 0828+ 207/LEF,1755611080,1755611093,875,0,0
1755592260_A..N54R,051100_A..N54R,A,0,1755592260,1A 0831 LEF/207,1755611591,1755611603,933,0,0
1755592320_E..N66R,051200_E..N66R,E,0,1755592320,1E 0832 WTC/P-A,1755609789,1755609801,689,0,0
1755592350_E..S71R,051250_E..S71R,E,1,1755592350,1E 0832+ P-A/WTC,1755609549,1755609561,655,0,0
1755592380_C..S04R,051300_C..S04R,C,1,1755592380,1C 0833 168/EUC,1755610810,1755610822,821,0,0
1755592440_C..N04R,051400_C..N04R,C,0,1755592440,1C 0834 EUC/168,1755611651,1755611663,929,0,0
1755592470_A..S57R,051450_A..S57R,A,1,1755592470,1A 0834+ 207/LEF,1755611230,1755611243,871,0,0
1755592500_E..N66R,051500_E..N66R,E,0,1755592500,1E 0835 WTC/P-A,1755610014,1755610027,707,0,0
1755592620_E..S71R,051700_E..S71R,E,1,1755592620,1E 0837 P-A/WTC,1755609804,1755609816,671,0,0
1755592620_H..S21R,051700_H..S21R,H,1,1755592620,1H 0837 BCR/RPK,1755608468,1755608482,538,0,0
1755592740_A..S58R,051900_A..S58R,A,1,1755592740,1A 0839 207/FAR,1755613057,1755613063,1046,0,0
1755592800_E..N66R,052000_E..N66R,E,0,1755592800,1E 0840 WTC/P-A,1755610177,1755610179,708,0,0
1755592860_A..N54R,052100_A..N54R,A,0,1755592860,1A 0841 LEF/207,1755612431,1755612447,990,0,0
1755592890_C..S04R,052150_C..S04R,C,1,1755592890,1C 0841+ 168/EUC,1755611320,1755611333,855,0,0
1755592920_A..N55R,052200_A..N55R,A,0,1755592920,1A 0842 FAR/207,1755613903,1755613918,1099,0,0
1755592950_H..N21R,052250_H..N21R,H,0,1755592950,1H 0842+ RPK/BCR,1755618152,1755618167,1582,0,0
1755593010_E..S71R,052350_E..S71R,E,1,1755593010,1E 0843+ P-A/WTC,1755610314,1755610327,713,0,0
1755593040_E..N66R,052400_E..N66R,E,0,1755593040,1E 0844 WTC/P-A,1755610705,1755610717,763,0,0
1755593070_C..N04R,052450_C..N04R,C,0,1755593070,1C 0844+ EUC/168,1755612071,1755612084,943,0,0
1755593160_A..S57R,052600_A..S57R,A,1,1755593160,1A 0846 207/LEF,1755612204,1755612206,952,0,0
1755593310_E..N66R,052850_E..N66R,E,0,1755593310,1E 0848+ WTC/P-A,1755611020,1755611033,786,0,0
1755593340_E..S71R,052900_E..S71R,E,1,1755593340,1E 0849 P-A/WTC,1755610855,1755610867,762,0,0
1755593460_A..N54R,053100_A..N54R,A,0,1755593460,1A 0851 LEF/207,1755613170,1755613181,1009,0,0
1755593520_A..S58R,053200_A..S58R,A,1,1755593520,1A 0852 207/FAR,1755613963,1755613978,1060,0,0
1755593520_C..S04R,053200_C..S04R,C,1,1755593520,1C 0852 168/EUC,1755611966,1755611979,896,0,0
1755593520_E..N66R,053200_E..N66R,E,0,1755593520,1E 0852 WTC/P-A,1755611381,1755611393,818,0,0
1755593610_H..S21R,053350_H..S21R,H,1,1755593610,1H 0853+ BCR/RPK,1755608482,1755608497,464,0,0
1755593670_E..S71R,053450_E..S71R,E,1,1755593670,1E 0854+ P-A/WTC,1755610840,1755610852,726,0,0
1755593730_C..N04R,053550_C..N04R,C,0,1755593730,1C 0855+ EUC/168,1755612371,1755612386,911,0,0
1755593730_E..N55R,053550_E..N55R,E,0,1755593730,1E 0855+ WTC/179,1755611318,1755611320,781,0,0
1755593820_A..N54R,053700_A..N54R,A,0,1755593820,1A 0857 LEF/207,1755613528,1755613543,991,0,0
1755593880_A..S57R,053800_A..S57R,A,1,1755593880,1A 0858 207/LEF,1755612717,1755612732,914,0,0
1755593940_C..S05R,053900_C..S05R,C,1,1755593940,1C 0859 168/EUC,1755612522,1755612537,893,0,0
1755593940_E..N66R,053900_E..N66R,E,0,1755593940,1E 0859 WTC/P-A,1755611456,1755611468,772,0,0
1755593940_E..S71R,053900_E..S71R,E,1,1755593940,1E 0859 P-A/WTC,1755611200,1755611213,738,0,0
1755594060_H..N21R,054100_H..N21R,H,0,1755594060,1H 0901 RPK/BCR,1755619261,1755619264,1569,0,0
1755594120_A..N55R,054200_A..N55R,A,0,1755594120,1A 0902 FAR/207,1755614684,1755614696,1072,0,0
1755594240_A..S58R,054400_A..S58R,A,1,1755594240,1A 0904 207/FAR,1755614969,1755614982,1094,0,0
1755594270_C..N04R,054450_C..N04R,C,0,1755594270,1C 0904+ EUC/168,1755612807,1755612822,868,0,0
1755594270_E..S71R,054450_E..S71R,E,1,1755594270,1E 0904+ P-A/WTC,1755611561,1755611573,742,0,0
1755594300_E..N66R,054500_E..N66R,E,0,1755594300,1E 0905 WTC/P-A,1755611831,1755611843,774,0,0
1755594540_C..S04R,054900_C..S04R,C,1,1755594540,1C 0909 168/EUC,1755612807,1755612822,832,0,0
1755594540_E..N66R,054900_E..N66R,E,0,1755594540,1E 0909 WTC/P-A,1755611966,1755611979,760,0,0
1755594600_E..S71R,055000_E..S71R,E,1,1755594600,1E 0910 P-A/WTC,1755612537,1755612552,790,0,0
1755594630_H..S21R,055050_H..S21R,H,1,1755594630,1H 0910+ BCR/RPK,1755611140,1755611153,638,0,0
1755594720_A..N54R,055200_A..N54R,A,0,1755594720,1A 0912 LEF/207,1755614128,1755614141,918,0,0
1755594780_A..S57R,055300_A..S57R,A,1,1755594780,1A 0913 207/LEF,1755613618,1755613633,869,0,0
1755594780_E..N55R,055300_E..N55R,E,0,1755594780,1E 0913 WTC/179,1755612522,1755612537,781,0,0
1755594810_C..N04R,055350_C..N04R,C,0,1755594810,1C 0913+ EUC/168,1755613362,1755613378,848,0,0
1755594960_A..S58R,055600_A..S58R,A,1,1755594960,1A 0916 207/FAR,1755615360,1755615372,1050,0,0
1755594990_E..S71R,055650_E..S71R,E,1,1755594990,1E 0916+ P-A/WTC,1755612477,1755612492,750,0,0
1755595020_C..S04R,055700_C..S04R,C,1,1755595020,1C 0917 168/EUC,1755613558,1755613573,833,0,0
1755595110_E..N66R,055850_E..N66R,E,0,1755595110,1E 0918+ WTC/P-A,1755612206,1755612219,714,0,0
1755595170_A..N54R,055950_A..N54R,A,0,1755595170,1A 0919+ LEF/207,1755614504,1755614516,908,0,0
1755595320_A..N55R,056200_A..N55R,A,0,1755595320,1A 0922 FAR/207,1755615913,1755615915,1075,0,0
1755595320_A..S51R,056200_A..S51R,A,1,1755595320,1A 0922 207/EUC,1755613213,1755613225,768,0,0
1755595320_E..N66R,056200_E..N66R,E,0,1755595320,1E 0922 WTC/P-A,1755612552,1755612567,711,0,0
1755595320_H..N21R,056200_H..N21R,H,0,1755595320,1H 0922 RPK/BCR,1755620523,1755620525,1570,0,0
1755595350_E..S71R,056250_E..S71R,E,1,1755595350,1E 0922+ P-A/WTC,1755612837,1755612852,726,0,0
1755595380_C..N04R,056300_C..N04R,C,0,1755595380,1C 0923 EUC/168,1755614006,1755614008,817,0,0
1755595560_C..S04R,056600_C..S04R,C,1,1755595560,1C 0926 168/EUC,1755613933,1755613948,787,0,0
1755595620_A..S58R,056700_A..S58R,A,1,1755595620,1A 0927 207/FAR,1755616140,1755616153,1066,0,0
1755595620_E..N66R,056700_E..N66R,E,0,1755595620,1E 0927 WTC/P-A,1755612981,1755612991,702,0,0
1755595620_E..S71R,056700_E..S71R,E,1,1755595620,1E 0927 P-A/WTC,1755612792,1755612807,687,0,0
1755595800_A..S57R,057000_A..S57R,A,1,1755595800,1A 0930 207/LEF,1755614759,1755614771,858,0,0
1755595830_H..S21R,057050_H..S21R,H,1,1755595830,1H 0930+ BCR/RPK,1755611155,1755611168,481,0,0
1755595920_E..S71R,057200_E..S71R,E,1,1755595920,1E 0932 P-A/WTC,1755613127,1755613140,681,0,0
1755595980_E..N66R,057300_E..N66R,E,0,1755595980,1E 0933 WTC/P-A,1755613288,1755613303,687,0,0
1755596010_A..N54R,057350_A..N54R,A,0,1755596010,1A 0933+ LEF/207,1755615059,1755615072,871,1,0
1755596040_C..S04R,057400_C..S04R,C,1,1755596040,1C 0934 168/EUC,1755614248,1755614261,759,0,0
1755596220_C..N04R,057700_C..N04R,C,0,1755596220,1C 0937 EUC/168,1755614486,1755614489,711,0,0
1755596280_A..S58R,057800_A..S58R,A,1,1755596280,1A 0938 207/FAR,1755616816,1755616829,1068,0,0
1755596370_A..N54R,057950_A..N54R,A,0,1755596370,1A 0939+ LEF/207,1755615420,1755615432,871,0,0
1755596370_E..N66R,057950_E..N66R,E,0,1755596370,1E 0939+ WTC/P-A,1755613873,1755613888,675,0,0
1755596370_E..S71R,057950_E..S71R,E,1,1755596370,1E 0939+ P-A/WTC,1755613393,1755613408,643,0,0
1755596400_C..S04R,058000_C..S04R,C,1,1755596400,1C 0940 168/EUC,1755614954,1755614967,805,1,0
1755596520_H..N21R,058200_H..N21R,H,0,1755596520,1H 0942 RPK/BCR,1755621711,1755621726,1570,0,0
1755596580_A..N55R,058300_A..N55R,A,0,1755596580,1A 0943 FAR/207,1755616874,1755616876,1040,0,0
1755596640_E..S71R,058400_E..S71R,E,1,1755596640,1E 0944 P-A/WTC,1755613783,1755613798,642,0,0
1755596670_A..S57R,058450_A..S57R,A,1,1755596670,1A 0944+ 207/LEF,1755615780,1755615793,890,0,0
1755596760_E..N66R,058600_E..N66R,E,0,1755596760,1E 0946 WTC/P-A,1755614128,1755614141,664,0,0
1755596970_C..S04R,058950_C..S04R,C,1,1755596970,1C 0949+ 168/EUC,1755615690,1755615703,858,0,0
1755597000_E..S71R,059000_E..S71R,E,1,1755597000,1E 0950 P-A/WTC,1755614248,1755614261,664,0,0
1755597000_H..S21R,059000_H..S21R,H,1,1755597000,1H 0950 BCR/RPK,1755611906,1755611919,458,0,0
1755597060_E..N66R,059100_E..N66R,E,0,1755597060,1E 0951 WTC/P-A,1755614909,1755614922,748,0,0
1755597120_A..S58R,059200_A..S58R,A,1,1755597120,1A 0952 207/FAR,1755617747,1755617762,1076,0,0
1755597150_C..N04R,059250_C..N04R,C,0,1755597150,1C 0952+ EUC/168,1755616033,1755616035,891,0,0
1755597360_A..N54R,059600_A..N54R,A,0,1755597360,1A 0956 LEF/207,1755616305,1755616318,913,0,0
1755597360_C..S04R,059600_C..S04R,C,1,1755597360,1C 0956 168/EUC,1755615930,1755615943,864,0,0
1755597360_E..S71R,059600_E..S71R,E,1,1755597360,1E 0956 P-A/WTC,1755614804,1755614817,714,0,0
1755597390_E..N66R,059650_E..N66R,E,0,1755597390,1E 0956+ WTC/P-A,1755614894,1755614907,724,0,0
1755597480_A..S57R,059800_A..S57R,A,1,1755597480,1A 0958 207/LEF,1755616273,1755616275,900,0,0
1755597600_H..N21R,060000_H..N21R,H,0,1755597600,1H 1000 RPK/BCR,1755622792,1755622807,1572,0,0
1755597660_E..N66R,060100_E..N66R,E,0,1755597660,1E 1001 WTC/P-A,1755615134,1755615147,738,0,0
1755597720_E..S71R,060200_E..S71R,E,1,1755597720,1E 1002 P-A/WTC,1755614879,1755614892,700,0,0
1755597750_C..N04R,060250_C..N04R,C,0,1755597750,1C 1002+ EUC/168,1755616351,1755616363,893,0,0
1755597780_A..N55R,060300_A..N55R,A,0,1755597780,1A 1003 FAR/207,1755618453,1755618468,1079,0,0
1755597930_H..S21R,060550_H..S21R,H,1,1755597930,1H 1005+ BCR/RPK,1755612993,1755613005,492,0,0
1755597960_C..S04R,060600_C..S04R,C,1,1755597960,1C 1006 168/EUC,1755616153,1755616155,853,0,0
1755597960_E..N66R,060600_E..N66R,E,0,1755597960,1E 1006 WTC/P-A,1755615492,1755615495,765,0,0
1755598020_A..S58R,060700_A..S58R,A,1,1755598020,1A 1007 207/FAR,1755618453,1755618468,1063,0,0
1755598080_E..S71R,060800_E..S71R,E,1,1755598080,1E 1008 P-A/WTC,1755615224,1755615237,722,0,0
1755598230_A..N54R,061050_A..N54R,A,0,1755598230,1A 1010+ LEF/207,1755617282,1755617297,971,0,0
1755598320_E..N66R,061200_E..N66R,E,0,1755598320,1E 1012 WTC/P-A,1755615630,1755615642,759,0,0
1755598350_C..N04R,061250_C..N04R,C,0,1755598350,1C 1012+ EUC/168,1755616891,1755616904,924,0,0
1755598440_C..S04R,061400_C..S04R,C,1,1755598440,1C 1014 168/EUC,1755616831,1755616844,904,0,0
1755598440_E..S71R,061400_E..S71R,E,1,1755598440,1E 1014 P-A/WTC,1755615585,1755615597,739,0,0
1755598500_A..S57R,061500_A..S57R,A,1,1755598500,1A 1015 207/LEF,1755617372,1755617387,949,0,0
1755598590_A..N54R,061650_A..N54R,A,0,1755598590,1A 1016+ LEF/207,1755617837,1755617852,968,0,0
1755598650_E..N66R,061750_E..N66R,E,0,1755598650,1E 1017+ WTC/P-A,1755615960,1755615973,762,0,0
1755598740_H..N21R,061900_H..N21R,H,0,1755598740,1H 1019 RPK/BCR,1755623933,1755623946,1564,0,0
1755598740_H..S21R,061900_H..S21R,H,1,1755598740,1H 1019 BCR/RPK,1755613843,1755613858,480,0,0
1755598800_A..N55R,062000_A..N55R,A,0,1755598800,1A 1020 FAR/207,1755619203,1755619216,1054,0,0
1755598800_C..S04R,062000_C..S04R,C,1,1755598800,1C 1020 168/EUC,1755617222,1755617236,899,0,0
1755598800_E..S71R,062000_E..S71R,E,1,1755598800,1E 1020 P-A/WTC,1755615840,1755615853,726,0,0
1755598830_C..N04R,062050_C..N04R,C,0,1755598830,1C 1020+ EUC/168,1755617236,1755617251,896,0,0
1755598980_A..S58R,062300_A..S58R,A,1,1755598980,1A 1023 207/FAR,1755620090,1755620102,1149,0,0
1755599040_E..N66R,062400_E..N66R,E,0,1755599040,1E 1024 WTC/P-A,1755616381,1755616393,765,0,0
1755599160_E..S71R,062600_E..S71R,E,1,1755599160,1E 1026 P-A/WTC,1755616155,1755616171,720,0,0
1755599310_A..S57R,062850_A..S57R,A,1,1755599310,1A 1028+ 207/LEF,1755618483,1755618498,915,0,0
1755599310_C..N04R,062850_C..N04R,C,0,1755599310,1C 1028+ EUC/168,1755618152,1755618167,893,0,0
1755599400_C..S04R,063000_C..S04R,C,1,1755599400,1C 1030 168/EUC,1755618047,1755618062,874,0,0
1755599430_E..N66R,063050_E..N66R,E,0,1755599430,1E 1030+ WTC/P-A,1755616636,1755616648,747,0,0
1755599520_E..S71R,063200_E..S71R,E,1,1755599520,1E 1032 P-A/WTC,1755616711,1755616724,745,0,0
1755599520_H..N21R,063200_H..N21R,H,0,1755599520,1H 1032 RPK/BCR,1755624714,1755624727,1564,0,0
1755599640_A..N54R,063400_A..N54R,A,0,1755599640,1A 1034 LEF/207,1755618618,1755618633,880,0,0
1755599700_A..N55R,063500_A..N55R,A,0,1755599700,1A 1035 FAR/207,1755620090,1755620102,1053,0,0
1755599760_E..N66R,063600_E..N66R,E,0,1755599760,1E 1036 WTC/P-A,1755616996,1755617011,748,0,0
1755599790_C..N04R,063650_C..N04R,C,0,1755599790,1C 1036+ EUC/168,1755618963,1755618976,868,0,0
1755599880_A..S58R,063800_A..S58R,A,1,1755599880,1A 1038 207/FAR,1755620210,1755620223,1045,0,0
1755599880_C..S04R,063800_C..S04R,C,1,1755599880,1C 1038 168/EUC,1755618453,1755618468,837,0,0
1755599880_E..S71R,063800_E..S71R,E,1,1755599880,1E 1038 P-A/WTC,1755617114,1755617116,745,0,0
1755600090_H..S21R,064150_H..S21R,H,1,1755600090,1H 1041+ BCR/RPK,1755615195,1755615207,468,0,0
1755600120_E..N66R,064200_E..N66R,E,0,1755600120,1E 1042 WTC/P-A,1755617207,1755617222,722,0,0
1755600180_E..S71R,064300_E..S71R,E,1,1755600180,1E 1043 P-A/WTC,1755617582,1755617597,739,0,0
1755600270_C..N04R,064450_C..N04R,C,0,1755600270,1C 1044+ EUC/168,1755618949,1755618961,824,0,0
1755600330_A..S57R,064550_A..S57R,A,1,1755600330,1A 1045+ 207/LEF,1755619564,1755619577,899,0,0
1755600360_C..S04R,064600_C..S04R,C,1,1755600360,1C 1046 168/EUC,1755618798,1755618813,797,0,0
1755600420_H..N21R,064700_H..N21R,H,0,1755600420,1H 1047 RPK/BCR,1755625615,1755625628,1564,0,0
1755600450_E..N66R,064750_E..N66R,E,0,1755600450,1E 1047+ WTC/P-A,1755618077,1755618092,736,0,0
1755600600_A..N54R,065000_A..N54R,A,0,1755600600,1A 1050 LEF/207,1755620090,1755620102,933,0,0
1755600600_E..S71R,065000_E..S71R,E,1,1755600600,1E 1050 P-A/WTC,1755617582,1755617597,683,0,0
1755600750_C..N04R,065250_C..N04R,C,0,1755600750,1C 1052+ EUC/168,1755619203,1755619216,794,0,0
1755600780_A..N55R,065300_A..N55R,A,0,1755600780,1A 1053 FAR/207,1755621261,1755621273,1065,0,0
1755600810_E..N66R,065350_E..N66R,E,0,1755600810,1E 1053+ WTC/P-A,1755618708,1755618723,730,0,0
1755600810_H..S21R,065350_H..S21R,H,1,1755600810,1H 1053+ BCR/RPK,1755616441,1755616453,537,0,0
1755600840_C..S04R,065400_C..S04R,C,1,1755600840,1C 1054 168/EUC,1755619279,1755619291,792,0,0
1755600930_A..S58R,065550_A..S58R,A,1,1755600930,1A 1055+ 207/FAR,1755621649,1755621651,1095,0,0
1755600960_E..S71R,065600_E..S71R,E,1,1755600960,1E 1056 P-A/WTC,1755618182,1755618198,675,0,0
1755601170_C..N04R,065950_C..N04R,C,0,1755601170,1C 1059+ EUC/168,1755619562,1755619564,786,0,0
1755601170_E..N66R,065950_E..N66R,E,0,1755601170,1E 1059+ WTC/P-A,1755618693,1755618708,681,0,0
1755601200_C..S04R,066000_C..S04R,C,1,1755601200,1C 1100 168/EUC,1755619609,1755619622,789,0,0
1755601260_H..N21R,066100_H..N21R,H,0,1755601260,1H 1101 RPK/BCR,1755626456,1755626469,1562,0,0
1755601350_E..S71R,066250_E..S71R,E,1,1755601350,1E 1102+ P-A/WTC,1755618378,1755618393,637,0,0
1755601380_A..N55R,066300_A..N55R,A,0,1755601380,1A 1103 FAR/207,1755622327,1755622342,1083,0,0
1755601470_E..N66R,066450_E..N66R,E,0,1755601470,1E 1104+ WTC/P-A,1755618901,1755618903,661,0,0
1755601530_A..S57R,066550_A..S57R,A,1,1755601530,1A 1105+ 207/LEF,1755620090,1755620102,817,0,0
1755601530_H..S21R,066550_H..S21R,H,1,1755601530,1H 1105+ BCR/RPK,1755616441,1755616453,449,0,0
1755601620_A..N54R,066700_A..N54R,A,0,1755601620,1A 1107 LEF/207,1755620688,1755620690,890,0,0
1755601680_E..N66R,066800_E..N66R,E,0,1755601680,1E 1108 WTC/P-A,1755619008,1755619021,662,0,0
1755601710_C..N04R,066850_C..N04R,C,0,1755601710,1C 1108+ EUC/168,1755620149,1755620162,813,0,0
1755601740_E..S71R,066900_E..S71R,E,1,1755601740,1E 1109 P-A/WTC,1755618783,1755618796,633,0,0
1755601800_C..S04R,067000_C..S04R,C,1,1755601800,1C 1110 168/EUC,1755620900,1755620913,907,0,0
1755601980_E..N66R,067300_E..N66R,E,0,1755601980,1E 1113 WTC/P-A,1755619442,1755619444,699,0,0
1755602040_H..N21R,067400_H..N21R,H,0,1755602040,1H 1114 RPK/BCR,1755627237,1755627252,1558,0,0
1755602100_A..N55R,067500_A..N55R,A,0,1755602100,1A 1115 FAR/207,1755622642,1755622657,1059,0,0
1755602130_A..S58R,067550_A..S58R,A,1,1755602130,1A 1115+ 207/FAR,1755622237,1755622252,1029,0,0
1755602130_E..S71R,067550_E..S71R,E,1,1755602130,1E 1115+ P-A/WTC,1755619309,1755619321,671,0,0
1755602190_C..N04R,067650_C..N04R,C,0,1755602190,1C 1116+ EUC/168,1755620615,1755620628,840,0,0
1755602280_C..S04R,067800_C..S04R,C,1,1755602280,1C 1118 168/EUC,1755620870,1755620883,863,0,0
1755602310_E..N66R,067850_E..N66R,E,0,1755602310,1E 1118+ WTC/P-A,1755619744,1755619757,708,0,0
1755602370_H..S21R,067950_H..S21R,H,1,1755602370,1H 1119+ BCR/RPK,1755617642,1755617657,503,0,0
1755602520_E..S71R,068200_E..S71R,E,1,1755602520,1E 1122 P-A/WTC,1755619909,1755619922,713,0,0
1755602670_C..N04R,068450_C..N04R,C,0,1755602670,1C 1124+ EUC/168,1755620975,1755620988,844,0,0
1755602670_E..N66R,068450_E..N66R,E,0,1755602670,1E 1124+ WTC/P-A,1755622988,1755623002,796,0,0
1755602730_A..S57R,068550_A..S57R,A,1,1755602730,1A 1125+ 207/LEF,1755621546,1755621559,916,0,0
1755602760_C..S04R,068600_C..S04R,C,1,1755602760,1C 1126 168/EUC,1755621291,1755621303,880,1,0
1755602820_A..N54R,068700_A..N54R,A,0,1755602820,1A 1127 LEF/207,1755621846,1755621861,937,0,0
1755602880_E..S71R,068800_E..S71R,E,1,1755602880,1E 1128 P-A/WTC,1755620059,1755620072,708,0,0
1755603030_E..N66R,069050_E..N66R,E,0,1755603030,1E 1130+ WTC/P-A,1755620870,1755620883,806,0,0
1755603060_H..N21R,069100_H..N21R,H,0,1755603060,1H 1131 RPK/BCR,1755628258,1755628273,1544,0,0
1755603150_C..N04R,069250_C..N04R,C,0,1755603150,1C 1132+ EUC/168,1755621666,1755621679,901,0,0
1755603150_H..S21R,069250_H..S21R,H,1,1755603150,1H 1132+ BCR/RPK,1755618182,1755618198,483,0,0
1755603240_C..S04R,069400_C..S04R,C,1,1755603240,1C 1134 168/EUC,1755621561,1755621574,881,0,0
1755603270_A..S58R,069450_A..S58R,A,1,1755603270,1A 1134+ 207/FAR,1755623288,1755623303,1005,0,0
1755603300_A..N55R,069500_A..N55R,A,0,1755603300,1A 1135 FAR/207,1755623796,1755623798,1043,0,0
1755603300_E..S71R,069500_E..S71R,E,1,1755603300,1E 1135 P-A/WTC,1755620750,1755620763,767,0,0
1755603420_E..N66R,069700_E..N66R,E,0,1755603420,1E 1137 WTC/P-A,1755621140,1755621153,803,0,0
1755603630_C..N04R,070050_C..N04R,C,0,1755603630,1C 1140+ EUC/168,1755622041,1755622056,874,0,0
1755603690_E..S71R,070150_E..S71R,E,1,1755603690,1E 1141+ P-A/WTC,1755620750,1755620763,715,0,0
1755603780_E..N66R,070300_E..N66R,E,0,1755603780,1E 1143 WTC/P-A,1755621186,1755621198,761,0,0
1755603900_A..N54R,070500_A..N54R,A,0,1755603900,1A 1145 LEF/207,1755623228,1755623243,917,0,0
1755603930_A..S57R,070550_A..S57R,A,1,1755603930,1A 1145+ 207/LEF,1755622942,1755622957,894,0,0
1755603930_C..S04R,070550_C..S04R,C,1,1755603930,1C 1145+ 168/EUC,1755622357,1755622372,486,0,0
1755603960_H..N21R,070600_H..N21R,H,0,1755603960,1H 1146 RPK/BCR,1755629159,1755629171,1539,0,0
1755604020_E..S71R,070700_E..S71R,E,1,1755604020,1E 1147 P-A/WTC,1755620930,1755620943,695,0,0
1755604050_C..N04R,070750_C..N04R,C,0,1755604050,1C 1147+ EUC/168,1755622957,1755622972,879,0,0
1755604170_E..N66R,070950_E..N66R,E,0,1755604170,1E 1149+ WTC/P-A,1755621756,1755621771,781,0,0
1755604170_H..S21R,070950_H..S21R,H,1,1755604170,1H 1149+ BCR/RPK,1755619261,1755619264,451,0,0
1755604380_E..S71R,071300_E..S71R,E,1,1755604380,1E 1153 P-A/WTC,1755621411,1755621424,711,0,0
1755604470_A..S58R,071450_A..S58R,A,1,1755604470,1A 1154+ 207/FAR,1755624474,1755624487,978,0,0
1755604470_E..N66R,071450_E..N66R,E,0,1755604470,1E 1154+ WTC/P-A,1755621831,1755621846,748,0,0
1755604500_A..N55R,071500_A..N55R,A,0,1755604500,1A 1155 FAR/207,1755624877,1755624880,1028,0,0
1755604590_C..N04R,071650_C..N04R,C,0,1755604590,1C 1156+ EUC/168,1755622957,1755622972,807,0,0
1755604620_C..S04R,071700_C..S04R,C,1,1755604620,1C 1157 168/EUC,1755623318,1755623333,827,0,0
1755604830_E..S71R,072050_E..S71R,E,1,1755604830,1E 1200+ P-A/WTC,1755622177,1755622192,723,0,0
1755604860_E..N66R,072100_E..N66R,E,0,1755604860,1E 1201 WTC/P-A,1755622072,1755622086,713,0,0
1755604980_A..S57R,072300_A..S57R,A,1,1755604980,1A 1203 207/LEF,1755624099,1755624111,861,0,0
1755605040_H..N21R,072400_H..N21R,H,0,1755605040,1H 1204 RPK/BCR,1755630240,1755630253,1539,0,0
1755605070_C..N04R,072450_C..N04R,C,0,1755605070,1C 1204+ EUC/168,1755623873,1755623886,819,0,0
1755605130_H..S21R,072550_H..S21R,H,1,1755605130,1H 1205+ BCR/RPK,1755620119,1755620132,440,0,0
1755605160_A..N54R,072600_A..N54R,A,0,1755605160,1A 1206 LEF/207,1755624264,1755624276,859,0,0
1755605160_C..S04R,072600_C..S04R,C,1,1755605160,1C 1206 168/EUC,1755623528,1755623543,770,0,0
1755605250_E..N66R,072750_E..N66R,E,0,1755605250,1E 1207+ WTC/P-A,1755622372,1755622387,681,0,0
1755605250_E..S71R,072750_E..S71R,E,1,1755605250,1E 1207+ P-A/WTC,1755622507,1755622522,690,0,0
1755605550_A..N55R,073250_A..N55R,A,0,1755605550,1A 1212+ FAR/207,1755626186,1755626199,1064,0,0
1755605550_C..N04R,073250_C..N04R,C,0,1755605550,1C 1212+ EUC/168,1755624249,1755624261,806,0,0
1755605580_A..S58R,073300_A..S58R,A,1,1755605580,1A 1213 207/FAR,1755625540,1755625553,974,0,0
1755605640_C..S04R,073400_C..S04R,C,1,1755605640,1C 1214 168/EUC,1755624174,1755624186,784,0,0
1755605640_E..S71R,073400_E..S71R,E,1,1755605640,1E 1214 P-A/WTC,1755623002,1755623017,672,0,0
1755605640_H..N21R,073400_H..N21R,H,0,1755605640,1H 1214 RPK/BCR,1755630841,1755630853,1541,0,0
1755605670_E..N66R,073450_E..N66R,E,0,1755605670,1E 1214+ WTC/P-A,1755622897,1755622912,661,0,0
1755605970_E..N66R,073950_E..N66R,E,0,1755605970,1E 1219+ WTC/P-A,1755623976,1755623978,713,0,0
1755606030_C..N04R,074050_C..N04R,C,0,1755606030,1C 1220+ EUC/168,1755624577,1755624579,785,0,0
1755606090_E..S71R,074150_E..S71R,E,1,1755606090,1E 1221+ P-A/WTC,1755623378,1755623393,637,0,0
1755606150_C..S04R,074250_C..S04R,C,1,1755606150,1C 1222+ 168/EUC,1755624624,1755624637,778,0,0
1755606180_A..S57R,074300_A..S57R,A,1,1755606180,1A 1223 207/LEF,1755624939,1755624952,817,0,0
1755606210_H..S21R,074350_H..S21R,H,1,1755606210,1H 1223+ BCR/RPK,1755621516,1755621529,487,0,0
1755606300_E..N66R,074500_E..N66R,E,0,1755606300,1E 1225 WTC/P-A,1755624339,1755624352,723,0,0
1755606360_A..N54R,074600_A..N54R,A,0,1755606360,1A 1226 LEF/207,1755625420,1755625433,860,0,0
1755606510_C..N04R,074850_C..N04R,C,0,1755606510,1C 1228+ EUC/168,1755625090,1755625102,806,0,0
1755606540_E..S71R,074900_E..S71R,E,1,1755606540,1E 1229 P-A/WTC,1755624276,1755624279,695,0,0
1755606600_C..S04R,075000_C..S04R,C,1,1755606600,1C 1230 168/EUC,1755624789,1755624802,760,0,0
1755606660_A..S58R,075100_A..S58R,A,1,1755606660,1A 1231 207/FAR,1755626816,1755626832,1006,0,0
1755606720_E..N66R,075200_E..N66R,E,0,1755606720,1E 1232 WTC/P-A,1755624564,1755624577,722,0,0
1755606750_A..N55R,075250_A..N55R,A,0,1755606750,1A 1232+ FAR/207,1755627867,1755627882,1070,0,0
1755606840_H..N21R,075400_H..N21R,H,0,1755606840,1H 1234 RPK/BCR,1755632042,1755632057,1534,0,0
1755606930_C..N04R,075550_C..N04R,C,0,1755606930,1C 1235+ EUC/168,1755625585,1755625598,844,0,0
1755606990_E..S71R,075650_E..S71R,E,1,1755606990,1E 1236+ P-A/WTC,1755624276,1755624279,665,0,0
1755607080_C..S04R,075800_C..S04R,C,1,1755607080,1C 1238 168/EUC,1755625598,1755625600,835,0,0
1755607110_H..S21R,075850_H..S21R,H,1,1755607110,1H 1238+ BCR/RPK,1755622086,1755622101,471,0,0
1755607140_A..S57R,075900_A..S57R,A,1,1755607140,1A 1239 207/LEF,1755626846,1755626861,976,0,0
1755607200_E..N66R,076000_E..N66R,E,0,1755607200,1E 1240 WTC/P-A,1755624954,1755624967,742,0,0
1755607440_E..S71R,076400_E..S71R,E,1,1755607440,1E 1244 P-A/WTC,1755624757,1755624759,699,0,0
1755607560_A..N54R,076600_A..N54R,A,0,1755607560,1A 1246 LEF/207,1755626711,1755626726,939,0,0
1755607560_C..S04R,076600_C..S04R,C,1,1755607560,1C 1246 168/EUC,1755625840,1755625853,836,0,0
1755607560_H..N21R,076600_H..N21R,H,0,1755607560,1H 1246 RPK/BCR,1755632747,1755632763,1533,0,0
1755607620_E..N66R,076700_E..N66R,E,0,1755607620,1E 1247 WTC/P-A,1755625285,1755625298,758,0,0
1755607680_A..N55R,076800_A..N55R,A,0,1755607680,1A 1248 FAR/207,1755628273,1755628288,1036,0,0
1755607680_A..S58R,076800_A..S58R,A,1,1755607680,1A 1248 207/FAR,1755628093,1755628108,1023,0,0
1755607890_E..S71R,077150_E..S71R,E,1,1755607890,1E 1251+ P-A/WTC,1755625705,1755625718,796,0,0
1755607950_C..N04R,077250_C..N04R,C,0,1755607950,1C 1252+ EUC/168,1755626486,1755626499,894,0,0
1755608040_C..S04R,077400_C..S04R,C,1,1755608040,1C 1254 168/EUC,1755626276,1755626289,861,0,0
1755608040_E..N66R,077400_E..N66R,E,0,1755608040,1E 1254 WTC/P-A,1755625495,1755625508,757,0,0
1755608160_A..S57R,077600_A..S57R,A,1,1755608160,1A 1256 207/LEF,1755626832,1755626846,901,0,0
1755608220_H..S21R,077700_H..S21R,H,1,1755608220,1H 1257 BCR/RPK,1755624337,1755624339,507,0,0
1755608340_E..S71R,077900_E..S71R,E,1,1755608340,1E 1259 P-A/WTC,1755625718,1755625720,749,0,0
1755608400_C..S04R,078000_C..S04R,C,1,1755608400,1C 1300 168/EUC,1755626832,1755626846,869,0,0
1755608430_C..N04R,078050_C..N04R,C,0,1755608430,1C 1300+ EUC/168,1755627072,1755627087,881,0,0
1755608460_E..N66R,078100_E..N66R,E,0,1755608460,1E 1301 WTC/P-A,1755625750,1755625763,738,0,0
1755608460_H..N21R,078100_H..N21R,H,0,1755608460,1H 1301 RPK/BCR,1755633662,1755633663,1528,0,0
1755608640_A..N54R,078400_A..N54R,A,0,1755608640,1A 1304 LEF/207,1755627882,1755627898,907,0,0
1755608700_A..N55R,078500_A..N55R,A,0,1755608700,1A 1305 FAR/207,1755629024,1755629037,1011,0,0
1755608730_H..S21R,078550_H..S21R,H,1,1755608730,1H 1305+ BCR/RPK,1755624039,1755624051,474,0,0
1755608760_A..S58R,078600_A..S58R,A,1,1755608760,1A 1306 207/FAR,1755628783,1755628796,970,0,0
1755608910_C..N04R,078850_C..N04R,C,0,1755608910,1C 1308+ EUC/168,1755627852,1755627867,868,0,0
1755608970_E..N66R,078950_E..N66R,E,0,1755608970,1E 1309+ WTC/P-A,1755626125,1755626138,719,0,0
1755609000_C..S04R,079000_C..S04R,C,1,1755609000,1C 1310 168/EUC,1755627177,1755627193,811,0,0
1755609210_E..S71R,079350_E..S71R,E,1,1755609210,1E 1313+ P-A/WTC,1755626531,1755626546,739,0,0
1755609300_A..S57R,079500_A..S57R,A,1,1755609300,1A 1315 207/LEF,1755628033,1755628048,828,0,0
1755609360_A..N54R,079600_A..N54R,A,0,1755609360,1A 1316 LEF/207,1755628393,1755628408,845,0,0
1755609360_C..N04R,079600_C..N04R,C,0,1755609360,1C 1316 EUC/168,1755628153,1755628168,728,0,0
1755609420_E..N66R,079700_E..N66R,E,0,1755609420,1E 1317 WTC/P-A,1755626891,1755626907,736,0,0
1755609480_C..S04R,079800_C..S04R,C,1,1755609480,1C 1318 168/EUC,1755627852,1755627867,792,0,0
1755609540_H..N21R,079900_H..N21R,H,0,1755609540,1H 1319 RPK/BCR,1755634743,1755634745,1531,0,0
1755609570_H..S21R,079950_H..S21R,H,1,1755609570,1H 1319+ BCR/RPK,1755624594,1755624607,435,0,0
1755609630_A..N55R,080050_A..N55R,A,0,1755609630,1A 1320+ FAR/207,1755629849,1755629862,996,0,0
1755609660_E..S71R,080100_E..S71R,E,1,1755609660,1E 1321 P-A/WTC,1755626876,1755626891,703,0,0
1755609780_A..S58R,080300_A..S58R,A,1,1755609780,1A 1323 207/FAR,1755629789,1755629802,968,0,0
1755609810_C..N04R,080350_C..N04R,C,0,1755609810,1C 1323+ EUC/168,1755628648,1755628661,812,0,0
1755609870_E..N66R,080450_E..N66R,E,0,1755609870,1E 1324+ WTC/P-A,1755627327,1755627342,705,0,0
1755609960_C..S04R,080600_C..S04R,C,1,1755609960,1C 1326 168/EUC,1755628378,1755628393,764,0,0
1755610080_E..S71R,080800_E..S71R,E,1,1755610080,1E 1328 P-A/WTC,1755627162,1755627177,666,0,0
1755610110_A..S57R,080850_A..S57R,A,1,1755610110,1A 1328+ 207/LEF,1755628874,1755628886,802,0,0
1755610290_E..N66R,081150_E..N66R,E,0,1755610290,1E 1331+ WTC/P-A,1755627582,1755627597,666,0,0
1755610350_C..N04R,081250_C..N04R,C,0,1755610350,1C 1332+ EUC/168,1755628919,1755628931,776,0,0
1755610440_H..N21R,081400_H..N21R,H,0,1755610440,1H 1334 RPK/BCR,1755635631,1755635644,1530,0,0
1755610470_E..S71R,081450_E..S71R,E,1,1755610470,1E 1334+ P-A/WTC,1755627852,1755627867,660,0,0
1755610500_A..N54R,081500_A..N54R,A,0,1755610500,1A 1335 LEF/207,1755629652,1755629654,853,0,0
1755610500_A..N55R,081500_A..N55R,A,0,1755610500,1A 1335 FAR/207,1755630673,1755630675,989,0,0
1755610530_C..S04R,081550_C..S04R,C,1,1755610530,1C 1335+ 168/EUC,1755628828,1755628841,740,0,0
1755610650_H..S21R,081750_H..S21R,H,1,1755610650,1H 1337+ BCR/RPK,1755625765,1755625778,447,0,0
1755610680_A..S58R,081800_A..S58R,A,1,1755610680,1A 1338 207/FAR,1755630553,1755630555,949,0,0
1755610770_E..N66R,081950_E..N66R,E,0,1755610770,1E 1339+ WTC/P-A,1755628063,1755628078,634,0,0
1755610830_C..N04R,082050_C..N04R,C,0,1755610830,1C 1340+ EUC/168,1755629429,1755629442,781,0,0
1755610830_E..S71R,082050_E..S71R,E,1,1755610830,1E 1340+ P-A/WTC,1755628198,1755628213,636,0,0
1755610920_C..S04R,082200_C..S04R,C,1,1755610920,1C 1342 168/EUC,1755629654,1755629667,800,0,0
1755611100_A..N54R,082500_A..N54R,A,0,1755611100,1A 1345 LEF/207,1755630480,1755630493,895,0,0
1755611130_A..S57R,082550_A..S57R,A,1,1755611130,1A 1345+ 207/LEF,1755629894,1755629907,815,0,0
1755611190_E..N66R,082650_E..N66R,E,0,1755611190,1E 1346+ WTC/P-A,1755628766,1755628768,660,0,0
1755611190_H..N21R,082650_H..N21R,H,0,1755611190,1H 1346+ RPK/BCR,1755636396,1755636411,1526,0,0
1755611220_E..S71R,082700_E..S71R,E,1,1755611220,1E 1347 P-A/WTC,1755628513,1755628526,626,0,0
1755611310_C..N04R,082850_C..N04R,C,0,1755611310,1C 1348+ EUC/168,1755629954,1755629968,811,0,0
1755611400_C..S04R,083000_C..S04R,C,1,1755611400,1C 1350 168/EUC,1755629864,1755629877,793,0,0
1755611430_A..N55R,083050_A..N55R,A,0,1755611430,1A 1350+ FAR/207,1755632042,1755632057,1036,0,0
1755611580_A..S58R,083300_A..S58R,A,1,1755611580,1A 1353 207/FAR,1755631501,1755631514,988,0,0
1755611580_E..S71R,083300_E..S71R,E,1,1755611580,1E 1353 P-A/WTC,1755628858,1755628871,647,0,0
1755611670_E..N66R,083450_E..N66R,E,0,1755611670,1E 1354+ WTC/P-A,1755629279,1755629292,697,0,0
1755611760_C..N04R,083600_C..N04R,C,0,1755611760,1C 1356 EUC/168,1755630300,1755630313,827,0,0
1755611850_H..S21R,083750_H..S21R,H,1,1755611850,1H 1357+ BCR/RPK,1755626907,1755626921,474,0,0
1755611880_C..S04R,083800_C..S04R,C,1,1755611880,1C 1358 168/EUC,1755631592,1755631606,976,1,0
1755611910_A..S57R,083850_A..S57R,A,1,1755611910,1A 1358+ 207/LEF,1755631516,1755631529,968,0,0
1755611940_E..S71R,083900_E..S71R,E,1,1755611940,1E 1359 P-A/WTC,1755629129,1755629141,659,0,0
1755612060_H..N21R,084100_H..N21R,H,0,1755612060,1H 1401 RPK/BCR,1755637252,1755637267,1525,0,0
1755612210_E..N66R,084350_E..N66R,E,0,1755612210,1E 1403+ WTC/P-A,1755629714,1755629727,373,0,0
1755612270_C..N04R,084450_C..N04R,C,0,1755612270,1C 1404+ EUC/168,1755630793,1755630795,858,0,0
1755612300_A..N54R,084500_A..N54R,A,0,1755612300,1A 1405 LEF/207,1755631021,1755631034,887,0,0
1755612300_A..N55R,084500_A..N55R,A,0,1755612300,1A 1405 FAR/207,1755632447,1755632462,1005,0,0
1755612300_E..S71R,084500_E..S71R,E,1,1755612300,1E 1405 P-A/WTC,1755629594,1755629607,697,0,0
1755612300_H..S21R,084500_H..S21R,H,1,1755612300,1H 1405 BCR/RPK,1755627222,1755627237,465,0,0
1755612360_C..S04R,084600_C..S04R,C,1,1755612360,1C 1406 168/EUC,1755631094,1755631096,892,1,0
1755612480_A..S58R,084800_A..S58R,A,1,1755612480,1A 1408 207/FAR,1755632477,1755632492,995,0,0
1755612660_E..S71R,085100_E..S71R,E,1,1755612660,1E 1411 P-A/WTC,1755629909,1755629922,715,0,0
1755612750_C..N04R,085250_C..N04R,C,0,1755612750,1C 1412+ EUC/168,1755631336,1755631349,895,0,0
1755612750_E..N66R,085250_E..N66R,E,0,1755612750,1E 1412+ WTC/P-A,1755630135,1755630148,739,0,0
1755612930_A..S57R,085550_A..S57R,A,1,1755612930,1A 1415+ 207/LEF,1755631922,1755631937,924,0,0
1755612960_A..N54R,085600_A..N54R,A,0,1755612960,1A 1416 LEF/207,1755632222,1755632237,940,0,0
1755612960_C..S04R,085600_C..S04R,C,1,1755612960,1C 1416 168/EUC,1755631651,1755631666,902,0,0
1755612960_E..S71R,085600_E..S71R,E,1,1755612960,1E 1416 P-A/WTC,1755630105,1755630118,715,0,0
1755612960_H..N21R,085600_H..N21R,H,0,1755612960,1H 1416 RPK/BCR,1755638153,1755638168,1522,0,0
1755613170_E..N66R,085950_E..N66R,E,0,1755613170,1E 1419+ WTC/P-A,1755630853,1755630856,786,0,0
1755613170_H..S21R,085950_H..S21R,H,1,1755613170,1H 1419+ BCR/RPK,1755628273,1755628288,458,0,0
1755613230_A..N55R,086050_A..N55R,A,0,1755613230,1A 1420+ FAR/207,1755633754,1755633767,1033,0,0
1755613230_C..N04R,086050_C..N04R,C,0,1755613230,1C 1420+ EUC/168,1755631696,1755631711,869,0,0
1755613350_E..S71R,086250_E..S71R,E,1,1755613350,1E 1422+ P-A/WTC,1755630841,1755630853,761,0,0
1755613380_A..S58R,086300_A..S58R,A,1,1755613380,1A 1423 207/FAR,1755633168,1755633183,947,0,0
1755613590_C..S04R,086650_C..S04R,C,1,1755613590,1C 1426+ 168/EUC,1755632237,1755632252,857,0,0
1755613650_E..N66R,086750_E..N66R,E,0,1755613650,1E 1427+ WTC/P-A,1755631336,1755631349,783,0,0
1755613710_A..S57R,086850_A..S57R,A,1,1755613710,1A 1428+ 207/LEF,1755633168,1755633183,903,0,0
1755613710_C..N04R,086850_C..N04R,C,0,1755613710,1C 1428+ EUC/168,1755632222,1755632237,840,0,0
1755613740_E..S71R,086900_E..S71R,E,1,1755613740,1E 1429 P-A/WTC,1755631514,1755631516,787,0,0
1755613800_H..N21R,087000_H..N21R,H,0,1755613800,1H 1430 RPK/BCR,1755638994,1755639007,1520,0,0
1755613980_E..N66R,087300_E..N66R,E,0,1755613980,1E 1433 WTC/P-A,1755631606,1755631621,763,0,0
1755614040_A..N54R,087400_A..N54R,A,0,1755614040,1A 1434 LEF/207,1755632838,1755632853,837,0,0
1755614070_H..S21R,087450_H..S21R,H,1,1755614070,1H 1434+ BCR/RPK,1755629187,1755629189,444,0,0
1755614100_A..N55R,087500_A..N55R,A,0,1755614100,1A 1435 FAR/207,1755634024,1755634037,957,0,0
1755614130_C..N04R,087550_C..N04R,C,0,1755614130,1C 1435+ EUC/168,1755632567,1755632583,807,0,0
1755614130_E..S71R,087550_E..S71R,E,1,1755614130,1E 1435+ P-A/WTC,1755631666,1755631682,747,0,0
1755614160_C..S04R,087600_C..S04R,C,1,1755614160,1C 1436 168/EUC,1755632943,1755632958,828,0,0
1755614280_A..S58R,087800_A..S58R,A,1,1755614280,1A 1438 207/FAR,1755634144,1755634157,949,0,0
1755614370_E..N66R,087950_E..N66R,E,0,1755614370,1E 1439+ WTC/P-A,1755632012,1755632027,738,0,0
1755614520_E..S71R,088200_E..S71R,E,1,1755614520,1E 1442 P-A/WTC,1755632552,1755632567,754,1,0
1755614550_H..N21R,088250_H..N21R,H,0,1755614550,1H 1442+ RPK/BCR,1755639758,1755639760,1501,0,0
1755614670_C..N04R,088450_C..N04R,C,0,1755614670,1C 1444+ EUC/168,1755633528,1755633541,788,0,0
1755614730_A..S57R,088550_A..S57R,A,1,1755614730,1A 1445+ 207/LEF,1755633168,1755633183,767,0,0
1755614760_A..N54R,088600_A..N54R,A,0,1755614760,1A 1446 LEF/207,1755633528,1755633541,799,0,0
1755614760_C..S04R,088600_C..S04R,C,1,1755614760,1C 1446 168/EUC,1755639955,1755639968,1520,0,0
1755614880_E..N66R,088800_E..N66R,E,0,1755614880,1E 1448 WTC/P-A,1755632583,1755632597,708,0,0
1755614910_E..S71R,088850_E..S71R,E,1,1755614910,1E 1448+ P-A/WTC,1755632583,1755632597,704,0,0
1755614910_H..S21R,088850_H..S21R,H,1,1755614910,1H 1448+ BCR/RPK,1755629834,1755629847,419,0,0
1755615030_A..N55R,089050_A..N55R,A,0,1755615030,1A 1450+ FAR/207,1755635090,1755635103,975,0,0
1755615150_C..N04R,089250_C..N04R,C,0,1755615150,1C 1452+ EUC/168,1755633934,1755633947,804,0,0
1755615180_A..S58R,089300_A..S58R,A,1,1755615180,1A 1453 207/FAR,1755635015,1755635028,945,0,0
1755615180_E..N66R,089300_E..N66R,E,0,1755615180,1E 1453 WTC/P-A,1755632732,1755632747,678,0,0
1755615270_E..S71R,089450_E..S71R,E,1,1755615270,1E 1454+ P-A/WTC,1755633108,1755633123,691,0,0
1755615390_C..S04R,089650_C..S04R,C,1,1755615390,1C 1456+ 168/EUC,1755635540,1755635553,985,0,0
1755615480_A..S57R,089800_A..S57R,A,1,1755615480,1A 1458 207/LEF,1755634549,1755634563,843,0,0
1755615480_E..N66R,089800_E..N66R,E,0,1755615480,1E 1458 WTC/P-A,1755632928,1755632943,651,0,0
1755615570_C..N04R,089950_C..N04R,C,0,1755615570,1C 1459+ EUC/168,1755634369,1755634383,808,0,0
1755615600_E..S71R,090000_E..S71R,E,1,1755615600,1E 1500 P-A/WTC,1755633333,1755633348,663,0,0
1755615660_H..S21R,090100_H..S21R,H,1,1755615660,1H 1501 BCR/RPK,1755630976,1755630988,473,0,0
1755615840_A..N54R,090400_A..N54R,A,0,1755615840,1A 1504 LEF/207,1755634745,1755634757,829,0,0
1755615840_A..N55R,090400_A..N55R,A,0,1755615840,1A 1504 FAR/207,1755636126,1755636141,1007,0,0
1755615900_E..N66R,090500_E..N66R,E,0,1755615900,1E 1505 WTC/P-A,1755633708,1755633722,681,0,0
1755615900_E..S71R,090500_E..S71R,E,1,1755615900,1E 1505 P-A/WTC,1755633541,1755633543,660,0,0
1755615960_C..S04R,090600_C..S04R,C,1,1755615960,1C 1506 168/EUC,1755641156,1755641171,1517,1,0
1755615990_A..S58R,090650_A..S58R,A,1,1755615990,1A 1506+ 207/FAR,1755635736,1755635748,951,0,0
1755616230_E..S71R,091050_E..S71R,E,1,1755616230,1E 1510+ P-A/WTC,1755634022,1755634024,706,0,0
1755616290_C..N04R,091150_C..N04R,C,0,1755616290,1C 1511+ EUC/168,1755635030,1755635043,837,0,0
1755616290_E..N66R,091150_E..N66R,E,0,1755616290,1E 1511+ WTC/P-A,1755633919,1755633934,687,0,0
1755616350_H..N21R,091250_H..N21R,H,0,1755616350,1H 1512+ RPK/BCR,1755641547,1755641562,1513,0,0
1755616440_A..S57R,091400_A..S57R,A,1,1755616440,1A 1514 207/LEF,1755635165,1755635178,845,0,0
1755616440_E..S71R,091400_E..S71R,E,1,1755616440,1E 1514 P-A/WTC,1755634219,1755634232,719,0,0
1755616560_C..S04R,091600_C..S04R,C,1,1755616560,1C 1516 168/EUC,1755635195,1755635208,841,0,0
1755616650_E..N66R,091750_E..N66R,E,0,1755616650,1E 1517+ WTC/P-A,1755634459,1755634472,737,0,0
1755616680_A..N54R,091800_A..N54R,A,0,1755616680,1A 1518 LEF/207,1755635631,1755635644,891,0,0
1755616680_E..S71R,091800_E..S71R,E,1,1755616680,1E 1518 P-A/WTC,1755634459,1755634472,735,0,0
1755616800_A..N55R,092000_A..N55R,A,0,1755616800,1A 1520 FAR/207,1755637072,1755637087,1007,0,0
1755616860_A..S58R,092100_A..S58R,A,1,1755616860,1A 1521 207/FAR,1755637027,1755637042,1000,0,0
1755616860_H..N,092100_H..N,H,0,1755616860,EH 1521 RPK/BCH,1755631952,1755631967,60,0,0
1755616890_C..N04R,092150_C..N04R,C,0,1755616890,1C 1521+ EUC/168,1755635600,1755635613,873,0,0
1755616920_E..N66R,092200_E..N66R,E,0,1755616920,1E 1522 WTC/P-A,1755634700,1755634712,751,0,0
1755616980_E..S71R,092300_E..S71R,E,1,1755616980,1E 1523 P-A/WTC,1755635015,1755635028,789,0,0
1755617190_C..S04R,092650_C..S04R,C,1,1755617190,1C 1526+ 168/EUC,1755635525,1755635538,843,0,0
1755617280_E..S71R,092800_E..S71R,E,1,1755617280,1E 1528 P-A/WTC,1755635270,1755635283,803,0,0
1755617400_A..S57R,093000_A..S57R,A,1,1755617400,1A 1530 207/LEF,1755636261,1755636276,913,0,0
1755617400_H..N21R,093000_H..N21R,H,0,1755617400,1H 1530 RPK/BCR,1755642598,1755642613,1517,0,0
1755617460_A..N55R,093100_A..N55R,A,0,1755617460,1A 1531 FAR/207,1755637958,1755637973,1021,0,0
1755617460_H..S21R,093100_H..S21R,H,1,1755617460,1H 1531 BCR/RPK,1755632583,1755632597,479,0,0
1755617490_C..N04R,093150_C..N04R,C,0,1755617490,1C 1531+ EUC/168,1755635961,1755635974,880,0,0
1755617520_E..N66R,093200_E..N66R,E,0,1755617520,1E 1532 WTC/P-A,1755634940,1755634953,327,0,0
1755617580_E..S71R,093300_E..S71R,E,1,1755617580,1E 1533 P-A/WTC,1755635345,1755635358,792,0,0
1755617640_A..N54R,093400_A..N54R,A,0,1755617640,1A 1534 LEF/207,1755636411,1755636426,906,0,0
1755617730_C..S04R,093550_C..S04R,C,1,1755617730,1C 1535+ 168/EUC,1755636126,1755636141,877,0,0
1755617880_A..S58R,093800_A..S58R,A,1,1755617880,1A 1538 207/FAR,1755637432,1755637447,946,0,0
1755617880_E..S71R,093800_E..S71R,E,1,1755617880,1E 1538 P-A/WTC,1755635736,1755635748,812,0,0
1755617940_H..S,093900_H..S,H,1,1755617940,EH 1539 BCH/RPK,1755632747,1755632763,116,0,0
1755618120_E..N66R,094200_E..N66R,E,0,1755618120,1E 1542 WTC/P-A,1755635360,1755635373,375,0,0
1755618150_C..N04R,094250_C..N04R,C,0,1755618150,1C 1542+ EUC/168,1755636636,1755636651,857,0,0
1755618180_E..S71R,094300_E..S71R,E,1,1755618180,1E 1543 P-A/WTC,1755635929,1755635931,797,0,0
1755618180_H..N21R,094300_H..N21R,H,0,1755618180,1H 1543 RPK/BCR,1755643379,1755643391,1509,0,0
1755618270_A..S57R,094450_A..S57R,A,1,1755618270,1A 1544+ 207/LEF,1755636997,1755637012,865,0,0
1755618360_C..S04R,094600_C..S04R,C,1,1755618360,1C 1546 168/EUC,1755637102,1755637117,860,0,0
1755618420_E..S71R,094700_E..S71R,E,1,1755618420,1E 1547 P-A/WTC,1755636171,1755636186,790,0,0
1755618510_A..N54R,094850_A..N54R,A,0,1755618510,1A 1548+ LEF/207,1755637342,1755637357,856,0,0
1755618510_H..S21R,094850_H..S21R,H,1,1755618510,1H 1548+ BCR/RPK,1755633481,1755633483,423,0,0
1755618600_A..S58R,095000_A..S58R,A,1,1755618600,1A 1550 207/FAR,1755638557,1755638558,952,0,0
1755618630_C..N04R,095050_C..N04R,C,0,1755618630,1C 1550+ EUC/168,1755637072,1755637087,822,0,0
1755618660_A..N55R,095100_A..N55R,A,0,1755618660,1A 1551 FAR/207,1755638889,1755638902,989,0,0
1755618720_E..N66R,095200_E..N66R,E,0,1755618720,1E 1552 WTC/P-A,1755636036,1755636051,738,0,0
1755618720_E..S71R,095200_E..S71R,E,1,1755618720,1E 1552 P-A/WTC,1755636561,1755636576,776,0,0
1755618960_C..S04R,095600_C..S04R,C,1,1755618960,1C 1556 168/EUC,1755637522,1755637537,808,0,0
1755618960_E..S56R,095600_E..S56R,E,1,1755618960,1E 1556 179/WTC,1755636576,1755636591,745,0,0
1755619020_H..N21R,095700_H..N21R,H,0,1755619020,1H 1557 RPK/BCR,1755644219,1755644232,1509,0,0
1755619050_E..N66R,095750_E..N66R,E,0,1755619050,1E 1557+ WTC/P-A,1755636606,1755636621,703,0,0
1755619140_A..N54R,095900_A..N54R,A,0,1755619140,1A 1559 LEF/207,1755638018,1755638033,818,0,0
1755619140_E..S71R,095900_E..S71R,E,1,1755619140,1E 1559 P-A/WTC,1755637027,1755637042,751,0,0
1755619170_A..S57R,095950_A..S57R,A,1,1755619170,1A 1559+ 207/LEF,1755637928,1755637943,808,0,0
1755619200_C..N04R,096000_C..N04R,C,0,1755619200,1C 1600 EUC/168,1755637898,1755637913,801,0,0
1755619260_A..N55R,096100_A..N55R,A,0,1755619260,1A 1601 FAR/207,1755639610,1755639623,1006,0,0
1755619260_H..S21R,096100_H..S21R,H,1,1755619260,1H 1601 BCR/RPK,1755634324,1755634337,440,0,0
1755619350_E..N66R,096250_E..N66R,E,0,1755619350,1E 1602+ WTC/P-A,1755636636,1755636651,697,0,0
1755619380_A..S58R,096300_A..S58R,A,1,1755619380,1A 1603 207/FAR,1755639234,1755639247,940,0,0
1755619410_A..S87R,096350_A..S87R,A,1,1755619410,1A 1603+ 168/RPK,1755639204,1755639217,932,0,0
1755619440_A..N54R,096400_A..N54R,A,0,1755619440,1A 1604 LEF/207,1755638483,1755638496,832,0,0
1755619440_E..S71R,096400_E..S71R,E,1,1755619440,1E 1604 P-A/WTC,1755637027,1755637042,712,0,0
1755619590_E..N66R,096650_E..N66R,E,0,1755619590,1E 1606+ WTC/P-A,1755636877,1755636892,682,0,0
1755619620_C..S04R,096700_C..S04R,C,1,1755619620,1C 1607 168/EUC,1755638784,1755638797,848,0,0
1755619680_E..S71R,096800_E..S71R,E,1,1755619680,1E 1608 P-A/WTC,1755637282,1755637297,697,0,0
1755619800_E..N66R,097000_E..N66R,E,0,1755619800,1E 1610 WTC/P-A,1755637462,1755637477,693,0,0
1755619860_A..S57R,097100_A..S57R,A,1,1755619860,1A 1611 207/LEF,1755638619,1755638632,794,0,0
1755619890_C..N04R,097150_C..N04R,C,0,1755619890,1C 1611+ EUC/168,1755638273,1755638286,744,0,0
1755619890_H..N21R,097150_H..N21R,H,0,1755619890,1H 1611+ RPK/BCR,1755645090,1755645103,1510,0,0
1755619920_A..N55R,097200_A..N55R,A,0,1755619920,1A 1612 FAR/207,1755640465,1755640479,1032,0,0
1755619920_E..S71R,097200_E..S71R,E,1,1755619920,1E 1612 P-A/WTC,1755637402,1755637417,673,0,0
1755620130_H..S21R,097550_H..S21R,H,1,1755620130,1H 1615+ BCR/RPK,1755635180,1755635193,439,0,0
1755620160_C..S04R,097600_C..S04R,C,1,1755620160,1C 1616 168/EUC,1755638797,1755638799,777,0,0
1755620160_E..N66R,097600_E..N66R,E,0,1755620160,1E 1616 WTC/P-A,1755637552,1755637567,651,0,0
1755620160_E..S56R,097600_E..S56R,E,1,1755620160,1E 1616 179/WTC,1755637627,1755637642,656,0,0
1755620280_A..S58R,097800_A..S58R,A,1,1755620280,1A 1618 207/FAR,1755640285,1755640298,960,0,0
1755620310_A..N54R,097850_A..N54R,A,0,1755620310,1A 1618+ LEF/207,1755639054,1755639067,792,0,0
1755620310_E..S71R,097850_E..S71R,E,1,1755620310,1E 1618+ P-A/WTC,1755637988,1755638003,660,0,0
1755620400_E..N66R,098000_E..N66R,E,0,1755620400,1E 1620 WTC/P-A,1755638078,1755638093,655,0,0
1755620430_C..N04R,098050_C..N04R,C,0,1755620430,1C 1620+ EUC/168,1755638919,1755638932,758,0,0
1755620610_E..S71R,098350_E..S71R,E,1,1755620610,1E 1623+ P-A/WTC,1755638228,1755638241,649,0,0
1755620640_A..S87R,098400_A..S87R,A,1,1755620640,1A 1624 168/RPK,1755642478,1755642493,1106,0,0
1755620730_E..N66R,098550_E..N66R,E,0,1755620730,1E 1625+ WTC/P-A,1755638078,1755638093,622,0,0
1755620730_H..N21R,098550_H..N21R,H,0,1755620730,1H 1625+ RPK/BCR,1755645931,1755645946,1510,0,0
1755620760_C..S04R,098600_C..S04R,C,1,1755620760,1C 1626 168/EUC,1755645961,1755645976,1510,0,0
1755620790_A..N55R,098650_A..N55R,A,0,1755620790,1A 1626+ FAR/207,1755641216,1755641231,1008,0,0
1755620820_A..S58R,098700_A..S58R,A,1,1755620820,1A 1627 207/FAR,1755640766,1755640779,969,0,0
1755620850_E..S71R,098750_E..S71R,E,1,1755620850,1E 1627+ P-A/WTC,1755638498,1755638511,665,0,0
1755621030_A..N54R,099050_A..N54R,A,0,1755621030,1A 1630+ LEF/207,1755640118,1755640120,868,0,0
1755621030_C..N04R,099050_C..N04R,C,0,1755621030,1C 1630+ EUC/168,1755639577,1755639580,796,0,0
1755621060_E..N66R,099100_E..N66R,E,0,1755621060,1E 1631 WTC/P-A,1755638439,1755638451,643,0,0
1755621090_E..S71R,099150_E..S71R,E,1,1755621090,1E 1631+ P-A/WTC,1755638617,1755638619,664,0,0
1755621090_H..S21R,099150_H..S21R,H,1,1755621090,1H 1631+ BCR/RPK,1755635931,1755635944,446,0,0
1755621180_C..S04R,099300_C..S04R,C,1,1755621180,1C 1633 168/EUC,1755646381,1755646396,1510,0,0
1755621330_E..N66R,099550_E..N66R,E,0,1755621330,1E 1635+ WTC/P-A,1755638679,1755638692,657,0,0
1755621330_E..S56R,099550_E..S56R,E,1,1755621330,1E 1635+ 179/WTC,1755638889,1755638902,685,0,0
1755621420_A..S57R,099700_A..S57R,A,1,1755621420,1A 1637 207/LEF,1755640225,1755640238,857,0,0
1755621510_H..N21R,099850_H..N21R,H,0,1755621510,1H 1638+ RPK/BCR,1755646712,1755646727,1510,0,0
1755621570_A..N55R,099950_A..N55R,A,0,1755621570,1A 1639+ FAR/207,1755641982,1755641997,1007,0,0
1755621570_E..N66R,099950_E..N66R,E,0,1755621570,1E 1639+ WTC/P-A,1755638994,1755639007,683,0,0
1755621630_C..S04R,100050_C..S04R,C,1,1755621630,1C 1640+ 168/EUC,1755646832,1755646847,1510,0,0
1755621660_C..N04R,100100_C..N04R,C,0,1755621660,1C 1641 EUC/168,1755640465,1755640479,873,0,0
1755621660_E..S71R,100100_E..S71R,E,1,1755621660,1E 1641 P-A/WTC,1755639234,1755639247,359,0,0
1755621690_A..N54R,100150_A..N54R,A,0,1755621690,1A 1641+ LEF/207,1755640691,1755640704,901,0,0
1755621750_A..S56R,100250_A..S56R,A,1,1755621750,1A 1642+ 200/FAR,1755641622,1755641637,971,0,0
1755621780_A..S87R,100300_A..S87R,A,1,1755621780,1A 1643 168/RPK,1755646967,1755646982,1509,0,0
1755621840_A..S57R,100400_A..S57R,A,1,1755621840,1A 1644 207/LEF,1755640465,1755640479,861,0,0
1755621840_E..N66R,100400_E..N66R,E,0,1755621840,1E 1644 WTC/P-A,1755638889,1755638902,651,0,0
1755621990_H..S21R,100650_H..S21R,H,1,1755621990,1H 1646+ BCR/RPK,1755637913,1755637928,526,0,0
1755622080_C..S04R,100800_C..S04R,C,1,1755622080,1C 1648 168/EUC,1755647267,1755647282,1509,0,0
1755622110_A..S56R,100850_A..S56R,A,1,1755622110,1A 1648+ 200/FAR,1755642192,1755642207,985,0,0
1755622110_E..S71R,100850_E..S71R,E,1,1755622110,1E 1648+ P-A/WTC,1755639489,1755639502,713,0,0
1755622140_E..N66R,100900_E..N66R,E,0,1755622140,1E 1649 WTC/P-A,1755639685,1755639698,737,0,0
1755622170_C..N04R,100950_C..N04R,C,0,1755622170,1C 1649+ EUC/168,1755640721,1755640734,873,0,0
1755622260_A..S57R,101100_A..S57R,A,1,1755622260,1A 1651 207/LEF,1755641051,1755641066,899,0,0
1755622380_E..N66R,101300_E..N66R,E,0,1755622380,1E 1653 WTC/P-A,1755639940,1755639953,755,0,0
1755622410_A..N54R,101350_A..N54R,A,0,1755622410,1A 1653+ LEF/207,1755641622,1755641637,927,0,0
1755622410_E..S71R,101350_E..S71R,E,1,1755622410,1E 1653+ P-A/WTC,1755639474,1755639488,691,0,0
1755622440_H..N21R,101400_H..N21R,H,0,1755622440,1H 1654 RPK/BCR,1755647628,1755647643,1509,0,0
1755622500_A..N55R,101500_A..N55R,A,0,1755622500,1A 1655 FAR/207,1755642853,1755642868,1003,0,0
1755622560_E..N66R,101600_E..N66R,E,0,1755622560,1E 1656 WTC/P-A,1755640270,1755640283,787,0,0
1755622650_A..S58R,101750_A..S58R,A,1,1755622650,1A 1657+ 207/FAR,1755642613,1755642628,971,0,0
1755622680_E..N,101800_E..N,E,0,1755622680,EE 1658 WTC/P-A,1755640526,1755640539,419,0,0
1755622710_E..S71R,101850_E..S71R,E,1,1755622710,1E 1658+ P-A/WTC,1755640541,1755640554,803,0,0
1755622800_E..N66R,102000_E..N66R,E,0,1755622800,1E 1700 WTC/P-A,1755640659,1755640661,806,0,0
1755622830_C..S04R,102050_C..S04R,C,1,1755622830,1C 1700+ 168/EUC,1755641712,1755641727,887,0,0
1755622890_H..S21R,102150_H..S21R,H,1,1755622890,1H 1701+ BCR/RPK,1755637928,1755637943,445,0,0
1755622920_A..S87R,102200_A..S87R,A,1,1755622920,1A 1702 168/RPK,1755648122,1755648123,1496,0,0
1755623010_C..N04R,102350_C..N04R,C,0,1755623010,1C 1703+ EUC/168,1755641231,1755641246,633,0,0
1755623010_E..S71R,102350_E..S71R,E,1,1755623010,1E 1703+ P-A/WTC,1755640556,1755640569,765,0,0
1755623040_A..S70R,102400_A..S70R,A,1,1755623040,1A 1704 200/LEF,1755641607,1755641622,852,0,0
1755623040_E..N66R,102400_E..N66R,E,0,1755623040,1E 1704 WTC/P-A,1755640901,1755640916,804,0,0
1755623100_A..S58R,102500_A..S58R,A,1,1755623100,1A 1705 207/FAR,1755643333,1755643346,981,0,0
1755623310_E..S71R,102850_E..S71R,E,1,1755623310,1E 1708+ P-A/WTC,1755640691,1755640704,739,0,0
1755623340_A..N54R,102900_A..N54R,A,0,1755623340,1A 1709 LEF/207,1755642372,1755642387,859,0,0
1755623340_E..N55R,102900_E..N55R,E,0,1755623340,1E 1709 WTC/179,1755640826,1755640839,752,0,0
1755623400_A..S57R,103000_A..S57R,A,1,1755623400,1A 1710 207/LEF,1755642147,1755642162,836,0,0
1755623430_C..S04R,103050_C..S04R,C,1,1755623430,1C 1710+ 168/EUC,1755642117,1755642132,830,0,0
1755623460_H..N21R,103100_H..N21R,H,0,1755623460,1H 1711 RPK/BCR,1755648662,1755648664,1493,0,0
1755623520_A..N55R,103200_A..N55R,A,0,1755623520,1A 1712 FAR/207,1755643754,1755643767,977,0,0
1755623520_E..N66R,103200_E..N66R,E,0,1755623520,1E 1712 WTC/P-A,1755641006,1755641021,744,0,0
1755623610_E..S71R,103350_E..S71R,E,1,1755623610,1E 1713+ P-A/WTC,1755641021,1755641036,733,0,0
1755623670_H..S21R,103450_H..S21R,H,1,1755623670,1H 1714+ BCR/RPK,1755638634,1755638647,417,0,0
1755623760_A..S78R,103600_A..S78R,A,1,1755623760,1A 1716 200/RPK,1755648949,1755648962,1492,0,0
1755623760_E..N66R,103600_E..N66R,E,0,1755623760,1E 1716 WTC/P-A,1755641216,1755641231,726,0,0
1755623850_C..N04R,103750_C..N04R,C,0,1755623850,1C 1717+ EUC/168,1755642342,1755642357,707,0,0
1755623910_A..S58R,103850_A..S58R,A,1,1755623910,1A 1718+ 207/FAR,1755643992,1755643994,956,0,0
1755623910_E..S71R,103850_E..S71R,E,1,1755623910,1E 1718+ P-A/WTC,1755641081,1755641096,697,0,0
1755624000_E..N66R,104000_E..N66R,E,0,1755624000,1E 1720 WTC/P-A,1755641517,1755641532,714,0,0
1755624030_C..S04R,104050_C..S04R,C,1,1755624030,1C 1720+ 168/EUC,1755642553,1755642568,779,0,0
1755624210_E..S71R,104350_E..S71R,E,1,1755624210,1E 1723+ P-A/WTC,1755641306,1755641321,672,0,0
1755624270_A..S57R,104450_A..S57R,A,1,1755624270,1A 1724+ 207/LEF,1755643138,1755643151,795,0,0
1755624270_E..N55R,104450_E..N55R,E,0,1755624270,1E 1724+ WTC/P-A,1755641652,1755641667,687,1,0
1755624360_H..N21R,104600_H..N21R,H,0,1755624360,1H 1726 RPK/BCR,1755649550,1755649563,1492,0,0
1755624420_A..N54R,104700_A..N54R,A,0,1755624420,1A 1727 LEF/207,1755643454,1755643467,817,0,0
1755624420_E..S71R,104700_E..S71R,E,1,1755624420,1E 1727 P-A/WTC,1755641742,1755641757,673,0,0
1755624510_E..N66R,104850_E..N66R,E,0,1755624510,1E 1728+ WTC/179,1755641892,1755641907,671,1,0
1755624570_A..S58R,104950_A..S58R,A,1,1755624570,1A 1729+ 207/FAR,1755644460,1755644473,931,0,0
1755624690_A..N55R,105150_A..N55R,A,0,1755624690,1A 1731+ FAR/207,1755645120,1755645133,1003,0,0
1755624690_C..N04R,105150_C..N04R,C,0,1755624690,1C 1731+ EUC/168,1755643138,1755643151,739,0,0
1755624750_C..S04R,105250_C..S04R,C,1,1755624750,1C 1732+ 168/EUC,1755643529,1755643542,783,0,0
1755624750_E..N66R,105250_E..N66R,E,0,1755624750,1E 1732+ WTC/P-A,1755642132,1755642147,655,0,0
1755624750_H..S21R,105250_H..S21R,H,1,1755624750,1H 1732+ BCR/RPK,1755641517,1755641532,614,0,0
1755624780_E..S71R,105300_E..S71R,E,1,1755624780,1E 1733 P-A/WTC,1755642432,1755642447,671,0,0
1755624930_A..S57R,105550_A..S57R,A,1,1755624930,1A 1735+ 207/LEF,1755643859,1755643872,733,0,0
1755624990_E..N66R,105650_E..N66R,E,0,1755624990,1E 1736+ WTC/P-A,1755642267,1755642283,632,0,0
1755625140_E..S71R,105900_E..S71R,E,1,1755625140,1E 1739 P-A/WTC,1755642418,1755642432,622,0,0
1755625200_A..S58R,106000_A..S58R,A,1,1755625200,1A 1740 207/FAR,1755645300,1755645313,960,0,0
1755625260_C..N04R,106100_C..N04R,C,0,1755625260,1C 1741 EUC/168,1755643664,1755643677,736,0,0
1755625290_E..N66R,106150_E..N66R,E,0,1755625290,1E 1741+ WTC/P-A,1755642553,1755642568,615,0,0
1755625440_C..S04R,106400_C..S04R,C,1,1755625440,1C 1744 168/EUC,1755643979,1755643992,763,0,0
1755625440_E..S71R,106400_E..S71R,E,1,1755625440,1E 1744 P-A/WTC,1755643213,1755643226,661,0,0
1755625500_A..N54R,106500_A..N54R,A,0,1755625500,1A 1745 LEF/207,1755644653,1755644655,848,0,0
1755625500_H..S21R,106500_H..S21R,H,1,1755625500,1H 1745 BCR/RPK,1755642478,1755642493,594,0,0
1755625530_E..N66R,106550_E..N66R,E,0,1755625530,1E 1745+ WTC/P-A,1755642898,1755642913,620,0,0
1755625620_A..S51R,106700_A..S51R,A,1,1755625620,1A 1747 207/EUC,1755643634,1755643647,705,0,0
1755625680_H..N21R,106800_H..N21R,H,0,1755625680,1H 1748 RPK/BCR,1755650871,1755650886,1497,0,0
1755625710_A..N55R,106850_A..N55R,A,0,1755625710,1A 1748+ FAR/207,1755646141,1755646156,1008,0,0
1755625740_C..N04R,106900_C..N04R,C,0,1755625740,1C 1749 EUC/168,1755644144,1755644157,765,0,0
1755625740_E..S71R,106900_E..S71R,E,1,1755625740,1E 1749 P-A/WTC,1755643226,1755643228,642,0,0
1755625860_E..N66R,107100_E..N66R,E,0,1755625860,1E 1751 WTC/P-A,1755643138,1755643151,623,0,0
1755625920_A..S58R,107200_A..S58R,A,1,1755625920,1A 1752 207/FAR,1755646697,1755646712,1031,0,0
1755626040_E..S71R,107400_E..S71R,E,1,1755626040,1E 1754 P-A/WTC,1755643439,1755643451,651,0,0
1755626100_A..S57R,107500_A..S57R,A,1,1755626100,1A 1755 207/LEF,1755645015,1755645028,857,0,0
1755626100_C..S04R,107500_C..S04R,C,1,1755626100,1C 1755 168/EUC,1755644685,1755644698,813,0,0
1755626130_E..N66R,107550_E..N66R,E,0,1755626130,1E 1755+ WTC/P-A,1755643544,1755643557,659,0,0
1755626220_C..N04R,107700_C..N04R,C,0,1755626220,1C 1757 EUC/168,1755644533,1755644535,784,0,0
1755626250_A..N55R,107750_A..N55R,A,0,1755626250,1A 1757+ FAR/207,1755646622,1755646637,1004,0,0
1755626340_E..S71R,107900_E..S71R,E,1,1755626340,1E 1759 P-A/WTC,1755644054,1755644067,713,0,0
1755626460_E..N66R,108100_E..N66R,E,0,1755626460,1E 1801 WTC/P-A,1755644069,1755644082,707,0,0
1755626520_A..S58R,108200_A..S58R,A,1,1755626520,1A 1802 207/FAR,1755647147,1755647162,1021,0,0
1755626550_E..S69R,108250_E..S69R,E,1,1755626550,1E 1802+ P-A/WTC,1755644114,1755644127,707,0,0
1755626580_A..N54R,108300_A..N54R,A,0,1755626580,1A 1803 LEF/207,1755645285,1755645298,861,0,0
1755626610_C..S04R,108350_C..S04R,C,1,1755626610,1C 1803+ 168/EUC,1755645240,1755645253,853,0,0
1755626700_C..N04R,108500_C..N04R,C,0,1755626700,1C 1805 EUC/168,1755645270,1755645283,851,0,0
1755626730_E..N66R,108550_E..N66R,E,0,1755626730,1E 1805+ WTC/P-A,1755644745,1755644758,779,0,0
1755626760_A..S57R,108600_A..S57R,A,1,1755626760,1A 1806 207/LEF,1755645631,1755645644,895,0,0
1755626820_H..N21R,108700_H..N21R,H,0,1755626820,1H 1807 RPK/BCR,1755652012,1755652027,1497,0,0
1755626850_E..S69R,108750_E..S69R,E,1,1755626850,1E 1807+ P-A/WTC,1755644114,1755644127,687,0,0
1755626850_H..S21R,108750_H..S21R,H,1,1755626850,1H 1807+ BCR/RPK,1755650586,1755650601,1397,0,0
1755627060_A..N55R,109100_A..N55R,A,0,1755627060,1A 1811 FAR/207,1755647237,1755647252,991,0,0
1755627060_E..N66R,109100_E..N66R,E,0,1755627060,1E 1811 WTC/P-A,1755645240,1755645253,772,0,0
1755627150_A..S58R,109250_A..S58R,A,1,1755627150,1A 1812+ 207/FAR,1755647598,1755647613,1009,0,0
1755627150_E..S69R,109250_E..S69R,E,1,1755627150,1E 1812+ P-A/WTC,1755644865,1755644878,767,0,0
1755627180_C..S04R,109300_C..S04R,C,1,1755627180,1C 1813 168/EUC,1755645631,1755645644,867,0,0
1755627270_C..N04R,109450_C..N04R,C,0,1755627270,1C 1814+ EUC/168,1755646021,1755646036,895,0,0
1755627300_A..N54R,109500_A..N54R,A,0,1755627300,1A 1815 LEF/207,1755646366,1755646381,916,0,0
1755627360_E..N66R,109600_E..N66R,E,0,1755627360,1E 1816 WTC/P-A,1755645315,1755645328,810,0,0
1755627450_A..S57R,109750_A..S57R,A,1,1755627450,1A 1817+ 207/LEF,1755646111,1755646126,883,0,0
1755627450_E..S69R,109750_E..S69R,E,1,1755627450,1E 1817+ P-A/WTC,1755644985,1755644998,756,0,0
1755627480_A..N55R,109800_A..N55R,A,0,1755627480,1A 1818 FAR/207,1755647778,1755647793,990,0,0
1755627750_A..S58R,110250_A..S58R,A,1,1755627750,1A 1822+ 207/FAR,1755648093,1755648106,984,0,0
1755627750_C..S04R,110250_C..S04R,C,1,1755627750,1C 1822+ 168/EUC,1755647252,1755647267,919,0,0
1755627750_E..N66R,110250_E..N66R,E,0,1755627750,1E 1822+ WTC/P-A,1755645374,1755645375,767,0,0
1755627750_E..S69R,110250_E..S69R,E,1,1755627750,1E 1822+ P-A/WTC,1755645270,1755645283,754,0,0
1755627780_C..N04R,110300_C..N04R,C,0,1755627780,1C 1823 EUC/168,1755646442,1755646456,861,0,0
1755627990_E..N66R,110650_E..N66R,E,0,1755627990,1E 1826+ WTC/P-A,1755645601,1755645614,766,0,0
1755628020_E..S69R,110700_E..S69R,E,1,1755628020,1E 1827 P-A/WTC,1755646021,1755646036,801,1,0
1755628050_H..N21R,110750_H..N21R,H,0,1755628050,1H 1827+ RPK/BCR,1755653257,1755653259,1472,0,0
1755628080_A..S57R,110800_A..S57R,A,1,1755628080,1A 1828 207/LEF,1755646997,1755647012,858,0,0
1755628140_C..S04R,110900_C..S04R,C,1,1755628140,1C 1829 168/EUC,1755646982,1755646997,849,0,0
1755628200_A..N54R,111000_A..N54R,A,0,1755628200,1A 1830 LEF/207,1755646877,1755646892,834,0,0
1755628290_E..N66R,111150_E..N66R,E,0,1755628290,1E 1831+ WTC/P-A,1755645914,1755645916,757,0,0
1755628290_H..S21R,111150_H..S21R,H,1,1755628290,1H 1831+ BCR/RPK,1755650571,1755650584,1236,0,0
1755628320_A..N55R,111200_A..N55R,A,0,1755628320,1A 1832 FAR/207,1755648409,1755648422,951,0,0
1755628320_E..S69R,111200_E..S69R,E,1,1755628320,1E 1832 P-A/WTC,1755645554,1755645556,715,0,0
1755628380_C..N04R,111300_C..N04R,C,0,1755628380,1C 1833 EUC/168,1755646742,1755646757,801,0,0
1755628500_A..S58R,111500_A..S58R,A,1,1755628500,1A 1835 207/FAR,1755648589,1755648602,951,0,0
1755628590_C..S04R,111650_C..S04R,C,1,1755628590,1C 1836+ 168/EUC,1755647057,1755647072,794,0,0
1755628620_E..N66R,111700_E..N66R,E,0,1755628620,1E 1837 WTC/P-A,1755646201,1755646216,733,0,0
1755628620_E..S69R,111700_E..S69R,E,1,1755628620,1E 1837 P-A/WTC,1755646456,1755646471,750,0,0
1755628740_H..N21R,111900_H..N21R,H,0,1755628740,1H 1839 RPK/BCR,1755653934,1755653947,1471,0,0
1755628860_A..S57R,112100_A..S57R,A,1,1755628860,1A 1841 207/LEF,1755647418,1755647433,782,0,0
1755628920_E..N66R,112200_E..N66R,E,0,1755628920,1E 1842 WTC/P-A,1755646502,1755646517,713,0,0
1755628920_E..S69R,112200_E..S69R,E,1,1755628920,1E 1842 P-A/WTC,1755646562,1755646577,717,0,0
1755629010_C..N04R,112350_C..N04R,C,0,1755629010,1C 1843+ EUC/168,1755647388,1755647403,760,0,0
1755629160_A..N54R,112600_A..N54R,A,0,1755629160,1A 1846 LEF/207,1755647941,1755647943,777,0,0
1755629160_H..S21R,112600_H..S21R,H,1,1755629160,1H 1846 BCR/RPK,1755650569,1755650571,1119,0,0
1755629220_A..S58R,112700_A..S58R,A,1,1755629220,1A 1847 207/FAR,1755648874,1755648887,893,0,0
1755629220_E..S69R,112700_E..S69R,E,1,1755629220,1E 1847 P-A/WTC,1755646847,1755646862,696,0,0
1755629229_C..S04R,112716_C..S04R,C,1,1755629229,1C 1847 168/EUC,1755647973,1755647986,530,0,0
1755629250_E..N66R,112750_E..N66R,E,0,1755629250,1E 1847+ WTC/P-A,1755646712,1755646727,683,0,0
1755629340_H..N21R,112900_H..N21R,H,0,1755629340,1H 1849 RPK/BCR,1755654535,1755654548,1471,0,0
1755629460_A..N55R,113100_A..N55R,A,0,1755629460,1A 1851 FAR/207,1755649505,1755649518,945,0,0
1755629550_A..S57R,113250_A..S57R,A,1,1755629550,1A 1852+ 207/LEF,1755648439,1755648452,791,0,0
1755629610_C..N04R,113350_C..N04R,C,0,1755629610,1C 1853+ EUC/168,1755648198,1755648211,750,0,0
1755629610_E..N66R,113350_E..N66R,E,0,1755629610,1E 1853+ WTC/P-A,1755647103,1755647117,661,0,0
1755629820_E..S69R,113700_E..S69R,E,1,1755629820,1E 1857 P-A/WTC,1755647147,1755647162,636,0,0
1755629869_C..S04R,113783_C..S04R,C,1,1755629869,1C 1857+ 168/EUC,1755648694,1755648707,626,0,0
1755629880_H..S21R,113800_H..S21R,H,1,1755629880,1H 1858 BCR/RPK,1755650556,1755650569,1022,0,0
1755629910_E..N66R,113850_E..N66R,E,0,1755629910,1E 1858+ WTC/P-A,1755648484,1755648497,749,0,0
1755629940_A..S58R,113900_A..S58R,A,1,1755629940,1A 1859 207/FAR,1755649940,1755649953,939,0,0
1755630060_H..N21R,114100_H..N21R,H,0,1755630060,1H 1901 RPK/BCR,1755655256,1755655269,1472,0,0
1755630120_A..N54R,114200_A..N54R,A,0,1755630120,1A 1902 LEF/207,1755648994,1755649007,793,0,0
1755630120_E..N72R,114200_E..N72R,E,0,1755630120,1E 1902 WTC/P-A,1755648242,1755648243,691,0,0
1755630120_E..S69R,114200_E..S69R,E,1,1755630120,1E 1902 P-A/WTC,1755647628,1755647643,632,0,0
1755630150_C..N04R,114250_C..N04R,C,0,1755630150,1C 1902+ EUC/168,1755648454,1755648467,719,0,0
1755630240_A..N55R,114400_A..N55R,A,0,1755630240,1A 1904 FAR/207,1755650946,1755650961,1016,0,0
1755630360_A..S57R,114600_A..S57R,A,1,1755630360,1A 1906 207/LEF,1755649355,1755649368,824,0,0
1755630420_E..S69R,114700_E..S69R,E,1,1755630420,1E 1907 P-A/WTC,1755647838,1755647853,625,0,0
1755630450_E..N72R,114750_E..N72R,E,0,1755630450,1E 1907+ WTC/P-A,1755648859,1755648872,752,0,0
1755630480_H..S21R,114800_H..S21R,H,1,1755630480,1H 1908 BCR/RPK,1755650556,1755650569,969,0,0
1755630510_C..S04R,114850_C..S04R,C,1,1755630510,1C 1908+ 168/EUC,1755648709,1755648722,728,0,0
1755630720_C..N04R,115200_C..N04R,C,0,1755630720,1C 1912 EUC/168,1755649385,1755649398,804,0,0
1755630720_E..S69R,115200_E..S69R,E,1,1755630720,1E 1912 P-A/WTC,1755648153,1755648166,639,0,0
1755630750_A..S58R,115250_A..S58R,A,1,1755630750,1A 1912+ 207/FAR,1755650631,1755650646,960,0,0
1755630780_E..N72R,115300_E..N72R,E,0,1755630780,1E 1913 WTC/179,1755650060,1755650073,890,1,0
1755630990_C..S04R,115650_C..S04R,C,1,1755630990,1C 1916+ 168/EUC,1755649715,1755649728,830,0,0
1755630990_H..N21R,115650_H..N21R,H,0,1755630990,1H 1916+ RPK/BCR,1755656187,1755656202,1496,0,0
1755631020_C..N04R,115700_C..N04R,C,0,1755631020,1C 1917 EUC/168,1755649610,1755649623,814,0,0
1755631020_E..S69R,115700_E..S69R,E,1,1755631020,1E 1917 P-A/WTC,1755648903,1755648904,719,0,0
1755631080_A..N54R,115800_A..N54R,A,0,1755631080,1A 1918 LEF/207,1755649925,1755649938,852,0,0
1755631110_A..S57R,115850_A..S57R,A,1,1755631110,1A 1918+ 207/LEF,1755649775,1755649788,830,0,0
1755631140_A..N55R,115900_A..N55R,A,0,1755631140,1A 1919 FAR/207,1755652283,1755652298,1045,0,0
1755631140_E..N57R,115900_E..N57R,E,0,1755631140,1E 1919 WTC/P-A,1755649490,1755649503,790,1,0
1755631170_H..S21R,115950_H..S21R,H,1,1755631170,1H 1919+ BCR/RPK,1755650541,1755650554,921,0,0
1755631320_E..S69R,116200_E..S69R,E,1,1755631320,1E 1922 P-A/WTC,1755649475,1755649488,776,0,0
1755631440_C..N04R,116400_C..N04R,C,0,1755631440,1C 1924 EUC/168,1755650151,1755650164,858,0,0
1755631470_C..S04R,116450_C..S04R,C,1,1755631470,1C 1924+ 168/EUC,1755649865,1755649878,818,0,0
1755631470_E..N72R,116450_E..N72R,E,0,1755631470,1E 1924+ WTC/P-A,1755649745,1755649758,802,0,0
1755631590_H..N21R,116650_H..N21R,H,0,1755631590,1H 1926+ RPK/BCR,1755656787,1755656802,1496,0,0
1755631620_E..S69R,116700_E..S69R,E,1,1755631620,1E 1927 P-A/WTC,1755649490,1755649503,758,0,0
1755631650_A..S58R,116750_A..S58R,A,1,1755631650,1A 1927+ 207/FAR,1755652267,1755652283,651,0,0
1755631770_E..N72R,116950_E..N72R,E,0,1755631770,1E 1929+ WTC/P-A,1755649925,1755649938,806,0,0
1755631920_E..S69R,117200_E..S69R,E,1,1755631920,1E 1932 P-A/WTC,1755649490,1755649503,738,0,0
1755631980_A..N54R,117300_A..N54R,A,0,1755631980,1A 1933 LEF/207,1755650796,1755650811,890,0,0
1755632010_C..N04R,117350_C..N04R,C,0,1755632010,1C 1933+ EUC/168,1755650436,1755650449,853,0,0
1755632070_C..S04R,117450_C..S04R,C,1,1755632070,1C 1934+ 168/EUC,1755650601,1755650614,868,0,0
1755632070_E..N72R,117450_E..N72R,E,0,1755632070,1E 1934+ WTC/P-A,1755650436,1755650449,849,0,0
1755632130_H..N21R,117550_H..N21R,H,0,1755632130,1H 1935+ RPK/BCR,1755657328,1755657343,1496,0,0
1755632160_A..N55R,117600_A..N55R,A,0,1755632160,1A 1936 FAR/207,1755652343,1755652358,980,0,0
1755632190_A..S58R,117650_A..S58R,A,1,1755632190,1A 1936+ 207/FAR,1755652388,1755652403,981,0,0
1755632220_E..S69R,117700_E..S69R,E,1,1755632220,1E 1937 P-A/WTC,1755650766,1755650781,870,0,0
1755632250_H..S21R,117750_H..S21R,H,1,1755632250,1H 1937+ BCR/RPK,1755650526,1755650539,844,0,0
1755632370_E..N57R,117950_E..N57R,E,0,1755632370,1E 1939+ WTC/179,1755651757,1755651772,917,0,0
1755632430_C..S04R,118050_C..S04R,C,1,1755632430,1C 1940+ 168/EUC,1755651276,1755651291,877,0,0
1755632520_C..N04R,118200_C..N04R,C,0,1755632520,1C 1942 EUC/168,1755650946,1755650961,843,0,0
1755632580_A..S57R,118300_A..S57R,A,1,1755632580,1A 1943 207/LEF,1755651367,1755651382,863,0,0
1755632610_E..N72R,118350_E..N72R,E,0,1755632610,1E 1943+ WTC/P-A,1755651186,1755651201,847,0,0
1755632610_E..S69R,118350_E..S69R,E,1,1755632610,1E 1943+ P-A/WTC,1755650766,1755650781,819,0,0
1755632790_H..S21R,118650_H..S21R,H,1,1755632790,1H 1946+ BCR/RPK,1755650526,1755650539,772,0,0
1755632880_A..N54R,118800_A..N54R,A,0,1755632880,1A 1948 LEF/207,1755651667,1755651682,843,0,0
1755632910_E..S69R,118850_E..S69R,E,1,1755632910,1E 1948+ P-A/WTC,1755650766,1755650781,779,0,0
1755632940_A..S58R,118900_A..S58R,A,1,1755632940,1A 1949 207/FAR,1755652538,1755652553,893,0,0
1755632940_C..N04R,118900_C..N04R,C,0,1755632940,1C 1949 EUC/168,1755651517,1755651532,825,0,0
1755632940_C..S04R,118900_C..S04R,C,1,1755632940,1C 1949 168/EUC,1755652463,1755652478,888,0,0
1755633030_E..N72R,119050_E..N72R,E,0,1755633030,1E 1950+ WTC/P-A,1755651337,1755651352,627,0,0
1755633060_H..N21R,119100_H..N21R,H,0,1755633060,1H 1951 RPK/BCR,1755658259,1755658272,1471,0,0
1755633120_A..N55R,119200_A..N55R,A,0,1755633120,1A 1952 FAR/207,1755653257,1755653259,938,0,0
1755633270_E..S69R,119450_E..S69R,E,1,1755633270,1E 1954+ P-A/WTC,1755650751,1755650766,730,0,0
1755633300_A..S57R,119500_A..S57R,A,1,1755633300,1A 1955 207/LEF,1755652267,1755652283,827,0,0
1755633420_C..N04R,119700_C..N04R,C,0,1755633420,1C 1957 EUC/168,1755651997,1755652012,793,0,0
1755633450_E..N72R,119750_E..N72R,E,0,1755633450,1E 1957+ WTC/P-A,1755651907,1755651922,783,0,0
1755633510_H..S21R,119850_H..S21R,H,1,1755633510,1H 1958+ BCR/RPK,1755650526,1755650539,676,0,0
1755633570_C..S04R,119950_C..S04R,C,1,1755633570,1C 1959+ 168/EUC,1755652343,1755652358,796,0,0
1755633630_E..S69R,120050_E..S69R,E,1,1755633630,1E 2000+ P-A/WTC,1755651322,1755651337,720,0,0
1755633720_A..S58R,120200_A..S58R,A,1,1755633720,1A 2002 207/FAR,1755653514,1755653527,894,0,0
1755633840_E..N72R,120400_E..N72R,E,0,1755633840,1E 2004 WTC/P-A,1755652237,1755652253,753,0,0
1755633900_A..N54R,120500_A..N54R,A,0,1755633900,1A 2005 LEF/207,1755652658,1755652673,774,0,0
1755633900_H..N21R,120500_H..N21R,H,0,1755633900,1H 2005 RPK/BCR,1755659099,1755659112,1471,0,0
1755633969_C..N04R,120616_C..N04R,C,0,1755633969,1C 2006 EUC/168,1755652343,1755652358,734,0,0
1755634020_A..N55R,120700_A..N55R,A,0,1755634020,1A 2007 FAR/207,1755654159,1755654172,940,0,0
1755634020_E..S69R,120700_E..S69R,E,1,1755634020,1E 2007 P-A/WTC,1755651322,1755651337,669,0,0
1755634110_C..S04R,120850_C..S04R,C,1,1755634110,1C 2008+ 168/EUC,1755652343,1755652358,725,0,0
1755634140_A..S57R,120900_A..S57R,A,1,1755634140,1A 2009 207/LEF,1755652823,1755652838,753,0,0
1755634140_E..N72R,120900_E..N72R,E,0,1755634140,1E 2009 WTC/P-A,1755652433,1755652448,727,0,0
1755634170_H..S21R,120950_H..S21R,H,1,1755634170,1H 2009+ BCR/RPK,1755650511,1755650526,588,0,0
1755634410_E..S69R,121350_E..S69R,E,1,1755634410,1E 2013+ P-A/WTC,1755651997,1755652012,662,0,0
1755634440_E..N72R,121400_E..N72R,E,0,1755634440,1E 2014 WTC/P-A,1755652703,1755652718,705,0,0
1755634519_C..N04R,121533_C..N04R,C,0,1755634519,1C 2015 EUC/168,1755653033,1755653047,723,0,0
1755634620_A..S58R,121700_A..S58R,A,1,1755634620,1A 2017 207/FAR,1755655090,1755655103,819,0,0
1755634740_E..N72R,121900_E..N72R,E,0,1755634740,1E 2019 WTC/P-A,1755652868,1755652883,677,0,0
1755634770_C..S04R,121950_C..S04R,C,1,1755634770,1C 2019+ 168/EUC,1755653319,1755653332,728,0,0
1755634950_A..N54R,122250_A..N54R,A,0,1755634950,1A 2022+ LEF/207,1755653559,1755653572,739,0,0
1755635010_H..N21R,122350_H..N21R,H,0,1755635010,1H 2023+ RPK/BCR,1755660211,1755660224,1479,0,0
1755635070_A..N55R,122450_A..N55R,A,0,1755635070,1A 2024+ FAR/207,1755655241,1755655253,954,0,0
1755635070_H..S21R,122450_H..S21R,H,1,1755635070,1H 2024+ BCR/RPK,1755650511,1755650526,478,0,0
1755635100_E..N72R,122500_E..N72R,E,0,1755635100,1E 2025 WTC/P-A,1755653574,1755653587,728,0,0
1755635190_A..S57R,122650_A..S57R,A,1,1755635190,1A 2026+ 207/LEF,1755653979,1755653992,774,0,0
1755635190_C..S04R,122650_C..S04R,C,1,1755635190,1C 2026+ 168/EUC,1755653484,1755653497,709,0,0
1755635190_E..S69R,122650_E..S69R,E,1,1755635190,1E 2026+ P-A/WTC,1755652808,1755652823,627,0,0
1755635370_E..N72R,122950_E..N72R,E,0,1755635370,1E 2029+ WTC/P-A,1755653724,1755653737,729,0,0
1755635580_E..S69R,123300_E..S69R,E,1,1755635580,1E 2033 P-A/WTC,1755653123,1755653137,635,0,0
1755635610_C..N04R,123350_C..N04R,C,0,1755635610,1C 2033+ EUC/168,1755653857,1755653859,730,0,0
1755635700_E..N72R,123500_E..N72R,E,0,1755635700,1E 2035 WTC/P-A,1755654159,1755654172,765,0,0
1755635730_C..S04R,123550_C..S04R,C,1,1755635730,1C 2035+ 168/EUC,1755654370,1755654383,791,0,0
1755635760_A..S58R,123600_A..S58R,A,1,1755635760,1A 2036 207/FAR,1755655556,1755655569,947,0,0
1755635790_A..N54R,123650_A..N54R,A,0,1755635790,1A 2036+ LEF/207,1755654940,1755654953,863,0,0
1755635910_E..S69R,123850_E..S69R,E,1,1755635910,1E 2038+ P-A/WTC,1755653454,1755653467,657,0,0
1755635940_H..N21R,123900_H..N21R,H,0,1755635940,1H 2039 RPK/BCR,1755661142,1755661157,1492,0,0
1755636000_E..N72R,124000_E..N72R,E,0,1755636000,1E 2040 WTC/P-A,1755654415,1755654428,777,0,0
1755636090_A..N55R,124150_A..N55R,A,0,1755636090,1A 2041+ FAR/207,1755656307,1755656322,981,0,0
1755636240_C..N04R,124400_C..N04R,C,0,1755636240,1C 2044 EUC/168,1755654640,1755654653,793,0,0
1755636330_C..S04R,124550_C..S04R,C,1,1755636330,1C 2045+ 168/EUC,1755654625,1755654638,785,0,0
1755636330_E..N72R,124550_E..N72R,E,0,1755636330,1E 2045+ WTC/P-A,1755654955,1755654968,829,0,0
1755636360_E..S69R,124600_E..S69R,E,1,1755636360,1E 2046 P-A/WTC,1755654310,1755654323,741,0,0
1755636420_A..S57R,124700_A..S57R,A,1,1755636420,1A 2047 207/LEF,1755655135,1755655148,847,0,0
1755636510_H..S21R,124850_H..S21R,H,1,1755636510,1H 2048+ BCR/RPK,1755651637,1755651652,461,0,0
1755636720_E..N72R,125200_E..N72R,E,0,1755636720,1E 2052 WTC/P-A,1755655225,1755655239,839,0,0
1755636780_E..S69R,125300_E..S69R,E,1,1755636780,1E 2053 P-A/WTC,1755654310,1755654323,713,0,0
1755636780_H..N21R,125300_H..N21R,H,0,1755636780,1H 2053 RPK/BCR,1755661967,1755661982,1491,0,0
1755636840_A..N54R,125400_A..N54R,A,0,1755636840,1A 2054 LEF/207,1755655676,1755655689,888,0,0
1755636840_C..N04R,125400_C..N04R,C,0,1755636840,1C 2054 EUC/168,1755655286,1755655299,839,0,0
1755636930_C..S04R,125550_C..S04R,C,1,1755636930,1C 2055+ 168/EUC,1755655406,1755655419,849,0,0
1755637020_A..S58R,125700_A..S58R,A,1,1755637020,1A 2057 207/FAR,1755656652,1755656667,942,0,0
1755637110_E..N72R,125850_E..N72R,E,0,1755637110,1E 2058+ WTC/P-A,1755655406,1755655419,837,0,0
1755637200_A..N55R,126000_A..N55R,A,0,1755637200,1A 2100 FAR/207,1755657313,1755657328,971,0,0
1755637230_H..S21R,126050_H..S21R,H,1,1755637230,1H 2100+ BCR/RPK,1755654818,1755654820,746,0,0
1755637260_E..S69R,126100_E..S69R,E,1,1755637260,1E 2101 P-A/WTC,1755654745,1755654758,733,0,0
1755637470_C..N04R,126450_C..N04R,C,0,1755637470,1C 2104+ EUC/168,1755655931,1755655946,844,0,0
1755637470_E..N72R,126450_E..N72R,E,0,1755637470,1E 2104+ WTC/P-A,1755655631,1755655644,822,0,0
1755637530_A..N54R,126550_A..N54R,A,0,1755637530,1A 2105+ LEF/207,1755656352,1755656367,863,0,0
1755637530_C..S04R,126550_C..S04R,C,1,1755637530,1C 2105+ 168/EUC,1755655871,1755655886,831,0,0
1755637680_A..S57R,126800_A..S57R,A,1,1755637680,1A 2108 207/LEF,1755656322,1755656337,841,0,0
1755637800_E..S69R,127000_E..S69R,E,1,1755637800,1E 2110 P-A/WTC,1755655526,1755655539,764,0,0
1755637890_A..N54R,127150_A..N54R,A,0,1755637890,1A 2111+ LEF/207,1755656982,1755656997,857,0,0
1755637995_E..N72R,127325_E..N72R,E,0,1755637995,1E 2113 WTC/P-A,1755655886,1755655901,520,0,0
1755638010_H..S21R,127350_H..S21R,H,1,1755638010,1H 2113+ BCR/RPK,1755654820,1755654833,642,0,0
1755638070_C..N04R,127450_C..N04R,C,0,1755638070,1C 2114+ EUC/168,1755656412,1755656427,795,0,0
1755638100_C..S04R,127500_C..S04R,C,1,1755638100,1C 2115 168/EUC,1755656547,1755656562,800,0,0
1755638220_H..N21R,127700_H..N21R,H,0,1755638220,1H 2117 RPK/BCR,1755663422,1755663424,1469,0,0
1755638340_A..S58R,127900_A..S58R,A,1,1755638340,1A 2119 207/FAR,1755658259,1755658272,914,0,0
1755638340_E..S69R,127900_E..S69R,E,1,1755638340,1E 2119 P-A/WTC,1755656397,1755656412,758,0,0
1755638430_A..N55R,128050_A..N55R,A,0,1755638430,1A 2120+ FAR/207,1755659325,1755659338,1044,0,0
1755638520_E..N72R,128200_E..N72R,E,0,1755638520,1E 2122 WTC/P-A,1755656352,1755656367,731,0,0
1755638550_C..N04R,128250_C..N04R,C,0,1755638550,1C 2122+ EUC/168,1755656862,1755656877,761,0,0
1755638640_C..S04R,128400_C..S04R,C,1,1755638640,1C 2124 168/EUC,1755656847,1755656862,748,0,0
1755638940_E..N72R,128900_E..N72R,E,0,1755638940,1E 2129 WTC/P-A,1755657012,1755657027,719,0,0
1755638940_E..S69R,128900_E..S69R,E,1,1755638940,1E 2129 P-A/WTC,1755656937,1755656952,714,0,0
1755639030_A..N54R,129050_A..N54R,A,0,1755639030,1A 2130+ LEF/207,1755657883,1755657896,772,0,0
1755639120_A..S57R,129200_A..S57R,A,1,1755639120,1A 2132 207/LEF,1755657703,1755657716,741,0,0
1755639240_C..S04R,129400_C..S04R,C,1,1755639240,1C 2134 168/EUC,1755657493,1755657508,711,0,0
1755639270_C..N04R,129450_C..N04R,C,0,1755639270,1C 2134+ EUC/168,1755657733,1755657748,724,0,0
1755639360_E..N05R,129600_E..N05R,E,0,1755639360,1E 2136 WTC/P-A,1755658214,1755658226,772,0,0
1755639390_H..N21R,129650_H..N21R,H,0,1755639390,1H 2136+ RPK/BCR,1755664595,1755664608,1470,0,0
1755639510_H..S21R,129850_H..S21R,H,1,1755639510,1H 2138+ BCR/RPK,1755654820,1755654833,444,0,0
1755639600_E..S69R,130000_E..S69R,E,1,1755639600,1E 2140 P-A/WTC,1755656922,1755656937,629,0,0
1755639780_A..S58R,130300_A..S58R,A,1,1755639780,1A 2143 207/FAR,1755659820,1755659833,937,0,0
1755639780_C..N04R,130300_C..N04R,C,0,1755639780,1C 2143 EUC/168,1755658199,1755658212,721,0,0
1755639840_E..N05R,130400_E..N05R,E,0,1755639840,1E 2144 WTC/P-A,1755658364,1755658377,736,0,0
1755639900_C..S04R,130500_C..S04R,C,1,1755639900,1C 2145 168/EUC,1755658154,1755658166,703,0,0
1755639930_A..N55R,130550_A..N55R,A,0,1755639930,1A 2145+ FAR/207,1755660000,1755660013,947,0,0
1755640200_E..S69R,131000_E..S69R,E,1,1755640200,1E 2150 P-A/WTC,1755657913,1755657926,651,0,0
1755640320_E..N05R,131200_E..N05R,E,0,1755640320,1E 2152 WTC/P-A,1755658694,1755658707,747,0,0
1755640410_H..N21R,131350_H..N21R,H,0,1755640410,1H 2153+ RPK/BCR,1755665616,1755665631,1495,0,0
1755640470_A..N58R,131450_A..N58R,A,0,1755640470,1A 2154+ FAR/EUC,1755656772,1755656787,548,0,0
1755640500_A..S57R,131500_A..S57R,A,1,1755640500,1A 2155 207/LEF,1755660691,1755660706,986,0,0
1755640500_C..N04R,131500_C..N04R,C,0,1755640500,1C 2155 EUC/168,1755659084,1755659097,787,0,0
1755640590_C..S04R,131650_C..S04R,C,1,1755640590,1C 2156+ 168/EUC,1755658769,1755658782,739,0,0
1755640650_H..S21R,131750_H..S21R,H,1,1755640650,1H 2157+ BCR/RPK,1755655586,1755655601,453,0,0
1755640710_A..N54R,131850_A..N54R,A,0,1755640710,1A 2158+ LEF/207,1755659715,1755659728,857,0,0
1755640800_E..N05R,132000_E..N05R,E,0,1755640800,1E 2200 WTC/P-A,1755658694,1755658707,715,0,0
1755640800_E..S69R,132000_E..S69R,E,1,1755640800,1E 2200 P-A/WTC,1755658289,1755658302,661,0,0
1755641160_A..S58R,132600_A..S58R,A,1,1755641160,1A 2206 207/FAR,1755662238,1755662253,1045,0,0
1755641220_C..N04R,132700_C..N04R,C,0,1755641220,1C 2207 EUC/168,1755659475,1755659488,791,0,0
1755641280_A..S05R,132800_A..S05R,A,1,1755641280,1A 2208 207/LEF,1755661142,1755661157,964,0,0
1755641280_E..N05R,132800_E..N05R,E,0,1755641280,1E 2208 WTC/P-A,1755659144,1755659157,743,0,0
1755641310_C..S04R,132850_C..S04R,C,1,1755641310,1C 2208+ 168/EUC,1755659805,1755659818,829,0,0
1755641400_E..S69R,133000_E..S69R,E,1,1755641400,1E 2210 P-A/WTC,1755658784,1755658797,687,0,0
1755641430_H..N21R,133050_H..N21R,H,0,1755641430,1H 2210+ RPK/BCR,1755666637,1755666652,1495,0,0
1755641490_A..N09R,133150_A..N09R,A,0,1755641490,1A 2211+ FAR/207,1755662298,1755662313,1027,0,0
1755641760_A..S74R,133600_A..S74R,A,1,1755641760,1A 2216 207/FAR,1755662688,1755662703,1037,0,0
1755641820_H..S21R,133700_H..S21R,H,1,1755641820,1H 2217 BCR/RPK,1755656772,1755656787,458,0,0
1755641880_E..N05R,133800_E..N05R,E,0,1755641880,1E 2218 WTC/P-A,1755659730,1755659743,781,0,0
1755641910_C..N04R,133850_C..N04R,C,0,1755641910,1C 2218+ EUC/168,1755660451,1755660464,875,0,0
1755641940_E..S69R,133900_E..S69R,E,1,1755641940,1E 2219 P-A/WTC,1755660151,1755660163,833,0,0
1755642060_A..N04R,134100_A..N04R,A,0,1755642060,1A 2221 LEF/207,1755661757,1755661772,953,0,0
1755642480_A..S05R,134800_A..S05R,A,1,1755642480,1A 2228 207/LEF,1755662942,1755662943,997,0,0
1755642480_E..N05R,134800_E..N05R,E,0,1755642480,1E 2228 WTC/P-A,1755660856,1755660871,842,0,0
1755642600_E..S69R,135000_E..S69R,E,1,1755642600,1E 2230 P-A/WTC,1755660661,1755660676,813,1,0
1755642840_A..S,135400_A..S,A,1,1755642840,1A 2234 207/LEF,1755662988,1755663002,956,0,0
1755642900_H..N21R,135500_H..N21R,H,0,1755642900,1H 2235 RPK/BCR,1755668094,1755668107,1481,0,0
1755642960_A..N85X001,135600_A..N85X001,A,0,1755642960,1A 2236 FAR/168,1755663214,1755663227,970,0,0
1755642960_E..S04R,135600_E..S04R,E,1,1755642960,1E 2236 P-A/WTC,1755661247,1755661262,804,0,0
1755643080_E..N05R,135800_E..N05R,E,0,1755643080,1E 2238 WTC/P-A,1755660946,1755660961,768,0,0
1755643080_H..S21R,135800_H..S21R,H,1,1755643080,1H 2238 BCR/RPK,1755658093,1755658106,420,0,0
1755643320_A..S,136200_A..S,A,1,1755643320,1A 2242 207/FAR,1755664280,1755664293,1064,0,0
1755643470_E..S04R,136450_E..S04R,E,1,1755643470,1E 2244+ P-A/WTC,1755661442,1755661457,749,0,0
1755643500_A..N86X001,136500_A..N86X001,A,0,1755643500,1A 2245 LEF/168,1755662388,1755662403,808,0,0
1755643680_E..N05R,136800_E..N05R,E,0,1755643680,1E 2248 WTC/P-A,1755661787,1755661802,744,0,0
1755644010_H..S21R,137350_H..S21R,H,1,1755644010,1H 2253+ BCR/RPK,1755659340,1755659353,462,0,0
1755644040_A..S,137400_A..S,A,1,1755644040,1A 2254 207/LEF,1755663739,1755663752,896,0,0
1755644040_E..S04R,137400_E..S04R,E,1,1755644040,1E 2254 P-A/WTC,1755662148,1755662163,720,0,0
1755644070_H..N21R,137450_H..N21R,H,0,1755644070,1H 2254+ RPK/BCR,1755669278,1755669280,1481,0,0
1755644160_E..N05R,137600_E..N05R,E,0,1755644160,1E 2256 WTC/P-A,1755662958,1755662971,776,0,0
1755644490_A..N85X001,138150_A..N85X001,A,0,1755644490,1A 2301+ FAR/168,1755664625,1755664638,954,0,0
1755644580_E..S04R,138300_E..S04R,E,1,1755644580,1E 2303 P-A/WTC,1755662283,1755662298,657,0,0
1755644760_A..S,138600_A..S,A,1,1755644760,1A 2306 207/FAR,1755665466,1755665481,1020,0,0
1755644880_E..N05R,138800_E..N05R,E,0,1755644880,1E 2308 WTC/P-A,1755663289,1755663302,727,0,0
1755645000_A..N86X001,139000_A..N86X001,A,0,1755645000,1A 2310 LEF/168,1755663934,1755663947,804,0,0
1755645030_H..N21R,139050_H..N21R,H,0,1755645030,1H 2310+ RPK/BCR,1755670226,1755670241,1485,0,0
1755645180_H..S21R,139300_H..S21R,H,1,1755645180,1H 2313 BCR/RPK,1755660181,1755660194,440,0,0
1755645240_E..S04R,139400_E..S04R,E,1,1755645240,1E 2314 P-A/WTC,1755664115,1755664128,812,1,0
1755645480_A..S,139800_A..S,A,1,1755645480,1A 2318 207/LEF,1755665436,1755665451,964,0,0
1755645480_E..N05R,139800_E..N05R,E,0,1755645480,1E 2318 WTC/P-A,1755665076,1755665089,924,0,0
1755645960_E..S04R,140600_E..S04R,E,1,1755645960,1E 2326 P-A/WTC,1755664595,1755664608,828,0,0
1755646080_E..N05R,140800_E..N05R,E,0,1755646080,1E 2328 WTC/P-A,1755665209,1755665211,901,0,0
1755646140_H..S21R,140900_H..S21R,H,1,1755646140,1H 2329 BCR/RPK,1755661112,1755661127,457,0,0
1755646200_A..S,141000_A..S,A,1,1755646200,1A 2330 207/FAR,1755667959,1755667971,1113,0,0
1755646260_H..N21R,141100_H..N21R,H,0,1755646260,1H 2331 RPK/BCR,1755671455,1755671470,1485,0,0
1755646320_A..N85X001,141200_A..N85X001,A,0,1755646320,1A 2332 FAR/168,1755666727,1755666742,994,0,0
1755646680_A..N86X001,141800_A..N86X001,A,0,1755646680,1A 2338 LEF/168,1755665646,1755665661,898,0,0
1755646740_E..N,141900_E..N,E,0,1755646740,1E 2339 WTC/P-A,1755665781,1755665796,903,0,0
1755646770_E..S04R,141950_E..S04R,E,1,1755646770,1E 2339+ P-A/WTC,1755665676,1755665691,894,0,0
1755646920_A..S,142200_A..S,A,1,1755646920,1A 2342 207/LEF,1755666862,1755666877,962,0,0
1755647400_E..N,143000_E..N,E,0,1755647400,1E 2350 WTC/P-A,1755665871,1755665886,837,0,0
1755647520_A..S,143200_A..S,A,1,1755647520,1A 2352 207/FAR,1755669385,1755669398,1178,0,0
1755647640_H..S21R,143400_H..S21R,H,1,1755647640,1H 2354 BCR/RPK,1755662748,1755662761,426,0,0
1755647670_E..S04R,143450_E..S04R,E,1,1755647670,1E 2354+ P-A/WTC,1755667133,1755667148,885,1,0
1755647910_H..N21R,143850_H..N21R,H,0,1755647910,1H 2358+ RPK/BCR,1755673109,1755673122,1453,0,0
1755648120_A..N85X001,000200_A..N85X001,A,0,1755648120,1A 0002 FAR/168,1755668514,1755668527,982,0,0
1755648120_E..N,000200_E..N,E,0,1755648120,1E 0002 WTC/P-A,1755666937,1755666952,812,0,0
1755648480_A..N86X001,000800_A..N86X001,A,0,1755648480,1A 0008 LEF/168,1755667688,1755667701,826,0,0
1755648690_E..S04R,001150_E..S04R,E,1,1755648690,1E 0011+ P-A/WTC,1755667536,1755667538,778,0,0
1755648840_E..N,001400_E..N,E,0,1755648840,1E 0014 WTC/P-A,1755667656,1755667658,773,0,0
1755649050_H..S21R,001750_H..S21R,H,1,1755649050,1H 0017+ BCR/RPK,1755663664,1755663677,361,0,0
1755649200_A..N37R,002000_A..N37R,A,0,1755649200,1A 0020 LEF/EUC,1755664265,1755664278,421,0,0
1755649200_A..S,002000_A..S,A,1,1755649200,1A 0020 168/FAR,1755669400,1755669413,957,0,0
1755649200_H..N21R,002000_H..N21R,H,0,1755649200,1H 0020 RPK/BCR,1755674400,1755674413,1455,0,0
1755649320_A..N85X001,002200_A..N85X001,A,0,1755649320,1A 0022 FAR/168,1755670466,1755670481,1060,0,0
1755649560_E..N,002600_E..N,E,0,1755649560,1E 0026 WTC/P-A,1755668797,1755668799,656,0,0
1755649890_E..S04R,003150_E..S04R,E,1,1755649890,1E 0031+ P-A/WTC,1755669340,1755669353,872,0,0
1755650280_A..S,003800_A..S,A,1,1755650280,1A 0038 168/FAR,1755671020,1755671035,1010,0,0
1755650280_E..N,003800_E..N,E,0,1755650280,1E 0038 WTC/P-A,1755669098,1755669100,635,0,0
1755650400_A..N43R,004000_A..N43R,A,0,1755650400,1A 0040 LEF/EUC,1755665376,1755665391,454,0,0
1755650460_H..N21R,004100_H..N21R,H,0,1755650460,1H 0041 RPK/BCR,1755675661,1755675676,1454,0,0
1755650490_H..S21R,004150_H..S21R,H,1,1755650490,1H 0041+ BCR/RPK,1755665481,1755665496,455,0,0
1755650520_A..N85X001,004200_A..N85X001,A,0,1755650520,1A 0042 FAR/168,1755671275,1755671290,1011,0,0
1755651090_E..S04R,005150_E..S04R,E,1,1755651090,1E 0051+ P-A/WTC,1755670031,1755670044,884,0,0
1755651180_E..N,005300_E..N,E,0,1755651180,1E 0053 WTC/P-A,1755670541,1755670556,918,0,0
1755651480_A..S,005800_A..S,A,1,1755651480,1A 0058 168/FAR,1755673094,1755673107,1097,0,0
1755651600_A..N43R,006000_A..N43R,A,0,1755651600,1A 0100 LEF/EUC,1755666577,1755666592,454,0,0
1755651660_H..N21R,006100_H..N21R,H,0,1755651660,1H 0101 RPK/BCR,1755676848,1755676863,1457,0,0
1755651720_A..N85X001,006200_A..N85X001,A,0,1755651720,1A 0102 FAR/168,1755672133,1755672148,988,0,0
1755651930_H..S21R,006550_H..S21R,H,1,1755651930,1H 0105+ BCR/RPK,1755666922,1755666937,452,0,0
1755652290_E..S04R,007150_E..S04R,E,1,1755652290,1E 0111+ P-A/WTC,1755671652,1755671667,892,0,0
1755652380_A..S43R,007300_A..S43R,A,1,1755652380,1A 0113 EUC/LEF,1755667523,1755667536,434,0,0
1755652680_A..S,007800_A..S,A,1,1755652680,1A 0118 168/FAR,1755673469,1755673482,1016,0,0
1755652800_A..N43R,008000_A..N43R,A,0,1755652800,1A 0120 LEF/EUC,1755667959,1755667971,435,0,0
1755652800_E..N,008000_E..N,E,0,1755652800,EE 0120 WTC/P-A,1755672298,1755672313,509,2,2
1755652860_H..N21R,008100_H..N21R,H,0,1755652860,1H 0121 RPK/BCR,1755678062,1755678064,1546,0,0
1755652920_A..N85X001,008200_A..N85X001,A,0,1755652920,1A 0122 FAR/168,1755673724,1755673738,1018,0,0
1755653190_A..S43R,008650_A..S43R,A,1,1755653190,1A 0126+ EUC/LEF,1755669520,1755669533,590,0,0
1755653310_H..S21R,008850_H..S21R,H,1,1755653310,1H 0128+ BCR/RPK,1755668349,1755668362,418,0,0
1755653400_E..N,009000_E..N,E,0,1755653400,1E 0130 WTC/P-A,1755672433,1755672448,796,0,0
1755653490_E..S04R,009150_E..S04R,E,1,1755653490,1E 0131+ P-A/WTC,1755672643,1755672656,798,0,0
1755653880_A..S,009800_A..S,A,1,1755653880,1A 0138 168/FAR,1755674460,1755674473,988,0,0
1755654000_A..N43R,010000_A..N43R,A,0,1755654000,1A 0140 LEF/EUC,1755668965,1755668978,408,0,0
1755654060_H..N21R,010100_H..N21R,H,0,1755654060,1H 0141 RPK/BCR,1755679250,1755679264,1673,0,0
1755654120_A..N85X001,010200_A..N85X001,A,0,1755654120,1A 0142 FAR/168,1755675076,1755675091,1023,0,0
1755654330_H..S21R,010550_H..S21R,H,1,1755654330,1H 0145+ BCR/RPK,1755669385,1755669398,420,0,0
1755654390_A..S43R,010650_A..S43R,A,1,1755654390,1A 0146+ EUC/LEF,1755669505,1755669518,428,0,0
1755654600_E..N,011000_E..N,E,0,1755654600,1E 0150 WTC/P-A,1755675091,1755675106,965,0,0
1755654690_E..S04R,011150_E..S04R,E,1,1755654690,1E 0151+ P-A/WTC,1755673619,1755673633,779,0,0
1755655080_A..S,011800_A..S,A,1,1755655080,1A 0158 168/FAR,1755676593,1755676608,1033,0,0
1755655200_A..N43R,012000_A..N43R,A,0,1755655200,1A 0200 LEF/EUC,1755670361,1755670376,463,0,0
1755655260_H..N21R,012100_H..N21R,H,0,1755655260,1H 0201 RPK/BCR,1755680392,,1732,0,0
1755655320_A..N85X001,012200_A..N85X001,A,0,1755655320,1A 0202 FAR/168,1755676007,1755676022,978,0,0
1755655530_H..S21R,012550_H..S21R,H,1,1755655530,1H 0205+ BCR/RPK,1755670436,1755670451,446,0,0
1755655590_A..S43R,012650_A..S43R,A,1,1755655590,1A 0206+ EUC/LEF,1755671157,1755671170,490,0,0
1755655800_E..N,013000_E..N,E,0,1755655800,1E 0210 WTC/P-A,1755675196,1755675211,892,0,0
1755655890_E..S04R,013150_E..S04R,E,1,1755655890,1E 0211+ P-A/WTC,1755675241,1755675256,889,0,0
1755656280_A..S,013800_A..S,A,1,1755656280,1A 0218 168/FAR,1755676593,1755676608,953,0,0
1755656400_A..N43R,014000_A..N43R,A,0,1755656400,1A 0220 LEF/EUC,1755671410,1755671425,453,0,0
1755656460_H..N21R,014100_H..N21R,H,0,1755656460,1H 0221 RPK/BCR,1755680392,,1652,0,0
1755656520_A..N85X001,014200_A..N85X001,A,0,1755656520,1A 0222 FAR/168,1755676893,1755676908,964,0,0
1755656730_H..S21R,014550_H..S21R,H,1,1755656730,1H 0225+ BCR/RPK,1755671712,1755671727,450,0,0
1755656790_A..S43R,014650_A..S43R,A,1,1755656790,1A 0226+ EUC/LEF,1755673259,1755673272,587,0,0
1755657090_E..S04R,015150_E..S04R,E,1,1755657090,1E 0231+ P-A/WTC,1755676247,1755676262,852,0,0
1755657480_A..S,015800_A..S,A,1,1755657480,1A 0238 168/FAR,1755677343,1755677356,923,0,0
1755657600_A..N43R,016000_A..N43R,A,0,1755657600,1A 0240 LEF/EUC,1755672643,1755672656,398,0,0
1755657660_H..N21R,016100_H..N21R,H,0,1755657660,1H 0241 RPK/BCR,1755680392,,1511,0,0
1755657720_A..N85X001,016200_A..N85X001,A,0,1755657720,1A 0242 FAR/168,1755677749,1755677762,972,0,0
1755657930_H..S21R,016550_H..S21R,H,1,1755657930,1H 0245+ BCR/RPK,1755672838,1755672852,379,0,0
1755657990_A..S43R,016650_A..S43R,A,1,1755657990,1A 0246+ EUC/LEF,1755673259,1755673272,428,0,0
1755658200_E..N,017000_E..N,E,0,1755658200,1E 0250 WTC/P-A,1755676908,1755676923,757,0,0
1755658680_A..S,017800_A..S,A,1,1755658680,1A 0258 168/FAR,1755678920,1755678933,1139,0,0
1755658800_A..N43R,018000_A..N43R,A,0,1755658800,1A 0300 LEF/EUC,1755673874,1755673888,402,0,0
1755658860_H..N21R,018100_H..N21R,H,0,1755658860,1H 0301 RPK/BCR,1755680392,,1351,0,0
1755658890_E..S04R,018150_E..S04R,E,1,1755658890,1E 0301+ P-A/WTC,1755677644,1755677657,599,0,0
1755658920_A..N85X001,018200_A..N85X001,A,0,1755658920,1A 0302 FAR/168,1755679128,1755679130,1147,0,0
1755659130_H..S21R,018550_H..S21R,H,1,1755659130,1H 0305+ BCR/RPK,1755674355,1755674368,422,0,0
1755659190_A..S43R,018650_A..S43R,A,1,1755659190,1A 0306+ EUC/LEF,1755674415,1755674428,422,0,0
1755659400_E..N,019000_E..N,E,0,1755659400,1E 0310 WTC/P-A,1755678139,1755678152,849,0,0
1755659880_A..S,019800_A..S,A,1,1755659880,1A 0318 168/FAR,1755680181,1755680196,1224,0,0
1755660000_A..N43R,020000_A..N43R,A,0,1755660000,1A 0320 LEF/EUC,1755674986,1755675001,426,0,0
1755660060_H..N21R,020100_H..N21R,H,0,1755660060,1H 0321 RPK/BCR,1755680392,,1240,0,0
1755660120_A..N09R,020200_A..N09R,A,0,1755660120,1A 0322 FAR/207,1755680392,,1236,0,0
1755660330_H..S21R,020550_H..S21R,H,1,1755660330,1H 0325+ BCR/RPK,1755675481,1755675496,437,0,0
1755660390_A..S43R,020650_A..S43R,A,1,1755660390,1A 0326+ EUC/LEF,1755675722,1755675737,449,0,0
1755660600_E..N,021000_E..N,E,0,1755660600,1E 0330 WTC/P-A,1755678635,1755678648,899,0,0
1755660690_E..S04R,021150_E..S04R,E,1,1755660690,1E 0331+ P-A/WTC,1755679806,1755679821,1120,1,0
1755661080_A..S,021800_A..S,A,1,1755661080,1A 0338 168/FAR,1755680392,,1172,0,0
1755661200_A..N43R,022000_A..N43R,A,0,1755661200,1A 0340 LEF/EUC,1755676127,1755676142,422,0,0
1755661260_H..N21R,022100_H..N21R,H,0,1755661260,1H 0341 RPK/BCR,1755680392,,1160,0,0
1755661320_A..N09R,022200_A..N09R,A,0,1755661320,1A 0342 FAR/207,1755680392,,1156,0,0
1755661530_H..S21R,022550_H..S21R,H,1,1755661530,1H 0345+ BCR/RPK,1755676442,1755676457,421,0,0
1755661590_A..S43R,022650_A..S43R,A,1,1755661590,1A 0346+ EUC/LEF,1755676608,1755676623,428,0,0
1755661800_E..N,023000_E..N,E,0,1755661800,1E 0350 WTC/P-A,1755680166,1755680181,1094,0,0
1755661890_E..S04R,023150_E..S04R,E,1,1755661890,1E 0351+ P-A/WTC,1755680136,1755680151,1082,0,0
1755662280_A..S,023800_A..S,A,1,1755662280,1A 0358 168/FAR,1755680392,,1064,0,0
1755662400_A..N43R,024000_A..N43R,A,0,1755662400,1A 0400 LEF/EUC,1755677374,1755677387,441,0,0
1755576120_M..S30R,024200_M..S30R,M,1,1755576120,1M 0402 MYR/MET,1755591225,1755591231,574,0,0
1755576240_M..N30R,024400_M..N30R,M,0,1755576240,1M 0404 MET/MYR,1755591336,1755591345,573,0,0
1755576330_D..S05R,024550_D..S05R,D,1,1755576330,1D 0405+ 205/STL,1755590976,1755590985,513,0,0
1755576570_D..S05R,024950_D..S05R,D,1,1755576570,1D 0409+ BPK/STL,1755596472,1755596481,732,1,3
1755576570_FS.N01R,024950_FS.N01R,FS,0,1755576570,1FS 0409+ PPK/FKN,1755592327,1755592336,604,0,0
1755576990_D..N05R,025650_D..N05R,D,0,1755576990,1D 0416+ STL/205,1755597598,1755597607,1307,0,0
1755577170_F..S,025950_F..S,F,1,1755577170,1F 0419+ 179/STL,1755598298,1755598304,1376,0,0
1755577200_F..N20R,026000_F..N20R,F,0,1755577200,1F 0420 STL/179,1755597577,1755597583,1276,0,0
1755577320_M..S30R,026200_M..S30R,M,1,1755577320,1M 0422 MYR/MET,1755592546,1755592553,590,0,0
1755577530_D..S05R,026550_D..S05R,D,1,1755577530,1D 0425+ 205/STL,1755592057,1755592066,497,0,0
1755577770_D..S05R,026950_D..S05R,D,1,1755577770,1D 0429+ BPK/STL,1755597922,1755597928,781,0,0
1755577770_FS.N01R,026950_FS.N01R,FS,0,1755577770,1FS 0429+ PPK/FKN,1755592342,1755592351,503,0,0
1755578190_D..N05R,027650_D..N05R,D,0,1755578190,1D 0436+ STL/205,1755598244,1755598253,1233,0,0
1755578310_F..N20R,027850_F..N20R,F,0,1755578310,1F 0438+ STL/179,1755598214,1755598222,1213,0,0
1755578370_F..S20R,027950_F..S20R,F,1,1755578370,1F 0439+ 179/STL,1755598754,1755598763,1277,0,0
1755578520_M..S30R,028200_M..S30R,M,1,1755578520,1M 0442 MYR/MET,1755593889,1755593898,609,0,0
1755578640_M..N30R,028400_M..N30R,M,0,1755578640,1M 0444 MET/MYR,1755593844,1755593853,587,0,0
1755578730_D..S05R,028550_D..S05R,D,1,1755578730,1D 0445+ 205/STL,1755593453,1755593463,523,0,0
1755578970_D..S05R,028950_D..S05R,D,1,1755578970,1D 0449+ BPK/STL,1755599730,1755599739,836,0,0
1755578970_FS.N01R,028950_FS.N01R,FS,0,1755578970,1FS 0449+ PPK/FKN,1755594234,1755594243,595,0,0
1755579240_F..N20R,029400_F..N20R,F,0,1755579240,1F 0454 STL/179,1755599229,1755599235,1224,0,0
1755579390_D..N05R,029650_D..N05R,D,0,1755579390,1D 0456+ STL/205,1755599400,1755599409,1227,0,0
1755579660_F..S74R,030100_F..S74R,F,1,1755579660,1F 0501 179/STL,1755600406,1755600415,1325,0,0
1755579720_M..S30R,030200_M..S30R,M,1,1755579720,1M 0502 MYR/MET,1755594829,1755594835,574,0,0
1755579810_D..S05R,030350_D..S05R,D,1,1755579810,1D 0503+ 205/STL,1755594309,1755594318,493,0,0
1755579840_M..N30R,030400_M..N30R,M,0,1755579840,1M 0504 MET/MYR,1755596751,1755596757,814,0,0
1755580020_F..N74R,030700_F..N74R,F,0,1755580020,1F 0507 STL/179,1755599640,1755599649,1175,0,0
1755580050_D..S05R,030750_D..S05R,D,1,1755580050,1D 0507+ BPK/STL,1755599986,1755599994,756,0,0
1755580170_FS.N01R,030950_FS.N01R,FS,0,1755580170,1FS 0509+ PPK/FKN,1755596270,1755596277,706,0,0
1755580230_D..N05R,031050_D..N05R,D,0,1755580230,1D 0510+ STL/205,1755600001,1755600009,1196,0,0
1755580440_M..N20R,031400_M..N20R,M,0,1755580440,1M 0514 MET/CTL,1755598898,1755598904,1020,0,0
1755580590_F..S74R,031650_F..S74R,F,1,1755580590,1F 0516+ 179/STL,1755600685,1755600691,1239,0,0
1755580620_D..S05R,031700_D..S05R,D,1,1755580620,1D 0517 205/STL,1755600887,1755600895,1262,0,0
1755580680_F..N74R,031800_F..N74R,F,0,1755580680,1F 0518 STL/179,1755601151,1755601157,1289,0,0
1755580800_FS.S01R,032000_FS.S01R,FS,1,1755580800,1FS 0520 FKN/PPK,1755596270,1755596277,623,0,0
1755580920_M..S30R,032200_M..S30R,M,1,1755580920,1M 0522 MYR/MET,1755596691,1755596697,663,0,0
1755580950_D..N05R,032250_D..N05R,D,0,1755580950,1D 0522+ STL/205,1755600706,1755600715,1194,0,0
1755581040_M..N30R,032400_M..N30R,M,0,1755581040,1M 0524 MET/MYR,1755596336,1755596346,600,0,0
1755581040_M..S20R,032400_M..S20R,M,1,1755581040,1M 0524 CTL/MET,1755599850,1755599859,1068,0,0
1755581160_B..S65R,032600_B..S65R,B,1,1755581160,1B 0526 BPK/BBC,1755600466,1755600475,1134,0,0
1755581190_F..S74R,032650_F..S74R,F,1,1755581190,1F 0526+ 179/STL,1755601211,1755601217,1229,0,0
1755581220_M..N20R,032700_M..N20R,M,0,1755581220,1M 0527 MET/CTL,1755599829,1755599835,1041,0,0
1755581340_F..N74R,032900_F..N74R,F,0,1755581340,1F 0529 STL/179,1755601652,1755601661,1268,0,0
1755581370_FS.N01R,032950_FS.N01R,FS,0,1755581370,1FS 0529+ PPK/FKN,1755596270,1755596277,547,0,0
1755581610_M..S20R,033350_M..S20R,M,1,1755581610,1M 0533+ CTL/MET,1755600271,1755600280,1048,0,0
1755581640_B..S65R,033400_B..S65R,B,1,1755581640,1B 0534 BPK/BBC,1755601142,1755601151,1160,0,0
1755581670_D..N05R,033450_D..N05R,D,0,1755581670,1D 0534+ STL/205,1755601727,1755601736,1234,0,0
1755581700_D..S05R,033500_D..S05R,D,1,1755581700,1D 0535 205/STL,1755596661,1755596667,555,0,0
1755581820_F..S74R,033700_F..S74R,F,1,1755581820,1F 0537 179/STL,1755601826,1755601832,1227,0,0
1755581940_D..S05R,033900_D..S05R,D,1,1755581940,1D 0539 BPK/STL,1755602178,1755602187,735,0,0
1755581970_M..N20R,033950_M..N20R,M,0,1755581970,1M 0539+ MET/CTL,1755600871,1755600880,1080,0,0
1755582000_FS.S01R,034000_FS.S01R,FS,1,1755582000,1FS 0540 FKN/PPK,1755597577,1755597583,637,0,0
1755582060_F..N74R,034100_F..N74R,F,0,1755582060,1F 0541 STL/179,1755602277,1755602283,1255,0,0
1755582120_M..S30R,034200_M..S30R,M,1,1755582120,1M 0542 MYR/MET,1755597418,1755597427,600,0,0
1755582240_M..N30R,034400_M..N30R,M,0,1755582240,1M 0544 MET/MYR,1755597418,1755597427,584,0,0
1755582240_M..S20R,034400_M..S20R,M,1,1755582240,1M 0544 CTL/MET,1755600790,1755600796,1033,0,0
1755582300_B..S65R,034500_B..S65R,B,1,1755582300,1B 0545 BPK/BBC,1755601472,1755601481,1116,0,0
1755582330_D..N07R,034550_D..N07R,D,0,1755582330,1D 0545+ STL/205,1755602148,1755602157,1202,0,0
1755582360_F..S74R,034600_F..S74R,F,1,1755582360,1F 0546 179/STL,1755602373,1755602382,1228,0,0
1755582570_FS.N01R,034950_FS.N01R,FS,0,1755582570,1FS 0549+ PPK/FKN,1755597778,1755597787,588,0,0
1755582660_D..S05R,035100_D..S05R,D,1,1755582660,1D 0551 BPK/STL,1755602974,1755602983,790,0,0
1755582690_F..N74R,035150_F..N74R,F,0,1755582690,1F 0551+ STL/179,1755602247,1755602253,1167,0,0
1755582690_M..N20R,035150_M..N20R,M,0,1755582690,1M 0551+ MET/CTL,1755601427,1755601436,1058,0,0
1755582780_M..S20R,035300_M..S20R,M,1,1755582780,1M 0553 CTL/MET,1755601511,1755601517,1057,0,0
1755582840_F..S74R,035400_F..S74R,F,1,1755582840,1F 0554 179/STL,1755602779,1755602787,1218,0,0
1755582900_B..S65R,035500_B..S65R,B,1,1755582900,1B 0555 BPK/BBC,1755602268,1755602277,1142,0,0
1755582930_D..N07R,035550_D..N07R,D,0,1755582930,1D 0555+ STL/205,1755603019,1755603028,1238,0,0
1755582960_F..N,035600_F..N,F,0,1755582960,EF 0556 STL/179,1755603058,1755603064,844,0,0
1755583020_B..N65R,035700_B..N65R,B,0,1755583020,1B 0557 BBC/BPK,1755602718,1755602727,1186,0,0
1755583080_D..S05R,035800_D..S05R,D,1,1755583080,1D 0558 205/STL,1755603313,1755603319,1257,0,0
1755583200_FS.S01R,036000_FS.S01R,FS,1,1755583200,1FS 0600 FKN/PPK,1755598178,1755598183,557,0,0
1755583260_F..S74R,036100_F..S74R,F,1,1755583260,1F 0601 179/STL,1755603049,1755603058,1198,0,0
1755583320_M..S30R,036200_M..S30R,M,1,1755583320,1M 0602 MYR/MET,1755598463,1755598469,579,0,0
1755583350_F..N74R,036250_F..N74R,F,0,1755583350,1F 0602+ STL/179,1755603274,1755603283,1216,0,0
1755583380_M..N20R,036300_M..N20R,M,0,1755583380,1M 0603 MET/CTL,1755602187,1755602193,1067,0,0
1755583410_M..S20R,036350_M..S20R,M,1,1755583410,1M 0603+ CTL/MET,1755602172,1755602178,1061,0,0
1755583470_FS.N01R,036450_FS.N01R,FS,0,1755583470,1FS 0604+ PPK/FKN,1755598403,1755598409,551,0,0
1755583500_D..N07R,036500_D..N07R,D,0,1755583500,1D 0605 STL/205,1755603718,1755603725,1255,0,0
1755583560_B..S65R,036600_B..S65R,B,1,1755583560,1B 0606 BPK/BBC,1755602637,1755602643,1103,0,0
1755583620_B..N65R,036700_B..N65R,B,0,1755583620,1B 0607 BBC/BPK,1755603073,1755603079,1153,0,0
1755583620_F..S74R,036700_F..S74R,F,1,1755583620,1F 0607 179/STL,1755603559,1755603568,1218,0,0
1755583830_F..N74R,037050_F..N74R,F,0,1755583830,1F 0610+ STL/179,1755603658,1755603664,1203,0,0
1755584010_D..N07R,037350_D..N07R,D,0,1755584010,1D 0613+ STL/205,1755604010,1755604019,1226,0,0
1755584040_F..S74R,037400_F..S74R,F,1,1755584040,1F 0614 179/STL,1755603974,1755603980,1217,0,0
1755584070_M..S20R,037450_M..S20R,M,1,1755584070,1M 0614+ CTL/MET,1755602712,1755602718,1045,0,0
1755584100_B..S65R,037500_B..S65R,B,1,1755584100,1B 0615 BPK/BBC,1755603514,1755603523,1148,0,0
1755584100_D..S14R,037500_D..S14R,D,1,1755584100,1D 0615 205/STL,1755598538,1755598544,485,0,0
1755584100_M..N20R,037500_M..N20R,M,0,1755584100,1M 0615 MET/CTL,1755602748,1755602757,1046,0,0
1755584220_B..N65R,037700_B..N65R,B,0,1755584220,1B 0617 BBC/BPK,1755603379,1755603388,1114,0,0
1755584280_FS.S01R,037800_FS.S01R,FS,1,1755584280,1FS 0618 FKN/PPK,1755599484,1755599490,587,0,0
1755584340_D..S14R,037900_D..S14R,D,1,1755584340,1D 0619 BPK/STL,1755604130,1755604139,745,1,1
1755584370_FS.N01R,037950_FS.N01R,FS,0,1755584370,1FS 0619+ PPK/FKN,1755599484,1755599490,575,0,0
1755584460_F..S74R,038100_F..S74R,F,1,1755584460,1F 0621 179/STL,1755604310,1755604319,1206,0,0
1755584550_D..N07R,038250_D..N07R,D,0,1755584550,1D 0622+ STL/205,1755604670,1755604679,1242,0,0
1755584550_F..N78R,038250_F..N78R,F,0,1755584550,1F 0622+ AVX/179,1755604154,1755604160,1173,0,0
1755584580_F..N74R,038300_F..N74R,F,0,1755584580,1F 0623 STL/179,1755604895,1755604905,1268,0,0
1755584610_D..S14R,038350_D..S14R,D,1,1755584610,1D 0623+ 205/STL,1755604940,1755604950,1270,2,1
1755584640_M..N20R,038400_M..N20R,M,0,1755584640,1M 0624 MET/CTL,1755603319,1755603328,1050,0,0
1755584700_B..S65R,038500_B..S65R,B,1,1755584700,1B 0625 BPK/BBC,1755603935,1755603944,1124,0,0
1755584730_M..S20R,038550_M..S20R,M,1,1755584730,1M 0625+ CTL/MET,1755603313,1755603319,1037,0,0
1755584820_B..N65R,038700_B..N65R,B,0,1755584820,1B 0627 BBC/BPK,1755604019,1755604025,1119,0,0
1755584820_F..S04R,038700_F..S04R,F,1,1755584820,1F 0627 179/CHU,1755603289,1755603298,1022,0,0
1755585000_D..S14R,039000_D..S14R,D,1,1755585000,1D 0630 205/STL,1755599430,1755599439,484,0,0
1755585000_FS.S01R,039000_FS.S01R,FS,1,1755585000,1FS 0630 FKN/PPK,1755600121,1755600130,576,0,0
1755585060_FS.N01R,039100_FS.N01R,FS,0,1755585060,1FS 0631 PPK/FKN,1755599904,1755599910,539,0,0
1755585120_D..N07R,039200_D..N07R,D,0,1755585120,1D 0632 STL/205,1755605316,1755605325,1252,0,0
1755585150_F..S74R,039250_F..S74R,F,1,1755585150,1F 0632+ 179/STL,1755604971,1755604980,1202,0,0
1755585240_D..S14R,039400_D..S14R,D,1,1755585240,1D 0634 BPK/STL,1755604940,1755604950,734,0,0
1755585270_M..N20R,039450_M..N20R,M,0,1755585270,1M 0634+ MET/CTL,1755604550,1755604559,1129,0,0
1755585300_B..S65R,039500_B..S65R,B,1,1755585300,1B 0635 BPK/BBC,1755604565,1755604574,1128,0,0
1755585300_F..N78R,039500_F..N78R,F,0,1755585300,1F 0635 AVX/179,1755604940,1755604950,1178,0,0
1755585330_F..N74R,039550_F..N74R,F,0,1755585330,1F 0635+ STL/179,1755605421,1755605430,1238,0,0
1755585330_M..S20R,039550_M..S20R,M,1,1755585330,1M 0635+ CTL/MET,1755604334,1755604340,1093,0,0
1755585360_B..N65R,039600_B..N65R,B,0,1755585360,1B 0636 BBC/BPK,1755604760,1755604769,1146,0,0
1755585420_D..S14R,039700_D..S14R,D,1,1755585420,1D 0637 205/STL,1755605325,1755605331,1213,0,0
1755585450_F..S73R,039750_F..S73R,F,1,1755585450,1F 0637+ 179/KHY,1755605055,1755605061,1173,0,0
1755585600_D..N07R,040000_D..N07R,D,0,1755585600,1D 0640 STL/205,1755605640,1755605646,1231,0,0
1755585660_FS.N01R,040100_FS.N01R,FS,0,1755585660,1FS 0641 PPK/FKN,1755601226,1755601232,635,0,0
1755585690_FS.S01R,040150_FS.S01R,FS,1,1755585690,1FS 0641+ FKN/PPK,1755601211,1755601217,629,0,0
1755585750_F..S74R,040250_F..S74R,F,1,1755585750,1F 0642+ 179/STL,1755605745,1755605751,1225,0,0
1755585810_B..N65R,040350_B..N65R,B,0,1755585810,1B 0643+ BBC/BPK,1755605061,1755605070,1126,0,0
1755585840_M..N20R,040400_M..N20R,M,0,1755585840,1M 0644 MET/CTL,1755604559,1755604565,1055,0,0
1755585900_B..S65R,040500_B..S65R,B,1,1755585900,1B 0645 BPK/BBC,1755605160,1755605166,1127,0,0
1755585900_D..S14R,040500_D..S14R,D,1,1755585900,1D 0645 205/STL,1755600346,1755600355,486,0,0
1755585900_M..S20R,040500_M..S20R,M,1,1755585900,1M 0645 CTL/MET,1755604574,1755604580,1049,0,0
1755586050_F..S73R,040750_F..S73R,F,1,1755586050,1F 0647+ 179/KHY,1755605580,1755605586,1163,0,0
1755586080_F..N78R,040800_F..N78R,F,0,1755586080,1F 0648 AVX/179,1755605640,1755605646,1167,0,0
1755586110_F..N74R,040850_F..N74R,F,0,1755586110,1F 0648+ STL/179,1755606127,1755606136,1228,0,0
1755586170_D..N07R,040950_D..N07R,D,0,1755586170,1D 0649+ STL/205,1755606001,1755606007,1203,0,0
1755586200_D..S14R,041000_D..S14R,D,1,1755586200,1D 0650 BPK/STL,1755605820,1755605827,729,0,0
1755586260_B..N65R,041100_B..N65R,B,0,1755586260,1B 0651 BBC/BPK,1755605685,1755605691,1149,0,0
1755586260_FS.N01R,041100_FS.N01R,FS,0,1755586260,1FS 0651 PPK/FKN,1755601226,1755601232,555,0,0
1755586290_FS.S01R,041150_FS.S01R,FS,1,1755586290,1FS 0651+ FKN/PPK,1755601226,1755601232,551,0,0
1755586350_F..S74R,041250_F..S74R,F,1,1755586350,1F 0652+ 179/STL,1755606247,1755606256,1212,0,0
1755586470_M..N20R,041450_M..N20R,M,0,1755586470,1M 0654+ MET/CTL,1755604760,1755604769,998,0,0
1755586500_B..S65R,041500_B..S65R,B,1,1755586500,1B 0655 BPK/BBC,1755605601,1755605610,1106,0,0
1755586500_D..S14R,041500_D..S14R,D,1,1755586500,1D 0655 205/STL,1755606457,1755606466,1220,0,0
1755586530_M..S20R,041550_M..S20R,M,1,1755586530,1M 0655+ CTL/MET,1755605160,1755605166,1043,0,0
1755586620_D..N07R,041700_D..N07R,D,0,1755586620,1D 0657 STL/205,1755606947,1755606952,1269,0,0
1755586620_F..S74R,041700_F..S74R,F,1,1755586620,1F 0657 179/STL,1755606586,1755606592,1221,0,0
1755586650_F..N74R,041750_F..N74R,F,0,1755586650,1F 0657+ STL/179,1755606842,1755606847,1251,0,0
1755586740_B..N65R,041900_B..N65R,B,0,1755586740,1B 0659 BBC/BPK,1755606106,1755606112,1141,0,0
1755586800_F..N78R,042000_F..N78R,F,0,1755586800,1F 0700 AVX/179,1755606562,1755606571,1194,0,0
1755586860_F..S73R,042100_F..S73R,F,1,1755586860,1F 0701 179/KHY,1755606277,1755606286,1148,0,0
1755586860_FS.N01R,042100_FS.N01R,FS,0,1755586860,1FS 0701 PPK/FKN,1755602133,1755602142,596,0,0
1755586890_FS.S01R,042150_FS.S01R,FS,1,1755586890,1FS 0701+ FKN/PPK,1755602133,1755602142,592,0,0
1755586980_M..N20R,042300_M..N20R,M,0,1755586980,1M 0703 MET/CTL,1755605496,1755605505,1028,0,0
1755587010_M..S20R,042350_M..S20R,M,1,1755587010,1M 0703+ CTL/MET,1755605706,1755605716,1052,0,0
1755587100_D..S14R,042500_D..S14R,D,1,1755587100,1D 0705 205/STL,1755601526,1755601532,483,0,0
1755587100_F..S74R,042500_F..S74R,F,1,1755587100,1F 0705 179/STL,1755607268,1755607277,1248,0,0
1755587220_B..N65R,042700_B..N65R,B,0,1755587220,1B 0707 BBC/BPK,1755606637,1755606646,1148,0,0
1755587220_F..N72R,042700_F..N72R,FX,0,1755587220,1FX 0707 STL/179,1755607163,1755607172,1215,0,0
1755587340_D..N08X009,042900_D..N08X009,D,0,1755587340,1D 0709 25A/205,1755607263,1755607268,1215,0,0
1755587340_F..N78R,042900_F..N78R,F,0,1755587340,1F 0709 AVX/179,1755606922,1755606932,1170,0,0
1755587340_F..S73R,042900_F..S73R,F,1,1755587340,1F 0709 179/KHY,1755606947,1755606952,1173,0,0
1755587370_D..N07R,042950_D..N07R,D,0,1755587370,1D 0709+ STL/205,1755607598,1755607608,1256,0,0
1755587400_D..S14R,043000_D..S14R,D,1,1755587400,1D 0710 BPK/STL,1755607007,1755607013,730,0,0
1755587430_M..S20R,043050_M..S20R,M,1,1755587430,1M 0710+ CTL/MET,1755605976,1755605986,1032,0,0
1755587460_FS.N01R,043100_FS.N01R,FS,0,1755587460,1FS 0711 PPK/FKN,1755602853,1755602862,612,0,0
1755587490_FS.S01R,043150_FS.S01R,FS,1,1755587490,1FS 0711+ FKN/PPK,1755602853,1755602862,608,0,0
1755587550_M..N20R,043250_M..N20R,M,0,1755587550,1M 0712+ MET/CTL,1755605781,1755605791,990,0,0
1755587580_F..S74R,043300_F..S74R,F,1,1755587580,1F 0713 179/STL,1755607868,1755607878,1264,0,0
1755587640_B..N65R,043400_B..N65R,B,0,1755587640,1B 0714 BBC/BPK,1755607148,1755607157,1160,0,0
1755587640_B..S65R,043400_B..S65R,B,1,1755587640,1B 0714 BPK/BBC,1755606827,1755606832,1117,0,0
1755587670_D..S14R,043450_D..S14R,D,1,1755587670,1D 0714+ 205/STL,1755602157,1755602163,491,0,0
1755587790_F..N78R,043650_F..N78R,F,0,1755587790,1F 0716+ AVX/179,1755607283,1755607292,1158,0,0
1755587820_F..N74R,043700_F..N74R,F,0,1755587820,1F 0717 STL/179,1755607547,1755607553,1189,0,0
1755587820_F..S73R,043700_F..S73R,F,1,1755587820,1F 0717 179/KHY,1755607388,1755607397,1168,0,0
1755587880_M..S20R,043800_M..S20R,M,1,1755587880,1M 0718 CTL/MET,1755606346,1755606352,1021,0,0
1755587970_D..S14R,043950_D..S14R,D,1,1755587970,1D 0719+ BPK/STL,1755607403,1755607412,699,0,0
1755588060_B..N65R,044100_B..N65R,B,0,1755588060,1B 0721 BBC/BPK,1755607592,1755607598,1163,0,0
1755588060_F..S74R,044100_F..S74R,F,1,1755588060,1F 0721 179/STL,1755608569,1755608574,1293,0,0
1755588060_FS.N01R,044100_FS.N01R,FS,0,1755588060,1FS 0721 PPK/FKN,1755602953,1755602959,545,0,0
1755588090_FS.S01R,044150_FS.S01R,FS,1,1755588090,1FS 0721+ FKN/PPK,1755602899,1755602908,534,0,0
1755588120_D..N07R,044200_D..N07R,D,0,1755588120,1D 0722 STL/205,1755608394,1755608404,1262,0,0
1755588150_D..N08X009,044250_D..N08X009,D,0,1755588150,1D 0722+ 25A/205,1755607968,1755607974,1201,0,0
1755588180_M..N20R,044300_M..N20R,M,0,1755588180,1M 0723 MET/CTL,1755606922,1755606932,1058,0,0
1755588210_F..N74R,044350_F..N74R,F,0,1755588210,1F 0723+ STL/179,1755608028,1755608034,1201,0,0
1755588240_B..S65R,044400_B..S65R,B,1,1755588240,1B 0724 BPK/BBC,1755607893,1755607898,1179,0,0
1755588300_F..S73R,044500_F..S73R,F,1,1755588300,1F 0725 179/KHY,1755608184,1755608193,1210,0,0
1755588330_M..S20R,044550_M..S20R,M,1,1755588330,1M 0725+ CTL/MET,1755607178,1755607187,1072,0,0
1755588450_B..N65R,044750_B..N65R,B,0,1755588450,1B 0727+ BBC/BPK,1755608013,1755608019,1168,0,0
1755588510_F..N72R,044850_F..N72R,FX,0,1755588510,1FX 0728+ STL/179,1755607779,1755607788,1128,0,0
1755588540_D..S14R,044900_D..S14R,D,1,1755588540,1D 0729 BPK/STL,1755607968,1755607974,707,0,0
1755588540_F..S74R,044900_F..S74R,F,1,1755588540,1F 0729 179/STL,1755608874,1755608884,1270,0,0
1755588660_FS.N01R,045100_FS.N01R,FS,0,1755588660,1FS 0731 PPK/FKN,1755603589,1755603598,550,0,0
1755588660_M..N20R,045100_M..N20R,M,0,1755588660,1M 0731 MET/CTL,1755607187,1755607193,1029,0,0
1755588690_FS.S01R,045150_FS.S01R,FS,1,1755588690,1FS 0731+ FKN/PPK,1755603574,1755603583,544,0,0
1755588720_M..S20R,045200_M..S20R,M,1,1755588720,1M 0732 CTL/MET,1755607163,1755607172,1018,0,0
1755588780_F..S73R,045300_F..S73R,F,1,1755588780,1F 0733 179/KHY,1755608554,1755608559,1196,0,0
1755588810_B..N65R,045350_B..N65R,B,0,1755588810,1B 0733+ BBC/BPK,1755608424,1755608433,1175,0,0
1755588810_B..S65R,045350_B..S65R,B,1,1755588810,1B 0733+ BPK/BBC,1755608169,1755608178,1141,0,0
1755588810_D..N07R,045350_D..N07R,D,0,1755588810,1D 0733+ STL/205,1755609214,1755609220,1280,0,0
1755588810_D..N08X009,045350_D..N08X009,D,0,1755588810,1D 0733+ 25A/205,1755608749,1755608754,1218,0,0
1755588810_D..S14R,045350_D..S14R,D,1,1755588810,1D 0733+ 205/STL,1755608689,1755608694,1210,0,0
1755588870_F..N74R,045450_F..N74R,F,0,1755588870,1F 0734+ STL/179,1755609010,1755609019,1245,0,0
1755588960_F..N78R,045600_F..N78R,F,0,1755588960,1F 0736 AVX/179,1755608574,1755608584,1175,0,0
1755589020_F..S74R,045700_F..S74R,F,1,1755589020,1F 0737 179/STL,1755609695,1755609701,1316,0,0
1755589020_M..S20R,045700_M..S20R,M,1,1755589020,1M 0737 CTL/MET,1755607763,1755607772,1059,0,0
1755589170_B..N65R,045950_B..N65R,B,0,1755589170,1B 0739+ BBC/BPK,1755608905,1755608914,1191,0,0
1755589260_F..S74R,046100_F..S74R,F,1,1755589260,1F 0741 179/STL,1755609851,1755609860,1305,0,0
1755589260_FS.N01R,046100_FS.N01R,FS,0,1755589260,1FS 0741 PPK/FKN,1755605235,1755605241,690,0,0
1755589260_M..N20R,046100_M..N20R,M,0,1755589260,1M 0741 MET/CTL,1755607868,1755607878,1041,0,0
1755589290_FS.S01R,046150_FS.S01R,FS,1,1755589290,1FS 0741+ FKN/PPK,1755605220,1755605226,684,0,0
1755589380_D..S14R,046300_D..S14R,D,1,1755589380,1D 0743 205/STL,1755603794,1755603799,482,0,0
1755589380_M..S20R,046300_M..S20R,M,1,1755589380,1M 0743 CTL/MET,1755608634,1755608644,1127,0,0
1755589410_B..S65R,046350_B..S65R,B,1,1755589410,1B 0743+ BPK/BBC,1755608394,1755608404,1091,0,0
1755589410_F..N74R,046350_F..N74R,F,0,1755589410,1F 0743+ STL/179,1755609349,1755609355,1218,0,0
1755589500_F..S73R,046500_F..S73R,F,1,1755589500,1F 0745 179/KHY,1755609385,1755609394,1211,0,0
1755589560_B..N65R,046600_B..N65R,B,0,1755589560,1B 0746 BBC/BPK,1755609145,1755609154,1171,0,0
1755589560_D..N07R,046600_D..N07R,D,0,1755589560,1D 0746 STL/205,1755610016,1755610025,1287,0,0
1755589620_D..N08X009,046700_D..N08X009,D,0,1755589620,1D 0747 25A/205,1755609535,1755609545,1215,0,0
1755589680_M..N20R,046800_M..N20R,M,0,1755589680,1M 0748 MET/CTL,1755608229,1755608238,1033,0,0
1755589710_D..S14R,046850_D..S14R,D,1,1755589710,1D 0748+ BPK/STL,1755609205,1755609214,721,0,0
1755589740_F..S74R,046900_F..S74R,F,1,1755589740,1F 0749 179/STL,1755610055,1755610061,1268,0,0
1755589770_F..N74R,046950_F..N74R,F,0,1755589770,1F 0749+ STL/179,1755609710,1755609716,1218,0,0
1755589860_D..S14R,047100_D..S14R,D,1,1755589860,1D 0751 205/STL,1755604274,1755604280,482,0,0
1755589860_FS.N01R,047100_FS.N01R,FS,0,1755589860,1FS 0751 PPK/FKN,1755605241,1755605250,611,0,0
1755589890_FS.S01R,047150_FS.S01R,FS,1,1755589890,1FS 0751+ FKN/PPK,1755605235,1755605241,606,0,0
1755589920_B..N60R,047200_B..N60R,B,0,1755589920,1B 0752 BBC/KGB,1755610716,1755610722,1328,0,0
1755589920_D..N07R,047200_D..N07R,D,0,1755589920,1D 0752 STL/205,1755610256,1755610265,1271,0,0
1755589950_M..S20R,047250_M..S20R,M,1,1755589950,1M 0752+ CTL/MET,1755608628,1755608634,1050,0,0
1755589980_F..S73R,047300_F..S73R,F,1,1755589980,1F 0753 179/KHY,1755609731,1755609740,1193,0,0
1755589980_M..N20R,047300_M..N20R,M,0,1755589980,1M 0753 MET/CTL,1755609094,1755609100,1108,0,0
1755590010_B..S65R,047350_B..S65R,B,1,1755590010,1B 0753+ BPK/BBC,1755609355,1755609364,1139,0,0
1755590130_F..N74R,047550_F..N74R,F,0,1755590130,1F 0755+ STL/179,1755610010,1755610016,1210,0,0
1755590190_D..S14R,047650_D..S14R,D,1,1755590190,1D 0756+ BPK/STL,1755609926,1755609935,753,0,0
1755590220_F..S74R,047700_F..S74R,F,1,1755590220,1F 0757 179/STL,1755610391,1755610400,1249,0,0
1755590250_D..N07R,047750_D..N07R,D,0,1755590250,1D 0757+ STL/205,1755610512,1755610520,1260,0,0
1755590370_D..S14R,047950_D..S14R,D,1,1755590370,1D 0759+ 205/STL,1755604785,1755604790,482,0,0
1755590400_B..N60R,048000_B..N60R,B,0,1755590400,1B 0800 BBC/KGB,1755610737,1755610746,823,0,0
1755590400_F..N04R,048000_F..N04R,F,0,1755590400,1F 0800 CHU/179,1755609055,1755609064,1047,0,0
1755590430_M..S20R,048050_M..S20R,M,1,1755590430,1M 0800+ CTL/MET,1755609115,1755609124,1051,0,0
1755590460_F..S73R,048100_F..S73R,F,1,1755590460,1F 0801 179/KHY,1755610046,1755610055,1171,0,0
1755590460_FS.N01R,048100_FS.N01R,FS,0,1755590460,1FS 0801 PPK/FKN,1755605325,1755605331,542,0,0
1755590490_B..S65R,048150_B..S65R,B,1,1755590490,1B 0801+ BPK/BBC,1755609806,1755609815,1090,0,0
1755590490_FS.S01R,048150_FS.S01R,FS,1,1755590490,1FS 0801+ FKN/PPK,1755605325,1755605331,538,0,0
1755590580_M..N20R,048300_M..N20R,M,0,1755590580,1M 0803 MET/CTL,1755609656,1755609665,1103,0,0
1755590700_D..S14R,048500_D..S14R,D,1,1755590700,1D 0805 BPK/STL,1755610716,1755610722,790,0,0
1755590700_F..S74R,048500_F..S74R,F,1,1755590700,1F 0805 179/STL,1755610821,1755610827,1242,0,0
1755590730_F..N74R,048550_F..N74R,F,0,1755590730,1F 0805+ STL/179,1755610977,1755610986,1259,0,0
1755590760_D..N07R,048600_D..N07R,D,0,1755590760,1D 0806 STL/205,1755610956,1755610962,1252,0,0
1755590760_M..S20R,048600_M..S20R,M,1,1755590760,1M 0806 CTL/MET,1755609274,1755609280,1028,0,0
1755590880_B..N65R,048800_B..N65R,B,0,1755590880,1B 0808 BBC/BPK,1755610481,1755610490,799,0,0
1755591030_B..S65R,049050_B..S65R,B,1,1755591030,1B 0810+ BPK/BBC,1755610250,1755610256,1122,0,0
1755591030_D..S14R,049050_D..S14R,D,1,1755591030,1D 0810+ 205/STL,1755605445,1755605451,482,0,0
1755591060_F..S73R,049100_F..S73R,F,1,1755591060,1F 0811 179/KHY,1755610731,1755610737,1067,0,0
1755591060_FS.N01R,049100_FS.N01R,FS,0,1755591060,1FS 0811 PPK/FKN,1755606586,1755606592,630,0,0
1755591090_D..S78R,049150_D..S78R,D,1,1755591090,1D 0811+ BPK/STL,1755610716,1755610722,1176,0,0
1755591090_F..N73R,049150_F..N73R,F,0,1755591090,1F 0811+ KHY/179,1755610595,1755610602,1160,0,0
1755591090_FS.S01R,049150_FS.S01R,FS,1,1755591090,1FS 0811+ FKN/PPK,1755606577,1755606586,625,0,0
1755591090_M..N20R,049150_M..N20R,M,0,1755591090,1M 0811+ MET/CTL,1755610671,1755610677,1170,0,0
1755591150_M..S20R,049250_M..S20R,M,1,1755591150,1M 0812+ CTL/MET,1755609830,1755609836,1050,0,0
1755591270_D..N07R,049450_D..N07R,D,0,1755591270,1D 0814+ STL/205,1755611683,1755611691,1281,0,0
1755591360_D..S14R,049600_D..S14R,D,1,1755591360,1D 0816 BPK/STL,1755611337,1755611346,785,0,0
1755591420_F..S74R,049700_F..S74R,F,1,1755591420,1F 0817 179/STL,1755611833,1755611842,1281,0,0
1755591450_F..N74R,049750_F..N74R,F,0,1755591450,1F 0817+ STL/179,1755611938,1755611947,1291,0,0
1755591450_M..N20R,049750_M..N20R,M,0,1755591450,1M 0817+ MET/CTL,1755610851,1755610857,1146,0,0
1755591480_B..N66R,049800_B..N66R,B,0,1755591480,1B 0818 BBC/145,1755609590,1755609595,974,0,0
1755591540_B..S65R,049900_B..S65R,B,1,1755591540,1B 0819 BPK/BBC,1755610782,1755610791,1125,0,0
1755591540_D..S14R,049900_D..S14R,D,1,1755591540,1D 0819 205/STL,1755605941,1755605946,480,0,0
1755591570_M..S20R,049950_M..S20R,M,1,1755591570,1M 0819+ CTL/MET,1755610295,1755610301,1056,0,0
1755591660_FS.N01R,050100_FS.N01R,FS,0,1755591660,1FS 0821 PPK/FKN,1755606586,1755606592,550,0,0
1755591690_F..N73R,050150_F..N73R,F,0,1755591690,1F 0821+ KHY/179,1755611698,1755611707,1227,0,0
1755591690_F..S74R,050150_F..S74R,F,1,1755591690,1F 0821+ 179/STL,1755612238,1755612247,1299,0,0
1755591690_FS.S01R,050150_FS.S01R,FS,1,1755591690,1FS 0821+ FKN/PPK,1755606586,1755606592,546,0,0
1755591780_D..N07R,050300_D..N07R,D,0,1755591780,1D 0823 STL/205,1755612058,1755612067,1263,0,0
1755591780_M..N20R,050300_M..N20R,M,0,1755591780,1M 0823 MET/CTL,1755611112,1755611121,1137,0,0
1755591870_D..S14R,050450_D..S14R,D,1,1755591870,1D 0824+ BPK/STL,1755611577,1755611586,751,0,0
1755591870_M..S20R,050450_M..S20R,M,1,1755591870,1M 0824+ CTL/MET,1755610737,1755610746,1075,0,0
1755591960_B..N65R,050600_B..N65R,B,0,1755591960,1B 0826 BBC/BPK,1755611376,1755611382,1148,0,0
1755591990_F..S73R,050650_F..S73R,F,1,1755591990,1F 0826+ 179/KHY,1755611217,1755611226,1123,0,0
1755592050_F..N74R,050750_F..N74R,F,0,1755592050,1F 0827+ STL/179,1755612758,1755612764,1320,0,0
1755592050_M..N20R,050750_M..N20R,M,0,1755592050,1M 0827+ MET/CTL,1755611577,1755611586,1163,0,0
1755592140_B..S65R,050900_B..S65R,B,1,1755592140,1B 0829 BPK/BBC,1755611421,1755611427,1130,0,0
1755592260_FS.N01R,051100_FS.N01R,FS,0,1755592260,1FS 0831 PPK/FKN,1755607208,1755607217,553,0,0
1755592290_FS.S01R,051150_FS.S01R,FS,1,1755592290,1FS 0831+ FKN/PPK,1755607208,1755607217,549,0,0
1755592320_D..N07R,051200_D..N07R,D,0,1755592320,1D 0832 STL/205,1755612457,1755612464,1244,0,0
1755592320_F..S74R,051200_F..S74R,F,1,1755592320,1F 0832 179/STL,1755612523,1755612533,1253,0,0
1755592350_B..N66R,051250_B..N66R,B,0,1755592350,1B 0832+ BBC/145,1755610722,1755610731,1009,0,0
1755592350_M..S20R,051250_M..S20R,M,1,1755592350,1M 0832+ CTL/MET,1755611241,1755611247,1078,0,0
1755592380_F..N73R,051300_F..N73R,F,0,1755592380,1F 0833 KHY/179,1755612202,1755612208,1202,0,0
1755592410_D..S14R,051350_D..S14R,D,1,1755592410,1D 0833+ BPK/STL,1755612043,1755612052,744,0,0
1755592440_D..S14R,051400_D..S14R,D,1,1755592440,1D 0834 205/STL,1755606847,1755606857,481,0,0
1755592470_M..N20R,051450_M..N20R,M,0,1755592470,1M 0834+ MET/CTL,1755611797,1755611803,1136,0,0
1755592530_B..S65R,051550_B..S65R,B,1,1755592530,1B 0835+ BPK/BBC,1755612903,1755612982,1274,0,0
1755592650_F..S04R,051750_F..S04R,F,1,1755592650,1F 0837+ 179/CHU,1755611097,1755611106,1019,0,0
1755592710_F..N74R,051850_F..N74R,F,0,1755592710,1F 0838+ STL/179,1755613168,1755613172,1269,0,0
1755592770_D..S14R,051950_D..S14R,D,1,1755592770,1D 0839+ BPK/STL,1755612578,1755612584,763,0,0
1755592800_D..N07R,052000_D..N07R,D,0,1755592800,1D 0840 STL/205,1755612578,1755612584,1196,0,0
1755592860_F..N73R,052100_F..N73R,F,0,1755592860,1F 0841 KHY/179,1755612903,1755612982,1230,0,0
1755592860_FS.N01R,052100_FS.N01R,FS,0,1755592860,1FS 0841 PPK/FKN,1755607703,1755607713,539,0,0
1755592890_B..N65R,052150_B..N65R,B,0,1755592890,1B 0841+ BBC/BPK,1755612163,1755612172,1129,0,0
1755592890_FS.S01R,052150_FS.S01R,FS,1,1755592890,1FS 0841+ FKN/PPK,1755607718,1755607728,537,0,0
1755592890_M..N20R,052150_M..N20R,M,0,1755592890,1M 0841+ MET/CTL,1755612674,1755612683,1197,1,0
1755592890_M..S20R,052150_M..S20R,M,1,1755592890,1M 0841+ CTL/MET,1755611676,1755611683,1064,0,0
1755592920_B..S65R,052200_B..S65R,B,1,1755592920,1B 0842 BPK/BBC,1755612863,1755612870,1218,0,0
1755592980_F..S74R,052300_F..S74R,F,1,1755592980,1F 0843 179/STL,1755613689,1755613695,1303,0,0
1755593220_D..S14R,052700_D..S14R,D,1,1755593220,1D 0847 BPK/STL,1755612982,1755612993,746,0,0
1755593310_D..N07R,052850_D..N07R,D,0,1755593310,1D 0848+ STL/205,1755613380,1755613388,1218,0,0
1755593310_D..S14R,052850_D..S14R,D,1,1755593310,1D 0848+ 205/STL,1755607728,1755607733,482,0,0
1755593310_F..N74R,052850_F..N74R,F,0,1755593310,1F 0848+ STL/179,1755613560,1755613568,1242,0,0
1755593310_M..N20R,052850_M..N20R,M,0,1755593310,1M 0848+ MET/CTL,1755612863,1755612870,1166,0,0
1755593340_F..S73R,052900_F..S73R,F,1,1755593340,1F 0849 179/KHY,1755613114,1755613127,1178,0,0
1755593370_B..N66R,052950_B..N66R,B,0,1755593370,1B 0849+ BBC/145,1755611517,1755611526,979,0,0
1755593400_B..S65R,053000_B..S65R,B,1,1755593400,1B 0850 BPK/BBC,1755612870,1755612878,1155,0,0
1755593460_FS.N01R,053100_FS.N01R,FS,0,1755593460,1FS 0851 PPK/FKN,1755609010,1755609019,633,0,0
1755593490_FS.S01R,053150_FS.S01R,FS,1,1755593490,1FS 0851+ FKN/PPK,1755608995,1755609004,627,0,0
1755593490_M..S20R,053150_M..S20R,M,1,1755593490,1M 0851+ CTL/MET,1755612502,1755612508,1094,0,0
1755593640_D..S14R,053400_D..S14R,D,1,1755593640,1D 0854 BPK/STL,1755613485,1755613493,750,0,0
1755593640_F..N73R,053400_F..N73R,F,0,1755593640,1F 0854 KHY/179,1755613245,1755613253,1156,0,0
1755593640_F..S04R,053400_F..S04R,F,1,1755593640,1F 0854 179/CHU,1755612337,1755612343,1052,0,0
1755593730_B..N65R,053550_B..N65R,B,0,1755593730,1B 0855+ BBC/KGB,1755613259,1755613268,1146,1,0
1755593790_F..N74R,053650_F..N74R,F,0,1755593790,1F 0856+ STL/179,1755613605,1755613614,1184,0,0
1755593790_M..N20R,053650_M..N20R,M,0,1755593790,1M 0856+ MET/CTL,1755613485,1755613493,1168,1,0
1755593820_B..S65R,053700_B..S65R,B,1,1755593820,1B 0857 BPK/BBC,1755613231,1755613238,1130,0,0
1755593820_D..N07R,053700_D..N07R,D,0,1755593820,1D 0857 STL/205,1755613929,1755613935,1223,0,0
1755593880_D..S07R,053800_D..S07R,D,1,1755593880,1D 0858 205/STL,1755608769,1755608779,545,0,0
1755593970_F..S74R,053950_F..S74R,F,1,1755593970,1F 0859+ 179/STL,1755615145,1755615151,1365,0,0
1755593970_M..S20R,053950_M..S20R,M,1,1755593970,1M 0859+ CTL/MET,1755612623,1755612629,1046,0,0
1755594030_D..S14R,054050_D..S14R,D,1,1755594030,1D 0900+ BPK/STL,1755613740,1755613749,733,0,0
1755594060_FS.N01R,054100_FS.N01R,FS,0,1755594060,1FS 0901 PPK/FKN,1755609010,1755609019,553,0,0
1755594090_FS.S01R,054150_FS.S01R,FS,1,1755594090,1FS 0901+ FKN/PPK,1755609010,1755609019,549,0,0
1755594210_D..S07R,054350_D..S07R,D,1,1755594210,1D 0903+ BPK/STL,1755614364,1755614370,1230,0,0
1755594240_F..N74R,054400_F..N74R,F,0,1755594240,1F 0904 STL/179,1755614289,1755614295,1215,0,0
1755594270_M..N20R,054450_M..N20R,M,0,1755594270,1M 0904+ MET/CTL,1755613740,1755613749,1138,0,0
1755594300_B..N66R,054500_B..N66R,B,0,1755594300,1B 0905 BBC/145,1755613424,1755613433,1093,0,0
1755594300_F..S73R,054500_F..S73R,F,1,1755594300,1F 0905 179/KHY,1755613980,1755613989,1166,0,0
1755594390_B..S65R,054650_B..S65R,B,1,1755594390,1B 0906+ BPK/BBC,1755613770,1755613779,1127,0,0
1755594420_D..N07R,054700_D..N07R,D,0,1755594420,1D 0907 STL/205,1755614244,1755614250,1186,0,0
1755594450_M..S20R,054750_M..S20R,M,1,1755594450,1M 0907+ CTL/MET,1755613114,1755613127,1030,0,0
1755594540_D..S07R,054900_D..S07R,D,1,1755594540,1D 0909 BPK/STL,1755614470,1755614476,740,0,0
1755594630_F..S04R,055050_F..S04R,F,1,1755594630,1F 0910+ 179/CHU,1755613245,1755613253,1025,0,0
1755594660_F..N74R,055100_F..N74R,F,0,1755594660,1F 0911 STL/179,1755615211,1755615220,1283,0,0
1755594660_FS.N01R,055100_FS.N01R,FS,0,1755594660,1FS 0911 PPK/FKN,1755609890,1755609896,590,0,0
1755594750_B..N65R,055250_B..N65R,B,0,1755594750,1B 0912+ BBC/145,1755613424,1755613433,1033,0,0
1755594750_M..N20R,055250_M..N20R,M,0,1755594750,1M 0912+ MET/CTL,1755614100,1755614109,1122,1,0
1755594900_D..S07R,055500_D..S07R,D,1,1755594900,1D 0915 205/STL,1755609670,1755609680,530,0,0
1755594900_M..S20R,055500_M..S20R,M,1,1755594900,1M 0915 CTL/MET,1755613584,1755613590,1034,0,0
1755594930_D..S07R,055550_D..S07R,D,1,1755594930,1D 0915+ BPK/STL,1755615070,1755615076,766,0,0
1755594960_F..N74X001,055600_F..N74X001,F,0,1755594960,1F 0916 STL/179,1755615385,1755615391,1266,0,0
1755594960_F..S74R,055600_F..S74R,F,1,1755594960,1F 0916 179/STL,1755615746,1755615752,1314,0,0
1755594990_D..N07R,055650_D..N07R,D,0,1755594990,1D 0916+ STL/205,1755614950,1755614956,1204,0,0
1755595230_B..N66R,056050_B..N66R,B,0,1755595230,1B 0920+ BBC/BPK,1755614665,1755614671,1134,1,0
1755595230_D..S07R,056050_D..S07R,D,1,1755595230,1D 0920+ BPK/STL,1755615190,1755615196,718,0,0
1755595230_M..N20R,056050_M..N20R,M,0,1755595230,1M 0920+ MET/CTL,1755614470,1755614476,1108,0,0
1755595260_FS.N01R,056100_FS.N01R,FS,0,1755595260,1FS 0921 PPK/FKN,1755610550,1755610556,599,0,0
1755595290_F..S04R,056150_F..S04R,F,1,1755595290,1F 0921+ 179/CHU,1755613965,1755613974,1033,0,0
1755595290_FS.S01R,056150_FS.S01R,FS,1,1755595290,1FS 0921+ FKN/PPK,1755610536,1755610541,593,0,0
1755595320_F..N74X001,056200_F..N74X001,F,0,1755595320,1F 0922 STL/179,1755615541,1755615551,1239,0,0
1755595380_M..S20R,056300_M..S20R,M,1,1755595380,1M 0923 CTL/MET,1755614064,1755614070,1034,0,0
1755595410_B..S65R,056350_B..S65R,B,1,1755595410,1B 0923+ BPK/BBC,1755614581,1755614590,1099,0,0
1755595590_D..N07R,056650_D..N07R,D,0,1755595590,1D 0926+ STL/205,1755615430,1755615436,1188,0,0
1755595620_F..S73R,056700_F..S73R,F,1,1755595620,1F 0927 179/KHY,1755615866,1755615872,1242,0,0
1755595680_B..N65R,056800_B..N65R,B,0,1755595680,1B 0928 BBC/BPK,1755614986,1755614995,1117,0,0
1755595710_M..N20R,056850_M..N20R,M,0,1755595710,1M 0928+ MET/CTL,1755614731,1755614740,1079,1,0
1755595740_D..S07R,056900_D..S07R,D,1,1755595740,1D 0929 BPK/STL,1755615746,1755615752,755,0,0
1755595740_F..N74X001,056900_F..N74X001,F,0,1755595740,1F 0929 STL/179,1755615902,1755615911,1231,0,0
1755595860_FS.N01R,057100_FS.N01R,FS,0,1755595860,1FS 0931 PPK/FKN,1755610881,1755610887,563,0,0
1755595890_FS.S01R,057150_FS.S01R,FS,1,1755595890,1FS 0931+ FKN/PPK,1755610881,1755610887,559,0,0
1755595920_B..S66R,057200_B..S66R,B,1,1755595920,1B 0932 145/BBC,1755614124,1755614130,970,0,0
1755595950_F..S74R,057250_F..S74R,F,1,1755595950,1F 0932+ 179/STL,1755616833,1755616842,1327,0,0
1755595980_M..S20R,057300_M..S20R,M,1,1755595980,1M 0933 CTL/MET,1755614566,1755614575,569,0,0
1755596130_D..N07R,057550_D..N07R,D,0,1755596130,1D 0935+ STL/205,1755616046,1755616052,1198,0,0
1755596160_D..S07R,057600_D..S07R,D,1,1755596160,1D 0936 BPK/STL,1755616046,1755616052,752,0,0
1755596190_B..N66R,057650_B..N66R,B,0,1755596190,1B 0936+ BBC/145,1755614490,1755614499,983,0,0
1755596190_M..N20R,057650_M..N20R,M,0,1755596190,1M 0936+ MET/CTL,1755615181,1755615190,1066,0,0
1755596220_F..N74X001,057700_F..N74X001,F,0,1755596220,1F 0937 STL/179,1755616106,1755616112,1194,0,0
1755596280_F..S04R,057800_F..S04R,F,1,1755596280,1F 0938 179/CHU,1755615046,1755615055,1045,0,0
1755596370_B..S65R,057950_B..S65R,B,1,1755596370,1B 0939+ BPK/BBC,1755615662,1755615671,1115,0,0
1755596460_FS.N01R,058100_FS.N01R,FS,0,1755596460,1FS 0941 PPK/FKN,1755612764,1755612773,734,0,0
1755596490_FS.S01R,058150_FS.S01R,FS,1,1755596490,1FS 0941+ FKN/PPK,1755612734,1755612743,726,0,0
1755596610_F..S74R,058350_F..S74R,F,1,1755596610,1F 0943+ 179/STL,1755618019,1755618028,1397,1,0
1755596640_D..N07R,058400_D..N07R,D,0,1755596640,1D 0944 STL/205,1755616427,1755616436,1181,0,0
1755596670_B..N65R,058450_B..N65R,B,0,1755596670,1B 0944+ BBC/BPK,1755615992,1755616001,1119,0,0
1755596670_M..N20R,058450_M..N20R,M,0,1755596670,1M 0944+ MET/CTL,1755621879,1755621887,1903,0,0
1755596670_M..S,058450_M..S,M,1,1755596670,$M 1022 ESX/MET,1755615010,1755615016,215,0,0
1755596700_D..S07R,058500_D..S07R,D,1,1755596700,1D 0945 BPK/STL,1755616932,1755616938,802,0,0
1755596790_D..S07R,058650_D..S07R,D,1,1755596790,1D 0946+ 205/STL,1755611773,1755611782,558,0,0
1755596850_M..S20R,058750_M..S20R,M,1,1755596850,1M 0947+ CTL/MET,1755615490,1755615496,1028,0,0
1755596940_B..S66R,058900_B..S66R,B,1,1755596940,1B 0949 145/BBC,1755615070,1755615076,960,0,0
1755596940_F..N74X001,058900_F..N74X001,F,0,1755596940,1F 0949 STL/179,1755617193,1755617202,1151,0,0
1755596970_F..S04R,058950_F..S04R,F,1,1755596970,1F 0949+ 179/CHU,1755616232,1755616241,1111,0,0
1755597060_D..N07R,059100_D..N07R,D,0,1755597060,1D 0951 STL/205,1755617118,1755617127,1217,0,0
1755597060_FS.N01R,059100_FS.N01R,FS,0,1755597060,1FS 0951 PPK/FKN,1755612764,1755612773,654,0,0
1755597090_FS.S01R,059150_FS.S01R,FS,1,1755597090,1FS 0951+ FKN/PPK,1755610941,1755612403,407,0,0
1755597120_D..S07R,059200_D..S07R,D,1,1755597120,1D 0952 BPK/STL,1755617217,1755617223,708,0,0
1755597150_B..N66R,059250_B..N66R,B,0,1755597150,1B 0952+ BBC/145,1755615421,1755615430,979,0,0
1755597150_M..N20R,059250_M..N20R,M,0,1755597150,1M 0952+ MET/CTL,1755615986,1755615992,1054,0,0
1755597330_B..S65R,059550_B..S65R,B,1,1755597330,1B 0955+ BPK/BBC,1755616472,1755616482,1095,0,0
1755597330_D..S07R,059550_D..S07R,D,1,1755597330,1D 0955+ 205/STL,1755611758,1755611767,484,0,0
1755597330_F..S74R,059550_F..S74R,F,1,1755597330,1F 0955+ 179/STL,1755618560,1755618569,1373,0,0
1755597330_M..S20R,059550_M..S20R,M,1,1755597330,1M 0955+ CTL/MET,1755616022,1755616031,1035,0,0
1755597510_D..N07R,059850_D..N07R,D,0,1755597510,1D 0958+ STL/205,1755617653,1755617659,1228,0,0
1755597570_M..N20R,059950_M..N20R,M,0,1755597570,1M 0959+ MET/CTL,1755616472,1755616482,1063,0,0
1755597630_B..N65R,060050_B..N65R,B,0,1755597630,1B 1000+ BBC/BPK,1755622833,1755622839,1896,0,0
1755597660_D..S07R,060100_D..S07R,D,1,1755597660,1D 1001 BPK/STL,1755618019,1755618028,817,0,0
1755597660_F..N74X001,060100_F..N74X001,F,0,1755597660,1F 1001 STL/179,1755617713,1755617719,1216,0,0
1755597690_F..S04R,060150_F..S04R,F,1,1755597690,1F 1001+ 179/CHU,1755617854,1755617863,1231,0,0
1755597780_M..S20R,060300_M..S20R,M,1,1755597780,1M 1003 CTL/MET,1755616467,1755616472,1034,0,0
1755597900_B..S66R,060500_B..S66R,B,1,1755597900,1B 1005 145/BBC,1755615986,1755615992,954,0,0
1755597900_D..N07R,060500_D..N07R,D,0,1755597900,1D 1005 STL/205,1755617839,1755617848,1201,0,0
1755597900_F..N73X001,060500_F..N73X001,F,0,1755597900,1F 1005 KHY/179,1755617539,1755617548,1161,0,0
1755598050_F..N,060750_F..N,F,0,1755598050,$F 1105+ 2AV/179,1755619440,1755619446,414,0,0
1755598050_F..S74R,060750_F..S74R,F,1,1755598050,1F 1007+ 179/STL,1755623254,1755623259,1902,2,2
1755598050_M..N20R,060750_M..N20R,M,0,1755598050,1M 1007+ MET/CTL,1755616917,1755616923,1058,0,0
1755598110_B..N66R,060850_B..N66R,B,0,1755598110,1B 1008+ BBC/145,1755616578,1755616587,1005,0,0
1755598110_D..S07R,060850_D..S07R,D,1,1755598110,1D 1008+ BPK/STL,1755618118,1755618124,772,0,0
1755598260_D..N07R,061100_D..N07R,D,0,1755598260,1D 1011 STL/205,1755618359,1755618364,1222,0,0
1755598260_D..S07R,061100_D..S07R,D,1,1755598260,1D 1011 205/STL,1755612719,1755612728,488,0,0
1755598260_FS.N01R,061100_FS.N01R,FS,0,1755598260,1FS 1011 PPK/FKN,1755614460,1755614470,703,0,0
1755598290_FS.S01R,061150_FS.S01R,FS,1,1755598290,1FS 1011+ FKN/PPK,1755614424,1755614430,694,0,0
1755598290_M..S20R,061150_M..S20R,M,1,1755598290,1M 1011+ CTL/MET,1755616932,1755616938,1028,0,0
1755598380_F..N74X001,061300_F..N74X001,F,0,1755598380,1F 1013 STL/179,1755618755,1755618764,1259,0,0
1755598410_F..N,061350_F..N,F,0,1755598410,$F 1117 2AV/179,1755620016,1755620025,363,0,0
1755598410_F..S74R,061350_F..S74R,F,1,1755598410,1F 1013+ 179/STL,1755623614,1755623620,1902,1,0
1755598530_M..N20R,061550_M..N20R,M,0,1755598530,1M 1015+ MET/CTL,1755617328,1755617337,1049,0,0
1755598560_B..N65R,061600_B..N65R,B,0,1755598560,1B 1016 BBC/BPK,1755618049,1755618058,1141,0,0
1755598590_D..S07R,061650_D..S07R,D,1,1755598590,1D 1016+ BPK/STL,1755618590,1755618599,765,0,0
1755598620_D..N07R,061700_D..N07R,D,0,1755598620,1D 1017 STL/205,1755618794,1755618800,1232,0,0
1755598740_D..S07R,061900_D..S07R,D,1,1755598740,1D 1019 205/STL,1755613298,1755613305,484,0,0
1755598770_B..S65R,061950_B..S65R,B,1,1755598770,1B 1019+ BPK/BBC,1755618554,1755618560,970,0,0
1755598770_F..S04R,061950_F..S04R,F,1,1755598770,1F 1019+ 179/CHU,1755618214,1755618223,1135,0,0
1755598770_M..S20R,061950_M..S20R,M,1,1755598770,1M 1019+ CTL/MET,1755617893,1755617899,1092,0,0
1755598860_B..S66R,062100_B..S66R,B,1,1755598860,1B 1021 145/BBC,1755617593,1755617599,1040,0,0
1755598860_FS.N01R,062100_FS.N01R,FS,0,1755598860,1FS 1021 PPK/FKN,1755614460,1755614470,623,0,0
1755598890_FS.S01R,062150_FS.S01R,FS,1,1755598890,1FS 1021+ FKN/PPK,1755614430,1755614439,615,0,0
1755599010_M..N20R,062350_M..N20R,M,0,1755599010,1M 1023+ MET/CTL,1755618178,1755618184,1098,0,0
1755599040_D..N07R,062400_D..N07R,D,0,1755599040,1D 1024 STL/205,1755619034,1755619040,1208,0,0
1755599070_B..N66R,062450_B..N66R,B,0,1755599070,1B 1024+ BBC/145,1755617758,1755617764,1034,0,0
1755599070_D..S07R,062450_D..S07R,D,1,1755599070,1D 1024+ BPK/STL,1755619115,1755619124,775,0,0
1755599130_F..S74R,062550_F..S74R,F,1,1755599130,1F 1025+ 179/STL,1755620506,1755620512,1392,0,0
1755599130_M..S20R,062550_M..S20R,M,1,1755599130,1M 1025+ CTL/MET,1755618275,1755618283,1095,0,0
1755599160_D..S07R,062600_D..S07R,D,1,1755599160,1D 1026 205/STL,1755613650,1755613659,475,0,0
1755599280_F..N74X001,062800_F..N74X001,F,0,1755599280,1F 1028 STL/179,1755619686,1755619695,1263,0,0
1755599400_D..N07R,063000_D..N07R,D,0,1755599400,1D 1030 STL/205,1755619665,1755619671,1244,0,0
1755599400_F..N04R,063000_F..N04R,F,0,1755599400,1F 1030 CHU/179,1755618440,1755618449,1081,0,0
1755599460_FS.N01R,063100_FS.N01R,FS,0,1755599460,1FS 1031 PPK/FKN,1755614470,1755614476,544,0,0
1755599490_D..S07R,063150_D..S07R,D,1,1755599490,1D 1031+ BPK/STL,1755619536,1755619545,784,0,0
1755599490_F..S04R,063150_F..S04R,F,1,1755599490,1F 1031+ 179/CHU,1755619010,1755619019,1145,0,0
1755599490_M..N20R,063150_M..N20R,M,0,1755599490,1M 1031+ MET/CTL,1755618334,1755618344,1055,0,0
1755599550_B..N65R,063250_B..N65R,B,0,1755599550,1B 1032+ BBC/BPK,1755619265,1755619274,1171,0,0
1755599610_D..S07R,063350_D..S07R,D,1,1755599610,1D 1033+ 205/STL,1755614349,1755614355,508,0,0
1755599730_M..S20R,063550_M..S20R,M,1,1755599730,1M 1035+ CTL/MET,1755618500,1755618509,1045,0,0
1755599760_D..N07R,063600_D..N07R,D,0,1755599760,1D 1036 STL/205,1755619866,1755619875,1223,0,0
1755599820_B..S66R,063700_B..S66R,B,1,1755599820,1B 1037 145/BBC,1755618079,1755618088,977,0,0
1755599850_F..S74R,063750_F..S74R,F,1,1755599850,1F 1037+ 179/STL,1755621443,1755621452,1421,0,0
1755599940_D..S07R,063900_D..S07R,D,1,1755599940,1D 1039 BPK/STL,1755620220,1755620226,782,0,0
1755599970_M..N20R,063950_M..N20R,M,0,1755599970,1M 1039+ MET/CTL,1755618950,1755618959,1073,0,0
1755600030_B..N66R,064050_B..N66R,B,0,1755600030,1B 1040+ BBC/145,1755618500,1755618509,1005,0,0
1755600060_FS.N01R,064100_FS.N01R,FS,0,1755600060,1FS 1041 PPK/FKN,1755614941,1755614950,527,0,0
1755600090_FS.S01R,064150_FS.S01R,FS,1,1755600090,1FS 1041+ FKN/PPK,1755614926,1755614935,521,0,0
1755600150_D..S07R,064250_D..S07R,D,1,1755600150,1D 1042+ 205/STL,1755615091,1755615100,535,0,0
1755600150_F..N74X001,064250_F..N74X001,F,0,1755600150,1F 1042+ STL/179,1755620341,1755620347,1234,0,0
1755600180_M..S20R,064300_M..S20R,M,1,1755600180,1M 1043 CTL/MET,1755618914,1755618920,1040,0,0
1755600210_B..S65R,064350_B..S65R,B,1,1755600210,1B 1043+ BPK/BBC,1755619665,1755619671,1130,0,0
1755600210_D..N07R,064350_D..N07R,D,0,1755600210,1D 1043+ STL/205,1755620587,1755620596,1259,0,0
1755600210_F..S04R,064350_F..S04R,F,1,1755600210,1F 1043+ 179/CHU,1755618980,1755618989,1045,0,0
1755600300_F..N04R,064500_F..N04R,F,0,1755600300,1F 1045 CHU/179,1755619040,1755619049,1041,0,0
1755600450_M..N20R,064750_M..N20R,M,0,1755600450,1M 1047+ MET/CTL,1755619761,1755619770,1117,0,0
1755600480_D..S07R,064800_D..S07R,D,1,1755600480,1D 1048 BPK/STL,1755620527,1755620536,724,0,0
1755600510_B..N65R,064850_B..N65R,B,0,1755600510,1B 1048+ BBC/BPK,1755620316,1755620326,1183,0,0
1755600570_F..S74R,064950_F..S74R,F,1,1755600570,1F 1049+ 179/STL,1755622143,1755622148,1418,0,0
1755600600_D..N07R,065000_D..N07R,D,0,1755600600,1D 1050 STL/205,1755621166,1755621172,1284,0,0
1755600660_FS.N01R,065100_FS.N01R,FS,0,1755600660,1FS 1051 PPK/FKN,1755615490,1755615496,520,0,0
1755600660_M..S20R,065100_M..S20R,M,1,1755600660,1M 1051 CTL/MET,1755619356,1755619365,1035,0,0
1755600690_D..S07R,065150_D..S07R,D,1,1755600690,1D 1051+ 205/STL,1755615085,1755615091,462,0,0
1755600690_FS.S01R,065150_FS.S01R,FS,1,1755600690,1FS 1051+ FKN/PPK,1755615481,1755615490,515,0,0
1755600780_B..S66R,065300_B..S66R,B,1,1755600780,1B 1053 145/BBC,1755619100,1755619109,985,0,0
1755600900_B..N66R,065500_B..N66R,B,0,1755600900,1B 1055 BBC/145,1755619446,1755619455,1015,0,0
1755600930_F..S04R,065550_F..S04R,F,1,1755600930,1F 1055+ 179/CHU,1755619896,1755619905,1071,0,0
1755600930_M..N20R,065550_M..N20R,M,0,1755600930,1M 1055+ MET/CTL,1755620196,1755620206,1111,0,0
1755601020_D..N07R,065700_D..N07R,D,0,1755601020,1D 1057 STL/205,1755621338,1755621347,1251,0,0
1755601020_D..S07R,065700_D..S07R,D,1,1755601020,1D 1057 BPK/STL,1755621001,1755621007,788,0,0
1755601110_F..N74X001,065850_F..N74X001,F,0,1755601110,1F 1058+ STL/179,1755621803,1755621812,1301,0,0
1755601110_M..S20R,065850_M..S20R,M,1,1755601110,1M 1058+ CTL/MET,1755619860,1755619866,1042,0,0
1755601170_D..S07R,065950_D..S07R,D,1,1755601170,1D 1059+ 205/STL,1755615571,1755615581,463,0,0
1755601170_F..N04R,065950_F..N04R,F,0,1755601170,1F 1059+ CHU/179,1755620206,1755620211,1080,0,0
1755601200_B..S65R,066000_B..S65R,B,1,1755601200,1B 1100 BPK/BBC,1755620557,1755620566,1123,0,0
1755601260_FS.N01R,066100_FS.N01R,FS,0,1755601260,1FS 1101 PPK/FKN,1755617479,1755617488,705,0,0
1755601290_FS.S01R,066150_FS.S01R,FS,1,1755601290,1FS 1101+ FKN/PPK,1755617458,1755617464,698,0,0
1755601320_F..S74R,066200_F..S74R,F,1,1755601320,1F 1102 179/STL,1755622389,1755622398,1351,0,0
1755601410_M..N20R,066350_M..N20R,M,0,1755601410,1M 1103+ MET/CTL,1755620581,1755620587,1098,0,0
1755601440_D..N07R,066400_D..N07R,D,0,1755601440,1D 1104 STL/205,1755621638,1755621647,1235,0,0
1755601470_B..N65R,066450_B..N65R,B,0,1755601470,1B 1104+ BBC/BPK,1755626677,1755626683,1902,0,0
1755601500_D..S07R,066500_D..S07R,D,1,1755601500,1D 1105 BPK/STL,1755621242,1755621247,755,0,0
1755601650_M..S20R,066750_M..S20R,M,1,1755601650,1M 1107+ CTL/MET,1755620347,1755620356,1035,0,0
1755601710_F..S74R,066850_F..S74R,F,1,1755601710,1F 1108+ 179/STL,1755622629,1755622638,1331,0,0
1755601740_B..S66R,066900_B..S66R,B,1,1755601740,1B 1109 145/BBC,1755620196,1755620206,1003,0,0
1755601860_D..N07R,067100_D..N07R,D,0,1755601860,1D 1111 STL/205,1755622283,1755622293,1265,0,0
1755601860_FS.N01R,067100_FS.N01R,FS,0,1755601860,1FS 1111 PPK/FKN,1755617479,1755617488,625,0,0
1755601890_FS.S01R,067150_FS.S01R,FS,1,1755601890,1FS 1111+ FKN/PPK,1755617473,1755617479,620,0,0
1755601890_M..N20R,067150_M..N20R,M,0,1755601890,1M 1111+ MET/CTL,1755621097,1755621106,1103,0,0
1755601920_D..S07R,067200_D..S07R,D,1,1755601920,1D 1112 BPK/STL,1755621758,1755621767,768,0,0
1755601950_B..N66R,067250_B..N66R,B,0,1755601950,1B 1112+ BBC/145,1755620482,1755620491,1013,0,0
1755601980_F..N74X001,067300_F..N74X001,F,0,1755601980,1F 1113 STL/179,1755622389,1755622398,1263,0,0
1755602010_D..S07R,067350_D..S07R,D,1,1755602010,1D 1113+ 205/STL,1755616548,1755616557,481,0,0
1755602040_F..N04R,067400_F..N04R,F,0,1755602040,1F 1114 CHU/179,1755621188,1755621196,1095,0,0
1755602100_F..S04R,067500_F..S04R,F,1,1755602100,1F 1115 179/CHU,1755620917,1755620926,1052,1,0
1755602130_M..S20R,067550_M..S20R,M,1,1755602130,1M 1115+ CTL/MET,1755621202,1755621212,1090,0,0
1755602160_B..S65R,067600_B..S65R,B,1,1755602160,1B 1116 BPK/BBC,1755621563,1755621572,1138,0,0
1755602340_D..S07R,067900_D..S07R,D,1,1755602340,1D 1119 BPK/STL,1755622253,1755622263,760,0,0
1755602370_M..N20R,067950_M..N20R,M,0,1755602370,1M 1119+ MET/CTL,1755621428,1755621437,1101,0,0
1755602400_D..N07R,068000_D..N07R,D,0,1755602400,1D 1120 STL/205,1755622509,1755622518,1241,0,0
1755602430_B..N65R,068050_B..N65R,B,0,1755602430,1B 1120+ BBC/BPK,1755627629,1755627638,1919,0,0
1755602490_F..S74R,068150_F..S74R,F,1,1755602490,1F 1121+ 179/STL,1755623229,1755623239,1324,0,0
1755602610_M..S20R,068350_M..S20R,M,1,1755602610,1M 1123+ CTL/2AV,1755620746,1755620752,977,1,1
1755602700_B..S66R,068500_B..S66R,B,1,1755602700,1B 1125 145/BBC,1755621242,1755621247,1031,0,0
1755602850_M..N20R,068750_M..N20R,M,0,1755602850,1M 1127+ MET/CTL,1755621908,1755621917,1100,0,0
1755602910_B..N66R,068850_B..N66R,B,0,1755602910,1B 1128+ BBC/145,1755621362,1755621368,1020,0,0
1755602910_D..S07R,068850_D..S07R,D,1,1755602910,1D 1128+ BPK/STL,1755622674,1755622683,751,0,0
1755602910_F..S74R,068850_F..S74R,F,1,1755602910,1F 1128+ 179/STL,1755623605,1755623614,1318,0,0
1755602940_D..N07R,068900_D..N07R,D,0,1755602940,1D 1129 STL/205,1755622824,1755622833,1211,0,0
1755603000_F..N04R,069000_F..N04R,F,0,1755603000,1F 1130 CHU/179,1755622248,1755622253,1126,0,0
1755603030_F..N74X001,069050_F..N74X001,F,0,1755603030,1F 1130+ STL/179,1755623365,1755623374,969,0,0
1755603060_D..S07R,069100_D..S07R,D,1,1755603060,1D 1131 205/STL,1755617578,1755617584,496,0,0
1755603060_FS.N01R,069100_FS.N01R,FS,0,1755603060,1FS 1131 PPK/FKN,1755618139,1755618148,570,0,0
1755603090_FS.S01R,069150_FS.S01R,FS,1,1755603090,1FS 1131+ FKN/PPK,1755618139,1755618148,566,0,0
1755603090_M..S20R,069150_M..S20R,M,1,1755603090,1M 1131+ CTL/MET,1755622223,1755622233,1110,0,0
1755603120_B..S65R,069200_B..S65R,B,1,1755603120,1B 1132 BPK/BBC,1755622809,1755622818,1185,0,0
1755603330_M..N20R,069550_M..N20R,M,0,1755603330,1M 1135+ MET/CTL,1755623995,1755624005,1315,0,0
1755603360_F..S04R,069600_F..S04R,F,1,1755603360,1F 1136 179/CHU,1755622028,1755622037,1049,0,0
1755603390_B..N65R,069650_B..N65R,B,0,1755603390,1B 1136+ BBC/BPK,1755622809,1755622818,1149,0,0
1755603390_D..S07R,069650_D..S07R,D,1,1755603390,1D 1136+ BPK/STL,1755623854,1755623860,836,0,0
1755603420_D..N07R,069700_D..N07R,D,0,1755603420,1D 1137 STL/205,1755623094,1755623104,1183,0,0
1755603570_M..S20R,069950_M..S20R,M,1,1755603570,1M 1139+ CTL/MET,1755622548,1755622554,1090,0,0
1755603660_B..S66R,070100_B..S66R,B,1,1755603660,1B 1141 145/BBC,1755622007,1755622013,1006,0,0
1755603660_FS.N01R,070100_FS.N01R,FS,0,1755603660,1FS 1141 PPK/FKN,1755618494,1755618500,538,0,0
1755603690_FS.S01R,070150_FS.S01R,FS,1,1755603690,1FS 1141+ FKN/PPK,1755618479,1755618485,532,0,0
1755603780_F..N04R,070300_F..N04R,F,0,1755603780,1F 1143 CHU/179,1755623214,1755623224,1151,0,0
1755603810_M..N20R,070350_M..N20R,M,0,1755603810,1M 1143+ MET/CTL,1755629010,1755629020,1919,0,0
1755603810_M..S,070350_M..S,M,1,1755603810,$M 1202 HEW/MET,1755621663,1755621668,93,0,0
1755603870_B..N66R,070450_B..N66R,B,0,1755603870,1B 1144+ BBC/145,1755622133,1755622143,995,0,0
1755603900_D..N07R,070500_D..N07R,D,0,1755603900,1D 1145 STL/205,1755623734,1755623740,1204,0,0
1755603900_D..S07R,070500_D..S07R,D,1,1755603900,1D 1145 BPK/STL,1755623854,1755623860,785,0,0
1755603930_F..S74R,070550_F..S74R,F,1,1755603930,1F 1145+ 179/STL,1755624455,1755624461,1296,0,0
1755604080_B..S65R,070800_B..S65R,B,1,1755604080,1B 1148 BPK/BBC,1755623425,1755623434,1139,0,0
1755604080_D..S07R,070800_D..S07R,D,1,1755604080,1D 1148 205/STL,1755618500,1755618509,483,0,0
1755604080_F..N74X001,070800_F..N74X001,F,0,1755604080,1F 1148 STL/179,1755624410,1755624417,1108,0,0
1755604260_FS.N01R,071100_FS.N01R,FS,0,1755604260,1FS 1151 PPK/FKN,1755619221,1755619229,555,0,0
1755604260_M..S20R,071100_M..S20R,M,1,1755604260,1M 1151 CTL/MET,1755622824,1755622833,852,0,0
1755604290_FS.S01R,071150_FS.S01R,FS,1,1755604290,1FS 1151+ FKN/PPK,1755619221,1755619229,551,0,0
1755604290_M..N20R,071150_M..N20R,M,0,1755604290,1M 1151+ MET/CTL,1755624896,1755624906,1307,1,0
1755604350_B..N65R,071250_B..N65R,B,0,1755604350,1B 1152+ BBC/BPK,1755623389,1755623395,1098,0,0
1755604380_D..N07R,071300_D..N07R,D,0,1755604380,1D 1153 STL/205,1755624776,1755624785,1279,0,0
1755604380_F..S74R,071300_F..S74R,F,1,1755604380,1F 1153 179/STL,1755624950,1755624956,1302,0,0
1755604410_D..S07R,071350_D..S07R,D,1,1755604410,1D 1153+ BPK/STL,1755624417,1755624425,788,0,0
1755604530_D..S07R,071550_D..S07R,D,1,1755604530,1D 1155+ 205/STL,1755618920,1755618929,479,0,0
1755604620_B..S66R,071700_B..S66R,B,1,1755604620,1B 1157 145/BBC,1755623184,1755623194,1035,0,0
1755604680_F..N04R,071800_F..N04R,F,0,1755604680,1F 1158 CHU/179,1755623229,1755623239,1033,0,0
1755604800_F..S04R,072000_F..S04R,F,1,1755604800,1F 1200 179/CHU,1755623314,1755623320,1028,0,0
1755604800_M..N20R,072000_M..N20R,M,0,1755604800,1M 1200 MET/CTL,1755625151,1755625161,1273,0,0
1755604830_B..N66R,072050_B..N66R,B,0,1755604830,1B 1200+ BBC/145,1755623665,1755623674,1071,0,0
1755604860_D..S07R,072100_D..S07R,D,1,1755604860,1D 1201 BPK/STL,1755624851,1755624860,790,0,0
1755604860_FS.N01R,072100_FS.N01R,FS,0,1755604860,1FS 1201 PPK/FKN,1755620506,1755620512,646,0,0
1755604890_D..N07R,072150_D..N07R,D,0,1755604890,1D 1201+ STL/205,1755624851,1755624860,1221,0,0
1755604890_FS.S01R,072150_FS.S01R,FS,1,1755604890,1FS 1201+ FKN/PPK,1755620497,1755620506,641,0,0
1755605010_M..S20R,072350_M..S20R,M,1,1755605010,1M 1203+ CTL/MET,1755623936,1755623945,1083,0,0
1755605040_B..S65R,072400_B..S65R,B,1,1755605040,1B 1204 BPK/BBC,1755624170,1755624176,1110,0,0
1755605130_F..N74X001,072550_F..N74X001,F,0,1755605130,1F 1205+ STL/179,1755626137,1755626142,1360,0,0
1755605220_F..S74R,072700_F..S74R,F,1,1755605220,1F 1207 179/STL,1755625761,1755625767,1298,0,0
1755605280_M..N20R,072800_M..N20R,M,0,1755605280,1M 1208 MET/CTL,1755625296,1755625302,1228,0,0
1755605340_D..S07R,072900_D..S07R,D,1,1755605340,1D 1209 BPK/STL,1755625401,1755625407,804,0,0
1755605400_D..N07R,073000_D..N07R,D,0,1755605400,1D 1210 STL/205,1755625536,1755625542,1244,0,0
1755605430_B..N65R,073050_B..N65R,B,0,1755605430,1B 1210+ BBC/BPK,1755624941,1755624950,819,0,0
1755605460_F..N04R,073100_F..N04R,F,0,1755605460,1F 1211 CHU/179,1755623650,1755623659,985,0,0
1755605460_FS.N01R,073100_FS.N01R,FS,0,1755605460,1FS 1211 PPK/FKN,1755620506,1755620512,566,0,0
1755605490_FS.S01R,073150_FS.S01R,FS,1,1755605490,1FS 1211+ FKN/PPK,1755620497,1755620506,561,0,0
1755605490_M..S20R,073150_M..S20R,M,1,1755605490,1M 1211+ CTL/MET,1755624110,1755624116,1042,0,0
1755605580_B..S66R,073300_B..S66R,B,1,1755605580,1B 1213 145/BBC,1755623770,1755623779,985,0,0
1755605640_F..S74R,073400_F..S74R,F,1,1755605640,1F 1214 179/STL,1755626242,1755626248,1306,0,0
1755605760_M..N20R,073600_M..N20R,M,0,1755605760,1M 1216 MET/CTL,1755625722,1755625731,1221,0,0
1755605790_D..S07R,073650_D..S07R,D,1,1755605790,1D 1216+ BPK/STL,1755625737,1755625746,788,0,0
1755605820_D..N07R,073700_D..N07R,D,0,1755605820,1D 1217 STL/205,1755625641,1755625647,1202,0,0
1755605970_B..S65R,073950_B..S65R,B,1,1755605970,1B 1219+ BPK/BBC,1755625296,1755625302,1136,0,0
1755605970_M..S20R,073950_M..S20R,M,1,1755605970,1M 1219+ CTL/MET,1755624626,1755624635,1047,0,0
1755606030_B..N66R,074050_B..N66R,B,0,1755606030,1B 1220+ BBC/145,1755624206,1755624215,721,0,0
1755606060_FS.N01R,074100_FS.N01R,FS,0,1755606060,1FS 1221 PPK/FKN,1755621503,1755621512,619,0,0
1755606090_F..S04R,074150_F..S04R,F,1,1755606090,1F 1221+ 179/CHU,1755624656,1755624665,1035,0,0
1755606090_FS.S01R,074150_FS.S01R,FS,1,1755606090,1FS 1221+ FKN/PPK,1755621518,1755621527,617,0,0
1755606150_F..N04R,074250_F..N04R,F,0,1755606150,1F 1222+ CHU/179,1755626122,1755626127,1222,0,0
1755606210_F..N74X001,074350_F..N74X001,F,0,1755606210,1F 1223+ STL/179,1755627059,1755627068,995,0,0
1755606240_M..N20R,074400_M..N20R,M,0,1755606240,1M 1224 MET/CTL,1755626052,1755626062,1201,0,0
1755606300_D..N07R,074500_D..N07R,D,0,1755606300,1D 1225 STL/205,1755626278,1755626287,1223,0,0
1755606300_D..S07R,074500_D..S07R,D,1,1755606300,1D 1225 BPK/STL,1755625956,1755625962,743,0,0
1755606300_M..N,074500_M..N,M,0,1755606300,EM 1225 2AV/CTL,1755623545,1755623554,384,0,0
1755606390_D..S07R,074650_D..S07R,D,1,1755606390,1D 1226+ 205/STL,1755620857,1755620866,489,0,0
1755606450_M..S20R,074750_M..S20R,M,1,1755606450,1M 1227+ CTL/MET,1755625116,1755625121,1048,0,0
1755606510_F..S74R,074850_F..S74R,F,1,1755606510,1F 1228+ 179/STL,1755627043,1755627053,1297,0,0
1755606570_B..S66R,074950_B..S66R,B,1,1755606570,1B 1229+ 145/BBC,1755624695,1755624701,976,0,0
1755606630_B..N65R,075050_B..N65R,B,0,1755606630,1B 1230+ BBC/BPK,1755626557,1755626563,1034,0,0
1755606660_FS.N01R,075100_FS.N01R,FS,0,1755606660,1FS 1231 PPK/FKN,1755621503,1755621512,539,0,0
1755606690_D..N07R,075150_D..N07R,D,0,1755606690,1D 1231+ STL/205,1755627023,1755627028,1270,0,0
1755606720_D..S07R,075200_D..S07R,D,1,1755606720,1D 1232 BPK/STL,1755626458,1755626467,746,0,0
1755606720_M..N20R,075200_M..N20R,M,0,1755606720,1M 1232 MET/CTL,1755626242,1755626248,1162,0,0
1755606780_D..S07R,075300_D..S07R,D,1,1755606780,1D 1233 205/STL,1755621188,1755621196,481,0,0
1755606900_F..N04R,075500_F..N04R,F,0,1755606900,1F 1235 CHU/179,1755627059,1755627068,1247,0,0
1755606930_B..S65R,075550_B..S65R,B,1,1755606930,1B 1235+ BPK/BBC,1755626157,1755626167,1123,0,0
1755606930_M..S20R,075550_M..S20R,M,1,1755606930,1M 1235+ CTL/MET,1755625716,1755625722,1064,0,0
1755606990_F..S74R,075650_F..S74R,F,1,1755606990,1F 1236+ 179/STL,1755627659,1755627668,1315,0,0
1755607020_F..N74X001,075700_F..N74X001,F,0,1755607020,1F 1237 STL/179,1755627554,1755627563,1297,0,0
1755607110_D..S07R,075850_D..S07R,D,1,1755607110,1D 1238+ BPK/STL,1755627023,1755627028,777,0,0
1755607140_D..N07R,075900_D..N07R,D,0,1755607140,1D 1239 STL/205,1755628004,1755628014,1341,0,0
1755607200_M..N20R,076000_M..N20R,M,0,1755607200,1M 1240 MET/CTL,1755626422,1755626428,1122,0,0
1755607230_B..N65R,076050_B..N65R,B,0,1755607230,1B 1240+ BBC/BPK,1755626737,1755626743,1160,0,0
1755607230_D..S07R,076050_D..S07R,D,1,1755607230,1D 1240+ 205/STL,1755621623,1755621632,479,0,0
1755607260_FS.N01R,076100_FS.N01R,FS,0,1755607260,1FS 1241 PPK/FKN,1755622503,1755622509,592,0,0
1755607290_FS.S01R,076150_FS.S01R,FS,1,1755607290,1FS 1241+ FKN/PPK,1755622503,1755622509,588,0,0
1755607410_M..S20R,076350_M..S20R,M,1,1755607410,1M 1243+ CTL/MET,1755626317,1755626323,1080,0,0
1755607440_F..S04R,076400_F..S04R,F,1,1755607440,1F 1244 179/CHU,1755626233,1755626242,1065,0,0
1755607500_B..S66R,076500_B..S66R,B,1,1755607500,1B 1245 145/BBC,1755625797,1755625806,999,0,0
1755607560_D..N07R,076600_D..N07R,D,0,1755607560,1D 1246 STL/205,1755628050,1755628059,1291,0,0
1755607560_D..S07R,076600_D..S07R,D,1,1755607560,1D 1246 BPK/STL,1755627698,1755627704,809,0,0
1755607680_M..N20R,076800_M..N20R,M,0,1755607680,1M 1248 MET/CTL,1755627314,1755627323,1177,0,0
1755607710_B..N66R,076850_B..N66R,B,0,1755607710,1B 1248+ BBC/145,1755625917,1755625927,987,0,0
1755607770_D..S07R,076950_D..S07R,D,1,1755607770,1D 1249+ 205/STL,1755622103,1755622112,471,0,0
1755607830_F..N74X001,077050_F..N74X001,F,0,1755607830,1F 1250+ STL/179,1755628260,1755628269,1283,0,0
1755607860_FS.N01R,077100_FS.N01R,FS,0,1755607860,1FS 1251 PPK/FKN,1755623155,1755623164,599,0,0
1755607860_M..S20R,077100_M..S20R,M,1,1755607860,1M 1251 CTL/MET,1755626593,1755626602,1057,0,0
1755607890_B..S65R,077150_B..S65R,B,1,1755607890,1B 1251+ BPK/BBC,1755627098,1755627103,1120,0,0
1755607890_F..S74R,077150_F..S74R,F,1,1755607890,1F 1251+ 179/STL,1755628290,1755628299,1279,0,0
1755607890_FS.S01R,077150_FS.S01R,FS,1,1755607890,1FS 1251+ FKN/PPK,1755623155,1755623164,595,0,0
1755608010_F..N04R,077350_F..N04R,F,0,1755608010,1F 1253+ CHU/179,1755627059,1755627068,1099,0,0
1755608100_D..S07R,077500_D..S07R,D,1,1755608100,1D 1255 BPK/STL,1755628149,1755628155,805,0,0
1755608130_D..N07R,077550_D..N07R,D,0,1755608130,1D 1255+ STL/205,1755628305,1755628314,1249,0,0
1755608190_B..N65R,077650_B..N65R,B,0,1755608190,1B 1256+ BBC/BPK,1755627518,1755627524,1136,0,0
1755608190_M..N20R,077650_M..N20R,M,0,1755608190,1M 1256+ MET/CTL,1755627539,1755627548,1139,0,0
1755608280_F..N74X001,077800_F..N74X001,F,0,1755608280,1F 1258 STL/179,1755628825,1755628830,1298,0,0
1755608340_F..S74R,077900_F..S74R,F,1,1755608340,1F 1259 179/STL,1755629161,1755629170,1335,0,0
1755608460_B..S66R,078100_B..S66R,B,1,1755608460,1B 1301 145/BBC,1755626954,1755626963,1026,0,0
1755608460_FS.N01R,078100_FS.N01R,FS,0,1755608460,1FS 1301 PPK/FKN,1755623290,1755623299,537,0,0
1755608490_FS.S01R,078150_FS.S01R,FS,1,1755608490,1FS 1301+ FKN/PPK,1755623290,1755623299,533,0,0
1755608520_M..S20R,078200_M..S20R,M,1,1755608520,1M 1302 CTL/MET,1755627383,1755627389,692,0,0
1755608640_D..S07R,078400_D..S07R,D,1,1755608640,1D 1304 BPK/STL,1755628584,1755628590,795,0,0
1755608670_B..N66R,078450_B..N66R,B,0,1755608670,1B 1304+ BBC/145,1755627083,1755627088,1015,0,0
1755608670_M..N20R,078450_M..N20R,M,0,1755608670,1M 1304+ MET/CTL,1755627719,1755627728,1099,0,0
1755608700_D..N07R,078500_D..N07R,D,0,1755608700,1D 1305 STL/205,1755628710,1755628719,1227,0,0
1755608790_F..S04R,078650_F..S04R,F,1,1755608790,1F 1306+ 179/CHU,1755627563,1755627569,1062,0,0
1755608820_F..N04R,078700_F..N04R,F,0,1755608820,1F 1307 CHU/179,1755627824,1755627833,1093,0,0
1755608850_B..S65R,078750_B..S65R,B,1,1755608850,1B 1307+ BPK/BBC,1755628800,1755628809,1216,0,0
1755608850_D..S07R,078750_D..S07R,D,1,1755608850,1D 1307+ 205/STL,1755623245,1755623254,480,0,0
1755609060_FS.N01R,079100_FS.N01R,FS,0,1755609060,1FS 1311 PPK/FKN,1755623929,1755623936,542,0,0
1755609090_F..N74X001,079150_F..N74X001,F,0,1755609090,1F 1311+ STL/179,1755629762,1755629771,1316,0,0
1755609090_FS.S01R,079150_FS.S01R,FS,1,1755609090,1FS 1311+ FKN/PPK,1755623915,1755623921,536,0,0
1755609120_B..N65R,079200_B..N65R,B,0,1755609120,1B 1312 BBC/BPK,1755628365,1755628374,1126,0,0
1755609180_D..N07R,079300_D..N07R,D,0,1755609180,1D 1313 STL/205,1755629010,1755629020,1204,0,0
1755609180_D..S07R,079300_D..S07R,D,1,1755609180,1D 1313 BPK/STL,1755629771,1755629776,869,0,0
1755609240_F..S74R,079400_F..S74R,F,1,1755609240,1F 1314 179/STL,1755630251,1755630257,1361,0,0
1755609270_D..S07R,079450_D..S07R,D,1,1755609270,1D 1314+ 205/STL,1755623689,1755623695,483,0,0
1755609270_M..N20R,079450_M..N20R,M,0,1755609270,1M 1314+ MET/CTL,1755628164,1755628170,1078,0,0
1755609330_M..S20R,079550_M..S20R,M,1,1755609330,1M 1315+ CTL/MET,1755627758,1755627764,797,0,0
1755609420_B..S66R,079700_B..S66R,B,1,1755609420,1B 1317 145/BBC,1755628140,1755628149,1056,0,0
1755609450_F..N74X001,079750_F..N74X001,F,0,1755609450,1F 1317+ STL/179,1755630347,1755630356,1346,0,0
1755609600_D..S07R,080000_D..S07R,D,1,1755609600,1D 1320 BPK/STL,1755629771,1755629776,810,0,0
1755609630_B..N66R,080050_B..N66R,B,0,1755609630,1B 1320+ BBC/145,1755627984,1755627989,1007,0,0
1755609660_D..N07R,080100_D..N07R,D,0,1755609660,1D 1321 STL/205,1755629671,1755629680,1228,0,0
1755609660_FS.N01R,080100_FS.N01R,FS,0,1755609660,1FS 1321 PPK/FKN,1755624650,1755624656,559,0,0
1755609690_F..S74R,080150_F..S74R,F,1,1755609690,1F 1321+ 179/STL,1755630467,1755630476,1330,0,0
1755609690_FS.S01R,080150_FS.S01R,FS,1,1755609690,1FS 1321+ FKN/PPK,1755624650,1755624656,555,0,0
1755609780_D..S07R,080300_D..S07R,D,1,1755609780,1D 1323 205/STL,1755624206,1755624215,484,0,0
1755609810_B..S65R,080350_B..S65R,B,1,1755609810,1B 1323+ BPK/BBC,1755629410,1755629416,1173,0,0
1755609810_M..S20R,080350_M..S20R,M,1,1755609810,1M 1323+ CTL/MET,1755628890,1755628900,1085,0,0
1755609870_M..N20R,080450_M..N20R,M,0,1755609870,1M 1324+ MET/CTL,1755628825,1755628830,1087,0,0
1755610050_F..N04R,080750_F..N04R,F,0,1755610050,1F 1327+ CHU/179,1755629665,1755629671,1175,0,0
1755610080_F..S04R,080800_F..S04R,F,1,1755610080,1F 1328 179/CHU,1755628905,1755628915,1070,0,0
1755610110_B..N65R,080850_B..N65R,B,0,1755610110,1B 1328+ BBC/BPK,1755629846,1755629851,1191,0,0
1755610110_D..S07R,080850_D..S07R,D,1,1755610110,1D 1328+ BPK/STL,1755630122,1755630131,788,0,0
1755610170_D..N07R,080950_D..N07R,D,0,1755610170,1D 1329+ STL/205,1755630092,1755630101,1216,0,0
1755610260_F..N74X001,081100_F..N74X001,F,0,1755610260,1F 1331 STL/179,1755630852,1755630857,1305,0,0
1755610260_FS.N01R,081100_FS.N01R,FS,0,1755610260,1FS 1331 PPK/FKN,1755625151,1755625161,546,0,0
1755610290_FS.S01R,081150_FS.S01R,FS,1,1755610290,1FS 1331+ FKN/PPK,1755625151,1755625161,542,0,0
1755610290_M..S20R,081150_M..S20R,M,1,1755610290,1M 1331+ CTL/MET,1755629161,1755629170,1076,0,0
1755610380_B..S66R,081300_B..S66R,B,1,1755610380,1B 1333 145/BBC,1755628770,1755628780,1012,0,0
1755610470_F..S74R,081450_F..S74R,F,1,1755610470,1F 1334+ 179/STL,1755631017,1755631023,1299,0,0
1755610470_M..N20R,081450_M..N20R,M,0,1755610470,1M 1334+ MET/CTL,1755629401,1755629410,1084,0,0
1755610560_D..S07R,081600_D..S07R,D,1,1755610560,1D 1336 BPK/STL,1755630446,1755630452,777,0,0
1755610590_B..N66R,081650_B..N66R,B,0,1755610590,1B 1336+ BBC/145,1755628870,1755628875,997,0,0
1755610620_D..N07R,081700_D..N07R,D,0,1755610620,1D 1337 STL/205,1755630671,1755630677,1233,0,0
1755610680_F..N74X001,081800_F..N74X001,F,0,1755610680,1F 1338 STL/179,1755631473,1755631482,1332,0,0
1755610770_B..S65R,081950_B..S65R,B,1,1755610770,1B 1339+ BPK/BBC,1755631113,1755631122,1272,0,0
1755610770_M..S20R,081950_M..S20R,M,1,1755610770,1M 1339+ CTL/MET,1755629326,1755629335,1034,0,0
1755610830_F..S74R,082050_F..S74R,F,1,1755610830,1F 1340+ 179/STL,1755631392,1755631398,1301,0,0
1755610860_FS.N01R,082100_FS.N01R,FS,0,1755610860,1FS 1341 PPK/FKN,1755633194,1755633200,1537,0,0
1755610890_FS.S01R,082150_FS.S01R,FS,1,1755610890,1FS 1341+ FKN/PPK,1755633194,1755633200,1533,0,0
1755611010_D..S07R,082350_D..S07R,D,1,1755611010,1D 1343+ BPK/STL,1755631017,1755631023,797,0,0
1755611040_D..N07R,082400_D..N07R,D,0,1755611040,1D 1344 STL/205,1755630957,1755630963,1215,0,0
1755611070_B..N65R,082450_B..N65R,B,0,1755611070,1B 1344+ BBC/BPK,1755630251,1755630257,1117,0,0
1755611070_M..N20R,082450_M..N20R,M,0,1755611070,1M 1344+ MET/CTL,1755630011,1755630016,1085,0,0
1755611190_F..N04R,082650_F..N04R,F,0,1755611190,1F 1346+ CHU/179,1755630107,1755630116,1082,0,0
1755611190_F..S04R,082650_F..S04R,F,1,1755611190,1F 1346+ 179/CHU,1755629686,1755629695,1026,0,0
1755611190_M..S20R,082650_M..S20R,M,1,1755611190,1M 1346+ CTL/MET,1755630062,1755630071,1076,0,0
1755611370_B..S66R,082950_B..S66R,B,1,1755611370,1B 1349+ 145/BBC,1755629906,1755629911,1031,0,0
1755611400_D..N07R,083000_D..N07R,D,0,1755611400,1D 1350 STL/205,1755631413,1755631422,1228,0,0
1755611460_FS.N01R,083100_FS.N01R,FS,0,1755611460,1FS 1351 PPK/FKN,1755633230,1755633239,1462,0,0
1755611490_D..S07R,083150_D..S07R,D,1,1755611490,1D 1351+ BPK/STL,1755631488,1755631497,790,0,0
1755611490_FS.S01R,083150_FS.S01R,FS,1,1755611490,1FS 1351+ FKN/PPK,1755633194,1755633200,1453,0,0
1755611520_B..N66R,083200_B..N66R,B,0,1755611520,1B 1352 BBC/145,1755629926,1755629936,1014,0,0
1755611550_F..S74R,083250_F..S74R,F,1,1755611550,1F 1352+ 179/STL,1755632059,1755632068,1294,0,0
1755611550_M..N20R,083250_M..N20R,M,0,1755611550,1M 1352+ MET/CTL,1755630671,1755630677,1109,0,0
1755611670_F..N74X001,083450_F..N74X001,F,0,1755611670,1F 1354+ STL/179,1755632449,1755632458,1330,0,0
1755611730_B..S65R,083550_B..S65R,B,1,1755611730,1B 1355+ BPK/BBC,1755631788,1755631798,1234,0,0
1755611730_M..S20R,083550_M..S20R,M,1,1755611730,1M 1355+ CTL/MET,1755630551,1755630557,1069,0,0
1755611880_D..N07R,083800_D..N07R,D,0,1755611880,1D 1358 STL/205,1755631738,1755631743,1207,0,0
1755611940_F..S04R,083900_F..S04R,F,1,1755611940,1F 1359 179/CHU,1755631437,1755631443,1159,0,0
1755612000_D..S07R,084000_D..S07R,D,1,1755612000,1D 1400 BPK/STL,1755631939,1755631948,784,0,0
1755612030_B..N65R,084050_B..N65R,B,0,1755612030,1B 1400+ BBC/BPK,1755631293,1755631302,1128,0,0
1755612030_M..N20R,084050_M..N20R,M,0,1755612030,1M 1400+ MET/CTL,1755630872,1755630882,1072,0,0
1755612210_M..S20R,084350_M..S20R,M,1,1755612210,1M 1403+ CTL/MET,1755631593,1755631602,1144,0,0
1755612240_B..S66R,084400_B..S66R,B,1,1755612240,1B 1404 145/BBC,1755630977,1755630987,1058,0,0
1755612330_F..S74R,084550_F..S74R,F,1,1755612330,1F 1405+ 179/STL,1755632899,1755632909,1302,0,0
1755612450_D..N07R,084750_D..N07R,D,0,1755612450,1D 1407+ STL/205,1755632509,1755632518,1234,0,0
1755612450_F..N74X001,084750_F..N74X001,F,0,1755612450,1F 1407+ STL/179,1755632999,1755633005,1299,0,0
1755612480_D..S07R,084800_D..S07R,D,1,1755612480,1D 1408 BPK/STL,1755632654,1755632659,755,0,0
1755612510_B..N66R,084850_B..N66R,B,0,1755612510,1B 1408+ BBC/145,1755630948,1755630957,1018,0,0
1755612510_F..N04R,084850_F..N04R,F,0,1755612510,1F 1408+ CHU/179,1755632053,1755632059,1165,0,0
1755612510_M..N20R,084850_M..N20R,M,0,1755612510,1M 1408+ MET/CTL,1755631368,1755631377,1074,0,0
1755612690_B..S65R,085150_B..S65R,B,1,1755612690,1B 1411+ BPK/BBC,1755632254,1755632263,1168,0,0
1755612690_M..S20R,085150_M..S20R,M,1,1755612690,1M 1411+ CTL/MET,1755631593,1755631602,1080,0,0
1755612870_F..S74R,085450_F..S74R,F,1,1755612870,1F 1414+ 179/STL,1755633539,1755633545,1315,1,0
1755612930_D..S07R,085550_D..S07R,D,1,1755612930,1D 1415+ BPK/STL,1755632954,1755632959,747,0,2
1755612960_B..N65R,085600_B..N65R,B,0,1755612960,1B 1416 BBC/BPK,1755632479,1755632488,1162,0,0
1755612990_D..S07R,085650_D..S07R,D,1,1755612990,1D 1416+ 205/STL,1755627479,1755627488,492,0,0
1755612990_M..N20R,085650_M..N20R,M,0,1755612990,1M 1416+ MET/CTL,1755631978,1755631983,1091,0,0
1755613020_D..N07R,085700_D..N07R,D,0,1755613020,1D 1417 STL/205,1755632869,1755632879,1206,0,0
1755613050_F..N74X001,085750_F..N74X001,F,0,1755613050,1F 1417+ STL/179,1755634380,1755634386,1401,0,0
1755613170_M..S20R,085950_M..S20R,M,1,1755613170,1M 1419+ CTL/MET,1755631918,1755631923,1059,0,0
1755613290_B..S66R,086150_B..S66R,B,1,1755613290,1B 1421+ 145/BBC,1755631458,1755631467,982,0,0
1755613320_D..S07R,086200_D..S07R,D,1,1755613320,1D 1422 BPK/STL,1755633419,1755633425,791,0,0
1755613320_F..N04R,086200_F..N04R,F,0,1755613320,1F 1422 CHU/179,1755632659,1755632668,1138,1,0
1755613320_F..N73X001,086200_F..N73X001,F,0,1755613320,1F 1422 KHY/179,1755633395,1755633404,1236,0,0
1755613320_F..S74R,086200_F..S74R,F,1,1755613320,1F 1422 179/STL,1755633635,1755633645,1268,0,0
1755613470_M..N20R,086450_M..N20R,M,0,1755613470,1M 1424+ MET/CTL,1755632218,1755632224,1059,0,0
1755613500_D..N07R,086500_D..N07R,D,0,1755613500,1D 1425 STL/205,1755633380,1755633389,1210,0,0
1755613560_B..N66R,086600_B..N66R,B,0,1755613560,1B 1426 BBC/145,1755631773,1755631783,609,0,0
1755613560_D..S07R,086600_D..S07R,D,1,1755613560,1D 1426 205/STL,1755628019,1755628029,488,0,0
1755613620_M..S20R,086700_M..S20R,M,1,1755613620,1M 1427 CTL/MET,1755632509,1755632518,1078,0,0
1755613710_B..S65R,086850_B..S65R,B,1,1755613710,1B 1428+ BPK/BBC,1755633575,1755633585,1208,0,0
1755613710_F..S74R,086850_F..S74R,F,1,1755613710,1F 1428+ 179/STL,1755634296,1755634305,1304,1,0
1755613740_F..N74X001,086900_F..N74X001,F,0,1755613740,1F 1429 STL/179,1755634440,1755634446,1319,0,0
1755613890_D..S07R,087150_D..S07R,D,1,1755613890,1D 1431+ BPK/STL,1755633981,1755633990,794,0,0
1755613980_D..N07R,087300_D..N07R,D,0,1755613980,1D 1433 STL/205,1755633800,1755633810,1202,0,0
1755613980_D..S07R,087300_D..S07R,D,1,1755613980,1D 1433 205/STL,1755628464,1755628470,491,0,0
1755614070_M..N20R,087450_M..N20R,M,0,1755614070,1M 1434+ MET/CTL,1755632699,1755632704,1043,0,0
1755614100_F..S74R,087500_F..S74R,F,1,1755614100,1F 1435 179/STL,1755634440,1755634446,1271,0,0
1755614100_M..S20R,087500_M..S20R,M,1,1755614100,1M 1435 CTL/MET,1755633059,1755633065,1087,0,0
1755614160_B..N65R,087600_B..N65R,B,0,1755614160,1B 1436 BBC/BPK,1755633350,1755633359,819,0,0
1755614220_B..S66R,087700_B..S66R,B,1,1755614220,1B 1437 145/BBC,1755639416,1755639426,1918,0,0
1755614310_D..S07R,087850_D..S07R,D,1,1755614310,1D 1438+ BPK/STL,1755634461,1755634470,799,0,0
1755614340_F..N74X001,087900_F..N74X001,F,0,1755614340,1F 1439 STL/179,1755634861,1755634866,1295,0,0
1755614460_D..N07R,088100_D..N07R,D,0,1755614460,1D 1441 STL/205,1755634380,1755634386,1215,0,0
1755614460_D..S07R,088100_D..S07R,D,1,1755614460,1D 1441 205/STL,1755629100,1755629110,512,0,0
1755614520_F..S74R,088200_F..S74R,F,1,1755614520,1F 1442 179/STL,1755634717,1755634726,1252,0,0
1755614580_M..S20R,088300_M..S20R,M,1,1755614580,1M 1443 CTL/MET,1755633374,1755633380,1065,0,0
1755614610_B..S65R,088350_B..S65R,B,1,1755614610,1B 1443+ BPK/BBC,1755634161,1755634170,1166,0,0
1755614670_M..N20R,088450_M..N20R,M,0,1755614670,1M 1444+ MET/CTL,1755633560,1755633569,1078,0,0
1755614730_F..N04R,088550_F..N04R,F,0,1755614730,1F 1445+ CHU/179,1755633935,1755633945,1120,0,0
1755614760_B..N66R,088600_B..N66R,B,0,1755614760,1B 1446 BBC/145,1755632699,1755632704,732,0,0
1755614790_D..S07R,088650_D..S07R,D,1,1755614790,1D 1446+ BPK/STL,1755634846,1755634852,765,0,0
1755614940_D..N07R,088900_D..N07R,D,0,1755614940,1D 1449 STL/205,1755635146,1755635152,1253,0,0
1755614970_D..S07R,088950_D..S07R,D,1,1755614970,1D 1449+ 205/STL,1755629350,1755629356,477,0,0
1755614970_F..N74X001,088950_F..N74X001,F,0,1755614970,1F 1449+ STL/179,1755635302,1755635311,1270,0,0
1755614970_F..S74R,088950_F..S74R,F,1,1755614970,1F 1449+ 179/STL,1755635462,1755635467,1291,0,0
1755614970_M..S20R,088950_M..S20R,M,1,1755614970,1M 1449+ CTL/MET,1755633735,1755633740,1061,0,0
1755615180_B..S66R,089300_B..S66R,B,1,1755615180,1B 1453 145/BBC,1755633900,1755633905,1055,0,0
1755615270_M..N20R,089450_M..N20R,M,0,1755615270,1M 1454+ MET/CTL,1755633861,1755633870,1038,0,0
1755615300_D..S07R,089500_D..S07R,D,1,1755615300,1D 1455 BPK/STL,1755635257,1755635266,787,0,0
1755615330_D..N07R,089550_D..N07R,D,0,1755615330,1D 1455+ STL/205,1755636008,1755636017,1316,0,0
1755615360_B..N65R,089600_B..N65R,B,0,1755615360,1B 1456 BBC/BPK,1755634521,1755634530,1114,0,0
1755615510_D..S07R,089850_D..S07R,D,1,1755615510,1D 1458+ 205/STL,1755630086,1755630092,503,0,0
1755615510_F..N04R,089850_F..N04R,F,0,1755615510,1F 1458+ CHU/179,1755634746,1755634756,1124,0,0
1755615510_F..S73R,089850_F..S73R,F,1,1755615510,1F 1458+ 179/KHY,1755635281,1755635287,1195,0,0
1755615540_F..N74X001,089900_F..N74X001,F,0,1755615540,1F 1459 STL/179,1755635707,1755635717,1248,0,0
1755615540_M..S20R,089900_M..S20R,M,1,1755615540,1M 1459 CTL/MET,1755634536,1755634546,1092,0,0
1755615570_B..S65R,089950_B..S65R,B,1,1755615570,1B 1459+ BPK/BBC,1755634881,1755634891,1134,0,0
1755615840_D..S07R,090400_D..S07R,D,1,1755615840,1D 1504 BPK/STL,1755635542,1755635552,727,0,0
1755615870_B..N65R,090450_B..N65R,B,0,1755615870,1B 1504+ BBC/BPK,1755635086,1755635092,1121,0,0
1755615870_D..N14R,090450_D..N14R,D,0,1755615870,1D 1504+ STL/205,1755635567,1755635572,1185,0,0
1755615870_M..N20R,090450_M..N20R,M,0,1755615870,1M 1504+ MET/CTL,1755634836,1755634846,1088,0,0
1755615960_F..S74R,090600_F..S74R,F,1,1755615960,1F 1506 179/STL,1755636503,1755636512,1298,0,0
1755615960_M..S20R,090600_M..S20R,M,1,1755615960,1M 1506 CTL/MET,1755634717,1755634726,1060,0,0
1755616230_B..N65R,091050_B..N65R,B,0,1755616230,1B 1510+ BBC/BPK,1755635662,1755635672,1150,0,0
1755616320_B..S66R,091200_B..S66R,B,1,1755616320,1B 1512 145/BBC,1755634476,1755634485,980,0,0
1755616320_F..N74X001,091200_F..N74X001,F,0,1755616320,1F 1512 STL/179,1755637353,1755637359,1363,0,0
1755616350_M..N20R,091250_M..N20R,M,0,1755616350,1M 1512+ MET/CTL,1755635197,1755635206,1072,0,0
1755616380_D..N14R,091300_D..N14R,D,0,1755616380,1D 1513 STL/205,1755636308,1755636317,1216,0,0
1755616380_D..S07R,091300_D..S07R,D,1,1755616380,1D 1513 BPK/STL,1755635918,1755635927,718,0,0
1755616380_M..S20R,091300_M..S20R,M,1,1755616380,1M 1513 CTL/MET,1755635963,1755635972,1170,0,0
1755616410_F..S74R,091350_F..S74R,F,1,1755616410,1F 1513+ 179/STL,1755636744,1755636753,1270,2,0
1755616530_B..S65R,091550_B..S65R,B,1,1755616530,1B 1515+ BPK/BBC,1755635888,1755635897,1140,0,0
1755616560_D..S07R,091600_D..S07R,D,1,1755616560,1D 1516 205/STL,1755631137,1755631143,503,0,0
1755616590_F..N04R,091650_F..N04R,F,0,1755616590,1F 1516+ CHU/179,1755635903,1755635912,1134,0,0
1755616650_F..N73R,091750_F..N73R,F,0,1755616650,1F 1517+ KHY/179,1755636428,1755636437,1196,0,0
1755616710_B..N65R,091850_B..N65R,B,0,1755616710,1B 1518+ BBC/BPK,1755636068,1755636077,1140,0,0
1755616740_F..N74R,091900_F..N74R,F,0,1755616740,1F 1519 STL/179,1755637428,1755637434,1317,0,0
1755616830_M..N20R,092050_M..N20R,M,0,1755616830,1M 1520+ MET/CTL,1755635747,1755635752,1081,0,0
1755616860_D..N14R,092100_D..N14R,D,0,1755616860,1D 1521 STL/205,1755636633,1755636638,1195,0,0
1755616890_D..S07R,092150_D..S07R,D,1,1755616890,1D 1521+ BPK/STL,1755636428,1755636437,705,0,0
1755616890_F..S73R,092150_F..S73R,F,1,1755616890,1F 1521+ 179/KHY,1755636608,1755636618,1188,0,0
1755617010_D..S07R,092350_D..S07R,D,1,1755617010,1D 1523+ 205/STL,1755631413,1755631422,480,0,0
1755617010_M..S20R,092350_M..S20R,M,1,1755617010,1M 1523+ CTL/MET,1755635963,1755635972,1086,0,0
1755617100_B..S66R,092500_B..S66R,B,1,1755617100,1B 1525 145/BBC,1755635506,1755635512,1013,0,0
1755617100_F..N74R,092500_F..N74R,F,0,1755617100,1F 1525 STL/179,1755637549,1755637554,1285,0,0
1755617220_F..S74R,092700_F..S74R,F,1,1755617220,1F 1527 179/STL,1755637849,1755637855,1309,1,0
1755617250_B..N65R,092750_B..N65R,B,0,1755617250,1B 1527+ BBC/BPK,1755636713,1755636723,1155,0,0
1755617310_M..N20R,092850_M..N20R,M,0,1755617310,1M 1528+ MET/CTL,1755636047,1755636053,1057,0,0
1755617340_D..N14R,092900_D..N14R,D,0,1755617340,1D 1529 STL/205,1755636894,1755636903,1166,0,0
1755617340_D..S07R,092900_D..S07R,D,1,1755617340,1D 1529 BPK/STL,1755637134,1755637143,762,0,0
1755617490_M..S20R,093150_M..S20R,M,1,1755617490,1M 1531+ CTL/MET,1755636407,1755636413,1081,0,0
1755617520_F..S73R,093200_F..S73R,F,1,1755617520,1F 1532 179/KHY,1755637524,1755637534,1226,0,0
1755617550_B..S65R,093250_B..S65R,B,1,1755617550,1B 1532+ BPK/BBC,1755637254,1755637264,1187,0,0
1755617730_B..N65R,093550_B..N65R,B,0,1755617730,1B 1535+ BBC/BPK,1755637534,1755637539,1200,0,0
1755617760_D..S07R,093600_D..S07R,D,1,1755617760,1D 1536 BPK/STL,1755637473,1755637479,762,0,0
1755617760_F..N74R,093600_F..N74R,F,0,1755617760,1F 1536 STL/179,1755637834,1755637840,1236,0,0
1755617790_M..N20R,093650_M..N20R,M,0,1755617790,1M 1536+ MET/CTL,1755636543,1755636549,1060,0,0
1755617820_D..N14R,093700_D..N14R,D,0,1755617820,1D 1537 STL/205,1755638350,1755638359,1297,0,0
1755617850_F..N04R,093750_F..N04R,F,0,1755617850,1F 1537+ CHU/179,1755637413,1755637419,1168,0,0
1755618030_M..S20R,094050_M..S20R,M,1,1755618030,1M 1540+ CTL/MET,1755636683,1755636693,1047,0,0
1755618060_FS.N01R,094100_FS.N01R,FS,0,1755618060,1FS 1541 PPK/FKN,1755633981,1755633990,683,0,0
1755618075_F..S74R,094125_F..S74R,F,1,1755618075,1F 1541 179/STL,1755638269,1755638275,836,0,0
1755618090_B..S66R,094150_B..S66R,B,1,1755618090,1B 1541+ 145/BBC,1755636188,1755636197,973,0,0
1755618090_F..N73R,094150_F..N73R,F,0,1755618090,1F 1541+ KHY/179,1755637735,1755637744,1179,0,0
1755618090_FS.S01R,094150_FS.S01R,FS,1,1755618090,1FS 1541+ FKN/PPK,1755633479,1755633485,612,0,0
1755618180_D..S07R,094300_D..S07R,D,1,1755618180,1D 1543 BPK/STL,1755637909,1755637915,755,0,0
1755618180_F..N74R,094300_F..N74R,F,0,1755618180,1F 1543 STL/179,1755638134,1755638140,1220,0,0
1755618270_M..N20R,094450_M..N20R,M,0,1755618270,1M 1544+ MET/CTL,1755637248,1755637254,1090,0,0
1755618360_D..N14R,094600_D..N14R,D,0,1755618360,1D 1546 STL/205,1755638570,1755638575,1254,0,0
1755618390_B..N65R,094650_B..N65R,B,0,1755618390,1B 1546+ BBC/BPK,1755637870,1755637879,1157,0,0
1755618420_M..S20R,094700_M..S20R,M,1,1755618420,1M 1547 CTL/MET,1755637104,1755637113,1051,0,0
1755618450_B..S65R,094750_B..S65R,B,1,1755618450,1B 1547+ BPK/BBC,1755637894,1755637900,1152,0,0
1755618630_F..S73R,095050_F..S73R,F,1,1755618630,1F 1550+ 179/KHY,1755638074,1755638080,1152,0,0
1755618660_FS.N01R,095100_FS.N01R,FS,0,1755618660,1FS 1551 PPK/FKN,1755634666,1755634671,694,0,0
1755618720_D..S07R,095200_D..S07R,D,1,1755618720,1D 1552 BPK/STL,1755638494,1755638500,757,0,0
1755618720_F..N74R,095200_F..N74R,F,0,1755618720,1F 1552 STL/179,1755638831,1755638840,1241,0,0
1755618750_M..N20R,095250_M..N20R,M,0,1755618750,1M 1552+ MET/CTL,1755637374,1755637384,1043,0,0
1755618840_D..N14R,095400_D..N14R,D,0,1755618840,1D 1554 STL/205,1755639056,1755639065,1255,0,0
1755618930_M..S20R,095550_M..S20R,M,1,1755618930,1M 1555+ CTL/MET,1755637795,1755637804,1075,0,0
1755618990_B..N65R,095650_B..N65R,B,0,1755618990,1B 1556+ BBC/BPK,1755638455,1755638465,1155,0,0
1755619020_B..S66R,095700_B..S66R,B,1,1755619020,1B 1557 145/BBC,1755637434,1755637444,1015,0,0
1755619050_F..N73R,095750_F..N73R,F,0,1755619050,1F 1557+ KHY/179,1755638215,1755638224,1115,0,0
1755619110_F..S74R,095850_F..S74R,F,1,1755619110,1F 1558+ 179/STL,1755639146,1755639155,1231,0,0
1755619140_B..S65R,095900_B..S65R,B,1,1755619140,1B 1559 BPK/BBC,1755638389,1755638395,1126,0,0
1755619200_F..N74R,096000_F..N74R,F,0,1755619200,1F 1600 STL/179,1755639191,1755639200,1225,0,0
1755619230_M..N20R,096050_M..N20R,M,0,1755619230,1M 1600+ MET/CTL,1755638494,1755638500,1128,0,0
1755619260_D..S07R,096100_D..S07R,D,1,1755619260,1D 1601 BPK/STL,1755638815,1755638825,725,0,0
1755619350_F..S73R,096250_F..S73R,F,1,1755619350,1F 1602+ 179/KHY,1755638906,1755638915,1167,0,0
1755619380_D..N14R,096300_D..N14R,D,0,1755619380,1D 1603 STL/205,1755639266,1755639275,1211,0,0
1755619530_F..N73R,096550_F..N73R,F,0,1755619530,1F 1605+ KHY/179,1755638935,1755638945,1147,0,0
1755619566_M..S20R,096611_M..S20R,M,1,1755619566,1M 1606 CTL/MET,1755638635,1755638645,663,0,0
1755619590_B..N65R,096650_B..N65R,B,0,1755619590,1B 1606+ BBC/BPK,1755639101,1755639110,1161,0,0
1755619590_F..S74R,096650_F..S74R,F,1,1755619590,1F 1606+ 179/STL,1755639686,1755639696,1207,0,0
1755619620_F..N74R,096700_F..N74R,F,0,1755619620,1F 1607 STL/179,1755639591,1755639596,1222,0,0
1755619710_D..S07R,096850_D..S07R,D,1,1755619710,1D 1608+ BPK/STL,1755639356,1755639366,751,0,0
1755619710_M..N20R,096850_M..N20R,M,0,1755619710,1M 1608+ MET/CTL,1755638935,1755638945,1123,0,0
1755619800_B..S65R,097000_B..S65R,B,1,1755619800,1B 1610 BPK/BBC,1755639731,1755639741,1130,0,0
1755619830_D..N14R,097050_D..N14R,D,0,1755619830,1D 1610+ STL/205,1755639521,1755639531,1185,0,0
1755619830_F..S73R,097050_F..S73R,F,1,1755619830,1F 1610+ 179/KHY,1755640122,1755640131,1265,0,0
1755619860_B..N65R,097100_B..N65R,B,0,1755619860,1B 1611 BBC/BPK,1755639681,1755639686,1202,0,0
1755619980_D..S07R,097300_D..S07R,D,1,1755619980,1D 1613 BPK/STL,1755639876,1755639881,750,0,0
1755620010_F..N73R,097350_F..N73R,F,0,1755620010,1F 1613+ KHY/179,1755639431,1755639441,1149,0,0
1755620100_F..N74R,097500_F..N74R,F,0,1755620100,1F 1615 STL/179,1755640281,1755640287,1250,0,0
1755620160_M..N20R,097600_M..N20R,M,0,1755620160,1M 1616 MET/CTL,1755638951,1755638960,1065,0,0
1755620220_B..N65R,097700_B..N65R,B,0,1755620220,1B 1617 BBC/BPK,1755639876,1755639881,1180,0,0
1755620220_D..N14R,097700_D..N14R,D,0,1755620220,1D 1617 STL/205,1755640122,1755640131,1213,0,0
1755620280_F..S74R,097800_F..S74R,F,1,1755620280,1F 1618 179/STL,1755640161,1755640167,1210,0,0
1755620310_M..S20R,097850_M..S20R,M,1,1755620310,1M 1618+ CTL/MET,1755639026,1755639035,1047,0,0
1755620400_D..S07R,098000_D..S07R,D,1,1755620400,1D 1620 BPK/STL,1755640296,1755640302,764,0,0
1755620430_D..S07R,098050_D..S07R,D,1,1755620430,1D 1620+ 205/STL,1755640722,1755640732,1265,0,0
1755620490_F..N73R,098150_F..N73R,F,0,1755620490,1F 1621+ KHY/179,1755639891,1755639897,1146,0,0
1755620520_F..S73R,098200_F..S73R,F,1,1755620520,1F 1622 179/KHY,1755640122,1755640131,1173,0,0
1755620580_B..S65R,098300_B..S65R,B,1,1755620580,1B 1623 BPK/BBC,1755640017,1755640026,1151,0,0
1755620580_F..N74R,098300_F..N74R,F,0,1755620580,1F 1623 STL/179,1755640692,1755640702,1241,0,0
1755620610_D..N14R,098350_D..N14R,D,0,1755620610,1D 1623+ STL/205,1755640392,1755640402,1197,0,0
1755620670_D..S07R,098450_D..S07R,D,1,1755620670,1D 1624+ 205/STL,1755635221,1755635227,500,0,0
1755620670_M..N20R,098450_M..N20R,M,0,1755620670,1M 1624+ MET/CTL,1755639536,1755639546,1075,0,0
1755620760_F..S72R,098600_F..S72R,FX,1,1755620760,1FX 1626 179/STL,1755640777,1755640783,1228,0,0
1755620790_M..S20R,098650_M..S20R,M,1,1755620790,1M 1626+ CTL/MET,1755639371,1755639380,1037,0,0
1755620910_B..N65R,098850_B..N65R,B,0,1755620910,1B 1628+ BBC/BPK,1755640452,1755640462,1165,0,0
1755620970_D..N14R,098950_D..N14R,D,0,1755620970,1D 1629+ STL/205,1755640752,1755640762,1197,0,0
1755620970_F..N73R,098950_F..N73R,F,0,1755620970,1F 1629+ KHY/179,1755640422,1755640432,1153,0,0
1755621000_D..S07R,099000_D..S07R,D,1,1755621000,1D 1630 BPK/STL,1755641143,1755641152,789,0,0
1755621000_F..S73R,099000_F..S73R,F,1,1755621000,1F 1630 179/KHY,1755640762,1755640767,1194,0,0
1755621030_D..S07R,099050_D..S07R,D,1,1755621030,1D 1630+ 205/STL,1755635407,1755635416,477,0,0
1755621060_F..N74R,099100_F..N74R,F,0,1755621060,1F 1631 STL/179,1755641383,1755641392,1254,0,0
1755621060_FS.N01R,099100_FS.N01R,FS,0,1755621060,1FS 1631 PPK/FKN,1755636563,1755636573,627,0,0
1755621120_B..S65R,099200_B..S65R,B,1,1755621120,1B 1632 BPK/BBC,1755640477,1755640482,1140,0,0
1755621150_M..N20R,099250_M..N20R,M,0,1755621150,1M 1632+ MET/CTL,1755640176,1755640182,1096,0,0
1755621270_M..S20R,099450_M..S20R,M,1,1755621270,1M 1634+ CTL/MET,1755639912,1755639921,1045,0,0
1755621330_D..N14R,099550_D..N14R,D,0,1755621330,1D 1635+ STL/205,1755641458,1755641468,1243,0,0
1755621360_D..S07R,099600_D..S07R,D,1,1755621360,1D 1636 BPK/STL,1755641773,1755641783,848,0,0
1755621420_B..N65R,099700_B..N65R,B,0,1755621420,1B 1637 BBC/BPK,1755640993,1755641002,1169,0,0
1755621450_F..N73R,099750_F..N73R,F,0,1755621450,1F 1637+ KHY/179,1755641197,1755641203,1192,0,0
1755621450_F..S74R,099750_F..S74R,F,1,1755621450,1F 1637+ 179/STL,1755641578,1755641588,1243,0,0
1755621540_B..S65R,099900_B..S65R,B,1,1755621540,1B 1639 BPK/BBC,1755640702,1755640707,1114,0,0
1755621540_F..N74R,099900_F..N74R,F,0,1755621540,1F 1639 STL/179,1755641683,1755641693,1245,0,0
1755621630_M..N20R,100050_M..N20R,M,0,1755621630,1M 1640+ MET/CTL,1755641053,1755641062,1149,0,0
1755621660_FS.N01R,100100_FS.N01R,FS,0,1755621660,1FS 1641 PPK/FKN,1755636579,1755636588,549,0,0
1755621690_FS.S01R,100150_FS.S01R,FS,1,1755621690,1FS 1641+ FKN/PPK,1755636563,1755636573,543,0,0
1755621750_F..S73R,100250_F..S73R,F,1,1755621750,1F 1642+ 179/KHY,1755641518,1755641528,1195,0,0
1755621780_D..S07R,100300_D..S07R,D,1,1755621780,1D 1643 BPK/STL,1755642119,1755642128,818,0,0
1755621780_M..S20R,100300_M..S20R,M,1,1755621780,1M 1643 CTL/MET,1755640942,1755640948,1114,0,0
1755621840_D..N14R,100400_D..N14R,D,0,1755621840,1D 1644 STL/205,1755641803,1755641813,1221,0,0
1755622080_F..S74R,100800_F..S74R,F,1,1755622080,1F 1648 179/STL,1755641939,1755641948,1207,0,0
1755622080_M..N20R,100800_M..N20R,M,0,1755622080,1M 1648 MET/CTL,1755642104,1755642113,1227,0,0
1755622110_B..N65R,100850_B..N65R,B,0,1755622110,1B 1648+ BBC/BPK,1755641663,1755641668,1166,0,0
1755622110_B..S65R,100850_B..S65R,B,1,1755622110,1B 1648+ BPK/BBC,1755641558,1755641563,940,0,0
1755622159_F..N74R,100933_F..N74R,F,0,1755622159,1F 1649 STL/179,1755642464,1755642473,965,0,0
1755622170_D..S07R,100950_D..S07R,D,1,1755622170,1D 1649+ BPK/STL,1755642299,1755642308,798,0,0
1755622290_FS.S01R,101150_FS.S01R,FS,1,1755622290,1FS 1651+ FKN/PPK,1755636789,1755636798,493,0,0
1755622290_M..S20R,101150_M..S20R,M,1,1755622290,1M 1651+ CTL/MET,1755640942,1755640948,1046,0,0
1755622350_D..N14R,101250_D..N14R,D,0,1755622350,1D 1652+ STL/205,1755642323,1755642329,1222,0,0
1755622380_F..S73R,101300_F..S73R,F,1,1755622380,1F 1653 179/KHY,1755641864,1755641873,1157,0,0
1755622410_F..N73R,101350_F..N73R,F,0,1755622410,1F 1653+ KHY/179,1755642158,1755642164,1192,0,0
1755622470_D..S07R,101450_D..S07R,D,1,1755622470,1D 1654+ BPK/STL,1755642704,1755642714,810,0,0
1755622590_M..N20R,101650_M..N20R,M,0,1755622590,1M 1656+ MET/CTL,1755642254,1755642263,1181,0,0
1755622620_B..N65R,101700_B..N65R,B,0,1755622620,1B 1657 BBC/BPK,1755642074,1755642083,1153,0,0
1755622650_B..S65R,101750_B..S65R,B,1,1755622650,1B 1657+ BPK/BBC,1755642044,1755642053,1145,0,0
1755622680_F..S72R,101800_F..S72R,FX,1,1755622680,1FX 1658 179/STL,1755642519,1755642524,1204,0,0
1755622779_F..N74R,101966_F..N74R,F,0,1755622779,1F 1659+ STL/179,1755642824,1755642834,1013,0,0
1755622800_B..S65R,102000_B..S65R,B,1,1755622800,1B 1700 BPK/BBC,1755642323,1755642329,1163,0,0
1755622830_D..N14R,102050_D..N14R,D,0,1755622830,1D 1700+ STL/205,1755642689,1755642699,1207,0,0
1755622860_FS.N01R,102100_FS.N01R,FS,0,1755622860,1FS 1701 PPK/FKN,1755638185,1755638194,603,0,0
1755622890_F..N73R,102150_F..N73R,F,0,1755622890,1F 1701+ KHY/179,1755642729,1755642734,1204,0,0
1755622890_FS.S01R,102150_FS.S01R,FS,1,1755622890,1FS 1701+ FKN/PPK,1755638185,1755638194,599,0,0
1755622950_D..S07R,102250_D..S07R,D,1,1755622950,1D 1702+ BPK/STL,1755643320,1755643329,841,0,0
1755622950_M..S20R,102250_M..S20R,M,1,1755622950,1M 1702+ CTL/MET,1755641518,1755641528,1035,0,0
1755622980_F..S74R,102300_F..S74R,F,1,1755622980,1F 1703 179/STL,1755643029,1755643035,1232,0,0
1755623250_B..S65R,102750_B..S65R,B,1,1755623250,1B 1707+ BPK/BBC,1755642990,1755642999,1192,0,0
1755623250_D..N14R,102750_D..N14R,D,0,1755623250,1D 1707+ STL/205,1755642984,1755642990,1191,0,0
1755623280_F..S73R,102800_F..S73R,F,1,1755623280,1F 1708 179/KHY,1755642674,1755642684,1146,0,0
1755623280_M..N20R,102800_M..N20R,M,0,1755623280,1M 1708 MET/CTL,1755642699,1755642704,788,0,0
1755623340_B..N65R,102900_B..N65R,B,0,1755623340,1B 1709 BBC/BPK,1755642779,1755642789,1152,0,0
1755623370_M..S20R,102950_M..S20R,M,1,1755623370,1M 1709+ CTL/MET,1755641978,1755641984,1040,0,0
1755623400_F..N74R,103000_F..N74R,F,0,1755623400,1F 1710 STL/179,1755643771,1755643780,1276,0,0
1755623430_F..N73R,103050_F..N73R,F,0,1755623430,1F 1710+ KHY/179,1755643344,1755643350,1215,0,0
1755623460_FS.N01R,103100_FS.N01R,FS,0,1755623460,1FS 1711 PPK/FKN,1755638194,1755638200,524,0,0
1755623490_FS.S01R,103150_FS.S01R,FS,1,1755623490,1FS 1711+ FKN/PPK,1755638185,1755638194,519,0,0
1755623520_D..S07R,103200_D..S07R,D,1,1755623520,1D 1712 BPK/STL,1755643740,1755643750,792,0,0
1755623580_F..S74R,103300_F..S74R,F,1,1755623580,1F 1713 179/STL,1755643930,1755643936,1273,0,0
1755623700_D..N14R,103500_D..N14R,D,0,1755623700,1D 1715 STL/205,1755643284,1755643290,1171,0,0
1755623760_B..S65R,103600_B..S65R,B,1,1755623760,1B 1716 BPK/BBC,1755643344,1755643350,1171,0,0
1755623760_D..S09R,103600_D..S09R,D,1,1755623760,1D 1716 205/STL,1755638209,1755638215,487,0,0
1755623880_F..S73R,103800_F..S73R,F,1,1755623880,1F 1718 179/KHY,1755643290,1755643299,1148,0,0
1755623910_B..N65R,103850_B..N65R,B,0,1755623910,1B 1718+ BBC/BPK,1755643846,1755643855,1218,0,0
1755624030_F..N74R,104050_F..N74R,F,0,1755624030,1F 1720+ STL/179,1755644110,1755644116,1237,0,0
1755624030_M..N20R,104050_M..N20R,M,0,1755624030,1M 1720+ MET/CTL,1755643705,1755643710,1183,0,0
1755624030_M..S20R,104050_M..S20R,M,1,1755624030,1M 1720+ CTL/MET,1755642864,1755642870,1071,0,0
1755624090_D..S09R,104150_D..S09R,D,1,1755624090,1D 1721+ BPK/STL,1755644170,1755644176,794,0,0
1755624180_F..S74R,104300_F..S74R,F,1,1755624180,1F 1723 179/STL,1755644626,1755644636,1286,0,0
1755624240_F..N73R,104400_F..N73R,F,0,1755624240,1F 1724 KHY/179,1755643825,1755643830,1171,0,0
1755624270_D..N14R,104450_D..N14R,D,0,1755624270,1D 1724+ STL/205,1755644161,1755644170,1212,0,0
1755624330_B..S65R,104550_B..S65R,B,1,1755624330,1B 1725+ BPK/BBC,1755643765,1755643771,1151,0,0
1755624360_M..S20R,104600_M..S20R,M,1,1755624360,1M 1726 CTL/MET,1755643050,1755643059,1052,0,0
1755624480_F..S73R,104800_F..S73R,F,1,1755624480,1F 1728 179/KHY,1755644101,1755644110,1176,0,0
1755624510_B..N65R,104850_B..N65R,B,0,1755624510,1B 1728+ BBC/BPK,1755644050,1755644056,1165,0,0
1755624510_D..S07R,104850_D..S07R,D,1,1755624510,1D 1728+ BPK/STL,1755644341,1755644351,747,0,0
1755624510_M..N20R,104850_M..N20R,M,0,1755624510,1M 1728+ MET/CTL,1755644251,1755644260,1192,0,0
1755624600_F..N74R,105000_F..N74R,F,0,1755624600,1F 1730 STL/179,1755649801,1755649807,1919,0,0
1755624660_FS.N01R,105100_FS.N01R,FS,0,1755624660,1FS 1731 PPK/FKN,1755639936,1755639942,597,0,0
1755624750_D..S07R,105250_D..S07R,D,1,1755624750,1D 1732+ 205/STL,1755639431,1755639441,518,0,0
1755624780_F..S74R,105300_F..S74R,F,1,1755624780,1F 1733 179/STL,1755644786,1755644792,1227,0,0
1755624810_D..N07R,105350_D..N07R,D,0,1755624810,1D 1733+ STL/205,1755644311,1755644320,1160,0,0
1755624810_F..N73R,105350_F..N73R,F,0,1755624810,1F 1733+ KHY/179,1755644426,1755644431,1175,0,0
1755624930_B..S65R,105550_B..S65R,B,1,1755624930,1B 1735+ BPK/BBC,1755644486,1755644491,1167,0,0
1755624990_M..S,105650_M..S,M,1,1755624990,$M 1813 ESX/MET,1755643365,1755643374,222,0,0
1755624990_M..S20R,105650_M..S20R,M,1,1755624990,1M 1736+ CTL/MET,1755643800,1755643810,1068,0,0
1755625080_D..S07R,105800_D..S07R,D,1,1755625080,1D 1738 BPK/STL,1755644831,1755644837,719,0,0
1755625080_F..S73R,105800_F..S73R,F,1,1755625080,1F 1738 179/KHY,1755644912,1755644921,1204,0,0
1755625110_B..N65R,105850_B..N65R,B,0,1755625110,1B 1738+ BBC/BPK,1755644351,1755644356,910,0,0
1755625200_D..S07R,106000_D..S07R,D,1,1755625200,1D 1740 205/STL,1755639656,1755639666,488,0,0
1755625215_M..N20R,106025_M..N20R,M,0,1755625215,1M 1740 MET/CTL,1755650197,1755650206,1890,0,0
1755625260_FS.N01R,106100_FS.N01R,FS,0,1755625260,1FS 1741 PPK/FKN,1755639936,1755639942,517,0,0
1755625290_B..S65R,106150_B..S65R,B,1,1755625290,1B 1741+ BPK/BBC,1755644771,1755644776,1157,0,0
1755625290_FS.S01R,106150_FS.S01R,FS,1,1755625290,1FS 1741+ FKN/PPK,1755639936,1755639942,513,0,0
1755625320_D..N07R,106200_D..N07R,D,0,1755625320,1D 1742 STL/205,1755645792,1755645798,1289,0,0
1755625350_M..S20R,106250_M..S20R,M,1,1755625350,1M 1742+ CTL/MET,1755643966,1755643975,1042,0,0
1755625380_F..N74R,106300_F..N74R,F,0,1755625380,1F 1743 STL/179,1755646092,1755646098,1321,0,0
1755625380_F..S74R,106300_F..S74R,F,1,1755625380,1F 1743 179/STL,1755645648,1755645657,1262,0,0
1755625530_D..S07R,106550_D..S07R,D,1,1755625530,1D 1745+ BPK/STL,1755645552,1755645558,785,0,0
1755625530_F..N73R,106550_F..N73R,F,0,1755625530,1F 1745+ KHY/179,1755645071,1755645077,1165,0,0
1755625620_M..S20R,106700_M..S20R,M,1,1755625620,1M 1747 CTL/MET,1755644551,1755644561,1084,0,0
1755625680_F..S73R,106800_F..S73R,F,1,1755625680,1F 1748 179/KHY,1755646257,1755646263,1303,0,0
1755625710_B..N65R,106850_B..N65R,B,0,1755625710,1B 1748+ BBC/BPK,1755644951,1755644957,1125,0,0
1755625770_D..N07R,106950_D..N07R,D,0,1755625770,1D 1749+ STL/205,1755646017,1755646023,1259,0,0
1755625860_B..S65R,107100_B..S65R,B,1,1755625860,1B 1751 BPK/BBC,1755645272,1755645281,1148,0,0
1755625860_FS.N01R,107100_FS.N01R,FS,0,1755625860,1FS 1751 PPK/FKN,1755642864,1755642870,827,0,0
1755625890_FS.S01R,107150_FS.S01R,FS,1,1755625890,1FS 1751+ FKN/PPK,1755642864,1755642870,823,0,0
1755625920_F..N74R,107200_F..N74R,F,0,1755625920,1F 1752 STL/179,1755647579,1755647585,1447,0,0
1755625920_M..N20R,107200_M..N20R,M,0,1755625920,1M 1752 MET/CTL,1755645858,1755645867,1218,1,0
1755625980_F..S74R,107300_F..S74R,F,1,1755625980,1F 1753 179/STL,1755646317,1755646324,1271,1,0
1755625980_M..S20R,107300_M..S20R,M,1,1755625980,1M 1753 CTL/MET,1755644927,1755644936,1086,0,0
1755626070_D..S07R,107450_D..S07R,D,1,1755626070,1D 1754+ BPK/STL,1755646098,1755646107,765,0,0
1755626130_D..N07R,107550_D..N07R,D,0,1755626130,1D 1755+ STL/205,1755646969,1755646978,1338,0,0
1755626190_B..N66R,107650_B..N66R,B,0,1755626190,1B 1756+ BBC/145,1755644125,1755644131,951,0,0
1755626190_F..N73R,107650_F..N73R,F,0,1755626190,1F 1756+ KHY/179,1755646317,1755646324,1243,0,0
1755626280_F..S74R,107800_F..S74R,F,1,1755626280,1F 1758 179/STL,1755646693,1755646699,1281,0,0
1755626340_B..S65R,107900_B..S65R,B,1,1755626340,1B 1759 BPK/BBC,1755645852,1755645858,1161,0,0
1755626430_M..N20R,108050_M..N20R,M,0,1755626430,1M 1800+ MET/CTL,1755646894,1755646903,1288,1,0
1755626460_FS.N01R,108100_FS.N01R,FS,0,1755626460,1FS 1801 PPK/FKN,1755642885,1755642894,750,0,0
1755626490_FS.S01R,108150_FS.S01R,FS,1,1755626490,1FS 1801+ FKN/PPK,1755642870,1755642879,744,0,0
1755626550_D..S07R,108250_D..S07R,D,1,1755626550,1D 1802+ BPK/STL,1755646519,1755646528,1222,0,0
1755626550_F..N74R,108250_F..N74R,F,0,1755626550,1F 1802+ STL/179,1755648545,1755648555,1492,0,0
1755626580_D..N07R,108300_D..N07R,D,0,1755626580,1D 1803 STL/205,1755647449,1755647459,1342,0,0
1755626580_F..S74R,108300_F..S74R,F,1,1755626580,1F 1803 179/STL,1755646693,1755646699,1241,0,0
1755626730_F..N73R,108550_F..N73R,F,0,1755626730,1F 1805+ KHY/179,1755647209,1755647218,1290,0,0
1755626820_B..N66R,108700_B..N66R,B,0,1755626820,1B 1807 BBC/145,1755645191,1755645197,1009,0,0
1755626880_D..S07R,108800_D..S07R,D,1,1755626880,1D 1808 BPK/STL,1755647089,1755647098,792,0,0
1755626880_F..S74R,108800_F..S74R,F,1,1755626880,1F 1808 179/STL,1755646954,1755646963,1236,0,0
1755626910_M..N20R,108850_M..N20R,M,0,1755626910,1M 1808+ MET/CTL,1755647840,1755647849,1350,1,0
1755626910_M..S20R,108850_M..S20R,M,1,1755626910,1M 1808+ CTL/MET,1755645732,1755645738,1069,0,0
1755627030_D..N07R,109050_D..N07R,D,0,1755627030,1D 1810+ STL/205,1755647630,1755647639,1306,0,0
1755627060_B..S65R,109100_B..S65R,B,1,1755627060,1B 1811 BPK/BBC,1755646317,1755646324,1127,0,0
1755627180_F..S74R,109300_F..S74R,F,1,1755627180,1F 1813 179/STL,1755647293,1755647299,1241,0,0
1755627270_M..S20R,109450_M..S20R,M,1,1755627270,1M 1814+ CTL/MET,1755646173,1755646182,1080,0,0
1755627330_F..N74R,109550_F..N74R,F,0,1755627330,1F 1815+ STL/179,1755649176,1755649185,1472,0,0
1755627390_D..N07R,109650_D..N07R,D,0,1755627390,1D 1816+ STL/205,1755647780,1755647789,1278,0,0
1755627390_M..N20R,109650_M..N20R,M,0,1755627390,1M 1816+ MET/CTL,1755648350,1755648360,1354,1,0
1755627450_F..N73R,109750_F..N73R,F,0,1755627450,1F 1817+ KHY/179,1755648780,1755648786,1403,0,0
1755627480_B..S65R,109800_B..S65R,B,1,1755627480,1B 1818 BPK/BBC,1755646918,1755646924,1151,0,0
1755627480_F..S74R,109800_F..S74R,F,1,1755627480,1F 1818 179/STL,1755647759,1755647765,1263,0,0
1755627495_B..N66R,109825_B..N66R,B,0,1755627495,1B 1818 BBC/145,1755645912,1755645918,732,0,0
1755627600_D..S07R,110000_D..S07R,D,1,1755627600,1D 1820 BPK/STL,1755647654,1755647660,811,0,0
1755627720_D..N05R,110200_D..N05R,D,0,1755627720,1D 1822 STL/205,1755648240,1755648245,1295,0,0
1755627750_M..N20R,110250_M..N20R,M,0,1755627750,1M 1822+ MET/CTL,1755649080,1755649086,1403,2,0
1755627780_F..S74R,110300_F..S74R,F,1,1755627780,1F 1823 179/STL,1755648411,1755648420,1307,0,0
1755627840_M..S20R,110400_M..S20R,M,1,1755627840,1M 1824 CTL/MET,1755646579,1755646588,631,0,0
1755627870_F..N74R,110450_F..N74R,F,0,1755627870,1F 1824+ STL/179,1755649185,1755649191,1401,0,0
1755628020_D..S08X007,110700_D..S08X007,D,1,1755628020,1D 1827 BPK/BPY,1755650642,1755650648,1105,0,0
1755628080_F..S73R,110800_F..S73R,F,1,1755628080,1F 1828 179/KHY,1755647795,1755647804,1188,0,0
1755628110_F..N73R,110850_F..N73R,F,0,1755628110,1F 1828+ KHY/179,1755649005,1755649011,1345,2,0
1755628170_B..N66R,110950_B..N66R,B,0,1755628170,1B 1829+ BBC/145,1755647014,1755647023,879,0,0
1755628170_D..N05R,110950_D..N05R,D,0,1755628170,1D 1829+ STL/205,1755648576,1755648585,1280,0,0
1755628230_B..S65R,111050_B..S65R,B,1,1755628230,1B 1830+ BPK/BBC,1755647509,1755647519,1130,0,0
1755628260_FS.N01R,111100_FS.N01R,FS,0,1755628260,1FS 1831 PPK/FKN,1755642900,1755642909,512,0,0
1755628380_F..S74R,111300_F..S74R,F,1,1755628380,1F 1833 179/STL,1755648765,1755648771,1277,1,0
1755628410_D..S07R,111350_D..S07R,D,1,1755628410,1D 1833+ BPK/STL,1755647954,1755647960,733,0,0
1755628410_M..N20R,111350_M..N20R,M,0,1755628410,1M 1833+ MET/CTL,1755649561,1755649567,1379,0,0
1755628440_M..S20R,111400_M..S20R,M,1,1755628440,1M 1834 CTL/MET,1755646813,1755646819,662,0,0
1755628500_F..N74R,111500_F..N74R,F,0,1755628500,1F 1835 STL/179,1755650197,1755650206,1452,0,0
1755628650_D..N05R,111750_D..N05R,D,0,1755628650,1D 1837+ STL/205,1755648921,1755648930,1262,0,0
1755628650_F..N73R,111750_F..N73R,F,0,1755628650,1F 1837+ KHY/179,1755649702,1755649711,1366,0,0
1755628740_M..S20R,111900_M..S20R,M,1,1755628740,1M 1839 CTL/MET,1755647279,1755647284,724,0,0
1755628779_F..S74R,111966_F..S74R,F,1,1755628779,1F 1839+ 179/STL,1755649221,1755649230,912,0,0
1755628800_B..S65R,112000_B..S65R,B,1,1755628800,1B 1840 BPK/BBC,1755648365,1755648375,1168,0,0
1755628830_M..N20R,112050_M..N20R,M,0,1755628830,1M 1840+ MET/CTL,1755649927,1755649936,1372,0,0
1755628845_B..N66R,112075_B..N66R,B,0,1755628845,1B 1840+ BBC/145,1755647374,1755647384,927,0,0
1755628860_FS.N01R,112100_FS.N01R,FS,0,1755628860,1FS 1841 PPK/FKN,1755645717,1755645723,807,0,0
1755628890_FS.S01R,112150_FS.S01R,FS,1,1755628890,1FS 1841+ FKN/PPK,1755645717,1755645723,803,0,0
1755629010_D..S09R,112350_D..S09R,D,1,1755629010,1D 1843+ BPK/STL,1755648666,1755648675,728,0,0
1755629040_M..S20R,112400_M..S20R,M,1,1755629040,1M 1844 CTL/MET,1755648110,1755648119,835,0,0
1755629179_F..S74R,112633_F..S74R,F,1,1755629179,1F 1846 179/STL,1755649762,1755649771,984,0,0
1755629190_D..N05R,112650_D..N05R,D,0,1755629190,1D 1846+ STL/205,1755649627,1755649636,1284,0,0
1755629250_F..N74R,112750_F..N74R,F,0,1755629250,1F 1847+ STL/179,1755650522,1755650527,1395,0,0
1755629310_M..N20R,112850_M..N20R,M,0,1755629310,1M 1848+ MET/CTL,1755650423,1755650432,1374,0,0
1755629400_D..S07R,113000_D..S07R,D,1,1755629400,1D 1850 BPK/STL,1755649401,1755649411,746,0,1
1755629430_F..N73R,113050_F..N73R,F,0,1755629430,1F 1850+ KHY/179,1755650438,1755650447,1360,0,0
1755629460_FS.N01R,113100_FS.N01R,FS,0,1755629460,1FS 1851 PPK/FKN,1755645717,1755645723,727,0,0
1755629490_FS.S01R,113150_FS.S01R,FS,1,1755629490,1FS 1851+ FKN/PPK,1755645717,1755645723,723,0,0
1755629520_B..N66R,113200_B..N66R,B,0,1755629520,1B 1852 BBC/145,1755647819,1755647825,999,0,0
1755629580_F..S74R,113300_F..S74R,F,1,1755629580,1F 1853 179/STL,1755650222,1755650227,1294,0,0
1755629670_D..N05R,113450_D..N05R,D,0,1755629670,1D 1854+ STL/205,1755649762,1755649771,1238,0,0
1755629670_D..S07R,113450_D..S07R,D,1,1755629670,1D 1854+ 205/STL,1755644161,1755644170,492,0,0
1755629670_F..N74R,113450_F..N74R,F,0,1755629670,1F 1854+ STL/179,1755651047,1755651053,1409,0,0
1755629880_F..S74R,113800_F..S74R,F,1,1755629880,1F 1858 179/KHY,1755649462,1755649471,1170,0,0
1755629970_D..S07R,113950_D..S07R,D,1,1755629970,1D 1859+ BPK/STL,1755650077,1755650086,788,0,0
1755629970_M..N20R,113950_M..N20R,M,0,1755629970,1M 1859+ MET/CTL,1755650603,1755650612,1310,0,0
1755630000_M..S20R,114000_M..S20R,M,1,1755630000,1M 1900 CTL/MET,1755648314,1755648320,849,0,0
1755630030_F..N73R,114050_F..N73R,F,0,1755630030,1F 1900+ KHY/179,1755650888,1755650897,1340,0,0
1755630090_D..N05R,114150_D..N05R,D,0,1755630090,1D 1901+ STL/205,1755650723,1755650732,1310,0,0
1755630120_B..N66R,114200_B..N66R,B,0,1755630120,1B 1902 BBC/145,1755648585,1755648591,1021,0,0
1755630360_B..S66R,114600_B..S66R,B,1,1755630360,1B 1906 145/BBC,1755648801,1755648810,1018,0,0
1755630390_F..N74R,114650_F..N74R,F,0,1755630390,1F 1906+ STL/179,1755651768,1755651774,1409,0,0
1755630480_F..S74R,114800_F..S74R,F,1,1755630480,1F 1908 179/STL,1755650708,1755650717,894,0,0
1755630480_M..N20R,114800_M..N20R,M,0,1755630480,1M 1908 MET/CTL,1755651288,1755651293,1333,0,0
1755630570_F..N73R,114950_F..N73R,F,0,1755630570,1F 1909+ KHY/179,1755651609,1755651618,1364,0,0
1755630600_M..S20R,115000_M..S20R,M,1,1755630600,1M 1910 CTL/MET,1755649116,1755649125,593,0,0
1755630660_D..S07R,115100_D..S07R,D,1,1755630660,1D 1911 BPK/STL,1755650302,1755650311,729,0,0
1755630720_B..N66R,115200_B..N66R,B,0,1755630720,1B 1912 BBC/145,1755649236,1755649245,1028,0,0
1755630900_B..S66R,115500_B..S66R,B,1,1755630900,1B 1915 145/BBC,1755649041,1755649050,978,0,0
1755630990_D..N05R,115650_D..N05R,D,0,1755630990,1D 1916+ STL/205,1755651714,1755651724,1322,0,0
1755631080_F..S74R,115800_F..S74R,F,1,1755631080,1F 1918 179/STL,1755651158,1755651168,1236,0,0
1755631170_F..N74R,115950_F..N74R,F,0,1755631170,1F 1919+ STL/179,1755652535,1755652539,1409,0,0
1755631200_M..N20R,116000_M..N20R,M,0,1755631200,1M 1920 MET/CTL,1755651909,1755651918,1322,0,0
1755631260_FS.N01R,116100_FS.N01R,FS,0,1755631260,1FS 1921 PPK/FKN,1755648545,1755648555,864,0,0
1755631290_D..S07R,116150_D..S07R,D,1,1755631290,1D 1921+ BPK/STL,1755650693,1755650702,672,0,0
1755631290_F..N73R,116150_F..N73R,F,0,1755631290,1F 1921+ KHY/179,1755652249,1755652254,1355,0,0
1755631290_FS.S01R,116150_FS.S01R,FS,1,1755631290,1FS 1921+ FKN/PPK,1755648540,1755648545,859,0,0
1755631320_B..N66R,116200_B..N66R,B,0,1755631320,1B 1922 BBC/145,1755649846,1755649852,1029,0,0
1755631440_D..S07R,116400_D..S07R,D,1,1755631440,1D 1924 205/STL,1755645852,1755645858,481,0,0
1755631560_D..N05R,116600_D..N05R,D,0,1755631560,1D 1926 STL/205,1755651924,1755651934,1276,0,0
1755631590_F..N74R,116650_F..N74R,F,0,1755631590,1F 1926+ STL/179,1755652675,1755652685,1372,0,0
1755631680_F..S74R,116800_F..S74R,F,1,1755631680,1F 1928 179/STL,1755651834,1755651844,1246,0,0
1755631740_D..S07R,116900_D..S07R,D,1,1755631740,1D 1929 BPK/STL,1755651428,1755651438,745,0,0
1755631800_B..S66R,117000_B..S66R,B,1,1755631800,1B 1930 145/BBC,1755649957,1755649966,549,0,0
1755631860_FS.N01R,117100_FS.N01R,FS,0,1755631860,1FS 1931 PPK/FKN,1755648545,1755648555,784,0,0
1755631890_F..N74R,117150_F..N74R,F,0,1755631890,1F 1931+ STL/179,1755652915,1755652925,1364,0,0
1755631890_FS.S01R,117150_FS.S01R,FS,1,1755631890,1FS 1931+ FKN/PPK,1755648545,1755648555,780,0,0
1755631890_M..N20R,117150_M..N20R,M,0,1755631890,1M 1931+ MET/CTL,1755652549,1755652555,1315,0,0
1755631920_B..N66R,117200_B..N66R,B,0,1755631920,1B 1932 BBC/145,1755650603,1755650612,1050,0,0
1755632010_D..N05R,117350_D..N05R,D,0,1755632010,1D 1933+ STL/205,1755652654,1755652660,1313,0,0
1755632010_D..S07R,117350_D..S07R,D,1,1755632010,1D 1933+ 205/STL,1755646428,1755646438,482,0,0
1755632130_M..S20R,117550_M..S20R,M,1,1755632130,1M 1935+ CTL/MET,1755650978,1755650987,1072,0,0
1755632280_F..S74R,117800_F..S74R,F,1,1755632280,1F 1938 179/STL,1755652254,1755652264,1225,0,0
1755632310_D..S07R,117850_D..S07R,D,1,1755632310,1D 1938+ BPK/STL,1755652114,1755652119,759,0,0
1755632340_M..N20R,117900_M..N20R,M,0,1755632340,1M 1939 MET/CTL,1755653330,1755653335,1359,0,0
1755632349_F..N74R,117916_F..N74R,F,0,1755632349,1F 1939 STL/179,1755653426,1755653435,960,0,0
1755632400_B..N66R,118000_B..N66R,B,0,1755632400,1B 1940 BBC/145,1755651023,1755651032,1043,0,0
1755632460_D..S08X007,118100_D..S08X007,D,1,1755632460,1D 1941 205/BPY,1755646954,1755646963,493,0,0
1755632550_D..N05R,118250_D..N05R,D,0,1755632550,1D 1942+ STL/205,1755652885,1755652895,1273,0,0
1755632640_M..S20R,118400_M..S20R,M,1,1755632640,1M 1944 CTL/MET,1755651789,1755651798,679,0,0
1755632700_B..S66R,118500_B..S66R,B,1,1755632700,1B 1945 145/BBC,1755650783,1755650792,670,0,0
1755632809_F..N74R,118683_F..N74R,F,0,1755632809,1F 1946+ STL/179,1755654537,1755654546,1108,0,0
1755632880_F..S74R,118800_F..S74R,F,1,1755632880,1F 1948 179/STL,1755652775,1755652780,967,0,0
1755632940_M..N20R,118900_M..N20R,M,0,1755632940,1M 1949 MET/CTL,1755654155,1755654161,1390,0,0
1755633060_D..N05R,119100_D..N05R,D,0,1755633060,1D 1951 STL/205,1755653245,1755653255,1253,0,0
1755633120_B..N66R,119200_B..N66R,B,0,1755633120,1B 1952 BBC/145,1755651504,1755651513,1011,0,0
1755633180_D..S07R,119300_D..S07R,D,1,1755633180,1D 1953 BPK/STL,1755652855,1755652865,727,0,0
1755633240_M..S20R,119400_M..S20R,M,1,1755633240,1M 1954 CTL/MET,1755652489,1755652494,774,0,0
1755633270_F..N74R,119450_F..N74R,F,0,1755633270,1F 1954+ STL/179,1755654792,1755654801,1431,0,0
1755633300_B..S66R,119500_B..S66R,B,1,1755633300,1B 1955 145/BBC,1755658501,1755658510,1702,0,0
1755633330_F..S73R,119550_F..S73R,F,1,1755633330,1F 1955+ 179/KHY,1755652855,1755652865,1143,0,0
1755633450_M..N20R,119750_M..N20R,M,0,1755633450,1M 1957+ MET/CTL,1755654576,1755654582,1378,0,0
1755633600_D..S08X007,120000_D..S08X007,D,1,1755633600,1D 2000 BPK/BPY,1755652249,1755652254,568,0,2
1755633720_B..N66R,120200_B..N66R,B,0,1755633720,1B 2002 BBC/145,1755652164,1755652174,1021,0,0
1755633720_D..N05R,120200_D..N05R,D,0,1755633720,1D 2002 STL/205,1755654356,1755654366,1313,0,0
1755633769_F..N74R,120283_F..N74R,F,0,1755633769,1F 2002+ STL/179,1755655122,1755655131,1141,0,0
1755633840_D..N16R,120400_D..N16R,D,0,1755633840,1D 2004 BLF/205,1755651694,1755651699,940,0,0
1755633840_F..S74R,120400_F..S74R,F,1,1755633840,1F 2004 179/STL,1755654230,1755654236,1142,0,0
1755633960_B..S66R,120600_B..S66R,B,1,1755633960,1B 2006 145/BBC,1755652089,1755652099,979,0,0
1755633960_M..N20R,120600_M..N20R,M,0,1755633960,1M 2006 MET/CTL,1755655122,1755655131,1383,0,0
1755634170_D..S07R,120950_D..S07R,D,1,1755634170,1D 2009+ BPK/STL,1755653636,1755653645,710,0,0
1755634260_FS.N01R,121100_FS.N01R,FS,0,1755634260,1FS 2011 PPK/FKN,1755652730,1755652735,1024,0,0
1755634269_F..N74R,121116_F..N74R,F,0,1755634269,1F 2011 STL/179,1755655377,1755655387,1175,0,0
1755634290_FS.S01R,121150_FS.S01R,FS,1,1755634290,1FS 2011+ FKN/PPK,1755652730,1755652735,1020,0,0
1755634320_B..N66R,121200_B..N66R,B,0,1755634320,1B 2012 BBC/145,1755652690,1755652700,1011,0,0
1755634410_D..N05R,121350_D..N05R,D,0,1755634410,1D 2013+ STL/205,1755654552,1755654561,1247,0,0
1755634470_F..S74R,121450_F..S74R,F,1,1755634470,1F 2014+ 179/STL,1755654381,1755654386,1216,0,0
1755634500_B..S66R,121500_B..S66R,B,1,1755634500,1B 2015 145/BBC,1755652735,1755652744,993,0,0
1755634590_D..S08X007,121650_D..S08X007,D,1,1755634590,1D 2016+ BPK/BPY,1755653615,1755653621,645,0,0
1755634620_M..S20R,121700_M..S20R,M,1,1755634620,1M 2017 CTL/MET,1755653771,1755653780,1115,0,0
1755634770_F..N74R,121950_F..N74R,F,0,1755634770,1F 2019+ STL/179,1755655462,1755655467,1320,0,0
1755634800_D..S07R,122000_D..S07R,D,1,1755634800,1D 2020 205/STL,1755649236,1755649245,485,0,0
1755634860_F..S73R,122100_F..S73R,F,1,1755634860,1F 2021 179/STL,1755655077,1755655086,1054,1,0
1755634860_FS.N01R,122100_FS.N01R,FS,0,1755634860,1FS 2021 PPK/FKN,1755652750,1755652759,947,0,0
1755634890_FS.S01R,122150_FS.S01R,FS,1,1755634890,1FS 2021+ FKN/PPK,1755652735,1755652744,941,0,0
1755634905_M..N20R,122175_M..N20R,M,0,1755634905,1M 2021+ MET/CTL,1755655702,1755655708,1161,0,0
1755635058_B..N66R,122430_B..N66R,B,0,1755635058,1B 2024 BBC/145,1755653315,1755653320,996,0,0
1755635100_B..S66R,122500_B..S66R,B,1,1755635100,1B 2025 145/BBC,1755653315,1755653320,990,0,0
1755635100_D..S07R,122500_D..S07R,D,1,1755635100,1D 2025 BPK/STL,1755655077,1755655086,780,0,0
1755635250_F..S74R,122750_F..S74R,F,1,1755635250,1F 2027+ 179/STL,1755655702,1755655708,1288,0,0
1755635280_F..N74R,122800_F..N74R,F,0,1755635280,1F 2028 STL/179,1755656053,1755656062,1331,0,0
1755635340_D..S07R,122900_D..S07R,D,1,1755635340,1D 2029 205/BPY,1755649717,1755649726,460,0,0
1755635370_D..N05R,122950_D..N05R,D,0,1755635370,1D 2029+ STL/205,1755655822,1755655828,1288,0,0
1755635580_M..S20R,123300_M..S20R,M,1,1755635580,1M 2033 CTL/MET,1755654401,1755654411,559,1,1
1755635640_D..S07R,123400_D..S07R,D,1,1755635640,1D 2034 BPK/BPY,1755660837,1755660843,1500,0,0
1755635640_F..S74R,123400_F..S74R,F,1,1755635640,1F 2034 179/STL,1755655558,1755655567,1217,1,0
1755635730_F..N74R,123550_F..N74R,F,0,1755635730,1F 2035+ STL/179,1755656383,1755656393,1315,0,0
1755635760_B..S66R,123600_B..S66R,B,1,1755635760,1B 2036 145/BBC,1755653960,1755653966,988,0,0
1755635796_B..N66R,123660_B..N66R,B,0,1755635796,1B 2036+ BBC/145,1755654260,1755654266,1023,0,0
1755635850_M..N20R,123750_M..N20R,M,0,1755635850,1M 2037+ MET/CTL,1755656438,1755656443,1306,0,0
1755635940_D..S07R,123900_D..S07R,D,1,1755635940,1D 2039 205/STL,1755650317,1755650327,477,0,0
1755636030_F..S74R,124050_F..S74R,F,1,1755636030,1F 2040+ 179/STL,1755656483,1755656489,1288,0,0
1755636090_D..N05R,124150_D..N05R,D,0,1755636090,1D 2041+ STL/205,1755656969,1755656978,1345,0,0
1755636120_F..N74R,124200_F..N74R,F,0,1755636120,1F 2042 STL/179,1755656639,1755656648,1297,0,0
1755636120_M..S,124200_M..S,M,1,1755636120,EM 2042 CTL/MET,1755655497,1755655507,723,0,0
1755636240_D..S07R,124400_D..S07R,D,1,1755636240,1D 2044 BPK/STL,1755655717,1755655723,721,0,0
1755636300_B..S66R,124500_B..S66R,B,1,1755636300,1B 2045 145/BBC,1755654311,1755654321,963,0,0
1755636450_F..S74R,124750_F..S74R,F,1,1755636450,1F 2047+ 179/STL,1755656654,1755656663,1255,0,0
1755636534_B..N66R,124890_B..N66R,B,0,1755636534,1B 2048+ BBC/145,1755654981,1755654987,1021,0,0
1755636540_D..S,124900_D..S,D,1,1755636540,ED 2049 BPK/STL,1755655897,1755655903,729,0,0
1755636600_F..N20R,125000_F..N20R,F,0,1755636600,1F 2050 STL/179,1755657990,1755657999,1135,0,0
1755636780_M..N25R,125300_M..N25R,M,0,1755636780,1M 2053 MET/ESX,1755652730,1755652735,688,0,0
1755636840_D..S07R,125400_D..S07R,D,1,1755636840,1D 2054 BPK/STL,1755656624,1755656633,761,0,0
1755636870_D..N05R,125450_D..N05R,D,0,1755636870,1D 2054+ STL/205,1755656984,1755656993,1243,0,0
1755636870_F..S74R,125450_F..S74R,F,1,1755636870,1F 2054+ 179/STL,1755657104,1755657113,1259,0,0
1755636900_B..S66R,125500_B..S66R,B,1,1755636900,1B 2055 145/BBC,1755655242,1755655251,1007,0,0
1755637080_F..N20R,125800_F..N20R,F,0,1755637080,1F 2058 STL/179,1755658200,1755658210,1163,0,0
1755637272_B..N66R,126120_B..N66R,B,0,1755637272,1B 2101 BBC/145,1755655512,1755655522,994,0,0
1755637410_F..S74R,126350_F..S74R,F,1,1755637410,1F 2103+ 179/STL,1755657924,1755657930,1296,0,0
1755637470_D..S07R,126450_D..S07R,D,1,1755637470,1D 2104+ BPK/STL,1755656879,1755656888,696,0,0
1755637500_B..S66R,126500_B..S66R,B,1,1755637500,1B 2105 145/BBC,1755655543,1755655552,968,0,0
1755637560_D..N05R,126600_D..N05R,D,0,1755637560,1D 2106 STL/205,1755658320,1755658330,1329,0,0
1755637560_F..N20R,126600_F..N20R,F,0,1755637560,1F 2106 STL/179,1755658951,1755658960,1413,0,0
1755637710_M..N25R,126850_M..N25R,M,0,1755637710,1M 2108+ MET/ESX,1755653750,1755653756,700,0,0
1755637980_F..S74R,127300_F..S74R,F,1,1755637980,1F 2113 179/STL,1755658020,1755658029,1234,0,0
1755638040_D..S07R,127400_D..S07R,D,1,1755638040,1D 2114 BPK/STL,1755657504,1755657510,731,0,0
1755638100_B..S66R,127500_B..S66R,B,1,1755638100,1B 2115 145/BBC,1755656023,1755656032,952,0,0
1755638160_D..N16R,127600_D..N16R,D,0,1755638160,1D 2116 BLF/205,1755655377,1755655387,858,0,0
1755638220_F..N20R,127700_F..N20R,F,0,1755638220,1F 2117 STL/179,1755659371,1755659381,1204,0,0
1755638220_M..N25R,127700_M..N25R,M,0,1755638220,1M 2117 MET/ESX,1755654251,1755654260,700,0,0
1755638310_D..N05R,127850_D..N05R,D,0,1755638310,1D 2118+ STL/205,1755658765,1755658771,1289,0,0
1755638460_B..N66R,128100_B..N66R,B,0,1755638460,1B 2121 BBC/145,1755656744,1755656753,530,0,0
1755638520_D..S07R,128200_D..S07R,D,1,1755638520,1D 2122 BPK/STL,1755658440,1755658450,742,0,0
1755638580_F..S74R,128300_F..S74R,F,1,1755638580,1F 2123 179/STL,1755659101,1755659110,1298,0,0
1755638640_D..S07R,128400_D..S07R,D,1,1755638640,1D 2124 205/STL,1755653150,1755653155,497,0,0
1755638730_FS.S01R,128550_FS.S01R,FS,1,1755638730,1FS 2125+ FKN/PPK,1755653410,1755653420,520,0,0
1755638790_M..S25R,128650_M..S25R,M,1,1755638790,1M 2126+ ESX/MET,1755654561,1755654567,360,0,0
1755638820_FS.N01R,128700_FS.N01R,FS,0,1755638820,1FS 2127 PPK/FKN,1755653711,1755653720,548,0,0
1755638880_F..N20R,128800_F..N20R,F,0,1755638880,1F 2128 STL/179,1755659486,1755659491,1291,0,0
1755638940_D..S07R,128900_D..S07R,D,1,1755638940,1D 2129 BPK/STL,1755659191,1755659200,805,0,0
1755639060_D..N05R,129100_D..N05R,D,0,1755639060,1D 2131 STL/205,1755659432,1755659441,1278,0,0
1755639120_D..S07R,129200_D..S07R,D,1,1755639120,1D 2132 205/STL,1755653666,1755653675,502,0,0
1755639120_M..N25R,129200_M..N25R,M,0,1755639120,1M 2132 MET/ESX,1755655417,1755655422,501,0,0
1755639180_F..S74R,129300_F..S74R,F,1,1755639180,1F 2133 179/STL,1755659110,1755659116,1219,0,0
1755639420_D..S07R,129700_D..S07R,D,1,1755639420,1D 2137 BPK/STL,1755659402,1755659411,764,0,0
1755639450_FS.S01R,129750_FS.S01R,FS,1,1755639450,1FS 2137+ FKN/PPK,1755654696,1755654702,595,0,0
1755639540_FS.N01R,129900_FS.N01R,FS,0,1755639540,1FS 2139 PPK/FKN,1755655597,1755655603,703,0,0
1755639585_F..N20R,129975_F..N20R,F,0,1755639585,1F 2139+ STL/179,1755659747,1755659756,1247,0,0
1755639690_M..S25R,130150_M..S25R,M,1,1755639690,1M 2141+ ESX/MET,1755655738,1755655747,702,0,0
1755639720_D..S07R,130200_D..S07R,D,1,1755639720,1D 2142 205/STL,1755654371,1755654381,516,0,0
1755639750_D..N05R,130250_D..N05R,D,0,1755639750,1D 2142+ STL/205,1755660212,1755660222,1290,0,0
1755639780_F..S74R,130300_F..S74R,F,1,1755639780,1F 2143 179/STL,1755660077,1755660086,1268,0,0
1755640020_D..S07R,130700_D..S07R,D,1,1755640020,1D 2147 BPK/STL,1755659927,1755659936,740,0,0
1755640020_M..N25R,130700_M..N25R,M,0,1755640020,1M 2147 MET/ESX,1755656203,1755656212,720,0,0
1755640170_FS.S01R,130950_FS.S01R,FS,1,1755640170,1FS 2149+ FKN/PPK,1755655597,1755655603,619,0,0
1755640260_FS.N01R,131100_FS.N01R,FS,0,1755640260,1FS 2151 PPK/FKN,1755655597,1755655603,607,0,0
1755640290_F..N20R,131150_F..N20R,F,0,1755640290,1F 2151+ STL/179,1755660618,1755660627,1272,0,0
1755640290_M..S25R,131150_M..S25R,M,1,1755640290,1M 2151+ ESX/MET,1755656203,1755656212,684,0,0
1755640380_F..S74R,131300_F..S74R,F,1,1755640380,1F 2153 179/STL,1755660498,1755660507,1244,0,0
1755640470_D..N05R,131450_D..N05R,D,0,1755640470,1D 2154+ STL/205,1755660858,1755660867,1280,0,0
1755640620_M..N25R,131700_M..N25R,M,0,1755640620,1M 2157 MET/ESX,1755656723,1755656729,709,0,0
1755640680_D..S05R,131800_D..S05R,D,1,1755640680,1D 2158 BPK/STL,1755660432,1755660437,737,0,0
1755640770_E..N,131950_E..N,E,0,1755640770,$E 2159+ CTL/P-A,1755656473,1755656483,172,1,3
1755640890_FS.S01R,132150_FS.S01R,FS,1,1755640890,1FS 2201+ FKN/PPK,1755665257,1755665267,1811,0,0
1755640980_F..S74R,132300_F..S74R,F,1,1755640980,1F 2203 179/STL,1755660912,1755660918,1219,0,0
1755640999_F..N20R,132333_F..N20R,F,0,1755640999,1F 2203 STL/179,1755661273,1755661278,878,0,0
1755641070_FS.N01R,132450_FS.N01R,FS,0,1755641070,1FS 2204+ PPK/FKN,1755665347,1755665357,1799,0,0
1755641100_D..S05R,132500_D..S05R,D,1,1755641100,1D 2205 205/STL,1755655377,1755655387,466,0,0
1755641220_M..N25R,132700_M..N25R,M,0,1755641220,1M 2207 MET/ESX,1755657384,1755657389,715,0,0
1755641235_M..S25R,132725_M..S25R,M,1,1755641235,1M 2207 ESX/MET,1755657570,1755657579,663,0,0
1755641310_D..N05R,132850_D..N05R,D,0,1755641310,1D 2208+ STL/205,1755661273,1755661278,1221,0,0
1755641400_D..S05R,133000_D..S05R,D,1,1755641400,1D 2210 BPK/STL,1755661152,1755661158,769,0,0
1755641580_F..S74R,133300_F..S74R,F,1,1755641580,1F 2213 179/STL,1755661474,1755661483,1212,0,0
1755641700_FS.S01R,133500_FS.S01R,FS,1,1755641700,1FS 2215 FKN/PPK,1755665267,1755665272,1702,0,0
1755641709_F..N20R,133516_F..N20R,F,0,1755641709,1F 2215 STL/179,1755662735,1755662744,1074,0,0
1755641820_D..S05R,133700_D..S05R,D,1,1755641820,1D 2217 205/STL,1755656363,1755656368,499,0,0
1755641820_M..N25R,133700_M..N25R,M,0,1755641820,1M 2217 MET/ESX,1755657840,1755657849,696,0,0
1755641970_FS.N01R,133950_FS.N01R,FS,0,1755641970,1FS 2219+ PPK/FKN,1755665347,1755665357,1677,0,0
1755642090_D..N05R,134150_D..N05R,D,0,1755642090,1D 2221+ STL/205,1755662053,1755662059,1221,0,0
1755642120_D..S05R,134200_D..S05R,D,1,1755642120,1D 2222 BPK/STL,1755661819,1755661828,727,0,0
1755642180_M..S25R,134300_M..S25R,M,1,1755642180,1M 2223 ESX/MET,1755658170,1755658179,692,0,0
1755642270_F..S74R,134450_F..S74R,F,1,1755642270,1F 2224+ 179/STL,1755662113,1755662119,1205,0,0
1755642420_F..N20R,134700_F..N20R,F,0,1755642420,1F 2227 STL/179,1755663765,1755663771,1406,0,0
1755642420_M..N25R,134700_M..N25R,M,0,1755642420,1M 2227 MET/ESX,1755658570,1755658576,713,0,0
1755642510_D..S05R,134850_D..S05R,D,1,1755642510,1D 2228+ 205/STL,1755657309,1755657314,533,0,0
1755642630_F..S20R,135050_F..S20R,F,1,1755642630,1F 2230+ 179/STL,1755663540,1755663546,1348,0,0
1755642810_D..S05R,135350_D..S05R,D,1,1755642810,1D 2233+ BPK/STL,1755663080,1755663089,770,0,0
1755642810_M..S25R,135350_M..S25R,M,1,1755642810,1M 2233+ ESX/MET,1755658786,1755658795,690,0,0
1755642870_D..N05R,135450_D..N05R,D,0,1755642870,1D 2234+ STL/205,1755663059,1755663065,1252,0,0
1755642870_FS.N01R,135450_FS.N01R,FS,0,1755642870,1FS 2234+ PPK/FKN,1755665347,1755665357,1552,0,0
1755642930_M..N25R,135550_M..N25R,M,0,1755642930,1M 2235+ MET/ESX,1755658945,1755658951,695,0,0
1755643020_F..N20R,135700_F..N20R,F,0,1755643020,1F 2237 STL/179,1755664297,1755664306,1397,0,0
1755643110_F..S20R,135850_F..S20R,F,1,1755643110,1F 2238+ 179/STL,1755663840,1755663846,1324,0,0
1755643260_D..S05R,136100_D..S05R,D,1,1755643260,1D 2241 205/STL,1755657870,1755657879,508,0,0
1755643290_M..S25R,136150_M..S25R,M,1,1755643290,1M 2241+ ESX/MET,1755659281,1755659291,692,0,0
1755643560_D..S05R,136600_D..S05R,D,1,1755643560,1D 2246 BPK/STL,1755663645,1755663651,770,0,0
1755643620_F..S20R,136700_F..S20R,F,1,1755643620,1F 2247 179/STL,1755664477,1755664486,1341,0,0
1755643620_M..N25R,136700_M..N25R,M,0,1755643620,1M 2247 MET/ESX,1755660062,1755660071,752,0,0
1755643650_D..N05R,136750_D..N05R,D,0,1755643650,1D 2247+ STL/205,1755663945,1755663951,1266,0,0
1755643740_F..N20R,136900_F..N20R,F,0,1755643740,1F 2249 STL/179,1755665813,1755665822,1503,0,0
1755643770_FS.N01R,136950_FS.N01R,FS,0,1755643770,1FS 2249+ PPK/FKN,1755665362,1755665372,1439,0,0
1755643980_M..S25R,137300_M..S25R,M,1,1755643980,1M 2253 ESX/MET,1755660107,1755660116,710,0,0
1755644160_F..S20R,137600_F..S20R,F,1,1755644160,1F 2256 179/STL,1755664861,1755664867,1320,0,0
1755644280_D..S05R,137800_D..S05R,D,1,1755644280,1D 2258 BPK/STL,1755664326,1755664336,974,0,0
1755644340_M..N25R,137900_M..N25R,M,0,1755644340,1M 2259 MET/ESX,1755660633,1755660642,732,0,0
1755644460_F..N20R,138100_F..N20R,F,0,1755644460,1F 2301 STL/179,1755665858,1755665867,1413,0,0
1755644490_D..N05R,138150_D..N05R,D,0,1755644490,1D 2301+ STL/205,1755665026,1755665032,1298,0,0
1755644490_M..S25R,138150_M..S25R,M,1,1755644490,1M 2301+ ESX/MET,1755660312,1755660317,669,0,0
1755644760_D..S05R,138600_D..S05R,D,1,1755644760,1D 2306 205/STL,1755659426,1755659432,515,0,0
1755644760_F..S20R,138600_F..S20R,F,1,1755644760,1F 2306 179/STL,1755667074,1755667084,1535,0,0
1755644970_FS.N01R,138950_FS.N01R,FS,0,1755644970,1FS 2309+ PPK/FKN,1755665362,1755665372,627,0,0
1755645000_M..N25R,139000_M..N25R,M,0,1755645000,1M 2310 MET/ESX,1755661032,1755661038,697,0,0
1755645060_D..S05R,139100_D..S05R,D,1,1755645060,1D 2311 BPK/STL,1755664867,1755664876,726,0,0
1755645180_F..N20R,139300_F..N20R,F,0,1755645180,1F 2313 STL/179,1755666053,1755666063,1343,0,0
1755645210_M..S25R,139350_M..S25R,M,1,1755645210,1M 2313+ ESX/MET,1755661152,1755661158,685,0,0
1755645360_D..N05R,139600_D..N05R,D,0,1755645360,1D 2316 STL/205,1755665267,1755665272,1214,0,0
1755645480_F..S20R,139800_F..S20R,F,1,1755645480,1F 2318 179/STL,1755666588,1755666594,1374,1,0
1755645600_M..N30R,140000_M..N30R,M,0,1755645600,1M 2320 MET/MYR,1755660858,1755660867,594,0,0
1755645630_D..S05R,140050_D..S05R,D,1,1755645630,1D 2320+ 205/STL,1755660167,1755660176,498,0,0
1755645930_D..S05R,140550_D..S05R,D,1,1755645930,1D 2325+ BPK/STL,1755665543,1755665552,717,0,0
1755645960_F..N20R,140600_F..N20R,F,0,1755645960,1F 2326 STL/179,1755667249,1755667255,1398,0,0
1755645990_M..S25R,140650_M..S25R,M,1,1755645990,1M 2326+ ESX/MET,1755662194,1755662204,720,0,0
1755646170_FS.N01R,140950_FS.N01R,FS,0,1755646170,1FS 2329+ PPK/FKN,1755665362,1755665372,616,0,0
1755646200_F..S20R,141000_F..S20R,F,1,1755646200,1F 2330 179/STL,1755668095,1755668105,1479,0,0
1755646290_D..N05R,141150_D..N05R,D,0,1755646290,1D 2331+ STL/205,1755666203,1755666213,1215,0,0
1755646500_M..N30R,141500_M..N30R,M,0,1755646500,1M 2335 MET/MYR,1755661693,1755661699,585,0,0
1755646530_D..S05R,141550_D..S05R,D,1,1755646530,1D 2335+ 205/STL,1755661038,1755661047,494,0,0
1755646740_F..N20R,141900_F..N20R,F,0,1755646740,1F 2339 STL/179,1755668306,1755668315,1434,0,0
1755646830_D..S05R,142050_D..S05R,D,1,1755646830,1D 2340+ BPK/STL,1755667975,1755667984,925,1,0
1755647100_F..S20R,142500_F..S20R,F,1,1755647100,1F 2345 179/STL,1755668330,1755668336,1389,0,0
1755647100_M..S30R,142500_M..S30R,M,1,1755647100,1M 2345 MYR/MET,1755662219,1755662224,576,0,0
1755647130_D..N05R,142550_D..N05R,D,0,1755647130,1D 2345+ STL/205,1755667375,1755667384,1260,0,0
1755647370_FS.N01R,142950_FS.N01R,FS,0,1755647370,1FS 2349+ PPK/FKN,1755665362,1755665372,618,0,0
1755647400_M..N30R,143000_M..N30R,M,0,1755647400,1M 2350 MET/MYR,1755662495,1755662504,574,0,0
1755647430_D..S05R,143050_D..S05R,D,1,1755647430,1D 2350+ 205/STL,1755661969,1755661978,499,0,0
1755647520_F..N20R,143200_F..N20R,F,0,1755647520,1F 2352 STL/179,1755668795,1755668801,1396,0,0
1755647730_D..S05R,143550_D..S05R,D,1,1755647730,1D 2355+ BPK/STL,1755668170,1755668180,826,0,0
1755647970_D..N05R,143950_D..N05R,D,0,1755647970,1D 2359+ STL/205,1755668125,1755668135,1248,0,0
1755648000_M..S30R,000000_M..S30R,M,1,1755648000,1M 0000 MYR/MET,1755663215,1755663225,590,0,0
1755648030_F..S20R,000050_F..S20R,F,1,1755648030,1F 0000+ 179/STL,1755669131,1755669141,1373,0,0
1755648360_D..S05R,000600_D..S05R,D,1,1755648360,1D 0006 205/STL,1755662864,1755662870,495,0,0
1755648360_F..N20R,000600_F..N20R,F,0,1755648360,1F 0006 STL/179,1755669681,1755669687,1402,0,0
1755648360_M..N30R,000600_M..N30R,M,0,1755648360,1M 0006 MET/MYR,1755663420,1755663426,569,0,0
1755648570_FS.N01R,000950_FS.N01R,FS,0,1755648570,1FS 0009+ PPK/FKN,1755665362,1755665372,618,0,0
1755648660_D..S05R,001100_D..S05R,D,1,1755648660,1D 0011 BPK/STL,1755668756,1755668765,784,0,0
1755648900_M..S30R,001500_M..S30R,M,1,1755648900,1M 0015 MYR/MET,1755664786,1755664792,679,0,0
1755648990_D..N05R,001650_D..N05R,D,0,1755648990,1D 0016+ STL/205,1755669561,1755669567,1302,0,0
1755649170_F..S20R,001950_F..S20R,F,1,1755649170,1F 0019+ 179/STL,1755670393,1755670402,1389,0,0
1755649290_F..N20R,002150_F..N20R,F,0,1755649290,1F 0021+ STL/179,1755670853,1755670868,1419,0,0
1755649440_M..N30R,002400_M..N30R,M,0,1755649440,1M 0024 MET/MYR,1755664546,1755664552,575,0,0
1755649530_D..S05R,002550_D..S05R,D,1,1755649530,1D 0025+ 205/STL,1755664005,1755664011,491,0,0
1755649770_D..S05R,002950_D..S05R,D,1,1755649770,1D 0029+ BPK/STL,1755669882,1755669891,782,0,0
1755649770_FS.N01R,002950_FS.N01R,FS,0,1755649770,1FS 0029+ PPK/FKN,1755665377,1755665387,620,0,0
1755649800_M..S30R,003000_M..S30R,M,1,1755649800,1M 0030 MYR/MET,1755665026,1755665032,591,0,0
1755650160_D..N05R,003600_D..N05R,D,0,1755650160,1D 0036 STL/205,1755670958,1755670973,1310,0,0
1755650370_F..S20R,003950_F..S20R,F,1,1755650370,1F 0039+ 179/STL,1755672450,1755672459,1443,0,0
1755650400_FS.S01R,004000_FS.S01R,FS,1,1755650400,1FS 0040 FKN/PPK,1755667789,1755667795,879,0,0
1755650490_F..N20R,004150_F..N20R,F,0,1755650490,1F 0041+ STL/179,1755671879,1755671889,1351,0,0
1755650640_M..N30R,004400_M..N30R,M,0,1755650640,1M 0044 MET/MYR,1755665738,1755665747,574,0,0
1755650700_M..S30R,004500_M..S30R,M,1,1755650700,1M 0045 MYR/MET,1755666068,1755666078,610,0,0
1755650730_D..S05R,004550_D..S05R,D,1,1755650730,1D 0045+ 205/STL,1755665222,1755665227,493,0,0
1755650970_D..S05R,004950_D..S05R,D,1,1755650970,1D 0049+ BPK/STL,1755671528,1755671543,786,0,0
1755650970_FS.N01R,004950_FS.N01R,FS,0,1755650970,1FS 0049+ PPK/FKN,1755667825,1755667834,808,0,0
1755651360_D..N05R,005600_D..N05R,D,0,1755651360,1D 0056 STL/205,1755671819,1755671829,1227,0,0
1755651570_F..S20R,005950_F..S20R,F,1,1755651570,1F 0059+ 179/STL,1755673651,1755673661,1443,0,0
1755651600_FS.S01R,006000_FS.S01R,FS,1,1755651600,1FS 0100 FKN/PPK,1755667789,1755667795,601,0,0
1755651690_F..N20R,006150_F..N20R,F,0,1755651690,1F 0101+ STL/179,1755673651,1755673661,1426,0,0
1755651720_M..S30R,006200_M..S30R,M,1,1755651720,1M 0102 MYR/MET,1755667114,1755667119,612,0,0
1755651840_M..N30R,006400_M..N30R,M,0,1755651840,1M 0104 MET/MYR,1755666873,1755666879,564,0,0
1755652170_D..S05R,006950_D..S05R,D,1,1755652170,1D 0109+ BPK/STL,1755673170,1755673180,845,0,0
1755652170_FS.N01R,006950_FS.N01R,FS,0,1755652170,1FS 0109+ PPK/FKN,1755667825,1755667834,608,0,0
1755652560_D..N05R,007600_D..N05R,D,0,1755652560,1D 0116 STL/205,1755672480,1755672489,1155,0,0
1755652770_F..S20R,007950_F..S20R,F,1,1755652770,1F 0119+ 179/STL,1755674757,1755674762,1430,0,0
1755652800_FS.S01R,008000_FS.S01R,FS,1,1755652800,1FS 0120 FKN/PPK,1755667795,1755667804,560,0,0
1755652890_F..N20R,008150_F..N20R,F,0,1755652890,1F 0121+ STL/179,1755675357,1755675363,1494,0,0
1755652920_M..S30R,008200_M..S30R,M,1,1755652920,1M 0122 MYR/MET,1755668210,1755668216,598,0,0
1755653040_M..N30R,008400_M..N30R,M,0,1755653040,1M 0124 MET/MYR,1755668155,1755668165,575,0,0
1755653130_D..S05R,008550_D..S05R,D,1,1755653130,1D 0125+ 205/STL,1755667675,1755667684,500,0,0
1755653370_D..S05R,008950_D..S05R,D,1,1755653370,1D 0129+ BPK/STL,1755673651,1755673661,735,0,0
1755653370_FS.N01R,008950_FS.N01R,FS,0,1755653370,1FS 0129+ PPK/FKN,1755668576,1755668585,587,0,0
1755653760_D..N05R,009600_D..N05R,D,0,1755653760,1D 0136 STL/205,1755674612,1755674622,1279,0,0
1755653970_F..S20R,009950_F..S20R,F,1,1755653970,1F 0139+ 179/STL,1755676033,1755676038,1440,0,0
1755654000_FS.S01R,010000_FS.S01R,FS,1,1755654000,1FS 0140 FKN/PPK,1755671904,1755671909,886,0,0
1755654090_F..N20R,010150_F..N20R,F,0,1755654090,1F 0141+ STL/179,1755675793,1755675798,1392,0,0
1755654120_M..S30R,010200_M..S30R,M,1,1755654120,1M 0142 MYR/MET,1755669877,1755669882,660,0,0
1755654240_M..N30R,010400_M..N30R,M,0,1755654240,1M 0144 MET/MYR,1755669417,1755669426,583,0,0
1755654330_D..S05R,010550_D..S05R,D,1,1755654330,1D 0145+ 205/STL,1755668915,1755668921,504,0,0
1755654570_D..S05R,010950_D..S05R,D,1,1755654570,1D 0149+ BPK/STL,1755675228,1755675237,781,0,0
1755654570_FS.N01R,010950_FS.N01R,FS,0,1755654570,1FS 0149+ PPK/FKN,1755671984,1755671994,821,0,0
1755654960_D..N05R,011600_D..N05R,D,0,1755654960,1D 0156 STL/205,1755680153,1755680163,2304,0,0
1755655170_F..S20R,011950_F..S20R,F,1,1755655170,1F 0159+ 179/STL,1755676514,1755676519,1344,0,0
1755655290_F..N20R,012150_F..N20R,F,0,1755655290,1F 0201+ STL/179,1755676394,1755676399,1312,0,0
1755655320_M..S30R,012200_M..S30R,M,1,1755655320,1M 0202 MYR/MET,1755670438,1755670447,575,0,0
1755655440_M..N30R,012400_M..N30R,M,0,1755655440,1M 0204 MET/MYR,1755670573,1755670582,577,0,0
1755655530_D..S05R,012550_D..S05R,D,1,1755655530,1D 0205+ 205/STL,1755670102,1755670107,502,0,0
1755655770_D..S05R,012950_D..S05R,D,1,1755655770,1D 0209+ BPK/STL,1755675913,1755675919,714,0,0
1755655770_FS.N01R,012950_FS.N01R,FS,0,1755655770,1FS 0209+ PPK/FKN,1755671984,1755671994,577,0,0
1755656190_D..N05R,013650_D..N05R,D,0,1755656190,1D 0216+ STL/205,1755676069,1755676078,1149,0,0
1755656340_F..N20R,013900_F..N20R,F,0,1755656340,1F 0219 STL/179,1755677540,1755677550,1425,0,0
1755656370_F..S20R,013950_F..S20R,F,1,1755656370,1F 0219+ 179/STL,1755677285,1755677294,1353,0,0
1755656520_M..S30R,014200_M..S30R,M,1,1755656520,1M 0222 MYR/MET,1755672960,1755672970,691,0,0
1755656640_M..N30R,014400_M..N30R,M,0,1755656640,1M 0224 MET/MYR,1755671684,1755671693,505,0,0
1755656730_D..S05R,014550_D..S05R,D,1,1755656730,1D 0225+ 205/STL,1755671744,1755671754,501,1,0
1755656970_D..S05R,014950_D..S05R,D,1,1755656970,1D 0229+ BPK/STL,1755677300,1755677309,808,1,1
1755656970_FS.N01R,014950_FS.N01R,FS,0,1755656970,1FS 0229+ PPK/FKN,1755671999,1755672009,503,0,0
1755657390_D..N05R,015650_D..N05R,D,0,1755657390,1D 0236+ STL/205,1755677099,1755677105,1168,0,0
1755657570_F..S20R,015950_F..S20R,F,1,1755657570,1F 0239+ 179/STL,1755679042,1755679051,1662,0,0
1755657600_FS.S01R,016000_FS.S01R,FS,1,1755657600,1FS 0240 FKN/PPK,1755679487,1755679492,1776,0,0
1755657720_M..S30R,016200_M..S30R,M,1,1755657720,1M 0242 MYR/MET,1755672960,1755672970,532,0,0
1755657840_M..N30R,016400_M..N30R,M,0,1755657840,1M 0244 MET/MYR,1755672930,1755672940,512,0,0
1755657930_D..S05R,016550_D..S05R,D,1,1755657930,1D 0245+ 205/STL,1755672765,1755672775,478,1,0
1755658170_D..S05R,016950_D..S05R,D,1,1755658170,1D 0249+ BPK/STL,1755678186,1755678196,908,1,1
1755658170_FS.N01R,016950_FS.N01R,FS,0,1755658170,1FS 0249+ PPK/FKN,1755679597,1755679607,1730,0,0
1755658200_F..N20R,017000_F..N20R,F,0,1755658200,1F 0250 STL/179,1755678541,1755678546,1155,0,0
1755658590_D..N05R,017650_D..N05R,D,0,1755658590,1D 0256+ STL/205,1755678721,1755678726,1440,0,0
1755658770_F..S20R,017950_F..S20R,F,1,1755658770,1F 0259+ 179/STL,1755679702,1755679712,1678,0,0
1755658920_M..S30R,018200_M..S30R,M,1,1755658920,1M 0302 MYR/MET,1755675493,1755675498,709,0,0
1755659040_M..N30R,018400_M..N30R,M,0,1755659040,1M 0304 MET/MYR,1755674086,1755674096,506,0,0
1755659130_D..S05R,018550_D..S05R,D,1,1755659130,1D 0305+ 205/STL,1755673726,1755673736,446,0,0
1755659370_D..S05R,018950_D..S05R,D,1,1755659370,1D 0309+ BPK/STL,1755679162,1755679172,1040,0,0
1755659370_FS.N01R,018950_FS.N01R,FS,0,1755659370,1FS 0309+ PPK/FKN,1755679607,1755679612,552,0,0
1755659790_D..N05R,019650_D..N05R,D,0,1755659790,1D 0316+ STL/205,1755680393,,1725,0,0
1755659970_F..S20R,019950_F..S20R,F,1,1755659970,1F 0319+ 179/STL,1755680393,,1711,0,0
1755660000_F..N20R,020000_F..N20R,F,0,1755660000,1F 0320 STL/179,1755680393,,1709,0,0
1755660120_M..S30R,020200_M..S30R,M,1,1755660120,1M 0322 MYR/MET,1755675493,1755675498,569,0,0
1755660240_M..N30R,020400_M..N30R,M,0,1755660240,1M 0324 MET/MYR,1755675318,1755675327,538,0,0
1755660330_D..S05R,020550_D..S05R,D,1,1755660330,1D 0325+ 205/STL,1755674997,1755675002,484,0,0
1755660570_D..S05R,020950_D..S05R,D,1,1755660570,1D 0329+ BPK/STL,1755680393,,1198,1,1
1755660570_FS.N01R,020950_FS.N01R,FS,0,1755660570,1FS 0329+ PPK/FKN,1755679607,1755679612,593,0,0
1755660990_D..N05R,021650_D..N05R,D,0,1755660990,1D 0336+ STL/205,1755680393,,1625,0,0
1755661170_F..S20R,021950_F..S20R,F,1,1755661170,1F 0339+ 179/STL,1755680393,,1601,0,0
1755661200_F..N20R,022000_F..N20R,F,0,1755661200,1F 0340 STL/179,1755680393,,1597,0,0
1755661320_M..S30R,022200_M..S30R,M,1,1755661320,1M 0342 MYR/MET,1755676514,1755676519,585,0,0
1755661440_M..N30R,022400_M..N30R,M,0,1755661440,1M 0344 MET/MYR,1755676594,1755676604,580,0,0
1755661530_D..S05R,022550_D..S05R,D,1,1755661530,1D 0345+ 205/STL,1755675973,1755675978,486,0,0
1755661770_D..S05R,022950_D..S05R,D,1,1755661770,1D 0349+ BPK/STL,1755680393,,1068,0,0
1755661770_FS.N01R,022950_FS.N01R,FS,0,1755661770,1FS 0349+ PPK/FKN,1755679607,1755679612,649,0,0
1755662190_D..N05R,023650_D..N05R,D,0,1755662190,1D 0356+ STL/205,1755680393,,1466,0,0
1755662370_F..S20R,023950_F..S20R,F,1,1755662370,1F 0359+ 179/STL,1755680393,,1442,0,0
1755662400_F..N20R,024000_F..N20R,F,0,1755662400,1F 0400 STL/179,1755680393,,1438,0,0
1755576240_G..N14R,024400_G..N14R,G,0,1755576240,1G 0404 CHU/CRS,1755592486,1755592490,725,0,0
1755576840_G..S14R,025400_G..S14R,G,1,1755576840,1G 0414 CRS/CHU,1755593586,1755593597,793,0,0
1755577440_G..N14R,026400_G..N14R,G,0,1755577440,1G 0424 CHU/CRS,1755594007,1755594017,769,0,0
1755578040_G..S14R,027400_G..S14R,G,1,1755578040,1G 0434 CRS/CHU,1755594502,1755594513,755,0,0
1755578580_G..N14R,028300_G..N14R,G,0,1755578580,1G 0443 CHU/CRS,1755595133,1755595144,767,0,0
1755579240_G..S14R,029400_G..S14R,G,1,1755579240,1G 0454 CRS/CHU,1755595553,1755595564,735,0,0
1755579660_G..N14R,030100_G..N14R,G,0,1755579660,1G 0501 CHU/CRS,1755596244,1755596255,771,0,0
1755580440_G..S14R,031400_G..S14R,G,1,1755580440,1G 0514 CRS/CHU,1755596770,1755596780,737,0,0
1755580650_G..N14R,031750_G..N14R,G,0,1755580650,1G 0517+ CHU/CRS,1755597205,1755597216,768,0,0
1755581400_G..N14R,033000_G..N14R,G,0,1755581400,1G 0530 CHU/CRS,1755597816,1755597821,749,0,0
1755581640_G..S14R,033400_G..S14R,G,1,1755581640,1G 0534 CRS/CHU,1755598376,1755598387,792,0,0
1755582060_G..N14R,034100_G..N14R,G,0,1755582060,1G 0541 CHU/CRS,1755598496,1755598507,752,0,0
1755582510_G..S14R,034850_G..S14R,G,1,1755582510,1G 0548+ CRS/CHU,1755599337,1755599348,804,0,0
1755582720_G..N14R,035200_G..N14R,G,0,1755582720,1G 0552 CHU/CRS,1755599202,1755599213,758,0,0
1755583140_G..N14R,035900_G..N14R,G,0,1755583140,1G 0559 CHU/CRS,1755599517,1755599528,744,0,0
1755583200_G..S14R,036000_G..S14R,G,1,1755583200,1G 0600 CRS/CHU,1755599663,1755599667,755,0,0
1755583590_G..N14R,036650_G..N14R,G,0,1755583590,1G 0606+ CHU/CRS,1755600043,1755600054,754,0,0
1755584040_G..S14R,037400_G..S14R,G,1,1755584040,1G 0614 CRS/CHU,1755600824,1755600834,798,0,0
1755584070_G..N14R,037450_G..N14R,G,0,1755584070,1G 0614+ CHU/CRS,1755600553,1755600564,758,1,0
1755584430_G..N14R,038050_G..N14R,G,0,1755584430,1G 0620+ CHU/CRS,1755601229,1755601240,800,0,0
1755584640_G..S14R,038400_G..S14R,G,1,1755584640,1G 0624 CRS/CHU,1755601124,1755601135,758,0,0
1755584880_G..N14R,038800_G..N14R,G,0,1755584880,1G 0628 CHU/CRS,1755601465,1755601469,771,0,0
1755585300_G..N14R,039500_G..N14R,G,0,1755585300,1G 0635 CHU/CRS,1755601825,1755601830,763,0,0
1755585300_G..S14R,039500_G..S14R,G,1,1755585300,1G 0635 CRS/CHU,1755601665,1755601675,742,0,0
1755585900_G..N14R,040500_G..N14R,G,0,1755585900,1G 0645 CHU/CRS,1755602310,1755602321,748,0,0
1755585930_G..S14R,040550_G..S14R,G,1,1755585930,1G 0645+ CRS/CHU,1755602471,1755602475,765,0,0
1755586350_G..N14R,041250_G..N14R,G,0,1755586350,1G 0652+ CHU/CRS,1755602791,1755602801,752,0,0
1755586410_G..S14R,041350_G..S14R,G,1,1755586410,1G 0653+ CRS/CHU,1755603181,1755603192,796,0,0
1755586740_G..N14R,041900_G..N14R,G,0,1755586740,1G 0659 CHU/CRS,1755603226,1755603237,758,0,0
1755586860_G..S14R,042100_G..S14R,G,1,1755586860,1G 0701 CRS/CHU,1755603557,1755603567,786,0,0
1755587130_G..N14R,042550_G..N14R,G,0,1755587130,1G 0705+ CHU/CRS,1755603647,1755603657,762,0,0
1755587310_G..S14R,042850_G..S14R,G,1,1755587310,1G 0708+ CRS/CHU,1755603992,1755604003,784,0,0
1755587550_G..N14R,043250_G..N14R,G,0,1755587550,1G 0712+ CHU/CRS,1755603977,1755603988,750,0,0
1755587700_G..S14R,043500_G..S14R,G,1,1755587700,1G 0715 CRS/CHU,1755604112,1755604123,748,0,0
1755588030_G..N14R,044050_G..N14R,G,0,1755588030,1G 0720+ CHU/CRS,1755604698,1755604708,782,0,0
1755588150_G..S14R,044250_G..S14R,G,1,1755588150,1G 0722+ CRS/CHU,1755604693,1755604698,765,0,0
1755588420_G..N14R,044700_G..N14R,G,0,1755588420,1G 0727 CHU/CRS,1755605039,1755605043,775,0,0
1755588630_G..S14R,045050_G..S14R,G,1,1755588630,1G 0730+ CRS/CHU,1755605219,1755605223,771,0,0
1755588840_G..N14R,045400_G..N14R,G,0,1755588840,1G 0734 CHU/CRS,1755605388,1755605399,766,0,0
1755589080_G..S14R,045800_G..S14R,G,1,1755589080,1G 0738 CRS/CHU,1755605639,1755605644,767,0,0
1755589230_G..N14R,046050_G..N14R,G,0,1755589230,1G 0740+ CHU/CRS,1755605764,1755605774,764,0,0
1755589470_G..S14R,046450_G..S14R,G,1,1755589470,1G 0744+ CRS/CHU,1755605869,1755605880,746,0,0
1755589710_G..N14R,046850_G..N14R,G,0,1755589710,1G 0748+ CHU/CRS,1755606169,1755606180,754,0,0
1755589920_G..S14R,047200_G..S14R,G,1,1755589920,1G 0752 CRS/CHU,1755606515,1755606525,772,0,0
1755590220_G..N14R,047700_G..N14R,G,0,1755590220,1G 0757 CHU/CRS,1755606606,1755606615,744,0,0
1755590340_G..S14R,047900_G..S14R,G,1,1755590340,1G 0759 CRS/CHU,1755606901,1755606905,767,0,0
1755590760_G..N14R,048600_G..N14R,G,0,1755590760,1G 0806 CHU/CRS,1755607175,1755607186,748,0,0
1755590820_G..S14R,048700_G..S14R,G,1,1755590820,1G 0807 CRS/CHU,1755607682,1755607686,808,0,0
1755591180_G..N14R,049300_G..N14R,G,0,1755591180,1G 0813 CHU/CRS,1755607606,1755607611,750,0,0
1755591240_G..S14R,049400_G..S14R,G,1,1755591240,1G 0814 CRS/CHU,1755608136,1755608147,813,0,0
1755591630_G..N14R,050050_G..N14R,G,0,1755591630,1G 0820+ CHU/CRS,1755608267,1755608271,778,0,0
1755591660_G..S14R,050100_G..S14R,G,1,1755591660,1G 0821 CRS/CHU,1755608902,1755608913,859,0,0
1755592020_G..S14R,050700_G..S14R,G,1,1755592020,1G 0827 CRS/CHU,1755608902,1755608913,811,0,0
1755592140_G..N14R,050900_G..N14R,G,0,1755592140,1G 0829 CHU/CRS,1755608602,1755608612,755,0,0
1755592530_G..N14R,051550_G..N14R,G,0,1755592530,1G 0835+ CHU/CRS,1755609157,1755609168,777,0,0
1755592530_G..S14R,051550_G..S14R,G,1,1755592530,1G 0835+ CRS/CHU,1755609288,1755609293,794,0,0
1755592920_G..N14R,052200_G..N14R,G,0,1755592920,1G 0842 CHU/CRS,1755609443,1755609453,763,0,0
1755593010_G..S14R,052350_G..S14R,G,1,1755593010,1G 0843+ CRS/CHU,1755609709,1755609713,786,0,0
1755593460_G..N14R,053100_G..N14R,G,0,1755593460,1G 0851 CHU/CRS,1755610009,1755610013,765,0,0
1755593490_G..S14R,053150_G..S14R,G,1,1755593490,1G 0851+ CRS/CHU,1755610073,1755610084,770,0,0
1755593820_G..N14R,053700_G..N14R,G,0,1755593820,1G 0857 CHU/CRS,1755610354,1755610359,763,0,0
1755594000_G..S14R,054000_G..S14R,G,1,1755594000,1G 0900 CRS/CHU,1755610749,1755610760,792,0,0
1755594180_G..N14R,054300_G..N14R,G,0,1755594180,1G 0903 CHU/CRS,1755610730,1755610734,765,0,0
1755594480_G..S14R,054800_G..S14R,G,1,1755594480,1G 0908 CRS/CHU,1755611230,1755611240,792,0,0
1755594720_G..N14R,055200_G..N14R,G,0,1755594720,1G 0912 CHU/CRS,1755611245,1755611255,762,0,0
1755594900_G..S14R,055500_G..S14R,G,1,1755594900,1G 0915 CRS/CHU,1755611375,1755611380,755,0,0
1755595260_G..N14R,056100_G..N14R,G,0,1755595260,1G 0921 CHU/CRS,1755611916,1755611920,780,0,0
1755595350_G..S14R,056250_G..S14R,G,1,1755595350,1G 0922+ CRS/CHU,1755611815,1755611826,755,0,0
1755595740_G..N14R,056900_G..N14R,G,0,1755595740,1G 0929 CHU/CRS,1755612401,1755612411,781,0,0
1755595770_G..S14R,056950_G..S14R,G,1,1755595770,1G 0929+ CRS/CHU,1755612641,1755612652,809,0,0
1755596160_G..N14R,057600_G..N14R,G,0,1755596160,1G 0936 CHU/CRS,1755612701,1755612712,765,0,0
1755596220_G..S14R,057700_G..S14R,G,1,1755596220,1G 0937 CRS/CHU,1755612776,1755612787,767,0,0
1755596730_G..S14R,058550_G..S14R,G,1,1755596730,1G 0945+ CRS/CHU,1755613718,1755613722,823,0,0
1755596820_G..N14R,058700_G..N14R,G,0,1755596820,1G 0947 CHU/CRS,1755613362,1755613372,764,0,0
1755597240_G..S14R,059400_G..S14R,G,1,1755597240,1G 0954 CRS/CHU,1755613883,1755613887,777,0,0
1755597360_G..N14R,059600_G..N14R,G,0,1755597360,1G 0956 CHU/CRS,1755613782,1755613793,748,0,0
1755597720_G..S14R,060200_G..S14R,G,1,1755597720,1G 1002 CRS/CHU,1755614158,1755614168,750,0,0
1755597810_G..N14R,060350_G..N14R,G,0,1755597810,1G 1003+ CHU/CRS,1755614293,1755614303,756,0,0
1755598200_G..S14R,061000_G..S14R,G,1,1755598200,1G 1010 CRS/CHU,1755615044,1755615054,804,0,0
1755598230_G..N14R,061050_G..N14R,G,0,1755598230,1G 1010+ CHU/CRS,1755614578,1755614589,738,0,0
1755598650_G..N14R,061750_G..N14R,G,0,1755598650,1G 1017+ CHU/CRS,1755615314,1755615324,780,0,0
1755598680_G..S14R,061800_G..S14R,G,1,1755598680,1G 1018 CRS/CHU,1755616080,1755616090,878,1,0
1755599100_G..S14R,062500_G..S14R,G,1,1755599100,1G 1025 CRS/CHU,1755616365,1755616375,861,0,0
1755599190_G..N14R,062650_G..N14R,G,0,1755599190,1G 1026+ CHU/CRS,1755615805,1755615809,774,0,0
1755599580_G..S14R,063300_G..S14R,G,1,1755599580,1G 1033 CRS/CHU,1755616991,1755616996,880,0,0
1755599640_G..N14R,063400_G..N14R,G,0,1755599640,1G 1034 CHU/CRS,1755616290,1755616300,779,0,0
1755600060_G..S14R,064100_G..S14R,G,1,1755600060,1G 1041 CRS/CHU,1755617401,1755617412,871,0,0
1755600120_G..N14R,064200_G..N14R,G,0,1755600120,1G 1042 CHU/CRS,1755617126,1755617131,826,0,0
1755600540_G..S14R,064900_G..S14R,G,1,1755600540,1G 1049 CRS/CHU,1755617866,1755617877,869,0,0
1755600570_G..N14R,064950_G..N14R,G,0,1755600570,1G 1049+ CHU/CRS,1755617266,1755617276,785,0,0
1755600990_G..N14R,065650_G..N14R,G,0,1755600990,1G 1056+ CHU/CRS,1755617566,1755617577,769,0,0
1755601080_G..S14R,065800_G..S14R,G,1,1755601080,1G 1058 CRS/CHU,1755618167,1755618177,837,0,0
1755601470_G..N14R,066450_G..N14R,G,0,1755601470,1G 1104+ CHU/CRS,1755618478,1755618482,826,0,0
1755601560_G..S14R,066600_G..S14R,G,1,1755601560,1G 1106 CRS/CHU,1755619278,1755619288,921,0,0
1755601920_G..N14R,067200_G..N14R,G,0,1755601920,1G 1112 CHU/CRS,1755618673,1755618677,792,0,0
1755602040_G..S14R,067400_G..S14R,G,1,1755602040,1G 1114 CRS/CHU,1755619634,1755619638,904,0,0
1755602400_G..N14R,068000_G..N14R,G,0,1755602400,1G 1120 CHU/CRS,1755619068,1755619078,782,0,0
1755602520_G..S14R,068200_G..S14R,G,1,1755602520,1G 1122 CRS/CHU,1755619919,1755619924,879,0,0
1755602880_G..N14R,068800_G..N14R,G,0,1755602880,1G 1128 CHU/CRS,1755619458,1755619469,770,0,0
1755603000_G..S14R,069000_G..S14R,G,1,1755603000,1G 1130 CRS/CHU,1755620299,1755620309,866,0,0
1755603300_G..N14R,069500_G..N14R,G,0,1755603300,1G 1135 CHU/CRS,1755619834,1755619844,764,0,0
1755603480_G..S14R,069800_G..S14R,G,1,1755603480,1G 1138 CRS/CHU,1755620584,1755620595,840,0,0
1755603960_G..N14R,070600_G..N14R,G,0,1755603960,1G 1146 CHU/CRS,1755620539,1755620550,770,0,0
1755603960_G..S14R,070600_G..S14R,G,1,1755603960,1G 1146 CRS/CHU,1755621120,1755621125,847,0,0
1755604440_G..N14R,071400_G..N14R,G,0,1755604440,1G 1154 CHU/CRS,1755621005,1755621015,768,0,0
1755604440_G..S14R,071400_G..S14R,G,1,1755604440,1G 1154 CRS/CHU,1755621766,1755621771,869,0,0
1755604890_G..S14R,072150_G..S14R,G,1,1755604890,1G 1201+ CRS/CHU,1755622322,1755622326,883,0,0
1755604920_G..N14R,072200_G..N14R,G,0,1755604920,1G 1202 CHU/CRS,1755621545,1755621556,776,0,0
1755605340_G..N14R,072900_G..N14R,G,0,1755605340,1G 1209 CHU/CRS,1755622116,1755622126,797,0,0
1755605340_G..S14R,072900_G..S14R,G,1,1755605340,1G 1209 CRS/CHU,1755622146,1755622156,801,0,0
1755605850_G..S14R,073750_G..S14R,G,1,1755605850,1G 1217+ CRS/CHU,1755622401,1755622412,767,0,0
1755605940_G..N14R,073900_G..N14R,G,0,1755605940,1G 1219 CHU/CRS,1755622547,1755622551,774,0,0
1755606360_G..N14R,074600_G..N14R,G,0,1755606360,1G 1226 CHU/CRS,1755622957,1755622967,773,0,0
1755606360_G..S14R,074600_G..S14R,G,1,1755606360,1G 1226 CRS/CHU,1755622862,1755622867,760,0,0
1755606780_G..N14R,075300_G..N14R,G,0,1755606780,1G 1233 CHU/CRS,1755623813,1755623823,831,0,0
1755606810_G..S14R,075350_G..S14R,G,1,1755606810,1G 1233+ CRS/CHU,1755623287,1755623298,757,0,0
1755607260_G..S14R,076100_G..S14R,G,1,1755607260,1G 1241 CRS/CHU,1755623617,1755623628,741,0,0
1755607380_G..N14R,076300_G..N14R,G,0,1755607380,1G 1243 CHU/CRS,1755623828,1755623838,753,0,0
1755607680_G..S14R,076800_G..S14R,G,1,1755607680,1G 1248 CRS/CHU,1755624454,1755624458,796,0,0
1755607830_G..N14R,077050_G..N14R,G,0,1755607830,1G 1250+ CHU/CRS,1755624289,1755624293,754,0,0
1755608130_G..S14R,077550_G..S14R,G,1,1755608130,1G 1255+ CRS/CHU,1755624789,1755624799,781,0,0
1755608280_G..N14R,077800_G..N14R,G,0,1755608280,1G 1258 CHU/CRS,1755624889,1755624894,774,0,0
1755608640_G..S14R,078400_G..S14R,G,1,1755608640,1G 1304 CRS/CHU,1755625134,1755625144,759,0,0
1755608700_G..N14R,078500_G..N14R,G,0,1755608700,1G 1305 CHU/CRS,1755625494,1755625505,799,0,0
1755609060_G..S14R,079100_G..S14R,G,1,1755609060,1G 1311 CRS/CHU,1755625975,1755625985,815,0,0
1755609360_G..N14R,079600_G..N14R,G,0,1755609360,1G 1316 CHU/CRS,1755626020,1755626030,781,0,0
1755609540_G..S14R,079900_G..S14R,G,1,1755609540,1G 1319 CRS/CHU,1755625990,1755626000,754,0,0
1755609810_G..N14R,080350_G..N14R,G,0,1755609810,1G 1323+ CHU/CRS,1755626425,1755626436,776,0,0
1755610080_G..S14R,080800_G..S14R,G,1,1755610080,1G 1328 CRS/CHU,1755626891,1755626901,802,0,0
1755610230_G..N14R,081050_G..N14R,G,0,1755610230,1G 1330+ CHU/CRS,1755626921,1755626931,786,0,0
1755610560_G..S14R,081600_G..S14R,G,1,1755610560,1G 1336 CRS/CHU,1755627622,1755627627,835,0,0
1755610650_G..N14R,081750_G..N14R,G,0,1755610650,1G 1337+ CHU/CRS,1755627041,1755627051,746,0,0
1755611070_G..N14R,082450_G..N14R,G,0,1755611070,1G 1344+ CHU/CRS,1755627462,1755627472,746,0,0
1755611100_G..S14R,082500_G..S14R,G,1,1755611100,1G 1345 CRS/CHU,1755627757,1755627762,781,0,0
1755611490_G..N14R,083150_G..N14R,G,0,1755611490,1G 1351+ CHU/CRS,1755627837,1755627847,740,0,0
1755611550_G..S14R,083250_G..S14R,G,1,1755611550,1G 1352+ CRS/CHU,1755628017,1755628027,756,0,0
1755611910_G..N14R,083850_G..N14R,G,0,1755611910,1G 1358+ CHU/CRS,1755628358,1755628362,753,0,0
1755612060_G..S14R,084100_G..S14R,G,1,1755612060,1G 1401 CRS/CHU,1755628643,1755628648,771,0,0
1755612390_G..N14R,084650_G..N14R,G,0,1755612390,1G 1406+ CHU/CRS,1755629364,1755629368,823,0,0
1755612510_G..S14R,084850_G..S14R,G,1,1755612510,1G 1408+ CRS/CHU,1755629263,1755629274,794,0,0
1755612840_G..N14R,085400_G..N14R,G,0,1755612840,1G 1414 CHU/CRS,1755629364,1755629368,763,0,0
1755612930_G..S14R,085550_G..S14R,G,1,1755612930,1G 1415+ CRS/CHU,1755629819,1755629829,812,0,0
1755613320_G..S14R,086200_G..S14R,G,1,1755613320,1G 1422 CRS/CHU,1755630870,1755630880,900,0,0
1755613500_G..N14R,086500_G..N14R,G,0,1755613500,1G 1425 CHU/CRS,1755630239,1755630250,792,0,0
1755613830_G..S14R,087050_G..S14R,G,1,1755613830,1G 1430+ CRS/CHU,1755631441,1755631451,908,0,0
1755613920_G..N14R,087200_G..N14R,G,0,1755613920,1G 1432 CHU/CRS,1755630465,1755630475,766,0,0
1755614370_G..S14R,087950_G..S14R,G,1,1755614370,1G 1439+ CRS/CHU,1755631511,1755631516,845,0,0
1755614520_G..N14R,088200_G..N14R,G,0,1755614520,1G 1442 CHU/CRS,1755630985,1755630990,755,0,0
1755614850_G..S14R,088750_G..S14R,G,1,1755614850,1G 1447+ CRS/CHU,1755631936,1755631946,838,0,0
1755614970_G..N14R,088950_G..N14R,G,0,1755614970,1G 1449+ CHU/CRS,1755631426,1755631436,754,0,0
1755615390_G..N14R,089650_G..N14R,G,0,1755615390,1G 1456+ CHU/CRS,1755632176,1755632187,798,0,0
1755615390_G..S14R,089650_G..S14R,G,1,1755615390,1G 1456+ CRS/CHU,1755632172,1755632176,797,0,0
1755615930_G..S14R,090550_G..S14R,G,1,1755615930,1G 1505+ CRS/CHU,1755632592,1755632597,781,0,0
1755615960_G..N14R,090600_G..N14R,G,0,1755615960,1G 1506 CHU/CRS,1755633092,1755633103,844,0,0
1755616380_G..N14R,091300_G..N14R,G,0,1755616380,1G 1513 CHU/CRS,1755633478,1755633483,839,0,0
1755616440_G..S14R,091400_G..S14R,G,1,1755616440,1G 1514 CRS/CHU,1755633167,1755633178,790,0,0
1755616800_G..N14R,092000_G..N14R,G,0,1755616800,1G 1520 CHU/CRS,1755631786,1755631796,558,0,0
1755616890_G..S14R,092150_G..S14R,G,1,1755616890,1G 1521+ CRS/CHU,1755633373,1755633378,757,0,0
1755617190_G..N14R,092650_G..N14R,G,0,1755617190,1G 1526+ CHU/CRS,1755634079,1755634083,811,0,0
1755617400_G..S14R,093000_G..S14R,G,1,1755617400,1G 1530 CRS/CHU,1755633933,1755633944,764,0,0
1755617730_G..N14R,093550_G..N14R,G,0,1755617730,1G 1535+ CHU/CRS,1755634234,1755634244,760,0,0
1755617910_G..S14R,093850_G..S14R,G,1,1755617910,1G 1538+ CRS/CHU,1755634219,1755634229,734,0,0
1755618270_G..N14R,094450_G..N14R,G,0,1755618270,1G 1544+ CHU/CRS,1755634999,1755635010,790,0,0
1755618330_G..S14R,094550_G..S14R,G,1,1755618330,1G 1545+ CRS/CHU,1755634744,1755634754,748,0,0
1755618630_G..N14R,095050_G..N14R,G,0,1755618630,1G 1550+ CHU/CRS,1755635240,1755635250,774,0,0
1755618870_G..N,095450_G..N,G,0,1755618870,EG 1554+ CHU/CRS,1755635735,1755635745,371,0,0
1755618930_G..S14R,095550_G..S14R,G,1,1755618930,1G 1555+ CRS/CHU,1755635390,1755635400,343,0,0
1755619170_G..N14R,095950_G..N14R,G,0,1755619170,1G 1559+ CHU/CRS,1755636426,1755636436,826,0,0
1755619530_G..S14R,096550_G..S14R,G,1,1755619530,1G 1605+ CRS/CHU,1755636216,1755636226,490,0,0
1755619590_G..N14R,096650_G..N14R,G,0,1755619590,1G 1606+ CHU/CRS,1755636516,1755636526,817,0,0
1755620070_G..N14R,097450_G..N14R,G,0,1755620070,1G 1614+ CHU/CRS,1755636706,1755636711,778,0,0
1755620130_G..S14R,097550_G..S14R,G,1,1755620130,1G 1615+ CRS/CHU,1755636826,1755636831,786,0,0
1755620550_G..N14R,098250_G..N14R,G,0,1755620550,1G 1622+ CHU/CRS,1755637187,1755637192,778,0,0
1755620640_G..S14R,098400_G..S14R,G,1,1755620640,1G 1624 CRS/CHU,1755637177,1755637187,765,0,0
1755621030_G..N14R,099050_G..N14R,G,0,1755621030,1G 1630+ CHU/CRS,1755637787,1755637792,794,0,0
1755621180_G..S14R,099300_G..S14R,G,1,1755621180,1G 1633 CRS/CHU,1755638093,1755638103,815,0,0
1755621510_G..N14R,099850_G..N14R,G,0,1755621510,1G 1638+ CHU/CRS,1755638093,1755638103,771,0,0
1755621660_G..S14R,100100_G..S14R,G,1,1755621660,1G 1641 CRS/CHU,1755638753,1755638764,839,0,0
1755621900_G..S,100500_G..S,G,1,1755621900,EG 1645 CRS/CHU,1755638809,1755638813,700,0,0
1755621990_G..N14R,100650_G..N14R,G,0,1755621990,1G 1646+ CHU/CRS,1755638613,1755638618,764,0,0
1755622140_G..S14R,100900_G..S14R,G,1,1755622140,1G 1649 CRS/CHU,1755639154,1755639159,828,0,0
1755622470_G..N14R,101450_G..N14R,G,0,1755622470,1G 1654+ CHU/CRS,1755639049,1755639054,770,0,0
1755622620_G..S14R,101700_G..S14R,G,1,1755622620,1G 1657 CRS/CHU,1755639654,1755639664,831,0,0
1755622950_G..N14R,102250_G..N14R,G,0,1755622950,1G 1702+ CHU/CRS,1755639504,1755639514,767,0,0
1755623100_G..S14R,102500_G..S14R,G,1,1755623100,1G 1705 CRS/CHU,1755639774,1755639784,783,0,0
1755623430_G..N14R,103050_G..N14R,G,0,1755623430,1G 1710+ CHU/CRS,1755640135,1755640145,785,0,0
1755623550_G..S14R,103250_G..S14R,G,1,1755623550,1G 1712+ CRS/CHU,1755640270,1755640280,789,0,0
1755623970_G..N14R,103950_G..N14R,G,0,1755623970,1G 1719+ CHU/CRS,1755640595,1755640600,776,0,0
1755624060_G..S14R,104100_G..S14R,G,1,1755624060,1G 1721 CRS/CHU,1755640645,1755640655,771,0,0
1755624510_G..N14R,104850_G..N14R,G,0,1755624510,1G 1728+ CHU/CRS,1755641076,1755641081,769,0,0
1755624570_G..S14R,104950_G..S14R,G,1,1755624570,1G 1729+ CRS/CHU,1755640961,1755640971,746,0,0
1755625020_G..S14R,105700_G..S14R,G,1,1755625020,1G 1737 CRS/CHU,1755641306,1755641316,732,0,0
1755625080_G..N14R,105800_G..N14R,G,0,1755625080,1G 1738 CHU/CRS,1755641892,1755641902,802,0,0
1755625500_G..S14R,106500_G..S14R,G,1,1755625500,1G 1745 CRS/CHU,1755642012,1755642022,762,0,0
1755625650_G..N14R,106750_G..N14R,G,0,1755625650,1G 1747+ CHU/CRS,1755642012,1755642022,742,0,0
1755625920_G..S14R,107200_G..S14R,G,1,1755625920,1G 1752 CRS/CHU,1755642322,1755642327,747,0,0
1755626070_G..N14R,107450_G..N14R,G,0,1755626070,1G 1754+ CHU/CRS,1755642562,1755642567,759,0,0
1755626400_G..S14R,108000_G..S14R,G,1,1755626400,1G 1800 CRS/CHU,1755642878,1755642883,757,0,0
1755626490_G..N14R,108150_G..N14R,G,0,1755626490,1G 1801+ CHU/CRS,1755642923,1755642928,751,0,0
1755626850_G..S14R,108750_G..S14R,G,1,1755626850,1G 1807+ CRS/CHU,1755643343,1755643348,759,0,0
1755627030_G..N14R,109050_G..N14R,G,0,1755627030,1G 1810+ CHU/CRS,1755643483,1755643493,754,0,0
1755627420_G..S14R,109700_G..S14R,G,1,1755627420,1G 1817 CRS/CHU,1755643964,1755643974,766,0,0
1755627540_G..N14R,109900_G..N14R,G,0,1755627540,1G 1819 CHU/CRS,1755644159,1755644169,776,0,0
1755627900_G..S14R,110500_G..S14R,G,1,1755627900,1G 1825 CRS/CHU,1755644424,1755644429,763,0,0
1755627990_G..N14R,110650_G..N14R,G,0,1755627990,1G 1826+ CHU/CRS,1755644429,1755644439,752,0,0
1755628380_G..S14R,111300_G..S14R,G,1,1755628380,1G 1833 CRS/CHU,1755645000,1755645010,776,0,0
1755628410_G..N14R,111350_G..N14R,G,0,1755628410,1G 1833+ CHU/CRS,1755644850,1755644860,752,0,0
1755628800_G..S14R,112000_G..S14R,G,1,1755628800,1G 1840 CRS/CHU,1755645390,1755645400,772,0,0
1755628950_G..N14R,112250_G..N14R,G,0,1755628950,1G 1842+ CHU/CRS,1755645690,1755645701,792,0,0
1755629280_G..S14R,112800_G..S14R,G,1,1755629280,1G 1848 CRS/CHU,1755645926,1755645931,779,0,0
1755629490_G..N14R,113150_G..N14R,G,0,1755629490,1G 1851+ CHU/CRS,1755646231,1755646241,792,0,0
1755629760_G..S14R,113600_G..S14R,G,1,1755629760,1G 1856 CRS/CHU,1755646471,1755646481,788,0,0
1755629910_G..N14R,113850_G..N14R,G,0,1755629910,1G 1858+ CHU/CRS,1755646366,1755646376,754,0,0
1755630240_G..S14R,114400_G..S14R,G,1,1755630240,1G 1904 CRS/CHU,1755646832,1755646842,772,0,0
1755630330_G..N14R,114550_G..N14R,G,0,1755630330,1G 1905+ CHU/CRS,1755646832,1755646842,760,0,0
1755630750_G..S14R,115250_G..S14R,G,1,1755630750,1G 1912+ CRS/CHU,1755647087,1755647097,738,0,0
1755630870_G..N14R,115450_G..N14R,G,0,1755630870,1G 1914+ CHU/CRS,1755647232,1755647237,741,0,0
1755631290_G..S14R,116150_G..S14R,G,1,1755631290,1G 1921+ CRS/CHU,1755647733,1755647743,752,0,0
1755631410_G..N14R,116350_G..N14R,G,0,1755631410,1G 1923+ CHU/CRS,1755647893,1755647898,757,0,0
1755631740_G..S14R,116900_G..S14R,G,1,1755631740,1G 1929 CRS/CHU,1755648313,1755648318,769,0,0
1755631830_G..N14R,117050_G..N14R,G,0,1755631830,1G 1930+ CHU/CRS,1755648453,1755648463,776,0,0
1755632220_G..S14R,117700_G..S14R,G,1,1755632220,1G 1937 CRS/CHU,1755649034,1755649039,801,0,0
1755632250_G..N14R,117750_G..N14R,G,0,1755632250,1G 1937+ CHU/CRS,1755648694,1755648704,752,0,0
1755632640_G..S14R,118400_G..S14R,G,1,1755632640,1G 1944 CRS/CHU,1755649294,1755649304,780,0,0
1755632670_G..N14R,118450_G..N14R,G,0,1755632670,1G 1944+ CHU/CRS,1755649144,1755649154,756,0,0
1755633120_G..S14R,119200_G..S14R,G,1,1755633120,1G 1952 CRS/CHU,1755649560,1755649564,751,0,0
1755633270_G..N14R,119450_G..N14R,G,0,1755633270,1G 1954+ CHU/CRS,1755649715,1755649725,752,0,0
1755633570_G..S14R,119950_G..S14R,G,1,1755633570,1G 1959+ CRS/CHU,1755650060,1755650070,758,0,0
1755633690_G..N14R,120150_G..N14R,G,0,1755633690,1G 2001+ CHU/CRS,1755650480,1755650491,798,0,0
1755634050_G..N14R,120750_G..N14R,G,0,1755634050,1G 2007+ CHU/CRS,1755650916,1755650926,809,0,0
1755634080_G..S14R,120800_G..S14R,G,1,1755634080,1G 2008 CRS/CHU,1755650701,1755650706,776,0,0
1755634500_G..S14R,121500_G..S14R,G,1,1755634500,1G 2015 CRS/CHU,1755651126,1755651136,777,0,0
1755634650_G..N14R,121750_G..N14R,G,0,1755634650,1G 2017+ CHU/CRS,1755651602,1755651607,820,0,0
1755635010_G..S14R,122350_G..S14R,G,1,1755635010,1G 2023+ CRS/CHU,1755651361,1755651366,740,0,0
1755635070_G..N14R,122450_G..N14R,G,0,1755635070,1G 2024+ CHU/CRS,1755651602,1755651607,764,0,0
1755635460_G..S14R,123100_G..S14R,G,1,1755635460,1G 2031 CRS/CHU,1755652342,1755652352,811,0,0
1755635490_G..N14R,123150_G..N14R,G,0,1755635490,1G 2031+ CHU/CRS,1755651907,1755651917,749,0,0
1755635880_G..S14R,123800_G..S14R,G,1,1755635880,1G 2038 CRS/CHU,1755652433,1755652443,767,0,0
1755635910_G..N14R,123850_G..N14R,G,0,1755635910,1G 2038+ CHU/CRS,1755652763,1755652773,807,0,0
1755636300_G..S14R,124500_G..S14R,G,1,1755636300,1G 2045 CRS/CHU,1755652703,1755652713,747,0,0
1755636330_G..N14R,124550_G..N14R,G,0,1755636330,1G 2045+ CHU/CRS,1755653328,1755653333,826,0,0
1755636780_G..N14R,125300_G..N14R,G,0,1755636780,1G 2053 CHU/CRS,1755653554,1755653559,796,0,0
1755636840_G..S14R,125400_G..S14R,G,1,1755636840,1G 2054 CRS/CHU,1755653574,1755653584,791,0,0
1755637260_G..N14R,126100_G..N14R,G,0,1755637260,1G 2101 CHU/CRS,1755653989,1755653994,790,0,0
1755637320_G..S14R,126200_G..S14R,G,1,1755637320,1G 2102 CRS/CHU,1755653854,1755653859,764,0,0
1755637800_G..S14R,127000_G..S14R,G,1,1755637800,1G 2110 CRS/CHU,1755654174,1755654184,743,0,0
1755637860_G..N14R,127100_G..N14R,G,0,1755637860,1G 2111 CHU/CRS,1755654414,1755654425,767,0,0
1755638250_G..S14R,127750_G..S14R,G,1,1755638250,1G 2117+ CRS/CHU,1755654575,1755654580,736,0,0
1755638730_G..S14R,128550_G..S14R,G,1,1755638730,1G 2125+ CRS/CHU,1755655390,1755655401,782,0,0
1755638760_G..N14X007,128600_G..N14X007,G,0,1755638760,1G 2126 CHU/BDN,1755655781,1755655791,830,0,0
1755639210_G..S14R,129350_G..S14R,G,1,1755639210,1G 2133+ CRS/CHU,1755655931,1755655941,790,0,0
1755639540_G..N14X007,129900_G..N14X007,G,0,1755639540,1G 2139 CHU/BDN,1755655871,1755655881,738,0,0
1755639720_G..S14R,130200_G..S14R,G,1,1755639720,1G 2142 CRS/CHU,1755656382,1755656392,782,0,0
1755640320_G..N14X007,131200_G..N14X007,G,0,1755640320,1G 2152 CHU/BDN,1755656502,1755656512,718,0,0
1755640860_G..S14X019,132100_G..S14X019,G,1,1755640860,1G 2201 BDN/CHU,1755656677,1755656682,669,0,0
1755640920_G..N14X007,132200_G..N14X007,G,0,1755640920,1G 2202 CHU/BDN,1755657583,1755657593,782,0,0
1755641580_G..S14X019,133300_G..S14X019,G,1,1755641580,1G 2213 BDN/CHU,1755657342,1755657353,662,0,0
1755641640_G..N14X007,133400_G..N14X007,G,0,1755641640,1G 2214 CHU/BDN,1755657578,1755657583,685,0,0
1755642300_G..S14X019,134500_G..S14X019,G,1,1755642300,1G 2225 BDN/CHU,1755658223,1755658228,683,0,0
1755642360_G..N14X007,134600_G..N14X007,G,0,1755642360,1G 2226 CHU/BDN,1755658904,1755658914,766,0,0
1755643020_G..S14X019,135700_G..S14X019,G,1,1755643020,1G 2237 BDN/CHU,1755658574,1755658584,634,0,0
1755643080_G..N14X007,135800_G..N14X007,G,0,1755643080,1G 2238 CHU/BDN,1755658884,1755658889,667,0,0
1755643740_G..S14X019,136900_G..S14X019,G,1,1755643740,1G 2249 BDN/CHU,1755659470,1755659475,657,0,0
1755643800_G..N14X007,137000_G..N14X007,G,0,1755643800,1G 2250 CHU/BDN,1755660331,1755660341,764,0,0
1755644460_G..S14X019,138100_G..S14X019,G,1,1755644460,1G 2301 BDN/CHU,1755659950,1755659955,625,0,0
1755644520_G..N14X007,138200_G..N14X007,G,0,1755644520,1G 2302 CHU/BDN,1755664415,1755664425,1212,0,0
1755645180_G..S14X019,139300_G..S14X019,G,1,1755645180,1G 2313 BDN/CHU,1755660901,1755660911,656,0,0
1755645240_G..N14X007,139400_G..N14X007,G,0,1755645240,1G 2314 CHU/BDN,1755664385,1755664395,1112,0,0
1755645900_G..S14X019,140500_G..S14X019,G,1,1755645900,1G 2325 BDN/CHU,1755661607,1755661617,654,0,0
1755645960_G..N14X007,140600_G..N14X007,G,0,1755645960,1G 2326 CHU/BDN,1755664385,1755664395,1016,0,0
1755646620_G..S14X019,141700_G..S14X019,G,1,1755646620,1G 2337 BDN/CHU,1755662593,1755662598,689,0,0
1755646920_G..N14X007,142200_G..N14X007,G,0,1755646920,1G 2342 CHU/BDN,1755664365,1755664370,885,0,0
1755647340_G..S14X019,142900_G..S14X019,G,1,1755647340,1G 2349 BDN/CHU,1755663314,1755663319,689,0,0
1755647940_G..N14X007,143900_G..N14X007,G,0,1755647940,1G 2359 CHU/BDN,1755664365,1755664370,749,0,0
1755648060_G..S14X019,000100_G..S14X019,G,1,1755648060,1G 0001 BDN/CHU,1755663719,1755663724,647,0,0
1755648780_G..S14X019,001300_G..S14X019,G,1,1755648780,1G 0013 BDN/CHU,1755666067,1755666077,836,0,0
1755649140_G..N14X007,001900_G..N14X007,G,0,1755649140,1G 0019 CHU/BDN,1755666652,1755666662,895,0,0
1755649800_G..S14X019,003000_G..S14X019,G,1,1755649800,1G 0030 BDN/CHU,1755666412,1755666422,775,0,0
1755650340_G..N14X007,003900_G..N14X007,G,0,1755650340,1G 0039 CHU/BDN,1755666682,1755666692,739,0,0
1755651000_G..S14X019,005000_G..S14X019,G,1,1755651000,1G 0050 BDN/CHU,1755666953,1755666962,642,0,0
1755651570_G..N14X007,005950_G..N14X007,G,0,1755651570,1G 0059+ CHU/BDN,1755671652,1755671662,1087,0,0
1755652200_G..S14X019,007000_G..S14X019,G,1,1755652200,1G 0110 BDN/CHU,1755668394,1755668404,718,0,0
1755652770_G..N14X007,007950_G..N14X007,G,0,1755652770,1G 0119+ CHU/BDN,1755671637,1755671647,1015,0,0
1755653970_G..N14X007,009950_G..N14X007,G,0,1755653970,1G 0139+ CHU/BDN,1755671637,1755671647,856,0,0
1755655170_G..N14X007,011950_G..N14X007,G,0,1755655170,1G 0159+ CHU/BDN,1755671622,1755671632,694,0,0
1755656370_G..N14X007,013950_G..N14X007,G,0,1755656370,1G 0219+ CHU/BDN,1755674851,1755674861,964,0,0
1755657000_G..S14X019,015000_G..S14X019,G,1,1755657000,1G 0230 BDN/CHU,1755672743,1755672749,599,0,0
1755657570_G..N14X007,015950_G..N14X007,G,0,1755657570,1G 0239+ CHU/BDN,1755674866,1755674876,807,0,0
1755658200_G..S14X019,017000_G..S14X019,G,1,1755658200,1G 0250 BDN/CHU,1755673990,1755673995,606,0,0
1755658770_G..N14X007,017950_G..N14X007,G,0,1755658770,1G 0259+ CHU/BDN,1755674881,1755674891,649,0,0
1755659400_G..S14X019,019000_G..S14X019,G,1,1755659400,1G 0310 BDN/CHU,1755677659,1755677668,1050,0,0
1755659970_G..N14X007,019950_G..N14X007,G,0,1755659970,1G 0319+ CHU/BDN,1755675827,1755675837,625,0,0
1755660600_G..S14X019,021000_G..S14X019,G,1,1755660600,1G 0330 BDN/CHU,1755677659,1755677668,934,0,0
1755661170_G..N14X007,021950_G..N14X007,G,0,1755661170,1G 0339+ CHU/BDN,1755676752,1755676758,637,0,0
1755661800_G..S14X019,023000_G..S14X019,G,1,1755661800,1G 0350 BDN/CHU,1755678650,1755678659,1053,0,0
1755662370_G..N14X007,023950_G..N14X007,G,0,1755662370,1G 0359+ CHU/BDN,1755678179,1755678184,851,0,0
1755576510_J..S12R,024850_J..S12R,J,1,1755576510,1J 0408+ P-A/BRD,1755594261,1755594268,926,0,0
1755576900_J..N41R,025500_J..N41R,J,0,1755576900,1J 0415 BRD/P-A,1755594434,1755594441,897,0,0
1755577710_J..S12R,026850_J..S12R,J,1,1755577710,1J 0428+ P-A/BRD,1755595680,1755595687,956,0,0
1755578100_J..N41R,027500_J..N41R,J,0,1755578100,1J 0435 BRD/P-A,1755595687,1755595695,905,0,0
1755578910_J..S12R,028850_J..S12R,J,1,1755578910,1J 0448+ P-A/BRD,1755596543,1755596551,911,0,0
1755579300_J..N41R,029500_J..N41R,J,0,1755579300,1J 0455 BRD/P-A,1755596806,1755596814,894,0,0
1755580110_J..S12R,030850_J..S12R,J,1,1755580110,1J 0508+ P-A/BRD,1755597790,1755597797,917,0,0
1755580500_J..N41R,031500_J..N41R,J,0,1755580500,1J 0515 BRD/P-A,1755598375,1755598383,943,0,0
1755581100_J..S12R,032500_J..S12R,J,1,1755581100,1J 0525 P-A/BRD,1755598706,1755598713,907,0,0
1755581700_J..N41R,033500_J..N41R,J,0,1755581700,1J 0535 BRD/P-A,1755599471,1755599479,929,0,0
1755581940_J..S12R,033900_J..S12R,J,1,1755581940,1J 0539 P-A/BRD,1755599629,1755599637,918,0,0
1755582660_J..S12R,035100_J..S12R,J,1,1755582660,1J 0551 P-A/BRD,1755600372,1755600380,921,0,0
1755582900_J..N41R,035500_J..N41R,J,0,1755582900,1J 0555 BRD/P-A,1755600477,1755600485,903,0,0
1755583260_J..S12R,036100_J..S12R,J,1,1755583260,1J 0601 P-A/BRD,1755600635,1755600643,876,0,0
1755583800_J..S12R,037000_J..S12R,J,1,1755583800,1J 0610 P-A/BRD,1755601198,1755601206,879,0,0
1755584040_J..N41R,037400_J..N41R,J,0,1755584040,1J 0614 BRD/P-A,1755602347,1755602355,1000,0,0
1755584460_J..S12R,038100_J..S12R,J,1,1755584460,1J 0621 P-A/BRD,1755602204,1755602212,925,0,0
1755585000_J..N41R,039000_J..N41R,J,0,1755585000,1J 0630 BRD/P-A,1755602602,1755602610,907,0,0
1755585120_J..S13R,039200_J..S13R,J,1,1755585120,1J 0632 P-A/BRD,1755602497,1755602505,877,0,0
1755585300_J..N60R,039500_J..N60R,J,0,1755585300,1J 0635 EPY/P-A,1755601363,1755601371,702,1,0
1755585720_J..N41R,040200_J..N41R,J,0,1755585720,1J 0642 BRD/P-A,1755604043,1755604051,1003,0,0
1755585720_J..S13R,040200_J..S13R,J,1,1755585720,1J 0642 P-A/BRD,1755603067,1755603075,873,0,0
1755586260_J..N60R,041100_J..N60R,J,0,1755586260,1J 0651 EPY/P-A,1755602362,1755602369,707,0,0
1755586260_J..S13R,041100_J..S13R,J,1,1755586260,1J 0651 P-A/BRD,1755603638,1755603646,877,0,0
1755586380_J..N41R,041300_J..N41R,J,0,1755586380,1J 0653 BRD/P-A,1755604464,1755604472,971,0,0
1755586740_J..S13R,041900_J..S13R,J,1,1755586740,1J 0659 P-A/BRD,1755604081,1755604088,872,0,0
1755586980_J..N41R,042300_J..N41R,J,0,1755586980,1J 0703 BRD/P-A,1755605193,1755605200,988,0,0
1755587130_J..N60R,042550_J..N60R,J,0,1755587130,1J 0705+ EPY/P-A,1755603218,1755603225,705,0,0
1755587190_J..S13R,042650_J..S13R,J,1,1755587190,1J 0706+ P-A/BRD,1755604982,1755604989,932,0,0
1755587580_J..N41R,043300_J..N41R,J,0,1755587580,1J 0713 BRD/P-A,1755605770,1755605778,985,0,0
1755587670_J..S15R,043450_J..S15R,J,1,1755587670,1J 0714+ P-A/BRD,1755605215,1755605222,899,0,0
1755588060_J..S16R,044100_J..S16R,Z,1,1755588060,1Z 0721 P-A/BRD,1755605388,1755605395,864,0,0
1755588180_J..N41R,044300_J..N41R,J,0,1755588180,1J 0723 BRD/P-A,1755606469,1755606476,998,0,0
1755588390_J..S15R,044650_J..S15R,J,1,1755588390,1J 0726+ P-A/BRD,1755605830,1755605838,885,0,0
1755588750_J..S16R,045250_J..S16R,Z,1,1755588750,1Z 0732+ P-A/BRD,1755606168,1755606176,882,0,0
1755588780_J..N41R,045300_J..N41R,J,0,1755588780,1J 0733 BRD/P-A,1755606671,1755606679,945,0,0
1755589050_J..S15R,045750_J..S15R,J,1,1755589050,1J 0737+ P-A/BRD,1755606431,1755606439,877,0,0
1755589350_J..S16R,046250_J..S16R,Z,1,1755589350,1Z 0742+ P-A/BRD,1755606709,1755606716,874,0,0
1755589380_J..N41R,046300_J..N41R,J,0,1755589380,1J 0743 BRD/P-A,1755606829,1755606836,886,0,0
1755589650_J..S15R,046750_J..S15R,J,1,1755589650,1J 0747+ P-A/BRD,1755606919,1755606927,862,0,0
1755589920_J..N41R,047200_J..N41R,J,0,1755589920,1J 0752 BRD/P-A,1755607475,1755607482,900,0,0
1755589950_J..S16R,047250_J..S16R,Z,1,1755589950,1Z 0752+ P-A/BRD,1755607918,1755607925,955,0,0
1755590250_J..S15R,047750_J..S15R,J,1,1755590250,1J 0757+ P-A/BRD,1755607918,1755607925,915,0,0
1755590400_J..N41R,048000_J..N41R,J,0,1755590400,1J 0800 BRD/P-A,1755608353,1755608361,953,0,0
1755590850_J..S15R,048750_J..S15R,J,1,1755590850,1J 0807+ P-A/BRD,1755608413,1755608421,901,0,0
1755590880_J..N41R,048800_J..N41R,J,0,1755590880,1J 0808 BRD/P-A,1755608338,1755608346,887,0,0
1755591120_J..S16R,049200_J..S16R,Z,1,1755591120,1Z 0812 P-A/BRD,1755608593,1755608601,889,0,0
1755591300_J..N41R,049500_J..N41R,J,0,1755591300,1J 0815 BRD/P-A,1755609254,1755609262,953,0,0
1755591450_J..S15R,049750_J..S15R,J,1,1755591450,1J 0817+ P-A/BRD,1755608841,1755608849,878,0,0
1755591600_J..N41R,050000_J..N41R,J,0,1755591600,1J 0820 BRD/P-A,1755609277,1755609284,916,0,0
1755591720_J..S13R,050200_J..S13R,J,1,1755591720,1J 0822 P-A/BRD,1755609217,1755609224,893,0,0
1755591900_J..N41R,050500_J..N41R,J,0,1755591900,1J 0825 BRD/P-A,1755609562,1755609569,915,0,0
1755591900_J..S,050500_J..S,J,1,1755591900,EJ 0825 P-A/BRD,1755609442,1755609449,505,0,0
1755592200_J..N43R,051000_J..N43R,J,0,1755592200,1J 0830 BRD/EPY,1755608623,1755608631,750,0,0
1755592200_J..S13R,051000_J..S13R,J,1,1755592200,1J 0830 P-A/BRD,1755609697,1755609704,893,0,0
1755592500_J..N41R,051500_J..N41R,J,0,1755592500,1J 0835 BRD/P-A,1755610688,1755610695,985,0,0
1755592650_J..S13R,051750_J..S13R,J,1,1755592650,1J 0837+ P-A/BRD,1755610305,1755610313,914,0,0
1755592800_J..N43R,052000_J..N43R,J,0,1755592800,1J 0840 BRD/EPY,1755608976,1755608984,717,0,0
1755593100_J..N41R,052500_J..N41R,J,0,1755593100,1J 0845 BRD/P-A,1755610958,1755610966,941,0,0
1755593160_J..S13R,052600_J..S13R,J,1,1755593160,1J 0846 P-A/BRD,1755610605,1755610613,886,0,0
1755593400_J..N41R,053000_J..N41R,J,0,1755593400,1J 0850 BRD/P-A,1755611446,1755611454,966,0,0
1755593640_J..S13R,053400_J..S13R,J,1,1755593640,1J 0854 P-A/BRD,1755611191,1755611199,900,0,0
1755593700_J..N41R,053500_J..N41R,J,0,1755593700,1J 0855 BRD/P-A,1755618902,1755618909,1871,1,0
1755593970_J..N41R,053950_J..N41R,J,0,1755593970,1J 0859+ BRD/P-A,1755612145,1755612152,885,0,0
1755594120_J..S13R,054200_J..S13R,J,1,1755594120,1J 0902 P-A/BRD,1755611446,1755611454,870,0,0
1755594420_J..N41R,054700_J..N41R,J,0,1755594420,1J 0907 BRD/P-A,1755619615,1755619623,1919,1,0
1755594450_J..S13R,054750_J..S13R,J,1,1755594450,1J 0907+ P-A/BRD,1755612272,1755612280,936,0,0
1755594900_J..N41R,055500_J..N41R,J,0,1755594900,1J 0915 BRD/P-A,1755613466,1755613473,1035,0,0
1755594930_J..S13R,055550_J..S13R,J,1,1755594930,1J 0915+ P-A/BRD,1755612565,1755612572,911,0,0
1755595380_J..N41R,056300_J..N41R,J,0,1755595380,1J 0923 BRD/P-A,1755614337,1755614344,1087,0,0
1755595410_J..S13R,056350_J..S13R,J,1,1755595410,1J 0923+ P-A/BRD,1755612873,1755612881,888,0,0
1755595800_J..N,057000_J..N,J,0,1755595800,1J 0930 BRD/P-A,1755614337,1755614344,1031,0,0
1755595890_J..S13R,057150_J..S13R,J,1,1755595890,1J 0931+ P-A/BRD,1755613713,1755613721,936,0,0
1755596220_J..N,057700_J..N,J,0,1755596220,1J 0937 BRD/P-A,1755615884,1755615891,1182,0,0
1755596340_J..S13R,057900_J..S13R,J,1,1755596340,1J 0939 P-A/BRD,1755614179,1755614187,938,0,0
1755596700_J..N,058500_J..N,J,0,1755596700,1J 0945 BRD/P-A,1755616634,1755616641,1218,0,0
1755596820_J..S13R,058700_J..S13R,J,1,1755596820,1J 0947 P-A/BRD,1755614434,1755614442,908,0,0
1755597240_J..N,059400_J..N,J,0,1755597240,1J 0954 BRD/P-A,1755616641,1755616649,1147,0,0
1755597300_J..S13R,059500_J..S13R,J,1,1755597300,1J 0955 P-A/BRD,1755615170,1755615178,942,0,0
1755597720_J..N,060200_J..N,J,0,1755597720,1J 1002 BRD/P-A,1755616641,1755616649,1083,0,0
1755597780_J..S13R,060300_J..S13R,J,1,1755597780,1J 1003 P-A/BRD,1755615410,1755615418,910,0,0
1755598260_J..S13R,061100_J..S13R,J,1,1755598260,1J 1011 P-A/BRD,1755616356,1755616364,973,0,0
1755598320_J..N,061200_J..N,J,0,1755598320,1J 1012 BRD/P-A,1755616641,1755616649,1003,0,0
1755598740_J..S13R,061900_J..S13R,J,1,1755598740,1J 1019 P-A/BRD,1755617085,1755617092,1006,0,0
1755598800_J..N,062000_J..N,J,0,1755598800,1J 1020 BRD/P-A,1755618609,1755618616,1201,0,0
1755599220_J..S13R,062700_J..S13R,J,1,1755599220,1J 1027 P-A/BRD,1755617467,1755617475,994,1,0
1755599280_J..N,062800_J..N,J,0,1755599280,1J 1028 BRD/P-A,1755618602,1755618609,1137,0,0
1755599640_J..S13R,063400_J..S13R,J,1,1755599640,1J 1034 P-A/BRD,1755618008,1755618016,1010,1,0
1755599760_J..N,063600_J..N,J,0,1755599760,1J 1036 BRD/P-A,1755618586,1755618594,1071,0,0
1755600120_J..S13R,064200_J..S13R,J,1,1755600120,1J 1042 P-A/BRD,1755618241,1755618248,977,1,0
1755600240_J..N,064400_J..N,J,0,1755600240,1J 1044 BRD/P-A,1755618864,1755618872,1044,0,0
1755600600_J..S13R,065000_J..S13R,J,1,1755600600,1J 1050 P-A/BRD,1755618969,1755618977,1010,0,0
1755600720_J..N,065200_J..N,J,0,1755600720,1J 1052 BRD/P-A,1755618902,1755618909,985,0,0
1755601080_J..S13R,065800_J..S13R,J,1,1755601080,1J 1058 P-A/BRD,1755620996,1755621004,1216,0,0
1755601200_J..N,066000_J..N,J,0,1755601200,1J 1100 BRD/P-A,1755619487,1755619494,999,0,0
1755601560_J..S13R,066600_J..S13R,J,1,1755601560,1J 1106 P-A/BRD,1755621409,1755621416,1207,0,0
1755601680_J..N,066800_J..N,J,0,1755601680,1J 1108 BRD/P-A,1755620674,1755620681,1093,0,0
1755602040_J..S13R,067400_J..S13R,J,1,1755602040,1J 1114 P-A/BRD,1755627235,1755627243,1919,0,0
1755602160_J..N,067600_J..N,J,0,1755602160,1J 1116 BRD/P-A,1755620711,1755620719,1035,0,0
1755602520_J..S13R,068200_J..S13R,J,1,1755602520,1J 1122 P-A/BRD,1755621950,1755621957,1151,0,0
1755602640_J..N,068400_J..N,J,0,1755602640,1J 1124 BRD/P-A,1755620831,1755620839,986,0,0
1755603000_J..S13R,069000_J..S13R,J,1,1755603000,1J 1130 P-A/BRD,1755622250,1755622257,1127,0,0
1755603120_J..N,069200_J..N,J,0,1755603120,1J 1132 BRD/P-A,1755621492,1755621499,1010,0,0
1755603510_J..S13R,069850_J..S13R,J,1,1755603510,1J 1138+ P-A/BRD,1755622641,1755622648,1111,0,0
1755603600_J..N,070000_J..N,J,0,1755603600,1J 1140 BRD/P-A,1755622272,1755622280,1050,0,0
1755603990_J..S13R,070650_J..S13R,J,1,1755603990,1J 1146+ P-A/BRD,1755623001,1755623008,1095,0,0
1755604080_J..N,070800_J..N,J,0,1755604080,1J 1148 BRD/P-A,1755622355,1755622362,997,0,0
1755604470_J..S13R,071450_J..S13R,J,1,1755604470,1J 1154+ P-A/BRD,1755623338,1755623346,1076,0,0
1755604560_J..N,071600_J..N,J,0,1755604560,1J 1156 BRD/P-A,1755619975,1755619983,616,0,0
1755604560_J..S,071600_J..S,J,1,1755604560,$J 1210 ESX/BRD,1755620455,1755620463,84,0,0
1755605190_J..S13R,072650_J..S13R,J,1,1755605190,1J 1206+ P-A/BRD,1755623639,1755623647,689,0,0
1755605520_J..N,073200_J..N,J,0,1755605520,1J 1212 BRD/P-A,1755630719,1755630726,1919,0,0
1755605700_J..N,073500_J..N,J,0,1755605700,EJ 1215 MYR/P-A,1755622738,1755622746,337,1,3
1755605910_J..S13R,073850_J..S13R,J,1,1755605910,1J 1218+ P-A/BRD,1755623999,1755624007,971,0,0
1755606390_J..S12R,074650_J..S12R,J,1,1755606390,1J 1226+ P-A/BRD,1755624337,1755624344,953,0,0
1755606480_J..N,074800_J..N,J,0,1755606480,1J 1228 BRD/P-A,1755625403,1755625411,1083,0,0
1755606870_J..S12R,075450_J..S12R,J,1,1755606870,1J 1234+ P-A/BRD,1755624788,1755624795,949,0,0
1755606960_J..N,075600_J..N,J,0,1755606960,1J 1236 BRD/P-A,1755625546,1755625554,1038,0,0
1755607350_J..S12R,076250_J..S12R,J,1,1755607350,1J 1242+ P-A/BRD,1755625343,1755625351,959,0,0
1755607830_J..S12R,077050_J..S12R,J,1,1755607830,1J 1250+ P-A/BRD,1755626101,1755626109,996,0,0
1755607920_J..N,077200_J..N,J,0,1755607920,1J 1252 BRD/P-A,1755626965,1755626972,952,0,0
1755608310_J..S12R,077850_J..S12R,J,1,1755608310,1J 1258+ P-A/BRD,1755626507,1755626515,986,0,0
1755608400_J..N,078000_J..N,J,0,1755608400,1J 1300 BRD/P-A,1755633602,1755633609,1920,0,0
1755608790_J..S12R,078650_J..S12R,J,1,1755608790,1J 1306+ P-A/BRD,1755626762,1755626770,956,0,0
1755608880_J..N,078800_J..N,J,0,1755608880,1J 1308 BRD/P-A,1755626830,1755626837,953,0,0
1755609270_J..S12R,079450_J..S12R,J,1,1755609270,1J 1314+ P-A/BRD,1755627310,1755627318,965,0,0
1755609360_J..N,079600_J..N,J,0,1755609360,1J 1316 BRD/P-A,1755627506,1755627513,979,0,0
1755609600_J..N,080000_J..N,J,0,1755609600,EJ 1320 BRD/P-A,1755627746,1755627753,565,0,0
1755609840_J..N,080400_J..N,J,0,1755609840,1J 1324 BRD/P-A,1755627986,1755627993,979,0,0
1755609990_J..S12R,080650_J..S12R,J,1,1755609990,1J 1326+ P-A/BRD,1755627791,1755627798,615,0,0
1755610080_J..N,080800_J..N,J,0,1755610080,EJ 1328 BRD/P-A,1755628534,1755628542,591,0,0
1755610320_J..N,081200_J..N,J,0,1755610320,1J 1332 BRD/P-A,1755628534,1755628542,988,0,0
1755610710_J..S12R,081850_J..S12R,J,1,1755610710,1J 1338+ P-A/BRD,1755628594,1755628602,944,0,0
1755610800_J..N,082000_J..N,J,0,1755610800,1J 1340 BRD/P-A,1755629232,1755629240,1017,0,0
1755611190_J..S12R,082650_J..S12R,J,1,1755611190,1J 1346+ P-A/BRD,1755629097,1755629104,947,0,0
1755611280_J..N,082800_J..N,J,0,1755611280,1J 1348 BRD/P-A,1755629398,1755629405,975,0,0
1755611670_J..S12R,083450_J..S12R,J,1,1755611670,1J 1354+ P-A/BRD,1755629555,1755629563,944,0,0
1755611760_J..N,083600_J..N,J,0,1755611760,1J 1356 BRD/P-A,1755630336,1755630344,1037,0,0
1755612150_J..S12R,084250_J..S12R,J,1,1755612150,1J 1402+ P-A/BRD,1755629900,1755629908,926,0,0
1755612240_J..N,084400_J..N,J,0,1755612240,1J 1404 BRD/P-A,1755630344,1755630351,974,0,0
1755612630_J..S12R,085050_J..S12R,J,1,1755612630,1J 1410+ P-A/BRD,1755630539,1755630546,948,0,0
1755612720_J..N,085200_J..N,J,0,1755612720,1J 1412 BRD/P-A,1755631260,1755631267,1032,0,0
1755613110_J..S12R,085850_J..S12R,J,1,1755613110,1J 1418+ P-A/BRD,1755630824,1755630831,922,0,0
1755613200_J..N,086000_J..N,J,0,1755613200,1J 1420 BRD/P-A,1755631485,1755631492,998,0,0
1755613680_J..N,086800_J..N,J,0,1755613680,1J 1428 BRD/P-A,1755631620,1755631627,953,0,0
1755613800_J..S12R,087000_J..S12R,J,1,1755613800,1J 1430 P-A/BRD,1755630861,1755630869,370,0,0
1755614400_J..N45R,088000_J..N45R,J,0,1755614400,1J 1440 BRD/P-A,1755632228,1755632236,821,0,0
1755614520_J..S12R,088200_J..S12R,J,1,1755614520,1J 1442 P-A/BRD,1755631440,1755631447,817,0,0
1755614760_J..S,088600_J..S,J,1,1755614760,EJ 1446 P-A/BRD,1755632145,1755632153,503,0,0
1755615000_J..S12R,089000_J..S12R,J,1,1755615000,1J 1450 P-A/BRD,1755632506,1755632513,895,0,0
1755615120_J..N45R,089200_J..N45R,J,0,1755615120,1J 1452 BRD/P-A,1755633091,1755633099,957,0,0
1755615480_J..S12R,089800_J..S12R,J,1,1755615480,1J 1458 P-A/BRD,1755633302,1755633309,937,0,0
1755615600_J..N45R,090000_J..N45R,J,0,1755615600,1J 1500 BRD/P-A,1755633789,1755633797,986,0,0
1755615960_J..S12R,090600_J..S12R,J,1,1755615960,1J 1506 P-A/BRD,1755633564,1755633572,908,0,0
1755616080_J..N45R,090800_J..N45R,J,0,1755616080,1J 1508 BRD/P-A,1755633789,1755633797,922,0,0
1755616440_J..S12R,091400_J..S12R,J,1,1755616440,1J 1514 P-A/BRD,1755634030,1755634037,906,0,0
1755616560_J..N45R,091600_J..N45R,J,0,1755616560,1J 1516 BRD/P-A,1755635434,1755635441,1077,0,0
1755616920_J..S12R,092200_J..S12R,J,1,1755616920,1J 1522 P-A/BRD,1755634548,1755634555,911,0,0
1755616980_J..N45R,092300_J..N45R,J,0,1755616980,1J 1523 BRD/P-A,1755635449,1755635456,1023,0,0
1755617400_J..S12R,093000_J..S12R,J,1,1755617400,1J 1530 P-A/BRD,1755634833,1755634840,885,0,0
1755617460_J..N45R,093100_J..N45R,J,0,1755617460,1J 1531 BRD/P-A,1755635471,1755635479,962,0,0
1755617880_J..S12R,093800_J..S12R,J,1,1755617880,1J 1538 P-A/BRD,1755635291,1755635299,882,0,0
1755617940_J..N45R,093900_J..N45R,J,0,1755617940,1J 1539 BRD/P-A,1755635629,1755635636,497,0,0
1755618360_J..S12R,094600_J..S12R,J,1,1755618360,1J 1546 P-A/BRD,1755636132,1755636140,930,0,0
1755618420_J..N45R,094700_J..N45R,J,0,1755618420,1J 1547 BRD/P-A,1755636057,1755636065,540,0,0
1755618720_J..S12R,095200_J..S12R,J,1,1755618720,1J 1552 P-A/BRD,1755636492,1755636500,930,0,0
1755618900_J..N45R,095500_J..N45R,J,0,1755618900,1J 1555 BRD/P-A,1755636597,1755636605,920,0,0
1755619140_J..S12R,095900_J..S12R,J,1,1755619140,1J 1559 P-A/BRD,1755636755,1755636762,909,0,0
1755619380_J..N45R,096300_J..N45R,J,0,1755619380,1J 1603 BRD/P-A,1755637663,1755637671,997,0,0
1755619590_J..S12R,096650_J..S12R,J,1,1755619590,1J 1606+ P-A/BRD,1755637221,1755637228,910,0,0
1755619830_J..N45R,097050_J..N45R,J,0,1755619830,1J 1610+ BRD/P-A,1755637663,1755637671,937,0,0
1755620040_J..S12R,097400_J..S12R,J,1,1755620040,1J 1614 P-A/BRD,1755637701,1755637708,914,0,0
1755620310_J..N45R,097850_J..N45R,J,0,1755620310,1J 1618+ BRD/P-A,1755638039,1755638047,923,0,0
1755620490_J..S12R,098150_J..S12R,J,1,1755620490,1J 1621+ P-A/BRD,1755638159,1755638167,916,0,0
1755620790_J..N45R,098650_J..N45R,J,0,1755620790,1J 1626+ BRD/P-A,1755638579,1755638587,932,0,0
1755621180_J..S12R,099300_J..S12R,J,1,1755621180,1J 1633 P-A/BRD,1755638662,1755638669,447,0,0
1755621270_J..N45R,099450_J..N45R,J,0,1755621270,1J 1634+ BRD/P-A,1755639360,1755639368,972,0,0
1755621360_J..S54R,099600_J..S54R,J,1,1755621360,1J 1636 EPY/BRD,1755637543,1755637551,718,0,0
1755621690_J..N45R,100150_J..N45R,J,0,1755621690,1J 1641+ BRD/P-A,1755639780,1755639788,972,0,0
1755621690_J..S12R,100150_J..S12R,J,1,1755621690,1J 1641+ P-A/BRD,1755639225,1755639233,898,0,0
1755621990_J..N45R,100650_J..N45R,J,0,1755621990,1J 1646+ BRD/P-A,1755639780,1755639788,932,0,0
1755622140_J..S12R,100900_J..S12R,J,1,1755622140,1J 1649 P-A/BRD,1755639600,1755639608,888,0,0
1755622260_J..S54R,101100_J..S54R,J,1,1755622260,1J 1651 EPY/BRD,1755638384,1755638392,710,0,0
1755622470_J..N47R,101450_J..N47R,Z,0,1755622470,1Z 1654+ BRD/P-A,1755639984,1755639991,895,0,0
1755622620_J..S12R,101700_J..S12R,J,1,1755622620,1J 1657 P-A/BRD,1755640149,1755640156,897,0,0
1755622830_J..N49R,102050_J..N49R,J,0,1755622830,1J 1700+ BRD/P-A,1755640404,1755640411,903,0,0
1755623100_J..S12R,102500_J..S12R,J,1,1755623100,1J 1705 P-A/BRD,1755640531,1755640539,884,0,0
1755623130_J..N47R,102550_J..N47R,Z,0,1755623130,1Z 1705+ BRD/P-A,1755640681,1755640689,900,0,0
1755623430_J..N49R,103050_J..N49R,J,0,1755623430,1J 1710+ BRD/P-A,1755640990,1755640997,901,0,0
1755623580_J..S12R,103300_J..S12R,J,1,1755623580,1J 1713 P-A/BRD,1755641365,1755641372,931,0,0
1755623730_J..N47R,103550_J..N47R,Z,0,1755623730,1Z 1715+ BRD/P-A,1755641350,1755641357,909,0,0
1755624030_J..N49R,104050_J..N49R,J,0,1755624030,1J 1720+ BRD/P-A,1755641492,1755641500,888,0,0
1755624060_J..S12R,104100_J..S12R,J,1,1755624060,1J 1721 P-A/BRD,1755641966,1755641973,947,0,0
1755624300_J..N47R,104500_J..N47R,Z,0,1755624300,1Z 1725 BRD/P-A,1755641687,1755641695,878,0,0
1755624540_J..S12R,104900_J..S12R,J,1,1755624540,1J 1729 P-A/BRD,1755642206,1755642213,915,0,0
1755624600_J..N49R,105000_J..N49R,J,0,1755624600,1J 1730 BRD/P-A,1755642086,1755642093,891,0,0
1755624900_J..N47R,105500_J..N47R,Z,0,1755624900,1Z 1735 BRD/P-A,1755642296,1755642303,879,0,0
1755625020_J..S12R,105700_J..S12R,J,1,1755625020,1J 1737 P-A/BRD,1755642596,1755642603,903,0,0
1755625410_J..N49R,106350_J..N49R,J,0,1755625410,1J 1743+ BRD/P-A,1755643249,1755643257,662,0,0
1755625620_J..S12R,106700_J..S12R,J,1,1755625620,1J 1747 P-A/BRD,1755643092,1755643099,889,0,0
1755625920_J..N45R,107200_J..N45R,J,0,1755625920,1J 1752 BRD/P-A,1755643617,1755643624,919,0,0
1755626220_J..S12R,107700_J..S12R,J,1,1755626220,1J 1757 P-A/BRD,1755643993,1755644000,929,0,0
1755626460_J..N45R,108100_J..N45R,J,0,1755626460,1J 1801 BRD/P-A,1755643880,1755643888,882,0,0
1755626820_J..S12R,108700_J..S12R,J,1,1755626820,1J 1807 P-A/BRD,1755644473,1755644480,913,0,0
1755627000_J..N45R,109000_J..N45R,J,0,1755627000,1J 1810 BRD/P-A,1755644518,1755644525,895,0,0
1755627420_J..S12R,109700_J..S12R,J,1,1755627420,1J 1817 P-A/BRD,1755645104,1755645111,917,0,0
1755627480_J..N45R,109800_J..N45R,J,0,1755627480,1J 1818 BRD/P-A,1755645141,1755645149,914,0,0
1755627960_J..N45R,110600_J..N45R,J,0,1755627960,1J 1826 BRD/P-A,1755645576,1755645584,908,0,0
1755627990_J..S12R,110650_J..S12R,J,1,1755627990,1J 1826+ P-A/BRD,1755645524,1755645531,897,0,0
1755628440_J..N45R,111400_J..N45R,J,0,1755628440,1J 1834 BRD/P-A,1755645982,1755645990,899,0,0
1755628650_J..S12R,111750_J..S12R,J,1,1755628650,1J 1837+ P-A/BRD,1755646245,1755646252,701,0,0
1755628920_J..N45R,112200_J..N45R,J,0,1755628920,1J 1842 BRD/P-A,1755646425,1755646432,894,0,0
1755629250_J..S12R,112750_J..S12R,J,1,1755629250,1J 1847+ P-A/BRD,1755646861,1755646868,761,0,0
1755629400_J..N45R,113000_J..N45R,J,0,1755629400,1J 1850 BRD/P-A,1755646981,1755646988,904,0,0
1755629850_J..S12R,113750_J..S12R,J,1,1755629850,1J 1857+ P-A/BRD,1755647408,1755647416,832,0,0
1755630000_J..N45R,114000_J..N45R,J,0,1755630000,1J 1900 BRD/P-A,1755647642,1755647648,912,0,0
1755630450_J..S12R,114750_J..S12R,J,1,1755630450,1J 1907+ P-A/BRD,1755647912,1755647919,888,0,0
1755630660_J..N45R,115100_J..N45R,J,0,1755630660,1J 1911 BRD/P-A,1755648332,1755648339,916,0,0
1755631050_J..S12R,115750_J..S12R,J,1,1755631050,1J 1917+ P-A/BRD,1755648347,1755648354,866,0,0
1755631260_J..N45R,116100_J..N45R,J,0,1755631260,1J 1921 BRD/P-A,1755648648,1755648655,878,0,0
1755631650_J..S12R,116750_J..S12R,J,1,1755631650,1J 1927+ P-A/BRD,1755649210,1755649218,901,0,0
1755631920_J..N45R,117200_J..N45R,J,0,1755631920,1J 1932 BRD/P-A,1755649525,1755649533,907,0,0
1755632250_J..S12R,117750_J..S12R,J,1,1755632250,1J 1937+ P-A/BRD,1755650111,1755650119,941,0,0
1755632400_J..N41R,118000_J..N41R,J,0,1755632400,1J 1940 BRD/P-A,1755649991,1755649999,905,0,0
1755632850_J..S12R,118750_J..S12R,J,1,1755632850,1J 1947+ P-A/BRD,1755650449,1755650456,906,0,0
1755633030_J..N41R,119050_J..N41R,J,0,1755633030,1J 1950+ BRD/P-A,1755650652,1755650660,909,0,0
1755633450_J..S12R,119750_J..S12R,J,1,1755633450,1J 1957+ P-A/BRD,1755650735,1755650742,864,0,0
1755633630_J..N41R,120050_J..N41R,J,0,1755633630,1J 2000+ BRD/P-A,1755651222,1755651230,905,0,0
1755634050_J..S12R,120750_J..S12R,J,1,1755634050,1J 2007+ P-A/BRD,1755651673,1755651681,909,0,0
1755634230_J..N41R,121050_J..N41R,J,0,1755634230,1J 2010+ BRD/P-A,1755651876,1755651883,912,0,0
1755634650_J..S12R,121750_J..S12R,J,1,1755634650,1J 2017+ P-A/BRD,1755650795,1755650802,712,0,0
1755634830_J..N41R,122050_J..N41R,J,0,1755634830,1J 2020+ BRD/P-A,1755652754,1755652762,949,0,0
1755635250_J..S12R,122750_J..S12R,J,1,1755635250,1J 2027+ P-A/BRD,1755652979,1755652987,924,0,0
1755635430_J..N41R,123050_J..N41R,J,0,1755635430,1J 2030+ BRD/P-A,1755653339,1755653348,948,0,0
1755635850_J..S12R,123750_J..S12R,J,1,1755635850,1J 2037+ P-A/BRD,1755653880,1755653888,964,0,0
1755636060_J..N41R,124100_J..N41R,J,0,1755636060,1J 2041 BRD/P-A,1755654564,1755654571,1027,0,0
1755636450_J..S12R,124750_J..S12R,J,1,1755636450,1J 2047+ P-A/BRD,1755654068,1755654075,909,0,0
1755636660_J..N41R,125100_J..N41R,J,0,1755636660,1J 2051 BRD/P-A,1755654571,1755654579,948,0,0
1755637080_J..S12R,125800_J..S12R,J,1,1755637080,1J 2058 P-A/BRD,1755654450,1755654459,876,0,0
1755637260_J..N41R,126100_J..N41R,J,0,1755637260,1J 2101 BRD/P-A,1755654766,1755654774,894,0,0
1755637680_J..S12R,126800_J..S12R,J,1,1755637680,1J 2108 P-A/BRD,1755655690,1755655697,961,0,0
1755638160_J..N41R,127600_J..N41R,J,0,1755638160,1J 2116 BRD/P-A,1755656493,1755656501,761,0,0
1755638400_J..S12R,128000_J..S12R,J,1,1755638400,1J 2120 P-A/BRD,1755656125,1755656132,923,0,0
1755639060_J..N41R,129100_J..N41R,J,0,1755639060,1J 2131 BRD/P-A,1755656493,1755656501,884,0,0
1755639120_J..S12R,129200_J..S12R,J,1,1755639120,1J 2132 P-A/BRD,1755656771,1755656778,913,0,0
1755639660_J..N41R,130100_J..N41R,J,0,1755639660,1J 2141 BRD/P-A,1755657852,1755657859,985,0,0
1755639840_J..S12R,130400_J..S12R,J,1,1755639840,1J 2144 P-A/BRD,1755657273,1755657282,884,0,0
1755640260_J..N41R,131100_J..N41R,J,0,1755640260,1J 2151 BRD/P-A,1755657972,1755657979,921,0,0
1755640560_J..S12R,131600_J..S12R,J,1,1755640560,1J 2156 P-A/BRD,1755658152,1755658159,905,0,0
1755640860_J..N41R,132100_J..N41R,J,0,1755640860,1J 2201 BRD/P-A,1755658369,1755658378,894,0,0
1755641280_J..S12R,132800_J..S12R,J,1,1755641280,1J 2208 P-A/BRD,1755658940,1755658948,914,0,0
1755641460_J..N41R,133100_J..N41R,J,0,1755641460,1J 2211 BRD/P-A,1755659098,1755659105,911,0,0
1755642000_J..S12R,134000_J..S12R,J,1,1755642000,1J 2220 P-A/BRD,1755659579,1755659586,903,0,0
1755642180_J..N41R,134300_J..N41R,J,0,1755642180,1J 2223 BRD/P-A,1755659999,1755660006,933,0,0
1755642780_J..S12R,135300_J..S12R,J,1,1755642780,1J 2233 P-A/BRD,1755660720,1755660727,952,0,0
1755642900_J..N41R,135500_J..N41R,J,0,1755642900,1J 2235 BRD/P-A,1755660667,1755660675,929,0,0
1755643620_J..N41R,136700_J..N41R,J,0,1755643620,1J 2247 BRD/P-A,1755661207,1755661216,905,0,0
1755643710_J..S12R,136850_J..S12R,J,1,1755643710,1J 2248+ P-A/BRD,1755661207,1755661216,893,0,0
1755644340_J..N41R,137900_J..N41R,J,0,1755644340,1J 2259 BRD/P-A,1755662041,1755662048,920,0,0
1755644610_J..S12R,138350_J..S12R,J,1,1755644610,1J 2303+ P-A/BRD,1755662424,1755662432,935,0,0
1755645060_J..N41R,139100_J..N41R,J,0,1755645060,1J 2311 BRD/P-A,1755662544,1755662552,862,0,0
1755645510_J..S12R,139850_J..S12R,J,1,1755645510,1J 2318+ P-A/BRD,1755662964,1755662972,887,0,0
1755645780_J..N41R,140300_J..N41R,J,0,1755645780,1J 2323 BRD/P-A,1755663228,1755663234,886,0,0
1755646410_J..S12R,141350_J..S12R,J,1,1755646410,1J 2333+ P-A/BRD,1755663850,1755663858,885,0,0
1755646620_J..N41R,141700_J..N41R,J,0,1755646620,1J 2337 BRD/P-A,1755664256,1755664264,911,0,0
1755647430_J..S12R,143050_J..S12R,J,1,1755647430,1J 2350+ P-A/BRD,1755665090,1755665096,914,0,0
1755647520_J..N41R,143200_J..N41R,J,0,1755647520,1J 2352 BRD/P-A,1755665075,1755665081,900,0,0
1755648420_J..N41R,000700_J..N41R,J,0,1755648420,1J 0007 BRD/P-A,1755666501,1755666508,970,0,0
1755648510_J..S12R,000850_J..S12R,J,1,1755648510,1J 0008+ P-A/BRD,1755666057,1755666066,899,0,0
1755649320_J..N41R,002200_J..N41R,J,0,1755649320,1J 0022 BRD/P-A,1755666763,1755666771,885,0,0
1755649710_J..S12R,002850_J..S12R,J,1,1755649710,1J 0028+ P-A/BRD,1755667627,1755667634,949,0,0
1755650220_J..N41R,003700_J..N41R,J,0,1755650220,1J 0037 BRD/P-A,1755668039,1755668048,936,0,0
1755650910_J..S12R,004850_J..S12R,J,1,1755650910,1J 0048+ P-A/BRD,1755668490,1755668498,903,0,0
1755651300_J..N41R,005500_J..N41R,J,0,1755651300,1J 0055 BRD/P-A,1755669144,1755669151,938,0,0
1755652110_J..S12R,006850_J..S12R,J,1,1755652110,1J 0108+ P-A/BRD,1755669609,1755669616,892,0,0
1755652500_J..N41R,007500_J..N41R,J,0,1755652500,1J 0115 BRD/P-A,1755670105,1755670112,906,0,0
1755653310_J..S12R,008850_J..S12R,J,1,1755653310,1J 0128+ P-A/BRD,1755671066,1755671072,896,0,0
1755653700_J..N41R,009500_J..N41R,J,0,1755653700,1J 0135 BRD/P-A,1755671591,1755671606,886,0,0
1755654510_J..S12R,010850_J..S12R,J,1,1755654510,1J 0148+ P-A/BRD,1755672229,1755672237,860,0,0
1755654900_J..N41R,011500_J..N41R,J,0,1755654900,1J 0155 BRD/P-A,1755672514,1755672522,846,0,0
1755655710_J..S12R,012850_J..S12R,J,1,1755655710,1J 0208+ P-A/BRD,1755673430,1755673438,860,0,0
1755656100_J..N41R,013500_J..N41R,J,0,1755656100,1J 0215 BRD/P-A,1755673679,1755673685,841,0,0
1755656910_J..S12R,014850_J..S12R,J,1,1755656910,1J 0228+ P-A/BRD,1755674541,1755674549,848,0,0
1755657300_J..N41R,015500_J..N41R,J,0,1755657300,1J 0235 BRD/P-A,1755675157,1755675165,878,0,0
1755658110_J..S12R,016850_J..S12R,J,1,1755658110,1J 0248+ P-A/BRD,1755675802,1755675811,858,0,0
1755658500_J..N41R,017500_J..N41R,J,0,1755658500,1J 0255 BRD/P-A,1755676103,1755676111,846,0,0
1755659310_J..S12R,018850_J..S12R,J,1,1755659310,1J 0308+ P-A/BRD,1755677289,1755677297,962,0,0
1755659700_J..N41R,019500_J..N41R,J,0,1755659700,1J 0315 BRD/P-A,1755677454,1755677463,954,0,0
1755660510_J..S12R,020850_J..S12R,J,1,1755660510,1J 0328+ P-A/BRD,1755677950,1755677958,1017,0,0
1755660900_J..N41R,021500_J..N41R,J,0,1755660900,1J 0335 BRD/P-A,1755678514,1755678520,1137,0,0
1755661710_J..S12R,022850_J..S12R,J,1,1755661710,1J 0348+ P-A/BRD,1755679286,1755679294,1235,0,0
1755662100_J..N41R,023500_J..N41R,J,0,1755662100,1J 0355 BRD/P-A,1755679857,1755679865,1335,0,0
1755576180_L..N,024300_L..N,L,0,1755576180,0L 0403 RPY/8AV,1755592762,1755592771,532,0,0
1755576810_L..S,025350_L..S,L,1,1755576810,0L 0413+8AV/RPY,1755593632,1755593641,559,0,0
1755577380_L..N,026300_L..N,L,0,1755577380,0L 0423 RPY/8AV,1755593782,1755593791,508,0,0
1755578010_L..S,027350_L..S,L,1,1755578010,0L 0433+8AV/RPY,1755594847,1755594856,566,0,0
1755578580_L..N,028300_L..N,L,0,1755578580,0L 0443 RPY/8AV,1755595162,1755595171,532,0,0
1755579300_L..S,029500_L..S,L,1,1755579300,0L 0455 8AV/RPY,1755595882,1755595891,532,0,0
1755579630_L..N,030050_L..N,L,0,1755579630,0L 0500+RPY/8AV,1755596227,1755596236,534,0,0
1755580260_L..N,031100_L..N,L,0,1755580260,0L 0511 RPY/8AV,1755596692,1755596701,512,0,0
1755580590_L..S,031650_L..S,L,1,1755580590,0L 0516+8AV/RPY,1755596887,1755596896,492,0,0
1755580770_L..N,031950_L..N,L,0,1755580770,0L 0519+105/8AV,1755596932,1755596941,474,0,0
1755581070_L..N,032450_L..N,L,0,1755581070,0L 0524+RPY/8AV,1755597457,1755597466,506,0,0
1755581520_L..S,033200_L..S,L,1,1755581520,0L 0532 8AV/RPY,1755597922,1755597931,506,0,0
1755581550_L..N,033250_L..N,L,0,1755581550,0L 0532+105/8AV,1755597757,1755597766,482,0,0
1755581820_L..N,033700_L..N,L,0,1755581820,0L 0537 RPY/8AV,1755598162,1755598171,500,0,0
1755582240_L..S,034400_L..S,L,1,1755582240,0L 0544 8AV/RPY,1755598507,1755598516,490,0,0
1755582270_L..N,034450_L..N,L,0,1755582270,0L 0544+105/8AV,1755598432,1755598441,474,0,0
1755582540_L..N,034900_L..N,L,0,1755582540,0L 0549 RPY/8AV,1755598837,1755598846,494,0,0
1755582840_L..S,035400_L..S,L,1,1755582840,0L 0554 8AV/RPY,1755599257,1755599266,510,0,0
1755582990_L..N,035650_L..N,L,0,1755582990,0L 0556+105/8AV,1755599257,1755599266,490,0,0
1755583260_L..N,036100_L..N,L,0,1755583260,0L 0601 RPY/8AV,1755599572,1755599581,496,0,0
1755583320_L..S,036200_L..S,L,1,1755583320,0L 0602 8AV/RPY,1755599662,1755599671,500,0,0
1755583680_L..S,036800_L..S,L,1,1755583680,0L 0608 8AV/RPY,1755600022,1755600031,500,0,0
1755583710_L..N,036850_L..N,L,0,1755583710,0L 0608+105/8AV,1755599902,1755599911,480,0,0
1755583980_L..N,037300_L..N,L,0,1755583980,0L 0613 RPY/8AV,1755600517,1755600527,526,0,0
1755584040_L..S,037400_L..S,L,1,1755584040,0L 0614 8AV/RPY,1755600457,1755600466,510,0,0
1755584400_L..S,038000_L..S,L,1,1755584400,0L 0620 8AV/RPY,1755600787,1755600796,506,0,0
1755584430_L..N,038050_L..N,L,0,1755584430,0L 0620+105/8AV,1755600847,1755600857,510,0,0
1755584700_L..N,038500_L..N,L,0,1755584700,0L 0625 RPY/8AV,1755601132,1755601142,512,0,0
1755584760_L..S,038600_L..S,L,1,1755584760,0L 0626 8AV/RPY,1755601042,1755601052,492,0,0
1755585030_L..N,039050_L..N,L,0,1755585030,0L 0630+RPY/8AV,1755601267,1755601277,486,0,0
1755585120_L..S,039200_L..S,L,1,1755585120,0L 0632 8AV/RPY,1755601462,1755601472,500,0,0
1755585390_L..N,039650_L..N,L,0,1755585390,0L 0636+RPY/8AV,1755601807,1755601817,510,0,0
1755585480_L..S,039800_L..S,L,1,1755585480,0L 0638 8AV/RPY,1755601822,1755601832,500,0,0
1755585780_L..N,040300_L..N,L,0,1755585780,0L 0643 105/8AV,1755602182,1755602192,508,0,0
1755585840_L..S,040400_L..S,L,1,1755585840,0L 0644 8AV/RPY,1755602182,1755602192,500,0,0
1755585960_L..N,040600_L..N,L,0,1755585960,0L 0646 RPY/8AV,1755602242,1755602252,492,0,0
1755586200_L..S,041000_L..S,L,1,1755586200,0L 0650 8AV/RPY,1755602602,1755602612,506,0,0
1755586260_L..N,041100_L..N,L,0,1755586260,0L 0651 RPY/8AV,1755602812,1755602822,528,0,0
1755586530_L..N,041550_L..N,L,0,1755586530,0L 0655+RPY/8AV,1755602947,1755602957,510,0,0
1755586560_L..S,041600_L..S,L,1,1755586560,0L 0656 8AV/RPY,1755602902,1755602912,498,0,0
1755586800_L..N,042000_L..N,L,0,1755586800,0L 0700 105/8AV,1755603127,1755603137,498,0,0
1755586920_L..S,042200_L..S,L,1,1755586920,0L 0702 8AV/RPY,1755603307,1755603317,506,0,0
1755586950_L..N,042250_L..N,L,0,1755586950,0L 0702+RPY/8AV,1755603472,1755603482,524,0,0
1755587190_L..N,042650_L..N,L,0,1755587190,0L 0706+RPY/8AV,1755603547,1755603557,502,0,0
1755587280_L..S,042800_L..S,L,1,1755587280,0L 0708 8AV/RPY,1755603817,1755603827,526,0,0
1755587520_L..N,043200_L..N,L,0,1755587520,0L 0712 105/8AV,1755603922,1755603932,506,0,0
1755587640_L..S,043400_L..S,L,1,1755587640,0L 0714 8AV/RPY,1755604057,1755604067,510,0,0
1755587670_L..N,043450_L..N,L,0,1755587670,0L 0714+RPY/8AV,1755604027,1755604037,502,0,0
1755587910_L..N,043850_L..N,L,0,1755587910,0L 0718+RPY/8AV,1755604327,1755604337,510,0,0
1755587940_L..S,043900_L..S,L,1,1755587940,0L 0719 8AV/RPY,1755604237,1755604247,494,0,0
1755588240_L..N,044400_L..N,L,0,1755588240,0L 0724 105/8AV,1755604537,1755604547,492,0,0
1755588240_L..S,044400_L..S,L,1,1755588240,0L 0724 8AV/RPY,1755604612,1755604622,502,0,0
1755588270_L..N,044450_L..N,L,0,1755588270,0L 0724+RPY/8AV,1755604792,1755604802,524,0,0
1755588540_L..S,044900_L..S,L,1,1755588540,0L 0729 8AV/RPY,1755604942,1755604952,508,0,0
1755588630_L..N,045050_L..N,L,0,1755588630,0L 0730+RPY/8AV,1755605002,1755605012,504,0,0
1755588780_L..S,045300_L..S,L,1,1755588780,0L 0733 8AV/MYR,1755604342,1755604352,396,0,0
1755588900_L..N,045500_L..N,L,0,1755588900,0L 0735 105/8AV,1755605272,1755605282,504,0,0
1755588990_L..N,045650_L..N,L,0,1755588990,0L 0736+RPY/8AV,1755605392,1755605402,508,0,0
1755589020_L..S,045700_L..S,L,1,1755589020,0L 0737 8AV/RPY,1755605527,1755605537,522,0,0
1755589260_L..N,046100_L..N,L,0,1755589260,0L 0741 105/8AV,1755605752,1755605762,514,0,0
1755589260_L..S,046100_L..S,L,1,1755589260,0L 0741 8AV/RPY,1755605782,1755605792,524,0,0
1755589350_L..N,046250_L..N,L,0,1755589350,0L 0742+RPY/8AV,1755605947,1755605957,534,0,0
1755589500_L..S,046500_L..S,L,1,1755589500,0L 0745 8AV/MYR,1755605017,1755605027,390,0,0
1755589620_L..N,046700_L..N,L,0,1755589620,0L 0747 105/8AV,1755606217,1755606227,534,0,0
1755589710_L..N,046850_L..N,L,0,1755589710,0L 0748+RPY/8AV,1755606367,1755606377,542,0,0
1755589740_L..S,046900_L..S,L,1,1755589740,0L 0749 8AV/RPY,1755606307,1755606317,530,0,0
1755589980_L..S,047300_L..S,L,1,1755589980,0L 0753 8AV/RPY,1755606487,1755606497,522,0,0
1755590070_L..N,047450_L..N,L,0,1755590070,0L 0754+RPY/8AV,1755606697,1755606707,538,0,0
1755590220_L..S,047700_L..S,L,1,1755590220,0L 0757 8AV/MYR,1755605722,1755605732,386,0,0
1755590340_L..N,047900_L..N,L,0,1755590340,0L 0759 105/8AV,1755606847,1755606857,520,0,0
1755590430_L..N,048050_L..N,L,0,1755590430,0L 0800+RPY/8AV,1755607012,1755607022,532,0,0
1755590460_L..S,048100_L..S,L,1,1755590460,0L 0801 8AV/RPY,1755606967,1755606977,522,0,0
1755590700_L..S,048500_L..S,L,1,1755590700,0L 0805 8AV/RPY,1755607087,1755607097,504,0,0
1755590790_L..N,048650_L..N,L,0,1755590790,0L 0806+RPY/8AV,1755607432,1755607442,540,0,0
1755590850_L..N,048750_L..N,L,0,1755590850,0L 0807+MYR/8AV,1755606607,1755606617,422,0,0
1755590880_L..S,048800_L..S,L,1,1755590880,0L 0808 8AV/RPY,1755607177,1755607187,494,0,0
1755591060_L..N,049100_L..N,L,0,1755591060,0L 0811 105/8AV,1755607507,1755607517,514,0,0
1755591060_L..S,049100_L..S,L,1,1755591060,0L 0811 8AV/MYR,1755606637,1755606647,398,0,0
1755591150_L..N,049250_L..N,L,0,1755591150,0L 0812+RPY/8AV,1755607762,1755607772,536,0,0
1755591240_L..S,049400_L..S,L,1,1755591240,0L 0814 8AV/RPY,1755607732,1755607742,520,0,0
1755591420_L..S,049700_L..S,L,1,1755591420,0L 0817 8AV/RPY,1755607912,1755607922,520,0,0
1755591510_L..N,049850_L..N,L,0,1755591510,0L 0818+RPY/8AV,1755608032,1755608042,524,0,0
1755591570_L..N,049950_L..N,L,0,1755591570,0L 0819+MYR/8AV,1755607132,1755607142,394,0,0
1755591600_L..S,050000_L..S,L,1,1755591600,0L 0820 8AV/RPY,1755608302,1755608312,544,0,0
1755591780_L..N,050300_L..N,L,0,1755591780,0L 0823 105/8AV,1755608302,1755608312,524,0,0
1755591780_L..S,050300_L..S,L,1,1755591780,0L 0823 8AV/MYR,1755607462,1755607472,412,0,0
1755591870_L..N,050450_L..N,L,0,1755591870,0L 0824+RPY/8AV,1755608452,1755608467,531,0,0
1755591960_L..S,050600_L..S,L,1,1755591960,0L 0826 8AV/RPY,1755608602,1755608610,527,0,0
1755592140_L..S,050900_L..S,L,1,1755592140,0L 0829 8AV/RPY,1755608752,1755608762,526,0,0
1755592260_L..N,051100_L..N,L,0,1755592260,0L 0831 RPY/8AV,1755608737,1755608747,508,0,0
1755592290_L..N,051150_L..N,L,0,1755592290,0L 0831+MYR/8AV,1755607867,1755607877,396,0,0
1755592320_L..S,051200_L..S,L,1,1755592320,0L 0832 8AV/MYR,1755607912,1755607922,400,0,0
1755592470_L..N,051450_L..N,L,0,1755592470,0L 0834+RPY/8AV,1755608872,1755608882,498,0,0
1755592500_L..S,051500_L..S,L,1,1755592500,0L 0835 8AV/RPY,1755608977,1755608987,508,0,0
1755592680_L..S,051800_L..S,L,1,1755592680,0L 0838 8AV/RPY,1755609292,1755609302,524,0,0
1755592860_L..S,052100_L..S,L,1,1755592860,0L 0841 8AV/RPY,1755609472,1755609482,526,0,0
1755592890_L..N,052150_L..N,L,0,1755592890,0L 0841+RPY/8AV,1755609382,1755609392,510,0,0
1755593010_L..N,052350_L..N,L,0,1755593010,0L 0843+MYR/8AV,1755608602,1755608610,393,0,0
1755593040_L..S,052400_L..S,L,1,1755593040,0L 0844 8AV/MYR,1755608602,1755608610,389,0,0
1755593160_L..N,052600_L..N,L,0,1755593160,0L 0846 RPY/8AV,1755609592,1755609602,500,0,0
1755593220_L..S,052700_L..S,L,1,1755593220,0L 0847 8AV/RPY,1755609832,1755609842,526,0,0
1755593400_L..S,053000_L..S,L,1,1755593400,0L 0850 8AV/RPY,1755609997,1755610007,524,0,0
1755593520_L..N,053200_L..N,L,0,1755593520,0L 0852 RPY/8AV,1755610012,1755610022,510,0,0
1755593580_L..S,053300_L..S,L,1,1755593580,0L 0853 8AV/RPY,1755610297,1755610307,540,0,0
1755593640_L..N,053400_L..N,L,0,1755593640,0L 0854 MYR/8AV,1755609217,1755609227,388,0,0
1755593760_L..N,053600_L..N,L,0,1755593760,0L 0856 RPY/8AV,1755610252,1755610262,510,0,0
1755593760_L..S,053600_L..S,L,1,1755593760,0L 0856 8AV/MYR,1755609382,1755609392,394,0,0
1755593940_L..S,053900_L..S,L,1,1755593940,0L 0859 8AV/RPY,1755610582,1755610592,530,0,0
1755594000_L..N,054000_L..N,L,0,1755594000,0L 0900 RPY/8AV,1755610462,1755610472,506,0,0
1755594120_L..S,054200_L..S,L,1,1755594120,0L 0902 8AV/RPY,1755610777,1755610787,532,0,0
1755594300_L..N,054500_L..N,L,0,1755594300,0L 0905 RPY/8AV,1755611032,1755611042,542,0,0
1755594300_L..S,054500_L..S,L,1,1755594300,0L 0905 8AV/RPY,1755611032,1755611042,542,0,0
1755594330_L..N,054550_L..N,L,0,1755594330,0L 0905+MYR/8AV,1755609847,1755609857,378,0,0
1755594510_L..S,054850_L..S,L,1,1755594510,0L 0908+8AV/MYR,1755609982,1755609992,374,0,0
1755594570_L..N,054950_L..N,L,0,1755594570,0L 0909+RPY/8AV,1755611152,1755611162,522,0,0
1755594720_L..S,055200_L..S,L,1,1755594720,0L 0912 8AV/RPY,1755611167,1755611177,504,0,0
1755594870_L..N,055450_L..N,L,0,1755594870,0L 0914+RPY/8AV,1755611422,1755611432,518,0,0
1755594930_L..S,055550_L..S,L,1,1755594930,0L 0915+8AV/RPY,1755611482,1755611492,518,0,0
1755595080_L..N,055800_L..N,L,0,1755595080,0L 0918 RPY/8AV,1755611707,1755611717,528,0,0
1755595110_L..N,055850_L..N,L,0,1755595110,0L 0918+MYR/8AV,1755610612,1755610622,378,0,0
1755595230_L..S,056050_L..S,L,1,1755595230,0L 0920+8AV/RPY,1755611677,1755611687,504,0,0
1755595380_L..N,056300_L..N,L,0,1755595380,0L 0923 RPY/8AV,1755611857,1755611867,506,0,0
1755595440_L..S,056400_L..S,L,1,1755595440,0L 0924 8AV/RPY,1755611917,1755611927,506,0,0
1755595650_L..S,056750_L..S,L,1,1755595650,0L 0927+8AV/RPY,1755612171,1755612182,506,0,0
1755595710_L..N,056850_L..N,L,0,1755595710,0L 0928+RPY/8AV,1755612242,1755612257,503,0,0
1755595740_L..N,056900_L..N,L,0,1755595740,0L 0929 MYR/8AV,1755611257,1755611267,380,0,0
1755595860_L..S,057100_L..S,L,1,1755595860,0L 0931 8AV/RPY,1755612367,1755612377,498,0,0
1755595920_L..N,057200_L..N,L,0,1755595920,0L 0932 RPY/8AV,1755612532,1755612542,514,0,0
1755596070_L..S,057450_L..S,L,1,1755596070,0L 0934+8AV/RPY,1755612502,1755612512,498,0,0
1755596190_L..N,057650_L..N,L,0,1755596190,0L 0936+RPY/8AV,1755612712,1755612722,510,0,0
1755596220_L..S,057700_L..S,L,1,1755596220,0L 0937 8AV/RPY,1755612727,1755612737,508,0,0
1755596400_L..N,058000_L..N,L,0,1755596400,0L 0940 RPY/8AV,1755613012,1755613022,522,0,0
1755596430_L..S,058050_L..S,L,1,1755596430,0L 0940+8AV/MYR,1755611962,1755611972,392,0,0
1755596610_L..N,058350_L..N,L,0,1755596610,0L 0943+MYR/8AV,1755612122,1755612137,384,0,0
1755596640_L..N,058400_L..N,L,0,1755596640,0L 0944 RPY/8AV,1755613117,1755613127,504,0,0
1755596640_L..S,058400_L..S,L,1,1755596640,0L 0944 8AV/RPY,1755613312,1755613322,530,0,0
1755596850_L..S,058750_L..S,L,1,1755596850,0L 0947+8AV/RPY,1755613537,1755613547,532,0,0
1755596880_L..N,058800_L..N,L,0,1755596880,0L 0948 RPY/8AV,1755613402,1755613412,510,0,0
1755597060_L..S,059100_L..S,L,1,1755597060,0L 0951 8AV/RPY,1755613657,1755613667,520,0,0
1755597120_L..N,059200_L..N,L,0,1755597120,0L 0952 RPY/8AV,1755613507,1755613517,492,0,0
1755597270_L..S,059450_L..S,L,1,1755597270,0L 0954+8AV/RPY,1755613852,1755613862,518,0,0
1755597360_L..N,059600_L..N,L,0,1755597360,0L 0956 RPY/8AV,1755613822,1755613832,502,0,0
1755597480_L..S,059800_L..S,L,1,1755597480,0L 0958 8AV/RPY,1755614062,1755614072,518,0,0
1755597630_L..N,060050_L..N,L,0,1755597630,0L 1000+RPY/8AV,1755614347,1755614357,536,0,0
1755597690_L..S,060150_L..S,L,1,1755597690,0L 1001+8AV/RPY,1755614272,1755614282,518,0,0
1755597870_L..N,060450_L..N,L,0,1755597870,0L 1004+RPY/8AV,1755614422,1755614432,514,0,0
1755597870_L..S,060450_L..S,L,1,1755597870,0L 1004+8AV/RPY,1755614467,1755614477,520,0,0
1755598080_L..S,060800_L..S,L,1,1755598080,0L 1008 8AV/RPY,1755614737,1755614747,528,0,0
1755598110_L..N,060850_L..N,L,0,1755598110,0L 1008+RPY/8AV,1755614497,1755614507,492,0,0
1755598290_L..S,061150_L..S,L,1,1755598290,0L 1011+8AV/RPY,1755614917,1755614927,524,0,0
1755598350_L..N,061250_L..N,L,0,1755598350,0L 1012+RPY/8AV,1755614842,1755614852,506,0,0
1755598500_L..S,061500_L..S,L,1,1755598500,0L 1015 8AV/RPY,1755615067,1755615077,516,0,0
1755598590_L..N,061650_L..N,L,0,1755598590,0L 1016+RPY/8AV,1755615142,1755615152,514,0,0
1755598710_L..S,061850_L..S,L,1,1755598710,0L 1018+8AV/RPY,1755615232,1755615242,510,0,0
1755598830_L..N,062050_L..N,L,0,1755598830,0L 1020+RPY/8AV,1755615307,1755615317,504,0,0
1755598950_L..S,062250_L..S,L,1,1755598950,0L 1022+8AV/RPY,1755615442,1755615452,506,0,0
1755599070_L..N,062450_L..N,L,0,1755599070,0L 1024+RPY/8AV,1755615712,1755615722,524,0,0
1755599190_L..S,062650_L..S,L,1,1755599190,0L 1026+8AV/RPY,1755615697,1755615707,508,0,0
1755599310_L..N,062850_L..N,L,0,1755599310,0L 1028+RPY/8AV,1755615967,1755615977,528,0,0
1755599430_L..S,063050_L..S,L,1,1755599430,0L 1030+8AV/RPY,1755616357,1755616367,564,0,0
1755599550_L..N,063250_L..N,L,0,1755599550,0L 1032+RPY/8AV,1755616072,1755616082,517,0,0
1755599670_L..S,063450_L..S,L,1,1755599670,0L 1034+8AV/RPY,1755616492,1755616502,564,0,0
1755599790_L..N,063650_L..N,L,0,1755599790,0L 1036+RPY/8AV,1755616252,1755616262,516,0,0
1755599910_L..S,063850_L..S,L,1,1755599910,0L 1038+8AV/RPY,1755616732,1755616742,564,0,0
1755600030_L..N,064050_L..N,L,0,1755600030,0L 1040+RPY/8AV,1755616657,1755616667,538,0,0
1755600150_L..S,064250_L..S,L,1,1755600150,0L 1042+8AV/RPY,1755616867,1755616877,550,0,0
1755600270_L..N,064450_L..N,L,0,1755600270,0L 1044+RPY/8AV,1755616732,1755616742,516,0,0
1755600390_L..S,064650_L..S,L,1,1755600390,0L 1046+8AV/RPY,1755617062,1755617072,544,0,0
1755600510_L..N,064850_L..N,L,0,1755600510,0L 1048+RPY/8AV,1755616927,1755616937,510,0,0
1755600630_L..S,065050_L..S,L,1,1755600630,0L 1050+8AV/RPY,1755617312,1755617332,548,0,0
1755600750_L..N,065250_L..N,L,0,1755600750,0L 1052+RPY/8AV,1755617302,1755617312,529,0,0
1755600870_L..S,065450_L..S,L,1,1755600870,0L 1054+8AV/RPY,1755617422,1755617432,529,0,0
1755600990_L..N,065650_L..N,L,0,1755600990,0L 1056+RPY/8AV,1755617887,1755617897,575,0,0
1755601110_L..S,065850_L..S,L,1,1755601110,0L 1058+8AV/RPY,1755617602,1755617612,521,0,0
1755601230_L..N,066050_L..N,L,0,1755601230,0L 1100+RPY/8AV,1755617962,1755617972,553,0,0
1755601350_L..S,066250_L..S,L,1,1755601350,0L 1102+8AV/RPY,1755617977,1755617987,539,0,0
1755601470_L..N,066450_L..N,L,0,1755601470,0L 1104+RPY/8AV,1755618277,1755618287,561,0,0
1755601590_L..S,066650_L..S,L,1,1755601590,0L 1106+8AV/RPY,1755618217,1755618227,539,0,0
1755601710_L..N,066850_L..N,L,0,1755601710,0L 1108+RPY/8AV,1755618442,1755618452,553,0,0
1755601830_L..S,067050_L..S,L,1,1755601830,0L 1110+8AV/RPY,1755618352,1755618362,525,0,0
1755601950_L..N,067250_L..N,L,0,1755601950,0L 1112+RPY/8AV,1755618637,1755618647,539,0,0
1755602070_L..S,067450_L..S,L,1,1755602070,0L 1114+8AV/RPY,1755618562,1755618572,521,0,0
1755602190_L..N,067650_L..N,L,0,1755602190,0L 1116+RPY/8AV,1755618772,1755618782,533,0,0
1755602310_L..S,067850_L..S,L,1,1755602310,0L 1118+8AV/RPY,1755618922,1755618932,535,0,0
1755602430_L..N,068050_L..N,L,0,1755602430,0L 1120+RPY/8AV,1755618877,1755618887,515,0,0
1755602550_L..S,068250_L..S,L,1,1755602550,0L 1122+8AV/RPY,1755619042,1755619052,521,0,0
1755602670_L..N,068450_L..N,L,0,1755602670,0L 1124+RPY/8AV,1755619177,1755619187,523,0,0
1755602790_L..S,068650_L..S,L,1,1755602790,0L 1126+8AV/RPY,1755619282,1755619292,521,0,0
1755602910_L..N,068850_L..N,L,0,1755602910,0L 1128+RPY/8AV,1755619507,1755619517,535,0,0
1755603030_L..S,069050_L..S,L,1,1755603030,0L 1130+8AV/RPY,1755619627,1755619637,535,0,0
1755603210_L..N,069350_L..N,L,0,1755603210,0L 1133+RPY/8AV,1755619702,1755619712,521,0,0
1755603270_L..S,069450_L..S,L,1,1755603270,0L 1134+8AV/RPY,1755619792,1755619802,525,0,0
1755603510_L..N,069850_L..N,L,0,1755603510,0L 1138+RPY/8AV,1755619882,1755619892,505,0,0
1755603510_L..S,069850_L..S,L,1,1755603510,0L 1138+8AV/RPY,1755620152,1755620162,539,0,0
1755603750_L..S,070250_L..S,L,1,1755603750,0L 1142+8AV/RPY,1755620347,1755620357,535,0,0
1755603810_L..N,070350_L..N,L,0,1755603810,0L 1143+RPY/8AV,1755620212,1755620222,509,0,0
1755603990_L..S,070650_L..S,L,1,1755603990,0L 1146+8AV/RPY,1755620767,1755620777,559,0,0
1755604110_L..N,070850_L..N,L,0,1755604110,0L 1148+RPY/8AV,1755620677,1755620687,531,0,0
1755604230_L..S,071050_L..S,L,1,1755604230,0L 1150+8AV/RPY,1755621142,1755621152,577,0,0
1755604410_L..N,071350_L..N,L,0,1755604410,0L 1153+RPY/8AV,1755620947,1755620957,527,0,0
1755604470_L..S,071450_L..S,L,1,1755604470,0L 1154+8AV/RPY,1755621412,1755621422,581,0,0
1755604710_L..N,071850_L..N,L,0,1755604710,0L 1158+RPY/8AV,1755621112,1755621122,508,0,0
1755604710_L..S,071850_L..S,L,1,1755604710,0L 1158+8AV/RPY,1755621607,1755621617,574,0,0
1755604950_L..S,072250_L..S,L,1,1755604950,0L 1202+8AV/RPY,1755621847,1755621857,574,0,0
1755605010_L..N,072350_L..N,L,0,1755605010,0L 1203+RPY/8AV,1755621547,1755621557,524,0,0
1755605250_L..S,072750_L..S,L,1,1755605250,0L 1207+8AV/RPY,1755622042,1755622052,560,0,0
1755605310_L..N,072850_L..N,L,0,1755605310,0L 1208+RPY/8AV,1755621967,1755621977,542,0,0
1755605550_L..S,073250_L..S,L,1,1755605550,0L 1212+8AV/RPY,1755622282,1755622292,552,0,0
1755605610_L..N,073350_L..N,L,0,1755605610,0L 1213+RPY/8AV,1755622102,1755622112,520,0,0
1755605850_L..S,073750_L..S,L,1,1755605850,0L 1217+8AV/RPY,1755622642,1755622651,548,0,0
1755605910_L..N,073850_L..N,L,0,1755605910,0L 1218+RPY/8AV,1755622567,1755622575,534,0,0
1755606150_L..S,074250_L..S,L,1,1755606150,0L 1222+8AV/RPY,1755622882,1755622892,532,0,0
1755606210_L..N,074350_L..N,L,0,1755606210,0L 1223+RPY/8AV,1755620992,1755621002,286,0,0
1755606450_L..S,074750_L..S,L,1,1755606450,0L 1227+8AV/RPY,1755623032,1755623042,510,0,0
1755606510_L..N,074850_L..N,L,0,1755606510,0L 1228+RPY/8AV,1755622927,1755622937,484,0,0
1755606750_L..S,075250_L..S,L,1,1755606750,0L 1232+8AV/RPY,1755623407,1755623417,520,0,0
1755606810_L..N,075350_L..N,L,0,1755606810,0L 1233+RPY/8AV,1755623272,1755623282,494,0,0
1755607050_L..S,075750_L..S,L,1,1755607050,0L 1237+8AV/RPY,1755623842,1755623852,536,0,0
1755607110_L..N,075850_L..N,L,0,1755607110,0L 1238+RPY/8AV,1755623497,1755623507,484,0,0
1755607230_L..N,076050_L..N,L,0,1755607230,EL 1240+RPY/8AV,1755623707,1755623717,268,0,0
1755607350_L..S,076250_L..S,L,1,1755607350,0L 1242+8AV/RPY,1755624037,1755624047,524,0,0
1755607410_L..N,076350_L..N,L,0,1755607410,0L 1243+RPY/8AV,1755623917,1755623927,498,0,0
1755607650_L..S,076750_L..S,L,1,1755607650,0L 1247+8AV/RPY,1755624292,1755624302,518,0,0
1755607710_L..N,076850_L..N,L,0,1755607710,0L 1248+RPY/8AV,1755624232,1755624242,502,0,0
1755607950_L..S,077250_L..S,L,1,1755607950,0L 1252+8AV/RPY,1755624577,1755624587,516,0,0
1755608010_L..N,077350_L..N,L,0,1755608010,0L 1253+RPY/8AV,1755624502,1755624512,498,0,0
1755608250_L..S,077750_L..S,L,1,1755608250,0L 1257+8AV/RPY,1755624862,1755624872,514,0,0
1755608310_L..N,077850_L..N,L,0,1755608310,0L 1258+RPY/8AV,1755624907,1755624917,512,0,0
1755608550_L..S,078250_L..S,L,1,1755608550,0L 1302+8AV/RPY,1755625177,1755625187,516,0,0
1755608610_L..N,078350_L..N,L,0,1755608610,0L 1303+RPY/8AV,1755625117,1755625127,500,0,0
1755608850_L..S,078750_L..S,L,1,1755608850,0L 1307+8AV/RPY,1755625417,1755625427,508,0,0
1755608910_L..N,078850_L..N,L,0,1755608910,0L 1308+RPY/8AV,1755625507,1755625517,512,0,0
1755609150_L..S,079250_L..S,L,1,1755609150,0L 1312+8AV/RPY,1755625717,1755625727,508,0,0
1755609210_L..N,079350_L..N,L,0,1755609210,0L 1313+RPY/8AV,1755625762,1755625772,506,0,0
1755609450_L..S,079750_L..S,L,1,1755609450,0L 1317+8AV/RPY,1755626197,1755626207,532,0,0
1755609510_L..N,079850_L..N,L,0,1755609510,0L 1318+RPY/8AV,1755626377,1755626387,548,0,0
1755609750_L..S,080250_L..S,L,1,1755609750,0L 1322+8AV/RPY,1755626362,1755626372,514,0,0
1755609810_L..N,080350_L..N,L,0,1755609810,0L 1323+RPY/8AV,1755626482,1755626492,522,0,0
1755610050_L..S,080750_L..S,L,1,1755610050,0L 1327+8AV/RPY,1755626557,1755626567,512,0,0
1755610110_L..N,080850_L..N,L,0,1755610110,0L 1328+RPY/8AV,1755626647,1755626657,519,0,0
1755610350_L..S,081250_L..S,L,1,1755610350,0L 1332+8AV/RPY,1755626932,1755626942,532,0,0
1755610410_L..N,081350_L..N,L,0,1755610410,0L 1333+RPY/8AV,1755626887,1755626897,518,0,0
1755610650_L..S,081750_L..S,L,1,1755610650,0L 1337+8AV/RPY,1755627232,1755627242,532,0,0
1755610710_L..N,081850_L..N,L,0,1755610710,0L 1338+RPY/8AV,1755627367,1755627377,542,0,0
1755610950_L..S,082250_L..S,L,1,1755610950,0L 1342+8AV/RPY,1755627502,1755627512,528,0,0
1755611010_L..N,082350_L..N,L,0,1755611010,0L 1343+RPY/8AV,1755627517,1755627527,522,0,0
1755611250_L..S,082750_L..S,L,1,1755611250,0L 1347+8AV/RPY,1755627892,1755627902,540,0,0
1755611310_L..N,082850_L..N,L,0,1755611310,0L 1348+RPY/8AV,1755627937,1755627947,538,0,0
1755611550_L..S,083250_L..S,L,1,1755611550,0L 1352+8AV/RPY,1755628417,1755628427,568,0,0
1755611610_L..N,083350_L..N,L,0,1755611610,0L 1353+RPY/8AV,1755628117,1755628127,522,0,0
1755611850_L..S,083750_L..S,L,1,1755611850,0L 1357+8AV/RPY,1755628822,1755628832,584,0,0
1755611910_L..N,083850_L..N,L,0,1755611910,0L 1358+RPY/8AV,1755628402,1755628412,518,0,0
1755612150_L..S,084250_L..S,L,1,1755612150,0L 1402+8AV/RPY,1755628957,1755628967,562,0,0
1755612210_L..N,084350_L..N,L,0,1755612210,0L 1403+RPY/8AV,1755628732,1755628742,524,0,0
1755612450_L..S,084750_L..S,L,1,1755612450,0L 1407+8AV/RPY,1755629152,1755629162,548,0,0
1755612510_L..N,084850_L..N,L,0,1755612510,0L 1408+RPY/8AV,1755629137,1755629147,538,0,0
1755612750_L..S,085250_L..S,L,1,1755612750,0L 1412+8AV/RPY,1755629482,1755629491,552,0,0
1755612810_L..N,085350_L..N,L,0,1755612810,0L 1413+RPY/8AV,1755629227,1755629237,510,0,0
1755613050_L..S,085750_L..S,L,1,1755613050,0L 1417+8AV/RPY,1755629827,1755629836,558,0,0
1755613110_L..N,085850_L..N,L,0,1755613110,0L 1418+RPY/8AV,1755629752,1755629762,538,0,0
1755613350_L..S,086250_L..S,L,1,1755613350,0L 1422+8AV/RPY,1755630022,1755630032,544,0,0
1755613410_L..N,086350_L..N,L,0,1755613410,0L 1423+RPY/8AV,1755629902,1755629912,520,0,0
1755613650_L..S,086750_L..S,L,1,1755613650,0L 1427+8AV/RPY,1755630592,1755630602,580,0,0
1755613710_L..N,086850_L..N,L,0,1755613710,0L 1428+RPY/8AV,1755630337,1755630347,538,0,0
1755613950_L..S,087250_L..S,L,1,1755613950,0L 1432+8AV/RPY,1755630817,1755630827,568,0,0
1755614010_L..N,087350_L..N,L,0,1755614010,0L 1433+RPY/8AV,1755630472,1755630482,516,0,0
1755614250_L..S,087750_L..S,L,1,1755614250,0L 1437+8AV/RPY,1755631012,1755631022,556,0,0
1755614310_L..N,087850_L..N,L,0,1755614310,0L 1438+RPY/8AV,1755630772,1755630782,514,0,0
1755614550_L..S,088250_L..S,L,1,1755614550,0L 1442+8AV/RPY,1755631222,1755631232,544,0,0
1755614580_L..N,088300_L..N,L,0,1755614580,0L 1443 RPY/8AV,1755631102,1755631111,524,0,0
1755614850_L..S,088750_L..S,L,1,1755614850,0L 1447+8AV/RPY,1755631462,1755631472,536,0,0
1755614880_L..N,088800_L..N,L,0,1755614880,0L 1448 RPY/8AV,1755631447,1755631457,530,0,0
1755615150_L..N,089250_L..N,L,0,1755615150,0L 1452+RPY/8AV,1755631777,1755631787,538,0,0
1755615150_L..S,089250_L..S,L,1,1755615150,0L 1452+8AV/RPY,1755631747,1755631757,534,0,0
1755615450_L..N,089750_L..N,L,0,1755615450,0L 1457+RPY/8AV,1755632077,1755632087,536,0,0
1755615450_L..S,089750_L..S,L,1,1755615450,0L 1457+8AV/RPY,1755632257,1755632267,560,0,0
1755615720_L..N,090200_L..N,L,0,1755615720,0L 1502 RPY/8AV,1755632227,1755632237,522,0,0
1755615750_L..S,090250_L..S,L,1,1755615750,0L 1502+8AV/RPY,1755632437,1755632447,546,0,0
1755616020_L..N,090700_L..N,L,0,1755616020,0L 1507 RPY/8AV,1755632677,1755632687,542,0,0
1755616050_L..S,090750_L..S,L,1,1755616050,0L 1507+8AV/RPY,1755632812,1755632822,556,0,0
1755616320_L..N,091200_L..N,L,0,1755616320,0L 1512 RPY/8AV,1755633052,1755633062,552,0,0
1755616350_L..S,091250_L..S,L,1,1755616350,0L 1512+8AV/RPY,1755632977,1755632987,536,0,0
1755616620_L..N,091700_L..N,L,0,1755616620,0L 1517 RPY/8AV,1755633247,1755633257,538,0,0
1755616650_L..S,091750_L..S,L,1,1755616650,0L 1517+8AV/RPY,1755633172,1755633182,524,0,0
1755616950_L..N,092250_L..N,L,0,1755616950,0L 1522+RPY/8AV,1755633382,1755633392,512,0,0
1755616950_L..S,092250_L..S,L,1,1755616950,0L 1522+8AV/RPY,1755633427,1755633437,518,0,0
1755617250_L..S,092750_L..S,L,1,1755617250,0L 1527+8AV/RPY,1755633637,1755633647,506,0,0
1755617310_L..N,092850_L..N,L,0,1755617310,0L 1528+RPY/8AV,1755633847,1755633857,526,0,0
1755617550_L..S,093250_L..S,L,1,1755617550,0L 1532+8AV/RPY,1755634057,1755634067,522,0,0
1755617640_L..N,093400_L..N,L,0,1755617640,0L 1534 RPY/8AV,1755634207,1755634217,530,0,0
1755617850_L..S,093750_L..S,L,1,1755617850,0L 1537+8AV/RPY,1755634477,1755634487,538,0,0
1755617970_L..N,093950_L..N,L,0,1755617970,0L 1539+RPY/8AV,1755634402,1755634412,512,0,0
1755618150_L..S,094250_L..S,L,1,1755618150,0L 1542+8AV/RPY,1755634702,1755634712,528,0,0
1755618270_L..N,094450_L..N,L,0,1755618270,0L 1544+RPY/8AV,1755634687,1755634697,510,0,0
1755618450_L..S,094750_L..S,L,1,1755618450,0L 1547+8AV/RPY,1755634912,1755634922,516,0,0
1755618570_L..N,094950_L..N,L,0,1755618570,0L 1549+RPY/8AV,1755635077,1755635087,522,0,0
1755618750_L..S,095250_L..S,L,1,1755618750,0L 1552+8AV/RPY,1755635212,1755635222,516,0,0
1755618870_L..N,095450_L..N,L,0,1755618870,0L 1554+RPY/8AV,1755635392,1755635402,524,0,0
1755619050_L..S,095750_L..S,L,1,1755619050,0L 1557+8AV/RPY,1755635482,1755635492,512,0,0
1755619170_L..N,095950_L..N,L,0,1755619170,0L 1559+RPY/8AV,1755635692,1755635702,524,0,0
1755619350_L..S,096250_L..S,L,1,1755619350,0L 1602+8AV/RPY,1755635857,1755635867,522,0,0
1755619470_L..N,096450_L..N,L,0,1755619470,0L 1604+RPY/8AV,1755635902,1755635912,512,0,0
1755619650_L..S,096750_L..S,L,1,1755619650,0L 1607+8AV/RPY,1755636052,1755636062,508,0,0
1755619770_L..N,096950_L..N,L,0,1755619770,0L 1609+RPY/8AV,1755636277,1755636287,522,0,0
1755619950_L..S,097250_L..S,L,1,1755619950,0L 1612+8AV/RPY,1755636337,1755636347,504,0,0
1755620040_L..N,097400_L..N,L,0,1755620040,0L 1614 RPY/8AV,1755636547,1755636557,522,0,0
1755620250_L..S,097750_L..S,L,1,1755620250,0L 1617+8AV/RPY,1755636757,1755636767,522,0,0
1755620280_L..N,097800_L..N,L,0,1755620280,0L 1618 RPY/8AV,1755636757,1755636767,518,0,0
1755620520_L..N,098200_L..N,L,0,1755620520,0L 1622 RPY/8AV,1755636892,1755636902,504,0,0
1755620550_L..S,098250_L..S,L,1,1755620550,0L 1622+8AV/RPY,1755637117,1755637127,530,0,0
1755620760_L..N,098600_L..N,L,0,1755620760,0L 1626 RPY/8AV,1755637147,1755637157,504,0,0
1755620850_L..S,098750_L..S,L,1,1755620850,0L 1627+8AV/RPY,1755637312,1755637322,516,0,0
1755621000_L..N,099000_L..N,L,0,1755621000,0L 1630 RPY/8AV,1755637432,1755637442,512,0,0
1755621150_L..S,099250_L..S,L,1,1755621150,0L 1632+8AV/RPY,1755637627,1755637637,518,0,0
1755621330_L..N,099550_L..N,L,0,1755621330,0L 1635+105/8AV,1755637672,1755637682,500,0,0
1755621450_L..S,099750_L..S,L,1,1755621450,0L 1637+8AV/RPY,1755638032,1755638042,532,0,0
1755621480_L..N,099800_L..N,L,0,1755621480,0L 1638 RPY/8AV,1755637987,1755637997,522,0,0
1755621690_L..S,100150_L..S,L,1,1755621690,0L 1641+8AV/RPY,1755638227,1755638237,526,0,0
1755621720_L..N,100200_L..N,L,0,1755621720,0L 1642 RPY/8AV,1755638107,1755638117,506,0,0
1755621960_L..N,100600_L..N,L,0,1755621960,0L 1646 RPY/8AV,1755638437,1755638447,518,0,0
1755621990_L..S,100650_L..S,L,1,1755621990,0L 1646+8AV/RPY,1755638617,1755638627,538,0,0
1755622200_L..N,101000_L..N,L,0,1755622200,0L 1650 RPY/8AV,1755638767,1755638777,530,0,0
1755622230_L..S,101050_L..S,L,1,1755622230,0L 1650+8AV/RPY,1755638752,1755638762,524,0,0
1755622470_L..S,101450_L..S,L,1,1755622470,0L 1654+8AV/RPY,1755639007,1755639017,526,0,0
1755622530_L..N,101550_L..N,L,0,1755622530,0L 1655+105/8AV,1755638962,1755638972,496,0,0
1755622650_L..N,101750_L..N,L,0,1755622650,0L 1657+RPY/8AV,1755639112,1755639122,514,0,0
1755622710_L..S,101850_L..S,L,1,1755622710,0L 1658+8AV/RPY,1755639307,1755639317,534,0,0
1755622860_L..N,102100_L..N,L,0,1755622860,0L 1701 RPY/8AV,1755639412,1755639422,529,0,0
1755622950_L..S,102250_L..S,L,1,1755622950,0L 1702+8AV/RPY,1755639427,1755639437,519,0,0
1755623160_L..N,102600_L..N,L,0,1755623160,0L 1706 105/8AV,1755639817,1755639827,493,0,0
1755623190_L..S,102650_L..S,L,1,1755623190,0L 1706+8AV/RPY,1755639772,1755639782,533,0,0
1755623280_L..N,102800_L..N,L,0,1755623280,0L 1708 RPY/8AV,1755639652,1755639662,505,0,0
1755623430_L..S,103050_L..S,L,1,1755623430,0L 1710+8AV/RPY,1755639952,1755639962,525,0,0
1755623490_L..N,103150_L..N,L,0,1755623490,0L 1711+RPY/8AV,1755639997,1755640007,521,0,0
1755623670_L..S,103450_L..S,L,1,1755623670,0L 1714+8AV/RPY,1755640312,1755640322,541,0,0
1755623700_L..N,103500_L..N,L,0,1755623700,0L 1715 RPY/8AV,1755640102,1755640112,509,0,0
1755623910_L..S,103850_L..S,L,1,1755623910,0L 1718+8AV/RPY,1755640447,1755640457,525,0,0
1755624000_L..N,104000_L..N,L,0,1755624000,0L 1720 105/8AV,1755640297,1755640307,495,0,0
1755624120_L..N,104200_L..N,L,0,1755624120,0L 1722 RPY/8AV,1755640612,1755640622,521,0,0
1755624150_L..S,104250_L..S,L,1,1755624150,0L 1722+8AV/RPY,1755640777,1755640787,539,0,0
1755624330_L..N,104550_L..N,L,0,1755624330,0L 1725+RPY/8AV,1755640777,1755640787,513,0,0
1755624390_L..S,104650_L..S,L,1,1755624390,0L 1726+8AV/RPY,1755640957,1755640967,531,0,0
1755624540_L..N,104900_L..N,L,0,1755624540,0L 1729 RPY/8AV,1755641077,1755641087,527,0,0
1755624600_L..S,105000_L..S,L,1,1755624600,0L 1730 8AV/RPY,1755641062,1755641072,517,0,0
1755624810_L..S,105350_L..S,L,1,1755624810,0L 1733+8AV/RPY,1755641377,1755641387,531,0,0
1755624840_L..N,105400_L..N,L,0,1755624840,0L 1734 105/8AV,1755641332,1755641342,519,0,0
1755624930_L..N,105550_L..N,L,0,1755624930,0L 1735+RPY/8AV,1755641452,1755641462,525,0,0
1755625020_L..S,105700_L..S,L,1,1755625020,0L 1737 8AV/RPY,1755641542,1755641552,525,0,0
1755625170_L..N,105950_L..N,L,0,1755625170,0L 1739+RPY/8AV,1755641587,1755641597,511,0,0
1755625230_L..S,106050_L..S,L,1,1755625230,0L 1740+8AV/RPY,1755642352,1755642362,605,0,0
1755625380_L..N,106300_L..N,L,0,1755625380,0L 1743 RPY/8AV,1755641887,1755641897,523,0,0
1755625440_L..S,106400_L..S,L,1,1755625440,0L 1744 8AV/RPY,1755642502,1755642512,597,0,0
1755625590_L..N,106650_L..N,L,0,1755625590,0L 1746+RPY/8AV,1755642007,1755642017,511,0,0
1755625650_L..S,106750_L..S,L,1,1755625650,0L 1747+8AV/RPY,1755642607,1755642617,583,0,0
1755625800_L..N,107000_L..N,L,0,1755625800,0L 1750 RPY/8AV,1755642187,1755642197,507,0,0
1755625860_L..S,107100_L..S,L,1,1755625860,0L 1751 8AV/RPY,1755642802,1755642812,581,0,0
1755626010_L..N,107350_L..N,L,0,1755626010,0L 1753+RPY/8AV,1755642427,1755642437,511,0,0
1755626070_L..S,107450_L..S,L,1,1755626070,0L 1754+8AV/RPY,1755642412,1755642422,501,0,0
1755626220_L..N,107700_L..N,L,0,1755626220,0L 1757 RPY/8AV,1755642622,1755642632,509,0,0
1755626280_L..S,107800_L..S,L,1,1755626280,0L 1758 8AV/RPY,1755642982,1755642992,547,0,0
1755626490_L..N,108150_L..N,L,0,1755626490,0L 1801+105/8AV,1755642787,1755642797,495,0,0
1755626490_L..S,108150_L..S,L,1,1755626490,0L 1801+8AV/RPY,1755643087,1755643097,535,0,0
1755626550_L..N,108250_L..N,L,0,1755626550,0L 1802+RPY/8AV,1755643042,1755643052,521,0,0
1755626700_L..S,108500_L..S,L,1,1755626700,0L 1805 8AV/RPY,1755643267,1755643277,531,0,0
1755626760_L..N,108600_L..N,L,0,1755626760,0L 1806 RPY/8AV,1755643267,1755643277,523,0,0
1755626910_L..S,108850_L..S,L,1,1755626910,0L 1808+8AV/RPY,1755643042,1755643052,472,0,0
1755626970_L..N,108950_L..N,L,0,1755626970,0L 1809+RPY/8AV,1755643492,1755643502,524,0,0
1755627120_L..S,109200_L..S,L,1,1755627120,0L 1812 8AV/RPY,1755643642,1755643652,524,0,0
1755627180_L..N,109300_L..N,L,0,1755627180,0L 1813 RPY/8AV,1755643672,1755643682,518,0,0
1755627330_L..S,109550_L..S,L,1,1755627330,0L 1815+8AV/RPY,1755643732,1755643742,508,0,0
1755627390_L..N,109650_L..N,L,0,1755627390,0L 1816+RPY/8AV,1755641857,1755641867,250,0,0
1755627540_L..S,109900_L..S,L,1,1755627540,0L 1819 8AV/RPY,1755643927,1755644027,506,0,0
1755627600_L..N,110000_L..N,L,0,1755627600,0L 1820 RPY/8AV,1755643927,1755644027,478,0,0
1755627750_L..S,110250_L..S,L,1,1755627750,0L 1822+8AV/RPY,1755643927,1755644027,478,0,0
1755627810_L..N,110350_L..N,L,0,1755627810,0L 1823+RPY/8AV,1755642472,1755642482,244,0,0
1755627960_L..S,110600_L..S,L,1,1755627960,0L 1826 8AV/RPY,1755644452,1755644462,506,0,0
1755628020_L..N,110700_L..N,L,0,1755628020,0L 1827 RPY/8AV,1755644842,1755644852,538,0,0
1755628170_L..S,110950_L..S,L,1,1755628170,0L 1829+8AV/RPY,1755644752,1755644762,520,0,0
1755628230_L..N,111050_L..N,L,0,1755628230,0L 1830+RPY/8AV,1755645007,1755645017,546,0,0
1755628260_L..N,111100_L..N,L,0,1755628260,EL 1831 BWJ/8AV,1755644077,1755644087,206,0,0
1755628380_L..S,111300_L..S,L,1,1755628380,0L 1833 8AV/RPY,1755644932,1755644942,516,0,0
1755628440_L..N,111400_L..N,L,0,1755628440,0L 1834 RPY/8AV,1755645142,1755645152,536,0,0
1755628590_L..S,111650_L..S,L,1,1755628590,0L 1836+8AV/RPY,1755645112,1755645122,512,0,0
1755628650_L..N,111750_L..N,L,0,1755628650,0L 1837+RPY/8AV,1755645292,1755645302,528,0,0
1755628800_L..N,112000_L..N,L,0,1755628800,EL 1840 BWJ/8AV,1755644752,1755644762,214,0,0
1755628800_L..S,112000_L..S,L,1,1755628800,0L 1840 8AV/RPY,1755645412,1755645422,524,0,0
1755628860_L..N,112100_L..N,L,0,1755628860,0L 1841 RPY/8AV,1755645517,1755645527,530,0,0
1755629010_L..S,112350_L..S,L,1,1755629010,0L 1843+8AV/RPY,1755645517,1755645527,510,0,0
1755629070_L..N,112450_L..N,L,0,1755629070,0L 1844+RPY/8AV,1755645622,1755645632,516,0,0
1755629220_L..S,112700_L..S,L,1,1755629220,0L 1847 8AV/RPY,1755645667,1755645677,502,0,0
1755629280_L..N,112800_L..N,L,0,1755629280,0L 1848 RPY/8AV,1755645727,1755645737,502,0,0
1755629430_L..S,113050_L..S,L,1,1755629430,0L 1850+8AV/RPY,1755645937,1755645947,510,0,0
1755629490_L..N,113150_L..N,L,0,1755629490,0L 1851+RPY/8AV,1755645847,1755645857,490,0,0
1755629640_L..S,113400_L..S,L,1,1755629640,0L 1854 8AV/RPY,1755646147,1755646157,508,0,0
1755629760_L..N,113600_L..N,L,0,1755629760,0L 1856 RPY/8AV,1755646072,1755646082,484,0,0
1755629850_L..S,113750_L..S,L,1,1755629850,0L 1857+8AV/RPY,1755646342,1755646352,508,0,0
1755630060_L..N,114100_L..N,L,0,1755630060,0L 1901 RPY/8AV,1755646447,1755646457,494,0,0
1755630060_L..S,114100_L..S,L,1,1755630060,0L 1901 8AV/RPY,1755646672,1755646682,524,0,0
1755630270_L..N,114450_L..N,L,0,1755630270,0L 1904+RPY/8AV,1755646852,1755646862,520,0,0
1755630270_L..S,114450_L..S,L,1,1755630270,0L 1904+8AV/RPY,1755646882,1755646892,506,0,0
1755630480_L..S,114800_L..S,L,1,1755630480,0L 1908 8AV/RPY,1755647212,1755647222,538,0,0
1755630510_L..N,114850_L..N,L,0,1755630510,0L 1908+RPY/8AV,1755646957,1755646967,502,0,0
1755630690_L..S,115150_L..S,L,1,1755630690,0L 1911+8AV/RPY,1755647392,1755647402,534,0,0
1755630840_L..N,115400_L..N,L,0,1755630840,0L 1914 RPY/8AV,1755647242,1755647252,496,0,0
1755630900_L..S,115500_L..S,L,1,1755630900,0L 1915 8AV/RPY,1755647527,1755647537,526,0,0
1755631050_L..N,115750_L..N,L,0,1755631050,0L 1917+RPY/8AV,1755647512,1755647522,504,0,0
1755631110_L..S,115850_L..S,L,1,1755631110,0L 1918+8AV/RPY,1755647632,1755647642,512,0,0
1755631260_L..N,116100_L..N,L,0,1755631260,0L 1921 RPY/8AV,1755647647,1755647657,484,0,0
1755631320_L..S,116200_L..S,L,1,1755631320,0L 1922 8AV/RPY,1755647767,1755647777,500,0,0
1755631470_L..N,116450_L..N,L,0,1755631470,0L 1924+RPY/8AV,1755647932,1755647942,516,0,0
1755631530_L..S,116550_L..S,L,1,1755631530,0L 1925+8AV/RPY,1755647932,1755647942,508,0,0
1755631680_L..N,116800_L..N,L,0,1755631680,0L 1928 RPY/8AV,1755648142,1755648152,516,0,0
1755631830_L..S,117050_L..S,L,1,1755631830,0L 1930+8AV/RPY,1755648307,1755648317,518,0,0
1755631920_L..N,117200_L..N,L,0,1755631920,0L 1932 RPY/8AV,1755648367,1755648377,512,0,0
1755632070_L..S,117450_L..S,L,1,1755632070,0L 1934+8AV/RPY,1755648637,1755648647,530,0,0
1755632160_L..N,117600_L..N,L,0,1755632160,0L 1936 RPY/8AV,1755648637,1755648647,518,0,0
1755632310_L..S,117850_L..S,L,1,1755632310,0L 1938+8AV/RPY,1755648742,1755648752,512,0,0
1755632400_L..N,118000_L..N,L,0,1755632400,0L 1940 RPY/8AV,1755648862,1755648872,514,0,0
1755632550_L..S,118250_L..S,L,1,1755632550,0L 1942+8AV/RPY,1755648982,1755648992,512,0,0
1755632640_L..N,118400_L..N,L,0,1755632640,0L 1944 RPY/8AV,1755649042,1755649052,506,0,0
1755632790_L..S,118650_L..S,L,1,1755632790,0L 1946+8AV/RPY,1755649282,1755649292,520,0,0
1755632880_L..N,118800_L..N,L,0,1755632880,0L 1948 RPY/8AV,1755649432,1755649442,526,0,0
1755633030_L..S,119050_L..S,L,1,1755633030,0L 1950+8AV/RPY,1755649537,1755649547,522,0,0
1755633120_L..N,119200_L..N,L,0,1755633120,0L 1952 RPY/8AV,1755649702,1755649712,532,0,0
1755633270_L..S,119450_L..S,L,1,1755633270,0L 1954+8AV/RPY,1755649837,1755649847,530,0,0
1755633360_L..N,119600_L..N,L,0,1755633360,0L 1956 RPY/8AV,1755649882,1755649892,524,0,0
1755633510_L..S,119850_L..S,L,1,1755633510,0L 1958+8AV/RPY,1755650017,1755650027,522,0,0
1755633600_L..N,120000_L..N,L,0,1755633600,0L 2000 RPY/8AV,1755650002,1755650012,506,0,0
1755633750_L..S,120250_L..S,L,1,1755633750,0L 2002+8AV/RPY,1755650182,1755650192,512,0,0
1755633840_L..N,120400_L..N,L,0,1755633840,0L 2004 RPY/8AV,1755650287,1755650297,514,0,0
1755633990_L..S,120650_L..S,L,1,1755633990,0L 2006+8AV/RPY,1755650407,1755650417,508,0,0
1755634080_L..N,120800_L..N,L,0,1755634080,0L 2008 RPY/8AV,1755650542,1755650552,516,0,0
1755634230_L..S,121050_L..S,L,1,1755634230,0L 2010+8AV/RPY,1755650662,1755650672,512,0,0
1755634320_L..N,121200_L..N,L,0,1755634320,0L 2012 RPY/8AV,1755650737,1755650747,510,0,0
1755634470_L..S,121450_L..S,L,1,1755634470,0L 2014+8AV/RPY,1755650917,1755650927,514,0,0
1755634560_L..N,121600_L..N,L,0,1755634560,0L 2016 RPY/8AV,1755650872,1755650882,496,0,0
1755634710_L..S,121850_L..S,L,1,1755634710,0L 2018+8AV/RPY,1755651187,1755651197,518,0,0
1755634800_L..N,122000_L..N,L,0,1755634800,0L 2020 RPY/8AV,1755651142,1755651152,500,0,0
1755634950_L..S,122250_L..S,L,1,1755634950,0L 2022+8AV/RPY,1755651367,1755651377,510,0,0
1755635040_L..N,122400_L..N,L,0,1755635040,0L 2024 RPY/8AV,1755651517,1755651527,518,0,0
1755635190_L..S,122650_L..S,L,1,1755635190,0L 2026+8AV/RPY,1755651637,1755651647,514,0,0
1755635280_L..N,122800_L..N,L,0,1755635280,0L 2028 RPY/8AV,1755651817,1755651827,526,0,0
1755635430_L..S,123050_L..S,L,1,1755635430,0L 2030+8AV/RPY,1755651847,1755651857,510,0,0
1755635520_L..N,123200_L..N,L,0,1755635520,0L 2032 RPY/8AV,1755652027,1755652037,522,0,0
1755635670_L..S,123450_L..S,L,1,1755635670,0L 2034+8AV/RPY,1755652057,1755652067,506,0,0
1755635760_L..N,123600_L..N,L,0,1755635760,0L 2036 RPY/8AV,1755652147,1755652157,506,0,0
1755635910_L..S,123850_L..S,L,1,1755635910,0L 2038+8AV/RPY,1755652297,1755652307,506,0,0
1755636000_L..N,124000_L..N,L,0,1755636000,0L 2040 RPY/8AV,1755652447,1755652457,514,0,0
1755636150_L..S,124250_L..S,L,1,1755636150,0L 2042+8AV/RPY,1755652657,1755652667,520,0,0
1755636240_L..N,124400_L..N,L,0,1755636240,0L 2044 RPY/8AV,1755652657,1755652667,510,0,0
1755636390_L..S,124650_L..S,L,1,1755636390,0L 2046+8AV/RPY,1755652822,1755652832,510,0,0
1755636480_L..N,124800_L..N,L,0,1755636480,0L 2048 RPY/8AV,1755652912,1755652922,512,0,0
1755636630_L..S,125050_L..S,L,1,1755636630,0L 2050+8AV/RPY,1755653062,1755653072,512,0,0
1755636720_L..N,125200_L..N,L,0,1755636720,0L 2052 RPY/8AV,1755653122,1755653132,508,0,0
1755636870_L..S,125450_L..S,L,1,1755636870,0L 2054+8AV/RPY,1755653182,1755653192,496,0,0
1755636960_L..N,125600_L..N,L,0,1755636960,0L 2056 RPY/8AV,1755653497,1755653507,526,0,0
1755637110_L..S,125850_L..S,L,1,1755637110,0L 2058+8AV/RPY,1755653557,1755653567,512,0,0
1755637200_L..N,126000_L..N,L,0,1755637200,0L 2100 RPY/8AV,1755653842,1755653852,538,0,0
1755637350_L..S,126250_L..S,L,1,1755637350,0L 2102+8AV/RPY,1755653692,1755653702,500,0,0
1755637440_L..N,126400_L..N,L,0,1755637440,0L 2104 RPY/8AV,1755653917,1755653927,516,0,0
1755637590_L..S,126650_L..S,L,1,1755637590,0L 2106+8AV/RPY,1755653962,1755653972,502,0,0
1755637680_L..N,126800_L..N,L,0,1755637680,0L 2108 RPY/8AV,1755654142,1755654152,516,0,0
1755637830_L..S,127050_L..S,L,1,1755637830,0L 2110+8AV/RPY,1755654307,1755654317,518,0,0
1755637920_L..N,127200_L..N,L,0,1755637920,0L 2112 RPY/8AV,1755654427,1755654437,522,0,0
1755638070_L..S,127450_L..S,L,1,1755638070,0L 2114+8AV/RPY,1755654547,1755654557,516,0,0
1755638160_L..N,127600_L..N,L,0,1755638160,0L 2116 RPY/8AV,1755654607,1755654617,514,0,0
1755638310_L..S,127850_L..S,L,1,1755638310,0L 2118+8AV/RPY,1755654757,1755654767,514,0,0
1755638400_L..N,128000_L..N,L,0,1755638400,0L 2120 RPY/8AV,1755654862,1755654872,516,0,0
1755638550_L..S,128250_L..S,L,1,1755638550,0L 2122+8AV/RPY,1755654892,1755654902,500,0,0
1755638640_L..N,128400_L..N,L,0,1755638640,0L 2124 RPY/8AV,1755655087,1755655097,514,0,0
1755638790_L..S,128650_L..S,L,1,1755638790,0L 2126+8AV/RPY,1755655117,1755655127,498,0,0
1755638880_L..N,128800_L..N,L,0,1755638880,0L 2128 RPY/8AV,1755655342,1755655352,516,0,0
1755639030_L..S,129050_L..S,L,1,1755639030,0L 2130+8AV/RPY,1755655312,1755655322,492,0,0
1755639120_L..N,129200_L..N,L,0,1755639120,0L 2132 RPY/8AV,1755655447,1755655457,498,0,0
1755639270_L..S,129450_L..S,L,1,1755639270,0L 2134+8AV/RPY,1755655567,1755655577,492,0,0
1755639330_L..N,129550_L..N,L,0,1755639330,0L 2135+RPY/8AV,1755655972,1755655982,540,0,0
1755639510_L..S,129850_L..S,L,1,1755639510,0L 2138+8AV/RPY,1755656032,1755656042,522,0,0
1755639630_L..N,130050_L..N,L,0,1755639630,0L 2140+RPY/8AV,1755656542,1755656552,576,0,0
1755639750_L..S,130250_L..S,L,1,1755639750,0L 2142+8AV/RPY,1755656212,1755656222,516,0,0
1755639990_L..S,130650_L..S,L,1,1755639990,0L 2146+8AV/RPY,1755656377,1755656387,506,0,0
1755640050_L..N,130750_L..N,L,0,1755640050,0L 2147+RPY/8AV,1755656707,1755656717,542,0,0
1755640230_L..S,131050_L..S,L,1,1755640230,0L 2150+8AV/RPY,1755656647,1755656657,510,0,0
1755640290_L..N,131150_L..N,L,0,1755640290,0L 2151+RPY/8AV,1755656827,1755656836,526,0,0
1755640470_L..S,131450_L..S,L,1,1755640470,0L 2154+8AV/RPY,1755656902,1755656911,512,0,0
1755640650_L..N,131750_L..N,L,0,1755640650,0L 2157+RPY/8AV,1755657022,1755657032,504,0,0
1755640710_L..S,131850_L..S,L,1,1755640710,0L 2158+8AV/RPY,1755657007,1755657016,494,0,0
1755640920_L..N,132200_L..N,L,0,1755640920,0L 2202 RPY/8AV,1755657367,1755657376,514,0,0
1755640950_L..S,132250_L..S,L,1,1755640950,0L 2202+8AV/RPY,1755657427,1755657436,516,0,0
1755641190_L..S,132650_L..S,L,1,1755641190,0L 2206+8AV/RPY,1755657532,1755657542,500,0,0
1755641220_L..N,132700_L..N,L,0,1755641220,0L 2207 RPY/8AV,1755657622,1755657631,508,0,0
1755641430_L..S,133050_L..S,L,1,1755641430,0L 2210+8AV/RPY,1755657922,1755657931,520,0,0
1755641490_L..N,133150_L..N,L,0,1755641490,0L 2211+RPY/8AV,1755657847,1755657856,502,0,0
1755641670_L..S,133450_L..S,L,1,1755641670,0L 2214+8AV/RPY,1755658042,1755658051,504,0,0
1755641820_L..N,133700_L..N,L,0,1755641820,0L 2217 RPY/8AV,1755658327,1755658337,522,0,0
1755641970_L..S,133950_L..S,L,1,1755641970,0L 2219+8AV/RPY,1755658732,1755658741,556,0,0
1755642120_L..N,134200_L..N,L,0,1755642120,0L 2222 RPY/8AV,1755658582,1755658591,516,0,0
1755642270_L..S,134450_L..S,L,1,1755642270,0L 2224+8AV/RPY,1755659107,1755659116,566,0,0
1755642420_L..N,134700_L..N,L,0,1755642420,0L 2227 RPY/8AV,1755658927,1755658936,522,0,0
1755642570_L..S,134950_L..S,L,1,1755642570,0L 2229+8AV/RPY,1755659452,1755659461,572,0,0
1755642750_L..N,135250_L..N,L,0,1755642750,0L 2232+RPY/8AV,1755659467,1755659476,550,0,0
1755642870_L..S,135450_L..S,L,1,1755642870,0L 2234+8AV/RPY,1755659572,1755659581,546,0,0
1755643170_L..S,135950_L..S,L,1,1755643170,0L 2239+8AV/RPY,1755659917,1755659926,552,0,0
1755643290_L..N,136150_L..N,L,0,1755643290,0L 2241+RPY/8AV,1755659902,1755659911,536,0,0
1755643470_L..S,136450_L..S,L,1,1755643470,0L 2244+8AV/RPY,1755660127,1755660136,542,0,0
1755643770_L..S,136950_L..S,L,1,1755643770,0L 2249+8AV/RPY,1755660637,1755660646,570,0,0
1755643950_L..N,137250_L..N,L,0,1755643950,0L 2252+RPY/8AV,1755660592,1755660601,540,0,0
1755644070_L..S,137450_L..S,L,1,1755644070,0L 2254+8AV/RPY,1755660811,1755660817,553,0,0
1755644430_L..S,138050_L..S,L,1,1755644430,0L 2300+8AV/RPY,1755661057,1755661066,538,0,0
1755644550_L..N,138250_L..N,L,0,1755644550,0L 2302+RPY/8AV,1755661342,1755661351,558,0,0
1755644790_L..S,138650_L..S,L,1,1755644790,0L 2306+8AV/RPY,1755661462,1755661471,542,0,0
1755645150_L..N,139250_L..N,L,0,1755645150,0L 2312+RPY/8AV,1755661657,1755661666,522,0,0
1755645210_L..S,139350_L..S,L,1,1755645210,0L 2313+8AV/RPY,1755661912,1755661921,548,0,0
1755645630_L..S,140050_L..S,L,1,1755645630,0L 2320+8AV/RPY,1755662482,1755662491,568,0,0
1755645750_L..N,140250_L..N,L,0,1755645750,0L 2322+RPY/8AV,1755662272,1755662281,524,0,0
1755646170_L..S,140950_L..S,L,1,1755646170,0L 2329+8AV/RPY,1755663007,1755663016,566,0,0
1755646350_L..N,141250_L..N,L,0,1755646350,0L 2332+RPY/8AV,1755663067,1755663076,548,0,0
1755646800_L..S,142000_L..S,L,1,1755646800,0L 2340 8AV/RPY,1755663472,1755663481,544,0,0
1755646950_L..N,142250_L..N,L,0,1755646950,0L 2342+RPY/8AV,1755663397,1755663406,514,0,0
1755647400_L..S,143000_L..S,L,1,1755647400,0L 2350 8AV/RPY,1755664582,1755664591,612,0,0
1755647670_L..N,143450_L..N,L,0,1755647670,0L 2354+RPY/8AV,1755664627,1755664636,580,0,0
1755648000_L..S,000000_L..S,L,1,1755648000,0L 0000 8AV/RPY,1755664942,1755664951,580,0,0
1755648390_L..N,000650_L..N,L,0,1755648390,0L 0006+RPY/8AV,1755665062,1755665071,544,0,0
1755648600_L..S,001000_L..S,L,1,1755648600,0L 0010 8AV/RPY,1755665782,1755665791,606,0,0
1755649110_L..N,001850_L..N,L,0,1755649110,0L 0018+RPY/8AV,1755665857,1755665866,554,0,0
1755649200_L..S,002000_L..S,L,1,1755649200,0L 0020 8AV/RPY,1755666262,1755666271,596,0,0
1755649800_L..S,003000_L..S,L,1,1755649800,0L 0030 8AV/RPY,1755666937,1755666946,596,0,0
1755649830_L..N,003050_L..N,L,0,1755649830,0L 0030+RPY/8AV,1755666502,1755666511,544,0,0
1755650520_L..S,004200_L..S,L,1,1755650520,0L 0042 8AV/RPY,1755667522,1755667531,588,0,0
1755650580_L..N,004300_L..N,L,0,1755650580,0L 0043 RPY/8AV,1755667357,1755667366,556,0,0
1755651240_L..S,005400_L..S,L,1,1755651240,0L 0054 8AV/RPY,1755667936,1755667942,544,0,0
1755651780_L..N,006300_L..N,L,0,1755651780,0L 0103 RPY/8AV,1755668857,1755668866,595,20,0
1755651960_L..S,006600_L..S,L,1,1755651960,0L 0106 8AV/RPY,1755668827,1755668836,569,0,0
1755652680_L..S,007800_L..S,L,1,1755652680,0L 0118 8AV/RPY,1755669532,1755669541,567,0,0
1755652980_L..N,008300_L..N,L,0,1755652980,0L 0123 RPY/8AV,1755669877,1755669886,573,22,0
1755653790_L..S,009650_L..S,L,1,1755653790,0L 0136+8AV/RPY,1755671062,1755671071,577,0,0
1755654180_L..N,010300_L..N,L,0,1755654180,0L 0143 RPY/8AV,1755671266,1755671281,564,20,0
1755654990_L..S,011650_L..S,L,1,1755654990,0L 0156+8AV/RPY,1755672022,1755672031,533,0,0
1755655380_L..N,012300_L..N,L,0,1755655380,0L 0203 RPY/8AV,1755672652,1755672661,566,30,0
1755656190_L..S,013650_L..S,L,1,1755656190,0L 0216+8AV/RPY,1755673327,1755673336,540,0,0
1755656580_L..N,014300_L..N,L,0,1755656580,0L 0223 RPY/8AV,1755673687,1755673696,544,21,0
1755657390_L..S,015650_L..S,L,1,1755657390,0L 0236+8AV/RPY,1755675007,1755675016,594,0,0
1755657780_L..N,016300_L..N,L,0,1755657780,0L 0243 RPY/8AV,1755674752,1755674761,526,20,0
1755658590_L..S,017650_L..S,L,1,1755658590,0L 0256+8AV/RPY,1755676042,1755676051,609,0,0
1755658980_L..N,018300_L..N,L,0,1755658980,0L 0303 RPY/8AV,1755675862,1755675871,568,20,0
1755659790_L..S,019650_L..S,L,1,1755659790,0L 0316+8AV/RPY,1755676927,1755676936,617,0,0
1755660180_L..N,020300_L..N,L,0,1755660180,0L 0323 RPY/8AV,1755676897,1755676906,564,20,0
1755660990_L..S,021650_L..S,L,1,1755660990,0L 0336+8AV/Y11,1755678397,1755678406,839,0,0
1755661380_L..N,022300_L..N,L,0,1755661380,0L 0343 RPY/8AV,1755678112,1755678121,728,20,0
1755662190_L..S,023650_L..S,L,1,1755662190,0L 0356+8AV/RPY,1755678847,1755678856,816,0,0
1755576060_Q..N39R,024100_Q..N39R,Q,0,1755576060,1Q 0401 STL/962,1755594272,1755594279,988,0,0
1755576180_N..N23R,024300_N..N23R,N,0,1755576180,1N 0403 STL/DIT,1755595525,1755595533,1139,0,0
1755576300_Q..S39R,024500_Q..S39R,Q,1,1755576300,1Q 0405 962/STL,1755594272,1755594279,956,0,0
1755576360_R..N31R,024600_R..N31R,R,0,1755576360,1R 0406 95S/PAC,1755591824,1755591831,622,0,0
1755576600_R..S31X002,025000_R..S31X002,R,1,1755576600,1R 0410 PAC/95S,1755592222,1755592229,643,0,0
1755576630_N..S23R,025050_N..S23R,N,1,1755576630,1N 0410+ DIT/STL,1755595931,1755595938,1133,0,0
1755577260_Q..N39R,026100_Q..N39R,Q,0,1755577260,1Q 0421 STL/962,1755596839,1755596847,1170,0,0
1755577380_N..N23R,026300_N..N23R,N,0,1755577380,1N 0423 STL/DIT,1755596111,1755596118,1057,0,0
1755577500_Q..S39R,026500_Q..S39R,Q,1,1755577500,1Q 0425 962/STL,1755596006,1755596013,1027,0,0
1755577560_R..N31R,026600_R..N31R,R,0,1755577560,1R 0426 95S/PAC,1755593078,1755593085,629,0,0
1755577800_R..S31X002,027000_R..S31X002,R,1,1755577800,1R 0430 PAC/95S,1755593348,1755593356,633,0,0
1755577830_N..S20R,027050_N..S20R,N,1,1755577830,1N 0430+ DIT/STL,1755597335,1755597342,1160,0,0
1755578220_N..N20R,027700_N..N20R,N,0,1755578220,1N 0437 STL/DIT,1755598213,1755598221,1225,0,0
1755578460_Q..N39R,028100_Q..N39R,Q,0,1755578460,1Q 0441 STL/962,1755596839,1755596847,1010,0,0
1755578700_Q..S39R,028500_Q..S39R,Q,1,1755578700,1Q 0445 962/STL,1755597155,1755597162,1020,0,0
1755578760_R..N27R,028600_R..N27R,R,0,1755578760,1R 0446 95S/WHL,1755594985,1755594992,723,0,0
1755579000_R..S31X002,029000_R..S31X002,R,1,1755579000,1R 0450 PAC/95S,1755594684,1755594692,651,0,0
1755579030_N..S20R,029050_N..S20R,N,1,1755579030,1N 0450+ DIT/STL,1755599595,1755599602,1301,0,0
1755579300_Q..N39R,029500_Q..N39R,Q,0,1755579300,1Q 0455 STL/962,1755598078,1755598086,1063,0,0
1755579420_N..N20R,029700_N..N20R,N,0,1755579420,1N 0457 STL/DIT,1755598844,1755598852,1149,0,0
1755579900_Q..S39R,030500_Q..S39R,Q,1,1755579900,1Q 0505 962/STL,1755598318,1755598326,1015,0,0
1755579960_R..N27R,030600_R..N27R,R,0,1755579960,1R 0506 95S/WHL,1755596171,1755596178,721,0,0
1755580200_R..S31X002,031000_R..S31X002,R,1,1755580200,1R 0510 PAC/95S,1755595691,1755595698,625,0,0
1755580230_N..S20R,031050_N..S20R,N,1,1755580230,1N 0510+ DIT/STL,1755599895,1755599903,1181,0,0
1755580230_Q..N39R,031050_Q..N39R,Q,0,1755580230,1Q 0510+ STL/962,1755598401,1755598409,982,0,0
1755580590_R..S71R,031650_R..S71R,R,1,1755580590,1R 0516+ CTL/95S,1755600308,1755600316,1188,0,0
1755580620_N..N31R,031700_N..N31R,N,0,1755580620,1N 0517 STL/DIT,1755599400,1755599407,1063,0,0
1755580710_R..N93R,031850_R..N93R,R,0,1755580710,1R 0518+ 95S/CTL,1755600871,1755600879,1247,0,0
1755580800_Q..N36R,032000_Q..N36R,Q,0,1755580800,1Q 0520 STL/962,1755598761,1755598769,954,0,0
1755580800_Q..S39R,032000_Q..S39R,Q,1,1755580800,1Q 0520 962/STL,1755600068,1755600075,1128,0,0
1755581010_N..N31R,032350_N..N31R,N,0,1755581010,1N 0523+ STL/DIT,1755600158,1755600165,1112,0,0
1755581100_R..S36R,032500_R..S36R,R,1,1755581100,1R 0525 364/95S,1755596171,1755596178,569,0,0
1755581400_N..S31R,033000_N..S31R,N,1,1755581400,1N 0530 DIT/STL,1755600646,1755600653,1125,0,0
1755581400_R..S31X002,033000_R..S31X002,R,1,1755581400,1R 0530 PAC/95S,1755596959,1755596967,634,0,0
1755581400_R..S71R,033000_R..S71R,R,1,1755581400,1R 0530 CTL/95S,1755601246,1755601254,1205,1,0
1755581550_Q..N36R,033250_Q..N36R,Q,0,1755581550,1Q 0532+ STL/962,1755599602,1755599610,966,0,0
1755581580_R..N93R,033300_R..N93R,R,0,1755581580,1R 0533 95S/CTL,1755601262,1755601269,1183,0,0
1755581700_N..N31R,033500_N..N31R,N,0,1755581700,1N 0535 STL/DIT,1755600789,1755600796,1105,0,0
1755581700_Q..S36R,033500_Q..S36R,Q,1,1755581700,1Q 0535 962/STL,1755600188,1755600195,1024,1,1
1755581700_R..S27R,033500_R..S27R,R,1,1755581700,1R 0535 WHL/95S,1755598243,1755598251,765,0,0
1755582120_R..S71R,034200_R..S71R,R,1,1755582120,1R 0542 CTL/95S,1755601563,1755601569,1152,0,0
1755582150_Q..N36R,034250_Q..N36R,Q,0,1755582150,1Q 0542+ STL/962,1755600361,1755600368,988,0,0
1755582270_R..N93R,034450_R..N93R,R,0,1755582270,1R 0544+ 95S/CTL,1755601930,1755601937,1181,0,0
1755582300_N..S31R,034500_N..S31R,N,1,1755582300,1N 0545 DIT/STL,1755601382,1755601390,1104,0,0
1755582300_R..S36R,034500_R..S36R,R,1,1755582300,1R 0545 364/95S,1755597800,1755597808,627,0,0
1755582420_Q..S36R,034700_Q..S36R,Q,1,1755582420,1Q 0547 962/STL,1755601029,1755601036,1041,0,0
1755582630_N..N35R,035050_N..N35R,N,0,1755582630,1N 0550+ 86S/DIT,1755601006,1755601014,1010,0,0
1755582660_Q..N36R,035100_Q..N36R,Q,0,1755582660,1Q 0551 STL/962,1755600751,1755600758,972,0,0
1755582660_R..S71R,035100_R..S71R,R,1,1755582660,1R 0551 CTL/95S,1755602793,1755602801,1244,0,0
1755582900_R..S27R,035500_R..S27R,R,1,1755582900,1R 0555 WHL/95S,1755599460,1755599467,768,0,0
1755582930_N..N33R,035550_N..N33R,N,0,1755582930,1N 0555+ STL/DIT,1755601592,1755601599,1048,0,0
1755582960_R..N93R,035600_R..N93R,R,0,1755582960,1R 0556 95S/CTL,1755602830,1755602838,1209,0,0
1755583020_N..S31R,035700_N..S31R,N,1,1755583020,1N 0557 DIT/STL,1755603026,1755603033,1227,0,0
1755583260_Q..N36R,036100_Q..N36R,Q,0,1755583260,1Q 0601 STL/962,1755601367,1755601374,974,0,0
1755583260_Q..S36R,036100_Q..S36R,Q,1,1755583260,1Q 0601 962/STL,1755601975,1755601983,1055,0,0
1755583290_R..S71R,036150_R..S71R,R,1,1755583290,1R 0601+ CTL/95S,1755603071,1755603078,1197,0,0
1755583530_R..N93R,036550_R..N93R,R,0,1755583530,1R 0605+ 95S/CTL,1755602935,1755602944,1147,0,0
1755583620_N..S31R,036700_N..S31R,N,1,1755583620,1N 0607 DIT/STL,1755603033,1755603041,1148,0,0
1755583770_N..N35R,036950_N..N35R,N,0,1755583770,1N 0609+ 86S/DIT,1755603109,1755603116,1138,0,0
1755583830_Q..N36R,037050_Q..N36R,Q,0,1755583830,1Q 0610+ STL/962,1755602275,1755602283,1019,0,0
1755583890_Q..S36R,037150_Q..S36R,Q,1,1755583890,1Q 0611+ 962/STL,1755602553,1755602560,1048,0,0
1755583950_R..S71R,037250_R..S71R,R,1,1755583950,1R 0612+ CTL/95S,1755603416,1755603424,1155,0,0
1755583980_N..S72R,037300_N..S72R,W,1,1755583980,1W 0613 DIT/WHL,1755601629,1755601637,913,0,0
1755584130_N..N33R,037550_N..N33R,N,0,1755584130,1N 0615+ STL/DIT,1755602905,1755602913,1063,0,0
1755584130_R..N93R,037550_R..N93R,R,0,1755584130,1R 0615+ 95S/CTL,1755603671,1755603679,1165,0,0
1755584190_R..S71R,037650_R..S71R,R,1,1755584190,1R 0616+ CTL/95S,1755603949,1755603956,1194,0,0
1755584220_N..S31R,037700_N..S31R,N,1,1755584220,1N 0617 DIT/STL,1755603866,1755603874,1179,0,0
1755584430_Q..N36R,038050_Q..N36R,Q,0,1755584430,1Q 0620+ STL/962,1755602268,1755602275,938,0,0
1755584490_Q..S36R,038150_Q..S36R,Q,1,1755584490,1Q 0621+ 962/STL,1755602808,1755602815,1002,0,0
1755584610_R..S71R,038350_R..S71R,R,1,1755584610,1R 0623+ CTL/95S,1755604190,1755604197,1170,0,0
1755584700_R..N93R,038500_R..N93R,R,0,1755584700,1R 0625 95S/CTL,1755604295,1755604302,1172,0,0
1755584820_N..S34R,038700_N..S34R,N,1,1755584820,1N 0627 DIT/STL,1755604295,1755604302,1156,1,1
1755584910_N..N35R,038850_N..N35R,N,0,1755584910,1N 0628+ 86S/DIT,1755603334,1755603341,1016,0,0
1755584910_R..S71R,038850_R..S71R,R,1,1755584910,1R 0628+ CTL/95S,1755604512,1755604520,1173,0,0
1755584940_Q..N36R,038900_Q..N36R,Q,0,1755584940,1Q 0629 STL/962,1755603326,1755603334,1011,0,0
1755585090_Q..S36R,039150_Q..S36R,Q,1,1755585090,1Q 0631+ 962/STL,1755603634,1755603641,1032,0,0
1755585120_N..N33R,039200_N..N33R,N,0,1755585120,1N 0632 STL/DIT,1755604107,1755604115,1091,0,0
1755585180_N..S72R,039300_N..S72R,W,1,1755585180,1W 0633 DIT/WHL,1755602050,1755602057,809,0,0
1755585210_R..S71R,039350_R..S71R,R,1,1755585210,1R 0633+ CTL/95S,1755604872,1755604880,1181,0,0
1755585300_R..N93R,039500_R..N93R,R,0,1755585300,1R 0635 95S/CTL,1755604978,1755604986,1183,0,0
1755585420_N..S34R,039700_N..S34R,N,1,1755585420,1N 0637 DIT/STL,1755604392,1755604400,1089,2,0
1755585420_Q..N36R,039700_Q..N36R,Q,0,1755585420,1Q 0637 STL/962,1755603566,1755603574,979,0,0
1755585570_R..S71R,039950_R..S71R,R,1,1755585570,1R 0639+ CTL/95S,1755605196,1755605203,1176,0,0
1755585690_Q..S36R,040150_Q..S36R,Q,1,1755585690,1Q 0641+ 962/STL,1755604272,1755604280,1037,0,0
1755585780_N..S72R,040300_N..S72R,W,1,1755585780,1W 0643 DIT/WHL,1755602830,1755602838,833,0,0
1755585840_R..N93R,040400_R..N93R,R,0,1755585840,1R 0644 95S/CTL,1755605151,1755605158,1134,0,0
1755585870_N..N35R,040450_N..N35R,N,0,1755585870,1N 0644+ 86S/DIT,1755604632,1755604640,1061,0,0
1755585870_Q..N36R,040450_Q..N36R,Q,0,1755585870,1Q 0644+ STL/962,1755604032,1755604040,981,0,0
1755586050_R..S71R,040750_R..S71R,R,1,1755586050,1R 0647+ CTL/95S,1755605593,1755605601,1165,0,0
1755586080_N..N33R,040800_N..N33R,N,0,1755586080,1N 0648 STL/DIT,1755604895,1755604902,1068,0,0
1755586080_N..S34R,040800_N..S34R,N,1,1755586080,1N 0648 DIT/STL,1755605218,1755605226,1111,0,0
1755586290_Q..N36R,041150_Q..N36R,Q,0,1755586290,1Q 0651+ STL/962,1755604430,1755604437,978,0,0
1755586290_Q..S36R,041150_Q..S36R,Q,1,1755586290,1Q 0651+ 962/STL,1755604895,1755604902,1040,0,0
1755586320_R..N93R,041200_R..N93R,R,0,1755586320,1R 0652 95S/CTL,1755606014,1755606021,1185,0,0
1755586410_N..S72R,041350_N..S72R,W,1,1755586410,1W 0653+ DIT/WHL,1755603289,1755603296,810,0,0
1755586440_N..N33R,041400_N..N33R,N,0,1755586440,1N 0654 STL/DIT,1755605391,1755605398,1086,0,0
1755586650_N..S34R,041750_N..S34R,N,1,1755586650,1N 0657+ DIT/STL,1755605421,1755605428,1062,0,0
1755586710_R..N76R,041850_R..N76R,R,0,1755586710,1R 0658+ 95S/962,1755604955,1755604963,992,0,0
1755586710_R..S71R,041850_R..S71R,R,1,1755586710,1R 0658+ CTL/95S,1755606021,1755606029,1134,0,0
1755586770_Q..N36R,041950_Q..N36R,Q,0,1755586770,1Q 0659+ STL/962,1755604730,1755604737,954,0,0
1755586770_Q..S36R,041950_Q..S36R,Q,1,1755586770,1Q 0659+ 962/STL,1755605083,1755605091,1001,0,0
1755586890_N..N70R,042150_N..N70R,W,0,1755586890,1W 0701+ 86S/DIT,1755606502,1755606510,1174,0,0
1755587010_N..S72R,042350_N..S72R,W,1,1755587010,1W 0703+ DIT/WHL,1755603746,1755603754,791,0,0
1755587010_R..N93R,042350_R..N93R,R,0,1755587010,1R 0703+ 95S/CTL,1755606765,1755606772,1193,0,0
1755587160_N..N72R,042600_N..N72R,W,0,1755587160,1W 0706 WHL/DIT,1755603896,1755603905,791,0,0
1755587160_Q..N36R,042600_Q..N36R,Q,0,1755587160,1Q 0706 STL/962,1755605699,1755605706,1031,0,0
1755587250_N..N35R,042750_N..N35R,N,0,1755587250,1N 0707+ 86S/DIT,1755605841,1755605849,1038,0,0
1755587250_N..S34R,042750_N..S34R,N,1,1755587250,1N 0707+ DIT/STL,1755606142,1755606149,1078,0,0
1755587250_Q..S36R,042750_Q..S36R,Q,1,1755587250,1Q 0707+ 962/STL,1755605699,1755605706,1019,0,0
1755587250_R..S71R,042750_R..S71R,R,1,1755587250,1R 0707+ CTL/95S,1755606945,1755606952,1185,0,0
1755587280_N..N33R,042800_N..N33R,N,0,1755587280,1N 0708 STL/DIT,1755606277,1755606284,1092,0,0
1755587520_R..N93R,043200_R..N93R,R,0,1755587520,1R 0712 95S/CTL,1755607440,1755607448,1215,0,0
1755587580_Q..N36R,043300_Q..N36R,Q,0,1755587580,1Q 0713 STL/962,1755605841,1755605849,994,1,0
1755587610_N..S72R,043350_N..S72R,W,1,1755587610,1W 0713+ DIT/WHL,1755604640,1755604647,646,0,0
1755587640_R..S71R,043400_R..S71R,R,1,1755587640,1R 0714 CTL/95S,1755607163,1755607170,1162,0,0
1755587730_Q..S36R,043550_Q..S36R,Q,1,1755587730,1Q 0715+ 962/STL,1755606014,1755606021,997,0,0
1755587820_N..S34R,043700_N..S34R,N,1,1755587820,1N 0717 DIT/STL,1755606502,1755606510,1050,0,0
1755587940_Q..N36R,043900_Q..N36R,Q,0,1755587940,1Q 0719 STL/962,1755606194,1755606202,993,0,0
1755587970_N..N35R,043950_N..N35R,N,0,1755587970,1N 0719+ 86S/DIT,1755606742,1755606750,1062,0,0
1755588000_R..N93R,044000_R..N93R,R,0,1755588000,1R 0720 95S/CTL,1755608026,1755608034,1229,0,0
1755588030_N..N33R,044050_N..N33R,N,0,1755588030,1N 0720+ STL/DIT,1755607260,1755607268,1123,0,0
1755588150_R..S71R,044250_R..S71R,R,1,1755588150,1R 0722+ CTL/95S,1755607523,1755607530,1142,0,0
1755588180_Q..S36R,044300_Q..S36R,Q,1,1755588180,1Q 0723 962/STL,1755606419,1755606427,991,0,0
1755588210_N..N72R,044350_N..N72R,W,0,1755588210,1W 0723+ WHL/DIT,1755605158,1755605166,819,0,0
1755588210_N..S72R,044350_N..S72R,W,1,1755588210,1W 0723+ DIT/WHL,1755605136,1755605143,810,0,0
1755588300_Q..N36R,044500_Q..N36R,Q,0,1755588300,1Q 0725 STL/962,1755606968,1755606975,1048,0,0
1755588450_N..S34R,044750_N..S34R,N,1,1755588450,1N 0727+ DIT/STL,1755606975,1755606983,1029,0,0
1755588480_R..N93R,044800_R..N93R,R,0,1755588480,1R 0728 95S/CTL,1755608401,1755608409,1215,0,0
1755588540_R..S71R,044900_R..S71R,R,1,1755588540,1R 0729 CTL/95S,1755608019,1755608026,1156,0,0
1755588690_Q..N36R,045150_Q..N36R,Q,0,1755588690,1Q 0731+ STL/962,1755607043,1755607050,1006,0,0
1755588690_Q..S36R,045150_Q..S36R,Q,1,1755588690,1Q 0731+ 962/STL,1755606922,1755606930,990,0,0
1755588750_N..N35R,045250_N..N35R,N,0,1755588750,1N 0732+ 86S/DIT,1755607598,1755607605,1073,0,0
1755588750_N..S72R,045250_N..S72R,W,1,1755588750,1W 0732+ DIT/WHL,1755605691,1755605699,819,0,0
1755588780_N..N72R,045300_N..N72R,W,0,1755588780,1W 0733 WHL/DIT,1755605661,1755605669,811,0,0
1755588870_N..N16R,045450_N..N16R,N,0,1755588870,1N 0734+ STL/962,1755607238,1755607245,713,0,0
1755588870_R..S71R,045450_R..S71R,R,1,1755588870,1R 0734+ CTL/95S,1755608446,1755608454,1169,0,0
1755588930_R..N93R,045550_R..N93R,R,0,1755588930,1R 0735+ 95S/CTL,1755608904,1755608912,1223,0,0
1755589110_N..S34R,045850_N..S34R,N,1,1755589110,1N 0738+ DIT/STL,1755607726,1755607733,1042,0,0
1755589110_Q..N36R,045850_Q..N36R,Q,0,1755589110,1Q 0738+ STL/962,1755607403,1755607411,999,0,0
1755589140_N..N72R,045900_N..N72R,W,0,1755589140,1W 0739 WHL/DIT,1755606082,1755606089,819,0,0
1755589170_Q..S36R,045950_Q..S36R,Q,1,1755589170,1Q 0739+ 962/STL,1755607583,1755607591,1015,0,0
1755589170_R..S71R,045950_R..S71R,R,1,1755589170,1R 0739+ CTL/95S,1755608950,1755608957,1159,0,0
1755589230_N..N33R,046050_N..N33R,N,0,1755589230,1N 0740+ STL/DIT,1755608124,1755608131,1079,0,0
1755589290_R..N93R,046150_R..N93R,R,0,1755589290,1R 0741+ 95S/CTL,1755609242,1755609250,1220,0,0
1755589410_N..S72R,046350_N..S72R,W,1,1755589410,1W 0743+ DIT/WHL,1755606254,1755606262,806,0,0
1755589470_Q..N36R,046450_Q..N36R,Q,0,1755589470,1Q 0744+ STL/962,1755607666,1755607673,986,0,0
1755589530_N..N33R,046550_N..N33R,N,0,1755589530,1N 0745+ STL/DIT,1755608687,1755608694,1114,0,0
1755589620_N..S34R,046700_N..S34R,N,1,1755589620,1N 0747 DIT/STL,1755608304,1755608311,1051,0,0
1755589620_R..S98X002,046700_R..S98X002,R,1,1755589620,1R 0747 CTL/BPY,1755614821,1755614828,1902,0,0
1755589650_Q..S36R,046750_Q..S36R,Q,1,1755589650,1Q 0747+ 962/STL,1755608146,1755608154,1026,0,0
1755589650_R..N93R,046750_R..N93R,R,0,1755589650,1R 0747+ 95S/CTL,1755609452,1755609460,1200,0,0
1755589830_Q..N36R,047050_Q..N36R,Q,0,1755589830,1Q 0750+ STL/962,1755607898,1755607906,969,0,0
1755589830_R..S71R,047050_R..S71R,R,1,1755589830,1R 0750+ CTL/95S,1755609452,1755609460,1176,0,0
1755589920_N..N72R,047200_N..N72R,W,0,1755589920,1W 0752 WHL/DIT,1755606922,1755606930,827,0,0
1755589980_N..S72R,047300_N..S72R,W,1,1755589980,1W 0753 DIT/WHL,1755606855,1755606862,810,0,0
1755589980_R..N93R,047300_R..N93R,R,0,1755589980,1R 0753 95S/CTL,1755609828,1755609835,1206,0,0
1755590040_N..N33R,047400_N..N33R,N,0,1755590040,1N 0754 STL/DIT,1755609242,1755609250,1120,0,0
1755590070_Q..S36R,047450_Q..S36R,Q,1,1755590070,1Q 0754+ 962/STL,1755608431,1755608439,1008,0,0
1755590100_N..N35R,047500_N..N35R,N,0,1755590100,1N 0755 86S/DIT,1755609025,1755609032,1083,0,0
1755590100_Q..N36R,047500_Q..N36R,Q,0,1755590100,1Q 0755 STL/962,1755608341,1755608349,992,0,0
1755590160_R..S71R,047600_R..S71R,R,1,1755590160,1R 0756 CTL/95S,1755609753,1755609760,1172,0,0
1755590340_N..S34R,047900_N..S34R,N,1,1755590340,1N 0759 DIT/STL,1755608792,1755608799,1020,0,0
1755590340_R..N93R,047900_R..N93R,R,0,1755590340,1R 0759 95S/CTL,1755610248,1755610256,1214,0,0
1755590430_Q..N36R,048050_Q..N36R,Q,0,1755590430,1Q 0800+ STL/962,1755608724,1755608732,999,0,0
1755590460_N..N72R,048100_N..N72R,W,0,1755590460,1W 0801 WHL/DIT,1755607366,1755607373,814,0,0
1755590490_Q..S36R,048150_Q..S36R,Q,1,1755590490,1Q 0801+ 962/STL,1755608927,1755608935,1018,0,0
1755590520_N..N33R,048200_N..N33R,N,0,1755590520,1N 0802 STL/DIT,1755609663,1755609670,1112,0,0
1755590550_R..S71R,048250_R..S71R,R,1,1755590550,1R 0802+ CTL/95S,1755610016,1755610023,1155,0,0
1755590670_N..S72R,048450_N..S72R,W,1,1755590670,1W 0804+ DIT/WHL,1755607658,1755607666,825,0,0
1755590670_R..N93R,048450_R..N93R,R,0,1755590670,1R 0804+ 95S/CTL,1755610436,1755610444,1195,0,0
1755590910_N..S34R,048850_N..S34R,N,1,1755590910,1N 0808+ DIT/STL,1755609512,1755609520,1040,0,0
1755590910_Q..N36R,048850_Q..N36R,Q,0,1755590910,1Q 0808+ STL/962,1755609250,1755609257,1005,0,0
1755590910_Q..S36R,048850_Q..S36R,Q,1,1755590910,1Q 0808+ 962/STL,1755609265,1755609272,1007,0,0
1755591000_R..S71R,049000_R..S71R,R,1,1755591000,1R 0810 CTL/95S,1755610751,1755610759,1193,0,0
1755591090_N..N33R,049150_N..N33R,N,0,1755591090,1N 0811+ STL/DIT,1755610128,1755610136,1098,0,0
1755591090_R..N93R,049150_R..N93R,R,0,1755591090,1R 0811+ 95S/CTL,1755611352,1755611359,1261,0,0
1755591120_N..N72R,049200_N..N72R,W,0,1755591120,1W 0812 WHL/DIT,1755607928,1755607936,801,0,0
1755591210_N..S72R,049350_N..S72R,W,1,1755591210,1W 0813+ DIT/WHL,1755608086,1755608094,810,0,0
1755591300_R..S71R,049500_R..S71R,R,1,1755591300,1R 0815 CTL/95S,1755611067,1755611074,1195,0,0
1755591330_Q..N36R,049550_Q..N36R,Q,0,1755591330,1Q 0815+ STL/962,1755609587,1755609595,994,0,0
1755591330_Q..S36R,049550_Q..S36R,Q,1,1755591330,1Q 0815+ 962/STL,1755609490,1755609497,981,0,0
1755591390_N..S34R,049650_N..S34R,N,1,1755591390,1N 0816+ DIT/STL,1755610128,1755610136,1058,0,0
1755591450_N..N16R,049750_N..N16R,N,0,1755591450,1N 0817+ STL/962,1755609866,1755609873,1015,0,0
1755591480_R..N93R,049800_R..N93R,R,0,1755591480,1R 0818 95S/CTL,1755612013,1755612020,1282,0,0
1755591570_N..S72R,049950_N..S72R,W,1,1755591570,1W 0819+ DIT/WHL,1755608589,1755608597,829,0,0
1755591660_Q..S36R,050100_Q..S36R,Q,1,1755591660,1Q 0821 962/STL,1755609948,1755609956,998,0,0
1755591660_R..N93R,050100_R..N93R,R,0,1755591660,1R 0821 95S/CTL,1755612230,1755612238,1302,0,0
1755591690_R..S71R,050150_R..S71R,R,1,1755591690,1R 0821+ CTL/95S,1755611479,1755611487,1198,0,0
1755591780_N..N72R,050300_N..N72R,W,0,1755591780,1W 0823 WHL/DIT,1755608792,1755608799,828,0,0
1755591780_N..S34R,050300_N..S34R,N,1,1755591780,1N 0823 DIT/STL,1755610834,1755610842,1100,0,0
1755591780_Q..N36R,050300_Q..N36R,Q,0,1755591780,1Q 0823 STL/962,1755610188,1755610196,1014,0,0
1755591840_N..N33R,050400_N..N33R,N,0,1755591840,1N 0824 STL/DIT,1755610894,1755610902,1100,0,0
1755591930_R..S71R,050550_R..S71R,R,1,1755591930,1R 0825+ CTL/95S,1755611757,1755611765,1203,0,0
1755591960_N..S72R,050600_N..S72R,W,1,1755591960,1W 0826 DIT/WHL,1755609002,1755609010,832,0,0
1755591990_Q..S36R,050650_Q..S36R,Q,1,1755591990,1Q 0826+ 962/STL,1755610413,1755610421,1016,0,0
1755592140_R..N93R,050900_R..N93R,R,0,1755592140,1R 0829 95S/CTL,1755612493,1755612501,1273,0,0
1755592200_N..S34R,051000_N..S34R,N,1,1755592200,1N 0830 DIT/STL,1755610947,1755610954,1059,0,0
1755592260_Q..N36R,051100_Q..N36R,Q,0,1755592260,1Q 0831 STL/962,1755610428,1755610436,981,0,0
1755592350_N..N33R,051250_N..N33R,N,0,1755592350,1N 0832+ STL/DIT,1755611277,1755611284,1083,0,0
1755592350_Q..S36R,051250_Q..S36R,Q,1,1755592350,1Q 0832+ 962/STL,1755610691,1755610699,1005,0,0
1755592380_N..S74R,051300_N..S74R,W,1,1755592380,1W 0833 DIT/BPY,1755617576,1755617584,1901,0,0
1755592410_N..N72R,051350_N..N72R,W,0,1755592410,1W 0833+ WHL/DIT,1755609430,1755609437,829,0,0
1755592530_R..N93R,051550_R..N93R,R,0,1755592530,1R 0835+ 95S/CTL,1755613274,1755613282,1308,0,0
1755592560_N..S34R,051600_N..S34R,N,1,1755592560,1N 0836 DIT/STL,1755611735,1755611742,1116,0,0
1755592560_R..S71R,051600_R..S71R,R,1,1755592560,1R 0836 CTL/95S,1755612253,1755612260,1185,0,0
1755592650_Q..S36R,051750_Q..S36R,Q,1,1755592650,1Q 0837+ 962/STL,1755611232,1755611239,1037,0,0
1755592800_Q..N36R,052000_Q..N36R,Q,0,1755592800,1Q 0840 STL/962,1755611134,1755611142,1004,0,0
1755592830_N..S72R,052050_N..S72R,W,1,1755592830,1W 0840+ DIT/WHL,1755610188,1755610196,874,0,0
1755592890_Q..S36R,052150_Q..S36R,Q,1,1755592890,1Q 0841+ 962/STL,1755611532,1755611540,1045,0,0
1755592920_N..N33R,052200_N..N33R,N,0,1755592920,1N 0842 STL/DIT,1755611930,1755611938,1093,0,0
1755593010_N..N72R,052350_N..N72R,W,0,1755593010,1W 0843+ WHL/DIT,1755609926,1755609933,815,0,0
1755593010_N..S34R,052350_N..S34R,N,1,1755593010,1N 0843+ DIT/STL,1755611998,1755612005,1091,0,0
1755593010_R..N93R,052350_R..N93R,R,0,1755593010,1R 0843+ 95S/CTL,1755613559,1755613567,1282,0,0
1755593100_Q..N36R,052500_Q..N36R,Q,0,1755593100,1Q 0845 STL/962,1755611435,1755611442,1004,0,0
1755593130_N..S16R,052550_N..S16R,N,1,1755593130,1N 0845+ 962/STL,1755611712,1755611720,1037,0,0
1755593220_R..S71R,052700_R..S71R,R,1,1755593220,1R 0847 CTL/95S,1755612801,1755612808,1170,0,0
1755593340_N..N33R,052900_N..N33R,N,0,1755593340,1N 0849 STL/DIT,1755612380,1755612388,1098,0,0
1755593370_Q..S36R,052950_Q..S36R,Q,1,1755593370,1Q 0849+ 962/STL,1755611795,1755611803,1016,0,0
1755593430_N..S72R,053050_N..S72R,W,1,1755593430,1W 0850+ DIT/WHL,1755610473,1755610481,832,0,0
1755593520_Q..N36R,053200_Q..N36R,Q,0,1755593520,1Q 0852 STL/962,1755611652,1755611660,977,0,0
1755593520_R..N93R,053200_R..N93R,R,0,1755593520,1R 0852 95S/CTL,1755614002,1755614010,1273,0,0
1755593580_N..N72R,053300_N..N72R,W,0,1755593580,1W 0853 WHL/DIT,1755610406,1755610413,803,0,0
1755593670_N..S34R,053450_N..S34R,N,1,1755593670,1N 0854+ DIT/STL,1755612733,1755612741,1101,0,0
1755593730_N..N33R,053550_N..N33R,N,0,1755593730,1N 0855+ STL/DIT,1755612553,1755612561,1069,0,0
1755593730_Q..S36R,053550_Q..S36R,Q,1,1755593730,1Q 0855+ 962/STL,1755612118,1755612125,1011,0,0
1755593760_R..S71R,053600_R..S71R,R,1,1755593760,1R 0856 CTL/95S,1755613394,1755613402,1160,0,0
1755593940_R..N93R,053900_R..N93R,R,0,1755593940,1R 0859 95S/CTL,1755614227,1755614235,1247,0,0
1755593970_Q..N36R,053950_Q..N36R,Q,0,1755593970,1Q 0859+ STL/962,1755612170,1755612178,986,0,0
1755594030_N..S72R,054050_N..S72R,W,1,1755594030,1W 0900+ DIT/WHL,1755610969,1755610977,818,0,0
1755594120_N..N72R,054200_N..N72R,W,0,1755594120,1W 0902 WHL/DIT,1755611029,1755611037,814,0,0
1755594150_Q..S36R,054250_Q..S36R,Q,1,1755594150,1Q 0902+ 962/STL,1755612598,1755612606,1019,0,0
1755594240_R..S71R,054400_R..S71R,R,1,1755594240,1R 0904 CTL/95S,1755613604,1755613612,1124,0,0
1755594270_N..S34R,054450_N..S34R,N,1,1755594270,1N 0904+ DIT/STL,1755613127,1755613130,1055,0,0
1755594360_N..N33R,054600_N..N33R,N,0,1755594360,1N 0906 STL/DIT,1755613199,1755613208,1054,0,0
1755594420_Q..N36R,054700_Q..N36R,Q,0,1755594420,1Q 0907 STL/962,1755612674,1755612681,993,0,0
1755594420_R..N93R,054700_R..N93R,R,0,1755594420,1R 0907 95S/CTL,1755614685,1755614693,1244,0,0
1755594480_N..S34R,054800_N..S34R,N,1,1755594480,1N 0908 DIT/STL,1755613634,1755613642,1096,0,0
1755594570_Q..S36R,054950_Q..S36R,Q,1,1755594570,1Q 0909+ 962/STL,1755613461,1755613469,1061,0,0
1755594600_N..N72R,055000_N..N72R,W,0,1755594600,1W 0910 WHL/DIT,1755611449,1755611457,806,0,0
1755594660_N..S72R,055100_N..S72R,W,1,1755594660,1W 0911 DIT/WHL,1755611712,1755611720,833,0,0
1755594690_R..S71R,055150_R..S71R,R,1,1755594690,1R 0911+ CTL/95S,1755614325,1755614332,1160,0,0
1755594780_Q..N36R,055300_Q..N36R,Q,0,1755594780,1Q 0913 STL/962,1755612897,1755612982,974,0,0
1755594900_N..S34R,055500_N..S34R,N,1,1755594900,1N 0915 DIT/STL,1755614317,1755614325,1131,0,0
1755594900_R..N93R,055500_R..N93R,R,0,1755594900,1R 0915 95S/CTL,1755614903,1755614911,1209,0,0
1755594960_N..N33R,055600_N..N33R,N,0,1755594960,1N 0916 STL/DIT,1755613822,1755613830,1057,0,0
1755595050_N..N72R,055750_N..N72R,W,0,1755595050,1W 0917+ WHL/DIT,1755612275,1755612283,840,0,0
1755595050_Q..S36R,055750_Q..S36R,Q,1,1755595050,1Q 0917+ 962/STL,1755613477,1755613484,999,0,0
1755595080_N..S74R,055800_N..S74R,W,1,1755595080,1W 0918 DIT/BPY,1755620279,1755620286,1901,0,0
1755595140_R..S71R,055900_R..S71R,R,1,1755595140,1R 0919 CTL/95S,1755614685,1755614693,1148,0,0
1755595290_N..S72R,056150_N..S72R,W,1,1755595290,1W 0921+ DIT/WHL,1755612350,1755612358,834,0,0
1755595320_Q..N36R,056200_Q..N36R,Q,0,1755595320,1Q 0922 STL/962,1755613544,1755613552,972,0,0
1755595380_Q..S36R,056300_Q..S36R,Q,1,1755595380,1Q 0923 962/STL,1755614460,1755614468,1086,0,0
1755595380_R..N93R,056300_R..N93R,R,0,1755595380,1R 0923 95S/CTL,1755615368,1755615376,1207,0,0
1755595560_N..N33R,056600_N..N33R,N,0,1755595560,1N 0926 STL/DIT,1755614235,1755614242,1032,0,0
1755595560_N..S34R,056600_N..S34R,N,1,1755595560,1N 0926 DIT/STL,1755614768,1755614776,1103,0,0
1755595620_R..S71R,056700_R..S71R,R,1,1755595620,1R 0927 CTL/95S,1755615128,1755615136,1143,0,0
1755595710_N..S16R,056850_N..S16R,N,1,1755595710,1N 0928+ 962/STL,1755614317,1755614325,1024,0,0
1755595830_Q..N36R,057050_Q..N36R,Q,0,1755595830,1Q 0930+ STL/962,1755613942,1755613950,957,0,0
1755595860_R..N93R,057100_R..N93R,R,0,1755595860,1R 0931 95S/CTL,1755615767,1755615774,1196,0,0
1755595920_N..N72R,057200_N..N72R,W,0,1755595920,1W 0932 WHL/DIT,1755612779,1755612786,808,0,0
1755595950_N..S72R,057250_N..S72R,W,1,1755595950,1W 0932+ DIT/WHL,1755612801,1755612808,807,0,0
1755595950_Q..S36R,057250_Q..S36R,Q,1,1755595950,1Q 0932+ 962/STL,1755614468,1755614475,1012,0,0
1755596130_N..N33R,057550_N..N33R,N,0,1755596130,1N 0935+ STL/DIT,1755615286,1755615293,1097,0,0
1755596130_N..S34R,057550_N..S34R,N,1,1755596130,1N 0935+ DIT/STL,1755615128,1755615136,1076,0,0
1755596220_R..N93R,057700_R..N93R,R,0,1755596220,1R 0937 95S/CTL,1755616203,1755616209,1207,0,0
1755596340_R..S71R,057900_R..S71R,R,1,1755596340,1R 0939 CTL/95S,1755615842,1755615849,733,0,0
1755596370_Q..N36R,057950_Q..N36R,Q,0,1755596370,1Q 0939+ STL/962,1755614626,1755614633,977,0,0
1755596490_N..N72R,058150_N..N72R,W,0,1755596490,1W 0941+ WHL/DIT,1755613454,1755613461,805,0,0
1755596490_N..S72R,058150_N..S72R,W,1,1755596490,1W 0941+ DIT/WHL,1755613424,1755613431,801,0,0
1755596490_Q..S36R,058150_Q..S36R,Q,1,1755596490,1Q 0941+ 962/STL,1755615368,1755615376,1060,0,0
1755596520_N..N33R,058200_N..N33R,N,0,1755596520,1N 0942 STL/DIT,1755615924,1755615932,1130,0,0
1755596640_R..S71R,058400_R..S71R,R,1,1755596640,1R 0944 CTL/95S,1755616104,1755616112,1138,0,0
1755596730_N..S34R,058550_N..S34R,N,1,1755596730,1N 0945+ DIT/STL,1755616450,1755616457,1169,0,0
1755596760_R..N93R,058600_R..N93R,R,0,1755596760,1R 0946 95S/CTL,1755616607,1755616615,1189,0,0
1755596820_Q..N36R,058700_Q..N36R,Q,0,1755596820,1Q 0947 STL/962,1755615383,1755615391,1018,0,0
1755596970_N..S72R,058950_N..S72R,W,1,1755596970,1W 0949+ DIT/WHL,1755613905,1755613912,801,0,0
1755596970_Q..S36R,058950_Q..S36R,Q,1,1755596970,1Q 0949+ 962/STL,1755615368,1755615376,996,0,0
1755597000_N..N33R,059000_N..N33R,N,0,1755597000,1N 0950 STL/DIT,1755616690,1755616697,1168,0,0
1755597060_R..S71R,059100_R..S71R,R,1,1755597060,1R 0951 CTL/95S,1755616690,1755616697,1160,0,0
1755597120_N..N72R,059200_N..N72R,W,0,1755597120,1W 0952 WHL/DIT,1755614122,1755614130,810,0,0
1755597240_N..S34R,059400_N..S34R,N,1,1755597240,1N 0954 DIT/STL,1755616465,1755616472,1106,0,0
1755597240_R..N93R,059400_R..N93R,R,0,1755597240,1R 0954 95S/CTL,1755617245,1755617253,1210,0,0
1755597360_Q..N36R,059600_Q..N36R,Q,0,1755597360,1Q 0956 STL/962,1755616224,1755616232,1058,0,0
1755597450_Q..S36R,059750_Q..S36R,Q,1,1755597450,1Q 0957+ 962/STL,1755615969,1755615977,1012,0,0
1755597540_N..N33R,059900_N..N33R,N,0,1755597540,1N 0959 STL/DIT,1755617013,1755617020,1139,0,0
1755597540_N..S72R,059900_N..S72R,W,1,1755597540,1W 0959 DIT/WHL,1755614385,1755614393,780,0,0
1755597540_R..S71R,059900_R..S71R,R,1,1755597540,1R 0959 CTL/95S,1755617591,1755617599,1216,0,0
1755597720_N..N72R,060200_N..N72R,W,0,1755597720,1W 1002 WHL/DIT,1755614798,1755614806,820,0,0
1755597780_N..S34R,060300_N..S34R,N,1,1755597780,1N 1003 DIT/STL,1755616848,1755616855,1085,0,0
1755597780_Q..N36R,060300_Q..N36R,Q,0,1755597780,1Q 1003 STL/962,1755616232,1755616239,1003,0,0
1755597780_R..N93R,060300_R..N93R,R,0,1755597780,1R 1003 95S/CTL,1755617433,1755617441,1163,0,0
1755597930_Q..S36R,060550_Q..S36R,Q,1,1755597930,1Q 1005+ 962/STL,1755616427,1755616435,1009,0,0
1755597990_N..S72R,060650_N..S72R,W,1,1755597990,1W 1006+ DIT/WHL,1755615008,1755615016,812,0,0
1755598020_R..S71R,060700_R..S71R,R,1,1755598020,1R 1007 CTL/95S,1755617591,1755617599,1152,0,0
1755598050_N..N33R,060750_N..N33R,N,0,1755598050,1N 1007+ STL/DIT,1755617786,1755617794,1174,0,0
1755598170_N..S34R,060950_N..S34R,N,1,1755598170,1N 1009+ DIT/STL,1755617576,1755617584,1130,0,0
1755598170_Q..N36R,060950_Q..N36R,Q,0,1755598170,1Q 1009+ STL/962,1755616547,1755616555,993,0,0
1755598260_R..N93R,061100_R..N93R,R,0,1755598260,1R 1011 95S/CTL,1755617734,1755617741,1139,0,0
1755598350_N..N72R,061250_N..N72R,W,0,1755598350,1W 1012+ WHL/DIT,1755615564,1755615571,838,0,0
1755598410_Q..S36R,061350_Q..S36R,Q,1,1755598410,1Q 1013+ 962/STL,1755616953,1755616960,1015,0,0
1755598500_R..S71R,061500_R..S71R,R,1,1755598500,1R 1015 CTL/95S,1755618034,1755618041,1147,0,0
1755598530_N..N33R,061550_N..N33R,N,0,1755598530,1N 1015+ STL/DIT,1755617576,1755617584,1082,0,0
1755598590_N..S34R,061650_N..S34R,N,1,1755598590,1N 1016+ DIT/STL,1755617929,1755617936,1121,0,0
1755598740_R..N93R,061900_R..N93R,R,0,1755598740,1R 1019 95S/CTL,1755618792,1755618800,1216,0,0
1755598770_Q..N36R,061950_Q..N36R,Q,0,1755598770,1Q 1019+ STL/962,1755617433,1755617441,1031,0,0
1755598830_N..S72R,062050_N..S72R,W,1,1755598830,1W 1020+ DIT/WHL,1755615804,1755615812,806,0,0
1755598890_Q..S36R,062150_Q..S36R,Q,1,1755598890,1Q 1021+ 962/STL,1755617456,1755617464,1018,0,0
1755598920_N..N33R,062200_N..N33R,N,0,1755598920,1N 1022 STL/DIT,1755618620,1755618627,1169,0,0
1755598920_N..N72R,062200_N..N72R,W,0,1755598920,1W 1022 WHL/DIT,1755616187,1755616194,845,0,0
1755598980_R..S71R,062300_R..S71R,R,1,1755598980,1R 1023 CTL/95S,1755618560,1755618567,1153,0,0
1755599130_N..S34R,062550_N..S34R,N,1,1755599130,1N 1025+ DIT/STL,1755618507,1755618515,1126,0,0
1755599130_R..N93R,062550_R..N93R,R,0,1755599130,1R 1025+ 95S/CTL,1755619197,1755619206,1218,0,0
1755599250_Q..N36R,062750_Q..N36R,Q,0,1755599250,1Q 1027+ STL/962,1755617816,1755617824,1018,0,0
1755599340_R..S71R,062900_R..S71R,R,1,1755599340,1R 1029 CTL/95S,1755619077,1755619085,1174,0,0
1755599370_Q..S36R,062950_Q..S36R,Q,1,1755599370,1Q 1029+ 962/STL,1755618071,1755618079,1036,0,0
1755599400_N..N33R,063000_N..N33R,N,0,1755599400,1N 1030 STL/DIT,1755619010,1755619017,1157,0,0
1755599400_N..N72R,063000_N..N72R,W,0,1755599400,1W 1030 WHL/DIT,1755616705,1755616713,850,0,0
1755599430_N..S72R,063050_N..S72R,W,1,1755599430,1W 1030+ DIT/WHL,1755616412,1755616420,807,0,0
1755599700_R..N93R,063500_R..N93R,R,0,1755599700,1R 1035 95S/CTL,1755619551,1755619559,1189,0,0
1755599730_N..S34R,063550_N..S34R,N,1,1755599730,1N 1035+ DIT/STL,1755619370,1755619378,1161,0,0
1755599730_Q..N36R,063550_Q..N36R,Q,0,1755599730,1Q 1035+ STL/962,1755618131,1755618139,996,0,0
1755599790_N..N33R,063650_N..N33R,N,0,1755599790,1N 1036+ STL/DIT,1755620091,1755620098,1249,0,0
1755599850_Q..S36R,063750_Q..S36R,Q,1,1755599850,1Q 1037+ 962/STL,1755618755,1755618762,1063,0,0
1755599940_R..S71R,063900_R..S71R,R,1,1755599940,1R 1039 CTL/95S,1755619453,1755619460,1144,0,0
1755599970_N..N72R,063950_N..N72R,W,0,1755599970,1W 1039+ WHL/DIT,1755617493,1755617501,879,0,0
1755600030_N..S72R,064050_N..S72R,W,1,1755600030,1W 1040+ DIT/WHL,1755617073,1755617080,815,0,0
1755600180_R..N93R,064300_R..N93R,R,0,1755600180,1R 1043 95S/CTL,1755620098,1755620106,1198,0,0
1755600240_Q..N36R,064400_Q..N36R,Q,0,1755600240,1Q 1044 STL/962,1755618860,1755618867,1025,0,0
1755600270_N..N33R,064450_N..N33R,N,0,1755600270,1N 1044+ STL/DIT,1755620121,1755620129,1189,0,0
1755600330_N..S34R,064550_N..S34R,N,1,1755600330,1N 1045+ DIT/STL,1755619370,1755619378,1081,0,0
1755600330_Q..S36R,064550_Q..S36R,Q,1,1755600330,1Q 1045+ 962/STL,1755619040,1755619048,1037,0,0
1755600420_R..S71R,064700_R..S71R,R,1,1755600420,1R 1047 CTL/95S,1755619963,1755619971,1148,0,0
1755600570_N..N72R,064950_N..N72R,W,0,1755600570,1W 1049+ WHL/DIT,1755618214,1755618221,895,0,0
1755600570_Q..N36R,064950_Q..N36R,Q,0,1755600570,1Q 1049+ STL/962,1755619723,1755619731,1096,0,0
1755600630_N..S72R,065050_N..S72R,W,1,1755600630,1W 1050+ DIT/WHL,1755617613,1755617621,807,0,0
1755600630_R..N93R,065050_R..N93R,R,0,1755600630,1R 1050+ 95S/CTL,1755620797,1755620804,1231,0,0
1755600750_N..N33R,065250_N..N33R,N,0,1755600750,1N 1052+ STL/DIT,1755620316,1755620324,1151,0,0
1755600810_Q..S36R,065350_Q..S36R,Q,1,1755600810,1Q 1053+ 962/STL,1755619250,1755619257,1001,0,0
1755600900_R..S71R,065500_R..S71R,R,1,1755600900,1R 1055 CTL/95S,1755620744,1755620752,1188,0,0
1755600930_N..S34R,065550_N..S34R,N,1,1755600930,1N 1055+ DIT/STL,1755619971,1755619978,1081,0,0
1755601140_R..N93R,065900_R..N93R,R,0,1755601140,1R 1059 95S/CTL,1755621262,1755621270,1225,0,0
1755601170_Q..N36R,065950_Q..N36R,Q,0,1755601170,1Q 1059+ STL/962,1755619776,1755619783,1023,0,0
1755601230_N..S72R,066050_N..S72R,W,1,1755601230,1W 1100+ DIT/WHL,1755618537,1755618545,850,0,0
1755601260_N..N33R,066100_N..N33R,N,0,1755601260,1N 1101 STL/DIT,1755620744,1755620752,1140,0,0
1755601290_Q..S36R,066150_Q..S36R,Q,1,1755601290,1Q 1101+ 962/STL,1755619783,1755619791,1008,0,0
1755601320_N..N72R,066200_N..N72R,W,0,1755601320,1W 1102 WHL/DIT,1755618837,1755618845,878,0,0
1755601410_R..S71R,066350_R..S71R,R,1,1755601410,1R 1103+ CTL/95S,1755620902,1755620910,1141,0,0
1755601530_N..S34R,066550_N..S34R,N,1,1755601530,1N 1105+ DIT/STL,1755620497,1755620504,1071,0,0
1755601530_R..N93R,066550_R..N93R,R,0,1755601530,1R 1105+ 95S/CTL,1755621720,1755621728,1231,0,0
1755601680_Q..N36R,066800_Q..N36R,Q,0,1755601680,1Q 1108 STL/962,1755620181,1755620188,1009,0,0
1755601770_N..N33R,066950_N..N33R,N,0,1755601770,1N 1109+ STL/DIT,1755620902,1755620910,1093,0,0
1755601770_Q..S36R,066950_Q..S36R,Q,1,1755601770,1Q 1109+ 962/STL,1755620316,1755620324,1015,0,0
1755601830_N..S72R,067050_N..S72R,W,1,1755601830,1W 1110+ DIT/WHL,1755618912,1755618920,820,0,0
1755601920_N..N72R,067200_N..N72R,W,0,1755601920,1W 1112 WHL/DIT,1755619355,1755619363,867,0,0
1755601920_R..S71R,067200_R..S71R,R,1,1755601920,1R 1112 CTL/95S,1755621465,1755621472,1148,0,0
1755602070_N..S34R,067450_N..S34R,N,1,1755602070,1N 1114+ DIT/STL,1755621037,1755621044,1071,0,0
1755602100_R..N93R,067500_R..N93R,R,0,1755602100,1R 1115 95S/CTL,1755622148,1755622155,1216,0,0
1755602160_Q..N36R,067600_Q..N36R,Q,0,1755602160,1Q 1116 STL/962,1755621119,1755621127,1079,0,0
1755602280_N..N33R,067800_N..N33R,N,0,1755602280,1N 1118 STL/DIT,1755627479,1755627486,1918,0,0
1755602280_Q..N,067800_Q..N,Q,0,1755602280,=Q 1210 TSQ/962,1755620977,1755620984,119,0,0
1755602310_Q..S36R,067850_Q..S36R,Q,1,1755602310,1Q 1118+ 962/STL,1755620564,1755620572,993,0,0
1755602340_R..S71R,067900_R..S71R,R,1,1755602340,1R 1119 CTL/95S,1755622043,1755622051,1187,0,0
1755602430_N..S72R,068050_N..S72R,W,1,1755602430,1W 1120+ DIT/WHL,1755619573,1755619581,845,0,0
1755602520_N..N72R,068200_N..N72R,W,0,1755602520,1W 1122 WHL/DIT,1755619077,1755619085,767,0,0
1755602580_R..N93R,068300_R..N93R,R,0,1755602580,1R 1123 95S/CTL,1755622441,1755622449,1207,0,0
1755602610_Q..N36R,068350_Q..N36R,Q,0,1755602610,1Q 1123+ STL/962,1755621548,1755621555,1084,0,0
1755602670_N..S34R,068450_N..S34R,N,1,1755602670,1N 1124+ DIT/STL,1755621420,1755621427,1059,0,0
1755602730_Q..S36R,068550_Q..S36R,Q,1,1755602730,1Q 1125+ 962/STL,1755622591,1755622599,1207,0,0
1755602820_R..S71R,068700_R..S71R,R,1,1755602820,1R 1127 CTL/95S,1755622966,1755622974,1245,1,0
1755602850_N..N33R,068750_N..N33R,N,0,1755602850,1N 1127+ STL/DIT,1755621818,1755621825,1089,1,0
1755602970_Q..N36R,068950_Q..N36R,Q,0,1755602970,1Q 1129+ STL/962,1755621878,1755621885,1080,0,0
1755603030_N..S72R,069050_N..S72R,W,1,1755603030,1W 1130+ DIT/WHL,1755620136,1755620143,841,0,0
1755603060_R..N93R,069100_R..N93R,R,0,1755603060,1R 1131 95S/CTL,1755623244,1755623252,1250,0,0
1755603120_N..N72R,069200_N..N72R,W,0,1755603120,1W 1132 WHL/DIT,1755619873,1755619881,794,0,0
1755603150_N..S34R,069250_N..S34R,N,1,1755603150,1N 1132+ DIT/STL,1755622043,1755622051,1079,0,0
1755603180_Q..S36R,069300_Q..S36R,Q,1,1755603180,1Q 1133 962/STL,1755622606,1755622614,1149,0,0
1755603240_R..S71R,069400_R..S71R,R,1,1755603240,1R 1134 CTL/95S,1755623147,1755623154,1213,0,0
1755603300_N..N33R,069500_N..N33R,N,0,1755603300,1N 1135 STL/DIT,1755622862,1755622869,1168,0,0
1755603510_N..S34R,069850_N..S34R,N,1,1755603510,1N 1138+ DIT/STL,1755622464,1755622471,1087,0,0
1755603540_R..N93R,069900_R..N93R,R,0,1755603540,1R 1139 95S/CTL,1755623252,1755623259,1188,0,0
1755603600_Q..N36R,070000_Q..N36R,Q,0,1755603600,1Q 1140 STL/962,1755622066,1755622073,1022,0,0
1755603690_Q..S36R,070150_Q..S36R,Q,1,1755603690,1Q 1141+ 962/STL,1755622606,1755622614,1082,0,0
1755603720_N..N72R,070200_N..N72R,W,0,1755603720,1W 1142 WHL/DIT,1755619250,1755619257,631,0,0
1755603720_N..S72R,070200_N..S72R,W,1,1755603720,1W 1142 DIT/WHL,1755621435,1755621443,922,0,0
1755603720_Q..N,070200_Q..N,Q,0,1755603720,=Q 1200 34S/962,1755620233,1755620241,123,0,0
1755603780_R..S71R,070300_R..S71R,R,1,1755603780,1R 1143 CTL/95S,1755623702,1755623710,1067,0,0
1755603810_N..N33R,070350_N..N33R,N,0,1755603810,1N 1143+ STL/DIT,1755623530,1755623537,1189,0,0
1755603990_N..S34R,070650_N..S34R,N,1,1755603990,1N 1146+ DIT/STL,1755623432,1755623440,1152,1,0
1755604020_R..N93R,070700_R..N93R,R,0,1755604020,1R 1147 95S/CTL,1755623762,1755623770,1192,0,0
1755604080_Q..N36R,070800_Q..N36R,Q,0,1755604080,1Q 1148 STL/962,1755622486,1755622494,1014,0,0
1755604170_N..N33R,070950_N..N33R,N,0,1755604170,1N 1149+ STL/DIT,1755623725,1755623732,1167,0,0
1755604170_Q..S36R,070950_Q..S36R,Q,1,1755604170,1Q 1149+ 962/STL,1755622606,1755622614,1018,0,0
1755604230_N..S72R,071050_N..S72R,W,1,1755604230,1W 1150+ DIT/WHL,1755621758,1755621765,897,0,0
1755604320_N..N72R,071200_N..N72R,W,0,1755604320,1W 1152 WHL/DIT,1755622058,1755622066,925,0,0
1755604320_Q..N36R,071200_Q..N36R,Q,0,1755604320,1Q 1152 STL/962,1755623124,1755623131,1067,0,0
1755604320_R..S71R,071200_R..S71R,R,1,1755604320,1R 1152 CTL/95S,1755624108,1755624115,1198,0,0
1755604440_N..S34R,071400_N..S34R,N,1,1755604440,1N 1154 DIT/STL,1755623590,1755623597,1113,0,0
1755604500_R..N93R,071500_R..N93R,R,0,1755604500,1R 1155 95S/CTL,1755624566,1755624573,1235,0,0
1755604650_N..N33R,071750_N..N33R,N,0,1755604650,1N 1157+ STL/DIT,1755624491,1755624498,1205,0,0
1755604710_Q..S36R,071850_Q..S36R,Q,1,1755604710,1Q 1158+ 962/STL,1755623447,1755623455,1058,0,0
1755604740_R..S71R,071900_R..S71R,R,1,1755604740,1R 1159 CTL/95S,1755624296,1755624303,1167,0,0
1755604830_N..S72R,072050_N..S72R,W,1,1755604830,1W 1200+ DIT/WHL,1755622028,1755622035,853,0,0
1755604920_N..N72R,072200_N..N72R,W,0,1755604920,1W 1202 WHL/DIT,1755622178,1755622186,861,0,0
1755604920_Q..N36R,072200_Q..N36R,Q,0,1755604920,1Q 1202 STL/962,1755623522,1755623530,1040,0,0
1755604980_R..N93R,072300_R..N93R,R,0,1755604980,1R 1203 95S/CTL,1755625752,1755625759,1329,0,0
1755605070_N..S34R,072450_N..S34R,N,1,1755605070,1N 1204+ DIT/STL,1755624446,1755624453,1143,0,0
1755605130_Q..S36R,072550_Q..S36R,Q,1,1755605130,1Q 1205+ 962/STL,1755625369,1755625377,1258,0,0
1755605220_R..S71R,072700_R..S71R,R,1,1755605220,1R 1207 CTL/95S,1755624791,1755624798,1169,0,0
1755605340_N..N33R,072900_N..N33R,N,0,1755605340,1N 1209 STL/DIT,1755624933,1755624941,1172,0,0
1755605400_Q..N36R,073000_Q..N36R,Q,0,1755605400,1Q 1210 STL/962,1755624010,1755624017,1041,0,0
1755605460_R..N93R,073100_R..N93R,R,0,1755605460,1R 1211 95S/CTL,1755625999,1755626007,1298,0,0
1755605490_N..S72R,073150_N..S72R,W,1,1755605490,1W 1211+ DIT/WHL,1755622606,1755622614,842,0,0
1755605520_N..N72R,073200_N..N72R,W,0,1755605520,1W 1212 WHL/DIT,1755622561,1755622569,832,1,0
1755605580_Q..S36R,073300_Q..S36R,Q,1,1755605580,1Q 1213 962/STL,1755625377,1755625384,1199,0,0
1755605640_N..S34R,073400_N..S34R,N,1,1755605640,1N 1214 DIT/STL,1755624716,1755624723,1103,0,0
1755605640_R..S71R,073400_R..S71R,R,1,1755605640,1R 1214 CTL/95S,1755625377,1755625384,1191,0,0
1755605700_N..N33R,073500_N..N33R,N,0,1755605700,1N 1215 STL/DIT,1755625294,1755625302,1172,0,0
1755605880_Q..N36R,073800_Q..N36R,Q,0,1755605880,1Q 1218 STL/962,1755624551,1755624558,1049,0,0
1755605940_R..N93R,073900_R..N93R,R,0,1755605940,1R 1219 95S/CTL,1755626975,1755626983,1364,0,0
1755606090_N..N33R,074150_N..N33R,N,0,1755606090,1N 1221+ STL/DIT,1755625797,1755625804,1187,0,0
1755606090_Q..S36R,074150_Q..S36R,Q,1,1755606090,1Q 1221+ 962/STL,1755625377,1755625384,1131,0,0
1755606120_N..N72R,074200_N..N72R,W,0,1755606120,1W 1222 WHL/DIT,1755623507,1755623515,878,0,0
1755606150_N..S72R,074250_N..S72R,W,1,1755606150,1W 1222+ DIT/WHL,1755623462,1755623470,868,0,0
1755606180_R..S71R,074300_R..S71R,R,1,1755606180,1R 1223 CTL/95S,1755626270,1755626278,1238,0,0
1755606240_N..S34R,074400_N..S34R,N,1,1755606240,1N 1224 DIT/STL,1755625617,1755625624,743,0,0
1755606360_R..N93R,074600_R..N93R,R,0,1755606360,1R 1226 95S/CTL,1755626990,1755626998,1310,0,0
1755606360_W..S,074600_W..S,W,1,1755606360,EW 1226 962/WHL,1755623184,1755623192,329,0,0
1755606480_Q..N36R,074800_Q..N36R,Q,0,1755606480,1Q 1228 STL/962,1755624693,1755624701,988,0,0
1755606570_N..N33R,074950_N..N33R,N,0,1755606570,1N 1229+ STL/DIT,1755626240,1755626248,1182,0,0
1755606570_Q..S36R,074950_Q..S36R,Q,1,1755606570,1Q 1229+ 962/STL,1755625377,1755625384,1067,0,0
1755606630_N..S72R,075050_N..S72R,W,1,1755606630,1W 1230+ DIT/WHL,1755623965,1755623972,871,0,0
1755606720_N..N72R,075200_N..N72R,W,0,1755606720,1W 1232 WHL/DIT,1755624062,1755624070,872,0,0
1755606720_Q..N36R,075200_Q..N36R,Q,0,1755606720,1Q 1232 STL/962,1755625167,1755625174,1019,0,0
1755606720_R..S71R,075200_R..S71R,R,1,1755606720,1R 1232 CTL/95S,1755626480,1755626488,1194,0,0
1755606870_N..S34R,075450_N..S34R,N,1,1755606870,1N 1234+ DIT/STL,1755626074,1755626082,1120,1,0
1755606900_R..N93R,075500_R..N93R,R,0,1755606900,1R 1235 95S/CTL,1755627336,1755627344,1284,0,0
1755607050_N..N33R,075750_N..N33R,N,0,1755607050,1N 1237+ STL/DIT,1755626375,1755626383,1136,0,0
1755607110_Q..S36R,075850_Q..S36R,Q,1,1755607110,1Q 1238+ 962/STL,1755625392,1755625399,997,0,0
1755607140_R..S71R,075900_R..S71R,R,1,1755607140,1R 1239 CTL/95S,1755626750,1755626758,1174,0,0
1755607320_N..N72R,076200_N..N72R,W,0,1755607320,1W 1242 WHL/DIT,1755624167,1755624175,806,0,0
1755607320_Q..N36R,076200_Q..N36R,Q,0,1755607320,1Q 1242 STL/962,1755625632,1755625639,1001,0,0
1755607350_N..S,076250_N..S,N,1,1755607350,EN 1242+ 962/STL,1755625894,1755625902,673,0,0
1755607380_R..N93R,076300_R..N93R,R,0,1755607380,1R 1243 95S/CTL,1755627861,1755627869,1290,0,0
1755607440_N..S34R,076400_N..S34R,N,1,1755607440,1N 1244 DIT/STL,1755626833,1755626840,1145,0,0
1755607530_Q..S36R,076550_Q..S36R,Q,1,1755607530,1Q 1245+ 962/STL,1755626293,1755626300,1061,0,0
1755607620_R..S71R,076700_R..S71R,R,1,1755607620,1R 1247 CTL/95S,1755627284,1755627291,1181,0,0
1755607740_N..N33R,076900_N..N33R,N,0,1755607740,1N 1249 STL/DIT,1755626720,1755626728,1090,0,0
1755607800_Q..N36R,077000_Q..N36R,Q,0,1755607800,1Q 1250 STL/962,1755626315,1755626323,1028,0,0
1755607860_R..N93R,077100_R..N93R,R,0,1755607860,1R 1251 95S/CTL,1755628455,1755628462,1305,0,0
1755607920_N..N72R,077200_N..N72R,W,0,1755607920,1W 1252 WHL/DIT,1755624933,1755624941,828,0,0
1755607920_N..S72R,077200_N..S72R,W,1,1755607920,1W 1252 DIT/WHL,1755625452,1755625459,774,0,0
1755607950_N..S34R,077250_N..S34R,N,1,1755607950,1N 1252+ DIT/STL,1755627179,1755627186,1123,0,0
1755607980_Q..S36R,077300_Q..S36R,Q,1,1755607980,1Q 1253 962/STL,1755626578,1755626585,1039,0,0
1755608040_R..S71R,077400_R..S71R,R,1,1755608040,1R 1254 CTL/95S,1755628140,1755628147,1239,0,0
1755608100_N..N33R,077500_N..N33R,N,0,1755608100,1N 1255 STL/DIT,1755627261,1755627269,1114,0,0
1755608280_Q..N36R,077800_Q..N36R,Q,0,1755608280,1Q 1258 STL/962,1755627156,1755627164,1076,0,0
1755608310_N..S34R,077850_N..S34R,N,1,1755608310,1N 1258+ DIT/STL,1755627479,1755627486,1115,0,0
1755608340_R..N93R,077900_R..N93R,R,0,1755608340,1R 1259 95S/CTL,1755629101,1755629108,1327,0,0
1755608490_N..N33R,078150_N..N33R,N,0,1755608490,1N 1301+ STL/DIT,1755627734,1755627742,1125,0,0
1755608490_Q..S36R,078150_Q..S36R,Q,1,1755608490,1Q 1301+ 962/STL,1755626998,1755627005,1027,0,0
1755608520_N..N72R,078200_N..N72R,W,0,1755608520,1W 1302 WHL/DIT,1755625392,1755625399,809,0,0
1755608550_N..S72R,078250_N..S72R,W,1,1755608550,1W 1302+ DIT/WHL,1755625617,1755625624,835,0,0
1755608610_R..S71R,078350_R..S71R,R,1,1755608610,1R 1303+ CTL/95S,1755628275,1755628282,1181,0,0
1755608760_R..N93R,078600_R..N93R,R,0,1755608760,1R 1306 95S/CTL,1755629123,1755629131,1274,0,0
1755608790_N..S34R,078650_N..S34R,N,1,1755608790,1N 1306+ DIT/STL,1755627899,1755627906,1107,0,0
1755608880_Q..N36R,078800_Q..N36R,Q,0,1755608880,1Q 1308 STL/962,1755627396,1755627404,1028,0,0
1755608970_N..N33R,078950_N..N33R,N,0,1755608970,1N 1309+ STL/DIT,1755628177,1755628185,1120,0,0
1755608970_Q..S36R,078950_Q..S36R,Q,1,1755608970,1Q 1309+ 962/STL,1755627404,1755627411,1017,0,0
1755609030_N..S72R,079050_N..S72R,W,1,1755609030,1W 1310+ DIT/WHL,1755626097,1755626105,835,0,0
1755609120_N..N72R,079200_N..N72R,W,0,1755609120,1W 1312 WHL/DIT,1755625894,1755625902,796,0,0
1755609120_Q..N36R,079200_Q..N36R,Q,0,1755609120,1Q 1312 STL/962,1755627576,1755627584,1020,0,0
1755609120_R..S71R,079200_R..S71R,R,1,1755609120,1R 1312 CTL/95S,1755629123,1755629131,1226,0,0
1755609270_N..S34R,079450_N..S34R,N,1,1755609270,1N 1314+ DIT/STL,1755628102,1755628110,1070,0,0
1755609300_R..N93R,079500_R..N93R,R,0,1755609300,1R 1315 95S/CTL,1755629648,1755629656,1272,0,0
1755609450_N..N33R,079750_N..N33R,N,0,1755609450,1N 1317+ STL/DIT,1755628620,1755628627,1115,0,0
1755609450_Q..S36R,079750_Q..S36R,Q,1,1755609450,1Q 1317+ 962/STL,1755627696,1755627704,992,0,0
1755609540_R..S71R,079900_R..S71R,R,1,1755609540,1R 1319 CTL/95S,1755629266,1755629273,1189,0,0
1755609630_N..S72R,080050_N..S72R,W,1,1755609630,1W 1320+ DIT/WHL,1755626915,1755626923,864,0,0
1755609720_N..N72R,080200_N..N72R,W,0,1755609720,1W 1322 WHL/DIT,1755626675,1755626683,820,0,0
1755609720_Q..N36R,080200_Q..N36R,Q,0,1755609720,1Q 1322 STL/962,1755627742,1755627749,962,0,0
1755609780_R..N93R,080300_R..N93R,R,0,1755609780,1R 1323 95S/CTL,1755629843,1755629851,1234,0,0
1755609840_N..S34R,080400_N..S34R,N,1,1755609840,1N 1324 DIT/STL,1755629161,1755629168,1135,1,0
1755609930_Q..S36R,080550_Q..S36R,Q,1,1755609930,1Q 1325+ 962/STL,1755628297,1755628305,1008,0,0
1755610020_R..S71R,080700_R..S71R,R,1,1755610020,1R 1327 CTL/95S,1755629798,1755629806,1196,0,0
1755610140_N..N33R,080900_N..N33R,N,0,1755610140,1N 1329 STL/DIT,1755629026,1755629033,1077,0,0
1755610200_Q..N36R,081000_Q..N36R,Q,0,1755610200,1Q 1330 STL/962,1755628380,1755628387,983,0,0
1755610230_N..S72R,081050_N..S72R,W,1,1755610230,1W 1330+ DIT/WHL,1755627276,1755627284,832,0,0
1755610260_R..N93R,081100_R..N93R,R,0,1755610260,1R 1331 95S/CTL,1755630204,1755630212,1218,0,0
1755610320_N..N72R,081200_N..N72R,W,0,1755610320,1W 1332 WHL/DIT,1755627404,1755627411,837,0,0
1755610350_N..S34R,081250_N..S34R,N,1,1755610350,1N 1332+ DIT/STL,1755629468,1755629476,1108,0,0
1755610380_Q..S36R,081300_Q..S36R,Q,1,1755610380,1Q 1333 962/STL,1755628597,1755628605,988,0,0
1755610440_R..S71R,081400_R..S71R,R,1,1755610440,1R 1334 CTL/95S,1755630204,1755630212,1194,0,0
1755610500_N..N33R,081500_N..N33R,N,0,1755610500,1N 1335 STL/DIT,1755629528,1755629536,1097,0,0
1755610680_Q..N36R,081800_Q..N36R,Q,0,1755610680,1Q 1338 STL/962,1755628725,1755628733,966,0,0
1755610710_N..S34R,081850_N..S34R,N,1,1755610710,1N 1338+ DIT/STL,1755629768,1755629776,1101,0,0
1755610740_R..N93R,081900_R..N93R,R,0,1755610740,1R 1339 95S/CTL,1755631068,1755631075,1193,0,0
1755610890_N..N33R,082150_N..N33R,N,0,1755610890,1N 1341+ STL/DIT,1755630039,1755630047,1113,0,0
1755610890_Q..S36R,082150_Q..S36R,Q,1,1755610890,1Q 1341+ 962/STL,1755629341,1755629348,1020,0,0
1755610920_N..N72R,082200_N..N72R,W,0,1755610920,1W 1342 WHL/DIT,1755627704,1755627711,798,1,0
1755610950_N..S72R,082250_N..S72R,W,1,1755610950,1W 1342+ DIT/WHL,1755628117,1755628125,849,0,0
1755610980_R..S71R,082300_R..S71R,R,1,1755610980,1R 1343 CTL/95S,1755630684,1755630692,1187,0,0
1755611190_N..S34R,082650_N..S34R,N,1,1755611190,1N 1346+ DIT/STL,1755630219,1755630227,1097,0,0
1755611250_R..N93R,082750_R..N93R,R,0,1755611250,1R 1347+ 95S/CTL,1755631090,1755631098,1205,0,0
1755611280_Q..N36R,082800_Q..N36R,Q,0,1755611280,1Q 1348 STL/962,1755629648,1755629656,1009,0,0
1755611340_N..N33R,082900_N..N33R,N,0,1755611340,1N 1349 STL/DIT,1755630272,1755630279,1084,0,0
1755611370_Q..S36R,082950_Q..S36R,Q,1,1755611370,1Q 1349+ 962/STL,1755629971,1755629979,1040,0,0
1755611430_N..S72R,083050_N..S72R,W,1,1755611430,1W 1350+ DIT/WHL,1755628462,1755628470,831,0,0
1755611520_N..N72R,083200_N..N72R,W,0,1755611520,1W 1352 WHL/DIT,1755628740,1755628747,856,0,0
1755611520_Q..N36R,083200_Q..N36R,Q,0,1755611520,1Q 1352 STL/962,1755629648,1755629656,977,0,0
1755611520_R..S71R,083200_R..S71R,R,1,1755611520,1R 1352 CTL/95S,1755631143,1755631150,1176,0,0
1755611670_N..S34R,083450_N..S34R,N,1,1755611670,1N 1354+ DIT/STL,1755630865,1755630872,1119,0,0
1755611700_R..N93R,083500_R..N93R,R,0,1755611700,1R 1355 95S/CTL,1755631495,1755631504,1199,0,0
1755611850_Q..S36R,083750_Q..S36R,Q,1,1755611850,1Q 1357+ 962/STL,1755630167,1755630174,1002,0,0
1755611910_R..S71R,083850_R..S71R,R,1,1755611910,1R 1358+ CTL/95S,1755631585,1755631593,1183,0,0
1755612000_N..N33R,084000_N..N33R,N,0,1755612000,1N 1400 STL/DIT,1755630993,1755631000,1092,0,0
1755612030_N..S72R,084050_N..S72R,W,1,1755612030,1W 1400+ DIT/WHL,1755629026,1755629033,826,0,0
1755612090_Q..N36R,084150_Q..N36R,Q,0,1755612090,1Q 1401+ STL/962,1755630647,1755630654,1034,0,0
1755612120_N..N72R,084200_N..N72R,W,0,1755612120,1W 1402 WHL/DIT,1755629258,1755629266,845,0,0
1755612150_N..S34R,084250_N..S34R,N,1,1755612150,1N 1402+ DIT/STL,1755631030,1755631038,1077,0,0
1755612180_R..N93R,084300_R..N93R,R,0,1755612180,1R 1403 95S/CTL,1755631909,1755631916,1190,0,0
1755612330_Q..S36R,084550_Q..S36R,Q,1,1755612330,1Q 1405+ 962/STL,1755630512,1755630519,984,0,0
1755612450_N..N33R,084750_N..N33R,N,0,1755612450,1N 1407+ STL/DIT,1755631330,1755631338,1077,0,0
1755612570_Q..N36R,084950_Q..N36R,Q,0,1755612570,1Q 1409+ STL/962,1755630812,1755630820,992,0,0
1755612600_R..S71R,085000_R..S71R,R,1,1755612600,1R 1410 CTL/95S,1755632509,1755632516,750,0,0
1755612630_N..S72R,085050_N..S72R,W,1,1755612630,1W 1410+ DIT/WHL,1755629543,1755629551,815,0,0
1755612660_R..N93R,085100_R..N93R,R,0,1755612660,1R 1411 95S/CTL,1755632606,1755632614,1219,0,0
1755612720_N..N72R,085200_N..N72R,W,0,1755612720,1W 1412 WHL/DIT,1755629686,1755629693,822,0,0
1755612750_N..S34R,085250_N..S34R,N,1,1755612750,1N 1412+ DIT/STL,1755631773,1755631780,1096,0,0
1755612780_Q..S36R,085300_Q..S36R,Q,1,1755612780,1Q 1413 962/STL,1755631413,1755631420,1044,0,0
1755612870_R..S71R,085450_R..S71R,R,1,1755612870,1R 1414+ CTL/95S,1755632651,1755632659,1197,0,0
1755612930_N..N33R,085550_N..N33R,N,0,1755612930,1N 1415+ STL/DIT,1755631684,1755631690,1060,0,0
1755613050_Q..N36R,085750_Q..N36R,Q,0,1755613050,1Q 1417+ STL/962,1755631736,1755631744,1051,0,0
1755613110_N..S34R,085850_N..S34R,N,1,1755613110,1N 1418+ DIT/STL,1755632096,1755632104,1091,0,0
1755613140_R..N93R,085900_R..N93R,R,0,1755613140,1R 1419 95S/CTL,1755633132,1755633140,1225,0,0
1755613290_Q..S36R,086150_Q..S36R,Q,1,1755613290,1Q 1421+ 962/STL,1755631533,1755631540,992,0,0
1755613320_N..N72R,086200_N..N72R,W,0,1755613320,1W 1422 WHL/DIT,1755630572,1755630579,860,0,0
1755613350_N..S72R,086250_N..S72R,W,1,1755613350,1W 1422+ DIT/WHL,1755630422,1755630429,836,0,0
1755613410_N..N33R,086350_N..N33R,N,0,1755613410,1N 1423+ STL/DIT,1755632306,1755632314,1079,0,0
1755613500_R..S71R,086500_R..S71R,R,1,1755613500,1R 1425 CTL/95S,1755633095,1755633102,738,0,0
1755613530_N..S34R,086550_N..S34R,N,1,1755613530,1N 1425+ DIT/STL,1755632711,1755632719,1117,0,0
1755613620_R..N93R,086700_R..N93R,R,0,1755613620,1R 1427 95S/CTL,1755633492,1755633500,1209,0,0
1755613650_Q..N36R,086750_Q..N36R,Q,0,1755613650,1Q 1427+ STL/962,1755631736,1755631744,971,0,0
1755613770_Q..S36R,086950_Q..S36R,Q,1,1755613770,1Q 1429+ 962/STL,1755632134,1755632141,1008,0,0
1755613830_N..S72R,087050_N..S72R,W,1,1755613830,1W 1430+ DIT/WHL,1755630985,1755630993,847,0,0
1755613890_N..N33R,087150_N..N33R,N,0,1755613890,1N 1431+ STL/DIT,1755632915,1755632922,1096,0,0
1755613920_N..N72R,087200_N..N72R,W,0,1755613920,1W 1432 WHL/DIT,1755630783,1755630789,808,0,0
1755613950_Q..N36R,087250_Q..N36R,Q,0,1755613950,1Q 1432+ STL/962,1755632029,1755632036,970,0,0
1755614070_N..S34R,087450_N..S34R,N,1,1755614070,1N 1434+ DIT/STL,1755633477,1755633485,1147,0,0
1755614100_R..N93R,087500_R..N93R,R,0,1755614100,1R 1435 95S/CTL,1755633958,1755633966,1207,0,0
1755614220_R..S71R,087700_R..S71R,R,1,1755614220,1R 1437 CTL/95S,1755633598,1755633606,1143,0,0
1755614250_Q..S36R,087750_Q..S36R,Q,1,1755614250,1Q 1437+ 962/STL,1755632689,1755632696,1018,0,0
1755614430_N..N33R,088050_N..N33R,N,0,1755614430,1N 1440+ STL/DIT,1755633395,1755633402,1088,0,0
1755614490_N..S72R,088150_N..S72R,W,1,1755614490,1W 1441+ DIT/WHL,1755631450,1755631458,821,0,0
1755614490_Q..N36R,088150_Q..N36R,Q,0,1755614490,1Q 1441+ STL/962,1755632629,1755632637,978,0,0
1755614520_N..N72R,088200_N..N72R,W,0,1755614520,1W 1442 WHL/DIT,1755631465,1755631473,819,0,0
1755614580_R..N93R,088300_R..N93R,R,0,1755614580,1R 1443 95S/CTL,1755634393,1755634401,1201,0,0
1755614640_N..S34R,088400_N..S34R,N,1,1755614640,1N 1444 DIT/STL,1755633801,1755633808,1114,0,0
1755614700_R..S71R,088500_R..S71R,R,1,1755614700,1R 1445 CTL/95S,1755634303,1755634311,1173,0,0
1755614730_Q..S36R,088550_Q..S36R,Q,1,1755614730,1Q 1445+ 962/STL,1755633080,1755633087,1006,0,0
1755614970_N..N33R,088950_N..N33R,N,0,1755614970,1N 1449+ STL/DIT,1755634018,1755634026,1099,0,0
1755614970_Q..N36R,088950_Q..N36R,Q,0,1755614970,1Q 1449+ STL/962,1755633297,1755633305,1003,0,0
1755615030_N..S72R,089050_N..S72R,W,1,1755615030,1W 1450+ DIT/WHL,1755631931,1755631939,813,0,0
1755615060_R..N93R,089100_R..N93R,R,0,1755615060,1R 1451 95S/CTL,1755635084,1755635092,1229,0,0
1755615120_N..N72R,089200_N..N72R,W,0,1755615120,1W 1452 WHL/DIT,1755631991,1755631999,809,0,0
1755615150_N..S34R,089250_N..S34R,N,1,1755615150,1N 1452+ DIT/STL,1755634093,1755634101,1085,0,0
1755615180_Q..S36R,089300_Q..S36R,Q,1,1755615180,1Q 1453 962/STL,1755633590,1755633598,1014,0,0
1755615180_R..S71R,089300_R..S71R,R,1,1755615180,1R 1453 CTL/95S,1755635054,1755635062,1209,0,0
1755615390_Q..N36R,089650_Q..N36R,Q,0,1755615390,1Q 1456+ STL/962,1755633530,1755633537,978,0,0
1755615510_N..S34R,089850_N..S34R,N,1,1755615510,1N 1458+ DIT/STL,1755634753,1755634762,1125,0,0
1755615540_N..N16R,089900_N..N16R,N,0,1755615540,1N 1459 STL/962,1755633951,1755633958,1014,0,0
1755615540_R..N93R,089900_R..N93R,R,0,1755615540,1R 1459 95S/CTL,1755635843,1755635850,1266,0,0
1755615660_N..S72R,090100_N..S72R,W,1,1755615660,1W 1501 DIT/WHL,1755632547,1755632554,811,0,0
1755615690_Q..S36R,090150_Q..S36R,Q,1,1755615690,1Q 1501+ 962/STL,1755634498,1755634506,1067,0,0
1755615720_N..N72R,090200_N..N72R,W,0,1755615720,1W 1502 WHL/DIT,1755632674,1755632681,820,0,0
1755615750_R..S71R,090250_R..S71R,R,1,1755615750,1R 1502+ CTL/95S,1755635294,1755635302,1165,0,0
1755615840_N..N33R,090400_N..N33R,N,0,1755615840,1N 1504 STL/DIT,1755634558,1755634566,1055,0,0
1755615930_Q..N36R,090550_Q..N36R,Q,0,1755615930,1Q 1505+ STL/962,1755634318,1755634326,1011,0,0
1755615990_N..S34R,090650_N..S34R,N,1,1755615990,1N 1506+ DIT/STL,1755635017,1755635024,1096,0,0
1755616080_R..N93R,090800_R..N93R,R,0,1755616080,1R 1508 95S/CTL,1755636165,1755636173,1237,0,0
1755616110_R..S71R,090850_R..S71R,R,1,1755616110,1R 1508+ CTL/95S,1755635700,1755635707,1171,0,0
1755616170_Q..S36R,090950_Q..S36R,Q,1,1755616170,1Q 1509+ 962/STL,1755634693,1755634701,1029,0,0
1755616260_N..S72R,091100_N..S72R,W,1,1755616260,1W 1511 DIT/WHL,1755633380,1755633387,842,0,0
1755616320_N..N72R,091200_N..N72R,W,0,1755616320,1W 1512 WHL/DIT,1755633170,1755633177,806,0,0
1755616320_R..S,091200_R..S,R,1,1755616320,ER 1512 CTL/95S,1755635985,1755635993,788,0,0
1755616350_N..N33R,091250_N..N33R,N,0,1755616350,1N 1512+ STL/DIT,1755635700,1755635707,1139,0,0
1755616410_Q..N36R,091350_Q..N36R,Q,0,1755616410,1Q 1513+ STL/962,1755634581,1755634588,982,0,0
1755616470_N..S34R,091450_N..S34R,N,1,1755616470,1N 1514+ DIT/STL,1755635497,1755635504,1096,0,0
1755616500_R..N93R,091500_R..N93R,R,0,1755616500,1R 1515 95S/CTL,1755636300,1755636308,1199,0,0
1755616530_R..N96R,091550_R..N96R,R,0,1755616530,1R 1515+ 364/CTL,1755635903,1755635910,1142,0,0
1755616590_R..S71R,091650_R..S71R,R,1,1755616590,1R 1516+ CTL/95S,1755636518,1755636525,1216,0,0
1755616650_Q..S36R,091750_Q..S36R,Q,1,1755616650,1Q 1517+ 962/STL,1755635399,1755635407,1059,0,0
1755616830_N..S72R,092050_N..S72R,W,1,1755616830,1W 1520+ DIT/WHL,1755634161,1755634168,870,0,0
1755616860_Q..N36R,092100_Q..N36R,Q,0,1755616860,1Q 1521 STL/962,1755634942,1755634949,970,0,0
1755616920_N..N72R,092200_N..N72R,W,0,1755616920,1W 1522 WHL/DIT,1755633838,1755633846,815,0,0
1755616950_N..S34R,092250_N..S34R,N,1,1755616950,1N 1522+ DIT/STL,1755635940,1755635948,1091,0,0
1755616950_R..N93R,092250_R..N93R,R,0,1755616950,1R 1522+ 95S/CTL,1755636841,1755636849,1211,0,0
1755617130_N..N33R,092550_N..N33R,N,0,1755617130,1N 1525+ STL/DIT,1755635940,1755635948,1067,0,0
1755617130_Q..S36R,092550_Q..S36R,Q,1,1755617130,1Q 1525+ 962/STL,1755635783,1755635790,1046,0,0
1755617190_R..S71R,092650_R..S71R,R,1,1755617190,1R 1526+ CTL/95S,1755636924,1755636931,1190,0,0
1755617280_Q..N36R,092800_Q..N36R,Q,0,1755617280,1Q 1528 STL/962,1755635437,1755635444,980,0,0
1755617340_N..S34R,092900_N..S34R,N,1,1755617340,1N 1529 DIT/STL,1755636458,1755636466,1109,0,0
1755617370_N..N16R,092950_N..N16R,N,0,1755617370,1N 1529+ STL/962,1755635783,1755635790,1015,0,0
1755617460_N..N72R,093100_N..N72R,W,0,1755617460,1W 1531 WHL/DIT,1755634333,1755634341,810,0,0
1755617460_N..S72R,093100_N..S72R,W,1,1755617460,1W 1531 DIT/WHL,1755634558,1755634566,840,0,0
1755617460_R..N93R,093100_R..N93R,R,0,1755617460,1R 1531 95S/CTL,1755637126,1755637134,1181,0,0
1755617580_Q..S36R,093300_Q..S36R,Q,1,1755617580,1Q 1533 962/STL,1755635903,1755635910,1003,0,0
1755617670_R..S71R,093450_R..S71R,R,1,1755617670,1R 1534+ CTL/95S,1755637351,1755637359,1183,0,0
1755617850_N..S34R,093750_N..S34R,N,1,1755617850,1N 1537+ DIT/STL,1755636984,1755636991,1111,0,0
1755617850_Q..N36R,093750_Q..N36R,Q,0,1755617850,1Q 1537+ STL/962,1755636158,1755636165,1001,0,0
1755617940_N..N35R,093900_N..N35R,N,0,1755617940,1N 1539 86S/DIT,1755636585,1755636593,1046,0,0
1755617940_R..N93R,093900_R..N93R,R,0,1755617940,1R 1539 95S/CTL,1755638282,1755638290,1272,0,0
1755617940_R..S71R,093900_R..S71R,R,1,1755617940,1R 1539 CTL/95S,1755637990,1755637997,1233,0,0
1755618060_N..N72R,094100_N..N72R,W,0,1755618060,1W 1541 WHL/DIT,1755635017,1755635024,821,0,0
1755618060_Q..S36R,094100_Q..S36R,Q,1,1755618060,1Q 1541 962/STL,1755636585,1755636593,1030,0,0
1755618090_N..N33R,094150_N..N33R,N,0,1755618090,1N 1541+ STL/DIT,1755637471,1755637479,1144,0,0
1755618150_N..S72R,094250_N..S72R,W,1,1755618150,1W 1542+ DIT/WHL,1755635122,1755635129,823,0,0
1755618300_N..S34R,094500_N..S34R,N,1,1755618300,1N 1545 DIT/STL,1755637404,1755637412,1107,0,0
1755618360_N..N16R,094600_N..N16R,N,0,1755618360,1N 1546 STL/962,1755636623,1755636630,995,0,0
1755618420_Q..N36R,094700_Q..N36R,Q,0,1755618420,1Q 1547 STL/962,1755637712,1755637720,1132,0,0
1755618420_R..N93R,094700_R..N93R,R,0,1755618420,1R 1547 95S/CTL,1755638726,1755638733,1267,0,0
1755618510_R..N96R,094850_R..N96R,R,0,1755618510,1R 1548+ 364/CTL,1755637464,1755637471,1087,0,0
1755618540_N..S72R,094900_N..S72R,W,1,1755618540,1W 1549 DIT/WHL,1755636015,1755636023,890,0,0
1755618570_Q..S36R,094950_Q..S36R,Q,1,1755618570,1Q 1549+ 962/STL,1755637111,1755637119,1032,0,0
1755618570_R..S71R,094950_R..S71R,R,1,1755618570,1R 1549+ CTL/95S,1755638230,1755638237,1181,0,0
1755618660_N..N72R,095100_N..N72R,W,0,1755618660,1W 1551 WHL/DIT,1755635715,1755635722,834,0,0
1755618870_N..S34R,095450_N..S34R,N,1,1755618870,1N 1554+ DIT/STL,1755637712,1755637720,1072,0,0
1755618900_Q..N36R,095500_Q..N36R,Q,0,1755618900,1Q 1555 STL/962,1755638282,1755638290,1144,0,0
1755618900_R..N93R,095500_R..N93R,R,0,1755618900,1R 1555 95S/CTL,1755638748,1755638756,1206,0,0
1755618930_N..N33R,095550_N..N33R,N,0,1755618930,1N 1555+ STL/DIT,1755638102,1755638110,1116,0,0
1755619050_Q..S36R,095750_Q..S36R,Q,1,1755619050,1Q 1557+ 962/STL,1755637750,1755637757,1053,0,0
1755619050_R..S71R,095750_R..S71R,R,1,1755619050,1R 1557+ CTL/95S,1755638612,1755638620,1168,0,0
1755619200_N..N72R,096000_N..N72R,W,0,1755619200,1W 1600 WHL/DIT,1755636128,1755636135,817,0,0
1755619200_N..S72R,096000_N..S72R,W,1,1755619200,1W 1600 DIT/WHL,1755636323,1755636330,843,0,0
1755619320_Q..N36R,096200_Q..N36R,Q,0,1755619320,1Q 1602 STL/962,1755637847,1755637855,1030,0,0
1755619320_R..S71R,096200_R..S71R,R,1,1755619320,1R 1602 CTL/95S,1755639056,1755639063,1191,0,0
1755619380_N..N33R,096300_N..N33R,N,0,1755619380,1N 1603 STL/DIT,1755638372,1755638380,1092,0,0
1755619380_R..N93R,096300_R..N93R,R,0,1755619380,1R 1603 95S/CTL,1755639687,1755639694,1267,0,0
1755619410_Q..S36R,096350_Q..S36R,Q,1,1755619410,1Q 1603+ 962/STL,1755638012,1755638020,1040,0,0
1755619500_N..S34R,096500_N..S34R,N,1,1755619500,1N 1605 DIT/STL,1755638328,1755638335,1070,0,0
1755619800_Q..N36R,097000_Q..N36R,Q,0,1755619800,1Q 1610 STL/962,1755638493,1755638500,1052,1,0
1755619800_R..N93R,097000_R..N93R,R,0,1755619800,1R 1610 95S/CTL,1755639897,1755639904,1239,0,0
1755619815_R..S71R,097025_R..S71R,R,1,1755619815,1R 1610 CTL/95S,1755639311,1755639318,753,0,0
1755619860_N..N33R,097100_N..N33R,N,0,1755619860,1N 1611 STL/DIT,1755638951,1755638958,1105,0,0
1755619860_N..N72R,097100_N..N72R,W,0,1755619860,1W 1611 WHL/DIT,1755636961,1755636969,840,0,0
1755619860_N..S16R,097100_N..S16R,N,1,1755619860,1N 1611 962/STL,1755637952,1755637960,972,0,0
1755619890_N..S72R,097150_N..S72R,W,1,1755619890,1W 1611+ DIT/WHL,1755636759,1755636766,809,0,0
1755620010_Q..S36R,097350_Q..S36R,Q,1,1755620010,1Q 1613+ 962/STL,1755638590,1755638597,1037,0,0
1755620061_R..S71R,097436_R..S71R,R,1,1755620061,1R 1614 CTL/95S,1755639814,1755639822,820,0,0
1755620160_N..S34R,097600_N..S34R,N,1,1755620160,1N 1616 DIT/STL,1755638913,1755638921,1060,0,0
1755620190_R..N93R,097650_R..N93R,R,0,1755620190,1R 1616+ 95S/CTL,1755640640,1755640648,1286,0,0
1755620370_Q..N36R,097950_Q..N36R,Q,0,1755620370,1Q 1619+ STL/962,1755639386,1755639393,1095,1,0
1755620430_N..N72R,098050_N..N72R,W,0,1755620430,1W 1620+ WHL/DIT,1755637591,1755637599,848,0,0
1755620490_N..N33R,098150_N..N33R,N,0,1755620490,1N 1621+ STL/DIT,1755639446,1755639453,1087,0,0
1755620490_N..S72R,098150_N..S72R,W,1,1755620490,1W 1621+ DIT/WHL,1755637367,1755637374,810,0,0
1755620490_Q..S36R,098150_Q..S36R,Q,1,1755620490,1Q 1621+ 962/STL,1755638913,1755638921,1016,0,0
1755620520_R..S71R,098200_R..S71R,R,1,1755620520,1R 1622 CTL/95S,1755640189,1755640197,1182,0,0
1755620580_R..N93R,098300_R..N93R,R,0,1755620580,1R 1623 95S/CTL,1755640910,1755640918,1270,0,0
1755620760_N..S34R,098600_N..S34R,N,1,1755620760,1N 1626 DIT/STL,1755639657,1755639664,1079,0,0
1755620850_Q..N36R,098750_Q..N36R,Q,0,1755620850,1Q 1627+ STL/962,1755639408,1755639416,1034,0,0
1755620880_N..N33R,098800_N..N33R,N,0,1755620880,1N 1628 STL/DIT,1755640212,1755640219,1137,0,0
1755620940_R..S71R,098900_R..S71R,R,1,1755620940,1R 1629 CTL/95S,1755640655,1755640663,1188,0,0
1755620970_N..N72R,098950_N..N72R,W,0,1755620970,1W 1629+ WHL/DIT,1755637885,1755637892,815,0,0
1755620970_Q..S36R,098950_Q..S36R,Q,1,1755620970,1Q 1629+ 962/STL,1755639266,1755639273,999,0,0
1755621060_N..N70R,099100_N..N70R,W,0,1755621060,1W 1631 86S/DIT,1755640895,1755640903,1204,0,0
1755621060_N..S72R,099100_N..S72R,W,1,1755621060,1W 1631 DIT/WHL,1755638162,1755638170,840,0,0
1755621060_R..N93R,099100_R..N93R,R,0,1755621060,1R 1631 95S/CTL,1755642156,1755642164,1372,0,0
1755621150_R..S71R,099250_R..S71R,R,1,1755621150,1R 1632+ CTL/95S,1755641098,1755641105,1219,0,0
1755621180_N..N33R,099300_N..N33R,N,0,1755621180,1N 1633 STL/DIT,1755640610,1755640618,1150,1,0
1755621270_Q..S36R,099450_Q..S36R,Q,1,1755621270,1Q 1634+ 962/STL,1755639408,1755639416,978,0,0
1755621300_Q..N36R,099500_Q..N36R,Q,0,1755621300,1Q 1635 STL/962,1755639874,1755639882,1036,0,0
1755621390_N..S34R,099650_N..S34R,N,1,1755621390,1N 1636+ DIT/STL,1755640227,1755640234,1071,0,0
1755621420_R..N93R,099700_R..N93R,R,0,1755621420,1R 1637 95S/CTL,1755642502,1755642509,1370,0,0
1755621450_N..N72R,099750_N..N72R,W,0,1755621450,1W 1637+ WHL/DIT,1755638545,1755638553,839,0,0
1755621540_Q..N36R,099900_Q..N36R,Q,0,1755621540,1Q 1639 STL/962,1755640257,1755640264,1055,0,0
1755621630_N..S72R,100050_N..S72R,W,1,1755621630,1W 1640+ DIT/WHL,1755638470,1755638478,805,0,0
1755621660_N..S16R,100100_N..S16R,N,1,1755621660,1N 1641 962/STL,1755639972,1755639979,1001,0,0
1755621720_N..N16R,100200_N..N16R,N,0,1755621720,1N 1642 STL/962,1755640370,1755640377,1046,0,0
1755621840_Q..S36R,100400_Q..S36R,Q,1,1755621840,1Q 1644 962/STL,1755640414,1755640422,1036,0,0
1755621930_R..S71R,100550_R..S71R,R,1,1755621930,1R 1645+ CTL/95S,1755641661,1755641669,1190,0,0
1755622050_R..N93R,100750_R..N93R,R,0,1755622050,1R 1647+ 95S/CTL,1755643125,1755643132,1369,0,0
1755622080_N..S72R,100800_N..S72R,W,1,1755622080,1W 1648 DIT/WHL,1755639108,1755639116,830,0,0
1755622080_Q..N36R,100800_Q..N36R,Q,0,1755622080,1Q 1648 STL/962,1755640730,1755640738,1046,0,0
1755622080_Q..S36R,100800_Q..S36R,Q,1,1755622080,1Q 1648 962/STL,1755640618,1755640625,1031,0,0
1755622110_N..N72R,100850_N..N72R,W,0,1755622110,1W 1648+ WHL/DIT,1755639228,1755639236,842,0,0
1755622170_R..S71R,100950_R..S71R,R,1,1755622170,1R 1649+ CTL/95S,1755641834,1755641841,1181,0,0
1755622260_N..S34R,101100_N..S34R,N,1,1755622260,1N 1651 DIT/STL,1755641270,1755641278,1094,0,0
1755622320_N..N33R,101200_N..N33R,N,0,1755622320,1N 1652 STL/DIT,1755641270,1755641278,1086,0,0
1755622380_R..N93R,101300_R..N93R,R,0,1755622380,1R 1653 95S/CTL,1755643260,1755643267,1343,0,0
1755622410_Q..N36R,101350_Q..N36R,Q,0,1755622410,1Q 1653+ STL/962,1755640715,1755640723,1000,0,0
1755622440_N..S16R,101400_N..S16R,N,1,1755622440,1N 1654 962/STL,1755640910,1755640918,1022,0,0
1755622680_Q..S36R,101800_Q..S36R,Q,1,1755622680,1Q 1658 962/STL,1755641120,1755641128,1018,0,0
1755622740_N..N33R,101900_N..N33R,N,0,1755622740,1N 1659 STL/DIT,1755641841,1755641849,1106,0,0
1755622740_N..N72R,101900_N..N72R,W,0,1755622740,1W 1659 WHL/DIT,1755639694,1755639702,820,0,0
1755622740_N..S34R,101900_N..S34R,N,1,1755622740,1N 1659 DIT/STL,1755641774,1755641781,1097,0,0
1755622740_R..S71R,101900_R..S71R,R,1,1755622740,1R 1659 CTL/95S,1755642337,1755642344,1172,0,0
1755622800_Q..N36R,102000_Q..N36R,Q,0,1755622800,1Q 1700 STL/962,1755641300,1755641308,1026,0,0
1755622800_R..N93R,102000_R..N93R,R,0,1755622800,1R 1700 95S/CTL,1755643425,1755643432,1309,0,0
1755622830_N..S72R,102050_N..S72R,W,1,1755622830,1W 1700+ DIT/WHL,1755639912,1755639919,837,0,0
1755623070_Q..N36R,102450_Q..N36R,Q,0,1755623070,1Q 1704+ STL/962,1755641383,1755641390,1001,0,0
1755623100_R..S71R,102500_R..S71R,R,1,1755623100,1R 1705 CTL/95S,1755642862,1755642870,1194,0,0
1755623220_N..N33R,102700_N..N33R,N,0,1755623220,1N 1707 STL/DIT,1755642156,1755642164,1084,0,0
1755623220_Q..S36R,102700_Q..S36R,Q,1,1755623220,1Q 1707 962/STL,1755642396,1755642404,723,0,0
1755623280_R..N93R,102800_R..N93R,R,0,1755623280,1R 1708 95S/CTL,1755643763,1755643771,1290,0,0
1755623340_N..S34R,102900_N..S34R,N,1,1755623340,1N 1709 DIT/STL,1755642442,1755642449,1106,0,0
1755623400_N..N72R,103000_N..N72R,W,0,1755623400,1W 1710 WHL/DIT,1755640610,1755640618,854,0,0
1755623490_Q..N36R,103150_Q..N36R,Q,0,1755623490,1Q 1711+ STL/962,1755641579,1755641586,971,0,0
1755623520_N..S72R,103200_N..S72R,W,1,1755623520,1W 1712 DIT/WHL,1755640399,1755640407,810,0,0
1755623520_R..S71R,103200_R..S71R,R,1,1755623520,1R 1712 CTL/95S,1755643222,1755643230,1186,0,0
1755623580_N..N33R,103300_N..N33R,N,0,1755623580,1N 1713 STL/DIT,1755642682,1755642690,1106,0,0
1755623640_R..N93R,103400_R..N93R,R,0,1755623640,1R 1714 95S/CTL,1755644483,1755644491,1338,0,0
1755623790_Q..S36R,103650_Q..S36R,Q,1,1755623790,1Q 1716+ 962/STL,1755642486,1755642495,1052,0,0
1755623850_N..S34R,103750_N..S34R,N,1,1755623850,1N 1717+ DIT/STL,1755642862,1755642870,1094,0,0
1755623880_Q..N36R,103800_Q..N36R,Q,0,1755623880,1Q 1718 STL/962,1755642434,1755642442,1033,0,0
1755623880_R..S71R,103800_R..S71R,R,1,1755623880,1R 1718 CTL/95S,1755643522,1755643531,1178,0,0
1755623940_N..N72R,103900_N..N72R,W,0,1755623940,1W 1719 WHL/DIT,1755641113,1755641120,849,0,0
1755623970_N..N33R,103950_N..N33R,N,0,1755623970,1N 1719+ STL/DIT,1755643245,1755643252,1129,0,0
1755624030_N..S72R,104050_N..S72R,W,1,1755624030,1W 1720+ DIT/WHL,1755640850,1755640858,802,0,0
1755624060_R..N93R,104100_R..N93R,R,0,1755624060,1R 1721 95S/CTL,1755644642,1755644649,1303,0,0
1755624150_Q..S36R,104250_Q..S36R,Q,1,1755624150,1Q 1722+ 962/STL,1755642885,1755642892,1057,0,0
1755624210_R..S71R,104350_R..S71R,R,1,1755624210,1R 1723+ CTL/95S,1755644183,1755644191,1222,0,0
1755624240_Q..N36R,104400_Q..N36R,Q,0,1755624240,1Q 1724 STL/962,1755642442,1755642449,986,0,0
1755624330_N..S34R,104550_N..S34R,N,1,1755624330,1N 1725+ DIT/STL,1755638831,1755638838,493,0,0
1755624420_N..N72R,104700_N..N72R,W,0,1755624420,1W 1727 WHL/DIT,1755641481,1755641488,834,0,0
1755624420_N..S34R,104700_N..S34R,N,1,1755624420,1N 1727 DIT/STL,1755643222,1755643230,585,0,0
1755624480_R..N93R,104800_R..N93R,R,0,1755624480,1R 1728 95S/CTL,1755644867,1755644874,1277,0,0
1755624510_Q..S36R,104850_Q..S36R,Q,1,1755624510,1Q 1728+ 962/STL,1755643042,1755643050,1030,0,0
1755624540_N..S72R,104900_N..S72R,W,1,1755624540,1W 1729 DIT/WHL,1755641579,1755641586,831,0,0
1755624630_N..N33R,105050_N..N33R,N,0,1755624630,1N 1730+ STL/DIT,1755643643,1755643651,1094,0,0
1755624660_R..S71R,105100_R..S71R,R,1,1755624660,1R 1731 CTL/95S,1755644649,1755644657,1224,0,0
1755624750_Q..N36R,105250_Q..N36R,Q,0,1755624750,1Q 1732+ STL/962,1755642787,1755642795,964,0,0
1755624900_R..N93R,105500_R..N93R,R,0,1755624900,1R 1735 95S/CTL,1755645122,1755645129,1256,0,0
1755624990_N..N72R,105650_N..N72R,W,0,1755624990,1W 1736+ WHL/DIT,1755642314,1755642321,870,0,0
1755624990_Q..S36R,105650_Q..S36R,Q,1,1755624990,1Q 1736+ 962/STL,1755643763,1755643771,1062,0,0
1755625140_R..S71R,105900_R..S71R,R,1,1755625140,1R 1739 CTL/95S,1755644792,1755644799,1179,0,0
1755625200_N..S72R,106000_N..S72R,W,1,1755625200,1W 1740 DIT/WHL,1755642119,1755642126,816,0,0
1755625200_Q..N36R,106000_Q..N36R,Q,0,1755625200,1Q 1740 STL/962,1755643522,1755643531,1003,0,0
1755625230_N..N33R,106050_N..N33R,N,0,1755625230,1N 1740+ STL/DIT,1755644138,1755644146,1081,0,0
1755625320_R..N93R,106200_R..N93R,R,0,1755625320,1R 1742 95S/CTL,1755645588,1755645595,1262,0,0
1755625380_Q..S36R,106300_Q..S36R,Q,1,1755625380,1Q 1743 962/STL,1755643921,1755643928,1032,0,0
1755625470_N..S34R,106450_N..S34R,N,1,1755625470,1N 1744+ DIT/STL,1755644348,1755644356,1077,0,0
1755625590_N..N33R,106650_N..N33R,N,0,1755625590,1N 1746+ STL/DIT,1755644348,1755644356,1061,0,0
1755625620_Q..S,106700_Q..S,Q,1,1755625620,EQ 1747 962/STL,1755644468,1755644476,660,0,0
1755625650_Q..N36R,106750_Q..N36R,Q,0,1755625650,1Q 1747+ STL/962,1755643966,1755643973,1002,0,0
1755625680_R..N93R,106800_R..N93R,R,0,1755625680,1R 1748 95S/CTL,1755646105,1755646113,1283,0,0
1755625710_N..N72R,106850_N..N72R,W,0,1755625710,1W 1748+ WHL/DIT,1755643245,1755643252,898,0,0
1755625740_N..S72R,106900_N..S72R,W,1,1755625740,1W 1749 DIT/WHL,1755642765,1755642772,830,0,0
1755625740_R..S71R,106900_R..S71R,R,1,1755625740,1R 1749 CTL/95S,1755645264,1755645272,1163,0,0
1755625830_N..S16R,107050_N..S16R,N,1,1755625830,1N 1750+ 962/STL,1755644559,1755644567,1057,0,0
1755625830_N..S34R,107050_N..S34R,N,1,1755625830,1N 1750+ DIT/STL,1755645182,1755645189,1140,0,0
1755625890_Q..S36R,107150_Q..S36R,Q,1,1755625890,1Q 1751+ 962/STL,1755644687,1755644694,1066,0,0
1755626010_Q..N36R,107350_Q..N36R,Q,0,1755626010,1Q 1753+ STL/962,1755644341,1755644348,1004,0,0
1755626070_N..N33R,107450_N..N33R,N,0,1755626070,1N 1754+ STL/DIT,1755645062,1755645069,1092,0,0
1755626130_R..S71R,107550_R..S71R,R,1,1755626130,1R 1755+ CTL/95S,1755645730,1755645738,1173,0,0
1755626160_R..N93R,107600_R..N93R,R,0,1755626160,1R 1756 95S/CTL,1755646811,1755646819,1313,0,0
1755626250_N..S34R,107750_N..S34R,N,1,1755626250,1N 1757+ DIT/STL,1755645309,1755645317,1101,0,0
1755626250_Q..S36R,107750_Q..S36R,Q,1,1755626250,1Q 1757+ 962/STL,1755644829,1755644837,1037,0,0
1755626280_N..N72R,107800_N..N72R,W,0,1755626280,1W 1758 WHL/DIT,1755643402,1755643410,843,0,0
1755626400_Q..N36R,108000_Q..N36R,Q,0,1755626400,1Q 1800 STL/962,1755644431,1755644438,964,0,0
1755626430_R..S71R,108050_R..S71R,R,1,1755626430,1R 1800+ CTL/95S,1755646128,1755646135,1186,0,0
1755626520_N..S72R,108200_N..S72R,W,1,1755626520,1W 1802 DIT/WHL,1755643447,1755643456,817,0,0
1755626550_Q..S36R,108250_Q..S36R,Q,1,1755626550,1Q 1802+ 962/STL,1755645144,1755645152,1039,0,0
1755626610_N..N33R,108350_N..N33R,N,0,1755626610,1N 1803+ STL/DIT,1755645528,1755645535,1082,0,0
1755626610_R..N93R,108350_R..N93R,R,0,1755626610,1R 1803+ 95S/CTL,1755647750,1755647757,1378,0,0
1755626760_N..S34R,108600_N..S34R,N,1,1755626760,1N 1806 DIT/STL,1755645993,1755646000,1124,0,0
1755626940_Q..N36R,108900_Q..N36R,Q,0,1755626940,1Q 1809 STL/962,1755645490,1755645498,636,0,0
1755626970_N..N72R,108950_N..N72R,W,0,1755626970,1W 1809+ WHL/DIT,1755643846,1755643853,810,0,0
1755626970_Q..S36R,108950_Q..S36R,Q,1,1755626970,1Q 1809+ 962/STL,1755645873,1755645880,1080,0,0
1755627030_N..S72R,109050_N..S72R,W,1,1755627030,1W 1810+ DIT/WHL,1755644161,1755644168,844,0,0
1755627120_R..S71R,109200_R..S71R,R,1,1755627120,1R 1812 CTL/95S,1755646751,1755646759,1177,0,0
1755627150_R..N93R,109250_R..N93R,R,0,1755627150,1R 1812+ 95S/CTL,1755647937,1755647945,1331,0,0
1755627210_N..N33R,109350_N..N33R,N,0,1755627210,1N 1813+ STL/DIT,1755646008,1755646015,1066,0,0
1755627240_Q..S36R,109400_Q..S36R,Q,1,1755627240,1Q 1814 962/STL,1755646068,1755646075,1070,0,0
1755627300_N..S34R,109500_N..S34R,N,1,1755627300,1N 1815 DIT/STL,1755646474,1755646480,1116,0,0
1755627480_Q..N36R,109800_Q..N36R,Q,0,1755627480,1Q 1818 STL/962,1755648012,1755648020,1297,0,0
1755627540_N..N72R,109900_N..N72R,W,0,1755627540,1W 1819 WHL/DIT,1755644582,1755644589,832,0,0
1755627540_R..S71R,109900_R..S71R,R,1,1755627540,1R 1819 CTL/95S,1755647269,1755647276,1190,0,0
1755627600_N..S72R,110000_N..S72R,W,1,1755627600,1W 1820 DIT/WHL,1755644679,1755644687,837,0,0
1755627660_Q..S36R,110100_Q..S36R,Q,1,1755627660,1Q 1821 962/STL,1755646308,1755646315,1046,0,0
1755627720_N..N33R,110200_N..N33R,N,0,1755627720,1N 1822 STL/DIT,1755646630,1755646639,1081,0,0
1755627750_R..N93R,110250_R..N93R,R,0,1755627750,1R 1822+ 95S/CTL,1755648576,1755648583,1300,0,0
1755627780_N..S34R,110300_N..S34R,N,1,1755627780,1N 1823 DIT/STL,1755646570,1755646579,1065,0,0
1755627870_Q..N36R,110450_Q..N36R,Q,0,1755627870,1Q 1824+ STL/962,1755648020,1755648027,1246,1,0
1755627960_N..N31R,110600_N..N31R,N,0,1755627960,1N 1826 STL/DIT,1755647389,1755647396,1150,0,0
1755628050_Q..S36R,110750_Q..S36R,Q,1,1755628050,1Q 1827+ 962/STL,1755646969,1755646976,1082,0,0
1755628140_N..S34R,110900_N..S34R,N,1,1755628140,1N 1829 DIT/STL,1755647074,1755647081,1084,0,0
1755628140_Q..N36R,110900_Q..N36R,Q,0,1755628140,1Q 1829 STL/962,1755647990,1755647997,1206,0,0
1755628260_N..N72R,111100_N..N72R,W,0,1755628260,1W 1831 WHL/DIT,1755645272,1755645279,828,0,0
1755628350_N..S72R,111250_N..S72R,W,1,1755628350,1W 1832+ DIT/WHL,1755645309,1755645317,821,0,0
1755628350_R..N93R,111250_R..N93R,R,0,1755628350,1R 1832+ 95S/CTL,1755649341,1755649348,1358,0,0
1755628470_Q..S36R,111450_Q..S36R,Q,1,1755628470,1Q 1834+ 962/STL,1755647156,1755647164,1051,0,0
1755628560_N..S34R,111600_N..S34R,N,1,1755628560,1N 1836 DIT/STL,1755647795,1755647802,1124,0,0
1755628620_Q..N36R,111700_Q..N36R,Q,0,1755628620,1Q 1837 STL/962,1755648035,1755648042,1143,1,0
1755628680_R..S71R,111800_R..S71R,R,1,1755628680,1R 1838 CTL/95S,1755648117,1755648125,802,0,0
1755628770_N..N31R,111950_N..N31R,N,0,1755628770,1N 1839+ STL/DIT,1755648432,1755648441,1181,0,0
1755628770_N..S72R,111950_N..S72R,W,1,1755628770,1W 1839+ DIT/WHL,1755645903,1755645910,844,0,0
1755628800_N..N72R,112000_N..N72R,W,0,1755628800,1W 1840 WHL/DIT,1755645730,1755645738,817,0,0
1755628890_Q..S36R,112150_Q..S36R,Q,1,1755628890,1Q 1841+ 962/STL,1755647396,1755647405,1027,0,0
1755628950_Q..N36R,112250_Q..N36R,Q,0,1755628950,1Q 1842+ STL/962,1755647960,1755647967,1094,0,0
1755628950_R..N93R,112250_R..N93R,R,0,1755628950,1R 1842+ 95S/CTL,1755650805,1755650813,1473,0,0
1755629010_N..S34R,112350_N..S34R,N,1,1755629010,1N 1843+ DIT/STL,1755648095,1755648102,1104,0,0
1755629220_R..N93R,112700_R..N93R,R,0,1755629220,1R 1847 95S/CTL,1755651060,1755651068,1471,0,0
1755629310_N..S72R,112850_N..S72R,W,1,1755629310,1W 1848+ DIT/WHL,1755646368,1755646375,834,0,0
1755629310_Q..S36R,112850_Q..S36R,Q,1,1755629310,1Q 1848+ 962/STL,1755647795,1755647802,1024,0,0
1755629340_R..S71R,112900_R..S71R,R,1,1755629340,1R 1849 CTL/95S,1755648921,1755648928,1170,0,0
1755629370_Q..N36R,112950_Q..N36R,Q,0,1755629370,1Q 1849+ STL/962,1755647952,1755647960,1037,0,0
1755629460_N..N72R,113100_N..N72R,W,0,1755629460,1W 1851 WHL/DIT,1755646195,1755646204,791,0,0
1755629610_N..N31R,113350_N..N31R,N,0,1755629610,1N 1853+ STL/DIT,1755649303,1755649311,1185,0,0
1755629610_N..S34R,113350_N..S34R,N,1,1755629610,1N 1853+ DIT/STL,1755648478,1755648486,1075,0,0
1755629610_Q..N,113350_Q..N,Q,0,1755629610,EQ 1853+ STL/962,1755647960,1755647967,677,0,0
1755629670_R..S71R,113450_R..S71R,R,1,1755629670,1R 1854+ CTL/95S,1755649341,1755649348,986,0,0
1755629790_Q..S36R,113650_Q..S36R,Q,1,1755629790,1Q 1856+ 962/STL,1755648020,1755648027,990,0,0
1755629820_R..N93R,113700_R..N93R,R,0,1755629820,1R 1857 95S/CTL,1755651624,1755651631,1466,0,0
1755629880_Q..N36R,113800_Q..N36R,Q,0,1755629880,1Q 1858 STL/962,1755648463,1755648470,1037,0,0
1755629910_N..S72R,113850_N..S72R,W,1,1755629910,1W 1858+ DIT/WHL,1755646969,1755646976,834,0,0
1755630000_N..N72R,114000_N..N72R,W,0,1755630000,1W 1900 WHL/DIT,1755646886,1755646894,811,0,0
1755630090_Q..S36R,114150_Q..S36R,Q,1,1755630090,1Q 1901+ 962/STL,1755648478,1755648486,1011,0,0
1755630150_N..S34R,114250_N..S34R,N,1,1755630150,1N 1902+ DIT/STL,1755648756,1755648763,1040,0,0
1755630240_R..N93R,114400_R..N93R,R,0,1755630240,1R 1904 95S/CTL,1755651946,1755651954,1453,0,0
1755630300_Q..N36R,114500_Q..N36R,Q,0,1755630300,1Q 1905 STL/962,1755648913,1755648921,1041,0,0
1755630330_N..N31R,114550_N..N31R,N,0,1755630330,1N 1905+ STL/DIT,1755649597,1755649604,1128,0,0
1755630540_N..S34R,114900_N..S34R,N,1,1755630540,1N 1909 DIT/STL,1755649461,1755649469,1082,0,0
1755630570_Q..N36R,114950_Q..N36R,Q,0,1755630570,1Q 1909+ STL/962,1755649221,1755649228,1046,0,0
1755630570_Q..S36R,114950_Q..S36R,Q,1,1755630570,1Q 1909+ 962/STL,1755649183,1755649191,1041,0,0
1755630600_N..N72R,115000_N..N72R,W,0,1755630600,1W 1910 WHL/DIT,1755647606,1755647615,827,0,0
1755630660_R..S71R,115100_R..S71R,R,1,1755630660,1R 1911 CTL/95S,1755650182,1755650189,1162,0,0
1755630690_N..S72R,115150_N..S72R,W,1,1755630690,1W 1911+ DIT/WHL,1755649341,1755649348,1046,0,0
1755630720_R..N93R,115200_R..N93R,R,0,1755630720,1R 1912 95S/CTL,1755652892,1755652900,1515,0,0
1755630960_N..N31R,115600_N..N31R,N,0,1755630960,1N 1916 STL/DIT,1755650144,1755650152,1117,0,0
1755631020_Q..N36R,115700_Q..N36R,Q,0,1755631020,1Q 1917 STL/962,1755649221,1755649228,986,0,0
1755631050_N..S34R,115750_N..S34R,N,1,1755631050,1N 1917+ DIT/STL,1755650280,1755650287,1123,0,0
1755631080_N..N72R,115800_N..N72R,W,0,1755631080,1W 1918 WHL/DIT,1755648012,1755648020,817,0,0
1755631129_Q..S36R,115883_Q..S36R,Q,1,1755631129,1Q 1918+ 962/STL,1755649844,1755649852,693,0,0
1755631170_N..S72R,115950_N..S72R,W,1,1755631170,1W 1919+ DIT/WHL,1755649356,1755649363,984,0,0
1755631170_R..S71R,115950_R..S71R,R,1,1755631170,1R 1919+ CTL/95S,1755650663,1755650670,1158,0,0
1755631350_R..N93R,116250_R..N93R,R,0,1755631350,1R 1922+ 95S/CTL,1755653147,1755653156,1465,0,0
1755631470_Q..N36R,116450_Q..N36R,Q,0,1755631470,1Q 1924+ STL/962,1755649844,1755649852,1009,0,0
1755631530_N..S34R,116550_N..S34R,N,1,1755631530,1N 1925+ DIT/STL,1755650820,1755650828,1131,0,0
1755631680_N..N72R,116800_N..N72R,W,0,1755631680,1W 1928 WHL/DIT,1755648576,1755648583,812,0,0
1755631689_Q..S36R,116816_Q..S36R,Q,1,1755631689,1Q 1928 962/STL,1755650377,1755650384,764,0,0
1755631740_R..S71R,116900_R..S71R,R,1,1755631740,1R 1929 CTL/95S,1755651511,1755651519,1195,0,0
1755631770_N..S72R,116950_N..S72R,W,1,1755631770,1W 1929+ DIT/WHL,1755648613,1755648621,806,0,0
1755631830_N..N31R,117050_N..N31R,N,0,1755631830,1N 1930+ STL/DIT,1755651045,1755651053,1122,0,0
1755631920_Q..N36R,117200_Q..N36R,Q,0,1755631920,1Q 1932 STL/962,1755650468,1755650475,1032,0,0
1755632100_R..N93R,117500_R..N93R,R,0,1755632100,1R 1935 95S/CTL,1755654537,1755654544,1550,0,0
1755632130_N..S34R,117550_N..S34R,N,1,1755632130,1N 1935+ DIT/STL,1755650798,1755650805,966,0,0
1755632250_Q..S36R,117750_Q..S36R,Q,1,1755632250,1Q 1937+ 962/STL,1755650663,1755650670,1015,0,0
1755632280_Q..N36R,117800_Q..N36R,Q,0,1755632280,1Q 1938 STL/962,1755650648,1755650655,1009,0,0
1755632310_N..N72R,117850_N..N72R,W,0,1755632310,1W 1938+ WHL/DIT,1755649153,1755649161,806,0,0
1755632340_N..S72R,117900_N..S72R,W,1,1755632340,1W 1939 DIT/WHL,1755649281,1755649289,819,0,0
1755632340_R..S71R,117900_R..S71R,R,1,1755632340,1R 1939 CTL/95S,1755651864,1755651871,1163,0,0
1755632490_N..N31R,118150_N..N31R,N,0,1755632490,1N 1941+ STL/DIT,1755652066,1755652075,1170,0,0
1755632520_R..N93R,118200_R..N93R,R,0,1755632520,1R 1942 95S/CTL,1755654792,1755654799,1529,0,0
1755632610_N..S34R,118350_N..S34R,N,1,1755632610,1N 1943+ DIT/STL,1755651481,1755651489,1076,0,0
1755632640_Q..S36R,118400_Q..S36R,Q,1,1755632640,1Q 1944 962/STL,1755651564,1755651571,1083,0,0
1755632760_Q..N36R,118600_Q..N36R,Q,0,1755632760,1Q 1946 STL/962,1755651023,1755651030,995,0,0
1755632910_N..S72R,118850_N..S72R,W,1,1755632910,1W 1948+ DIT/WHL,1755650339,1755650347,884,0,0
1755632940_R..S71R,118900_R..S71R,R,1,1755632940,1R 1949 CTL/95S,1755652525,1755652532,1171,0,0
1755632970_N..N72R,118950_N..N72R,W,0,1755632970,1W 1949+ WHL/DIT,1755649882,1755649889,815,0,0
1755633030_Q..S36R,119050_Q..S36R,Q,1,1755633030,1Q 1950+ 962/STL,1755651706,1755651714,1050,0,0
1755633030_R..N93R,119050_R..N93R,R,0,1755633030,1R 1950+ 95S/CTL,1755655369,1755655377,1538,0,0
1755633090_N..N31R,119150_N..N31R,N,0,1755633090,1N 1951+ STL/DIT,1755652712,1755652721,1176,0,0
1755633180_Q..N36R,119300_Q..N36R,Q,0,1755633180,1Q 1953 STL/962,1755652202,1755652210,1096,0,0
1755633210_N..S34R,119350_N..S34R,N,1,1755633210,1N 1953+ DIT/STL,1755652366,1755652375,1114,0,0
1755633450_N..S72R,119750_N..S72R,W,1,1755633450,1W 1957+ DIT/WHL,1755651970,1755651976,1029,0,0
1755633510_Q..S36R,119850_Q..S36R,Q,1,1755633510,1Q 1958+ 962/STL,1755652351,1755652360,1072,0,0
1755633540_N..N72R,119900_N..N72R,W,0,1755633540,1W 1959 WHL/DIT,1755650520,1755650527,824,0,0
1755633540_R..S71R,119900_R..S71R,R,1,1755633540,1R 1959 CTL/95S,1755653231,1755653237,1185,0,0
1755633729_R..N93R,120216_R..N93R,R,0,1755633729,1R 2002 95S/CTL,1755655813,1755655820,1503,0,0
1755633870_Q..N36R,120450_Q..N36R,Q,0,1755633870,1Q 2004+ STL/962,1755652202,1755652210,566,0,0
1755633930_N..N31R,120550_N..N31R,N,0,1755633930,1N 2005+ STL/DIT,1755653312,1755653321,1144,0,0
1755633930_Q..S36R,120550_Q..S36R,Q,1,1755633930,1Q 2005+ 962/STL,1755652472,1755652480,1032,0,0
1755634050_N..S72R,120750_N..S72R,W,1,1755634050,1W 2007+ DIT/WHL,1755651970,1755651976,949,0,0
1755634140_N..N72R,120900_N..N72R,W,0,1755634140,1W 2009 WHL/DIT,1755650940,1755650948,800,0,0
1755634140_R..S71R,120900_R..S71R,R,1,1755634140,1R 2009 CTL/95S,1755653711,1755653718,1169,0,0
1755634230_N..S34R,121050_N..S34R,N,1,1755634230,1N 2010+ DIT/STL,1755653132,1755653140,1080,0,0
1755634320_Q..S36R,121200_Q..S36R,Q,1,1755634320,1Q 2012 962/STL,1755653553,1755653561,1124,0,0
1755634429_R..N93R,121383_R..N93R,R,0,1755634429,1R 2013+ 95S/CTL,1755656098,1755656105,1448,0,0
1755634590_Q..N36R,121650_Q..N36R,Q,0,1755634590,1Q 2016+ STL/962,1755659792,1755659799,1919,0,0
1755634740_N..N72R,121900_N..N72R,W,0,1755634740,1W 2019 WHL/DIT,1755651684,1755651691,819,0,0
1755634740_N..S72R,121900_N..S72R,W,1,1755634740,1W 2019 DIT/WHL,1755651985,1755651991,859,0,0
1755634740_R..S71R,121900_R..S71R,R,1,1755634740,1R 2019 CTL/95S,1755654537,1755654544,1199,0,0
1755634770_Q..S36R,121950_Q..S36R,Q,1,1755634770,1Q 2019+ 962/STL,1755653808,1755653816,1098,0,0
1755634830_N..N31R,122050_N..N31R,N,0,1755634830,1N 2020+ STL/DIT,1755655610,1755655618,1330,0,0
1755635040_N..S34R,122400_N..S34R,N,1,1755635040,1N 2024 DIT/STL,1755653891,1755653898,1073,0,0
1755635100_Q..N36R,122500_Q..N36R,Q,0,1755635100,1Q 2025 STL/962,1755655955,1755655963,1191,0,0
1755635130_R..N93R,122550_R..N93R,R,0,1755635130,1R 2025+ 95S/CTL,1755656684,1755656691,1433,0,0
1755635190_Q..S36R,122650_Q..S36R,Q,1,1755635190,1Q 2026+ 962/STL,1755654356,1755654363,1115,0,0
1755635280_N..S72R,122800_N..S72R,W,1,1755635280,1W 2028 DIT/WHL,1755652772,1755652781,892,0,0
1755635310_N..N72R,122850_N..N72R,W,0,1755635310,1W 2028+ WHL/DIT,1755652390,1755652396,837,0,0
1755635340_R..S71R,122900_R..S71R,R,1,1755635340,1R 2029 CTL/95S,1755655790,1755655798,1286,0,0
1755635430_N..N31R,123050_N..N31R,N,0,1755635430,1N 2030+ STL/DIT,1755655798,1755655805,1275,1,0
1755635610_N..S34R,123350_N..S34R,N,1,1755635610,1N 2033+ DIT/STL,1755654732,1755654739,1109,0,0
1755635610_Q..S36R,123350_Q..S36R,Q,1,1755635610,1Q 2033+ 962/STL,1755655069,1755655077,1154,0,0
1755635670_Q..N36R,123450_Q..N36R,Q,0,1755635670,1Q 2034+ STL/962,1755654176,1755654184,1027,1,1
1755635779_R..N93R,123633_R..N93R,R,0,1755635779,1R 2036 95S/CTL,1755659018,1755659026,1657,0,0
1755635790_N..N72R,123650_N..N72R,W,0,1755635790,1W 2036+ WHL/DIT,1755653006,1755653012,855,0,0
1755635790_N..S70R,123650_N..S70R,W,1,1755635790,1W 2036+ DIT/86S,1755655280,1755655287,1158,0,0
1755635940_R..S71R,123900_R..S71R,R,1,1755635940,1R 2039 CTL/95S,1755655798,1755655805,1207,0,0
1755636030_N..N31R,124050_N..N31R,N,0,1755636030,1N 2040+ STL/DIT,1755656819,1755656826,1331,1,0
1755636030_Q..N36R,124050_Q..N36R,Q,0,1755636030,1Q 2040+ STL/962,1755656015,1755656023,1224,1,0
1755636030_Q..S36R,124050_Q..S36R,Q,1,1755636030,1Q 2040+ 962/STL,1755655272,1755655280,1125,0,0
1755636210_N..S34R,124350_N..S34R,N,1,1755636210,1N 2043+ DIT/STL,1755655280,1755655287,1102,0,0
1755636390_N..S72R,124650_N..S72R,W,1,1755636390,1W 2046+ DIT/WHL,1755656541,1755656549,1246,0,0
1755636429_R..N78R,124716_R..N78R,R,0,1755636429,1R 2047 95S/QPL,1755655670,1755655678,1125,0,0
1755636480_Q..S37R,124800_Q..S37R,Q,1,1755636480,1Q 2048 962/STL,1755656158,1755656165,1183,0,0
1755636540_N..N72R,124900_N..N72R,W,0,1755636540,1W 2049 WHL/DIT,1755653433,1755653440,812,0,0
1755636630_Q..N36R,125050_Q..N36R,Q,0,1755636630,1Q 2050+ STL/962,1755655580,1755655588,1086,1,0
1755636870_N..N31R,125450_N..N31R,N,0,1755636870,1N 2054+ STL/DIT,1755656075,1755656083,1120,0,0
1755636930_Q..S36R,125550_Q..S36R,Q,1,1755636930,1Q 2055+ 962/STL,1755656173,1755656180,1125,0,0
1755636960_N..S72R,125600_N..S72R,W,1,1755636960,1W 2056 DIT/WHL,1755656541,1755656549,1170,0,0
1755637080_R..N78R,125800_R..N78R,R,0,1755637080,1R 2058 95S/QPL,1755655940,1755655948,1074,0,0
1755637110_Q..N36R,125850_Q..N36R,Q,0,1755637110,1Q 2058+ STL/962,1755655415,1755655423,1000,0,0
1755637140_N..N72R,125900_N..N72R,W,0,1755637140,1W 2059 WHL/DIT,1755654153,1755654161,827,0,0
1755637140_N..S34R,125900_N..S34R,N,1,1755637140,1N 2059 DIT/STL,1755656240,1755656248,1106,0,0
1755637140_R..S71R,125900_R..S71R,R,1,1755637140,1R 2059 CTL/95S,1755657021,1755657029,1210,0,0
1755637320_Q..S36R,126200_Q..S36R,Q,1,1755637320,1Q 2102 962/STL,1755656676,1755656684,1140,0,0
1755637500_N..N31R,126500_N..N31R,N,0,1755637500,1N 2105 STL/DIT,1755658140,1755658147,1311,0,0
1755637500_R..S,126500_R..S,R,1,1755637500,ER 2105 CTL/95S,1755657239,1755657246,783,0,0
1755637590_N..S72R,126650_N..S72R,W,1,1755637590,1W 2106+ DIT/WHL,1755656541,1755656549,1086,0,0
1755637710_Q..N36R,126850_Q..N36R,Q,0,1755637710,1Q 2108+ STL/962,1755656233,1755656240,1029,0,0
1755637740_R..S71R,126900_R..S71R,R,1,1755637740,1R 2109 CTL/95S,1755657757,1755657765,1228,0,0
1755637860_R..N78R,127100_R..N78R,R,0,1755637860,1R 2111 95S/QPL,1755656481,1755656489,1042,0,0
1755637969_Q..S36R,127283_Q..S36R,Q,1,1755637969,1Q 2112+ 962/STL,1755656841,1755656849,1076,0,0
1755638010_N..S34R,127350_N..S34R,N,1,1755638010,1N 2113+ DIT/STL,1755657426,1755657434,1148,0,0
1755638070_Q..N36R,127450_Q..N36R,Q,0,1755638070,1Q 2114+ STL/962,1755656624,1755656631,1033,0,0
1755638190_N..S72R,127650_N..S72R,W,1,1755638190,1W 2116+ DIT/WHL,1755656556,1755656564,1008,0,0
1755638220_N..N31R,127700_N..N31R,N,0,1755638220,1N 2117 STL/DIT,1755658417,1755658426,1252,0,0
1755638340_R..S71R,127900_R..S71R,R,1,1755638340,1R 2119 CTL/95S,1755658688,1755658696,1272,0,0
1755638430_N..N72R,128050_N..N72R,W,0,1755638430,1W 2120+ WHL/DIT,1755655317,1755655324,801,0,0
1755638610_N..S34R,128350_N..S34R,N,1,1755638610,1N 2123+ DIT/STL,1755657480,1755657486,1075,0,0
1755638670_R..N78R,128450_R..N78R,R,0,1755638670,1R 2124+ 95S/QPL,1755657321,1755657329,1046,0,0
1755638790_N..S72R,128650_N..S72R,W,1,1755638790,1W 2126+ DIT/WHL,1755656556,1755656564,928,0,0
1755638790_Q..S36R,128650_Q..S36R,Q,1,1755638790,1Q 2126+ 962/STL,1755658147,1755658155,733,0,0
1755638940_N..N31R,128900_N..N31R,N,0,1755638940,1N 2129 STL/DIT,1755659484,1755659492,1298,0,0
1755638940_R..S71R,128900_R..S71R,R,1,1755638940,1R 2129 CTL/95S,1755658688,1755658696,1192,0,0
1755638970_Q..N36R,128950_Q..N36R,Q,0,1755638970,1Q 2129+ STL/962,1755657066,1755657074,487,1,1
1755639150_N..N72R,129250_N..N72R,W,0,1755639150,1W 2132+ WHL/DIT,1755657727,1755657735,892,0,0
1755639360_N..S42R,129600_N..S42R,N,1,1755639360,1N 2136 DIT/STL,1755658741,1755658748,1143,0,0
1755639390_R..N78R,129650_R..N78R,R,0,1755639390,1R 2136+ 95S/QPL,1755657907,1755657915,1028,0,0
1755639510_R..S71R,129850_R..S71R,R,1,1755639510,1R 2138+ CTL/95S,1755659889,1755659897,1231,0,0
1755639540_Q..S36R,129900_Q..S36R,Q,1,1755639540,1Q 2139 962/STL,1755658703,1755658711,723,0,0
1755639690_N..N31R,130150_N..N31R,N,0,1755639690,1N 2141+ STL/DIT,1755660633,1755660640,1352,0,0
1755639810_N..N72R,130350_N..N72R,W,0,1755639810,1W 2143+ WHL/DIT,1755657825,1755657832,962,0,0
1755639900_Q..N36R,130500_Q..N36R,Q,0,1755639900,1Q 2145 STL/962,1755657697,1755657705,933,0,0
1755640140_R..N78R,130900_R..N78R,R,0,1755640140,1R 2149 95S/QPL,1755658568,1755658576,1017,0,0
1755640170_N..S42R,130950_N..S42R,N,1,1755640170,1N 2149+ DIT/STL,1755658838,1755658846,1049,0,0
1755640260_Q..S36R,131100_Q..S36R,Q,1,1755640260,1Q 2151 962/STL,1755659168,1755659176,1081,0,0
1755640350_N..N72R,131250_N..N72R,W,0,1755640350,1W 2152+ WHL/DIT,1755658883,1755658891,919,0,0
1755640470_N..N31R,131450_N..N31R,N,0,1755640470,1N 2154+ STL/DIT,1755660835,1755660843,1275,0,0
1755640500_Q..N36R,131500_Q..N36R,Q,0,1755640500,1Q 2155 STL/962,1755658387,1755658395,945,0,0
1755640710_R..S71R,131850_R..S71R,R,1,1755640710,1R 2158+ CTL/95S,1755660873,1755660880,1248,0,0
1755640950_N..N72R,132250_N..N72R,W,0,1755640950,1W 2202+ WHL/DIT,1755659642,1755659649,1052,0,0
1755640980_N..S42R,132300_N..S42R,N,1,1755640980,1N 2203 DIT/STL,1755660069,1755660077,1105,0,0
1755640980_R..N78R,132300_R..N78R,R,0,1755640980,1R 2203 95S/QPL,1755666180,1755666188,1919,0,0
1755641100_Q..N36R,132500_Q..N36R,Q,0,1755641100,1Q 2205 STL/962,1755659108,1755659116,961,0,0
1755641130_N..N31R,132550_N..N31R,N,0,1755641130,1N 2205+ STL/DIT,1755661375,1755661383,1259,0,0
1755641130_Q..S36R,132550_Q..S36R,Q,1,1755641130,1Q 2205+ 962/STL,1755659724,1755659732,684,0,0
1755641370_R..S71R,132950_R..S71R,R,1,1755641370,1R 2209+ CTL/95S,1755660865,1755660873,1159,0,0
1755641580_N..N23R,133300_N..N23R,N,0,1755641580,1N 2213 STL/DIT,1755662006,1755662014,1283,0,0
1755641580_N..S42R,133300_N..S42R,N,1,1755641580,1N 2213 DIT/STL,1755660468,1755660475,1078,0,0
1755641580_Q..N36R,133300_Q..N36R,Q,0,1755641580,1Q 2213 STL/962,1755659702,1755659709,976,0,0
1755641640_N..N72R,133400_N..N72R,W,0,1755641640,1W 2214 WHL/DIT,1755660272,1755660279,1028,0,0
1755641700_R..N78R,133500_R..N78R,R,0,1755641700,1R 2215 95S/QPL,1755666901,1755666909,1919,0,0
1755641970_Q..S36R,133950_Q..S36R,Q,1,1755641970,1Q 2219+ 962/STL,1755660054,1755660062,971,0,0
1755642060_Q..N36R,134100_Q..N36R,Q,0,1755642060,1Q 2221 STL/962,1755660144,1755660152,971,0,0
1755642090_R..S71R,134150_R..S71R,R,1,1755642090,1R 2221+ CTL/95S,1755662435,1755662442,1272,0,0
1755642240_N..S42R,134400_N..S42R,N,1,1755642240,1N 2224 DIT/STL,1755661068,1755661075,1070,0,0
1755642510_R..N78R,134850_R..N78R,R,0,1755642510,1R 2228+ 95S/QPL,1755667712,1755667720,1919,0,0
1755642570_Q..S36R,134950_Q..S36R,Q,1,1755642570,1Q 2229+ 962/STL,1755660708,1755660715,978,0,0
1755642600_R..S,135000_R..S,R,1,1755642600,ER 2230 CTL/95S,1755657186,1755657194,150,0,0
1755642630_N..N20R,135050_N..N20R,N,0,1755642630,1N 2230+ STL/DIT,1755662420,1755662427,1198,0,0
1755642720_R..S,135200_R..S,R,1,1755642720,ER 2232 CTL/95S,1755662735,1755662742,745,1,2
1755642870_R..S71R,135450_R..S71R,R,1,1755642870,1R 2234+ CTL/95S,1755663493,1755663501,1309,0,0
1755643020_Q..N36R,135700_Q..N36R,Q,0,1755643020,1Q 2237 STL/962,1755660895,1755660903,943,0,0
1755643170_Q..S36R,135950_Q..S36R,Q,1,1755643170,1Q 2239+ 962/STL,1755661466,1755661474,999,0,0
1755643350_N..N20R,136250_N..N20R,N,0,1755643350,1N 2242+ STL/DIT,1755664018,1755664026,1315,0,0
1755643380_R..N78R,136300_R..N78R,R,0,1755643380,1R 2243 95S/QPL,1755663080,1755663087,1186,0,0
1755643620_N..S42R,136700_N..S42R,N,1,1755643620,1N 2247 DIT/STL,1755662675,1755662682,1100,0,0
1755643800_Q..N36R,137000_Q..N36R,Q,0,1755643800,1Q 2250 STL/962,1755662697,1755662705,1079,0,0
1755643830_Q..S36R,137050_Q..S36R,Q,1,1755643830,1Q 2250+ 962/STL,1755661969,1755661976,978,0,0
1755644160_N..N20R,137600_N..N20R,N,0,1755644160,1N 2256 STL/DIT,1755664574,1755664582,1281,0,0
1755644220_R..N78R,137700_R..N78R,R,0,1755644220,1R 2257 95S/QPL,1755663621,1755663628,1146,0,0
1755644340_N..S20R,137900_N..S20R,N,1,1755644340,1N 2259 DIT/STL,1755664882,1755664889,1298,1,0
1755644430_Q..S36R,138050_Q..S36R,Q,1,1755644430,1Q 2300+ 962/STL,1755663297,1755663305,1075,0,0
1755644520_Q..N39R,138200_Q..N39R,Q,0,1755644520,1Q 2302 STL/962,1755663200,1755663207,1050,0,0
1755644730_R..N31R,138550_R..N31R,R,0,1755644730,1R 2305+ 95S/PAC,1755660324,1755660332,639,0,0
1755645060_N..S20R,139100_N..S20R,N,1,1755645060,1N 2311 DIT/STL,1755665062,1755665069,1226,0,0
1755645090_Q..S36R,139150_Q..S36R,Q,1,1755645090,1Q 2311+ 962/STL,1755663478,1755663486,1011,0,0
1755645180_N..N23R,139300_N..N23R,N,0,1755645180,1N 2313 STL/DIT,1755666421,1755666429,1391,1,0
1755645240_Q..N39R,139400_Q..N39R,Q,0,1755645240,1Q 2314 STL/962,1755663703,1755663711,1021,0,0
1755645780_N..S23R,140300_N..S23R,N,1,1755645780,1N 2323 DIT/STL,1755665378,1755665385,1172,0,0
1755645930_Q..S39R,140550_Q..S39R,Q,1,1755645930,1Q 2325+ 962/STL,1755664304,1755664312,1009,0,0
1755645960_Q..N39R,140600_Q..N39R,Q,0,1755645960,1Q 2326 STL/962,1755664319,1755664327,1007,0,0
1755645960_R..N31R,140600_R..N31R,R,0,1755645960,1R 2326 95S/PAC,1755661669,1755661676,654,0,0
1755646080_N..N23R,140800_N..N23R,N,0,1755646080,1N 2328 STL/DIT,1755666631,1755666639,1299,0,0
1755646410_Q..S39R,141350_Q..S39R,Q,1,1755646410,1Q 2333+ 962/STL,1755665017,1755665024,1040,0,0
1755646530_N..S23R,141550_N..S23R,N,1,1755646530,1N 2335+ DIT/STL,1755666706,1755666714,1249,0,0
1755646860_Q..N39R,142100_Q..N39R,Q,0,1755646860,1Q 2341 STL/962,1755665850,1755665858,1092,0,0
1755646980_N..N23R,142300_N..N23R,N,0,1755646980,1N 2343 STL/DIT,1755667104,1755667111,1243,2,2
1755647040_R..N31R,142400_R..N31R,R,0,1755647040,1R 2344 95S/PAC,1755662570,1755662577,631,0,0
1755647430_R..S31X002,143050_R..S31X002,R,1,1755647430,1R 2350+ PAC/95S,1755663516,1755663523,705,0,0
1755647550_Q..S39R,143250_Q..S39R,Q,1,1755647550,1Q 2352+ 962/STL,1755666188,1755666195,567,0,0
1755647640_N..S23R,143400_N..S23R,N,1,1755647640,1N 2354 DIT/STL,1755667705,1755667712,1235,0,0
1755648060_Q..N39R,000100_Q..N39R,Q,0,1755648060,1Q 0001 STL/962,1755666849,1755666856,1065,0,0
1755648180_N..N23R,000300_N..N23R,N,0,1755648180,1N 0003 STL/DIT,1755668373,1755668381,1252,0,0
1755648360_R..N31R,000600_R..N31R,R,0,1755648360,1R 0006 95S/PAC,1755663838,1755663846,624,0,0
1755648630_N..S23R,001050_N..S23R,N,1,1755648630,1N 0010+ DIT/STL,1755668486,1755668493,1207,0,0
1755648660_R..S31X002,001100_R..S31X002,R,1,1755648660,1R 0011 PAC/95S,1755664462,1755664469,667,0,0
1755648780_Q..S39R,001300_Q..S39R,Q,1,1755648780,1Q 0013 962/STL,1755667202,1755667209,1016,0,0
1755649200_Q..S,002000_Q..S,Q,1,1755649200,EQ 0020 962/STL,1755668065,1755668072,681,0,0
1755649260_Q..N39R,002100_Q..N39R,Q,0,1755649260,1Q 0021 STL/962,1755667727,1755667735,1022,0,0
1755649380_N..N23R,002300_N..N23R,N,0,1755649380,1N 0023 STL/DIT,1755668816,1755668823,1151,0,0
1755649560_R..N31R,002600_R..N31R,R,0,1755649560,1R 0026 95S/PAC,1755665678,1755665685,709,0,0
1755649680_Q..S39R,002800_Q..S39R,Q,1,1755649680,1Q 0028 962/STL,1755668696,1755668703,1095,0,0
1755649800_R..S31X002,003000_R..S31X002,R,1,1755649800,1R 0030 PAC/95S,1755667202,1755667209,880,0,0
1755649830_N..S23R,003050_N..S23R,N,1,1755649830,1N 0030+ DIT/STL,1755670069,1755670078,1258,0,0
1755650460_Q..N39R,004100_Q..N39R,Q,0,1755650460,1Q 0041 STL/962,1755669469,1755669477,1094,0,0
1755650580_N..N23R,004300_N..N23R,N,0,1755650580,1N 0043 STL/DIT,1755670438,1755670445,1207,0,0
1755650700_Q..S39R,004500_Q..S39R,Q,1,1755650700,1Q 0045 962/STL,1755669312,1755669319,1041,0,0
1755650760_R..N31R,004600_R..N31R,R,0,1755650760,1R 0046 95S/PAC,1755666669,1755666676,681,0,0
1755651000_R..S31X002,005000_R..S31X002,R,1,1755651000,1R 0050 PAC/95S,1755666661,1755666669,648,0,0
1755651030_N..S23R,005050_N..S23R,N,1,1755651030,1N 0050+ DIT/STL,1755671174,1755671189,1217,0,0
1755651660_Q..N39R,006100_Q..N39R,Q,0,1755651660,1Q 0101 STL/962,1755670159,1755670168,1026,0,0
1755651780_N..N23R,006300_N..N23R,N,0,1755651780,1N 0103 STL/DIT,1755671294,1755671309,1125,0,0
1755651900_Q..S39R,006500_Q..S39R,Q,1,1755651900,1Q 0105 962/STL,1755671114,1755671120,1093,0,0
1755651960_R..N31R,006600_R..N31R,R,0,1755651960,1R 0106 95S/PAC,1755667915,1755667922,687,0,0
1755652230_N..S23R,007050_N..S23R,N,1,1755652230,1N 0110+ DIT/STL,1755671781,1755671789,1108,0,0
1755652260_R..S31X002,007100_R..S31X002,R,1,1755652260,1R 0111 PAC/95S,1755667990,1755667997,657,0,0
1755652860_Q..N39R,008100_Q..N39R,Q,0,1755652860,1Q 0121 STL/962,1755671444,1755671459,991,0,0
1755652980_N..N23R,008300_N..N23R,N,0,1755652980,1N 0123 STL/DIT,1755672825,1755672832,1147,0,0
1755653100_Q..S39R,008500_Q..S39R,Q,1,1755653100,1Q 0125 962/STL,1755672420,1755672427,1077,0,0
1755653160_R..N31R,008600_R..N31R,R,0,1755653160,1R 0126 95S/PAC,1755668996,1755669003,671,0,0
1755653400_R..S31X002,009000_R..S31X002,R,1,1755653400,1R 0130 PAC/95S,1755671234,1755671249,905,0,0
1755653430_N..S23R,009050_N..S23R,N,1,1755653430,1N 0130+ DIT/STL,1755673006,1755673012,1111,0,0
1755654060_Q..N39R,010100_Q..N39R,Q,0,1755654060,1Q 0141 STL/962,1755672502,1755672510,960,0,0
1755654180_N..N23R,010300_N..N23R,N,0,1755654180,1N 0143 STL/DIT,1755673418,1755673426,1066,0,0
1755654300_Q..S39R,010500_Q..S39R,Q,1,1755654300,1Q 0145 962/STL,1755673087,1755673096,1006,0,0
1755654360_R..N31R,010600_R..N31R,R,0,1755654360,1R 0146 95S/PAC,1755670039,1755670047,650,0,0
1755654600_R..S31X002,011000_R..S31X002,R,1,1755654600,1R 0150 PAC/95S,1755671594,1755671609,769,0,0
1755654630_N..S23R,011050_N..S23R,N,1,1755654630,1N 0150+ DIT/STL,1755673967,1755673973,1080,0,0
1755655260_Q..N39R,012100_Q..N39R,Q,0,1755655260,1Q 0201 STL/962,1755673682,1755673688,958,0,0
1755655380_N..N23R,012300_N..N23R,N,0,1755655380,1N 0203 STL/DIT,1755674709,1755674717,1079,0,0
1755655500_Q..S39R,012500_Q..S39R,Q,1,1755655500,1Q 0205 962/STL,1755673771,1755673778,938,0,0
1755655560_R..N31R,012600_R..N31R,R,0,1755655560,1R 0206 95S/PAC,1755671414,1755671429,630,0,0
1755655800_R..S31X002,013000_R..S31X002,R,1,1755655800,1R 0210 PAC/95S,1755671594,1755671609,610,0,0
1755655830_N..S23R,013050_N..S23R,N,1,1755655830,1N 0210+ DIT/STL,1755675625,1755675633,1141,0,0
1755656460_Q..N39R,014100_Q..N39R,Q,0,1755656460,1Q 0221 STL/962,1755674904,1755674913,961,0,0
1755656580_N..N23R,014300_N..N23R,N,0,1755656580,1N 0223 STL/DIT,1755675985,1755675994,1089,0,0
1755656700_Q..S39R,014500_Q..S39R,Q,1,1755656700,1Q 0225 962/STL,1755675648,1755675655,1028,0,0
1755656760_R..N31R,014600_R..N31R,R,0,1755656760,1R 0226 95S/PAC,1755672247,1755672255,567,0,0
1755657000_R..S31X002,015000_R..S31X002,R,1,1755657000,1R 0230 PAC/95S,1755672660,1755672667,590,0,0
1755657030_N..S23R,015050_N..S23R,N,1,1755657030,1N 0230+ DIT/STL,1755676015,1755676024,1033,0,0
1755657660_Q..N39R,016100_Q..N39R,Q,0,1755657660,1Q 0241 STL/962,1755676196,1755676204,973,0,0
1755657780_N..N23R,016300_N..N23R,N,0,1755657780,1N 0243 STL/DIT,1755676790,1755676796,1036,0,0
1755657900_Q..S39R,016500_Q..S39R,Q,1,1755657900,1Q 0245 962/STL,1755676376,1755676384,965,0,0
1755657960_R..N31R,016600_R..N31R,R,0,1755657960,1R 0246 95S/PAC,1755673682,1755673688,598,0,0
1755658200_R..S31X002,017000_R..S31X002,R,1,1755658200,1R 0250 PAC/95S,1755674327,1755674334,652,0,0
1755658230_N..S23R,017050_N..S23R,N,1,1755658230,1N 0250+ DIT/STL,1755679679,1755679688,1745,0,0
1755658860_Q..N39R,018100_Q..N39R,Q,0,1755658860,1Q 0301 STL/962,1755677382,1755677390,1049,0,0
1755658980_N..N23R,018300_N..N23R,N,0,1755658980,1N 0303 STL/DIT,1755678441,1755678448,1315,0,0
1755659100_Q..S39R,018500_Q..S39R,Q,1,1755659100,1Q 0305 962/STL,1755677382,1755677390,1017,0,0
1755659160_R..N31R,018600_R..N31R,R,0,1755659160,1R 0306 95S/PAC,1755674784,1755674793,585,0,0
1755659400_R..S31X002,019000_R..S31X002,R,1,1755659400,1R 0310 PAC/95S,1755675228,1755675235,612,0,0
1755659430_N..S23R,019050_N..S23R,N,1,1755659430,1N 0310+ DIT/STL,1755679664,1755679673,1581,0,0
1755660060_Q..N39R,020100_Q..N39R,Q,0,1755660060,1Q 0321 STL/962,1755678238,1755678246,1132,0,0
1755660180_N..N23R,020300_N..N23R,N,0,1755660180,1N 0323 STL/DIT,1755679739,1755679748,1524,0,0
1755660300_Q..S39R,020500_Q..S39R,Q,1,1755660300,1Q 0325 962/STL,1755678778,1755678787,1257,0,0
1755660360_R..N31R,020600_R..N31R,R,0,1755660360,1R 0326 95S/PAC,1755676226,1755676234,645,0,0
1755660600_R..S31X002,021000_R..S31X002,R,1,1755660600,1R 0330 PAC/95S,1755675994,1755676000,597,0,0
1755660630_N..S23R,021050_N..S23R,N,1,1755660630,1N 0330+ DIT/STL,1755679658,1755679664,1464,0,0
1755661260_Q..N39R,022100_Q..N39R,Q,0,1755661260,1Q 0341 STL/962,1755679034,1755679042,1227,0,0
1755661380_N..N23R,022300_N..N23R,N,0,1755661380,1N 0343 STL/DIT,1755680025,1755680033,1476,0,0
1755661500_Q..S39R,022500_Q..S39R,Q,1,1755661500,1Q 0345 962/STL,1755679800,1755679808,1400,0,0
1755661560_R..N31R,022600_R..N31R,R,0,1755661560,1R 0346 95S/PAC,1755677112,1755677120,676,0,0
1755661800_R..S31X002,023000_R..S31X002,R,1,1755661800,1R 0350 PAC/95S,1755677412,1755677420,724,0,0
1755661830_N..S23R,023050_N..S23R,N,1,1755661830,1N 0350+ DIT/STL,1755680394,,1514,0,0
1755576060_SI.N03R,024100_SI.N03R,SI,0,1755576060,1SI 0401 TNV/STG,1755593674,1755593689,455,0,0
1755576360_SI.S03R,024600_SI.S03R,SI,1,1755576360,1SI 0406 STG/TNV,1755593689,1755593704,436,0,0
1755577860_SI.N03R,027100_SI.N03R,SI,0,1755577860,1SI 0431 TNV/STG,1755595206,1755595221,436,0,0
1755578160_SI.S03R,027600_SI.S03R,SI,1,1755578160,1SI 0436 STG/TNV,1755595296,1755595311,422,0,0
1755579660_SI.N03R,030100_SI.N03R,SI,0,1755579660,1SI 0501 TNV/STG,1755597428,1755597443,465,0,0
1755579960_SI.S03R,030600_SI.S03R,SI,1,1755579960,1SI 0506 STG/TNV,1755597413,1755597428,444,0,0
1755581160_SI.N03R,032600_SI.N03R,SI,0,1755581160,1SI 0526 TNV/STG,1755598930,1755598945,466,0,0
1755581460_SI.S03R,033100_SI.S03R,SI,1,1755581460,1SI 0531 STG/TNV,1755598750,1755598765,434,0,0
1755582360_SI.N03R,034600_SI.N03R,SI,0,1755582360,1SI 0546 TNV/STG,1755600146,1755600161,467,0,0
1755583260_SI.S03R,036100_SI.S03R,SI,1,1755583260,1SI 0601 STG/TNV,1755600311,1755600326,418,0,0
1755583440_SI.N03R,036400_SI.N03R,SI,0,1755583440,1SI 0604 TNV/STG,1755601032,1755601047,454,0,0
1755584100_SI.N28R,037500_SI.N28R,SS,0,1755584100,1SS 0615 TNV/STG,1755601047,1755601062,411,0,0
1755585000_SI.N16R,039000_SI.N16R,SI,0,1755585000,1SI 0630 HGS/STG,1755601332,1755601347,370,0,0
1755585000_SI.N28R,039000_SI.N28R,SS,0,1755585000,1SS 0630 TNV/STG,1755602233,1755602248,430,0,0
1755585060_SI.S03R,039100_SI.S03R,SI,1,1755585060,1SI 0631 STG/TNV,1755602218,1755602233,425,0,0
1755585900_SI.N16R,040500_SI.N16R,SI,0,1755585900,1SI 0645 HGS/STG,1755602233,1755602248,370,0,0
1755585900_SI.N28R,040500_SI.N28R,SS,0,1755585900,1SS 0645 TNV/STG,1755603404,1755603419,448,0,0
1755586620_SI.S07R,041700_SI.S07R,SS,1,1755586620,1SS 0657 STG/TNV,1755603119,1755603134,381,0,0
1755586800_SI.N16R,042000_SI.N16R,SI,0,1755586800,1SI 0700 HGS/STG,1755603404,1755603419,388,0,0
1755586800_SI.N28R,042000_SI.N28R,SS,0,1755586800,1SS 0700 TNV/STG,1755603494,1755603509,394,0,0
1755586980_SI.S02R,042300_SI.S02R,SI,1,1755586980,1SI 0703 STG/GKS,1755603119,1755603134,356,0,0
1755587460_SI.N28X001,043100_SI.N28X001,SS,0,1755587460,1SS 0711 TNV/STG,1755604501,1755604516,416,0,0
1755587640_SI.S07R,043400_SI.S07R,SS,1,1755587640,1SS 0714 STG/TNV,1755604455,1755604470,401,0,0
1755587700_SI.N16R,043500_SI.N16R,SI,0,1755587700,1SI 0715 HGS/STG,1755604501,1755604516,400,0,0
1755587880_SI.S02R,043800_SI.S02R,SI,1,1755587880,1SI 0718 STG/GKS,1755604020,1755604035,356,0,0
1755588360_SI.N28X001,044600_SI.N28X001,SS,0,1755588360,1SS 0726 TNV/STG,1755605341,1755605356,412,0,0
1755588660_SI.S07R,045100_SI.S07R,SS,1,1755588660,1SS 0731 STG/TNV,1755605341,1755605356,392,0,0
1755588780_SI.S02R,045300_SI.S02R,SI,1,1755588780,1SI 0733 STG/GKS,1755604936,1755604951,357,0,0
1755588960_SI.N02R,045600_SI.N02R,SI,0,1755588960,1SI 0736 GKS/STG,1755604936,1755604951,345,0,0
1755589260_SI.N28X001,046100_SI.N28X001,SS,0,1755589260,1SS 0741 TNV/STG,1755606002,1755606017,396,0,0
1755589560_SI.S07R,046600_SI.S07R,SS,1,1755589560,1SS 0746 STG/TNV,1755606377,1755606392,401,0,0
1755589680_SI.S02R,046800_SI.S02R,SI,1,1755589680,1SI 0748 STG/GKS,1755606828,1755606843,423,0,0
1755589860_SI.N02R,047100_SI.N02R,SI,0,1755589860,1SI 0751 GKS/STG,1755606002,1755606017,356,0,0
1755590160_SI.N28X001,047600_SI.N28X001,SS,0,1755590160,1SS 0756 TNV/STG,1755607158,1755607173,413,0,0
1755590460_SI.S07R,048100_SI.S07R,SS,1,1755590460,1SS 0801 STG/TNV,1755607143,1755607158,392,0,0
1755590760_SI.N02R,048600_SI.N02R,SI,0,1755590760,1SI 0806 GKS/STG,1755606813,1755606828,350,0,0
1755590880_SI.S03R,048800_SI.S03R,SI,1,1755590880,1SI 0808 STG/TNV,1755607879,1755607894,413,0,0
1755591300_SI.N28R,049500_SI.N28R,SS,0,1755591300,1SS 0815 TNV/STG,1755607879,1755607894,385,0,0
1755591360_SI.S03R,049600_SI.S03R,SI,1,1755591360,1SI 0816 STG/TNV,1755608465,1755608480,420,0,0
1755591660_SI.N02R,050100_SI.N02R,SI,0,1755591660,1SI 0821 GKS/STG,1755607879,1755607894,361,0,0
1755592260_SI.N03R,051100_SI.N03R,SI,0,1755592260,1SI 0831 TNV/STG,1755610582,1755610597,501,0,0
1755592260_SI.S03R,051100_SI.S03R,SI,1,1755592260,1SI 0831 STG/TNV,1755610582,1755610597,501,0,0
1755593160_SI.S03R,052600_SI.S03R,SI,1,1755593160,1SI 0846 STG/TNV,1755610597,1755610612,443,0,0
1755594060_SI.N03R,054100_SI.N03R,SI,0,1755594060,1SI 0901 TNV/STG,1755611618,1755611633,451,0,0
1755594360_SI.S03R,054600_SI.S03R,SI,1,1755594360,1SI 0906 STG/TNV,1755611603,1755611618,415,0,0
1755595860_SI.N03R,057100_SI.N03R,SI,0,1755595860,1SI 0931 TNV/STG,1755614951,1755614966,555,0,0
1755596160_SI.S03X027,057600_SI.S03X027,SI,1,1755596160,1SI 0936 STG/TNV,1755614951,1755614966,535,0,0
1755597660_SI.N03R,060100_SI.N03R,SI,0,1755597660,1SI 1001 TNV/STG,1755614981,1755614996,437,0,0
1755597960_SI.S03X027,060600_SI.S03X027,SI,1,1755597960,1SI 1006 STG/TNV,1755614951,1755614966,415,0,0
1755599460_SI.N03R,063100_SI.N03R,SI,0,1755599460,1SI 1031 TNV/STG,1755616753,1755616768,435,0,0
1755599760_SI.S03X027,063600_SI.S03X027,SI,1,1755599760,1SI 1036 STG/TNV,1755616933,1755616948,427,0,0
1755601260_SI.N03R,066100_SI.N03R,SI,0,1755601260,1SI 1101 TNV/STG,1755620507,1755620522,566,0,0
1755601560_SI.S03X027,066600_SI.S03X027,SI,1,1755601560,1SI 1106 STG/TNV,1755618540,1755618555,414,0,0
1755603060_SI.N03R,069100_SI.N03R,SI,0,1755603060,1SI 1131 TNV/STG,1755620507,1755620522,445,0,0
1755603360_SI.S03X027,069600_SI.S03X027,SI,1,1755603360,1SI 1136 STG/TNV,1755620492,1755620507,424,0,0
1755604860_SI.N03R,072100_SI.N03R,SI,0,1755604860,1SI 1201 TNV/STG,1755622204,1755622219,439,0,0
1755605160_SI.S03X027,072600_SI.S03X027,SI,1,1755605160,1SI 1206 STG/TNV,1755622189,1755622204,418,0,0
1755606660_SI.N03R,075100_SI.N03R,SI,0,1755606660,1SI 1231 TNV/STG,1755623675,1755623690,417,0,0
1755606960_SI.S03X027,075600_SI.S03X027,SI,1,1755606960,1SI 1236 STG/TNV,1755623901,1755623916,410,0,0
1755608460_SI.N03R,078100_SI.N03R,SI,0,1755608460,1SI 1301 TNV/STG,1755626784,1755626799,509,0,0
1755608760_SI.S03X027,078600_SI.S03X027,SI,1,1755608760,1SI 1306 STG/TNV,1755625597,1755625612,404,0,0
1755610260_SI.N03R,081100_SI.N03R,SI,0,1755610260,1SI 1331 TNV/STG,1755627294,1755627309,423,0,0
1755610560_SI.S03X027,081600_SI.S03X027,SI,1,1755610560,1SI 1336 STG/TNV,1755627520,1755627535,418,0,0
1755612060_SI.N03R,084100_SI.N03R,SI,0,1755612060,1SI 1401 TNV/STG,1755628931,1755628946,411,0,0
1755612360_SI.S03X027,084600_SI.S03X027,SI,1,1755612360,1SI 1406 STG/TNV,1755629246,1755629261,412,0,0
1755613860_SI.N03R,087100_SI.N03R,SI,0,1755613860,1SI 1431 TNV/STG,1755630883,1755630898,421,0,0
1755614160_SI.S03R,087600_SI.S03R,SI,1,1755614160,1SI 1436 STG/TNV,1755631333,1755631348,431,0,0
1755615540_SI.N03R,089900_SI.N03R,SI,0,1755615540,1SI 1459 TNV/STG,1755632625,1755632640,426,0,0
1755615660_SI.S03R,090100_SI.S03R,SI,1,1755615660,1SI 1501 STG/TNV,1755632910,1755632925,435,0,0
1755616560_SI.S03R,091600_SI.S03R,SI,1,1755616560,1SI 1516 STG/TNV,1755633541,1755633556,415,0,0
1755616740_SI.N03R,091900_SI.N03R,SI,0,1755616740,1SI 1519 TNV/STG,1755633751,1755633766,417,0,0
1755617580_SI.S03R,093300_SI.S03R,SI,1,1755617580,1SI 1533 STG/TNV,1755634667,1755634682,422,0,0
1755617940_SI.N03R,093900_SI.N03R,SI,0,1755617940,1SI 1539 TNV/STG,1755635117,1755635132,428,0,0
1755619140_SI.N03R,095900_SI.N03R,SI,0,1755619140,1SI 1559 TNV/STG,1755636244,1755636259,427,0,0
1755619260_SI.S07R,096100_SI.S07R,SS,1,1755619260,1SS 1601 STG/TNV,1755635613,1755635628,373,0,0
1755619380_SI.S03R,096300_SI.S03R,SI,1,1755619380,1SI 1603 STG/TNV,1755636514,1755636529,430,0,0
1755620340_SI.N03R,097900_SI.N03R,SI,0,1755620340,1SI 1619 TNV/STG,1755637310,1755637325,419,0,0
1755621060_SI.S07R,099100_SI.S07R,SS,1,1755621060,1SS 1631 STG/TNV,1755637325,1755637340,372,0,0
1755621180_SI.S03R,099300_SI.S03R,SI,1,1755621180,1SI 1633 STG/TNV,1755638076,1755638091,413,0,0
1755621540_SI.N03R,099900_SI.N03R,SI,0,1755621540,1SI 1639 TNV/STG,1755638571,1755638586,421,0,0
1755622260_SI.S07R,101100_SI.S07R,SS,1,1755622260,1SS 1651 STG/TNV,1755638976,1755638991,400,0,0
1755622380_SI.S02R,101300_SI.S02R,SI,1,1755622380,1SI 1653 STG/GKS,1755638406,1755638421,354,0,0
1755622440_SI.N03R,101400_SI.N03R,SI,0,1755622440,1SI 1654 TNV/STG,1755639577,1755639592,428,0,0
1755623340_SI.N03R,102900_SI.N03R,SI,0,1755623340,1SI 1709 TNV/STG,1755640583,1755640598,435,0,0
1755623460_SI.S07R,103100_SI.S07R,SS,1,1755623460,1SS 1711 STG/TNV,1755640253,1755640268,405,0,0
1755623580_SI.S02R,103300_SI.S02R,SI,1,1755623580,1SI 1713 STG/GKS,1755639802,1755639817,367,0,0
1755624240_SI.N03R,104400_SI.N03R,SI,0,1755624240,1SI 1724 TNV/STG,1755641049,1755641063,420,0,0
1755624660_SI.S07R,105100_SI.S07R,SS,1,1755624660,1SS 1731 STG/TNV,1755641229,1755641244,407,0,0
1755624780_SI.S02R,105300_SI.S02R,SI,1,1755624780,1SI 1733 STG/GKS,1755640928,1755640943,368,0,0
1755625140_SI.N03R,105900_SI.N03R,SI,0,1755625140,1SI 1739 TNV/STG,1755642280,1755642295,450,0,0
1755625560_SI.S07R,106600_SI.S07R,SS,1,1755625560,1SS 1746 STG/TNV,1755642295,1755642310,419,0,0
1755625680_SI.S02R,106800_SI.S02R,SI,1,1755625680,1SI 1748 STG/GKS,1755641920,1755641935,385,0,0
1755626040_SI.N03R,107400_SI.N03R,SI,0,1755626040,1SI 1754 TNV/STG,1755643181,1755643196,445,0,0
1755626460_SI.S07R,108100_SI.S07R,SS,1,1755626460,1SS 1801 STG/TNV,1755641139,1755641153,275,0,0
1755626580_SI.S02R,108300_SI.S02R,SI,1,1755626580,1SI 1803 STG/GKS,1755641154,1755641169,269,0,0
1755626700_SI.S02R,108500_SI.S02R,SI,1,1755626700,1SI 1805 STG/GKS,1755642685,1755642700,107,0,0
1755626700_SI.S07R,108500_SI.S07R,SS,1,1755626700,1SS 1805 STG/TNV,1755643346,1755643361,153,0,0
1755626940_SI.N03R,108900_SI.N03R,SI,0,1755626940,1SI 1809 TNV/STG,1755644157,1755644172,450,0,0
1755627360_SI.S07R,109600_SI.S07R,SS,1,1755627360,1SS 1816 STG/TNV,1755644112,1755644127,419,0,0
1755627480_SI.S02R,109800_SI.S02R,SI,1,1755627480,1SI 1818 STG/GKS,1755643556,1755643571,374,0,0
1755627840_SI.N03R,110400_SI.N03R,SI,0,1755627840,1SI 1824 TNV/STG,1755645133,1755645148,455,0,0
1755628260_SI.S07R,111100_SI.S07R,SS,1,1755628260,1SS 1831 STG/TNV,1755645013,1755645028,419,0,0
1755628380_SI.S02R,111300_SI.S02R,SI,1,1755628380,1SI 1833 STG/GKS,1755644667,1755644682,388,0,0
1755628860_SI.N03R,112100_SI.N03R,SI,0,1755628860,1SI 1841 TNV/STG,1755645989,1755646004,453,0,0
1755629160_SI.S07R,112600_SI.S07R,SS,1,1755629160,1SS 1846 STG/TNV,1755646139,1755646153,446,0,0
1755629280_SI.S02R,112800_SI.S02R,SI,1,1755629280,1SI 1848 STG/GKS,1755645643,1755645658,393,0,0
1755629760_SI.N03R,113600_SI.N03R,SI,0,1755629760,1SI 1856 TNV/STG,1755646860,1755646875,465,0,0
1755630060_SI.S07R,114100_SI.S07R,SS,1,1755630060,1SS 1901 STG/TNV,1755644727,1755644742,275,0,0
1755630180_SI.S02R,114300_SI.S02R,SI,1,1755630180,1SI 1903 STG/GKS,1755644772,1755644787,266,0,0
1755630300_SI.S07R,114500_SI.S07R,SS,1,1755630300,1SS 1905 STG/TNV,1755646995,1755647010,174,0,0
1755630360_SI.S02R,114600_SI.S02R,SI,1,1755630360,1SI 1906 STG/GKS,1755646424,1755646439,130,0,0
1755630660_SI.N03R,115100_SI.N03R,SI,0,1755630660,1SI 1911 TNV/STG,1755647686,1755647701,439,0,0
1755630960_SI.S07R,115600_SI.S07R,SS,1,1755630960,1SS 1916 STG/TNV,1755645598,1755645613,257,0,0
1755631080_SI.S02R,115800_SI.S02R,SI,1,1755631080,1SI 1918 STG/GKS,1755645628,1755645643,251,0,0
1755631140_SI.S02R,115900_SI.S02R,SI,1,1755631140,1SI 1919 STG/GKS,1755647956,1755647971,178,0,0
1755631140_SI.S07R,115900_SI.S07R,SS,1,1755631140,1SS 1919 STG/TNV,1755647941,1755647956,179,0,0
1755631560_SI.N03R,116600_SI.N03R,SI,0,1755631560,1SI 1926 TNV/STG,1755648602,1755648616,439,0,0
1755631860_SI.S07R,117100_SI.S07R,SS,1,1755631860,1SS 1931 STG/TNV,1755648737,1755648752,428,0,0
1755631980_SI.S03R,117300_SI.S03R,SI,1,1755631980,1SI 1933 STG/TNV,1755649082,1755649097,443,0,0
1755632460_SI.N03R,118100_SI.N03R,SI,0,1755632460,1SI 1941 TNV/STG,1755649547,1755649562,442,0,0
1755633060_SI.S07R,119100_SI.S07R,SS,1,1755633060,1SS 1951 STG/TNV,1755649367,1755649382,390,0,0
1755633180_SI.S03R,119300_SI.S03R,SI,1,1755633180,1SI 1953 STG/TNV,1755650388,1755650403,450,0,0
1755633360_SI.N03R,119600_SI.N03R,SI,0,1755633360,1SI 1956 TNV/STG,1755650839,1755650854,484,0,0
1755634260_SI.N03R,121100_SI.N03R,SI,0,1755634260,1SI 2011 TNV/STG,1755651169,1755651184,454,0,0
1755634260_SI.S03R,121100_SI.S03R,SI,1,1755634260,1SI 2011 STG/TNV,1755651379,1755651394,468,0,0
1755635460_SI.N03R,123100_SI.N03R,SI,0,1755635460,1SI 2031 TNV/STG,1755652536,1755652551,449,0,0
1755635760_SI.S03R,123600_SI.S03R,SI,1,1755635760,1SI 2036 STG/TNV,1755652926,1755652941,450,0,0
1755637260_SI.N03R,126100_SI.N03R,SI,0,1755637260,1SI 2101 TNV/STG,1755654217,1755654232,436,0,0
1755637560_SI.S03R,126600_SI.S03R,SI,1,1755637560,1SI 2106 STG/TNV,1755655914,1755655928,566,0,0
1755639060_SI.N03R,129100_SI.N03R,SI,0,1755639060,1SI 2131 TNV/STG,1755657115,1755657130,549,0,0
1755639360_SI.S03R,129600_SI.S03R,SI,1,1755639360,1SI 2136 STG/TNV,1755657791,1755657806,574,0,0
1755640860_SI.N03R,132100_SI.N03R,SI,0,1755640860,1SI 2201 TNV/STG,1755659052,1755659067,533,0,0
1755641160_SI.S03R,132600_SI.S03R,SI,1,1755641160,1SI 2206 STG/TNV,1755659067,1755659082,514,0,0
1755642660_SI.N03R,135100_SI.N03R,SI,0,1755642660,1SI 2231 TNV/STG,1755659968,1755659983,474,0,0
1755642960_SI.S03R,135600_SI.S03R,SI,1,1755642960,1SI 2236 STG/TNV,1755659968,1755659983,401,0,0
1755644460_SI.N03R,138100_SI.N03R,SI,0,1755644460,1SI 2301 TNV/STG,1755661800,1755661815,515,0,0
1755644760_SI.S03R,138600_SI.S03R,SI,1,1755644760,1SI 2306 STG/TNV,1755662055,1755662070,496,0,0
1755646260_SI.N03R,141100_SI.N03R,SI,0,1755646260,1SI 2331 TNV/STG,1755663362,1755663377,463,0,0
1755646560_SI.S03R,141600_SI.S03R,SI,1,1755646560,1SI 2336 STG/TNV,1755663692,1755663707,465,0,0
1755648060_SI.N03R,000100_SI.N03R,SI,0,1755648060,1SI 0001 TNV/STG,1755665299,1755665313,495,0,0
1755648360_SI.S03R,000600_SI.S03R,SI,1,1755648360,1SI 0006 STG/TNV,1755665299,1755665313,475,0,0
1755649860_SI.N03R,003100_SI.N03R,SI,0,1755649860,1SI 0031 TNV/STG,1755666890,1755666906,478,0,0
1755650160_SI.S03R,003600_SI.S03R,SI,1,1755650160,1SI 0036 STG/TNV,1755667281,1755667296,474,0,0
1755651660_SI.N03R,006100_SI.N03R,SI,0,1755651660,1SI 0101 TNV/STG,1755668918,1755668933,479,0,0
1755651960_SI.S03R,006600_SI.S03R,SI,1,1755651960,1SI 0106 STG/TNV,1755668918,1755668933,459,0,0
1755653460_SI.N03R,009100_SI.N03R,SI,0,1755653460,1SI 0131 TNV/STG,1755670524,1755670539,524,0,0
1755653760_SI.S03R,009600_SI.S03R,SI,1,1755653760,1SI 0136 STG/TNV,1755671635,1755671650,582,0,0
1755655260_SI.N03R,012100_SI.N03R,SI,0,1755655260,1SI 0201 TNV/STG,1755672521,1755672536,494,0,0
1755655560_SI.S03R,012600_SI.S03R,SI,1,1755655560,1SI 0206 STG/TNV,1755672747,1755672762,489,0,0
1755657060_SI.N03R,015100_SI.N03R,SI,0,1755657060,1SI 0231 TNV/STG,1755674579,1755674593,520,0,0
1755657360_SI.S03R,015600_SI.S03R,SI,1,1755657360,1SI 0236 STG/TNV,1755674563,1755674578,498,0,0
1755658860_SI.N03R,018100_SI.N03R,SI,0,1755658860,1SI 0301 TNV/STG,1755675840,1755675855,539,0,0
1755659160_SI.S03R,018600_SI.S03R,SI,1,1755659160,1SI 0306 STG/TNV,1755677011,1755677026,588,0,0
1755660660_SI.N03R,021100_SI.N03R,SI,0,1755660660,1SI 0331 TNV/STG,1755678948,1755678962,716,0,0
1755660960_SI.S03R,021600_SI.S03R,SI,1,1755660960,1SI 0336 STG/TNV,1755680330,1755680344,952,0,0
