trip_uid,trip_id,route_id,direction_id,start_time,vehicle_id,last_observed,marked_past,num_updates,num_schedule_changes,num_schedule_rewrites
1754366400_6..N04X106,024000_6..N04X106,6,0,1754366400,06 0400  125/PEL,1754382551,1754382554,999,0,0
1754366460_4..N13X355,024100_4..N13X355,4,0,1754366460,04 0401  BWG/WDL,1754384480,1754384483,1482,0,0
1754366520_5..S32R,024200_5..S32R,5,1,1754366520,05 0402  DYR/180,1754381600,1754381603,744,0,0
1754366580_5..N32R,024300_5..N32R,5,0,1754366580,05 0403  180/DYR,1754381729,1754381735,779,0,0
1754366610_2..N08R,024350_2..N08R,2,0,1754366610,02 0403+ FLA/241,1754387396,1754387399,3323,0,0
1754366670_3..S01X028,024450_3..S01X028,3,1,1754366670,03 0404+ 148/NLT,1754385539,1754385545,1542,0,0
1754366700_6..S04X101,024500_6..S04X101,6,1,1754366700,06 0405  MOT/BBR,1754383154,1754383160,1062,0,0
1754366700_7..N,024500_7..N,7,0,1754366700,07 0405 34H/MST,1754383499,1754383505,1142,0,0
1754366730_1..S03R,024550_1..S03R,1,1,1754366730,01 0405+ 242/SFT,1754384621,1754384624,1447,0,0
1754366820_1..N03R,024700_1..N03R,1,0,1754366820,E1 0407  DYK/242,1754381879,1754381885,177,0,0
1754366880_7..S,024800_7..S,7,1,1754366880,07 0408 MST/34H,1754383391,1754383394,1113,0,0
1754366940_2..S08R,024900_2..S08R,2,1,1754366940,02 0409  241/FLA,1754388245,1754388248,2417,0,0
1754366970_4..S05X011,024950_4..S05X011,4,1,1754366970,04 0409+ WDL/UTI,1754386259,1754386265,1803,0,0
1754367000_6..N04X001,025000_6..N04X001,6,0,1754367000,06 0410  BBR/MOT,1754383391,1754383394,1039,0,0
1754367570_3..N01R,025950_3..N01R,3,0,1754367570,03 0419+ NLT/148,1754386556,1754386559,1552,0,0
1754367570_6..S04X103,025950_6..S04X103,6,1,1754367570,06 0419+ PEL/125,1754383679,1754383685,956,0,0
1754367600_6..N04X106,026000_6..N04X106,6,0,1754367600,06 0420  125/PEL,1754383970,1754383973,1033,0,0
1754367660_4..N13X355,026100_4..N13X355,4,0,1754367660,04 0421  BWG/WDL,1754385623,1754385626,1473,0,0
1754367690_4..S05X011,026150_4..S05X011,4,1,1754367690,04 0421+ WDL/UTI,1754387363,1754387366,1937,0,0
1754367720_5..S32R,026200_5..S32R,5,1,1754367720,05 0422  DYR/180,1754382839,1754382845,732,0,0
1754367780_5..N32R,026300_5..N32R,5,0,1754367780,05 0423  180/DYR,1754382890,1754382893,745,0,0
1754367840_2..S08R,026400_2..S08R,2,1,1754367840,02 0424  241/FLA,1754388644,1754388650,2278,0,0
1754367870_3..S01X028,026450_3..S01X028,3,1,1754367870,03 0424+ 148/NLT,1754387546,1754387549,1906,0,0
1754367900_6..S04X101,026500_6..S04X101,6,1,1754367900,06 0425  MOT/BBR,1754384405,1754384408,1068,0,0
1754367900_7..N,026500_7..N,7,0,1754367900,07 0425 34H/MST,1754383010,1754383013,703,0,0
1754367930_1..S03R,026550_1..S03R,1,1,1754367930,01 0425+ 242/SFT,1754385764,1754385770,1431,0,0
1754368200_6..N01R,027000_6..N01R,6,0,1754368200,06 0430  BBR/PEL,1754386484,1754386490,1491,0,0
1754368410_2..N08R,027350_2..N08R,2,0,1754368410,02 0433+ FLA/241,1754389016,1754389019,2215,0,0
1754368590_7..S,027650_7..S,7,1,1754368590,07 0436+ MST/34H,1754385014,1754385020,1049,0,0
1754368710_4..S05R,027850_4..S05R,4,1,1754368710,04 0438+ WDL/UTI,1754386919,1754386925,1579,0,0
1754368740_2..S01R,027900_2..S01R,2,1,1754368740,02 0439  241/FLA,1754389136,1754389139,2166,0,0
1754368740_6..S01R,027900_6..S01R,6,1,1754368740,06 0439  PEL/BBR,1754386925,1754386928,1580,0,0
1754368770_3..N01R,027950_3..N01R,3,0,1754368770,03 0439+ NLT/148,1754387516,1754387519,1659,0,0
1754368800_6..N04X106,028000_6..N04X106,6,0,1754368800,06 0440  125/PEL,1754384951,1754384954,975,0,0
1754368800_6..S04X101,028000_6..S04X101,6,1,1754368800,06 0440  MOT/BBR,1754385593,1754385596,1146,0,0
1754368860_4..N13X355,028100_4..N13X355,4,0,1754368860,04 0441  BWG/WDL,1754386874,1754386880,1488,0,0
1754368920_5..S32R,028200_5..S32R,5,1,1754368920,05 0442  DYR/180,1754383949,1754383955,709,0,0
1754368950_1..S03R,028250_1..S03R,1,1,1754368950,01 0442+ 242/SFT,1754386976,1754386979,1515,0,0
1754368980_5..N32R,028300_5..N32R,5,0,1754368980,05 0443  180/DYR,1754384120,1754384123,754,0,0
1754369070_1..N03R,028450_1..N03R,1,0,1754369070,01 0444+ SFT/242,1754386664,1754386670,953,0,0
1754369070_3..S01X028,028450_3..S01X028,3,1,1754369070,03 0444+ 148/NLT,1754388668,1754388671,1885,0,0
1754369085_7..N,028476_7..N,7,0,1754369085,E7 0444+ QBP/MST,1754385116,1754385119,429,0,0
1754369100_7..N,028500_7..N,7,0,1754369100,07 0445 34H/MST,1754467206,1754467209,21864,0,0
1754369190_7..S,028650_7..S,7,1,1754369190,07 0446+ MST/34H,1754385674,1754385680,1042,0,0
1754369310_4..S05R,028850_4..S05R,4,1,1754369310,04 0448+ WDL/UTI,1754388053,1754388056,1722,0,0
1754369400_6..N01R,029000_6..N01R,6,0,1754369400,06 0450  BBR/PEL,1754387525,1754387528,1501,0,0
1754369610_2..N08R,029350_2..N08R,2,0,1754369610,/2 0453+ FLA/241,1754390399,1754390405,2222,0,0
1754369610_4..N13X148,029350_4..N13X148,4,0,1754369610,04 0453+ UTI/WDL,1754389154,1754389160,1932,0,0
1754369640_2..S01R,029400_2..S01R,2,1,1754369640,02 0454  241/FLA,1754390048,1754390054,2144,0,0
1754369640_6..S01R,029400_6..S01R,6,1,1754369640,06 0454  PEL/BBR,1754387483,1754387486,1490,0,0
1754369640_6..S04X101,029400_6..S04X101,6,1,1754369640,06 0454  MOT/BBR,1754386061,1754386064,1111,0,0
1754369700_6..N04X106,029500_6..N04X106,6,0,1754369700,06 0455  125/PEL,1754385863,1754385866,978,0,0
1754369700_7..N,029500_7..N,7,0,1754369700,07 0455 34H/MST,1754384789,1754384795,326,0,0
1754369850_1..S03R,029750_1..S03R,1,1,1754369850,01 0457+ 242/SFT,1754387774,1754387780,1488,0,0
1754369880_4..S37R,029800_4..S37R,4,1,1754369880,04 0458  WDL/BWG,1754387084,1754387090,1304,0,0
1754369880_7..S,029800_7..S,7,1,1754369880,07 0458 MST/34H,1754386298,1754386301,1072,0,0
1754369940_5..S32R,029900_5..S32R,5,1,1754369940,05 0459  DYR/180,1754385164,1754385170,792,0,0
1754369970_3..N01R,029950_3..N01R,3,0,1754369970,03 0459+ NLT/148,1754388524,1754388530,1606,0,0
1754370060_4..N13X355,030100_4..N13X355,4,0,1754370060,04 0501  BWG/WDL,1754387978,1754387981,1461,0,0
1754370090_3..S01R,030150_3..S01R,3,1,1754370090,03 0501+ 148/NLT,1754389214,1754389220,1787,0,0
1754370180_5..N32R,030300_5..N32R,5,0,1754370180,05 0503  180/DYR,1754385164,1754385170,711,0,0
1754370300_7..N,030500_7..N,7,0,1754370300,07 0505 34H/MST,1754467206,1754467209,21405,0,0
1754370330_6..S01R,030550_6..S01R,6,1,1754370330,06 0505+ PEL/BBR,1754388284,1754388290,1462,0,0
1754370360_2..N08R,030600_2..N08R,2,0,1754370360,02 0506  FLA/241,1754390834,1754390840,2068,0,0
1754370360_4..S05R,030600_4..S05R,4,1,1754370360,04 0506  WDL/UTI,1754388989,1754388995,1648,0,0
1754370540_1..S03R,030900_1..S03R,1,1,1754370540,01 0509  242/SFT,1754388266,1754388269,1457,0,0
1754370540_2..S01R,030900_2..S01R,2,1,1754370540,02 0509  241/FLA,1754390429,1754390435,1987,0,0
1754370570_7..S,030950_7..S,7,1,1754370570,07 0509+ MST/34H,1754387054,1754387060,1114,0,0
1754370600_6..N01R,031000_6..N01R,6,0,1754370600,06 0510  BBR/PEL,1754388518,1754388521,1444,0,0
1754370720_4..N01X126,031200_4..N01X126,4,0,1754370720,04 0512  UTI/WDL,1754389883,1754389889,1786,0,0
1754370720_5..S03R,031200_5..S03R,5,1,1754370720,05 0512  DYR/FLA,1754389913,1754389919,1793,0,0
1754370750_5..S02R,031250_5..S02R,5,1,1754370750,05 0512+ 180/FLA,1754389526,1754389529,1690,0,0
1754370780_6..S01R,031300_6..S01R,6,1,1754370780,06 0513  PEL/BBR,1754388764,1754388770,1510,0,0
1754370840_4..S06R,031400_4..S06R,4,1,1754370840,04 0514  WDL/UTI,1754389133,1754389136,1605,0,0
1754370870_1..N03R,031450_1..N03R,1,0,1754370870,01 0514+ SFT/242,1754388788,1754388791,1436,0,0
1754371020_3..S01R,031700_3..S01R,3,1,1754371020,03 0517  148/NLT,1754389496,1754389499,1610,0,0
1754371170_3..N01R,031950_3..N01R,3,0,1754371170,03 0519+ NLT/148,1754389904,1754389910,1631,0,0
1754371170_6..S01R,031950_6..S01R,6,1,1754371170,06 0519+ PEL/BBR,1754389079,1754389085,1432,0,0
1754371170_7..S,031950_7..S,7,1,1754371170,07 0519+ MST/34H,1754387801,1754387804,1142,0,0
1754371260_1..S03R,032100_1..S03R,1,1,1754371260,01 0521  242/SFT,1754389325,1754389328,1503,0,0
1754371260_2..N01R,032100_2..N01R,2,0,1754371260,02 0521  FLA/241,1754391359,1754391365,1938,0,0
1754371260_2..S,032100_2..S,2,1,1754371260,/2 0521  241/FLA,1754391827,1754391830,109,0,0
1754371260_2..S01R,032100_2..S01R,2,1,1754371260,/2 0521  241/FLA,1754391269,1754391275,1920,0,0
1754371320_4..S06R,032200_4..S06R,4,1,1754371320,04 0522  WDL/UTI,1754389475,1754389478,1530,0,0
1754371380_5..N32R,032300_5..N32R,5,0,1754371380,05 0523  180/DYR,1754386544,1754386550,759,0,0
1754371440_4..N,032400_4..N,4,0,1754371440,/4 0524  UTI/WDL,1754390384,1754390390,946,0,0
1754371440_4..N01X126,032400_4..N01X126,4,0,1754371440,/4 0524  UTI/WDL,1754386670,1754386673,791,0,0
1754371440_5..S03R,032400_5..S03R,5,1,1754371440,05 0524  DYR/FLA,1754390969,1754390975,1854,0,0
1754371500_7..N,032500_7..N,7,0,1754371500,07 0525 34H/MST,1754388059,1754388065,1125,0,0
1754371560_6..N01R,032600_6..N01R,6,0,1754371560,06 0526  BBR/PEL,1754390309,1754390315,1611,0,0
1754371620_6..S01R,032700_6..S01R,6,1,1754371620,06 0527  PEL/BBR,1754389559,1754389565,1471,0,0
1754371770_4..S37R,032950_4..S37R,4,1,1754371770,04 0529+ WDL/BWG,1754388974,1754388980,1244,0,0
1754371770_7..S,032950_7..S,7,1,1754371770,07 0529+ MST/34H,1754388233,1754388236,1084,0,0
1754371890_2..S01R,033150_2..S01R,2,1,1754371890,02 0531+ 241/FLA,1754392373,1754392379,2027,0,0
1754371920_3..S01R,033200_3..S01R,3,1,1754371920,03 0532  148/NLT,1754390318,1754390324,1565,0,0
1754371920_5..S03R,033200_5..S03R,5,1,1754371920,05 0532  DYR/FLA,1754391188,1754391194,1744,0,0
1754371980_1..S03R,033300_1..S03R,1,1,1754371980,01 0533  242/SFT,1754389673,1754389679,1418,0,0
1754372040_6..S01R,033400_6..S01R,6,1,1754372040,06 0534  PEL/BBR,1754390075,1754390078,1508,0,0
1754372070_1..N03R,033450_1..N03R,1,0,1754372070,01 0534+ SFT/242,1754389913,1754389919,1394,0,0
1754372070_2..N01R,033450_2..N01R,2,0,1754372070,02 0534+ FLA/241,1754391914,1754391920,1831,0,0
1754372160_4..N01X126,033600_4..N01X126,4,0,1754372160,04 0536  UTI/WDL,1754391089,1754391095,1502,0,0
1754372220_7..N,033700_7..N,7,0,1754372220,07 0537 34H/MST,1754389034,1754389040,1186,0,0
1754372250_7..S,033750_7..S,7,1,1754372250,07 0537+ MST/34H,1754388734,1754388740,1108,0,0
1754372280_4..S06R,033800_4..S06R,4,1,1754372280,04 0538  WDL/UTI,1754390510,1754390513,1524,0,0
1754372280_6..N01R,033800_6..N01R,6,0,1754372280,06 0538  BBR/PEL,1754391047,1754391050,1632,0,0
1754372310_3..N01R,033850_3..N01R,3,0,1754372310,03 0538+ NLT/148,1754390678,1754390684,1558,0,0
1754372460_6..S01R,034100_6..S01R,6,1,1754372460,06 0541  PEL/BBR,1754390300,1754390303,1401,0,0
1754372490_2..S01R,034150_2..S01R,2,1,1754372490,02 0541+ 241/FLA,1754392628,1754392634,1936,0,0
1754372520_5..S03R,034200_5..S03R,5,1,1754372520,05 0542  DYR/FLA,1754392118,1754392124,1801,0,0
1754372580_5..N01R,034300_5..N01R,5,0,1754372580,05 0543  180/DYR,1754387675,1754387678,741,0,0
1754372580_7..S,034300_7..S,7,1,1754372580,07 0543 MST/34H,1754389028,1754389031,1087,0,0
1754372700_1..S03R,034500_1..S03R,1,1,1754372700,01 0545  242/SFT,1754390468,1754390474,1707,0,0
1754372700_4..N01X126,034500_4..N01X126,4,0,1754372700,04 0545  UTI/WDL,1754391488,1754391494,1538,0,0
1754372700_4..S06R,034500_4..S06R,4,1,1754372700,04 0545  WDL/UTI,1754390723,1754390729,1407,0,0
1754372760_3..S01R,034600_3..S01R,3,1,1754372760,03 0546  148/NLT,1754391098,1754391104,1485,0,0
1754372820_7..N,034700_7..N,7,0,1754372820,07 0547 34H/MST,1754389313,1754389316,1092,0,0
1754372850_5..N60R,034750_5..N60R,5,0,1754372850,05 0547+ NLT/DYR,1754392538,1754392544,1832,0,0
1754372910_1..N03R,034850_1..N03R,1,0,1754372910,01 0548+ SFT/242,1754390834,1754390840,1429,0,0
1754372910_6..S01R,034850_6..S01R,6,1,1754372910,06 0548+ PEL/BBR,1754390840,1754390843,1430,0,0
1754372940_2..N01R,034900_2..N01R,2,0,1754372940,02 0549  FLA/241,1754392943,1754392949,1939,0,0
1754372970_7..S,034950_7..S,7,1,1754372970,07 0549+ MST/34H,1754389733,1754389739,1111,0,0
1754373000_5..S03R,035000_5..S03R,5,1,1754373000,05 0550  DYR/FLA,1754392478,1754392484,1824,0,0
1754373000_6..N01R,035000_6..N01R,6,0,1754373000,06 0550  BBR/PEL,1754391338,1754391344,1455,0,0
1754373000_GS.N01R,035000_GS.N01R,GS,0,1754373000,0S 0550  GCS/TSS,1754387504,1754387510,565,0,0
1754373060_2..S01R,035100_2..S01R,2,1,1754373060,02 0551  241/FLA,1754386889,1754386895,372,0,0
1754373180_4..N02X040,035300_4..N02X040,4,0,1754373180,04 0553  UTI/WDL,1754391929,1754391935,1594,0,0
1754373210_7..S,035350_7..S,7,1,1754373210,07 0553+ MST/34H,1754390039,1754390045,1134,0,0
1754373210_GS.S01R,035350_GS.S01R,GS,1,1754373210,0S 0553+ TSS/GCS,1754387678,1754387681,582,0,0
1754373240_4..S06R,035400_4..S06R,4,1,1754373240,04 0554  WDL/UTI,1754391638,1754391644,1522,0,0
1754373270_4..N14R,035450_4..N14R,4,0,1754373270,04 0554+ BWG/WDL,1754390699,1754390705,1242,0,0
1754373300_7..N,035500_7..N,7,0,1754373300,07 0555 34H/MST,1754390180,1754390183,1164,0,0
1754373300_GS.N04R,035500_GS.N04R,GS,0,1754373300,0S 0555  GCS/TSS,1754387774,1754387780,528,0,0
1754373420_1..S03R,035700_1..S03R,1,1,1754373420,01 0557  242/SFT,1754391158,1754391164,1339,0,0
1754373420_6..S01R,035700_6..S01R,6,1,1754373420,06 0557  PEL/BBR,1754391440,1754391443,1395,0,0
1754373450_3..S01R,035750_3..S01R,3,1,1754373450,03 0557+ 148/NLT,1754391938,1754391944,1516,0,0
1754373510_3..N01R,035850_3..N01R,3,0,1754373510,03 0558+ NLT/148,1754391899,1754391902,1507,0,0
1754373510_GS.S04R,035850_GS.S04R,GS,1,1754373510,0S 0558+ TSS/GCS,1754387969,1754387975,580,0,0
1754373570_7..S,035950_7..S,7,1,1754373570,07 0559+ MST/34H,1754390294,1754390300,1080,0,0
1754373600_2..S01R,036000_2..S01R,2,1,1754373600,02 0600  241/FLA,1754394113,1754394119,1820,0,0
1754373600_6..N01R,036000_6..N01R,6,0,1754373600,06 0600  BBR/PEL,1754391659,1754391662,1367,0,0
1754373600_GS.N01R,036000_GS.N01R,GS,0,1754373600,0S 0600  GCS/TSS,1754388095,1754388098,532,0,0
1754373630_2..S07R,036050_2..S07R,2,1,1754373630,02 0600+ 238/FLA,1754393867,1754393870,1954,0,0
1754373660_1..N03R,036100_1..N03R,1,0,1754373660,01 0601  SFT/242,1754391497,1754391500,1762,0,0
1754373660_2..N01R,036100_2..N01R,2,0,1754373660,02 0601  FLA/241,1754394047,1754394050,1963,0,0
1754373720_5..S04R,036200_5..S04R,5,1,1754373720,05 0602  DYR/FLA,1754393147,1754393150,1753,0,0
1754373720_7..N,036200_7..N,7,0,1754373720,07 0602 34H/MST,1754390429,1754390435,1109,0,0
1754373780_5..N01R,036300_5..N01R,5,0,1754373780,05 0603  180/DYR,1754388884,1754388890,740,0,0
1754373810_GS.S01R,036350_GS.S01R,GS,1,1754373810,0S 0603+ TSS/GCS,1754388284,1754388290,581,0,0
1754373870_4..S06R,036450_4..S06R,4,1,1754373870,04 0604+ WDL/UTI,1754391980,1754391983,1366,0,0
1754373900_4..N02X040,036500_4..N02X040,4,0,1754373900,04 0605  UTI/WDL,1754392373,1754392379,1224,0,0
1754373900_GS.N04R,036500_GS.N04R,GS,0,1754373900,0S 0605  GCS/TSS,1754388371,1754388374,526,0,0
1754373930_3..S01R,036550_3..S01R,3,1,1754373930,03 0605+ 148/NLT,1754392637,1754392640,1538,0,0
1754373930_7..S,036550_7..S,7,1,1754373930,07 0605+ MST/34H,1754390519,1754390525,1072,0,0
1754374080_5..S04R,036800_5..S04R,5,1,1754374080,05 0608  DYR/FLA,1754393243,1754393249,1700,0,0
1754374110_GS.S04R,036850_GS.S04R,GS,1,1754374110,0S 0608+ TSS/GCS,1754388578,1754388581,580,0,0
1754374140_1..S03R,036900_1..S03R,1,1,1754374140,01 0609  242/SFT,1754391938,1754391944,1962,0,0
1754374140_6..S02R,036900_6..S02R,6X,1,1754374140,06 0609  PEL/BBR,1754391782,1754391785,1317,0,0
1754374200_2..S05R,037000_2..S05R,2,1,1754374200,02 0610  241/FLA,1754394515,1754394518,1996,0,0
1754374200_5..N71R,037000_5..N71R,5,0,1754374200,05 0610  FLA/DYR,1754393513,1754393519,1410,0,0
1754374200_7..N,037000_7..N,7,0,1754374200,07 0610 34H/MST,1754390993,1754390999,945,0,0
1754374200_GS.N01R,037000_GS.N01R,GS,0,1754374200,0S 0610  GCS/TSS,1754388680,1754388683,528,0,0
1754374230_4..S06R,037050_4..S06R,4,1,1754374230,04 0610+ WDL/UTI,1754392319,1754392325,1374,0,0
1754374230_6..N01R,037050_6..N01R,6,0,1754374230,06 0610+ BBR/PEL,1754392217,1754392220,1347,0,0
1754374260_7..S,037100_7..S,7,1,1754374260,07 0611 MST/34H,1754390789,1754390795,1032,0,0
1754374290_6..S03R,037150_6..S03R,6,1,1754374290,06 0611+ 177/BBR,1754391593,1754391599,1193,0,0
1754374410_1..N03R,037350_1..N03R,1,0,1754374410,01 0613+ SFT/242,1754392598,1754392604,2043,0,0
1754374410_3..N01R,037350_3..N01R,3,0,1754374410,03 0613+ NLT/148,1754392823,1754392829,1507,0,0
1754374410_GS.S01R,037350_GS.S01R,GS,1,1754374410,0S 0613+ TSS/GCS,1754388869,1754388875,578,0,0
1754374440_5..S04R,037400_5..S04R,5,1,1754374440,05 0614  DYR/FLA,1754393537,1754393540,1697,0,0
1754374500_7X..S,037500_7X..S,7X,1,1754374500,07 0615 MST/34H,1754390954,1754390960,959,0,0
1754374500_GS.N04R,037500_GS.N04R,GS,0,1754374500,0S 0615  GCS/TSS,1754388983,1754388986,527,0,0
1754374530_5..S09R,037550_5..S09R,5,1,1754374530,05 0615+ 238/FLA,1754393753,1754393759,1678,0,0
1754374560_7..N,037600_7..N,7,0,1754374560,07 0616 34H/MST,1754391047,1754391050,978,0,0
1754374590_4..S06R,037650_4..S06R,4,1,1754374590,04 0616+ WDL/UTI,1754392853,1754392859,1436,0,0
1754374620_7..S,037700_7..S,7,1,1754374620,07 0617 MST/34H,1754391179,1754391185,1009,0,0
1754374680_2..N01R,037800_2..N01R,2,0,1754374680,02 0618  FLA/241,1754394887,1754394890,1534,0,0
1754374680_3..S01R,037800_3..S01R,3,1,1754374680,03 0618  148/NLT,1754393033,1754393039,1484,0,0
1754374680_6..S02R,037800_6..S02R,6X,1,1754374680,06 0618  PEL/BBR,1754392340,1754392343,1299,0,0
1754374710_6..N01R,037850_6..N01R,6,0,1754374710,06 0618+ BBR/PEL,1754392883,1754392889,1444,0,0
1754374710_GS.S04R,037850_GS.S04R,GS,1,1754374710,0S 0618+ TSS/GCS,1754389175,1754389178,576,0,0
1754374740_4..N06R,037900_4..N06R,4,0,1754374740,04 0619  UTI/WDL,1754393033,1754393039,1483,0,0
1754374800_7..N,038000_7..N,7,0,1754374800,07 0620 34H/MST,1754391314,1754391320,1014,0,0
1754374800_GS.N01R,038000_GS.N01R,GS,0,1754374800,0S 0620  GCS/TSS,1754389274,1754389280,523,0,0
1754374830_6..S03R,038050_6..S03R,6,1,1754374830,06 0620+ 177/BBR,1754392193,1754392199,1181,0,0
1754374860_1..S03R,038100_1..S03R,1,1,1754374860,01 0621  242/SFT,1754392553,1754392559,1276,0,0
1754374860_2..S05R,038100_2..S05R,2,1,1754374860,02 0621  241/FLA,1754395307,1754395310,2075,0,0
1754374860_2..S07R,038100_2..S07R,2,1,1754374860,02 0621  238/FLA,1754394923,1754394929,1958,0,0
1754374920_4..S06R,038200_4..S06R,4,1,1754374920,04 0622  WDL/UTI,1754393255,1754393258,1463,0,0
1754374980_5..N01R,038300_5..N01R,5,0,1754374980,05 0623  180/DYR,1754390099,1754390105,714,0,0
1754374980_7X..S,038300_7X..S,7X,1,1754374980,07 0623 MST/34H,1754391329,1754391335,977,0,0
1754375010_7..N,038350_7..N,7,0,1754375010,07 0623+ 34H/MST,1754391572,1754391575,1023,0,0
1754375010_GS.S01R,038350_GS.S01R,GS,1,1754375010,0S 0623+ TSS/GCS,1754389484,1754389490,574,0,0
1754375040_2..N01R,038400_2..N01R,2,0,1754375040,02 0624  FLA/241,1754395007,1754395010,1983,0,0
1754375070_7..S,038450_7..S,7,1,1754375070,07 0624+ 111/34H,1754391473,1754391479,931,0,0
1754375100_3..N01R,038500_3..N01R,3,0,1754375100,03 0625  NLT/148,1754393633,1754393639,1485,0,0
1754375100_7..S,038500_7..S,7,1,1754375100,07 0625 MST/34H,1754391593,1754391599,981,0,0
1754375100_GS.N04R,038500_GS.N04R,GS,0,1754375100,0S 0625  GCS/TSS,1754389574,1754389580,516,0,0
1754375160_1..N03R,038600_1..N03R,1,0,1754375160,01 0626  SFT/242,1754392898,1754392904,2123,0,0
1754375160_5..S04R,038600_5..S04R,5,1,1754375160,05 0626  DYR/FLA,1754394233,1754394239,1669,0,0
1754375190_6..N01R,038650_6..N01R,6,0,1754375190,06 0626+ BBR/PEL,1754393063,1754393069,1332,0,0
1754375220_6..S02R,038700_6..S02R,6X,1,1754375220,06 0627  PEL/BBR,1754392949,1754392952,1301,0,0
1754375250_4..N14R,038750_4..N14R,4,0,1754375250,04 0627+ BWG/WDL,1754392898,1754392904,1288,0,0
1754375250_5..S09R,038750_5..S09R,5,1,1754375250,05 0627+ 238/FLA,1754394677,1754394680,1805,0,0
1754375280_3..S01R,038800_3..S01R,3,1,1754375280,03 0628  148/NLT,1754393957,1754393960,1582,0,0
1754375280_4..S06R,038800_4..S06R,4,1,1754375280,04 0628  WDL/UTI,1754393573,1754393579,1467,0,0
1754375280_5..N71R,038800_5..N71R,5,0,1754375280,05 0628  FLA/DYR,1754394347,1754394350,1703,0,0
1754375280_7..N,038800_7..N,7,0,1754375280,07 0628 34H/MST,1754391680,1754391683,942,0,0
1754375280_7X..S,038800_7X..S,7X,1,1754375280,07 0628 MST/34H,1754391743,1754391749,957,0,0
1754375310_GS.S04R,038850_GS.S04R,GS,1,1754375310,0S 0628+ TSS/GCS,1754389769,1754389775,559,0,0
1754375340_1..S03R,038900_1..S03R,1,1,1754375340,01 0629  242/SFT,1754393027,1754393030,1321,0,0
1754375370_2..S05R,038950_2..S05R,2,1,1754375370,02 0629+ 241/FLA,1754395917,1754395920,2081,0,0
1754375370_6..S03R,038950_6..S03R,6,1,1754375370,06 0629+ 177/BBR,1754392577,1754392580,1122,0,0
1754375400_GS.N01R,039000_GS.N01R,GS,0,1754375400,0S 0630  GCS/TSS,1754389874,1754389880,505,0,0
1754375430_4..N06R,039050_4..N06R,4,0,1754375430,04 0630+ UTI/WDL,1754393927,1754393930,1494,0,0
1754375520_4..S34R,039200_4..S34R,4,1,1754375520,04 0632  WDL/UTI,1754394188,1754394194,1574,0,0
1754375520_7..N,039200_7..N,7,0,1754375520,07 0632 34H/MST,1754392190,1754392193,1035,0,0
1754375550_7X..S,039250_7X..S,7X,1,1754375550,07 0632+ MST/34H,1754391875,1754391878,948,0,0
1754375610_2..S07R,039350_2..S07R,2,1,1754375610,02 0633+ 238/FLA,1754396157,1754396160,2137,0,0
1754375610_GS.S01R,039350_GS.S01R,GS,1,1754375610,0S 0633+ TSS/GCS,1754390078,1754390084,550,0,0
1754375670_6..N01R,039450_6..N01R,6,0,1754375670,06 0634+ BBR/PEL,1754393555,1754393558,1303,0,0
1754375670_7..S,039450_7..S,7,1,1754375670,07 0634+ MST/34H,1754392160,1754392163,968,0,0
1754375700_1..S03R,039500_1..S03R,1,1,1754375700,01 0635  242/SFT,1754393357,1754393360,1250,0,0
1754375700_2..N01R,039500_2..N01R,2,0,1754375700,02 0635  FLA/241,1754395647,1754395650,1930,0,0
1754375700_2..S05R,039500_2..S05R,2,1,1754375700,02 0635  241/FLA,1754396748,1754396754,2220,0,0
1754375700_6..S02R,039500_6..S02R,6X,1,1754375700,06 0635  PEL/BBR,1754393495,1754393498,1287,0,0
1754375700_7..N,039500_7..N,7,0,1754375700,07 0635 34H/MST,1754392265,1754392268,996,0,0
1754375700_GS.N04R,039500_GS.N04R,GS,0,1754375700,0S 0635  GCS/TSS,1754390204,1754390210,498,0,0
1754375730_3..N01R,039550_3..N01R,3,0,1754375730,03 0635+ NLT/148,1754394023,1754394029,1444,0,0
1754375790_5..S04R,039650_5..S04R,5,1,1754375790,05 0636+ DYR/FLA,1754395037,1754395040,1754,0,0
1754375820_4..S34R,039700_4..S34R,4,1,1754375820,04 0637  WDL/UTI,1754394497,1754394500,1591,0,0
1754375850_7X..S,039750_7X..S,7X,1,1754375850,07 0637+ MST/34H,1754392313,1754392319,964,0,0
1754375880_5..N71R,039800_5..N71R,5,0,1754375880,05 0638  FLA/DYR,1754394893,1754394899,1709,0,0
1754375880_6..S,039800_6..S,6,1,1754375880,06 0638  177/BBR,1754393360,1754393363,263,0,0
1754375880_6..S03R,039800_6..S03R,6,1,1754375880,06 0638  177/BBR,1754392328,1754392334,975,0,0
1754375880_7..N,039800_7..N,7,0,1754375880,07 0638 34H/MST,1754392508,1754392514,1015,0,0
1754375910_1..N03R,039850_1..N03R,1,0,1754375910,01 0638+ SFT/242,1754394017,1754394020,1441,0,0
1754375910_GS.S04R,039850_GS.S04R,GS,1,1754375910,0S 0638+ TSS/GCS,1754390384,1754390390,538,0,0
1754375970_5..S09R,039950_5..S09R,5,1,1754375970,05 0639+ 238/FLA,1754395524,1754395530,1818,0,0
1754376000_GS.N01R,040000_GS.N01R,GS,0,1754376000,0S 0640  GCS/TSS,1754390483,1754390489,480,0,0
1754376090_4..N06R,040150_4..N06R,4,0,1754376090,04 0641+ UTI/WDL,1754394455,1754394458,1499,0,0
1754376090_7..N,040150_7..N,7,0,1754376090,07 0641+ 34H/MST,1754392742,1754392745,1021,0,0
1754376120_2..S05R,040200_2..S05R,2,1,1754376120,02 0642  241/FLA,1754397102,1754397105,2214,0,0
1754376150_1..S04R,040250_1..S04R,1,1,1754376150,01 0642+ 238/SFT,1754393765,1754393768,1283,0,0
1754376150_6..N01R,040250_6..N01R,6,0,1754376150,06 0642+ BBR/PEL,1754394053,1754394059,1375,0,0
1754376150_6..S02R,040250_6..S02R,6X,1,1754376150,06 0642+ PEL/BBR,1754393925,1754393927,1334,0,0
1754376150_7X..S,040250_7X..S,7X,1,1754376150,07 0642+ MST/34H,1754392472,1754392475,871,0,0
1754376180_4..S34R,040300_4..S34R,4,1,1754376180,04 0643  WDL/UTI,1754394735,1754394740,1583,0,0
1754376180_5..N01R,040300_5..N01R,5,0,1754376180,05 0643  180/DYR,1754391449,1754391455,677,0,0
1754376210_7..N,040350_7..N,7,0,1754376210,07 0643+ 34H/MST,1754392799,1754392802,958,0,0
1754376210_GS.S01R,040350_GS.S01R,GS,1,1754376210,0S 0643+ TSS/GCS,1754390693,1754390699,521,0,0
1754376270_7..S,040450_7..S,7,1,1754376270,07 0644+ MST/34H,1754392718,1754392724,937,0,0
1754376300_2..N01R,040500_2..N01R,2,0,1754376300,02 0645  FLA/241,1754396403,1754396409,1972,0,0
1754376300_3..N01R,040500_3..N01R,3,0,1754376300,03 0645  NLT/148,1754394887,1754394890,1549,0,0
1754376300_GS.N04R,040500_GS.N04R,GS,0,1754376300,0S 0645  GCS/TSS,1754390789,1754390795,461,0,0
1754376360_1..S03R,040600_1..S03R,1,1,1754376360,01 0646  242/SFT,1754394107,1754394110,1311,0,0
1754376360_6..S03R,040600_6..S03R,6,1,1754376360,06 0646  177/BBR,1754393678,1754393684,1176,0,0
1754376390_5..S09R,040650_5..S09R,5,1,1754376390,05 0646+ 238/FLA,1754396043,1754396049,1870,0,0
1754376450_7X..S,040750_7X..S,7X,1,1754376450,07 0647+ MST/34H,1754392883,1754392889,969,0,0
1754376480_7..N,040800_7..N,7,0,1754376480,07 0648 34H/MST,1754393045,1754393048,1012,0,0
1754376510_5..N71R,040850_5..N71R,5,0,1754376510,05 0648+ FLA/DYR,1754395737,1754395740,1793,0,0
1754376510_GS.S04R,040850_GS.S04R,GS,1,1754376510,0S 0648+ TSS/GCS,1754391005,1754391008,503,0,0
1754376540_3..S01R,040900_3..S01R,3,1,1754376540,03 0649  148/NLT,1754394875,1754394878,1545,0,0
1754376540_4..S34R,040900_4..S34R,4,1,1754376540,04 0649  WDL/UTI,1754394983,1754394989,1576,0,0
1754376570_6..N01R,040950_6..N01R,6,0,1754376570,06 0649+ BBR/PEL,1754394623,1754394629,1392,0,0
1754376600_5..S04R,041000_5..S04R,5,1,1754376600,05 0650  DYR/FLA,1754395665,1754395668,1698,0,0
1754376600_6..S02R,041000_6..S02R,6X,1,1754376600,06 0650  PEL/BBR,1754394410,1754394413,1326,0,0
1754376600_GS.N01R,041000_GS.N01R,GS,0,1754376600,0S 0650  GCS/TSS,1754391086,1754391089,445,0,0
1754376630_1..N03R,041050_1..N03R,1,0,1754376630,01 0650+ SFT/242,1754394293,1754394299,1726,0,0
1754376630_7..N,041050_7..N,7,0,1754376630,07 0650+ 34H/MST,1754393162,1754393165,979,0,0
1754376690_4..N06R,041150_4..N06R,4,0,1754376690,04 0651+ UTI/WDL,1754394857,1754394860,1462,0,0
1754376750_1..S04R,041250_1..S04R,1,1,1754376750,01 0652+ 238/SFT,1754394473,1754394479,1347,0,0
1754376750_6..S03R,041250_6..S03R,6,1,1754376750,06 0652+ 177/BBR,1754394128,1754394134,1239,0,0
1754376750_7X..S,041250_7X..S,7X,1,1754376750,07 0652+ MST/34H,1754393207,1754393210,981,0,0
1754376810_2..S,041350_2..S,2,1,1754376810,/2 0653+ 241/FLA,1754397738,1754397744,258,2,0
1754376810_2..S05R,041350_2..S05R,2,1,1754376810,02 0653+ 241/FLA,1754396505,1754396739,1950,0,0
1754376810_GS.S01R,041350_GS.S01R,GS,1,1754376810,0S 0653+ TSS/GCS,1754391284,1754391290,486,0,0
1754376870_7..S,041450_7..S,7,1,1754376870,07 0654+ MST/34H,1754393603,1754393609,1061,0,0
1754376900_2..N01R,041500_2..N01R,2,0,1754376900,02 0655  FLA/241,1754396808,1754396814,1922,0,0
1754376900_3..N01R,041500_3..N01R,3,0,1754376900,03 0655  NLT/148,1754395515,1754395521,1582,0,0
1754376900_7..N,041500_7..N,7,0,1754376900,07 0655 34H/WPT,1754393243,1754393249,927,0,0
1754376900_GS.N04R,041500_GS.N04R,GS,0,1754376900,0S 0655  GCS/TSS,1754391389,1754391395,432,0,0
1754376930_1..S03R,041550_1..S03R,1,1,1754376930,01 0655+ 242/SFT,1754394827,1754394830,1378,0,0
1754376960_6..N01R,041600_6..N01R,6,0,1754376960,06 0656  BBR/PEL,1754394935,1754394938,1408,0,0
1754376990_6..S02R,041650_6..S02R,6X,1,1754376990,06 0656+ PEL/BBR,1754394923,1754394929,1405,0,0
1754377020_3..S03R,041700_3..S03R,3,1,1754377020,03 0657  145/NLT,1754395313,1754395319,1524,0,0
1754377050_7X..S,041750_7X..S,7X,1,1754377050,07 0657+ MST/34H,1754393459,1754393462,974,0,0
1754377080_5..S09R,041800_5..S09R,5,1,1754377080,05 0658  238/FLA,1754396505,1754396739,1851,0,0
1754377080_7..N,041800_7..N,7,0,1754377080,07 0658 34H/MST,1754393507,1754393510,971,0,0
1754377110_4..S34R,041850_4..S34R,4,1,1754377110,04 0658+ WDL/UTI,1754395605,1754395608,1605,0,0
1754377110_GS.S04R,041850_GS.S04R,GS,1,1754377110,0S 0658+ TSS/GCS,1754391617,1754391620,484,0,0
1754377170_5..S06R,041950_5..S06R,5,1,1754377170,05 0659+ DYR/UTI,1754395794,1754395797,1584,0,0
1754377200_4..S39R,042000_4..S39R,4,1,1754377200,04 0700  KGB/UTI,1754395247,1754395250,1363,0,0
1754377200_7..N,042000_7..N,7,0,1754377200,07 0700 34H/MST,1754393693,1754393699,990,0,0
1754377200_GS.N01R,042000_GS.N01R,GS,0,1754377200,0S 0700  GCS/TSS,1754391692,1754391695,433,0,0
1754377230_2..S05R,042050_2..S05R,2,1,1754377230,02 0700+ 241/FLA,1754398116,1754398125,2198,0,0
1754377260_3..S01R,042100_3..S01R,3,1,1754377260,03 0701  148/NLT,1754395815,1754395818,1590,0,0
1754377260_5..N71R,042100_5..N71R,5,0,1754377260,05 0701  FLA/DYR,1754396439,1754396442,1756,0,0
1754377260_6..S03R,042100_6..S03R,6,1,1754377260,06 0701  177/BBR,1754394600,1754394602,1237,0,0
1754377290_4..N06R,042150_4..N06R,4,0,1754377290,04 0701+ UTI/WDL,1754395418,1754395424,1486,0,0
1754377320_1..S04R,042200_1..S04R,1,1,1754377320,01 0702  238/SFT,1754395142,1754395154,1400,0,0
1754377320_6..S02R,042200_6..S02R,6X,1,1754377320,06 0702  PEL/BBR,1754395223,1754395229,1424,0,0
1754377350_1..N03R,042250_1..N03R,1,0,1754377350,01 0702+ SFT/242,1754394983,1754394989,1935,0,0
1754377350_2..S06R,042250_2..S06R,2,1,1754377350,02 0702+ 241/NLT,1754398677,1754398680,2340,0,0
1754377350_3..N01R,042250_3..N01R,3,0,1754377350,03 0702+ NLT/148,1754396073,1754396079,1658,0,0
1754377350_6..N01R,042250_6..N01R,6,0,1754377350,06 0702+ BBR/PEL,1754395533,1754395539,1515,0,0
1754377350_7..N,042250_7..N,7,0,1754377350,07 0702+ 34H/MST,1754393942,1754393945,1044,0,0
1754377350_7X..S,042250_7X..S,7X,1,1754377350,07 0702+ MST/34H,1754393858,1754393864,1018,0,0
1754377410_4..S34R,042350_4..S34R,4,1,1754377410,04 0703+ WDL/UTI,1754396004,1754396007,1639,0,0
1754377410_GS.S01R,042350_GS.S01R,GS,1,1754377410,0S 0703+ TSS/GCS,1754391899,1754391902,482,0,0
1754377470_2..N01R,042450_2..N01R,2,0,1754377470,02 0704+ FLA/241,1754397507,1754397510,1968,0,0
1754377470_4..N06R,042450_4..N06R,4,0,1754377470,04 0704+ UTI/WDL,1754395953,1754395959,1558,0,0
1754377470_7..S,042450_7..S,7,1,1754377470,07 0704+ MST/34H,1754393945,1754393948,1009,0,0
1754377500_7..N,042500_7..N,7,0,1754377500,07 0705 34H/MST,1754394089,1754394092,1054,0,0
1754377500_GS.N04R,042500_GS.N04R,GS,0,1754377500,0S 0705  GCS/TSS,1754392013,1754392019,441,0,0
1754377530_1..S03R,042550_1..S03R,1,1,1754377530,01 0705+ 242/SFT,1754395403,1754395409,1413,0,0
1754377530_6..S02R,042550_6..S02R,6X,1,1754377530,06 0705+ PEL/BBR,1754395593,1754395599,1463,0,0
1754377650_5..S04R,042750_5..S04R,5,1,1754377650,05 0707+ DYR/FLA,1754397153,1754397159,1875,0,0
1754377650_6..S03R,042750_6..S03R,6,1,1754377650,06 0707+ 177/BBR,1754395058,1754395064,1306,0,0
1754377650_7..N,042750_7..N,7,0,1754377650,07 0707+ 34H/111,1754393768,1754393774,907,0,0
1754377650_7X..S,042750_7X..S,7X,1,1754377650,07 0707+ MST/34H,1754394092,1754394095,1009,0,0
1754377680_4..S34R,042800_4..S34R,4,1,1754377680,04 0708  WDL/UTI,1754396220,1754396223,1628,0,0
1754377680_6..N03R,042800_6..N03R,6,0,1754377680,06 0708  BBR/177,1754395028,1754395034,1297,0,0
1754377710_3..N01R,042850_3..N01R,3,0,1754377710,03 0708+ NLT/148,1754396373,1754396379,1669,0,0
1754377710_5..N71R,042850_5..N71R,5,0,1754377710,05 0708+ FLA/DYR,1754396793,1754396799,1775,0,0
1754377710_GS.S04R,042850_GS.S04R,GS,1,1754377710,0S 0708+ TSS/GCS,1754392205,1754392208,490,0,0
1754377800_3..S01R,043000_3..S01R,3,1,1754377800,03 0710  148/NLT,1754396757,1754396760,1701,0,0
1754377800_7..N,043000_7..N,7,0,1754377800,07 0710 34H/MST,1754394077,1754394080,978,1,0
1754377800_GS.N01R,043000_GS.N01R,GS,0,1754377800,0S 0710  GCS/TSS,1754392289,1754392292,446,0,0
1754377830_4..N03R,043050_4..N03R,4,0,1754377830,04 0710+ NLT/WDL,1754397102,1754397105,1794,0,0
1754377860_4..S35R,043100_4..S35R,4,1,1754377860,04 0711  WDL/BWG,1754392193,1754392262,21,0,0
1754377890_4..N06R,043150_4..N06R,4,0,1754377890,04 0711+ UTI/WDL,1754396247,1754396250,1569,0,0
1754377890_6..S02R,043150_6..S02R,6X,1,1754377890,06 0711+ PEL/BBR,1754395770,1754395773,1442,0,0
1754377920_1..S04R,043200_1..S04R,1,1,1754377920,01 0712  238/SFT,1754395743,1754395749,1435,0,0
1754377920_6..N01R,043200_6..N01R,6,0,1754377920,06 0712  BBR/PEL,1754395935,1754395938,1486,0,0
1754377950_2..S07R,043250_2..S07R,2,1,1754377950,02 0712+ 238/FLA,1754398608,1754398614,2187,0,0
1754377950_7..N,043250_7..N,7,0,1754377950,07 0712+ 34H/MST,1754394377,1754394380,1042,0,0
1754377950_7X..S,043250_7X..S,7X,1,1754377950,07 0712+ MST/34H,1754394329,1754394332,1027,0,0
1754378010_2..N01R,043350_2..N01R,2,0,1754378010,02 0713+ FLA/241,1754398488,1754398494,2153,0,0
1754378010_4..N06R,043350_4..N06R,4,0,1754378010,04 0713+ UTI/WDL,1754396439,1754396442,1619,0,0
1754378010_6..S03R,043350_6..S03R,6,1,1754378010,06 0713+ 177/BBR,1754395433,1754395439,1353,0,0
1754378010_GS.S01R,043350_GS.S01R,GS,1,1754378010,0S 0713+ TSS/GCS,1754392493,1754392499,499,0,0
1754378040_4..S35R,043400_4..S35R,4,1,1754378040,04 0714  WDL/BWG,1754395725,1754395728,1429,0,0
1754378040_4..S36R,043400_4..S36R,4,1,1754378040,04 0714  BPK/UTI,1754396439,1754396442,1590,0,0
1754378040_7..S,043400_7..S,7,1,1754378040,07 0714 111/34H,1754394518,1754394524,1066,0,0
1754378040_GS.N04R,043400_GS.N04R,GS,0,1754378040,0S 0714  GCS/TSS,1754392547,1754392550,513,0,0
1754378070_1..N03R,043450_1..N03R,1,0,1754378070,01 0714+ SFT/242,1754395815,1754395818,2173,0,0
1754378070_1..S03R,043450_1..S03R,1,1,1754378070,01 0714+ 242/SFT,1754395983,1754395989,1438,0,0
1754378070_7..S,043450_7..S,7,1,1754378070,07 0714+ MST/34H,1754394758,1754394764,1131,0,0
1754378100_7..N,043500_7..N,7,0,1754378100,07 0715 34H/111,1754394210,1754394212,953,0,0
1754378160_3..S01R,043600_3..S01R,3,1,1754378160,03 0716  148/NLT,1754397153,1754397159,1746,0,0
1754378190_5..N62R,043650_5..N62R,5,0,1754378190,05 0716+ NLT/DYR,1754398089,1754398092,1993,0,0
1754378190_5..S04R,043650_5..S04R,5,1,1754378190,05 0716+ DYR/FLA,1754398008,1754398014,1972,0,0
1754378190_5..S09R,043650_5..S09R,5,1,1754378190,05 0716+ 238/FLA,1754398257,1754398260,2032,0,0
1754378190_6..N03R,043650_6..N03R,6,0,1754378190,06 0716+ BBR/177,1754395524,1754395530,1316,0,0
1754378220_5..N71R,043700_5..N71R,5,0,1754378220,05 0717  FLA/DYR,1754397768,1754397774,1909,0,0
1754378250_7..N,043750_7..N,7,0,1754378250,07 0717+ 34H/111,1754394305,1754394308,944,0,0
1754378250_7X..S,043750_7X..S,7X,1,1754378250,07 0717+ MST/34H,1754394605,1754394608,1036,0,0
1754378250_GS.S04R,043750_GS.S04R,GS,1,1754378250,0S 0717+ TSS/GCS,1754392727,1754392730,501,0,0
1754378280_2..S05R,043800_2..S05R,2,1,1754378280,02 0718  241/FLA,1754399109,1754399115,2254,0,0
1754378280_6..S,043800_6..S,6X,1,1754378280,/6 0718  PEL/BBR,1754396403,1754396409,141,0,0
1754378280_6..S02R,043800_6..S02R,6X,1,1754378280,/6 0718  PEL/BBR,1754395875,1754395884,1408,0,0
1754378280_GS.N01R,043800_GS.N01R,GS,0,1754378280,0S 0718  GCS/TSS,1754392778,1754392784,514,0,0
1754378310_1..S03R,043850_1..S03R,1,1,1754378310,01 0718+ 242/SFT,1754396238,1754396244,1505,0,0
1754378310_4..S34R,043850_4..S34R,4,1,1754378310,04 0718+ WDL/UTI,1754396877,1754396880,1672,0,0
1754378340_3..N01R,043900_3..N01R,3,0,1754378340,03 0719  NLT/148,1754397102,1754397105,1706,0,0
1754378400_4..N06R,044000_4..N06R,4,0,1754378400,04 0720  UTI/WDL,1754396937,1754396940,1629,0,0
1754378400_7..N,044000_7..N,7,0,1754378400,07 0720 34H/MST,1754394758,1754394764,1064,0,0
1754378460_2..S05R,044100_2..S05R,2,1,1754378460,02 0721  241/FLA,1754399508,1754399514,2302,0,0
1754378460_6..N01R,044100_6..N01R,6,0,1754378460,06 0721  BBR/PEL,1754396418,1754396424,1494,0,0
1754378490_GS.S01R,044150_GS.S01R,GS,1,1754378490,0S 0721+ TSS/GCS,1754393000,1754393003,514,0,0
1754378520_GS.N04R,044200_GS.N04R,GS,0,1754378520,0S 0722  GCS/TSS,1754393063,1754393069,531,0,0
1754378550_3..S01R,044250_3..S01R,3,1,1754378550,03 0722+ 148/NLT,1754397507,1754397510,1779,0,0
1754378550_4..S34R,044250_4..S34R,4,1,1754378550,04 0722+ WDL/UTI,1754397438,1754397444,1762,0,0
1754378550_6..S03R,044250_6..S03R,6,1,1754378550,06 0722+ 177/BBR,1754395953,1754395959,1370,0,0
1754378550_7..N,044250_7..N,7,0,1754378550,07 0722+ 34H/MST,1754395070,1754395073,1111,0,0
1754378550_7X..S,044250_7X..S,7X,1,1754378550,07 0722+ MST/34H,1754394902,1754394905,1059,0,0
1754378580_1..S04R,044300_1..S04R,1,1,1754378580,01 0723  238/SFT,1754396427,1754396430,1495,0,0
1754378580_2..N01R,044300_2..N01R,2,0,1754378580,02 0723  FLA/241,1754398938,1754398944,2150,0,0
1754378580_2..N03R,044300_2..N03R,2,0,1754378580,02 0723  NLT/241,1754399337,1754399340,2253,0,0
1754378580_6..S,044300_6..S,6X,1,1754378580,/6 0723  PEL/BBR,1754396604,1754396607,57,0,0
1754378580_6..S02R,044300_6..S02R,6X,1,1754378580,/6 0723  PEL/BBR,1754396352,1754396355,1475,0,0
1754378670_7..S,044450_7..S,7,1,1754378670,07 0724+ MST/34H,1754395418,1754395424,1209,0,0
1754378700_1..S03R,044500_1..S03R,1,1,1754378700,01 0725  242/SFT,1754396505,1754396739,1501,0,0
1754378700_7..N,044500_7..N,7,0,1754378700,07 0725 34H/111,1754394854,1754394857,1026,0,0
1754378730_6..N03R,044550_6..N03R,6,0,1754378730,06 0725+ BBR/177,1754396058,1754396064,1333,0,0
1754378730_GS.S04R,044550_GS.S04R,GS,1,1754378730,0S 0725+ TSS/GCS,1754393213,1754393219,506,0,0
1754378760_GS.N01R,044600_GS.N01R,GS,0,1754378760,0S 0726  GCS/TSS,1754393279,1754393282,523,0,0
1754378790_1..N03R,044650_1..N03R,1,0,1754378790,01 0726+ SFT/242,1754396739,1754396742,1511,0,0
1754378820_3..N01R,044700_3..N01R,3,0,1754378820,03 0727  NLT/148,1754397588,1754397594,1736,0,0
1754378850_7..N,044750_7..N,7,0,1754378850,07 0727+ 34H/111,1754395160,1754395163,1085,0,0
1754378850_7X..S,044750_7X..S,7X,1,1754378850,07 0727+ MST/34H,1754395268,1754395274,1120,0,0
1754378880_5..N84R,044800_5..N84R,5,0,1754378880,05 0728  FLA/180,1754397546,1754397552,1724,0,0
1754378880_5..S09R,044800_5..S09R,5,1,1754378880,05 0728  238/FLA,1754399367,1754399370,2197,0,0
1754378910_1..S03R,044850_1..S03R,1,1,1754378910,01 0728+ 242/SFT,1754396907,1754396910,1554,0,0
1754378940_4..N06R,044900_4..N06R,4,0,1754378940,04 0729  UTI/WDL,1754397279,1754397282,1654,0,0
1754378940_5..S04R,044900_5..S04R,5,1,1754378940,05 0729  DYR/FLA,1754398947,1754398950,2181,0,0
1754378940_6..S02R,044900_6..S02R,6X,1,1754378940,06 0729  PEL/BBR,1754396907,1754396910,1555,0,0
1754378970_2..S05R,044950_2..S05R,2,1,1754378970,02 0729+ 241/FLA,1754399808,1754399814,2256,0,0
1754378970_6..N01R,044950_6..N01R,6,0,1754378970,06 0729+ BBR/PEL,1754396877,1754396880,1487,0,0
1754378970_7..N,044950_7..N,7,0,1754378970,07 0729+ 34H/MST,1754395617,1754395620,1192,0,0
1754378970_GS.S01R,044950_GS.S01R,GS,1,1754378970,0S 0729+ TSS/GCS,1754393453,1754393459,509,0,0
1754379000_3..S03R,045000_3..S03R,3,1,1754379000,03 0730  145/NLT,1754397978,1754397984,1777,0,0
1754379000_GS.N04R,045000_GS.N04R,GS,0,1754379000,0S 0730  GCS/TSS,1754393477,1754393480,515,0,0
1754379030_4..S36R,045050_4..S36R,4,1,1754379030,04 0730+ BPK/UTI,1754397732,1754397735,1708,0,0
1754379060_2..N01R,045100_2..N01R,2,0,1754379060,02 0731  FLA/241,1754399787,1754399790,2248,0,0
1754379060_4..S34R,045100_4..S34R,4,1,1754379060,04 0731  WDL/UTI,1754398020,1754398023,1789,0,0
1754379090_7..N,045150_7..N,7,0,1754379090,07 0731+ 34H/WPT,1754395542,1754395545,1140,0,0
1754379090_7X..S,045150_7X..S,7X,1,1754379090,07 0731+ MST/34H,1754395500,1754395503,1129,0,0
1754379150_1..N03R,045250_1..N03R,1,0,1754379150,01 0732+ SFT/242,1754396928,1754396934,1499,0,0
1754379180_6..S03R,045300_6..S03R,6,1,1754379180,06 0733  177/BBR,1754396775,1754396778,1459,0,0
1754379210_5..N71R,045350_5..N71R,5,0,1754379210,05 0733+ FLA/DYR,1754398929,1754398932,2022,0,0
1754379210_6..N03R,045350_6..N03R,6,0,1754379210,06 0733+ BBR/177,1754396505,1754396739,1417,0,0
1754379210_7..S,045350_7..S,7,1,1754379210,07 0733+ MST/34H,1754395752,1754395755,1182,0,0
1754379210_GS.S04R,045350_GS.S04R,GS,1,1754379210,0S 0733+ TSS/GCS,1754393687,1754393690,569,0,0
1754379240_1..S04R,045400_1..S04R,1,1,1754379240,01 0734  238/SFT,1754397138,1754397144,1555,0,0
1754379240_3..S,045400_3..S,3,1,1754379240,/3 0734  148/NLT,1754398449,1754398452,184,0,0
1754379240_3..S01R,045400_3..S01R,3,1,1754379240,/3 0734  148/NLT,1754397606,1754397612,1678,0,0
1754379240_7..N,045400_7..N,7,0,1754379240,07 0734 34H/MST,1754395983,1754395989,1239,0,0
1754379240_GS.N01R,045400_GS.N01R,GS,0,1754379240,0S 0734  GCS/TSS,1754393723,1754393729,580,0,0
1754379270_2..S07R,045450_2..S07R,2,1,1754379270,02 0734+ 238/FLA,1754399919,1754399922,2210,0,0
1754379270_3..N01R,045450_3..N01R,3,0,1754379270,03 0734+ NLT/148,1754398188,1754398194,1752,0,0
1754379270_4..N06R,045450_4..N06R,4,0,1754379270,04 0734+ UTI/WDL,1754397588,1754397594,1601,0,0
1754379270_6..S02R,045450_6..S02R,6X,1,1754379270,06 0734+ PEL/BBR,1754397273,1754397279,1518,0,0
1754379300_4..S34R,045500_4..S34R,4,1,1754379300,04 0735  WDL/UTI,1754398302,1754398305,1783,0,0
1754379330_2..S05R,045550_2..S05R,2,1,1754379330,02 0735+ 241/FLA,1754400237,1754400240,2295,0,0
1754379390_7..N,045650_7..N,7,0,1754379390,07 0736+ 34H/MST,1754396163,1754396169,1238,0,0
1754379420_1..S03R,045700_1..S03R,1,1,1754379420,01 0737  242/SFT,1754397357,1754397360,1539,0,0
1754379420_2..N01R,045700_2..N01R,2,0,1754379420,02 0737  FLA/241,1754400198,1754400204,2284,0,0
1754379450_7X..S,045750_7X..S,7X,1,1754379450,07 0737+ MST/34H,1754395890,1754395893,1160,0,0
1754379450_GS.S01R,045750_GS.S01R,GS,1,1754379450,0S 0737+ TSS/GCS,1754393933,1754393939,573,0,0
1754379480_3..S01R,045800_3..S01R,3,1,1754379480,03 0738  148/NLT,1754398809,1754398812,1869,0,0
1754379480_6..N01R,045800_6..N01R,6,0,1754379480,06 0738  BBR/PEL,1754397507,1754397510,1579,0,0
1754379480_GS.N04R,045800_GS.N04R,GS,0,1754379480,0S 0738  GCS/TSS,1754393963,1754393969,582,0,0
1754379510_1..N03R,045850_1..N03R,1,0,1754379510,01 0738+ SFT/242,1754397339,1754397342,1533,0,0
1754379510_7..N,045850_7..N,7,0,1754379510,07 0738+ 34H/MST,1754396358,1754396364,1265,0,0
1754379529_7..N,045883_7..N,7,0,1754379529,=7 0738+ 111/MST,1754394278,1754394284,668,0,0
1754379540_6..S03R,045900_6..S03R,6,1,1754379540,06 0739  177/BBR,1754397102,1754397105,1462,0,0
1754379570_7..S,045950_7..S,7,1,1754379570,07 0739+ MST/34H,1754396148,1754396154,1201,0,0
1754379600_5..S15R,046000_5..S15R,5,1,1754379600,05 0740  238/UTI,1754399418,1754399424,2004,0,0
1754379600_6..N03R,046000_6..N03R,6,0,1754379600,06 0740  BBR/177,1754397108,1754397114,1401,0,0
1754379630_5..N71R,046050_5..N71R,5,0,1754379630,05 0740+ FLA/DYR,1754399067,1754399070,1911,0,0
1754379630_6..S02R,046050_6..S02R,6X,1,1754379630,06 0740+ PEL/BBR,1754397483,1754397489,1501,0,0
1754379630_7..N,046050_7..N,7,0,1754379630,07 0740+ 34H/111,1754395944,1754395947,1112,0,0
1754379630_7..S,046050_7..S,7,1,1754379630,07 0740+ WPT/34H,1754396028,1754396034,1135,0,0
1754379660_1..S03R,046100_1..S03R,1,1,1754379660,01 0741  242/SFT,1754397663,1754397669,1546,0,0
1754379690_2..S06R,046150_2..S06R,2,1,1754379690,02 0741+ 241/NLT,1754400777,1754400780,2367,0,0
1754379690_4..N06R,046150_4..N06R,4,0,1754379690,04 0741+ UTI/WDL,1754398125,1754398131,1668,0,0
1754379690_5..S04R,046150_5..S04R,5,1,1754379690,05 0741+ DYR/FLA,1754399607,1754399610,2053,0,0
1754379690_GS.S04R,046150_GS.S04R,GS,1,1754379690,0S 0741+ TSS/GCS,1754394170,1754394173,574,0,0
1754379720_3..N01R,046200_3..N01R,3,0,1754379720,03 0742  NLT/148,1754399007,1754399010,1894,0,0
1754379720_5..S42R,046200_5..S42R,5,1,1754379720,05 0742  180/BWG,1754396505,1754396739,1268,0,0
1754379720_GS.N01R,046200_GS.N01R,GS,0,1754379720,0S 0742  GCS/TSS,1754394233,1754394239,593,0,0
1754379780_7..N,046300_7..N,7,0,1754379780,07 0743 34H/111,1754396043,1754396049,1103,0,0
1754379810_4..N06R,046350_4..N06R,4,0,1754379810,04 0743+ UTI/WDL,1754393939,1754394212,177,0,0
1754379810_4..S34R,046350_4..S34R,4,1,1754379810,04 0743+ WDL/UTI,1754399028,1754399034,1901,0,0
1754379810_4..S36R,046350_4..S36R,4,1,1754379810,04 0743+ BPK/UTI,1754398713,1754398719,1819,0,0
1754379810_7X..S,046350_7X..S,7X,1,1754379810,07 0743+ MST/34H,1754396310,1754396313,1124,0,0
1754379840_6..N01R,046400_6..N01R,6,0,1754379840,06 0744  BBR/PEL,1754398008,1754398014,1637,0,0
1754379870_1..N03R,046450_1..N03R,1,0,1754379870,01 0744+ SFT/242,1754397627,1754397630,1457,0,0
1754379870_2..S05R,046450_2..S05R,2,1,1754379870,02 0744+ 241/FLA,1754400828,1754400834,2302,0,0
1754379870_5..N84R,046450_5..N84R,5,0,1754379870,05 0744+ FLA/180,1754398968,1754398974,1807,0,0
1754379930_7..N,046550_7..N,7,0,1754379930,07 0745+ 34H/MST,1754396505,1754396739,1212,0,0
1754379930_GS.S01R,046550_GS.S01R,GS,1,1754379930,0S 0745+ TSS/GCS,1754394437,1754394440,578,0,0
1754379960_GS.N04R,046600_GS.N04R,GS,0,1754379960,0S 0746  GCS/TSS,1754394452,1754394455,583,0,0
1754379979_7..N,046633_7..N,7,0,1754379979,=7 0746 111/MST,1754394675,1754394677,672,0,0
1754379990_2..N01R,046650_2..N01R,2,0,1754379990,02 0746+ FLA/241,1754400588,1754400594,2232,0,0
1754380020_6..S02R,046700_6..S02R,6X,1,1754380020,06 0747  PEL/BBR,1754397960,1754397963,1545,0,0
1754380050_4..S34R,046750_4..S34R,4,1,1754380050,04 0747+ WDL/UTI,1754399187,1754399190,1861,0,0
1754380050_7..S,046750_7..S,7,1,1754380050,07 0747+ MST/34H,1754396790,1754396793,1247,0,0
1754380080_1..S03R,046800_1..S03R,1,1,1754380080,01 0748  242/SFT,1754398149,1754398152,1591,0,0
1754380080_6..N03R,046800_6..N03R,6,0,1754380080,06 0748  BBR/177,1754397555,1754397561,1439,0,0
1754380080_7..N,046800_7..N,7,0,1754380080,07 0748 34H/MST,1754396505,1754396739,1182,0,0
1754380110_3..S,046850_3..S,3,1,1754380110,/3 0748+ 145/NLT,1754398977,1754398980,159,0,0
1754380110_3..S03R,046850_3..S03R,3,1,1754380110,03 0748+ 145/NLT,1754398278,1754398284,1588,0,0
1754380140_4..N06R,046900_4..N06R,4,0,1754380140,04 0749  UTI/WDL,1754398698,1754398704,1736,0,0
1754380140_5..S11R,046900_5..S11R,5,1,1754380140,05 0749  238/BWG,1754398548,1754398554,1696,0,0
1754380140_7..N,046900_7..N,7,0,1754380140,=7 0749 111/WPT,1754394465,1754394467,567,0,0
1754380170_7X..S,046950_7X..S,7X,1,1754380170,07 0749+ MST/34H,1754396505,1754396739,1157,0,0
1754380170_GS.S04R,046950_GS.S04R,GS,1,1754380170,0S 0749+ TSS/GCS,1754394653,1754394659,565,0,0
1754380200_5..S04R,047000_5..S04R,5,1,1754380200,05 0750  DYR/FLA,1754400327,1754400330,2055,0,0
1754380200_GS.N01R,047000_GS.N01R,GS,0,1754380200,0S 0750  GCS/TSS,1754394698,1754394704,578,0,0
1754380230_1..N10R,047050_1..N10R,1,0,1754380230,01 0750+ SFT/137,1754396763,1754396769,1149,0,0
1754380230_3..S01R,047050_3..S01R,3,1,1754380230,03 0750+ 148/NLT,1754399118,1754399124,1764,0,0
1754380230_6..S03R,047050_6..S03R,6,1,1754380230,06 0750+ 177/BBR,1754397813,1754397819,1428,0,0
1754380230_7..N,047050_7..N,7,0,1754380230,07 0750+ 34H/WPT,1754396505,1754396739,1149,0,0
1754380290_4..S34R,047150_4..S34R,4,1,1754380290,04 0751+ WDL/UTI,1754399814,1754399820,1950,0,0
1754380320_1..S03R,047200_1..S03R,1,1,1754380320,01 0752  242/SFT,1754398287,1754398290,1545,0,0
1754380320_2..N01R,047200_2..N01R,2,0,1754380320,02 0752  FLA/241,1754400949,1754400954,2253,0,0
1754380320_2..S05R,047200_2..S05R,2,1,1754380320,02 0752  241/FLA,1754401399,1754401404,2368,0,0
1754380320_6..N01R,047200_6..N01R,6,0,1754380320,06 0752  BBR/PEL,1754398389,1754398392,1573,0,0
1754380320_6..S02R,047200_6..S02R,6X,1,1754380320,06 0752  PEL/BBR,1754398443,1754398449,1589,0,0
1754380380_7..N,047300_7..N,7,0,1754380380,07 0753 34H/MST,1754396943,1754396949,1191,0,0
1754380410_5..N71R,047350_5..N71R,5,0,1754380410,05 0753+ FLA/DYR,1754400207,1754400210,2054,0,0
1754380410_7X..S,047350_7X..S,7X,1,1754380410,07 0753+ MST/34H,1754396934,1754396937,1188,0,0
1754380410_GS.S01R,047350_GS.S01R,GS,1,1754380410,0S 0753+ TSS/GCS,1754394908,1754394914,639,0,0
1754380440_3..N01R,047400_3..N01R,3,0,1754380440,03 0754  NLT/148,1754399358,1754399364,1815,0,0
1754380440_GS.N04R,047400_GS.N04R,GS,0,1754380440,0S 0754  GCS/TSS,1754394935,1754394938,646,0,0
1754380470_4..N06R,047450_4..N06R,4,0,1754380470,04 0754+ UTI/WDL,1754399067,1754399070,1672,0,0
1754380530_1..N03R,047550_1..N03R,1,0,1754380530,01 0755+ SFT/242,1754398527,1754398530,1530,0,0
1754380530_4..S34R,047550_4..S34R,4,1,1754380530,04 0755+ WDL/UTI,1754400015,1754400018,1903,0,0
1754380530_6..N03R,047550_6..N03R,6,0,1754380530,06 0755+ BBR/177,1754398053,1754398059,1411,0,0
1754380530_7..N,047550_7..N,7,0,1754380530,07 0755+ 34H/111,1754396505,1754396739,1079,0,0
1754380530_7..S,047550_7..S,7,1,1754380530,07 0755+ WPT/34H,1754397102,1754397105,1165,0,0
1754380560_1..S03R,047600_1..S03R,1,1,1754380560,01 0756  242/SFT,1754398728,1754398734,1584,0,0
1754380560_6..S02R,047600_6..S02R,6X,1,1754380560,06 0756  PEL/BBR,1754398593,1754398599,1549,0,0
1754380590_7..S,047650_7..S,7,1,1754380590,07 0756+ MST/34H,1754397204,1754397207,1175,0,0
1754380620_5..S09R,047700_5..S09R,5,1,1754380620,05 0757  238/FLA,1754401014,1754401020,2179,0,0
1754380620_6..S,047700_6..S,6,1,1754380620,/6 0757  177/BBR,1754398158,1754398170,301,0,0
1754380620_6..S03R,047700_6..S03R,6,1,1754380620,/6 0757  177/BBR,1754396925,1754396928,1113,0,0
1754380620_7..N,047700_7..N,7,0,1754380620,=7 0757 111/MST,1754395200,1754395202,636,0,0
1754380650_GS.N01R,047750_GS.N01R,GS,0,1754380650,0S 0757+ GCS/TSS,1754395163,1754395169,634,0,0
1754380650_GS.S04R,047750_GS.S04R,GS,1,1754380650,0S 0757+ TSS/GCS,1754395118,1754395124,623,0,0
1754380680_7..N,047800_7..N,7,0,1754380680,07 0758 34H/111,1754396928,1754396934,1102,0,0
1754380710_2..S05R,047850_2..S05R,2,1,1754380710,02 0758+ 241/FLA,1754401944,1754401950,2425,0,0
1754380740_4..N43R,047900_4..N43R,4,0,1754380740,04 0759  UTI/BUR,1754398530,1754398533,1531,0,0
1754380740_6..N01R,047900_6..N01R,6,0,1754380740,06 0759  BBR/PEL,1754398968,1754398974,1646,0,0
1754380770_7..N,047950_7..N,7,0,1754380770,=7 0759+ 111/WPT,1754395313,1754395319,639,0,0
1754380800_5..N71R,048000_5..N71R,5,0,1754380800,05 0800  FLA/DYR,1754400399,1754400402,1947,0,0
1754380830_1..N03R,048050_1..N03R,1,0,1754380830,01 0800+ SFT/242,1754398869,1754398872,1539,0,0
1754380830_4..S34R,048050_4..S34R,4,1,1754380830,04 0800+ WDL/UTI,1754400198,1754400204,1893,0,0
1754380830_5..S04R,048050_5..S04R,5,1,1754380830,05 0800+ DYR/FLA,1754400579,1754400582,1995,0,0
1754380830_7..N,048050_7..N,7,0,1754380830,07 0800+ 34H/MST,1754397504,1754397507,1222,0,0
1754380860_3..S01R,048100_3..S01R,3,1,1754380860,03 0801  148/NLT,1754399814,1754399820,1789,0,0
1754380860_3..S03R,048100_3..S03R,3,1,1754380860,03 0801  145/NLT,1754399538,1754399544,1710,0,0
1754380860_GS.S01R,048100_GS.S01R,GS,1,1754380860,0S 0801  TSS/GCS,1754395358,1754395364,618,0,0
1754380890_1..S04R,048150_1..S04R,1,1,1754380890,01 0801+ 238/SFT,1754398899,1754398902,1546,0,0
1754380890_6..S02R,048150_6..S02R,6X,1,1754380890,06 0801+ PEL/BBR,1754398884,1754398887,1544,0,0
1754380890_7X..S,048150_7X..S,7X,1,1754380890,07 0801+ MST/34H,1754397333,1754397339,1165,0,0
1754380890_GS.N04R,048150_GS.N04R,GS,0,1754380890,0S 0801+ GCS/TSS,1754395373,1754395379,622,0,0
1754380920_1..S03R,048200_1..S03R,1,1,1754380920,01 0802  242/SFT,1754399019,1754399022,1578,0,0
1754380920_2..N01R,048200_2..N01R,2,0,1754380920,02 0802  FLA/241,1754401399,1754401404,2207,0,0
1754380950_2..S06R,048250_2..S06R,2,1,1754380950,02 0802+ 241/NLT,1754399820,1754399823,1791,0,0
1754380950_6..N03R,048250_6..N03R,6,0,1754380950,06 0802+ BBR/177,1754398608,1754398614,1472,0,0
1754380980_7..N,048300_7..N,7,0,1754380980,07 0803 34H/MST,1754397810,1754397813,1248,0,0
1754381010_7..S,048350_7..S,7,1,1754381010,07 0803+ MST/34H,1754397810,1754397813,1248,0,0
1754381040_5..N71R,048400_5..N71R,5,0,1754381040,05 0804  FLA/DYR,1754400744,1754400750,2038,0,0
1754381100_4..N43R,048500_4..N43R,4,0,1754381100,04 0805  UTI/BUR,1754399037,1754399040,1504,0,0
1754381100_GS.N01R,048500_GS.N01R,GS,0,1754381100,0S 0805  GCS/TSS,1754395602,1754395605,603,0,0
1754381100_GS.S04R,048500_GS.S04R,GS,1,1754381100,0S 0805  TSS/GCS,1754395578,1754395584,597,0,0
1754381130_1..N10R,048550_1..N10R,1,0,1754381130,01 0805+ SFT/137,1754397798,1754397804,1182,0,0
1754381130_4..S34R,048550_4..S34R,4,1,1754381130,04 0805+ WDL/UTI,1754400369,1754400372,1858,0,0
1754381130_7..N,048550_7..N,7,0,1754381130,07 0805+ 34H/MST,1754397432,1754397435,1127,0,0
1754381130_7X..S,048550_7X..S,7X,1,1754381130,07 0805+ MST/34H,1754397663,1754397669,1187,0,0
1754381160_1..S,048600_1..S,1,1,1754381160,/1 0806  242/SFT,1754399238,1754399244,569,0,0
1754381160_1..S03R,048600_1..S03R,1,1,1754381160,/1 0806  242/SFT,1754396784,1754396787,913,0,0
1754381160_2..N01R,048600_2..N01R,2,0,1754381160,02 0806  FLA/241,1754401854,1754401857,2241,0,0
1754381160_6..N06R,048600_6..N06R,6,0,1754381160,06 0806  BBR/3AB,1754397627,1754397630,1137,0,0
1754381190_5..S14R,048650_5..S14R,5,1,1754381190,05 0806+ DYR/BWG,1754399313,1754399319,1575,0,0
1754381190_6..S03R,048650_6..S03R,6,1,1754381190,06 0806+ 177/BBR,1754398746,1754398755,1427,0,0
1754381250_3..N01R,048750_3..N01R,3,0,1754381250,03 0807+ NLT/148,1754399799,1754399802,1703,0,0
1754381250_5..S09R,048750_5..S09R,5,1,1754381250,05 0807+ 238/FLA,1754401249,1754401254,2088,0,0
1754381280_6..S,048800_6..S,6X,1,1754381280,/6 0808  PEL/BBR,1754399394,1754399400,365,0,0
1754381280_6..S08R,048800_6..S08R,6X,1,1754381280,/6 0808  PEL/BBR,1754397900,1754397903,1208,0,0
1754381280_7..N,048800_7..N,7,0,1754381280,07 0808 34H/MST,1754397978,1754397984,1227,0,0
1754381310_GS.S01R,048850_GS.S01R,GS,1,1754381310,0S 0808+ TSS/GCS,1754395815,1754395818,658,0,0
1754381340_GS.N04R,048900_GS.N04R,GS,0,1754381340,0S 0809  GCS/TSS,1754395833,1754395839,663,0,0
1754381370_4..S34R,048950_4..S34R,4,1,1754381370,04 0809+ WDL/UTI,1754400684,1754400687,1852,0,0
1754381370_5..N71R,048950_5..N71R,5,0,1754381370,05 0809+ FLA/DYR,1754400999,1754401005,1936,0,0
1754381370_6..N01R,048950_6..N01R,6,0,1754381370,06 0809+ BBR/PEL,1754399598,1754399604,1562,0,0
1754381370_7X..S,048950_7X..S,7X,1,1754381370,07 0809+ MST/34H,1754397918,1754397924,1194,0,0
1754381400_3..S03R,049000_3..S03R,3,1,1754381400,03 0810  145/NLT,1754400219,1754400222,1726,0,0
1754381430_1..N03R,049050_1..N03R,1,0,1754381430,01 0810+ SFT/242,1754399238,1754399244,1464,0,0
1754381430_2..S05R,049050_2..S05R,2,1,1754381430,02 0810+ 241/FLA,1754402154,1754402157,2224,0,0
1754381430_3..S01R,049050_3..S01R,3,1,1754381430,03 0810+ 148/NLT,1754400528,1754400534,1806,0,0
1754381430_7..N,049050_7..N,7,0,1754381430,07 0810+ 34H/MST,1754398224,1754398227,1250,1,0
1754381460_1..S03R,049100_1..S03R,1,1,1754381460,01 0811  242/SFT,1754399625,1754399631,1568,0,0
1754381460_2..N01R,049100_2..N01R,2,0,1754381460,02 0811  FLA/241,1754401974,1754401980,2166,0,0
1754381490_4..N06R,049150_4..N06R,4,0,1754381490,04 0811+ UTI/WDL,1754400099,1754400102,1694,0,0
1754381490_7..S,049150_7..S,7,1,1754381490,07 0811+ MST/34H,1754398407,1754398410,1269,0,0
1754381520_6..S03R,049200_6..S03R,6,1,1754381520,06 0812  177/BBR,1754399022,1754399025,1409,0,0
1754381550_7..N,049250_7..N,7,0,1754381550,=7 0812+ 111/MST,1754396448,1754396454,751,0,0
1754381550_7..S,049250_7..S,7,1,1754381550,07 0812+ WPT/34H,1754398092,1754398095,1182,0,0
1754381550_GS.N01R,049250_GS.N01R,GS,0,1754381550,0S 0812+ GCS/TSS,1754396049,1754396052,630,0,0
1754381550_GS.S04R,049250_GS.S04R,GS,1,1754381550,0S 0812+ TSS/GCS,1754396037,1754396040,627,0,0
1754381580_6..N06R,049300_6..N06R,6,0,1754381580,06 0813  BBR/3AB,1754398068,1754398074,1163,0,0
1754381580_7..N,049300_7..N,7,0,1754381580,07 0813 34H/111,1754397732,1754397735,1061,0,0
1754381610_7X..S,049350_7X..S,7X,1,1754381610,07 0813+ MST/34H,1754398242,1754398245,1190,0,0
1754381640_1..S12R,049400_1..S12R,1,1,1754381640,01 0814  137/SFT,1754398479,1754398482,1265,0,0
1754381640_6..S,049400_6..S,6X,1,1754381640,/6 0814  PEL/BBR,1754400012,1754400015,129,0,0
1754381640_6..S08R,049400_6..S08R,6X,1,1754381640,06 0814  PEL/BBR,1754399475,1754399478,1528,0,0
1754381670_1..N03R,049450_1..N03R,1,0,1754381670,01 0814+ SFT/242,1754399538,1754399544,1453,0,0
1754381700_4..S34R,049500_4..S34R,4,1,1754381700,04 0815  WDL/UTI,1754400945,1754400949,1830,0,0
1754381700_7..N,049500_7..N,7,0,1754381700,=7 0815 111/WPT,1754396250,1754396253,632,0,0
1754381730_1..S04R,049550_1..S04R,1,1,1754381730,/1 0815+ 238/SFT,1754400108,1754400114,1605,0,0
1754381730_4..N06R,049550_4..N06R,4,0,1754381730,04 0815+ UTI/WDL,1754400408,1754400414,1687,0,0
1754381760_3..N01R,049600_3..N01R,3,0,1754381760,03 0816  NLT/148,1754396310,1754396313,610,0,0
1754381760_GS.N04R,049600_GS.N04R,GS,0,1754381760,0S 0816  GCS/TSS,1754396247,1754396250,592,0,0
1754381760_GS.S01R,049600_GS.S01R,GS,1,1754381760,0S 0816  TSS/GCS,1754396253,1754396259,594,0,0
1754381790_3..S01R,049650_3..S01R,3,1,1754381790,03 0816+ 148/NLT,1754400897,1754400900,1816,0,0
1754381790_6..N03R,049650_6..N03R,6,0,1754381790,06 0816+ BBR/177,1754399370,1754399373,1408,0,0
1754381820_7..N,049700_7..N,7,0,1754381820,07 0817 34H/MST,1754398785,1754398788,1250,0,0
1754381850_2..S05R,049750_2..S05R,2,1,1754381850,02 0817+ 241/FLA,1754402644,1754402652,2253,0,0
1754381850_7X..S,049750_7X..S,7X,1,1754381850,07 0817+ MST/34H,1754398482,1754398485,1169,0,0
1754381880_1..S,049800_1..S,1,1,1754381880,/1 0818  242/SFT,1754400507,1754400510,710,0,0
1754381880_1..S03R,049800_1..S03R,1,1,1754381880,/1 0818  242/SFT,1754397720,1754397723,978,0,0
1754381880_4..N43R,049800_4..N43R,4,0,1754381880,04 0818  UTI/BUR,1754399799,1754399802,1522,0,0
1754381880_5..S04R,049800_5..S04R,5,1,1754381880,05 0818  DYR/FLA,1754401704,1754401707,2021,0,0
1754381910_1..N10R,049850_1..N10R,1,0,1754381910,01 0818+ SFT/137,1754398455,1754398458,1167,0,0
1754381940_7..N,049900_7..N,7,0,1754381940,07 0819 34H/WPT,1754398182,1754398185,1070,0,0
1754381970_5..N71R,049950_5..N71R,5,0,1754381970,05 0819+ FLA/DYR,1754401594,1754401599,1901,0,0
1754381970_6..N01R,049950_6..N01R,6,0,1754381970,06 0819+ BBR/PEL,1754400339,1754400342,1574,0,0
1754381970_GS.S04R,049950_GS.S04R,GS,1,1754381970,0S 0819+ TSS/GCS,1754396448,1754396454,552,0,0
1754382000_6..S,050000_6..S,6,1,1754382000,/6 0820  177/BBR,1754399703,1754399709,163,0,0
1754382000_6..S03R,050000_6..S03R,6,1,1754382000,06 0820  177/BBR,1754398803,1754398809,1166,0,0
1754382000_7X..S,050000_7X..S,7X,1,1754382000,07 0820 MST/34H,1754398629,1754398632,1180,0,0
1754382000_GS.N01R,050000_GS.N01R,GS,0,1754382000,0S 0820  GCS/TSS,1754396505,1754396739,568,0,0
1754382030_4..S34R,050050_4..S34R,4,1,1754382030,04 0820+ WDL/UTI,1754401380,1754401384,1846,0,0
1754382030_7..S,050050_7..S,7,1,1754382030,07 0820+ WPT/34H,1754398746,1754398755,1188,0,0
1754382060_6..S08R,050100_6..S08R,6X,1,1754382060,06 0821  PEL/BBR,1754400588,1754400594,1641,0,0
1754382060_7..N,050100_7..N,7,0,1754382060,07 0821 34H/MST,1754398863,1754398869,1219,0,0
1754382090_2..S06R,050150_2..S06R,2,1,1754382090,02 0821+ 241/NLT,1754396505,1754396739,586,0,0
1754382090_3..N01R,050150_3..N01R,3,0,1754382090,03 0821+ NLT/148,1754400639,1754400642,1140,0,0
1754382120_7..S,050200_7..S,7,1,1754382120,07 0822 MST/34H,1754398959,1754398962,1228,0,0
1754382150_1..N03R,050250_1..N03R,1,0,1754382150,01 0822+ SFT/242,1754399937,1754399940,1465,0,0
1754382150_3..S03R,050250_3..S03R,3,1,1754382150,03 0822+ 145/NLT,1754401119,1754401122,1778,0,0
1754382150_6..N01R,050250_6..N01R,6,0,1754382150,06 0822+ BBR/PEL,1754400498,1754400504,1616,0,0
1754382180_2..N01R,050300_2..N01R,2,0,1754382180,02 0823  FLA/241,1754402379,1754402382,2089,0,0
1754382180_7..N,050300_7..N,7,0,1754382180,07 0823 34H/MST,1754398980,1754398983,1206,0,0
1754382210_4..N14R,050350_4..N14R,4,0,1754382210,04 0823+ BWG/WDL,1754399979,1754399982,1475,0,0
1754382210_GS.S01R,050350_GS.S01R,GS,1,1754382210,0S 0823+ TSS/GCS,1754396697,1754396700,614,0,0
1754382240_5..S14R,050400_5..S14R,5,1,1754382240,05 0824  DYR/BWG,1754400393,1754400399,1588,0,0
1754382240_GS.N04R,050400_GS.N04R,GS,0,1754382240,0S 0824  GCS/TSS,1754396505,1754396739,623,0,0
1754382300_4..N06R,050500_4..N06R,4,0,1754382300,04 0825  UTI/WDL,1754401069,1754401074,1676,0,0
1754382300_7..N,050500_7..N,7,0,1754382300,07 0825 34H/111,1754398527,1754398530,1061,1,0
1754382330_6..N06R,050550_6..N06R,6,0,1754382330,06 0825+ BBR/3AB,1754398899,1754398902,1099,0,0
1754382360_1..N03R,050600_1..N03R,1,0,1754382360,01 0826  SFT/242,1754400108,1754400114,1420,0,0
1754382360_2..S05R,050600_2..S05R,2,1,1754382360,02 0826  241/FLA,1754402907,1754402910,2124,0,0
1754382360_3..S01R,050600_3..S01R,3,1,1754382360,03 0826  148/NLT,1754401419,1754401422,1765,0,0
1754382360_4..S34R,050600_4..S34R,4,1,1754382360,04 0826  WDL/UTI,1754401629,1754401632,1817,0,0
1754382420_7X..S,050700_7X..S,7X,1,1754382420,07 0827 MST/34H,1754399037,1754399040,1158,0,0
1754382450_6..S03R,050750_6..S03R,6,1,1754382450,06 0827+ 177/BBR,1754400447,1754400450,1512,0,0
1754382450_7..N,050750_7..N,7,0,1754382450,=7 0827+ 111/WPT,1754396865,1754396868,581,0,0
1754382450_GS.N01R,050750_GS.N01R,GS,0,1754382450,0S 0827+ GCS/TSS,1754396958,1754396964,592,0,0
1754382450_GS.S04R,050750_GS.S04R,GS,1,1754382450,0S 0827+ TSS/GCS,1754396925,1754396928,583,0,0
1754382480_6..S08R,050800_6..S08R,6X,1,1754382480,06 0828  PEL/BBR,1754400783,1754400789,1602,0,0
1754382480_7..N,050800_7..N,7,0,1754382480,07 0828 34H/MST,1754399253,1754399259,877,0,0
1754382480_7..S,050800_7..S,7,1,1754382480,07 0828 34H/MST,1754399475,1754399478,60,0,0
1754382510_5..N71R,050850_5..N71R,5,0,1754382510,05 0828+ FLA/DYR,1754401995,1754401999,1908,0,0
1754382510_6..N01R,050850_6..N01R,6,0,1754382510,06 0828+ BBR/PEL,1754400768,1754400774,1597,0,0
1754382540_1..S12R,050900_1..S12R,1,1,1754382540,01 0829  137/SFT,1754399499,1754399502,1437,0,0
1754382570_1..N03R,050950_1..N03R,1,0,1754382570,01 0829+ SFT/242,1754400498,1754400504,1434,0,0
1754382570_1..S03R,050950_1..S03R,1,1,1754382570,01 0829+ 242/SFT,1754400879,1754400882,1536,0,0
1754382570_4..S34R,050950_4..S34R,4,1,1754382570,04 0829+ WDL/UTI,1754401824,1754401827,1778,0,0
1754382600_7..N,051000_7..N,7,0,1754382600,=7 0830 111/MST,1754397297,1754397300,653,0,0
1754382630_2..N01R,051050_2..N01R,2,0,1754382630,02 0830+ FLA/241,1754402865,1754402869,2028,0,0
1754382630_7..S,051050_7..S,7,1,1754382630,07 0830+ WPT/34H,1754399208,1754399214,1096,0,0
1754382630_GS.S01R,051050_GS.S01R,GS,1,1754382630,0S 0830+ TSS/GCS,1754397159,1754397162,556,0,0
1754382660_7..N,051100_7..N,7,0,1754382660,07 0831 34H/MST,1754399100,1754399112,1070,0,0
1754382660_GS.N04R,051100_GS.N04R,GS,0,1754382660,0S 0831  GCS/TSS,1754397129,1754397132,548,0,0
1754382690_6..N01R,051150_6..N01R,6,0,1754382690,06 0831+ BBR/PEL,1754401107,1754401110,1595,0,0
1754382690_7X..S,051150_7X..S,7X,1,1754382690,07 0831+ MST/34H,1754399403,1754399409,1148,0,0
1754382720_3..S01R,051200_3..S01R,3,1,1754382720,03 0832  148/NLT,1754401584,1754401587,1715,0,0
1754382720_4..N43R,051200_4..N43R,4,0,1754382720,04 0832  UTI/BUR,1754400429,1754400435,1417,0,0
1754382780_7..N,051300_7..N,7,0,1754382780,07 0833 34H/WPT,1754399223,1754399229,1095,0,0
1754382810_1..N10R,051350_1..N10R,1,0,1754382810,01 0833+ SFT/137,1754399412,1754399415,1143,0,0
1754382810_5..S45R,051350_5..S45R,5,1,1754382810,05 0833+ DYR/FLA,1754402754,1754402760,2003,0,0
1754382810_7..S,051350_7..S,7,1,1754382810,07 0833+ MST/34H,1754399472,1754399475,1143,0,0
1754382840_5..N65R,051400_5..N65R,5,0,1754382840,05 0834  UTI/180,1754400777,1754400780,1508,0,0
1754382840_GS.N01R,051400_GS.N01R,GS,0,1754382840,0S 0834  GCS/TSS,1754397339,1754397342,603,0,0
1754382840_GS.S04R,051400_GS.S04R,GS,1,1754382840,0S 0834  TSS/GCS,1754397315,1754397318,597,0,0
1754382870_6..N03R,051450_6..N03R,6,0,1754382870,06 0834+ BBR/177,1754400348,1754400354,1304,0,0
1754382930_2..S05R,051550_2..S05R,2,1,1754382930,02 0835+ 241/FLA,1754403735,1754403739,2125,0,0
1754382930_3..N01R,051550_3..N01R,3,0,1754382930,03 0835+ NLT/148,1754401287,1754401290,1549,0,0
1754382930_4..S06R,051550_4..S06R,4,1,1754382930,04 0835+ WDL/UTI,1754401974,1754401980,1723,0,0
1754382930_6..S08R,051550_6..S08R,6X,1,1754382930,06 0835+ PEL/BBR,1754401107,1754401110,1504,0,0
1754382930_7..N,051550_7..N,7,0,1754382930,07 0835+ 34H/MST,1754399484,1754399487,1111,0,0
1754382960_1..S03R,051600_1..S03R,1,1,1754382960,01 0836  242/SFT,1754401039,1754401044,1486,0,0
1754382990_4..N06R,051650_4..N06R,4,0,1754382990,04 0836+ UTI/WDL,1754401419,1754401422,1584,0,0
1754382990_6..S03R,051650_6..S03R,6,1,1754382990,06 0836+ 177/BBR,1754400939,1754400942,1461,0,0
1754383020_5..N66R,051700_5..N66R,5,0,1754383020,05 0837  FLA/DYR,1754402469,1754402472,1841,0,0
1754383020_GS.N04R,051700_GS.N04R,GS,0,1754383020,0S 0837  GCS/TSS,1754397534,1754397540,563,0,0
1754383020_GS.S01R,051700_GS.S01R,GS,1,1754383020,0S 0837  TSS/GCS,1754397528,1754397534,562,0,0
1754383050_1..N03R,051750_1..N03R,1,0,1754383050,01 0837+ SFT/242,1754400919,1754400924,1455,0,0
1754383050_6..N01R,051750_6..N01R,6,0,1754383050,06 0837+ BBR/PEL,1754401464,1754401470,1595,0,0
1754383050_7..N,051750_7..N,7,0,1754383050,07 0837+ 34H/MST,1754399778,1754399784,1144,0,0
1754383050_7X..S,051750_7X..S,7X,1,1754383050,07 0837+ MST/34H,1754399607,1754399610,1098,0,0
1754383170_5..S45R,051950_5..S45R,5,1,1754383170,05 0839+ DYR/FLA,1754403087,1754403090,1910,0,0
1754383200_3..S03R,052000_3..S03R,3,1,1754383200,03 0840  145/NLT,1754401965,1754401969,1640,0,0
1754383200_GS.N01R,052000_GS.N01R,GS,0,1754383200,0S 0840  GCS/TSS,1754397708,1754397714,529,0,0
1754383200_GS.S04R,052000_GS.S04R,GS,1,1754383200,0S 0840  TSS/GCS,1754397693,1754397699,525,0,0
1754383230_2..N01R,052050_2..N01R,2,0,1754383230,02 0840+ FLA/241,1754403594,1754403600,2015,0,0
1754383230_7..N,052050_7..N,7,0,1754383230,07 0840+ 34H/WPT,1754399688,1754399694,987,0,0
1754383260_4..N06R,052100_4..N06R,4,0,1754383260,04 0841  UTI/WDL,1754401894,1754401899,1624,0,0
1754383260_5..N85R,052100_5..N85R,5,0,1754383260,05 0841  BWG/GHW,1754400723,1754400729,1324,0,0
1754383290_1..N03R,052150_1..N03R,1,0,1754383290,01 0841+ SFT/242,1754401359,1754401362,1489,0,0
1754383320_1..S12R,052200_1..S12R,1,1,1754383320,01 0842  137/SFT,1754400387,1754400390,1233,0,0
1754383320_3..S01R,052200_3..S01R,3,1,1754383320,03 0842  148/NLT,1754402064,1754402070,1663,0,0
1754383320_4..S06R,052200_4..S06R,4,1,1754383320,04 0842  WDL/UTI,1754402244,1754402250,1707,0,0
1754383350_1..S03R,052250_1..S03R,1,1,1754383350,01 0842+ 242/SFT,1754401249,1754401254,1460,0,0
1754383350_3..N01R,052250_3..N01R,3,0,1754383350,03 0842+ NLT/148,1754401794,1754401800,1598,0,0
1754383350_7..S,052250_7..S,7,1,1754383350,07 0842+ WPT/34H,1754399907,1754399910,1096,0,0
1754383380_GS.N04R,052300_GS.N04R,GS,0,1754383380,0S 0843  GCS/TSS,1754397885,1754397888,575,0,0
1754383380_GS.S01R,052300_GS.S01R,GS,1,1754383380,0S 0843  TSS/GCS,1754397873,1754397879,572,0,0
1754383410_7..N,052350_7..N,7,0,1754383410,07 0843+ 34H/WPT,1754399808,1754399814,1070,0,0
1754383410_7X..S,052350_7X..S,7X,1,1754383410,07 0843+ MST/34H,1754399742,1754399745,1052,0,0
1754383440_2..S05R,052400_2..S05R,2,1,1754383440,02 0844  241/FLA,1754403897,1754403900,2081,0,0
1754383440_5..N66R,052400_5..N66R,5,0,1754383440,05 0844  FLA/DYR,1754402907,1754402910,1866,0,0
1754383440_5..S45R,052400_5..S45R,5,1,1754383440,05 0844  DYR/FLA,1754403384,1754403390,1974,0,0
1754383470_6..S06R,052450_6..S06R,6,1,1754383470,06 0844+ 3AB/BBR,1754400222,1754400225,12828,1,1
1754383500_1..N03R,052500_1..N03R,1,0,1754383500,01 0845  SFT/242,1754401437,1754401440,1430,0,0
1754383519_7..N,052533_7..N,7,0,1754383519,=7 0845 111/MST,1754398398,1754398404,656,0,0
1754383530_6..N01R,052550_6..N01R,6,0,1754383530,06 0845+ BBR/PEL,1754401704,1754401707,1496,0,0
1754383530_6..S03R,052550_6..S03R,6,1,1754383530,06 0845+ 177/BBR,1754401239,1754401242,1378,0,0
1754383530_7..N,052550_7..N,7,0,1754383530,07 0845+ 34H/MST,1754400159,1754400162,1121,0,0
1754383530_7..S,052550_7..S,7,1,1754383530,07 0845+ MST/34H,1754400213,1754400219,1136,0,0
1754383560_6..S,052600_6..S,6X,1,1754383560,/6 0846  PEL/BBR,1754401819,1754401824,44,0,0
1754383560_6..S02R,052600_6..S02R,6X,1,1754383560,/6 0846  PEL/BBR,1754401539,1754401542,1455,0,0
1754383560_GS.N01R,052600_GS.N01R,GS,0,1754383560,0S 0846  GCS/TSS,1754398059,1754398062,542,0,0
1754383560_GS.S04R,052600_GS.S04R,GS,1,1754383560,0S 0846  TSS/GCS,1754398050,1754398053,540,0,0
1754383650_2..N01R,052750_2..N01R,2,0,1754383650,02 0847+ FLA/241,1754403984,1754403990,2020,0,0
1754383680_1..N03R,052800_1..N03R,1,0,1754383680,01 0848  SFT/242,1754398203,1754398209,561,0,0
1754383680_7..N,052800_7..N,7,0,1754383680,07 0848 34H/111,1754399883,1754399889,1023,0,0
1754383680_7X..S,052800_7X..S,7X,1,1754383680,07 0848 MST/34H,1754400345,1754400348,1147,0,0
1754383710_4..N43R,052850_4..N43R,4,0,1754383710,04 0848+ UTI/BUR,1754401554,1754401557,1459,0,0
1754383710_4..S06R,052850_4..S06R,4,1,1754383710,04 0848+ WDL/UTI,1754402700,1754402704,1740,0,0
1754383740_2..S01R,052900_2..S01R,2,1,1754383740,02 0849  241/FLA,1754404329,1754404335,2088,0,0
1754383740_GS.N04R,052900_GS.N04R,GS,0,1754383740,0S 0849  GCS/TSS,1754398218,1754398224,579,0,0
1754383740_GS.S01R,052900_GS.S01R,GS,1,1754383740,0S 0849  TSS/GCS,1754398218,1754398224,579,0,0
1754383770_6..N03R,052950_6..N03R,6,0,1754383770,06 0849+ BBR/177,1754401305,1754401309,1315,0,0
1754383800_3..N01R,053000_3..N01R,3,0,1754383800,03 0850  NLT/148,1754402484,1754402490,1605,0,0
1754383800_3..S01R,053000_3..S01R,3,1,1754383800,03 0850  148/NLT,1754402745,1754402749,1669,0,0
1754383800_5..N66R,053000_5..N66R,5,0,1754383800,05 0850  FLA/DYR,1754403984,1754403990,1940,0,0
1754383800_7..N,053000_7..N,7,0,1754383800,07 0850 34H/111,1754400000,1754400003,1010,0,0
1754383830_1..S03R,053050_1..S03R,1,1,1754383830,01 0850+ 242/SFT,1754401785,1754401789,1437,0,0
1754383860_1..N03R,053100_1..N03R,1,0,1754383860,01 0851  SFT/242,1754401914,1754401920,1469,0,0
1754383890_7..S,053150_7..S,7,1,1754383890,07 0851+ MST/34H,1754400543,1754400549,1140,0,0
1754383920_6..S06R,053200_6..S06R,6,1,1754383920,06 0852  3AB/BBR,1754467206,1754467209,29767,0,0
1754383920_7..N,053200_7..N,7,0,1754383920,07 0852 34H/WPT,1754400333,1754400339,1073,0,0
1754383920_GS.N01R,053200_GS.N01R,GS,0,1754383920,0S 0852  GCS/TSS,1754398443,1754398449,558,0,0
1754383920_GS.S04R,053200_GS.S04R,GS,1,1754383920,0S 0852  TSS/GCS,1754398398,1754398404,546,0,0
1754383950_6..N01R,053250_6..N01R,6,0,1754383950,06 0852+ BBR/PEL,1754402244,1754402250,1547,0,0
1754384010_1..S12R,053350_1..S12R,1,1,1754384010,01 0853+ 137/SFT,1754400708,1754400714,1160,0,0
1754384010_4..N06R,053350_4..N06R,4,0,1754384010,04 0853+ UTI/WDL,1754402637,1754402640,1645,0,0
1754384040_1..N03R,053400_1..N03R,1,0,1754384040,01 0854  SFT/242,1754402004,1754402007,1490,0,0
1754384040_7..N,053400_7..N,7,0,1754384040,07 0854 34H/MST,1754400423,1754400429,1068,0,0
1754384100_2..S01R,053500_2..S01R,2,1,1754384100,02 0855  241/FLA,1754404839,1754404845,2034,0,0
1754384100_4..S06R,053500_4..S06R,4,1,1754384100,04 0855  WDL/UTI,1754403045,1754403049,1659,0,0
1754384100_GS.N04R,053500_GS.N04R,GS,0,1754384100,0S 0855  GCS/TSS,1754398584,1754398587,515,0,0
1754384100_GS.S01R,053500_GS.S01R,GS,1,1754384100,0S 0855  TSS/GCS,1754398578,1754398584,514,0,0
1754384130_6..N06R,053550_6..N06R,6,0,1754384130,06 0855+ BBR/3AB,1754400714,1754400720,1081,0,0
1754384130_7X..S,053550_7X..S,7X,1,1754384130,07 0855+ MST/34H,1754400618,1754400624,1004,0,0
1754384160_5..N66R,053600_5..N66R,5,0,1754384160,05 0856  FLA/DYR,1754403819,1754403825,1810,0,0
1754384160_6..S02R,053600_6..S02R,6X,1,1754384160,06 0856  PEL/BBR,1754402370,1754402374,1496,0,0
1754384160_7..N,053600_7..N,7,0,1754384160,07 0856 34H/WPT,1754400738,1754400744,1119,0,0
1754384190_3..N01R,053650_3..N01R,3,0,1754384190,03 0856+ NLT/148,1754402805,1754402809,1602,0,0
1754384190_4..N06R,053650_4..N06R,4,0,1754384190,E4 0856+ BUR/WDL,1754399268,1754399274,159,0,0
1754384220_1..S03R,053700_1..S03R,1,1,1754384220,01 0857  242/SFT,1754402055,1754402059,1422,0,0
1754384220_6..S03R,053700_6..S03R,6,1,1754384220,06 0857  177/BBR,1754402232,1754402235,1464,0,0
1754384250_1..N,053750_1..N,1,0,1754384250,01 0857+ SFT/242,1754402229,1754402232,972,0,0
1754384250_1..N14R,053750_1..N14R,1,0,1754384250,01 0857+ SFT/215,1754398488,1754398494,491,0,0
1754384250_4..N06R,053750_4..N06R,4,0,1754384250,04 0857+ UTI/WDL,1754402835,1754402839,1610,0,0
1754384280_5..S03R,053800_5..S03R,5,1,1754384280,05 0858  DYR/FLA,1754404185,1754404189,1901,0,0
1754384280_6..N03R,053800_6..N03R,6,0,1754384280,06 0858  BBR/177,1754401740,1754401744,1345,0,0
1754384280_7..N,053800_7..N,7,0,1754384280,07 0858 34H/MST,1754401054,1754401059,1168,0,0
1754384280_GS.N01R,053800_GS.N01R,GS,0,1754384280,0S 0858  GCS/TSS,1754398797,1754398800,570,0,0
1754384280_GS.S04R,053800_GS.S04R,GS,1,1754384280,0S 0858  TSS/GCS,1754398779,1754398782,564,0,0
1754384310_2..N01R,053850_2..N01R,2,0,1754384310,02 0858+ FLA/241,1754404989,1754404995,2066,0,0
1754384310_7..N,053850_7..N,7,0,1754384310,=7 0858+ 111/WPT,1754398803,1754398809,526,0,0
1754384370_7..S,053950_7..S,7,1,1754384370,07 0859+ MST/34H,1754400885,1754400888,1107,0,0
1754384400_3..S01R,054000_3..S01R,3,1,1754384400,03 0900  148/NLT,1754403279,1754403285,1636,0,0
1754384400_7..N,054000_7..N,7,0,1754384400,07 0900 34H/MST,1754401410,1754401414,1217,0,0
1754384430_1..N03R,054050_1..N03R,1,0,1754384430,01 0900+ SFT/242,1754402529,1754402532,1461,0,0
1754384430_5..S44R,054050_5..S44R,5,1,1754384430,05 0900+ 180/FLA,1754403519,1754403525,1685,0,0
1754384460_3..N01R,054100_3..N01R,3,0,1754384460,03 0901  NLT/148,1754403324,1754403330,1645,0,0
1754384460_6..N01R,054100_6..N01R,6,0,1754384460,06 0901  BBR/PEL,1754402577,1754402580,1473,0,0
1754384460_GS.N04R,054100_GS.N04R,GS,0,1754384460,0S 0901  GCS/TSS,1754398950,1754398953,536,0,0
1754384460_GS.S01R,054100_GS.S01R,GS,1,1754384460,0S 0901  TSS/GCS,1754398935,1754398938,532,0,0
1754384520_4..S06R,054200_4..S06R,4,1,1754384520,04 0902  WDL/UTI,1754403244,1754403249,1629,0,0
1754384550_2..N01R,054250_2..N01R,2,0,1754384550,02 0902+ FLA/241,1754405139,1754405145,2022,0,0
1754384580_7..N,054300_7..N,7,0,1754384580,07 0903 34H/WPT,1754401215,1754401219,1127,0,0
1754384580_7X..S,054300_7X..S,7X,1,1754384580,07 0903 MST/34H,1754401062,1754401065,1088,0,0
1754384610_1..N03R,054350_1..N03R,1,0,1754384610,01 0903+ SFT/242,1754402799,1754402805,1526,0,0
1754384610_4..N06R,054350_4..N06R,4,0,1754384610,04 0903+ UTI/WDL,1754403315,1754403319,1643,0,0
1754384640_5..N66R,054400_5..N66R,5,0,1754384640,05 0904  FLA/DYR,1754404650,1754404653,1904,0,0
1754384640_6..N03R,054400_6..N03R,6,0,1754384640,06 0904  BBR/177,1754402104,1754402109,1357,0,0
1754384640_GS.N01R,054400_GS.N01R,GS,0,1754384640,0S 0904  GCS/TSS,1754399133,1754399139,583,0,0
1754384640_GS.S04R,054400_GS.S04R,GS,1,1754384640,0S 0904  TSS/GCS,1754399133,1754399139,583,0,0
1754384760_1..S03R,054600_1..S03R,1,1,1754384760,01 0906  242/SFT,1754402667,1754402670,1416,0,0
1754384760_2..S03R,054600_2..S03R,2,1,1754384760,02 0906  241/NLT,1754405478,1754405484,2011,0,0
1754384760_6..S08R,054600_6..S08R,6X,1,1754384760,06 0906  PEL/BBR,1754402794,1754402799,1445,0,0
1754384760_7..N,054600_7..N,7,0,1754384760,07 0906 34H/MST,1754401635,1754401639,1163,0,0
1754384790_1..N14R,054650_1..N14R,1,0,1754384790,01 0906+ SFT/215,1754402094,1754402100,1275,0,0
1754384790_1..S12R,054650_1..S12R,1,1,1754384790,01 0906+ 137/SFT,1754401479,1754401485,1123,0,0
1754384790_3..N01R,054650_3..N01R,3,0,1754384790,03 0906+ NLT/148,1754403709,1754403714,1645,0,0
1754384820_6..N01R,054700_6..N01R,6,0,1754384820,06 0907  BBR/PEL,1754403027,1754403030,1499,0,0
1754384820_7..S,054700_7..S,7,1,1754384820,07 0907 MST/34H,1754401662,1754401665,1170,0,0
1754384820_GS.N04R,054700_GS.N04R,GS,0,1754384820,0S 0907  GCS/TSS,1754399298,1754399304,546,0,0
1754384820_GS.S01R,054700_GS.S01R,GS,1,1754384820,0S 0907  TSS/GCS,1754399262,1754399265,536,0,0
1754384850_3..S01R,054750_3..S01R,3,1,1754384850,03 0907+ 148/NLT,1754403585,1754403589,1618,0,0
1754384850_6..S06R,054750_6..S06R,6,1,1754384850,06 0907+ 3AB/BBR,1754401399,1754401404,13138,1,1
1754384880_4..S06R,054800_4..S06R,4,1,1754384880,04 0908  WDL/UTI,1754403519,1754403525,1605,0,0
1754384880_5..S03R,054800_5..S03R,5,1,1754384880,05 0908  DYR/FLA,1754404620,1754404623,1834,0,0
1754384880_6..S03R,054800_6..S03R,6,1,1754384880,06 0908  177/BBR,1754402580,1754402584,1394,0,0
1754384940_7..N,054900_7..N,7,0,1754384940,07 0909 34H/MST,1754401414,1754401419,1088,0,0
1754384970_1..N03R,054950_1..N03R,1,0,1754384970,01 0909+ SFT/242,1754403069,1754403072,1429,0,0
1754384970_2..N01R,054950_2..N01R,2,0,1754384970,/2 0909+ FLA/241,1754405988,1754405994,2036,0,0
1754385000_5..N67R,055000_5..N67R,5,0,1754385000,05 0910  BWG/180,1754402044,1754402049,1184,0,0
1754385000_GS.N01R,055000_GS.N01R,GS,0,1754385000,0S 0910  GCS/TSS,1754399508,1754399514,523,0,0
1754385000_GS.S04R,055000_GS.S04R,GS,1,1754385000,0S 0910  TSS/GCS,1754399493,1754399499,519,0,0
1754385090_4..N06R,055150_4..N06R,4,0,1754385090,04 0911+ UTI/WDL,1754403789,1754403795,1581,0,0
1754385120_5..N66R,055200_5..N66R,5,0,1754385120,05 0912  FLA/DYR,1754405139,1754405145,1862,0,0
1754385120_6..N03R,055200_6..N03R,6,0,1754385120,06 0912  BBR/177,1754402595,1754402599,1318,0,0
1754385120_7..N,055200_7..N,7,0,1754385120,07 0912 34H/WPT,1754401494,1754401497,1064,0,0
1754385120_7X..S,055200_7X..S,7X,1,1754385120,07 0912 MST/34H,1754401737,1754401740,1126,0,0
1754385150_1..N03R,055250_1..N03R,1,0,1754385150,01 0912+ SFT/242,1754403354,1754403360,1492,0,0
1754385150_6..S01R,055250_6..S01R,6,1,1754385150,06 0912+ PEL/BBR,1754403435,1754403439,1508,0,0
1754385180_1..S03R,055300_1..S03R,1,1,1754385180,01 0913  242/SFT,1754403099,1754403105,1437,0,0
1754385180_2..S01R,055300_2..S01R,2,1,1754385180,02 0913  241/FLA,1754405358,1754405364,1907,0,0
1754385180_GS.N04R,055300_GS.N04R,GS,0,1754385180,0S 0913  GCS/TSS,1754399658,1754399664,563,0,0
1754385180_GS.S01R,055300_GS.S01R,GS,1,1754385180,0S 0913  TSS/GCS,1754399655,1754399658,562,0,0
1754385210_4..S06R,055350_4..S06R,4,1,1754385210,04 0913+ WDL/UTI,1754403744,1754403750,1572,0,0
1754385240_2..N01R,055400_2..N01R,2,0,1754385240,02 0914  FLA/241,1754406384,1754406390,2119,0,0
1754385240_3..N01R,055400_3..N01R,3,0,1754385240,03 0914  NLT/148,1754404044,1754404050,1637,0,0
1754385240_3..S01R,055400_3..S01R,3,1,1754385240,03 0914  148/NLT,1754404149,1754404155,1658,0,0
1754385240_4..N43R,055400_4..N43R,4,0,1754385240,04 0914  UTI/BUR,1754403027,1754403030,1419,0,0
1754385240_5..S46R,055400_5..S46R,5,1,1754385240,05 0914  180/BWG,1754402674,1754402679,1338,0,0
1754385240_7..S,055400_7..S,7,1,1754385240,07 0914 MST/34H,1754402034,1754402037,1170,0,0
1754385300_6..N01R,055500_6..N01R,6,0,1754385300,06 0915  BBR/PEL,1754403549,1754403555,1453,0,0
1754385330_1..N14R,055550_1..N14R,1,0,1754385330,01 0915+ SFT/215,1754402874,1754402880,1305,0,0
1754385360_7..N,055600_7..N,7,0,1754385360,07 0916 34H/MST,1754401929,1754401932,1114,0,0
1754385360_GS.N01R,055600_GS.N01R,GS,0,1754385360,0S 0916  GCS/TSS,1754399847,1754399850,535,0,0
1754385360_GS.S04R,055600_GS.S04R,GS,1,1754385360,0S 0916  TSS/GCS,1754399859,1754399865,538,0,0
1754385450_6..S03R,055750_6..S03R,6,1,1754385450,06 0917+ 177/BBR,1754403072,1754403075,1352,0,0
1754385480_1..S03R,055800_1..S03R,1,1,1754385480,01 0918  242/SFT,1754403237,1754403240,1389,0,0
1754385480_6..N03R,055800_6..N03R,6,0,1754385480,06 0918  BBR/177,1754403159,1754403165,1371,0,0
1754385540_4..N06R,055900_4..N06R,4,0,1754385540,04 0919  UTI/WDL,1754404119,1754404125,1574,0,0
1754385540_7X..S,055900_7X..S,7X,1,1754385540,07 0919 MST/34H,1754401875,1754401879,1054,0,0
1754385540_GS.N04R,055900_GS.N04R,GS,0,1754385540,0S 0919  GCS/TSS,1754400018,1754400024,581,0,0
1754385540_GS.S01R,055900_GS.S01R,GS,1,1754385540,0S 0919  TSS/GCS,1754399982,1754399985,571,0,0
1754385570_5..N66R,055950_5..N66R,5,0,1754385570,05 0919+ FLA/DYR,1754405499,1754405505,1778,0,0
1754385600_5..S03R,056000_5..S03R,5,1,1754385600,05 0920  DYR/FLA,1754405058,1754405064,1688,0,0
1754385600_7..N,056000_7..N,7,0,1754385600,07 0920 34H/MST,1754402100,1754402104,1088,0,0
1754385630_2..S01R,056050_2..S01R,2,1,1754385630,02 0920+ 241/FLA,1754405748,1754405754,1829,0,0
1754385630_3..N01R,056050_3..N01R,3,0,1754385630,03 0920+ NLT/148,1754404422,1754404425,1556,0,0
1754385660_1..S12R,056100_1..S12R,1,1,1754385660,01 0921  137/SFT,1754402445,1754402449,1123,0,0
1754385660_7..S,056100_7..S,7,1,1754385660,07 0921 MST/34H,1754402205,1754402209,1096,0,0
1754385690_2..N01R,056150_2..N01R,2,0,1754385690,02 0921+ FLA/241,1754406552,1754406555,1996,0,0
1754385720_4..S06R,056200_4..S06R,4,1,1754385720,04 0922  WDL/UTI,1754404114,1754404119,1494,0,0
1754385720_6..S01R,056200_6..S01R,6,1,1754385720,06 0922  PEL/BBR,1754403774,1754403780,1421,0,0
1754385720_7..N,056200_7..N,7,0,1754385720,=7 0922 111/WPT,1754400165,1754400168,68,0,0
1754385720_GS.N01R,056200_GS.N01R,GS,0,1754385720,0S 0922  GCS/TSS,1754400210,1754400213,553,0,0
1754385720_GS.S04R,056200_GS.S04R,GS,1,1754385720,0S 0922  TSS/GCS,1754400213,1754400219,554,0,0
1754385750_1..N03R,056250_1..N03R,1,0,1754385750,01 0922+ SFT/242,1754403984,1754403990,1467,0,0
1754385840_1..S03R,056400_1..S03R,1,1,1754385840,01 0924  242/SFT,1754400207,1754400243,552,0,0
1754385840_3..S01R,056400_3..S01R,3,1,1754385840,03 0924  148/NLT,1754404629,1754404635,1200,0,0
1754385840_6..N01R,056400_6..N01R,6,0,1754385840,06 0924  BBR/PEL,1754404089,1754404095,970,0,0
1754385840_7..N,056400_7..N,7,0,1754385840,07 0924 34H/111,1754401965,1754401969,992,0,0
1754385900_GS.N04R,056500_GS.N04R,GS,0,1754385900,0S 0925  GCS/TSS,1754400390,1754400393,528,0,0
1754385900_GS.S01R,056500_GS.S01R,GS,1,1754385900,0S 0925  TSS/GCS,1754400348,1754400354,517,0,0
1754385960_1..N,056600_1..N,1,0,1754385960,01 0926  SFT/242,1754404200,1754404204,865,0,0
1754385960_1..N14R,056600_1..N14R,1,0,1754385960,01 0926  SFT/215,1754400555,1754400558,565,0,0
1754385960_1..S03R,056600_1..S03R,1,1,1754385960,01 0926  242/SFT,1754403687,1754403690,880,0,0
1754385960_6..S03R,056600_6..S03R,6,1,1754385960,06 0926  177/BBR,1754403594,1754403600,1309,0,0
1754385960_7X..S,056600_7X..S,7X,1,1754385960,07 0926 MST/34H,1754402289,1754402292,1017,0,0
1754385990_4..N06R,056650_4..N06R,4,0,1754385990,04 0926+ UTI/WDL,1754404758,1754404764,1552,0,0
1754385990_6..N01R,056650_6..N01R,6,0,1754385990,06 0926+ BBR/PEL,1754404369,1754404374,1471,0,0
1754386020_2..N01R,056700_2..N01R,2,0,1754386020,02 0927  FLA/241,1754407209,1754407215,2061,0,0
1754386020_2..S01R,056700_2..S01R,2,1,1754386020,02 0927  241/FLA,1754406198,1754406204,1851,0,0
1754386020_3..N01R,056700_3..N01R,3,0,1754386020,03 0927  NLT/148,1754404749,1754404755,1550,0,0
1754386050_5..N85R,056750_5..N85R,5,0,1754386050,05 0927+ BWG/GHW,1754403834,1754403840,1359,0,0
1754386080_5..S03R,056800_5..S03R,5,1,1754386080,05 0928  DYR/FLA,1754405928,1754405934,1793,0,0
1754386080_7..N,056800_7..N,7,0,1754386080,07 0928 34H/111,1754402490,1754402494,1060,0,0
1754386080_7..S,056800_7..S,7,1,1754386080,07 0928 MST/34H,1754402880,1754402884,1153,0,0
1754386080_GS.N01R,056800_GS.N01R,GS,0,1754386080,0S 0928  GCS/TSS,1754400597,1754400600,583,0,0
1754386080_GS.S04R,056800_GS.S04R,GS,1,1754386080,0S 0928  TSS/GCS,1754400573,1754400579,577,0,0
1754386140_6..N03R,056900_6..N03R,6,0,1754386140,06 0929  BBR/177,1754403759,1754403765,781,0,0
1754386140_6..S01R,056900_6..S01R,6,1,1754386140,06 0929  PEL/BBR,1754404239,1754404245,1445,0,0
1754386200_1..N,057000_1..N,1,0,1754386200,01 0930  SFT/215,1754403709,1754403714,772,0,0
1754386200_1..N03R,057000_1..N03R,1,0,1754386200,01 0930  SFT/242,1754400519,1754400522,482,0,0
1754386200_4..S06R,057000_4..S06R,4,1,1754386200,04 0930  WDL/UTI,1754404459,1754404464,1410,0,0
1754386200_5..N66R,057000_5..N66R,5,0,1754386200,05 0930  FLA/DYR,1754406270,1754406273,1785,0,0
1754386290_GS.N04R,057150_GS.N04R,GS,0,1754386290,0S 0931+ GCS/TSS,1754400783,1754400789,553,0,0
1754386290_GS.S01R,057150_GS.S01R,GS,1,1754386290,0S 0931+ TSS/GCS,1754400735,1754400738,540,0,0
1754386320_7..N,057200_7..N,7,0,1754386320,07 0932 34H/MST,1754402944,1754402949,1108,0,0
1754386350_2..S01R,057250_2..S01R,2,1,1754386350,02 0932+ 241/FLA,1754406609,1754406615,1855,0,0
1754386380_3..N,057300_3..N,3,0,1754386380,03 0933  NLT/148,1754405340,1754405343,912,0,0
1754386380_3..N01R,057300_3..N01R,3,0,1754386380,03 0933  NLT/148,1754401174,1754401179,624,0,0
1754386380_7X..S,057300_7X..S,7X,1,1754386380,07 0933 MST/34H,1754402959,1754402964,1082,0,0
1754386410_4..N43R,057350_4..N43R,4,0,1754386410,04 0933+ UTI/BUR,1754403885,1754403889,1291,0,0
1754386440_1..N03R,057400_1..N03R,1,0,1754386440,01 0934  SFT/242,1754404440,1754404444,1406,0,0
1754386440_1..S03R,057400_1..S03R,1,1,1754386440,01 0934  242/SFT,1754404249,1754404254,1367,0,0
1754386440_2..N01R,057400_2..N01R,2,0,1754386440,02 0934  FLA/241,1754407338,1754407344,2010,0,0
1754386440_3..S01R,057400_3..S01R,3,1,1754386440,03 0934  148/NLT,1754405259,1754405265,1575,0,0
1754386440_5..S03R,057400_5..S03R,5,1,1754386440,05 0934  DYR/FLA,1754406399,1754406405,1811,0,0
1754386440_6..N06R,057400_6..N06R,6,0,1754386440,06 0934  BBR/3AB,1754402884,1754402889,553,0,0
1754386500_GS.S04R,057500_GS.S04R,GS,1,1754386500,0S 0935  TSS/GCS,1754400994,1754400999,531,0,0
1754386530_6..S01R,057550_6..S01R,6,1,1754386530,06 0935+ PEL/BBR,1754404809,1754404815,1404,0,0
1754386530_6..S03R,057550_6..S03R,6,1,1754386530,06 0935+ 177/BBR,1754404044,1754404050,1248,0,0
1754386530_GS.N01R,057550_GS.N01R,GS,0,1754386530,0S 0935+ GCS/TSS,1754401014,1754401020,535,0,0
1754386560_5..N66R,057600_5..N66R,5,0,1754386560,05 0936  FLA/DYR,1754406819,1754406825,1821,0,0
1754386560_6..S06R,057600_6..S06R,6,1,1754386560,06 0936  3AB/BBR,1754403304,1754403309,13596,1,1
1754386560_7..N,057600_7..N,7,0,1754386560,07 0936 34H/MST,1754403534,1754403540,1175,0,0
1754386560_7..S,057600_7..S,7,1,1754386560,07 0936 MST/34H,1754403129,1754403135,1090,0,0
1754386590_4..N06R,057650_4..N06R,4,0,1754386590,04 0936+ UTI/WDL,1754405268,1754405274,1499,0,0
1754386650_6..N01R,057750_6..N01R,6,0,1754386650,06 0937+ BBR/PEL,1754404878,1754404884,869,0,0
1754386680_1..N03R,057800_1..N03R,1,0,1754386680,01 0938  SFT/242,1754404830,1754404833,1408,0,0
1754386740_1..S03R,057900_1..S03R,1,1,1754386740,01 0939  242/SFT,1754404758,1754404764,1394,0,0
1754386740_4..S06R,057900_4..S06R,4,1,1754386740,04 0939  WDL/UTI,1754404839,1754404845,1410,0,0
1754386740_GS.S01R,057900_GS.S01R,GS,1,1754386740,0S 0939  TSS/GCS,1754401140,1754401144,568,0,0
1754386770_GS.N04R,057950_GS.N04R,GS,0,1754386770,0S 0939+ GCS/TSS,1754401249,1754401254,518,0,0
1754386800_7..N,058000_7..N,7,0,1754386800,07 0940 34H/MST,1754403744,1754403750,1157,0,0
1754386830_2..S01R,058050_2..S01R,2,1,1754386830,02 0940+ 241/FLA,1754407779,1754407785,1945,0,0
1754386830_6..N01R,058050_6..N01R,6,0,1754386830,06 0940+ BBR/PEL,1754405040,1754405043,1375,0,0
1754386860_4..N06R,058100_4..N06R,4,0,1754386860,04 0941  UTI/WDL,1754405559,1754405565,1481,0,0
1754386860_7X..S,058100_7X..S,7X,1,1754386860,07 0941 MST/34H,1754403279,1754403285,1034,0,0
1754386920_2..N01R,058200_2..N01R,2,0,1754386920,02 0942  FLA/241,1754407719,1754407725,1933,0,0
1754386920_3..S01R,058200_3..S01R,3,1,1754386920,03 0942  148/NLT,1754405640,1754405643,1497,0,0
1754386920_5..S03R,058200_5..S03R,5,1,1754386920,05 0942  DYR/FLA,1754406888,1754406894,1758,0,0
1754386920_6..S,058200_6..S,6,1,1754386920,/6 0942  PEL/BBR,1754405298,1754405304,18,0,0
1754386920_6..S01R,058200_6..S01R,6,1,1754386920,/6 0942  PEL/BBR,1754405139,1754405145,1396,0,0
1754386950_1..N03R,058250_1..N03R,1,0,1754386950,01 0942+ SFT/242,1754405049,1754405055,1377,0,0
1754386950_3..N01R,058250_3..N01R,3,0,1754386950,03 0942+ NLT/148,1754405850,1754405853,1540,0,0
1754386950_6..S03R,058250_6..S03R,6,1,1754386950,06 0942+ 177/BBR,1754404608,1754404614,1286,0,0
1754386980_GS.S04R,058300_GS.S04R,GS,1,1754386980,0S 0943  TSS/GCS,1754401474,1754401479,576,0,0
1754387010_6..N06R,058350_6..N06R,6,0,1754387010,06 0943+ BBR/3AB,1754403405,1754403409,1036,0,0
1754387010_7..S,058350_7..S,7,1,1754387010,07 0943+ MST/34H,1754403675,1754403679,1082,0,0
1754387010_GS.N01R,058350_GS.N01R,GS,0,1754387010,0S 0943+ GCS/TSS,1754401515,1754401519,586,0,0
1754387040_1..S03R,058400_1..S03R,1,1,1754387040,01 0944  242/SFT,1754405070,1754405073,1381,0,0
1754387040_7..N,058400_7..N,7,0,1754387040,07 0944 34H/MST,1754403879,1754403885,1124,0,0
1754387100_4..N43R,058500_4..N43R,4,0,1754387100,04 0945  UTI/BUR,1754404800,1754404803,1244,0,0
1754387190_5..N66R,058650_5..N66R,5,0,1754387190,05 0946+ FLA/DYR,1754407278,1754407284,1761,0,0
1754387220_1..N03R,058700_1..N03R,1,0,1754387220,01 0947  SFT/242,1754405628,1754405634,1414,0,0
1754387220_6..N01R,058700_6..N01R,6,0,1754387220,06 0947  BBR/PEL,1754405400,1754405403,1368,0,0
1754387220_GS.S01R,058700_GS.S01R,GS,1,1754387220,0S 0947  TSS/GCS,1754401662,1754401665,542,0,0
1754387250_GS.N04R,058750_GS.N04R,GS,0,1754387250,0S 0947+ GCS/TSS,1754401729,1754401734,559,0,0
1754387280_4..S06R,058800_4..S06R,4,1,1754387280,04 0948  WDL/UTI,1754405910,1754405913,1472,0,0
1754387280_7..N,058800_7..N,7,0,1754387280,07 0948 34H/MST,1754404159,1754404164,1111,0,0
1754387340_1..S03R,058900_1..S03R,1,1,1754387340,01 0949  242/SFT,1754405208,1754405214,1329,0,0
1754387340_2..S01R,058900_2..S01R,2,1,1754387340,02 0949  241/FLA,1754408178,1754408184,1951,0,0
1754387340_5..N,058900_5..N,5,0,1754387340,05 0949  BWG/GHW,1754405664,1754405670,333,0,0
1754387340_5..N85R,058900_5..N85R,5,0,1754387340,05 0949  BWG/GHW,1754404035,1754404039,1078,0,0
1754387370_7X..S,058950_7X..S,7X,1,1754387370,07 0949+ MST/34H,1754403870,1754403874,1032,0,0
1754387400_5..S03R,059000_5..S03R,5,1,1754387400,05 0950  DYR/FLA,1754407509,1754407515,1729,0,0
1754387400_6..S01X104,059000_6..S01X104,6,1,1754387400,06 0950  PEL/BBR,1754405763,1754405769,1362,0,0
1754387430_2..N01R,059050_2..N01R,2,0,1754387430,02 0950+ FLA/241,1754408298,1754408304,1904,0,0
1754387430_3..N01R,059050_3..N01R,3,0,1754387430,03 0950+ NLT/148,1754406318,1754406324,1479,0,0
1754387430_3..S01R,059050_3..S01R,3,1,1754387430,03 0950+ 148/NLT,1754406249,1754406255,1465,0,0
1754387430_4..N06R,059050_4..N06R,4,0,1754387430,04 0950+ UTI/WDL,1754406099,1754406105,1434,0,0
1754387430_6..N06R,059050_6..N06R,6,0,1754387430,06 0950+ BBR/3AB,1754403789,1754403795,954,0,0
1754387460_GS.S04R,059100_GS.S04R,GS,1,1754387460,0S 0951  TSS/GCS,1754401962,1754401965,537,0,0
1754387490_1..N03R,059150_1..N03R,1,0,1754387490,01 0951+ SFT/242,1754405718,1754405724,1352,0,0
1754387490_7..S,059150_7..S,7,1,1754387490,07 0951+ MST/34H,1754404449,1754404455,1116,0,0
1754387520_7..N,059200_7..N,7,0,1754387520,07 0952 34H/MST,1754404329,1754404335,1087,0,0
1754387520_GS.N01R,059200_GS.N01R,GS,0,1754387520,0S 0952  GCS/TSS,1754402025,1754402029,552,0,0
1754387550_5..N66R,059250_5..N66R,5,0,1754387550,05 0952+ FLA/DYR,1754407488,1754407494,1724,0,0
1754387610_4..N43R,059350_4..N43R,4,0,1754387610,04 0953+ UTI/BUR,1754405229,1754405235,1253,0,0
1754387640_1..S03R,059400_1..S03R,1,1,1754387640,01 0954  242/SFT,1754405718,1754405724,1352,0,0
1754387640_6..N01R,059400_6..N01R,6,0,1754387640,06 0954  BBR/PEL,1754405949,1754405955,1401,0,0
1754387730_GS.S01R,059550_GS.S01R,GS,1,1754387730,0S 0955+ TSS/GCS,1754402194,1754402199,512,0,0
1754387760_1..N03R,059600_1..N03R,1,0,1754387760,01 0956  SFT/242,1754406042,1754406045,1341,0,0
1754387760_4..S06R,059600_4..S06R,4,1,1754387760,04 0956  WDL/UTI,1754406240,1754406243,1383,0,0
1754387760_7..N,059600_7..N,7,0,1754387760,07 0956 34H/MST,1754404459,1754404464,1046,0,0
1754387760_7..S,059600_7..S,7,1,1754387760,07 0956 MST/34H,1754404620,1754404623,1079,0,0
1754387760_GS.N04R,059600_GS.N04R,GS,0,1754387760,0S 0956  GCS/TSS,1754402235,1754402239,522,0,0
1754387850_2..S01R,059750_2..S01R,2,1,1754387850,02 0957+ 241/FLA,1754408610,1754408613,1911,0,0
1754387880_5..S03R,059800_5..S03R,5,1,1754387880,05 0958  DYR/FLA,1754407899,1754407905,1729,0,0
1754387880_6..N01R,059800_6..N01R,6,0,1754387880,06 0958  BBR/PEL,1754406360,1754406363,1384,0,0
1754387880_6..S01X104,059800_6..S01X104,6,1,1754387880,06 0958  PEL/BBR,1754406114,1754406120,1357,0,0
1754387910_2..N01R,059850_2..N01R,2,0,1754387910,02 0958+ FLA/241,1754408688,1754408694,1933,0,0
1754387910_3..N01R,059850_3..N01R,3,0,1754387910,03 0958+ NLT/148,1754406999,1754407005,1541,0,0
1754387940_1..S03R,059900_1..S03R,1,1,1754387940,01 0959  242/SFT,1754405958,1754405964,1323,0,0
1754387940_4..N06R,059900_4..N06R,4,0,1754387940,04 0959  UTI/WDL,1754406639,1754406645,1465,0,0
1754387970_GS.S04R,059950_GS.S04R,GS,1,1754387970,0S 0959+ TSS/GCS,1754402442,1754402445,491,0,0
1754388000_7..N,060000_7..N,7,0,1754388000,=7 1000 111/WPT,1754402659,1754402664,125,0,0
1754388000_GS.N01R,060000_GS.N01R,GS,0,1754388000,0S 1000  GCS/TSS,1754402484,1754402490,502,0,0
1754388030_1..N03R,060050_1..N03R,1,0,1754388030,01 1000+ SFT/242,1754406180,1754406183,1290,0,0
1754388060_7..N,060100_7..N,7,0,1754388060,07 1001 34H/MST,1754404944,1754404950,1053,0,0
1754388060_7..S,060100_7..S,7,1,1754388060,07 1001 MST/34H,1754405175,1754405178,1101,0,0
1754388090_3..S01R,060150_3..S01R,3,1,1754388090,03 1001+ 148/NLT,1754406480,1754406483,939,0,0
1754388090_5..N66R,060150_5..N66R,5,0,1754388090,05 1001+ FLA/DYR,1754408178,1754408184,1710,0,0
1754388120_6..N06R,060200_6..N06R,6,0,1754388120,06 1002  BBR/3AB,1754404500,1754404503,942,0,0
1754388210_GS.S01R,060350_GS.S01R,GS,1,1754388210,0S 1003+ TSS/GCS,1754402670,1754402674,549,0,0
1754388240_1..S03R,060400_1..S03R,1,1,1754388240,01 1004  242/SFT,1754406138,1754406144,1281,0,0
1754388240_4..S06R,060400_4..S06R,4,1,1754388240,04 1004  WDL/UTI,1754406543,1754406549,1363,0,0
1754388240_GS.N04R,060400_GS.N04R,GS,0,1754388240,0S 1004  GCS/TSS,1754402712,1754402719,558,0,0
1754388300_2..S01R,060500_2..S01R,2,1,1754388300,02 1005  241/FLA,1754408898,1754408904,1830,0,0
1754388300_5..S03R,060500_5..S03R,5,1,1754388300,05 1005  DYR/FLA,1754408290,1754408295,1661,0,0
1754388330_1..N03R,060550_1..N03R,1,0,1754388330,01 1005+ SFT/242,1754406399,1754406405,1254,0,0
1754388360_4..N43R,060600_4..N43R,4,0,1754388360,04 1006  UTI/BUR,1754406639,1754406645,1255,0,0
1754388360_6..N01R,060600_6..N01R,6,0,1754388360,06 1006  BBR/PEL,1754406720,1754406723,1321,0,0
1754388360_6..S01X104,060600_6..S01X104,6,1,1754388360,06 1006  PEL/BBR,1754406810,1754406813,1340,0,0
1754388360_6..S06R,060600_6..S06R,6,1,1754388360,06 1006  3AB/BBR,1754405028,1754405034,971,0,0
1754388360_7..N,060600_7..N,7,0,1754388360,07 1006 34H/MST,1754405379,1754405385,1076,0,0
1754388360_7..S,060600_7..S,7,1,1754388360,07 1006 MST/34H,1754405334,1754405340,1067,0,0
1754388420_2..N01R,060700_2..N01R,2,0,1754388420,02 1007  FLA/241,1754409222,1754409225,1920,0,0
1754388450_GS.S04R,060750_GS.S04R,GS,1,1754388450,0S 1007+ TSS/GCS,1754402919,1754402922,524,0,0
1754388480_GS.N01R,060800_GS.N01R,GS,0,1754388480,0S 1008  GCS/TSS,1754402985,1754402989,541,0,0
1754388540_1..S03R,060900_1..S03R,1,1,1754388540,01 1009  242/SFT,1754406339,1754406345,1242,0,0
1754388540_5..N66R,060900_5..N66R,5,0,1754388540,05 1009  FLA/DYR,1754408850,1754408853,1816,0,0
1754388600_6..N06R,061000_6..N06R,6,0,1754388600,06 1010  BBR/3AB,1754404950,1754404953,877,0,0
1754388630_1..N03R,061050_1..N03R,1,0,1754388630,01 1010+ SFT/242,1754406699,1754406705,1239,0,0
1754388660_3..N01R,061100_3..N01R,3,0,1754388660,03 1011  NLT/148,1754407299,1754407305,1367,0,0
1754388660_7..N,061100_7..N,7,0,1754388660,07 1011 34H/MST,1754405454,1754405460,1014,0,0
1754388660_7..S,061100_7..S,7,1,1754388660,07 1011 MST/34H,1754405955,1754405958,1117,0,0
1754388690_GS.S01R,061150_GS.S01R,GS,1,1754388690,0S 1011+ TSS/GCS,1754403180,1754403184,507,0,0
1754388720_4..S06R,061200_4..S06R,4,1,1754388720,04 1012  WDL/UTI,1754407044,1754407050,1312,0,0
1754388720_GS.N04R,061200_GS.N04R,GS,0,1754388720,0S 1012  GCS/TSS,1754403204,1754403207,512,0,0
1754388750_3..S01R,061250_3..S01R,3,1,1754388750,03 1012+ 148/NLT,1754407008,1754407014,1304,0,0
1754388780_2..S01R,061300_2..S01R,2,1,1754388780,02 1013  241/FLA,1754409120,1754409123,1813,0,0
1754388780_4..N06R,061300_4..N06R,4,0,1754388780,04 1013  UTI/WDL,1754407500,1754407503,1407,0,0
1754388810_5..S03R,061350_5..S03R,5,1,1754388810,05 1013+ DYR/FLA,1754408740,1754408745,1708,0,0
1754388810_6..S06R,061350_6..S06R,6,1,1754388810,06 1013+ 3AB/BBR,1754405604,1754405610,1010,0,0
1754388840_1..S03R,061400_1..S03R,1,1,1754388840,01 1014  242/SFT,1754406618,1754406624,1222,0,0
1754388840_6..N01R,061400_6..N01R,6,0,1754388840,06 1014  BBR/PEL,1754407230,1754407233,1351,0,0
1754388840_6..S01X104,061400_6..S01X104,6,1,1754388840,06 1014  PEL/BBR,1754407143,1754407149,1332,0,0
1754388870_5..N66R,061450_5..N66R,5,0,1754388870,05 1014+ FLA/DYR,1754409120,1754409123,1737,0,0
1754388930_GS.S04R,061550_GS.S04R,GS,1,1754388930,0S 1015+ TSS/GCS,1754403405,1754403409,479,0,0
1754388960_1..N03R,061600_1..N03R,1,0,1754388960,01 1016  SFT/242,1754407068,1754407074,1240,0,0
1754388960_7..N,061600_7..N,7,0,1754388960,07 1016 34H/MST,1754405610,1754405613,962,0,0
1754388960_7..S,061600_7..S,7,1,1754388960,07 1016 MST/34H,1754406024,1754406030,1049,0,0
1754388960_GS.N01R,061600_GS.N01R,GS,0,1754388960,0S 1016  GCS/TSS,1754403444,1754403450,487,0,0
1754388990_2..N01R,061650_2..N01R,2,0,1754388990,02 1016+ FLA/241,1754410300,1754410305,2059,0,0
1754389020_3..N01R,061700_3..N01R,3,0,1754389020,03 1017  NLT/148,1754407779,1754407785,1388,0,0
1754389020_4..N06R,061700_4..N06R,4,0,1754389020,04 1017  UTI/WDL,1754407758,1754407764,1384,0,0
1754389080_3..S01R,061800_3..S01R,3,1,1754389080,03 1018  148/NLT,1754407338,1754407344,1298,0,0
1754389080_6..N06R,061800_6..N06R,6,0,1754389080,06 1018  BBR/3AB,1754405580,1754405583,928,0,0
1754389140_1..S03R,061900_1..S03R,1,1,1754389140,01 1019  242/SFT,1754407140,1754407143,1254,0,0
1754389170_5..N66R,061950_5..N66R,5,0,1754389170,05 1019+ FLA/DYR,1754409690,1754409693,1821,0,0
1754389170_GS.S01R,061950_GS.S01R,GS,1,1754389170,0S 1019+ TSS/GCS,1754403649,1754403654,454,0,0
1754389200_4..S06R,062000_4..S06R,4,1,1754389200,04 1020  WDL/UTI,1754407485,1754407488,1253,0,0
1754389200_GS.N04R,062000_GS.N04R,GS,0,1754389200,0S 1020  GCS/TSS,1754403690,1754403694,462,0,0
1754389230_6..S06R,062050_6..S06R,6,1,1754389230,06 1020+ 3AB/BBR,1754405913,1754405919,922,0,0
1754389260_2..S01R,062100_2..S01R,2,1,1754389260,02 1021  241/FLA,1754409528,1754409534,1777,0,0
1754389260_5..S03R,062100_5..S03R,5,1,1754389260,05 1021  DYR/FLA,1754409288,1754409294,1708,0,0
1754389260_7..N,062100_7..N,7,0,1754389260,07 1021 34H/MST,1754406048,1754406054,968,0,0
1754389260_7..S,062100_7..S,7,1,1754389260,07 1021 MST/34H,1754406183,1754406189,997,0,0
1754389290_1..N03R,062150_1..N03R,1,0,1754389290,01 1021+ SFT/242,1754407428,1754407434,1241,0,0
1754389320_6..N01R,062200_6..N01R,6,0,1754389320,06 1022  BBR/PEL,1754407899,1754407905,1338,0,0
1754389320_6..S01X104,062200_6..S01X104,6,1,1754389320,06 1022  PEL/BBR,1754407614,1754407620,1280,0,0
1754389350_2..N01R,062250_2..N01R,2,0,1754389350,02 1022+ FLA/241,1754410668,1754410674,2082,0,0
1754389410_4..N06R,062350_4..N06R,4,0,1754389410,04 1023+ UTI/WDL,1754408178,1754408184,1400,0,0
1754389410_GS.S04R,062350_GS.S04R,GS,1,1754389410,0S 1023+ TSS/GCS,1754403897,1754403900,507,0,0
1754389440_1..S03R,062400_1..S03R,1,1,1754389440,01 1024  242/SFT,1754407293,1754407299,1213,0,0
1754389440_3..N01R,062400_3..N01R,3,0,1754389440,03 1024  NLT/148,1754408238,1754408244,1417,0,0
1754389440_GS.N01R,062400_GS.N01R,GS,0,1754389440,0S 1024  GCS/TSS,1754403954,1754403960,520,0,0
1754389530_4..S06R,062550_4..S06R,4,1,1754389530,04 1025+ WDL/UTI,1754407854,1754407860,1255,0,0
1754389560_6..N,062600_6..N,6,0,1754389560,/6 1026  BBR/3AB,1754406138,1754406144,106,0,0
1754389560_6..N06R,062600_6..N06R,6,0,1754389560,/6 1026  BBR/3AB,1754405520,1754405523,766,0,0
1754389560_7..N,062600_7..N,7,0,1754389560,07 1026 34H/MST,1754406333,1754406339,966,0,0
1754389560_7..S,062600_7..S,7,1,1754389560,07 1026 MST/34H,1754406468,1754406474,993,0,0
1754389650_GS.S01R,062750_GS.S01R,GS,1,1754389650,0S 1027+ TSS/GCS,1754404129,1754404134,481,0,0
1754389680_GS.N04R,062800_GS.N04R,GS,0,1754389680,0S 1028  GCS/TSS,1754404149,1754404155,485,0,0
1754389710_2..S01R,062850_2..S01R,2,1,1754389710,02 1028+ 241/FLA,1754410170,1754410173,1871,0,0
1754389710_5..S03R,062850_5..S03R,5,1,1754389710,05 1028+ DYR/FLA,1754409708,1754409714,1750,0,0
1754389740_1..S03R,062900_1..S03R,1,1,1754389740,01 1029  242/SFT,1754407599,1754407605,1202,0,0
1754389770_1..N03R,062950_1..N03R,1,0,1754389770,01 1029+ SFT/242,1754407698,1754407704,1027,0,0
1754389770_3..S01R,062950_3..S01R,3,1,1754389770,03 1029+ 148/NLT,1754408350,1754408355,1304,0,0
1754389800_4..N06R,063000_4..N06R,4,0,1754389800,04 1030  UTI/WDL,1754408560,1754408565,1363,0,0
1754389800_6..N01R,063000_6..N01R,6,0,1754389800,06 1030  BBR/PEL,1754408370,1754408373,1308,0,0
1754389800_6..S01X104,063000_6..S01X104,6,1,1754389800,06 1030  PEL/BBR,1754408163,1754408169,1251,0,0
1754389830_2..N01R,063050_2..N01R,2,0,1754389830,02 1030+ FLA/241,1754411448,1754411454,2130,0,0
1754389860_7..N,063100_7..N,7,0,1754389860,07 1031 34H/MST,1754406684,1754406690,960,0,0
1754389860_7..S,063100_7..S,7,1,1754389860,07 1031 MST/34H,1754406924,1754406930,1012,0,0
1754389890_GS.S04R,063150_GS.S04R,GS,1,1754389890,0S 1031+ TSS/GCS,1754404354,1754404359,456,0,0
1754389920_GS.N01R,063200_GS.N01R,GS,0,1754389920,0S 1032  GCS/TSS,1754404399,1754404404,465,0,0
1754390010_5..N66R,063350_5..N66R,5,0,1754390010,05 1033+ FLA/DYR,1754411610,1754411613,2200,0,0
1754390040_1..S03R,063400_1..S03R,1,1,1754390040,01 1034  242/SFT,1754407848,1754407854,1183,0,0
1754390040_3..N,063400_3..N,3,0,1754390040,/3 1034  NLT/148,1754408811,1754408814,834,0,0
1754390040_3..N01R,063400_3..N01R,3,0,1754390040,03 1034  NLT/148,1754404905,1754404908,570,0,0
1754390040_6..N06R,063400_6..N06R,6,0,1754390040,06 1034  BBR/3AB,1754406450,1754406453,889,0,0
1754390130_2..N01R,063550_2..N01R,2,0,1754390130,02 1035+ FLA/241,1754412219,1754412225,2259,0,0
1754390130_GS.S01R,063550_GS.S01R,GS,1,1754390130,0S 1035+ TSS/GCS,1754404608,1754404614,434,0,0
1754390160_4..S06R,063600_4..S06R,4,1,1754390160,04 1036  WDL/UTI,1754408830,1754408835,1361,0,0
1754390160_7..N,063600_7..N,7,0,1754390160,07 1036 34H/MST,1754407065,1754407068,971,0,0
1754390160_7..S,063600_7..S,7,1,1754390160,07 1036 MST/34H,1754407158,1754407164,990,0,0
1754390190_2..S01R,063650_2..S01R,2,1,1754390190,02 1036+ 241/FLA,1754410510,1754410515,1820,0,0
1754390190_5..S03R,063650_5..S03R,5,1,1754390190,05 1036+ DYR/FLA,1754410000,1754410005,1680,0,0
1754390220_GS.N04R,063700_GS.N04R,GS,0,1754390220,0S 1037  GCS/TSS,1754404683,1754404689,448,0,0
1754390250_1..N03R,063750_1..N03R,1,0,1754390250,01 1037+ SFT/242,1754408130,1754408133,845,0,0
1754390250_3..S01R,063750_3..S01R,3,1,1754390250,03 1037+ 148/NLT,1754408850,1754408853,1365,0,0
1754390280_6..N01R,063800_6..N01R,6,0,1754390280,06 1038  BBR/PEL,1754408860,1754408865,1368,0,0
1754390280_6..S,063800_6..S,6,1,1754390280,/6 1038  PEL/BBR,1754408595,1754408598,274,0,0
1754390280_6..S01X104,063800_6..S01X104,6,1,1754390280,/6 1038  PEL/BBR,1754407350,1754407353,1004,0,0
1754390310_6..S06R,063850_6..S06R,6,1,1754390310,06 1038+ 3AB/BBR,1754407005,1754407008,764,0,0
1754390340_4..N06R,063900_4..N06R,4,0,1754390340,04 1039  UTI/WDL,1754409150,1754409153,1448,0,0
1754390400_1..S03R,064000_1..S03R,1,1,1754390400,01 1040  242/SFT,1754408400,1754408403,1172,0,0
1754390400_3..N01R,064000_3..N01R,3,0,1754390400,03 1040  NLT/148,1754409250,1754409255,1409,0,0
1754390430_GS.S04R,064050_GS.S04R,GS,1,1754390430,0S 1040+ TSS/GCS,1754404878,1754404884,419,0,0
1754390460_7..N,064100_7..N,7,0,1754390460,07 1041 34H/MST,1754407389,1754407395,947,0,0
1754390460_7..S,064100_7..S,7,1,1754390460,07 1041 MST/34H,1754407629,1754407635,997,0,0
1754390520_6..N06R,064200_6..N06R,6,0,1754390520,06 1042  BBR/3AB,1754406879,1754406885,834,0,0
1754390520_GS.N01R,064200_GS.N01R,GS,0,1754390520,0S 1042  GCS/TSS,1754404989,1754404995,443,0,0
1754390550_1..N03R,064250_1..N03R,1,0,1754390550,01 1042+ SFT/242,1754408448,1754408454,1185,0,0
1754390610_5..N66R,064350_5..N66R,5,0,1754390610,05 1043+ FLA/DYR,1754412159,1754412165,2176,0,0
1754390640_4..S06R,064400_4..S06R,4,1,1754390640,04 1044  WDL/UTI,1754409378,1754409384,1444,0,0
1754390670_2..S01R,064450_2..S01R,2,1,1754390670,02 1044+ 241/FLA,1754411208,1754411214,1875,0,0
1754390670_5..S03R,064450_5..S03R,5,1,1754390670,05 1044+ DYR/FLA,1754410668,1754410674,1724,0,0
1754390700_1..S03R,064500_1..S03R,1,1,1754390700,01 1045  242/SFT,1754409030,1754409033,1278,0,0
1754390730_3..S01R,064550_3..S01R,3,1,1754390730,03 1045+ 148/NLT,1754409342,1754409345,1365,0,0
1754390730_6..S01X104,064550_6..S01X104,6,1,1754390730,06 1045+ PEL/BBR,1754409045,1754409048,1281,0,0
1754390730_GS.S01R,064550_GS.S01R,GS,1,1754390730,0S 1045+ TSS/GCS,1754405205,1754405208,418,0,0
1754390760_6..N01R,064600_6..N01R,6,0,1754390760,06 1046  BBR/PEL,1754409280,1754409285,1347,0,0
1754390760_7..N,064600_7..N,7,0,1754390760,07 1046 34H/MST,1754407869,1754407875,987,0,0
1754390760_7..S,064600_7..S,7,1,1754390760,07 1046 MST/34H,1754408013,1754408019,1016,0,0
1754390790_6..S06R,064650_6..S06R,6,1,1754390790,06 1046+ 3AB/BBR,1754407383,1754407389,873,0,0
1754390820_GS.N04R,064700_GS.N04R,GS,0,1754390820,0S 1047  GCS/TSS,1754405298,1754405304,437,0,0
1754390850_1..N03R,064750_1..N03R,1,0,1754390850,01 1047+ SFT/242,1754408850,1754408853,1227,0,0
1754390880_4..N06R,064800_4..N06R,4,0,1754390880,04 1048  UTI/WDL,1754409550,1754409555,1424,0,0
1754390910_2..N01R,064850_2..N01R,2,0,1754390910,02 1048+ FLA/241,1754412858,1754412864,2251,0,0
1754390910_4..S06R,064850_4..S06R,4,1,1754390910,04 1048+ WDL/UTI,1754409693,1754409699,1462,0,0
1754391000_1..S03R,065000_1..S03R,1,1,1754391000,01 1050  242/SFT,1754409420,1754409423,1324,0,0
1754391000_6..N06R,065000_6..N06R,6,0,1754391000,06 1050  BBR/3AB,1754407449,1754407455,823,0,0
1754391030_GS.S04R,065050_GS.S04R,GS,1,1754391030,0S 1050+ TSS/GCS,1754405514,1754405520,417,0,0
1754391060_5..N,065100_5..N,5,0,1754391060,05 1051  BWG/180,1754409720,1754409723,303,0,0
1754391060_5..N67R,065100_5..N67R,5,0,1754391060,05 1051  BWG/180,1754408628,1754408634,1004,0,0
1754391060_7..N,065100_7..N,7,0,1754391060,07 1051 34H/MST,1754408085,1754408088,945,0,0
1754391060_7..S,065100_7..S,7,1,1754391060,07 1051 MST/34H,1754408118,1754408124,953,0,0
1754391120_3..N01R,065200_3..N01R,3,0,1754391120,03 1052  NLT/148,1754410428,1754410434,1242,0,0
1754391120_5..N66R,065200_5..N66R,5,0,1754391120,05 1052  FLA/DYR,1754412828,1754412834,2181,0,0
1754391120_GS.N01R,065200_GS.N01R,GS,0,1754391120,0S 1052  GCS/TSS,1754405619,1754405625,438,0,0
1754391150_1..N03R,065250_1..N03R,1,0,1754391150,01 1052+ SFT/242,1754409180,1754409183,1255,0,0
1754391150_2..S01R,065250_2..S01R,2,1,1754391150,02 1052+ 241/FLA,1754411680,1754411685,1942,0,0
1754391150_5..S03R,065250_5..S03R,5,1,1754391150,05 1052+ DYR/FLA,1754410980,1754410983,1746,0,0
1754391210_3..S01R,065350_3..S01R,3,1,1754391210,03 1053+ 148/NLT,1754409828,1754409834,1435,0,0
1754391210_6..S01X104,065350_6..S01X104,6,1,1754391210,06 1053+ PEL/BBR,1754409867,1754409870,1446,0,0
1754391240_6..N01R,065400_6..N01R,6,0,1754391240,06 1054  BBR/PEL,1754409768,1754409774,1418,0,0
1754391270_6..S06R,065450_6..S06R,6,1,1754391270,06 1054+ 3AB/BBR,1754407755,1754407758,824,0,0
1754391300_1..S,065500_1..S,1,1,1754391300,/1 1055  242/SFT,1754409858,1754409864,257,0,0
1754391300_1..S03R,065500_1..S03R,1,1,1754391300,/1 1055  242/SFT,1754408784,1754408785,1079,0,0
1754391330_GS.S01R,065550_GS.S01R,GS,1,1754391330,0S 1055+ TSS/GCS,1754405799,1754405805,414,0,0
1754391360_7..N,065600_7..N,7,0,1754391360,07 1056 34H/MST,1754408800,1754408805,1114,0,0
1754391360_7..S,065600_7..S,7,1,1754391360,07 1056 MST/34H,1754408598,1754408604,1059,0,0
1754391390_2..N01R,065650_2..N01R,2,0,1754391390,02 1056+ FLA/241,1754413458,1754413464,2249,0,0
1754391420_GS.N04R,065700_GS.N04R,GS,0,1754391420,0S 1057  GCS/TSS,1754405904,1754405907,434,0,0
1754391450_1..N03R,065750_1..N03R,1,0,1754391450,01 1057+ SFT/242,1754409400,1754409405,1256,0,0
1754391450_4..N06R,065750_4..N06R,4,0,1754391450,04 1057+ UTI/WDL,1754409990,1754409993,1414,0,0
1754391480_6..N06R,065800_6..N06R,6,0,1754391480,06 1058  BBR/3AB,1754407848,1754407854,843,0,0
1754391600_4..S06R,066000_4..S06R,4,1,1754391600,04 1100  WDL/UTI,1754410038,1754410044,1362,0,0
1754391600_5..N66R,066000_5..N66R,5,1,1754391600,$5 1100  FLA/DYR,1754410878,1754410884,1441,0,0
1754391630_2..S01R,066050_2..S01R,2,1,1754391630,02 1100+ 241/FLA,1754411958,1754411964,1877,0,0
1754391630_5..S03R,066050_5..S03R,5,1,1754391630,05 1100+ DYR/FLA,1754411460,1754411463,1753,0,0
1754391630_GS.S04R,066050_GS.S04R,GS,1,1754391630,0S 1100+ TSS/GCS,1754406084,1754406087,409,0,0
1754391660_1..S03R,066100_1..S03R,1,1,1754391660,01 1101  242/SFT,1754410060,1754410065,1367,0,0
1754391660_7..N,066100_7..N,7,0,1754391660,07 1101 34H/MST,1754408883,1754408889,1067,0,0
1754391660_7..S,066100_7..S,7,1,1754391660,07 1101 MST/34H,1754408680,1754408685,1011,0,0
1754391690_3..S01R,066150_3..S01R,3,1,1754391690,03 1101+ 148/NLT,1754410248,1754410251,1418,0,0
1754391690_6..S01X104,066150_6..S01X104,6,1,1754391690,06 1101+ PEL/BBR,1754410278,1754410281,1427,0,0
1754391720_6..N01R,066200_6..N01R,6,0,1754391720,06 1102  BBR/PEL,1754410338,1754410344,1444,0,0
1754391720_GS.N01R,066200_GS.N01R,GS,0,1754391720,0S 1102  GCS/TSS,1754406189,1754406195,432,0,0
1754391750_1..N03R,066250_1..N03R,1,0,1754391750,01 1102+ SFT/242,1754409558,1754409564,1235,0,0
1754391750_6..S06R,066250_6..S06R,6,1,1754391750,06 1102+ 3AB/BBR,1754408365,1754408370,902,0,0
1754391870_2..N01R,066450_2..N01R,2,1,1754391870,$2 1104+ FLA/241,1754409978,1754409985,1287,0,0
1754391900_3..N01R,066500_3..N01R,3,0,1754391900,03 1105  NLT/148,1754410720,1754410725,1487,0,0
1754391930_4..N06R,066550_4..N06R,4,0,1754391930,04 1105+ UTI/WDL,1754410960,1754410965,1554,0,0
1754391930_GS.S01R,066550_GS.S01R,GS,1,1754391930,0S 1105+ TSS/GCS,1754406405,1754406408,415,0,0
1754391960_6..N06R,066600_6..N06R,6,0,1754391960,06 1106  BBR/3AB,1754408280,1754408283,818,0,0
1754391960_7..N,066600_7..N,7,0,1754391960,07 1106 34H/MST,1754409018,1754409024,1037,0,0
1754391960_7..S,066600_7..S,7,1,1754391960,07 1106 MST/34H,1754409100,1754409105,1060,0,0
1754392020_1..S03R,066700_1..S03R,1,1,1754392020,01 1107  242/SFT,1754410290,1754410293,1372,0,0
1754392020_4..S06R,066700_4..S06R,4,1,1754392020,04 1107  WDL/UTI,1754410305,1754410308,1375,0,0
1754392020_GS.N04R,066700_GS.N04R,GS,0,1754392020,0S 1107  GCS/TSS,1754406489,1754406495,432,0,0
1754392050_1..N03R,066750_1..N03R,1,0,1754392050,01 1107+ SFT/242,1754410008,1754410014,1293,0,0
1754392110_2..S,066850_2..S,2,1,1754392110,/2 1108+ 241/FLA,1754412918,1754412924,203,0,0
1754392110_2..S01R,066850_2..S01R,2,1,1754392110,/2 1108+ 241/FLA,1754411790,1754411793,1779,0,0
1754392110_3..S01R,066850_3..S01R,3,1,1754392110,03 1108+ 148/NLT,1754411010,1754411013,1566,0,0
1754392110_5..N66R,066850_5..N66R,5,0,1754392110,05 1108+ FLA/DYR,1754413959,1754413965,2227,0,0
1754392110_5..S03R,066850_5..S03R,5,1,1754392110,05 1108+ DYR/FLA,1754412189,1754412195,1862,0,0
1754392170_6..S01X104,066950_6..S01X104,6,1,1754392170,06 1109+ PEL/BBR,1754406093,1754406573,273,0,0
1754392200_6..N01R,067000_6..N01R,6,0,1754392200,06 1110  BBR/PEL,1754410800,1754410803,1447,0,0
1754392230_6..S06R,067050_6..S06R,6,1,1754392230,06 1110+ 3AB/BBR,1754408760,1754408763,889,0,0
1754392230_GS.S04R,067050_GS.S04R,GS,1,1754392230,0S 1110+ TSS/GCS,1754406690,1754406693,412,0,0
1754392260_3..N01R,067100_3..N01R,3,0,1754392260,03 1111  NLT/148,1754411070,1754411073,1520,0,0
1754392260_7..N,067100_7..N,7,0,1754392260,07 1111 34H/MST,1754409213,1754409219,1031,0,0
1754392260_7..S,067100_7..S,7,1,1754392260,07 1111 MST/34H,1754409303,1754409309,1055,0,0
1754392290_2..N01R,067150_2..N01R,2,0,1754392290,02 1111+ FLA/241,1754414319,1754414325,2240,0,0
1754392320_GS.N01R,067200_GS.N01R,GS,0,1754392320,0S 1112  GCS/TSS,1754406783,1754406789,433,0,0
1754392350_1..N03R,067250_1..N03R,1,0,1754392350,01 1112+ SFT/242,1754410218,1754410224,1288,0,0
1754392380_1..S03R,067300_1..S03R,1,1,1754392380,01 1113  242/SFT,1754410410,1754410413,1341,0,0
1754392410_6..S01X104,067350_6..S01X104,6,1,1754392410,06 1113+ PEL/BBR,1754411005,1754411010,1368,0,0
1754392440_4..N06R,067400_4..N06R,4,0,1754392440,04 1114  UTI/WDL,1754411058,1754411064,1517,0,0
1754392500_4..S06R,067500_4..S06R,4,1,1754392500,04 1115  WDL/UTI,1754411025,1754411028,1445,0,0
1754392530_GS.S01R,067550_GS.S01R,GS,1,1754392530,0S 1115+ TSS/GCS,1754406993,1754406999,414,0,0
1754392560_7..N,067600_7..N,7,0,1754392560,07 1116 34H/MST,1754409475,1754409480,1044,0,0
1754392560_7..S,067600_7..S,7,1,1754392560,07 1116 MST/34H,1754409580,1754409585,1073,0,0
1754392590_2..S,067650_2..S,2,1,1754392590,/2 1116+ 241/FLA,1754413530,1754413533,149,0,0
1754392590_2..S01R,067650_2..S01R,2,1,1754392590,/2 1116+ 241/FLA,1754412744,1754412750,1852,0,0
1754392590_5..N66R,067650_5..N66R,5,1,1754392590,$5 1116+ FLA/DYR,1754412948,1754412954,1744,0,0
1754392590_5..S,067650_5..S,5,1,1754392590,/5 1116+ DYR/FLA,1754412678,1754412684,106,0,0
1754392590_5..S03R,067650_5..S03R,5,1,1754392590,05 1116+ DYR/FLA,1754412060,1754412063,1711,0,0
1754392620_GS.N04R,067700_GS.N04R,GS,0,1754392620,0S 1117  GCS/TSS,1754407089,1754407095,434,0,0
1754392650_1..N03R,067750_1..N03R,1,0,1754392650,01 1117+ SFT/242,1754410548,1754410554,1315,0,0
1754392650_3..S01R,067750_3..S01R,3,1,1754392650,03 1117+ 148/NLT,1754411350,1754411355,1539,0,0
1754392680_6..N01R,067800_6..N01R,6,0,1754392680,06 1118  BBR/PEL,1754411358,1754411364,1541,0,0
1754392710_6..S06R,067850_6..S06R,6,1,1754392710,06 1118+ 3AB/BBR,1754409205,1754409210,950,0,0
1754392740_1..S03R,067900_1..S03R,1,1,1754392740,01 1119  242/SFT,1754410608,1754410614,1331,0,0
1754392740_3..N01R,067900_3..N01R,3,0,1754392740,03 1119  NLT/148,1754411478,1754411481,1553,0,0
1754392770_2..N01R,067950_2..N01R,2,1,1754392770,$2 1119+ FLA/241,1754410773,1754410779,1315,0,0
1754392830_GS.S04R,068050_GS.S04R,GS,1,1754392830,0S 1120+ TSS/GCS,1754407275,1754407278,413,0,0
1754392860_7..N,068100_7..N,7,0,1754392860,07 1121 34H/MST,1754409820,1754409825,1085,0,0
1754392860_7..S,068100_7..S,7,1,1754392860,07 1121 MST/34H,1754409738,1754409744,1062,0,0
1754392920_4..N06R,068200_4..N06R,4,0,1754392920,04 1122  UTI/WDL,1754411709,1754411714,1575,0,0
1754392920_6..N06R,068200_6..N06R,6,0,1754392920,06 1122  BBR/3AB,1754409300,1754409303,915,0,0
1754392920_GS.N01R,068200_GS.N01R,GS,0,1754392920,0S 1122  GCS/TSS,1754407413,1754407419,442,0,0
1754392950_1..N03R,068250_1..N03R,1,0,1754392950,01 1122+ SFT/242,1754410938,1754410944,1362,0,0
1754393040_4..S06R,068400_4..S06R,4,1,1754393040,04 1124  WDL/UTI,1754411440,1754411445,1502,0,0
1754393070_2..S01R,068450_2..S01R,2,1,1754393070,02 1124+ 241/FLA,1754413878,1754413884,1964,0,0
1754393070_5..N66R,068450_5..N66R,5,1,1754393070,$5 1124+ FLA/DYR,1754413824,1754413830,1604,0,0
1754393070_5..S03R,068450_5..S03R,5,1,1754393070,05 1124+ DYR/FLA,1754413020,1754413023,1786,0,0
1754393100_1..S03R,068500_1..S03R,1,1,1754393100,01 1125  242/SFT,1754411238,1754411244,1384,0,0
1754393130_3..S01R,068550_3..S01R,3,1,1754393130,03 1125+ 148/NLT,1754411928,1754411934,1562,0,0
1754393130_6..S01X104,068550_6..S01X104,6,1,1754393130,06 1125+ PEL/BBR,1754411730,1754411733,1519,0,0
1754393130_GS.S01R,068550_GS.S01R,GS,1,1754393130,0S 1125+ TSS/GCS,1754407614,1754407620,423,0,0
1754393160_6..N01R,068600_6..N01R,6,0,1754393160,06 1126  BBR/PEL,1754411700,1754411703,1512,0,0
1754393160_7..N,068600_7..N,7,0,1754393160,07 1126 34H/MST,1754410323,1754410329,1131,0,0
1754393160_7..S,068600_7..S,7,1,1754393160,07 1126 MST/34H,1754410080,1754410083,1063,0,0
1754393190_6..S06R,068650_6..S06R,6,1,1754393190,06 1126+ 3AB/BBR,1754409700,1754409705,966,0,0
1754393220_3..N01R,068700_3..N01R,3,0,1754393220,03 1127  NLT/148,1754411838,1754411844,1521,0,0
1754393220_GS.N04R,068700_GS.N04R,GS,0,1754393220,0S 1127  GCS/TSS,1754407704,1754407710,441,0,0
1754393250_1..N03R,068750_1..N03R,1,0,1754393250,01 1127+ SFT/242,1754411430,1754411433,1438,0,0
1754393250_2..N01R,068750_2..N01R,2,0,1754393250,02 1127+ FLA/241,1754414718,1754414724,2113,0,0
1754393400_4..N06R,069000_4..N06R,4,0,1754393400,04 1130  UTI/WDL,1754411979,1754411985,1512,0,0
1754393400_6..N06R,069000_6..N06R,6,0,1754393400,06 1130  BBR/3AB,1754409820,1754409825,938,0,0
1754393430_GS.S04R,069050_GS.S04R,GS,1,1754393430,0S 1130+ TSS/GCS,1754407908,1754407914,422,0,0
1754393460_1..S03R,069100_1..S03R,1,1,1754393460,01 1131  242/SFT,1754411460,1754411463,1385,0,0
1754393460_7..N,069100_7..N,7,0,1754393460,07 1131 34H/MST,1754410390,1754410395,1087,0,0
1754393460_7..S,069100_7..S,7,1,1754393460,07 1131 MST/34H,1754410368,1754410374,1081,0,0
1754393520_4..S06R,069200_4..S06R,4,1,1754393520,04 1132  WDL/UTI,1754412090,1754412093,1534,0,0
1754393520_GS.N01R,069200_GS.N01R,GS,0,1754393520,0S 1132  GCS/TSS,1754407989,1754407995,438,0,0
1754393550_2..S01R,069250_2..S01R,2,1,1754393550,02 1132+ 241/FLA,1754414508,1754414514,2034,0,0
1754393550_5..N,069250_5..N,5,0,1754393550,05 1132+ FLA/DYR,1754414250,1754414253,949,0,0
1754393550_5..N66R,069250_5..N66R,5,0,1754393550,05 1132+ FLA/DYR,1754410180,1754410185,1031,0,0
1754393550_5..S03R,069250_5..S03R,5,1,1754393550,05 1132+ DYR/FLA,1754414160,1754414163,1962,0,0
1754393610_1..N03R,069350_1..N03R,1,0,1754393610,01 1133+ SFT/242,1754411568,1754411574,1416,0,0
1754393610_3..S01R,069350_3..S01R,3,1,1754393610,03 1133+ 148/NLT,1754412339,1754412345,1585,0,0
1754393610_6..S01X104,069350_6..S01X104,6,1,1754393610,06 1133+ PEL/BBR,1754412195,1754412198,1555,0,0
1754393640_6..N01R,069400_6..N01R,6,0,1754393640,06 1134  BBR/PEL,1754412198,1754412204,1556,0,0
1754393670_6..S06R,069450_6..S06R,6,1,1754393670,06 1134+ 3AB/BBR,1754410110,1754410113,946,0,0
1754393700_3..N01R,069500_3..N01R,3,0,1754393700,03 1135  NLT/148,1754412369,1754412375,1525,0,0
1754393730_2..N01R,069550_2..N01R,2,1,1754393730,$2 1135+ FLA/241,1754411874,1754411880,1410,0,0
1754393730_GS.S01R,069550_GS.S01R,GS,1,1754393730,0S 1135+ TSS/GCS,1754408193,1754408199,420,0,0
1754393760_7..N,069600_7..N,7,0,1754393760,07 1136 34H/MST,1754410863,1754410869,1155,0,0
1754393760_7..S,069600_7..S,7,1,1754393760,07 1136 MST/34H,1754410569,1754410570,1074,0,0
1754393820_1..S03R,069700_1..S03R,1,1,1754393820,01 1137  242/SFT,1754412279,1754412285,1507,0,0
1754393820_GS.N04R,069700_GS.N04R,GS,0,1754393820,0S 1137  GCS/TSS,1754408310,1754408313,452,0,0
1754393880_4..N06R,069800_4..N06R,4,0,1754393880,04 1138  UTI/WDL,1754412570,1754412573,1568,0,0
1754393880_6..N06R,069800_6..N06R,6,0,1754393880,06 1138  BBR/3AB,1754410210,1754410215,974,0,0
1754393910_1..N03R,069850_1..N03R,1,0,1754393910,01 1138+ SFT/242,1754411910,1754411913,1431,0,0
1754393970_4..S06R,069950_4..S06R,4,1,1754393970,04 1139+ WDL/UTI,1754412333,1754412339,1458,0,0
1754394030_2..S01R,070050_2..S01R,2,1,1754394030,02 1140+ 241/FLA,1754415300,1754415303,2074,0,0
1754394030_5..N,070050_5..N,5,0,1754394030,05 1140+ FLA/DYR,1754414700,1754414703,927,0,0
1754394030_5..N66R,070050_5..N66R,5,0,1754394030,05 1140+ FLA/DYR,1754410605,1754410608,1021,0,0
1754394030_5..S03R,070050_5..S03R,5,1,1754394030,05 1140+ DYR/FLA,1754414760,1754414763,1960,0,0
1754394030_GS.S04R,070050_GS.S04R,GS,1,1754394030,0S 1140+ TSS/GCS,1754408505,1754408508,447,0,0
1754394060_7..N,070100_7..N,7,0,1754394060,07 1141 34H/MST,1754411043,1754411049,1147,0,0
1754394060_7..S,070100_7..S,7,1,1754394060,07 1141 MST/34H,1754411238,1754411244,1203,0,0
1754394090_3..S01R,070150_3..S01R,3,1,1754394090,03 1141+ 148/NLT,1754412738,1754412744,1542,0,0
1754394090_6..S01X104,070150_6..S01X104,6,1,1754394090,06 1141+ PEL/BBR,1754412348,1754412354,1461,0,0
1754394120_6..N01R,070200_6..N01R,6,0,1754394120,06 1142  BBR/PEL,1754412630,1754412633,1520,0,0
1754394120_GS.N01R,070200_GS.N01R,GS,0,1754394120,0S 1142  GCS/TSS,1754408613,1754408619,477,0,0
1754394150_6..S06R,070250_6..S06R,6,1,1754394150,06 1142+ 3AB/BBR,1754410605,1754410608,1021,0,0
1754394180_1..S,070300_1..S,1,1,1754394180,E1 1143  242/SFT,1754412120,1754412123,380,0,0
1754394180_1..S03R,070300_1..S03R,1,1,1754394180,01 1143  242/SFT,1754410653,1754410659,1034,0,0
1754394180_3..N01R,070300_3..N01R,3,0,1754394180,03 1143  NLT/148,1754412780,1754412783,1550,0,0
1754394210_2..N01R,070350_2..N01R,2,0,1754394210,02 1143+ FLA/241,1754415120,1754415123,2037,0,0
1754394240_1..N03R,070400_1..N03R,1,0,1754394240,01 1144  SFT/242,1754412270,1754412273,1445,0,0
1754394330_GS.S01R,070550_GS.S01R,GS,1,1754394330,0S 1145+ TSS/GCS,1754408823,1754408829,471,0,0
1754394360_4..N06R,070600_4..N06R,4,0,1754394360,04 1146  UTI/WDL,1754412900,1754412903,1510,0,0
1754394360_6..N06R,070600_6..N06R,6,0,1754394360,06 1146  BBR/3AB,1754410758,1754410764,999,0,0
1754394360_7..N,070600_7..N,7,0,1754394360,07 1146 34H/MST,1754411325,1754411328,1184,0,0
1754394360_7..S,070600_7..S,7,1,1754394360,07 1146 MST/34H,1754411335,1754411340,1176,0,0
1754394420_GS.N04R,070700_GS.N04R,GS,0,1754394420,0S 1147  GCS/TSS,1754408928,1754408934,501,0,0
1754394480_4..S06R,070800_4..S06R,4,1,1754394480,04 1148  WDL/UTI,1754412954,1754412960,1521,0,0
1754394510_2..S01R,070850_2..S01R,2,1,1754394510,02 1148+ 241/FLA,1754415750,1754415753,2101,0,0
1754394510_5..N,070850_5..N,5,0,1754394510,05 1148+ FLA/DYR,1754415210,1754415213,833,0,0
1754394510_5..N66R,070850_5..N66R,5,0,1754394510,05 1148+ FLA/DYR,1754411320,1754411325,1158,0,0
1754394510_5..S03R,070850_5..S03R,5,1,1754394510,05 1148+ DYR/FLA,1754414949,1754414955,1936,0,0
1754394540_1..S03R,070900_1..S03R,1,1,1754394540,01 1149  242/SFT,1754412570,1754412573,1444,0,0
1754394570_3..S01R,070950_3..S01R,3,1,1754394570,03 1149+ 148/NLT,1754413149,1754413155,1499,0,0
1754394570_6..S01X104,070950_6..S01X104,6,1,1754394570,06 1149+ PEL/BBR,1754413419,1754413425,1555,0,0
1754394600_1..N03R,071000_1..N03R,1,0,1754394600,01 1150  SFT/242,1754412570,1754412573,1373,0,0
1754394600_6..N01R,071000_6..N01R,6,0,1754394600,06 1150  BBR/PEL,1754413068,1754413074,1482,0,0
1754394630_6..S06R,071050_6..S06R,6,1,1754394630,06 1150+ 3AB/BBR,1754411190,1754411193,1056,0,0
1754394630_GS.S04R,071050_GS.S04R,GS,1,1754394630,0S 1150+ TSS/GCS,1754409120,1754409123,490,0,0
1754394660_7..N,071100_7..N,7,0,1754394660,07 1151 34H/MST,1754408910,1754408913,439,0,0
1754394660_7..S,071100_7..S,7,1,1754394660,07 1151 MST/34H,1754411769,1754411775,1221,0,0
1754394690_2..N01R,071150_2..N01R,2,1,1754394690,$2 1151+ FLA/241,1754413464,1754413470,1564,0,0
1754394690_3..N01R,071150_3..N01R,3,0,1754394690,03 1151+ NLT/148,1754413458,1754413464,1548,0,0
1754394720_GS.N01R,071200_GS.N01R,GS,0,1754394720,0S 1152  GCS/TSS,1754409205,1754409210,514,0,0
1754394840_4..N06R,071400_4..N06R,4,0,1754394840,04 1154  UTI/WDL,1754413389,1754413395,1549,0,0
1754394840_6..N06R,071400_6..N06R,6,0,1754394840,06 1154  BBR/3AB,1754411170,1754411175,1051,0,0
1754394900_1..S03R,071500_1..S03R,1,1,1754394900,01 1155  242/SFT,1754412849,1754412855,1373,0,0
1754394930_GS.S01R,071550_GS.S01R,GS,1,1754394930,0S 1155+ TSS/GCS,1754409390,1754409393,502,0,0
1754394960_1..N03R,071600_1..N03R,1,0,1754394960,01 1156  SFT/242,1754412819,1754412825,1350,0,0
1754394960_3..S01R,071600_3..S01R,3,1,1754394960,03 1156  148/NLT,1754413638,1754413644,1536,0,0
1754394960_4..S06R,071600_4..S06R,4,1,1754394960,04 1156  WDL/UTI,1754413950,1754413953,1600,0,0
1754394960_7..N,071600_7..N,7,0,1754394960,07 1156 34H/MST,1754412114,1754412120,1224,0,0
1754394960_7..S,071600_7..S,7,1,1754394960,07 1156 MST/34H,1754411994,1754412000,1200,0,0
1754394990_2..S01R,071650_2..S01R,2,1,1754394990,02 1156+ 241/FLA,1754410225,1754410230,727,0,0
1754394990_5..N,071650_5..N,5,0,1754394990,05 1156+ FLA/DYR,1754415390,1754415393,776,0,0
1754394990_5..N66R,071650_5..N66R,5,0,1754394990,05 1156+ FLA/DYR,1754411665,1754411670,1125,0,0
1754394990_5..S03R,071650_5..S03R,5,1,1754394990,05 1156+ DYR/FLA,1754413665,1754413668,1542,0,0
1754395020_GS.N04R,071700_GS.N04R,GS,0,1754395020,0S 1157  GCS/TSS,1754409510,1754409513,537,0,0
1754395050_6..S01X104,071750_6..S01X104,6,1,1754395050,06 1157+ PEL/BBR,1754413569,1754413575,1521,0,0
1754395080_6..N01R,071800_6..N01R,6,0,1754395080,06 1158  BBR/PEL,1754413629,1754413635,1534,0,0
1754395110_2..N01R,071850_2..N01R,2,0,1754395110,02 1158+ FLA/241,1754416179,1754416185,2067,0,0
1754395110_6..S06R,071850_6..S06R,6,1,1754395110,06 1158+ 3AB/BBR,1754411583,1754411589,1103,0,0
1754395170_3..N01R,071950_3..N01R,3,0,1754395170,03 1159+ NLT/148,1754413950,1754413953,1538,0,0
1754395230_GS.S04R,072050_GS.S04R,GS,1,1754395230,0S 1200+ TSS/GCS,1754409705,1754409708,527,0,0
1754395260_1..S03R,072100_1..S03R,1,1,1754395260,01 1201  242/SFT,1754413320,1754413323,1409,0,0
1754395260_7..N,072100_7..N,7,0,1754395260,07 1201 34H/MST,1754412474,1754412480,1247,0,0
1754395260_7..S,072100_7..S,7,1,1754395260,07 1201 MST/34H,1754412138,1754412144,1179,0,0
1754395320_1..N03R,072200_1..N03R,1,0,1754395320,01 1202  SFT/242,1754413758,1754413764,1461,0,0
1754395320_4..N06R,072200_4..N06R,4,0,1754395320,04 1202  UTI/WDL,1754413869,1754413875,1522,0,0
1754395320_6..N06R,072200_6..N06R,6,0,1754395320,06 1202  BBR/3AB,1754411665,1754411670,1063,0,0
1754395320_GS.N01R,072200_GS.N01R,GS,0,1754395320,0S 1202  GCS/TSS,1754409790,1754409795,550,0,0
1754395410_4..S06R,072350_4..S06R,4,1,1754395410,04 1203+ WDL/UTI,1754414148,1754414154,1581,0,0
1754395440_5..N,072400_5..N,5,0,1754395440,05 1204  FLA/DYR,1754415849,1754415855,782,0,0
1754395440_5..N66R,072400_5..N66R,5,0,1754395440,05 1204  FLA/DYR,1754412075,1754412078,1152,0,0
1754395470_2..S,072450_2..S,2,1,1754395470,/2 1204+ 241/FLA,1754416158,1754416164,242,0,0
1754395470_2..S01R,072450_2..S01R,2,1,1754395470,/2 1204+ 241/FLA,1754414865,1754414868,1576,0,0
1754395470_5..S03R,072450_5..S03R,5,1,1754395470,05 1204+ DYR/FLA,1754415840,1754415843,1871,0,0
1754395500_2..S01R,072500_2..S01R,2,1,1754395500,E2 1205  96S/FLA,1754413218,1754413224,786,0,0
1754395530_3..S01R,072550_3..S01R,3,1,1754395530,03 1205+ 148/NLT,1754414088,1754414094,1452,0,0
1754395530_6..S01X104,072550_6..S01X104,6,1,1754395530,06 1205+ PEL/BBR,1754413890,1754413893,1465,0,0
1754395530_GS.S01R,072550_GS.S01R,GS,1,1754395530,0S 1205+ TSS/GCS,1754409984,1754409990,540,0,0
1754395560_7..N,072600_7..N,7,0,1754395560,07 1206 34H/MST,1754412645,1754412648,1235,0,0
1754395560_7..S,072600_7..S,7,1,1754395560,07 1206 MST/34H,1754412468,1754412474,1197,0,0
1754395590_6..N06R,072650_6..N06R,6,0,1754395590,06 1206+ BBR/3AB,1754412069,1754412075,615,0,0
1754395590_6..S06R,072650_6..S06R,6,1,1754395590,06 1206+ 3AB/BBR,1754412018,1754412024,1080,0,0
1754395620_1..S03R,072700_1..S03R,1,1,1754395620,01 1207  242/SFT,1754413689,1754413695,1424,0,0
1754395620_2..N01R,072700_2..N01R,2,0,1754395620,02 1207  FLA/241,1754416770,1754416773,2062,0,0
1754395620_GS.N04R,072700_GS.N04R,GS,0,1754395620,0S 1207  GCS/TSS,1754410090,1754410095,567,0,0
1754395650_3..N01R,072750_3..N01R,3,0,1754395650,03 1207+ NLT/148,1754414400,1754414403,1570,0,0
1754395680_1..N03R,072800_1..N03R,1,0,1754395680,01 1208  SFT/242,1754413998,1754414004,1488,0,0
1754395800_4..N06R,073000_4..N06R,4,0,1754395800,04 1210  UTI/WDL,1754414328,1754414334,1481,0,0
1754395830_6..N01R,073050_6..N01R,6,0,1754395830,06 1210+ BBR/PEL,1754414280,1754414283,1014,0,0
1754395830_GS.S04R,073050_GS.S04R,GS,1,1754395830,0S 1210+ TSS/GCS,1754410305,1754410308,552,0,0
1754395860_7..N,073100_7..N,7,0,1754395860,07 1211 34H/MST,1754412954,1754412960,1163,0,0
1754395860_7..S,073100_7..S,7,1,1754395860,07 1211 MST/34H,1754412753,1754412759,1123,0,0
1754395920_4..S06R,073200_4..S06R,4,1,1754395920,04 1212  WDL/UTI,1754414388,1754414394,1493,0,0
1754395920_5..N,073200_5..N,5,0,1754395920,05 1212  FLA/DYR,1754416110,1754416113,747,0,0
1754395920_5..N66R,073200_5..N66R,5,0,1754395920,05 1212  FLA/DYR,1754412525,1754412528,1108,0,0
1754395920_GS.N01R,073200_GS.N01R,GS,0,1754395920,0S 1212  GCS/TSS,1754410395,1754410398,576,0,0
1754395950_2..S01R,073250_2..S01R,2,1,1754395950,02 1212+ 241/FLA,1754416578,1754416584,1949,0,0
1754395950_3..S01R,073250_3..S01R,3,1,1754395950,03 1212+ 148/NLT,1754414829,1754414835,1564,0,0
1754395950_5..S03R,073250_5..S03R,5,1,1754395950,05 1212+ DYR/FLA,1754414019,1754414025,538,0,0
1754395980_1..S03R,073300_1..S03R,1,1,1754395980,01 1213  242/SFT,1754414049,1754414055,1425,0,0
1754396040_1..N03R,073400_1..N03R,1,0,1754396040,01 1214  SFT/242,1754414100,1754414103,1435,0,0
1754396040_6..S01X104,073400_6..S01X104,6,1,1754396040,06 1214  PEL/BBR,1754414613,1754414619,1540,0,0
1754396070_6..N06R,073450_6..N06R,6,0,1754396070,06 1214+ BBR/3AB,1754412510,1754412513,599,0,0
1754396070_6..S06R,073450_6..S06R,6,1,1754396070,06 1214+ 3AB/BBR,1754412543,1754412549,1030,0,0
1754396100_2..N01R,073500_2..N01R,2,0,1754396100,02 1215  FLA/241,1754417088,1754417094,1973,0,0
1754396130_3..N01R,073550_3..N01R,3,0,1754396130,03 1215+ NLT/148,1754414778,1754414784,1491,0,0
1754396130_GS.S01R,073550_GS.S01R,GS,1,1754396130,0S 1215+ TSS/GCS,1754410578,1754410584,541,0,0
1754396160_7..N,073600_7..N,7,0,1754396160,07 1216 34H/MST,1754413038,1754413044,1130,0,0
1754396160_7..S,073600_7..S,7,1,1754396160,07 1216 MST/34H,1754413179,1754413185,1159,0,0
1754396190_5..S03R,073650_5..S03R,5,1,1754396190,05 1216+ DYR/FLA,1754416350,1754416353,1365,0,0
1754396220_GS.N04R,073700_GS.N04R,GS,0,1754396220,0S 1217  GCS/TSS,1754410698,1754410704,573,0,0
1754396280_4..N06R,073800_4..N06R,4,0,1754396280,04 1218  UTI/WDL,1754414868,1754414874,1510,0,0
1754396310_3..S01R,073850_3..S01R,3,1,1754396310,03 1218+ 148/NLT,1754415309,1754415315,1600,0,0
1754396310_6..N01R,073850_6..N01R,6,0,1754396310,06 1218+ BBR/PEL,1754414748,1754414754,1010,0,0
1754396340_1..S03R,073900_1..S03R,1,1,1754396340,01 1219  242/SFT,1754414319,1754414325,1395,0,0
1754396400_1..N03R,074000_1..N03R,1,0,1754396400,01 1220  SFT/242,1754414349,1754414355,1318,0,0
1754396400_2..S01R,074000_2..S01R,2,1,1754396400,E2 1220  96S/FLA,1754413989,1754413995,733,0,0
1754396400_4..S06R,074000_4..S06R,4,1,1754396400,04 1220  WDL/UTI,1754414913,1754414919,1436,0,0
1754396400_5..S03R,074000_5..S03R,5,1,1754396400,E5 1220  125/FLA,1754414358,1754414364,744,0,0
1754396430_2..S01R,074050_2..S01R,2,1,1754396430,02 1220+ 241/FLA,1754417190,1754417193,1910,0,0
1754396430_5..N,074050_5..N,5,0,1754396430,05 1220+ FLA/DYR,1754416815,1754416818,783,0,0
1754396430_5..N66R,074050_5..N66R,5,0,1754396430,05 1220+ FLA/DYR,1754413038,1754413044,1047,0,0
1754396430_GS.S04R,074050_GS.S04R,GS,1,1754396430,0S 1220+ TSS/GCS,1754410893,1754410899,545,0,0
1754396460_7..N,074100_7..N,7,0,1754396460,07 1221 34H/MST,1754413398,1754413404,1150,0,0
1754396460_7..S,074100_7..S,7,1,1754396460,07 1221 MST/34H,1754413545,1754413548,1179,0,0
1754396520_6..S01X104,074200_6..S01X104,6,1,1754396520,06 1222  PEL/BBR,1754415114,1754415120,1480,0,0
1754396520_GS.N01R,074200_GS.N01R,GS,0,1754396520,0S 1222  GCS/TSS,1754410998,1754411005,574,0,0
1754396550_6..S06R,074250_6..S06R,6,1,1754396550,06 1222+ 3AB/BBR,1754413233,1754413239,1087,0,0
1754396610_2..N01R,074350_2..N01R,2,0,1754396610,02 1223+ FLA/241,1754417715,1754417718,2019,0,0
1754396610_3..N01R,074350_3..N01R,3,0,1754396610,03 1223+ NLT/148,1754415510,1754415513,1560,0,0
1754396670_1..S03R,074450_1..S03R,1,1,1754396670,01 1224+ 242/SFT,1754414598,1754414604,1287,0,0
1754396700_3..N01R,074500_3..N01R,3,0,1754396700,03 1225  NLT/148,1754411559,1754411560,18,0,0
1754396730_GS.S01R,074550_GS.S01R,GS,1,1754396730,0S 1225+ TSS/GCS,1754411196,1754411199,546,0,0
1754396760_1..N03R,074600_1..N03R,1,0,1754396760,01 1226  SFT/242,1754414598,1754414604,1287,0,0
1754396760_4..N06R,074600_4..N06R,4,0,1754396760,04 1226  UTI/WDL,1754415300,1754415303,1435,0,0
1754396760_6..N06R,074600_6..N06R,6,0,1754396760,06 1226  BBR/3AB,1754413128,1754413134,983,0,0
1754396760_7..N,074600_7..N,7,0,1754396760,07 1226 34H/MST,1754413659,1754413665,1120,0,0
1754396760_7..S,074600_7..S,7,1,1754396760,07 1226 MST/34H,1754413923,1754413929,1174,0,0
1754396790_3..S01R,074650_3..S01R,3,1,1754396790,03 1226+ 148/NLT,1754415600,1754415603,1495,0,0
1754396820_GS.N04R,074700_GS.N04R,GS,0,1754396820,0S 1227  GCS/TSS,1754411313,1754411319,581,0,0
1754396880_4..S06R,074800_4..S06R,4,1,1754396880,04 1228  WDL/UTI,1754415240,1754415243,1423,0,0
1754396910_2..S01R,074850_2..S01R,2,1,1754396910,02 1228+ 241/FLA,1754417685,1754417688,1893,0,0
1754396910_5..N66R,074850_5..N66R,5,0,1754396910,05 1228+ FLA/DYR,1754417208,1754417214,1831,0,0
1754396910_5..S03R,074850_5..S03R,5,1,1754396910,05 1228+ DYR/FLA,1754417406,1754417409,1790,0,0
1754397000_6..N01R,075000_6..N01R,6,0,1754397000,06 1230  BBR/PEL,1754415549,1754415555,1399,0,0
1754397000_6..S01X104,075000_6..S01X104,6,1,1754397000,06 1230  PEL/BBR,1754415255,1754415258,1340,0,0
1754397030_1..S03R,075050_1..S03R,1,1,1754397030,01 1230+ 242/SFT,1754414919,1754414925,1268,0,0
1754397030_6..S06R,075050_6..S06R,6,1,1754397030,06 1230+ 3AB/BBR,1754413725,1754413728,1020,0,0
1754397030_GS.S04R,075050_GS.S04R,GS,1,1754397030,0S 1230+ TSS/GCS,1754411520,1754411523,551,0,0
1754397060_7..N,075100_7..N,7,0,1754397060,07 1231 34H/MST,1754413794,1754413800,1041,0,0
1754397060_7..S,075100_7..S,7,1,1754397060,07 1231 MST/34H,1754414073,1754414079,1101,0,0
1754397090_2..N01R,075150_2..N01R,2,0,1754397090,02 1231+ FLA/241,1754418066,1754418069,1928,0,0
1754397090_3..N01R,075150_3..N01R,3,0,1754397090,03 1231+ NLT/148,1754411493,1754411499,544,0,0
1754397120_1..N03R,075200_1..N03R,1,0,1754397120,01 1232  SFT/242,1754414880,1754414883,1260,0,0
1754397120_GS.N01R,075200_GS.N01R,GS,0,1754397120,0S 1232  GCS/TSS,1754411598,1754411604,573,0,0
1754397240_4..N06R,075400_4..N06R,4,0,1754397240,04 1234  UTI/WDL,1754415789,1754415795,1449,0,0
1754397240_6..N06R,075400_6..N06R,6,0,1754397240,06 1234  BBR/3AB,1754413629,1754413635,1000,0,0
1754397270_3..S01R,075450_3..S01R,3,1,1754397270,03 1234+ 148/NLT,1754415999,1754416002,1414,0,0
1754397300_3..N01R,075500_3..N01R,3,0,1754397300,03 1235  NLT/148,1754415840,1754415843,905,0,0
1754397330_GS.S01R,075550_GS.S01R,GS,1,1754397330,0S 1235+ TSS/GCS,1754411790,1754411793,540,0,0
1754397360_4..S06R,075600_4..S06R,4,1,1754397360,04 1236  WDL/UTI,1754415729,1754415735,1356,0,0
1754397360_7..N,075600_7..N,7,0,1754397360,07 1236 34H/MST,1754414448,1754414454,1105,0,0
1754397360_7..S,075600_7..S,7,1,1754397360,07 1236 MST/34H,1754414349,1754414355,1085,0,0
1754397390_1..S03R,075650_1..S03R,1,1,1754397390,01 1236+ 242/SFT,1754415309,1754415315,1271,0,0
1754397390_5..N66R,075650_5..N66R,5,0,1754397390,05 1236+ FLA/DYR,1754417565,1754417568,1739,0,0
1754397390_5..S03R,075650_5..S03R,5,1,1754397390,05 1236+ DYR/FLA,1754414379,1754414385,566,0,0
1754397420_GS.N04R,075700_GS.N04R,GS,0,1754397420,0S 1237  GCS/TSS,1754411898,1754411904,564,0,0
1754397480_1..N03R,075800_1..N03R,1,0,1754397480,01 1238  SFT/242,1754415300,1754415303,1269,0,0
1754397480_2..S01R,075800_2..S01R,2,1,1754397480,E2 1238  96S/FLA,1754415519,1754415525,744,0,0
1754397480_6..S01X104,075800_6..S01X104,6,1,1754397480,06 1238  PEL/BBR,1754415633,1754415639,1336,0,0
1754397510_6..N06R,075850_6..N06R,6,0,1754397510,06 1238+ BBR/3AB,1754414019,1754414025,505,0,0
1754397510_6..S06R,075850_6..S06R,6,1,1754397510,06 1238+ 3AB/BBR,1754414034,1754414039,1005,0,0
1754397570_2..N01R,075950_2..N01R,2,0,1754397570,02 1239+ FLA/241,1754418375,1754418378,1839,0,0
1754397630_5..S03R,076050_5..S03R,5,1,1754397630,05 1240+ DYR/FLA,1754417934,1754417940,1378,0,0
1754397630_GS.S04R,076050_GS.S04R,GS,1,1754397630,0S 1240+ TSS/GCS,1754412093,1754412099,526,0,0
1754397660_7..N,076100_7..N,7,0,1754397660,07 1241 34H/MST,1754414538,1754414544,1036,0,0
1754397660_7..S,076100_7..S,7,1,1754397660,07 1241 MST/34H,1754414580,1754414583,1033,0,0
1754397720_4..N06R,076200_4..N06R,4,0,1754397720,04 1242  UTI/WDL,1754416260,1754416263,1391,0,0
1754397720_GS.N01R,076200_GS.N01R,GS,0,1754397720,0S 1242  GCS/TSS,1754412198,1754412204,547,0,0
1754397750_1..S03R,076250_1..S03R,1,1,1754397750,01 1242+ 242/SFT,1754415618,1754415624,1255,0,0
1754397750_3..S01R,076250_3..S01R,3,1,1754397750,03 1242+ 148/NLT,1754416470,1754416473,1433,0,0
1754397750_6..N01R,076250_6..N01R,6,0,1754397750,06 1242+ BBR/PEL,1754416269,1754416275,936,0,0
1754397840_1..N03R,076400_1..N03R,1,0,1754397840,01 1244  SFT/242,1754415588,1754415594,1249,0,0
1754397840_4..S06R,076400_4..S06R,4,1,1754397840,04 1244  WDL/UTI,1754416164,1754416170,1372,0,0
1754397870_2..S01R,076450_2..S01R,2,1,1754397870,02 1244+ 241/FLA,1754418246,1754418249,1728,0,0
1754397870_5..N66R,076450_5..N66R,5,0,1754397870,05 1244+ FLA/DYR,1754418003,1754418009,1673,0,0
1754397930_GS.S01R,076550_GS.S01R,GS,1,1754397930,0S 1245+ TSS/GCS,1754412408,1754412414,507,0,0
1754397960_6..S,076600_6..S,6,1,1754397960,/6 1246  PEL/BBR,1754416308,1754416314,190,0,0
1754397960_6..S01X104,076600_6..S01X104,6,1,1754397960,/6 1246  PEL/BBR,1754415303,1754415309,1109,0,0
1754397960_7..N,076600_7..N,7,0,1754397960,07 1246 34H/MST,1754415168,1754415174,1101,0,0
1754397960_7..S,076600_7..S,7,1,1754397960,07 1246 MST/34H,1754415144,1754415150,1073,0,0
1754397990_6..N06R,076650_6..N06R,6,0,1754397990,06 1246+ BBR/3AB,1754414490,1754414493,502,0,0
1754397990_6..S06R,076650_6..S06R,6,1,1754397990,06 1246+ 3AB/BBR,1754414469,1754414475,932,0,0
1754398020_GS.N04R,076700_GS.N04R,GS,0,1754398020,0S 1247  GCS/TSS,1754412489,1754412495,524,0,0
1754398050_2..N01R,076750_2..N01R,2,0,1754398050,02 1247+ FLA/241,1754418714,1754418720,1831,0,0
1754398050_3..N01R,076750_3..N01R,3,0,1754398050,03 1247+ NLT/148,1754416539,1754416545,1364,0,0
1754398110_1..S03R,076850_1..S03R,1,1,1754398110,01 1248+ 242/SFT,1754416128,1754416134,1282,0,0
1754398200_1..N03R,077000_1..N03R,1,0,1754398200,01 1250  SFT/242,1754415918,1754415924,1157,0,0
1754398200_4..N06R,077000_4..N06R,4,0,1754398200,04 1250  UTI/WDL,1754416815,1754416818,1340,0,0
1754398230_3..S01R,077050_3..S01R,3,1,1754398230,03 1250+ 148/NLT,1754416908,1754416914,1361,0,0
1754398230_6..N01R,077050_6..N01R,6,0,1754398230,06 1250+ BBR/PEL,1754416539,1754416545,887,0,0
1754398230_GS.S04R,077050_GS.S04R,GS,1,1754398230,0S 1250+ TSS/GCS,1754412699,1754412705,488,0,0
1754398260_7..N,077100_7..N,7,0,1754398260,07 1251 34H/MST,1754415354,1754415360,1074,0,0
1754398260_7..S,077100_7..S,7,1,1754398260,07 1251 MST/34H,1754415288,1754415294,1061,0,0
1754398320_4..S06R,077200_4..S06R,4,1,1754398320,04 1252  WDL/UTI,1754417019,1754417025,1385,0,0
1754398320_GS.N01R,077200_GS.N01R,GS,0,1754398320,0S 1252  GCS/TSS,1754412888,1754412894,526,0,0
1754398350_2..S01R,077250_2..S01R,2,1,1754398350,02 1252+ 241/FLA,1754413008,1754413014,529,0,0
1754398350_5..N66R,077250_5..N66R,5,0,1754398350,05 1252+ FLA/DYR,1754419665,1754419668,1993,0,0
1754398350_5..S03R,077250_5..S03R,5,1,1754398350,05 1252+ DYR/FLA,1754418543,1754418549,1698,0,0
1754398440_6..N01R,077400_6..N01R,6,0,1754398440,06 1254  BBR/PEL,1754416908,1754416914,1361,0,0
1754398440_6..S,077400_6..S,6,1,1754398440,/6 1254  PEL/BBR,1754416728,1754416734,137,0,0
1754398440_6..S01X104,077400_6..S01X104,6,1,1754398440,06 1254  PEL/BBR,1754415984,1754415990,1170,0,0
1754398470_1..S03R,077450_1..S03R,1,1,1754398470,01 1254+ 242/SFT,1754416359,1754416365,1164,0,0
1754398470_6..S06R,077450_6..S06R,6,1,1754398470,06 1254+ 3AB/BBR,1754414973,1754414979,875,0,0
1754398530_2..N01R,077550_2..N01R,2,0,1754398530,02 1255+ FLA/241,1754419635,1754419638,1901,0,0
1754398530_3..N01R,077550_3..N01R,3,0,1754398530,03 1255+ NLT/148,1754416989,1754416995,1294,0,0
1754398530_GS.S01R,077550_GS.S01R,GS,1,1754398530,0S 1255+ TSS/GCS,1754413029,1754413035,471,0,0
1754398560_1..N03R,077600_1..N03R,1,0,1754398560,01 1256  SFT/242,1754416299,1754416305,1152,0,0
1754398560_7..N,077600_7..N,7,0,1754398560,07 1256 34H/MST,1754415408,1754415414,1004,0,0
1754398560_7..S,077600_7..S,7,1,1754398560,07 1256 MST/34H,1754415519,1754415525,1026,0,0
1754398590_2..S01R,077650_2..S01R,2,1,1754398590,02 1256+ 241/FLA,1754418723,1754418729,1202,0,0
1754398620_GS.N04R,077700_GS.N04R,GS,0,1754398620,0S 1257  GCS/TSS,1754413095,1754413098,485,0,0
1754398680_4..N06R,077800_4..N06R,4,0,1754398680,04 1258  UTI/WDL,1754417283,1754417289,1355,0,0
1754398680_6..N06R,077800_6..N06R,6,0,1754398680,06 1258  BBR/3AB,1754415039,1754415045,889,0,0
1754398710_3..S01R,077850_3..S01R,3,1,1754398710,03 1258+ 148/NLT,1754417463,1754417469,1393,0,0
1754398800_4..S06R,078000_4..S06R,4,1,1754398800,04 1300  WDL/UTI,1754417385,1754417388,1291,0,0
1754398830_1..S03R,078050_1..S03R,1,1,1754398830,01 1300+ 242/SFT,1754416920,1754416923,1194,0,0
1754398830_5..N66R,078050_5..N66R,5,0,1754398830,05 1300+ FLA/DYR,1754419884,1754419890,1884,0,0
1754398830_GS.S04R,078050_GS.S04R,GS,1,1754398830,0S 1300+ TSS/GCS,1754413308,1754413314,445,0,0
1754398860_7..N,078100_7..N,7,0,1754398860,07 1301 34H/MST,1754415633,1754415639,944,0,0
1754398860_7..S,078100_7..S,7,1,1754398860,07 1301 MST/34H,1754415789,1754415795,976,0,0
1754398920_1..N03R,078200_1..N03R,1,0,1754398920,01 1302  SFT/242,1754416608,1754416614,1129,0,0
1754398920_6..S01X104,078200_6..S01X104,6,1,1754398920,06 1302  PEL/BBR,1754417103,1754417109,1234,0,0
1754398920_GS.N01R,078200_GS.N01R,GS,0,1754398920,0S 1302  GCS/TSS,1754413413,1754413419,466,0,0
1754398950_6..N06R,078250_6..N06R,6,0,1754398950,06 1302+ BBR/3AB,1754415633,1754415639,473,0,0
1754398950_6..S06R,078250_6..S06R,6,1,1754398950,06 1302+ 3AB/BBR,1754415438,1754415444,887,0,0
1754399010_2..N01R,078350_2..N01R,2,0,1754399010,02 1303+ FLA/241,1754420735,1754420739,2116,0,0
1754399010_3..N01R,078350_3..N01R,3,0,1754399010,03 1303+ NLT/148,1754417694,1754417700,1356,0,0
1754399100_2..S01R,078500_2..S01R,2,1,1754399100,E2 1305  96S/FLA,1754416845,1754416848,701,0,0
1754399130_GS.S01R,078550_GS.S01R,GS,1,1754399130,0S 1305+ TSS/GCS,1754413554,1754413560,411,0,0
1754399160_4..N06R,078600_4..N06R,4,0,1754399160,04 1306  UTI/WDL,1754417583,1754417589,1250,0,0
1754399160_7..N,078600_7..N,7,0,1754399160,07 1306 34H/MST,1754416188,1754416194,952,0,0
1754399160_7..S,078600_7..S,7,1,1754399160,07 1306 MST/34H,1754416203,1754416209,955,0,0
1754399190_1..S03R,078650_1..S03R,1,1,1754399190,01 1306+ 242/SFT,1754417274,1754417280,1149,0,0
1754399190_3..S01R,078650_3..S01R,3,1,1754399190,03 1306+ 148/NLT,1754417895,1754417898,1318,0,0
1754399190_6..N01R,078650_6..N01R,6,0,1754399190,06 1306+ BBR/PEL,1754417625,1754417628,871,0,0
1754399220_GS.N04R,078700_GS.N04R,GS,0,1754399220,0S 1307  GCS/TSS,1754413695,1754413698,441,0,0
1754399280_1..N03R,078800_1..N03R,1,0,1754399280,01 1308  SFT/242,1754417139,1754417145,1158,0,0
1754399280_4..S06R,078800_4..S06R,4,1,1754399280,04 1308  WDL/UTI,1754417583,1754417589,1250,0,0
1754399310_2..S01R,078850_2..S01R,2,1,1754399310,02 1308+ 241/FLA,1754419775,1754419779,1772,0,0
1754399310_5..N66R,078850_5..N66R,5,0,1754399310,05 1308+ FLA/DYR,1754419179,1754419185,1612,0,0
1754399310_5..S,078850_5..S,5,1,1754399310,/5 1308+ DYR/FLA,1754419575,1754419578,170,0,0
1754399310_5..S03R,078850_5..S03R,5,1,1754399310,/5 1308+ DYR/FLA,1754418789,1754418795,1449,0,0
1754399400_6..N01R,079000_6..N01R,6,0,1754399400,06 1310  BBR/PEL,1754417913,1754417919,1251,0,0
1754399400_6..S,079000_6..S,6,1,1754399400,/6 1310  PEL/BBR,1754417802,1754417805,286,0,0
1754399400_6..S01X104,079000_6..S01X104,6,1,1754399400,/6 1310  PEL/BBR,1754416179,1754416185,889,0,0
1754399430_6..S06R,079050_6..S06R,6,1,1754399430,06 1310+ 3AB/BBR,1754415873,1754415879,824,0,0
1754399430_GS.S04R,079050_GS.S04R,GS,1,1754399430,0S 1310+ TSS/GCS,1754413899,1754413905,412,0,0
1754399460_7..N,079100_7..N,7,0,1754399460,07 1311 34H/MST,1754416563,1754416569,994,0,0
1754399460_7..S,079100_7..S,7,1,1754399460,07 1311 MST/34H,1754416857,1754416860,1054,0,0
1754399490_2..N01R,079150_2..N01R,2,0,1754399490,02 1311+ FLA/241,1754420885,1754420889,2004,0,0
1754399490_3..N01R,079150_3..N01R,3,0,1754399490,03 1311+ NLT/148,1754418135,1754418138,1300,0,0
1754399520_GS.N01R,079200_GS.N01R,GS,0,1754399520,0S 1312  GCS/TSS,1754414013,1754414019,437,0,0
1754399550_1..S03R,079250_1..S03R,1,1,1754399550,01 1312+ 242/SFT,1754417805,1754417808,1215,0,0
1754399640_1..N03R,079400_1..N03R,1,0,1754399640,01 1314  SFT/242,1754417373,1754417379,1135,0,0
1754399640_4..N06R,079400_4..N06R,4,0,1754399640,04 1314  UTI/WDL,1754418075,1754418078,1286,0,0
1754399640_6..N06R,079400_6..N06R,6,0,1754399640,06 1314  BBR/3AB,1754416128,1754416134,879,0,0
1754399670_3..S01R,079450_3..S01R,3,1,1754399670,03 1314+ 148/NLT,1754418165,1754418168,1246,0,0
1754399730_5..N89R,079550_5..N89R,5,0,1754399730,E5 1315+ BWG/DYR,1754418534,1754418540,821,0,0
1754399730_GS.S01R,079550_GS.S01R,GS,1,1754399730,0S 1315+ TSS/GCS,1754414205,1754414208,415,0,0
1754399760_4..S06R,079600_4..S06R,4,1,1754399760,04 1316  WDL/UTI,1754418243,1754418246,1263,0,0
1754399760_7..N,079600_7..N,7,0,1754399760,07 1316 34H/MST,1754416773,1754416779,964,0,0
1754399760_7..S,079600_7..S,7,1,1754399760,07 1316 MST/34H,1754417214,1754417220,1058,0,0
1754399790_2..S01R,079650_2..S01R,2,1,1754399790,02 1316+ 241/FLA,1754420244,1754420250,1739,0,0
1754399790_5..N66R,079650_5..N66R,5,0,1754399790,05 1316+ FLA/DYR,1754420484,1754420490,1832,0,0
1754399790_5..S03R,079650_5..S03R,5,1,1754399790,05 1316+ DYR/FLA,1754420094,1754420100,1687,0,0
1754399820_GS.N04R,079700_GS.N04R,GS,0,1754399820,0S 1317  GCS/TSS,1754414295,1754414298,433,0,0
1754399880_6..N01R,079800_6..N01R,6,0,1754399880,06 1318  BBR/PEL,1754418396,1754418399,1297,0,0
1754399880_6..S01X104,079800_6..S01X104,6,1,1754399880,06 1318  PEL/BBR,1754418219,1754418225,1258,0,0
1754399910_1..S03R,079850_1..S03R,1,1,1754399910,01 1318+ 242/SFT,1754417904,1754417910,1188,0,0
1754399910_6..S06R,079850_6..S06R,6,1,1754399910,06 1318+ 3AB/BBR,1754416515,1754416518,895,0,0
1754399970_1..N03R,079950_1..N03R,1,0,1754399970,01 1319+ SFT/242,1754417703,1754417709,1081,0,0
1754399970_2..N01R,079950_2..N01R,2,0,1754399970,02 1319+ FLA/241,1754421305,1754421309,1997,0,0
1754399970_3..N01R,079950_3..N01R,3,0,1754399970,03 1319+ NLT/148,1754418645,1754418648,1288,0,0
1754400030_GS.S04R,080050_GS.S04R,GS,1,1754400030,0S 1320+ TSS/GCS,1754414499,1754414505,414,0,0
1754400060_7..N,080100_7..N,7,0,1754400060,07 1321 34H/MST,1754417298,1754417304,1009,0,0
1754400060_7..S,080100_7..S,7,1,1754400060,07 1321 MST/34H,1754417364,1754417370,1023,0,0
1754400120_4..N06R,080200_4..N06R,4,0,1754400120,04 1322  UTI/WDL,1754418555,1754418558,1270,0,0
1754400120_6..N06R,080200_6..N06R,6,0,1754400120,06 1322  BBR/3AB,1754416509,1754416515,832,0,0
1754400120_GS.N01R,080200_GS.N01R,GS,0,1754400120,0S 1322  GCS/TSS,1754414613,1754414619,437,0,0
1754400150_3..S01R,080250_3..S01R,3,1,1754400150,03 1322+ 148/NLT,1754418905,1754418909,1345,0,0
1754400240_4..S06R,080400_4..S06R,4,1,1754400240,04 1324  WDL/UTI,1754418795,1754418798,1321,0,0
1754400270_1..S03R,080450_1..S03R,1,1,1754400270,01 1324+ 242/SFT,1754418513,1754418519,1199,0,0
1754400270_2..S01R,080450_2..S01R,2,1,1754400270,02 1324+ 241/FLA,1754421035,1754421039,1850,0,0
1754400270_5..N66R,080450_5..N66R,5,0,1754400270,05 1324+ FLA/DYR,1754420655,1754420658,1756,0,0
1754400270_5..S03R,080450_5..S03R,5,1,1754400270,05 1324+ DYR/FLA,1754420375,1754420379,1670,0,0
1754400330_1..N03R,080550_1..N03R,1,0,1754400330,01 1325+ SFT/242,1754418246,1754418249,1140,0,0
1754400330_GS.S01R,080550_GS.S01R,GS,1,1754400330,0S 1325+ TSS/GCS,1754414814,1754414820,417,0,0
1754400360_6..S01X104,080600_6..S01X104,6,1,1754400360,06 1326  PEL/BBR,1754418624,1754418630,1222,0,0
1754400360_7..N,080600_7..N,7,0,1754400360,07 1326 34H/MST,1754417379,1754417385,960,0,0
1754400360_7..S,080600_7..S,7,1,1754400360,07 1326 MST/34H,1754417700,1754417703,1027,0,0
1754400390_6..N06R,080650_6..N06R,6,0,1754400390,06 1326+ BBR/3AB,1754416908,1754416914,499,0,0
1754400390_6..S06R,080650_6..S06R,6,1,1754400390,06 1326+ 3AB/BBR,1754416953,1754416959,863,0,0
1754400420_GS.N04R,080700_GS.N04R,GS,0,1754400420,0S 1327  GCS/TSS,1754414898,1754414904,435,0,0
1754400450_2..N01R,080750_2..N01R,2,0,1754400450,02 1327+ FLA/241,1754421924,1754421930,2109,0,0
1754400450_3..N01R,080750_3..N01R,3,0,1754400450,03 1327+ NLT/148,1754419095,1754419098,1333,0,0
1754400600_4..N06R,081000_4..N06R,4,0,1754400600,04 1330  UTI/WDL,1754418984,1754418990,1242,0,0
1754400630_1..S03R,081050_1..S03R,1,1,1754400630,01 1330+ 242/SFT,1754418723,1754418729,1183,0,0
1754400630_3..S01R,081050_3..S01R,3,1,1754400630,03 1330+ 148/NLT,1754419355,1754419359,1341,0,0
1754400630_6..N01R,081050_6..N01R,6,0,1754400630,06 1330+ BBR/PEL,1754418873,1754418879,891,0,0
1754400630_GS.S04R,081050_GS.S04R,GS,1,1754400630,0S 1330+ TSS/GCS,1754415120,1754415123,421,0,0
1754400660_7..N,081100_7..N,7,0,1754400660,07 1331 34H/MST,1754417535,1754417538,934,0,0
1754400660_7..S,081100_7..S,7,1,1754400660,07 1331 MST/34H,1754417856,1754417859,1005,0,0
1754400690_1..N03R,081150_1..N03R,1,0,1754400690,01 1331+ SFT/242,1754418474,1754418480,1129,0,0
1754400720_4..S06R,081200_4..S06R,4,1,1754400720,04 1332  WDL/UTI,1754419130,1754419134,1281,0,0
1754400720_GS.N01R,081200_GS.N01R,GS,0,1754400720,0S 1332  GCS/TSS,1754415198,1754415204,437,0,0
1754400750_2..S01R,081250_2..S01R,2,1,1754400750,02 1332+ 241/FLA,1754415234,1754415239,444,0,0
1754400750_5..N66R,081250_5..N66R,5,0,1754400750,05 1332+ FLA/DYR,1754421185,1754421189,1840,0,0
1754400750_5..S03R,081250_5..S03R,5,1,1754400750,05 1332+ DYR/FLA,1754420805,1754420808,1722,0,0
1754400840_6..S01X104,081400_6..S01X104,6,1,1754400840,06 1334  PEL/BBR,1754418993,1754418995,1244,0,0
1754400870_6..N06R,081450_6..N06R,6,0,1754400870,06 1334+ BBR/3AB,1754417304,1754417307,468,0,0
1754400870_6..S06R,081450_6..S06R,6,1,1754400870,06 1334+ 3AB/BBR,1754417643,1754417649,882,0,0
1754400930_2..N01R,081550_2..N01R,2,0,1754400930,02 1335+ FLA/241,1754423133,1754423139,2301,0,0
1754400930_3..N01R,081550_3..N01R,3,0,1754400930,03 1335+ NLT/148,1754419575,1754419578,1337,0,0
1754400930_GS.S01R,081550_GS.S01R,GS,1,1754400930,0S 1335+ TSS/GCS,1754415393,1754415399,415,0,0
1754400960_7..N,081600_7..N,7,0,1754400960,07 1336 34H/MST,1754417658,1754417664,885,0,0
1754400960_7..S,081600_7..S,7,1,1754400960,07 1336 MST/34H,1754418099,1754418105,981,0,0
1754400990_1..S,081650_1..S,1,1,1754400990,01 1336+ 242/SFT,1754419305,1754419308,30,0,0
1754400990_1..S03R,081650_1..S03R,1,1,1754400990,01 1336+ 242/SFT,1754419145,1754419149,1223,0,0
1754401020_GS.N04R,081700_GS.N04R,GS,0,1754401020,0S 1337  GCS/TSS,1754415495,1754415498,435,0,0
1754401050_1..N03R,081750_1..N03R,1,0,1754401050,01 1337+ SFT/242,1754418795,1754418798,1135,0,0
1754401080_4..N06R,081800_4..N06R,4,0,1754401080,04 1338  UTI/WDL,1754419545,1754419548,1329,0,0
1754401110_2..S01R,081850_2..S01R,2,1,1754401110,02 1338+ 241/FLA,1754421725,1754421729,1546,0,0
1754401110_3..S01R,081850_3..S01R,3,1,1754401110,03 1338+ 148/NLT,1754419674,1754419680,1350,0,0
1754401110_6..N,081850_6..N,6,0,1754401110,/6 1338+ BBR/PEL,1754419575,1754419578,583,1,0
1754401110_6..N01R,081850_6..N01R,6,0,1754401110,/6 1338+ BBR/PEL,1754416803,1754416809,342,0,0
1754401200_4..S06R,082000_4..S06R,4,1,1754401200,04 1340  WDL/UTI,1754419715,1754419719,1314,0,0
1754401230_5..N66R,082050_5..N66R,5,0,1754401230,05 1340+ FLA/DYR,1754421515,1754421519,1805,0,0
1754401230_5..S03R,082050_5..S03R,5,1,1754401230,05 1340+ DYR/FLA,1754421195,1754421198,1718,0,0
1754401230_GS.S04R,082050_GS.S04R,GS,1,1754401230,0S 1340+ TSS/GCS,1754415705,1754415708,416,0,0
1754401260_7..N,082100_7..N,7,0,1754401260,07 1341 34H/MST,1754418234,1754418240,959,0,0
1754401260_7..S,082100_7..S,7,1,1754401260,07 1341 MST/34H,1754418300,1754418303,974,0,0
1754401320_6..N,082200_6..N,6,0,1754401320,/6 1342  BBR/PEL,1754419985,1754419989,570,0,0
1754401320_6..N01R,082200_6..N01R,6,0,1754401320,/6 1342  BBR/PEL,1754417553,1754417559,802,0,0
1754401320_6..S01X104,082200_6..S01X104,6,1,1754401320,06 1342  PEL/BBR,1754419505,1754419509,1257,0,0
1754401320_GS.N01R,082200_GS.N01R,GS,0,1754401320,0S 1342  GCS/TSS,1754415813,1754415819,439,0,0
1754401350_1..S03R,082250_1..S03R,1,1,1754401350,01 1342+ 242/SFT,1754419575,1754419578,1275,0,0
1754401350_6..S06R,082250_6..S06R,6,1,1754401350,06 1342+ 3AB/BBR,1754418054,1754418060,910,0,0
1754401410_1..N03R,082350_1..N03R,1,0,1754401410,01 1343+ SFT/242,1754419155,1754419158,1163,0,0
1754401410_2..N01R,082350_2..N01R,2,0,1754401410,02 1343+ FLA/241,1754421525,1754421528,1808,0,0
1754401410_3..N01R,082350_3..N01R,3,0,1754401410,03 1343+ NLT/148,1754419914,1754419920,1367,0,0
1754401530_GS.S01R,082550_GS.S01R,GS,1,1754401530,0S 1345+ TSS/GCS,1754416008,1754416014,420,0,0
1754401560_4..N06R,082600_4..N06R,4,0,1754401560,04 1346  UTI/WDL,1754419955,1754419959,1316,0,0
1754401560_6..N06R,082600_6..N06R,6,0,1754401560,06 1346  BBR/3AB,1754418435,1754418438,933,0,0
1754401560_7..N,082600_7..N,7,0,1754401560,07 1346 34H/MST,1754418363,1754418369,934,0,0
1754401560_7..S,082600_7..S,7,1,1754401560,07 1346 MST/34H,1754418480,1754418483,960,0,0
1754401590_3..S01R,082650_3..S01R,3,1,1754401590,03 1346+ 148/NLT,1754420165,1754420169,1372,0,0
1754401620_GS.N04R,082700_GS.N04R,GS,0,1754401620,0S 1347  GCS/TSS,1754416095,1754416098,438,0,0
1754401680_4..S06R,082800_4..S06R,4,1,1754401680,04 1348  WDL/UTI,1754419955,1754419959,1316,0,0
1754401710_1..S,082850_1..S,1,1,1754401710,/1 1348+ 242/SFT,1754419785,1754419788,470,0,0
1754401710_1..S03R,082850_1..S03R,1,1,1754401710,/1 1348+ 242/SFT,1754417673,1754417679,765,0,0
1754401710_2..S01R,082850_2..S01R,2,1,1754401710,02 1348+ 241/FLA,1754422155,1754422158,1910,0,0
1754401710_5..N66R,082850_5..N66R,5,0,1754401710,05 1348+ FLA/DYR,1754421855,1754421858,1841,0,0
1754401710_5..S03R,082850_5..S03R,5,1,1754401710,05 1348+ DYR/FLA,1754421405,1754421408,1713,0,0
1754401770_1..N03R,082950_1..N03R,1,0,1754401770,01 1349+ SFT/242,1754419545,1754419548,1143,0,0
1754401800_6..N01R,083000_6..N01R,6,0,1754401800,06 1350  BBR/PEL,1754420484,1754420490,1398,0,0
1754401800_6..S,083000_6..S,6,1,1754401800,/6 1350  PEL/BBR,1754420322,1754420325,147,0,0
1754401800_6..S01X104,083000_6..S01X104,6,1,1754401800,06 1350  PEL/BBR,1754419728,1754419730,1193,0,0
1754401830_6..S06R,083050_6..S06R,6,1,1754401830,06 1350+ 3AB/BBR,1754418360,1754418363,855,0,0
1754401830_GS.S04R,083050_GS.S04R,GS,1,1754401830,0S 1350+ TSS/GCS,1754416308,1754416314,420,0,0
1754401860_7..N,083100_7..N,7,0,1754401860,07 1351 34H/MST,1754418708,1754418714,922,0,0
1754401860_7..S,083100_7..S,7,1,1754401860,07 1351 MST/34H,1754418843,1754418846,949,0,0
1754401890_2..N,083150_2..N,2,0,1754401890,E2 1351+ FLA/241,1754422785,1754422788,738,0,0
1754401890_2..N01R,083150_2..N01R,2,0,1754401890,02 1351+ FLA/241,1754420090,1754420094,1290,0,0
1754401890_3..N01R,083150_3..N01R,3,0,1754401890,03 1351+ NLT/148,1754420304,1754420310,1347,0,0
1754401920_GS.N01R,083200_GS.N01R,GS,0,1754401920,0S 1352  GCS/TSS,1754416413,1754416419,441,0,0
1754402040_4..N06R,083400_4..N06R,4,0,1754402040,04 1354  UTI/WDL,1754420645,1754420649,1444,0,0
1754402040_4..S28R,083400_4..S28R,4,1,1754402040,04 1354  BPK/UTI,1754420205,1754420208,1314,0,0
1754402040_6..N06R,083400_6..N06R,6,0,1754402040,06 1354  BBR/3AB,1754418675,1754418678,923,0,0
1754402070_1..S03R,083450_1..S03R,1,1,1754402070,01 1354+ 242/SFT,1754420154,1754420160,1245,0,0
1754402070_3..S01R,083450_3..S01R,3,1,1754402070,03 1354+ 148/NLT,1754416695,1754416698,421,0,0
1754402130_1..N03R,083550_1..N03R,1,0,1754402130,01 1355+ SFT/242,1754419865,1754419869,1168,0,0
1754402130_GS.S01R,083550_GS.S01R,GS,1,1754402130,0S 1355+ TSS/GCS,1754416593,1754416599,415,0,0
1754402160_4..S06R,083600_4..S06R,4,1,1754402160,04 1356  WDL/UTI,1754420514,1754420517,1345,0,0
1754402160_7..N,083600_7..N,7,0,1754402160,07 1356 34H/MST,1754418915,1754418918,925,0,0
1754402160_7..S,083600_7..S,7,1,1754402160,07 1356 MST/34H,1754419029,1754419035,956,0,0
1754402190_2..S01R,083650_2..S01R,2,1,1754402190,02 1356+ 241/FLA,1754422515,1754422518,1866,0,0
1754402190_5..N66R,083650_5..N66R,5,0,1754402190,05 1356+ FLA/DYR,1754421975,1754421978,1750,0,0
1754402190_5..S03R,083650_5..S03R,5,1,1754402190,05 1356+ DYR/FLA,1754422044,1754422050,1769,0,0
1754402220_GS.N04R,083700_GS.N04R,GS,0,1754402220,0S 1357  GCS/TSS,1754416704,1754416710,437,0,0
1754402280_6..N01R,083800_6..N01R,6,0,1754402280,06 1358  BBR/PEL,1754420964,1754420970,1468,0,0
1754402280_6..S01X104,083800_6..S01X104,6,1,1754402280,06 1358  PEL/BBR,1754420499,1754420502,1340,0,0
1754402310_3..S01R,083850_3..S01R,3,1,1754402310,03 1358+ 148/NLT,1754420735,1754420739,959,0,0
1754402310_6..S06R,083850_6..S06R,6,1,1754402310,06 1358+ 3AB/BBR,1754418768,1754418774,882,0,0
1754402370_2..N,083950_2..N,2,0,1754402370,E2 1359+ FLA/241,1754423544,1754423547,792,0,0
1754402370_2..N01R,083950_2..N01R,2,0,1754402370,02 1359+ FLA/241,1754420595,1754420598,1304,0,0
1754402370_3..N01R,083950_3..N01R,3,0,1754402370,03 1359+ NLT/148,1754420994,1754421000,1414,0,0
1754402430_1..S03R,084050_1..S03R,1,1,1754402430,01 1400+ 242/SFT,1754420304,1754420310,1222,0,0
1754402430_GS.S04R,084050_GS.S04R,GS,1,1754402430,0S 1400+ TSS/GCS,1754416923,1754416929,421,0,0
1754402460_7..S,084100_7..S,7,1,1754402460,07 1401 MST/34H,1754419329,1754419335,965,0,0
1754402490_1..N03R,084150_1..N03R,1,0,1754402490,01 1401+ SFT/242,1754420544,1754420550,1291,0,0
1754402520_4..N06R,084200_4..N06R,4,0,1754402520,04 1402  UTI/WDL,1754421054,1754421060,1431,0,0
1754402520_6..N06R,084200_6..N06R,6,0,1754402520,06 1402  BBR/3AB,1754418894,1754418900,845,0,0
1754402520_GS.N01R,084200_GS.N01R,GS,0,1754402520,0S 1402  GCS/TSS,1754417019,1754417025,442,0,0
1754402580_2..S,084300_2..S,2,1,1754402580,/2 1403  241/FLA,1754423253,1754423259,119,0,0
1754402580_2..S01R,084300_2..S01R,2,1,1754402580,/2 1403  241/FLA,1754422653,1754422659,1845,0,0
1754402610_7..N,084350_7..N,7,0,1754402610,07 1403+ 34H/MST,1754419401,1754419404,628,0,0
1754402640_4..S06R,084400_4..S06R,4,1,1754402640,04 1404  WDL/UTI,1754420855,1754420859,1376,0,0
1754402640_5..S03R,084400_5..S03R,5,1,1754402640,05 1404  DYR/FLA,1754418264,1754418270,710,0,0
1754402670_5..N66R,084450_5..N66R,5,0,1754402670,05 1404+ FLA/DYR,1754422215,1754422218,1689,0,0
1754402730_GS.S01R,084550_GS.S01R,GS,1,1754402730,0S 1405+ TSS/GCS,1754417184,1754417190,412,0,0
1754402760_6..N01R,084600_6..N01R,6,0,1754402760,06 1406  BBR/PEL,1754421395,1754421399,1460,0,0
1754402760_7..S,084600_7..S,7,1,1754402760,07 1406 MST/34H,1754419760,1754419764,1035,0,0
1754402790_1..S03R,084650_1..S03R,1,1,1754402790,01 1406+ 242/SFT,1754420754,1754420760,1284,0,0
1754402790_6..S06R,084650_6..S06R,6,1,1754402790,06 1406+ 3AB/BBR,1754419308,1754419310,891,0,0
1754402820_6..S01X104,084700_6..S01X104,6,1,1754402820,06 1407  PEL/BBR,1754421012,1754421015,1355,0,0
1754402820_GS.N04R,084700_GS.N04R,GS,0,1754402820,0S 1407  GCS/TSS,1754417289,1754417295,433,0,0
1754402850_1..N03R,084750_1..N03R,1,0,1754402850,01 1407+ SFT/242,1754420645,1754420649,1255,0,0
1754402850_3..N01R,084750_3..N01R,3,0,1754402850,03 1407+ NLT/148,1754421324,1754421330,1441,0,0
1754402880_2..N01R,084800_2..N01R,2,0,1754402880,02 1408  FLA/241,1754423859,1754423862,2111,0,0
1754403000_4..N06R,085000_4..N06R,4,0,1754403000,04 1410  UTI/WDL,1754421435,1754421438,1409,0,0
1754403000_4..S06R,085000_4..S06R,4,1,1754403000,04 1410  WDL/UTI,1754421200,1754421204,1346,0,0
1754403000_5..S03R,085000_5..S03R,5,1,1754403000,05 1410  DYR/FLA,1754424240,1754424243,2151,0,0
1754403000_6..N06R,085000_6..N06R,6,0,1754403000,06 1410  BBR/3AB,1754419425,1754419428,861,0,0
1754403030_3..S01R,085050_3..S01R,3,1,1754403030,03 1410+ 148/NLT,1754421255,1754421258,1361,0,0
1754403030_GS.S04R,085050_GS.S04R,GS,1,1754403030,0S 1410+ TSS/GCS,1754417508,1754417514,418,0,0
1754403060_7..N,085100_7..N,7,0,1754403060,07 1411 34H/MST,1754419644,1754419650,938,0,0
1754403060_7..S,085100_7..S,7,1,1754403060,07 1411 MST/34H,1754420049,1754420055,1047,0,0
1754403120_GS.N01R,085200_GS.N01R,GS,0,1754403120,0S 1412  GCS/TSS,1754417640,1754417643,445,0,0
1754403150_1..S03R,085250_1..S03R,1,1,1754403150,01 1412+ 242/SFT,1754421125,1754421129,1326,0,0
1754403150_2..S01R,085250_2..S01R,2,1,1754403150,02 1412+ 241/FLA,1754423415,1754423418,1904,0,0
1754403150_5..N66R,085250_5..N66R,5,0,1754403150,05 1412+ FLA/DYR,1754422614,1754422620,1735,0,0
1754403210_1..N03R,085350_1..N03R,1,0,1754403210,01 1413+ SFT/242,1754421285,1754421288,1369,0,0
1754403240_6..N01R,085400_6..N01R,6,0,1754403240,06 1414  BBR/PEL,1754421834,1754421840,1524,0,0
1754403270_6..S06R,085450_6..S06R,6,1,1754403270,06 1414+ 3AB/BBR,1754419719,1754419725,879,0,0
1754403300_6..S01X104,085500_6..S01X104,6,1,1754403300,06 1415  PEL/BBR,1754421395,1754421399,1337,0,0
1754403330_3..N01R,085550_3..N01R,3,0,1754403330,03 1415+ NLT/148,1754421864,1754421870,1470,0,0
1754403330_5..S03R,085550_5..S03R,5,1,1754403330,05 1415+ DYR/FLA,1754424570,1754424573,2175,0,0
1754403330_GS.S01R,085550_GS.S01R,GS,1,1754403330,0S 1415+ TSS/GCS,1754417805,1754417808,419,0,0
1754403360_2..N01R,085600_2..N01R,2,0,1754403360,02 1416  FLA/241,1754423988,1754423994,2023,0,0
1754403360_7..N,085600_7..N,7,0,1754403360,07 1416 34H/MST,1754420049,1754420055,969,0,0
1754403360_7..S,085600_7..S,7,1,1754403360,07 1416 MST/34H,1754420259,1754420265,1025,0,0
1754403420_GS.N04R,085700_GS.N04R,GS,0,1754403420,0S 1417  GCS/TSS,1754417889,1754417895,439,0,0
1754403480_4..N06R,085800_4..N06R,4,0,1754403480,04 1418  UTI/WDL,1754422044,1754422050,1519,0,0
1754403480_4..S06R,085800_4..S06R,4,1,1754403480,04 1418  WDL/UTI,1754421780,1754421783,1445,0,0
1754403480_6..N06R,085800_6..N06R,6,0,1754403480,06 1418  BBR/3AB,1754419895,1754419899,926,0,0
1754403510_1..S03R,085850_1..S03R,1,1,1754403510,01 1418+ 242/SFT,1754421575,1754421579,1387,0,0
1754403510_3..S01R,085850_3..S01R,3,1,1754403510,03 1418+ 148/NLT,1754421935,1754421939,1490,0,0
1754403570_1..N03R,085950_1..N03R,1,0,1754403570,01 1419+ SFT/242,1754421885,1754421888,1411,0,0
1754403630_GS.S04R,086050_GS.S04R,GS,1,1754403630,0S 1420+ TSS/GCS,1754418114,1754418120,423,0,0
1754403660_7..N,086100_7..N,7,0,1754403660,07 1421 34H/MST,1754420450,1754420454,1013,0,0
1754403660_7..S,086100_7..S,7,1,1754403660,07 1421 MST/34H,1754420780,1754420784,1105,0,0
1754403720_6..N01R,086200_6..N01R,6,0,1754403720,06 1422  BBR/PEL,1754422265,1754422269,1515,0,0
1754403720_GS.N01R,086200_GS.N01R,GS,0,1754403720,0S 1422  GCS/TSS,1754418240,1754418243,451,0,0
1754403750_2..S01R,086250_2..S01R,2,1,1754403750,02 1422+ 241/FLA,1754424108,1754424114,1990,0,0
1754403750_6..S06R,086250_6..S06R,6,1,1754403750,06 1422+ 3AB/BBR,1754419044,1754419050,570,0,0
1754403780_6..S01X104,086300_6..S01X104,6,1,1754403780,06 1423  PEL/BBR,1754421945,1754421948,1427,0,0
1754403810_3..N01R,086350_3..N01R,3,0,1754403810,03 1423+ NLT/148,1754422404,1754422410,1554,0,0
1754403810_7..N,086350_7..N,7,0,1754403810,E7 1423+ 34H/MST,1754420703,1754420709,699,0,0
1754403840_2..N01R,086400_2..N01R,2,0,1754403840,02 1424  FLA/241,1754424558,1754424564,2101,0,0
1754403870_1..S03R,086450_1..S03R,1,1,1754403870,01 1424+ 242/SFT,1754421815,1754421819,1331,0,0
1754403900_4..S06R,086500_4..S06R,4,1,1754403900,04 1425  WDL/UTI,1754422104,1754422110,1411,0,0
1754403930_1..N,086550_1..N,1,0,1754403930,E1 1425+ SFT/242,1754421785,1754421789,705,0,0
1754403930_1..N03R,086550_1..N03R,1,0,1754403930,01 1425+ SFT/242,1754419209,1754419215,617,0,0
1754403930_5..S03R,086550_5..S03R,5,1,1754403930,05 1425+ DYR/FLA,1754419230,1754419233,622,0,0
1754403930_GS.S01R,086550_GS.S01R,GS,1,1754403930,0S 1425+ TSS/GCS,1754418390,1754418393,424,0,0
1754403960_4..N06R,086600_4..N06R,4,0,1754403960,04 1426  UTI/WDL,1754422605,1754422608,1546,0,0
1754403960_6..N06R,086600_6..N06R,6,0,1754403960,06 1426  BBR/3AB,1754420304,1754420310,904,0,0
1754403960_7..N,086600_7..N,7,0,1754403960,07 1426 34H/MST,1754420754,1754420760,1014,0,0
1754403960_7..S,086600_7..S,7,1,1754403960,07 1426 MST/34H,1754420844,1754420850,1039,0,0
1754403990_3..S01R,086650_3..S01R,3,1,1754403990,03 1426+ 148/NLT,1754422325,1754422329,1471,0,0
1754404020_GS.N04R,086700_GS.N04R,GS,0,1754404020,0S 1427  GCS/TSS,1754418483,1754418489,446,0,0
1754404110_5..N66R,086850_5..N66R,5,0,1754404110,05 1428+ FLA/DYR,1754423403,1754423409,1701,0,0
1754404200_6..N01R,087000_6..N01R,6,0,1754404200,06 1430  BBR/PEL,1754422584,1754422590,1481,0,0
1754404230_1..S03R,087050_1..S03R,1,1,1754404230,01 1430+ 242/SFT,1754422134,1754422140,1359,0,0
1754404230_3..N01R,087050_3..N01R,3,0,1754404230,03 1430+ NLT/148,1754422845,1754422848,1543,0,0
1754404230_6..S06R,087050_6..S06R,6,1,1754404230,06 1430+ 3AB/BBR,1754420748,1754420750,918,0,0
1754404230_GS.S04R,087050_GS.S04R,GS,1,1754404230,0S 1430+ TSS/GCS,1754418723,1754418729,437,0,0
1754404260_6..S01X104,087100_6..S01X104,6,1,1754404260,06 1431  PEL/BBR,1754422383,1754422385,1426,0,0
1754404260_7..N,087100_7..N,7,0,1754404260,07 1431 34H/MST,1754421159,1754421165,1114,0,0
1754404260_7..S,087100_7..S,7,1,1754404260,07 1431 MST/34H,1754421228,1754421230,1132,0,0
1754404290_1..N03R,087150_1..N03R,1,0,1754404290,01 1431+ SFT/242,1754422065,1754422068,1339,0,0
1754404320_2..N01R,087200_2..N01R,2,0,1754404320,02 1432  FLA/241,1754425080,1754425083,2124,0,0
1754404320_GS.N01R,087200_GS.N01R,GS,0,1754404320,0S 1432  GCS/TSS,1754418819,1754418825,456,0,0
1754404350_4..S06R,087250_4..S06R,4,1,1754404350,04 1432+ WDL/UTI,1754422533,1754422539,1470,0,0
1754404380_2..S01R,087300_2..S01R,2,1,1754404380,02 1433  241/FLA,1754425050,1754425053,2116,0,0
1754404440_4..N06R,087400_4..N06R,4,0,1754404440,04 1434  UTI/WDL,1754423334,1754423337,1669,0,0
1754404440_6..N06R,087400_6..N06R,6,0,1754404440,06 1434  BBR/3AB,1754420814,1754420820,991,0,0
1754404470_3..S01R,087450_3..S01R,3,1,1754404470,03 1434+ 148/NLT,1754423094,1754423097,1542,0,0
1754404470_6..S06R,087450_6..S06R,6,1,1754404470,E6 1434+ 3AB/BBR,1754420883,1754420885,419,0,0
1754404530_GS.S01R,087550_GS.S01R,GS,1,1754404530,0S 1435+ TSS/GCS,1754418999,1754419005,436,0,0
1754404560_7..N,087600_7..N,7,0,1754404560,07 1436 34H/MST,1754421528,1754421530,1090,0,0
1754404560_7..S,087600_7..S,7,1,1754404560,07 1436 MST/34H,1754421459,1754421465,1071,0,0
1754404590_1..S03R,087650_1..S03R,1,1,1754404590,01 1436+ 242/SFT,1754422475,1754422479,1392,0,0
1754404620_GS.N04R,087700_GS.N04R,GS,0,1754404620,0S 1437  GCS/TSS,1754419095,1754419098,461,0,0
1754404650_1..N03R,087750_1..N03R,1,0,1754404650,01 1437+ SFT/242,1754422593,1754422599,1419,0,0
1754404680_6..N01R,087800_6..N01R,6,0,1754404680,06 1438  BBR/PEL,1754423055,1754423058,1533,0,0
1754404710_3..N01R,087850_3..N01R,3,0,1754404710,03 1438+ NLT/148,1754423364,1754423367,1613,0,0
1754404710_6..S06R,087850_6..S06R,6,1,1754404710,06 1438+ 3AB/BBR,1754421185,1754421189,1030,0,0
1754404740_4..S06R,087900_4..S06R,4,1,1754404740,04 1439  WDL/UTI,1754422944,1754422950,1505,0,0
1754404740_6..S01X104,087900_6..S01X104,6,1,1754404740,06 1439  PEL/BBR,1754423043,1754423049,1530,0,0
1754404800_2..N01R,088000_2..N01R,2,0,1754404800,02 1440  FLA/241,1754425302,1754425305,2055,0,0
1754404830_5..S03R,088050_5..S03R,5,1,1754404830,05 1440+ DYR/FLA,1754424810,1754424813,1926,0,0
1754404830_GS.S04R,088050_GS.S04R,GS,1,1754404830,0S 1440+ TSS/GCS,1754419320,1754419323,459,0,0
1754404860_7..N,088100_7..N,7,0,1754404860,07 1441 34H/MST,1754421594,1754421600,1097,0,0
1754404860_7..S,088100_7..S,7,1,1754404860,07 1441 MST/34H,1754421672,1754421675,1120,0,0
1754404920_2..S01R,088200_2..S01R,2,1,1754404920,02 1442  241/FLA,1754425608,1754425614,2137,0,0
1754404920_4..N06R,088200_4..N06R,4,0,1754404920,04 1442  UTI/WDL,1754423664,1754423667,1627,0,0
1754404920_6..N,088200_6..N,6,0,1754404920,/6 1442  BBR/3AB,1754421365,1754421369,127,0,0
1754404920_6..N06R,088200_6..N06R,6,0,1754404920,/6 1442  BBR/3AB,1754420799,1754420805,861,0,0
1754404920_GS.N01R,088200_GS.N01R,GS,0,1754404920,0S 1442  GCS/TSS,1754419419,1754419425,486,0,0
1754404950_1..S03R,088250_1..S03R,1,1,1754404950,01 1442+ 242/SFT,1754422905,1754422908,1433,0,0
1754405010_1..N03R,088350_1..N03R,1,0,1754405010,01 1443+ SFT/242,1754422854,1754422857,1419,0,0
1754405010_3..S01R,088350_3..S01R,3,1,1754405010,03 1443+ 148/NLT,1754423364,1754423367,1551,0,0
1754405040_5..N66R,088400_5..N66R,5,0,1754405040,05 1444  FLA/DYR,1754424432,1754424435,1826,0,0
1754405100_5..S03R,088500_5..S03R,5,1,1754405100,05 1445  DYR/FLA,1754425200,1754425203,1954,0,0
1754405130_GS.S01R,088550_GS.S01R,GS,1,1754405130,0S 1445+ TSS/GCS,1754419595,1754419599,470,0,0
1754405160_4..S06R,088600_4..S06R,4,1,1754405160,04 1446  WDL/UTI,1754423454,1754423457,1510,0,0
1754405160_6..N01R,088600_6..N01R,6,0,1754405160,06 1446  BBR/PEL,1754423403,1754423409,1499,0,0
1754405160_7..S,088600_7..S,7,1,1754405160,07 1446 MST/34H,1754421984,1754421990,1142,0,0
1754405160_7X..N,088600_7X..N,7X,0,1754405160,07 1446 34H/MST,1754421858,1754421860,1107,0,0
1754405190_3..N01R,088650_3..N01R,3,0,1754405190,03 1446+ NLT/148,1754423820,1754423823,1603,0,0
1754405190_6..S,088650_6..S,6,1,1754405190,/6 1446+ 3AB/BBR,1754421744,1754421750,268,0,0
1754405190_6..S06R,088650_6..S06R,6,1,1754405190,/6 1446+ 3AB/BBR,1754420675,1754420679,729,0,0
1754405220_GS.N04R,088700_GS.N04R,GS,0,1754405220,0S 1447  GCS/TSS,1754419700,1754419704,498,0,0
1754405280_1..S03R,088800_1..S03R,1,1,1754405280,01 1448  242/SFT,1754423235,1754423238,1454,0,0
1754405370_1..N03R,088950_1..N03R,1,0,1754405370,01 1449+ SFT/242,1754423313,1754423319,1409,0,0
1754405370_2..S01R,088950_2..S01R,2,1,1754405370,02 1449+ 241/FLA,1754426178,1754426184,2159,0,0
1754405400_5..S02R,089000_5..S02R,5,1,1754405400,05 1450  180/FLA,1754423703,1754423709,1040,0,0
1754405400_6..N06R,089000_6..N06R,6,0,1754405400,06 1450  BBR/3AB,1754421785,1754421789,1006,0,0
1754405400_6..S,089000_6..S,6,1,1754405400,/6 1450  PEL/BBR,1754423577,1754423580,214,0,0
1754405400_6..S01X104,089000_6..S01X104,6,1,1754405400,06 1450  PEL/BBR,1754422644,1754422650,1239,0,0
1754405430_4..N06R,089050_4..N06R,4,0,1754405430,04 1450+ UTI/WDL,1754423868,1754423874,1550,0,0
1754405430_5..S03R,089050_5..S03R,5,1,1754405430,E5 1450+ DYR/FLA,1754425368,1754425374,1469,0,0
1754405430_GS.S04R,089050_GS.S04R,GS,1,1754405430,0S 1450+ TSS/GCS,1754419938,1754419940,496,0,0
1754405460_7..N,089100_7..N,7,0,1754405460,07 1451 34H/MST,1754422104,1754422110,1104,0,0
1754405460_7..S,089100_7..S,7,1,1754405460,07 1451 MST/34H,1754422430,1754422434,1195,0,0
1754405520_GS.N01R,089200_GS.N01R,GS,0,1754405520,0S 1452  GCS/TSS,1754420064,1754420070,530,0,0
1754405550_5..N66R,089250_5..N66R,5,0,1754405550,05 1452+ FLA/DYR,1754424858,1754424864,1762,0,0
1754405610_1..S03R,089350_1..S03R,1,1,1754405610,01 1453+ 242/SFT,1754423403,1754423409,1433,0,0
1754405640_3..N01R,089400_3..N01R,3,0,1754405640,03 1454  NLT/148,1754424219,1754424222,1642,0,0
1754405640_6..N01X003,089400_6..N01X003,6,0,1754405640,06 1454  BBR/PEL,1754423829,1754423832,1470,0,0
1754405670_5..S21R,089450_5..S21R,5,1,1754405670,05 1454+ 180/UTI,1754423727,1754423730,1446,0,0
1754405670_6..S06R,089450_6..S06R,6,1,1754405670,06 1454+ 3AB/BBR,1754422200,1754422203,1054,0,0
1754405700_3..S01R,089500_3..S01R,3,1,1754405700,03 1455  148/NLT,1754424348,1754424354,1609,0,0
1754405700_5..S,089500_5..S,5,1,1754405700,05 1455  DYR/UTI,1754425074,1754425077,1314,0,0
1754405700_5..S03R,089500_5..S03R,5,1,1754405700,05 1455  DYR/FLA,1754420150,1754420154,486,0,0
1754405730_1..N03R,089550_1..N03R,1,0,1754405730,01 1455+ SFT/242,1754423565,1754423568,1406,0,0
1754405730_2..N01R,089550_2..N01R,2,0,1754405730,02 1455+ FLA/241,1754426040,1754426043,2055,0,0
1754405730_GS.S01R,089550_GS.S01R,GS,1,1754405730,0S 1455+ TSS/GCS,1754420195,1754420199,498,0,0
1754405760_7..S,089600_7..S,7,1,1754405760,07 1456 MST/34H,1754422710,1754422713,1212,0,0
1754405760_7X..N,089600_7X..N,7X,0,1754405760,07 1456 34H/MST,1754422310,1754422314,1108,0,0
1754405820_4..S28R,089700_4..S28R,4,1,1754405820,04 1457  BPK/UTI,1754423943,1754423949,1503,0,0
1754405820_GS.N04R,089700_GS.N04R,GS,0,1754405820,0S 1457  GCS/TSS,1754420286,1754420289,522,0,0
1754405850_4..N06R,089750_4..N06R,4,0,1754405850,04 1457+ UTI/WDL,1754424288,1754424294,1593,0,0
1754405880_6..N03R,089800_6..N03R,6,0,1754405880,06 1458  BBR/177,1754423322,1754423325,1344,0,0
1754405880_6..S01X104,089800_6..S01X104,6,1,1754405880,06 1458  PEL/BBR,1754424003,1754424009,1519,0,0
1754405910_1..S03R,089850_1..S03R,1,1,1754405910,01 1458+ 242/SFT,1754423673,1754423679,1434,0,0
1754406030_5..S,090050_5..S,5,1,1754406030,05 1500+ DYR/FLA,1754425848,1754425854,1409,0,0
1754406030_5..S07R,090050_5..S07R,5,1,1754406030,05 1500+ DYR/UTI,1754420544,1754420550,530,0,0
1754406030_7..N,090050_7..N,7,0,1754406030,07 1500+ 34H/MST,1754422944,1754422950,1211,0,0
1754406030_GS.S04R,090050_GS.S04R,GS,1,1754406030,0S 1500+ TSS/GCS,1754420517,1754420520,522,0,0
1754406060_4..S06R,090100_4..S06R,4,1,1754406060,04 1501  WDL/UTI,1754424465,1754424468,1573,0,0
1754406060_7..S,090100_7..S,7,1,1754406060,07 1501 MST/34H,1754422908,1754422914,1202,0,0
1754406060_GS.N01R,090100_GS.N01R,GS,0,1754406060,0S 1501  GCS/TSS,1754420544,1754420550,530,0,0
1754406090_1..N03R,090150_1..N03R,1,0,1754406090,01 1501+ SFT/242,1754423820,1754423823,1404,0,0
1754406120_3..N01R,090200_3..N01R,3,0,1754406120,03 1502  NLT/148,1754424660,1754424663,1624,0,0
1754406120_6..N02R,090200_6..N02R,6X,0,1754406120,06 1502  BBR/PEL,1754424039,1754424042,1462,0,0
1754406150_6..S06R,090250_6..S06R,6,1,1754406150,06 1502+ 3AB/BBR,1754422713,1754422719,1123,0,0
1754406210_1..S03R,090350_1..S03R,1,1,1754406210,01 1503+ 242/SFT,1754423958,1754423964,1441,0,0
1754406210_2..N01R,090350_2..N01R,2,0,1754406210,02 1503+ FLA/241,1754427000,1754427003,2096,0,0
1754406210_4..N06R,090350_4..N06R,4,0,1754406210,04 1503+ UTI/WDL,1754424888,1754424894,1685,0,0
1754406240_3..S01R,090400_3..S01R,3,1,1754406240,03 1504  148/NLT,1754424768,1754424774,1653,0,0
1754406270_7X..N,090450_7X..N,7X,0,1754406270,07 1504+ 34H/MST,1754423049,1754423052,1161,0,0
1754406270_GS.S01R,090450_GS.S01R,GS,1,1754406270,0S 1504+ TSS/GCS,1754420745,1754420748,520,0,0
1754406300_GS.N04R,090500_GS.N04R,GS,0,1754406300,0S 1505  GCS/TSS,1754420784,1754420790,531,0,0
1754406360_6..S01X104,090600_6..S01X104,6,1,1754406360,06 1506  PEL/BBR,1754424498,1754424504,1518,0,0
1754406360_7..S,090600_7..S,7,1,1754406360,07 1506 MST/34H,1754423283,1754423289,1222,0,0
1754406390_5..S03R,090650_5..S03R,5,1,1754406390,05 1506+ DYR/FLA,1754427048,1754427054,2193,0,0
1754406390_6..N02R,090650_6..N02R,6X,0,1754406390,06 1506+ BBR/PEL,1754424309,1754424312,1006,0,0
1754406450_1..N03R,090750_1..N03R,1,0,1754406450,01 1507+ SFT/242,1754424243,1754424252,1452,0,0
1754406450_2..S01R,090750_2..S01R,2,1,1754406450,02 1507+ 241/FLA,1754426622,1754426625,2079,0,0
1754406480_4..S06R,090800_4..S06R,4,1,1754406480,04 1508  WDL/UTI,1754424870,1754424873,1616,0,0
1754406480_5..N66R,090800_5..N66R,5,0,1754406480,05 1508  FLA/DYR,1754425848,1754425854,1875,0,0
1754406510_1..S03R,090850_1..S03R,1,1,1754406510,01 1508+ 242/SFT,1754424288,1754424294,1463,0,0
1754406510_7..N,090850_7..N,7,0,1754406510,07 1508+ 34H/MST,1754423214,1754423220,1177,0,0
1754406510_GS.S04R,090850_GS.S04R,GS,1,1754406510,0S 1508+ TSS/GCS,1754420994,1754421000,589,0,0
1754406540_3..N01R,090900_3..N01R,3,0,1754406540,03 1509  NLT/148,1754425080,1754425083,1672,0,0
1754406540_GS.N01R,090900_GS.N01R,GS,0,1754406540,0S 1509  GCS/TSS,1754421069,1754421075,610,0,0
1754406630_4..N06R,091050_4..N06R,4,0,1754406630,04 1510+ UTI/WDL,1754425338,1754425344,1665,0,0
1754406630_6..N,091050_6..N,6,0,1754406630,/6 1510+ BBR/177,1754424027,1754424030,371,0,0
1754406630_6..N03R,091050_6..N03R,6,0,1754406630,/6 1510+ BBR/177,1754422460,1754422464,460,0,0
1754406660_2..N01R,091100_2..N01R,2,0,1754406660,02 1511  FLA/241,1754427120,1754427123,2085,0,0
1754406660_5..S07R,091100_5..S07R,5,1,1754406660,05 1511  DYR/UTI,1754426385,1754426388,1942,0,0
1754406660_7..S,091100_7..S,7,1,1754406660,07 1511 MST/34H,1754423433,1754423439,1204,0,0
1754406690_6..S06R,091150_6..S06R,6,1,1754406690,06 1511+ 3AB/BBR,1754423220,1754423223,1113,0,0
1754406720_3..S01R,091200_3..S01R,3,1,1754406720,03 1512  148/NLT,1754425149,1754425152,1615,0,0
1754406750_7X..N,091250_7X..N,7X,0,1754406750,07 1512+ 34H/MST,1754423463,1754423469,1114,0,0
1754406750_GS.S01R,091250_GS.S01R,GS,1,1754406750,0S 1512+ TSS/GCS,1754421219,1754421225,577,0,0
1754406780_6..S01X104,091300_6..S01X104,6,1,1754406780,06 1513  PEL/BBR,1754425029,1754425032,1583,0,0
1754406780_GS.N04R,091300_GS.N04R,GS,0,1754406780,0S 1513  GCS/TSS,1754421252,1754421255,586,0,0
1754406810_1..N03R,091350_1..N03R,1,0,1754406810,01 1513+ SFT/242,1754424690,1754424693,1493,0,0
1754406810_1..S03R,091350_1..S03R,1,1,1754406810,01 1513+ 242/SFT,1754424558,1754424564,1459,0,0
1754406840_4..S06R,091400_4..S06R,4,1,1754406840,04 1514  WDL/UTI,1754425254,1754425260,1642,0,0
1754406840_5..N66R,091400_5..N66R,5,0,1754406840,05 1514  FLA/DYR,1754426259,1754426265,1908,0,0
1754406840_6..N03R,091400_6..N03R,6,0,1754406840,06 1514  BBR/177,1754424243,1754424252,1377,0,0
1754406870_4..N06R,091450_4..N06R,4,0,1754406870,04 1514+ UTI/WDL,1754425599,1754425602,1654,0,0
1754406900_3..N01R,091500_3..N01R,3,0,1754406900,03 1515  NLT/148,1754425668,1754425674,1673,0,0
1754406930_2..S01R,091550_2..S01R,2,1,1754406930,02 1515+ 241/FLA,1754427342,1754427345,2117,0,0
1754406930_5..S02R,091550_5..S02R,5,1,1754406930,E5 1515+ 180/FLA,1754421975,1754421978,139,0,0
1754406930_5..S03R,091550_5..S03R,5,1,1754406930,05 1515+ DYR/FLA,1754427468,1754427474,2150,0,0
1754406960_7..S,091600_7..S,7,1,1754406960,07 1516 MST/34H,1754423832,1754423835,1207,0,0
1754406990_7..N,091650_7..N,7,0,1754406990,07 1516+ 34H/MST,1754423679,1754423682,1169,0,0
1754406990_GS.S04R,091650_GS.S04R,GS,1,1754406990,0S 1516+ TSS/GCS,1754421483,1754421485,568,0,0
1754407020_GS.N01R,091700_GS.N01R,GS,0,1754407020,0S 1517  GCS/TSS,1754421510,1754421513,575,0,0
1754407080_6..N02R,091800_6..N02R,6X,0,1754407080,06 1518  BBR/PEL,1754424990,1754424993,1494,0,0
1754407110_1..S03R,091850_1..S03R,1,1,1754407110,01 1518+ 242/SFT,1754424888,1754424894,1467,0,0
1754407140_5..S03R,091900_5..S03R,5,1,1754407140,05 1519  DYR/FLA,1754427588,1754427594,2182,0,0
1754407170_1..N03R,091950_1..N03R,1,0,1754407170,01 1519+ SFT/242,1754425218,1754425224,1474,0,0
1754407170_4..N06R,091950_4..N06R,4,0,1754407170,04 1519+ UTI/WDL,1754425890,1754425893,1651,0,0
1754407200_2..N01R,092000_2..N01R,2,0,1754407200,02 1520  FLA/241,1754427522,1754427525,2084,0,0
1754407200_6..S01R,092000_6..S01R,6,1,1754407200,06 1520  PEL/BBR,1754425449,1754425452,1534,0,0
1754407200_6..S03X004,092000_6..S03X004,6,1,1754407200,06 1520  177/BBR,1754424639,1754424642,1214,0,0
1754407230_6..S06R,092050_6..S06R,6,1,1754407230,06 1520+ 3AB/BBR,1754423820,1754423823,1106,0,0
1754407230_7X..N,092050_7X..N,7X,0,1754407230,07 1520+ 34H/MST,1754423775,1754423778,1136,0,0
1754407230_GS.S01R,092050_GS.S01R,GS,1,1754407230,0S 1520+ TSS/GCS,1754421699,1754421702,551,0,0
1754407260_7..S,092100_7..S,7,1,1754407260,07 1521 MST/34H,1754423955,1754423958,1156,0,0
1754407260_GS.N04R,092100_GS.N04R,GS,0,1754407260,0S 1521  GCS/TSS,1754421744,1754421750,564,0,0
1754407320_3..S01R,092200_3..S01R,3,1,1754407320,03 1522  148/NLT,1754426022,1754426025,1685,0,0
1754407320_4..S28R,092200_4..S28R,4,1,1754407320,04 1522  BPK/UTI,1754425494,1754425497,1545,0,0
1754407320_6..N03R,092200_6..N03R,6,0,1754407320,06 1522  BBR/177,1754424705,1754424708,1337,0,0
1754407380_3..N01R,092300_3..N01R,3,0,1754407380,03 1523  NLT/148,1754426310,1754426313,1761,0,0
1754407380_4..S06R,092300_4..S06R,4,1,1754407380,04 1523  WDL/UTI,1754425824,1754425827,1633,0,0
1754407410_1..S03R,092350_1..S03R,1,1,1754407410,01 1523+ 242/SFT,1754425179,1754425182,1462,0,0
1754407410_2..S01R,092350_2..S01R,2,1,1754407410,02 1523+ 241/FLA,1754427999,1754428002,2208,0,0
1754407440_5..N66R,092400_5..N66R,5,0,1754407440,05 1524  FLA/DYR,1754426658,1754426664,1854,0,0
1754407470_4..N06R,092450_4..N06R,4,0,1754407470,04 1524+ UTI/WDL,1754426169,1754426172,1644,0,0
1754407470_7..N,092450_7..N,7,0,1754407470,07 1524+ 34H/MST,1754424168,1754424174,1103,0,0
1754407470_GS.S04R,092450_GS.S04R,GS,1,1754407470,0S 1524+ TSS/GCS,1754421954,1754421960,542,0,0
1754407500_GS.N01R,092500_GS.N01R,GS,0,1754407500,0S 1525  GCS/TSS,1754422014,1754422020,558,0,0
1754407530_5..S02R,092550_5..S02R,5,1,1754407530,E5 1525+ 180/FLA,1754426808,1754426814,1266,0,0
1754407530_7..S,092550_7..S,7,1,1754407530,07 1525+ MST/34H,1754424282,1754424288,1133,0,0
1754407560_1..N03R,092600_1..N03R,1,0,1754407560,01 1526  SFT/242,1754425308,1754425314,1416,0,0
1754407560_2..N01R,092600_2..N01R,2,0,1754407560,02 1526  FLA/241,1754427969,1754427972,2120,0,0
1754407560_6..N02R,092600_6..N02R,6X,0,1754407560,06 1526  BBR/PEL,1754425362,1754425365,1430,0,0
1754407590_6..S03X004,092650_6..S03X004,6,1,1754407590,06 1526+ 177/BBR,1754425293,1754425299,1264,0,0
1754407620_5..S03R,092700_5..S03R,5,1,1754407620,05 1527  DYR/FLA,1754428119,1754428122,2160,0,0
1754407620_6..S01R,092700_6..S01R,6,1,1754407620,06 1527  PEL/BBR,1754425725,1754425728,1527,0,0
1754407710_1..S03R,092850_1..S03R,1,1,1754407710,01 1528+ 242/SFT,1754425479,1754425482,1443,0,0
1754407710_4..N06R,092850_4..N06R,4,0,1754407710,04 1528+ UTI/WDL,1754426448,1754426454,1717,0,0
1754407710_6..S06R,092850_6..S06R,6,1,1754407710,06 1528+ 3AB/BBR,1754424168,1754424174,1116,0,0
1754407710_7X..N,092850_7X..N,7X,0,1754407710,07 1528+ 34H/MST,1754424027,1754424030,1066,0,0
1754407710_GS.S01R,092850_GS.S01R,GS,1,1754407710,0S 1528+ TSS/GCS,1754422205,1754422209,610,0,0
1754407740_GS.N04R,092900_GS.N04R,GS,0,1754407740,0S 1529  GCS/TSS,1754422205,1754422209,610,0,0
1754407770_3..N01R,092950_3..N01R,3,0,1754407770,03 1529+ NLT/148,1754426709,1754426712,1707,0,0
1754407770_5..N88R,092950_5..N88R,5,0,1754407770,05 1529+ FLA/DYR,1754427282,1754427285,1860,0,0
1754407770_7..S,092950_7..S,7,1,1754407770,07 1529+ MST/34H,1754424393,1754424399,1106,0,0
1754407800_2..S01R,093000_2..S01R,2,1,1754407800,02 1530  241/FLA,1754428308,1754428314,2131,0,0
1754407800_3..S01R,093000_3..S01R,3,1,1754407800,03 1530  148/NLT,1754426358,1754426364,1614,0,0
1754407800_6..N03R,093000_6..N03R,6,0,1754407800,06 1530  BBR/177,1754425353,1754425359,1348,0,0
1754407890_1..N03R,093150_1..N03R,1,0,1754407890,01 1531+ SFT/242,1754425932,1754425935,1501,0,0
1754407890_4..S28R,093150_4..S28R,4,1,1754407890,04 1531+ BPK/UTI,1754426103,1754426109,1547,0,0
1754407920_2..N01R,093200_2..N01R,2,0,1754407920,02 1532  FLA/241,1754428419,1754428422,2160,0,0
1754407950_7..N,093250_7..N,7,0,1754407950,07 1532+ 34H/MST,1754424588,1754424594,1157,0,0
1754407950_GS.S04R,093250_GS.S04R,GS,1,1754407950,0S 1532+ TSS/GCS,1754422455,1754422458,602,0,0
1754407980_GS.N01R,093300_GS.N01R,GS,0,1754407980,0S 1533  GCS/TSS,1754422485,1754422488,611,0,0
1754408010_1..S03R,093350_1..S03R,1,1,1754408010,01 1533+ 242/SFT,1754425770,1754425773,1417,0,0
1754408010_4..S06R,093350_4..S06R,4,1,1754408010,04 1533+ WDL/UTI,1754426580,1754426583,1672,0,0
1754408010_6..S03R,093350_6..S03R,6,1,1754408010,06 1533+ 177/BBR,1754425602,1754425605,1413,0,0
1754408010_7..S,093350_7..S,7,1,1754408010,07 1533+ MST/34H,1754424564,1754424567,1097,0,0
1754408040_5..S03R,093400_5..S03R,5,1,1754408040,05 1534  DYR/FLA,1754428518,1754428524,2186,0,0
1754408040_6..N02R,093400_6..N02R,6X,0,1754408040,06 1534  BBR/PEL,1754425848,1754425854,1479,0,0
1754408040_6..S01R,093400_6..S01R,6,1,1754408040,06 1534  PEL/BBR,1754426148,1754426154,1558,0,0
1754408070_4..N06R,093450_4..N06R,4,0,1754408070,04 1534+ UTI/WDL,1754426790,1754426793,1644,0,0
1754408190_1..N03R,093650_1..N03R,1,0,1754408190,01 1536+ SFT/242,1754426010,1754426013,1437,0,0
1754408190_7X..N,093650_7X..N,7X,0,1754408190,07 1536+ 34H/MST,1754424693,1754424699,1059,0,0
1754408190_GS.S01R,093650_GS.S01R,GS,1,1754408190,0S 1536+ TSS/GCS,1754422668,1754422674,568,0,0
1754408220_2..S01R,093700_2..S01R,2,1,1754408220,02 1537  241/FLA,1754428980,1754428983,2224,0,0
1754408220_GS.N04R,093700_GS.N04R,GS,0,1754408220,0S 1537  GCS/TSS,1754422698,1754422704,575,0,0
1754408280_3..S01R,093800_3..S01R,3,1,1754408280,03 1538  148/NLT,1754426598,1754426604,1593,0,0
1754408280_6..N,093800_6..N,6,0,1754408280,/6 1538  BBR/177,1754425893,1754425899,87,0,0
1754408280_6..N03R,093800_6..N03R,6,0,1754408280,06 1538  BBR/177,1754425398,1754425404,1275,0,0
1754408310_1..S03R,093850_1..S03R,1,1,1754408310,01 1538+ 242/SFT,1754426070,1754426073,1453,0,0
1754408310_3..N01R,093850_3..N01R,3,0,1754408310,03 1538+ NLT/148,1754427060,1754427063,1716,0,0
1754408310_7..S,093850_7..S,7,1,1754408310,07 1538+ MST/34H,1754424918,1754424924,1119,0,0
1754408370_2..N01R,093950_2..N01R,2,0,1754408370,02 1539+ FLA/241,1754429298,1754429304,2227,0,0
1754408430_4..N06R,094050_4..N06R,4,0,1754408430,04 1540+ UTI/WDL,1754427138,1754427144,1655,0,0
1754408430_6..S01R,094050_6..S01R,6,1,1754408430,06 1540+ PEL/BBR,1754426574,1754426577,1504,0,0
1754408430_6..S03R,094050_6..S03R,6,1,1754408430,06 1540+ 177/BBR,1754425920,1754425923,1331,0,0
1754408430_7..N,094050_7..N,7,0,1754408430,07 1540+ 34H/MST,1754424918,1754424924,1106,0,0
1754408430_GS.S04R,094050_GS.S04R,GS,1,1754408430,0S 1540+ TSS/GCS,1754422929,1754422932,551,0,0
1754408460_GS.N01R,094100_GS.N01R,GS,0,1754408460,0S 1541  GCS/TSS,1754422965,1754422968,559,0,0
1754408490_1..N03R,094150_1..N03R,1,0,1754408490,01 1541+ SFT/242,1754426409,1754426412,1460,0,0
1754408490_6..N02R,094150_6..N02R,6X,0,1754408490,06 1541+ BBR/PEL,1754426400,1754426403,1457,0,0
1754408520_5..S03R,094200_5..S03R,5,1,1754408520,05 1542  DYR/FLA,1754428749,1754428752,2079,0,0
1754408550_7..S,094250_7..S,7,1,1754408550,07 1542+ MST/34H,1754425137,1754425140,1057,0,0
1754408610_1..S03R,094350_1..S03R,1,1,1754408610,01 1543+ 242/SFT,1754426358,1754426364,1446,0,0
1754408610_4..S28R,094350_4..S28R,4,1,1754408610,04 1543+ BPK/UTI,1754426835,1754426838,1573,0,0
1754408640_2..S01R,094400_2..S01R,2,1,1754408640,02 1544  241/FLA,1754429280,1754429283,2221,0,0
1754408670_7X..N,094450_7X..N,7X,0,1754408670,07 1544+ 34H/MST,1754425125,1754425128,1054,0,0
1754408670_GS.S01R,094450_GS.S01R,GS,1,1754408670,0S 1544+ TSS/GCS,1754423142,1754423145,522,0,0
1754408700_6..N03R,094500_6..N03R,6,0,1754408700,06 1545  BBR/177,1754426139,1754426142,1306,0,0
1754408700_GS.N04R,094500_GS.N04R,GS,0,1754408700,0S 1545  GCS/TSS,1754423205,1754423208,539,0,0
1754408760_3..S01R,094600_3..S01R,3,1,1754408760,03 1546  148/NLT,1754427060,1754427063,1551,0,0
1754408760_4..S06R,094600_4..S06R,4,1,1754408760,04 1546  WDL/UTI,1754427072,1754427075,1554,0,0
1754408790_1..N03R,094650_1..N03R,1,0,1754408790,01 1546+ SFT/242,1754426679,1754426682,1449,0,0
1754408790_3..N01R,094650_3..N01R,3,0,1754408790,03 1546+ NLT/148,1754427540,1754427543,1678,0,0
1754408790_6..S01R,094650_6..S01R,6,1,1754408790,06 1546+ PEL/BBR,1754426943,1754426949,1520,0,0
1754408790_7..S,094650_7..S,7,1,1754408790,07 1546+ MST/34H,1754425305,1754425308,1101,0,0
1754408850_4..N64R,094750_4..N64R,4,0,1754408850,04 1547+ UTI/BPK,1754426850,1754426853,1494,0,0
1754408850_5..S03R,094750_5..S03R,5,1,1754408850,05 1547+ DYR/FLA,1754429388,1754429394,2168,0,0
1754408850_6..S03R,094750_6..S03R,6,1,1754408850,06 1547+ 177/BBR,1754426427,1754426430,1382,0,0
1754408880_6..N02R,094800_6..N02R,6X,0,1754408880,06 1548  BBR/PEL,1754426769,1754426772,1472,0,0
1754408910_1..S03R,094850_1..S03R,1,1,1754408910,01 1548+ 242/SFT,1754426979,1754426982,1528,0,0
1754408910_GS.S04R,094850_GS.S04R,GS,1,1754408910,0S 1548+ TSS/GCS,1754423418,1754423424,593,0,0
1754408940_GS.N01R,094900_GS.N01R,GS,0,1754408940,0S 1549  GCS/TSS,1754423430,1754423433,596,0,0
1754408970_2..S01R,094950_2..S01R,2,1,1754408970,02 1549+ 241/FLA,1754429718,1754429724,2175,0,0
1754408970_5..S21R,094950_5..S21R,5,1,1754408970,05 1549+ 180/UTI,1754427300,1754427303,1534,0,0
1754408970_7..N,094950_7..N,7,0,1754408970,07 1549+ 34H/MST,1754425773,1754425779,998,0,0
1754409000_5..N,095000_5..N,5,0,1754409000,05 1550  FLA/DYR,1754428179,1754428182,1286,0,0
1754409000_5..N76R,095000_5..N76R,5,0,1754409000,05 1550  FLA/238,1754423289,1754423292,479,0,0
1754409030_4..S06R,095050_4..S06R,4,1,1754409030,04 1550+ WDL/UTI,1754427648,1754427654,1626,0,0
1754409030_7..S,095050_7..S,7,1,1754409030,07 1550+ MST/34H,1754425650,1754425653,1111,0,0
1754409090_1..N03R,095150_1..N03R,1,0,1754409090,01 1551+ SFT/242,1754426898,1754426904,1427,0,0
1754409090_5..S12R,095150_5..S12R,5,1,1754409090,05 1551+ 180/BWG,1754426463,1754426469,1311,0,0
1754409090_6..N03R,095150_6..N03R,6,0,1754409090,06 1551+ BBR/177,1754426532,1754426535,1329,0,0
1754409150_6..S01R,095250_6..S01R,6,1,1754409150,06 1552+ PEL/BBR,1754427288,1754427294,1531,0,0
1754409150_7..S,095250_7..S,7,1,1754409150,07 1552+ 111/34H,1754425470,1754425473,1057,0,0
1754409150_GS.S01R,095250_GS.S01R,GS,1,1754409150,0S 1552+ TSS/GCS,1754423628,1754423634,566,0,0
1754409180_4..N34R,095300_4..N34R,4,0,1754409180,04 1553  UTI/WDL,1754427690,1754427693,1636,0,0
1754409180_GS.N04R,095300_GS.N04R,GS,0,1754409180,0S 1553  GCS/TSS,1754423667,1754423670,575,0,0
1754409210_1..S03R,095350_1..S03R,1,1,1754409210,01 1553+ 242/SFT,1754427108,1754427114,1482,0,0
1754409210_6..S03R,095350_6..S03R,6,1,1754409210,06 1553+ 177/BBR,1754426763,1754426769,1390,0,0
1754409240_3..N01R,095400_3..N01R,3,0,1754409240,03 1554  NLT/148,1754427987,1754427990,1713,0,0
1754409240_3..S01R,095400_3..S01R,3,1,1754409240,03 1554  148/NLT,1754427720,1754427723,1644,0,0
1754409270_4..S06R,095450_4..S06R,4,1,1754409270,04 1554+ WDL/UTI,1754427963,1754427969,1622,0,0
1754409270_7..S,095450_7..S,7,1,1754409270,07 1554+ MST/34H,1754425803,1754425809,1109,0,0
1754409300_2..N01R,095500_2..N01R,2,0,1754409300,02 1555  FLA/241,1754429868,1754429874,2128,0,0
1754409300_7X..N,095500_7X..N,7X,0,1754409300,07 1555 34H/MST,1754425878,1754425884,1025,0,0
1754409330_2..S01R,095550_2..S01R,2,1,1754409330,02 1555+ 241/FLA,1754430258,1754430264,2232,0,0
1754409330_6..N02R,095550_6..N02R,6X,0,1754409330,06 1555+ BBR/PEL,1754427240,1754427243,1432,0,0
1754409330_6..S01R,095550_6..S01R,6,1,1754409330,06 1555+ PEL/BBR,1754427474,1754427477,1493,0,0
1754409360_5..N87R,095600_5..N87R,5,0,1754409360,05 1556  UTI/DYR,1754427939,1754427945,1616,0,0
1754409390_1..N03R,095650_1..N03R,1,0,1754409390,01 1556+ SFT/242,1754427240,1754427243,1432,0,0
1754409390_GS.S04R,095650_GS.S04R,GS,1,1754409390,0S 1556+ TSS/GCS,1754423859,1754423862,538,0,0
1754409420_GS.N01R,095700_GS.N01R,GS,0,1754409420,0S 1557  GCS/TSS,1754423919,1754423922,554,0,0
1754409450_7..S,095750_7..S,7,1,1754409450,07 1557+ MST/34H,1754425998,1754426004,1084,0,0
1754409480_5..S08R,095800_5..S08R,5,1,1754409480,05 1558  DYR/BWG,1754428188,1754428194,1681,0,0
1754409540_1..S11R,095900_1..S11R,1,1,1754409540,01 1559  238/SFT,1754427270,1754427273,1439,0,0
1754409540_4..N34R,095900_4..N34R,4,0,1754409540,04 1559  UTI/WDL,1754428098,1754428104,1657,0,0
1754409570_5..N88R,095950_5..N88R,5,0,1754409570,05 1559+ FLA/DYR,1754428578,1754428584,1702,0,0
1754409570_6..N,095950_6..N,6,0,1754409570,/6 1559+ BBR/177,1754427195,1754427198,185,0,0
1754409570_6..N03R,095950_6..N03R,6,0,1754409570,06 1559+ BBR/177,1754426373,1754426379,1117,0,0
1754409570_6..S03R,095950_6..S03R,6,1,1754409570,06 1559+ 177/BBR,1754427108,1754427114,1313,0,0
1754409630_4..S06R,096050_4..S06R,4,1,1754409630,04 1600+ WDL/UTI,1754428470,1754428473,1673,0,0
1754409630_7X..N,096050_7X..N,7X,0,1754409630,07 1600+ 34H/MST,1754426205,1754426208,1112,0,0
1754409630_GS.S01R,096050_GS.S01R,GS,1,1754409630,0S 1600+ TSS/GCS,1754424105,1754424108,520,0,0
1754409660_GS.N04R,096100_GS.N04R,GS,0,1754409660,0S 1601  GCS/TSS,1754424129,1754424132,526,0,0
1754409690_1..N03R,096150_1..N03R,1,0,1754409690,01 1601+ SFT/242,1754427729,1754427732,1477,0,0
1754409690_1..S03R,096150_1..S03R,1,1,1754409690,01 1601+ 242/SFT,1754427522,1754427525,1422,0,0
1754409690_6..S01R,096150_6..S01R,6,1,1754409690,06 1601+ PEL/BBR,1754427834,1754427837,1505,0,0
1754409690_7..S,096150_7..S,7,1,1754409690,07 1601+ MST/34H,1754426358,1754426364,1110,0,0
1754409750_2..N01R,096250_2..N01R,2,0,1754409750,02 1602+ FLA/241,1754430198,1754430204,2131,0,0
1754409750_3..N01R,096250_3..N01R,3,0,1754409750,03 1602+ NLT/148,1754428560,1754428563,1696,0,0
1754409750_4..S28R,096250_4..S28R,4,1,1754409750,04 1602+ BPK/UTI,1754428272,1754428275,1619,0,0
1754409810_6..N02R,096350_6..N02R,6X,0,1754409810,06 1603+ BBR/PEL,1754427738,1754427744,1479,0,0
1754409840_5..S07R,096400_5..S07R,5,1,1754409840,05 1604  DYR/UTI,1754429508,1754429514,1948,0,0
1754409870_2..N03R,096450_2..N03R,2,0,1754409870,02 1604+ NLT/241,1754431089,1754431095,2280,0,0
1754409870_5..S02R,096450_5..S02R,5,1,1754409870,05 1604+ 180/FLA,1754429598,1754429604,1890,0,0
1754409870_7..N,096450_7..N,7,0,1754409870,07 1604+ 34H/MST,1754426712,1754426715,1149,0,0
1754409870_GS.S04R,096450_GS.S04R,GS,1,1754409870,0S 1604+ TSS/GCS,1754424345,1754424348,499,0,0
1754409900_4..N34R,096500_4..N34R,4,0,1754409900,04 1605  UTI/WDL,1754428398,1754428404,1571,0,0
1754409900_7..S,096500_7..S,7,1,1754409900,07 1605 MST/34H,1754426577,1754426580,1113,0,0
1754409900_GS.N01R,096500_GS.N01R,GS,0,1754409900,0S 1605  GCS/TSS,1754424399,1754424402,513,0,0
1754409930_5..N76R,096550_5..N76R,5,0,1754409930,05 1605+ FLA/238,1754429328,1754429334,1818,0,0
1754409990_1..N03R,096650_1..N03R,1,0,1754409990,01 1606+ SFT/242,1754427939,1754427945,1449,0,0
1754410020_1..S11R,096700_1..S11R,1,1,1754410020,01 1607  238/SFT,1754427759,1754427762,1402,0,0
1754410050_6..N03R,096750_6..N03R,6,0,1754410050,06 1607+ BBR/177,1754427597,1754427600,1358,0,0
1754410050_6..S01R,096750_6..S01R,6,1,1754410050,06 1607+ PEL/BBR,1754428215,1754428218,1521,0,0
1754410080_3..S01R,096800_3..S01R,3,1,1754410080,03 1608  148/NLT,1754428419,1754428422,1575,0,0
1754410080_5..S03R,096800_5..S03R,5,1,1754410080,05 1608  DYR/FLA,1754430519,1754430524,2132,0,0
1754410080_7..S,096800_7..S,7,1,1754410080,07 1608 MST/34H,1754426727,1754426730,1118,0,0
1754410110_4..S28R,096850_4..S28R,4,1,1754410110,04 1608+ BPK/UTI,1754428698,1754428704,1649,0,0
1754410110_6..S03R,096850_6..S03R,6,1,1754410110,06 1608+ 177/BBR,1754427657,1754427660,1374,0,0
1754410110_7X..N,096850_7X..N,7X,0,1754410110,07 1608+ 34H/MST,1754426529,1754426532,1065,0,0
1754410110_GS.S01R,096850_GS.S01R,GS,1,1754410110,0S 1608+ TSS/GCS,1754424573,1754424579,558,0,0
1754410140_3..N01R,096900_3..N01R,3,0,1754410140,03 1609  NLT/148,1754428950,1754428953,1716,0,0
1754410140_GS.N04R,096900_GS.N04R,GS,0,1754410140,0S 1609  GCS/TSS,1754424624,1754424627,571,0,0
1754410170_1..S03R,096950_1..S03R,1,1,1754410170,01 1609+ 242/SFT,1754427999,1754428002,1388,0,0
1754410170_2..S01R,096950_2..S01R,2,1,1754410170,02 1609+ 241/FLA,1754430633,1754430639,2088,0,0
1754410260_4..N34R,097100_4..N34R,4,0,1754410260,04 1611  UTI/WDL,1754428818,1754428824,1606,0,0
1754410260_4..S06R,097100_4..S06R,4,1,1754410260,04 1611  WDL/UTI,1754429094,1754429097,1679,0,0
1754410260_5..S02R,097100_5..S02R,5,1,1754410260,05 1611  180/FLA,1754430138,1754430144,1957,0,0
1754410290_1..N03R,097150_1..N03R,1,0,1754410290,01 1611+ SFT/242,1754428128,1754428134,1423,0,0
1754410290_2..N01R,097150_2..N01R,2,0,1754410290,02 1611+ FLA/241,1754431638,1754431644,2348,0,0
1754410290_6..N02R,097150_6..N02R,6X,0,1754410290,06 1611+ BBR/PEL,1754428167,1754428170,1433,0,0
1754410290_7..N,097150_7..N,7,0,1754410290,07 1611+ 34H/MST,1754427213,1754427219,1179,0,0
1754410320_7..S,097200_7..S,7,1,1754410320,07 1612 MST/34H,1754426910,1754426913,1098,0,0
1754410350_GS.S04R,097250_GS.S04R,GS,1,1754410350,0S 1612+ TSS/GCS,1754424849,1754424852,555,0,0
1754410380_5..N87R,097300_5..N87R,5,0,1754410380,05 1613  UTI/DYR,1754429058,1754429064,1670,0,0
1754410380_6..S01R,097300_6..S01R,6,1,1754410380,06 1613  PEL/BBR,1754428644,1754428650,1560,0,0
1754410380_GS.N01R,097300_GS.N01R,GS,0,1754410380,0S 1613  GCS/TSS,1754424885,1754424888,565,0,0
1754410410_1..S03R,097350_1..S03R,1,1,1754410410,01 1613+ 242/SFT,1754428239,1754428242,1452,0,0
1754410410_5..N88R,097350_5..N88R,5,0,1754410410,05 1613+ FLA/DYR,1754429709,1754429714,1843,0,0
1754410440_5..S03R,097400_5..S03R,5,1,1754410440,05 1614  DYR/FLA,1754430849,1754430854,2139,0,0
1754410470_6..S03R,097450_6..S03R,6,1,1754410470,06 1614+ 177/BBR,1754428008,1754428014,1316,0,0
1754410470_7X..N,097450_7X..N,7X,0,1754410470,07 1614+ 34H/MST,1754427003,1754427009,1079,0,0
1754410530_2..S01R,097550_2..S01R,2,1,1754410530,02 1615+ 241/FLA,1754430978,1754430984,2102,0,0
1754410530_3..S01R,097550_3..S01R,3,1,1754410530,03 1615+ 148/NLT,1754428848,1754428854,1539,0,0
1754410530_6..N03R,097550_6..N03R,6,0,1754410530,06 1615+ BBR/177,1754428038,1754428044,1324,0,0
1754410590_1..N03R,097650_1..N03R,1,0,1754410590,01 1616+ SFT/242,1754428539,1754428542,1457,0,0
1754410590_GS.S01R,097650_GS.S01R,GS,1,1754410590,0S 1616+ TSS/GCS,1754425059,1754425062,536,0,0
1754410620_4..N34R,097700_4..N34R,4,0,1754410620,04 1617  UTI/WDL,1754429148,1754429154,1619,0,0
1754410620_6..S01R,097700_6..S01R,6,1,1754410620,06 1617  PEL/BBR,1754428788,1754428794,1523,0,0
1754410620_GS.N04R,097700_GS.N04R,GS,0,1754410620,0S 1617  GCS/TSS,1754425119,1754425125,552,0,0
1754410650_1..S03R,097750_1..S03R,1,1,1754410650,01 1617+ 242/SFT,1754428458,1754428464,1436,0,0
1754410650_7..N,097750_7..N,7,0,1754410650,07 1617+ 34H/MST,1754427402,1754427405,1146,0,0
1754410680_7..S,097800_7..S,7,1,1754410680,07 1618 MST/34H,1754427459,1754427462,1161,0,0
1754410710_3..N01R,097850_3..N01R,3,0,1754410710,03 1618+ NLT/148,1754429340,1754429343,1670,0,0
1754410710_4..S06R,097850_4..S06R,4,1,1754410710,04 1618+ WDL/UTI,1754429808,1754429814,1795,0,0
1754410710_7..S,097850_7..S,7,1,1754410710,07 1618+ 111/34H,1754427072,1754427075,1059,0,0
1754410740_2..N01R,097900_2..N01R,2,0,1754410740,02 1619  FLA/241,1754431908,1754431914,2344,0,0
1754410740_2..S01R,097900_2..S01R,2,1,1754410740,02 1619  241/FLA,1754431149,1754431154,2144,0,0
1754410740_4..S28R,097900_4..S28R,4,1,1754410740,04 1619  BPK/UTI,1754429298,1754429304,1659,0,0
1754410770_5..S03R,097950_5..S03R,5,1,1754410770,05 1619+ DYR/FLA,1754425299,1754425302,520,0,0
1754410770_6..N02R,097950_6..N02R,6X,0,1754410770,06 1619+ BBR/PEL,1754428578,1754428584,1390,0,0
1754410830_6..S03R,098050_6..S03R,6,1,1754410830,06 1620+ 177/BBR,1754428485,1754428488,1365,0,0
1754410830_7..S,098050_7..S,7,1,1754410830,07 1620+ 111/34H,1754427270,1754427273,1025,0,0
1754410830_7X..N,098050_7X..N,7X,0,1754410830,07 1620+ 34H/MST,1754427297,1754427300,1073,0,0
1754410830_GS.S04R,098050_GS.S04R,GS,1,1754410830,0S 1620+ TSS/GCS,1754425335,1754425338,530,0,0
1754410860_5..N,098100_5..N,5,0,1754410860,05 1621  FLA/238,1754431023,1754431029,1531,0,0
1754410860_5..N88R,098100_5..N88R,5,0,1754410860,05 1621  FLA/DYR,1754425233,1754425239,504,0,0
1754410860_GS.N01R,098100_GS.N01R,GS,0,1754410860,0S 1621  GCS/TSS,1754425350,1754425353,534,0,0
1754410890_1..N03R,098150_1..N03R,1,0,1754410890,01 1621+ SFT/242,1754428938,1754428944,1485,0,0
1754410920_4..N34R,098200_4..N34R,4,0,1754410920,04 1622  UTI/WDL,1754429490,1754429493,1632,0,0
1754410950_7..S,098250_7..S,7,1,1754410950,07 1622+ MST/34H,1754427627,1754427630,1142,0,0
1754410980_1..S11R,098300_1..S11R,1,1,1754410980,01 1623  238/SFT,1754428710,1754428713,1424,0,0
1754410980_3..N01R,098300_3..N01R,3,0,1754410980,03 1623  NLT/148,1754429919,1754429924,1745,0,0
1754410980_5..S12R,098300_5..S12R,5,1,1754410980,05 1623  180/BWG,1754428842,1754428845,1458,0,0
1754411010_4..S06R,098350_4..S06R,4,1,1754411010,04 1623+ WDL/UTI,1754430243,1754430249,1832,0,0
1754411010_6..N03R,098350_6..N03R,6,0,1754411010,06 1623+ BBR/177,1754428710,1754428713,1419,0,0
1754411010_7..N,098350_7..N,7,0,1754411010,07 1623+ 34H/MST,1754427753,1754427759,1154,0,0
1754411040_6..S,098400_6..S,6,1,1754411040,/6 1624  PEL/BBR,1754429553,1754429559,176,0,0
1754411040_6..S01R,098400_6..S01R,6,1,1754411040,06 1624  PEL/BBR,1754428833,1754428839,1457,0,0
1754411070_GS.S01R,098450_GS.S01R,GS,1,1754411070,0S 1624+ TSS/GCS,1754425542,1754425545,509,0,0
1754411100_GS.N04R,098500_GS.N04R,GS,0,1754411100,0S 1625  GCS/TSS,1754425608,1754425614,527,0,0
1754411130_1..S03R,098550_1..S03R,1,1,1754411130,01 1625+ 242/SFT,1754428959,1754428962,1414,0,0
1754411130_2..S01R,098550_2..S01R,2,1,1754411130,02 1625+ 241/FLA,1754431359,1754431364,2045,0,0
1754411130_3..S01R,098550_3..S01R,3,1,1754411130,03 1625+ 148/NLT,1754429550,1754429553,1572,0,0
1754411160_4..S28R,098600_4..S28R,4,1,1754411160,04 1626  BPK/UTI,1754430030,1754430033,1699,0,0
1754411190_1..N03R,098650_1..N03R,1,0,1754411190,01 1626+ SFT/242,1754429139,1754429142,1462,0,0
1754411190_7..S,098650_7..S,7,1,1754411190,07 1626+ MST/34H,1754427759,1754427762,1107,0,0
1754411190_7X..N,098650_7X..N,7X,0,1754411190,07 1626+ 34H/MST,1754427570,1754427573,1057,0,0
1754411220_4..N34R,098700_4..N34R,4,0,1754411220,04 1627  UTI/WDL,1754429829,1754429834,1645,0,0
1754411220_5..S03R,098700_5..S03R,5,1,1754411220,05 1627  DYR/FLA,1754431499,1754431500,2082,0,0
1754411250_6..N02R,098750_6..N02R,6X,0,1754411250,06 1627+ BBR/PEL,1754429229,1754429232,1486,0,0
1754411250_6..S01R,098750_6..S01R,6,1,1754411250,06 1627+ PEL/BBR,1754429739,1754429744,1622,0,0
1754411280_3..N01R,098800_3..N01R,3,0,1754411280,03 1628  NLT/148,1754430240,1754430243,1755,0,0
1754411280_4..S06R,098800_4..S06R,4,1,1754411280,04 1628  WDL/UTI,1754430444,1754430449,1808,0,0
1754411310_GS.S04R,098850_GS.S04R,GS,1,1754411310,0S 1628+ TSS/GCS,1754425794,1754425797,576,0,0
1754411340_GS.N01R,098900_GS.N01R,GS,0,1754411340,0S 1629  GCS/TSS,1754425857,1754425860,593,0,0
1754411370_1..S03R,098950_1..S03R,1,1,1754411370,01 1629+ 242/SFT,1754429178,1754429184,1396,0,0
1754411370_5..N86R,098950_5..N86R,5,0,1754411370,05 1629+ UTI/238,1754430474,1754430479,1739,0,0
1754411370_7..N,098950_7..N,7,0,1754411370,07 1629+ 34H/MST,1754427939,1754427945,1123,0,0
1754411400_7..S,099000_7..S,7,1,1754411400,07 1630 MST/34H,1754427897,1754427903,1097,0,0
1754411430_2..N01R,099050_2..N01R,2,0,1754411430,02 1630+ FLA/241,1754432139,1754432144,2172,0,0
1754411430_6..S,099050_6..S,6,1,1754411430,/6 1630+ 177/BBR,1754429088,1754429094,85,0,0
1754411430_6..S03R,099050_6..S03R,6,1,1754411430,06 1630+ 177/BBR,1754428737,1754428740,1278,0,0
1754411490_1..N03R,099150_1..N03R,1,0,1754411490,01 1631+ SFT/242,1754429289,1754429292,1425,0,0
1754411490_2..N03R,099150_2..N03R,2,0,1754411490,02 1631+ NLT/241,1754432379,1754432384,2234,0,0
1754411490_2..S01R,099150_2..S01R,2,1,1754411490,02 1631+ 241/FLA,1754431779,1754431784,2079,0,0
1754411490_6..N03R,099150_6..N03R,6,0,1754411490,06 1631+ BBR/177,1754428953,1754428959,1336,0,0
1754411550_4..N34R,099250_4..N34R,4,0,1754411550,04 1632+ UTI/WDL,1754430273,1754430279,1687,0,0
1754411550_7X..N,099250_7X..N,7X,0,1754411550,07 1632+ 34H/MST,1754428170,1754428173,1113,0,0
1754411550_GS.S01R,099250_GS.S01R,GS,1,1754411550,0S 1632+ TSS/GCS,1754426028,1754426034,561,0,0
1754411580_4..S06R,099300_4..S06R,4,1,1754411580,04 1633  WDL/UTI,1754430804,1754430809,1826,0,0
1754411580_GS.N04R,099300_GS.N04R,GS,0,1754411580,0S 1633  GCS/TSS,1754426064,1754426067,570,0,0
1754411640_3..N01R,099400_3..N01R,3,0,1754411640,03 1634  NLT/148,1754430528,1754430534,1754,0,0
1754411640_6..S01R,099400_6..S01R,6,1,1754411640,06 1634  PEL/BBR,1754430018,1754430024,1619,0,0
1754411700_1..S11R,099500_1..S11R,1,1,1754411700,01 1635  238/SFT,1754429469,1754429472,1394,0,0
1754411700_5..N,099500_5..N,5,0,1754411700,05 1635  FLA/DYR,1754430798,1754430804,1367,0,0
1754411700_5..N76R,099500_5..N76R,5,0,1754411700,05 1635  FLA/238,1754425638,1754425644,379,0,0
1754411700_5..S07R,099500_5..S07R,5,1,1754411700,05 1635  DYR/UTI,1754431299,1754431304,1873,0,0
1754411730_6..N02R,099550_6..N02R,6X,0,1754411730,06 1635+ BBR/PEL,1754429649,1754429652,1442,0,0
1754411730_7..N,099550_7..N,7,0,1754411730,07 1635+ 34H/MST,1754428554,1754428557,1159,0,0
1754411790_1..N03R,099650_1..N03R,1,0,1754411790,01 1636+ SFT/242,1754429760,1754429763,1472,0,0
1754411790_3..S01R,099650_3..S01R,3,1,1754411790,03 1636+ 148/NLT,1754429979,1754429984,1131,0,0
1754411790_4..N34R,099650_4..N34R,4,0,1754411790,04 1636+ UTI/WDL,1754430474,1754430479,1660,0,0
1754411790_7..S,099650_7..S,7,1,1754411790,07 1636+ MST/34H,1754428470,1754428473,1137,0,0
1754411790_GS.S04R,099650_GS.S04R,GS,1,1754411790,0S 1636+ TSS/GCS,1754426265,1754426268,544,0,0
1754411820_GS.N01R,099700_GS.N01R,GS,0,1754411820,0S 1637  GCS/TSS,1754426322,1754426325,559,0,0
1754411850_1..S03R,099750_1..S03R,1,1,1754411850,01 1637+ 242/SFT,1754429679,1754429682,1450,0,0
1754411850_4..S06R,099750_4..S06R,4,1,1754411850,04 1637+ WDL/UTI,1754431098,1754431104,1821,0,0
1754411880_2..N01R,099800_2..N01R,2,0,1754411880,02 1638  FLA/241,1754426457,1754426460,595,0,0
1754411910_7..S,099850_7..S,7,1,1754411910,07 1638+ 111/34H,1754428320,1754428323,1057,0,0
1754411910_7X..N,099850_7X..N,7X,0,1754411910,07 1638+ 34H/MST,1754428344,1754428347,1073,0,0
1754411940_6..N03R,099900_6..N03R,6,0,1754411940,06 1639  BBR/177,1754429568,1754429574,1421,0,0
1754411970_3..N01R,099950_3..N01R,3,0,1754411970,03 1639+ NLT/148,1754430879,1754430884,1689,0,0
1754412000_2..S01R,100000_2..S01R,2,1,1754412000,02 1640  241/FLA,1754432748,1754432754,2174,0,0
1754412000_5..N88R,100000_5..N88R,5,0,1754412000,05 1640  FLA/DYR,1754431398,1754431404,1822,0,0
1754412000_7..S,100000_7..S,7,1,1754412000,07 1640 MST/34H,1754428548,1754428554,1099,0,0
1754412030_GS.N04R,100050_GS.N04R,GS,0,1754412030,0S 1640+ GCS/TSS,1754426523,1754426529,535,0,0
1754412030_GS.S01R,100050_GS.S01R,GS,1,1754412030,0S 1640+ TSS/GCS,1754426508,1754426514,531,0,0
1754412060_3..S01R,100100_3..S01R,3,1,1754412060,03 1641  148/NLT,1754425710,1754425713,320,0,0
1754412060_4..N34R,100100_4..N34R,4,0,1754412060,04 1641  UTI/WDL,1754431019,1754431020,1723,0,0
1754412060_5..S03R,100100_5..S03R,5,1,1754412060,05 1641  DYR/FLA,1754431968,1754431974,1971,0,0
1754412060_6..S03R,100100_6..S03R,6,1,1754412060,06 1641  177/BBR,1754429883,1754429889,1426,0,0
1754412090_1..N03R,100150_1..N03R,1,0,1754412090,01 1641+ SFT/242,1754430108,1754430114,1486,0,0
1754412090_1..S03R,100150_1..S03R,1,1,1754412090,01 1641+ 242/SFT,1754429919,1754429924,1435,0,0
1754412090_6..S01R,100150_6..S01R,6,1,1754412090,06 1641+ PEL/BBR,1754430288,1754430294,1534,0,0
1754412090_7..N,100150_7..N,7,0,1754412090,07 1641+ 34H/MST,1754429202,1754429205,1272,0,0
1754412150_6..N02R,100250_6..N02R,6X,0,1754412150,06 1642+ BBR/PEL,1754430018,1754430024,1462,0,0
1754412150_7..S,100250_7..S,7,1,1754412150,07 1642+ MST/34H,1754429073,1754429079,1194,0,0
1754412210_4..S,100350_4..S,4,1,1754412210,04 1643+ WDL/NLT,1754432160,1754432163,253,0,0
1754412210_4..S03R,100350_4..S03R,4,1,1754412210,04 1643+ WDL/NLT,1754431110,1754431113,1746,0,0
1754412240_GS.S04R,100400_GS.S04R,GS,1,1754412240,0S 1644  TSS/GCS,1754426718,1754426724,587,0,0
1754412270_7X..N,100450_7X..N,7X,0,1754412270,07 1644+ 34H/MST,1754428770,1754428773,1106,0,0
1754412270_GS.N01R,100450_GS.N01R,GS,0,1754412270,0S 1644+ GCS/TSS,1754426772,1754426775,522,0,0
1754412330_1..S03R,100550_1..S03R,1,1,1754412330,01 1645+ 242/SFT,1754430150,1754430153,1418,0,0
1754412330_2..N01R,100550_2..N01R,2,0,1754412330,02 1645+ FLA/241,1754432880,1754432883,2128,0,0
1754412360_2..S01R,100600_2..S01R,2,1,1754412360,02 1646  241/FLA,1754433150,1754433153,2200,0,0
1754412360_3..N01R,100600_3..N01R,3,0,1754412360,03 1646  NLT/148,1754431209,1754431214,1693,0,0
1754412360_6..N03R,100600_6..N03R,6,0,1754412360,06 1646  BBR/177,1754429919,1754429924,1356,0,0
1754412360_6..S,100600_6..S,6,1,1754412360,/6 1646  PEL/BBR,1754430714,1754430719,56,0,0
1754412360_6..S01R,100600_6..S01R,6,1,1754412360,06 1646  PEL/BBR,1754430435,1754430438,1493,0,0
1754412390_1..N03R,100650_1..N03R,1,0,1754412390,01 1646+ SFT/242,1754430294,1754430299,1456,0,0
1754412450_3..S01R,100750_3..S01R,3,1,1754412450,03 1647+ 148/NLT,1754430918,1754430924,1621,0,0
1754412450_4..N34R,100750_4..N34R,4,0,1754412450,04 1647+ UTI/WDL,1754431398,1754431404,1743,0,0
1754412450_5..N88R,100750_5..N88R,5,0,1754412450,05 1647+ FLA/DYR,1754432019,1754432024,1904,0,0
1754412450_6..S03R,100750_6..S03R,6,1,1754412450,06 1647+ 177/BBR,1754430150,1754430153,1418,0,0
1754412450_7..N,100750_7..N,7,0,1754412450,07 1647+ 34H/MST,1754429463,1754429469,1242,0,0
1754412480_2..N03R,100800_2..N03R,2,0,1754412480,02 1648  NLT/241,1754433408,1754433414,2267,0,0
1754412480_GS.S01R,100800_GS.S01R,GS,1,1754412480,0S 1648  TSS/GCS,1754426994,1754426997,581,0,0
1754412510_7..S,100850_7..S,7,1,1754412510,07 1648+ MST/34H,1754429385,1754429388,1183,0,0
1754412510_GS.N04R,100850_GS.N04R,GS,0,1754412510,0S 1648+ GCS/TSS,1754426997,1754427000,582,0,0
1754412540_4..S06R,100900_4..S06R,4,1,1754412540,04 1649  WDL/UTI,1754431539,1754431545,1780,0,0
1754412570_1..S03R,100950_1..S03R,1,1,1754412570,01 1649+ 242/SFT,1754430423,1754430429,1410,0,0
1754412570_6..N02R,100950_6..N02R,6X,0,1754412570,06 1649+ BBR/PEL,1754430543,1754430549,1442,0,0
1754412630_7..S,101050_7..S,7,1,1754412630,07 1650+ 111/34H,1754428878,1754428884,1035,0,0
1754412630_7X..N,101050_7X..N,7X,0,1754412630,07 1650+ 34H/MST,1754429370,1754429373,1166,0,0
1754412660_5..N87R,101100_5..N87R,5,0,1754412660,E5 1651  UTI/DYR,1754431728,1754431734,1399,0,0
1754412690_1..N03R,101150_1..N03R,1,0,1754412690,01 1651+ SFT/242,1754430594,1754430599,1455,0,0
1754412720_5..N76R,101200_5..N76R,5,0,1754412720,05 1652  FLA/238,1754432823,1754432829,2034,0,0
1754412720_GS.S04R,101200_GS.S04R,GS,1,1754412720,0S 1652  TSS/GCS,1754427195,1754427198,555,0,0
1754412750_6..N03R,101250_6..N03R,6,0,1754412750,06 1652+ BBR/177,1754430399,1754430404,1403,0,0
1754412750_7..S,101250_7..S,7,1,1754412750,07 1652+ MST/34H,1754429628,1754429634,1199,0,0
1754412750_GS.N01R,101250_GS.N01R,GS,0,1754412750,0S 1652+ GCS/TSS,1754427234,1754427237,565,0,0
1754412810_3..N01R,101350_3..N01R,3,0,1754412810,03 1653+ NLT/148,1754432910,1754432913,2056,0,0
1754412810_6..S,101350_6..S,6,1,1754412810,06 1653+ 177/BBR,1754430429,1754430434,737,0,0
1754412810_6..S01R,101350_6..S01R,6,1,1754412810,06 1653+ PEL/BBR,1754431089,1754431095,1582,0,0
1754412810_6..S03R,101350_6..S03R,6,1,1754412810,06 1653+ 177/BBR,1754427444,1754427447,620,0,0
1754412810_7..N,101350_7..N,7,0,1754412810,07 1653+ 34H/MST,1754429805,1754429808,1241,0,0
1754412870_5..S,101450_5..S,5,1,1754412870,05 1654+ DYR/UTI,1754431728,1754431734,8,0,0
1754412870_5..S07R,101450_5..S07R,5,1,1754412870,05 1654+ DYR/UTI,1754431620,1754431623,1643,0,0
1754412900_2..N01R,101500_2..N01R,2,0,1754412900,02 1655  FLA/241,1754433858,1754433864,2214,0,0
1754412930_1..N03R,101550_1..N03R,1,0,1754412930,01 1655+ SFT/242,1754430768,1754430774,1423,0,0
1754412930_3..S01R,101550_3..S01R,3,1,1754412930,03 1655+ 148/NLT,1754431349,1754431350,1571,0,0
1754412930_4..N34R,101550_4..N34R,4,0,1754412930,04 1655+ UTI/WDL,1754431689,1754431694,1661,0,0
1754412930_6..N02R,101550_6..N02R,6X,0,1754412930,06 1655+ BBR/PEL,1754430849,1754430854,1444,0,0
1754412930_7..S,101550_7..S,7,1,1754412930,07 1655+ MST/34H,1754429694,1754429697,1164,0,0
1754412930_GS.N04R,101550_GS.N04R,GS,0,1754412930,0S 1655+ GCS/TSS,1754427414,1754427417,534,0,0
1754412960_5..N70R,101600_5..N70R,5,0,1754412960,05 1656  BWG/238,1754430564,1754430569,1367,0,0
1754412960_GS.S01R,101600_GS.S01R,GS,1,1754412960,0S 1656  TSS/GCS,1754427474,1754427477,550,0,0
1754412990_7X..N,101650_7X..N,7X,0,1754412990,07 1656+ 34H/MST,1754429643,1754429649,1151,0,0
1754413050_1..S03R,101750_1..S03R,1,1,1754413050,01 1657+ 242/SFT,1754431098,1754431104,1506,0,0
1754413050_2..S01R,101750_2..S01R,2,1,1754413050,02 1657+ 241/FLA,1754433528,1754433534,2139,0,0
1754413050_6..S01R,101750_6..S01R,6,1,1754413050,06 1657+ PEL/BBR,1754431254,1754431259,1546,0,0
1754413050_7..S,101750_7..S,7,1,1754413050,07 1657+ MST/34H,1754429844,1754429849,1181,0,0
1754413110_4..S,101850_4..S,4,1,1754413110,04 1658+ WDL/NLT,1754432499,1754432504,247,0,0
1754413110_4..S03R,101850_4..S03R,4,1,1754413110,04 1658+ WDL/NLT,1754431470,1754431473,1604,0,0
1754413110_6..N03R,101850_6..N03R,6,0,1754413110,06 1658+ BBR/177,1754430630,1754430633,1387,0,0
1754413140_4..N34R,101900_4..N34R,4,0,1754413140,04 1659  UTI/WDL,1754432040,1754432043,1752,0,0
1754413140_7..N,101900_7..N,7,0,1754413140,07 1659 34H/MST,1754430165,1754430168,1245,0,0
1754413140_GS.N01R,101900_GS.N01R,GS,0,1754413140,0S 1659  GCS/TSS,1754427633,1754427639,593,0,0
1754413140_GS.S04R,101900_GS.S04R,GS,1,1754413140,0S 1659  TSS/GCS,1754427618,1754427624,589,0,0
1754413170_1..N03R,101950_1..N03R,1,0,1754413170,01 1659+ SFT/242,1754431049,1754431050,1414,0,0
1754413170_2..N,101950_2..N,2,0,1754413170,/2 1659+ FLA/241,1754435079,1754435085,353,0,0
1754413170_2..N01R,101950_2..N01R,2,0,1754413170,/2 1659+ FLA/241,1754433294,1754433297,1995,0,0
1754413170_3..N01R,101950_3..N01R,3,0,1754413170,03 1659+ NLT/148,1754433438,1754433444,1972,0,0
1754413200_6..S03R,102000_6..S03R,6,1,1754413200,06 1700  177/BBR,1754430944,1754430945,1389,0,0
1754413260_5..S03R,102100_5..S03R,5,1,1754413260,05 1701  DYR/FLA,1754432610,1754432613,1821,0,0
1754413290_1..S03R,102150_1..S03R,1,1,1754413290,01 1701+ 242/SFT,1754431218,1754431224,1458,0,0
1754413290_6..N02R,102150_6..N02R,6X,0,1754413290,06 1701+ BBR/PEL,1754431338,1754431344,1489,0,0
1754413290_7..S,102150_7..S,7,1,1754413290,07 1701+ MST/34H,1754430255,1754430258,1221,0,0
1754413290_7X..N,102150_7X..N,7X,0,1754413290,07 1701+ 34H/MST,1754430165,1754430168,1197,0,0
1754413320_GS.N04R,102200_GS.N04R,GS,0,1754413320,0S 1702  GCS/TSS,1754427810,1754427813,560,0,0
1754413320_GS.S01R,102200_GS.S01R,GS,1,1754413320,0S 1702  TSS/GCS,1754427822,1754427825,563,0,0
1754413350_5..N76R,102250_5..N76R,5,0,1754413350,05 1702+ FLA/238,1754432718,1754432724,1849,0,0
1754413410_1..N03R,102350_1..N03R,1,0,1754413410,01 1703+ SFT/242,1754431218,1754431224,1458,0,0
1754413410_7..S,102350_7..S,7,1,1754413410,07 1703+ 111/34H,1754429924,1754429925,1097,0,0
1754413440_3..S01R,102400_3..S01R,3,1,1754413440,03 1704  148/NLT,1754431830,1754431833,1619,0,0
1754413440_7..N,102400_7..N,7,0,1754413440,07 1704 34H/MST,1754430429,1754430434,1233,0,0
1754413470_6..N02R,102450_6..N02R,6X,0,1754413470,06 1704+ BBR/PEL,1754431488,1754431494,1450,0,0
1754413500_2..S01R,102500_2..S01R,2,1,1754413500,02 1705  241/FLA,1754433660,1754433663,2014,0,0
1754413500_4..S06R,102500_4..S06R,4,1,1754413500,04 1705  WDL/UTI,1754431839,1754431844,1542,0,0
1754413500_6..S,102500_6..S,6,1,1754413500,/6 1705  PEL/BBR,1754431739,1754431740,84,0,0
1754413500_6..S01R,102500_6..S01R,6,1,1754413500,06 1705  PEL/BBR,1754431374,1754431379,1419,0,0
1754413500_GS.S04R,102500_GS.S04R,GS,1,1754413500,0S 1705  TSS/GCS,1754427978,1754427984,524,0,0
1754413530_1..S03R,102550_1..S03R,1,1,1754413530,01 1705+ 242/SFT,1754431338,1754431344,1410,0,0
1754413530_5..S03R,102550_5..S03R,5,1,1754413530,05 1705+ DYR/FLA,1754433018,1754433024,1848,0,0
1754413530_7..S,102550_7..S,7,1,1754413530,07 1705+ MST/34H,1754430348,1754430354,1186,0,0
1754413530_GS.N01R,102550_GS.N01R,GS,0,1754413530,0S 1705+ GCS/TSS,1754427999,1754428002,529,0,0
1754413560_4..N64R,102600_4..N64R,4,0,1754413560,04 1706  UTI/BPK,1754431998,1754432004,1582,0,0
1754413590_7X..N,102650_7X..N,7X,0,1754413590,07 1706+ 34H/MST,1754430258,1754430264,1156,0,0
1754413620_3..N01R,102700_3..N01R,3,0,1754413620,03 1707  NLT/148,1754434200,1754434203,2154,0,0
1754413650_1..N03R,102750_1..N03R,1,0,1754413650,01 1707+ SFT/242,1754431479,1754431485,1447,0,0
1754413650_2..N01R,102750_2..N01R,2,0,1754413650,/2 1707+ FLA/241,1754435388,1754435394,2443,0,0
1754413650_6..N03R,102750_6..N03R,6,0,1754413650,06 1707+ BBR/177,1754431233,1754431239,1383,0,0
1754413650_7..S,102750_7..S,7,1,1754413650,07 1707+ MST/34H,1754430483,1754430489,1195,0,0
1754413710_GS.S01R,102850_GS.S01R,GS,1,1754413710,0S 1708+ TSS/GCS,1754428167,1754428170,574,0,0
1754413740_4..N34R,102900_4..N34R,4,0,1754413740,04 1709  UTI/WDL,1754432868,1754432874,1808,0,0
1754413740_GS.N04R,102900_GS.N04R,GS,0,1754413740,0S 1709  GCS/TSS,1754428227,1754428230,590,0,0
1754413770_2..N03R,102950_2..N03R,2,1,1754413770,$2 1709+ NLT/241,1754434578,1754434584,1686,0,0
1754413770_7..N,102950_7..N,7,0,1754413770,07 1709+ 34H/MST,1754430699,1754430704,1225,0,0
1754413770_7..S,102950_7..S,7,1,1754413770,07 1709+ MST/34H,1754430558,1754430564,1188,0,0
1754413800_4..S06R,103000_4..S06R,4,1,1754413800,04 1710  WDL/UTI,1754432160,1754432163,1546,0,0
1754413830_6..N02R,103050_6..N02R,6X,0,1754413830,06 1710+ BBR/PEL,1754431818,1754431824,1458,0,0
1754413830_6..S03R,103050_6..S03R,6,1,1754413830,06 1710+ 177/BBR,1754431395,1754431398,1346,0,0
1754413860_2..S01R,103100_2..S01R,2,1,1754413860,02 1711  241/FLA,1754434050,1754434053,2036,0,0
1754413860_5..N70R,103100_5..N70R,5,0,1754413860,05 1711  BWG/238,1754432358,1754432364,1519,0,0
1754413860_5..N88R,103100_5..N88R,5,0,1754413860,05 1711  FLA/DYR,1754433702,1754433705,1946,0,0
1754413890_1..N03R,103150_1..N03R,1,0,1754413890,01 1711+ SFT/242,1754431689,1754431694,1423,0,0
1754413890_5..N87R,103150_5..N87R,5,0,1754413890,05 1711+ UTI/DYR,1754433198,1754433204,1817,0,0
1754413920_3..S01R,103200_3..S01R,3,1,1754413920,03 1712  148/NLT,1754432868,1754432874,1729,0,0
1754413920_7X..N,103200_7X..N,7X,0,1754413920,07 1712 34H/MST,1754430495,1754430498,1132,0,0
1754413920_GS.N01R,103200_GS.N01R,GS,0,1754413920,0S 1712  GCS/TSS,1754428404,1754428407,558,0,0
1754413920_GS.S04R,103200_GS.S04R,GS,1,1754413920,0S 1712  TSS/GCS,1754428413,1754428419,561,0,0
1754413950_3..N01R,103250_3..N01R,3,0,1754413950,03 1712+ NLT/148,1754434548,1754434554,2163,0,0
1754413980_6..S01R,103300_6..S01R,6,1,1754413980,06 1713  PEL/BBR,1754432145,1754432148,1542,0,0
1754414010_1..S03R,103350_1..S03R,1,1,1754414010,01 1713+ 242/SFT,1754432019,1754432024,1508,0,0
1754414010_5..S03R,103350_5..S03R,5,1,1754414010,05 1713+ DYR/FLA,1754433339,1754433342,1853,0,0
1754414010_6..N02R,103350_6..N02R,6X,0,1754414010,06 1713+ BBR/PEL,1754432079,1754432084,1524,0,0
1754414040_4..N34R,103400_4..N34R,4,0,1754414040,04 1714  UTI/WDL,1754433009,1754433014,1766,0,0
1754414070_7..N,103450_7..N,7,0,1754414070,07 1714+ 34H/111,1754430405,1754430408,1054,0,0
1754414100_GS.N04R,103500_GS.N04R,GS,0,1754414100,0S 1715  GCS/TSS,1754428590,1754428593,528,0,0
1754414100_GS.S01R,103500_GS.S01R,GS,1,1754414100,0S 1715  TSS/GCS,1754428608,1754428614,533,0,0
1754414130_1..N03R,103550_1..N03R,1,0,1754414130,01 1715+ SFT/242,1754432160,1754432163,1466,0,0
1754414130_7..S,103550_7..S,7,1,1754414130,07 1715+ MST/34H,1754430813,1754430819,1162,0,0
1754414190_2..N,103650_2..N,2,0,1754414190,/2 1716+ FLA/241,1754436438,1754436444,316,0,0
1754414190_2..N01R,103650_2..N01R,2,0,1754414190,/2 1716+ FLA/241,1754434698,1754434704,2120,0,0
1754414190_6..N03R,103650_6..N03R,6,0,1754414190,06 1716+ BBR/177,1754431749,1754431754,1359,0,0
1754414220_4..S06R,103700_4..S06R,4,1,1754414220,04 1717  WDL/UTI,1754432474,1754432475,1547,0,0
1754414220_7X..N,103700_7X..N,7X,0,1754414220,07 1717 34H/MST,1754430705,1754430708,1108,0,0
1754414250_1..S03R,103750_1..S03R,1,1,1754414250,01 1717+ 242/SFT,1754432160,1754432163,1466,0,0
1754414250_7..S,103750_7..S,7,1,1754414250,07 1717+ 111/34H,1754430729,1754430734,1101,0,0
1754414280_3..S01R,103800_3..S01R,3,1,1754414280,03 1718  148/NLT,1754433129,1754433134,1718,0,0
1754414280_4..N64R,103800_4..N64R,4,0,1754414280,04 1718  UTI/BPK,1754432679,1754432684,1601,0,0
1754414280_6..S03R,103800_6..S03R,6,1,1754414280,06 1718  177/BBR,1754431959,1754431964,1413,0,0
1754414280_GS.S04R,103800_GS.S04R,GS,1,1754414280,0S 1718  TSS/GCS,1754428794,1754428797,581,0,0
1754414310_5..N88R,103850_5..N88R,5,0,1754414310,05 1718+ FLA/DYR,1754434179,1754434182,1846,0,0
1754414310_7..S,103850_7..S,7,1,1754414310,07 1718+ MST/34H,1754430960,1754430963,1125,0,0
1754414310_GS.N01R,103850_GS.N01R,GS,0,1754414310,0S 1718+ GCS/TSS,1754428803,1754428809,584,0,0
1754414340_2..S01R,103900_2..S01R,2,1,1754414340,02 1719  241/FLA,1754436210,1754436213,2465,0,0
1754414370_1..N03R,103950_1..N03R,1,0,1754414370,01 1719+ SFT/242,1754432349,1754432354,1434,0,0
1754414370_6..N02R,103950_6..N02R,6X,0,1754414370,06 1719+ BBR/PEL,1754432523,1754432529,1481,0,0
1754414370_7..N,103950_7..N,7,0,1754414370,07 1719+ 34H/MST,1754431359,1754431364,1226,0,0
1754414430_2..N,104050_2..N,2,0,1754414430,/2 1720+ FLA/241,1754436648,1754436654,426,0,0
1754414430_2..N01R,104050_2..N01R,2,0,1754414430,/2 1720+ FLA/241,1754434749,1754434752,2053,0,0
1754414460_6..S,104100_6..S,6,1,1754414460,/6 1721  PEL/BBR,1754432619,1754432624,82,0,0
1754414460_6..S01R,104100_6..S01R,6,1,1754414460,06 1721  PEL/BBR,1754432253,1754432259,1411,0,0
1754414490_1..S03R,104150_1..S03R,1,1,1754414490,01 1721+ 242/SFT,1754432550,1754432553,1488,0,0
1754414490_5..S03R,104150_5..S03R,5,1,1754414490,05 1721+ DYR/FLA,1754434179,1754434182,1909,0,0
1754414490_GS.N04R,104150_GS.N04R,GS,0,1754414490,0S 1721+ GCS/TSS,1754429007,1754429010,558,0,0
1754414490_GS.S01R,104150_GS.S01R,GS,1,1754414490,0S 1721+ TSS/GCS,1754428968,1754428974,548,0,0
1754414520_7X..N,104200_7X..N,7X,0,1754414520,07 1722 34H/MST,1754467206,1754467209,10543,0,0
1754414550_6..N03R,104250_6..N03R,6,0,1754414550,06 1722+ BBR/177,1754432139,1754432144,1380,0,0
1754414550_7..S,104250_7..S,7,1,1754414550,07 1722+ MST/34H,1754431194,1754431199,1133,0,0
1754414580_3..N01R,104300_3..N01R,3,0,1754414580,03 1723  NLT/148,1754434920,1754434923,2098,0,0
1754414580_4..N34R,104300_4..N34R,4,0,1754414580,04 1723  UTI/WDL,1754433390,1754433393,1706,0,0
1754414580_4..S06R,104300_4..S06R,4,1,1754414580,04 1723  WDL/UTI,1754432820,1754432823,1557,0,0
1754414610_1..N03R,104350_1..N03R,1,0,1754414610,01 1723+ SFT/242,1754432619,1754432624,1505,0,0
1754414610_5..N76R,104350_5..N76R,5,0,1754414610,05 1723+ FLA/238,1754434482,1754434485,1830,0,0
1754414610_5..N89R,104350_5..N89R,5,0,1754414610,05 1723+ BWG/DYR,1754432688,1754432694,1457,0,0
1754414670_GS.S04R,104450_GS.S04R,GS,1,1754414670,0S 1724+ TSS/GCS,1754429217,1754429220,534,0,0
1754414700_3..S01R,104500_3..S01R,3,1,1754414700,03 1725  148/NLT,1754433378,1754433384,1623,0,0
1754414700_5..N,104500_5..N,5,0,1754414700,05 1725  UTI/238,1754433813,1754433819,1681,0,0
1754414700_6..S03R,104500_6..S03R,6,1,1754414700,06 1725  177/BBR,1754432274,1754432280,1336,0,0
1754414700_GS.N01R,104500_GS.N01R,GS,0,1754414700,0S 1725  GCS/TSS,1754429199,1754429202,529,0,0
1754414730_1..S03R,104550_1..S03R,1,1,1754414730,01 1725+ 242/SFT,1754432688,1754432694,1444,0,0
1754414730_6..N02R,104550_6..N02R,6X,0,1754414730,06 1725+ BBR/PEL,1754433030,1754433033,1532,0,0
1754414730_7..N,104550_7..N,7,0,1754414730,07 1725+ 34H/111,1754431110,1754431113,1065,0,0
1754414730_7..S,104550_7..S,7,1,1754414730,07 1725+ MST/34H,1754431338,1754431344,1124,0,0
1754414760_2..S01R,104600_2..S01R,2,1,1754414760,02 1726  241/FLA,1754436369,1754436375,2340,0,0
1754414820_4..N64R,104700_4..N64R,4,0,1754414820,04 1727  UTI/BPK,1754433318,1754433324,1609,0,0
1754414820_4..S06R,104700_4..S06R,4,1,1754414820,04 1727  WDL/UTI,1754433330,1754433333,1611,0,0
1754414850_1..N03R,104750_1..N03R,1,0,1754414850,01 1727+ SFT/242,1754432880,1754432883,1492,0,0
1754414850_5..N88R,104750_5..N88R,5,0,1754414850,05 1727+ FLA/DYR,1754434950,1754434953,1862,0,0
1754414850_7X..N,104750_7X..N,7X,0,1754414850,07 1727+ 34H/MST,1754431604,1754431608,1169,0,0
1754414880_GS.N04R,104800_GS.N04R,GS,0,1754414880,0S 1728  GCS/TSS,1754429382,1754429385,578,0,0
1754414880_GS.S01R,104800_GS.S01R,GS,1,1754414880,0S 1728  TSS/GCS,1754429385,1754429388,579,0,0
1754414910_7..S,104850_7..S,7,1,1754414910,07 1728+ MST/34H,1754431494,1754431499,1033,0,0
1754414940_6..N03R,104900_6..N03R,6,0,1754414940,06 1729  BBR/177,1754432619,1754432624,1425,0,0
1754414940_6..S01R,104900_6..S01R,6,1,1754414940,06 1729  PEL/BBR,1754433123,1754433129,1557,0,0
1754414970_1..S03R,104950_1..S03R,1,1,1754414970,01 1729+ 242/SFT,1754432850,1754432853,1405,0,0
1754414970_2..N01R,104950_2..N01R,2,1,1754414970,$2 1729+ FLA/241,1754436009,1754436015,1684,0,0
1754414970_3..N01R,104950_3..N01R,3,0,1754414970,03 1729+ NLT/148,1754435220,1754435223,2007,0,0
1754414970_5..S03R,104950_5..S03R,5,1,1754414970,05 1729+ DYR/FLA,1754434470,1754434473,1825,0,0
1754414970_7..N,104950_7..N,7,0,1754414970,07 1729+ 34H/MST,1754432049,1754432054,1253,0,0
1754415060_4..N34R,105100_4..N34R,4,0,1754415060,04 1731  UTI/WDL,1754433858,1754433864,1668,0,0
1754415060_GS.S04R,105100_GS.S04R,GS,1,1754415060,0S 1731  TSS/GCS,1754429610,1754429613,560,0,0
1754415090_1..N03R,105150_1..N03R,1,0,1754415090,01 1731+ SFT/242,1754433129,1754433134,1479,0,0
1754415090_7..S,105150_7..S,7,1,1754415090,07 1731+ MST/34H,1754431710,1754431713,1136,0,0
1754415090_7X..N,105150_7X..N,7X,0,1754415090,07 1731+ 34H/MST,1754429679,1754429682,5,0,0
1754415090_GS.N01R,105150_GS.N01R,GS,0,1754415090,0S 1731+ GCS/TSS,1754429568,1754429574,549,0,0
1754415120_7X..N,105200_7X..N,7X,0,1754415120,07 1732 34H/MST,1754431929,1754431934,1134,0,0
1754415150_6..N,105250_6..N,6X,0,1754415150,/6 1732+ BBR/PEL,1754433420,1754433423,860,1,0
1754415150_6..N02R,105250_6..N02R,6X,0,1754415150,/6 1732+ BBR/PEL,1754429844,1754429849,580,0,0
1754415180_2..S,105300_2..S,2,1,1754415180,E2 1733  241/FLA,1754435220,1754435223,985,0,0
1754415180_2..S01R,105300_2..S01R,2,1,1754415180,02 1733  241/FLA,1754431374,1754431379,1021,0,0
1754415180_6..S03R,105300_6..S03R,6,1,1754415180,06 1733  177/BBR,1754432799,1754432804,1393,0,0
1754415210_1..S03R,105350_1..S03R,1,1,1754415210,01 1733+ 242/SFT,1754433048,1754433054,1458,0,0
1754415270_7..N,105450_7..N,7,0,1754415270,07 1734+ 34H/111,1754431884,1754431890,1137,0,0
1754415270_7..S,105450_7..S,7,1,1754415270,07 1734+ MST/34H,1754432013,1754432019,1169,0,0
1754415270_GS.S01R,105450_GS.S01R,GS,1,1754415270,0S 1734+ TSS/GCS,1754429748,1754429754,517,0,0
1754415300_4..S06R,105500_4..S06R,4,1,1754415300,04 1735  WDL/UTI,1754433759,1754433762,1561,0,0
1754415300_GS.N04R,105500_GS.N04R,GS,0,1754415300,0S 1735  GCS/TSS,1754429805,1754429808,532,0,0
1754415330_1..N03R,105550_1..N03R,1,0,1754415330,01 1735+ SFT/242,1754433318,1754433324,1450,0,0
1754415360_3..N01R,105600_3..N01R,3,0,1754415360,03 1736  NLT/148,1754435520,1754435523,1998,0,0
1754415360_6..N02R,105600_6..N02R,6X,0,1754415360,06 1736  BBR/PEL,1754433570,1754433573,1486,0,0
1754415390_2..N01R,105650_2..N01R,2,0,1754415390,02 1736+ FLA/241,1754438270,1754438274,2384,0,0
1754415390_4..N06R,105650_4..N06R,4,0,1754415390,04 1736+ UTI/WDL,1754434158,1754434164,1665,0,0
1754415420_3..S01R,105700_3..S01R,3,1,1754415420,03 1737  148/NLT,1754434110,1754434113,1626,0,0
1754415420_6..S01R,105700_6..S01R,6,1,1754415420,06 1737  PEL/BBR,1754433645,1754433648,1533,0,0
1754415450_1..S03R,105750_1..S03R,1,1,1754415450,01 1737+ 242/SFT,1754433279,1754433284,1439,0,0
1754415450_7..N,105750_7..N,7,0,1754415450,07 1737+ 34H/MST,1754432550,1754432553,1261,0,0
1754415450_7..S,105750_7..S,7,1,1754415450,07 1737+ MST/34H,1754432190,1754432193,1167,0,0
1754415480_GS.N01R,105800_GS.N01R,GS,0,1754415480,0S 1738  GCS/TSS,1754429994,1754429999,581,0,0
1754415480_GS.S04R,105800_GS.S04R,GS,1,1754415480,0S 1738  TSS/GCS,1754430009,1754430014,585,0,0
1754415540_5..N88R,105900_5..N88R,5,0,1754415540,05 1739  FLA/DYR,1754435370,1754435373,1795,0,0
1754415570_1..N03R,105950_1..N03R,1,0,1754415570,01 1739+ SFT/242,1754433609,1754433612,1445,0,0
1754415570_6..N03R,105950_6..N03R,6,0,1754415570,06 1739+ BBR/177,1754433299,1754433309,1355,0,0
1754415570_7X..N,105950_7X..N,7X,0,1754415570,07 1739+ 34H/MST,1754432265,1754432268,1149,0,0
1754415600_2..S,106000_2..S,2,1,1754415600,E2 1740  241/FLA,1754435640,1754435643,947,0,0
1754415600_2..S01R,106000_2..S01R,2,1,1754415600,=2 1740  241/FLA,1754431890,1754431893,999,0,0
1754415630_4..N56R,106050_4..N56R,4,0,1754415630,04 1740+ UTI/BPK,1754434098,1754434104,1571,0,0
1754415630_7..S,106050_7..S,7,1,1754415630,07 1740+ MST/34H,1754432349,1754432354,1160,0,0
1754415660_5..S03R,106100_5..S03R,5,1,1754415660,05 1741  DYR/FLA,1754434968,1754434974,1792,0,0
1754415660_GS.N04R,106100_GS.N04R,GS,0,1754415660,0S 1741  GCS/TSS,1754430153,1754430159,546,0,0
1754415660_GS.S01R,106100_GS.S01R,GS,1,1754415660,0S 1741  TSS/GCS,1754430165,1754430168,549,0,0
1754415690_1..S03R,106150_1..S03R,1,1,1754415690,01 1741+ 242/SFT,1754433510,1754433513,1419,0,0
1754415690_4..S06R,106150_4..S06R,4,1,1754415690,04 1741+ WDL/UTI,1754434323,1754434329,1550,0,0
1754415690_7..N,106150_7..N,7,0,1754415690,07 1741+ 34H/WPT,1754432328,1754432334,1112,0,0
1754415720_3..N01R,106200_3..N01R,3,0,1754415720,03 1742  NLT/148,1754436099,1754436105,2044,0,0
1754415750_2..N01R,106250_2..N01R,2,0,1754415750,02 1742+ FLA/241,1754437910,1754437914,2491,0,0
1754415750_5..N86R,106250_5..N86R,5,0,1754415750,05 1742+ UTI/238,1754435538,1754435544,1746,0,0
1754415750_6..S03R,106250_6..S03R,6,1,1754415750,06 1742+ 177/BBR,1754433504,1754433510,1418,0,0
1754415750_7..S,106250_7..S,7,1,1754415750,07 1742+ MST/34H,1754432544,1754432549,1165,0,0
1754415780_3..S01R,106300_3..S01R,3,1,1754415780,03 1743  148/NLT,1754434488,1754434494,1656,0,0
1754415780_6..N02R,106300_6..N02R,6X,0,1754415780,06 1743  BBR/PEL,1754433828,1754433834,1502,0,0
1754415810_1..N03R,106350_1..N03R,1,0,1754415810,01 1743+ SFT/242,1754433789,1754433792,1491,0,0
1754415810_7X..N,106350_7X..N,7X,0,1754415810,07 1743+ 34H/MST,1754432694,1754432699,1193,0,0
1754415840_6..S01R,106400_6..S01R,6,1,1754415840,06 1744  PEL/BBR,1754433963,1754433969,1537,0,0
1754415840_GS.S04R,106400_GS.S04R,GS,1,1754415840,0S 1744  TSS/GCS,1754430333,1754430339,594,0,0
1754415870_5..N,106450_5..N,5,0,1754415870,05 1744+ FLA/DYR,1754435589,1754435592,1195,0,0
1754415870_5..N76R,106450_5..N76R,5,0,1754415870,05 1744+ FLA/DYR,1754430299,1754430300,504,0,0
1754415870_7..S,106450_7..S,7,1,1754415870,07 1744+ MST/34H,1754432658,1754432664,1148,0,0
1754415870_GS.N01R,106450_GS.N01R,GS,0,1754415870,0S 1744+ GCS/TSS,1754430348,1754430354,518,0,0
1754415900_4..S06R,106500_4..S06R,4,1,1754415900,04 1745  WDL/UTI,1754434179,1754434182,1512,0,0
1754415930_1..S03R,106550_1..S03R,1,1,1754415930,01 1745+ 242/SFT,1754433840,1754433843,1425,0,0
1754415930_4..N06R,106550_4..N06R,4,0,1754415930,04 1745+ UTI/WDL,1754434638,1754434644,1629,0,0
1754415930_7..N,106550_7..N,7,0,1754415930,07 1745+ 34H/111,1754432328,1754432334,1059,0,0
1754415990_6..N03R,106650_6..N03R,6,0,1754415990,06 1746+ BBR/177,1754433528,1754433534,1344,0,0
1754415990_7..S,106650_7..S,7,1,1754415990,07 1746+ MST/34H,1754432754,1754432759,1170,0,0
1754416020_2..S,106700_2..S,2,1,1754416020,E2 1747  241/FLA,1754435970,1754435973,889,1,0
1754416020_2..S01R,106700_2..S01R,2,1,1754416020,02 1747  241/FLA,1754432385,1754432388,1047,0,0
1754416050_1..N03R,106750_1..N03R,1,0,1754416050,01 1747+ SFT/242,1754434068,1754434074,1483,0,0
1754416050_7X..N,106750_7X..N,7X,0,1754416050,07 1747+ 34H/MST,1754432919,1754432924,1163,0,0
1754416050_GS.N04R,106750_GS.N04R,GS,0,1754416050,0S 1747+ GCS/TSS,1754430543,1754430549,569,0,0
1754416050_GS.S01R,106750_GS.S01R,GS,1,1754416050,0S 1747+ TSS/GCS,1754430534,1754430539,566,0,0
1754416080_3..N01R,106800_3..N01R,3,0,1754416080,03 1748  NLT/148,1754436420,1754436423,2033,0,0
1754416110_2..N01R,106850_2..N01R,2,0,1754416110,02 1748+ FLA/241,1754436339,1754436345,1503,0,0
1754416140_7..N,106900_7..N,7,0,1754416140,=7 1749 111/MST,1754431188,1754431194,305,0,0
1754416140_7..S,106900_7..S,7,1,1754416140,07 1749 MST/34H,1754432898,1754432904,1167,0,0
1754416170_1..S03R,106950_1..S03R,1,1,1754416170,01 1749+ 242/SFT,1754433990,1754433993,1385,0,0
1754416170_6..S03R,106950_6..S03R,6,1,1754416170,06 1749+ 177/BBR,1754433777,1754433780,1329,0,0
1754416170_7..N,106950_7..N,7,0,1754416170,07 1749+ 34H/WPT,1754432934,1754432939,1170,0,0
1754416200_6..N02R,107000_6..N02R,6X,0,1754416200,06 1750  BBR/PEL,1754434248,1754434254,1451,0,0
1754416230_5..S03R,107050_5..S03R,5,1,1754416230,05 1750+ DYR/FLA,1754435439,1754435445,1740,0,0
1754416230_GS.S04R,107050_GS.S04R,GS,1,1754416230,0S 1750+ TSS/GCS,1754430764,1754430765,547,0,0
1754416260_4..N06R,107100_4..N06R,4,0,1754416260,04 1751  UTI/WDL,1754434839,1754434842,1601,0,0
1754416260_5..N88R,107100_5..N88R,5,0,1754416260,05 1751  FLA/DYR,1754436078,1754436084,1725,0,0
1754416260_6..S01R,107100_6..S01R,6,1,1754416260,06 1751  PEL/BBR,1754434392,1754434395,1487,0,0
1754416260_7..S,107100_7..S,7,1,1754416260,07 1751 MST/34H,1754433225,1754433228,1222,0,0
1754416260_GS.N01R,107100_GS.N01R,GS,0,1754416260,0S 1751  GCS/TSS,1754430759,1754430764,546,0,0
1754416350_7X..N,107250_7X..N,7X,0,1754416350,07 1752+ 34H/MST,1754433269,1754433270,1199,0,0
1754416380_2..S,107300_2..S,2,1,1754416380,E2 1753  241/FLA,1754436750,1754436753,968,0,0
1754416380_2..S01R,107300_2..S01R,2,1,1754416380,=2 1753  241/FLA,1754432709,1754432715,1053,0,0
1754416410_1..N03R,107350_1..N03R,1,0,1754416410,01 1753+ SFT/242,1754434560,1754434563,1060,0,0
1754416410_1..S03R,107350_1..S03R,1,1,1754416410,01 1753+ 242/SFT,1754434449,1754434452,1502,0,0
1754416410_6..N03R,107350_6..N03R,6,0,1754416410,06 1753+ BBR/177,1754433888,1754433894,1359,0,0
1754416440_4..S06R,107400_4..S06R,4,1,1754416440,04 1754  WDL/UTI,1754434548,1754434554,1527,0,0
1754416440_GS.N04R,107400_GS.N04R,GS,0,1754416440,0S 1754  GCS/TSS,1754430954,1754430960,598,0,0
1754416440_GS.S01R,107400_GS.S01R,GS,1,1754416440,0S 1754  TSS/GCS,1754430915,1754430918,588,0,0
1754416470_3..S01R,107450_3..S01R,3,1,1754416470,03 1754+ 148/NLT,1754436408,1754436414,1872,0,0
1754416530_6..S03R,107550_6..S03R,6,1,1754416530,06 1755+ 177/BBR,1754434233,1754434239,1367,0,0
1754416560_2..N01R,107600_2..N01R,2,0,1754416560,02 1756  FLA/241,1754437359,1754437365,1594,0,0
1754416560_7..N,107600_7..N,7,0,1754416560,07 1756 34H/111,1754432970,1754432973,1077,0,0
1754416590_4..N06R,107650_4..N06R,4,0,1754416590,04 1756+ UTI/WDL,1754435262,1754435265,1620,0,0
1754416620_6..N02R,107700_6..N02R,6X,0,1754416620,06 1757  BBR/PEL,1754434659,1754434665,1475,0,0
1754416620_7..S,107700_7..S,7,1,1754416620,07 1757 MST/34H,1754433414,1754433417,1158,0,0
1754416620_GS.S04R,107700_GS.S04R,GS,1,1754416620,0S 1757  TSS/GCS,1754431098,1754431104,552,0,0
1754416650_1..S03R,107750_1..S03R,1,1,1754416650,01 1757+ 242/SFT,1754434560,1754434563,1450,0,0
1754416650_GS.N01R,107750_GS.N01R,GS,0,1754416650,0S 1757+ GCS/TSS,1754431128,1754431134,560,0,0
1754416680_5..N88R,107800_5..N88R,5,0,1754416680,05 1758  FLA/DYR,1754436579,1754436585,1908,0,0
1754416680_6..S01R,107800_6..S01R,6,1,1754416680,06 1758  PEL/BBR,1754434740,1754434743,1495,0,0
1754416740_2..S,107900_2..S,2,1,1754416740,E2 1759  241/FLA,1754437260,1754437263,941,0,0
1754416740_2..S01R,107900_2..S01R,2,1,1754416740,02 1759  241/FLA,1754433324,1754433330,1134,0,0
1754416740_7..S,107900_7..S,7,1,1754416740,07 1759 MST/34H,1754433489,1754433492,1160,0,0
1754416770_1..N03R,107950_1..N03R,1,0,1754416770,01 1759+ SFT/242,1754434788,1754434794,1428,0,0
1754416770_7..N,107950_7..N,7,0,1754416770,07 1759+ 34H/111,1754433069,1754433074,1045,0,0
1754416800_2..N01R,108000_2..N01R,2,0,1754416800,02 1800  FLA/241,1754437560,1754437563,1583,0,0
1754416800_7..N,108000_7..N,7,0,1754416800,=7 1800 111/MST,1754431509,1754431514,381,0,0
1754416830_4..S06R,108050_4..S06R,4,1,1754416830,04 1800+ WDL/UTI,1754435100,1754435103,1504,0,0
1754416830_6..N03R,108050_6..N03R,6,0,1754416830,06 1800+ BBR/177,1754434368,1754434374,1321,0,0
1754416830_GS.N04R,108050_GS.N04R,GS,0,1754416830,0S 1800+ GCS/TSS,1754431299,1754431304,524,0,0
1754416860_3..N01R,108100_3..N01R,3,0,1754416860,03 1801  NLT/148,1754436780,1754436783,1427,0,0
1754416860_4..N06R,108100_4..N06R,4,0,1754416860,04 1801  UTI/WDL,1754435589,1754435592,1616,0,0
1754416860_5..S03R,108100_5..S03R,5,1,1754416860,05 1801  DYR/FLA,1754436618,1754436624,1836,0,0
1754416860_GS.S01R,108100_GS.S01R,GS,1,1754416860,0S 1801  TSS/GCS,1754431329,1754431334,532,0,0
1754416890_1..S03R,108150_1..S03R,1,1,1754416890,01 1801+ 242/SFT,1754434710,1754434713,1407,0,0
1754416920_3..S01R,108200_3..S01R,3,1,1754416920,03 1802  148/NLT,1754431329,1754431334,532,0,0
1754416950_7..S,108250_7..S,7,1,1754416950,07 1802+ MST/34H,1754433612,1754433615,1134,0,0
1754416950_7X..N,108250_7X..N,7X,0,1754416950,07 1802+ 34H/MST,1754433882,1754433885,1204,0,0
1754417010_1..N03R,108350_1..N03R,1,0,1754417010,01 1803+ SFT/242,1754435043,1754435052,1492,0,0
1754417010_6..S03R,108350_6..S03R,6,1,1754417010,06 1803+ 177/BBR,1754434539,1754434545,1365,0,0
1754417040_6..N02R,108400_6..N02R,6X,0,1754417040,06 1804  BBR/PEL,1754435328,1754435334,1555,0,0
1754417040_GS.N01R,108400_GS.N01R,GS,0,1754417040,0S 1804  GCS/TSS,1754431544,1754431548,589,0,0
1754417040_GS.S04R,108400_GS.S04R,GS,1,1754417040,0S 1804  TSS/GCS,1754431515,1754431518,582,0,0
1754417100_2..N,108500_2..N,2,0,1754417100,/2 1805  FLA/241,1754438550,1754438553,464,0,0
1754417100_2..N01R,108500_2..N01R,2,0,1754417100,/2 1805  FLA/241,1754436663,1754436669,1305,0,0
1754417100_4..S06R,108500_4..S06R,4,1,1754417100,04 1805  WDL/UTI,1754435544,1754435550,1526,0,0
1754417130_1..S03R,108550_1..S03R,1,1,1754417130,01 1805+ 242/SFT,1754434929,1754434932,1384,0,0
1754417130_7..N,108550_7..N,7,0,1754417130,07 1805+ 34H/MST,1754434173,1754434179,1228,0,0
1754417160_3..S01R,108600_3..S01R,3,1,1754417160,03 1806  148/NLT,1754431473,1754431563,28,0,0
1754417160_7..S,108600_7..S,7,1,1754417160,07 1806 MST/34H,1754433813,1754433819,1135,0,0
1754417190_4..N,108650_4..N,4,0,1754417190,04 1806+ UTI/BUR,1754434899,1754434902,48,0,0
1754417190_4..N43R,108650_4..N43R,4,0,1754417190,04 1806+ UTI/BUR,1754434572,1754434575,1293,0,0
1754417220_6..S01R,108700_6..S01R,6,1,1754417220,06 1807  PEL/BBR,1754435190,1754435193,1443,0,0
1754417220_GS.N04R,108700_GS.N04R,GS,0,1754417220,0S 1807  GCS/TSS,1754431724,1754431725,556,0,0
1754417250_6..N02R,108750_6..N02R,6X,0,1754417250,06 1807+ BBR/PEL,1754435568,1754435574,1531,0,0
1754417250_GS.S01R,108750_GS.S01R,GS,1,1754417250,0S 1807+ TSS/GCS,1754431728,1754431734,557,0,0
1754417280_7..N,108800_7..N,7,0,1754417280,=7 1808 111/MST,1754432364,1754432369,151,0,0
1754417310_2..S,108850_2..S,2,1,1754417310,E2 1808+ 241/FLA,1754437620,1754437623,894,1,0
1754417310_2..S01R,108850_2..S01R,2,1,1754417310,=2 1808+ 241/FLA,1754433882,1754433885,1117,0,0
1754417310_7X..N,108850_7X..N,7X,0,1754417310,07 1808+ 34H/MST,1754434008,1754434014,1142,0,0
1754417340_7..S,108900_7..S,7,1,1754417340,07 1809 MST/34H,1754433963,1754433969,1126,0,0
1754417370_1..N03R,108950_1..N03R,1,0,1754417370,01 1809+ SFT/242,1754435649,1754435652,1083,0,0
1754417400_3..S01R,109000_3..S01R,3,1,1754417400,03 1810  148/NLT,1754431368,1754431374,384,0,0
1754417400_5..S03R,109000_5..S03R,5,1,1754417400,05 1810  DYR/FLA,1754437380,1754437383,1869,0,0
1754417430_GS.N01R,109050_GS.N01R,GS,0,1754417430,0S 1810+ GCS/TSS,1754431923,1754431929,530,0,0
1754417430_GS.S04R,109050_GS.S04R,GS,1,1754417430,0S 1810+ TSS/GCS,1754431950,1754431953,536,0,0
1754417460_4..S06R,109100_4..S06R,4,1,1754417460,04 1811  WDL/UTI,1754436309,1754436315,1535,0,0
1754417460_5..N87R,109100_5..N87R,5,0,1754417460,05 1811  UTI/DYR,1754436828,1754436834,1721,0,0
1754417460_5..N88R,109100_5..N88R,5,0,1754417460,05 1811  FLA/DYR,1754437190,1754437194,1818,0,0
1754417460_6..N03R,109100_6..N03R,6,0,1754417460,06 1811  BBR/177,1754434890,1754434893,1296,0,0
1754417460_6..S01R,109100_6..S01R,6,1,1754417460,06 1811  PEL/BBR,1754435439,1754435445,1421,0,0
1754417460_7..S,109100_7..S,7,1,1754417460,07 1811 MST/34H,1754434134,1754434137,1126,0,0
1754417490_1..S03R,109150_1..S03R,1,1,1754417490,01 1811+ 242/SFT,1754435310,1754435313,1062,0,0
1754417490_7..N,109150_7..N,7,0,1754417490,07 1811+ 34H/MST,1754434353,1754434359,1182,0,0
1754417520_4..N,109200_4..N,4,0,1754417520,/4 1812  UTI/WDL,1754436399,1754436405,88,0,0
1754417520_4..N06R,109200_4..N06R,4,0,1754417520,/4 1812  UTI/WDL,1754435865,1754435868,1519,0,0
1754417580_2..N01R,109300_2..N01R,2,0,1754417580,02 1813  FLA/241,1754432049,1754432054,561,0,0
1754417580_6..S03R,109300_6..S03R,6,1,1754417580,06 1813  177/BBR,1754435004,1754435007,1323,0,0
1754417610_3..N01R,109350_3..N01R,3,0,1754417610,03 1813+ NLT/148,1754437130,1754437134,1801,0,0
1754417610_GS.N04R,109350_GS.N04R,GS,0,1754417610,0S 1813+ GCS/TSS,1754432103,1754432109,576,0,0
1754417640_GS.S01R,109400_GS.S01R,GS,1,1754417640,0S 1814  TSS/GCS,1754432118,1754432124,580,0,0
1754417670_7X..N,109450_7X..N,7X,0,1754417670,07 1814+ 34H/MST,1754434443,1754434449,1150,0,0
1754417700_6..N02R,109500_6..N02R,6X,0,1754417700,06 1815  BBR/PEL,1754436090,1754436093,1484,0,0
1754417700_7..S,109500_7..S,7,1,1754417700,07 1815 MST/34H,1754434314,1754434317,1116,0,0
1754417730_1..N,109550_1..N,1,0,1754417730,/1 1815+ SFT/242,1754436198,1754436204,198,1,0
1754417730_1..N03R,109550_1..N03R,1,0,1754417730,/1 1815+ SFT/242,1754435010,1754435013,1245,0,0
1754417730_2..S,109550_2..S,2,1,1754417730,E2 1815+ 241/FLA,1754438240,1754438244,918,1,0
1754417730_2..S01R,109550_2..S01R,2,1,1754417730,02 1815+ 241/FLA,1754434449,1754434452,1103,0,0
1754417820_7..S,109700_7..S,7,1,1754417820,07 1817 MST/34H,1754434488,1754434494,1123,0,0
1754417820_GS.N01R,109700_GS.N01R,GS,0,1754417820,0S 1817  GCS/TSS,1754432313,1754432319,550,0,0
1754417820_GS.S04R,109700_GS.S04R,GS,1,1754417820,0S 1817  TSS/GCS,1754432289,1754432295,544,0,0
1754417850_1..S03R,109750_1..S03R,1,1,1754417850,01 1817+ 242/SFT,1754435679,1754435682,1400,0,0
1754417850_7..N,109750_7..N,7,0,1754417850,07 1817+ 34H/MST,1754434758,1754434764,1190,0,0
1754417880_4..N06R,109800_4..N06R,4,0,1754417880,04 1818  UTI/WDL,1754436609,1754436615,1595,0,0
1754417880_5..N88R,109800_5..N88R,5,0,1754417880,05 1818  FLA/DYR,1754437410,1754437413,1797,0,0
1754417910_5..S03R,109850_5..S03R,5,1,1754417910,05 1818+ DYR/FLA,1754438060,1754438064,1973,0,0
1754417940_6..N03R,109900_6..N03R,6,0,1754417940,06 1819  BBR/177,1754435523,1754435529,1363,0,0
1754417940_7..S,109900_7..S,7,1,1754417940,07 1819 MST/34H,1754434647,1754434650,1141,0,0
1754417970_1..N,109950_1..N,1,0,1754417970,/1 1819+ SFT/242,1754436438,1754436444,43,0,0
1754417970_1..N03R,109950_1..N03R,1,0,1754417970,/1 1819+ SFT/242,1754436108,1754436114,1409,0,0
1754417970_4..S06R,109950_4..S06R,4,1,1754417970,04 1819+ WDL/UTI,1754436513,1754436519,1495,0,0
1754417970_7..N,109950_7..N,7,0,1754417970,=7 1819+ 111/WPT,1754432823,1754432829,265,0,0
1754418000_2..N01R,110000_2..N01R,2,0,1754418000,02 1820  FLA/241,1754439759,1754439765,1874,0,0
1754418000_3..N01R,110000_3..N01R,3,0,1754418000,03 1820  NLT/148,1754437539,1754437545,1753,0,0
1754418000_GS.N04R,110000_GS.N04R,GS,0,1754418000,0S 1820  GCS/TSS,1754432505,1754432508,522,0,0
1754418030_6..S01R,110050_6..S01R,6,1,1754418030,06 1820+ PEL/BBR,1754436078,1754436084,1403,0,0
1754418030_7X..N,110050_7X..N,7X,0,1754418030,07 1820+ 34H/MST,1754434593,1754434599,1100,0,0
1754418030_GS.S01R,110050_GS.S01R,GS,1,1754418030,0S 1820+ TSS/GCS,1754432523,1754432529,527,0,0
1754418090_1..S03R,110150_1..S03R,1,1,1754418090,01 1821+ 242/SFT,1754435889,1754435895,1365,0,0
1754418090_2..S01R,110150_2..S01R,2,1,1754418090,02 1821+ 241/FLA,1754438829,1754438835,2102,0,0
1754418180_6..N02R,110300_6..N02R,6X,0,1754418180,06 1823  BBR/PEL,1754436369,1754436375,1466,0,0
1754418180_7..S,110300_7..S,7,1,1754418180,07 1823 MST/34H,1754434812,1754434815,1120,0,0
1754418210_1..N03R,110350_1..N03R,1,0,1754418210,01 1823+ SFT/242,1754436708,1754436714,1537,0,0
1754418210_7..N,110350_7..N,7,0,1754418210,07 1823+ 34H/MST,1754435094,1754435100,1169,0,0
1754418210_GS.N01R,110350_GS.N01R,GS,0,1754418210,0S 1823+ GCS/TSS,1754432715,1754432718,576,0,0
1754418210_GS.S04R,110350_GS.S04R,GS,1,1754418210,0S 1823+ TSS/GCS,1754432688,1754432694,570,0,0
1754418240_2..N01R,110400_2..N01R,2,0,1754418240,02 1824  FLA/241,1754439630,1754439633,1878,0,0
1754418270_4..S06R,110450_4..S06R,4,1,1754418270,04 1824+ WDL/UTI,1754436858,1754436864,1489,0,0
1754418300_6..S03R,110500_6..S03R,6,1,1754418300,06 1825  177/BBR,1754435760,1754435763,1260,0,0
1754418330_1..S03R,110550_1..S03R,1,1,1754418330,01 1825+ 242/SFT,1754436138,1754436144,1337,0,0
1754418330_7..S,110550_7..S,7,1,1754418330,07 1825+ MST/34H,1754434989,1754434992,1107,0,0
1754418390_7X..N,110650_7X..N,7X,0,1754418390,07 1826+ 34H/MST,1754434929,1754434932,1093,0,0
1754418390_GS.N04R,110650_GS.N04R,GS,0,1754418390,0S 1826+ GCS/TSS,1754432859,1754432864,533,0,0
1754418420_6..N03R,110700_6..N03R,6,0,1754418420,06 1827  BBR/177,1754435910,1754435913,1290,0,0
1754418420_GS.S01R,110700_GS.S01R,GS,1,1754418420,0S 1827  TSS/GCS,1754432898,1754432904,544,0,0
1754418450_1..N03R,110750_1..N03R,1,0,1754418450,01 1827+ SFT/242,1754436858,1754436864,1489,0,0
1754418450_6..S01R,110750_6..S01R,6,1,1754418450,06 1827+ PEL/BBR,1754436459,1754436465,1405,0,0
1754418450_7..N,110750_7..N,7,0,1754418450,=7 1827+ 111/WPT,1754433219,1754433224,83,0,0
1754418480_4..N06R,110800_4..N06R,4,0,1754418480,04 1828  UTI/WDL,1754436999,1754437005,1527,0,0
1754418510_5..N,110850_5..N,5,0,1754418510,05 1828+ FLA/238,1754438505,1754438508,1421,0,0
1754418510_5..N88R,110850_5..N88R,5,0,1754418510,05 1828+ FLA/DYR,1754432778,1754432784,514,0,0
1754418570_1..S03R,110950_1..S03R,1,1,1754418570,01 1829+ 242/SFT,1754436339,1754436345,1306,0,0
1754418570_2..S01R,110950_2..S01R,2,1,1754418570,02 1829+ 241/FLA,1754439219,1754439225,2052,0,0
1754418570_3..N01R,110950_3..N01R,3,0,1754418570,03 1829+ NLT/148,1754437340,1754437344,1546,0,0
1754418570_7..N,110950_7..N,7,0,1754418570,07 1829+ 34H/MST,1754435292,1754435295,1109,0,0
1754418570_7..S,110950_7..S,7,1,1754418570,07 1829+ MST/34H,1754435148,1754435154,1076,0,0
1754418585_7..N,110975_7..N,7,0,1754418585,=7 1829+ WPT/MST,1754433414,1754433417,103,0,0
1754418600_2..N01R,111000_2..N01R,2,0,1754418600,02 1830  FLA/241,1754440329,1754440335,1911,0,0
1754418600_5..S03R,111000_5..S03R,5,1,1754418600,05 1830  DYR/FLA,1754438370,1754438373,1823,0,0
1754418600_GS.S04R,111000_GS.S04R,GS,1,1754418600,0S 1830  TSS/GCS,1754433078,1754433084,517,0,0
1754418630_GS.N01R,111050_GS.N01R,GS,0,1754418630,0S 1830+ GCS/TSS,1754433119,1754433120,527,0,0
1754418660_6..N02R,111100_6..N02R,6X,0,1754418660,06 1831  BBR/PEL,1754436858,1754436864,1414,0,0
1754418690_1..N03R,111150_1..N03R,1,0,1754418690,01 1831+ SFT/242,1754436999,1754437005,1452,0,0
1754418690_3..S,111150_3..S,3,1,1754418690,/3 1831+ 148/NLT,1754438360,1754438364,212,1,0
1754418690_3..S01R,111150_3..S01R,3,1,1754418690,/3 1831+ 148/NLT,1754436990,1754436993,1449,0,0
1754418720_6..S01R,111200_6..S01R,6,1,1754418720,06 1832  PEL/BBR,1754436684,1754436690,1378,0,0
1754418720_6..S03R,111200_6..S03R,6,1,1754418720,06 1832  177/BBR,1754436270,1754436273,1289,0,0
1754418750_7X..N,111250_7X..N,7X,0,1754418750,07 1832+ 34H/MST,1754435388,1754435394,1099,0,0
1754418780_4..N06R,111300_4..N06R,4,0,1754418780,04 1833  UTI/WDL,1754437130,1754437134,1488,0,0
1754418780_4..S06R,111300_4..S06R,4,1,1754418780,04 1833  WDL/UTI,1754437245,1754437248,1486,0,0
1754418810_1..S03R,111350_1..S03R,1,1,1754418810,01 1833+ 242/SFT,1754436609,1754436615,1362,0,0
1754418810_7..N,111350_7..N,7,0,1754418810,=7 1833+ 111/WPT,1754433299,1754433309,93,0,0
1754418840_6..N03R,111400_6..N03R,6,0,1754418840,06 1834  BBR/177,1754436324,1754436330,1302,0,0
1754418840_GS.N04R,111400_GS.N04R,GS,0,1754418840,0S 1834  GCS/TSS,1754433315,1754433318,580,0,0
1754418840_GS.S01R,111400_GS.S01R,GS,1,1754418840,0S 1834  TSS/GCS,1754433309,1754433312,578,0,0
1754418870_2..S01R,111450_2..S01R,2,1,1754418870,02 1834+ 241/FLA,1754439708,1754439711,2104,0,0
1754418870_7..S,111450_7..S,7,1,1754418870,07 1834+ MST/34H,1754435412,1754435415,679,0,0
1754418930_1..N03R,111550_1..N03R,1,0,1754418930,01 1835+ SFT/242,1754437239,1754437245,1440,0,0
1754418930_7..N,111550_7..N,7,0,1754418930,07 1835+ 34H/MST,1754435553,1754435559,1073,0,0
1754418945_7..N,111575_7..N,7,0,1754418945,=7 1835+ WPT/MST,1754433633,1754433639,177,0,0
1754418960_5..N88R,111600_5..N88R,5,0,1754418960,05 1836  FLA/DYR,1754438460,1754438463,1769,0,0
1754419050_1..S03R,111750_1..S03R,1,1,1754419050,01 1837+ 242/SFT,1754436828,1754436834,1329,0,0
1754419050_3..N01R,111750_3..N01R,3,0,1754419050,03 1837+ NLT/148,1754438019,1754438025,1650,0,0
1754419050_5..S03R,111750_5..S03R,5,1,1754419050,05 1837+ DYR/FLA,1754438718,1754438724,1839,0,0
1754419050_GS.S04R,111750_GS.S04R,GS,1,1754419050,0S 1837+ TSS/GCS,1754433543,1754433549,558,0,0
1754419080_2..N01R,111800_2..N01R,2,0,1754419080,02 1838  FLA/241,1754440773,1754440779,2376,0,0
1754419080_GS.N01R,111800_GS.N01R,GS,0,1754419080,0S 1838  GCS/TSS,1754433573,1754433579,566,0,0
1754419110_3..S01R,111850_3..S01R,3,1,1754419110,03 1838+ 148/NLT,1754433453,1754433513,536,0,0
1754419110_6..N02R,111850_6..N02R,6X,0,1754419110,06 1838+ BBR/PEL,1754437119,1754437125,1406,0,0
1754419110_7X..N,111850_7X..N,7X,0,1754419110,07 1838+ 34H/MST,1754435667,1754435670,1060,0,0
1754419170_1..N03R,111950_1..N03R,1,0,1754419170,01 1839+ SFT/242,1754437440,1754437443,1414,0,0
1754419170_4..N,111950_4..N,4,0,1754419170,/4 1839+ UTI/WDL,1754437920,1754437923,241,0,0
1754419170_4..N06R,111950_4..N06R,4,0,1754419170,/4 1839+ UTI/WDL,1754436935,1754436939,1276,0,0
1754419170_4..S06R,111950_4..S06R,4,1,1754419170,04 1839+ WDL/UTI,1754437580,1754437584,1452,0,0
1754419170_7..S,111950_7..S,7,1,1754419170,07 1839+ MST/34H,1754435634,1754435637,1051,0,0
1754419200_6..S01R,112000_6..S01R,6,1,1754419200,06 1840  PEL/BBR,1754437269,1754437275,1369,0,0
1754419290_1..S03R,112150_1..S03R,1,1,1754419290,01 1841+ 242/SFT,1754437070,1754437074,1314,0,0
1754419290_GS.N04R,112150_GS.N04R,GS,0,1754419290,0S 1841+ GCS/TSS,1754433753,1754433759,533,0,0
1754419290_GS.S01R,112150_GS.S01R,GS,1,1754419290,0S 1841+ TSS/GCS,1754433765,1754433768,536,0,0
1754419350_6..N01R,112250_6..N01R,6,0,1754419350,06 1842+ BBR/PEL,1754437710,1754437713,1488,0,0
1754419350_7..N,112250_7..N,7,0,1754419350,07 1842+ 34H/MST,1754436276,1754436279,1140,0,0
1754419380_7..S,112300_7..S,7,1,1754419380,07 1843 MST/34H,1754435814,1754435820,1035,0,0
1754419410_1..N03R,112350_1..N03R,1,0,1754419410,01 1843+ SFT/242,1754437550,1754437554,1444,0,0
1754419410_2..S01R,112350_2..S01R,2,1,1754419410,02 1843+ 241/FLA,1754440050,1754440053,2116,0,0
1754419500_5..N88R,112500_5..N88R,5,0,1754419500,05 1845  FLA/DYR,1754439069,1754439075,1629,0,0
1754419500_GS.S04R,112500_GS.S04R,GS,1,1754419500,0S 1845  TSS/GCS,1754433978,1754433984,515,0,0
1754419530_1..S03R,112550_1..S03R,1,1,1754419530,01 1845+ 242/SFT,1754437280,1754437284,1295,0,0
1754419530_3..N01R,112550_3..N01R,3,0,1754419530,03 1845+ NLT/148,1754438390,1754438394,1594,0,0
1754419530_7X..N,112550_7X..N,7X,0,1754419530,07 1845+ 34H/MST,1754435940,1754435943,1014,0,0
1754419530_GS.N01R,112550_GS.N01R,GS,0,1754419530,0S 1845+ GCS/TSS,1754434008,1754434014,523,0,0
1754419560_4..S06R,112600_4..S06R,4,1,1754419560,04 1846  WDL/UTI,1754437848,1754437850,1448,0,0
1754419560_6..S03R,112600_6..S03R,6,1,1754419560,06 1846  177/BBR,1754437065,1754437068,1235,0,0
1754419590_5..S03R,112650_5..S03R,5,1,1754419590,05 1846+ DYR/FLA,1754439009,1754439015,1761,0,0
1754419590_6..N02R,112650_6..N02R,6X,0,1754419590,06 1846+ BBR/PEL,1754437470,1754437473,1345,0,0
1754419620_2..N01R,112700_2..N01R,2,0,1754419620,02 1847  FLA/241,1754441193,1754441199,2312,0,0
1754419650_1..N03R,112750_1..N03R,1,0,1754419650,01 1847+ SFT/242,1754437760,1754437764,1425,0,0
1754419650_6..S01R,112750_6..S01R,6,1,1754419650,06 1847+ PEL/BBR,1754437700,1754437704,1409,0,0
1754419650_7..S,112750_7..S,7,1,1754419650,07 1847+ MST/34H,1754436090,1754436093,821,0,0
1754419680_4..N06R,112800_4..N06R,4,0,1754419680,04 1848  UTI/WDL,1754438300,1754438304,1570,0,0
1754419710_7..N,112850_7..N,7,0,1754419710,07 1848+ 34H/MST,1754436519,1754436522,1103,0,0
1754419740_GS.S01R,112900_GS.S01R,GS,1,1754419740,0S 1849  TSS/GCS,1754434212,1754434215,575,0,0
1754419770_1..S03R,112950_1..S03R,1,1,1754419770,01 1849+ 242/SFT,1754437770,1754437773,1349,0,0
1754419770_GS.N04R,112950_GS.N04R,GS,0,1754419770,0S 1849+ GCS/TSS,1754434248,1754434254,506,0,0
1754419800_3..S01R,113000_3..S01R,3,1,1754419800,03 1850  148/NLT,1754438640,1754438643,1412,0,0
1754419830_6..N03R,113050_6..N03R,6,0,1754419830,06 1850+ BBR/177,1754437329,1754437335,1230,0,0
1754419860_2..S01R,113100_2..S01R,2,1,1754419860,02 1851  241/FLA,1754440419,1754440425,2060,0,0
1754419890_1..N03R,113150_1..N03R,1,0,1754419890,01 1851+ SFT/242,1754437938,1754437941,1394,0,0
1754419890_4..N06R,113150_4..N06R,4,0,1754419890,04 1851+ UTI/WDL,1754438430,1754438433,1527,0,0
1754419890_7X..N,113150_7X..N,7X,0,1754419890,07 1851+ 34H/MST,1754436108,1754436114,969,0,0
1754419920_4..S06R,113200_4..S06R,4,1,1754419920,04 1852  WDL/UTI,1754438220,1754438223,1470,0,0
1754419950_2..N01R,113250_2..N01R,2,0,1754419950,02 1852+ FLA/241,1754441595,1754441598,2325,0,0
1754419950_7..N,113250_7..N,7,0,1754419950,07 1852+ MST/34H,1754435613,1754435619,1,0,0
1754419950_7..S,113250_7..S,7,1,1754419950,07 1852+ MST/34H,1754436489,1754436495,1029,0,0
1754419980_GS.S04R,113300_GS.S04R,GS,1,1754419980,0S 1853  TSS/GCS,1754434455,1754434458,559,0,0
1754420010_1..S03R,113350_1..S03R,1,1,1754420010,01 1853+ 242/SFT,1754437970,1754437974,1403,0,0
1754420010_6..N02R,113350_6..N02R,6X,0,1754420010,06 1853+ BBR/PEL,1754438070,1754438073,1429,0,0
1754420040_5..S03R,113400_5..S03R,5,1,1754420040,05 1854  DYR/FLA,1754440254,1754440260,2016,0,0
1754420040_6..S03R,113400_6..S03R,6,1,1754420040,06 1854  177/BBR,1754437449,1754437455,1262,0,0
1754420070_7..N,113450_7..N,7,0,1754420070,07 1854+ 34H/MST,1754436915,1754436918,1090,0,0
1754420070_GS.N01R,113450_GS.N01R,GS,0,1754420070,0S 1854+ GCS/TSS,1754434572,1754434575,509,0,0
1754420100_7..S,113500_7..S,7,1,1754420100,07 1855 MST/34H,1754436588,1754436594,995,0,0
1754420130_1..N03R,113550_1..N03R,1,0,1754420130,01 1855+ SFT/242,1754438079,1754438085,1353,0,0
1754420130_5..N88R,113550_5..N88R,5,0,1754420130,05 1855+ FLA/DYR,1754439399,1754439405,1708,0,0
1754420130_6..S01R,113550_6..S01R,6,1,1754420130,06 1855+ PEL/BBR,1754438298,1754438300,1412,0,0
1754420190_6..N01R,113650_6..N01R,6,0,1754420190,06 1856+ BBR/PEL,1754438340,1754438343,1423,0,0
1754420220_3..S01R,113700_3..S01R,3,1,1754420220,03 1857  148/NLT,1754438900,1754438904,1575,0,0
1754420250_1..S03R,113750_1..S03R,1,1,1754420250,01 1857+ 242/SFT,1754438229,1754438235,1394,0,0
1754420250_7X..N,113750_7X..N,7X,0,1754420250,07 1857+ 34H/MST,1754436795,1754436798,1020,0,0
1754420280_2..S01R,113800_2..S01R,2,1,1754420280,E2 1858  96S/FLA,1754437800,1754437803,767,0,0
1754420280_4..S06R,113800_4..S06R,4,1,1754420280,04 1858  WDL/UTI,1754438540,1754438544,1478,0,0
1754420280_GS.S01R,113800_GS.S01R,GS,1,1754420280,0S 1858  TSS/GCS,1754434752,1754434755,554,0,0
1754420310_4..N06R,113850_4..N06R,4,0,1754420310,04 1858+ UTI/WDL,1754438760,1754438763,1537,0,0
1754420310_GS.N04R,113850_GS.N04R,GS,0,1754420310,0S 1858+ GCS/TSS,1754434794,1754434797,565,0,0
1754420370_1..N03R,113950_1..N03R,1,0,1754420370,01 1859+ SFT/242,1754438300,1754438304,1336,0,0
1754420400_2..N01R,114000_2..N01R,2,0,1754420400,02 1900  FLA/241,1754441985,1754441988,2264,0,0
1754420400_3..N01R,114000_3..N01R,3,0,1754420400,03 1900  NLT/148,1754439039,1754439045,1535,0,0
1754420430_5..S03R,114050_5..S03R,5,1,1754420430,05 1900+ DYR/FLA,1754440674,1754440680,1965,0,0
1754420430_6..N02R,114050_6..N02R,6X,0,1754420430,06 1900+ BBR/PEL,1754438630,1754438634,1427,0,0
1754420430_7..N,114050_7..N,7,0,1754420430,07 1900+ 34H/MST,1754437209,1754437215,1082,0,0
1754420460_7..S,114100_7..S,7,1,1754420460,07 1901 MST/34H,1754436948,1754436950,999,0,0
1754420490_1..S03R,114150_1..S03R,1,1,1754420490,01 1901+ 242/SFT,1754438340,1754438343,1346,0,0
1754420520_5..N71R,114200_5..N71R,5,0,1754420520,05 1902  FLA/DYR,1754440029,1754440035,1789,0,0
1754420520_GS.S04R,114200_GS.S04R,GS,1,1754420520,0S 1902  TSS/GCS,1754435004,1754435007,541,0,0
1754420580_6..S03R,114300_6..S03R,6,1,1754420580,06 1903  177/BBR,1754438154,1754438160,1297,0,0
1754420610_1..N03R,114350_1..N03R,1,0,1754420610,01 1903+ SFT/242,1754438550,1754438553,1403,0,0
1754420610_3..S01R,114350_3..S01R,3,1,1754420610,03 1903+ 148/NLT,1754439020,1754439024,1530,0,0
1754420610_7X..N,114350_7X..N,7X,0,1754420610,07 1903+ 34H/MST,1754436999,1754437005,978,0,0
1754420610_GS.N01R,114350_GS.N01R,GS,0,1754420610,0S 1903+ GCS/TSS,1754435088,1754435094,561,0,0
1754420640_2..S01R,114400_2..S01R,2,1,1754420640,02 1904  241/FLA,1754440794,1754440800,1990,0,0
1754420640_4..S06R,114400_4..S06R,4,1,1754420640,04 1904  WDL/UTI,1754439090,1754439093,1548,0,0
1754420640_6..N03R,114400_6..N03R,6,0,1754420640,06 1904  BBR/177,1754438075,1754438079,1275,0,0
1754420670_4..N,114450_4..N,4,0,1754420670,04 1904+ UTI/BUR,1754438310,1754438313,68,0,0
1754420670_4..N43R,114450_4..N43R,4,0,1754420670,04 1904+ UTI/BUR,1754437929,1754437935,1156,0,0
1754420670_7..S,114450_7..S,7,1,1754420670,07 1904+ MST/34H,1754437143,1754437145,1003,0,0
1754420700_6..S01R,114500_6..S01R,6,1,1754420700,06 1905  PEL/BBR,1754438769,1754438775,1383,0,0
1754420730_1..S03R,114550_1..S03R,1,1,1754420730,01 1905+ 242/SFT,1754438480,1754438484,1305,0,0
1754420790_7..N,114650_7..N,7,0,1754420790,07 1906+ 34H/MST,1754437710,1754437713,1092,0,0
1754420820_7..S,114700_7..S,7,1,1754420820,07 1907 MST/34H,1754437329,1754437335,989,0,0
1754420820_GS.S01R,114700_GS.S01R,GS,1,1754420820,0S 1907  TSS/GCS,1754435298,1754435304,528,0,0
1754420850_1..N03R,114750_1..N03R,1,0,1754420850,01 1907+ SFT/242,1754438760,1754438763,1380,0,0
1754420880_6..N02R,114800_6..N02R,6X,0,1754420880,06 1908  BBR/PEL,1754438970,1754438973,1436,0,0
1754420880_6..S01R,114800_6..S01R,6,1,1754420880,06 1908  PEL/BBR,1754439020,1754439024,1450,0,0
1754420880_GS.N04R,114800_GS.N04R,GS,0,1754420880,0S 1908  GCS/TSS,1754435358,1754435364,541,0,0
1754420910_2..N01R,114850_2..N01R,2,0,1754420910,02 1908+ FLA/241,1754442786,1754442789,2380,0,0
1754420910_4..N06R,114850_4..N06R,4,0,1754420910,04 1908+ UTI/WDL,1754439200,1754439204,1498,0,0
1754420970_7X..N,114950_7X..N,7X,0,1754420970,07 1909+ 34H/MST,1754437455,1754437458,1006,0,0
1754421000_1..S03R,115000_1..S03R,1,1,1754421000,01 1910  242/SFT,1754438739,1754438745,1298,0,0
1754421000_4..S06R,115000_4..S06R,4,1,1754421000,04 1910  WDL/UTI,1754439425,1754439429,1481,0,0
1754421030_5..N71R,115050_5..N71R,5,0,1754421030,05 1910+ FLA/DYR,1754440440,1754440443,1750,0,0
1754421030_7..S,115050_7..S,7,1,1754421030,07 1910+ MST/34H,1754437520,1754437524,1008,0,0
1754421060_5..S,115100_5..S,5,1,1754421060,05 1911  DYR/UTI,1754439909,1754439915,1214,0,0
1754421060_5..S03R,115100_5..S03R,5,1,1754421060,05 1911  DYR/UTI,1754434974,1754434977,376,0,0
1754421090_1..N03R,115150_1..N03R,1,0,1754421090,01 1911+ SFT/242,1754438970,1754438973,1359,0,0
1754421090_2..S01R,115150_2..S01R,2,1,1754421090,02 1911+ 241/FLA,1754441535,1754441538,1998,0,0
1754421090_3..S01R,115150_3..S01R,3,1,1754421090,03 1911+ 148/NLT,1754439720,1754439723,1560,0,0
1754421090_GS.S04R,115150_GS.S04R,GS,1,1754421090,0S 1911+ TSS/GCS,1754435577,1754435580,515,0,0
1754421120_6..N01R,115200_6..N01R,6,0,1754421120,06 1912  BBR/PEL,1754439240,1754439243,1431,0,0
1754421120_6..S03R,115200_6..S03R,6,1,1754421120,06 1912  177/BBR,1754438643,1754438645,1273,0,0
1754421150_7..N,115250_7..N,7,0,1754421150,07 1912+ 34H/MST,1754438013,1754438015,1104,0,0
1754421150_GS.N01R,115250_GS.N01R,GS,0,1754421150,0S 1912+ GCS/TSS,1754435652,1754435655,534,0,0
1754421180_7..S,115300_7..S,7,1,1754421180,07 1913 MST/34H,1754437704,1754437710,1022,0,0
1754421210_2..N01R,115350_2..N01R,2,0,1754421210,02 1913+ FLA/241,1754443194,1754443200,2398,0,0
1754421330_1..N03R,115550_1..N03R,1,0,1754421330,01 1915+ SFT/242,1754439300,1754439303,1370,0,0
1754421330_7X..N,115550_7X..N,7X,0,1754421330,07 1915+ 34H/MST,1754437914,1754437920,1040,0,0
1754421360_4..S06R,115600_4..S06R,4,1,1754421360,04 1916  WDL/UTI,1754439744,1754439750,1490,0,0
1754421360_6..N03R,115600_6..N03R,6,0,1754421360,06 1916  BBR/177,1754438724,1754438730,1217,0,0
1754421360_GS.S01R,115600_GS.S01R,GS,1,1754421360,0S 1916  TSS/GCS,1754435838,1754435844,498,0,0
1754421390_7..S,115650_7..S,7,1,1754421390,07 1916+ MST/34H,1754437790,1754437794,990,0,0
1754421420_1..S03R,115700_1..S03R,1,1,1754421420,01 1917  242/SFT,1754439129,1754439135,945,0,0
1754421450_GS.N04R,115750_GS.N04R,GS,0,1754421450,0S 1917+ GCS/TSS,1754435934,1754435940,517,0,0
1754421480_3..N01R,115800_3..N01R,3,0,1754421480,03 1918  NLT/148,1754439840,1754439843,1515,0,0
1754421480_5..N71R,115800_5..N71R,5,0,1754421480,05 1918  FLA/DYR,1754441055,1754441058,1796,0,0
1754421480_6..S01R,115800_6..S01R,6,1,1754421480,06 1918  PEL/BBR,1754439576,1754439579,1444,0,0
1754421510_4..N06R,115850_4..N06R,4,0,1754421510,04 1918+ UTI/WDL,1754439549,1754439555,1437,0,0
1754421510_5..S,115850_5..S,5,1,1754421510,05 1918+ DYR/FLA,1754441154,1754441160,1436,0,0
1754421510_5..S07R,115850_5..S07R,5,1,1754421510,05 1918+ DYR/UTI,1754435412,1754435415,399,0,0
1754421540_7..S,115900_7..S,7,1,1754421540,07 1919 MST/34H,1754438015,1754438019,1013,0,0
1754421570_1..N03R,115950_1..N03R,1,0,1754421570,01 1919+ SFT/242,1754439579,1754439585,1368,0,0
1754421570_2..S01R,115950_2..S01R,2,1,1754421570,02 1919+ 241/FLA,1754442114,1754442120,1985,0,0
1754421570_7..N,115950_7..N,7,0,1754421570,07 1919+ 34H/MST,1754438205,1754438208,1054,0,0
1754421600_2..N01R,116000_2..N01R,2,0,1754421600,02 1920  FLA/241,1754443434,1754443440,2270,0,0
1754421600_2..S01R,116000_2..S01R,2,1,1754421600,E2 1920  96S/FLA,1754439360,1754439363,854,0,0
1754421600_6..N02R,116000_6..N02R,6X,0,1754421600,06 1920  BBR/PEL,1754439540,1754439543,1357,0,0
1754421630_3..S01R,116050_3..S01R,3,1,1754421630,03 1920+ 148/NLT,1754440059,1754440065,1483,0,0
1754421660_GS.S04R,116100_GS.S04R,GS,1,1754421660,0S 1921  TSS/GCS,1754436174,1754436180,489,0,0
1754421720_4..S06R,116200_4..S06R,4,1,1754421720,04 1922  WDL/UTI,1754440044,1754440050,1493,0,0
1754421720_GS.N01R,116200_GS.N01R,GS,0,1754421720,0S 1922  GCS/TSS,1754436204,1754436207,495,0,0
1754421780_7..S,116300_7..S,7,1,1754421780,07 1923 MST/34H,1754438240,1754438244,1011,0,0
1754421810_4..N06R,116350_4..N06R,4,0,1754421810,04 1923+ UTI/WDL,1754439960,1754439963,1470,0,0
1754421810_7X..N,116350_7X..N,7X,0,1754421810,07 1923+ 34H/MST,1754438409,1754438415,1046,0,0
1754421840_1..S03R,116400_1..S03R,1,1,1754421840,01 1924  242/SFT,1754439510,1754439513,1349,0,0
1754421840_6..N01R,116400_6..N01R,6,0,1754421840,06 1924  BBR/PEL,1754439860,1754439864,1444,0,0
1754421870_6..S01R,116450_6..S01R,6,1,1754421870,06 1924+ PEL/BBR,1754440035,1754440038,1413,0,0
1754421930_GS.S01R,116550_GS.S01R,GS,1,1754421930,0S 1925+ TSS/GCS,1754436399,1754436405,461,0,0
1754421990_1..N03R,116650_1..N03R,1,0,1754421990,01 1926+ SFT/242,1754439789,1754439795,1348,0,0
1754421990_2..S01R,116650_2..S01R,2,1,1754421990,02 1926+ 241/FLA,1754442213,1754442219,1931,0,0
1754421990_3..S01R,116650_3..S01R,3,1,1754421990,E3 1926+ UTI/NLT,1754437119,1754437125,168,0,0
1754422020_3..S01R,116700_3..S01R,3,1,1754422020,03 1927  148/NLT,1754440539,1754440545,1545,0,0
1754422020_5..N71R,116700_5..N71R,5,0,1754422020,05 1927  FLA/DYR,1754441355,1754441358,1727,0,0
1754422020_6..S03R,116700_6..S03R,6,1,1754422020,06 1927  177/BBR,1754439380,1754439384,1238,0,0
1754422020_7..S,116700_7..S,7,1,1754422020,07 1927 MST/34H,1754438490,1754438493,1017,0,0
1754422020_GS.N04R,116700_GS.N04R,GS,0,1754422020,0S 1927  GCS/TSS,1754436495,1754436498,480,0,0
1754422050_7X..N,116750_7X..N,7X,0,1754422050,07 1927+ 34H/MST,1754438544,1754438550,1026,0,0
1754422080_1..S03R,116800_1..S03R,1,1,1754422080,01 1928  242/SFT,1754439800,1754439804,1351,0,0
1754422080_4..S06R,116800_4..S06R,4,1,1754422080,04 1928  WDL/UTI,1754440263,1754440266,1474,0,0
1754422080_6..N02R,116800_6..N02R,6X,0,1754422080,06 1928  BBR/PEL,1754440220,1754440224,1463,0,0
1754422170_4..N,116950_4..N,4,0,1754422170,04 1929+ UTI/BUR,1754439849,1754439855,79,0,0
1754422170_4..N43R,116950_4..N43R,4,0,1754422170,04 1929+ UTI/BUR,1754439425,1754439429,1175,0,0
1754422170_5..S,116950_5..S,5,1,1754422170,05 1929+ DYR/UTI,1754441229,1754441235,12,0,0
1754422170_5..S07R,116950_5..S07R,5,1,1754422170,05 1929+ DYR/UTI,1754441058,1754441064,1586,0,0
1754422230_1..N03R,117050_1..N03R,1,0,1754422230,01 1930+ SFT/242,1754439909,1754439915,1305,0,0
1754422230_GS.S04R,117050_GS.S04R,GS,1,1754422230,0S 1930+ TSS/GCS,1754436693,1754436699,448,0,0
1754422260_7..S,117100_7..S,7,1,1754422260,07 1931 MST/34H,1754438703,1754438709,1011,0,0
1754422290_6..S01R,117150_6..S01R,6,1,1754422290,06 1931+ PEL/BBR,1754440235,1754440239,1392,0,0
1754422320_6..N01R,117200_6..N01R,6,0,1754422320,06 1932  BBR/PEL,1754440479,1754440485,1457,0,0
1754422350_1..S03R,117250_1..S03R,1,1,1754422350,01 1932+ 242/SFT,1754440089,1754440095,1353,0,0
1754422350_7..N,117250_7..N,7,0,1754422350,07 1932+ 34H/MST,1754438750,1754438754,998,0,0
1754422350_GS.N01R,117250_GS.N01R,GS,0,1754422350,0S 1932+ GCS/TSS,1754436834,1754436840,477,0,0
1754422410_2..S01R,117350_2..S01R,2,1,1754422410,02 1933+ 241/FLA,1754436930,1754436933,500,0,0
1754422410_4..S06R,117350_4..S06R,4,1,1754422410,04 1933+ WDL/UTI,1754440743,1754440749,1517,0,0
1754422470_1..N03R,117450_1..N03R,1,0,1754422470,01 1934+ SFT/242,1754440260,1754440263,1321,0,0
1754422500_3..S01R,117500_3..S01R,3,1,1754422500,03 1935  148/NLT,1754441085,1754441088,1514,0,0
1754422500_7..S,117500_7..S,7,1,1754422500,07 1935 MST/34H,1754438945,1754438949,1020,0,0
1754422530_6..S01R,117550_6..S01R,6,1,1754422530,06 1935+ PEL/BBR,1754440503,1754440509,1386,0,0
1754422560_4..N06R,117600_4..N06R,4,0,1754422560,04 1936  UTI/WDL,1754441025,1754441028,1502,0,0
1754422560_5..N71R,117600_5..N71R,5,0,1754422560,05 1936  FLA/DYR,1754442024,1754442030,1734,0,0
1754422560_6..N01R,117600_6..N01R,6,0,1754422560,06 1936  BBR/PEL,1754440758,1754440764,1443,0,0
1754422560_7..N,117600_7..N,7,0,1754422560,07 1936 34H/MST,1754439380,1754439384,1115,0,0
1754422560_GS.S01R,117600_GS.S01R,GS,1,1754422560,0S 1936  TSS/GCS,1754437044,1754437050,456,0,0
1754422620_1..S03R,117700_1..S03R,1,1,1754422620,01 1937  242/SFT,1754440389,1754440395,1356,0,0
1754422680_GS.N04R,117800_GS.N04R,GS,0,1754422680,0S 1938  GCS/TSS,1754437155,1754437158,486,0,0
1754422710_1..N03R,117850_1..N03R,1,0,1754422710,01 1938+ SFT/242,1754440479,1754440485,1380,0,0
1754422740_7..S,117900_7..S,7,1,1754422740,07 1939 MST/34H,1754439159,1754439165,1010,0,0
1754422770_4..S06R,117950_4..S06R,4,1,1754422770,04 1939+ WDL/UTI,1754441238,1754441241,1479,0,0
1754422770_6..S01R,117950_6..S01R,6,1,1754422770,06 1939+ PEL/BBR,1754440809,1754440815,1386,0,0
1754422800_6..N02R,118000_6..N02R,6X,0,1754422800,06 1940  BBR/PEL,1754441145,1754441148,1459,0,0
1754422800_7X..N,118000_7X..N,7X,0,1754422800,07 1940 34H/MST,1754439264,1754439270,1018,0,0
1754422830_2..S01R,118050_2..S01R,2,1,1754422830,02 1940+ 241/FLA,1754442813,1754442819,1859,0,0
1754422830_3..N01R,118050_3..N01R,3,0,1754422830,03 1940+ NLT/148,1754441676,1754441679,1579,0,0
1754422830_5..S,118050_5..S,5,1,1754422830,05 1940+ DYR/UTI,1754441565,1754441568,21,0,0
1754422830_5..S07R,118050_5..S07R,5,1,1754422830,05 1940+ DYR/UTI,1754441379,1754441385,1513,0,0
1754422860_4..N06R,118100_4..N06R,4,0,1754422860,04 1941  UTI/WDL,1754441583,1754441589,1547,0,0
1754422890_1..S03R,118150_1..S03R,1,1,1754422890,01 1941+ 242/SFT,1754440755,1754440758,1374,0,0
1754422890_GS.S04R,118150_GS.S04R,GS,1,1754422890,0S 1941+ TSS/GCS,1754437386,1754437389,481,0,0
1754422920_2..N01R,118200_2..N01R,2,0,1754422920,02 1942  FLA/241,1754443734,1754443740,2094,0,0
1754422950_1..N03R,118250_1..N03R,1,0,1754422950,01 1942+ SFT/242,1754440773,1754440779,1378,0,0
1754422950_3..S01R,118250_3..S01R,3,1,1754422950,03 1942+ 148/NLT,1754441325,1754441328,1499,0,0
1754422980_7..S,118300_7..S,7,1,1754422980,07 1943 MST/34H,1754439425,1754439429,1032,0,0
1754422980_GS.N01R,118300_GS.N01R,GS,0,1754422980,0S 1943  GCS/TSS,1754437464,1754437470,502,0,0
1754423070_6..N01R,118450_6..N01R,6,0,1754423070,06 1944+ BBR/PEL,1754441274,1754441280,1418,0,0
1754423070_7X..N,118450_7X..N,7X,0,1754423070,07 1944+ 34H/MST,1754439534,1754439540,1040,0,0
1754423100_6..S01R,118500_6..S01R,6,1,1754423100,06 1945  PEL/BBR,1754441433,1754441439,1456,0,0
1754423130_5..N71R,118550_5..N71R,5,0,1754423130,05 1945+ FLA/DYR,1754442363,1754442369,1677,0,0
1754423160_1..S03R,118600_1..S03R,1,1,1754423160,01 1946  242/SFT,1754440893,1754440899,1336,0,0
1754423190_1..N03R,118650_1..N03R,1,0,1754423190,01 1946+ SFT/242,1754441103,1754441109,1380,0,0
1754423190_4..S06R,118650_4..S06R,4,1,1754423190,04 1946+ WDL/UTI,1754441484,1754441490,1467,0,0
1754423190_GS.N04R,118650_GS.N04R,GS,0,1754423190,0S 1946+ GCS/TSS,1754437659,1754437665,485,0,0
1754423190_GS.S01R,118650_GS.S01R,GS,1,1754423190,0S 1946+ TSS/GCS,1754437659,1754437665,485,0,0
1754423220_7..S,118700_7..S,7,1,1754423220,07 1947 MST/34H,1754439684,1754439687,1040,0,0
1754423250_2..S01R,118750_2..S01R,2,1,1754423250,02 1947+ 241/FLA,1754443524,1754443530,1555,0,0
1754423280_5..S08R,118800_5..S08R,5,1,1754423280,05 1948  DYR/BWG,1754441109,1754441115,1381,0,0
1754423310_7..N,118850_7..N,7,0,1754423310,07 1948+ 34H/MST,1754439905,1754439909,1082,0,0
1754423340_2..N01R,118900_2..N01R,2,0,1754423340,02 1949  FLA/241,1754443935,1754443938,2076,0,0
1754423340_6..N02R,118900_6..N02R,6X,0,1754423340,06 1949  BBR/PEL,1754441583,1754441589,1489,0,0
1754423370_3..S01R,118950_3..S01R,3,1,1754423370,03 1949+ 148/NLT,1754441736,1754441739,1459,0,0
1754423400_4..N01R,119000_4..N01R,4,0,1754423400,04 1950  NLT/UTI,1754438510,1754438514,219,0,0
1754423400_GS.N01R,119000_GS.N01R,GS,0,1754423400,0S 1950  GCS/TSS,1754437895,1754437899,483,0,0
1754423400_GS.S04R,119000_GS.S04R,GS,1,1754423400,0S 1950  TSS/GCS,1754437884,1754437890,480,0,0
1754423430_1..N03R,119050_1..N03R,1,0,1754423430,01 1950+ SFT/242,1754441475,1754441478,1399,0,0
1754423430_1..S03R,119050_1..S03R,1,1,1754423430,01 1950+ 242/SFT,1754441163,1754441169,1327,0,0
1754423460_4..N06R,119100_4..N06R,4,0,1754423460,04 1951  UTI/WDL,1754441826,1754441829,1474,0,0
1754423460_6..S01R,119100_6..S01R,6,1,1754423460,06 1951  PEL/BBR,1754441580,1754441583,1422,0,0
1754423460_7..S,119100_7..S,7,1,1754423460,07 1951 MST/34H,1754439990,1754439993,1062,0,0
1754423520_2..N01R,119200_2..N01R,2,0,1754423520,E2 1952  FLA/241,1754444196,1754444200,1610,0,0
1754423550_7X..N,119250_7X..N,7X,0,1754423550,07 1952+ 34H/MST,1754440134,1754440140,1084,0,0
1754423610_2..S01R,119350_2..S01R,2,1,1754423610,02 1953+ 241/FLA,1754443875,1754443878,1994,0,0
1754423610_6..N03R,119350_6..N03R,6,0,1754423610,06 1953+ BBR/177,1754441019,1754441025,1297,0,0
1754423610_GS.S01R,119350_GS.S01R,GS,1,1754423610,0S 1953+ TSS/GCS,1754438079,1754438085,532,0,0
1754423640_GS.N04R,119400_GS.N04R,GS,0,1754423640,0S 1954  GCS/TSS,1754438124,1754438130,545,0,0
1754423670_1..N03R,119450_1..N03R,1,0,1754423670,01 1954+ SFT/242,1754441664,1754441670,1379,0,0
1754423670_4..S06R,119450_4..S06R,4,1,1754423670,04 1954+ WDL/UTI,1754441754,1754441760,1403,0,0
1754423700_5..N71R,119500_5..N71R,5,0,1754423700,05 1955  FLA/DYR,1754442966,1754442969,1699,0,0
1754423700_7..S,119500_7..S,7,1,1754423700,07 1955 MST/34H,1754440130,1754440134,1045,0,0
1754423730_6..S01R,119550_6..S01R,6,1,1754423730,06 1955+ PEL/BBR,1754441715,1754441718,1392,0,0
1754423790_3..S01R,119650_3..S01R,3,1,1754423790,03 1956+ 148/NLT,1754442063,1754442069,1479,0,0
1754423790_4..N06R,119650_4..N06R,4,0,1754423790,04 1956+ UTI/WDL,1754442126,1754442129,1494,0,0
1754423790_7..N,119650_7..N,7,0,1754423790,07 1956+ 34H/MST,1754440314,1754440320,1090,0,0
1754423850_1..S03R,119750_1..S03R,1,1,1754423850,01 1957+ 242/SFT,1754441523,1754441529,987,0,0
1754423850_2..N01R,119750_2..N01R,2,0,1754423850,02 1957+ FLA/241,1754444505,1754444508,2105,0,0
1754423850_7..S,119750_7..S,7,1,1754423850,07 1957+ MST/34H,1754440389,1754440395,1074,0,0
1754423850_GS.S04R,119750_GS.S04R,GS,1,1754423850,0S 1957+ TSS/GCS,1754438328,1754438330,538,0,0
1754423880_6..N02R,119800_6..N02R,6X,0,1754423880,06 1958  BBR/PEL,1754441883,1754441889,1435,0,0
1754423880_GS.N01R,119800_GS.N01R,GS,0,1754423880,0S 1958  GCS/TSS,1754438390,1754438394,555,0,0
1754423910_1..N03R,119850_1..N03R,1,0,1754423910,01 1958+ SFT/242,1754441826,1754441829,1420,0,0
1754424000_3..N01R,120000_3..N01R,3,0,1754424000,03 2000  NLT/148,1754442354,1754442360,1483,0,0
1754424030_6..S01R,120050_6..S01R,6,1,1754424030,06 2000+ PEL/BBR,1754441973,1754441979,1393,0,0
1754424030_7..S,120050_7..S,7,1,1754424030,07 2000+ MST/34H,1754440674,1754440680,1130,0,0
1754424030_7X..N,120050_7X..N,7X,0,1754424030,07 2000+ 34H/MST,1754440413,1754440415,1067,0,0
1754424060_2..N01R,120100_2..N01R,2,0,1754424060,02 2001  FLA/241,1754444976,1754444980,2169,0,0
1754424060_4..N06R,120100_4..N06R,4,0,1754424060,04 2001  UTI/WDL,1754442534,1754442540,1513,0,0
1754424060_5..S08R,120100_5..S08R,5,1,1754424060,05 2001  DYR/BWG,1754441979,1754441985,1394,0,0
1754424090_GS.S01R,120150_GS.S01R,GS,1,1754424090,0S 2001+ TSS/GCS,1754438559,1754438565,537,0,0
1754424120_GS.N04R,120200_GS.N04R,GS,0,1754424120,0S 2002  GCS/TSS,1754438600,1754438604,549,0,0
1754424150_1..N03R,120250_1..N03R,1,0,1754424150,01 2002+ SFT/242,1754442126,1754442129,1430,0,0
1754424150_4..S06R,120250_4..S06R,4,1,1754424150,04 2002+ WDL/UTI,1754442153,1754442159,1436,0,0
1754424150_6..N01R,120250_6..N01R,6,0,1754424150,06 2002+ BBR/PEL,1754442633,1754442639,1553,0,0
1754424150_7..S,120250_7..S,7,1,1754424150,07 2002+ MST/34H,1754440734,1754440740,1111,0,0
1754424180_5..N71R,120300_5..N71R,5,0,1754424180,05 2003  FLA/DYR,1754443575,1754443578,1793,0,0
1754424240_1..S03R,120400_1..S03R,1,1,1754424240,01 2004  242/SFT,1754442084,1754442090,1419,0,0
1754424270_7..N,120450_7..N,7,0,1754424270,07 2004+ 34H/MST,1754440794,1754440800,1101,0,0
1754424330_3..N56R,120550_3..N56R,3,0,1754424330,03 2005+ NLT/135,1754442498,1754442501,1455,0,0
1754424330_6..S01R,120550_6..S01R,6,1,1754424330,06 2005+ PEL/BBR,1754442273,1754442279,1401,0,0
1754424330_GS.S04R,120550_GS.S04R,GS,1,1754424330,0S 2005+ TSS/GCS,1754438799,1754438805,539,0,0
1754424360_GS.N01R,120600_GS.N01R,GS,0,1754424360,0S 2006  GCS/TSS,1754438850,1754438853,552,0,0
1754424390_1..N03R,120650_1..N03R,1,0,1754424390,01 2006+ SFT/242,1754442528,1754442531,1462,0,0
1754424390_7..S,120650_7..S,7,1,1754424390,07 2006+ MST/34H,1754440923,1754440926,1103,0,0
1754424420_6..N02R,120700_6..N02R,6X,0,1754424420,06 2007  BBR/PEL,1754442354,1754442360,1420,0,0
1754424450_3..S01R,120750_3..S01R,3,1,1754424450,03 2007+ 148/NLT,1754443245,1754443248,1642,0,0
1754424480_2..N01R,120800_2..N01R,2,0,1754424480,02 2008  FLA/241,1754445375,1754445378,2212,0,0
1754424480_4..N06R,120800_4..N06R,4,0,1754424480,04 2008  UTI/WDL,1754442726,1754442729,1513,0,0
1754424510_1..S03R,120850_1..S03R,1,1,1754424510,01 2008+ 242/SFT,1754442183,1754442189,1380,0,0
1754424510_4..S06R,120850_4..S06R,4,1,1754424510,04 2008+ WDL/UTI,1754442654,1754442660,1495,0,0
1754424510_7X..N,120850_7X..N,7X,0,1754424510,07 2008+ 34H/MST,1754440815,1754440818,1037,0,0
1754424540_7..S,120900_7..S,7,1,1754424540,07 2009 MST/34H,1754441103,1754441109,1100,0,0
1754424570_GS.S01R,120950_GS.S01R,GS,1,1754424570,0S 2009+ TSS/GCS,1754439045,1754439048,526,0,0
1754424600_GS.N04R,121000_GS.N04R,GS,0,1754424600,0S 2010  GCS/TSS,1754439078,1754439080,535,0,0
1754424630_6..S01R,121050_6..S01R,6,1,1754424630,06 2010+ PEL/BBR,1754442561,1754442564,1393,0,0
1754424660_1..N03R,121100_1..N03R,1,0,1754424660,01 2011  SFT/242,1754442738,1754442741,1438,0,0
1754424690_5..N71R,121150_5..N71R,5,0,1754424690,05 2011+ FLA/DYR,1754444205,1754444208,1817,0,0
1754424690_6..N03R,121150_6..N03R,6,0,1754424690,06 2011+ BBR/177,1754442153,1754442159,1295,0,0
1754424750_7..N,121250_7..N,7,0,1754424750,07 2012+ 34H/MST,1754441289,1754441295,1077,0,0
1754424750_7..S,121250_7..S,7,1,1754424750,07 2012+ MST/34H,1754441340,1754441343,1089,0,0
1754424780_1..S03R,121300_1..S03R,1,1,1754424780,01 2013  242/SFT,1754442513,1754442519,1381,0,0
1754424780_2..S01R,121300_2..S01R,2,1,1754424780,02 2013  241/FLA,1754445126,1754445130,2069,0,0
1754424810_3..N01R,121350_3..N01R,3,0,1754424810,03 2013+ NLT/148,1754443164,1754443170,1544,0,0
1754424810_GS.S04R,121350_GS.S04R,GS,1,1754424810,0S 2013+ TSS/GCS,1754439279,1754439285,589,0,0
1754424840_4..N06R,121400_4..N06R,4,0,1754424840,04 2014  UTI/WDL,1754443128,1754443134,1535,0,0
1754424840_GS.N01R,121400_GS.N01R,GS,0,1754424840,0S 2014  GCS/TSS,1754439324,1754439330,600,0,0
1754424870_2..N01R,121450_2..N01R,2,0,1754424870,02 2014+ FLA/241,1754445726,1754445730,2148,0,0
1754424900_5..S08R,121500_5..S08R,5,1,1754424900,05 2015  DYR/BWG,1754442474,1754442480,1290,0,0
1754424930_1..N03R,121550_1..N03R,1,0,1754424930,01 2015+ SFT/242,1754443068,1754443071,1439,0,0
1754424930_6..S01R,121550_6..S01R,6,1,1754424930,06 2015+ PEL/BBR,1754443011,1754443014,1424,0,0
1754424960_6..N02R,121600_6..N02R,6X,0,1754424960,06 2016  BBR/PEL,1754443113,1754443119,1451,0,0
1754424960_7..S,121600_7..S,7,1,1754424960,07 2016 MST/34H,1754441574,1754441580,1103,0,0
1754424990_4..S06R,121650_4..S06R,4,1,1754424990,04 2016+ WDL/UTI,1754443086,1754443089,1444,0,0
1754424990_7X..N,121650_7X..N,7X,0,1754424990,07 2016+ 34H/MST,1754441475,1754441478,1079,0,0
1754425050_1..S03R,121750_1..S03R,1,1,1754425050,01 2017+ 242/SFT,1754442954,1754442960,1408,0,0
1754425050_GS.S01R,121750_GS.S01R,GS,1,1754425050,0S 2017+ TSS/GCS,1754439534,1754439540,575,0,0
1754425080_4..N06R,121800_4..N06R,4,0,1754425080,04 2018  UTI/WDL,1754443344,1754443350,1508,0,0
1754425080_GS.N04R,121800_GS.N04R,GS,0,1754425080,0S 2018  GCS/TSS,1754439564,1754439570,582,0,0
1754425140_3..S01R,121900_3..S01R,3,1,1754425140,03 2019  148/NLT,1754443374,1754443380,1062,0,0
1754425170_5..N71R,121950_5..N71R,5,0,1754425170,05 2019+ FLA/DYR,1754444455,1754444460,1722,0,0
1754425170_7..S,121950_7..S,7,1,1754425170,07 2019+ MST/34H,1754441814,1754441820,1106,0,0
1754425200_1..N14R,122000_1..N14R,1,0,1754425200,01 2020  SFT/215,1754442618,1754442621,1244,0,0
1754425230_6..N01R,122050_6..N01R,6,0,1754425230,06 2020+ BBR/PEL,1754443464,1754443470,1459,0,0
1754425230_7..N,122050_7..N,7,0,1754425230,07 2020+ 34H/MST,1754441724,1754441730,1066,0,0
1754425290_GS.S04R,122150_GS.S04R,GS,1,1754425290,0S 2021+ TSS/GCS,1754439774,1754439780,558,0,0
1754425320_GS.N01R,122200_GS.N01R,GS,0,1754425320,0S 2022  GCS/TSS,1754439819,1754439825,570,0,0
1754425350_1..S03R,122250_1..S03R,1,1,1754425350,01 2022+ 242/SFT,1754443068,1754443071,1357,0,0
1754425380_3..N01R,122300_3..N01R,3,0,1754425380,03 2023  NLT/148,1754444085,1754444088,1619,0,0
1754425380_3..S01R,122300_3..S01R,3,1,1754425380,03 2023  148/NLT,1754439084,1754439090,372,0,0
1754425380_4..S06R,122300_4..S06R,4,1,1754425380,04 2023  WDL/UTI,1754443605,1754443608,1496,0,0
1754425380_7..S,122300_7..S,7,1,1754425380,07 2023 MST/34H,1754441979,1754441985,1087,0,0
1754425440_2..N01R,122400_2..N01R,2,0,1754425440,02 2024  FLA/241,1754446518,1754446521,2280,0,0
1754425470_1..N03R,122450_1..N03R,1,0,1754425470,01 2024+ SFT/242,1754443476,1754443479,1382,0,0
1754425470_7X..N,122450_7X..N,7X,0,1754425470,07 2024+ 34H/MST,1754441913,1754441916,1047,0,0
1754425500_4..N06R,122500_4..N06R,4,0,1754425500,04 2025  UTI/WDL,1754443725,1754443728,1445,0,0
1754425500_5..S08R,122500_5..S08R,5,1,1754425500,05 2025  DYR/BWG,1754443173,1754443176,1302,0,0
1754425530_6..N01R,122550_6..N01R,6,0,1754425530,06 2025+ BBR/PEL,1754443773,1754443779,1458,0,0
1754425530_6..S01R,122550_6..S01R,6,1,1754425530,06 2025+ PEL/BBR,1754443611,1754443614,1418,0,0
1754425530_GS.S01R,122550_GS.S01R,GS,1,1754425530,0S 2025+ TSS/GCS,1754440005,1754440008,539,0,0
1754425560_GS.N04R,122600_GS.N04R,GS,0,1754425560,0S 2026  GCS/TSS,1754440026,1754440029,545,0,0
1754425590_7..S,122650_7..S,7,1,1754425590,07 2026+ MST/34H,1754442144,1754442150,1071,0,0
1754425650_1..S03R,122750_1..S03R,1,1,1754425650,01 2027+ 242/SFT,1754443476,1754443479,1382,0,0
1754425650_5..N71R,122750_5..N71R,5,0,1754425650,05 2027+ FLA/DYR,1754444665,1754444670,1700,0,0
1754425710_7..N,122850_7..N,7,0,1754425710,07 2028+ 34H/MST,1754442204,1754442210,1059,0,0
1754425770_GS.S04R,122950_GS.S04R,GS,1,1754425770,0S 2029+ TSS/GCS,1754440248,1754440250,523,0,0
1754425800_3..N01R,123000_3..N01R,3,0,1754425800,03 2030  NLT/148,1754444433,1754444440,1556,0,0
1754425800_7..S,123000_7..S,7,1,1754425800,07 2030 MST/34H,1754442363,1754442369,1045,0,0
1754425800_GS.N01R,123000_GS.N01R,GS,0,1754425800,0S 2030  GCS/TSS,1754440290,1754440293,534,0,0
1754425830_3..S01R,123050_3..S01R,3,1,1754425830,03 2030+ 148/NLT,1754443926,1754443929,1417,0,0
1754425830_6..S01R,123050_6..S01R,6,1,1754425830,06 2030+ PEL/BBR,1754443773,1754443779,1377,0,0
1754425860_1..N03R,123100_1..N03R,1,0,1754425860,01 2031  SFT/242,1754443935,1754443938,927,0,0
1754425860_4..N06R,123100_4..N06R,4,0,1754425860,04 2031  UTI/WDL,1754444155,1754444160,1478,0,0
1754425860_6..N03R,123100_6..N03R,6,0,1754425860,06 2031  BBR/177,1754443254,1754443260,1242,0,0
1754425890_4..S06R,123150_4..S06R,4,1,1754425890,04 2031+ WDL/UTI,1754443923,1754443926,1416,0,0
1754425920_2..N01R,123200_2..N01R,2,0,1754425920,02 2032  FLA/241,1754446695,1754446698,2167,0,0
1754425950_7X..N,123250_7X..N,7X,0,1754425950,07 2032+ 34H/MST,1754442300,1754442303,1008,0,0
1754425980_2..S01R,123300_2..S01R,2,1,1754425980,02 2033  241/FLA,1754446266,1754446270,2051,0,0
1754426010_7..S,123350_7..S,7,1,1754426010,07 2033+ MST/34H,1754442771,1754442774,1068,0,0
1754426010_GS.S01R,123350_GS.S01R,GS,1,1754426010,0S 2033+ TSS/GCS,1754440475,1754440479,583,0,0
1754426100_5..S08R,123500_5..S08R,5,1,1754426100,05 2035  DYR/BWG,1754443794,1754443800,1300,0,0
1754426100_GS.N04R,123500_GS.N04R,GS,0,1754426100,0S 2035  GCS/TSS,1754440569,1754440575,523,0,0
1754426160_6..N01R,123600_6..N01R,6,0,1754426160,06 2036  BBR/PEL,1754444376,1754444380,1458,0,0
1754426190_5..N71R,123650_5..N71R,5,0,1754426190,05 2036+ FLA/DYR,1754445205,1754445210,1683,0,0
1754426190_6..S01R,123650_6..S01R,6,1,1754426190,06 2036+ PEL/BBR,1754444103,1754444106,1381,0,0
1754426190_7..N,123650_7..N,7,0,1754426190,07 2036+ 34H/MST,1754442834,1754442840,1084,0,0
1754426220_7..S,123700_7..S,7,1,1754426220,07 2037 MST/34H,1754442849,1754442855,1073,0,0
1754426250_4..N06R,123750_4..N06R,4,0,1754426250,04 2037+ UTI/WDL,1754444595,1754444598,1517,0,0
1754426280_1..N03R,123800_1..N03R,1,0,1754426280,01 2038  SFT/242,1754444275,1754444280,1431,0,0
1754426310_1..S03R,123850_1..S03R,1,1,1754426310,01 2038+ 242/SFT,1754444004,1754444010,1355,0,0
1754426310_GS.S04R,123850_GS.S04R,GS,1,1754426310,0S 2038+ TSS/GCS,1754440806,1754440809,576,0,0
1754426340_2..N01R,123900_2..N01R,2,0,1754426340,02 2039  FLA/241,1754447190,1754447193,2216,0,0
1754426340_3..N01R,123900_3..N01R,3,0,1754426340,03 2039  NLT/148,1754445145,1754445150,1666,0,0
1754426400_4..S06R,124000_4..S06R,4,1,1754426400,04 2040  WDL/UTI,1754444505,1754444508,1413,0,0
1754426400_GS.N01R,124000_GS.N01R,GS,0,1754426400,0S 2040  GCS/TSS,1754440899,1754440905,518,0,0
1754426430_7..S,124050_7..S,7,1,1754426430,07 2040+ MST/34H,1754443299,1754443305,1133,0,0
1754426430_7X..N,124050_7X..N,7X,0,1754426430,07 2040+ 34H/MST,1754442729,1754442735,990,0,0
1754426460_6..N01R,124100_6..N01R,6,0,1754426460,06 2041  BBR/PEL,1754444616,1754444620,1443,0,0
1754426490_6..S,124150_6..S,6,1,1754426490,/6 2041+ PEL/BBR,1754444800,1754444805,59,0,0
1754426490_6..S01R,124150_6..S01R,6,1,1754426490,/6 2041+ PEL/BBR,1754444511,1754444515,1415,0,0
1754426550_1..N03R,124250_1..N03R,1,0,1754426550,01 2042+ SFT/242,1754444565,1754444568,1429,0,0
1754426610_GS.S01R,124350_GS.S01R,GS,1,1754426610,0S 2043+ TSS/GCS,1754441079,1754441085,555,0,0
1754426640_7..S,124400_7..S,7,1,1754426640,07 2044 MST/34H,1754443383,1754443386,1101,0,0
1754426670_7..N,124450_7..N,7,0,1754426670,07 2044+ 34H/MST,1754443239,1754443245,1005,0,0
1754426700_2..N01R,124500_2..N01R,2,0,1754426700,02 2045  FLA/241,1754447430,1754447433,2121,0,0
1754426700_5..S08R,124500_5..S08R,5,1,1754426700,05 2045  DYR/BWG,1754444415,1754444418,1309,0,0
1754426700_GS.N04R,124500_GS.N04R,GS,0,1754426700,0S 2045  GCS/TSS,1754441178,1754441181,497,0,0
1754426730_3..N01R,124550_3..N01R,3,0,1754426730,03 2045+ NLT/148,1754445535,1754445540,1611,0,0
1754426730_3..S01R,124550_3..S01R,3,1,1754426730,03 2045+ 148/NLT,1754445075,1754445078,1123,0,0
1754426760_6..N01R,124600_6..N01R,6,0,1754426760,06 2046  BBR/PEL,1754445015,1754445018,1471,0,0
1754426820_1..N03R,124700_1..N03R,1,0,1754426820,01 2047  SFT/242,1754444736,1754444740,1396,0,0
1754426850_4..N06R,124750_4..N06R,4,0,1754426850,04 2047+ UTI/WDL,1754445225,1754445228,1528,0,0
1754426880_7..S,124800_7..S,7,1,1754426880,07 2048 MST/34H,1754443539,1754443545,1058,0,0
1754426910_4..S06R,124850_4..S06R,4,1,1754426910,04 2048+ WDL/UTI,1754444931,1754444935,1449,0,0
1754426910_6..S01R,124850_6..S01R,6,1,1754426910,06 2048+ PEL/BBR,1754445006,1754445010,1469,0,0
1754426910_7X..N,124850_7X..N,7X,0,1754426910,07 2048+ 34H/MST,1754443419,1754443425,1026,0,0
1754426910_GS.S04R,124850_GS.S04R,GS,1,1754426910,0S 2048+ TSS/GCS,1754441388,1754441394,546,0,0
1754426940_1..S03R,124900_1..S03R,1,1,1754426940,01 2049  242/SFT,1754444695,1754444700,1384,0,0
1754427000_3..S01R,125000_3..S01R,3,1,1754427000,03 2050  148/NLT,1754440575,1754440578,284,0,0
1754427000_GS.N01R,125000_GS.N01R,GS,0,1754427000,0S 2050  GCS/TSS,1754441484,1754441490,488,0,0
1754427060_6..N01R,125100_6..N01R,6,0,1754427060,06 2051  BBR/PEL,1754445315,1754445318,1472,0,0
1754427060_7..N,125100_7..N,7,0,1754427060,07 2051 34H/MST,1754443638,1754443644,1053,0,0
1754427090_1..N03R,125150_1..N03R,1,0,1754427090,01 2051+ SFT/242,1754444995,1754445000,1386,0,0
1754427090_4..N06R,125150_4..N06R,4,0,1754427090,04 2051+ UTI/WDL,1754445435,1754445438,1504,0,0
1754427120_7..S,125200_7..S,7,1,1754427120,07 2052 MST/34H,1754443689,1754443695,1053,0,0
1754427150_2..N01R,125250_2..N01R,2,0,1754427150,02 2052+ FLA/241,1754448870,1754448873,2426,0,0
1754427180_3..N56R,125300_3..N56R,3,0,1754427180,03 2053  NLT/135,1754445445,1754445450,1507,0,0
1754427210_GS.S01R,125350_GS.S01R,GS,1,1754427210,0S 2053+ TSS/GCS,1754441679,1754441685,531,0,0
1754427270_1..S03R,125450_1..S03R,1,1,1754427270,01 2054+ 242/SFT,1754444946,1754444950,1292,0,0
1754427270_6..S01R,125450_6..S01R,6,1,1754427270,06 2054+ PEL/BBR,1754445235,1754445240,1370,0,0
1754427300_GS.N04R,125500_GS.N04R,GS,0,1754427300,0S 2055  GCS/TSS,1754441778,1754441781,475,0,0
1754427330_4..N06R,125550_4..N06R,4,0,1754427330,04 2055+ UTI/WDL,1754445681,1754445685,1490,0,0
1754427360_1..N03R,125600_1..N03R,1,0,1754427360,01 2056  SFT/242,1754445246,1754445250,1373,0,0
1754427360_6..N03R,125600_6..N03R,6,0,1754427360,06 2056  BBR/177,1754444920,1754444925,1285,0,0
1754427360_7..S,125600_7..S,7,1,1754427360,07 2056 MST/34H,1754443848,1754443851,1024,0,0
1754427390_2..S01R,125650_2..S01R,2,1,1754427390,02 2056+ 241/FLA,1754447490,1754447493,1976,0,0
1754427390_5..S08R,125650_5..S08R,5,1,1754427390,05 2056+ DYR/BWG,1754445066,1754445070,1325,0,0
1754427390_7X..N,125650_7X..N,7X,0,1754427390,07 2056+ 34H/MST,1754443629,1754443635,910,0,0
1754427420_4..S06R,125700_4..S06R,4,1,1754427420,04 2057  WDL/UTI,1754445471,1754445475,1432,0,0
1754427510_GS.S04R,125850_GS.S04R,GS,1,1754427510,0S 2058+ TSS/GCS,1754442009,1754442015,531,0,0
1754427540_2..N01R,125900_2..N01R,2,1,1754427540,02 2059  FLA/241,1754454644,1754454646,3885,0,0
1754427570_1..S03R,125950_1..S03R,1,1,1754427570,01 2059+ 242/SFT,1754445285,1754445288,1303,0,0
1754427600_3..N01R,126000_3..N01R,3,0,1754427600,03 2100  NLT/148,1754446275,1754446278,1570,0,0
1754427600_7..S,126000_7..S,7,1,1754427600,07 2100 MST/34H,1754444016,1754444019,1008,0,0
1754427600_GS.N01R,126000_GS.N01R,GS,0,1754427600,0S 2100  GCS/TSS,1754442096,1754442099,473,0,0
1754427630_3..S01R,126050_3..S01R,3,1,1754427630,03 2100+ 148/NLT,1754446155,1754446158,1538,0,0
1754427630_7..N,126050_7..N,7,0,1754427630,07 2100+ 34H/MST,1754444178,1754444181,1031,0,0
1754427660_4..N06R,126100_4..N06R,4,0,1754427660,04 2101  UTI/WDL,1754446086,1754446090,1520,0,0
1754427660_6..N01R,126100_6..N01R,6,0,1754427660,06 2101  BBR/PEL,1754446005,1754446008,1498,0,0
1754427690_6..S01R,126150_6..S01R,6,1,1754427690,06 2101+ PEL/BBR,1754445720,1754445723,1420,0,0
1754427810_GS.S01R,126350_GS.S01R,GS,1,1754427810,0S 2103+ TSS/GCS,1754442279,1754442285,515,0,0
1754427840_2..N01R,126400_2..N01R,2,0,1754427840,02 2104  FLA/241,1754454614,1754454616,3764,0,0
1754427840_5..S08R,126400_5..S08R,5,1,1754427840,05 2104  DYR/BWG,1754445475,1754445480,1353,0,0
1754427840_7..N,126400_7..N,7,0,1754427840,07 2104 34H/MST,1754444421,1754444425,1012,0,0
1754427900_1..N,126500_1..N,1,0,1754427900,01 2105  SFT/215,1754445246,1754445250,817,0,0
1754427900_1..N03R,126500_1..N03R,1,0,1754427900,01 2105  SFT/242,1754442108,1754442111,396,0,0
1754427900_7..S,126500_7..S,7,1,1754427900,07 2105 MST/34H,1754444301,1754444305,979,0,0
1754427900_GS.N04R,126500_GS.N04R,GS,0,1754427900,0S 2105  GCS/TSS,1754442378,1754442381,460,0,0
1754427930_1..S03R,126550_1..S03R,1,1,1754427930,01 2105+ 242/SFT,1754445726,1754445730,1342,0,0
1754427960_4..S06R,126600_4..S06R,4,1,1754427960,04 2106  WDL/UTI,1754446140,1754446143,1454,0,0
1754427960_6..N01R,126600_6..N01R,6,0,1754427960,06 2106  BBR/PEL,1754446110,1754446113,1446,0,0
1754428050_7..N,126750_7..N,7,0,1754428050,07 2107+ 34H/MST,1754444583,1754444586,1035,0,0
1754428110_6..S01R,126850_6..S01R,6,1,1754428110,06 2108+ PEL/BBR,1754446050,1754446053,1430,0,0
1754428110_GS.S04R,126850_GS.S04R,GS,1,1754428110,0S 2108+ TSS/GCS,1754442600,1754442603,515,0,0
1754428140_2..S01R,126900_2..S01R,2,1,1754428140,02 2109  241/FLA,1754448078,1754448081,1971,0,0
1754428140_4..N06R,126900_4..N06R,4,0,1754428140,04 2109  UTI/WDL,1754446545,1754446548,1564,0,0
1754428170_1..N03R,126950_1..N03R,1,0,1754428170,01 2109+ SFT/242,1754446225,1754446230,1404,0,0
1754428200_5..N73R,127000_5..N73R,5,0,1754428200,05 2110  BWG/DYR,1754446125,1754446128,1376,0,0
1754428200_7..S,127000_7..S,7,1,1754428200,07 2110 MST/34H,1754444655,1754444658,1024,0,0
1754428200_GS.N01R,127000_GS.N01R,GS,0,1754428200,0S 2110  GCS/TSS,1754442708,1754442711,469,0,0
1754428260_7..N,127100_7..N,7,0,1754428260,07 2111 34H/MST,1754444785,1754444790,1049,0,0
1754428290_1..S03R,127150_1..S03R,1,1,1754428290,01 2111+ 242/SFT,1754445985,1754445990,1340,0,0
1754428320_2..N01R,127200_2..N01R,2,1,1754428320,02 2112  FLA/241,1754451109,1754451115,2710,0,0
1754428320_2..S01R,127200_2..S01R,2,1,1754428320,$2 2112  219/FLA,1754451283,1754451286,46,0,0
1754428320_3..N01R,127200_3..N01R,3,0,1754428320,03 2112  NLT/148,1754446746,1754446750,1545,0,0
1754428320_3..S01R,127200_3..S01R,3,1,1754428320,03 2112  148/NLT,1754446585,1754446590,1502,0,0
1754428320_6..N01R,127200_6..N01R,6,0,1754428320,06 2112  BBR/PEL,1754446525,1754446530,1782,0,0
1754428410_4..N06R,127350_4..N06R,4,0,1754428410,04 2113+ UTI/WDL,1754446665,1754446668,1523,0,0
1754428410_GS.S01R,127350_GS.S01R,GS,1,1754428410,0S 2113+ TSS/GCS,1754442885,1754442888,512,0,0
1754428440_1..N03R,127400_1..N03R,1,0,1754428440,01 2114  SFT/242,1754446326,1754446330,1432,0,0
1754428440_5..S01R,127400_5..S01R,5,1,1754428440,05 2114  DYR/180,1754443464,1754443470,662,0,0
1754428470_5..N73R,127450_5..N73R,5,0,1754428470,05 2114+ BWG/DYR,1754446425,1754446428,1392,0,0
1754428470_7..N,127450_7..N,7,0,1754428470,07 2114+ 34H/MST,1754445165,1754445168,1099,0,0
1754428500_7..S,127500_7..S,7,1,1754428500,07 2115 MST/34H,1754445130,1754445135,1087,0,0
1754428500_GS.N04R,127500_GS.N04R,GS,0,1754428500,0S 2115  GCS/TSS,1754442990,1754442993,473,0,0
1754428530_6..S01R,127550_6..S01R,6,1,1754428530,06 2115+ PEL/BBR,1754446518,1754446521,1418,0,0
1754428620_1..S03R,127700_1..S03R,1,1,1754428620,01 2117  242/SFT,1754446296,1754446300,1357,0,0
1754428620_4..S06R,127700_4..S06R,4,1,1754428620,04 2117  WDL/UTI,1754446840,1754446845,1505,0,0
1754428680_2..S01R,127800_2..S01R,2,1,1754428680,02 2118  241/FLA,1754448738,1754448741,2011,0,0
1754428680_6..N01R,127800_6..N01R,6,0,1754428680,06 2118  BBR/PEL,1754446788,1754446791,1853,0,0
1754428680_7..N,127800_7..N,7,0,1754428680,07 2118 34H/MST,1754445525,1754445528,1150,0,0
1754428710_1..N03R,127850_1..N03R,1,0,1754428710,01 2118+ SFT/242,1754446536,1754446540,1423,0,0
1754428710_GS.S04R,127850_GS.S04R,GS,1,1754428710,0S 2118+ TSS/GCS,1754443209,1754443215,529,0,0
1754428770_3..N01R,127950_3..N01R,3,0,1754428770,03 2119+ NLT/148,1754447230,1754447235,1544,0,0
1754428800_7..S,128000_7..S,7,1,1754428800,07 2120 MST/34H,1754445310,1754445315,1070,0,0
1754428800_GS.N01R,128000_GS.N01R,GS,0,1754428800,0S 2120  GCS/TSS,1754443299,1754443305,488,0,0
1754428890_7..N,128150_7..N,7,0,1754428890,07 2121+ 34H/MST,1754445693,1754445696,1144,0,0
1754428980_1..N03R,128300_1..N03R,1,0,1754428980,01 2123  SFT/242,1754447160,1754447163,1525,0,0
1754428980_2..S01R,128300_2..S01R,2,1,1754428980,02 2123  241/FLA,1754449630,1754449633,2168,0,0
1754428980_4..N06R,128300_4..N06R,4,0,1754428980,04 2123  UTI/WDL,1754447220,1754447223,1541,0,0
1754428980_6..S01R,128300_6..S01R,6,1,1754428980,06 2123  PEL/BBR,1754446953,1754446956,1471,0,0
1754429010_1..S03R,128350_1..S03R,1,1,1754429010,01 2123+ 242/SFT,1754446605,1754446608,1377,0,0
1754429010_5..N73R,128350_5..N73R,5,0,1754429010,05 2123+ BWG/DYR,1754446905,1754446908,1458,0,0
1754429010_GS.S01R,128350_GS.S01R,GS,1,1754429010,0S 2123+ TSS/GCS,1754443494,1754443500,540,0,0
1754429040_3..S01R,128400_3..S01R,3,1,1754429040,03 2124  148/NLT,1754447560,1754447565,1633,0,0
1754429040_6..N01R,128400_6..N01R,6,0,1754429040,06 2124  BBR/PEL,1754447200,1754447205,1963,0,0
1754429070_5..S01R,128450_5..S01R,5,1,1754429070,05 2124+ DYR/180,1754444094,1754444100,626,0,0
1754429100_7..N,128500_7..N,7,0,1754429100,07 2125 34H/MST,1754445921,1754445925,1150,0,0
1754429100_7..S,128500_7..S,7,1,1754429100,07 2125 MST/34H,1754445543,1754445546,1047,0,0
1754429100_GS.N04R,128500_GS.N04R,GS,0,1754429100,0S 2125  GCS/TSS,1754443593,1754443596,497,0,0
1754429220_4..S06R,128700_4..S06R,4,1,1754429220,04 2127  WDL/UTI,1754447410,1754447415,1523,0,0
1754429280_2..N01R,128800_2..N01R,2,0,1754429280,02 2128  FLA/241,1754443050,1754443683,47,0,0
1754429310_2..N01R,128850_2..N01R,2,1,1754429310,02 2128+ FLA/241,1754453104,1754453110,3044,0,0
1754429310_7..N,128850_7..N,7,0,1754429310,07 2128+ 34H/MST,1754446140,1754446143,1178,0,0
1754429310_GS.S04R,128850_GS.S04R,GS,1,1754429310,0S 2128+ TSS/GCS,1754443824,1754443830,555,0,0
1754429370_1..S03R,128950_1..S03R,1,1,1754429370,01 2129+ 242/SFT,1754447080,1754447085,1362,0,0
1754429400_1..N03R,129000_1..N03R,1,0,1754429400,01 2130  SFT/242,1754447260,1754447265,1009,0,0
1754429400_6..N01R,129000_6..N01R,6,0,1754429400,06 2130  BBR/PEL,1754447530,1754447535,2051,0,0
1754429400_7..S,129000_7..S,7,1,1754429400,07 2130 MST/34H,1754445876,1754445880,1081,0,0
1754429400_GS.N01R,129000_GS.N01R,GS,0,1754429400,0S 2130  GCS/TSS,1754443899,1754443905,502,0,0
1754429490_6..S01R,129150_6..S01R,6,1,1754429490,06 2131+ PEL/BBR,1754447508,1754447511,1476,0,0
1754429550_7..N,129250_7..N,7,0,1754429550,07 2132+ 34H/MST,1754446225,1754446230,1129,0,0
1754429580_4..N06R,129300_4..N06R,4,0,1754429580,04 2133  UTI/WDL,1754447919,1754447925,1587,0,0
1754429580_5..N73R,129300_5..N73R,5,0,1754429580,05 2133  BWG/DYR,1754447208,1754447211,1396,0,0
1754429610_GS.S01R,129350_GS.S01R,GS,1,1754429610,0S 2133+ TSS/GCS,1754444091,1754444094,552,0,0
1754429640_2..S01R,129400_2..S01R,2,1,1754429640,02 2134  241/FLA,1754449819,1754449825,2092,0,0
1754429700_1..S03R,129500_1..S03R,1,1,1754429700,01 2135  242/SFT,1754447418,1754447421,1380,0,0
1754429700_7..S,129500_7..S,7,1,1754429700,07 2135 MST/34H,1754446101,1754446105,1039,0,0
1754429700_GS.N04R,129500_GS.N04R,GS,0,1754429700,0S 2135  GCS/TSS,1754444200,1754444205,511,0,0
1754429760_3..S01R,129600_3..S01R,3,1,1754429760,03 2136  148/NLT,1754448270,1754448273,1608,0,0
1754429760_6..N03R,129600_6..N03R,6,0,1754429760,06 2136  BBR/177,1754447256,1754447260,1337,0,0
1754429790_2..N01R,129650_2..N01R,2,0,1754429790,02 2136+ FLA/241,1754454889,1754454895,3375,0,0
1754429790_5..S01R,129650_5..S01R,5,1,1754429790,05 2136+ DYR/180,1754445025,1754445030,732,0,0
1754429790_7..N,129650_7..N,7,0,1754429790,07 2136+ 34H/MST,1754446390,1754446395,1117,0,0
1754429820_1..N03R,129700_1..N03R,1,0,1754429820,01 2137  SFT/242,1754447898,1754447901,1509,0,0
1754429820_4..S06R,129700_4..S06R,4,1,1754429820,04 2137  WDL/UTI,1754447994,1754448000,1535,0,0
1754429910_GS.S04R,129850_GS.S04R,GS,1,1754429910,0S 2138+ TSS/GCS,1754444421,1754444425,573,0,0
1754430000_6..S01R,130000_6..S01R,6,1,1754430000,06 2140  PEL/BBR,1754448060,1754448063,1480,0,0
1754430000_7..S,130000_7..S,7,1,1754430000,07 2140 MST/34H,1754446765,1754446770,1182,0,0
1754430000_GS.N01R,130000_GS.N01R,GS,0,1754430000,0S 2140  GCS/TSS,1754444485,1754444490,517,0,0
1754430030_7..N,130050_7..N,7,0,1754430030,07 2140+ 34H/MST,1754446675,1754446680,1143,0,0
1754430060_3..N01R,130100_3..N01R,3,0,1754430060,03 2141  NLT/148,1754448588,1754448591,1388,0,0
1754430060_6..N01R,130100_6..N01R,6,0,1754430060,06 2141  BBR/PEL,1754448249,1754448255,1531,0,0
1754430090_1..S03R,130150_1..S03R,1,1,1754430090,01 2141+ 242/SFT,1754447778,1754447781,1405,0,0
1754430180_4..N06R,130300_4..N06R,4,0,1754430180,04 2143  UTI/WDL,1754448498,1754448501,1597,0,0
1754430210_GS.S01R,130350_GS.S01R,GS,1,1754430210,0S 2143+ TSS/GCS,1754444661,1754444665,566,0,0
1754430240_5..N73R,130400_5..N73R,5,0,1754430240,05 2144  BWG/DYR,1754448129,1754448135,1499,0,0
1754430270_2..N01R,130450_2..N01R,2,1,1754430270,02 2144+ FLA/241,1754450974,1754450980,2182,0,0
1754430300_7..S,130500_7..S,7,1,1754430300,07 2145 MST/34H,1754446960,1754446965,1145,0,0
1754430300_GS.N04R,130500_GS.N04R,GS,0,1754430300,0S 2145  GCS/TSS,1754444785,1754444790,524,0,0
1754430330_7..N,130550_7..N,7,0,1754430330,07 2145+ 34H/MST,1754446911,1754446915,1132,0,0
1754430360_4..S06R,130600_4..S06R,4,1,1754430360,04 2146  WDL/UTI,1754448405,1754448408,1496,0,0
1754430360_6..N01R,130600_6..N01R,6,0,1754430360,06 2146  BBR/PEL,1754448510,1754448513,1524,0,0
1754430360_7..S,130600_7..S,7X,1,1754430360,E7 2146 WPT/34H,1754446570,1754446575,447,0,0
1754430420_2..S01R,130700_2..S01R,2,1,1754430420,02 2147  241/FLA,1754450389,1754450395,2024,0,0
1754430450_6..S01R,130750_6..S01R,6,1,1754430450,06 2147+ PEL/BBR,1754448429,1754448435,1503,0,0
1754430480_1..N03R,130800_1..N03R,1,0,1754430480,01 2148  SFT/242,1754448360,1754448363,1484,0,0
1754430510_1..S03R,130850_1..S03R,1,1,1754430510,01 2148+ 242/SFT,1754448198,1754448201,1441,0,0
1754430510_3..S01R,130850_3..S01R,3,1,1754430510,03 2148+ 148/NLT,1754448699,1754448705,1575,0,0
1754430510_5..S01R,130850_5..S01R,5,1,1754430510,05 2148+ DYR/180,1754445711,1754445715,773,0,0
1754430510_GS.S04R,130850_GS.S04R,GS,1,1754430510,0S 2148+ TSS/GCS,1754445025,1754445030,588,0,0
1754430600_7..S,131000_7..S,7,1,1754430600,07 2150 MST/34H,1754447250,1754447253,1160,0,0
1754430600_GS.N01R,131000_GS.N01R,GS,0,1754430600,0S 2150  GCS/TSS,1754445105,1754445108,534,0,0
1754430630_7..N,131050_7..N,7,0,1754430630,07 2150+ 34H/MST,1754447073,1754447076,1091,0,0
1754430720_7..S,131200_7..S,7X,1,1754430720,E7 2152 WPT/34H,1754447091,1754447095,485,0,0
1754430750_6..N01R,131250_6..N01R,6,0,1754430750,06 2152+ BBR/PEL,1754449128,1754449131,1613,0,0
1754430780_4..N06R,131300_4..N06R,4,0,1754430780,04 2153  UTI/WDL,1754449290,1754449293,1656,0,0
1754430810_GS.S01R,131350_GS.S01R,GS,1,1754430810,0S 2153+ TSS/GCS,1754445270,1754445273,578,0,0
1754430840_1..N03R,131400_1..N03R,1,0,1754430840,01 2154  SFT/242,1754448870,1754448873,1544,0,0
1754430840_5..N73R,131400_5..N73R,5,0,1754430840,05 2154  BWG/DYR,1754448480,1754448483,1440,0,0
1754430900_7..S,131500_7..S,7,1,1754430900,07 2155 MST/34H,1754447628,1754447631,1179,0,0
1754430900_GS.N04R,131500_GS.N04R,GS,0,1754430900,0S 2155  GCS/TSS,1754445375,1754445378,530,0,0
1754430930_2..N01R,131550_2..N01R,2,1,1754430930,02 2155+ FLA/241,1754452259,1754452261,2372,0,0
1754430930_4..S06R,131550_4..S06R,4,1,1754430930,04 2155+ WDL/UTI,1754448966,1754448969,1494,0,0
1754430930_6..S01R,131550_6..S01R,6,1,1754430930,06 2155+ PEL/BBR,1754449044,1754449050,1515,0,0
1754430930_7..N,131550_7..N,7,0,1754430930,07 2155+ 34H/MST,1754447526,1754447530,1151,0,0
1754430960_3..N01R,131600_3..N01R,3,0,1754430960,03 2156  NLT/148,1754449320,1754449323,1588,0,0
1754430990_1..S03R,131650_1..S03R,1,1,1754430990,01 2156+ 242/SFT,1754448738,1754448741,1433,0,0
1754431110_6..N01R,131850_6..N01R,6,0,1754431110,06 2158+ BBR/PEL,1754449260,1754449263,1572,0,0
1754431110_GS.S04R,131850_GS.S04R,GS,1,1754431110,0S 2158+ TSS/GCS,1754445600,1754445603,590,0,0
1754431200_1..N03R,132000_1..N03R,1,0,1754431200,01 2200  SFT/242,1754449008,1754449011,1427,0,0
1754431200_7..S,132000_7..S,7,1,1754431200,07 2200 MST/34H,1754448033,1754448036,1169,0,0
1754431200_GS.N01R,132000_GS.N01R,GS,0,1754431200,0S 2200  GCS/TSS,1754445700,1754445705,540,0,0
1754431230_7..N,132050_7..N,7,0,1754431230,07 2200+ 34H/MST,1754447931,1754447934,1180,0,0
1754431260_5..S01R,132100_5..S01R,5,1,1754431260,05 2201  DYR/180,1754446435,1754446440,739,0,0
1754431260_7..S,132100_7..S,7X,1,1754431260,E7 2201 WPT/34H,1754447440,1754447445,467,0,0
1754431380_3..S01R,132300_3..S01R,3,1,1754431380,03 2203  148/NLT,1754450050,1754450053,1703,0,0
1754431380_4..N06R,132300_4..N06R,4,0,1754431380,04 2203  UTI/WDL,1754449639,1754449645,1594,0,0
1754431410_6..S01R,132350_6..S01R,6,1,1754431410,06 2203+ PEL/BBR,1754449564,1754449570,1574,0,0
1754431410_GS.S01R,132350_GS.S01R,GS,1,1754431410,0S 2203+ TSS/GCS,1754445873,1754445876,587,0,0
1754431440_5..N73R,132400_5..N73R,5,0,1754431440,05 2204  BWG/DYR,1754449128,1754449131,1459,0,0
1754431470_1..S03R,132450_1..S03R,1,1,1754431470,01 2204+ 242/SFT,1754449308,1754449311,1430,0,0
1754431470_6..N01R,132450_6..N01R,6,0,1754431470,06 2204+ BBR/PEL,1754449780,1754449783,1554,0,0
1754431500_7..S,132500_7..S,7,1,1754431500,07 2205 MST/34H,1754448219,1754448225,1139,0,0
1754431500_GS.N04R,132500_GS.N04R,GS,0,1754431500,0S 2205  GCS/TSS,1754445970,1754445975,536,0,0
1754431530_7..N,132550_7..N,7,0,1754431530,07 2205+ 34H/MST,1754448153,1754448156,1161,0,0
1754431560_1..N03R,132600_1..N03R,1,0,1754431560,01 2206  SFT/242,1754449368,1754449371,1446,0,0
1754431560_3..N01R,132600_3..N01R,3,0,1754431560,03 2206  NLT/148,1754449990,1754449993,1610,0,0
1754431620_4..S06R,132700_4..S06R,4,1,1754431620,04 2207  WDL/UTI,1754449783,1754449786,1555,0,0
1754431710_GS.S04R,132850_GS.S04R,GS,1,1754431710,0S 2208+ TSS/GCS,1754446176,1754446180,592,0,0
1754431800_7..S,133000_7..S,7,1,1754431800,07 2210 MST/34H,1754448399,1754448405,1138,0,0
1754431800_GS.N01R,133000_GS.N01R,GS,0,1754431800,0S 2210  GCS/TSS,1754446278,1754446281,535,0,0
1754431830_7..N,133050_7..N,7,0,1754431830,07 2210+ 34H/MST,1754448441,1754448444,1149,0,0
1754431860_7..S,133100_7..S,7X,1,1754431860,E7 2211 WPT/34H,1754447880,1754447883,419,0,0
1754431890_6..N01R,133150_6..N01R,6,0,1754431890,06 2211+ BBR/PEL,1754450038,1754450041,1539,0,0
1754431920_1..N03R,133200_1..N03R,1,0,1754431920,01 2212  SFT/242,1754449648,1754449651,1435,0,0
1754431920_2..S01R,133200_2..S01R,2,1,1754431920,02 2212  241/FLA,1754452150,1754452154,2104,0,0
1754431950_6..S01R,133250_6..S01R,6,1,1754431950,06 2212+ PEL/BBR,1754449879,1754449885,1497,0,0
1754431980_4..N06R,133300_4..N06R,4,0,1754431980,04 2213  UTI/WDL,1754450368,1754450371,1627,0,0
1754432010_GS.S01R,133350_GS.S01R,GS,1,1754432010,0S 2213+ TSS/GCS,1754446476,1754446480,589,0,0
1754432040_5..N73R,133400_5..N73R,5,0,1754432040,05 2214  BWG/DYR,1754449879,1754449885,1497,0,0
1754432070_1..S03R,133450_1..S03R,1,1,1754432070,01 2214+ 242/SFT,1754449759,1754449765,1384,0,0
1754432070_2..N01R,133450_2..N01R,2,1,1754432070,02 2214+ FLA/241,1754452885,1754452889,2219,0,0
1754432100_7..S,133500_7..S,7,1,1754432100,07 2215 MST/34H,1754448639,1754448645,1134,0,0
1754432100_GS.N04R,133500_GS.N04R,GS,0,1754432100,0S 2215  GCS/TSS,1754446578,1754446581,536,0,0
1754432130_7..N,133550_7..N,7,0,1754432130,07 2215+ 34H/MST,1754448858,1754448861,1154,0,0
1754432220_4..S06R,133700_4..S06R,4,1,1754432220,04 2217  WDL/UTI,1754450293,1754450296,1526,0,0
1754432280_1..N03R,133800_1..N03R,1,0,1754432280,01 2218  SFT/242,1754449918,1754449921,1426,0,0
1754432310_6..N01R,133850_6..N01R,6,0,1754432310,06 2218+ BBR/PEL,1754450530,1754450533,1589,0,0
1754432310_GS.S04R,133850_GS.S04R,GS,1,1754432310,0S 2218+ TSS/GCS,1754446776,1754446780,589,0,0
1754432340_5..S01R,133900_5..S01R,5,1,1754432340,05 2219  DYR/180,1754447530,1754447535,790,0,0
1754432400_7..S,134000_7..S,7,1,1754432400,07 2220 MST/34H,1754448864,1754448870,1095,0,0
1754432400_GS.N01R,134000_GS.N01R,GS,0,1754432400,0S 2220  GCS/TSS,1754446870,1754446875,533,0,0
1754432430_7..N,134050_7..N,7,0,1754432430,07 2220+ 34H/MST,1754449275,1754449278,1204,0,0
1754432490_6..S01R,134150_6..S01R,6,1,1754432490,06 2221+ PEL/BBR,1754450395,1754450398,1471,0,0
1754432550_4..N06R,134250_4..N06R,4,0,1754432550,04 2222+ UTI/WDL,1754450788,1754450791,1578,0,0
1754432610_3..S01R,134350_3..S01R,3,1,1754432610,03 2223+ 148/NLT,1754450938,1754450941,1618,0,0
1754432610_GS.S01R,134350_GS.S01R,GS,1,1754432610,0S 2223+ TSS/GCS,1754447070,1754447073,585,0,0
1754432640_1..N03R,134400_1..N03R,1,0,1754432640,01 2224  SFT/242,1754450320,1754450323,1451,0,0
1754432640_2..S01R,134400_2..S01R,2,1,1754432640,02 2224  241/FLA,1754452924,1754452930,1978,0,0
1754432670_1..S03R,134450_1..S03R,1,1,1754432670,01 2224+ 242/SFT,1754450530,1754450533,1426,0,0
1754432700_7..S,134500_7..S,7,1,1754432700,07 2225 MST/34H,1754449176,1754449179,1088,0,0
1754432700_GS.N04R,134500_GS.N04R,GS,0,1754432700,0S 2225  GCS/TSS,1754447170,1754447175,531,0,0
1754432730_3..N01R,134550_3..N01R,3,0,1754432730,03 2225+ NLT/148,1754451409,1754451415,1663,0,0
1754432730_6..N01R,134550_6..N01R,6,0,1754432730,06 2225+ BBR/PEL,1754451100,1754451103,1580,0,0
1754432730_7..N,134550_7..N,7,0,1754432730,07 2225+ 34H/MST,1754449546,1754449549,1185,0,0
1754432820_4..S06R,134700_4..S06R,4,1,1754432820,04 2227  WDL/UTI,1754450890,1754450893,1524,0,0
1754432910_GS.S04R,134850_GS.S04R,GS,1,1754432910,0S 2228+ TSS/GCS,1754447373,1754447380,585,0,0
1754433000_1..N03R,135000_1..N03R,1,0,1754433000,01 2230  SFT/242,1754450518,1754450521,1343,0,0
1754433000_7..S,135000_7..S,7,1,1754433000,07 2230 MST/34H,1754449450,1754449453,1108,0,0
1754433000_GS.N01R,135000_GS.N01R,GS,0,1754433000,0S 2230  GCS/TSS,1754447478,1754447481,533,0,0
1754433030_7..N,135050_7..N,7,0,1754433030,07 2230+ 34H/MST,1754449888,1754449891,1208,0,0
1754433090_6..S01R,135150_6..S01R,6,1,1754433090,06 2231+ PEL/BBR,1754451124,1754451130,1507,0,0
1754433150_4..N06R,135250_4..N06R,4,0,1754433150,04 2232+ UTI/WDL,1754451319,1754451325,1559,0,0
1754433180_6..N01R,135300_6..N01R,6,0,1754433180,06 2233  BBR/PEL,1754451509,1754451511,1609,0,0
1754433210_GS.S01R,135350_GS.S01R,GS,1,1754433210,0S 2233+ TSS/GCS,1754447700,1754447703,593,0,0
1754433270_1..S03R,135450_1..S03R,1,1,1754433270,01 2234+ 242/SFT,1754451079,1754451085,1414,0,0
1754433300_7..S,135500_7..S,7,1,1754433300,07 2235 MST/34H,1754449720,1754449723,1103,0,0
1754433300_GS.N04R,135500_GS.N04R,GS,0,1754433300,0S 2235  GCS/TSS,1754447784,1754447790,535,0,0
1754433330_2..N01R,135550_2..N01R,2,1,1754433330,02 2235+ FLA/241,1754454064,1754454070,2211,0,0
1754433330_7..N,135550_7..N,7,0,1754433330,07 2235+ 34H/MST,1754450059,1754450065,1168,0,0
1754433360_1..N03R,135600_1..N03R,1,0,1754433360,01 2236  SFT/242,1754451100,1754451103,1419,0,0
1754433360_2..S01R,135600_2..S01R,2,1,1754433360,02 2236  241/FLA,1754453894,1754453896,2165,0,0
1754433390_5..S01R,135650_5..S01R,5,1,1754433390,05 2236+ DYR/180,1754448600,1754448603,752,0,0
1754433510_GS.S04R,135850_GS.S04R,GS,1,1754433510,0S 2238+ TSS/GCS,1754447994,1754448000,591,0,0
1754433540_3..N01R,135900_3..N01R,3,0,1754433540,03 2239  NLT/148,1754452289,1754452291,1736,0,0
1754433540_4..S06R,135900_4..S06R,4,1,1754433540,04 2239  WDL/UTI,1754451931,1754451934,1641,0,0
1754433600_7..S,136000_7..S,7,1,1754433600,07 2240 MST/34H,1754450095,1754450098,1115,0,0
1754433600_GS.N01R,136000_GS.N01R,GS,0,1754433600,0S 2240  GCS/TSS,1754448075,1754448078,530,0,0
1754433630_7..N,136050_7..N,7,0,1754433630,07 2240+ 34H/MST,1754450530,1754450533,1184,0,0
1754433660_6..N01R,136100_6..N01R,6,0,1754433660,06 2241  BBR/PEL,1754451959,1754451961,1566,0,0
1754433750_3..S01R,136250_3..S01R,3,1,1754433750,03 2242+ 148/NLT,1754452804,1754452810,1792,0,0
1754433750_4..N06R,136250_4..N06R,4,0,1754433750,04 2242+ UTI/WDL,1754452099,1754452105,1604,0,0
1754433780_1..N03R,136300_1..N03R,1,0,1754433780,01 2243  SFT/242,1754451619,1754451625,1476,0,0
1754433810_5..N01R,136350_5..N01R,5,0,1754433810,05 2243+ 180/DYR,1754448939,1754448945,761,0,0
1754433810_6..S01R,136350_6..S01R,6,1,1754433810,06 2243+ PEL/BBR,1754451814,1754451820,1528,0,0
1754433810_GS.S01R,136350_GS.S01R,GS,1,1754433810,0S 2243+ TSS/GCS,1754448276,1754448279,584,0,0
1754433870_1..S03R,136450_1..S03R,1,1,1754433870,01 2244+ 242/SFT,1754451709,1754451715,1419,0,0
1754433900_7..S,136500_7..S,7,1,1754433900,07 2245 MST/34H,1754450449,1754450455,1132,0,0
1754433900_GS.N04R,136500_GS.N04R,GS,0,1754433900,0S 2245  GCS/TSS,1754448369,1754448375,528,0,0
1754433930_7..N,136550_7..N,7,0,1754433930,07 2245+ 34H/MST,1754450629,1754450635,1143,0,0
1754433960_2..N01R,136600_2..N01R,2,0,1754433960,02 2246  FLA/241,1754455324,1754455330,2384,0,0
1754434080_2..S01R,136800_2..S01R,2,1,1754434080,02 2248  241/FLA,1754454904,1754454910,2272,0,0
1754434110_GS.S04R,136850_GS.S04R,GS,1,1754434110,0S 2248+ TSS/GCS,1754448591,1754448594,587,0,0
1754434140_6..N01R,136900_6..N01R,6,0,1754434140,06 2249  BBR/PEL,1754452399,1754452405,1603,0,0
1754434200_7..S,137000_7..S,7,1,1754434200,07 2250 MST/34H,1754450881,1754450884,1170,0,0
1754434200_GS.N01R,137000_GS.N01R,GS,0,1754434200,0S 2250  GCS/TSS,1754448678,1754448681,529,0,0
1754434230_7..N,137050_7..N,7,0,1754434230,07 2250+ 34H/MST,1754450734,1754450740,1112,0,0
1754434260_1..N03R,137100_1..N03R,1,0,1754434260,01 2251  SFT/242,1754451959,1754451961,1404,0,0
1754434320_4..S06R,137200_4..S06R,4,1,1754434320,04 2252  WDL/UTI,1754452624,1754452630,1582,0,0
1754434380_4..N06R,137300_4..N06R,4,0,1754434380,04 2253  UTI/WDL,1754452789,1754452795,1626,0,0
1754434410_GS.S01R,137350_GS.S01R,GS,1,1754434410,0S 2253+ TSS/GCS,1754448879,1754448885,583,0,0
1754434470_1..S03R,137450_1..S03R,1,1,1754434470,01 2254+ 242/SFT,1754452279,1754452285,1409,0,0
1754434470_5..S01R,137450_5..S01R,5,1,1754434470,05 2254+ DYR/180,1754449759,1754449765,735,0,0
1754434500_GS.N04R,137500_GS.N04R,GS,0,1754434500,0S 2255  GCS/TSS,1754448969,1754448975,526,0,0
1754434530_6..S01R,137550_6..S01R,6,1,1754434530,06 2255+ PEL/BBR,1754452735,1754452739,1530,0,0
1754434530_7..N,137550_7..N,7,0,1754434530,07 2255+ 34H/MST,1754451139,1754451145,1128,0,0
1754434620_6..N01R,137700_6..N01R,6,0,1754434620,06 2257  BBR/PEL,1754452849,1754452855,1561,0,0
1754434680_2..N01R,137800_2..N01R,2,0,1754434680,02 2258  FLA/241,1754455624,1754455630,2302,0,0
1754434710_GS.S04R,137850_GS.S04R,GS,1,1754434710,0S 2258+ TSS/GCS,1754449173,1754449176,580,0,0
1754434740_1..N03R,137900_1..N03R,1,0,1754434740,01 2259  SFT/242,1754452514,1754452516,1471,0,0
1754434770_3..N01R,137950_3..N01R,3,0,1754434770,03 2259+ NLT/148,1754453341,1754453344,1614,0,0
1754434800_2..S01R,138000_2..S01R,2,0,1754434800,02 2300  241/FLA,1754449329,1754449335,543,0,0
1754434800_GS.N01R,138000_GS.N01R,GS,0,1754434800,0S 2300  GCS/TSS,1754449284,1754449290,531,0,0
1754434890_7..N,138150_7..N,7,0,1754434890,07 2301+ 34H/MST,1754451499,1754451505,1151,0,0
1754434950_4..N06R,138250_4..N06R,4,0,1754434950,04 2302+ UTI/WDL,1754453191,1754453194,1574,0,0
1754434980_5..N01R,138300_5..N01R,5,0,1754434980,05 2303  180/DYR,1754450140,1754450143,757,0,0
1754435010_GS.S01R,138350_GS.S01R,GS,1,1754435010,0S 2303+ TSS/GCS,1754449489,1754449495,584,0,0
1754435040_4..S35X002,138400_4..S35X002,4,1,1754435040,04 2304  WDL/BWG,1754452129,1754452135,1290,0,0
1754435070_1..S03R,138450_1..S03R,1,1,1754435070,01 2304+ 242/SFT,1754452724,1754452726,1367,0,0
1754435100_6..N01R,138500_6..N01R,6,0,1754435100,06 2305  BBR/PEL,1754453389,1754453395,1546,0,0
1754435100_7..S,138500_7..S,7,1,1754435100,07 2305 MST/34H,1754451631,1754451634,1119,0,0
1754435100_GS.N04R,138500_GS.N04R,GS,0,1754435100,0S 2305  GCS/TSS,1754449579,1754449585,527,0,0
1754435250_6..S01X027,138750_6..S01X027,6,1,1754435250,06 2307+ PEL/BBR,1754453065,1754453069,1459,0,0
1754435250_7..N,138750_7..N,7,0,1754435250,07 2307+ 34H/MST,1754451715,1754451719,1095,0,0
1754435310_GS.S04R,138850_GS.S04R,GS,1,1754435310,0S 2308+ TSS/GCS,1754449783,1754449786,581,0,0
1754435340_1..N03R,138900_1..N03R,1,0,1754435340,01 2309  SFT/242,1754453170,1754453174,1487,0,0
1754435370_3..S01R,138950_3..S01R,3,1,1754435370,03 2309+ 148/NLT,1754453804,1754453806,1576,0,0
1754435370_5..S01R,138950_5..S01R,5,1,1754435370,05 2309+ DYR/180,1754450380,1754450383,660,0,0
1754435400_2..N01R,139000_2..N01R,2,0,1754435400,02 2310  FLA/241,1754455909,1754455915,2118,0,0
1754435400_7..S,139000_7..S,7,1,1754435400,07 2310 MST/34H,1754452021,1754452024,1105,0,0
1754435400_GS.N01R,139000_GS.N01R,GS,0,1754435400,0S 2310  GCS/TSS,1754449891,1754449894,530,0,0
1754435550_4..N06R,139250_4..N06R,4,0,1754435550,04 2312+ UTI/WDL,1754453914,1754453920,1606,0,0
1754435550_6..N01R,139250_6..N01R,6,0,1754435550,06 2312+ BBR/PEL,1754453809,1754453815,1578,0,0
1754435610_7..N,139350_7..N,7,0,1754435610,07 2313+ 34H/MST,1754452276,1754452279,1163,0,0
1754435610_GS.S01R,139350_GS.S01R,GS,1,1754435610,0S 2313+ TSS/GCS,1754450101,1754450104,586,0,0
1754435670_1..S03R,139450_1..S03R,1,1,1754435670,01 2314+ 242/SFT,1754453449,1754453455,1402,0,0
1754435700_7..S,139500_7..S,7,1,1754435700,07 2315 MST/34H,1754452399,1754452405,1166,0,0
1754435700_GS.N04R,139500_GS.N04R,GS,0,1754435700,0S 2315  GCS/TSS,1754450170,1754450173,524,0,0
1754435760_4..S35X002,139600_4..S35X002,4,1,1754435760,04 2316  WDL/BWG,1754452966,1754452969,1272,0,0
1754435910_5..N01R,139850_5..N01R,5,0,1754435910,05 2318+ 180/DYR,1754451049,1754451055,761,0,0
1754435910_GS.S04R,139850_GS.S04R,GS,1,1754435910,0S 2318+ TSS/GCS,1754450386,1754450389,582,0,0
1754435940_1..N03R,139900_1..N03R,1,0,1754435940,01 2319  SFT/242,1754453824,1754453830,1502,0,0
1754435970_3..N01X010,139950_3..N01X010,3,0,1754435970,03 2319+ NLT/148,1754454739,1754454745,1666,0,0
1754435970_6..N01R,139950_6..N01R,6,0,1754435970,06 2319+ BBR/PEL,1754454514,1754454520,1606,0,0
1754435970_6..S01X027,139950_6..S01X027,6,1,1754435970,06 2319+ PEL/BBR,1754453836,1754453839,1425,0,0
1754436000_GS.N01R,140000_GS.N01R,GS,0,1754436000,0S 2320  GCS/TSS,1754450479,1754450485,527,0,0
1754436060_7..S,140100_7..S,7,1,1754436060,07 2321 MST/34H,1754452699,1754452705,1147,0,0
1754436090_7..N,140150_7..N,7,0,1754436090,07 2321+ 34H/MST,1754452645,1754452649,1132,0,0
1754436120_2..N01X038,140200_2..N01X038,2,0,1754436120,02 2322  FLA/241,1754456488,1754456491,2132,0,0
1754436210_GS.S01R,140350_GS.S01R,GS,1,1754436210,0S 2323+ TSS/GCS,1754450701,1754450704,587,0,0
1754436270_5..S01R,140450_5..S01R,5,1,1754436270,05 2324+ DYR/180,1754451370,1754451374,686,0,0
1754436300_GS.N04R,140500_GS.N04R,GS,0,1754436300,0S 2325  GCS/TSS,1754450776,1754450779,528,0,0
1754436330_4..N06R,140550_4..N06R,4,0,1754436330,04 2325+ UTI/WDL,1754455273,1754455276,1728,0,0
1754436420_6..N01R,140700_6..N01R,6,0,1754436420,06 2327  BBR/PEL,1754454904,1754454910,1630,0,0
1754436480_4..S35X002,140800_4..S35X002,4,1,1754436480,04 2328  WDL/BWG,1754453791,1754453794,1333,0,0
1754436510_7..N,140850_7..N,7,0,1754436510,07 2328+ 34H/MST,1754453209,1754453215,1162,0,0
1754436510_GS.S04R,140850_GS.S04R,GS,1,1754436510,0S 2328+ TSS/GCS,1754451004,1754451010,589,0,0
1754436540_1..N03R,140900_1..N03R,1,0,1754436540,01 2329  SFT/242,1754454304,1754454310,1470,0,0
1754436540_7..S,140900_7..S,7,1,1754436540,07 2329 MST/34H,1754453074,1754453080,1126,0,0
1754436600_2..S01X051,141000_2..S01X051,2,1,1754436600,E2 2330  219/FLA,1754457241,1754457244,1497,0,0
1754436600_GS.N01R,141000_GS.N01R,GS,0,1754436600,0S 2330  GCS/TSS,1754451100,1754451103,534,0,0
1754436630_2..S01X051,141050_2..S01X051,2,1,1754436630,E2 2330+ 180/FLA,1754456053,1754456056,1355,0,0
1754436690_6..S01X027,141150_6..S01X027,6,1,1754436690,06 2331+ PEL/BBR,1754454479,1754454481,1436,0,0
1754436780_1..S03R,141300_1..S03R,1,1,1754436780,01 2333  242/SFT,1754454764,1754454766,1257,0,0
1754436810_2..N01X038,141350_2..N01X038,2,0,1754436810,02 2333+ FLA/241,1754457550,1754457553,2254,0,0
1754436810_3..S01R,141350_3..S01R,3,1,1754436810,03 2333+ 148/NLT,1754455609,1754455615,1738,0,0
1754436810_5..N01R,141350_5..N01R,5,0,1754436810,05 2333+ 180/DYR,1754451659,1754451661,683,0,0
1754436810_GS.S01R,141350_GS.S01R,GS,1,1754436810,0S 2333+ TSS/GCS,1754451310,1754451314,590,0,0
1754436900_6..N04X001,141500_6..N04X001,6,0,1754436900,06 2335  BBR/MOT,1754467206,1754467209,4742,0,0
1754436900_GS.N04R,141500_GS.N04R,GS,0,1754436900,0S 2335  GCS/TSS,1754451391,1754451394,532,0,0
1754436930_7..N,141550_7..N,7,0,1754436930,07 2335+ 34H/MST,1754453794,1754453800,1212,0,0
1754437110_GS.S04R,141850_GS.S04R,GS,1,1754437110,0S 2338+ TSS/GCS,1754451601,1754451604,588,0,0
1754437140_1..N03R,141900_1..N03R,1,0,1754437140,01 2339  SFT/242,1754455084,1754455090,1518,0,0
1754437140_7..S,141900_7..S,7,1,1754437140,07 2339 MST/34H,1754454061,1754454064,1233,0,0
1754437170_3..N01X010,141950_3..N01X010,3,0,1754437170,03 2339+ NLT/148,1754456059,1754456065,1700,0,0
1754437200_GS.N01R,142000_GS.N01R,GS,0,1754437200,0S 2340  GCS/TSS,1754451694,1754451700,534,0,0
1754437260_4..N06R,142100_4..N06R,4,0,1754437260,04 2341  UTI/WDL,1754455684,1754455690,1600,0,0
1754437290_6..S04X104,142150_6..S04X104,6,1,1754437290,06 2341+ PEL/125,1754453854,1754453860,1112,0,0
1754437320_5..S32R,142200_5..S32R,5,1,1754437320,05 2342  DYR/180,1754452849,1754452855,842,0,0
1754437350_7..N,142250_7..N,7,0,1754437350,07 2342+ 34H/MST,1754454085,1754454089,1167,0,0
1754437410_GS.S01R,142350_GS.S01R,GS,1,1754437410,0S 2343+ TSS/GCS,1754451904,1754451910,590,0,0
1754437500_GS.N04R,142500_GS.N04R,GS,0,1754437500,0S 2345  GCS/TSS,1754451994,1754452000,535,0,0
1754437530_2..N01X038,142550_2..N01X038,2,0,1754437530,02 2345+ FLA/241,1754458561,1754458564,2286,0,0
1754437530_4..S35X002,142550_4..S35X002,4,1,1754437530,04 2345+ WDL/BWG,1754455234,1754455240,1399,0,0
1754437620_5..N01R,142700_5..N01R,5,0,1754437620,05 2347  180/DYR,1754452594,1754452600,694,0,0
1754437650_3..S01X028,142750_3..S01X028,3,1,1754437650,03 2347+ 148/NLT,1754456680,1754456683,1785,0,0
1754437680_6..N04X001,142800_6..N04X001,6,0,1754437680,06 2348  BBR/MOT,1754467206,1754467209,4583,0,0
1754437710_GS.S04R,142850_GS.S04R,GS,1,1754437710,0S 2348+ TSS/GCS,1754452195,1754452199,587,0,0
1754437740_1..N03R,142900_1..N03R,1,0,1754437740,01 2349  SFT/242,1754455714,1754455720,1527,0,0
1754437740_7..S,142900_7..S,7,1,1754437740,07 2349 MST/34H,1754454379,1754454385,1155,0,0
1754437770_7..N,142950_7..N,7,0,1754437770,07 2349+ 34H/MST,1754454511,1754454514,1181,0,0
1754437800_2..S08R,143000_2..S08R,2,1,1754437800,E2 2350  180/FLA,1754455414,1754455420,843,0,0
1754437800_GS.N01R,143000_GS.N01R,GS,0,1754437800,0S 2350  GCS/TSS,1754452306,1754452309,538,0,0
1754437950_1..S03R,143250_1..S03R,1,1,1754437950,01 2352+ 242/SFT,1754455735,1754455738,1318,0,0
1754438010_GS.S01R,143350_GS.S01R,GS,1,1754438010,0S 2353+ TSS/GCS,1754452516,1754452519,593,0,0
1754438100_GS.N04R,143500_GS.N04R,GS,0,1754438100,0S 2355  GCS/TSS,1754452564,1754452570,526,0,0
1754438130_6..S04X104,143550_6..S04X104,6,1,1754438130,06 2355+ PEL/125,1754454469,1754454475,1035,0,0
1754438190_7..N,143650_7..N,7,0,1754438190,07 2356+ 34H/MST,1754454931,1754454934,1177,0,0
1754438310_GS.S04R,143850_GS.S04R,GS,1,1754438310,0S 2358+ TSS/GCS,1754452804,1754452810,590,0,0
1754438340_1..N03R,143900_1..N03R,1,0,1754438340,01 2359  SFT/242,1754456338,1754456341,1534,0,0
1754438340_7..S,143900_7..S,7,1,1754438340,07 2359 MST/34H,1754454961,1754454964,1149,0,0
1754438460_2..N01X038,144100_2..N01X038,2,0,1754438460,02 0001  FLA/241,1754372571,1754372575,2151,0,0
1754438460_2..S08R,000100_2..S08R,2,1,1754438460,E2 0001  180/FLA,1754458939,1754458945,1614,0,0
1754438460_4..S37R,000100_4..S37R,4,1,1754438460,04 0001  WDL/BWG,1754455936,1754455939,1345,0,0
1754438490_6..N04X001,144150_6..N04X001,6,0,1754438490,06 0001+ BBR/MOT,1754380814,1754380820,4577,0,0
1754438520_5..S32R,000200_5..S32R,5,1,1754438520,05 0002  DYR/180,1754453629,1754453635,952,0,0
1754438610_7..N,000350_7..N,7,0,1754438610,07 0003+ 34H/MST,1754455213,1754455216,1115,0,0
1754438640_5..N32R,144400_5..N32R,5,0,1754438640,05 0004  180/DYR,1754367348,1754367351,759,0,0
1754438670_2..S08R,000450_2..S08R,2,1,1754438670,E2 0004+ 219/FLA,1754459965,1754459968,1828,0,0
1754438670_3..S01X028,000450_3..S01X028,3,1,1754438670,03 0004+ 148/NLT,1754457931,1754457934,1796,0,0
1754438790_1..S03R,000650_1..S03R,1,1,1754438790,01 0006+ 242/SFT,1754456668,1754456671,1460,0,0
1754438940_1..N03R,144900_1..N03R,1,0,1754438940,01 0009  SFT/242,1754370396,1754370400,1493,0,0
1754438970_3..N01X010,000950_3..N01X010,3,0,1754438970,03 0009+ NLT/148,1754458231,1754458234,2140,0,0
1754439000_4..N14X014,145000_4..N14X014,4,0,1754439000,04 0010  BWG/WDL,1754370588,1754370591,1464,0,0
1754439000_6..S04X104,001000_6..S04X104,6,1,1754439000,06 0010  PEL/125,1754455339,1754455345,1026,0,0
1754439060_7..N,001100_7..N,7,0,1754439060,07 0011 34H/MST,1754455909,1754455915,1177,0,0
1754439090_7..S,001150_7..S,7,1,1754439090,07 0011+ MST/34H,1754455861,1754455864,809,0,0
1754439240_2..N08R,145400_2..N08R,2,0,1754439240,02 0014  FLA/241,1754373760,1754373765,2306,0,0
1754439300_4..S35X003,001500_4..S35X003,4,1,1754439300,04 0015  WDL/BWG,1754457139,1754457145,1425,0,0
1754439300_6..N04X001,145500_6..N04X001,6,0,1754439300,06 0015  BBR/MOT,1754380814,1754380820,4337,0,0
1754439450_6..S04X102,001750_6..S04X102,6,1,1754439450,06 0017+ MOT/BBR,1754455894,1754455900,1094,0,0
1754439540_1..N03R,145900_1..N03R,1,0,1754439540,01 0019  SFT/242,1754370978,1754370981,1489,0,0
1754439540_2..S08R,001900_2..S08R,2,1,1754439540,02 0019  241/FLA,1754461756,1754461759,2566,0,0
1754439540_7..N,001900_7..N,7,0,1754439540,07 0019 34H/MST,1754456200,1754456203,1164,0,0
1754439600_2..S08R,002000_2..S08R,2,1,1754439600,E2 0020  180/FLA,1754457256,1754457259,850,0,0
1754439720_5..S32R,002200_5..S32R,5,1,1754439720,05 0022  DYR/180,1754455093,1754455096,788,0,0
1754439780_5..N32R,002300_5..N32R,5,0,1754439780,05 0023  180/DYR,1754454859,1754454865,738,0,0
1754439870_3..S01X028,002450_3..S01X028,3,1,1754439870,03 0024+ 148/NLT,1754459311,1754459314,1844,0,0
1754439870_4..N14X014,146450_4..N14X014,4,0,1754439870,04 0024+ BWG/WDL,1754371170,1754371173,1380,0,0
1754439900_6..S04X104,002500_6..S04X104,6,1,1754439900,06 0025  PEL/125,1754456359,1754456365,1058,0,0
1754439930_1..S03R,002550_1..S03R,1,1,1754439930,01 0025+ 242/SFT,1754458219,1754458225,1553,0,0
1754439930_7..S,002550_7..S,7,1,1754439930,07 0025+ MST/34H,1754456803,1754456806,1059,0,0
1754440110_7..N,002850_7..N,7,0,1754440110,07 0028+ 34H/MST,1754457091,1754457094,1043,0,0
1754440110_7..S,002850_7..S,7,1,1754440110,07 0028+ 34H/MST,1754453654,1754453656,2,0,0
1754440200_6..N04X001,147000_6..N04X001,6,0,1754440200,06 0030  BBR/MOT,1754380814,1754380820,4097,0,0
1754440260_6..N04X103,147100_6..N04X103,6,0,1754440260,06 0031  125/PEL,1754370351,1754370355,1081,0,0
1754440320_1..N03R,147200_1..N03R,1,0,1754440320,01 0032  SFT/242,1754371740,1754371743,1452,0,0
1754440320_6..S04X102,003200_6..S04X102,6,1,1754440320,06 0032  MOT/BBR,1754456695,1754456701,1067,0,0
1754440410_2..N08R,147350_2..N08R,2,0,1754440410,02 0033+ FLA/241,1754375220,1754375223,2374,0,0
1754440500_4..S35X003,003500_4..S35X003,4,1,1754440500,04 0035  WDL/BWG,1754458261,1754458264,1404,0,0
1754440530_4..N14X014,147550_4..N14X014,4,0,1754440530,04 0035+ BWG/WDL,1754372310,1754372313,1524,0,0
1754440710_7..N,003850_7..N,7,0,1754440710,07 0038+ 34H/MST,1754457631,1754457634,828,0,0
1754440710_7..S,003850_7..S,7,1,1754440710,07 0038+ 34H/MST,1754455099,1754455105,102,1,1
1754440740_1..N03R,003900_1..N03R,1,0,1754440740,01 0039  SFT/242,1754458441,1754458444,1831,0,0
1754440740_2..S08R,003900_2..S08R,2,1,1754440740,02 0039  241/FLA,1754462128,1754462131,2435,0,0
1754440770_3..N01X010,147950_3..N01X010,3,0,1754440770,03 0039+ NLT/148,1754373460,1754373465,1747,0,0
1754440770_6..S04X104,003950_6..S04X104,6,1,1754440770,06 0039+ PEL/125,1754457070,1754457073,1005,0,0
1754440800_7..S,004000_7..S,7,1,1754440800,07 0040 MST/34H,1754457901,1754457904,1261,0,0
1754440920_5..S32R,004200_5..S32R,5,1,1754440920,05 0042  DYR/180,1754455963,1754455966,711,0,0
1754440980_5..N32R,004300_5..N32R,5,0,1754440980,05 0043  180/DYR,1754456083,1754456086,743,0,0
1754441070_3..S01X028,004450_3..S01X028,3,1,1754441070,03 0044+ 148/NLT,1754459926,1754459929,1687,0,0
1754441100_6..N04X001,148500_6..N04X001,6,0,1754441100,06 0045  BBR/MOT,1754371581,1754371585,1171,0,0
1754441130_1..N03R,148550_1..N03R,1,0,1754441130,01 0045+ SFT/242,1754372631,1754372635,1446,0,0
1754441130_1..S03R,004550_1..S03R,1,1,1754441130,01 0045+ 242/SFT,1754459191,1754459194,1491,0,0
1754441190_6..S04X102,004650_6..S04X102,6,1,1754441190,06 0046+ MOT/BBR,1754457514,1754457520,1044,0,0
1754441310_6..N04X104,004850_6..N04X104,6,0,1754441310,06 0048+ 125/PEL,1754457580,1754457583,1061,0,0
1754441310_7..N,004850_7..N,7,0,1754441310,07 0048+ 34H/MST,1754458054,1754458060,1184,0,0
1754441400_2..N01X038,005000_2..N01X038,2,0,1754441400,E2 0050  34S/241,1754455648,1754455651,62,0,0
1754441430_4..N14X014,149050_4..N14X014,4,0,1754441430,04 0050+ BWG/WDL,1754370378,1754370381,598,0,0
1754441700_4..S35X003,005500_4..S35X003,4,1,1754441700,04 0055  WDL/BWG,1754459584,1754459590,1436,0,0
1754441940_1..N03R,149900_1..N03R,1,0,1754441940,01 0059  SFT/242,1754373610,1754373615,1547,0,0
1754441940_2..S08R,005900_2..S08R,2,1,1754441940,02 0059  241/FLA,1754463256,1754463259,2415,0,0
1754441970_3..N01X010,149950_3..N01X010,3,0,1754441970,03 0059+ NLT/148,1754375151,1754375155,1877,0,0
1754441970_6..S04X104,005950_6..S04X104,6,1,1754441970,06 0059+ PEL/125,1754458120,1754458123,965,0,0
1754442000_7..S,006000_7..S,7,1,1754442000,07 0100 MST/34H,1754459164,1754459170,1284,0,0
1754442090_7..N,006150_7..N,7,0,1754442090,07 0101+ 34H/MST,1754458708,1754458711,1148,0,0
1754442120_5..S32R,006200_5..S32R,5,1,1754442120,05 0102  DYR/180,1754457250,1754457253,733,0,0
1754442120_6..N04X001,006200_6..N04X001,6,0,1754442120,06 0102  BBR/MOT,1754458798,1754458801,1146,0,0
1754442180_5..N32R,006300_5..N32R,5,0,1754442180,05 0103  180/DYR,1754457259,1754457265,736,0,0
1754442180_6..N04X104,006300_6..N04X104,6,0,1754442180,06 0103  125/PEL,1754458351,1754458354,1027,0,0
1754442270_3..S01X028,006450_3..S01X028,3,1,1754442270,03 0104+ 148/NLT,1754462566,1754462569,2071,0,0
1754442300_6..S04X102,006500_6..S04X102,6,1,1754442300,06 0105  MOT/BBR,1754458618,1754458621,1018,0,0
1754442330_1..S03R,006550_1..S03R,1,1,1754442330,01 0105+ 242/SFT,1754460256,1754460259,1455,0,0
1754442360_4..N14R,006600_4..N14R,4,0,1754442360,04 0106  BWG/WDL,1754460256,1754460259,1404,0,0
1754442630_7..N,007050_7..N,7,0,1754442630,07 0110+ 34H/MST,1754459515,1754459518,1221,0,0
1754442870_1..N03R,007450_1..N03R,1,0,1754442870,01 0114+ SFT/242,1754461066,1754461069,1511,0,0
1754442900_4..S35X003,007500_4..S35X003,4,1,1754442900,04 0115  WDL/BWG,1754461045,1754461048,1505,0,0
1754443020_6..N04X001,007700_6..N04X001,6,0,1754443020,06 0117  BBR/MOT,1754459914,1754459920,1204,0,0
1754443140_2..S08R,007900_2..S08R,2,1,1754443140,02 0119  241/FLA,1754464074,1754464080,2308,0,0
1754443170_3..N01X010,151950_3..N01X010,3,0,1754443170,03 0119+ NLT/148,1754375571,1754375575,1669,0,0
1754443170_6..S04X104,007950_6..S04X104,6,1,1754443170,06 0119+ PEL/125,1754459566,1754459569,1030,0,0
1754443200_2..N01X038,008000_2..N01X038,2,0,1754443200,E2 0120  34S/241,1754461468,1754461471,1053,0,0
1754443200_7..S,008000_7..S,7,1,1754443200,07 0120 MST/34H,1754460175,1754460178,1177,0,0
1754443260_4..N13X355,008100_4..N13X355,4,0,1754443260,04 0121  BWG/WDL,1754461324,1754461330,1500,0,0
1754443290_6..N04X104,008150_6..N04X104,6,0,1754443290,06 0121+ 125/PEL,1754459596,1754459599,1038,0,0
1754443320_5..S32R,008200_5..S32R,5,1,1754443320,05 0122  DYR/180,1754458399,1754458405,720,0,0
1754443380_5..N32R,008300_5..N32R,5,0,1754443380,05 0123  180/DYR,1754458510,1754458513,749,0,0
1754443500_6..S04X102,008500_6..S04X102,6,1,1754443500,06 0125  MOT/BBR,1754460028,1754460031,1074,0,0
1754443530_1..S03R,008550_1..S03R,1,1,1754443530,01 0125+ 242/SFT,1754461858,1754461861,1562,0,0
1754443830_7..N,009050_7..N,7,0,1754443830,07 0130+ 34H/MST,1754460970,1754460973,1276,0,0
1754443860_6..N04X001,009100_6..N04X001,6,0,1754443860,06 0131  BBR/MOT,1754460574,1754460580,1140,0,0
1754444010_2..N08R,153350_2..N08R,2,0,1754444010,02 0133+ FLA/241,1754378701,1754378705,2537,0,0
1754444070_1..N03R,009450_1..N03R,1,0,1754444070,01 0134+ SFT/242,1754462464,1754462470,1564,0,0
1754444070_3..S01X028,009450_3..S01X028,3,1,1754444070,03 0134+ 148/NLT,1754463286,1754463289,1427,0,0
1754444100_4..S35X003,009500_4..S35X003,4,1,1754444100,04 0135  WDL/BWG,1754461864,1754461870,1404,0,0
1754444340_2..S08R,009900_2..S08R,2,1,1754444340,02 0139  241/FLA,1754465094,1754465100,2260,0,0
1754444370_3..N01X010,009950_3..N01X010,3,0,1754444370,03 0139+ NLT/148,1754463864,1754463870,1911,0,0
1754444370_6..S04X104,009950_6..S04X104,6,1,1754444370,06 0139+ PEL/125,1754460805,1754460808,1042,0,0
1754444400_7..S,010000_7..S,7,1,1754444400,07 0140 MST/34H,1754461384,1754461390,1248,0,0
1754444460_4..N13X355,010100_4..N13X355,4,0,1754444460,04 0141  BWG/WDL,1754462494,1754462500,1493,0,0
1754444490_6..N04X104,010150_6..N04X104,6,0,1754444490,06 0141+ 125/PEL,1754460595,1754460598,985,0,0
1754444520_5..S32R,010200_5..S32R,5,1,1754444520,05 0142  DYR/180,1754459626,1754459629,727,0,0
1754444580_5..N32R,010300_5..N32R,5,0,1754444580,05 0143  180/DYR,1754459644,1754459650,732,0,0
1754444700_6..S04X102,010500_6..S04X102,6,1,1754444700,06 0145  MOT/BBR,1754461084,1754461090,1037,0,0
1754444730_1..S03R,010550_1..S03R,1,1,1754444730,01 0145+ 242/SFT,1754462644,1754462650,1453,0,0
1754445000_6..N04X001,011000_6..N04X001,6,0,1754445000,06 0150  BBR/MOT,1754461483,1754461486,1063,0,0
1754445030_7..N,011050_7..N,7,0,1754445030,07 0150+ 34H/MST,1754462050,1754462053,1224,0,0
1754445210_2..N08R,155350_2..N08R,2,0,1754445210,02 0153+ FLA/241,1754380409,1754380415,2708,0,0
1754445270_1..N03R,011450_1..N03R,1,0,1754445270,01 0154+ SFT/242,1754463538,1754463541,1531,0,0
1754445300_4..S35X003,011500_4..S35X003,4,1,1754445300,04 0155  WDL/BWG,1754463271,1754463274,1460,0,0
1754445540_2..S08R,011900_2..S08R,2,1,1754445540,02 0159  241/FLA,1754466828,1754466831,2385,0,0
1754445570_3..N01X010,011950_3..N01X010,3,0,1754445570,03 0159+ NLT/148,1754464578,1754464581,1767,0,0
1754445570_6..S04X104,011950_6..S04X104,6,1,1754445570,06 0159+ PEL/125,1754461786,1754461789,984,0,0
1754445600_7..S,012000_7..S,7,1,1754445600,07 0200 MST/34H,1754462635,1754462638,1262,0,0
1754445660_4..N13X355,012100_4..N13X355,4,0,1754445660,04 0201  BWG/WDL,1754464119,1754464125,1601,0,0
1754445690_6..N04X104,012150_6..N04X104,6,0,1754445690,06 0201+ 125/PEL,1754461954,1754461960,1028,0,0
1754445720_5..S32R,012200_5..S32R,5,1,1754445720,05 0202  DYR/180,1754460784,1754460790,717,0,0
1754445780_5..N32R,012300_5..N32R,5,0,1754445780,05 0203  180/DYR,1754460844,1754460850,733,0,0
1754445870_3..S01X028,012450_3..S01X028,3,1,1754445870,03 0204+ 148/NLT,1754465064,1754465070,1773,0,0
1754445900_6..S04X102,012500_6..S04X102,6,1,1754445900,06 0205  MOT/BBR,1754462314,1754462320,1045,0,0
1754445930_1..S03R,012550_1..S03R,1,1,1754445930,01 0205+ 242/SFT,1754463864,1754463870,1454,0,0
1754446200_6..N04X001,013000_6..N04X001,6,0,1754446200,06 0210  BBR/MOT,1754462914,1754462920,1125,0,0
1754446230_7..N,013050_7..N,7,0,1754446230,07 0210+ 34H/MST,1754462839,1754462845,1102,0,0
1754446410_2..N08R,013350_2..N08R,2,0,1754446410,02 0213+ FLA/241,1754467479,1754467485,2372,0,0
1754446470_1..N03R,013450_1..N03R,1,0,1754446470,01 0214+ SFT/242,1754464338,1754464341,1419,0,0
1754446500_4..S35X003,013500_4..S35X003,4,1,1754446500,04 0215  WDL/BWG,1754464293,1754464296,1407,0,0
1754446740_2..S08R,013900_2..S08R,2,1,1754446740,02 0219  241/FLA,1754467749,1754467755,2139,0,0
1754446770_3..N01X010,013950_3..N01X010,3,0,1754446770,03 0219+ NLT/148,1754465739,1754465745,1712,0,0
1754446770_6..S04X104,013950_6..S04X104,6,1,1754446770,06 0219+ PEL/125,1754463418,1754463421,1099,0,0
1754446800_7..S,014000_7..S,7,1,1754446800,07 0220 MST/34H,1754463685,1754463688,1214,0,0
1754446860_4..N13X355,014100_4..N13X355,4,0,1754446860,04 0221  BWG/WDL,1754465328,1754465331,1568,0,0
1754446890_6..N04X104,014150_6..N04X104,6,0,1754446890,06 0221+ 125/PEL,1754463034,1754463040,997,0,0
1754446920_5..S32R,014200_5..S32R,5,1,1754446920,05 0222  DYR/180,1754462014,1754462020,724,0,0
1754446980_5..N32R,014300_5..N32R,5,0,1754446980,05 0223  180/DYR,1754462068,1754462071,738,0,0
1754447070_3..S01X028,014450_3..S01X028,3,1,1754447070,03 0224+ 148/NLT,1754466519,1754466525,1782,0,0
1754447100_6..S04X102,014500_6..S04X102,6,1,1754447100,06 0225  MOT/BBR,1754463583,1754463586,1063,0,0
1754447130_1..S03R,014550_1..S03R,1,1,1754447130,01 0225+ 242/SFT,1754465358,1754465361,1531,0,0
1754447400_6..N04X001,015000_6..N04X001,6,0,1754447400,06 0230  BBR/MOT,1754464125,1754464128,1122,0,0
1754447430_7..N,015050_7..N,7,0,1754447430,07 0230+ 34H/MST,1754463861,1754463864,1073,0,0
1754447610_2..N08R,015350_2..N08R,2,0,1754447610,02 0233+ FLA/241,1754468851,1754468853,2600,0,0
1754447670_1..N03R,015450_1..N03R,1,0,1754447670,01 0234+ SFT/242,1754465598,1754465601,1435,0,0
1754447700_4..S35X003,015500_4..S35X003,4,1,1754447700,04 0235  WDL/BWG,1754465361,1754465364,1372,0,0
1754447940_2..S08R,015900_2..S08R,2,1,1754447940,02 0239  241/FLA,1754469001,1754469003,2580,0,0
1754447970_3..N01X010,015950_3..N01X010,3,0,1754447970,03 0239+ NLT/148,1754466708,1754466711,1595,0,0
1754447970_6..S04X104,015950_6..S04X104,6,1,1754447970,06 0239+ PEL/125,1754464209,1754464215,985,0,0
1754448000_7..S,016000_7..S,7,1,1754448000,07 0240 MST/34H,1754464746,1754464749,1123,0,0
1754448060_4..N13X355,016100_4..N13X355,4,0,1754448060,04 0241  BWG/WDL,1754466198,1754466201,1512,0,0
1754448090_6..N04X104,016150_6..N04X104,6,0,1754448090,06 0241+ 125/PEL,1754464248,1754464251,995,0,0
1754448120_5..S32R,016200_5..S32R,5,1,1754448120,05 0242  DYR/180,1754463178,1754463181,714,0,0
1754448180_5..N32R,016300_5..N32R,5,0,1754448180,05 0243  180/DYR,1754463256,1754463259,735,0,0
1754448270_3..S01X028,016450_3..S01X028,3,1,1754448270,03 0244+ 148/NLT,1754466939,1754466945,1630,0,0
1754448300_6..S04X102,016500_6..S04X102,6,1,1754448300,06 0245  MOT/BBR,1754464509,1754464515,1044,0,0
1754448330_1..S03R,016550_1..S03R,1,1,1754448330,01 0245+ 242/SFT,1754466228,1754466231,1440,0,0
1754448600_6..N04X001,017000_6..N04X001,6,0,1754448600,06 0250  BBR/MOT,1754465049,1754465055,1049,0,0
1754448630_7..N,017050_7..N,7,0,1754448630,07 0250+ 34H/MST,1754465256,1754465259,1138,0,0
1754448810_2..N08R,017350_2..N08R,2,0,1754448810,02 0253+ FLA/241,1754469909,1754469915,2704,0,0
1754448870_1..N03R,017450_1..N03R,1,0,1754448870,01 0254+ SFT/242,1754466618,1754466621,1384,0,0
1754448900_4..S35X003,017500_4..S35X003,4,1,1754448900,04 0255  WDL/BWG,1754466543,1754466546,1383,0,0
1754449140_2..S08R,017900_2..S08R,2,1,1754449140,02 0259  241/FLA,1754469849,1754469855,2600,0,0
1754449170_6..S04X104,017950_6..S04X104,6,1,1754449170,06 0259+ PEL/125,1754465388,1754465391,979,0,0
1754449200_7..S,018000_7..S,7,1,1754449200,07 0300 MST/34H,1754466318,1754466321,1266,0,0
1754449260_4..N13X355,018100_4..N13X355,4,0,1754449260,04 0301  BWG/WDL,1754467449,1754467455,1560,0,0
1754449290_6..N04X104,018150_6..N04X104,6,0,1754449290,06 0301+ 125/PEL,1754465478,1754465481,1002,0,0
1754449320_5..S32R,018200_5..S32R,5,1,1754449320,05 0302  DYR/180,1754464398,1754464401,715,0,0
1754449380_5..N32R,018300_5..N32R,5,0,1754449380,05 0303  180/DYR,1754464458,1754464461,731,0,0
1754449470_3..S01X028,018450_3..S01X028,3,1,1754449470,03 0304+ 148/NLT,1754468319,1754468325,1828,0,0
1754449500_6..S04X102,018500_6..S04X102,6,1,1754449500,06 0305  MOT/BBR,1754465733,1754465736,1127,0,0
1754449530_1..S03R,018550_1..S03R,1,1,1754449530,01 0305+ 242/SFT,1754467539,1754467545,1516,0,0
1754449770_3..N01X010,018950_3..N01X010,3,0,1754449770,03 0309+ NLT/148,1754468544,1754468550,1762,0,0
1754449800_6..N04X001,019000_6..N04X001,6,0,1754449800,06 0310  BBR/MOT,1754466273,1754466276,1052,0,0
1754449830_7..N,019050_7..N,7,0,1754449830,07 0310+ 34H/MST,1754466738,1754466741,1212,0,0
1754450010_2..N08R,019350_2..N08R,2,0,1754450010,02 0313+ FLA/241,1754470566,1754470569,2646,0,0
1754450070_1..N03R,019450_1..N03R,1,0,1754450070,01 0314+ SFT/242,1754467749,1754467755,1440,0,0
1754450100_4..S35X003,019500_4..S35X003,4,1,1754450100,04 0315  WDL/BWG,1754467683,1754467686,1440,0,0
1754450340_2..S08R,019900_2..S08R,2,1,1754450340,02 0319  241/FLA,1754470794,,2658,0,0
1754450370_6..S04X104,019950_6..S04X104,6,1,1754450370,06 0319+ PEL/125,1754466579,1754466585,974,0,0
1754450400_7..S,020000_7..S,7,1,1754450400,07 0320 MST/34H,1754467065,1754467068,1138,0,0
1754450460_4..N13X355,020100_4..N13X355,4,0,1754450460,04 0321  BWG/WDL,1754468811,1754468814,1783,0,0
1754450490_6..N04X104,020150_6..N04X104,6,0,1754450490,06 0321+ 125/PEL,1754466729,1754466735,1014,0,0
1754450520_5..S32R,020200_5..S32R,5,1,1754450520,05 0322  DYR/180,1754465589,1754465595,713,0,0
1754450580_5..N32R,020300_5..N32R,5,0,1754450580,05 0323  180/DYR,1754465707,1754465715,744,0,0
1754450670_3..S01X028,020450_3..S01X028,3,1,1754450670,03 0324+ 148/NLT,1754469399,1754469405,1939,0,0
1754450700_6..S04X102,020500_6..S04X102,6,1,1754450700,06 0325  MOT/BBR,1754467269,1754467275,1163,0,0
1754450730_1..S03R,020550_1..S03R,1,1,1754450730,01 0325+ 242/SFT,1754468709,1754468715,1664,0,0
1754451000_6..N04X001,021000_6..N04X001,6,0,1754451000,06 0330  BBR/MOT,1754467398,1754467401,1059,0,0
1754451030_7..N,021050_7..N,7,0,1754451030,07 0330+ 34H/MST,1754467374,1754467380,1080,0,0
1754451210_2..N08R,021350_2..N08R,2,0,1754451210,02 0333+ FLA/241,1754470794,,2418,0,0
1754451270_1..N03R,021450_1..N03R,1,0,1754451270,01 0334+ SFT/242,1754469061,1754469063,1646,0,0
1754451300_4..S35X003,021500_4..S35X003,4,1,1754451300,04 0335  WDL/BWG,1754468919,1754468925,1590,0,0
1754451540_2..S08R,021900_2..S08R,2,1,1754451540,02 0339  241/FLA,1754470794,,2336,0,0
1754451570_3..N01X010,021950_3..N01X010,3,0,1754451570,03 0339+ NLT/148,1754470050,1754470053,1955,0,0
1754451570_6..S04X104,021950_6..S04X104,6,1,1754451570,06 0339+ PEL/125,1754467779,1754467785,1057,0,0
1754451660_4..N13X355,022100_4..N13X355,4,0,1754451660,04 0341  BWG/WDL,1754469549,1754469555,1764,0,0
1754451690_6..N04X104,022150_6..N04X104,6,0,1754451690,06 0341+ 125/PEL,1754467914,1754467920,1111,0,0
1754451720_5..S32R,022200_5..S32R,5,1,1754451720,05 0342  DYR/180,1754466774,1754466780,711,0,0
1754451780_5..N32R,022300_5..N32R,5,0,1754451780,05 0343  180/DYR,1754466939,1754466945,755,0,0
1754451870_3..S01X028,022450_3..S01X028,3,1,1754451870,03 0344+ 148/NLT,1754470704,1754470710,2146,0,0
1754451900_6..S04X102,022500_6..S04X102,6,1,1754451900,06 0345  MOT/BBR,1754468025,1754468028,1148,0,0
1754451930_1..S03R,022550_1..S03R,1,1,1754451930,01 0345+ 242/SFT,1754469771,1754469774,1788,0,0
1754452200_6..N04X001,023000_6..N04X001,6,0,1754452200,06 0350  BBR/MOT,1754468544,1754468550,1203,0,0
1754452200_7..S,023000_7..S,7,1,1754452200,07 0350 MST/34H,1754468589,1754468595,1243,0,0
1754452230_7..N,023050_7..N,7,0,1754452230,07 0350+ 34H/MST,1754469069,1754469075,1434,0,0
1754452410_2..N08R,023350_2..N08R,2,0,1754452410,02 0353+ FLA/241,1754470794,,2103,0,0
1754452440_2..S08R,023400_2..S08R,2,1,1754452440,02 0354  241/FLA,1754470794,,2103,0,0
1754452470_1..N03R,023450_1..N03R,1,0,1754452470,01 0354+ SFT/242,1754470278,1754470281,1815,0,0
1754452500_4..S35X003,023500_4..S35X003,4,1,1754452500,04 0355  WDL/BWG,1754470146,1754470149,1551,0,0
1754452770_3..N01X010,023950_3..N01X010,3,0,1754452770,03 0359+ NLT/148,1754470794,,1942,0,0
1754452770_6..S04X104,023950_6..S04X104,6,1,1754452770,06 0359+ PEL/125,1754469069,1754469075,1252,0,0
1754366400_A..N43R,024000_A..N43R,A,0,1754366400,1A 0400 LEF/EUC,1754381416,1754381431,289,0,0
1754366460_H..N21R,024100_H..N21R,H,0,1754366460,1H 0401 RPK/BCR,1754391657,1754391672,977,0,0
1754366520_A..N09R,024200_A..N09R,A,0,1754366520,1A 0402 FAR/207,1754387663,1754387678,703,0,0
1754366730_H..S21R,024550_H..S21R,H,1,1754366730,1H 0405+ BCR/RPK,1754381687,1754381702,285,0,0
1754366790_A..S43R,024650_A..S43R,A,1,1754366790,1A 0406+ EUC/LEF,1754381807,1754381822,289,0,0
1754366970_A..S74R,024950_A..S74R,A,1,1754366970,1A 0409+ 207/FAR,1754388023,1754388039,699,0,0
1754367000_E..N05R,025000_E..N05R,E,0,1754367000,1E 0410 WTC/P-A,1754385185,1754385200,505,0,0
1754367090_E..S04R,025150_E..S04R,E,1,1754367090,1E 0411+ P-A/WTC,1754385261,1754385275,505,0,0
1754367600_A..N43R,026000_A..N43R,A,0,1754367600,1A 0420 LEF/EUC,1754382813,1754382828,301,0,0
1754367660_H..N21R,026100_H..N21R,H,0,1754367660,1H 0421 RPK/BCR,1754392859,1754392874,981,0,0
1754367720_A..N09R,026200_A..N09R,A,0,1754367720,1A 0422 FAR/207,1754388804,1754388819,701,0,0
1754367930_H..S21R,026550_H..S21R,H,1,1754367930,1H 0425+ BCR/RPK,1754383083,1754383098,298,0,0
1754367990_A..S43R,026650_A..S43R,A,1,1754367990,1A 0426+ EUC/LEF,1754383353,1754383369,312,0,0
1754368170_A..S74R,026950_A..S74R,A,1,1754368170,1A 0429+ 207/FAR,1754389015,1754389030,683,0,0
1754368200_E..N05R,027000_E..N05R,E,0,1754368200,1E 0430 WTC/P-A,1754386026,1754386041,478,0,0
1754368290_E..S04R,027150_E..S04R,E,1,1754368290,1E 0431+ P-A/WTC,1754385726,1754385741,449,0,0
1754368620_A..N09R,027700_A..N09R,A,0,1754368620,1A 0437 FAR/207,1754389600,1754389615,688,0,0
1754368800_A..N43R,028000_A..N43R,A,0,1754368800,1A 0440 LEF/EUC,1754383969,1754383984,298,0,0
1754369130_H..S21R,028550_H..S21R,H,1,1754369130,1H 0445+ BCR/RPK,1754384329,1754384345,299,0,0
1754369190_A..S43R,028650_A..S43R,A,1,1754369190,1A 0446+ EUC/LEF,1754384134,1754384149,283,0,0
1754369340_H..N21R,028900_H..N21R,H,0,1754369340,1H 0449 RPK/BCR,1754394540,1754394556,977,0,0
1754369400_E..N05R,029000_E..N05R,E,0,1754369400,1E 0450 WTC/P-A,1754387438,1754387453,489,0,0
1754369460_A..N09R,029100_A..N09R,A,0,1754369460,1A 0451 FAR/207,1754390621,1754390636,701,0,0
1754369490_E..S04R,029150_E..S04R,E,1,1754369490,1E 0451+ P-A/WTC,1754387168,1754387183,465,0,0
1754369835_A..S74R,029725_A..S74R,A,1,1754369835,1A 0457 207/FAR,1754390606,1754390621,647,0,0
1754370180_A..N43R,030300_A..N43R,A,0,1754370180,1A 0503 LEF/EUC,1754385156,1754385170,285,0,0
1754370390_A..S43R,030650_A..S43R,A,1,1754370390,1A 0506+ EUC/LEF,1754385411,1754385426,288,0,0
1754370480_H..S21R,030800_H..S21R,H,1,1754370480,1H 0508 BCR/RPK,1754385426,1754385441,283,0,0
1754370570_E..S69R,030950_E..S69R,E,1,1754370570,1E 0509+ P-A/WTC,1754387933,1754387948,445,0,0
1754370600_E..N05R,031000_E..N05R,E,0,1754370600,1E 0510 WTC/P-A,1754388579,1754388594,489,0,0
1754370660_H..N21R,031100_H..N21R,H,0,1754370660,1H 0511 RPK/BCR,1754395847,1754395862,976,0,0
1754370840_A..N55R,031400_A..N55R,A,0,1754370840,1A 0514 FAR/207,1754391507,1754391522,668,0,0
1754370930_C..S05R,031550_C..S05R,C,1,1754370930,1C 0515+ 168/EUC,1754389420,1754389435,523,0,0
1754371350_E..S69R,032250_E..S69R,E,1,1754371350,1E 0522+ P-A/WTC,1754389075,1754389090,472,0,0
1754371440_A..N04R,032400_A..N04R,A,0,1754371440,1A 0524 LEF/207,1754390877,1754390892,586,0,0
1754371440_E..N05R,032400_E..N05R,E,0,1754371440,1E 0524 WTC/P-A,1754389210,1754389225,475,0,0
1754371500_A..S58R,032500_A..S58R,A,1,1754371500,1A 0525 207/FAR,1754391417,1754391432,618,0,0
1754371590_A..S43R,032650_A..S43R,A,1,1754371590,1A 0526+ EUC/LEF,1754386822,1754386837,302,0,0
1754371740_H..N21R,032900_H..N21R,H,0,1754371740,1H 0529 RPK/BCR,1754396928,1754396943,979,0,0
1754371770_H..S21R,032950_H..S21R,H,1,1754371770,1H 0529+ BCR/RPK,1754387333,1754387348,324,0,0
1754371860_C..S05R,033100_C..S05R,C,1,1754371860,1C 0531 168/EUC,1754390711,1754390726,546,0,0
1754372040_A..N55R,033400_A..N55R,A,0,1754372040,1A 0534 FAR/207,1754392048,1754392063,623,0,0
1754372100_E..S69R,033500_E..S69R,E,1,1754372100,1E 0535 P-A/WTC,1754389420,1754389435,443,0,0
1754372310_E..N05R,033850_E..N05R,E,0,1754372310,1E 0538+ WTC/P-A,1754389795,1754389810,454,0,0
1754372430_A..S57R,034050_A..S57R,A,1,1754372430,1A 0540+ 207/LEF,1754392228,1754392243,607,0,0
1754372580_C..N04R,034300_C..N04R,C,0,1754372580,1C 0543 EUC/168,1754392768,1754392783,640,0,0
1754372610_E..S69R,034350_E..S69R,E,1,1754372610,1E 0543+ P-A/WTC,1754389750,1754389765,430,0,0
1754372700_A..N54R,034500_A..N54R,A,0,1754372700,1A 0545 LEF/207,1754391612,1754391627,548,0,0
1754372730_C..S05R,034550_C..S05R,C,1,1754372730,1C 0545+ 168/EUC,1754391192,1754391207,518,0,0
1754372790_A..S37R,034650_A..S37R,A,1,1754372790,1A 0546+ EUC/LEF,1754387813,1754387828,286,0,0
1754372850_H..S21R,034750_H..S21R,H,1,1754372850,1H 0547+ BCR/RPK,1754388279,1754388294,313,0,0
1754372880_H..N21R,034800_H..N21R,H,0,1754372880,1H 0548 RPK/BCR,1754398069,1754398084,1002,0,0
1754373150_E..S69R,035250_E..S69R,E,1,1754373150,1E 0552+ P-A/WTC,1754390456,1754390471,438,0,0
1754373210_A..N55R,035350_A..N55R,A,0,1754373210,1A 0553+ FAR/207,1754393339,1754393354,633,0,0
1754373210_A..S58R,035350_A..S58R,A,1,1754373210,1A 0553+ 207/FAR,1754393429,1754393444,639,0,0
1754373210_C..N04R,035350_C..N04R,C,0,1754373210,1C 0553+ EUC/168,1754392738,1754392753,592,0,0
1754373270_E..N72R,035450_E..N72R,E,0,1754373270,1E 0554+ WTC/P-A,1754390952,1754390967,463,0,0
1754373570_E..S69R,035950_E..S69R,E,1,1754373570,1E 0559+ P-A/WTC,1754390831,1754390847,435,0,0
1754373600_C..S05R,036000_C..S05R,C,1,1754373600,1C 0600 168/EUC,1754392198,1754392213,524,0,0
1754373780_A..S57R,036300_A..S57R,A,1,1754373780,1A 0603 207/LEF,1754392618,1754392633,544,0,0
1754373780_H..N21R,036300_H..N21R,H,0,1754373780,1H 0603 RPK/BCR,1754398970,1754398985,1004,0,0
1754373870_A..N55R,036450_A..N55R,A,0,1754373870,1A 0604+ FAR/207,1754394135,1754394150,642,0,0
1754373870_C..N04R,036450_C..N04R,C,0,1754373870,1C 0604+ EUC/168,1754392679,1754392693,543,0,0
1754373930_A..N54R,036550_A..N54R,A,0,1754373930,1A 0605+ LEF/207,1754388669,1754388684,267,0,0
1754373990_A..S37R,036650_A..S37R,A,1,1754373990,1A 0606+ EUC/LEF,1754389150,1754389165,295,0,0
1754373990_E..N72R,036650_E..N72R,E,0,1754373990,1E 0606+ WTC/P-A,1754391147,1754391162,428,0,0
1754373990_H..S21R,036650_H..S21R,H,1,1754373990,1H 0606+ BCR/RPK,1754388789,1754388804,271,0,0
1754374050_E..S71R,036750_E..S71R,E,1,1754374050,1E 0607+ P-A/WTC,1754391732,1754391747,463,0,0
1754374200_A..N54R,037000_A..N54R,A,0,1754374200,1A 0610 LEF/207,1754392934,1754392949,290,1,1
1754374380_A..S58R,037300_A..S58R,A,1,1754374380,1A 0613 207/FAR,1754394285,1754394300,618,0,0
1754374440_E..S71R,037400_E..S71R,E,1,1754374440,1E 0614 P-A/WTC,1754391732,1754391747,437,0,0
1754374470_C..N04R,037450_C..N04R,C,0,1754374470,1C 0614+ EUC/168,1754392798,1754392814,512,0,0
1754374500_C..S05R,037500_C..S05R,C,1,1754374500,1C 0615 168/EUC,1754392889,1754392904,516,0,0
1754374620_E..N72R,037700_E..N72R,E,0,1754374620,1E 0617 WTC/P-A,1754391853,1754391868,433,0,0
1754374680_A..S57R,037800_A..S57R,A,1,1754374680,1A 0618 207/LEF,1754393654,1754393670,556,0,0
1754374830_A..S37R,038050_A..S37R,A,1,1754374830,1A 0620+ EUC/LEF,1754391237,1754391252,378,0,0
1754374860_E..S71R,038100_E..S71R,E,1,1754374860,1E 0621 P-A/WTC,1754391958,1754391973,424,0,0
1754374860_H..N21R,038100_H..N21R,H,0,1754374860,1H 0621 RPK/BCR,1754400051,1754400066,1004,0,0
1754374920_A..N55R,038200_A..N55R,A,0,1754374920,1A 0622 FAR/207,1754395171,1754395186,641,0,0
1754374980_A..N54R,038300_A..N54R,A,0,1754374980,1A 0623 LEF/207,1754394060,1754394075,563,0,0
1754375040_C..N04R,038400_C..N04R,C,0,1754375040,1C 0624 EUC/168,1754393504,1754393519,522,0,0
1754375130_C..S05R,038550_C..S05R,C,1,1754375130,1C 0625+ 168/EUC,1754393579,1754393594,521,0,0
1754375220_A..S58R,038700_A..S58R,A,1,1754375220,1A 0627 207/FAR,1754394856,1754394871,600,0,0
1754375220_E..S71R,038700_E..S71R,E,1,1754375220,1E 0627 P-A/WTC,1754392348,1754392363,427,0,0
1754375250_E..N72R,038750_E..N72R,E,0,1754375250,1E 0627+ WTC/P-A,1754392348,1754392363,425,0,0
1754375580_E..S71R,039300_E..S71R,E,1,1754375580,1E 0633 P-A/WTC,1754393069,1754393084,456,0,0
1754375640_A..S57R,039400_A..S57R,A,1,1754375640,1A 0634 207/LEF,1754394330,1754394345,537,0,0
1754375640_C..S05R,039400_C..S05R,C,1,1754375640,1C 0634 168/EUC,1754393986,1754394000,514,0,0
1754375670_C..N04R,039450_C..N04R,C,0,1754375670,1C 0634+ EUC/168,1754393880,1754393895,505,0,0
1754375880_A..N65R,039800_A..N65R,A,0,1754375880,1A 0638 RPK/207,1754395877,1754395892,624,0,0
1754375880_E..N72R,039800_E..N72R,E,0,1754375880,1E 0638 WTC/P-A,1754393234,1754393249,448,0,0
1754375910_A..N55R,039850_A..N55R,A,0,1754375910,1A 0638+ FAR/207,1754396343,1754396357,653,0,0
1754375910_E..S71R,039850_E..S71R,E,1,1754375910,1E 0638+ P-A/WTC,1754393069,1754393084,434,0,0
1754375970_A..N54R,039950_A..N54R,A,0,1754375970,1A 0639+ LEF/207,1754394916,1754394931,554,0,0
1754376060_A..S58R,040100_A..S58R,A,1,1754376060,1A 0641 207/FAR,1754395802,1754395817,607,0,0
1754376090_C..N04R,040150_C..N04R,C,0,1754376090,1C 0641+ EUC/168,1754395006,1754395021,552,0,0
1754376180_E..S71R,040300_E..S71R,E,1,1754376180,1E 0643 P-A/WTC,1754393579,1754393594,451,0,0
1754376270_A..S16R,040450_A..S16R,A,1,1754376270,1A 0644+ EUC/FAR,1754392814,1754392829,393,0,0
1754376360_C..S04R,040600_C..S04R,C,1,1754376360,1C 0646 168/EUC,1754394720,1754394736,515,0,0
1754376390_E..N72R,040650_E..N72R,E,0,1754376390,1E 0646+ WTC/P-A,1754394000,1754394015,465,0,0
1754376480_E..S71R,040800_E..S71R,E,1,1754376480,1E 0648 P-A/WTC,1754393730,1754393744,441,0,0
1754376510_H..N21R,040850_H..N21R,H,0,1754376510,1H 0648+ RPK/BCR,1754401703,1754401717,1004,0,0
1754376600_A..N55R,041000_A..N55R,A,0,1754376600,1A 0650 FAR/207,1754397048,1754397063,660,0,0
1754376600_A..S57R,041000_A..S57R,A,1,1754376600,1A 0650 207/LEF,1754395411,1754395426,545,0,0
1754376660_A..N54R,041100_A..N54R,A,0,1754376660,1A 0651 LEF/207,1754395576,1754395592,552,0,0
1754376780_E..N72R,041300_E..N72R,E,0,1754376780,1E 0653 WTC/P-A,1754394240,1754394255,455,0,0
1754376780_E..S71R,041300_E..S71R,E,1,1754376780,1E 0653 P-A/WTC,1754394465,1754394480,470,0,0
1754376810_C..N04R,041350_C..N04R,C,0,1754376810,1C 0653+ EUC/168,1754395892,1754395907,563,0,0
1754376960_C..S04R,041600_C..S04R,C,1,1754376960,1C 0656 168/EUC,1754395426,1754395441,521,0,0
1754377080_A..N65R,041800_A..N65R,A,0,1754377080,1A 0658 RPK/207,1754397604,1754397619,676,0,0
1754377080_A..S58R,041800_A..S58R,A,1,1754377080,1A 0658 207/FAR,1754396898,1754396913,614,1,0
1754377080_E..S71R,041800_E..S71R,E,1,1754377080,1E 0658 P-A/WTC,1754394480,1754394495,450,0,0
1754377230_E..N66R,042050_E..N66R,E,0,1754377230,1E 0700+ WTC/P-A,1754394525,1754394540,442,0,0
1754377260_C..N04R,042100_C..N04R,C,0,1754377260,1C 0701 EUC/168,1754395892,1754395907,531,0,0
1754377320_E..S71R,042200_E..S71R,E,1,1754377320,1E 0702 P-A/WTC,1754394645,1754394660,444,0,0
1754377380_A..N55R,042300_A..N55R,A,0,1754377380,1A 0703 FAR/207,1754398309,1754398324,718,0,0
1754377560_A..S57R,042600_A..S57R,A,1,1754377560,1A 0706 207/LEF,1754396283,1754396297,536,1,0
1754377560_E..S71R,042600_E..S71R,E,1,1754377560,1E 0706 P-A/WTC,1754394961,1754394976,448,0,0
1754377590_A..S16R,042650_A..S16R,A,1,1754377590,1A 0706+ EUC/FAR,1754393895,1754393910,375,0,0
1754377620_A..N54R,042700_A..N54R,A,0,1754377620,1A 0707 LEF/207,1754396583,1754396598,552,0,0
1754377710_E..N66R,042850_E..N66R,E,0,1754377710,1E 0708+ WTC/P-A,1754395006,1754395021,440,0,0
1754377890_C..N04R,043150_C..N04R,C,0,1754377890,1C 0711+ EUC/168,1754396432,1754396447,523,0,0
1754377920_E..S71R,043200_E..S71R,E,1,1754377920,1E 0712 P-A/WTC,1754395426,1754395441,454,0,0
1754377920_H..N21R,043200_H..N21R,H,0,1754377920,1H 0712 RPK/BCR,1754403114,1754403129,1033,0,0
1754378010_A..S58R,043350_A..S58R,A,1,1754378010,1A 0713+ 207/FAR,1754397889,1754397904,634,0,0
1754378100_E..N66R,043500_E..N66R,E,0,1754378100,1E 0715 WTC/P-A,1754395321,1754395336,435,0,0
1754378130_C..S04R,043550_C..S04R,C,1,1754378130,1C 0715+ 168/EUC,1754397018,1754397033,551,0,0
1754378160_A..N85R,043600_A..N85R,A,0,1754378160,1A 0716 FAR/168,1754398414,1754398429,608,0,0
1754378160_E..S71R,043600_E..S71R,E,1,1754378160,1E 0716 P-A/WTC,1754395546,1754395562,446,0,0
1754378190_H..S21R,043650_H..S21R,H,1,1754378190,1H 0716+ BCR/RPK,1754393369,1754393384,299,0,0
1754378280_A..N65R,043800_A..N65R,A,0,1754378280,1A 0718 RPK/207,1754398850,1754398865,692,0,0
1754378430_A..S57R,044050_A..S57R,A,1,1754378430,1A 0720+ 207/LEF,1754397183,1754397198,546,0,0
1754378460_E..N66R,044100_E..N66R,E,0,1754378460,1E 0721 WTC/P-A,1754395711,1754395727,437,0,0
1754378490_C..N04R,044150_C..N04R,C,0,1754378490,1C 0721+ EUC/168,1754397108,1754397123,534,0,0
1754378520_A..N54R,044200_A..N54R,A,0,1754378520,1A 0722 LEF/207,1754397754,1754397769,587,0,0
1754378520_E..S71R,044200_E..S71R,E,1,1754378520,1E 0722 P-A/WTC,1754395787,1754395802,438,0,0
1754378730_C..S04R,044550_C..S04R,C,1,1754378730,1C 0725+ 168/EUC,1754397228,1754397243,531,0,0
1754378820_E..S71R,044700_E..S71R,E,1,1754378820,1E 0727 P-A/WTC,1754396538,1754396553,468,0,0
1754378820_H..N21R,044700_H..N21R,H,0,1754378820,1H 0727 RPK/BCR,1754404015,1754404030,1033,0,0
1754378850_E..N66R,044750_E..N66R,E,0,1754378850,1E 0727+ WTC/P-A,1754395967,1754395982,428,0,0
1754378910_A..N55R,044850_A..N55R,A,0,1754378910,1A 0728+ FAR/207,1754399841,1754399856,677,0,0
1754378970_A..S58R,044950_A..S58R,A,1,1754378970,1A 0729+ 207/FAR,1754398880,1754398895,648,0,0
1754379030_C..N04R,045050_C..N04R,C,0,1754379030,1C 0730+ EUC/168,1754397874,1754397889,565,0,0
1754379180_A..N54R,045300_A..N54R,A,0,1754379180,1A 0733 LEF/207,1754398595,1754398610,615,0,0
1754379180_E..N66R,045300_E..N66R,E,0,1754379180,1E 0733 WTC/P-A,1754396583,1754396598,447,0,0
1754379180_E..S71R,045300_E..S71R,E,1,1754379180,1E 0733 P-A/WTC,1754396568,1754396583,446,0,0
1754379360_A..N55R,045600_A..N55R,A,0,1754379360,1A 0736 FAR/207,1754400291,1754400306,716,0,0
1754379360_C..S04R,045600_C..S04R,C,1,1754379360,1C 0736 168/EUC,1754398354,1754398369,586,0,0
1754379360_H..S21R,045600_H..S21R,H,1,1754379360,1H 0736 BCR/RPK,1754394390,1754394405,289,0,0
1754379450_E..N66R,045750_E..N66R,E,0,1754379450,1E 0737+ WTC/P-A,1754396748,1754396762,440,0,0
1754379480_A..N60R,045800_A..N60R,A,0,1754379480,1A 0738 RPK/200,1754399946,1754399961,685,0,0
1754379480_E..S71R,045800_E..S71R,E,1,1754379480,1E 0738 P-A/WTC,1754396764,1754396778,440,0,0
1754379549_A..S57R,045916_A..S57R,A,1,1754379549,1A 0739 207/LEF,1754398189,1754398204,564,0,0
1754379660_E..N66R,046100_E..N66R,E,0,1754379660,1E 0741 WTC/P-A,1754396958,1754396973,444,0,0
1754379720_C..N04R,046200_C..N04R,C,0,1754379720,1C 0742 EUC/168,1754398880,1754398895,598,0,0
1754379720_E..S71R,046200_E..S71R,E,1,1754379720,1E 0742 P-A/WTC,1754397168,1754397183,458,0,0
1754379750_H..N21R,046250_H..N21R,H,0,1754379750,1H 0742+ RPK/BCR,1754404946,1754404961,1033,0,0
1754379780_A..N18R,046300_A..N18R,A,0,1754379780,1A 0743 FAR/200,1754400532,1754400547,704,0,0
1754379840_A..N54R,046400_A..N54R,A,0,1754379840,1A 0744 LEF/207,1754399285,1754399300,617,0,0
1754379870_C..S04R,046450_C..S04R,C,1,1754379870,1C 0744+ 168/EUC,1754398339,1754398354,552,0,0
1754379960_E..N66R,046600_E..N66R,E,0,1754379960,1E 0746 WTC/P-A,1754397258,1754397273,451,0,0
1754379960_E..S71R,046600_E..S71R,E,1,1754379960,1E 0746 P-A/WTC,1754397498,1754397513,474,0,0
1754380129_A..S58R,046883_A..S58R,A,1,1754380129,1A 0748+ 207/FAR,1754400141,1754400156,655,0,0
1754380140_H..S21R,046900_H..S21R,H,1,1754380140,1H 0749 BCR/RPK,1754395261,1754395276,295,0,0
1754380170_A..N82R,046950_A..N82R,A,0,1754380170,1A 0749+ FAR/200,1754400937,1754400952,705,0,0
1754380260_E..N66R,047100_E..N66R,E,0,1754380260,1E 0751 WTC/P-A,1754397559,1754397574,458,0,0
1754380350_A..N54R,047250_A..N54R,A,0,1754380350,1A 0752+ LEF/207,1754399886,1754399901,623,0,0
1754380380_E..S71R,047300_E..S71R,E,1,1754380380,1E 0753 P-A/WTC,1754398069,1754398084,496,1,0
1754380410_C..S04R,047350_C..S04R,C,1,1754380410,1C 0753+ 168/EUC,1754398595,1754398610,533,0,0
1754380500_E..N66R,047500_E..N66R,E,0,1754380500,1E 0755 WTC/P-A,1754397844,1754397859,464,0,0
1754380560_C..N04R,047600_C..N04R,C,0,1754380560,1C 0756 EUC/168,1754399541,1754399556,403,0,0
1754380620_A..N65R,047700_A..N65R,A,0,1754380620,1A 0757 RPK/207,1754401448,1754401463,709,0,0
1754380620_E..S71R,047700_E..S71R,E,1,1754380620,1E 0757 P-A/WTC,1754398429,1754398445,508,0,0
1754380710_A..S57R,047850_A..S57R,A,1,1754380710,1A 0758+ 207/LEF,1754399330,1754399345,562,0,0
1754380740_E..N66R,047900_E..N66R,E,0,1754380740,1E 0759 WTC/P-A,1754398174,1754398189,483,0,0
1754380860_A..N54R,048100_A..N54R,A,0,1754380860,1A 0801 LEF/207,1754400502,1754400517,630,1,1
1754380890_E..S71R,048150_E..S71R,E,1,1754380890,1E 0801+ P-A/WTC,1754398715,1754398730,509,0,0
1754380890_H..N21R,048150_H..N21R,H,0,1754380890,1H 0801+ RPK/BCR,1754406087,1754406102,1035,0,0
1754380920_A..N85R,048200_A..N85R,A,0,1754380920,1A 0802 FAR/168,1754400922,1754400937,654,0,0
1754380980_C..S04R,048300_C..S04R,C,1,1754380980,1C 0803 168/EUC,1754399601,1754399616,562,0,0
1754381040_E..N66R,048400_E..N66R,E,0,1754381040,1E 0804 WTC/P-A,1754398535,1754398550,487,0,0
1754381070_A..S58R,048450_A..S58R,A,1,1754381070,1A 0804+ 207/FAR,1754401207,1754401222,663,0,0
1754381100_H..S21R,048500_H..S21R,H,1,1754381100,1H 0805 BCR/RPK,1754396477,1754396492,312,0,0
1754381160_E..S71R,048600_E..S71R,E,1,1754381160,1E 0806 P-A/WTC,1754399075,1754399090,515,0,0
1754381310_A..N54R,048850_A..N54R,A,0,1754381310,1A 0808+ LEF/207,1754400937,1754400952,629,0,0
1754381340_E..N66R,048900_E..N66R,E,0,1754381340,1E 0809 WTC/P-A,1754398880,1754398895,490,0,0
1754381370_C..N04R,048950_C..N04R,C,0,1754381370,1C 0809+ EUC/168,1754400126,1754400141,571,0,0
1754381430_A..S57R,049050_A..S57R,A,1,1754381430,1A 0810+ 207/LEF,1754400261,1754400276,576,0,0
1754381520_E..S71R,049200_E..S71R,E,1,1754381520,1E 0812 P-A/WTC,1754399105,1754399120,492,0,0
1754381550_C..S04R,049250_C..S04R,C,1,1754381550,1C 0812+ 168/EUC,1754400021,1754400036,551,0,0
1754381580_H..N21R,049300_H..N21R,H,0,1754381580,1H 0813 RPK/BCR,1754406778,1754406793,1042,0,0
1754381640_A..N55R,049400_A..N55R,A,0,1754381640,1A 0814 FAR/207,1754402303,1754402318,710,0,0
1754381670_E..N66R,049450_E..N66R,E,0,1754381670,1E 0814+ WTC/P-A,1754399030,1754399045,477,0,0
1754381790_A..S57R,049650_A..S57R,A,1,1754381790,1A 0816+ 207/LEF,1754400652,1754400667,574,0,0
1754381820_C..N04R,049700_C..N04R,C,0,1754381820,1C 0817 EUC/168,1754400441,1754400456,430,0,0
1754381880_E..S71R,049800_E..S71R,E,1,1754381880,1E 0818 P-A/WTC,1754399315,1754399330,478,0,0
1754382030_E..N66R,050050_E..N66R,E,0,1754382030,1E 0820+ WTC/P-A,1754399165,1754399180,457,0,0
1754382060_A..N54R,050100_A..N54R,A,0,1754382060,1A 0821 LEF/207,1754401583,1754401598,616,0,0
1754382060_C..S04R,050100_C..S04R,C,1,1754382060,1C 0821 168/EUC,1754400336,1754400351,533,0,0
1754382060_H..S21R,050100_H..S21R,H,1,1754382060,1H 0821 BCR/RPK,1754397498,1754397513,328,0,0
1754382150_A..S58R,050250_A..S58R,A,1,1754382150,1A 0822+ 207/FAR,1754403009,1754403024,736,0,0
1754382150_E..S71R,050250_E..S71R,E,1,1754382150,1E 0822+ P-A/WTC,1754399631,1754399646,480,0,0
1754382270_C..N04R,050450_C..N04R,C,0,1754382270,1C 0824+ EUC/168,1754400847,1754400862,425,0,0
1754382360_A..N85R,050600_A..N85R,A,0,1754382360,1A 0826 FAR/168,1754401928,1754401943,619,0,0
1754382360_H..N21R,050600_H..N21R,H,0,1754382360,1H 0826 RPK/BCR,1754407559,1754407574,1075,0,0
1754382420_E..S71R,050700_E..S71R,E,1,1754382420,1E 0827 P-A/WTC,1754399946,1754399961,482,0,0
1754382450_E..N66R,050750_E..N66R,E,0,1754382450,1E 0827+ WTC/P-A,1754399676,1754399691,462,0,0
1754382510_A..S57R,050850_A..S57R,A,1,1754382510,1A 0828+ 207/LEF,1754401252,1754401267,563,0,0
1754382660_A..N54R,051100_A..N54R,A,0,1754382660,1A 0831 LEF/207,1754401973,1754401988,602,0,0
1754382720_E..N66R,051200_E..N66R,E,0,1754382720,1E 0832 WTC/P-A,1754399931,1754399946,461,0,0
1754382750_E..S71R,051250_E..S71R,E,1,1754382750,1E 0832+ P-A/WTC,1754400426,1754400441,492,0,0
1754382780_C..S04R,051300_C..S04R,C,1,1754382780,1C 0833 168/EUC,1754401658,1754401673,572,1,0
1754382840_C..N04R,051400_C..N04R,C,0,1754382840,1C 0834 EUC/168,1754401838,1754401853,581,0,0
1754382870_A..S57R,051450_A..S57R,A,1,1754382870,1A 0834+ 207/LEF,1754402063,1754402078,597,1,0
1754382900_E..N66R,051500_E..N66R,E,0,1754382900,1E 0835 WTC/P-A,1754400547,1754400562,490,0,0
1754383020_E..S71R,051700_E..S71R,E,1,1754383020,1E 0837 P-A/WTC,1754400411,1754400426,473,0,0
1754383020_H..S21R,051700_H..S21R,H,1,1754383020,1H 0837 BCR/RPK,1754397889,1754397904,293,0,0
1754383140_A..S58R,051900_A..S58R,A,1,1754383140,1A 0839 207/FAR,1754403189,1754403204,684,0,0
1754383200_E..N66R,052000_E..N66R,E,0,1754383200,1E 0840 WTC/P-A,1754400787,1754400802,486,0,0
1754383260_A..N54R,052100_A..N54R,A,0,1754383260,1A 0841 LEF/207,1754402484,1754402498,610,0,0
1754383290_C..S04R,052150_C..S04R,C,1,1754383290,1C 0841+ 168/EUC,1754402243,1754402258,590,0,0
1754383320_A..N55R,052200_A..N55R,A,0,1754383320,1A 0842 FAR/207,1754403610,1754403625,700,0,0
1754383350_H..N21R,052250_H..N21R,H,0,1754383350,1H 0842+ RPK/BCR,1754408550,1754408565,1097,0,0
1754383410_E..S71R,052350_E..S71R,E,1,1754383410,1E 0843+ P-A/WTC,1754400922,1754400937,481,0,0
1754383470_C..N04R,052450_C..N04R,C,0,1754383470,1C 0844+ EUC/168,1754402168,1754402183,568,0,0
1754383560_A..S57R,052600_A..S57R,A,1,1754383560,1A 0846 207/LEF,1754402303,1754402318,577,0,0
1754383560_E..N66R,052600_E..N66R,E,0,1754383560,1E 0846 WTC/P-A,1754401132,1754401147,486,0,0
1754383740_E..S71R,052900_E..S71R,E,1,1754383740,1E 0849 P-A/WTC,1754401147,1754401162,475,0,0
1754383860_A..N54R,053100_A..N54R,A,0,1754383860,1A 0851 LEF/207,1754402904,1754402919,608,0,0
1754383920_A..S58R,053200_A..S58R,A,1,1754383920,1A 0852 207/FAR,1754403745,1754403760,669,0,0
1754383920_C..S04R,053200_C..S04R,C,1,1754383920,1C 0852 168/EUC,1754402243,1754402258,548,0,0
1754384010_H..S21R,053350_H..S21R,H,1,1754384010,1H 0853+ BCR/RPK,1754398805,1754398820,301,0,0
1754384070_E..N66R,053450_E..N66R,E,0,1754384070,1E 0854+ WTC/P-A,1754401312,1754401327,464,0,0
1754384070_E..S71R,053450_E..S71R,E,1,1754384070,1E 0854+ P-A/WTC,1754401343,1754401357,466,0,0
1754384130_C..N04R,053550_C..N04R,C,0,1754384130,1C 0855+ EUC/168,1754402964,1754402979,598,0,0
1754384220_A..N54R,053700_A..N54R,A,0,1754384220,1A 0857 LEF/207,1754403384,1754403400,625,0,0
1754384280_A..S57R,053800_A..S57R,A,1,1754384280,1A 0858 207/LEF,1754403129,1754403144,604,0,0
1754384340_C..S05R,053900_C..S05R,C,1,1754384340,1C 0859 168/EUC,1754402829,1754402844,569,0,0
1754384340_E..N66R,053900_E..N66R,E,0,1754384340,1E 0859 WTC/P-A,1754401583,1754401598,464,0,0
1754384340_E..S71R,053900_E..S71R,E,1,1754384340,1E 0859 P-A/WTC,1754401718,1754401733,474,0,0
1754384460_H..N21R,054100_H..N21R,H,0,1754384460,1H 0901 RPK/BCR,1754409646,1754409662,1097,0,0
1754384520_A..N55R,054200_A..N55R,A,0,1754384520,1A 0902 FAR/207,1754404871,1754404886,704,0,0
1754384640_A..S58R,054400_A..S58R,A,1,1754384640,1A 0904 207/FAR,1754405261,1754405276,722,0,0
1754384670_C..N04R,054450_C..N04R,C,0,1754384670,1C 0904+ EUC/168,1754403445,1754403460,599,0,0
1754384670_E..S71R,054450_E..S71R,E,1,1754384670,1E 0904+ P-A/WTC,1754401943,1754401958,467,0,0
1754384700_E..N66R,054500_E..N66R,E,0,1754384700,1E 0905 WTC/P-A,1754401808,1754401823,456,0,0
1754384940_C..S04R,054900_C..S04R,C,1,1754384940,1C 0909 168/EUC,1754403400,1754403415,578,0,0
1754385000_E..S71R,055000_E..S71R,E,1,1754385000,1E 0910 P-A/WTC,1754402348,1754402363,484,0,0
1754385030_H..S21R,055050_H..S21R,H,1,1754385030,1H 0910+ BCR/RPK,1754400156,1754400171,323,0,0
1754385060_E..N66R,055100_E..N66R,E,0,1754385060,1E 0911 WTC/P-A,1754402123,1754402138,456,0,0
1754385120_A..N54R,055200_A..N54R,A,0,1754385120,1A 0912 LEF/207,1754403925,1754403940,601,0,0
1754385180_A..S57R,055300_A..S57R,A,1,1754385180,1A 0913 207/LEF,1754404300,1754404315,622,0,0
1754385210_C..N04R,055350_C..N04R,C,0,1754385210,1C 0913+ EUC/168,1754403745,1754403760,583,0,0
1754385300_E..N,055500_E..N,E,0,1754385300,EE 0915 WTC/P-A,1754402814,1754402829,275,0,0
1754385360_A..S58R,055600_A..S58R,A,1,1754385360,1A 0916 207/FAR,1754405907,1754405922,717,0,0
1754385420_E..S71R,055700_E..S71R,E,1,1754385420,1E 0917 P-A/WTC,1754402574,1754402589,473,0,0
1754385510_E..N66R,055850_E..N66R,E,0,1754385510,1E 0918+ WTC/P-A,1754403024,1754403039,514,0,0
1754385559_C..S04R,055933_C..S04R,C,1,1754385559,1C 0919 168/EUC,1754404150,1754404165,570,0,0
1754385570_A..N54R,055950_A..N54R,A,0,1754385570,1A 0919+ LEF/207,1754404646,1754404661,619,0,0
1754385720_A..N55R,056200_A..N55R,A,0,1754385720,1A 0922 FAR/207,1754406102,1754406117,708,0,0
1754385720_A..S51R,056200_A..S51R,A,1,1754385720,1A 0922 207/EUC,1754404060,1754404075,570,0,0
1754385720_E..N66R,056200_E..N66R,E,0,1754385720,1E 0922 WTC/P-A,1754403324,1754403340,521,0,0
1754385720_H..N21R,056200_H..N21R,H,0,1754385720,1H 0922 RPK/BCR,1754410907,1754410923,1097,0,0
1754385750_E..S71R,056250_E..S71R,E,1,1754385750,1E 0922+ P-A/WTC,1754402979,1754402994,492,0,0
1754385780_C..N04R,056300_C..N04R,C,0,1754385780,1C 0923 EUC/168,1754405126,1754405141,637,0,0
1754386020_A..S58R,056700_A..S58R,A,1,1754386020,1A 0927 207/FAR,1754406673,1754406688,727,0,0
1754386020_E..N66R,056700_E..N66R,E,0,1754386020,1E 0927 WTC/P-A,1754403400,1754403415,505,0,0
1754386020_E..S71R,056700_E..S71R,E,1,1754386020,1E 0927 P-A/WTC,1754403580,1754403595,517,0,0
1754386179_C..S04R,056966_C..S04R,C,1,1754386179,1C 0929+ 168/EUC,1754404406,1754404421,558,0,0
1754386200_A..S57R,057000_A..S57R,A,1,1754386200,1A 0930 207/LEF,1754405412,1754405427,624,0,0
1754386230_H..S21R,057050_H..S21R,H,1,1754386230,1H 0930+ BCR/RPK,1754401072,1754401087,299,0,0
1754386320_E..S71R,057200_E..S71R,E,1,1754386320,1E 0932 P-A/WTC,1754403640,1754403655,496,0,0
1754386350_C..N04R,057250_C..N04R,C,0,1754386350,1C 0932+ EUC/168,1754405156,1754405171,594,0,0
1754386380_E..N66R,057300_E..N66R,E,0,1754386380,1E 0933 WTC/P-A,1754403820,1754403835,502,0,0
1754386410_A..N54R,057350_A..N54R,A,0,1754386410,1A 0933+ LEF/207,1754405352,1754405367,601,0,0
1754386680_A..S58R,057800_A..S58R,A,1,1754386680,1A 0938 207/FAR,1754407319,1754407333,747,0,0
1754386770_A..N54R,057950_A..N54R,A,0,1754386770,1A 0939+ LEF/207,1754405862,1754405877,602,0,0
1754386770_E..N66R,057950_E..N66R,E,0,1754386770,1E 0939+ WTC/P-A,1754404030,1754404045,480,0,0
1754386800_C..S04R,058000_C..S04R,C,1,1754386800,1C 0940 168/EUC,1754405306,1754405322,563,0,0
1754386830_E..S71R,058050_E..S71R,E,1,1754386830,1E 0940+ P-A/WTC,1754404060,1754404075,478,0,0
1754386920_H..N21R,058200_H..N21R,H,0,1754386920,1H 0942 RPK/BCR,1754412109,1754412124,1124,0,0
1754386950_C..N04R,058250_C..N04R,C,0,1754386950,1C 0942+ EUC/168,1754405412,1754405427,560,0,0
1754386980_A..N55R,058300_A..N55R,A,0,1754386980,1A 0943 FAR/207,1754407033,1754407048,692,0,0
1754387070_A..S57R,058450_A..S57R,A,1,1754387070,1A 0944+ 207/LEF,1754406358,1754406373,614,0,0
1754387130_E..S71R,058550_E..S71R,E,1,1754387130,1E 0945+ P-A/WTC,1754404856,1754404871,505,0,0
1754387160_E..N66R,058600_E..N66R,E,0,1754387160,1E 0946 WTC/P-A,1754404586,1754404601,483,0,0
1754387370_C..S04R,058950_C..S04R,C,1,1754387370,1C 0949+ 168/EUC,1754405667,1754405682,534,0,0
1754387400_E..S71R,059000_E..S71R,E,1,1754387400,1E 0950 P-A/WTC,1754404841,1754404856,476,0,0
1754387400_H..S21R,059000_H..S21R,H,1,1754387400,1H 0950 BCR/RPK,1754402258,1754402273,284,0,0
1754387460_E..N66R,059100_E..N66R,E,0,1754387460,1E 0951 WTC/P-A,1754404796,1754404811,469,0,0
1754387520_A..S58R,059200_A..S58R,A,1,1754387520,1A 0952 207/FAR,1754407679,1754407694,712,0,0
1754387550_C..N04R,059250_C..N04R,C,0,1754387550,1C 0952+ EUC/168,1754406177,1754406193,557,0,0
1754387760_A..N54R,059600_A..N54R,A,0,1754387760,1A 0956 LEF/207,1754406778,1754406793,591,0,0
1754387760_C..S04R,059600_C..S04R,C,1,1754387760,1C 0956 168/EUC,1754406238,1754406253,547,0,0
1754387760_E..S71R,059600_E..S71R,E,1,1754387760,1E 0956 P-A/WTC,1754405006,1754405021,463,0,0
1754387790_E..N66R,059650_E..N66R,E,0,1754387790,1E 0956+ WTC/P-A,1754405111,1754405126,468,0,0
1754387880_A..S57R,059800_A..S57R,A,1,1754387880,1A 0958 207/LEF,1754406718,1754406733,575,0,0
1754388000_H..N21R,060000_H..N21R,H,0,1754388000,1H 1000 RPK/BCR,1754413190,1754413205,1145,0,0
1754388060_E..N66R,060100_E..N66R,E,0,1754388060,1E 1001 WTC/P-A,1754405487,1754405502,475,0,0
1754388120_E..S71R,060200_E..S71R,E,1,1754388120,1E 1002 P-A/WTC,1754405397,1754405412,465,0,0
1754388150_C..N04R,060250_C..N04R,C,0,1754388150,1C 1002+ EUC/168,1754406598,1754406613,545,0,0
1754388180_A..N55R,060300_A..N55R,A,0,1754388180,1A 1003 FAR/207,1754408745,1754408761,755,0,0
1754388330_H..S21R,060550_H..S21R,H,1,1754388330,1H 1005+ BCR/RPK,1754403384,1754403400,317,0,0
1754388360_C..S04R,060600_C..S04R,C,1,1754388360,1C 1006 168/EUC,1754406643,1754406658,536,0,0
1754388360_E..N66R,060600_E..N66R,E,0,1754388360,1E 1006 WTC/P-A,1754405892,1754405907,482,0,0
1754388420_A..S58R,060700_A..S58R,A,1,1754388420,1A 1007 207/FAR,1754408625,1754408640,731,0,0
1754388480_E..S71R,060800_E..S71R,E,1,1754388480,1E 1008 P-A/WTC,1754405952,1754405967,478,0,0
1754388630_A..N54R,061050_A..N54R,A,0,1754388630,1A 1010+ LEF/207,1754407679,1754407694,638,0,0
1754388720_E..N66R,061200_E..N66R,E,0,1754388720,1E 1012 WTC/P-A,1754406057,1754406072,471,0,0
1754388750_C..N04R,061250_C..N04R,C,0,1754388750,1C 1012+ EUC/168,1754407169,1754407184,576,0,0
1754388840_C..S04R,061400_C..S04R,C,1,1754388840,1C 1014 168/EUC,1754407259,1754407273,580,0,0
1754388840_E..S71R,061400_E..S71R,E,1,1754388840,1E 1014 P-A/WTC,1754406298,1754406313,479,0,0
1754388900_A..S57R,061500_A..S57R,A,1,1754388900,1A 1015 207/LEF,1754407379,1754407394,588,0,0
1754388990_A..N54R,061650_A..N54R,A,0,1754388990,1A 1016+ LEF/207,1754408325,1754408340,673,0,0
1754389050_E..N66R,061750_E..N66R,E,0,1754389050,1E 1017+ WTC/P-A,1754406298,1754406313,465,0,0
1754389140_H..N21R,061900_H..N21R,H,0,1754389140,1H 1019 RPK/BCR,1754414331,1754414346,1145,0,0
1754389140_H..S21R,061900_H..S21R,H,1,1754389140,1H 1019 BCR/RPK,1754403940,1754403955,300,0,0
1754389200_A..N55R,062000_A..N55R,A,0,1754389200,1A 1020 FAR/207,1754409662,1754409676,748,0,0
1754389200_C..S04R,062000_C..S04R,C,1,1754389200,1C 1020 168/EUC,1754407964,1754407980,634,0,0
1754389200_E..S71R,062000_E..S71R,E,1,1754389200,1E 1020 P-A/WTC,1754406898,1754406913,508,0,0
1754389230_C..N04R,062050_C..N04R,C,0,1754389230,1C 1020+ EUC/168,1754408220,1754408235,650,0,0
1754389380_A..S58R,062300_A..S58R,A,1,1754389380,1A 1023 207/FAR,1754409962,1754409977,756,0,0
1754389440_E..N66R,062400_E..N66R,E,0,1754389440,1E 1024 WTC/P-A,1754406718,1754406733,471,0,0
1754389560_E..S71R,062600_E..S71R,E,1,1754389560,1E 1026 P-A/WTC,1754406883,1754406898,485,0,0
1754389710_A..S57R,062850_A..S57R,A,1,1754389710,1A 1028+ 207/LEF,1754408880,1754408895,662,0,0
1754389710_C..N04R,062850_C..N04R,C,0,1754389710,1C 1028+ EUC/168,1754408325,1754408340,625,0,0
1754389800_C..S04R,063000_C..S04R,C,1,1754389800,1C 1030 168/EUC,1754408385,1754408400,623,0,0
1754389830_E..N66R,063050_E..N66R,E,0,1754389830,1E 1030+ WTC/P-A,1754407019,1754407033,484,0,0
1754389920_E..S71R,063200_E..S71R,E,1,1754389920,1E 1032 P-A/WTC,1754407214,1754407228,503,0,0
1754389920_H..N21R,063200_H..N21R,H,0,1754389920,1H 1032 RPK/BCR,1754415112,1754415127,1145,0,0
1754390040_A..N54R,063400_A..N54R,A,0,1754390040,1A 1034 LEF/207,1754409091,1754409106,654,0,0
1754390100_A..N55R,063500_A..N55R,A,0,1754390100,1A 1035 FAR/207,1754410562,1754410577,748,0,0
1754390160_E..N66R,063600_E..N66R,E,0,1754390160,1E 1036 WTC/P-A,1754407439,1754407454,510,0,0
1754390190_C..N04R,063650_C..N04R,C,0,1754390190,1C 1036+ EUC/168,1754410172,1754410187,716,1,0
1754390280_A..S58R,063800_A..S58R,A,1,1754390280,1A 1038 207/FAR,1754410743,1754410757,748,0,0
1754390280_C..S04R,063800_C..S04R,C,1,1754390280,1C 1038 168/EUC,1754408986,1754409000,631,0,0
1754390280_E..S71R,063800_E..S71R,E,1,1754390280,1E 1038 P-A/WTC,1754407739,1754407754,535,0,0
1754390490_H..S21R,064150_H..S21R,H,1,1754390490,1H 1041+ BCR/RPK,1754405532,1754405547,316,0,0
1754390520_E..N66R,064200_E..N66R,E,0,1754390520,1E 1042 WTC/P-A,1754407874,1754407889,536,0,0
1754390580_E..S71R,064300_E..S71R,E,1,1754390580,1E 1043 P-A/WTC,1754408070,1754408084,550,0,0
1754390670_C..N04R,064450_C..N04R,C,0,1754390670,1C 1044+ EUC/168,1754410187,1754410202,685,0,0
1754390730_A..S57R,064550_A..S57R,A,1,1754390730,1A 1045+ 207/LEF,1754409977,1754409992,667,0,0
1754390760_C..S04R,064600_C..S04R,C,1,1754390760,1C 1046 168/EUC,1754415953,1754415968,1145,0,0
1754390820_H..N21R,064700_H..N21R,H,0,1754390820,1H 1047 RPK/BCR,1754416013,1754416028,1145,0,0
1754390850_E..N66R,064750_E..N66R,E,0,1754390850,1E 1047+ WTC/P-A,1754408160,1754408175,538,0,0
1754391000_A..N54R,065000_A..N54R,A,0,1754391000,1A 1050 LEF/207,1754409977,1754409992,648,0,0
1754391000_E..S71R,065000_E..S71R,E,1,1754391000,1E 1050 P-A/WTC,1754408115,1754408130,524,0,0
1754391180_A..N55R,065300_A..N55R,A,0,1754391180,1A 1053 FAR/207,1754411884,1754411898,798,0,0
1754391210_E..N66R,065350_E..N66R,E,0,1754391210,1E 1053+ WTC/P-A,1754408730,1754408745,551,0,0
1754391210_H..S21R,065350_H..S21R,H,1,1754391210,1H 1053+ BCR/RPK,1754406418,1754406433,328,0,0
1754391240_C..S04R,065400_C..S04R,C,1,1754391240,1C 1054 168/EUC,1754409886,1754409902,625,1,0
1754391330_A..S58R,065550_A..S58R,A,1,1754391330,1A 1055+ 207/FAR,1754411974,1754411988,795,0,0
1754391360_C..N04R,065600_C..N04R,C,0,1754391360,1C 1056 EUC/168,1754410803,1754410817,674,0,0
1754391360_E..S71R,065600_E..S71R,E,1,1754391360,1E 1056 P-A/WTC,1754408670,1754408685,532,0,0
1754391570_E..N66R,065950_E..N66R,E,0,1754391570,1E 1059+ WTC/P-A,1754408761,1754408775,517,0,0
1754391600_C..S04R,066000_C..S04R,C,1,1754391600,1C 1100 168/EUC,1754410022,1754410037,598,1,0
1754391660_H..N21R,066100_H..N21R,H,0,1754391660,1H 1101 RPK/BCR,1754416854,1754416869,1160,0,0
1754391750_E..S71R,066250_E..S71R,E,1,1754391750,1E 1102+ P-A/WTC,1754409181,1754409196,531,0,0
1754391780_A..N55R,066300_A..N55R,A,0,1754391780,1A 1103 FAR/207,1754412484,1754412499,815,0,0
1754391870_E..N66R,066450_E..N66R,E,0,1754391870,1E 1104+ WTC/P-A,1754409061,1754409076,515,0,0
1754391930_A..S57R,066550_A..S57R,A,1,1754391930,1A 1105+ 207/LEF,1754410893,1754410907,633,0,0
1754391930_H..S21R,066550_H..S21R,H,1,1754391930,1H 1105+ BCR/RPK,1754406989,1754407003,325,0,0
1754392020_A..N54R,066700_A..N54R,A,0,1754392020,1A 1107 LEF/207,1754411088,1754411102,634,0,0
1754392080_E..N66R,066800_E..N66R,E,0,1754392080,1E 1108 WTC/P-A,1754409571,1754409586,526,0,0
1754392110_C..N04R,066850_C..N04R,C,0,1754392110,1C 1108+ EUC/168,1754410382,1754410397,578,0,0
1754392200_C..S04R,067000_C..S04R,C,1,1754392200,1C 1110 168/EUC,1754411328,1754411343,633,0,0
1754392200_E..S71R,067000_E..S71R,E,1,1754392200,1E 1110 P-A/WTC,1754409646,1754409662,517,0,0
1754392380_E..N66R,067300_E..N66R,E,0,1754392380,1E 1113 WTC/P-A,1754409571,1754409586,497,0,0
1754392440_H..N21R,067400_H..N21R,H,0,1754392440,1H 1114 RPK/BCR,1754417634,1754417649,1177,0,0
1754392500_A..N55R,067500_A..N55R,A,0,1754392500,1A 1115 FAR/207,1754413340,1754413355,822,0,0
1754392530_A..S58R,067550_A..S58R,A,1,1754392530,1A 1115+ 207/FAR,1754412829,1754412845,786,0,0
1754392530_E..S71R,067550_E..S71R,E,1,1754392530,1E 1115+ P-A/WTC,1754410172,1754410187,527,0,0
1754392590_C..N04R,067650_C..N04R,C,0,1754392590,1C 1116+ EUC/168,1754411313,1754411328,603,0,0
1754392680_C..S04R,067800_C..S04R,C,1,1754392680,1C 1118 168/EUC,1754411328,1754411343,598,0,0
1754392710_E..N66R,067850_E..N66R,E,0,1754392710,1E 1118+ WTC/P-A,1754409916,1754409932,498,0,0
1754392770_H..S21R,067950_H..S21R,H,1,1754392770,1H 1119+ BCR/RPK,1754407934,1754407949,360,0,0
1754392920_E..S71R,068200_E..S71R,E,1,1754392920,1E 1122 P-A/WTC,1754410307,1754410322,510,0,0
1754393070_C..N04R,068450_C..N04R,C,0,1754393070,1C 1124+ EUC/168,1754411673,1754411688,612,0,0
1754393070_E..N66R,068450_E..N66R,E,0,1754393070,1E 1124+ WTC/P-A,1754410307,1754410322,500,0,0
1754393130_A..S57R,068550_A..S57R,A,1,1754393130,1A 1125+ 207/LEF,1754412604,1754412619,723,0,0
1754393160_C..S04R,068600_C..S04R,C,1,1754393160,1C 1126 168/EUC,1754411688,1754411703,608,0,0
1754393220_A..N54R,068700_A..N54R,A,0,1754393220,1A 1127 LEF/207,1754413160,1754413175,762,0,0
1754393280_E..S71R,068800_E..S71R,E,1,1754393280,1E 1128 P-A/WTC,1754410517,1754410532,500,0,0
1754393430_E..N66R,069050_E..N66R,E,0,1754393430,1E 1130+ WTC/P-A,1754410487,1754410503,488,0,0
1754393460_H..N21R,069100_H..N21R,H,0,1754393460,1H 1131 RPK/BCR,1754418655,1754418671,1178,0,0
1754393550_C..N04R,069250_C..N04R,C,0,1754393550,1C 1132+ EUC/168,1754412199,1754412214,642,0,0
1754393550_H..S21R,069250_H..S21R,H,1,1754393550,1H 1132+ BCR/RPK,1754408460,1754408475,345,0,0
1754393640_C..S04R,069400_C..S04R,C,1,1754393640,1C 1134 168/EUC,1754412124,1754412138,628,0,0
1754393670_A..S58R,069450_A..S58R,A,1,1754393670,1A 1134+ 207/FAR,1754413776,1754413791,773,0,0
1754393700_A..N55R,069500_A..N55R,A,0,1754393700,1A 1135 FAR/207,1754414361,1754414376,810,0,0
1754393700_E..S71R,069500_E..S71R,E,1,1754393700,1E 1135 P-A/WTC,1754410863,1754410877,495,0,0
1754393820_E..N66R,069700_E..N66R,E,0,1754393820,1E 1137 WTC/P-A,1754411088,1754411102,502,0,0
1754394000_C..S04R,070000_C..S04R,C,1,1754394000,1C 1140 168/EUC,1754412454,1754412469,645,0,0
1754394030_C..N04R,070050_C..N04R,C,0,1754394030,1C 1140+ EUC/168,1754412754,1754412769,680,0,0
1754394090_E..S71R,070150_E..S71R,E,1,1754394090,1E 1141+ P-A/WTC,1754412034,1754412049,586,0,0
1754394180_E..N66R,070300_E..N66R,E,0,1754394180,1E 1143 WTC/P-A,1754411568,1754411583,524,0,0
1754394300_A..N54R,070500_A..N54R,A,0,1754394300,1A 1145 LEF/207,1754413670,1754413685,724,0,0
1754394330_A..S57R,070550_A..S57R,A,1,1754394330,1A 1145+ 207/LEF,1754413295,1754413310,697,0,0
1754394360_H..N21R,070600_H..N21R,H,0,1754394360,1H 1146 RPK/BCR,1754419556,1754419571,1178,0,0
1754394420_E..S71R,070700_E..S71R,E,1,1754394420,1E 1147 P-A/WTC,1754412034,1754412049,568,0,0
1754394450_C..N04R,070750_C..N04R,C,0,1754394450,1C 1147+ EUC/168,1754413235,1754413250,685,0,0
1754394510_C..S04R,070850_C..S04R,C,1,1754394510,1C 1148+ 168/EUC,1754413085,1754413100,671,0,0
1754394570_E..N66R,070950_E..N66R,E,0,1754394570,1E 1149+ WTC/P-A,1754411703,1754411718,516,0,0
1754394570_H..S21R,070950_H..S21R,H,1,1754394570,1H 1149+ BCR/RPK,1754410427,1754410442,408,0,0
1754394780_E..S71R,071300_E..S71R,E,1,1754394780,1E 1153 P-A/WTC,1754412274,1754412288,546,0,0
1754394870_A..S58R,071450_A..S58R,A,1,1754394870,1A 1154+ 207/FAR,1754414766,1754414782,759,0,0
1754394870_E..N66R,071450_E..N66R,E,0,1754394870,1E 1154+ WTC/P-A,1754412649,1754412664,611,0,0
1754394900_A..N55R,071500_A..N55R,A,0,1754394900,1A 1155 FAR/207,1754415517,1754415532,807,0,0
1754394990_C..N04R,071650_C..N04R,C,0,1754394990,1C 1156+ EUC/168,1754413746,1754413760,683,0,0
1754395020_C..S04R,071700_C..S04R,C,1,1754395020,1C 1157 168/EUC,1754409256,1754409271,300,0,0
1754395230_E..S71R,072050_E..S71R,E,1,1754395230,1E 1200+ P-A/WTC,1754412259,1754412273,535,0,0
1754395260_C..S04R,072100_C..S04R,C,1,1754395260,1C 1201 168/EUC,1754414616,1754414631,439,1,1
1754395260_E..N66R,072100_E..N66R,E,0,1754395260,1E 1201 WTC/P-A,1754412634,1754412649,582,0,0
1754395380_A..S57R,072300_A..S57R,A,1,1754395380,1A 1203 207/LEF,1754414271,1754414286,690,0,0
1754395440_H..N21R,072400_H..N21R,H,0,1754395440,1H 1204 RPK/BCR,1754420638,1754420653,1177,0,0
1754395470_C..N04R,072450_C..N04R,C,0,1754395470,1C 1204+ EUC/168,1754414031,1754414046,668,1,0
1754395530_H..S21R,072550_H..S21R,H,1,1754395530,1H 1205+ BCR/RPK,1754410427,1754410442,342,0,0
1754395560_A..N54R,072600_A..N54R,A,0,1754395560,1A 1206 LEF/207,1754414826,1754414842,715,0,0
1754395650_E..N66R,072750_E..N66R,E,0,1754395650,1E 1207+ WTC/P-A,1754413055,1754413070,591,0,0
1754395650_E..S71R,072750_E..S71R,E,1,1754395650,1E 1207+ P-A/WTC,1754413250,1754413265,604,0,0
1754395950_A..N55R,073250_A..N55R,A,0,1754395950,1A 1212+ FAR/207,1754416824,1754416838,843,0,0
1754395950_C..N04R,073250_C..N04R,C,0,1754395950,1C 1212+ EUC/168,1754414556,1754414571,665,0,0
1754395980_A..S58R,073300_A..S58R,A,1,1754395980,1A 1213 207/FAR,1754416193,1754416208,770,0,0
1754396040_C..S04R,073400_C..S04R,C,1,1754396040,1C 1214 168/EUC,1754414496,1754414511,649,0,0
1754396040_H..N21R,073400_H..N21R,H,0,1754396040,1H 1214 RPK/BCR,1754421238,1754421253,1180,0,0
1754396070_E..N66R,073450_E..N66R,E,0,1754396070,1E 1214+ WTC/P-A,1754413325,1754413340,567,0,0
1754396070_E..S71R,073450_E..S71R,E,1,1754396070,1E 1214+ P-A/WTC,1754413385,1754413400,571,0,0
1754396280_C..S,073800_C..S,C,1,1754396280,EC 1218 168/EUC,1754415652,1754415667,422,1,0
1754396370_E..N66R,073950_E..N66R,E,0,1754396370,1E 1219+ WTC/P-A,1754413776,1754413791,558,0,0
1754396430_C..N04R,074050_C..N04R,C,0,1754396430,1C 1220+ EUC/168,1754415022,1754415037,634,0,0
1754396550_C..S04R,074250_C..S04R,C,1,1754396550,1C 1222+ 168/EUC,1754415367,1754415382,645,0,0
1754396550_E..S71R,074250_E..S71R,E,1,1754396550,1E 1222+ P-A/WTC,1754413550,1754413565,524,0,0
1754396580_A..S57R,074300_A..S57R,A,1,1754396580,1A 1223 207/LEF,1754415712,1754415727,665,0,0
1754396610_H..S21R,074350_H..S21R,H,1,1754396610,1H 1223+ BCR/RPK,1754411854,1754411868,356,0,0
1754396700_E..N66R,074500_E..N66R,E,0,1754396700,1E 1225 WTC/P-A,1754414076,1754414091,543,0,0
1754396760_A..N54R,074600_A..N54R,A,0,1754396760,1A 1226 LEF/207,1754415682,1754415697,645,0,0
1754396910_C..N04R,074850_C..N04R,C,0,1754396910,1C 1228+ EUC/168,1754415277,1754415292,601,0,0
1754396910_E..S71R,074850_E..S71R,E,1,1754396910,1E 1228+ P-A/WTC,1754414136,1754414151,525,0,0
1754397000_C..S04R,075000_C..S04R,C,1,1754397000,1C 1230 168/EUC,1754415623,1754415637,613,0,0
1754397060_A..S58R,075100_A..S58R,A,1,1754397060,1A 1231 207/FAR,1754417394,1754417409,777,0,0
1754397120_E..N66R,075200_E..N66R,E,0,1754397120,1E 1232 WTC/P-A,1754414586,1754414602,529,0,0
1754397150_A..N55R,075250_A..N55R,A,0,1754397150,1A 1232+ FAR/207,1754417649,1754417664,794,0,0
1754397240_H..N21R,075400_H..N21R,H,0,1754397240,1H 1234 RPK/BCR,1754422439,1754422454,1187,0,0
1754397330_C..N04R,075550_C..N04R,C,0,1754397330,1C 1235+ EUC/168,1754415803,1754415817,593,0,0
1754397390_E..S71R,075650_E..S71R,E,1,1754397390,1E 1236+ P-A/WTC,1754414316,1754414331,490,0,0
1754397480_C..S04R,075800_C..S04R,C,1,1754397480,1C 1238 168/EUC,1754415983,1754415998,595,0,0
1754397510_H..S21R,075850_H..S21R,H,1,1754397510,1H 1238+ BCR/RPK,1754415848,1754415863,584,0,0
1754397540_A..S57R,075900_A..S57R,A,1,1754397540,1A 1239 207/LEF,1754416748,1754416763,665,0,0
1754397600_E..N66R,076000_E..N66R,E,0,1754397600,1E 1240 WTC/P-A,1754414962,1754414977,519,0,0
1754397840_E..S71R,076400_E..S71R,E,1,1754397840,1E 1244 P-A/WTC,1754416223,1754416238,587,0,0
1754397870_C..N04R,076450_C..N04R,C,0,1754397870,1C 1244+ EUC/168,1754416343,1754416358,595,0,0
1754397960_A..N54R,076600_A..N54R,A,0,1754397960,1A 1246 LEF/207,1754417019,1754417034,665,0,0
1754397960_C..S04R,076600_C..S04R,C,1,1754397960,1C 1246 168/EUC,1754416343,1754416358,589,0,0
1754397960_H..N21R,076600_H..N21R,H,0,1754397960,1H 1246 RPK/BCR,1754423160,1754423175,1190,0,0
1754398020_E..N66R,076700_E..N66R,E,0,1754398020,1E 1247 WTC/P-A,1754415307,1754415322,515,0,0
1754398080_A..N55R,076800_A..N55R,A,0,1754398080,1A 1248 FAR/207,1754418821,1754418836,811,0,0
1754398080_A..S58R,076800_A..S58R,A,1,1754398080,1A 1248 207/FAR,1754418235,1754418250,772,0,0
1754398290_E..S71R,077150_E..S71R,E,1,1754398290,1E 1251+ P-A/WTC,1754416223,1754416238,558,0,0
1754398350_C..N04R,077250_C..N04R,C,0,1754398350,1C 1252+ EUC/168,1754417079,1754417094,645,0,0
1754398440_C..S04R,077400_C..S04R,C,1,1754398440,1C 1254 168/EUC,1754416643,1754416658,592,0,0
1754398440_E..N66R,077400_E..N66R,E,0,1754398440,1E 1254 WTC/P-A,1754415998,1754416013,533,0,0
1754398560_A..S57R,077600_A..S57R,A,1,1754398560,1A 1256 207/LEF,1754417214,1754417229,648,0,0
1754398620_H..S21R,077700_H..S21R,H,1,1754398620,1H 1257 BCR/RPK,1754413911,1754413926,382,0,0
1754398740_E..S71R,077900_E..S71R,E,1,1754398740,1E 1259 P-A/WTC,1754416208,1754416223,527,0,0
1754398800_C..S04R,078000_C..S04R,C,1,1754398800,1C 1300 168/EUC,1754417244,1754417259,636,0,0
1754398830_C..N04R,078050_C..N04R,C,0,1754398830,1C 1300+ EUC/168,1754417424,1754417439,658,0,0
1754398860_E..N66R,078100_E..N66R,E,0,1754398860,1E 1301 WTC/P-A,1754416583,1754416598,556,0,0
1754398860_H..N21R,078100_H..N21R,H,0,1754398860,1H 1301 RPK/BCR,1754424046,1754424062,1184,0,0
1754399040_A..N54R,078400_A..N54R,A,0,1754399040,1A 1304 LEF/207,1754417905,1754417920,686,0,0
1754399100_A..N55R,078500_A..N55R,A,0,1754399100,1A 1305 FAR/207,1754419647,1754419662,798,0,0
1754399130_H..S21R,078550_H..S21R,H,1,1754399130,1H 1305+ BCR/RPK,1754415863,1754415878,478,0,0
1754399160_A..S58R,078600_A..S58R,A,1,1754399160,1A 1306 207/FAR,1754419511,1754419526,785,0,0
1754399190_E..S71R,078650_E..S71R,E,1,1754399190,1E 1306+ P-A/WTC,1754416193,1754416208,496,0,0
1754399310_C..N04R,078850_C..N04R,C,0,1754399310,1C 1308+ EUC/168,1754417890,1754417905,667,0,0
1754399370_E..N66R,078950_E..N66R,E,0,1754399370,1E 1309+ WTC/P-A,1754416824,1754416838,553,0,0
1754399400_C..S04R,079000_C..S04R,C,1,1754399400,1C 1310 168/EUC,1754417815,1754417830,656,0,0
1754399610_E..S71R,079350_E..S71R,E,1,1754399610,1E 1313+ P-A/WTC,1754417950,1754417965,651,0,0
1754399700_A..S57R,079500_A..S57R,A,1,1754399700,1A 1315 207/LEF,1754418355,1754418370,672,0,0
1754399760_A..N54R,079600_A..N54R,A,0,1754399760,1A 1316 LEF/207,1754418926,1754418941,706,0,0
1754399820_E..N66R,079700_E..N66R,E,0,1754399820,1E 1317 WTC/P-A,1754417544,1754417559,607,0,0
1754399880_C..S04R,079800_C..S04R,C,1,1754399880,1C 1318 168/EUC,1754418295,1754418310,656,0,0
1754399940_H..N21R,079900_H..N21R,H,0,1754399940,1H 1319 RPK/BCR,1754425127,1754425143,1190,0,0
1754399970_H..S21R,079950_H..S21R,H,1,1754399970,1H 1319+ BCR/RPK,1754415863,1754415878,422,0,0
1754400030_A..N55R,080050_A..N55R,A,0,1754400030,1A 1320+ FAR/207,1754420683,1754420698,806,0,0
1754400030_C..N04R,080050_C..N04R,C,0,1754400030,1C 1320+ EUC/168,1754418550,1754418565,418,0,0
1754400060_E..S71R,080100_E..S71R,E,1,1754400060,1E 1321 P-A/WTC,1754417950,1754417965,621,0,0
1754400180_A..S58R,080300_A..S58R,A,1,1754400180,1A 1323 207/FAR,1754420548,1754420562,786,0,0
1754400270_E..N66R,080450_E..N66R,E,0,1754400270,1E 1324+ WTC/P-A,1754417845,1754417860,600,0,0
1754400360_C..S04R,080600_C..S04R,C,1,1754400360,1C 1326 168/EUC,1754418580,1754418595,642,0,0
1754400480_E..S71R,080800_E..S71R,E,1,1754400480,1E 1328 P-A/WTC,1754417950,1754417965,591,0,0
1754400510_A..S57R,080850_A..S57R,A,1,1754400510,1A 1328+ 207/LEF,1754419737,1754419752,707,0,0
1754400690_E..N66R,081150_E..N66R,E,0,1754400690,1E 1331+ WTC/P-A,1754417950,1754417965,570,0,0
1754400750_C..N04R,081250_C..N04R,C,0,1754400750,1C 1332+ EUC/168,1754419151,1754419166,643,0,0
1754400840_H..N21R,081400_H..N21R,H,0,1754400840,1H 1334 RPK/BCR,1754426028,1754426042,1184,0,0
1754400870_E..S71R,081450_E..S71R,E,1,1754400870,1E 1334+ P-A/WTC,1754417950,1754417965,547,0,0
1754400900_A..N54R,081500_A..N54R,A,0,1754400900,1A 1335 LEF/207,1754419842,1754419857,669,0,0
1754400900_A..N55R,081500_A..N55R,A,0,1754400900,1A 1335 FAR/207,1754421839,1754421853,849,0,0
1754400930_C..S04R,081550_C..S04R,C,1,1754400930,1C 1335+ 168/EUC,1754419301,1754419316,629,0,0
1754401080_A..S58R,081800_A..S58R,A,1,1754401080,1A 1338 207/FAR,1754421464,1754421478,784,0,0
1754401170_E..N66R,081950_E..N66R,E,0,1754401170,1E 1339+ WTC/P-A,1754418295,1754418310,531,0,0
1754401230_C..N04R,082050_C..N04R,C,0,1754401230,1C 1340+ EUC/168,1754420127,1754420142,646,0,0
1754401230_E..S71R,082050_E..S71R,E,1,1754401230,1E 1340+ P-A/WTC,1754418625,1754418640,546,0,0
1754401320_C..S04R,082200_C..S04R,C,1,1754401320,1C 1342 168/EUC,1754419677,1754419692,607,0,0
1754401500_A..N54R,082500_A..N54R,A,0,1754401500,1A 1345 LEF/207,1754420577,1754420593,648,0,0
1754401530_A..S57R,082550_A..S57R,A,1,1754401530,1A 1345+ 207/LEF,1754420157,1754420172,615,0,0
1754401590_E..N66R,082650_E..N66R,E,0,1754401590,1E 1346+ WTC/P-A,1754418776,1754418791,515,0,0
1754401590_H..N21R,082650_H..N21R,H,0,1754401590,1H 1346+ RPK/BCR,1754426794,1754426808,1194,0,0
1754401620_E..S71R,082700_E..S71R,E,1,1754401620,1E 1347 P-A/WTC,1754418761,1754418776,510,0,0
1754401710_C..N04R,082850_C..N04R,C,0,1754401710,1C 1348+ EUC/168,1754420292,1754420307,600,0,0
1754401800_C..S04R,083000_C..S04R,C,1,1754401800,1C 1350 168/EUC,1754420037,1754420052,571,0,0
1754401830_A..N55R,083050_A..N55R,A,0,1754401830,1A 1350+ FAR/207,1754422574,1754422590,819,0,0
1754401980_A..S58R,083300_A..S58R,A,1,1754401980,1A 1353 207/FAR,1754421914,1754421929,725,0,0
1754401980_E..S71R,083300_E..S71R,E,1,1754401980,1E 1353 P-A/WTC,1754419662,1754419677,526,0,0
1754402070_E..N66R,083450_E..N66R,E,0,1754402070,1E 1354+ WTC/P-A,1754419496,1754419511,508,0,0
1754402160_C..N04R,083600_C..N04R,C,0,1754402160,1C 1356 EUC/168,1754420938,1754420952,599,0,0
1754402280_C..S04R,083800_C..S04R,C,1,1754402280,1C 1358 168/EUC,1754420998,1754421013,597,0,0
1754402310_A..S57R,083850_A..S57R,A,1,1754402310,1A 1358+ 207/LEF,1754421358,1754421373,640,0,0
1754402340_E..S71R,083900_E..S71R,E,1,1754402340,1E 1359 P-A/WTC,1754419647,1754419662,500,0,0
1754402430_E..N66R,084050_E..N66R,E,0,1754402430,1E 1400+ WTC/P-A,1754420472,1754420488,549,0,0
1754402670_C..N04R,084450_C..N04R,C,0,1754402670,1C 1404+ EUC/168,1754421539,1754421553,639,0,0
1754402700_A..N54R,084500_A..N54R,A,0,1754402700,1A 1405 LEF/207,1754421479,1754421493,630,0,0
1754402700_A..N55R,084500_A..N55R,A,0,1754402700,1A 1405 FAR/207,1754422800,1754422815,769,0,0
1754402700_E..S71R,084500_E..S71R,E,1,1754402700,1E 1405 P-A/WTC,1754419902,1754419917,453,0,0
1754402700_H..S21R,084500_H..S21R,H,1,1754402700,1H 1405 BCR/RPK,1754418866,1754418881,424,0,0
1754402730_E..N66R,084550_E..N66R,E,0,1754402730,1E 1405+ WTC/P-A,1754420472,1754420488,529,0,0
1754402760_C..S04R,084600_C..S04R,C,1,1754402760,1C 1406 168/EUC,1754420998,1754421013,565,0,0
1754402880_A..S58R,084800_A..S58R,A,1,1754402880,1A 1408 207/FAR,1754422770,1754422785,755,0,0
1754403060_E..S71R,085100_E..S71R,E,1,1754403060,1E 1411 P-A/WTC,1754420187,1754420202,488,0,0
1754403150_C..N04R,085250_C..N04R,C,0,1754403150,1C 1412+ EUC/168,1754421869,1754421884,642,0,0
1754403150_E..N66R,085250_E..N66R,E,0,1754403150,1E 1412+ WTC/P-A,1754420713,1754420728,518,0,0
1754403330_A..S57R,085550_A..S57R,A,1,1754403330,1A 1415+ 207/LEF,1754421854,1754421869,629,0,0
1754403360_A..N54R,085600_A..N54R,A,0,1754403360,1A 1416 LEF/207,1754422229,1754422244,671,0,0
1754403360_C..S04R,085600_C..S04R,C,1,1754403360,1C 1416 168/EUC,1754423821,1754423836,793,0,0
1754403360_E..S71R,085600_E..S71R,E,1,1754403360,1E 1416 P-A/WTC,1754420818,1754420833,511,0,0
1754403360_H..N21R,085600_H..N21R,H,0,1754403360,1H 1416 RPK/BCR,1754428551,1754428566,1199,0,0
1754403570_E..N66R,085950_E..N66R,E,0,1754403570,1E 1419+ WTC/P-A,1754421058,1754421073,517,0,0
1754403570_H..S21R,085950_H..S21R,H,1,1754403570,1H 1419+ BCR/RPK,1754418731,1754418745,357,0,0
1754403630_A..N55R,086050_A..N55R,A,0,1754403630,1A 1420+ FAR/207,1754424196,1754424211,800,0,0
1754403630_C..N04R,086050_C..N04R,C,0,1754403630,1C 1420+ EUC/168,1754422409,1754422424,676,0,0
1754403750_E..S71R,086250_E..S71R,E,1,1754403750,1E 1422+ P-A/WTC,1754420923,1754420938,492,0,0
1754403780_A..S58R,086300_A..S58R,A,1,1754403780,1A 1423 207/FAR,1754423641,1754423656,753,0,0
1754403990_C..S04R,086650_C..S04R,C,1,1754403990,1C 1426+ 168/EUC,1754424812,1754424827,817,0,0
1754404050_E..N66R,086750_E..N66R,E,0,1754404050,1E 1427+ WTC/P-A,1754421388,1754421403,528,0,0
1754404110_A..S57R,086850_A..S57R,A,1,1754404110,1A 1428+ 207/LEF,1754422710,1754422725,669,0,0
1754404110_C..N04R,086850_C..N04R,C,0,1754404110,1C 1428+ EUC/168,1754422860,1754422875,679,0,0
1754404140_E..S71R,086900_E..S71R,E,1,1754404140,1E 1429 P-A/WTC,1754421539,1754421553,541,0,0
1754404200_H..N21R,087000_H..N21R,H,0,1754404200,1H 1430 RPK/BCR,1754429392,1754429407,1199,0,0
1754404380_E..N66R,087300_E..N66R,E,0,1754404380,1E 1433 WTC/P-A,1754421899,1754421913,562,0,0
1754404440_A..N54R,087400_A..N54R,A,0,1754404440,1A 1434 LEF/207,1754423265,1754423280,684,0,0
1754404470_H..S21R,087450_H..S21R,H,1,1754404470,1H 1434+ BCR/RPK,1754420172,1754420187,393,0,0
1754404500_A..N55R,087500_A..N55R,A,0,1754404500,1A 1435 FAR/207,1754429692,1754429707,1199,0,0
1754404530_C..N04R,087550_C..N04R,C,0,1754404530,1C 1435+ EUC/168,1754423355,1754423370,684,0,0
1754404530_E..S71R,087550_E..S71R,E,1,1754404530,1E 1435+ P-A/WTC,1754421629,1754421643,526,0,0
1754404680_A..S58R,087800_A..S58R,A,1,1754404680,1A 1438 207/FAR,1754424406,1754424422,744,0,0
1754404770_E..N66R,087950_E..N66R,E,0,1754404770,1E 1439+ WTC/P-A,1754422304,1754422319,587,0,0
1754404779_C..S04R,087966_C..S04R,C,1,1754404779,1C 1439+ 168/EUC,1754424812,1754424827,764,0,0
1754404920_E..S71R,088200_E..S71R,E,1,1754404920,1E 1442 P-A/WTC,1754421959,1754421973,532,0,0
1754404950_H..N21R,088250_H..N21R,H,0,1754404950,1H 1442+ RPK/BCR,1754430142,1754430157,1199,0,0
1754405070_C..N04R,088450_C..N04R,C,0,1754405070,1C 1444+ EUC/168,1754423581,1754423596,663,0,0
1754405130_A..S57R,088550_A..S57R,A,1,1754405130,1A 1445+ 207/LEF,1754424166,1754424181,698,0,0
1754405160_A..N54R,088600_A..N54R,A,0,1754405160,1A 1446 LEF/207,1754423776,1754423791,670,0,0
1754405280_E..N66R,088800_E..N66R,E,0,1754405280,1E 1448 WTC/P-A,1754422560,1754422574,581,0,0
1754405310_E..S71R,088850_E..S71R,E,1,1754405310,1E 1448+ P-A/WTC,1754422349,1754422364,557,0,0
1754405310_H..S21R,088850_H..S21R,H,1,1754405310,1H 1448+ BCR/RPK,1754421013,1754421013,396,0,0
1754405430_A..N55R,089050_A..N55R,A,0,1754405430,1A 1450+ FAR/207,1754427740,1754427755,1007,2,1
1754405550_C..N04R,089250_C..N04R,C,0,1754405550,1C 1452+ EUC/168,1754424226,1754424241,673,0,0
1754405569_C..S04R,089283_C..S04R,C,1,1754405569,1C 1452+ 168/EUC,1754424091,1754424106,663,0,0
1754405580_A..S58R,089300_A..S58R,A,1,1754405580,1A 1453 207/FAR,1754425548,1754425563,759,0,0
1754405580_E..N66R,089300_E..N66R,E,0,1754405580,1E 1453 WTC/P-A,1754422800,1754422815,576,0,0
1754405670_E..S71R,089450_E..S71R,E,1,1754405670,1E 1454+ P-A/WTC,1754422965,1754422980,578,0,0
1754405880_A..S57R,089800_A..S57R,A,1,1754405880,1A 1458 207/LEF,1754425563,1754425578,723,0,0
1754405880_E..N66R,089800_E..N66R,E,0,1754405880,1E 1458 WTC/P-A,1754423295,1754423310,572,0,0
1754405970_C..N04R,089950_C..N04R,C,0,1754405970,1C 1459+ EUC/168,1754424422,1754424437,636,0,0
1754406000_E..S71R,090000_E..S71R,E,1,1754406000,1E 1500 P-A/WTC,1754423986,1754424001,603,1,0
1754406000_H..N21R,090000_H..N21R,H,0,1754406000,1H 1500 RPK/BCR,1754431193,1754431208,1206,0,0
1754406060_H..S21R,090100_H..S21R,H,1,1754406060,1H 1501 BCR/RPK,1754421854,1754421869,418,0,0
1754406240_A..N54R,090400_A..N54R,A,0,1754406240,1A 1504 LEF/207,1754425428,1754425443,676,1,1
1754406240_A..N55R,090400_A..N55R,A,0,1754406240,1A 1504 FAR/207,1754428070,1754428085,943,0,0
1754406300_E..N66R,090500_E..N66R,E,0,1754406300,1E 1505 WTC/P-A,1754423400,1754423415,535,0,0
1754406300_E..S71R,090500_E..S71R,E,1,1754406300,1E 1505 P-A/WTC,1754424226,1754424241,590,1,0
1754406360_C..S04R,090600_C..S04R,C,1,1754406360,1C 1506 168/EUC,1754425172,1754425187,645,1,0
1754406390_A..S58R,090650_A..S58R,A,1,1754406390,1A 1506+ 207/FAR,1754427320,1754427335,875,0,0
1754406630_E..S71R,091050_E..S71R,E,1,1754406630,1E 1510+ P-A/WTC,1754423896,1754423911,524,0,0
1754406690_C..N04R,091150_C..N04R,C,0,1754406690,1C 1511+ EUC/168,1754426644,1754426658,751,1,1
1754406690_E..N66R,091150_E..N66R,E,0,1754406690,1E 1511+ WTC/P-A,1754423986,1754424001,522,0,0
1754406750_H..N21R,091250_H..N21R,H,0,1754406750,1H 1512+ RPK/BCR,1754431944,1754431959,1212,0,0
1754406840_A..S57R,091400_A..S57R,A,1,1754406840,1A 1514 207/LEF,1754426779,1754426793,754,3,0
1754406840_E..S71R,091400_E..S71R,E,1,1754406840,1E 1514 P-A/WTC,1754424707,1754424722,555,0,0
1754406960_C..S04R,091600_C..S04R,C,1,1754406960,1C 1516 168/EUC,1754425608,1754425623,606,1,0
1754407050_E..N66R,091750_E..N66R,E,0,1754407050,1E 1517+ WTC/P-A,1754424331,1754424346,515,0,0
1754407080_A..N54R,091800_A..N54R,A,0,1754407080,1A 1518 LEF/207,1754427245,1754427259,798,0,0
1754407080_E..S71R,091800_E..S71R,E,1,1754407080,1E 1518 P-A/WTC,1754424827,1754424842,546,0,0
1754407110_H..S21R,091850_H..S21R,H,1,1754407110,1H 1518+ BCR/RPK,1754424001,1754424016,489,0,0
1754407200_A..N55R,092000_A..N55R,A,0,1754407200,1A 1520 FAR/207,1754428295,1754428310,860,1,1
1754407260_A..S58R,092100_A..S58R,A,1,1754407260,1A 1521 207/FAR,1754428310,1754428326,842,1,0
1754407290_C..N04R,092150_C..N04R,C,0,1754407290,1C 1521+ EUC/168,1754427455,1754427470,798,1,1
1754407320_E..N66R,092200_E..N66R,E,0,1754407320,1E 1522 WTC/P-A,1754424587,1754424602,514,0,0
1754407380_E..S71R,092300_E..S71R,E,1,1754407380,1E 1523 P-A/WTC,1754425082,1754425097,543,0,0
1754407590_C..S04R,092650_C..S04R,C,1,1754407590,1C 1526+ 168/EUC,1754426494,1754426508,666,1,0
1754407680_E..N66R,092800_E..N66R,E,0,1754407680,1E 1528 WTC/P-A,1754424887,1754424903,510,0,0
1754407680_E..S71R,092800_E..S71R,E,1,1754407680,1E 1528 P-A/WTC,1754425187,1754425203,530,0,0
1754407800_A..S57R,093000_A..S57R,A,1,1754407800,1A 1530 207/LEF,1754426779,1754426793,689,0,0
1754407800_H..N21R,093000_H..N21R,H,0,1754407800,1H 1530 RPK/BCR,1754432995,1754433011,1219,0,0
1754407860_A..N55R,093100_A..N55R,A,0,1754407860,1A 1531 FAR/207,1754428431,1754428446,825,1,1
1754407860_H..S21R,093100_H..S21R,H,1,1754407860,1H 1531 BCR/RPK,1754424001,1754424016,439,0,0
1754407890_C..N04R,093150_C..N04R,C,0,1754407890,1C 1531+ EUC/168,1754427500,1754427515,761,0,0
1754407980_E..S71R,093300_E..S71R,E,1,1754407980,1E 1533 P-A/WTC,1754425383,1754425398,523,0,0
1754408040_A..N54R,093400_A..N54R,A,0,1754408040,1A 1534 LEF/207,1754429362,1754429377,875,1,0
1754408040_E..N66R,093400_E..N66R,E,0,1754408040,1E 1534 WTC/P-A,1754425172,1754425187,505,0,0
1754408130_C..S04R,093550_C..S04R,C,1,1754408130,1C 1535+ 168/EUC,1754426809,1754426824,671,0,0
1754408280_A..S58R,093800_A..S58R,A,1,1754408280,1A 1538 207/FAR,1754428536,1754428551,804,1,0
1754408280_E..S71R,093800_E..S71R,E,1,1754408280,1E 1538 P-A/WTC,1754425578,1754425593,516,0,0
1754408430_E..N66R,094050_E..N66R,E,0,1754408430,1E 1540+ WTC/P-A,1754426043,1754426058,550,0,0
1754408550_C..N04R,094250_C..N04R,C,0,1754408550,1C 1542+ EUC/168,1754427995,1754428010,750,0,0
1754408580_E..S71R,094300_E..S71R,E,1,1754408580,1E 1543 P-A/WTC,1754425788,1754425803,512,0,0
1754408580_H..N21R,094300_H..N21R,H,0,1754408580,1H 1543 RPK/BCR,1754433776,1754433791,1219,0,0
1754408670_A..S57R,094450_A..S57R,A,1,1754408670,1A 1544+ 207/LEF,1754427830,1754427845,731,0,0
1754408760_C..S04R,094600_C..S04R,C,1,1754408760,1C 1546 168/EUC,1754427365,1754427380,694,0,0
1754408820_E..S71R,094700_E..S71R,E,1,1754408820,1E 1547 P-A/WTC,1754426133,1754426148,536,0,0
1754408910_H..S21R,094850_H..S21R,H,1,1754408910,1H 1548+ BCR/RPK,1754424001,1754424016,369,0,0
1754408940_E..N66R,094900_E..N66R,E,0,1754408940,1E 1549 WTC/P-A,1754426419,1754426433,262,0,0
1754409000_A..S58R,095000_A..S58R,A,1,1754409000,1A 1550 207/FAR,1754429076,1754429091,792,0,0
1754409060_A..N55R,095100_A..N55R,A,0,1754409060,1A 1551 FAR/207,1754429752,1754429767,833,0,0
1754409120_E..S71R,095200_E..S71R,E,1,1754409120,1E 1552 P-A/WTC,1754426313,1754426328,540,0,0
1754409270_A..N54R,095450_A..N54R,A,0,1754409270,1A 1554+ LEF/207,1754429212,1754429227,526,0,0
1754409360_C..S04R,095600_C..S04R,C,1,1754409360,1C 1556 168/EUC,1754427815,1754427830,684,0,0
1754409420_C..N04R,095700_C..N04R,C,0,1754409420,1C 1557 EUC/168,1754428536,1754428551,480,1,0
1754409420_H..N21R,095700_H..N21R,H,0,1754409420,1H 1557 RPK/BCR,1754434617,1754434632,1219,0,0
1754409480_E..S71R,095800_E..S71R,E,1,1754409480,1E 1558 P-A/WTC,1754426809,1754426824,581,0,0
1754409570_A..S57R,095950_A..S57R,A,1,1754409570,1A 1559+ 207/LEF,1754428461,1754428476,713,0,0
1754409570_E..N66R,095950_E..N66R,E,0,1754409570,1E 1559+ WTC/P-A,1754427169,1754427184,303,0,0
1754409660_A..N55R,096100_A..N55R,A,0,1754409660,1A 1601 FAR/207,1754429872,1754429887,801,0,0
1754409660_H..S21R,096100_H..S21R,H,1,1754409660,1H 1601 BCR/RPK,1754425684,1754425698,432,0,0
1754409780_A..S58R,096300_A..S58R,A,1,1754409780,1A 1603 207/FAR,1754429752,1754429767,784,0,0
1754409810_A..S87R,096350_A..S87R,A,1,1754409810,1A 1603+ 168/RPK,1754429302,1754429317,752,0,0
1754409840_E..S71R,096400_E..S71R,E,1,1754409840,1E 1604 P-A/WTC,1754427214,1754427230,610,0,0
1754409900_A..N,096500_A..N,A,0,1754409900,EA 1605 HIG/207,1754426884,1754426899,174,0,0
1754409990_E..N66R,096650_E..N66R,E,0,1754409990,1E 1606+ WTC/P-A,1754427320,1754427335,608,0,0
1754410020_C..S04R,096700_C..S04R,C,1,1754410020,1C 1607 168/EUC,1754429527,1754429542,753,0,0
1754410080_E..S71R,096800_E..S71R,E,1,1754410080,1E 1608 P-A/WTC,1754427515,1754427530,615,0,0
1754410200_E..N66R,097000_E..N66R,E,0,1754410200,1E 1610 WTC/P-A,1754427635,1754427650,613,0,0
1754410260_A..S57R,097100_A..S57R,A,1,1754410260,1A 1611 207/LEF,1754429001,1754429016,698,0,0
1754410290_C..N04R,097150_C..N04R,C,0,1754410290,1C 1611+ EUC/168,1754429317,1754429332,715,0,0
1754410290_H..N21R,097150_H..N21R,H,0,1754410290,1H 1611+ RPK/BCR,1754435488,1754435503,1213,0,0
1754410320_A..N55R,097200_A..N55R,A,0,1754410320,1A 1612 FAR/207,1754430938,1754430953,835,0,0
1754410320_E..S71R,097200_E..S71R,E,1,1754410320,1E 1612 P-A/WTC,1754427605,1754427620,598,0,0
1754410380_E..N,097300_E..N,E,0,1754410380,EE 1613 WTC/P-A,1754429407,1754429422,437,0,0
1754410440_A..N54R,097400_A..N54R,A,0,1754410440,1A 1614 LEF/207,1754429602,1754429617,524,0,0
1754410530_H..S21R,097550_H..S21R,H,1,1754410530,1H 1615+ BCR/RPK,1754425698,1754425713,353,0,0
1754410560_C..S04R,097600_C..S04R,C,1,1754410560,1C 1616 168/EUC,1754429136,1754429151,668,0,0
1754410560_E..N66R,097600_E..N66R,E,0,1754410560,1E 1616 WTC/P-A,1754428310,1754428326,613,0,0
1754410710_E..S71R,097850_E..S71R,E,1,1754410710,1E 1618+ P-A/WTC,1754427785,1754427800,558,0,0
1754410800_E..N66R,098000_E..N66R,E,0,1754410800,1E 1620 WTC/P-A,1754428656,1754428671,606,0,0
1754410830_C..N04R,098050_C..N04R,C,0,1754410830,1C 1620+ EUC/168,1754429482,1754429497,657,0,0
1754410908_A..S58R,098180_A..S58R,A,1,1754410908,1A 1621+ 207/FAR,1754430683,1754430698,489,0,0
1754411010_E..S71R,098350_E..S71R,E,1,1754411010,1E 1623+ P-A/WTC,1754428070,1754428085,544,0,0
1754411040_A..S87R,098400_A..S87R,A,1,1754411040,1A 1624 168/RPK,1754431479,1754431493,814,0,0
1754411070_A..S70R,098450_A..S70R,A,1,1754411070,1A 1624+ 200/LEF,1754429902,1754429917,661,0,0
1754411130_E..N66R,098550_E..N66R,E,0,1754411130,1E 1625+ WTC/P-A,1754429001,1754429016,596,0,0
1754411130_H..N21R,098550_H..N21R,H,0,1754411130,1H 1625+ RPK/BCR,1754436329,1754436344,1214,0,0
1754411190_A..N55R,098650_A..N55R,A,0,1754411190,1A 1626+ FAR/207,1754431584,1754431598,813,0,0
1754411199_C..S04R,098666_C..S04R,C,1,1754411199,1C 1626+ 168/EUC,1754430623,1754430638,496,0,0
1754411250_E..S71R,098750_E..S71R,E,1,1754411250,1E 1627+ P-A/WTC,1754428416,1754428431,542,0,0
1754411280_E..N,098800_E..N,E,0,1754411280,EE 1628 WTC/P-A,1754429257,1754429272,365,0,0
1754411430_A..N54R,099050_A..N54R,A,0,1754411430,1A 1630+ LEF/207,1754430563,1754430578,662,0,0
1754411430_C..N04R,099050_C..N04R,C,0,1754411430,1C 1630+ EUC/168,1754430097,1754430112,631,0,0
1754411460_E..N66R,099100_E..N66R,E,0,1754411460,1E 1631 WTC/P-A,1754429377,1754429392,579,0,0
1754411490_H..S21R,099150_H..S21R,H,1,1754411490,1H 1631+ BCR/RPK,1754426974,1754426989,398,0,0
1754411520_E..S71R,099200_E..S71R,E,1,1754411520,1E 1632 P-A/WTC,1754428716,1754428731,527,0,0
1754411556_A..S58R,099260_A..S58R,A,1,1754411556,1A 1632+ 207/FAR,1754431284,1754431298,566,0,0
1754411730_E..N66R,099550_E..N66R,E,0,1754411730,1E 1635+ WTC/P-A,1754429632,1754429647,564,0,0
1754411839_C..S04R,099733_C..S04R,C,1,1754411839,1C 1637 168/EUC,1754430593,1754430608,494,0,0
1754411880_E..S71R,099800_E..S71R,E,1,1754411880,1E 1638 P-A/WTC,1754429046,1754429061,515,0,0
1754411910_H..N21R,099850_H..N21R,H,0,1754411910,1H 1638+ RPK/BCR,1754437110,1754437125,1222,0,0
1754411970_A..N55R,099950_A..N55R,A,0,1754411970,1A 1639+ FAR/207,1754432335,1754432350,814,0,0
1754411970_E..N66R,099950_E..N66R,E,0,1754411970,1E 1639+ WTC/P-A,1754429707,1754429722,553,0,0
1754412060_C..N04R,100100_C..N04R,C,0,1754412060,1C 1641 EUC/168,1754430428,1754430443,596,0,0
1754412090_A..N54R,100150_A..N54R,A,0,1754412090,1A 1641+ LEF/207,1754431178,1754431193,675,0,0
1754412150_A..S56R,100250_A..S56R,A,1,1754412150,1A 1642+ 200/FAR,1754432485,1754432500,812,0,0
1754412180_A..S87R,100300_A..S87R,A,1,1754412180,1A 1643 168/RPK,1754432830,1754432845,834,0,0
1754412180_E..S71R,100300_E..S71R,E,1,1754412180,1E 1643 P-A/WTC,1754429632,1754429647,534,0,0
1754412204_A..S57R,100340_A..S57R,A,1,1754412204,1A 1643 207/LEF,1754431869,1754431884,638,0,0
1754412240_E..N66R,100400_E..N66R,E,0,1754412240,1E 1644 WTC/P-A,1754430127,1754430142,564,0,0
1754412390_H..S21R,100650_H..S21R,H,1,1754412390,1H 1646+ BCR/RPK,1754427635,1754427650,387,0,0
1754412480_C..S04R,100800_C..S04R,C,1,1754412480,1C 1648 168/EUC,1754431164,1754431178,647,0,0
1754412510_A..S56R,100850_A..S56R,A,1,1754412510,1A 1648+ 200/FAR,1754432665,1754432680,800,0,0
1754412510_E..S71R,100850_E..S71R,E,1,1754412510,1E 1648+ P-A/WTC,1754430112,1754430127,545,0,0
1754412570_C..N04R,100950_C..N04R,C,0,1754412570,1C 1649+ EUC/168,1754430923,1754430938,609,0,0
1754412660_E..N66R,101100_E..N66R,E,0,1754412660,1E 1651 WTC/P-A,1754430368,1754430383,552,0,0
1754412810_A..N54R,101350_A..N54R,A,0,1754412810,1A 1653+ LEF/207,1754432034,1754432049,734,0,0
1754412840_H..N21R,101400_H..N21R,H,0,1754412840,1H 1654 RPK/BCR,1754438026,1754438041,1222,0,0
1754412852_A..S57R,101420_A..S57R,A,1,1754412852,1A 1654 207/LEF,1754432019,1754432034,657,0,0
1754412900_A..N55R,101500_A..N55R,A,0,1754412900,1A 1655 FAR/207,1754433416,1754433431,825,0,0
1754412900_E..S71R,101500_E..S71R,E,1,1754412900,1E 1655 P-A/WTC,1754430218,1754430233,192,0,0
1754412960_E..N66R,101600_E..N66R,E,0,1754412960,1E 1656 WTC/P-A,1754430743,1754430758,560,0,0
1754413200_E..N66R,102000_E..N66R,E,0,1754413200,1E 1700 WTC/P-A,1754430743,1754430758,544,0,0
1754413230_C..N04R,102050_C..N04R,C,0,1754413230,1C 1700+ EUC/168,1754431929,1754431944,693,0,0
1754413230_C..S04R,102050_C..S04R,C,1,1754413230,1C 1700+ 168/EUC,1754431734,1754431749,667,0,0
1754413290_H..S21R,102150_H..S21R,H,1,1754413290,1H 1701+ BCR/RPK,1754428956,1754428971,416,0,0
1754413320_A..S87R,102200_A..S87R,A,1,1754413320,1A 1702 168/RPK,1754433311,1754433326,790,0,0
1754413410_E..S71R,102350_E..S71R,E,1,1754413410,1E 1703+ P-A/WTC,1754430653,1754430668,521,0,0
1754413440_A..S70R,102400_A..S70R,A,1,1754413440,1A 1704 200/LEF,1754432215,1754432230,708,0,0
1754413440_E..N66R,102400_E..N66R,E,0,1754413440,1E 1704 WTC/P-A,1754431434,1754431449,615,0,0
1754413500_A..S58R,102500_A..S58R,A,1,1754413500,1A 1705 207/LEF,1754432710,1754432725,737,1,0
1754413710_E..S71R,102850_E..S71R,E,1,1754413710,1E 1708+ P-A/WTC,1754431058,1754431073,551,0,0
1754413740_A..N54R,102900_A..N54R,A,0,1754413740,1A 1709 LEF/207,1754433025,1754433040,743,0,0
1754413800_A..S57R,103000_A..S57R,A,1,1754413800,1A 1710 207/FAR,1754433956,1754433971,801,1,0
1754413830_C..S04R,103050_C..S04R,C,1,1754413830,1C 1710+ 168/EUC,1754432260,1754432275,685,0,0
1754413860_C..N04R,103100_C..N04R,C,0,1754413860,1C 1711 EUC/168,1754432230,1754432245,681,0,0
1754413860_H..N21R,103100_H..N21R,H,0,1754413860,1H 1711 RPK/BCR,1754439047,1754439062,1222,0,0
1754413920_A..N55R,103200_A..N55R,A,0,1754413920,1A 1712 FAR/207,1754434152,1754434167,764,0,0
1754413920_E..N66R,103200_E..N66R,E,0,1754413920,1E 1712 WTC/P-A,1754431524,1754431538,593,0,0
1754414010_E..S71R,103350_E..S71R,E,1,1754414010,1E 1713+ P-A/WTC,1754431224,1754431238,553,0,0
1754414070_H..S21R,103450_H..S21R,H,1,1754414070,1H 1714+ BCR/RPK,1754430803,1754430818,493,0,0
1754414160_A..S78R,103600_A..S78R,A,1,1754414160,1A 1716 200/RPK,1754434917,1754434932,841,0,0
1754414160_E..N66R,103600_E..N66R,E,0,1754414160,1E 1716 WTC/P-A,1754431554,1754431568,581,0,0
1754414310_A..S58R,103850_A..S58R,A,1,1754414310,1A 1718+ 207/FAR,1754434437,1754434452,799,0,0
1754414310_E..S71R,103850_E..S71R,E,1,1754414310,1E 1718+ P-A/WTC,1754431944,1754431959,623,0,0
1754414370_C..N04R,103950_C..N04R,C,0,1754414370,1C 1719+ EUC/168,1754432860,1754432875,690,0,0
1754414400_E..N66R,104000_E..N66R,E,0,1754414400,1E 1720 WTC/P-A,1754431764,1754431779,593,0,0
1754414430_C..S04R,104050_C..S04R,C,1,1754414430,1C 1720+ 168/EUC,1754434392,1754434407,788,0,0
1754414610_E..S71R,104350_E..S71R,E,1,1754414610,1E 1723+ P-A/WTC,1754432260,1754432275,633,0,0
1754414670_A..N54R,104450_A..N54R,A,0,1754414670,1A 1724+ LEF/207,1754433746,1754433761,729,0,0
1754414670_A..S57R,104450_A..S57R,A,1,1754414670,1A 1724+ 207/LEF,1754433596,1754433611,719,0,0
1754414760_H..N21R,104600_H..N21R,H,0,1754414760,1H 1726 RPK/BCR,1754439947,1754439963,1223,0,0
1754414820_E..S71R,104700_E..S71R,E,1,1754414820,1E 1727 P-A/WTC,1754432365,1754432380,626,0,0
1754414910_E..N66R,104850_E..N66R,E,0,1754414910,1E 1728+ WTC/P-A,1754432049,1754432064,594,0,0
1754414970_A..S58R,104950_A..S58R,A,1,1754414970,1A 1729+ 207/FAR,1754434992,1754435007,790,0,0
1754415090_A..N55R,105150_A..N55R,A,0,1754415090,1A 1731+ FAR/207,1754435473,1754435487,771,0,0
1754415090_C..N04R,105150_C..N04R,C,0,1754415090,1C 1731+ EUC/168,1754433611,1754433626,689,0,0
1754415120_A..S,105200_A..S,A,1,1754415120,EA 1732 207/FAR,1754435503,1754435518,571,0,0
1754415150_C..S04R,105250_C..S04R,C,1,1754415150,1C 1732+ 168/EUC,1754434031,1754434047,710,0,0
1754415150_E..N66R,105250_E..N66R,E,0,1754415150,1E 1732+ WTC/P-A,1754432290,1754432305,593,0,0
1754415150_H..S21R,105250_H..S21R,H,1,1754415150,1H 1732+ BCR/RPK,1754431479,1754431493,499,0,0
1754415180_E..S71R,105300_E..S71R,E,1,1754415180,1E 1733 P-A/WTC,1754432605,1754432620,610,0,0
1754415330_A..S57R,105550_A..S57R,A,1,1754415330,1A 1735+ 207/LEF,1754434392,1754434407,710,0,0
1754415540_E..S71R,105900_E..S71R,E,1,1754415540,1E 1739 P-A/WTC,1754433011,1754433025,590,0,0
1754415555_E..N66R,105925_E..N66R,E,0,1754415555,1E 1739 WTC/P-A,1754432830,1754432845,386,0,0
1754415600_A..N54R,106000_A..N54R,A,0,1754415600,1A 1740 LEF/207,1754434647,1754434662,691,0,0
1754415600_A..S58R,106000_A..S58R,A,1,1754415600,1A 1740 207/FAR,1754435773,1754435788,778,0,0
1754415660_C..N04R,106100_C..N04R,C,0,1754415660,1C 1741 EUC/168,1754434107,1754434121,647,0,0
1754415840_C..S04R,106400_C..S04R,C,1,1754415840,1C 1744 168/EUC,1754434497,1754434512,650,0,0
1754415840_E..S71R,106400_E..S71R,E,1,1754415840,1E 1744 P-A/WTC,1754433101,1754433116,557,0,0
1754415900_H..S21R,106500_H..S21R,H,1,1754415900,1H 1745 BCR/RPK,1754432635,1754432650,517,0,0
1754415960_E..N66R,106600_E..N66R,E,0,1754415960,1E 1746 WTC/P-A,1754433356,1754433371,558,0,0
1754416020_A..S51R,106700_A..S51R,A,1,1754416020,1A 1747 207/EUC,1754433971,1754433986,591,0,0
1754416080_H..N21R,106800_H..N21R,H,0,1754416080,1H 1748 RPK/BCR,1754441269,1754441283,1195,0,0
1754416110_A..N55R,106850_A..N55R,A,0,1754416110,1A 1748+ FAR/207,1754436314,1754436329,779,0,0
1754416140_C..N04R,106900_C..N04R,C,0,1754416140,1C 1749 EUC/168,1754434707,1754434722,624,0,0
1754416140_E..S71R,106900_E..S71R,E,1,1754416140,1E 1749 P-A/WTC,1754433461,1754433476,541,0,0
1754416200_A..N54R,107000_A..N54R,A,0,1754416200,1A 1750 LEF/207,1754435053,1754435067,639,0,0
1754416260_E..N66R,107100_E..N66R,E,0,1754416260,1E 1751 WTC/P-A,1754433671,1754433686,539,0,0
1754416320_A..S58R,107200_A..S58R,A,1,1754416320,1A 1752 207/FAR,1754436359,1754436373,755,0,0
1754416440_E..S71R,107400_E..S71R,E,1,1754416440,1E 1754 P-A/WTC,1754433731,1754433746,520,0,0
1754416500_C..S04R,107500_C..S04R,C,1,1754416500,1C 1755 168/EUC,1754435113,1754435128,607,1,0
1754416530_E..N66R,107550_E..N66R,E,0,1754416530,1E 1755+ WTC/P-A,1754433836,1754433851,520,0,0
1754416620_C..N04R,107700_C..N04R,C,0,1754416620,1C 1757 EUC/168,1754435293,1754435308,611,0,0
1754416650_A..N55R,107750_A..N55R,A,0,1754416650,1A 1757+ FAR/207,1754436824,1754436839,785,0,0
1754416729_A..S57R,107883_A..S57R,A,1,1754416729,1A 1758+ 207/LEF,1754435578,1754435593,514,0,0
1754416740_E..S71R,107900_E..S71R,E,1,1754416740,1E 1759 P-A/WTC,1754433911,1754433926,511,0,0
1754416860_E..N66R,108100_E..N66R,E,0,1754416860,1E 1801 WTC/P-A,1754434137,1754434152,518,0,0
1754416950_E..S69R,108250_E..S69R,E,1,1754416950,1E 1802+ P-A/WTC,1754434392,1754434407,529,0,0
1754416980_A..N54R,108300_A..N54R,A,0,1754416980,1A 1803 LEF/207,1754436074,1754436088,671,0,0
1754417010_C..S04R,108350_C..S04R,C,1,1754417010,1C 1803+ 168/EUC,1754435413,1754435428,593,0,0
1754417130_E..N66R,108550_E..N66R,E,0,1754417130,1E 1805+ WTC/P-A,1754434497,1754434512,524,0,0
1754417139_A..S58R,108566_A..S58R,A,1,1754417139,1A 1805+ 207/FAR,1754437500,1754437515,726,0,0
1754417220_H..N21R,108700_H..N21R,H,0,1754417220,1H 1807 RPK/BCR,1754442410,1754442425,1212,0,0
1754417250_E..S69R,108750_E..S69R,E,1,1754417250,1E 1807+ P-A/WTC,1754434602,1754434617,523,0,0
1754417250_H..S21R,108750_H..S21R,H,1,1754417250,1H 1807+ BCR/RPK,1754432845,1754432860,406,0,0
1754417340_C..N04R,108900_C..N04R,C,0,1754417340,1C 1809 EUC/168,1754436269,1754436284,426,0,0
1754417460_A..N55R,109100_A..N55R,A,0,1754417460,1A 1811 FAR/207,1754437545,1754437560,791,0,0
1754417550_A..S58R,109250_A..S58R,A,1,1754417550,1A 1812+ 207/FAR,1754437995,1754438011,815,0,0
1754417550_E..S69R,109250_E..S69R,E,1,1754417550,1E 1812+ P-A/WTC,1754435053,1754435067,533,0,0
1754417580_C..S04R,109300_C..S04R,C,1,1754417580,1C 1813 168/EUC,1754435953,1754435968,615,0,0
1754417640_E..N66R,109400_E..N66R,E,0,1754417640,1E 1814 WTC/P-A,1754434752,1754434767,207,0,0
1754417700_A..N54R,109500_A..N54R,A,0,1754417700,1A 1815 LEF/207,1754436644,1754436659,692,0,0
1754417850_A..S57R,109750_A..S57R,A,1,1754417850,1A 1817+ 207/LEF,1754436704,1754436719,690,0,0
1754417850_E..S69R,109750_E..S69R,E,1,1754417850,1E 1817+ P-A/WTC,1754435158,1754435173,520,0,0
1754417880_A..N55R,109800_A..N55R,A,0,1754417880,1A 1818 FAR/207,1754437935,1754437950,789,0,0
1754418060_C..N04R,110100_C..N04R,C,0,1754418060,1C 1821 EUC/168,1754437530,1754437545,552,0,0
1754418150_A..S58R,110250_A..S58R,A,1,1754418150,1A 1822+ 207/FAR,1754438461,1754438476,806,0,0
1754418150_C..S04R,110250_C..S04R,C,1,1754418150,1C 1822+ 168/EUC,1754436854,1754436869,689,0,0
1754418150_E..N66R,110250_E..N66R,E,0,1754418150,1E 1822+ WTC/P-A,1754435158,1754435173,500,0,0
1754418150_E..S69R,110250_E..S69R,E,1,1754418150,1E 1822+ P-A/WTC,1754435428,1754435443,518,0,0
1754418390_E..N66R,110650_E..N66R,E,0,1754418390,1E 1826+ WTC/P-A,1754435698,1754435713,527,0,0
1754418420_E..S69R,110700_E..S69R,E,1,1754418420,1E 1827 P-A/WTC,1754435803,1754435818,539,0,0
1754418450_H..N21R,110750_H..N21R,H,0,1754418450,1H 1827+ RPK/BCR,1754443656,1754443671,1213,0,0
1754418480_A..S57R,110800_A..S57R,A,1,1754418480,1A 1828 207/LEF,1754437440,1754437455,716,0,0
1754418540_C..S04R,110900_C..S04R,C,1,1754418540,1C 1829 168/EUC,1754437140,1754437155,692,0,0
1754418540_E..N,110900_E..N,E,0,1754418540,EE 1829 WTC/P-A,1754435833,1754435848,253,0,0
1754418600_A..N54R,111000_A..N54R,A,0,1754418600,1A 1830 LEF/207,1754437350,1754437365,702,0,0
1754418690_E..N66R,111150_E..N66R,E,0,1754418690,1E 1831+ WTC/P-A,1754436104,1754436118,561,0,0
1754418690_H..S21R,111150_H..S21R,H,1,1754418690,1H 1831+ BCR/RPK,1754434932,1754434947,449,0,0
1754418720_A..N55R,111200_A..N55R,A,0,1754418720,1A 1832 FAR/207,1754438762,1754438776,788,0,0
1754418720_E..S69R,111200_E..S69R,E,1,1754418720,1E 1832 P-A/WTC,1754436239,1754436253,577,0,0
1754418780_C..N04R,111300_C..N04R,C,0,1754418780,1C 1833 EUC/168,1754437905,1754437921,727,0,0
1754418900_A..S58R,111500_A..S58R,A,1,1754418900,1A 1835 207/FAR,1754438701,1754438716,772,0,0
1754418990_C..S04R,111650_C..S04R,C,1,1754418990,1C 1836+ 168/EUC,1754437500,1754437515,686,0,0
1754419020_E..N66R,111700_E..N66R,E,0,1754419020,1E 1837 WTC/P-A,1754436734,1754436749,615,0,0
1754419020_E..S69R,111700_E..S69R,E,1,1754419020,1E 1837 P-A/WTC,1754436434,1754436448,576,0,0
1754419140_H..N21R,111900_H..N21R,H,0,1754419140,1H 1839 RPK/BCR,1754444332,1754444347,1181,0,0
1754419260_A..S57R,112100_A..S57R,A,1,1754419260,1A 1841 207/LEF,1754438041,1754438056,704,0,0
1754419320_E..N66R,112200_E..N66R,E,0,1754419320,1E 1842 WTC/P-A,1754436944,1754436959,623,0,0
1754419320_E..S69R,112200_E..S69R,E,1,1754419320,1E 1842 P-A/WTC,1754436779,1754436794,601,0,0
1754419410_C..N04R,112350_C..N04R,C,0,1754419410,1C 1843+ EUC/168,1754438551,1754438566,692,0,0
1754419470_C..S04R,112450_C..S04R,C,1,1754419470,1C 1844+ 168/EUC,1754437740,1754437755,670,1,0
1754419560_A..N54R,112600_A..N54R,A,0,1754419560,1A 1846 LEF/207,1754438266,1754438281,699,0,0
1754419620_A..S58R,112700_A..S58R,A,1,1754419620,1A 1847 207/FAR,1754439362,1754439377,768,0,0
1754419620_E..S69R,112700_E..S69R,E,1,1754419620,1E 1847 P-A/WTC,1754436975,1754436989,607,0,0
1754419650_E..N66R,112750_E..N66R,E,0,1754419650,1E 1847+ WTC/P-A,1754438206,1754438221,689,0,0
1754419740_H..N21R,112900_H..N21R,H,0,1754419740,1H 1849 RPK/BCR,1754444933,1754444948,1212,0,0
1754419860_A..N55R,113100_A..N55R,A,0,1754419860,1A 1851 FAR/207,1754439872,1754439887,786,0,0
1754419920_E..S69R,113200_E..S69R,E,1,1754419920,1E 1852 P-A/WTC,1754437305,1754437320,609,0,0
1754419950_A..S57R,113250_A..S57R,A,1,1754419950,1A 1852+ 207/LEF,1754438882,1754438896,711,0,0
1754419950_C..S04R,113250_C..S04R,C,1,1754419950,1C 1852+ 168/EUC,1754438341,1754438356,675,1,0
1754420010_C..N04R,113350_C..N04R,C,0,1754420010,1C 1853+ EUC/168,1754438866,1754438882,688,0,0
1754420010_E..N66R,113350_E..N66R,E,0,1754420010,1E 1853+ WTC/P-A,1754437305,1754437320,599,0,0
1754420220_E..S69R,113700_E..S69R,E,1,1754420220,1E 1857 P-A/WTC,1754437680,1754437695,596,0,0
1754420280_H..S21R,113800_H..S21R,H,1,1754420280,1H 1858 BCR/RPK,1754435548,1754435563,361,0,0
1754420310_E..N66R,113850_E..N66R,E,0,1754420310,1E 1858+ WTC/P-A,1754437830,1754437845,594,1,0
1754420340_A..S58R,113900_A..S58R,A,1,1754420340,1A 1859 207/FAR,1754440413,1754440428,764,0,0
1754420430_C..S04R,114050_C..S04R,C,1,1754420430,1C 1900+ 168/EUC,1754439107,1754439122,663,2,0
1754420460_H..N21R,114100_H..N21R,H,0,1754420460,1H 1901 RPK/BCR,1754445653,1754445668,1195,0,0
1754420520_A..N54R,114200_A..N54R,A,0,1754420520,1A 1902 LEF/207,1754439377,1754439392,669,0,0
1754420520_E..N72R,114200_E..N72R,E,0,1754420520,1E 1902 WTC/P-A,1754437921,1754437935,572,0,0
1754420520_E..S69R,114200_E..S69R,E,1,1754420520,1E 1902 P-A/WTC,1754437935,1754437950,573,0,0
1754420550_C..N04R,114250_C..N04R,C,0,1754420550,1C 1902+ EUC/168,1754439287,1754439302,661,0,0
1754420640_A..N55R,114400_A..N55R,A,0,1754420640,1A 1904 FAR/207,1754440698,1754440713,758,0,0
1754420760_A..S57R,114600_A..S57R,A,1,1754420760,1A 1906 207/LEF,1754440413,1754440428,714,0,0
1754420820_E..S69R,114700_E..S69R,E,1,1754420820,1E 1907 P-A/WTC,1754438086,1754438101,549,0,0
1754420850_E..N72R,114750_E..N72R,E,0,1754420850,1E 1907+ WTC/P-A,1754438566,1754438581,577,0,0
1754420880_H..S21R,114800_H..S21R,H,1,1754420880,1H 1908 BCR/RPK,1754437020,1754437035,470,0,0
1754420910_C..S04R,114850_C..S04R,C,1,1754420910,1C 1908+ 168/EUC,1754439167,1754439182,609,0,0
1754421120_C..N04R,115200_C..N04R,C,0,1754421120,1C 1912 EUC/168,1754440008,1754440023,638,0,0
1754421120_E..S69R,115200_E..S69R,E,1,1754421120,1E 1912 P-A/WTC,1754438506,1754438521,537,0,0
1754421150_A..S58R,115250_A..S58R,A,1,1754421150,1A 1912+ 207/FAR,1754440999,1754441013,730,0,0
1754421180_E..N72R,115300_E..N72R,E,0,1754421180,1E 1913 WTC/P-A,1754438957,1754438972,559,0,0
1754421390_H..N21R,115650_H..N21R,H,0,1754421390,1H 1916+ RPK/BCR,1754446584,1754446599,1201,0,0
1754421420_C..N04R,115700_C..N04R,C,0,1754421420,1C 1917 EUC/168,1754440248,1754440263,623,0,0
1754421420_E..S69R,115700_E..S69R,E,1,1754421420,1E 1917 P-A/WTC,1754438716,1754438731,520,0,0
1754421480_A..N54R,115800_A..N54R,A,0,1754421480,1A 1918 LEF/207,1754440158,1754440173,613,0,0
1754421510_A..S57R,115850_A..S57R,A,1,1754421510,1A 1918+ 207/LEF,1754440443,1754440458,631,0,0
1754421540_A..N55R,115900_A..N55R,A,0,1754421540,1A 1919 FAR/207,1754442410,1754442425,839,0,0
1754421540_E..N72R,115900_E..N72R,E,0,1754421540,1E 1919 WTC/P-A,1754439302,1754439317,551,0,0
1754421690_C..S04R,116150_C..S04R,C,1,1754421690,1C 1921+ 168/EUC,1754440278,1754440293,383,0,0
1754421720_E..S69R,116200_E..S69R,E,1,1754421720,1E 1922 P-A/WTC,1754439272,1754439287,537,0,0
1754421840_C..N04R,116400_C..N04R,C,0,1754421840,1C 1924 EUC/168,1754440623,1754440638,627,0,0
1754421870_E..N72R,116450_E..N72R,E,0,1754421870,1E 1924+ WTC/P-A,1754439767,1754439783,561,0,0
1754421900_A..S58R,116500_A..S58R,A,1,1754421900,1A 1925 207/FAR,1754441794,1754441809,766,0,0
1754421990_H..N21R,116650_H..N21R,H,0,1754421990,1H 1926+ RPK/BCR,1754447185,1754447200,1216,0,0
1754422020_E..S69R,116700_E..S69R,E,1,1754422020,1E 1927 P-A/WTC,1754439437,1754439452,527,0,0
1754422170_E..N72R,116950_E..N72R,E,0,1754422170,1E 1929+ WTC/P-A,1754440143,1754440158,565,0,0
1754422290_A..S57R,117150_A..S57R,A,1,1754422290,1A 1931+ 207/LEF,1754440984,1754440998,642,0,0
1754422380_A..N54R,117300_A..N54R,A,0,1754422380,1A 1933 LEF/207,1754441119,1754441134,652,0,0
1754422410_C..N04R,117350_C..N04R,C,0,1754422410,1C 1933+ EUC/168,1754440864,1754440878,620,0,0
1754422470_C..S04R,117450_C..S04R,C,1,1754422470,1C 1934+ 168/EUC,1754440953,1754440969,627,0,0
1754422470_E..N72R,117450_E..N72R,E,0,1754422470,1E 1934+ WTC/P-A,1754440128,1754440143,544,0,0
1754422530_E..S69R,117550_E..S69R,E,1,1754422530,1E 1935+ P-A/WTC,1754440143,1754440158,234,0,0
1754422530_H..N21R,117550_H..N21R,H,0,1754422530,1H 1935+ RPK/BCR,1754447726,1754447740,1216,0,0
1754422560_A..N55R,117600_A..N55R,A,0,1754422560,1A 1936 FAR/207,1754442665,1754442680,787,0,0
1754422590_A..S58R,117650_A..S58R,A,1,1754422590,1A 1936+ 207/FAR,1754442320,1754442335,761,0,0
1754422650_H..S21R,117750_H..S21R,H,1,1754422650,1H 1937+ BCR/RPK,1754437605,1754437620,363,0,0
1754422770_E..N72R,117950_E..N72R,E,0,1754422770,1E 1939+ WTC/P-A,1754440323,1754440338,537,0,0
1754422830_C..S04R,118050_C..S04R,C,1,1754422830,1C 1940+ 168/EUC,1754441344,1754441358,645,0,0
1754422920_C..N04R,118200_C..N04R,C,0,1754422920,1C 1942 EUC/168,1754441314,1754441328,635,0,0
1754422980_A..S57R,118300_A..S57R,A,1,1754422980,1A 1943 207/LEF,1754442320,1754442335,735,0,0
1754422980_E..N72R,118300_E..N72R,E,0,1754422980,1E 1943 WTC/P-A,1754440608,1754440623,548,0,0
1754423010_E..S69R,118350_E..S69R,E,1,1754423010,1E 1943+ P-A/WTC,1754440203,1754440218,513,0,0
1754423190_H..S21R,118650_H..S21R,H,1,1754423190,1H 1946+ BCR/RPK,1754438491,1754438506,386,0,0
1754423250_E..N72R,118750_E..N72R,E,0,1754423250,1E 1947+ WTC/P-A,1754440924,1754440938,571,0,0
1754423280_A..N54R,118800_A..N54R,A,0,1754423280,1A 1948 LEF/207,1754441614,1754441629,651,0,0
1754423310_E..S69R,118850_E..S69R,E,1,1754423310,1E 1948+ P-A/WTC,1754440563,1754440578,521,0,0
1754423340_A..S58R,118900_A..S58R,A,1,1754423340,1A 1949 207/FAR,1754443566,1754443581,795,0,0
1754423340_C..N04R,118900_C..N04R,C,0,1754423340,1C 1949 EUC/168,1754441764,1754441779,666,0,0
1754423460_H..N21R,119100_H..N21R,H,0,1754423460,1H 1951 RPK/BCR,1754448657,1754448671,1216,0,0
1754423520_A..N55R,119200_A..N55R,A,0,1754423520,1A 1952 FAR/207,1754443461,1754443476,776,0,0
1754423520_E..N72R,119200_E..N72R,E,0,1754423520,1E 1952 WTC/P-A,1754441208,1754441209,584,0,0
1754423550_H..S,119250_H..S,H,1,1754423550,EH 1952+ BCH/RPK,1754439167,1754439182,60,1,1
1754423670_E..S69R,119450_E..S69R,E,1,1754423670,1E 1954+ P-A/WTC,1754440894,1754440909,540,0,0
1754423700_A..S57R,119500_A..S57R,A,1,1754423700,1A 1955 207/LEF,1754442590,1754442605,706,0,0
1754423820_C..N04R,119700_C..N04R,C,0,1754423820,1C 1957 EUC/168,1754442215,1754442230,672,0,0
1754423850_E..N72R,119750_E..N72R,E,0,1754423850,1E 1957+ WTC/P-A,1754441614,1754441629,613,0,0
1754423910_H..S21R,119850_H..S21R,H,1,1754423910,1H 1958+ BCR/RPK,1754440188,1754440203,452,0,0
1754423970_C..S04R,119950_C..S04R,C,1,1754423970,1C 1959+ 168/EUC,1754442155,1754442170,648,0,0
1754424030_E..S69R,120050_E..S69R,E,1,1754424030,1E 2000+ P-A/WTC,1754441614,1754441629,601,0,0
1754424120_A..S58R,120200_A..S58R,A,1,1754424120,1A 2002 207/FAR,1754443656,1754443671,749,0,0
1754424240_E..N72R,120400_E..N72R,E,0,1754424240,1E 2004 WTC/P-A,1754441839,1754441854,615,0,0
1754424300_A..N54R,120500_A..N54R,A,0,1754424300,1A 2005 LEF/207,1754443191,1754443206,706,0,0
1754424300_C..N04R,120500_C..N04R,C,0,1754424300,1C 2005 EUC/168,1754442740,1754442755,676,0,0
1754424300_H..N21R,120500_H..N21R,H,0,1754424300,1H 2005 RPK/BCR,1754449497,1754449512,1216,0,0
1754424420_A..N55R,120700_A..N55R,A,0,1754424420,1A 2007 FAR/207,1754444738,1754444752,801,0,0
1754424420_E..S69R,120700_E..S69R,E,1,1754424420,1E 2007 P-A/WTC,1754441870,1754441884,607,0,0
1754424510_C..S04R,120850_C..S04R,C,1,1754424510,1C 2008+ 168/EUC,1754443431,1754443446,708,0,0
1754424540_A..S57R,120900_A..S57R,A,1,1754424540,1A 2009 207/LEF,1754443431,1754443446,706,0,0
1754424540_E..N72R,120900_E..N72R,E,0,1754424540,1E 2009 WTC/P-A,1754442275,1754442290,628,0,0
1754424750_E..S69R,121250_E..S69R,E,1,1754424750,1E 2012+ P-A/WTC,1754442500,1754442515,629,0,0
1754424840_C..N04R,121400_C..N04R,C,0,1754424840,1C 2014 EUC/168,1754443476,1754443491,686,0,0
1754424840_E..N72R,121400_E..N72R,E,0,1754424840,1E 2014 WTC/P-A,1754442831,1754442846,643,0,0
1754425020_A..S58R,121700_A..S58R,A,1,1754425020,1A 2017 207/FAR,1754444797,1754444812,750,0,0
1754425140_E..N72R,121900_E..N72R,E,0,1754425140,1E 2019 WTC/P-A,1754442936,1754442951,610,0,0
1754425170_C..S04R,121950_C..S04R,C,1,1754425170,1C 2019+ 168/EUC,1754443536,1754443551,646,0,0
1754425170_E..S69R,121950_E..S69R,E,1,1754425170,1E 2019+ P-A/WTC,1754442590,1754442605,583,0,0
1754425350_A..N54R,122250_A..N54R,A,0,1754425350,1A 2022+ LEF/207,1754444017,1754444032,654,0,0
1754425410_H..N21R,122350_H..N21R,H,0,1754425410,1H 2023+ RPK/BCR,1754450608,1754450623,1197,0,0
1754425470_A..N55R,122450_A..N55R,A,0,1754425470,1A 2024+ FAR/207,1754445924,1754445939,802,0,0
1754425470_H..S21R,122450_H..S21R,H,1,1754425470,1H 2024+ BCR/RPK,1754441119,1754441134,402,0,0
1754425500_E..N72R,122500_E..N72R,E,0,1754425500,1E 2025 WTC/P-A,1754443416,1754443431,597,0,0
1754425530_E..S69R,122550_E..S69R,E,1,1754425530,1E 2025+ P-A/WTC,1754442846,1754442860,557,0,0
1754425590_A..S57R,122650_A..S57R,A,1,1754425590,1A 2026+ 207/LEF,1754444377,1754444392,652,0,0
1754425590_C..S04R,122650_C..S04R,C,1,1754425590,1C 2026+ 168/EUC,1754444167,1754444182,638,0,0
1754425740_C..N04R,122900_C..N04R,C,0,1754425740,1C 2029 EUC/168,1754444362,1754444377,426,0,0
1754425950_E..N72R,123250_E..N72R,E,0,1754425950,1E 2032+ WTC/P-A,1754443762,1754443776,450,0,0
1754425950_E..S69R,123250_E..S69R,E,1,1754425950,1E 2032+ P-A/WTC,1754443281,1754443296,533,0,0
1754426130_C..S04R,123550_C..S04R,C,1,1754426130,1C 2035+ 168/EUC,1754444392,1754444407,583,0,0
1754426160_A..S58R,123600_A..S58R,A,1,1754426160,1A 2036 207/FAR,1754445984,1754445998,725,0,0
1754426190_A..N54R,123650_A..N54R,A,0,1754426190,1A 2036+ LEF/207,1754445263,1754445277,635,0,0
1754426340_H..N21R,123900_H..N21R,H,0,1754426340,1H 2039 RPK/BCR,1754451539,1754451554,1209,0,0
1754426400_E..N72R,124000_E..N72R,E,0,1754426400,1E 2040 WTC/P-A,1754443881,1754443897,526,0,0
1754426490_A..N55R,124150_A..N55R,A,0,1754426490,1A 2041+ FAR/207,1754446449,1754446464,757,0,0
1754426580_E..S69R,124300_E..S69R,E,1,1754426580,1E 2043 P-A/WTC,1754443942,1754443957,260,0,0
1754426640_C..N04R,124400_C..N04R,C,0,1754426640,1C 2044 EUC/168,1754444933,1754444948,581,0,0
1754426730_C..S04R,124550_C..S04R,C,1,1754426730,1C 2045+ 168/EUC,1754445263,1754445277,598,0,0
1754426730_E..N72R,124550_E..N72R,E,0,1754426730,1E 2045+ WTC/P-A,1754444602,1754444617,553,0,0
1754426820_A..S57R,124700_A..S57R,A,1,1754426820,1A 2047 207/LEF,1754445683,1754445698,640,0,0
1754426910_H..S21R,124850_H..S21R,H,1,1754426910,1H 2048+ BCR/RPK,1754443867,1754443881,492,0,0
1754427120_E..N72R,125200_E..N72R,E,0,1754427120,1E 2052 WTC/P-A,1754444993,1754445008,553,0,0
1754427180_E..S69R,125300_E..S69R,E,1,1754427180,1E 2053 P-A/WTC,1754444167,1754444182,494,0,0
1754427180_H..N21R,125300_H..N21R,H,0,1754427180,1H 2053 RPK/BCR,1754452365,1754452380,1219,0,0
1754427240_A..N54R,125400_A..N54R,A,0,1754427240,1A 2054 LEF/207,1754446074,1754446088,659,0,0
1754427240_C..N04R,125400_C..N04R,C,0,1754427240,1C 2054 EUC/168,1754445758,1754445773,621,0,0
1754427330_C..S04R,125550_C..S04R,C,1,1754427330,1C 2055+ 168/EUC,1754445849,1754445863,627,2,0
1754427420_A..S58R,125700_A..S58R,A,1,1754427420,1A 2057 207/FAR,1754447185,1754447200,769,0,0
1754427510_E..N72R,125850_E..N72R,E,0,1754427510,1E 2058+ WTC/P-A,1754445368,1754445383,556,0,0
1754427600_A..N55R,126000_A..N55R,A,0,1754427600,1A 2100 FAR/207,1754447936,1754447951,807,0,0
1754427630_H..S21R,126050_H..S21R,H,1,1754427630,1H 2100+ BCR/RPK,1754443867,1754443881,444,0,0
1754427660_E..S69R,126100_E..S69R,E,1,1754427660,1E 2101 P-A/WTC,1754445248,1754445263,535,0,0
1754427870_C..N04R,126450_C..N04R,C,0,1754427870,1C 2104+ EUC/168,1754446374,1754446388,655,0,0
1754427870_E..N72R,126450_E..N72R,E,0,1754427870,1E 2104+ WTC/P-A,1754445729,1754445743,575,0,0
1754427930_A..N54R,126550_A..N54R,A,0,1754427930,1A 2105+ LEF/207,1754446734,1754446750,698,0,0
1754427930_C..S04R,126550_C..S04R,C,1,1754427930,1C 2105+ 168/EUC,1754446464,1754446479,663,1,0
1754428080_A..S57R,126800_A..S57R,A,1,1754428080,1A 2108 207/LEF,1754446810,1754446824,696,0,0
1754428200_E..S69R,127000_E..S69R,E,1,1754428200,1E 2110 P-A/WTC,1754445563,1754445578,532,0,0
1754428230_E..N72R,127050_E..N72R,E,0,1754428230,1E 2110+ WTC/P-A,1754446164,1754446178,604,0,0
1754428290_A..N54R,127150_A..N54R,A,0,1754428290,1A 2111+ LEF/207,1754447590,1754447605,738,0,0
1754428410_H..S21R,127350_H..S21R,H,1,1754428410,1H 2113+ BCR/RPK,1754443942,1754443957,397,0,0
1754428470_C..N04R,127450_C..N04R,C,0,1754428470,1C 2114+ EUC/168,1754447110,1754447125,694,0,0
1754428500_C..S04R,127500_C..S04R,C,1,1754428500,1C 2115 168/EUC,1754446764,1754446764,662,0,0
1754428530_E..N72R,127550_E..N72R,E,0,1754428530,1E 2115+ WTC/P-A,1754446374,1754446388,611,0,0
1754428620_H..N21R,127700_H..N21R,H,0,1754428620,1H 2117 RPK/BCR,1754453807,1754453822,1219,0,0
1754428740_A..S58R,127900_A..S58R,A,1,1754428740,1A 2119 207/FAR,1754448446,1754448461,765,0,0
1754428740_E..S69R,127900_E..S69R,E,1,1754428740,1E 2119 P-A/WTC,1754446644,1754446659,633,0,0
1754428830_A..N55R,128050_A..N55R,A,0,1754428830,1A 2120+ FAR/207,1754449197,1754449212,808,0,0
1754428920_E..N72R,128200_E..N72R,E,0,1754428920,1E 2122 WTC/P-A,1754447050,1754447065,657,0,0
1754428950_C..N04R,128250_C..N04R,C,0,1754428950,1C 2122+ EUC/168,1754447590,1754447605,690,0,0
1754429040_C..S04R,128400_C..S04R,C,1,1754429040,1C 2124 168/EUC,1754447710,1754447726,695,0,0
1754429340_E..N72R,128900_E..N72R,E,0,1754429340,1E 2129 WTC/P-A,1754447410,1754447425,655,0,0
1754429340_E..S69R,128900_E..S69R,E,1,1754429340,1E 2129 P-A/WTC,1754446930,1754446945,620,0,0
1754429430_A..N54R,129050_A..N54R,A,0,1754429430,1A 2130+ LEF/207,1754448476,1754448491,720,0,0
1754429520_A..S57R,129200_A..S57R,A,1,1754429520,1A 2132 207/LEF,1754448566,1754448582,720,0,0
1754429640_C..S04R,129400_C..S04R,C,1,1754429640,1C 2134 168/EUC,1754447861,1754447876,664,0,0
1754429670_C..N04R,129450_C..N04R,C,0,1754429670,1C 2134+ EUC/168,1754448146,1754448161,681,0,0
1754429730_E..S,129550_E..S,E,1,1754429730,EE 2135+ P-A/KEW,1754444167,1754444182,96,0,0
1754429790_H..N21R,129650_H..N21R,H,0,1754429790,1H 2136+ RPK/BCR,1754454993,1754455008,1215,0,0
1754429910_H..S21R,129850_H..S21R,H,1,1754429910,1H 2138+ BCR/RPK,1754445323,1754445338,379,0,0
1754430000_E..S69R,130000_E..S69R,E,1,1754430000,1E 2140 P-A/WTC,1754447710,1754447726,613,0,0
1754430030_E..N05R,130050_E..N05R,E,0,1754430030,1E 2140+ WTC/P-A,1754448146,1754448161,502,0,0
1754430180_A..S58R,130300_A..S58R,A,1,1754430180,1A 2143 207/FAR,1754450338,1754450353,770,0,0
1754430180_C..N04R,130300_C..N04R,C,0,1754430180,1C 2143 EUC/168,1754448731,1754448747,659,0,0
1754430300_C..S04R,130500_C..S04R,C,1,1754430300,1C 2145 168/EUC,1754448852,1754448867,652,0,0
1754430330_A..N55R,130550_A..N55R,A,0,1754430330,1A 2145+ FAR/207,1754450653,1754450668,794,0,0
1754430600_E..S69R,131000_E..S69R,E,1,1754430600,1E 2150 P-A/WTC,1754448101,1754448116,570,0,0
1754430720_E..N05R,131200_E..N05R,E,0,1754430720,1E 2152 WTC/P-A,1754448491,1754448506,580,0,0
1754430810_H..N21R,131350_H..N21R,H,0,1754430810,1H 2153+ RPK/BCR,1754456014,1754456028,1215,0,0
1754430870_A..N54R,131450_A..N54R,A,0,1754430870,1A 2154+ LEF/207,1754449437,1754449452,623,0,0
1754430870_A..N58R,131450_A..N58R,A,0,1754430870,1A 2154+ FAR/EUC,1754447635,1754447650,503,0,0
1754430900_A..S57R,131500_A..S57R,A,1,1754430900,1A 2155 207/LEF,1754449272,1754449287,608,0,0
1754430900_C..N04R,131500_C..N04R,C,0,1754430900,1C 2155 EUC/168,1754449602,1754449617,630,0,0
1754430990_C..S04R,131650_C..S04R,C,1,1754430990,1C 2156+ 168/EUC,1754449167,1754449182,591,0,0
1754431050_H..S21R,131750_H..S21R,H,1,1754431050,1H 2157+ BCR/RPK,1754446044,1754446058,326,0,0
1754431200_E..N05R,132000_E..N05R,E,0,1754431200,1E 2200 WTC/P-A,1754449647,1754449662,601,0,0
1754431200_E..S69R,132000_E..S69R,E,1,1754431200,1E 2200 P-A/WTC,1754448416,1754448431,519,0,0
1754431560_A..S58R,132600_A..S58R,A,1,1754431560,1A 2206 207/FAR,1754451660,1754451674,798,0,0
1754431620_C..N04R,132700_C..N04R,C,0,1754431620,1C 2207 EUC/168,1754450218,1754450233,611,0,0
1754431680_A..S05R,132800_A..S05R,A,1,1754431680,1A 2208 207/LEF,1754451119,1754451133,717,0,0
1754431680_E..N05R,132800_E..N05R,E,0,1754431680,1E 2208 WTC/P-A,1754449632,1754449647,567,0,0
1754431710_C..S04R,132850_C..S04R,C,1,1754431710,1C 2208+ 168/EUC,1754450188,1754450203,602,0,0
1754431800_E..S69R,133000_E..S69R,E,1,1754431800,1E 2210 P-A/WTC,1754449092,1754449107,523,0,0
1754431830_H..N21R,133050_H..N21R,H,0,1754431830,1H 2210+ RPK/BCR,1754457035,1754457050,1232,0,0
1754431890_A..N09R,133150_A..N09R,A,0,1754431890,1A 2211+ FAR/207,1754452665,1754452681,844,0,0
1754432160_A..S74R,133600_A..S74R,A,1,1754432160,1A 2216 207/FAR,1754453807,1754453822,902,0,0
1754432220_H..S21R,133700_H..S21R,H,1,1754432220,1H 2217 BCR/RPK,1754447320,1754447335,377,0,0
1754432280_A..N54R,133800_A..N54R,A,0,1754432280,1A 2218 LEF/207,1754450879,1754450894,649,0,0
1754432280_E..N05R,133800_E..N05R,E,0,1754432280,1E 2218 WTC/P-A,1754450128,1754450143,560,0,0
1754432310_C..N04R,133850_C..N04R,C,0,1754432310,1C 2218+ EUC/168,1754450999,1754451014,662,0,0
1754432340_E..S69R,133900_E..S69R,E,1,1754432340,1E 2219 P-A/WTC,1754449557,1754449572,518,0,0
1754432460_A..N04R,134100_A..N04R,A,0,1754432460,1A 2221 LEF/207,1754451990,1754452005,761,0,0
1754432880_A..S05R,134800_A..S05R,A,1,1754432880,1A 2228 207/LEF,1754452711,1754452726,781,0,0
1754432880_E..N05R,134800_E..N05R,E,0,1754432880,1E 2228 WTC/P-A,1754450699,1754450713,585,0,0
1754432940_E..S69R,134900_E..S69R,E,1,1754432940,1E 2229 P-A/WTC,1754450458,1754450473,550,0,0
1754433240_A..S05R,135400_A..S05R,A,1,1754433240,1A 2234 207/LEF,1754453927,1754453942,838,0,0
1754433300_H..N21R,135500_H..N21R,H,0,1754433300,1H 2235 RPK/BCR,1754458492,1754458507,1231,0,0
1754433360_A..N09R,135600_A..N09R,A,0,1754433360,1A 2236 FAR/207,1754454287,1754454302,854,0,0
1754433360_E..S04R,135600_E..S04R,E,1,1754433360,1E 2236 P-A/WTC,1754451464,1754451479,651,0,0
1754433480_E..N05R,135800_E..N05R,E,0,1754433480,1E 2238 WTC/P-A,1754451720,1754451735,675,0,0
1754433720_A..S74R,136200_A..S74R,A,1,1754433720,1A 2242 207/FAR,1754455188,1754455203,894,0,0
1754433870_E..S04R,136450_E..S04R,E,1,1754433870,1E 2244+ P-A/WTC,1754452020,1754452035,669,0,0
1754433900_A..N04R,136500_A..N04R,A,0,1754433900,1A 2245 LEF/207,1754453582,1754453596,771,0,0
1754434080_E..N05R,136800_E..N05R,E,0,1754434080,1E 2248 WTC/P-A,1754452455,1754452470,684,0,0
1754434410_H..S21R,137350_H..S21R,H,1,1754434410,1H 2253+ BCR/RPK,1754449527,1754449542,378,0,0
1754434440_A..S05R,137400_A..S05R,A,1,1754434440,1A 2254 207/LEF,1754454347,1754454362,785,0,0
1754434440_E..S04R,137400_E..S04R,E,1,1754434440,1E 2254 P-A/WTC,1754452966,1754452981,693,0,0
1754434470_H..N21R,137450_H..N21R,H,0,1754434470,1H 2254+ RPK/BCR,1754459663,1754459678,1230,0,0
1754434560_E..N05R,137600_E..N05R,E,0,1754434560,1E 2256 WTC/P-A,1754453161,1754453176,696,0,0
1754434890_A..N09R,138150_A..N09R,A,0,1754434890,1A 2301+ FAR/207,1754455849,1754455863,882,0,0
1754434980_E..S04R,138300_E..S04R,E,1,1754434980,1E 2303 P-A/WTC,1754453356,1754453371,658,0,0
1754435160_A..S74R,138600_A..S74R,A,1,1754435160,1A 2306 207/FAR,1754455894,1754455908,853,0,0
1754435280_E..N05R,138800_E..N05R,E,0,1754435280,1E 2308 WTC/P-A,1754454002,1754454017,665,0,0
1754435400_A..N04R,139000_A..N04R,A,0,1754435400,1A 2310 LEF/207,1754455128,1754455142,726,0,0
1754435430_H..N21R,139050_H..N21R,H,0,1754435430,1H 2310+ RPK/BCR,1754460624,1754460638,1222,0,0
1754435580_H..S21R,139300_H..S21R,H,1,1754435580,1H 2313 BCR/RPK,1754450578,1754450593,330,0,0
1754435640_E..S04R,139400_E..S04R,E,1,1754435640,1E 2314 P-A/WTC,1754454287,1754454302,638,0,0
1754435880_A..S05R,139800_A..S05R,A,1,1754435880,1A 2318 207/LEF,1754455488,1754455503,710,0,0
1754435880_E..N05R,139800_E..N05R,E,0,1754435880,1E 2318 WTC/P-A,1754454272,1754454287,605,0,0
1754436360_E..S04R,140600_E..S04R,E,1,1754436360,1E 2326 P-A/WTC,1754455038,1754455053,614,0,0
1754436480_E..N05R,140800_E..N05R,E,0,1754436480,1E 2328 WTC/P-A,1754454828,1754454843,592,0,0
1754436540_H..S21R,140900_H..S21R,H,1,1754436540,1H 2329 BCR/RPK,1754451644,1754451659,373,0,0
1754436600_A..S74R,141000_A..S74R,A,1,1754436600,1A 2330 207/FAR,1754457275,1754457290,840,0,0
1754436660_H..N21R,141100_H..N21R,H,0,1754436660,1H 2331 RPK/BCR,1754461855,1754461870,1239,0,0
1754436720_A..N09R,141200_A..N09R,A,0,1754436720,1A 2332 FAR/207,1754458011,1754458026,881,0,0
1754437080_A..N04R,141800_A..N04R,A,0,1754437080,1A 2338 LEF/207,1754457576,1754457591,828,0,0
1754437140_E..N05R,141900_E..N05R,E,0,1754437140,1E 2339 WTC/P-A,1754456600,1754456615,758,0,0
1754437170_E..S04R,141950_E..S04R,E,1,1754437170,1E 2339+ P-A/WTC,1754456239,1754456254,712,0,0
1754437320_A..S05R,142200_A..S05R,A,1,1754437320,1A 2342 207/LEF,1754456540,1754456555,741,0,0
1754437800_E..N05R,143000_E..N05R,E,0,1754437800,1E 2350 WTC/P-A,1754456750,1754456765,725,0,0
1754438040_H..S21R,143400_H..S21R,H,1,1754438040,1H 2354 BCR/RPK,1754452966,1754452981,364,0,0
1754438070_E..S04R,143450_E..S04R,E,1,1754438070,1E 2354+ P-A/WTC,1754457155,1754457170,734,1,0
1754438220_A..S74R,143700_A..S74R,A,1,1754438220,1A 2357 207/FAR,1754459453,1754459468,877,0,0
1754438310_H..N21R,143850_H..N21R,H,0,1754438310,1H 2358+ RPK/BCR,1754463507,1754463522,1239,0,0
1754438520_A..N09R,000200_A..N09R,A,0,1754438520,1A 0002 FAR/207,1754459603,1754459618,867,0,0
1754438520_E..N05R,000200_E..N05R,E,0,1754438520,1E 0002 WTC/P-A,1754457290,1754457305,713,0,0
1754438880_A..N04R,000800_A..N04R,A,0,1754438880,1A 0008 LEF/207,1754458476,1754458492,768,0,0
1754439090_A..S74R,001150_A..S74R,A,1,1754439090,1A 0011+ 207/FAR,1754459828,1754459843,844,0,0
1754439090_E..S04R,001150_E..S04R,E,1,1754439090,1E 0011+ P-A/WTC,1754457726,1754457741,704,0,0
1754439240_E..N05R,001400_E..N05R,E,0,1754439240,1E 0014 WTC/P-A,1754457876,1754457891,704,0,0
1754439450_H..S21R,001750_H..S21R,H,1,1754439450,1H 0017+ BCR/RPK,1754454407,1754454422,365,0,0
1754439600_A..N37R,002000_A..N37R,A,0,1754439600,1A 0020 LEF/EUC,1754454768,1754454783,372,0,0
1754439600_H..N21R,002000_H..N21R,H,0,1754439600,1H 0020 RPK/BCR,1754464798,1754464812,1247,0,0
1754439720_A..N09R,002200_A..N09R,A,0,1754439720,1A 0022 FAR/207,1754461390,1754461405,981,1,0
1754439960_E..N05R,002600_E..N05R,E,0,1754439960,1E 0026 WTC/P-A,1754458642,1754458657,676,0,0
1754440170_A..S74R,002950_A..S74R,A,1,1754440170,1A 0029+ 207/FAR,1754460909,1754460923,860,0,0
1754440290_E..S04R,003150_E..S04R,E,1,1754440290,1E 0031+ P-A/WTC,1754459062,1754459077,663,0,0
1754440680_E..N05R,003800_E..N05R,E,0,1754440680,1E 0038 WTC/P-A,1754459588,1754459603,647,0,0
1754440800_A..N43R,004000_A..N43R,A,0,1754440800,1A 0040 LEF/EUC,1754455729,1754455743,321,0,0
1754440860_H..N21R,004100_H..N21R,H,0,1754440860,1H 0041 RPK/BCR,1754466060,1754466074,1252,0,0
1754440890_H..S21R,004150_H..S21R,H,1,1754440890,1H 0041+ BCR/RPK,1754455879,1754455893,329,0,0
1754440920_A..N09R,004200_A..N09R,A,0,1754440920,1A 0042 FAR/207,1754462831,1754462846,932,1,0
1754441370_A..S74R,004950_A..S74R,A,1,1754441370,1A 0049+ 207/FAR,1754462471,1754462486,878,0,0
1754441490_E..S04R,005150_E..S04R,E,1,1754441490,1E 0051+ P-A/WTC,1754461044,1754461059,746,1,0
1754441580_E..N05R,005300_E..N05R,E,0,1754441580,1E 0053 WTC/P-A,1754460924,1754460938,724,0,0
1754442000_A..N43R,006000_A..N43R,A,0,1754442000,1A 0100 LEF/EUC,1754456990,1754457005,373,0,0
1754442060_H..N21R,006100_H..N21R,H,0,1754442060,1H 0101 RPK/BCR,1754467246,1754467261,1265,0,0
1754442120_A..N09R,006200_A..N09R,A,0,1754442120,1A 0102 FAR/207,1754463222,1754463237,878,1,0
1754442330_H..S21R,006550_H..S21R,H,1,1754442330,1H 0105+ BCR/RPK,1754457395,1754457410,378,0,0
1754442510_E..N05R,006850_E..N05R,E,0,1754442510,1E 0108+ WTC/P-A,1754462290,1754462306,790,0,0
1754442570_A..S74R,006950_A..S74R,A,1,1754442570,1A 0109+ 207/FAR,1754464273,1754464288,918,0,0
1754442690_E..S04R,007150_E..S04R,E,1,1754442690,1E 0111+ P-A/WTC,1754461870,1754461885,750,0,0
1754442780_A..S43R,007300_A..S43R,A,1,1754442780,1A 0113 EUC/LEF,1754457801,1754457816,375,0,0
1754443200_A..N43R,008000_A..N43R,A,0,1754443200,1A 0120 LEF/EUC,1754458507,1754458522,394,0,0
1754443260_H..N21R,008100_H..N21R,H,0,1754443260,1H 0121 RPK/BCR,1754468447,1754468462,1345,0,0
1754443320_A..N09R,008200_A..N09R,A,0,1754443320,1A 0122 FAR/207,1754464813,1754464827,921,0,0
1754443590_A..S43R,008650_A..S43R,A,1,1754443590,1A 0126+ EUC/LEF,1754459618,1754459633,442,0,0
1754443710_H..S21R,008850_H..S21R,H,1,1754443710,1H 0128+ BCR/RPK,1754458687,1754458702,372,0,0
1754443770_A..S74R,008950_A..S74R,A,1,1754443770,1A 0129+ 207/FAR,1754464858,1754464873,897,0,0
1754443800_E..N05R,009000_E..N05R,E,0,1754443800,1E 0130 WTC/P-A,1754462531,1754462546,720,0,0
1754443890_E..S04R,009150_E..S04R,E,1,1754443890,1E 0131+ P-A/WTC,1754462711,1754462726,726,0,0
1754444400_A..N43R,010000_A..N43R,A,0,1754444400,1A 0140 LEF/EUC,1754459408,1754459423,370,0,0
1754444460_H..N21R,010100_H..N21R,H,0,1754444460,1H 0141 RPK/BCR,1754469648,1754469663,1435,0,0
1754444520_A..N09R,010200_A..N09R,A,0,1754444520,1A 0142 FAR/207,1754466405,1754466420,1029,0,0
1754444730_H..S21R,010550_H..S21R,H,1,1754444730,1H 0145+ BCR/RPK,1754460128,1754460143,384,0,0
1754444790_A..S43R,010650_A..S43R,A,1,1754444790,1A 0146+ EUC/LEF,1754460038,1754460052,365,0,0
1754444970_A..S74R,010950_A..S74R,A,1,1754444970,1A 0149+ 207/FAR,1754465729,1754465743,892,0,0
1754445000_E..N05R,011000_E..N05R,E,0,1754445000,1E 0150 WTC/P-A,1754463792,1754463807,681,0,0
1754445090_E..S04R,011150_E..S04R,E,1,1754445090,1E 0151+ P-A/WTC,1754464002,1754464017,683,0,0
1754445600_A..N43R,012000_A..N43R,A,0,1754445600,1A 0200 LEF/EUC,1754461795,1754461810,439,0,0
1754445660_H..N21R,012100_H..N21R,H,0,1754445660,1H 0201 RPK/BCR,1754470790,,1520,0,0
1754445720_A..N09R,012200_A..N09R,A,0,1754445720,1A 0202 FAR/207,1754466630,1754466645,887,0,0
1754445930_H..S21R,012550_H..S21R,H,1,1754445930,1H 0205+ BCR/RPK,1754460954,1754460968,345,0,0
1754445990_A..S43R,012650_A..S43R,A,1,1754445990,1A 0206+ EUC/LEF,1754461690,1754461705,425,0,0
1754446170_A..S74R,012950_A..S74R,A,1,1754446170,1A 0209+ 207/FAR,1754467306,1754467321,906,0,0
1754446290_E..S04R,013150_E..S04R,E,1,1754446290,1E 0211+ P-A/WTC,1754464963,1754464978,650,0,0
1754446800_A..N43R,014000_A..N43R,A,0,1754446800,1A 0220 LEF/EUC,1754461810,1754461825,379,0,0
1754446800_E..N05R,014000_E..N05R,E,0,1754446800,1E 0220 WTC/P-A,1754466240,1754466254,486,0,0
1754446860_H..N21R,014100_H..N21R,H,0,1754446860,1H 0221 RPK/BCR,1754470790,,1433,0,0
1754446920_A..N09R,014200_A..N09R,A,0,1754446920,1A 0222 FAR/207,1754467907,1754467922,936,0,0
1754447130_H..S21R,014550_H..S21R,H,1,1754447130,1H 0225+ BCR/RPK,1754462441,1754462456,399,0,0
1754447190_A..S43R,014650_A..S43R,A,1,1754447190,1A 0226+ EUC/LEF,1754462230,1754462246,381,0,0
1754447370_A..S74R,014950_A..S74R,A,1,1754447370,1A 0229+ 207/FAR,1754468042,1754468057,924,0,0
1754447490_E..S04R,015150_E..S04R,E,1,1754447490,1E 0231+ P-A/WTC,1754465924,1754465939,698,0,0
1754448000_A..N43R,016000_A..N43R,A,0,1754448000,1A 0240 LEF/EUC,1754462951,1754462966,375,0,0
1754448060_H..N21R,016100_H..N21R,H,0,1754448060,1H 0241 RPK/BCR,1754470790,,1353,0,0
1754448120_A..N09R,016200_A..N09R,A,0,1754448120,1A 0242 FAR/207,1754469048,1754469063,1008,0,0
1754448330_H..S21R,016550_H..S21R,H,1,1754448330,1H 0245+ BCR/RPK,1754463732,1754463747,405,0,0
1754448390_A..S43R,016650_A..S43R,A,1,1754448390,1A 0246+ EUC/LEF,1754464498,1754464513,452,0,0
1754448570_A..S74R,016950_A..S74R,A,1,1754448570,1A 0249+ 207/FAR,1754469663,1754469678,1079,0,0
1754448600_E..N05R,017000_E..N05R,E,0,1754448600,1E 0250 WTC/P-A,1754467246,1754467261,736,0,0
1754448690_E..S04R,017150_E..S04R,E,1,1754448690,1E 0251+ P-A/WTC,1754467126,1754467141,718,0,0
1754449200_A..N43R,018000_A..N43R,A,0,1754449200,1A 0300 LEF/EUC,1754464213,1754464228,377,0,0
1754449260_H..N21R,018100_H..N21R,H,0,1754449260,1H 0301 RPK/BCR,1754470790,,1267,0,0
1754449320_A..N09R,018200_A..N09R,A,0,1754449320,1A 0302 FAR/207,1754470775,1754470789,1257,0,0
1754449530_H..S21R,018550_H..S21R,H,1,1754449530,1H 0305+ BCR/RPK,1754464453,1754464468,351,0,0
1754449590_A..S43R,018650_A..S43R,A,1,1754449590,1A 0306+ EUC/LEF,1754465294,1754465308,449,0,0
1754449770_A..S74R,018950_A..S74R,A,1,1754449770,1A 0309+ 207/FAR,1754470790,,1202,0,0
1754449800_E..N05R,019000_E..N05R,E,0,1754449800,1E 0310 WTC/P-A,1754467952,1754467967,711,0,0
1754449890_E..S04R,019150_E..S04R,E,1,1754449890,1E 0311+ P-A/WTC,1754469228,1754469243,869,0,0
1754450400_A..N43R,020000_A..N43R,A,0,1754450400,1A 0320 LEF/EUC,1754465444,1754465458,361,0,0
1754450400_E..N,020000_E..N,E,0,1754450400,EE 0320 WTC/P-A,1754468222,1754468237,526,0,0
1754450460_H..N21R,020100_H..N21R,H,0,1754450460,1H 0321 RPK/BCR,1754470790,,1110,0,0
1754450520_A..N09R,020200_A..N09R,A,0,1754450520,1A 0322 FAR/207,1754470790,,1102,0,0
1754450730_H..S21R,020550_H..S21R,H,1,1754450730,1H 0325+ BCR/RPK,1754466029,1754466044,399,0,0
1754450790_A..S43R,020650_A..S43R,A,1,1754450790,1A 0326+ EUC/LEF,1754465984,1754465999,388,0,0
1754450970_A..S74R,020950_A..S74R,A,1,1754450970,1A 0329+ 207/FAR,1754470790,,1061,0,0
1754451000_E..N05R,021000_E..N05R,E,0,1754451000,1E 0330 WTC/P-A,1754470279,1754470293,955,0,0
1754451600_A..N43R,022000_A..N43R,A,0,1754451600,1A 0340 LEF/EUC,1754466585,1754466600,390,0,0
1754451660_H..N21R,022100_H..N21R,H,0,1754451660,1H 0341 RPK/BCR,1754470790,,1015,0,0
1754451690_E..S04R,022150_E..S04R,E,1,1754451690,1E 0341+ P-A/WTC,1754469874,1754469888,561,0,0
1754451720_A..N09R,022200_A..N09R,A,0,1754451720,1A 0342 FAR/207,1754470790,,1011,0,0
1754451930_H..S21R,022550_H..S21R,H,1,1754451930,1H 0345+ BCR/RPK,1754467186,1754467201,408,0,0
1754451990_A..S43R,022650_A..S43R,A,1,1754451990,1A 0346+ EUC/LEF,1754467246,1754467261,412,0,0
1754452170_A..S74R,022950_A..S74R,A,1,1754452170,1A 0349+ 207/FAR,1754470790,,981,0,0
1754452200_E..N05R,023000_E..N05R,E,0,1754452200,1E 0350 WTC/P-A,1754470294,1754470308,879,0,0
1754452800_A..N43R,024000_A..N43R,A,0,1754452800,1A 0400 LEF/EUC,1754467771,1754467787,428,0,0
1754366400_F..N,024000_F..N,F,0,1754366400,1F 0400 STL/179,1754386794,1754386805,1191,0,0
1754366520_M..S30R,024200_M..S30R,M,1,1754366520,1M 0402 MYR/MET,1754381673,1754381685,543,0,0
1754366640_M..N30R,024400_M..N30R,M,0,1754366640,1M 0404 MET/MYR,1754381944,1754381955,563,0,0
1754366730_D..S05R,024550_D..S05R,D,1,1754366730,1D 0405+ 205/STL,1754388205,1754388217,1334,0,0
1754366970_FS.N01R,024950_FS.N01R,FS,0,1754366970,1FS 0409+ PPK/FKN,1754391659,1754391671,1701,0,0
1754367390_D..N05R,025650_D..N05R,D,0,1754367390,1D 0416+ STL/205,1754387049,1754387061,1093,0,0
1754367540_F..S20X001,025900_F..S20X001,F,1,1754367540,1F 0419 179/STL,1754388037,1754388040,1204,0,0
1754367600_F..N,026000_F..N,F,0,1754367600,1F 0420 STL/179,1754388325,1754388337,1235,0,0
1754367600_FS.S01R,026000_FS.S01R,FS,1,1754367600,1FS 0420 FKN/PPK,1754382424,1754382436,498,0,0
1754367720_M..S30R,026200_M..S30R,M,1,1754367720,1M 0422 MYR/MET,1754383547,1754383550,632,0,0
1754367840_M..N30R,026400_M..N30R,M,0,1754367840,1M 0424 MET/MYR,1754383055,1754383066,551,0,0
1754367930_D..S05R,026550_D..S05R,D,1,1754367930,1D 0425+ 205/STL,1754388221,1754388232,1177,0,0
1754368170_FS.N01R,026950_FS.N01R,FS,0,1754368170,1FS 0429+ PPK/FKN,1754391659,1754391671,1542,0,0
1754368590_D..N05R,027650_D..N05R,D,0,1754368590,1D 0436+ STL/205,1754388491,1754388502,1125,0,0
1754368740_F..S20X001,027900_F..S20X001,F,1,1754368740,1F 0439 179/STL,1754389707,1754389718,1267,0,0
1754368800_FS.S01R,028000_FS.S01R,FS,1,1754368800,1FS 0440 FKN/PPK,1754384031,1754384042,553,0,0
1754368920_M..S30R,028200_M..S30R,M,1,1754368920,1M 0442 MYR/MET,1754384211,1754384223,561,0,0
1754369010_F..N,028350_F..N,F,0,1754369010,1F 0443+ STL/179,1754393911,1754393923,1353,0,0
1754369040_M..N30R,028400_M..N30R,M,0,1754369040,1M 0444 MET/MYR,1754384166,1754384177,539,0,0
1754369370_D..S05R,028950_D..S05R,D,1,1754369370,1D 0449+ BPK/STL,1754389196,1754389208,792,0,0
1754369370_FS.N01R,028950_FS.N01R,FS,0,1754369370,1FS 0449+ PPK/FKN,1754391659,1754391671,1382,0,0
1754369790_D..N05R,029650_D..N05R,D,0,1754369790,1D 0456+ STL/205,1754389677,1754389688,1123,0,0
1754370000_FS.S01R,030000_FS.S01R,FS,1,1754370000,1FS 0500 FKN/PPK,1754386028,1754386043,621,0,0
1754370060_F..S74X001,030100_F..S74X001,F,1,1754370060,1F 0501 179/STL,1754390458,1754390473,1159,0,0
1754370120_M..S30R,030200_M..S30R,M,1,1754370120,1M 0502 MYR/MET,1754385262,1754385274,544,0,0
1754370210_D..S05R,030350_D..S05R,D,1,1754370210,1D 0503+ 205/STL,1754385502,1754385517,565,0,0
1754370240_M..N30R,030400_M..N30R,M,0,1754370240,1M 0504 MET/MYR,1754385367,1754385379,548,0,0
1754370420_F..N,030700_F..N,F,0,1754370420,1F 0507 STL/179,1754390668,1754390683,1147,0,0
1754370450_D..S05R,030750_D..S05R,D,1,1754370450,1D 0507+ BPK/STL,1754390067,1754390082,556,0,0
1754370570_FS.N01R,030950_FS.N01R,FS,0,1754370570,1FS 0509+ PPK/FKN,1754391671,1754391674,1244,0,0
1754370630_D..N05R,031050_D..N05R,D,0,1754370630,1D 0510+ STL/205,1754390232,1754390248,1103,0,0
1754370840_M..N,031400_M..N,M,0,1754370840,1M 0514 MET/CTL,1754389271,1754389283,967,0,0
1754370990_F..S74X001,031650_F..S74X001,F,1,1754370990,1F 0516+ 179/STL,1754391058,1754391070,1125,1,1
1754371020_D..S05R,031700_D..S05R,D,1,1754371020,1D 0517 205/STL,1754390773,1754390788,1091,0,0
1754371080_F..N,031800_F..N,F,0,1754371080,1F 0518 STL/179,1754391028,1754391040,1109,0,0
1754371320_M..S30R,032200_M..S30R,M,1,1754371320,1M 0522 MYR/MET,1754386475,1754386478,531,0,0
1754371350_D..N05R,032250_D..N05R,D,0,1754371350,1D 0522+ STL/205,1754391190,1754391193,1094,0,0
1754371440_M..N30R,032400_M..N30R,M,0,1754371440,1M 0524 MET/MYR,1754386538,1754386550,524,0,0
1754371440_M..S20R,032400_M..S20R,M,1,1754371440,1M 0524 CTL/MET,1754390278,1754390292,1001,0,0
1754371560_B..S65R,032600_B..S65R,B,1,1754371560,1B 0526 BPK/BBC,1754390503,1754390518,1000,0,0
1754371590_F..S74X001,032650_F..S74X001,F,1,1754371590,1F 0526+ 179/STL,1754391944,1754391956,1163,0,0
1754371620_M..N,032700_M..N,M,0,1754371620,1M 0527 MET/CTL,1754390518,1754390533,993,0,0
1754371740_F..N,032900_F..N,F,0,1754371740,1F 0529 STL/179,1754391671,1754391674,1106,0,0
1754371770_FS.N01R,032950_FS.N01R,FS,0,1754371770,1FS 0529+ PPK/FKN,1754391674,1754391686,1103,0,0
1754372010_M..S20R,033350_M..S20R,M,1,1754372010,1M 0533+ CTL/MET,1754390518,1754390533,941,0,0
1754372040_B..S65R,033400_B..S65R,B,1,1754372040,1B 0534 BPK/BBC,1754391253,1754391265,1002,0,0
1754372070_D..N05R,033450_D..N05R,D,0,1754372070,1D 0534+ STL/205,1754392064,1754392076,1115,0,0
1754372100_D..S05R,033500_D..S05R,D,1,1754372100,1D 0535 205/STL,1754388055,1754388067,638,0,0
1754372220_F..S74X001,033700_F..S74X001,F,1,1754372220,1F 0537 179/STL,1754392154,1754392166,1107,0,0
1754372340_D..S05R,033900_D..S05R,D,1,1754372340,1D 0539 BPK/STL,1754392331,1754392335,508,0,0
1754372370_M..N,033950_M..N,M,0,1754372370,1M 0539+ MET/CTL,1754390968,1754390980,929,0,0
1754372400_FS.S01R,034000_FS.S01R,FS,1,1754372400,1FS 0540 FKN/PPK,1754390443,1754390458,884,0,0
1754372460_F..N,034100_F..N,F,0,1754372460,1F 0541 STL/179,1754392320,1754392331,1097,0,0
1754372520_M..S30R,034200_M..S30R,M,1,1754372520,1M 0542 MYR/MET,1754387740,1754387751,540,0,0
1754372640_M..N30R,034400_M..N30R,M,0,1754372640,1M 0544 MET/MYR,1754387755,1754387766,526,0,0
1754372640_M..S20R,034400_M..S20R,M,1,1754372640,1M 0544 CTL/MET,1754390773,1754390788,875,0,0
1754372730_D..N07R,034550_D..N07R,D,0,1754372730,1D 0545+ STL/205,1754392511,1754392515,1086,0,0
1754372760_F..S74X001,034600_F..S74X001,F,1,1754372760,1F 0546 179/STL,1754392771,1754392782,1117,0,0
1754372820_D..S05R,034700_D..S05R,D,1,1754372820,1D 0547 205/STL,1754388082,1754388085,545,0,0
1754372970_FS.N01R,034950_FS.N01R,FS,0,1754372970,1FS 0549+ PPK/FKN,1754391674,1754391686,687,0,0
1754373060_D..S05R,035100_D..S05R,D,1,1754373060,1D 0551 BPK/STL,1754393085,1754393097,606,3,3
1754373090_M..N,035150_M..N,M,0,1754373090,1M 0551+ MET/CTL,1754391554,1754391566,911,0,0
1754373180_F..N,035300_F..N,F,0,1754373180,1F 0553 STL/179,1754392995,1754393007,1091,0,0
1754373180_F..S74X001,035300_F..S74X001,F,1,1754373180,1F 0553 179/STL,1754393085,1754393097,1103,0,0
1754373180_M..S20R,035300_M..S20R,M,1,1754373180,1M 0553 CTL/MET,1754391449,1754391460,885,0,0
1754373300_B..S65R,035500_B..S65R,B,1,1754373300,1B 0555 BPK/BBC,1754392560,1754392572,1017,0,0
1754373330_D..N07R,035550_D..N07R,D,0,1754373330,1D 0555+ STL/205,1754393175,1754393187,1095,0,0
1754373420_B..N65R,035700_B..N65R,B,0,1754373420,1B 0557 BBC/BPK,1754392875,1754392887,1043,0,0
1754373480_D..S05R,035800_D..S05R,D,1,1754373480,1D 0558 205/STL,1754393818,1754393821,1160,0,0
1754373600_F..S74X001,036000_F..S74X001,F,1,1754373600,1F 0600 179/STL,1754393472,1754393476,1098,0,0
1754373720_M..S30R,036200_M..S30R,M,1,1754373720,1M 0602 MYR/MET,1754388803,1754388806,521,0,0
1754373750_F..N,036250_F..N,F,0,1754373750,1F 0602+ STL/179,1754393416,1754393427,1071,0,0
1754373780_M..N,036300_M..N,M,0,1754373780,1M 0603 MET/CTL,1754392380,1754392391,929,0,0
1754373810_M..S20R,036350_M..S20R,M,1,1754373810,1M 0603+ CTL/MET,1754392091,1754392094,886,0,0
1754373870_FS.N01R,036450_FS.N01R,FS,0,1754373870,1FS 0604+ PPK/FKN,1754391689,1754391701,688,0,0
1754373900_D..N07R,036500_D..N07R,D,0,1754373900,1D 0605 STL/205,1754394107,1754394118,1143,0,0
1754373960_B..S65R,036600_B..S65R,B,1,1754373960,1B 0606 BPK/BBC,1754393356,1754393367,1035,0,0
1754374020_B..N65R,036700_B..N65R,B,0,1754374020,1B 0607 BBC/BPK,1754393221,1754393232,1009,0,0
1754374200_F..S74X001,037000_F..S74X001,F,1,1754374200,1F 0610 179/STL,1754393878,1754393881,743,0,0
1754374230_F..N,037050_F..N,F,0,1754374230,1F 0610+ STL/179,1754394302,1754394313,1125,0,0
1754374410_D..N07R,037350_D..N07R,D,0,1754374410,1D 0613+ STL/205,1754394467,1754394479,1123,0,0
1754374470_M..S20R,037450_M..S20R,M,1,1754374470,1M 0614+ CTL/MET,1754392692,1754392695,879,0,0
1754374500_B..S65R,037500_B..S65R,B,1,1754374500,1B 0615 BPK/BBC,1754394107,1754394118,1064,0,0
1754374500_D..S14R,037500_D..S14R,D,1,1754374500,1D 0615 205/STL,1754388956,1754388968,439,0,0
1754374500_M..N,037500_M..N,M,0,1754374500,1M 0615 MET/CTL,1754393070,1754393082,926,0,0
1754374620_B..N65R,037700_B..N65R,B,0,1754374620,1B 0617 BBC/BPK,1754394599,1754394602,1114,0,0
1754374740_D..S14R,037900_D..S14R,D,1,1754374740,1D 0619 BPK/STL,1754394512,1754394523,679,0,0
1754374770_FS.N01R,037950_FS.N01R,FS,0,1754374770,1FS 0619+ PPK/FKN,1754391689,1754391701,681,0,0
1754374800_F..S74X001,038000_F..S74X001,F,1,1754374800,1F 0620 179/STL,1754394767,1754394782,1115,0,0
1754374950_D..N07R,038250_D..N07R,D,0,1754374950,1D 0622+ STL/205,1754394903,1754394917,1114,0,0
1754374950_F..N,038250_F..N,F,0,1754374950,1F 0622+ AVX/179,1754394797,1754394812,1107,0,0
1754374980_F..N,038300_F..N,F,0,1754374980,1F 0623 STL/179,1754395319,1754395323,1140,0,0
1754375010_D..S14R,038350_D..S14R,D,1,1754375010,1D 0623+ 205/STL,1754394962,1754394977,1114,0,0
1754375040_M..N,038400_M..N,M,0,1754375040,1M 0624 MET/CTL,1754393896,1754393908,989,0,0
1754375100_B..S65R,038500_B..S65R,B,1,1754375100,1B 0625 BPK/BBC,1754394359,1754394362,1046,0,0
1754375130_M..S20R,038550_M..S20R,M,1,1754375130,1M 0625+ CTL/MET,1754393356,1754393367,911,0,0
1754375160_F..S04X015,038600_F..S04X015,F,1,1754375160,1F 0626 179/CHU,1754393626,1754393638,944,0,0
1754375220_B..N65R,038700_B..N65R,B,0,1754375220,1B 0627 BBC/BPK,1754394587,1754394599,1068,0,0
1754375430_F..S74X001,039050_F..S74X001,F,1,1754375430,1F 0630+ 179/STL,1754395248,1754395263,1102,0,0
1754375460_FS.N01R,039100_FS.N01R,FS,0,1754375460,1FS 0631 PPK/FKN,1754391704,1754391716,665,0,0
1754375520_D..N07R,039200_D..N07R,D,0,1754375520,1D 0632 STL/205,1754395488,1754395503,1109,0,0
1754375640_D..S14R,039400_D..S14R,D,1,1754375640,1D 0634 BPK/STL,1754395203,1754395218,621,0,0
1754375670_M..N,039450_M..N,M,0,1754375670,1M 0634+ MET/CTL,1754394377,1754394388,993,0,0
1754375700_B..S65R,039500_B..S65R,B,1,1754375700,1B 0635 BPK/BBC,1754395007,1754395022,1050,0,0
1754375700_F..N,039500_F..N,F,0,1754375700,1F 0635 AVX/179,1754395593,1754395605,1092,0,0
1754375730_F..N,039550_F..N,F,0,1754375730,1F 0635+ STL/179,1754395878,1754395890,1119,0,0
1754375730_M..S20R,039550_M..S20R,M,1,1754375730,1M 0635+ CTL/MET,1754394167,1754394178,957,0,0
1754375760_B..N65R,039600_B..N65R,B,0,1754375760,1B 0636 BBC/BPK,1754395263,1754395278,1060,0,0
1754375790_F..S73X001,039650_F..S73X001,F,1,1754375790,1F 0636+ 179/KHY,1754395668,1754395683,1087,0,0
1754375820_D..S14R,039700_D..S14R,D,1,1754375820,1D 0637 205/STL,1754396314,1754396325,1165,0,0
1754376000_D..N07R,040000_D..N07R,D,0,1754376000,1D 0640 STL/205,1754396494,1754396506,1165,0,0
1754376030_F..S74X001,040050_F..S74X001,F,1,1754376030,1F 0640+ 179/STL,1754396205,1754396209,1122,0,0
1754376060_FS.N01R,040100_FS.N01R,FS,0,1754376060,1FS 0641 PPK/FKN,1754391704,1754391716,585,0,0
1754376090_FS.S01R,040150_FS.S01R,FS,1,1754376090,1FS 0641+ FKN/PPK,1754391025,1754391028,490,0,0
1754376210_B..N65R,040350_B..N65R,B,0,1754376210,1B 0643+ BBC/BPK,1754396088,1754396100,1083,0,0
1754376240_M..N,040400_M..N,M,0,1754376240,1M 0644 MET/CTL,1754394917,1754394932,973,0,0
1754376300_B..S65R,040500_B..S65R,B,1,1754376300,1B 0645 BPK/BBC,1754395665,1754395668,1018,0,0
1754376300_M..S20R,040500_M..S20R,M,1,1754376300,1M 0645 CTL/MET,1754394903,1754394917,964,0,0
1754376330_F..S73X001,040550_F..S73X001,F,1,1754376330,1F 0645+ 179/KHY,1754396179,1754396190,1079,0,0
1754376480_F..N,040800_F..N,F,0,1754376480,1F 0648 AVX/179,1754396239,1754396250,1067,0,0
1754376510_F..N,040850_F..N,F,0,1754376510,1F 0648+ STL/179,1754396644,1754396656,1117,0,0
1754376570_D..N07R,040950_D..N07R,D,0,1754376570,1D 0649+ STL/205,1754396764,1754396776,1125,0,0
1754376600_D..S14R,041000_D..S14R,D,1,1754376600,1D 0650 BPK/STL,1754396314,1754396325,667,0,0
1754376660_B..N65R,041100_B..N65R,B,0,1754376660,1B 0651 BBC/BPK,1754396629,1754396641,1095,0,0
1754376660_F..S74X001,041100_F..S74X001,F,1,1754376660,1F 0651 179/STL,1754396779,1754396791,1115,0,0
1754376660_FS.N01R,041100_FS.N01R,FS,0,1754376660,1FS 0651 PPK/FKN,1754391719,1754391731,507,0,0
1754376690_FS.S01R,041150_FS.S01R,FS,1,1754376690,1FS 0651+ FKN/PPK,1754391584,1754391595,485,0,0
1754376870_M..N,041450_M..N,M,0,1754376870,1M 0654+ MET/CTL,1754395458,1754395473,927,0,0
1754376900_B..S65R,041500_B..S65R,B,1,1754376900,1B 0655 BPK/BBC,1754396479,1754396491,1043,0,0
1754376900_D..S14R,041500_D..S14R,D,1,1754376900,1D 0655 205/STL,1754396839,1754396851,1091,0,0
1754376900_F..S74X001,041500_F..S74X001,F,1,1754376900,1F 0655 179/STL,1754397034,1754397046,1095,0,0
1754376930_M..S20R,041550_M..S20R,M,1,1754376930,1M 0655+ CTL/MET,1754395518,1754395533,923,0,0
1754377020_D..N07R,041700_D..N07R,D,0,1754377020,1D 0657 STL/205,1754397226,1754397230,1126,0,0
1754377140_B..N65R,041900_B..N65R,B,0,1754377140,1B 0659 BBC/BPK,1754396989,1754397002,1079,0,0
1754377140_F..N,041900_F..N,F,0,1754377140,1F 0659 STL/179,1754397440,1754397452,1139,0,0
1754377200_F..S73X001,042000_F..S73X001,F,1,1754377200,1F 0700 179/KHY,1754396779,1754396791,1043,0,0
1754377260_FS.N01R,042100_FS.N01R,FS,0,1754377260,1FS 0701 PPK/FKN,1754392229,1754392241,495,0,0
1754377290_FS.S01R,042150_FS.S01R,FS,1,1754377290,1FS 0701+ FKN/PPK,1754392169,1754392181,483,0,0
1754377380_M..N,042300_M..N,M,0,1754377380,1M 0703 MET/CTL,1754395968,1754395980,911,0,0
1754377410_M..S20R,042350_M..S20R,M,1,1754377410,1M 0703+ CTL/MET,1754396013,1754396025,913,0,0
1754377500_B..S65R,042500_B..S65R,B,1,1754377500,1B 0705 BPK/BBC,1754397170,1754397182,1055,0,0
1754377500_D..S14R,042500_D..S14R,D,1,1754377500,1D 0705 205/STL,1754391944,1754391956,425,0,0
1754377500_F..S74X001,042500_F..S74X001,F,1,1754377500,1F 0705 179/STL,1754397665,1754397677,1121,0,0
1754377620_B..N65R,042700_B..N65R,B,0,1754377620,1B 0707 BBC/BPK,1754397827,1754397831,1126,0,0
1754377650_F..N,042750_F..N,F,0,1754377650,1F 0707+ STL/179,1754397890,1754397902,1131,0,0
1754377740_D..N08X009,042900_D..N08X009,D,0,1754377740,1D 0709 25A/205,1754397527,1754397530,1070,0,0
1754377740_F..N,042900_F..N,F,0,1754377740,1F 0709 AVX/179,1754397785,1754397797,1105,0,0
1754377770_D..N07R,042950_D..N07R,D,0,1754377770,1D 0709+ STL/205,1754398040,1754398052,1135,0,0
1754377800_D..S14R,043000_D..S14R,D,1,1754377800,1D 0710 BPK/STL,1754397395,1754397407,660,0,0
1754377800_F..S73X001,043000_F..S73X001,F,1,1754377800,1F 0710 179/KHY,1754397395,1754397407,1045,0,0
1754377830_M..S20R,043050_M..S20R,M,1,1754377830,1M 0710+ CTL/MET,1754396806,1754396809,962,0,0
1754377860_FS.N01R,043100_FS.N01R,FS,0,1754377860,1FS 0711 PPK/FKN,1754394419,1754394422,706,0,0
1754377890_FS.S01R,043150_FS.S01R,FS,1,1754377890,1FS 0711+ FKN/PPK,1754394407,1754394419,701,0,0
1754377950_M..N,043250_M..N,M,0,1754377950,1M 0712+ MET/CTL,1754396389,1754396401,891,0,0
1754378040_B..S65R,043400_B..S65R,B,1,1754378040,1B 0714 BPK/BBC,1754397887,1754397890,1071,0,0
1754378070_D..S14R,043450_D..S14R,D,1,1754378070,1D 0714+ 205/STL,1754392485,1754392496,421,0,0
1754378100_F..S74X001,043500_F..S74X001,F,1,1754378100,1F 0715 179/STL,1754398356,1754398368,1133,0,0
1754378220_B..N65R,043700_B..N65R,B,0,1754378220,1B 0717 BBC/BPK,1754397831,1754397842,632,0,0
1754378220_F..N,043700_F..N,F,0,1754378220,1F 0717 STL/179,1754399422,1754399434,1255,1,0
1754378280_F..N,043800_F..N,F,0,1754378280,1F 0718 AVX/179,1754399494,1754399497,1254,0,0
1754378280_M..S20R,043800_M..S20R,M,1,1754378280,1M 0718 CTL/MET,1754397185,1754397196,953,0,0
1754378370_D..S14R,043950_D..S14R,D,1,1754378370,1D 0719+ BPK/STL,1754398548,1754398551,741,0,0
1754378400_F..S73X001,044000_F..S73X001,F,1,1754378400,1F 0720 179/KHY,1754397947,1754397950,1038,0,0
1754378460_FS.N01R,044100_FS.N01R,FS,0,1754378460,1FS 0721 PPK/FKN,1754394512,1754394523,639,0,0
1754378490_FS.S01R,044150_FS.S01R,FS,1,1754378490,1FS 0721+ FKN/PPK,1754394419,1754394422,622,0,0
1754378520_D..N07R,044200_D..N07R,D,0,1754378520,1D 0722 STL/205,1754398728,1754398731,1126,0,0
1754378550_D..N08X009,044250_D..N08X009,D,0,1754378550,1D 0722+ 25A/205,1754398401,1754398413,1079,0,0
1754378580_M..N,044300_M..N,M,0,1754378580,1M 0723 MET/CTL,1754397226,1754397230,918,0,0
1754378610_F..N,044350_F..N,F,0,1754378610,1F 0723+ STL/179,1754399602,1754399617,1219,1,0
1754378640_B..S65R,044400_B..S65R,B,1,1754378640,1B 0724 BPK/BBC,1754398146,1754398157,1033,0,0
1754378700_F..S74X001,044500_F..S74X001,F,1,1754378700,1F 0725 179/STL,1754398852,1754398863,1119,0,0
1754378730_M..S20R,044550_M..S20R,M,1,1754378730,1M 0725+ CTL/MET,1754397467,1754397470,930,0,0
1754378850_B..N65R,044750_B..N65R,B,0,1754378850,1B 0727+ BBC/BPK,1754398446,1754398458,864,0,0
1754378910_F..N,044850_F..N,F,0,1754378910,1F 0728+ STL/179,1754400248,1754400263,1222,0,0
1754378940_D..S14R,044900_D..S14R,D,1,1754378940,1D 0729 BPK/STL,1754398566,1754398578,672,0,0
1754379000_F..S73X001,045000_F..S73X001,F,1,1754379000,1F 0730 179/KHY,1754398581,1754398593,1043,0,0
1754379060_FS.N01R,045100_FS.N01R,FS,0,1754379060,1FS 0731 PPK/FKN,1754394527,1754394539,557,0,0
1754379060_M..N,045100_M..N,M,0,1754379060,1M 0731 MET/CTL,1754397875,1754397887,942,0,0
1754379090_FS.S01R,045150_FS.S01R,FS,1,1754379090,1FS 0731+ FKN/PPK,1754394527,1754394539,556,0,0
1754379120_M..S20R,045200_M..S20R,M,1,1754379120,1M 0732 CTL/MET,1754397935,1754397947,943,0,0
1754379210_B..N65R,045350_B..N65R,B,0,1754379210,1B 0733+ BBC/BPK,1754398908,1754398912,880,0,0
1754379210_B..S65R,045350_B..S65R,B,1,1754379210,1B 0733+ BPK/BBC,1754398368,1754398371,989,0,0
1754379210_D..N07R,045350_D..N07R,D,0,1754379210,1D 0733+ STL/205,1754399662,1754399677,1146,0,0
1754379210_D..N08X009,045350_D..N08X009,D,0,1754379210,1D 0733+ 25A/205,1754399208,1754399212,1100,0,0
1754379210_D..S14R,045350_D..S14R,D,1,1754379210,1D 0733+ 205/STL,1754399662,1754399677,1146,0,0
1754379270_F..N,045450_F..N,F,0,1754379270,1F 0734+ STL/179,1754400575,1754400578,1206,0,0
1754379300_F..S74X001,045500_F..S74X001,F,1,1754379300,1F 0735 179/STL,1754399254,1754399257,1100,0,0
1754379420_M..S20R,045700_M..S20R,M,1,1754379420,1M 0737 CTL/MET,1754398086,1754398097,938,0,0
1754379570_B..N65R,045950_B..N65R,B,0,1754379570,1B 0739+ BBC/BPK,1754399587,1754399602,936,0,0
1754379600_F..S74X001,046000_F..S74X001,F,1,1754379600,1F 0740 179/STL,1754399842,1754399858,1132,0,0
1754379660_FS.N01R,046100_FS.N01R,FS,0,1754379660,1FS 0741 PPK/FKN,1754394539,1754394542,515,0,0
1754379660_M..N,046100_M..N,M,0,1754379660,1M 0741 MET/CTL,1754398070,1754398082,920,0,0
1754379690_FS.S01R,046150_FS.S01R,FS,1,1754379690,1FS 0741+ FKN/PPK,1754394539,1754394542,513,0,0
1754379780_D..S14R,046300_D..S14R,D,1,1754379780,1D 0743 205/STL,1754394197,1754394208,462,0,0
1754379780_M..S20R,046300_M..S20R,M,1,1754379780,1M 0743 CTL/MET,1754398476,1754398488,966,0,0
1754379810_B..S65R,046350_B..S65R,B,1,1754379810,1B 0743+ BPK/BBC,1754398987,1754398998,1032,0,0
1754379810_F..N,046350_F..N,F,0,1754379810,1F 0743+ STL/179,1754401115,1754401119,1239,0,0
1754379900_F..S73X001,046500_F..S73X001,F,1,1754379900,1F 0745 179/KHY,1754399542,1754399557,1092,0,0
1754379960_B..N65R,046600_B..N65R,B,0,1754379960,1B 0746 BBC/BPK,1754401434,1754401446,1089,0,0
1754379960_D..N07R,046600_D..N07R,D,0,1754379960,1D 0746 STL/205,1754400908,1754400920,1202,0,0
1754380020_D..N08X009,046700_D..N08X009,D,0,1754380020,1D 0747 25A/205,1754400515,1754400518,1149,1,0
1754380080_M..N,046800_M..N,M,0,1754380080,1M 0748 MET/CTL,1754398896,1754398908,999,0,0
1754380110_D..S14R,046850_D..S14R,D,1,1754380110,1D 0748+ BPK/STL,1754399647,1754399662,645,0,0
1754380170_F..N,046950_F..N,F,0,1754380170,1F 0749+ STL/179,1754401749,1754401761,1294,0,0
1754380200_F..S74X001,047000_F..S74X001,F,1,1754380200,1F 0750 179/STL,1754400158,1754400173,1105,0,0
1754380260_D..S14R,047100_D..S14R,D,1,1754380260,1D 0751 205/STL,1754394932,1754394948,499,0,0
1754380260_FS.N01R,047100_FS.N01R,FS,0,1754380260,1FS 0751 PPK/FKN,1754398131,1754398142,876,0,0
1754380290_FS.S01R,047150_FS.S01R,FS,1,1754380290,1FS 0751+ FKN/PPK,1754398131,1754398142,872,0,0
1754380320_B..N60R,047200_B..N60R,B,0,1754380320,1B 0752 BBC/KGB,1754400638,1754400650,1126,1,0
1754380320_D..N07R,047200_D..N07R,D,0,1754380320,1D 0752 STL/205,1754401536,1754401540,1245,0,0
1754380350_M..S20R,047250_M..S20R,M,1,1754380350,1M 0752+ CTL/MET,1754399587,1754399602,1047,1,0
1754380380_M..N,047300_M..N,M,0,1754380380,1M 0753 MET/CTL,1754399272,1754399287,1010,0,0
1754380410_B..S65R,047350_B..S65R,B,1,1754380410,1B 0753+ BPK/BBC,1754399647,1754399662,1043,0,0
1754380500_F..S74X001,047500_F..S74X001,F,1,1754380500,1F 0755 179/STL,1754400728,1754400740,1114,0,0
1754380530_F..N,047550_F..N,F,0,1754380530,1F 0755+ STL/179,1754401941,1754401945,1271,0,0
1754380590_D..S14R,047650_D..S14R,D,1,1754380590,1D 0756+ BPK/STL,1754400128,1754400143,596,0,0
1754380650_D..N07R,047750_D..N07R,D,0,1754380650,1D 0757+ STL/205,1754401734,1754401746,1228,1,0
1754380680_B..N60R,047800_B..N60R,B,0,1754380680,1B 0758 BBC/KGB,1754400863,1754400875,1108,0,0
1754380800_F..N,048000_F..N,F,0,1754380800,1F 0800 CHU/179,1754400863,1754400875,1092,0,0
1754380800_F..S73X001,048000_F..S73X001,F,1,1754380800,1F 0800 179/KHY,1754400203,1754400218,1028,0,0
1754380830_M..S20R,048050_M..S20R,M,1,1754380830,1M 0800+ CTL/MET,1754400158,1754400173,1021,0,0
1754380860_FS.N01R,048100_FS.N01R,FS,0,1754380860,1FS 0801 PPK/FKN,1754398146,1754398157,798,0,0
1754380890_B..S65R,048150_B..S65R,B,1,1754380890,1B 0801+ BPK/BBC,1754400488,1754400503,1036,0,0
1754380980_M..N,048300_M..N,M,0,1754380980,1M 0803 MET/CTL,1754400038,1754400053,993,0,0
1754381040_B..N65R,048400_B..N65R,B,0,1754381040,1B 0804 BBC/BPK,1754401975,1754401986,1208,0,0
1754381100_D..S14R,048500_D..S14R,D,1,1754381100,1D 0805 BPK/STL,1754401224,1754401236,696,0,0
1754381100_F..S74X001,048500_F..S74X001,F,1,1754381100,1F 0805 179/STL,1754401194,1754401206,1096,0,0
1754381160_D..N07R,048600_D..N07R,D,0,1754381160,1D 0806 STL/205,1754402620,1754402632,1278,0,0
1754381160_M..S20R,048600_M..S20R,M,1,1754381160,1M 0806 CTL/MET,1754399827,1754399842,955,1,1
1754381190_F..N,048650_F..N,F,0,1754381190,1F 0806+ STL/179,1754402546,1754402557,1264,0,0
1754381400_B..N60R,049000_B..N60R,B,0,1754381400,1B 0810 BBC/BPK,1754402320,1754402332,1180,1,0
1754381400_F..S74X001,049000_F..S74X001,F,1,1754381400,1F 0810 179/STL,1754401839,1754401851,1142,0,0
1754381490_D..S78R,049150_D..S78R,D,1,1754381490,1D 0811+ BPK/STL,1754401224,1754401236,1048,0,0
1754381490_F..N,049150_F..N,F,0,1754381490,1F 0811+ KHY/179,1754402242,1754402245,1183,0,0
1754381490_M..N,049150_M..N,M,0,1754381490,1M 0811+ MET/CTL,1754400788,1754400800,990,0,0
1754381550_M..S20R,049250_M..S20R,M,1,1754381550,1M 0812+ CTL/MET,1754400515,1754400518,950,0,0
1754381670_D..N07R,049450_D..N07R,D,0,1754381670,1D 0814+ STL/BPK,1754403131,1754403143,1279,0,0
1754381700_F..S74X001,049500_F..S74X001,F,1,1754381700,1F 0815 179/STL,1754402170,1754402182,1147,0,0
1754381760_D..S14R,049600_D..S14R,D,1,1754381760,1D 0816 BPK/STL,1754402061,1754402065,750,0,0
1754381850_F..N,049750_F..N,F,0,1754381850,1F 0817+ STL/179,1754403221,1754403232,1267,0,0
1754381850_M..N,049750_M..N,M,0,1754381850,1M 0817+ MET/CTL,1754401074,1754401085,980,0,0
1754381880_B..N66R,049800_B..N66R,B,0,1754381880,1B 0818 BBC/145,1754401104,1754401115,981,0,0
1754381940_B..S65R,049900_B..S65R,B,1,1754381940,1B 0819 BPK/BBC,1754401540,1754401551,1031,0,0
1754381940_D..S14R,049900_D..S14R,D,1,1754381940,1D 0819 205/STL,1754396344,1754396356,415,0,0
1754381970_F..S74X001,049950_F..S74X001,F,1,1754381970,1F 0819+ 179/STL,1754403011,1754403022,1223,0,0
1754381970_M..S20R,049950_M..S20R,M,1,1754381970,1M 0819+ CTL/MET,1754400815,1754400818,930,0,0
1754382090_FS.S01R,050150_FS.S01R,FS,1,1754382090,1FS 0821+ FKN/PPK,1754398146,1754398157,634,0,0
1754382180_D..N07R,050300_D..N07R,D,0,1754382180,1D 0823 STL/205,1754403371,1754403383,1243,0,0
1754382180_F..N,050300_F..N,F,0,1754382180,1F 0823 KHY/179,1754402891,1754402902,1179,0,0
1754382180_M..N,050300_M..N,M,0,1754382180,1M 0823 MET/CTL,1754401659,1754401671,1015,0,0
1754382270_D..S14R,050450_D..S14R,D,1,1754382270,1D 0824+ BPK/STL,1754402050,1754402061,684,1,1
1754382270_M..S20R,050450_M..S20R,M,1,1754382270,1M 0824+ CTL/MET,1754401115,1754401119,930,0,0
1754382300_F..S73X001,050500_F..S73X001,F,1,1754382300,1F 0825 179/KHY,1754402095,1754402106,1057,0,0
1754382360_B..N65R,050600_B..N65R,B,0,1754382360,1B 0826 BBC/KGB,1754402665,1754402677,1125,0,0
1754382450_F..N,050750_F..N,F,0,1754382450,1F 0827+ STL/179,1754403911,1754403923,1279,0,0
1754382450_M..N,050750_M..N,M,0,1754382450,1M 0827+ MET/CTL,1754401960,1754401971,1019,0,0
1754382540_B..S65R,050900_B..S65R,B,1,1754382540,1B 0829 BPK/BBC,1754402485,1754402497,1077,0,0
1754382660_B..S,051100_B..S,B,1,1754382660,EB 0831 BPK/BBC,1754402546,1754402557,676,0,0
1754382720_D..N07R,051200_D..N07R,D,0,1754382720,1D 0832 STL/205,1754403641,1754403653,1207,0,0
1754382750_B..N66R,051250_B..N66R,B,0,1754382750,1B 0832+ BBC/145,1754401461,1754401464,912,0,0
1754382750_M..S20R,051250_M..S20R,M,1,1754382750,1M 0832+ CTL/MET,1754401569,1754401581,927,0,0
1754382780_F..S74X001,051300_F..S74X001,F,1,1754382780,1F 0833 179/STL,1754403251,1754403263,1131,0,0
1754382810_D..S14R,051350_D..S14R,D,1,1754382810,1D 0833+ BPK/STL,1754402605,1754402617,680,0,0
1754382870_F..N,051450_F..N,F,0,1754382870,1F 0834+ KHY/179,1754403476,1754403488,1165,0,0
1754382870_M..N,051450_M..N,M,0,1754382870,1M 0834+ MET/CTL,1754402362,1754402365,1016,0,0
1754382930_B..S65R,051550_B..S65R,B,1,1754382930,1B 0835+ BPK/BBC,1754402966,1754402977,1089,0,0
1754383110_F..N,051850_F..N,F,0,1754383110,1F 0838+ STL/179,1754404527,1754404542,1265,0,0
1754383170_D..S14R,051950_D..S14R,D,1,1754383170,1D 0839+ BPK/STL,1754402951,1754402962,684,1,1
1754383200_D..N07R,052000_D..N07R,D,0,1754383200,1D 0840 STL/205,1754403836,1754403848,1169,0,0
1754383260_F..S74X001,052100_F..S74X001,F,1,1754383260,1F 0841 179/STL,1754403911,1754403923,1023,0,0
1754383290_B..N65R,052150_B..N65R,B,0,1754383290,1B 0841+ BBC/BPK,1754403506,1754403518,1113,0,0
1754383290_D..S14R,052150_D..S14R,D,1,1754383290,1D 0841+ 205/STL,1754397710,1754397722,417,0,0
1754383290_M..N,052150_M..N,M,0,1754383290,1M 0841+ MET/CTL,1754402575,1754402587,989,0,0
1754383290_M..S20R,052150_M..S20R,M,1,1754383290,1M 0841+ CTL/MET,1754402080,1754402091,923,0,0
1754383320_B..S65R,052200_B..S65R,B,1,1754383320,1B 0842 BPK/BBC,1754403101,1754403113,1055,0,0
1754383320_F..N,052200_F..N,F,0,1754383320,1F 0842 KHY/179,1754404002,1754404014,1175,0,0
1754383620_D..S14R,052700_D..S14R,D,1,1754383620,1D 0847 BPK/STL,1754403263,1754403266,663,0,0
1754383710_D..N07R,052850_D..N07R,D,0,1754383710,1D 0848+ STL/205,1754404104,1754404107,1136,0,0
1754383710_F..N,052850_F..N,F,0,1754383710,1F 0848+ STL/179,1754404948,1754404963,1213,0,0
1754383710_M..N,052850_M..N,M,0,1754383710,1M 0848+ MET/CTL,1754403236,1754403248,1019,1,1
1754383740_F..S73X001,052900_F..S73X001,F,1,1754383740,1F 0849 179/KHY,1754403836,1754403848,1012,0,0
1754383770_B..N66R,052950_B..N66R,B,0,1754383770,1B 0849+ BBC/145,1754402095,1754402106,861,0,0
1754383860_FS.N01R,053100_FS.N01R,FS,0,1754383860,1FS 0851 PPK/FKN,1754399329,1754399332,553,0,0
1754383890_FS.S01R,053150_FS.S01R,FS,1,1754383890,1FS 0851+ FKN/PPK,1754399329,1754399332,550,0,0
1754383890_M..S20R,053150_M..S20R,M,1,1754383890,1M 0851+ CTL/MET,1754402497,1754402500,899,0,0
1754384040_D..S14R,053400_D..S14R,D,1,1754384040,1D 0854 BPK/STL,1754403863,1754403867,695,0,0
1754384070_F..N,053450_F..N,F,0,1754384070,1F 0854+ KHY/179,1754404632,1754404647,1157,0,0
1754384100_D..S14R,053500_D..S14R,D,1,1754384100,1D 0855 205/STL,1754399107,1754399118,510,0,0
1754384130_B..N65R,053550_B..N65R,B,0,1754384130,1B 0855+ BBC/BPK,1754404317,1754404329,1125,0,0
1754384190_F..N,053650_F..N,F,0,1754384190,1F 0856+ STL/179,1754405158,1754405173,1184,0,0
1754384190_M..N,053650_M..N,M,0,1754384190,1M 0856+ MET/CTL,1754403521,1754403533,1016,0,0
1754384220_B..S65R,053700_B..S65R,B,1,1754384220,1B 0857 BPK/BBC,1754403641,1754403653,1030,0,0
1754384220_D..N07R,053700_D..N07R,D,0,1754384220,1D 0857 STL/205,1754404767,1754404783,1156,0,0
1754384220_F..S74X001,053700_F..S74X001,F,1,1754384220,1F 0857 179/STL,1754405038,1754405053,1174,0,0
1754384280_D..S07R,053800_D..S07R,D,1,1754384280,1D 0858 205/STL,1754399122,1754399133,500,0,0
1754384370_M..S20R,053950_M..S20R,M,1,1754384370,1M 0859+ CTL/MET,1754403131,1754403143,952,0,0
1754384430_D..S14R,054050_D..S14R,D,1,1754384430,1D 0900+ BPK/STL,1754404122,1754404134,592,0,0
1754384460_FS.N01R,054100_FS.N01R,FS,0,1754384460,1FS 0901 PPK/FKN,1754399332,1754399344,513,0,0
1754384490_FS.S01R,054150_FS.S01R,FS,1,1754384490,1FS 0901+ FKN/PPK,1754399332,1754399344,511,0,0
1754384610_D..S07R,054350_D..S07R,D,1,1754384610,1D 0903+ BPK/STL,1754404557,1754404572,1113,0,0
1754384640_F..N,054400_F..N,F,0,1754384640,1F 0904 STL/179,1754405503,1754405515,1182,0,0
1754384670_M..N,054450_M..N,M,0,1754384670,1M 0904+ MET/CTL,1754403701,1754403713,1006,0,0
1754384700_B..N66R,054500_B..N66R,B,0,1754384700,1B 0905 BBC/145,1754403131,1754403143,928,0,0
1754384700_F..S04X015,054500_F..S04X015,F,1,1754384700,1F 0905 179/CHU,1754404347,1754404359,808,0,0
1754384790_B..S65R,054650_B..S65R,B,1,1754384790,1B 0906+ BPK/BBC,1754404164,1754404167,1059,0,0
1754384820_D..N07R,054700_D..N07R,D,0,1754384820,1D 0907 STL/205,1754404978,1754404993,1127,0,0
1754384850_M..S20R,054750_M..S20R,M,1,1754384850,1M 0907+ CTL/MET,1754403443,1754403446,958,0,0
1754384940_D..S07R,054900_D..S07R,D,1,1754384940,1D 0909 BPK/STL,1754404753,1754404767,653,0,0
1754385000_D..S07R,055000_D..S07R,D,1,1754385000,1D 0910 205/STL,1754400353,1754400368,546,0,0
1754385060_FS.N01R,055100_FS.N01R,FS,0,1754385060,1FS 0911 PPK/FKN,1754400998,1754401010,609,0,0
1754385090_FS.S01R,055150_FS.S01R,FS,1,1754385090,1FS 0911+ FKN/PPK,1754400983,1754400995,603,0,0
1754385150_B..N65R,055250_B..N65R,B,0,1754385150,1B 0912+ BBC/BPK,1754404767,1754404783,1076,0,0
1754385150_M..N,055250_M..N,M,0,1754385150,1M 0912+ MET/CTL,1754404077,1754404088,1007,0,0
1754385180_F..S74X001,055300_F..S74X001,F,1,1754385180,1F 0913 179/STL,1754405951,1754405954,949,0,0
1754385240_F..N,055400_F..N,F,0,1754385240,1F 0914 STL/179,1754405984,1754405995,1184,0,0
1754385300_D..S07R,055500_D..S07R,D,1,1754385300,1D 0915 205/STL,1754400383,1754400395,508,0,0
1754385300_M..S20R,055500_M..S20R,M,1,1754385300,1M 0915 CTL/MET,1754403942,1754403953,969,0,0
1754385330_D..S07R,055550_D..S07R,D,1,1754385330,1D 0915+ BPK/STL,1754405158,1754405173,576,0,0
1754385390_D..N07R,055650_D..N07R,D,0,1754385390,1D 0916+ STL/205,1754405233,1754405248,1076,0,0
1754385630_B..N66R,056050_B..N66R,B,0,1754385630,1B 0920+ BBC/145,1754403821,1754403833,910,0,0
1754385630_D..S07R,056050_D..S07R,D,1,1754385630,1D 0920+ BPK/STL,1754405683,1754405695,628,0,0
1754385630_F..N,056050_F..N,F,0,1754385630,1F 0920+ STL/179,1754406164,1754406176,1157,0,0
1754385630_M..N,056050_M..N,M,0,1754385630,1M 0920+ MET/CTL,1754404572,1754404587,999,0,0
1754385660_F..S04X015,056100_F..S04X015,F,1,1754385660,1F 0921 179/STL,1754406539,1754406551,1023,2,0
1754385660_FS.N01R,056100_FS.N01R,FS,0,1754385660,1FS 0921 PPK/FKN,1754406029,1754406041,1134,0,0
1754385690_FS.S01R,056150_FS.S01R,FS,1,1754385690,1FS 0921+ FKN/PPK,1754401014,1754401025,527,0,0
1754385780_M..S20R,056300_M..S20R,M,1,1754385780,1M 0923 CTL/MET,1754404392,1754404407,964,0,0
1754385810_B..S65R,056350_B..S65R,B,1,1754385810,1B 0923+ BPK/BBC,1754405068,1754405083,1008,0,0
1754385810_D..S07R,056350_D..S07R,D,1,1754385810,1D 0923+ 205/STL,1754400338,1754400353,437,0,0
1754385990_D..N07R,056650_D..N07R,D,0,1754385990,1D 0926+ STL/205,1754405890,1754405894,1071,0,0
1754386110_M..N,056850_M..N,M,0,1754386110,1M 0928+ MET/CTL,1754404767,1754404783,948,0,0
1754386140_D..S07R,056900_D..S07R,D,1,1754386140,1D 0929 BPK/STL,1754406074,1754406086,684,0,0
1754386140_F..N,056900_F..N,F,0,1754386140,1F 0929 STL/179,1754406539,1754406551,1139,0,0
1754386140_F..S04X015,056900_F..S04X015,F,1,1754386140,1F 0929 179/CHU,1754404963,1754404978,685,0,0
1754386200_B..N65R,057000_B..N65R,B,0,1754386200,1B 0930 BBC/BPK,1754406074,1754406086,685,0,0
1754386230_D..S07R,057050_D..S07R,D,1,1754386230,1D 0930+ 205/STL,1754400863,1754400875,406,0,0
1754386260_FS.N01R,057100_FS.N01R,FS,0,1754386260,1FS 0931 PPK/FKN,1754406029,1754406041,1055,0,0
1754386290_FS.S01R,057150_FS.S01R,FS,1,1754386290,1FS 0931+ FKN/PPK,1754406029,1754406041,1051,0,0
1754386290_M..S20R,057150_M..S20R,M,1,1754386290,1M 0931+ CTL/MET,1754404963,1754404978,937,0,0
1754386320_B..S66R,057200_B..S66R,B,1,1754386320,1B 0932 145/BBC,1754404587,1754404602,908,0,0
1754386530_D..N07R,057550_D..N07R,D,0,1754386530,1D 0935+ STL/205,1754406912,1754406915,1136,0,0
1754386560_D..S07R,057600_D..S07R,D,1,1754386560,1D 0936 BPK/STL,1754407485,1754407497,817,0,0
1754386590_F..S73X001,057650_F..S73X001,F,1,1754386590,1F 0936+ 179/KHY,1754411795,1754411807,1364,0,0
1754386590_M..N,057650_M..N,M,0,1754386590,1M 0936+ MET/CTL,1754405713,1754405725,968,0,0
1754386620_F..N,057700_F..N,F,0,1754386620,1F 0937 STL/179,1754406945,1754406957,1129,0,0
1754386620_F..S73X001,057700_F..S73X001,F,1,1754386620,1F 0937 179/STL,1754402455,1754402467,336,1,0
1754386710_M..S20R,057850_M..S20R,M,1,1754386710,1M 0938+ CTL/MET,1754405951,1754405954,983,0,0
1754386770_B..S65R,057950_B..S65R,B,1,1754386770,1B 0939+ BPK/BBC,1754406389,1754406401,1035,0,0
1754386800_B..N66R,058000_B..N66R,B,0,1754386800,1B 0940 BBC/145,1754405128,1754405143,575,0,0
1754386890_FS.S01R,058150_FS.S01R,FS,1,1754386890,1FS 0941+ FKN/PPK,1754406029,1754406041,971,0,0
1754387040_D..N07R,058400_D..N07R,D,0,1754387040,1D 0944 STL/205,1754407155,1754407167,1101,0,0
1754387070_M..N,058450_M..N,M,0,1754387070,1M 0944+ MET/CTL,1754406254,1754406266,977,0,0
1754387100_D..S07R,058500_D..S07R,D,1,1754387100,1D 0945 BPK/STL,1754407470,1754407482,767,0,0
1754387100_F..S74X001,058500_F..S74X001,F,1,1754387100,1F 0945 179/STL,1754407978,1754407981,995,0,0
1754387250_F..N,058750_F..N,F,0,1754387250,1F 0947+ STL/179,1754407978,1754407981,866,0,0
1754387250_M..S20R,058750_M..S20R,M,1,1754387250,1M 0947+ CTL/MET,1754406089,1754406101,931,0,0
1754387340_B..S66R,058900_B..S66R,B,1,1754387340,1B 0949 145/BBC,1754405984,1754405995,904,0,0
1754387400_B..N65R,059000_B..N65R,B,0,1754387400,1B 0950 BBC/BPK,1754407152,1754407155,825,0,0
1754387460_D..N07R,059100_D..N07R,D,0,1754387460,1D 0951 STL/205,1754407606,1754407617,1105,0,0
1754387460_D..S07R,059100_D..S07R,D,1,1754387460,1D 0951 205/STL,1754401839,1754401851,32,0,0
1754387520_D..S07R,059200_D..S07R,D,1,1754387520,1D 0952 BPK/STL,1754407470,1754407482,685,0,0
1754387550_M..N,059250_M..N,M,0,1754387550,1M 0952+ MET/CTL,1754406491,1754406494,944,0,0
1754387580_F..S74X001,059300_F..S74X001,F,1,1754387580,1F 0953 179/STL,1754408251,1754408263,1175,0,0
1754387670_F..N,059450_F..N,F,0,1754387670,1F 0954+ STL/179,1754408518,1754408522,1198,0,0
1754387730_B..S65R,059550_B..S65R,B,1,1754387730,1B 0955+ BPK/BBC,1754407170,1754407182,1011,0,0
1754387730_D..S07R,059550_D..S07R,D,1,1754387730,1D 0955+ 205/STL,1754402155,1754402167,408,0,0
1754387730_M..S20R,059550_M..S20R,M,1,1754387730,1M 0955+ CTL/MET,1754406434,1754406446,913,0,0
1754387910_D..N07R,059850_D..N07R,D,0,1754387910,1D 0958+ STL/205,1754407786,1754407798,1069,0,0
1754387970_M..N,059950_M..N,M,0,1754387970,1M 0959+ MET/CTL,1754407395,1754407407,1009,0,0
1754388000_F..S04X015,060000_F..S04X015,F,1,1754388000,1F 1000 179/CHU,1754406764,1754406777,921,0,0
1754388030_B..N65R,060050_B..N65R,B,0,1754388030,1B 1000+ BBC/145,1754406419,1754406431,871,0,0
1754388060_D..S07R,060100_D..S07R,D,1,1754388060,1D 1001 BPK/STL,1754407921,1754407933,703,0,0
1754388180_M..S20R,060300_M..S20R,M,1,1754388180,1M 1003 CTL/MET,1754406852,1754406855,908,0,0
1754388300_B..S66R,060500_B..S66R,B,1,1754388300,1B 1005 145/BBC,1754406569,1754406581,855,0,0
1754388300_D..N07R,060500_D..N07R,D,0,1754388300,1D 1005 STL/205,1754408161,1754408173,1067,0,0
1754388300_F..S74X001,060500_F..S74X001,F,1,1754388300,1F 1005 179/STL,1754409347,1754409362,1196,0,0
1754388360_F..N,060600_F..N,F,0,1754388360,1F 1006 STL/179,1754408927,1754408939,1159,0,0
1754388450_M..N,060750_M..N,M,0,1754388450,1M 1007+ MET/CTL,1754407695,1754407707,986,0,0
1754388510_B..N66R,060850_B..N66R,B,0,1754388510,1B 1008+ BBC/145,1754406794,1754406807,860,0,0
1754388510_D..S07R,060850_D..S07R,D,1,1754388510,1D 1008+ BPK/STL,1754408416,1754408428,733,0,0
1754388660_D..N07R,061100_D..N07R,D,0,1754388660,1D 1011 STL/205,1754408656,1754408668,1090,0,0
1754388660_D..S07R,061100_D..S07R,D,1,1754388660,1D 1011 205/STL,1754403897,1754403908,521,0,0
1754388660_F..S04X015,061100_F..S04X015,F,1,1754388660,1F 1011 179/CHU,1754407305,1754407317,910,0,0
1754388690_M..S20R,061150_M..S20R,M,1,1754388690,1M 1011+ CTL/MET,1754407572,1754407575,942,0,0
1754388720_B..S65R,061200_B..S65R,B,1,1754388720,1B 1012 BPK/BBC,1754408897,1754408909,1113,0,0
1754388930_M..N,061550_M..N,M,0,1754388930,1M 1015+ MET/CTL,1754408116,1754408128,997,0,0
1754388960_B..N65R,061600_B..N65R,B,0,1754388960,1B 1016 BBC/BPK,1754408431,1754408443,1037,0,0
1754388990_D..S07R,061650_D..S07R,D,1,1754388990,1D 1016+ BPK/STL,1754409512,1754409528,643,0,0
1754389020_D..N07R,061700_D..N07R,D,0,1754389020,1D 1017 STL/205,1754409438,1754409452,1132,0,0
1754389020_F..S74X001,061700_F..S74X001,F,1,1754389020,1F 1017 179/STL,1754409738,1754409753,1152,0,0
1754389140_D..S07R,061900_D..S07R,D,1,1754389140,1D 1019 205/STL,1754403881,1754403893,484,0,0
1754389170_M..S20R,061950_M..S20R,M,1,1754389170,1M 1019+ CTL/MET,1754407921,1754407933,955,0,0
1754389260_B..S66R,062100_B..S66R,B,1,1754389260,1B 1021 145/BBC,1754407770,1754407782,929,0,0
1754389260_F..N,062100_F..N,F,0,1754389260,1F 1021 STL/179,1754409903,1754409918,1149,0,0
1754389380_F..S04X015,062300_F..S04X015,F,1,1754389380,1F 1023 179/CHU,1754407891,1754407903,937,0,0
1754389410_M..N,062350_M..N,M,0,1754389410,1M 1023+ MET/CTL,1754408596,1754408608,1029,0,0
1754389440_D..N07R,062400_D..N07R,D,0,1754389440,1D 1024 STL/205,1754409678,1754409693,1120,0,0
1754389470_B..N66R,062450_B..N66R,B,0,1754389470,1B 1024+ BBC/145,1754407858,1754407861,860,0,0
1754389470_D..S07R,062450_D..S07R,D,1,1754389470,1D 1024+ BPK/STL,1754409512,1754409528,645,0,0
1754389530_M..S20R,062550_M..S20R,M,1,1754389530,1M 1025+ CTL/MET,1754408398,1754408401,994,0,0
1754389560_D..S07R,062600_D..S07R,D,1,1754389560,1D 1026 205/STL,1754403987,1754403998,470,0,0
1754389680_B..S65R,062800_B..S65R,B,1,1754389680,1B 1028 BPK/BBC,1754409512,1754409528,1092,0,0
1754389740_F..S74X001,062900_F..S74X001,F,1,1754389740,1F 1029 179/STL,1754410639,1754410651,1198,0,0
1754389800_D..N07R,063000_D..N07R,D,0,1754389800,1D 1030 STL/BPK,1754411464,1754411477,1302,1,0
1754389890_D..S07R,063150_D..S07R,D,1,1754389890,1D 1031+ BPK/STL,1754409963,1754409978,665,1,1
1754389890_M..N,063150_M..N,M,0,1754389890,1M 1031+ MET/CTL,1754408807,1754408819,1017,0,0
1754389950_B..N65R,063250_B..N65R,B,0,1754389950,1B 1032+ BBC/BPK,1754415143,1754415158,1609,0,0
1754390100_F..S04X015,063500_F..S04X015,F,1,1754390100,1F 1035 179/CHU,1754409002,1754409017,1009,0,0
1754390130_F..N,063550_F..N,F,0,1754390130,1F 1035+ STL/179,1754411044,1754411056,1204,0,0
1754390130_M..S20R,063550_M..S20R,M,1,1754390130,1M 1035+ CTL/MET,1754408942,1754408957,1001,0,0
1754390160_D..N07R,063600_D..N07R,D,0,1754390160,1D 1036 STL/205,1754411059,1754411071,1202,2,0
1754390220_B..S66R,063700_B..S66R,B,1,1754390220,1B 1037 145/BBC,1754408987,1754409002,992,0,0
1754390220_F..N,063700_F..N,F,0,1754390220,1F 1037 CHU/179,1754409347,1754409362,1016,0,0
1754390340_D..S07R,063900_D..S07R,D,1,1754390340,1D 1039 BPK/STL,1754410500,1754410504,645,1,1
1754390370_M..N,063950_M..N,M,0,1754390370,1M 1039+ MET/CTL,1754409107,1754409122,980,0,0
1754390400_F..S74X001,064000_F..S74X001,F,1,1754390400,1F 1040 179/STL,1754411134,1754411146,1180,0,0
1754390430_B..N66R,064050_B..N66R,B,0,1754390430,1B 1040+ BBC/145,1754410203,1754410218,985,0,0
1754390580_M..S20R,064300_M..S20R,M,1,1754390580,1M 1043 CTL/MET,1754409212,1754409227,959,0,0
1754390610_B..S65R,064350_B..S65R,B,1,1754390610,1B 1043+ BPK/BBC,1754410305,1754410308,1041,0,0
1754390610_D..N07R,064350_D..N07R,D,0,1754390610,1D 1043+ STL/205,1754411764,1754411777,1236,0,0
1754390760_F..S04X015,064600_F..S04X015,F,1,1754390760,1F 1046 179/CHU,1754409572,1754409588,959,0,0
1754390850_M..N,064750_M..N,M,0,1754390850,1M 1047+ MET/CTL,1754409858,1754409870,967,0,0
1754390880_D..S07R,064800_D..S07R,D,1,1754390880,1D 1048 BPK/STL,1754410834,1754410846,678,0,0
1754390910_B..N65R,064850_B..N65R,B,0,1754390910,1B 1048+ BBC/BPK,1754411807,1754411809,1201,0,0
1754391000_D..N07R,065000_D..N07R,D,0,1754391000,1D 1050 STL/205,1754412410,1754412423,1270,0,0
1754391000_F..N,065000_F..N,F,0,1754391000,1F 1050 STL/179,1754411627,1754411629,1165,0,0
1754391060_M..S20R,065100_M..S20R,M,1,1754391060,1M 1051 CTL/MET,1754409783,1754409798,933,0,0
1754391090_D..S07R,065150_D..S07R,D,1,1754391090,1D 1051+ 205/STL,1754406539,1754406551,555,0,0
1754391180_B..S66R,065300_B..S66R,B,1,1754391180,1B 1053 145/BBC,1754409888,1754409903,926,0,0
1754391270_F..S74X001,065450_F..S74X001,F,1,1754391270,1F 1054+ 179/STL,1754414152,1754414167,1433,0,0
1754391300_B..N66R,065500_B..N66R,B,0,1754391300,1B 1055 BBC/145,1754409482,1754409497,881,1,0
1754391330_M..N,065550_M..N,M,0,1754391330,1M 1055+ MET/CTL,1754410308,1754410320,946,0,0
1754391420_D..N07R,065700_D..N07R,D,0,1754391420,1D 1057 STL/205,1754412530,1754412543,1230,0,0
1754391420_D..S07R,065700_D..S07R,D,1,1754391420,1D 1057 BPK/STL,1754411269,1754411281,551,0,0
1754391510_M..S20R,065850_M..S20R,M,1,1754391510,1M 1058+ CTL/MET,1754410668,1754410681,970,0,0
1754391570_D..S07R,065950_D..S07R,D,1,1754391570,1D 1059+ 205/STL,1754406191,1754406194,444,0,0
1754391600_B..S65R,066000_B..S65R,B,1,1754391600,1B 1100 BPK/BBC,1754411224,1754411236,1032,0,0
1754391660_FS.N01R,066100_FS.N01R,FS,0,1754391660,1FS 1101 PPK/FKN,1754411987,1754411990,1125,0,0
1754391690_FS.S01R,066150_FS.S01R,FS,1,1754391690,1FS 1101+ FKN/PPK,1754411975,1754411987,1120,0,0
1754391750_F..S04X015,066250_F..S04X015,F,1,1754391750,1F 1102+ 179/CHU,1754410879,1754410891,966,0,0
1754391810_M..N,066350_M..N,M,0,1754391810,1M 1103+ MET/CTL,1754410861,1754410864,955,0,0
1754391840_D..N07R,066400_D..N07R,D,0,1754391840,1D 1104 STL/205,1754412786,1754412798,1208,0,0
1754391840_F..N,066400_F..N,F,0,1754391840,1F 1104 CHU/179,1754410368,1754410380,886,1,0
1754391870_B..N65R,066450_B..N65R,B,0,1754391870,1B 1104+ BBC/BPK,1754412155,1754412167,1120,0,0
1754391900_D..S07R,066500_D..S07R,D,1,1754391900,1D 1105 BPK/STL,1754411749,1754411762,662,0,0
1754391960_F..N,066600_F..N,F,0,1754391960,1F 1106 STL/179,1754412455,1754412467,1148,0,0
1754391990_D..S07R,066650_D..S07R,D,1,1754391990,1D 1106+ 205/STL,1754407152,1754407155,516,0,0
1754392050_M..S20R,066750_M..S20R,M,1,1754392050,1M 1107+ CTL/MET,1754410879,1754410891,926,0,0
1754392140_B..S66R,066900_B..S66R,B,1,1754392140,1B 1109 145/BBC,1754410759,1754410771,889,0,0
1754392200_F..S74X001,067000_F..S74X001,F,1,1754392200,1F 1110 179/STL,1754413341,1754413353,1234,0,0
1754392260_D..N07R,067100_D..N07R,D,0,1754392260,1D 1111 STL/205,1754413281,1754413293,1218,0,0
1754392260_FS.N01R,067100_FS.N01R,FS,0,1754392260,1FS 1111 PPK/FKN,1754411975,1754411987,1044,0,0
1754392290_FS.S01R,067150_FS.S01R,FS,1,1754392290,1FS 1111+ FKN/PPK,1754411987,1754411990,1041,0,0
1754392290_M..N,067150_M..N,M,0,1754392290,1M 1111+ MET/CTL,1754411026,1754411029,913,0,0
1754392320_D..S07R,067200_D..S07R,D,1,1754392320,1D 1112 BPK/STL,1754412260,1754412272,602,0,0
1754392410_D..S07R,067350_D..S07R,D,1,1754392410,1D 1113+ 205/STL,1754407155,1754407167,461,0,0
1754392509_B..N66R,067516_B..N66R,B,0,1754392509,1B 1115 BBC/145,1754411404,1754411416,935,0,0
1754392530_M..S20R,067550_M..S20R,M,1,1754392530,1M 1115+ CTL/MET,1754411314,1754411326,920,0,0
1754392740_D..S07R,067900_D..S07R,D,1,1754392740,1D 1119 BPK/STL,1754412710,1754412723,661,0,1
1754392740_F..N,067900_F..N,F,0,1754392740,1F 1119 STL/179,1754413068,1754413071,1125,0,0
1754392770_F..S04X015,067950_F..S04X015,F,1,1754392770,1F 1119+ 179/CHU,1754411674,1754411687,936,0,0
1754392770_M..N,067950_M..N,M,0,1754392770,1M 1119+ MET/CTL,1754411479,1754411492,910,0,0
1754392800_D..N07R,068000_D..N07R,D,0,1754392800,1D 1120 STL/205,1754413551,1754413564,1182,0,0
1754392860_FS.N01R,068100_FS.N01R,FS,0,1754392860,1FS 1121 PPK/FKN,1754412395,1754412407,568,0,0
1754392890_FS.S01R,068150_FS.S01R,FS,1,1754392890,1FS 1121+ FKN/PPK,1754412380,1754412392,567,0,0
1754392950_F..N,068250_F..N,F,0,1754392950,1F 1122+ CHU/179,1754412215,1754412227,984,0,0
1754393010_M..S20R,068350_M..S20R,M,1,1754393010,1M 1123+ CTL/MET,1754411704,1754411717,908,0,0
1754393040_B..S65R,068400_B..S65R,B,1,1754393040,1B 1124 BPK/BBC,1754412680,1754412693,677,0,0
1754393100_B..S66R,068500_B..S66R,B,1,1754393100,1B 1125 145/BBC,1754411659,1754411672,890,0,0
1754393149_B..N65R,068583_B..N65R,B,0,1754393149,1B 1125+ BBC/BPK,1754414753,1754414768,1225,0,0
1754393220_F..S74X001,068700_F..S74X001,F,1,1754393220,1F 1127 179/STL,1754414062,1754414077,1169,0,0
1754393250_M..N,068750_M..N,M,0,1754393250,1M 1127+ MET/CTL,1754412155,1754412167,936,0,0
1754393310_D..S07R,068850_D..S07R,D,1,1754393310,1D 1128+ BPK/STL,1754413221,1754413233,661,0,0
1754393340_D..N07R,068900_D..N07R,D,0,1754393340,1D 1129 STL/205,1754414002,1754414017,1149,0,0
1754393460_D..S07R,069100_D..S07R,D,1,1754393460,1D 1131 205/STL,1754408038,1754408041,438,0,0
1754393460_FS.N01R,069100_FS.N01R,FS,0,1754393460,1FS 1131 PPK/FKN,1754412410,1754412423,570,0,0
1754393490_FS.S01R,069150_FS.S01R,FS,1,1754393490,1FS 1131+ FKN/PPK,1754412395,1754412407,568,0,0
1754393490_M..S20R,069150_M..S20R,M,1,1754393490,1M 1131+ CTL/MET,1754412320,1754412332,927,0,0
1754393640_F..N,069400_F..N,F,0,1754393640,1F 1134 STL/179,1754413686,1754413699,1089,0,0
1754393700_F..S04X015,069500_F..S04X015,F,1,1754393700,1F 1135 179/CHU,1754412515,1754412528,930,0,0
1754393730_M..N,069550_M..N,M,0,1754393730,1M 1135+ MET/CTL,1754412305,1754412317,900,0,0
1754393790_B..N65R,069650_B..N65R,B,0,1754393790,1B 1136+ BBC/BPK,1754414738,1754414753,1150,0,0
1754393790_D..S07R,069650_D..S07R,D,1,1754393790,1D 1136+ BPK/STL,1754413747,1754413759,676,0,0
1754393820_D..N07R,069700_D..N07R,D,0,1754393820,1D 1137 STL/205,1754414227,1754414242,1114,0,0
1754393970_D..S07R,069950_D..S07R,D,1,1754393970,1D 1139+ 205/STL,1754408702,1754408714,483,0,0
1754393970_M..S20R,069950_M..S20R,M,1,1754393970,1M 1139+ CTL/MET,1754412620,1754412633,926,0,0
1754394060_B..S66R,070100_B..S66R,B,1,1754394060,1B 1141 145/BBC,1754412816,1754412828,946,1,0
1754394060_FS.N01R,070100_FS.N01R,FS,0,1754394060,1FS 1141 PPK/FKN,1754412425,1754412437,570,0,0
1754394090_FS.S01R,070150_FS.S01R,FS,1,1754394090,1FS 1141+ FKN/PPK,1754412410,1754412423,569,0,0
1754394180_F..S74X001,070300_F..S74X001,F,1,1754394180,1F 1143 179/STL,1754414317,1754414332,1096,0,0
1754394210_M..N,070350_M..N,M,0,1754394210,1M 1143+ MET/CTL,1754412891,1754412903,946,0,0
1754394270_B..N66R,070450_B..N66R,B,0,1754394270,1B 1144+ BBC/145,1754412816,1754412828,932,0,0
1754394300_D..N07R,070500_D..N07R,D,0,1754394300,1D 1145 STL/205,1754414482,1754414497,1099,0,0
1754394300_D..S07R,070500_D..S07R,D,1,1754394300,1D 1145 BPK/STL,1754414527,1754414542,641,0,0
1754394300_F..N,070500_F..N,F,0,1754394300,1F 1145 CHU/179,1754413371,1754413383,1004,2,0
1754394330_M..S20R,070550_M..S20R,M,1,1754394330,1M 1145+ CTL/MET,1754413056,1754413068,960,0,0
1754394480_B..S65R,070800_B..S65R,B,1,1754394480,1B 1148 BPK/BBC,1754413972,1754413987,1052,0,0
1754394480_D..S07R,070800_D..S07R,D,1,1754394480,1D 1148 205/STL,1754409017,1754409032,483,0,0
1754394480_F..N,070800_F..N,F,0,1754394480,1F 1148 STL/179,1754415368,1754415380,1148,0,0
1754394660_F..S04X015,071100_F..S04X015,F,1,1754394660,1F 1151 179/CHU,1754413236,1754413248,958,0,0
1754394660_FS.N01R,071100_FS.N01R,FS,0,1754394660,1FS 1151 PPK/FKN,1754412407,1754412410,565,0,0
1754394690_FS.S01R,071150_FS.S01R,FS,1,1754394690,1FS 1151+ FKN/PPK,1754412407,1754412410,565,0,0
1754394690_M..N,071150_M..N,M,0,1754394690,1M 1151+ MET/CTL,1754413206,1754413218,950,0,0
1754394750_B..N65R,071250_B..N65R,B,0,1754394750,1B 1152+ BBC/BPK,1754414738,1754414753,1076,0,0
1754394780_D..N07R,071300_D..N07R,D,0,1754394780,1D 1153 STL/205,1754415023,1754415038,1091,0,0
1754394810_D..S07R,071350_D..S07R,D,1,1754394810,1D 1153+ BPK/STL,1754415128,1754415143,646,0,0
1754394930_M..S20R,071550_M..S20R,M,1,1754394930,1M 1155+ CTL/MET,1754413551,1754413564,964,0,0
1754395020_B..S66R,071700_B..S66R,B,1,1754395020,1B 1157 145/BBC,1754413594,1754413596,957,0,0
1754395080_F..S74X001,071800_F..S74X001,F,1,1754395080,1F 1158 179/STL,1754415996,1754415999,1160,0,0
1754395170_F..N,071950_F..N,F,0,1754395170,1F 1159+ STL/179,1754415849,1754415861,1129,1,0
1754395200_M..N,072000_M..N,M,0,1754395200,1M 1200 MET/CTL,1754414122,1754414137,974,0,0
1754395230_B..N66R,072050_B..N66R,B,0,1754395230,1B 1200+ BBC/145,1754414182,1754414197,974,0,0
1754395260_D..S07R,072100_D..S07R,D,1,1754395260,1D 1201 BPK/STL,1754415128,1754415143,617,0,0
1754395260_FS.N01R,072100_FS.N01R,FS,0,1754395260,1FS 1201 PPK/FKN,1754412407,1754412410,552,0,0
1754395290_D..N07R,072150_D..N07R,D,0,1754395290,1D 1201+ STL/205,1754415338,1754415350,1044,0,0
1754395290_FS.S01R,072150_FS.S01R,FS,1,1754395290,1FS 1201+ FKN/PPK,1754412407,1754412410,529,0,0
1754395410_D..S07R,072350_D..S07R,D,1,1754395410,1D 1203+ 205/STL,1754409828,1754409840,421,0,0
1754395410_M..S20R,072350_M..S20R,M,1,1754395410,1M 1203+ CTL/MET,1754414092,1754414107,944,0,0
1754395440_F..N,072400_F..N,F,0,1754395440,1F 1204 CHU/179,1754414527,1754414542,969,0,0
1754395590_F..S04X015,072650_F..S04X015,F,1,1754395590,1F 1206+ 179/CHU,1754414497,1754414512,946,0,0
1754395680_M..N,072800_M..N,M,0,1754395680,1M 1208 MET/CTL,1754414722,1754414738,950,0,0
1754395710_B..N65R,072850_B..N65R,B,0,1754395710,1B 1208+ BBC/BPK,1754416461,1754416464,1137,0,0
1754395740_D..S07R,072900_D..S07R,D,1,1754395740,1D 1209 BPK/STL,1754416374,1754416386,745,0,0
1754395800_D..N07R,073000_D..N07R,D,0,1754395800,1D 1210 STL/205,1754415684,1754415696,1022,0,0
1754395860_D..S07R,073100_D..S07R,D,1,1754395860,1D 1211 205/STL,1754410338,1754410350,411,0,0
1754395890_FS.S01R,073150_FS.S01R,FS,1,1754395890,1FS 1211+ FKN/PPK,1754412410,1754412423,530,0,0
1754395890_M..S20R,073150_M..S20R,M,1,1754395890,1M 1211+ CTL/MET,1754414587,1754414603,913,0,0
1754395920_F..N,073200_F..N,F,0,1754395920,1F 1212 STL/179,1754416777,1754416780,1151,0,0
1754395980_B..S66R,073300_B..S66R,B,1,1754395980,1B 1213 145/BBC,1754414542,1754414557,898,0,0
1754396040_F..N,073400_F..N,F,0,1754396040,1F 1214 CHU/179,1754415143,1754415158,930,0,0
1754396070_F..S74X001,073450_F..S74X001,F,1,1754396070,1F 1214+ 179/STL,1754416822,1754416825,1137,0,0
1754396160_M..N,073600_M..N,M,0,1754396160,1M 1216 MET/CTL,1754415653,1754415666,970,0,0
1754396190_B..N66R,073650_B..N66R,B,0,1754396190,1B 1216+ BBC/145,1754414708,1754414722,882,0,0
1754396190_D..S07R,073650_D..S07R,D,1,1754396190,1D 1216+ BPK/STL,1754416374,1754416386,695,0,0
1754396220_D..N07R,073700_D..N07R,D,0,1754396220,1D 1217 STL/205,1754417215,1754417227,1171,0,0
1754396370_D..S07R,073950_D..S07R,D,1,1754396370,1D 1219+ 205/STL,1754410786,1754410789,403,0,0
1754396370_M..S20R,073950_M..S20R,M,1,1754396370,1M 1219+ CTL/MET,1754415068,1754415083,881,0,0
1754396610_F..N,074350_F..N,F,0,1754396610,1F 1223+ STL/179,1754417440,1754417453,1149,1,0
1754396640_F..S04X015,074400_F..S04X015,F,1,1754396640,1F 1224 179/CHU,1754415473,1754415485,883,0,0
1754396640_M..N,074400_M..N,M,0,1754396640,1M 1224 MET/CTL,1754415759,1754415771,921,0,0
1754396670_B..N65R,074450_B..N65R,B,0,1754396670,1B 1224+ BBC/BPK,1754416554,1754416567,1023,0,0
1754396700_D..N07R,074500_D..N07R,D,0,1754396700,1D 1225 STL/205,1754417363,1754417365,1126,0,0
1754396700_D..S07R,074500_D..S07R,D,1,1754396700,1D 1225 BPK/STL,1754416359,1754416371,634,0,0
1754396850_M..S20R,074750_M..S20R,M,1,1754396850,1M 1227+ CTL/MET,1754415564,1754415576,867,0,0
1754396880_F..N,074800_F..N,F,0,1754396880,1F 1228 CHU/179,1754416356,1754416359,962,0,0
1754397090_D..N07R,075150_D..N07R,D,0,1754397090,1D 1231+ STL/205,1754417605,1754417618,1106,0,0
1754397120_D..S07R,075200_D..S07R,D,1,1754397120,1D 1232 BPK/STL,1754417005,1754417017,739,0,0
1754397120_F..S74X001,075200_F..S74X001,F,1,1754397120,1F 1232 179/STL,1754417575,1754417588,1098,0,0
1754397120_M..N,075200_M..N,M,0,1754397120,1M 1232 MET/CTL,1754416059,1754416071,897,0,0
1754397150_B..N66R,075250_B..N66R,B,0,1754397150,1B 1232+ BBC/145,1754415443,1754415455,811,0,0
1754397330_B..S65R,075550_B..S65R,B,1,1754397330,1B 1235+ BPK/BBC,1754416810,1754416822,969,0,0
1754397330_M..S20R,075550_M..S20R,M,1,1754397330,1M 1235+ CTL/MET,1754416314,1754416326,903,0,0
1754397360_F..N,075600_F..N,F,0,1754397360,1F 1236 STL/179,1754418023,1754418026,1125,0,0
1754397450_B..S66R,075750_B..S66R,B,1,1754397450,1B 1237+ 145/BBC,1754415819,1754415831,821,0,0
1754397510_D..S07R,075850_D..S07R,D,1,1754397510,1D 1238+ BPK/STL,1754417425,1754417438,659,0,0
1754397540_D..N07R,075900_D..N07R,D,0,1754397540,1D 1239 STL/205,1754418101,1754418113,1112,0,0
1754397600_F..N,076000_F..N,F,0,1754397600,1F 1240 CHU/179,1754417275,1754417287,995,0,0
1754397600_F..S04X015,076000_F..S04X015,F,1,1754397600,1F 1240 179/CHU,1754416296,1754416299,864,0,0
1754397600_M..N,076000_M..N,M,0,1754397600,1M 1240 MET/CTL,1754416404,1754416416,879,0,0
1754397630_B..N65R,076050_B..N65R,B,0,1754397630,1B 1240+ BBC/BPK,1754418143,1754418146,1105,0,0
1754397630_D..S07R,076050_D..S07R,D,1,1754397630,1D 1240+ 205/STL,1754413131,1754413143,548,0,0
1754397660_FS.N01R,076100_FS.N01R,FS,0,1754397660,1FS 1241 PPK/FKN,1754412500,1754412512,460,0,0
1754397690_FS.S01R,076150_FS.S01R,FS,1,1754397690,1FS 1241+ FKN/PPK,1754412500,1754412512,456,0,0
1754397810_M..S20R,076350_M..S20R,M,1,1754397810,1M 1243+ CTL/MET,1754416509,1754416522,865,0,0
1754397960_D..N07R,076600_D..N07R,D,0,1754397960,1D 1246 STL/205,1754418702,1754418717,1131,0,0
1754397960_D..S07R,076600_D..S07R,D,1,1754397960,1D 1246 BPK/STL,1754418116,1754418128,554,0,0
1754398020_F..S74X001,076700_F..S74X001,F,1,1754398020,1F 1247 179/STL,1754418383,1754418386,1085,0,0
1754398080_M..N,076800_M..N,M,0,1754398080,1M 1248 MET/CTL,1754416870,1754416882,879,0,0
1754398110_B..N66R,076850_B..N66R,B,0,1754398110,1B 1248+ BBC/145,1754416690,1754416702,806,0,0
1754398170_D..S07R,076950_D..S07R,D,1,1754398170,1D 1249+ 205/STL,1754413161,1754413173,484,0,0
1754398170_F..N,076950_F..N,F,0,1754398170,1F 1249+ STL/179,1754418521,1754418534,1088,0,0
1754398260_FS.N01R,077100_FS.N01R,FS,0,1754398260,1FS 1251 PPK/FKN,1754413536,1754413549,528,0,0
1754398260_M..S20R,077100_M..S20R,M,1,1754398260,1M 1251 CTL/MET,1754416957,1754416960,874,0,0
1754398290_B..S65R,077150_B..S65R,B,1,1754398290,1B 1251+ BPK/BBC,1754417723,1754417726,973,0,0
1754398290_FS.S01R,077150_FS.S01R,FS,1,1754398290,1FS 1251+ FKN/PPK,1754413536,1754413549,526,0,0
1754398410_F..N,077350_F..N,F,0,1754398410,1F 1253+ CHU/179,1754417711,1754417723,964,0,0
1754398500_D..S07R,077500_D..S07R,D,1,1754398500,1D 1255 BPK/STL,1754418446,1754418458,594,0,0
1754398530_D..N07R,077550_D..N07R,D,0,1754398530,1D 1255+ STL/205,1754418702,1754418717,1083,0,0
1754398590_B..N65R,077650_B..N65R,B,0,1754398590,1B 1256+ BBC/BPK,1754418146,1754418158,965,0,0
1754398590_F..S04X015,077650_F..S04X015,F,1,1754398590,1F 1256+ 179/CHU,1754417320,1754417332,901,0,0
1754398590_M..N,077650_M..N,M,0,1754398590,1M 1256+ MET/CTL,1754417500,1754417513,925,0,0
1754398680_F..N,077800_F..N,F,0,1754398680,1F 1258 STL/179,1754418882,1754418897,1085,1,0
1754398710_D..S07R,077850_D..S07R,D,1,1754398710,1D 1258+ 205/STL,1754413128,1754413131,443,0,0
1754398710_M..S20R,077850_M..S20R,M,1,1754398710,1M 1258+ CTL/MET,1754417410,1754417422,905,0,0
1754398860_B..S66R,078100_B..S66R,B,1,1754398860,1B 1301 145/BBC,1754417200,1754417212,867,0,0
1754398860_FS.N01R,078100_FS.N01R,FS,0,1754398860,1FS 1301 PPK/FKN,1754413686,1754413699,505,0,0
1754398890_FS.S01R,078150_FS.S01R,FS,1,1754398890,1FS 1301+ FKN/PPK,1754413671,1754413686,502,0,0
1754399040_D..S07R,078400_D..S07R,D,1,1754399040,1D 1304 BPK/STL,1754419422,1754419437,676,0,0
1754399040_F..S74X001,078400_F..S74X001,F,1,1754399040,1F 1304 179/STL,1754419377,1754419392,1093,0,0
1754399070_M..N,078450_M..N,M,0,1754399070,1M 1304+ MET/CTL,1754417801,1754417813,930,0,0
1754399100_D..N07R,078500_D..N07R,D,0,1754399100,1D 1305 STL/205,1754419257,1754419272,1080,0,0
1754399160_M..S20R,078600_M..S20R,M,1,1754399160,1M 1306 CTL/MET,1754417936,1754417948,941,0,0
1754399220_F..N,078700_F..N,F,0,1754399220,1F 1307 CHU/179,1754418383,1754418386,995,0,0
1754399250_B..S65R,078750_B..S65R,B,1,1754399250,1B 1307+ BPK/BBC,1754418822,1754418837,1039,0,0
1754399310_B..N66R,078850_B..N66R,B,0,1754399310,1B 1308+ BBC/145,1754417500,1754417513,651,0,0
1754399460_FS.N01R,079100_FS.N01R,FS,0,1754399460,1FS 1311 PPK/FKN,1754414497,1754414512,511,0,0
1754399490_F..N,079150_F..N,F,0,1754399490,1F 1311+ STL/179,1754419798,1754419813,1079,1,0
1754399490_F..S04X015,079150_F..S04X015,F,1,1754399490,1F 1311+ 179/CHU,1754418236,1754418248,949,0,0
1754399490_FS.S01R,079150_FS.S01R,FS,1,1754399490,1FS 1311+ FKN/PPK,1754414497,1754414512,507,0,0
1754399550_M..N,079250_M..N,M,0,1754399550,1M 1312+ MET/CTL,1754418176,1754418188,933,0,0
1754399580_D..N07R,079300_D..N07R,D,0,1754399580,1D 1313 STL/205,1754419843,1754419858,1071,0,0
1754399580_D..S07R,079300_D..S07R,D,1,1754399580,1D 1313 BPK/STL,1754419422,1754419437,608,0,0
1754399670_D..S07R,079450_D..S07R,D,1,1754399670,1D 1314+ 205/STL,1754414092,1754414107,457,0,0
1754399730_M..S20R,079550_M..S20R,M,1,1754399730,1M 1315+ CTL/MET,1754418296,1754418308,925,0,0
1754399820_B..S66R,079700_B..S66R,B,1,1754399820,1B 1317 145/BBC,1754418251,1754418263,908,0,0
1754399940_F..S74X001,079900_F..S74X001,F,1,1754399940,1F 1319 179/STL,1754420218,1754420231,1058,0,0
1754400000_D..S07R,080000_D..S07R,D,1,1754400000,1D 1320 BPK/STL,1754421492,1754421495,807,0,0
1754400030_B..N66R,080050_B..N66R,B,0,1754400030,1B 1320+ BBC/145,1754418507,1754418519,908,0,0
1754400030_M..N,080050_M..N,M,0,1754400030,1M 1320+ MET/CTL,1754419017,1754419032,956,0,0
1754400060_D..N07R,080100_D..N07R,D,0,1754400060,1D 1321 STL/205,1754420278,1754420291,1050,0,0
1754400060_FS.N01R,080100_FS.N01R,FS,0,1754400060,1FS 1321 PPK/FKN,1754415804,1754415816,550,0,0
1754400090_FS.S01R,080150_FS.S01R,FS,1,1754400090,1FS 1321+ FKN/PPK,1754415804,1754415816,546,0,0
1754400180_D..S07R,080300_D..S07R,D,1,1754400180,1D 1323 205/STL,1754414888,1754414903,442,0,0
1754400210_B..S65R,080350_B..S65R,B,1,1754400210,1B 1323+ BPK/BBC,1754419377,1754419392,956,0,0
1754400210_M..S20R,080350_M..S20R,M,1,1754400210,1M 1323+ CTL/MET,1754418912,1754418927,925,0,0
1754400330_F..S04X015,080550_F..S04X015,F,1,1754400330,1F 1325+ 179/CHU,1754419437,1754419452,944,0,0
1754400390_F..N,080650_F..N,F,0,1754400390,1F 1326+ STL/179,1754421134,1754421146,792,0,0
1754400450_F..N,080750_F..N,F,0,1754400450,1F 1327+ CHU/179,1754419302,1754419317,919,0,0
1754400510_D..S07R,080850_D..S07R,D,1,1754400510,1D 1328+ BPK/STL,1754421492,1754421495,754,0,0
1754400510_M..N,080850_M..N,M,0,1754400510,1M 1328+ MET/CTL,1754419167,1754419182,902,0,0
1754400570_D..N07R,080950_D..N07R,D,0,1754400570,1D 1329+ STL/205,1754421194,1754421207,1105,0,0
1754400660_B..N65R,081100_B..N65R,B,0,1754400660,1B 1331 BBC/BPK,1754420158,1754420171,827,0,0
1754400660_FS.N01R,081100_FS.N01R,FS,0,1754400660,1FS 1331 PPK/FKN,1754415816,1754415819,472,0,0
1754400690_M..S20R,081150_M..S20R,M,1,1754400690,1M 1331+ CTL/MET,1754419392,1754419407,893,0,0
1754400720_F..S74X001,081200_F..S74X001,F,1,1754400720,1F 1332 179/STL,1754420699,1754420711,1019,0,0
1754400780_B..S66R,081300_B..S66R,B,1,1754400780,1B 1333 145/BBC,1754419167,1754419182,866,0,0
1754400960_D..S07R,081600_D..S07R,D,1,1754400960,1D 1336 BPK/STL,1754421492,1754421495,741,0,0
1754400990_M..N,081650_M..N,M,0,1754400990,1M 1336+ MET/CTL,1754420969,1754420981,1019,0,0
1754401020_D..N07R,081700_D..N07R,D,0,1754401020,1D 1337 STL/205,1754421209,1754421222,1047,0,0
1754401080_D..S07R,081800_D..S07R,D,1,1754401080,1D 1338 205/STL,1754415939,1754415951,433,0,0
1754401170_B..S65R,081950_B..S65R,B,1,1754401170,1B 1339+ BPK/BBC,1754420458,1754420471,927,0,0
1754401200_F..N,082000_F..N,F,0,1754401200,1F 1340 CHU/179,1754420308,1754420321,902,0,0
1754401260_F..S74X001,082100_F..S74X001,F,1,1754401260,1F 1341 179/STL,1754421690,1754421702,1079,0,0
1754401260_FS.N01R,082100_FS.N01R,FS,0,1754401260,1FS 1341 PPK/FKN,1754416464,1754416477,479,0,0
1754401290_B..N66R,082150_B..N66R,B,0,1754401290,1B 1341+ BBC/145,1754419512,1754419527,778,0,0
1754401290_F..N,082150_F..N,F,0,1754401290,1F 1341+ STL/179,1754422633,1754422636,993,0,0
1754401290_FS.S01R,082150_FS.S01R,FS,1,1754401290,1FS 1341+ FKN/PPK,1754416449,1754416461,473,0,0
1754401410_D..S07R,082350_D..S07R,D,1,1754401410,1D 1343+ BPK/STL,1754421389,1754421402,630,0,0
1754401410_M..S20R,082350_M..S20R,M,1,1754401410,1M 1343+ CTL/MET,1754419888,1754419903,493,0,0
1754401470_M..N,082450_M..N,M,0,1754401470,1M 1344+ MET/CTL,1754420368,1754420381,874,1,0
1754401560_D..S07R,082600_D..S07R,D,1,1754401560,1D 1346 205/STL,1754415939,1754415951,369,0,0
1754401650_D..N07R,082750_D..N07R,D,0,1754401650,1D 1347+ STL/205,1754421675,1754421687,767,0,0
1754401770_B..S66R,082950_B..S66R,B,1,1754401770,1B 1349+ 145/BBC,1754420351,1754420353,831,0,0
1754401800_F..S74X001,083000_F..S74X001,F,1,1754401800,1F 1350 179/STL,1754422032,1754422035,1052,0,0
1754401860_FS.N01R,083100_FS.N01R,FS,0,1754401860,1FS 1351 PPK/FKN,1754418507,1754418519,670,0,0
1754401890_D..S07R,083150_D..S07R,D,1,1754401890,1D 1351+ BPK/STL,1754421915,1754421927,700,0,0
1754401890_FS.S01R,083150_FS.S01R,FS,1,1754401890,1FS 1351+ FKN/PPK,1754418507,1754418519,666,0,0
1754401920_B..N66R,083200_B..N66R,B,0,1754401920,1B 1352 BBC/145,1754420293,1754420306,804,0,0
1754401950_M..N,083250_M..N,M,0,1754401950,1M 1352+ MET/CTL,1754421011,1754421014,896,1,0
1754402040_F..N,083400_F..N,F,0,1754402040,1F 1354 CHU/179,1754420789,1754420801,855,1,0
1754402070_D..S07R,083450_D..S07R,D,1,1754402070,1D 1354+ 205/STL,1754416419,1754416431,365,0,0
1754402130_B..S65R,083550_B..S65R,B,1,1754402130,1B 1355+ BPK/BBC,1754421555,1754421567,945,0,0
1754402130_M..S20R,083550_M..S20R,M,1,1754402130,1M 1355+ CTL/MET,1754420411,1754420413,792,0,0
1754402190_F..N,083650_F..N,F,0,1754402190,1F 1356+ STL/179,1754423221,1754423234,1159,0,0
1754402190_F..S74X001,083650_F..S74X001,F,1,1754402190,1F 1356+ 179/STL,1754422260,1754422273,1031,0,0
1754402280_D..N07R,083800_D..N07R,D,0,1754402280,1D 1358 STL/205,1754422410,1754422423,1039,0,0
1754402400_D..S07R,084000_D..S07R,D,1,1754402400,1D 1400 BPK/STL,1754422336,1754422348,692,0,0
1754402430_M..N,084050_M..N,M,0,1754402430,1M 1400+ MET/CTL,1754421329,1754421342,875,0,0
1754402460_FS.N01R,084100_FS.N01R,FS,0,1754402460,1FS 1401 PPK/FKN,1754418507,1754418519,590,0,0
1754402520_B..N65R,084200_B..N65R,B,0,1754402520,1B 1402 BBC/BPK,1754422260,1754422273,987,0,0
1754402550_D..S07R,084250_D..S07R,D,1,1754402550,1D 1402+ 205/STL,1754417215,1754417227,407,0,0
1754402580_F..S74X001,084300_F..S74X001,F,1,1754402580,1F 1403 179/STL,1754422876,1754422888,1061,0,0
1754402610_M..S20R,084350_M..S20R,M,1,1754402610,1M 1403+ CTL/MET,1754421492,1754421495,872,0,0
1754402640_B..S66R,084400_B..S66R,B,1,1754402640,1B 1404 145/BBC,1754420774,1754420786,773,0,0
1754402850_D..N07R,084750_D..N07R,D,0,1754402850,1D 1407+ STL/205,1754423747,1754423762,1124,0,0
1754402880_D..S07R,084800_D..S07R,D,1,1754402880,1D 1408 BPK/STL,1754423341,1754423354,720,0,0
1754402880_M..S,084800_M..S,M,1,1754402880,EM 1408 CTL/MET,1754421750,1754421762,702,0,0
1754402910_M..N,084850_M..N,M,0,1754402910,1M 1408+ MET/CTL,1754421885,1754421897,888,0,0
1754402970_F..N,084950_F..N,F,0,1754402970,1F 1409+ STL/179,1754423507,1754423519,1095,0,0
1754403000_D..S07R,085000_D..S07R,D,1,1754403000,1D 1410 205/STL,1754417605,1754417618,405,0,0
1754403030_F..S74X001,085050_F..S74X001,F,1,1754403030,1F 1410+ 179/STL,1754423326,1754423339,1070,0,0
1754403090_B..S65R,085150_B..S65R,B,1,1754403090,1B 1411+ BPK/BBC,1754423038,1754423041,1027,0,0
1754403090_M..S20R,085150_M..S20R,M,1,1754403090,1M 1411+ CTL/MET,1754421735,1754421747,854,0,0
1754403120_B..N66R,085200_B..N66R,B,0,1754403120,1B 1412 BBC/145,1754421372,1754421375,803,0,0
1754403120_F..N,085200_F..N,F,0,1754403120,1F 1412 CHU/179,1754422095,1754422107,900,1,0
1754403330_D..S07R,085550_D..S07R,D,1,1754403330,1D 1415+ BPK/STL,1754423326,1754423339,667,0,0
1754403390_D..S07R,085650_D..S07R,D,1,1754403390,1D 1416+ 205/STL,1754418191,1754418203,457,0,0
1754403390_M..N,085650_M..N,M,0,1754403390,1M 1416+ MET/CTL,1754422152,1754422155,889,0,0
1754403420_D..N07R,085700_D..N07R,D,0,1754403420,1D 1417 STL/205,1754423747,1754423762,1082,0,0
1754403570_F..S74X001,085950_F..S74X001,F,1,1754403570,1F 1419+ 179/STL,1754423987,1754424003,1088,0,0
1754403570_M..S20R,085950_M..S20R,M,1,1754403570,1M 1419+ CTL/MET,1754422498,1754422501,923,0,0
1754403690_B..S66R,086150_B..S66R,B,1,1754403690,1B 1421+ 145/BBC,1754421720,1754421732,812,0,0
1754403690_FS.S01R,086150_FS.S01R,FS,1,1754403690,1FS 1421+ FKN/PPK,1754428882,1754428897,1645,0,0
1754403720_B..N65R,086200_B..N65R,B,0,1754403720,1B 1422 BBC/BPK,1754423627,1754423642,1054,0,0
1754403720_D..S07R,086200_D..S07R,D,1,1754403720,1D 1422 BPK/STL,1754423897,1754423912,637,0,0
1754403780_F..N,086300_F..N,F,0,1754403780,1F 1423 CHU/179,1754423026,1754423038,980,1,0
1754403810_F..N,086350_F..N,F,0,1754403810,1F 1423+ STL/179,1754424228,1754424243,1088,0,0
1754403870_M..N,086450_M..N,M,0,1754403870,1M 1424+ MET/CTL,1754422531,1754422543,908,0,0
1754403900_D..N07R,086500_D..N07R,D,0,1754403900,1D 1425 STL/205,1754424513,1754424525,1101,0,0
1754403960_F..S74X001,086600_F..S74X001,F,1,1754403960,1F 1426 179/STL,1754424648,1754424663,1111,0,0
1754404020_M..S20R,086700_M..S20R,M,1,1754404020,1M 1427 CTL/MET,1754422873,1754422876,943,0,0
1754404110_B..S65R,086850_B..S65R,B,1,1754404110,1B 1428+ BPK/BBC,1754423507,1754423519,1018,0,0
1754404260_FS.N01R,087100_FS.N01R,FS,0,1754404260,1FS 1431 PPK/FKN,1754429453,1754429468,1646,0,0
1754404290_D..S07R,087150_D..S07R,D,1,1754404290,1D 1431+ BPK/STL,1754425083,1754425095,679,1,1
1754404320_B..N65R,087200_B..N65R,B,0,1754404320,1B 1432 BBC/BPK,1754424003,1754424017,1039,0,0
1754404350_F..S74X001,087250_F..S74X001,F,1,1754404350,1F 1432+ 179/STL,1754424903,1754424915,1112,0,0
1754404350_M..N,087250_M..N,M,0,1754404350,1M 1432+ MET/CTL,1754423326,1754423339,982,0,0
1754404380_D..N07R,087300_D..N07R,D,0,1754404380,1D 1433 STL/205,1754424498,1754424513,1068,0,0
1754404380_D..S07R,087300_D..S07R,D,1,1754404380,1D 1433 205/STL,1754418987,1754419002,473,0,0
1754404500_M..S20R,087500_M..S20R,M,1,1754404500,1M 1435 CTL/MET,1754423206,1754423218,955,0,0
1754404560_F..N,087600_F..N,F,0,1754404560,1F 1436 CHU/179,1754423867,1754423882,1012,1,0
1754404620_B..S66R,087700_B..S66R,B,1,1754404620,1B 1437 145/BBC,1754423326,1754423339,958,0,0
1754404710_D..S07R,087850_D..S07R,D,1,1754404710,1D 1438+ BPK/STL,1754426119,1754426132,799,1,1
1754404770_F..S74X001,087950_F..S74X001,F,1,1754404770,1F 1439+ 179/STL,1754425399,1754425411,1134,0,0
1754404830_B..N66R,088050_B..N66R,B,0,1754404830,1B 1440+ BBC/145,1754423011,1754423023,888,0,0
1754404830_F..N,088050_F..N,F,0,1754404830,1F 1440+ STL/179,1754425414,1754425426,1128,0,0
1754404830_M..N,088050_M..N,M,0,1754404830,1M 1440+ MET/CTL,1754423687,1754423702,964,0,0
1754404860_D..N07R,088100_D..N07R,D,0,1754404860,1D 1441 STL/205,1754425159,1754425171,1090,1,0
1754404860_FS.N01R,088100_FS.N01R,FS,0,1754404860,1FS 1441 PPK/FKN,1754430054,1754430066,1652,0,0
1754404980_M..S20R,088300_M..S20R,M,1,1754404980,1M 1443 CTL/MET,1754423852,1754423867,955,0,0
1754405010_B..S65R,088350_B..S65R,B,1,1754405010,1B 1443+ BPK/BBC,1754424978,1754424990,1046,0,0
1754405160_F..N,088600_F..N,F,0,1754405160,1F 1446 KHY/179,1754424468,1754424483,972,0,0
1754405190_D..S07R,088650_D..S07R,D,1,1754405190,1D 1446+ BPK/STL,1754425219,1754425231,637,1,1
1754405220_F..S74X001,088700_F..S74X001,F,1,1754405220,1F 1447 179/STL,1754430414,1754430426,1652,0,0
1754405310_B..N65R,088850_B..N65R,B,0,1754405310,1B 1448+ BBC/BPK,1754424753,1754424765,978,0,0
1754405310_M..N,088850_M..N,M,0,1754405310,1M 1448+ MET/CTL,1754423867,1754423882,912,0,0
1754405340_D..N07R,088900_D..N07R,D,0,1754405340,1D 1449 STL/205,1754425504,1754425516,1072,0,0
1754405370_M..S20R,088950_M..S20R,M,1,1754405370,1M 1449+ CTL/MET,1754424167,1754424182,924,0,0
1754405490_F..N,089150_F..N,F,0,1754405490,1F 1451+ CHU/179,1754424813,1754424825,961,1,0
1754405490_FS.S01R,089150_FS.S01R,FS,1,1754405490,1FS 1451+ FKN/PPK,1754430696,1754430699,1653,0,0
1754405550_F..N,089250_F..N,F,0,1754405550,1F 1452+ STL/179,1754426525,1754426537,1180,0,0
1754405580_B..S66R,089300_B..S66R,B,1,1754405580,1B 1453 145/BBC,1754424573,1754424588,925,0,0
1754405700_D..S07R,089500_D..S07R,D,1,1754405700,1D 1455 BPK/STL,1754426164,1754426176,747,0,0
1754405730_D..N07R,089550_D..N07R,D,0,1754405730,1D 1455+ STL/205,1754426150,1754426162,1106,0,0
1754405760_B..N65R,089600_B..N65R,B,0,1754405760,1B 1456 BBC/BPK,1754425426,1754425429,935,0,0
1754405760_F..S73X001,089600_F..S73X001,F,1,1754405760,1F 1456 179/KHY,1754425234,1754425246,980,0,0
1754405790_M..N,089650_M..N,M,0,1754405790,1M 1456+ MET/CTL,1754424528,1754424540,893,0,0
1754405910_D..S07R,089850_D..S07R,D,1,1754405910,1D 1458+ 205/STL,1754420278,1754420291,379,0,0
1754405940_M..S20R,089900_M..S20R,M,1,1754405940,1M 1459 CTL/MET,1754424648,1754424663,856,0,0
1754405970_B..S65R,089950_B..S65R,B,1,1754405970,1B 1459+ BPK/BBC,1754425804,1754425816,981,0,0
1754406030_F..N,090050_F..N,F,0,1754406030,1F 1500+ CHU/179,1754425020,1754425023,915,1,0
1754406090_F..N,090150_F..N,F,0,1754406090,1F 1501+ STL/179,1754426945,1754426957,1164,0,0
1754406210_F..S74X001,090350_F..S74X001,F,1,1754406210,1F 1503+ 179/STL,1754426687,1754426690,1113,0,0
1754406240_D..S07R,090400_D..S07R,D,1,1754406240,1D 1504 BPK/STL,1754426495,1754426507,749,0,0
1754406270_B..N65R,090450_B..N65R,B,0,1754406270,1B 1504+ BBC/BPK,1754425804,1754425816,917,0,0
1754406270_D..N14R,090450_D..N14R,D,0,1754406270,1D 1504+ STL/205,1754426360,1754426372,1062,0,0
1754406270_M..N,090450_M..N,M,0,1754406270,1M 1504+ MET/CTL,1754425201,1754425204,907,0,0
1754406360_M..S20R,090600_M..S20R,M,1,1754406360,1M 1506 CTL/MET,1754425140,1754425143,858,0,0
1754406630_B..N65R,091050_B..N65R,B,0,1754406630,1B 1510+ BBC/BPK,1754426435,1754426447,953,0,0
1754406660_F..S74X001,091100_F..S74X001,F,1,1754406660,1F 1511 179/STL,1754427396,1754427408,1148,0,0
1754406720_B..S66R,091200_B..S66R,B,1,1754406720,1B 1512 145/BBC,1754425306,1754425309,861,0,0
1754406720_F..N,091200_F..N,F,0,1754406720,1F 1512 STL/179,1754427636,1754427648,1172,0,0
1754406750_M..N,091250_M..N,M,0,1754406750,1M 1512+ MET/CTL,1754426089,1754426102,963,0,0
1754406780_D..N14R,091300_D..N14R,D,0,1754406780,1D 1513 STL/205,1754426630,1754426642,1031,0,0
1754406780_D..S07R,091300_D..S07R,D,1,1754406780,1D 1513 BPK/STL,1754427110,1754427123,708,0,2
1754406780_M..S20R,091300_M..S20R,M,1,1754406780,1M 1513 CTL/MET,1754425714,1754425726,909,0,0
1754406930_B..S65R,091550_B..S65R,B,1,1754406930,1B 1515+ BPK/BBC,1754427261,1754427273,909,0,0
1754407020_F..N,091700_F..N,F,0,1754407020,1F 1517 STL/179,1754427155,1754427168,1069,1,0
1754407050_F..N,091750_F..N,F,0,1754407050,1F 1517+ KHY/179,1754426735,1754426747,1009,1,0
1754407110_B..N65R,091850_B..N65R,B,0,1754407110,1B 1518+ BBC/BPK,1754426870,1754426883,1019,0,0
1754407140_F..S73X001,091900_F..S73X001,F,1,1754407140,1F 1519 179/KHY,1754427771,1754427783,1135,0,0
1754407230_M..N,092050_M..N,M,0,1754407230,1M 1520+ MET/CTL,1754426420,1754426432,943,0,0
1754407260_D..N14R,092100_D..N14R,D,0,1754407260,1D 1521 STL/205,1754426960,1754426972,1011,0,0
1754407290_D..S07R,092150_D..S07R,D,1,1754407290,1D 1521+ BPK/STL,1754427291,1754427303,669,0,0
1754407320_F..N,092200_F..N,F,0,1754407320,1F 1522 STL/179,1754428312,1754428327,1179,0,0
1754407410_M..S20R,092350_M..S20R,M,1,1754407410,1M 1523+ CTL/MET,1754426330,1754426342,907,0,0
1754407470_F..S74X001,092450_F..S74X001,F,1,1754407470,1F 1524+ 179/STL,1754427651,1754427663,1075,0,0
1754407500_B..S66R,092500_B..S66R,B,1,1754407500,1B 1525 145/BBC,1754425999,1754426011,851,0,0
1754407620_F..N,092700_F..N,F,0,1754407620,1F 1527 STL/179,1754427768,1754427771,1070,1,1
1754407650_B..N65R,092750_B..N65R,B,0,1754407650,1B 1527+ BBC/BPK,1754427546,1754427558,1037,0,0
1754407710_M..N,092850_M..N,M,0,1754407710,1M 1528+ MET/CTL,1754427047,1754427050,962,0,0
1754407740_D..N14R,092900_D..N14R,D,0,1754407740,1D 1529 STL/205,1754427831,1754427844,1063,0,0
1754407740_D..S07R,092900_D..S07R,D,1,1754407740,1D 1529 BPK/STL,1754427561,1754427573,656,0,0
1754407800_F..S73X001,093000_F..S73X001,F,1,1754407800,1F 1530 179/KHY,1754427771,1754427783,1047,0,0
1754407890_M..S20R,093150_M..S20R,M,1,1754407890,1M 1531+ CTL/MET,1754426615,1754426627,885,0,0
1754407950_B..S65R,093250_B..S65R,B,1,1754407950,1B 1532+ BPK/BBC,1754423161,1754423173,501,0,0
1754408130_B..N65R,093550_B..N65R,B,0,1754408130,1B 1535+ BBC/BPK,1754428041,1754428053,1058,0,0
1754408130_F..S74X001,093550_F..S74X001,F,1,1754408130,1F 1535+ 179/STL,1754428101,1754428114,1066,0,0
1754408160_D..S07R,093600_D..S07R,D,1,1754408160,1D 1536 BPK/STL,1754428087,1754428099,675,0,0
1754408160_F..N,093600_F..N,F,0,1754408160,1F 1536 STL/179,1754428882,1754428897,1128,0,0
1754408190_M..N,093650_M..N,M,0,1754408190,1M 1536+ MET/CTL,1754427651,1754427663,1003,0,0
1754408220_D..N14R,093700_D..N14R,D,0,1754408220,1D 1537 STL/205,1754428852,1754428867,1122,0,0
1754408250_D..S07R,093750_D..S07R,D,1,1754408250,1D 1537+ 205/STL,1754422921,1754422933,411,0,0
1754408280_B..S65R,093800_B..S65R,B,1,1754408280,1B 1538 BPK/BBC,1754433147,1754433162,1157,0,0
1754408430_M..S20R,094050_M..S20R,M,1,1754408430,1M 1540+ CTL/MET,1754427306,1754427318,941,0,0
1754408490_F..N,094150_F..N,F,0,1754408490,1F 1541+ KHY/179,1754428642,1754428657,1090,0,0
1754408580_D..S07R,094300_D..S07R,D,1,1754408580,1D 1543 BPK/STL,1754429273,1754429288,710,0,0
1754408580_F..N,094300_F..N,F,0,1754408580,1F 1543 STL/179,1754429153,1754429168,1118,0,0
1754408580_F..S74X001,094300_F..S74X001,F,1,1754408580,1F 1543 179/STL,1754428507,1754428522,1075,2,2
1754408670_M..N,094450_M..N,M,0,1754408670,1M 1544+ MET/CTL,1754427786,1754427798,989,0,0
1754408760_D..N14R,094600_D..N14R,D,0,1754408760,1D 1546 STL/205,1754428942,1754428957,1092,0,0
1754408790_B..N65R,094650_B..N65R,B,0,1754408790,1B 1546+ BBC/BPK,1754428522,1754428537,1062,1,0
1754408790_D..S07R,094650_D..S07R,D,1,1754408790,1D 1546+ 205/STL,1754422978,1754422981,398,0,0
1754408820_M..S20R,094700_M..S20R,M,1,1754408820,1M 1547 CTL/MET,1754427711,1754427723,969,0,0
1754408880_F..S73X001,094800_F..S73X001,F,1,1754408880,1F 1548 179/KHY,1754428462,1754428477,1052,1,0
1754408970_B..S66R,094950_B..S66R,B,1,1754408970,1B 1549+ 145/BBC,1754427381,1754427393,915,0,0
1754409150_M..N,095250_M..N,M,0,1754409150,1M 1552+ MET/CTL,1754428129,1754428132,1001,0,0
1754409210_F..S74X001,095350_F..S74X001,F,1,1754409210,1F 1553+ 179/STL,1754429528,1754429543,1102,0,0
1754409240_D..N14R,095400_D..N14R,D,0,1754409240,1D 1554 STL/205,1754429558,1754429573,1101,0,0
1754409330_D..S07R,095550_D..S07R,D,1,1754409330,1D 1555+ 205/STL,1754422726,1754422738,346,0,0
1754409330_M..S20R,095550_M..S20R,M,1,1754409330,1M 1555+ CTL/MET,1754428267,1754428279,1001,0,0
1754409390_B..N65R,095650_B..N65R,B,0,1754409390,1B 1556+ BBC/BPK,1754428822,1754428837,1034,0,0
1754409450_F..N,095750_F..N,F,0,1754409450,1F 1557+ KHY/179,1754429588,1754429603,1079,0,0
1754409450_F..S73X001,095750_F..S73X001,F,1,1754409450,1F 1557+ 179/KHY,1754429183,1754429198,1050,0,0
1754409480_F..N,095800_F..N,F,0,1754409480,1F 1558 STL/179,1754429723,1754429735,678,0,0
1754409540_B..S65R,095900_B..S65R,B,1,1754409540,1B 1559 BPK/BBC,1754428612,1754428627,1000,0,0
1754409630_M..N,096050_M..N,M,0,1754409630,1M 1600+ MET/CTL,1754429017,1754429032,1014,0,0
1754409660_D..S07R,096100_D..S07R,D,1,1754409660,1D 1601 BPK/STL,1754429783,1754429795,655,0,0
1754409780_D..N14R,096300_D..N14R,D,0,1754409780,1D 1603 STL/205,1754429843,1754429855,1064,0,0
1754409900_F..S74X001,096500_F..S74X001,F,1,1754409900,1F 1605 179/STL,1754430384,1754430396,735,0,0
1754409930_B..S65R,096550_B..S65R,B,1,1754409930,1B 1605+ BPK/BBC,1754428912,1754428927,967,0,0
1754409930_M..S20R,096550_M..S20R,M,1,1754409930,1M 1605+ CTL/MET,1754428793,1754428807,959,0,0
1754409990_B..N65R,096650_B..N65R,B,0,1754409990,1B 1606+ BBC/BPK,1754429648,1754429663,1011,0,0
1754410110_D..S07R,096850_D..S07R,D,1,1754410110,1D 1608+ BPK/STL,1754429963,1754429975,644,0,0
1754410110_M..N,096850_M..N,M,0,1754410110,1M 1608+ MET/CTL,1754429093,1754429108,955,0,0
1754410200_B..S,097000_B..S,B,1,1754410200,EB 1610 BPK/BBC,1754429363,1754429378,663,0,0
1754410230_D..N14R,097050_D..N14R,D,0,1754410230,1D 1610+ STL/205,1754430156,1754430159,1045,1,0
1754410260_B..N65R,097100_B..N65R,B,0,1754410260,1B 1611 BBC/BPK,1754429975,1754429978,1017,0,0
1754410260_M..S20R,097100_M..S20R,M,1,1754410260,1M 1611 CTL/MET,1754429002,1754429017,929,0,0
1754410350_F..S74X001,097250_F..S74X001,F,1,1754410350,1F 1612+ 179/STL,1754430516,1754430519,1077,0,0
1754410380_F..N,097300_F..N,F,0,1754410380,1F 1613 STL/179,1754430564,1754430576,1080,0,0
1754410560_B..S65R,097600_B..S65R,B,1,1754410560,1B 1616 BPK/BBC,1754430054,1754430066,988,0,0
1754410560_M..N,097600_M..N,M,0,1754410560,1M 1616 MET/CTL,1754429333,1754429348,911,0,0
1754410620_B..N65R,097700_B..N65R,B,0,1754410620,1B 1617 BBC/BPK,1754430519,1754430531,1042,0,0
1754410620_D..N14R,097700_D..N14R,D,0,1754410620,1D 1617 STL/205,1754430921,1754430924,1095,0,0
1754410710_M..S20R,097850_M..S20R,M,1,1754410710,1M 1618+ CTL/MET,1754429873,1754429885,944,0,0
1754410740_F..S73X001,097900_F..S73X001,F,1,1754410740,1F 1619 179/KHY,1754430294,1754430306,996,0,0
1754410800_D..S07R,098000_D..S07R,D,1,1754410800,1D 1620 BPK/STL,1754430399,1754430411,652,0,0
1754410830_D..S07R,098050_D..S07R,D,1,1754410830,1D 1620+ 205/BPK,1754425186,1754425188,394,0,0
1754410980_B..S65R,098300_B..S65R,B,1,1754410980,1B 1623 BPK/BBC,1754430489,1754430501,991,0,0
1754410980_F..N,098300_F..N,F,0,1754410980,1F 1623 STL/179,1754431195,1754431207,1060,0,0
1754411010_D..N14R,098350_D..N14R,D,0,1754411010,1D 1623+ STL/205,1754431540,1754431552,1127,1,0
1754411010_F..S74X001,098350_F..S74X001,F,1,1754411010,1F 1623+ 179/STL,1754431075,1754431087,1065,0,0
1754411070_M..N,098450_M..N,M,0,1754411070,1M 1624+ MET/CTL,1754429675,1754429678,870,0,0
1754411160_D..S,098600_D..S,D,1,1754411160,1D 1626 BPK/STL,1754430681,1754430684,674,0,0
1754411190_M..S20R,098650_M..S20R,M,1,1754411190,1M 1626+ CTL/MET,1754430324,1754430336,941,0,0
1754411310_B..N65R,098850_B..N65R,B,0,1754411310,1B 1628+ BBC/BPK,1754430982,1754430984,1012,0,0
1754411310_F..S73X001,098850_F..S73X001,F,1,1754411310,1F 1628+ 179/KHY,1754431270,1754431282,1051,0,0
1754411340_F..N,098900_F..N,F,0,1754411340,1F 1629 KHY/179,1754430834,1754430846,989,0,0
1754411370_D..N14R,098950_D..N14R,D,0,1754411370,1D 1629+ STL/205,1754431540,1754431552,1079,0,0
1754411400_D..S07R,099000_D..S07R,D,1,1754411400,1D 1630 BPK/STL,1754431105,1754431117,618,0,0
1754411460_F..N,099100_F..N,F,0,1754411460,1F 1631 STL/179,1754431795,1754431807,1101,0,0
1754411520_B..S65R,099200_B..S65R,B,1,1754411520,1B 1632 BPK/BBC,1754431315,1754431327,1029,0,0
1754411550_M..N,099250_M..N,M,0,1754411550,1M 1632+ MET/CTL,1754430249,1754430261,883,0,0
1754411670_M..S20R,099450_M..S20R,M,1,1754411670,1M 1634+ CTL/MET,1754430369,1754430381,883,0,0
1754411730_D..N14R,099550_D..N14R,D,0,1754411730,1D 1635+ STL/205,1754432171,1754432183,1115,0,0
1754411760_D..S07R,099600_D..S07R,D,1,1754411760,1D 1636 BPK/STL,1754431945,1754431958,699,0,0
1754411760_F..S74X001,099600_F..S74X001,F,1,1754411760,1F 1636 179/STL,1754431762,1754431765,1056,0,0
1754411820_B..N65R,099700_B..N65R,B,0,1754411820,1B 1637 BBC/BPK,1754431330,1754431342,991,0,0
1754411850_D..S07R,099750_D..S07R,D,1,1754411850,1D 1637+ 205/STL,1754426285,1754426297,405,0,0
1754411940_B..S65R,099900_B..S65R,B,1,1754411940,1B 1639 BPK/BBC,1754431975,1754431987,1061,0,0
1754411940_F..N,099900_F..N,F,0,1754411940,1F 1639 STL/179,1754432066,1754432078,1073,0,0
1754412000_F..S73X001,100000_F..S73X001,F,1,1754412000,1F 1640 179/KHY,1754431780,1754431792,1027,0,0
1754412030_M..N,100050_M..N,M,0,1754412030,1M 1640+ MET/CTL,1754430774,1754430786,889,0,0
1754412180_D..S07R,100300_D..S07R,D,1,1754412180,1D 1643 BPK/STL,1754431942,1754431945,663,0,0
1754412180_M..S20R,100300_M..S20R,M,1,1754412180,1M 1643 CTL/MET,1754431342,1754431345,944,0,0
1754412240_D..N14R,100400_D..N14R,D,0,1754412240,1D 1644 STL/205,1754432186,1754432198,1049,0,0
1754412240_D..S07R,100400_D..S07R,D,1,1754412240,1D 1644 205/STL,1754426615,1754426627,397,0,0
1754412360_F..S74X001,100600_F..S74X001,F,1,1754412360,1F 1646 179/STL,1754432603,1754432606,1088,0,0
1754412420_F..N,100700_F..N,F,0,1754412420,1F 1647 STL/179,1754432562,1754432573,1075,0,0
1754412480_M..N,100800_M..N,M,0,1754412480,1M 1648 MET/CTL,1754431510,1754431522,927,0,0
1754412510_B..N65R,100850_B..N65R,B,0,1754412510,1B 1648+ BBC/BPK,1754432005,1754432018,989,0,0
1754412570_D..S07R,100950_D..S07R,D,1,1754412570,1D 1649+ BPK/STL,1754432531,1754432543,698,0,0
1754412660_B..S65R,101100_B..S65R,B,1,1754412660,1B 1651 BPK/BBC,1754431991,1754432003,969,0,0
1754412660_F..S73X001,101100_F..S73X001,F,1,1754412660,1F 1651 179/KHY,1754432516,1754432528,1039,0,0
1754412690_M..S20R,101150_M..S20R,M,1,1754412690,1M 1651+ CTL/MET,1754431342,1754431345,879,0,0
1754412750_D..N14R,101250_D..N14R,D,0,1754412750,1D 1652+ STL/205,1754432723,1754432726,1058,0,0
1754412810_F..N,101350_F..N,F,0,1754412810,1F 1653+ KHY/179,1754432381,1754432393,1008,0,0
1754412870_D..S07R,101450_D..S07R,D,1,1754412870,1D 1654+ BPK/STL,1754433312,1754433327,744,0,0
1754412990_M..N,101650_M..N,M,0,1754412990,1M 1656+ MET/CTL,1754431991,1754432003,944,0,0
1754413020_B..N65R,101700_B..N65R,B,0,1754413020,1B 1657 BBC/BPK,1754432501,1754432513,1010,0,0
1754413020_D..S07R,101700_D..S07R,D,1,1754413020,1D 1657 205/STL,1754427711,1754427723,462,0,0
1754413020_F..N,101700_F..N,F,0,1754413020,1F 1657 STL/179,1754434210,1754434213,1168,0,0
1754413020_F..S74X001,101700_F..S74X001,F,1,1754413020,1F 1657 179/STL,1754432937,1754432949,1068,0,0
1754413050_B..S65R,101750_B..S65R,B,1,1754413050,1B 1657+ BPK/BBC,1754432486,1754432498,1006,0,0
1754413080_D..S,101800_D..S,D,1,1754413080,ED 1658 BPK/STL,1754433462,1754433477,698,0,0
1754413200_B..S65R,102000_B..S65R,B,1,1754413200,1B 1700 BPK/BBC,1754433342,1754433357,745,1,0
1754413230_D..N14R,102050_D..N14R,D,0,1754413230,1D 1700+ STL/205,1754433147,1754433162,1079,0,0
1754413260_F..S74X001,102100_F..S74X001,F,1,1754413260,1F 1701 179/STL,1754433492,1754433507,1104,0,0
1754413350_D..S07R,102250_D..S07R,D,1,1754413350,1D 1702+ BPK/STL,1754433642,1754433657,668,0,0
1754413350_M..S20R,102250_M..S20R,M,1,1754413350,1M 1702+ CTL/MET,1754431882,1754431885,905,0,0
1754413410_F..N,102350_F..N,F,0,1754413410,1F 1703+ KHY/179,1754433778,1754433793,1113,0,0
1754413440_M..N,102400_M..N,M,0,1754413440,1M 1704 MET/CTL,1754432543,1754432546,987,0,0
1754413500_F..N,102500_F..N,F,0,1754413500,1F 1705 STL/179,1754433252,1754433267,1072,1,0
1754413500_F..S73X001,102500_F..S73X001,F,1,1754413500,1F 1705 179/KHY,1754433084,1754433087,1054,0,0
1754413590_D..S07R,102650_D..S07R,D,1,1754413590,1D 1706+ 205/STL,1754428867,1754428882,538,0,0
1754413650_B..S65R,102750_B..S65R,B,1,1754413650,1B 1707+ BPK/BBC,1754433627,1754433642,1087,0,0
1754413650_D..N14R,102750_D..N14R,D,0,1754413650,1D 1707+ STL/205,1754434243,1754434258,1130,0,0
1754413770_M..S20R,102950_M..S20R,M,1,1754413770,1M 1709+ CTL/MET,1754432606,1754432618,972,0,0
1754413800_F..N,103000_F..N,F,0,1754413800,1F 1710 STL/179,1754433973,1754433988,1097,1,1
1754413800_F..S74X001,103000_F..S74X001,F,1,1754413800,1F 1710 179/STL,1754434258,1754434273,1118,0,0
1754413849_B..N65R,103083_B..N65R,B,0,1754413849,1B 1710+ BBC/BPK,1754433204,1754433207,1037,0,0
1754413920_D..S07R,103200_D..S07R,D,1,1754413920,1D 1712 BPK/STL,1754434108,1754434123,585,2,2
1754413920_M..N,103200_M..N,M,0,1754413920,1M 1712 MET/CTL,1754432906,1754432919,997,0,0
1754414100_D..N14R,103500_D..N14R,D,0,1754414100,1D 1715 STL/205,1754434934,1754434946,1165,0,0
1754414130_F..S73X001,103550_F..S73X001,F,1,1754414130,1F 1715+ 179/KHY,1754433702,1754433717,1044,0,0
1754414160_B..S65R,103600_B..S65R,B,1,1754414160,1B 1716 BPK/BBC,1754433912,1754433927,1054,0,0
1754414400_F..N,104000_F..N,F,0,1754414400,1F 1720 STL/179,1754434723,1754434735,1096,0,0
1754414430_F..S74X001,104050_F..S74X001,F,1,1754414430,1F 1720+ 179/STL,1754434750,1754434753,1095,0,0
1754414430_M..N,104050_M..N,M,0,1754414430,1M 1720+ MET/CTL,1754433477,1754433492,989,0,0
1754414430_M..S20R,104050_M..S20R,M,1,1754414430,1M 1720+ CTL/MET,1754433207,1754433219,969,0,0
1754414490_D..S09R,104150_D..S09R,D,1,1754414490,1D 1721+ BPK/STL,1754434468,1754434483,613,0,0
1754414580_D..S07R,104300_D..S07R,D,1,1754414580,1D 1723 205/STL,1754429318,1754429333,456,0,0
1754414640_F..N,104400_F..N,F,0,1754414640,1F 1724 KHY/179,1754434438,1754434453,1029,0,0
1754414670_D..N14R,104450_D..N14R,D,0,1754414670,1D 1724+ STL/205,1754439874,1754439885,1667,0,0
1754414679_B..N65R,104466_B..N65R,B,0,1754414679,1B 1724+ BBC/BPK,1754433958,1754433973,987,0,0
1754414730_B..S65R,104550_B..S65R,B,1,1754414730,1B 1725+ BPK/BBC,1754434468,1754434483,1020,0,0
1754414730_F..S73X001,104550_F..S73X001,F,1,1754414730,1F 1725+ 179/KHY,1754434438,1754434453,1017,0,0
1754414760_M..S20R,104600_M..S20R,M,1,1754414760,1M 1726 CTL/MET,1754433522,1754433537,948,0,0
1754414910_D..S07R,104850_D..S07R,D,1,1754414910,1D 1728+ BPK/STL,1754434513,1754434528,589,0,1
1754414910_M..N,104850_M..N,M,0,1754414910,1M 1728+ MET/CTL,1754433837,1754433852,949,0,0
1754415000_F..N,105000_F..N,F,0,1754415000,1F 1730 STL/179,1754435384,1754435396,1108,0,0
1754415030_F..S74X001,105050_F..S74X001,F,1,1754415030,1F 1730+ 179/STL,1754435324,1754435336,1096,0,0
1754415150_D..S07R,105250_D..S07R,D,1,1754415150,1D 1732+ 205/STL,1754429588,1754429603,400,0,0
1754415210_D..N07R,105350_D..N07R,D,0,1754415210,1D 1733+ STL/205,1754435579,1754435591,1106,0,0
1754415210_F..N,105350_F..N,F,0,1754415210,1F 1733+ KHY/179,1754434990,1754434993,1024,0,0
1754415330_B..S65R,105550_B..S65R,B,1,1754415330,1B 1735+ BPK/BBC,1754434903,1754434916,997,0,0
1754415330_F..S73X001,105550_F..S73X001,F,1,1754415330,1F 1735+ 179/KHY,1754435054,1754435066,1017,0,0
1754415390_M..N,105650_M..N,M,0,1754415390,1M 1736+ MET/CTL,1754434811,1754434814,976,0,0
1754415390_M..S20R,105650_M..S20R,M,1,1754415390,1M 1736+ CTL/MET,1754434033,1754434048,898,0,0
1754415480_D..S07R,105800_D..S07R,D,1,1754415480,1D 1738 BPK/STL,1754435144,1754435156,654,0,0
1754415510_B..N65R,105850_B..N65R,B,0,1754415510,1B 1738+ BBC/BPK,1754435144,1754435156,1006,0,0
1754415630_F..S74X001,106050_F..S74X001,F,1,1754415630,1F 1740+ 179/STL,1754436450,1754436462,1166,0,0
1754415720_D..N07R,106200_D..N07R,D,0,1754415720,1D 1742 STL/205,1754436537,1754436540,1165,0,0
1754415750_M..S20R,106250_M..S20R,M,1,1754415750,1M 1742+ CTL/MET,1754434558,1754434570,894,0,0
1754415780_F..N,106300_F..N,F,0,1754415780,1F 1743 STL/179,1754435834,1754435846,1064,0,0
1754415870_M..N,106450_M..N,M,0,1754415870,1M 1744+ MET/CTL,1754434993,1754435006,937,0,0
1754415930_D..S07R,106550_D..S07R,D,1,1754415930,1D 1745+ BPK/STL,1754435834,1754435846,680,0,0
1754415930_F..S73X001,106550_F..S73X001,F,1,1754415930,1F 1745+ 179/STL,1754436492,1754436495,1131,1,0
1754416020_M..S20R,106700_M..S20R,M,1,1754416020,1M 1747 CTL/MET,1754434903,1754434916,905,0,0
1754416110_B..N65R,106850_B..N65R,B,0,1754416110,1B 1748+ BBC/BPK,1754435609,1754435621,990,0,0
1754416140_D..S07R,106900_D..S07R,D,1,1754416140,1D 1749 205/STL,1754430636,1754430639,403,0,0
1754416170_D..N07R,106950_D..N07R,D,0,1754416170,1D 1749+ STL/205,1754436780,1754436792,1138,0,0
1754416260_B..S65R,107100_B..S65R,B,1,1754416260,1B 1751 BPK/BBC,1754435684,1754435696,980,0,0
1754416320_F..N,107200_F..N,F,0,1754416320,1F 1752 STL/179,1754436495,1754436507,1080,0,0
1754416320_F..S74X001,107200_F..S74X001,F,1,1754416320,1F 1752 179/STL,1754436732,1754436735,1111,0,0
1754416320_M..N,107200_M..N,M,0,1754416320,1M 1752 MET/CTL,1754435411,1754435414,935,0,0
1754416380_M..S20R,107300_M..S20R,M,1,1754416380,1M 1753 CTL/MET,1754435084,1754435096,881,0,0
1754416470_D..S07R,107450_D..S07R,D,1,1754416470,1D 1754+ BPK/STL,1754436360,1754436372,683,0,0
1754416530_D..N07R,107550_D..N07R,D,0,1754416530,1D 1755+ STL/205,1754437141,1754437153,1138,0,0
1754416590_B..N66R,107650_B..N66R,B,0,1754416590,1B 1756+ BBC/145,1754434588,1754434600,786,0,0
1754416590_F..N,107650_F..N,F,0,1754416590,1F 1756+ KHY/179,1754436252,1754436255,1011,0,0
1754416710_F..S74X001,107850_F..S74X001,F,1,1754416710,1F 1758+ 179/KHY,1754436180,1754436192,888,0,0
1754416740_B..S65R,107900_B..S65R,B,1,1754416740,1B 1759 BPK/BBC,1754436300,1754436312,998,0,0
1754416830_M..N,108050_M..N,M,0,1754416830,1M 1800+ MET/CTL,1754435910,1754435921,934,0,0
1754416950_D..S07R,108250_D..S07R,D,1,1754416950,1D 1802+ BPK/STL,1754436931,1754436942,1054,0,0
1754416950_F..N,108250_F..N,F,0,1754416950,1F 1802+ STL/179,1754438702,1754438717,1257,0,0
1754416950_M..S20R,108250_M..S20R,M,1,1754416950,1M 1802+ CTL/MET,1754435504,1754435516,864,0,0
1754416980_D..N07R,108300_D..N07R,D,0,1754416980,1D 1803 STL/205,1754437261,1754437273,1094,0,0
1754417100_F..S74X001,108500_F..S74X001,F,1,1754417100,1F 1805 179/STL,1754437501,1754437513,1110,0,0
1754417160_F..N,108600_F..N,F,0,1754417160,1F 1806 KHY/179,1754436690,1754436702,994,0,0
1754417220_B..N66R,108700_B..N66R,B,0,1754417220,1B 1807 BBC/145,1754435291,1754435294,799,0,0
1754417280_D..S07R,108800_D..S07R,D,1,1754417280,1D 1808 BPK/STL,1754437801,1754437813,756,0,0
1754417310_M..N,108850_M..N,M,0,1754417310,1M 1808+ MET/CTL,1754436492,1754436495,948,0,0
1754417310_M..S20R,108850_M..S20R,M,1,1754417310,1M 1808+ CTL/MET,1754435910,1754435921,871,0,0
1754417400_F..S74X001,109000_F..S74X001,F,1,1754417400,1F 1810 179/STL,1754437952,1754437963,1131,0,0
1754417430_D..N07R,109050_D..N07R,D,0,1754417430,1D 1810+ STL/205,1754437471,1754437483,1064,0,0
1754417460_B..S65R,109100_B..S65R,B,1,1754417460,1B 1811 BPK/BBC,1754437036,1754437048,1002,0,0
1754417670_F..N,109450_F..N,F,0,1754417670,1F 1814+ STL/179,1754438147,1754438159,1133,0,0
1754417670_M..S20R,109450_M..S20R,M,1,1754417670,1M 1814+ CTL/MET,1754436270,1754436282,883,0,0
1754417700_F..S74X001,109500_F..S74X001,F,1,1754417700,1F 1815 179/STL,1754442892,1754442903,1679,0,0
1754417790_D..N07R,109650_D..N07R,D,0,1754417790,1D 1816+ STL/205,1754437666,1754437678,1061,0,0
1754417790_M..N,109650_M..N,M,0,1754417790,1M 1816+ MET/CTL,1754436957,1754436961,966,0,0
1754417820_B..N66R,109700_B..N66R,B,0,1754417820,1B 1817 BBC/145,1754436525,1754436537,907,1,0
1754417850_F..N,109750_F..N,F,0,1754417850,1F 1817+ KHY/179,1754437922,1754437933,1091,0,0
1754417880_B..S65R,109800_B..S65R,B,1,1754417880,1B 1818 BPK/BBC,1754437318,1754437321,1008,0,0
1754417970_F..S74X001,109950_F..S74X001,F,1,1754417970,1F 1819+ 179/STL,1754438642,1754438657,1150,0,0
1754418000_D..S07R,110000_D..S07R,D,1,1754418000,1D 1820 BPK/STL,1754437798,1754437801,673,0,0
1754418060_M..S20R,110100_M..S20R,M,1,1754418060,1M 1821 CTL/MET,1754436795,1754436807,927,0,0
1754418120_D..N05R,110200_D..N05R,D,0,1754418120,1D 1822 STL/205,1754438732,1754438747,1146,0,0
1754418150_M..N,110250_M..N,M,0,1754418150,1M 1822+ MET/CTL,1754437576,1754437588,1025,0,0
1754418270_F..N,110450_F..N,F,0,1754418270,1F 1824+ STL/179,1754438943,1754438958,1150,0,0
1754418330_F..S73X001,110550_F..S73X001,F,1,1754418330,1F 1825+ 179/KHY,1754437756,1754437768,1037,0,0
1754418420_B..N66R,110700_B..N66R,B,0,1754418420,1B 1827 BBC/145,1754436886,1754436897,915,0,0
1754418420_D..S08X007,110700_D..S08X007,D,1,1754418420,1D 1827 BPK/STL,1754438102,1754438114,636,0,0
1754418510_F..N,110850_F..N,F,0,1754418510,1F 1828+ KHY/179,1754438507,1754438522,1105,0,0
1754418570_D..N05R,110950_D..N05R,D,0,1754418570,1D 1829+ STL/205,1754438973,1754438988,1132,0,0
1754418630_B..S65R,111050_B..S65R,B,1,1754418630,1B 1830+ BPK/BBC,1754437846,1754437858,1029,0,0
1754418630_F..S74X001,111050_F..S74X001,F,1,1754418630,1F 1830+ 179/STL,1754438657,1754438672,1107,0,0
1754418630_M..S20R,111050_M..S20R,M,1,1754418630,1M 1830+ CTL/MET,1754437336,1754437348,961,0,0
1754418810_D..S07R,111350_D..S07R,D,1,1754418810,1D 1833+ BPK/BPY,1754437982,1754437993,568,0,0
1754418810_M..N,111350_M..N,M,0,1754418810,1M 1833+ MET/CTL,1754437906,1754437919,1023,0,0
1754418870_F..S74X001,111450_F..S74X001,F,1,1754418870,1F 1834+ 179/STL,1754439123,1754439138,1119,0,0
1754418900_F..N,111500_F..N,F,0,1754418900,1F 1835 STL/179,1754439705,1754439708,1170,0,0
1754419020_B..N66R,111700_B..N66R,B,0,1754419020,1B 1837 BBC/145,1754437156,1754437168,898,0,0
1754419050_D..N05R,111750_D..N05R,D,0,1754419050,1D 1837+ STL/205,1754439648,1754439660,1143,0,0
1754419080_D..S09R,111800_D..S09R,D,1,1754419080,1D 1838 205/STL,1754433537,1754433552,463,0,0
1754419110_F..N,111850_F..N,F,0,1754419110,1F 1838+ KHY/179,1754439348,1754439363,1102,0,0
1754419200_B..S65R,112000_B..S65R,B,1,1754419200,1B 1840 BPK/BBC,1754438492,1754438507,1033,0,0
1754419200_M..S20R,112000_M..S20R,M,1,1754419200,1M 1840 CTL/MET,1754437978,1754437982,983,0,0
1754419230_M..N,112050_M..N,M,0,1754419230,1M 1840+ MET/CTL,1754438342,1754438357,1019,0,0
1754419350_F..S74X001,112250_F..S74X001,F,1,1754419350,1F 1842+ 179/STL,1754439393,1754439408,992,0,0
1754419410_D..S09R,112350_D..S09R,D,1,1754419410,1D 1843+ BPK/STL,1754438973,1754438988,618,0,0
1754419440_B..N66R,112400_B..N66R,B,0,1754419440,1B 1844 BBC/145,1754437561,1754437573,896,0,0
1754419470_D..S07R,112450_D..S07R,D,1,1754419470,1D 1844+ 205/STL,1754434168,1754434183,453,0,0
1754419530_M..S20R,112550_M..S20R,M,1,1754419530,1M 1845+ CTL/MET,1754438417,1754438432,984,0,0
1754419590_D..N05R,112650_D..N05R,D,0,1754419590,1D 1846+ STL/BPK,1754439648,1754439660,1071,0,0
1754419590_F..N,112650_F..N,F,0,1754419590,1F 1846+ STL/179,1754440174,1754440186,1141,0,0
1754419710_M..N,112850_M..N,M,0,1754419710,1M 1848+ MET/CTL,1754438717,1754438732,980,0,0
1754419800_D..S07R,113000_D..S07R,D,1,1754419800,1D 1850 BPK/STL,1754440069,1754440081,690,0,0
1754419830_F..N,113050_F..N,F,0,1754419830,1F 1850+ KHY/179,1754439825,1754439828,1062,0,0
1754419830_F..S74X001,113050_F..S74X001,F,1,1754419830,1F 1850+ 179/STL,1754440366,1754440369,1134,0,0
1754419920_B..N66R,113200_B..N66R,B,0,1754419920,1B 1852 BBC/145,1754438237,1754438252,920,0,0
1754420070_D..N05R,113450_D..N05R,D,0,1754420070,1D 1854+ STL/205,1754440126,1754440129,1070,0,0
1754420130_F..S74X001,113550_F..S74X001,F,1,1754420130,1F 1855+ 179/STL,1754440459,1754440471,1107,0,0
1754420130_M..S20R,113550_M..S20R,M,1,1754420130,1M 1855+ CTL/MET,1754438898,1754438913,936,0,0
1754420160_F..N,113600_F..N,F,0,1754420160,1F 1856 STL/179,1754440729,1754440741,1139,0,0
1754420370_F..S74X001,113950_F..S74X001,F,1,1754420370,1F 1859+ 179/STL,1754440774,1754440786,1117,0,0
1754420370_M..N,113950_M..N,M,0,1754420370,1M 1859+ MET/CTL,1754439108,1754439123,918,0,0
1754420430_F..N,114050_F..N,F,0,1754420430,1F 1900+ KHY/179,1754440549,1754440561,1079,0,0
1754420460_FS.N01R,114100_FS.N01R,FS,0,1754420460,1FS 1901 PPK/FKN,1754435925,1754435936,542,0,0
1754420490_D..N05R,114150_D..N05R,D,0,1754420490,1D 1901+ STL/205,1754440729,1754440741,1095,0,0
1754420490_FS.S01R,114150_FS.S01R,FS,1,1754420490,1FS 1901+ FKN/PPK,1754435910,1754435921,536,0,0
1754420520_B..N66R,114200_B..N66R,B,0,1754420520,1B 1902 BBC/145,1754438928,1754438943,886,0,0
1754420640_F..S74X001,114400_F..S74X001,F,1,1754420640,1F 1904 179/STL,1754441135,1754441147,1129,0,0
1754420730_M..S20R,114550_M..S20R,M,1,1754420730,1M 1905+ CTL/MET,1754439378,1754439393,888,0,0
1754420760_B..S66R,114600_B..S66R,B,1,1754420760,1B 1906 145/BBC,1754439333,1754439348,881,0,0
1754420760_D..S07R,114600_D..S07R,D,1,1754420760,1D 1906 205/STL,1754435474,1754435486,442,0,0
1754420790_F..N,114650_F..N,F,0,1754420790,1F 1906+ STL/179,1754441480,1754441492,1155,0,0
1754420880_M..N,114800_M..N,M,0,1754420880,1M 1908 MET/CTL,1754440744,1754440756,1045,0,0
1754420970_F..N,114950_F..N,F,0,1754420970,1F 1909+ KHY/179,1754441315,1754441327,1109,0,0
1754421060_D..S07R,115100_D..S07R,D,1,1754421060,1D 1911 BPK/STL,1754440940,1754440952,645,0,2
1754421060_FS.N01R,115100_FS.N01R,FS,0,1754421060,1FS 1911 PPK/FKN,1754435925,1754435936,462,0,0
1754421090_FS.S01R,115150_FS.S01R,FS,1,1754421090,1FS 1911+ FKN/PPK,1754435925,1754435936,458,0,0
1754421120_B..N66R,115200_B..N66R,B,0,1754421120,1B 1912 BBC/145,1754439645,1754439648,866,0,0
1754421120_F..S74X001,115200_F..S74X001,F,1,1754421120,1F 1912 179/STL,1754441687,1754441690,1138,0,0
1754421240_M..S20R,115400_M..S20R,M,1,1754421240,1M 1914 CTL/MET,1754439618,1754439630,847,0,0
1754421300_B..S66R,115500_B..S66R,B,1,1754421300,1B 1915 145/BBC,1754439468,1754439480,820,0,0
1754421390_D..N05R,115650_D..N05R,D,0,1754421390,1D 1916+ STL/205,1754441660,1754441672,1099,0,0
1754421390_D..S07R,115650_D..S07R,D,1,1754421390,1D 1916+ 205/STL,1754435519,1754435531,364,0,0
1754421570_F..N,115950_F..N,F,0,1754421570,1F 1919+ STL/179,1754442036,1754442048,1104,0,0
1754421600_M..N,116000_M..N,M,0,1754421600,1M 1920 MET/CTL,1754441075,1754441087,993,0,0
1754421630_F..S74X001,116050_F..S74X001,F,1,1754421630,1F 1920+ 179/STL,1754441946,1754441957,1104,0,0
1754421660_FS.N01R,116100_FS.N01R,FS,0,1754421660,1FS 1921 PPK/FKN,1754445955,1754445967,1554,0,0
1754421690_F..N,116150_F..N,F,0,1754421690,1F 1921+ KHY/179,1754441720,1754441732,1067,0,0
1754421720_B..N66R,116200_B..N66R,B,0,1754421720,1B 1922 BBC/145,1754440114,1754440126,849,0,0
1754421870_M..S20R,116450_M..S20R,M,1,1754421870,1M 1924+ CTL/MET,1754440534,1754440546,885,0,0
1754421900_B..S66R,116500_B..S66R,B,1,1754421900,1B 1925 145/BBC,1754440414,1754440426,865,0,0
1754421930_F..S74X001,116550_F..S74X001,F,1,1754421930,1F 1925+ 179/STL,1754442231,1754442243,1102,0,0
1754421960_D..N05R,116600_D..N05R,D,0,1754421960,1D 1926 STL/205,1754442021,1754442033,1070,0,0
1754422050_F..N,116750_F..N,F,0,1754422050,1F 1927+ STL/179,1754442231,1754442243,879,0,0
1754422140_D..S07R,116900_D..S07R,D,1,1754422140,1D 1929 BPK/STL,1754441540,1754441552,615,0,0
1754422230_F..S74X001,117050_F..S74X001,F,1,1754422230,1F 1930+ 179/STL,1754443042,1754443054,1170,0,0
1754422260_FS.N01R,117100_FS.N01R,FS,0,1754422260,1FS 1931 PPK/FKN,1754445970,1754445982,1476,0,0
1754422290_FS.S01R,117150_FS.S01R,FS,1,1754422290,1FS 1931+ FKN/PPK,1754445955,1754445967,1470,0,0
1754422290_M..N,117150_M..N,M,0,1754422290,1M 1931+ MET/CTL,1754441315,1754441327,933,0,0
1754422320_B..N66R,117200_B..N66R,B,0,1754422320,1B 1932 BBC/145,1754440880,1754440891,872,0,0
1754422410_D..N05R,117350_D..N05R,D,0,1754422410,1D 1933+ STL/205,1754442862,1754442873,1127,0,0
1754422500_B..S66R,117500_B..S66R,B,1,1754422500,1B 1935 145/BBC,1754440594,1754440606,818,0,0
1754422530_F..N,117550_F..N,F,0,1754422530,1F 1935+ STL/179,1754442712,1754442723,943,0,0
1754422530_F..S73X001,117550_F..S73X001,F,1,1754422530,1F 1935+ 179/KHY,1754441826,1754441837,979,0,0
1754422530_M..S20R,117550_M..S20R,M,1,1754422530,1M 1935+ CTL/MET,1754441180,1754441192,894,0,0
1754422710_D..S07R,117850_D..S07R,D,1,1754422710,1D 1938+ BPK/STL,1754442531,1754442543,635,1,1
1754422740_M..N,117900_M..N,M,0,1754422740,1M 1939 MET/CTL,1754441795,1754441807,961,0,0
1754422860_D..S08X007,118100_D..S08X007,D,1,1754422860,1D 1941 205/BPY,1754437261,1754437273,433,0,0
1754422890_F..S74X001,118150_F..S74X001,F,1,1754422890,1F 1941+ 179/STL,1754443267,1754443279,1141,0,0
1754422890_FS.S01R,118150_FS.S01R,FS,1,1754422890,1FS 1941+ FKN/PPK,1754445970,1754445982,1427,0,0
1754422950_D..N05R,118250_D..N05R,D,0,1754422950,1D 1942+ STL/205,1754443162,1754443174,1127,0,0
1754423010_F..N,118350_F..N,F,0,1754423010,1F 1943+ STL/179,1754443207,1754443222,1128,0,0
1754423100_B..S66R,118500_B..S66R,B,1,1754423100,1B 1945 145/BBC,1754441180,1754441192,856,0,0
1754423119_B..N66R,118533_B..N66R,B,0,1754423119,1B 1945 BBC/145,1754441360,1754441372,879,0,0
1754423130_M..S20R,118550_M..S20R,M,1,1754423130,1M 1945+ CTL/MET,1754441645,1754441657,916,0,0
1754423160_D..S08X007,118600_D..S08X007,D,1,1754423160,1D 1946 BPK/BPY,1754441916,1754441928,536,0,0
1754423190_F..S74X001,118650_F..S74X001,F,1,1754423190,1F 1946+ 179/STL,1754443522,1754443534,1141,0,0
1754423340_M..N,118900_M..N,M,0,1754423340,1M 1949 MET/CTL,1754442216,1754442228,977,0,0
1754423370_F..N,118950_F..N,F,0,1754423370,1F 1949+ STL/179,1754443537,1754443552,1131,0,0
1754423460_D..N05R,119100_D..N05R,D,0,1754423460,1D 1951 STL/205,1754443672,1754443687,1132,0,0
1754423580_D..S07R,119300_D..S07R,D,1,1754423580,1D 1953 BPK/STL,1754443582,1754443597,675,0,0
1754423670_F..N,119450_F..N,F,0,1754423670,1F 1954+ STL/179,1754443943,1754443958,1133,0,0
1754423700_B..S66R,119500_B..S66R,B,1,1754423700,1B 1955 145/BBC,1754441795,1754441807,891,0,0
1754423700_M..S20R,119500_M..S20R,M,1,1754423700,1M 1955 CTL/MET,1754442456,1754442468,979,0,0
1754423850_M..N,119750_M..N,M,0,1754423850,1M 1957+ MET/CTL,1754442648,1754442651,985,0,0
1754423919_B..N66R,119866_B..N66R,B,0,1754423919,1B 1958+ BBC/145,1754442393,1754442396,943,0,0
1754423940_F..S73X001,119900_F..S73X001,F,1,1754423940,1F 1959 179/STL,1754443928,1754443943,1098,1,0
1754424000_D..S08X007,120000_D..S08X007,D,1,1754424000,1D 2000 BPK/BPY,1754443312,1754443327,589,0,0
1754424060_F..N,120100_F..N,F,0,1754424060,1F 2001 STL/179,1754444243,1754444258,1102,0,0
1754424120_D..N05R,120200_D..N05R,D,0,1754424120,1D 2002 STL/205,1754444198,1754444213,1091,0,0
1754424360_B..S66R,120600_B..S66R,B,1,1754424360,1B 2006 145/BBC,1754442381,1754442393,880,0,0
1754424360_F..S74X001,120600_F..S74X001,F,1,1754424360,1F 2006 179/KHY,1754443838,1754443853,1034,0,0
1754424360_M..N,120600_M..N,M,0,1754424360,1M 2006 MET/CTL,1754443447,1754443459,1005,0,0
1754424360_M..S20R,120600_M..S20R,M,1,1754424360,1M 2006 CTL/MET,1754442726,1754442738,926,0,0
1754424450_F..N,120750_F..N,F,0,1754424450,1F 2007+ STL/179,1754444648,1754444660,1088,0,0
1754424540_F..S,120900_F..S,F,1,1754424540,EF 2009 179/STL,1754444904,1754444915,703,0,0
1754424570_D..S07R,120950_D..S07R,D,1,1754424570,1D 2009+ BPK/STL,1754444934,1754444946,696,0,0
1754424720_B..N66R,121200_B..N66R,B,0,1754424720,1B 2012 BBC/145,1754443117,1754443129,927,0,0
1754424720_F..S73X001,121200_F..S73X001,F,1,1754424720,1F 2012 179/KHY,1754444543,1754444555,1038,0,0
1754424810_D..N05R,121350_D..N05R,D,0,1754424810,1D 2013+ STL/205,1754444919,1754444931,1076,0,0
1754424810_M..N,121350_M..N,M,0,1754424810,1M 2013+ MET/CTL,1754444003,1754444018,983,0,0
1754424840_F..N,121400_F..N,F,0,1754424840,1F 2014 STL/179,1754445039,1754445051,1088,0,0
1754424900_B..S66R,121500_B..S66R,B,1,1754424900,1B 2015 145/BBC,1754443207,1754443222,913,0,0
1754424990_D..S08X007,121650_D..S08X007,D,1,1754424990,1D 2016+ BPK/BPY,1754443913,1754443928,573,0,0
1754425020_M..S20R,121700_M..S20R,M,1,1754425020,1M 2017 CTL/MET,1754443883,1754443898,947,0,0
1754425110_F..S74X001,121850_F..S74X001,F,1,1754425110,1F 2018+ 179/STL,1754445594,1754445606,1126,1,0
1754425170_F..N,121950_F..N,F,0,1754425170,1F 2019+ STL/179,1754445456,1754445459,1099,0,0
1754425320_B..N66R,122200_B..N66R,B,0,1754425320,1B 2022 BBC/145,1754443597,1754443612,889,0,0
1754425500_B..S66R,122500_B..S66R,B,1,1754425500,1B 2025 145/BBC,1754443733,1754443747,874,0,0
1754425500_D..S07R,122500_D..S07R,D,1,1754425500,1D 2025 BPK/STL,1754450699,1754450712,1308,0,0
1754425500_F..S74X001,122500_F..S74X001,F,1,1754425500,1F 2025 179/STL,1754445760,1754445771,1097,0,0
1754425560_M..N,122600_M..N,M,0,1754425560,1M 2026 MET/CTL,1754444904,1754444915,974,0,0
1754425620_M..S20R,122700_M..S20R,M,1,1754425620,1M 2027 CTL/MET,1754444438,1754444450,905,1,0
1754425680_F..N,122800_F..N,F,0,1754425680,1F 2028 STL/179,1754446180,1754446192,1129,0,0
1754425740_D..S07R,122900_D..S07R,D,1,1754425740,1D 2029 205/STL,1754440606,1754440609,459,0,0
1754425770_D..N05R,122950_D..N05R,D,0,1754425770,1D 2029+ STL/205,1754446255,1754446267,1127,0,0
1754425890_F..S74X001,123150_F..S74X001,F,1,1754425890,1F 2031+ 179/STL,1754445940,1754445952,1069,0,0
1754425920_B..N66R,123200_B..N66R,B,0,1754425920,1B 2032 BBC/145,1754444243,1754444258,852,0,0
1754426040_D..S07R,123400_D..S07R,D,1,1754426040,1D 2034 BPK/STL,1754445925,1754445937,628,0,0
1754426160_B..S66R,123600_B..S66R,B,1,1754426160,1B 2036 145/BBC,1754444333,1754444348,826,0,0
1754426160_F..N,123600_F..N,F,0,1754426160,1F 2036 STL/179,1754447036,1754447048,1179,0,0
1754426250_M..N,123750_M..N,M,0,1754426250,1M 2037+ MET/CTL,1754445760,1754445771,997,0,0
1754426280_F..S74X001,123800_F..S74X001,F,1,1754426280,1F 2038 179/STL,1754446255,1754446267,1059,0,0
1754426340_D..S07R,123900_D..S07R,D,1,1754426340,1D 2039 205/STL,1754440970,1754440982,75,0,0
1754426580_B..N66R,124300_B..N66R,B,0,1754426580,1B 2043 BBC/145,1754444844,1754444855,831,0,0
1754426580_F..N,124300_F..N,F,0,1754426580,1F 2043 STL/179,1754446763,1754446766,1086,1,0
1754426700_B..S66R,124500_B..S66R,B,1,1754426700,1B 2045 145/BBC,1754444528,1754444540,773,0,0
1754426700_F..S74X001,124500_F..S74X001,F,1,1754426700,1F 2045 179/STL,1754446796,1754446807,1075,0,0
1754426820_F..N,124700_F..N,F,0,1754426820,1F 2047 STL/179,1754447603,1754447606,1166,0,0
1754426850_M..N25R,124750_M..N25R,M,0,1754426850,1M 2047+ MET/ESX,1754442768,1754442771,598,0,0
1754426865_D..N05R,124775_D..N05R,D,0,1754426865,1D 2047+ STL/205,1754447516,1754447528,1064,0,0
1754427120_F..S74X001,125200_F..S74X001,F,1,1754427120,1F 2052 179/STL,1754447651,1754447663,1133,1,0
1754427180_F..N,125300_F..N,F,0,1754427180,1F 2053 STL/179,1754447847,1754447859,1151,0,0
1754427210_B..N66R,125350_B..N66R,B,0,1754427210,1B 2053+ BBC/145,1754445294,1754445306,807,0,0
1754427240_D..S07R,125400_D..S07R,D,1,1754427240,1D 2054 BPK/STL,1754447336,1754447348,808,0,0
1754427510_M..N25R,125850_M..N25R,M,0,1754427510,1M 2058+ MET/ESX,1754443462,1754443477,593,0,0
1754427540_F..N,125900_F..N,F,0,1754427540,1F 2059 STL/179,1754448943,1754448958,1206,0,0
1754427600_B..S66R,126000_B..S66R,B,1,1754427600,1B 2100 145/BBC,1754445609,1754445621,810,0,0
1754427690_F..S74X001,126150_F..S74X001,F,1,1754427690,1F 2101+ 179/STL,1754448417,1754448432,1161,0,0
1754427810_B..N66R,126350_B..N66R,B,0,1754427810,1B 2103+ BBC/145,1754446402,1754446405,901,0,0
1754427870_D..S07R,126450_D..S07R,D,1,1754427870,1D 2104+ BPK/STL,1754447603,1754447606,694,0,0
1754427960_D..N05R,126600_D..N05R,D,0,1754427960,1D 2106 STL/205,1754449033,1754449048,1184,0,0
1754427960_F..N,126600_F..N,F,0,1754427960,1F 2106 STL/179,1754449468,1754449480,1219,0,0
1754428110_M..N25R,126850_M..N25R,M,0,1754428110,1M 2108+ MET/ESX,1754444123,1754444138,599,0,0
1754428320_F..S74X001,127200_F..S74X001,F,1,1754428320,1F 2112 179/STL,1754448567,1754448582,1129,0,0
1754428410_B..N66R,127350_B..N66R,B,0,1754428410,1B 2113+ BBC/145,1754447036,1754447048,946,0,0
1754428410_F..N,127350_F..N,F,0,1754428410,1F 2113+ STL/179,1754449738,1754449750,1222,0,0
1754428440_D..S07R,127400_D..S07R,D,1,1754428440,1D 2114 BPK/STL,1754448102,1754448114,676,0,0
1754428500_B..S66R,127500_B..S66R,B,1,1754428500,1B 2115 145/BBC,1754446570,1754446582,485,0,0
1754428620_D..S07R,127700_D..S07R,D,1,1754428620,1D 2117 205/STL,1754443162,1754443174,494,0,0
1754428620_M..N25R,127700_M..N25R,M,0,1754428620,1M 2117 MET/ESX,1754444618,1754444630,610,0,0
1754428710_D..N05R,127850_D..N05R,D,0,1754428710,1D 2118+ STL/205,1754449423,1754449435,1160,0,0
1754428830_F..N,128050_F..N,F,0,1754428830,1F 2120+ STL/179,1754450111,1754450114,1232,0,0
1754428890_M..S25R,128150_M..S25R,M,1,1754428890,1M 2121+ ESX/MET,1754444753,1754444765,595,0,0
1754428920_D..S07R,128200_D..S07R,D,1,1754428920,1D 2122 BPK/STL,1754448252,1754448267,594,0,0
1754428980_F..S74X001,128300_F..S74X001,F,1,1754428980,1F 2123 179/STL,1754449438,1754449450,1126,1,0
1754429220_M..N25R,128700_M..N25R,M,0,1754429220,1M 2127 MET/ESX,1754445264,1754445276,619,0,0
1754429250_F..N,128750_F..N,F,0,1754429250,1F 2127+ STL/179,1754450489,1754450501,1227,0,0
1754429340_D..S07R,128900_D..S07R,D,1,1754429340,1D 2129 BPK/STL,1754448597,1754448612,577,0,0
1754429460_D..N05R,129100_D..N05R,D,0,1754429460,1D 2131 STL/205,1754449829,1754449841,1111,0,0
1754429490_M..S25R,129150_M..S25R,M,1,1754429490,1M 2131+ ESX/MET,1754445459,1754445471,609,0,0
1754429520_D..S07R,129200_D..S07R,D,1,1754429520,1D 2132 205/STL,1754443988,1754444003,439,0,0
1754429580_F..S74X001,129300_F..S74X001,F,1,1754429580,1F 2133 179/STL,1754449648,1754449660,1071,0,0
1754429700_F..N,129500_F..N,F,0,1754429700,1F 2135 STL/179,1754450772,1754450775,1204,0,0
1754429700_M..N25R,129500_M..N25R,M,0,1754429700,1M 2135 MET/ESX,1754446195,1754446207,679,0,0
1754429820_D..S07R,129700_D..S07R,D,1,1754429820,1D 2137 BPK/STL,1754449513,1754449525,623,0,0
1754430090_M..S25R,130150_M..S25R,M,1,1754430090,1M 2141+ ESX/MET,1754446015,1754446027,603,0,0
1754430120_D..S07R,130200_D..S07R,D,1,1754430120,1D 2142 205/STL,1754444495,1754444498,396,0,0
1754430150_D..N05R,130250_D..N05R,D,0,1754430150,1D 2142+ STL/205,1754450624,1754450636,1125,0,0
1754430180_F..N,130300_F..N,F,0,1754430180,1F 2143 STL/179,1754451435,1754451447,1229,0,0
1754430180_F..S74X001,130300_F..S74X001,F,1,1754430180,1F 2143 179/STL,1754450204,1754450216,1065,0,0
1754430420_D..S07R,130700_D..S07R,D,1,1754430420,1D 2147 BPK/STL,1754450324,1754450336,693,0,0
1754430420_M..N25R,130700_M..N25R,M,0,1754430420,1M 2147 MET/ESX,1754446522,1754446525,626,0,0
1754430660_FS.N01R,131100_FS.N01R,FS,0,1754430660,1FS 2151 PPK/FKN,1754446225,1754446237,555,0,0
1754430690_F..N,131150_F..N,F,0,1754430690,1F 2151+ STL/179,1754451432,1754451435,1160,0,0
1754430690_M..S25R,131150_M..S25R,M,1,1754430690,1M 2151+ ESX/MET,1754446600,1754446612,601,0,0
1754430780_F..S74X001,131300_F..S74X001,F,1,1754430780,1F 2153 179/STL,1754450892,1754450895,1076,0,0
1754430870_D..N05R,131450_D..N05R,D,0,1754430870,1D 2154+ STL/205,1754444889,1754444919,334,0,0
1754431020_M..N25R,131700_M..N25R,M,0,1754431020,1M 2157 MET/ESX,1754447096,1754447108,624,0,0
1754431080_D..S05R,131800_D..S05R,D,1,1754431080,1D 2158 BPK/STL,1754451072,1754451075,719,0,0
1754431200_F..N,132000_F..N,F,0,1754431200,1F 2200 STL/179,1754452396,1754452408,1222,0,0
1754431260_D..N05R,132100_D..N05R,D,0,1754431260,1D 2201 STL/205,1754453252,1754453267,1017,0,0
1754431290_FS.S01R,132150_FS.S01R,FS,1,1754431290,1FS 2201+ FKN/PPK,1754446225,1754446237,472,0,0
1754431290_M..S25R,132150_M..S25R,M,1,1754431290,1M 2201+ ESX/MET,1754447351,1754447363,622,0,0
1754431380_F..S74X001,132300_F..S74X001,F,1,1754431380,1F 2203 179/STL,1754451661,1754451672,1100,0,0
1754431470_FS.N01R,132450_FS.N01R,FS,0,1754431470,1FS 2204+ PPK/FKN,1754446736,1754446747,516,0,0
1754431500_D..S05R,132500_D..S05R,D,1,1754431500,1D 2205 205/STL,1754447411,1754447423,602,0,0
1754431620_M..N25R,132700_M..N25R,M,0,1754431620,1M 2207 MET/ESX,1754447723,1754447726,627,0,0
1754431650_F..N,132750_F..N,F,0,1754431650,1F 2207+ STL/179,1754452591,1754452603,1188,0,0
1754431800_D..S05R,133000_D..S05R,D,1,1754431800,1D 2210 BPK/STL,1754451525,1754451537,464,0,0
1754431890_M..S25R,133150_M..S25R,M,1,1754431890,1M 2211+ ESX/MET,1754448162,1754448174,648,0,0
1754431980_F..S74X001,133300_F..S74X001,F,1,1754431980,1F 2213 179/STL,1754452036,1754452048,1070,0,0
1754432100_FS.S01R,133500_FS.S01R,FS,1,1754432100,1FS 2215 FKN/PPK,1754450219,1754450231,812,0,0
1754432220_F..N,133700_F..N,F,0,1754432220,1F 2217 STL/179,1754453117,1754453129,1180,0,0
1754432220_M..N25R,133700_M..N25R,M,0,1754432220,1M 2217 MET/ESX,1754448252,1754448267,612,0,0
1754432370_FS.N01R,133950_FS.N01R,FS,0,1754432370,1FS 2219+ PPK/FKN,1754450219,1754450231,778,0,0
1754432490_D..N05R,134150_D..N05R,D,0,1754432490,1D 2221+ STL/205,1754453162,1754453177,1154,0,0
1754432520_D..S05R,134200_D..S05R,D,1,1754432520,1D 2222 BPK/STL,1754452231,1754452243,1032,0,0
1754432580_F..S74X001,134300_F..S74X001,F,1,1754432580,1F 2223 179/STL,1754452952,1754452964,1124,0,0
1754432580_M..S25R,134300_M..S25R,M,1,1754432580,1M 2223 ESX/MET,1754448417,1754448432,587,0,0
1754432820_F..N,134700_F..N,F,0,1754432820,1F 2227 STL/179,1754453447,1754453462,1148,0,0
1754432820_M..N25R,134700_M..N25R,M,0,1754432820,1M 2227 MET/ESX,1754448928,1754448943,602,0,0
1754432910_D..S05R,134850_D..S05R,D,1,1754432910,1D 2228+ 205/STL,1754448024,1754448027,526,0,0
1754433000_F..S20X001,135000_F..S20X001,F,1,1754433000,1F 2230 179/STL,1754454528,1754454540,1223,1,0
1754433000_FS.S01R,135000_FS.S01R,FS,1,1754433000,1FS 2230 FKN/PPK,1754456435,1754456447,1477,0,0
1754433210_D..S05R,135350_D..S05R,D,1,1754433210,1D 2233+ BPK/STL,1754453132,1754453147,595,0,0
1754433210_M..S25R,135350_M..S25R,M,1,1754433210,1M 2233+ ESX/MET,1754449390,1754449393,607,0,0
1754433270_D..N05R,135450_D..N05R,D,0,1754433270,1D 2234+ STL/205,1754453567,1754453582,1126,0,0
1754433270_FS.N01R,135450_FS.N01R,FS,0,1754433270,1FS 2234+ PPK/FKN,1754456435,1754456447,1459,0,0
1754433330_M..N25R,135550_M..N25R,M,0,1754433330,1M 2235+ MET/ESX,1754449288,1754449303,592,0,0
1754433420_F..N,135700_F..N,F,0,1754433420,1F 2237 STL/179,1754454468,1754454480,1187,0,0
1754433540_F..S20X001,135900_F..S20X001,F,1,1754433540,1F 2239 179/STL,1754454946,1754454949,1242,0,0
1754433690_M..S25R,136150_M..S25R,M,1,1754433690,1M 2241+ ESX/MET,1754449663,1754449675,606,0,0
1754434020_D..S05R,136700_D..S05R,D,1,1754434020,1D 2247 205/STL,1754449273,1754449288,520,0,0
1754434020_F..S20X001,136700_F..S20X001,F,1,1754434020,1F 2247 179/STL,1754455024,1754455036,1196,0,0
1754434020_M..N25R,136700_M..N25R,M,0,1754434020,1M 2247 MET/ESX,1754449931,1754449934,597,0,0
1754434050_D..N05R,136750_D..N05R,D,0,1754434050,1D 2247+ STL/205,1754454405,1754454408,1109,0,0
1754434140_F..N,136900_F..N,F,0,1754434140,1F 2249 STL/179,1754455009,1754455021,1178,0,0
1754434320_D..S05R,137200_D..S05R,D,1,1754434320,1D 2252 BPK/STL,1754454705,1754454709,633,0,0
1754434380_M..S25R,137300_M..S25R,M,1,1754434380,1M 2253 ESX/MET,1754450291,1754450294,597,0,0
1754434740_M..N25R,137900_M..N25R,M,0,1754434740,1M 2259 MET/ESX,1754450745,1754450757,610,0,0
1754434860_F..N,138100_F..N,F,0,1754434860,1F 2301 STL/179,1754455745,1754455757,1180,0,0
1754434890_D..N05R,138150_D..N05R,D,0,1754434890,1D 2301+ STL/205,1754455474,1754455486,1140,0,0
1754434890_M..S25R,138150_M..S25R,M,1,1754434890,1M 2301+ ESX/MET,1754450564,1754450576,566,0,0
1754434950_F..S20X001,138250_F..S20X001,F,1,1754434950,1F 2302+ 179/STL,1754455895,1754455907,860,0,0
1754435160_D..S,138600_D..S,D,1,1754435160,1D 2306 205/STL,1754460354,1754460366,1669,0,0
1754435400_M..N25R,139000_M..N25R,M,0,1754435400,1M 2310 MET/ESX,1754451192,1754451195,581,0,0
1754435520_D..S,139200_D..S,D,1,1754435520,ED 2312 205/BPK,1754450051,1754450054,413,0,0
1754435580_F..N,139300_F..N,F,0,1754435580,1F 2313 STL/179,1754456165,1754456177,1140,0,0
1754435610_M..S25R,139350_M..S25R,M,1,1754435610,1M 2313+ ESX/MET,1754451525,1754451537,598,0,0
1754435760_D..N05R,139600_D..N05R,D,0,1754435760,1D 2316 STL/205,1754456207,1754456210,1121,0,0
1754435820_D..S,139700_D..S,D,1,1754435820,ED 2317 BPK/STL,1754455444,1754455456,1012,0,0
1754435880_F..S20X001,139800_F..S20X001,F,1,1754435880,1F 2318 179/STL,1754457111,1754457123,1226,0,0
1754436000_M..N30R,140000_M..N30R,M,0,1754436000,1M 2320 MET/MYR,1754451165,1754451177,498,0,0
1754436330_D..S,140550_D..S,D,1,1754436330,1D 2325+ BPK/STL,1754456045,1754456057,640,0,0
1754436360_F..N,140600_F..N,F,0,1754436360,1F 2326 STL/179,1754457141,1754457153,1166,0,0
1754436390_M..S25R,140650_M..S25R,M,1,1754436390,1M 2326+ ESX/MET,1754452036,1754452048,562,0,0
1754436570_FS.N01R,140950_FS.N01R,FS,0,1754436570,1FS 2329+ PPK/FKN,1754456450,1754456462,1046,0,0
1754436690_D..N05R,141150_D..N05R,D,0,1754436690,1D 2331+ STL/205,1754456691,1754456703,1062,0,0
1754436780_F..S20X001,141300_F..S20X001,F,1,1754436780,1F 2333 179/STL,1754458027,1754458042,1221,0,0
1754436900_M..N30R,141500_M..N30R,M,0,1754436900,1M 2335 MET/MYR,1754452111,1754452123,504,0,0
1754436930_D..S,141550_D..S,D,1,1754436930,1D 2335+ 205/STL,1754462126,1754462138,1669,1,0
1754437110_F..N,141850_F..N,F,0,1754437110,1F 2338+ STL/179,1754458583,1754458598,1214,0,0
1754437500_M..S30R,142500_M..S30R,M,1,1754437500,1M 2345 MYR/MET,1754453387,1754453402,584,0,0
1754437530_D..N05R,142550_D..N05R,D,0,1754437530,1D 2345+ STL/205,1754457934,1754457937,1125,0,0
1754437650_F..S20X001,142750_F..S20X001,F,1,1754437650,1F 2347+ 179/STL,1754458402,1754458417,1149,0,0
1754437800_M..N30R,143000_M..N30R,M,0,1754437800,1M 2350 MET/MYR,1754453057,1754453069,539,0,0
1754437830_D..S,143050_D..S,D,1,1754437830,1D 2350+ 205/STL,1754463027,1754463042,1671,0,0
1754437920_F..N,143200_F..N,F,0,1754437920,1F 2352 STL/179,1754460054,1754460066,1298,0,0
1754438130_D..S,143550_D..S,D,1,1754438130,1D 2355+ BPK/STL,1754453237,1754453252,7,0,1
1754438370_D..N05R,143950_D..N05R,D,0,1754438370,1D 2359+ STL/205,1754458417,1754458433,1102,0,0
1754438400_F..S20X001,000000_F..S20X001,F,1,1754438400,1F 0000 179/STL,1754459255,1754459258,1159,0,0
1754438760_F..N,000600_F..N,F,0,1754438760,1F 0006 STL/179,1754460580,1754460592,1303,0,0
1754438760_M..N30R,000600_M..N30R,M,0,1754438760,1M 0006 MET/MYR,1754453853,1754453868,522,0,0
1754439060_D..S,001100_D..S,D,1,1754439060,1D 0011 BPK/STL,1754458823,1754458838,598,0,0
1754439300_M..S30R,001500_M..S30R,M,1,1754439300,1M 0015 MYR/MET,1754455985,1754455997,704,0,0
1754439390_D..N05R,001650_D..N05R,D,0,1754439390,1D 0016+ STL/205,1754461042,1754461045,1280,1,0
1754439540_F..S20X001,001900_F..S20X001,F,1,1754439540,1F 0019 179/STL,1754460682,1754460685,1212,1,0
1754439690_F..N,002150_F..N,F,0,1754439690,1F 0021+ STL/179,1754461916,1754461928,1357,0,0
1754439840_M..N30R,002400_M..N30R,M,0,1754439840,1M 0024 MET/MYR,1754454949,1754454961,494,0,0
1754439930_D..S,002550_D..S,D,1,1754439930,1D 0025+ 205/STL,1754455730,1754455742,587,0,0
1754440170_D..S,002950_D..S,D,1,1754440170,1D 0029+ BPK/STL,1754460009,1754460021,485,0,0
1754440200_M..S30R,003000_M..S30R,M,1,1754440200,1M 0030 MYR/MET,1754455985,1754455997,584,0,0
1754440560_D..N05R,003600_D..N05R,D,0,1754440560,1D 0036 STL/205,1754461436,1754461447,1178,0,0
1754440740_F..S20X001,003900_F..S20X001,F,1,1754440740,1F 0039 179/STL,1754462547,1754462559,1301,1,1
1754440890_F..N,004150_F..N,F,0,1754440890,1F 0041+ STL/179,1754462772,1754462787,1307,1,0
1754441040_M..N30R,004400_M..N30R,M,0,1754441040,1M 0044 MET/MYR,1754456150,1754456162,495,0,0
1754441100_M..S30R,004500_M..S30R,M,1,1754441100,1M 0045 MYR/MET,1754456000,1754456012,467,0,0
1754441370_D..S,004950_D..S,D,1,1754441370,1D 0049+ BPK/STL,1754461931,1754461943,741,0,0
1754441760_D..N05R,005600_D..N05R,D,0,1754441760,1D 0056 STL/205,1754462787,1754462802,1192,0,0
1754441940_F..S20X001,005900_F..S20X001,F,1,1754441940,1F 0059 179/STL,1754464619,1754464631,1333,1,0
1754442000_FS.S01R,006000_FS.S01R,FS,1,1754442000,1FS 0100 FKN/PPK,1754461751,1754461763,1028,0,0
1754442090_F..N,006150_F..N,F,0,1754442090,1F 0101+ STL/179,1754463703,1754463718,1210,0,0
1754442120_M..S30R,006200_M..S30R,M,1,1754442120,1M 0102 MYR/MET,1754457336,1754457348,509,0,0
1754442240_M..N30R,006400_M..N30R,M,0,1754442240,1M 0104 MET/MYR,1754457276,1754457288,485,0,0
1754442330_D..S,006550_D..S,D,1,1754442330,1D 0105+ 205/STL,1754457246,1754457258,471,0,0
1754442570_D..S,006950_D..S,D,1,1754442570,1D 0109+ BPK/STL,1754463478,1754463493,693,0,0
1754442570_FS.N01R,006950_FS.N01R,FS,0,1754442570,1FS 0109+ PPK/FKN,1754461751,1754461763,970,0,0
1754442960_D..N05R,007600_D..N05R,D,0,1754442960,1D 0116 STL/205,1754464213,1754464225,1187,0,0
1754443140_F..S20X001,007900_F..S20X001,F,1,1754443140,1F 0119 179/STL,1754464754,1754464766,1247,2,1
1754443290_F..N,008150_F..N,F,0,1754443290,1F 0121+ STL/179,1754465189,1754465202,1295,0,0
1754443320_M..S30R,008200_M..S30R,M,1,1754443320,1M 0122 MYR/MET,1754459333,1754459345,598,0,0
1754443440_M..N30R,008400_M..N30R,M,0,1754443440,1M 0124 MET/MYR,1754458522,1754458537,526,0,0
1754443530_D..S,008550_D..S,D,1,1754443530,1D 0125+ 205/STL,1754460441,1754460444,726,0,0
1754443770_D..S,008950_D..S,D,1,1754443770,1D 0129+ BPK/STL,1754463970,1754463973,388,0,0
1754444160_D..N05R,009600_D..N05R,D,0,1754444160,1D 0136 STL/205,1754464228,1754464240,1066,0,0
1754444340_F..S20X001,009900_F..S20X001,F,1,1754444340,1F 0139 179/STL,1754465817,1754465820,1253,2,0
1754444490_F..N,010150_F..N,F,0,1754444490,1F 0141+ STL/179,1754469694,1754469706,1840,0,0
1754444490_F..S,010150_F..S,F,1,1754444490,$F 0205 CHU/STL,1754461462,1754461466,149,0,0
1754444520_M..S30R,010200_M..S30R,M,1,1754444520,1M 0142 MYR/MET,1754459555,1754459559,480,0,0
1754444640_M..N30R,010400_M..N30R,M,0,1754444640,1M 0144 MET/MYR,1754460054,1754460066,531,0,0
1754444730_D..S,010550_D..S,D,1,1754444730,1D 0145+ 205/STL,1754460441,1754460444,534,2,1
1754444970_D..S,010950_D..S,D,1,1754444970,1D 0149+ BPK/STL,1754464829,1754464841,532,0,0
1754445360_D..N05R,011600_D..N05R,D,0,1754445360,1D 0156 STL/205,1754467517,1754467532,1351,1,0
1754445540_F..S20X001,011900_F..S20X001,F,1,1754445540,1F 0159 179/STL,1754466406,1754466418,1172,0,0
1754445690_F..N,012150_F..N,F,0,1754445690,1F 0201+ STL/179,1754468027,1754468042,1375,0,0
1754445720_M..S30R,012200_M..S30R,M,1,1754445720,1M 0202 MYR/MET,1754461000,1754461012,513,0,0
1754445840_M..N30R,012400_M..N30R,M,0,1754445840,1M 0204 MET/MYR,1754461042,1754461045,502,0,0
1754446170_D..S,012950_D..S,D,1,1754446170,1D 0209+ BPK/STL,1754466886,1754466898,622,2,1
1754446590_D..N05R,013650_D..N05R,D,0,1754446590,1D 0216+ STL/205,1754467967,1754467982,1247,2,0
1754446740_F..N,013900_F..N,F,0,1754446740,1F 0219 STL/179,1754468388,1754468403,1283,0,0
1754446740_F..S20X001,013900_F..S20X001,F,1,1754446740,1F 0219 179/STL,1754467592,1754467607,1177,0,0
1754446920_M..S30R,014200_M..S30R,M,1,1754446920,1M 0222 MYR/MET,1754462036,1754462048,491,0,0
1754447040_M..N30R,014400_M..N30R,M,0,1754447040,1M 0224 MET/MYR,1754462051,1754462063,477,0,0
1754447130_D..S,014550_D..S,D,1,1754447130,1D 0225+ 205/STL,1754470790,,1781,0,0
1754447370_FS.N01R,014950_FS.N01R,FS,0,1754447370,1FS 0229+ PPK/FKN,1754462066,1754462078,451,0,0
1754447790_D..N05R,015650_D..N05R,D,0,1754447790,1D 0236+ STL/205,1754468343,1754468358,1181,0,0
1754447940_F..S20X001,015900_F..S20X001,F,1,1754447940,1F 0239 179/STL,1754468805,1754468808,1236,0,0
1754448000_F..N,016000_F..N,F,0,1754448000,1F 0240 STL/179,1754469003,1754469016,1267,0,0
1754448000_FS.S01R,016000_FS.S01R,FS,1,1754448000,1FS 0240 FKN/PPK,1754464949,1754464962,708,0,0
1754448120_M..S30R,016200_M..S30R,M,1,1754448120,1M 0242 MYR/MET,1754463132,1754463147,514,0,0
1754448240_M..N30R,016400_M..N30R,M,0,1754448240,1M 0244 MET/MYR,1754463357,1754463372,521,0,0
1754448570_D..S,016950_D..S,D,1,1754448570,1D 0249+ BPK/STL,1754468733,1754468748,864,0,0
1754448570_FS.N01R,016950_FS.N01R,FS,0,1754448570,1FS 0249+ PPK/FKN,1754464949,1754464962,659,0,0
1754448990_D..N05R,017650_D..N05R,D,0,1754448990,1D 0256+ STL/205,1754469214,1754469226,1210,1,0
1754449140_F..S20X001,017900_F..S20X001,F,1,1754449140,1F 0259 179/STL,1754470625,1754470637,1553,0,0
1754449200_F..N,018000_F..N,F,0,1754449200,1F 0300 STL/179,1754469919,1754469932,1357,0,0
1754449320_M..S30R,018200_M..S30R,M,1,1754449320,1M 0302 MYR/MET,1754465970,1754465982,695,0,0
1754449440_M..N30R,018400_M..N30R,M,0,1754449440,1M 0304 MET/MYR,1754464514,1754464526,483,0,0
1754449530_D..S,018550_D..S,D,1,1754449530,1D 0305+ 205/STL,1754464213,1754464225,433,0,0
1754449770_D..S,018950_D..S,D,1,1754449770,1D 0309+ BPK/STL,1754469574,1754469586,788,0,0
1754450190_D..N05R,019650_D..N05R,D,0,1754450190,1D 0316+ STL/205,1754470790,,1457,0,0
1754450340_F..S20X001,019900_F..S20X001,F,1,1754450340,1F 0319 179/STL,1754470790,,1437,0,0
1754450400_F..N,020000_F..N,F,0,1754450400,1F 0320 STL/179,1754470790,,1429,0,0
1754450400_FS.S01R,020000_FS.S01R,FS,1,1754450400,1FS 0320 FKN/PPK,1754467427,1754467442,752,0,0
1754450520_M..S30R,020200_M..S30R,M,1,1754450520,1M 0322 MYR/MET,1754465970,1754465982,535,0,0
1754450640_M..N30R,020400_M..N30R,M,0,1754450640,1M 0324 MET/MYR,1754465655,1754465667,477,0,0
1754450730_D..S,020550_D..S,D,1,1754450730,1D 0325+ 205/STL,1754466616,1754466628,593,0,0
1754450970_D..S,020950_D..S,D,1,1754450970,1D 0329+ BPK/STL,1754470790,,792,1,0
1754450970_FS.N01R,020950_FS.N01R,FS,0,1754450970,1FS 0329+ PPK/FKN,1754467427,1754467442,676,0,0
1754451390_D..N05R,021650_D..N05R,D,0,1754451390,1D 0336+ STL/205,1754470790,,1297,0,0
1754451540_F..S20X001,021900_F..S20X001,F,1,1754451540,1F 0339 179/STL,1754470790,,1278,0,0
1754451600_F..N,022000_F..N,F,0,1754451600,1F 0340 STL/179,1754470790,,1270,0,0
1754451720_M..S30R,022200_M..S30R,M,1,1754451720,1M 0342 MYR/MET,1754466796,1754466808,486,0,0
1754451840_M..N30R,022400_M..N30R,M,0,1754451840,1M 0344 MET/MYR,1754466901,1754466913,484,0,0
1754452170_D..S,022950_D..S,D,1,1754452170,1D 0349+ BPK/STL,1754470790,,796,1,2
1754452590_D..N05R,023650_D..N05R,D,0,1754452590,1D 0356+ STL/205,1754470790,,1183,0,0
1754452800_F..N,024000_F..N,F,0,1754452800,1F 0400 STL/179,1754470790,,1169,0,0
1754367000_G..S14X019,025000_G..S14X019,G,1,1754367000,1G 0410 BDN/CHU,1754382679,1754382688,650,0,0
1754367570_G..N14X007,025950_G..N14X007,G,0,1754367570,1G 0419+ CHU/BDN,1754383160,1754383168,639,0,0
1754368200_G..S14X019,027000_G..S14X019,G,1,1754368200,1G 0430 BDN/CHU,1754383739,1754383746,632,0,0
1754368800_G..N14R,028000_G..N14R,G,0,1754368800,1G 0440 CHU/CRS,1754387027,1754387034,990,0,0
1754369400_G..S14X019,029000_G..S14X019,G,1,1754369400,1G 0450 BDN/CHU,1754386847,1754386854,886,0,0
1754370000_G..N14R,030000_G..N14R,G,0,1754370000,1G 0500 CHU/CRS,1754387658,1754387665,914,0,0
1754370000_G..S14R,030000_G..S14R,G,1,1754370000,1G 0500 CRS/CHU,1754386854,1754386862,807,0,0
1754370840_G..S14R,031400_G..S14R,G,1,1754370840,1G 0514 CRS/CHU,1754387980,1754387988,845,0,0
1754371050_G..N14R,031750_G..N14R,G,0,1754371050,1G 0517+ CHU/CRS,1754388214,1754388220,848,0,0
1754371800_G..N14R,033000_G..N14R,G,0,1754371800,1G 0530 CHU/CRS,1754388596,1754388604,799,0,0
1754372700_G..N14R,034500_G..N14R,G,0,1754372700,1G 0545 CHU/CRS,1754389415,1754389421,788,0,0
1754372910_G..S14R,034850_G..S14R,G,1,1754372910,1G 0548+ CRS/CHU,1754398116,1754398124,1920,0,0
1754373120_G..N14R,035200_G..N14R,G,0,1754373120,1G 0552 CHU/CRS,1754389872,1754389880,793,0,0
1754373540_G..N14R,035900_G..N14R,G,0,1754373540,1G 0559 CHU/CRS,1754390458,1754390466,816,0,0
1754373600_G..S14R,036000_G..S14R,G,1,1754373600,1G 0600 CRS/CHU,1754390076,1754390082,757,0,0
1754373990_G..N14R,036650_G..N14R,G,0,1754373990,1G 0606+ CHU/CRS,1754390518,1754390526,764,0,0
1754374440_G..S14R,037400_G..S14R,G,1,1754374440,1G 0614 CRS/CHU,1754391202,1754391208,795,0,0
1754374470_G..N14R,037450_G..N14R,G,0,1754374470,1G 0614+ CHU/CRS,1754390878,1754390886,748,0,0
1754374800_G..S,038000_G..S,G,1,1754374800,EG 0620 CRS/CHU,1754391187,1754391193,391,0,0
1754375160_G..S14R,038600_G..S14R,G,1,1754375160,1G 0626 CRS/CHU,1754391667,1754391674,762,0,0
1754375280_G..N14R,038800_G..N14R,G,0,1754375280,1G 0628 CHU/CRS,1754391659,1754391667,745,0,0
1754375700_G..N14R,039500_G..N14R,G,0,1754375700,1G 0635 CHU/CRS,1754392079,1754392088,745,0,0
1754375700_G..S14R,039500_G..S14R,G,1,1754375700,1G 0635 CRS/CHU,1754392109,1754392118,749,0,0
1754376300_G..N14R,040500_G..N14R,G,0,1754376300,1G 0645 CHU/CRS,1754392665,1754392673,743,0,0
1754376330_G..S14R,040550_G..S14R,G,1,1754376330,1G 0645+ CRS/CHU,1754392883,1754392890,768,0,0
1754376750_G..N14R,041250_G..N14R,G,0,1754376750,1G 0652+ CHU/CRS,1754393094,1754393100,740,0,0
1754376810_G..S14R,041350_G..S14R,G,1,1754376810,1G 0653+ CRS/CHU,1754393265,1754393274,755,0,0
1754377140_G..N14R,041900_G..N14R,G,0,1754377140,1G 0659 CHU/CRS,1754393626,1754393634,759,0,0
1754377260_G..S14R,042100_G..S14R,G,1,1754377260,1G 0701 CRS/CHU,1754393806,1754393814,518,0,0
1754377530_G..N14R,042550_G..N14R,G,0,1754377530,1G 0705+ CHU/CRS,1754394055,1754394061,764,0,0
1754377710_G..S14R,042850_G..S14R,G,1,1754377710,1G 0708+ CRS/CHU,1754394250,1754394257,517,0,0
1754377980_G..N14R,043300_G..N14R,G,0,1754377980,1G 0713 CHU/CRS,1754394632,1754394640,781,0,0
1754378100_G..S14R,043500_G..S14R,G,1,1754378100,1G 0715 CRS/CHU,1754394467,1754394475,743,0,0
1754378220_G..N,043700_G..N,G,0,1754378220,EG 0717 CHU/CRS,1754394797,1754394805,295,0,0
1754378430_G..N14R,044050_G..N14R,G,0,1754378430,1G 0720+ CHU/CRS,1754395127,1754395136,787,0,0
1754378550_G..S14R,044250_G..S14R,G,1,1754378550,1G 0722+ CRS/CHU,1754395067,1754395076,763,0,0
1754378820_G..N14R,044700_G..N14R,G,0,1754378820,1G 0727 CHU/CRS,1754395511,1754395518,786,0,0
1754379030_G..S14R,045050_G..S14R,G,1,1754379030,1G 0730+ CRS/CHU,1754395728,1754395736,787,0,0
1754379240_G..N14R,045400_G..N14R,G,0,1754379240,1G 0734 CHU/CRS,1754395781,1754395788,766,0,0
1754379480_G..S14R,045800_G..S14R,G,1,1754379480,1G 0738 CRS/CHU,1754395992,1754395998,762,0,0
1754379630_G..N14R,046050_G..N14R,G,0,1754379630,1G 0740+ CHU/CRS,1754396194,1754396202,769,0,0
1754379870_G..S14R,046450_G..S14R,G,1,1754379870,1G 0744+ CRS/CHU,1754396494,1754396502,777,0,0
1754380110_G..N14R,046850_G..N14R,G,0,1754380110,1G 0748+ CHU/CRS,1754396764,1754396772,781,0,0
1754380320_G..S14R,047200_G..S14R,G,1,1754380320,1G 0752 CRS/CHU,1754396983,1754396989,782,0,0
1754380620_G..N14R,047700_G..N14R,G,0,1754380620,1G 0757 CHU/CRS,1754397275,1754397283,781,0,0
1754380740_G..S14R,047900_G..S14R,G,1,1754380740,1G 0759 CRS/CHU,1754397455,1754397463,789,0,0
1754381160_G..N14R,048600_G..N14R,G,0,1754381160,1G 0806 CHU/CRS,1754398040,1754398049,810,0,0
1754381220_G..S14R,048700_G..S14R,G,1,1754381220,1G 0807 CRS/CHU,1754397920,1754397929,786,0,0
1754381580_G..N14R,049300_G..N14R,G,0,1754381580,1G 0813 CHU/CRS,1754398416,1754398424,805,0,0
1754381640_G..S14R,049400_G..S14R,G,1,1754381640,1G 0814 CRS/CHU,1754398259,1754398266,776,0,0
1754382030_G..N14R,050050_G..N14R,G,0,1754382030,1G 0820+ CHU/CRS,1754398626,1754398634,773,0,0
1754382060_G..S14R,050100_G..S14R,G,1,1754382060,1G 0821 CRS/CHU,1754398686,1754398694,777,0,0
1754382420_G..S14R,050700_G..S14R,G,1,1754382420,1G 0827 CRS/CHU,1754399107,1754399115,785,0,0
1754382540_G..N14R,050900_G..N14R,G,0,1754382540,1G 0829 CHU/CRS,1754399062,1754399070,763,0,0
1754382930_G..N14R,051550_G..N14R,G,0,1754382930,1G 0835+ CHU/CRS,1754399610,1754399617,784,0,0
1754382930_G..S14R,051550_G..S14R,G,1,1754382930,1G 0835+ CRS/CHU,1754399407,1754399415,757,0,0
1754383320_G..N14R,052200_G..N14R,G,0,1754383320,1G 0842 CHU/CRS,1754399851,1754399857,764,0,0
1754383410_G..S14R,052350_G..S14R,G,1,1754383410,1G 0843+ CRS/CHU,1754400053,1754400061,779,0,0
1754383860_G..N14R,053100_G..N14R,G,0,1754383860,1G 0851 CHU/CRS,1754400563,1754400571,787,0,0
1754383890_G..S14R,053150_G..S14R,G,1,1754383890,1G 0851+ CRS/CHU,1754400331,1754400338,752,0,0
1754384220_G..N14R,053700_G..N14R,G,0,1754384220,1G 0857 CHU/CRS,1754401112,1754401119,812,0,0
1754384400_G..S14R,054000_G..S14R,G,1,1754384400,1G 0900 CRS/CHU,1754401134,1754401142,791,0,0
1754384580_G..N14R,054300_G..N14R,G,0,1754384580,1G 0903 CHU/CRS,1754401547,1754401554,822,0,0
1754384880_G..S14R,054800_G..S14R,G,1,1754384880,1G 0908 CRS/CHU,1754401412,1754401419,764,0,0
1754385120_G..N14R,055200_G..N14R,G,0,1754385120,1G 0912 CHU/CRS,1754401833,1754401839,788,0,0
1754385300_G..S14R,055500_G..S14R,G,1,1754385300,1G 0915 CRS/CHU,1754402208,1754402215,814,0,0
1754385660_G..N14R,056100_G..N14R,G,0,1754385660,1G 0921 CHU/CRS,1754402170,1754402178,761,0,0
1754385750_G..S14R,056250_G..S14R,G,1,1754385750,1G 0922+ CRS/CHU,1754402598,1754402605,806,0,0
1754386140_G..N14R,056900_G..N14R,G,0,1754386140,1G 0929 CHU/CRS,1754402673,1754402680,764,0,0
1754386170_G..S14R,056950_G..S14R,G,1,1754386170,1G 0929+ CRS/CHU,1754403056,1754403064,811,0,0
1754386560_G..N14R,057600_G..N14R,G,0,1754386560,1G 0936 CHU/CRS,1754403319,1754403326,794,0,0
1754386620_G..S14R,057700_G..S14R,G,1,1754386620,1G 0937 CRS/CHU,1754403514,1754403521,812,0,0
1754387130_G..S14R,058550_G..S14R,G,1,1754387130,1G 0945+ CRS/CHU,1754404062,1754404070,817,0,0
1754387220_G..N14R,058700_G..N14R,G,0,1754387220,1G 0947 CHU/CRS,1754403716,1754403725,759,0,0
1754387640_G..S14R,059400_G..S14R,G,1,1754387640,1G 0954 CRS/CHU,1754404505,1754404512,808,0,0
1754387760_G..N14R,059600_G..N14R,G,0,1754387760,1G 0956 CHU/CRS,1754404100,1754404107,738,0,0
1754388120_G..S14R,060200_G..S14R,G,1,1754388120,1G 1002 CRS/CHU,1754405046,1754405053,817,0,0
1754388210_G..N14R,060350_G..N14R,G,0,1754388210,1G 1003+ CHU/CRS,1754404641,1754404647,751,0,0
1754388600_G..S14R,061000_G..S14R,G,1,1754388600,1G 1010 CRS/CHU,1754405338,1754405346,792,0,0
1754388630_G..N14R,061050_G..N14R,G,0,1754388630,1G 1010+ CHU/CRS,1754405016,1754405023,745,0,0
1754389050_G..N14R,061750_G..N14R,G,0,1754389050,1G 1017+ CHU/CRS,1754405548,1754405556,760,0,0
1754389080_G..S14R,061800_G..S14R,G,1,1754389080,1G 1018 CRS/CHU,1754405947,1754405954,809,0,0
1754389500_G..S14R,062500_G..S14R,G,1,1754389500,1G 1025 CRS/CHU,1754406359,1754406367,809,0,0
1754389590_G..N14R,062650_G..N14R,G,0,1754389590,1G 1026+ CHU/CRS,1754406224,1754406232,779,0,0
1754389980_G..S14R,063300_G..S14R,G,1,1754389980,1G 1033 CRS/CHU,1754406705,1754406713,791,0,0
1754390040_G..N14R,063400_G..N14R,G,0,1754390040,1G 1034 CHU/CRS,1754407125,1754407133,839,0,0
1754390460_G..S14R,064100_G..S14R,G,1,1754390460,1G 1041 CRS/CHU,1754407088,1754407095,778,0,0
1754390520_G..N14R,064200_G..N14R,G,0,1754390520,1G 1042 CHU/CRS,1754407223,1754407230,788,0,0
1754390940_G..S14R,064900_G..S14R,G,1,1754390940,1G 1049 CRS/CHU,1754407644,1754407650,788,0,0
1754390970_G..N14R,064950_G..N14R,G,0,1754390970,1G 1049+ CHU/CRS,1754407711,1754407719,793,0,0
1754391390_G..N14R,065650_G..N14R,G,0,1754391390,1G 1056+ CHU/CRS,1754408326,1754408334,819,0,0
1754391480_G..S14R,065800_G..S14R,G,1,1754391480,1G 1058 CRS/CHU,1754408176,1754408184,787,0,0
1754391870_G..N14R,066450_G..N14R,G,0,1754391870,1G 1104+ CHU/CRS,1754408755,1754408762,812,1,0
1754391960_G..S14R,066600_G..S14R,G,1,1754391960,1G 1106 CRS/CHU,1754409017,1754409025,833,0,0
1754392320_G..N14R,067200_G..N14R,G,0,1754392320,1G 1112 CHU/CRS,1754408972,1754408980,781,0,0
1754392440_G..S14R,067400_G..S14R,G,1,1754392440,1G 1114 CRS/CHU,1754408995,1754409002,768,0,0
1754392800_G..N14R,068000_G..N14R,G,0,1754392800,1G 1120 CHU/CRS,1754409437,1754409445,779,0,0
1754392920_G..S14R,068200_G..S14R,G,1,1754392920,1G 1122 CRS/CHU,1754410181,1754410188,862,0,0
1754393280_G..N14R,068800_G..N14R,G,0,1754393280,1G 1128 CHU/CRS,1754409993,1754410001,789,0,0
1754393400_G..S14R,069000_G..S14R,G,1,1754393400,1G 1130 CRS/CHU,1754410158,1754410166,795,0,0
1754393700_G..N14R,069500_G..N14R,G,0,1754393700,1G 1135 CHU/CRS,1754410519,1754410527,803,1,0
1754393880_G..S14R,069800_G..S14R,G,1,1754393880,1G 1138 CRS/CHU,1754410654,1754410662,797,0,0
1754394360_G..N14R,070600_G..N14R,G,0,1754394360,1G 1146 CHU/CRS,1754410932,1754410939,770,0,0
1754394360_G..S14R,070600_G..S14R,G,1,1754394360,1G 1146 CRS/CHU,1754411142,1754411149,798,0,0
1754394840_G..N14R,071400_G..N14R,G,0,1754394840,1G 1154 CHU/CRS,1754411479,1754411488,779,0,0
1754394840_G..S14R,071400_G..S14R,G,1,1754394840,1G 1154 CRS/CHU,1754411600,1754411608,795,0,0
1754395290_G..S14R,072150_G..S14R,G,1,1754395290,1G 1201+ CRS/CHU,1754411900,1754411908,774,0,0
1754395320_G..N14R,072200_G..N14R,G,0,1754395320,1G 1202 CHU/CRS,1754412043,1754412050,789,1,0
1754395740_G..N14R,072900_G..N14R,G,0,1754395740,1G 1209 CHU/CRS,1754412245,1754412253,760,0,0
1754395740_G..S14R,072900_G..S14R,G,1,1754395740,1G 1209 CRS/CHU,1754412358,1754412365,775,0,0
1754396250_G..S14R,073750_G..S14R,G,1,1754396250,1G 1217+ CRS/CHU,1754412861,1754412869,775,0,0
1754396340_G..N14R,073900_G..N14R,G,0,1754396340,1G 1219 CHU/CRS,1754412989,1754412996,780,0,0
1754396760_G..N14R,074600_G..N14R,G,0,1754396760,1G 1226 CHU/CRS,1754413259,1754413266,760,0,0
1754396760_G..S14R,074600_G..S14R,G,1,1754396760,1G 1226 CRS/CHU,1754413101,1754413109,739,0,0
1754397180_G..N14R,075300_G..N14R,G,0,1754397180,1G 1233 CHU/CRS,1754413687,1754413695,761,0,0
1754397210_G..S14R,075350_G..S14R,G,1,1754397210,1G 1233+ CRS/CHU,1754413522,1754413530,735,0,0
1754397660_G..S14R,076100_G..S14R,G,1,1754397660,1G 1241 CRS/CHU,1754414265,1754414272,774,0,0
1754397780_G..N14R,076300_G..N14R,G,0,1754397780,1G 1243 CHU/CRS,1754414407,1754414416,777,0,0
1754398080_G..S14R,076800_G..S14R,G,1,1754398080,1G 1248 CRS/CHU,1754414768,1754414776,785,0,0
1754398230_G..N14R,077050_G..N14R,G,0,1754398230,1G 1250+ CHU/CRS,1754414783,1754414791,767,0,0
1754398530_G..S14R,077550_G..S14R,G,1,1754398530,1G 1255+ CRS/CHU,1754415053,1754415061,763,0,0
1754398680_G..N14R,077800_G..N14R,G,0,1754398680,1G 1258 CHU/CRS,1754415113,1754415121,751,0,0
1754399040_G..S14R,078400_G..S14R,G,1,1754399040,1G 1304 CRS/CHU,1754415467,1754415474,750,0,0
1754399100_G..N14R,078500_G..N14R,G,0,1754399100,1G 1305 CHU/CRS,1754415692,1754415699,772,0,0
1754399460_G..S14R,079100_G..S14R,G,1,1754399460,1G 1311 CRS/CHU,1754416338,1754416344,810,0,0
1754399760_G..N14R,079600_G..N14R,G,0,1754399760,1G 1316 CHU/CRS,1754416209,1754416217,753,0,0
1754399940_G..S14R,079900_G..S14R,G,1,1754399940,1G 1319 CRS/CHU,1754416518,1754416525,770,0,0
1754400210_G..N14R,080350_G..N14R,G,0,1754400210,1G 1323+ CHU/CRS,1754416750,1754416758,765,0,0
1754400480_G..S14R,080800_G..S14R,G,1,1754400480,1G 1328 CRS/CHU,1754418777,1754418785,999,0,0
1754400630_G..N14R,081050_G..N14R,G,0,1754400630,1G 1330+ CHU/CRS,1754417133,1754417140,760,0,0
1754400960_G..S14R,081600_G..S14R,G,1,1754400960,1G 1336 CRS/CHU,1754418785,1754418792,936,0,0
1754401050_G..N14R,081750_G..N14R,G,0,1754401050,1G 1337+ CHU/CRS,1754417471,1754417479,749,0,0
1754401470_G..N14R,082450_G..N14R,G,0,1754401470,1G 1344+ CHU/CRS,1754417974,1754417981,760,0,0
1754401500_G..S14R,082500_G..S14R,G,1,1754401500,1G 1345 CRS/CHU,1754418845,1754418852,872,0,0
1754401890_G..N14R,083150_G..N14R,G,0,1754401890,1G 1351+ CHU/CRS,1754418320,1754418327,750,0,0
1754401950_G..S14R,083250_G..S14R,G,1,1754401950,1G 1352+ CRS/CHU,1754418905,1754418912,820,0,0
1754402310_G..N14R,083850_G..N14R,G,0,1754402310,1G 1358+ CHU/CRS,1754418762,1754418770,753,0,0
1754402460_G..S14R,084100_G..S14R,G,1,1754402460,1G 1401 CRS/CHU,1754419296,1754419303,804,0,0
1754402790_G..N14R,084650_G..N14R,G,0,1754402790,1G 1406+ CHU/CRS,1754419401,1754419408,775,0,0
1754402910_G..S14R,084850_G..S14R,G,1,1754402910,1G 1408+ CRS/CHU,1754419723,1754419731,802,0,0
1754403240_G..N14R,085400_G..N14R,G,0,1754403240,1G 1414 CHU/CRS,1754419768,1754419776,726,0,0
1754403330_G..S14R,085550_G..S14R,G,1,1754403330,1G 1415+ CRS/CHU,1754419723,1754419731,746,0,0
1754403720_G..S14R,086200_G..S14R,G,1,1754403720,1G 1422 CRS/CHU,1754420519,1754420527,801,0,0
1754403900_G..N14R,086500_G..N14R,G,0,1754403900,1G 1425 CHU/CRS,1754420527,1754420534,778,0,0
1754404230_G..S14R,087050_G..S14R,G,1,1754404230,1G 1430+ CRS/CHU,1754421029,1754421037,801,0,0
1754404320_G..N14R,087200_G..N14R,G,0,1754404320,1G 1432 CHU/CRS,1754420939,1754420947,777,0,0
1754404770_G..S14R,087950_G..S14R,G,1,1754404770,1G 1439+ CRS/CHU,1754421104,1754421112,739,0,0
1754404920_G..N14R,088200_G..N14R,G,0,1754404920,1G 1442 CHU/CRS,1754421540,1754421548,777,0,0
1754405250_G..S14R,088750_G..S14R,G,1,1754405250,1G 1447+ CRS/CHU,1754422164,1754422171,816,0,0
1754405370_G..N14R,088950_G..N14R,G,0,1754405370,1G 1449+ CHU/CRS,1754421773,1754421780,748,0,0
1754405790_G..N14R,089650_G..N14R,G,0,1754405790,1G 1456+ CHU/CRS,1754422404,1754422411,776,0,0
1754405790_G..S14R,089650_G..S14R,G,1,1754405790,1G 1456+ CRS/CHU,1754422404,1754422411,776,0,0
1754406330_G..S14R,090550_G..S14R,G,1,1754406330,1G 1505+ CRS/CHU,1754423026,1754423034,787,0,0
1754406360_G..N14R,090600_G..N14R,G,0,1754406360,1G 1506 CHU/CRS,1754423049,1754423057,786,0,0
1754406780_G..N14R,091300_G..N14R,G,0,1754406780,1G 1513 CHU/CRS,1754423372,1754423380,773,0,0
1754406840_G..S14R,091400_G..S14R,G,1,1754406840,1G 1514 CRS/CHU,1754423335,1754423342,760,0,0
1754407200_G..N14R,092000_G..N14R,G,0,1754407200,1G 1520 CHU/CRS,1754423815,1754423822,776,0,0
1754407290_G..S14R,092150_G..S14R,G,1,1754407290,1G 1521+ CRS/CHU,1754423657,1754423665,743,0,0
1754407590_G..N14R,092650_G..N14R,G,0,1754407590,1G 1526+ CHU/CRS,1754424191,1754424198,774,0,0
1754407800_G..S14R,093000_G..S14R,G,1,1754407800,1G 1530 CRS/CHU,1754424528,1754424536,791,0,0
1754408130_G..N14R,093550_G..N14R,G,0,1754408130,1G 1535+ CHU/CRS,1754424911,1754424918,798,0,0
1754408310_G..S14R,093850_G..S14R,G,1,1754408310,1G 1538+ CRS/CHU,1754424693,1754424701,745,0,0
1754408670_G..N14R,094450_G..N14R,G,0,1754408670,1G 1544+ CHU/CRS,1754425744,1754425752,837,0,0
1754408730_G..S14R,094550_G..S14R,G,1,1754408730,1G 1545+ CRS/CHU,1754425016,1754425024,732,0,0
1754409030_G..N14R,095050_G..N14R,G,0,1754409030,1G 1550+ CHU/CRS,1754426135,1754426143,841,0,0
1754409150_G..S14R,095250_G..S14R,G,1,1754409150,1G 1552+ CRS/CHU,1754425564,1754425572,749,0,0
1754409570_G..N14R,095950_G..N14R,G,0,1754409570,1G 1559+ CHU/CRS,1754426203,1754426210,778,0,0
1754409570_G..S14R,095950_G..S14R,G,1,1754409570,1G 1559+ CRS/CHU,1754425985,1754425992,749,0,0
1754409990_G..N14R,096650_G..N14R,G,0,1754409990,1G 1606+ CHU/CRS,1754426563,1754426570,769,0,0
1754409990_G..S14R,096650_G..S14R,G,1,1754409990,1G 1606+ CRS/CHU,1754426720,1754426728,790,0,0
1754410470_G..N14R,097450_G..N14R,G,0,1754410470,1G 1614+ CHU/CRS,1754427119,1754427126,780,0,0
1754410530_G..S14R,097550_G..S14R,G,1,1754410530,1G 1615+ CRS/CHU,1754427156,1754427164,777,0,0
1754410950_G..N14R,098250_G..N14R,G,0,1754410950,1G 1622+ CHU/CRS,1754427539,1754427546,772,0,0
1754411040_G..S14R,098400_G..S14R,G,1,1754411040,1G 1624 CRS/CHU,1754427501,1754427509,755,0,0
1754411430_G..N14R,099050_G..N14R,G,0,1754411430,1G 1630+ CHU/CRS,1754428042,1754428050,775,0,0
1754411580_G..S14R,099300_G..S14R,G,1,1754411580,1G 1633 CRS/CHU,1754428027,1754428035,753,0,0
1754411910_G..N14R,099850_G..N14R,G,0,1754411910,1G 1638+ CHU/CRS,1754428410,1754428417,760,0,0
1754412060_G..S14R,100100_G..S14R,G,1,1754412060,1G 1641 CRS/CHU,1754428485,1754428492,750,0,0
1754412390_G..N14R,100650_G..N14R,G,0,1754412390,1G 1646+ CHU/CRS,1754429086,1754429093,786,0,0
1754412540_G..S14R,100900_G..S14R,G,1,1754412540,1G 1649 CRS/CHU,1754429326,1754429333,798,0,0
1754412870_G..N14R,101450_G..N14R,G,0,1754412870,1G 1654+ CHU/CRS,1754429446,1754429453,770,0,0
1754413020_G..S14R,101700_G..S14R,G,1,1754413020,1G 1657 CRS/CHU,1754429874,1754429882,807,0,0
1754413350_G..N14R,102250_G..N14R,G,0,1754413350,1G 1702+ CHU/CRS,1754429949,1754429957,773,0,0
1754413500_G..S14R,102500_G..S14R,G,1,1754413500,1G 1705 CRS/CHU,1754430152,1754430159,780,0,0
1754413830_G..N14R,103050_G..N14R,G,0,1754413830,1G 1710+ CHU/CRS,1754430414,1754430422,771,0,0
1754413950_G..S14R,103250_G..S14R,G,1,1754413950,1G 1712+ CRS/CHU,1754430572,1754430579,776,0,0
1754414370_G..N14R,103950_G..N14R,G,0,1754414370,1G 1719+ CHU/CRS,1754430910,1754430918,765,0,0
1754414460_G..S14R,104100_G..S14R,G,1,1754414460,1G 1721 CRS/CHU,1754431195,1754431203,791,0,0
1754414910_G..N14R,104850_G..N14R,G,0,1754414910,1G 1728+ CHU/CRS,1754431495,1754431503,771,0,0
1754414970_G..S14R,104950_G..S14R,G,1,1754414970,1G 1729+ CRS/CHU,1754431533,1754431540,768,0,0
1754415420_G..S14R,105700_G..S14R,G,1,1754415420,1G 1737 CRS/CHU,1754432381,1754432389,821,0,0
1754415480_G..N14R,105800_G..N14R,G,0,1754415480,1G 1738 CHU/CRS,1754432179,1754432186,786,0,0
1754415900_G..S14R,106500_G..S14R,G,1,1754415900,1G 1745 CRS/CHU,1754432411,1754432419,761,0,0
1754416050_G..N14R,106750_G..N14R,G,0,1754416050,1G 1747+ CHU/CRS,1754432682,1754432689,777,0,0
1754416320_G..S14R,107200_G..S14R,G,1,1754416320,1G 1752 CRS/CHU,1754433162,1754433170,805,0,0
1754416470_G..N14R,107450_G..N14R,G,0,1754416470,1G 1754+ CHU/CRS,1754432952,1754432960,757,0,0
1754416800_G..S14R,108000_G..S14R,G,1,1754416800,1G 1800 CRS/CHU,1754433380,1754433387,770,0,0
1754416890_G..N14R,108150_G..N14R,G,0,1754416890,1G 1801+ CHU/CRS,1754433380,1754433387,758,0,0
1754417250_G..S14R,108750_G..S14R,G,1,1754417250,1G 1807+ CRS/CHU,1754433966,1754433973,789,0,0
1754417430_G..N14R,109050_G..N14R,G,0,1754417430,1G 1810+ CHU/CRS,1754434341,1754434348,815,0,0
1754417820_G..S14R,109700_G..S14R,G,1,1754417820,1G 1817 CRS/CHU,1754434363,1754434371,766,0,0
1754417940_G..N14R,109900_G..N14R,G,0,1754417940,1G 1819 CHU/CRS,1754434558,1754434566,776,0,0
1754418300_G..S14R,110500_G..S14R,G,1,1754418300,1G 1825 CRS/CHU,1754435287,1754435294,826,0,0
1754418390_G..N14R,110650_G..N14R,G,0,1754418390,1G 1826+ CHU/CRS,1754434927,1754434934,766,0,0
1754418780_G..S14R,111300_G..S14R,G,1,1754418780,1G 1833 CRS/CHU,1754435444,1754435452,783,0,0
1754418810_G..N14R,111350_G..N14R,G,0,1754418810,1G 1833+ CHU/CRS,1754435204,1754435212,747,0,0
1754419200_G..S14R,112000_G..S14R,G,1,1754419200,1G 1840 CRS/CHU,1754435670,1754435678,757,0,0
1754419350_G..N14R,112250_G..N14R,G,0,1754419350,1G 1842+ CHU/CRS,1754435903,1754435910,768,0,0
1754419680_G..S14R,112800_G..S14R,G,1,1754419680,1G 1848 CRS/CHU,1754436105,1754436113,751,0,0
1754419890_G..N14R,113150_G..N14R,G,0,1754419890,1G 1851+ CHU/CRS,1754436503,1754436510,776,0,0
1754420160_G..S14R,113600_G..S14R,G,1,1754420160,1G 1856 CRS/CHU,1754436729,1754436736,770,0,0
1754420310_G..N14R,113850_G..N14R,G,0,1754420310,1G 1858+ CHU/CRS,1754436751,1754436759,753,0,0
1754420640_G..S14R,114400_G..S14R,G,1,1754420640,1G 1904 CRS/CHU,1754437329,1754437336,786,0,0
1754420730_G..N14R,114550_G..N14R,G,0,1754420730,1G 1905+ CHU/CRS,1754437186,1754437194,755,0,0
1754421150_G..S14R,115250_G..S14R,G,1,1754421150,1G 1912+ CRS/CHU,1754437592,1754437599,753,0,0
1754421270_G..N14R,115450_G..N14R,G,0,1754421270,1G 1914+ CHU/CRS,1754437787,1754437795,763,0,0
1754421690_G..S14R,116150_G..S14R,G,1,1754421690,1G 1921+ CRS/CHU,1754438035,1754438042,740,0,0
1754421810_G..N14R,116350_G..N14R,G,0,1754421810,1G 1923+ CHU/CRS,1754438237,1754438245,751,0,0
1754422140_G..S14R,116900_G..S14R,G,1,1754422140,1G 1929 CRS/CHU,1754438973,1754438981,805,0,0
1754422230_G..N14R,117050_G..N14R,G,0,1754422230,1G 1930+ CHU/CRS,1754438673,1754438681,753,0,0
1754422620_G..S14R,117700_G..S14R,G,1,1754422620,1G 1937 CRS/CHU,1754439551,1754439559,818,0,0
1754422650_G..N14R,117750_G..N14R,G,0,1754422650,1G 1937+ CHU/CRS,1754439033,1754439041,745,0,0
1754423040_G..S14R,118400_G..S14R,G,1,1754423040,1G 1944 CRS/CHU,1754439551,1754439559,762,0,0
1754423070_G..N14R,118450_G..N14R,G,0,1754423070,1G 1944+ CHU/CRS,1754439454,1754439461,745,0,0
1754423520_G..S14R,119200_G..S14R,G,1,1754423520,1G 1952 CRS/CHU,1754440302,1754440309,798,0,0
1754423670_G..N14R,119450_G..N14R,G,0,1754423670,1G 1954+ CHU/CRS,1754440017,1754440024,740,0,0
1754423970_G..S14R,119950_G..S14R,G,1,1754423970,1G 1959+ CRS/CHU,1754440294,1754440302,737,0,0
1754424090_G..N14R,120150_G..N14R,G,0,1754424090,1G 2001+ CHU/CRS,1754440475,1754440482,744,0,0
1754424450_G..N14R,120750_G..N14R,G,0,1754424450,1G 2007+ CHU/CRS,1754440955,1754440963,760,0,0
1754424480_G..S14R,120800_G..S14R,G,1,1754424480,1G 2008 CRS/CHU,1754440985,1754440993,760,0,0
1754424900_G..S14R,121500_G..S14R,G,1,1754424900,1G 2015 CRS/CHU,1754441255,1754441263,741,0,0
1754425050_G..N14R,121750_G..N14R,G,0,1754425050,1G 2017+ CHU/CRS,1754441541,1754441549,759,0,0
1754425410_G..S14R,122350_G..S14R,G,1,1754425410,1G 2023+ CRS/CHU,1754441826,1754441834,749,0,0
1754425470_G..N14R,122450_G..N14R,G,0,1754425470,1G 2024+ CHU/CRS,1754441804,1754441811,738,0,0
1754425860_G..S14R,123100_G..S14R,G,1,1754425860,1G 2031 CRS/CHU,1754442419,1754442427,768,0,0
1754425890_G..N14R,123150_G..N14R,G,0,1754425890,1G 2031+ CHU/CRS,1754442449,1754442457,768,0,0
1754426280_G..S14R,123800_G..S14R,G,1,1754426280,1G 2038 CRS/CHU,1754442720,1754442727,752,0,0
1754426310_G..N14R,123850_G..N14R,G,0,1754426310,1G 2038+ CHU/CRS,1754442907,1754442915,773,0,0
1754426700_G..S14R,124500_G..S14R,G,1,1754426700,1G 2045 CRS/CHU,1754443267,1754443275,769,0,0
1754426730_G..N14R,124550_G..N14R,G,0,1754426730,1G 2045+ CHU/CRS,1754443493,1754443501,795,0,0
1754427180_G..N14R,125300_G..N14R,G,0,1754427180,1G 2053 CHU/CRS,1754443666,1754443673,758,0,0
1754427240_G..S14R,125400_G..S14R,G,1,1754427240,1G 2054 CRS/CHU,1754443966,1754443973,790,0,0
1754427660_G..N14R,126100_G..N14R,G,0,1754427660,1G 2101 CHU/CRS,1754444168,1754444176,761,0,0
1754427720_G..S14R,126200_G..S14R,G,1,1754427720,1G 2102 CRS/CHU,1754444123,1754444131,747,0,0
1754428200_G..S14R,127000_G..S14R,G,1,1754428200,1G 2110 CRS/CHU,1754444852,1754444859,780,0,0
1754428260_G..N14R,127100_G..N14R,G,0,1754428260,1G 2111 CHU/CRS,1754444754,1754444762,759,0,0
1754428650_G..S14R,127750_G..S14R,G,1,1754428650,1G 2117+ CRS/CHU,1754445453,1754445460,800,0,0
1754429130_G..S14R,128550_G..S14R,G,1,1754429130,1G 2125+ CRS/CHU,1754445858,1754445865,790,0,0
1754429160_G..N14X007,128600_G..N14X007,G,0,1754429160,1G 2126 CHU/BDN,1754444867,1754444874,654,0,0
1754429610_G..S14R,129350_G..S14R,G,1,1754429610,1G 2133+ CRS/CHU,1754446241,1754446248,777,0,0
1754429940_G..N14X007,129900_G..N14X007,G,0,1754429940,1G 2139 CHU/BDN,1754446158,1754446165,722,0,0
1754430120_G..S14R,130200_G..S14R,G,1,1754430120,1G 2142 CRS/CHU,1754446976,1754446984,807,0,0
1754430720_G..N14X007,131200_G..N14X007,G,0,1754430720,1G 2152 CHU/BDN,1754447081,1754447089,741,0,0
1754431260_G..S14X019,132100_G..S14X019,G,1,1754431260,1G 2201 BDN/CHU,1754447141,1754447149,677,0,0
1754431320_G..N14X007,132200_G..N14X007,G,0,1754431320,1G 2202 CHU/BDN,1754447502,1754447510,717,0,0
1754431980_G..S14X019,133300_G..S14X019,G,1,1754431980,1G 2213 BDN/CHU,1754447742,1754447750,662,0,0
1754432040_G..N14X007,133400_G..N14X007,G,0,1754432040,1G 2214 CHU/BDN,1754448057,1754448065,696,0,0
1754432700_G..S14X019,134500_G..S14X019,G,1,1754432700,1G 2225 BDN/CHU,1754448621,1754448628,683,0,0
1754432760_G..N14X007,134600_G..N14X007,G,0,1754432760,1G 2226 CHU/BDN,1754448763,1754448771,694,0,0
1754433420_G..S14X019,135700_G..S14X019,G,1,1754433420,1G 2237 BDN/CHU,1754450325,1754450333,815,0,0
1754433480_G..N14X007,135800_G..N14X007,G,0,1754433480,1G 2238 CHU/BDN,1754449402,1754449409,684,0,0
1754434140_G..S14X019,136900_G..S14X019,G,1,1754434140,1G 2249 BDN/CHU,1754450325,1754450333,719,0,0
1754434200_G..N14X007,137000_G..N14X007,G,0,1754434200,1G 2250 CHU/BDN,1754450130,1754450137,685,0,0
1754434860_G..S14X019,138100_G..S14X019,G,1,1754434860,1G 2301 BDN/CHU,1754450453,1754450460,640,0,0
1754434920_G..N14X007,138200_G..N14X007,G,0,1754434920,1G 2302 CHU/BDN,1754450813,1754450820,680,0,0
1754435580_G..S14X019,139300_G..S14X019,G,1,1754435580,1G 2313 BDN/CHU,1754451173,1754451181,640,0,0
1754435640_G..N14X007,139400_G..N14X007,G,0,1754435640,1G 2314 CHU/BDN,1754451504,1754451511,676,0,0
1754436300_G..S14X019,140500_G..S14X019,G,1,1754436300,1G 2325 BDN/CHU,1754452907,1754452915,775,0,0
1754436360_G..N14X007,140600_G..N14X007,G,0,1754436360,1G 2326 CHU/BDN,1754452255,1754452262,680,0,0
1754437020_G..S14X019,141700_G..S14X019,G,1,1754437020,1G 2337 BDN/CHU,1754452907,1754452915,679,0,0
1754437320_G..N14X007,142200_G..N14X007,G,0,1754437320,1G 2342 CHU/BDN,1754453013,1754453020,653,0,0
1754437740_G..S14X019,142900_G..S14X019,G,1,1754437740,1G 2349 BDN/CHU,1754453741,1754453748,694,0,0
1754438460_G..S14X019,000100_G..S14X019,G,1,1754438460,1G 0001 BDN/CHU,1754454679,1754454687,722,0,0
1754439180_G..S14X019,001300_G..S14X019,G,1,1754439180,1G 0013 BDN/CHU,1754455243,1754455250,701,0,0
1754439540_G..N14X007,001900_G..N14X007,G,0,1754439540,1G 0019 CHU/BDN,1754455663,1754455670,710,0,0
1754440200_G..S14X019,003000_G..S14X019,G,1,1754440200,1G 0030 BDN/CHU,1754456804,1754456812,775,0,0
1754440740_G..N14X007,003900_G..N14X007,G,0,1754440740,1G 0039 CHU/BDN,1754456519,1754456526,665,0,0
1754441400_G..S14X019,005000_G..S14X019,G,1,1754441400,1G 0050 BDN/CHU,1754457089,1754457097,653,0,0
1754441970_G..N14X007,005950_G..N14X007,G,0,1754441970,1G 0059+ CHU/BDN,1754457367,1754457375,614,0,0
1754442600_G..S14X019,007000_G..S14X019,G,1,1754442600,1G 0110 BDN/CHU,1754458448,1754458456,674,0,0
1754443170_G..N14X007,007950_G..N14X007,G,0,1754443170,1G 0119+ CHU/BDN,1754458786,1754458794,643,0,0
1754443800_G..S14X019,009000_G..S14X019,G,1,1754443800,1G 0130 BDN/CHU,1754459477,1754459484,651,0,0
1754444370_G..N14X007,009950_G..N14X007,G,0,1754444370,1G 0139+ CHU/BDN,1754460010,1754460017,646,0,0
1754445000_G..S14X019,011000_G..S14X019,G,1,1754445000,1G 0150 BDN/CHU,1754463306,1754463313,1001,0,0
1754445570_G..N14X007,011950_G..N14X007,G,0,1754445570,1G 0159+ CHU/BDN,1754461579,1754461587,695,0,0
1754446200_G..S14X019,013000_G..S14X019,G,1,1754446200,1G 0210 BDN/CHU,1754462000,1754462007,666,0,0
1754446770_G..N14X007,013950_G..N14X007,G,0,1754446770,1G 0219+ CHU/BDN,1754462345,1754462352,637,0,0
1754447400_G..S14X019,015000_G..S14X019,G,1,1754447400,1G 0230 BDN/CHU,1754463321,1754463328,683,0,0
1754447970_G..N14X007,015950_G..N14X007,G,0,1754447970,1G 0239+ CHU/BDN,1754463524,1754463531,634,0,0
1754448600_G..S14X019,017000_G..S14X019,G,1,1754448600,1G 0250 BDN/CHU,1754464890,1754464898,733,0,0
1754449170_G..N14X007,017950_G..N14X007,G,0,1754449170,1G 0259+ CHU/BDN,1754464732,1754464740,636,0,0
1754449800_G..S14X019,019000_G..S14X019,G,1,1754449800,1G 0310 BDN/CHU,1754465633,1754465641,672,0,0
1754450370_G..N14X007,019950_G..N14X007,G,0,1754450370,1G 0319+ CHU/BDN,1754465904,1754465911,632,0,0
1754451000_G..S14X019,021000_G..S14X019,G,1,1754451000,1G 0330 BDN/CHU,1754466632,1754466639,645,0,0
1754451570_G..N14X007,021950_G..N14X007,G,0,1754451570,1G 0339+ CHU/BDN,1754467135,1754467142,636,0,0
1754452200_G..S14X019,023000_G..S14X019,G,1,1754452200,1G 0350 BDN/CHU,1754468021,1754468028,780,0,0
1754452770_G..N14X007,023950_G..N14X007,G,0,1754452770,1G 0359+ CHU/BDN,1754468599,1754468606,858,0,0
1754366910_J..S12R,024850_J..S12R,J,1,1754366910,1J 0408+ P-A/BRD,1754385036,1754385041,976,0,0
1754367300_J..N41R,025500_J..N41R,J,0,1754367300,1J 0415 BRD/P-A,1754384951,1754384961,913,0,0
1754368110_J..S12R,026850_J..S12R,J,1,1754368110,1J 0428+ P-A/BRD,1754385732,1754385742,909,0,0
1754368500_J..N41R,027500_J..N41R,J,0,1754368500,1J 0435 BRD/P-A,1754386197,1754386207,920,0,0
1754369310_J..S12R,028850_J..S12R,J,1,1754369310,1J 0448+ P-A/BRD,1754386963,1754386973,914,0,0
1754369700_J..N41R,029500_J..N41R,J,0,1754369700,1J 0455 BRD/P-A,1754387609,1754387619,948,0,0
1754370510_J..S12R,030850_J..S12R,J,1,1754370510,1J 0508+ P-A/BRD,1754388249,1754388254,925,0,0
1754370900_J..N41R,031500_J..N41R,J,0,1754370900,1J 0515 BRD/P-A,1754389125,1754389135,990,0,0
1754371500_J..S12R,032500_J..S12R,J,1,1754371500,1J 0525 P-A/BRD,1754389050,1754389060,900,0,0
1754372100_J..N41R,033500_J..N41R,J,0,1754372100,1J 0535 BRD/P-A,1754389786,1754389796,918,0,0
1754372340_J..S12R,033900_J..S12R,J,1,1754372340,1J 0539 P-A/BRD,1754389786,1754389796,886,0,0
1754373060_J..S12R,035100_J..S12R,J,1,1754373060,1J 0551 P-A/BRD,1754390517,1754390522,887,0,0
1754373300_J..N41R,035500_J..N41R,J,0,1754373300,1J 0555 BRD/P-A,1754391012,1754391017,921,0,0
1754373660_J..S12R,036100_J..S12R,J,1,1754373660,1J 0601 P-A/BRD,1754391107,1754391117,886,0,0
1754374200_J..S12R,037000_J..S12R,J,1,1754374200,1J 0610 P-A/BRD,1754391693,1754391703,892,0,0
1754374440_J..N41R,037400_J..N41R,J,0,1754374440,1J 0614 BRD/P-A,1754391838,1754391843,879,0,0
1754374860_J..S12R,038100_J..S12R,J,1,1754374860,1J 0621 P-A/BRD,1754392564,1754392574,920,0,0
1754375400_J..N41R,039000_J..N41R,J,0,1754375400,1J 0630 BRD/P-A,1754392919,1754392924,895,0,0
1754375520_J..S13R,039200_J..S13R,J,1,1754375520,1J 0632 P-A/BRD,1754392879,1754392889,874,0,0
1754375700_J..N60R,039500_J..N60R,J,0,1754375700,1J 0635 EPY/P-A,1754391483,1754391493,664,0,0
1754376120_J..N41R,040200_J..N41R,J,0,1754376120,1J 0642 BRD/P-A,1754393600,1754393610,890,0,0
1754376120_J..S13R,040200_J..S13R,J,1,1754376120,1J 0642 P-A/BRD,1754393385,1754393390,861,0,0
1754376660_J..N60R,041100_J..N60R,J,0,1754376660,1J 0651 EPY/P-A,1754392544,1754392549,677,0,0
1754376660_J..S13R,041100_J..S13R,J,1,1754376660,1J 0651 P-A/BRD,1754394200,1754394211,898,0,0
1754376780_J..N41R,041300_J..N41R,J,0,1754376780,1J 0653 BRD/P-A,1754394396,1754394406,908,0,0
1754377140_J..S13R,041900_J..S13R,J,1,1754377140,1J 0659 P-A/BRD,1754394586,1754394591,885,0,0
1754377380_J..N41R,042300_J..N41R,J,0,1754377380,1J 0703 BRD/P-A,1754395867,1754395877,1024,0,0
1754377530_J..N60R,042550_J..N60R,J,0,1754377530,1J 0705+ EPY/P-A,1754393265,1754393270,657,0,0
1754377590_J..S13R,042650_J..S13R,J,1,1754377590,1J 0706+ P-A/BRD,1754395191,1754395202,906,0,0
1754377980_J..N41R,043300_J..N41R,J,0,1754377980,1J 0713 BRD/P-A,1754395882,1754395892,947,0,0
1754378070_J..S15R,043450_J..S15R,J,1,1754378070,1J 0714+ P-A/BRD,1754395352,1754395357,864,0,0
1754378580_J..N41R,044300_J..N41R,J,0,1754378580,1J 0723 BRD/P-A,1754396628,1754396633,966,0,0
1754378610_J..S16R,044350_J..S16R,Z,1,1754378610,1Z 0723+ P-A/BRD,1754395892,1754395897,864,0,0
1754379150_J..S16R,045250_J..S16R,Z,1,1754379150,1Z 0732+ P-A/BRD,1754396273,1754396283,843,0,0
1754379180_J..N41R,045300_J..N41R,J,0,1754379180,1J 0733 BRD/P-A,1754397279,1754397289,973,0,0
1754379450_J..S15R,045750_J..S15R,J,1,1754379450,1J 0737+ P-A/BRD,1754396588,1754396598,845,0,0
1754379750_J..S16R,046250_J..S16R,Z,1,1754379750,1Z 0742+ P-A/BRD,1754397154,1754397158,880,0,0
1754379780_J..N41R,046300_J..N41R,J,0,1754379780,1J 0743 BRD/P-A,1754397504,1754397514,923,0,0
1754380050_J..S15R,046750_J..S15R,J,1,1754380050,1J 0747+ P-A/BRD,1754397158,1754397169,841,0,0
1754380320_J..N41R,047200_J..N41R,J,0,1754380320,1J 0752 BRD/P-A,1754398160,1754398164,938,0,0
1754380350_J..S16R,047250_J..S16R,Z,1,1754380350,1Z 0752+ P-A/BRD,1754397954,1754397964,857,0,0
1754380650_J..S15R,047750_J..S15R,J,1,1754380650,1J 0757+ P-A/BRD,1754397969,1754397979,869,0,0
1754380800_J..N41R,048000_J..N41R,J,0,1754380800,1J 0800 BRD/P-A,1754398720,1754398730,949,0,0
1754380950_J..S16R,048250_J..S16R,Z,1,1754380950,1Z 0802+ P-A/BRD,1754398400,1754398405,886,0,0
1754381250_J..S15R,048750_J..S15R,J,1,1754381250,1J 0807+ P-A/BRD,1754398535,1754398540,864,0,0
1754381280_J..N41R,048800_J..N41R,J,0,1754381280,1J 0808 BRD/P-A,1754398780,1754398790,893,0,0
1754381520_J..S16R,049200_J..S16R,Z,1,1754381520,1Z 0812 P-A/BRD,1754398810,1754398820,865,0,0
1754381700_J..N41R,049500_J..N41R,J,0,1754381700,1J 0815 BRD/EPY,1754398149,1754398160,753,0,0
1754381850_J..S15R,049750_J..S15R,J,1,1754381850,1J 0817+ P-A/BRD,1754399081,1754399091,857,0,0
1754382000_J..N41R,050000_J..N41R,J,0,1754382000,1J 0820 BRD/P-A,1754399841,1754399846,938,1,0
1754382120_J..S13R,050200_J..S13R,J,1,1754382120,1J 0822 P-A/BRD,1754399901,1754399906,930,0,0
1754382420_J..N41R,050700_J..N41R,J,0,1754382420,1J 0827 BRD/P-A,1754399831,1754399841,881,0,0
1754382600_J..S13R,051000_J..S13R,J,1,1754382600,1J 0830 P-A/BRD,1754400117,1754400127,896,0,0
1754382900_J..N41R,051500_J..N41R,J,0,1754382900,1J 0835 BRD/P-A,1754400862,1754400867,955,0,0
1754383050_J..S13R,051750_J..S13R,J,1,1754383050,1J 0837+ P-A/BRD,1754400597,1754400607,900,0,0
1754383200_J..N43R,052000_J..N43R,J,0,1754383200,1J 0840 BRD/P-A,1754400867,1754400878,916,1,0
1754383500_J..N41R,052500_J..N41R,J,0,1754383500,1J 0845 BRD/P-A,1754401288,1754401298,932,0,0
1754383560_J..S13R,052600_J..S13R,J,1,1754383560,1J 0846 P-A/BRD,1754401583,1754401588,914,0,0
1754383800_J..N41R,053000_J..N41R,J,0,1754383800,1J 0850 BRD/P-A,1754401448,1754401453,913,0,0
1754384040_J..S13R,053400_J..S13R,J,1,1754384040,1J 0854 P-A/BRD,1754401588,1754401598,900,0,0
1754384100_J..N41R,053500_J..N41R,J,0,1754384100,1J 0855 BRD/P-A,1754401808,1754401813,921,0,0
1754384370_J..N41R,053950_J..N41R,J,0,1754384370,1J 0859+ BRD/P-A,1754402169,1754402174,933,0,0
1754384520_J..S13R,054200_J..S13R,J,1,1754384520,1J 0902 P-A/BRD,1754402189,1754402199,916,0,0
1754384820_J..N41R,054700_J..N41R,J,0,1754384820,1J 0907 BRD/P-A,1754403045,1754403055,990,0,0
1754384850_J..S13R,054750_J..S13R,J,1,1754384850,1J 0907+ P-A/BRD,1754402409,1754402414,901,0,0
1754385300_J..N41R,055500_J..N41R,J,0,1754385300,1J 0915 BRD/P-A,1754403210,1754403220,948,0,0
1754385330_J..S13R,055550_J..S13R,J,1,1754385330,1J 0915+ P-A/BRD,1754402909,1754402920,904,0,0
1754385780_J..N41R,056300_J..N41R,J,0,1754385780,1J 0923 BRD/P-A,1754403630,1754403640,940,0,0
1754385810_J..S13R,056350_J..S13R,J,1,1754385810,1J 0923+ P-A/BRD,1754403510,1754403520,920,0,0
1754386200_J..N,057000_J..N,J,0,1754386200,1J 0930 BRD/P-A,1754404171,1754404181,956,0,0
1754386290_J..S13R,057150_J..S13R,J,1,1754386290,1J 0931+ P-A/BRD,1754404006,1754404016,922,0,0
1754386620_J..N,057700_J..N,J,0,1754386620,1J 0937 BRD/P-A,1754404606,1754404616,958,0,0
1754386740_J..S13R,057900_J..S13R,J,1,1754386740,1J 0939 P-A/BRD,1754404952,1754404962,988,0,0
1754387100_J..N,058500_J..N,J,0,1754387100,1J 0945 BRD/P-A,1754405477,1754405487,1010,0,0
1754387220_J..S13R,058700_J..S13R,J,1,1754387220,1J 0947 P-A/BRD,1754405192,1754405202,956,0,0
1754387640_J..N,059400_J..N,J,0,1754387640,1J 0954 BRD/P-A,1754405702,1754405713,968,0,0
1754387700_J..S13R,059500_J..S13R,J,1,1754387700,1J 0955 P-A/BRD,1754405397,1754405402,919,0,0
1754388120_J..N,060200_J..N,J,0,1754388120,1J 1002 BRD/P-A,1754406108,1754406118,958,0,0
1754388180_J..S13R,060300_J..S13R,J,1,1754388180,1J 1003 P-A/BRD,1754405747,1754405757,902,0,0
1754388660_J..S13R,061100_J..S13R,J,1,1754388660,1J 1011 P-A/BRD,1754406303,1754406313,912,0,0
1754388720_J..N,061200_J..N,J,0,1754388720,1J 1012 BRD/P-A,1754406588,1754406598,942,0,0
1754389140_J..S13R,061900_J..S13R,J,1,1754389140,1J 1019 P-A/BRD,1754406798,1754406809,914,0,0
1754389200_J..N,062000_J..N,J,0,1754389200,1J 1020 BRD/P-A,1754407965,1754407970,1061,0,0
1754389620_J..S13R,062700_J..S13R,J,1,1754389620,1J 1027 P-A/BRD,1754407564,1754407575,952,0,0
1754389680_J..N,062800_J..N,J,0,1754389680,1J 1028 BRD/P-A,1754408205,1754408210,1029,0,0
1754390040_J..S13R,063400_J..S13R,J,1,1754390040,1J 1034 P-A/BRD,1754407834,1754407845,932,0,0
1754390160_J..N,063600_J..N,J,0,1754390160,1J 1036 BRD/P-A,1754409411,1754409422,1126,0,0
1754390520_J..S13R,064200_J..S13R,J,1,1754390520,1J 1042 P-A/BRD,1754408075,1754408085,900,0,0
1754390640_J..N,064400_J..N,J,0,1754390640,1J 1044 BRD/P-A,1754409411,1754409422,1062,0,0
1754391000_J..S13R,065000_J..S13R,J,1,1754391000,1J 1050 P-A/BRD,1754408986,1754408991,957,0,0
1754391120_J..N,065200_J..N,J,0,1754391120,1J 1052 BRD/P-A,1754409406,1754409411,997,0,0
1754391480_J..S13R,065800_J..S13R,J,1,1754391480,1J 1058 P-A/BRD,1754409456,1754409466,956,0,0
1754391600_J..N,066000_J..N,J,0,1754391600,1J 1100 BRD/P-A,1754409887,1754409892,997,0,0
1754391960_J..S13R,066600_J..S13R,J,1,1754391960,1J 1106 P-A/BRD,1754410112,1754410117,979,0,0
1754392080_J..N,066800_J..N,J,0,1754392080,1J 1108 BRD/P-A,1754410112,1754410117,963,0,0
1754392440_J..S13R,067400_J..S13R,J,1,1754392440,1J 1114 P-A/BRD,1754410247,1754410252,934,0,0
1754392560_J..N,067600_J..N,J,0,1754392560,1J 1116 BRD/P-A,1754410582,1754410593,963,0,0
1754392920_J..S13R,068200_J..S13R,J,1,1754392920,1J 1122 P-A/BRD,1754410822,1754410833,947,0,0
1754393040_J..N,068400_J..N,J,0,1754393040,1J 1124 BRD/P-A,1754411573,1754411584,1031,0,0
1754393400_J..S13R,069000_J..S13R,J,1,1754393400,1J 1130 P-A/BRD,1754411333,1754411344,951,0,0
1754393520_J..N,069200_J..N,J,0,1754393520,1J 1132 BRD/P-A,1754411588,1754411599,969,0,0
1754393910_J..S13R,069850_J..S13R,J,1,1754393910,1J 1138+ P-A/BRD,1754411914,1754411919,960,0,0
1754394000_J..N,070000_J..N,J,0,1754394000,1J 1140 BRD/P-A,1754412309,1754412319,1001,0,0
1754394390_J..S13R,070650_J..S13R,J,1,1754394390,1J 1146+ P-A/BRD,1754412234,1754412244,939,0,0
1754394480_J..N,070800_J..N,J,0,1754394480,1J 1148 BRD/P-A,1754412519,1754412530,965,0,0
1754394870_J..S13R,071450_J..S13R,J,1,1754394870,1J 1154+ P-A/BRD,1754413075,1754413085,987,0,0
1754394960_J..N,071600_J..N,J,0,1754394960,1J 1156 BRD/P-A,1754413661,1754413671,1053,0,0
1754395350_J..S13R,072250_J..S13R,J,1,1754395350,1J 1202+ P-A/BRD,1754413390,1754413401,965,0,0
1754395440_J..N,072400_J..N,J,0,1754395440,1J 1204 BRD/P-A,1754413581,1754413585,978,0,0
1754395830_J..S13R,073050_J..S13R,J,1,1754395830,1J 1210+ P-A/BRD,1754413630,1754413641,933,0,0
1754395920_J..N,073200_J..N,J,0,1754395920,1J 1212 BRD/P-A,1754414427,1754414437,1027,0,0
1754396310_J..S13R,073850_J..S13R,J,1,1754396310,1J 1218+ P-A/BRD,1754414141,1754414151,937,0,0
1754396400_J..N,074000_J..N,J,0,1754396400,1J 1220 BRD/P-A,1754414422,1754414427,962,0,0
1754396790_J..S12R,074650_J..S12R,J,1,1754396790,1J 1226+ P-A/BRD,1754414561,1754414572,930,0,0
1754396880_J..N,074800_J..N,J,0,1754396880,1J 1228 BRD/P-A,1754415312,1754415322,1018,0,0
1754397270_J..S12R,075450_J..S12R,J,1,1754397270,1J 1234+ P-A/BRD,1754414967,1754414977,920,0,0
1754397360_J..N,075600_J..N,J,0,1754397360,1J 1236 BRD/P-A,1754415312,1754415322,954,0,0
1754397750_J..S12R,076250_J..S12R,J,1,1754397750,1J 1242+ P-A/BRD,1754415507,1754415518,928,0,0
1754397840_J..N,076400_J..N,J,0,1754397840,1J 1244 BRD/P-A,1754415657,1754415668,936,0,0
1754398230_J..S12R,077050_J..S12R,J,1,1754398230,1J 1250+ P-A/BRD,1754416123,1754416133,946,0,0
1754398320_J..N,077200_J..N,J,0,1754398320,1J 1252 BRD/P-A,1754416468,1754416479,980,0,0
1754398710_J..S12R,077850_J..S12R,J,1,1754398710,1J 1258+ P-A/BRD,1754416704,1754416709,959,0,0
1754398800_J..N,078000_J..N,J,0,1754398800,1J 1300 BRD/P-A,1754416619,1754416629,936,0,0
1754399190_J..S12R,078650_J..S12R,J,1,1754399190,1J 1306+ P-A/BRD,1754416829,1754416839,913,0,0
1754399280_J..N,078800_J..N,J,0,1754399280,1J 1308 BRD/P-A,1754417504,1754417515,991,0,0
1754399670_J..S12R,079450_J..S12R,J,1,1754399670,1J 1314+ P-A/BRD,1754417249,1754417260,905,0,0
1754399760_J..N,079600_J..N,J,0,1754399760,1J 1316 BRD/P-A,1754418030,1754418040,997,0,0
1754400150_J..S12R,080250_J..S12R,J,1,1754400150,1J 1322+ P-A/BRD,1754417530,1754417534,878,0,0
1754400240_J..N,080400_J..N,J,0,1754400240,1J 1324 BRD/P-A,1754418120,1754418131,945,0,0
1754400630_J..S12R,081050_J..S12R,J,1,1754400630,1J 1330+ P-A/BRD,1754418776,1754418781,980,0,0
1754400720_J..N,081200_J..N,J,0,1754400720,1J 1332 BRD/P-A,1754418596,1754418601,944,0,0
1754401110_J..S12R,081850_J..S12R,J,1,1754401110,1J 1338+ P-A/BRD,1754419016,1754419021,948,0,0
1754401200_J..N,082000_J..N,J,0,1754401200,1J 1340 BRD/P-A,1754419197,1754419201,960,0,0
1754401590_J..S12R,082650_J..S12R,J,1,1754401590,1J 1346+ P-A/BRD,1754419607,1754419617,962,0,0
1754401680_J..N,082800_J..N,J,0,1754401680,1J 1348 BRD/P-A,1754419411,1754419422,924,0,0
1754402070_J..S12R,083450_J..S12R,J,1,1754402070,1J 1354+ P-A/BRD,1754419967,1754419977,946,0,0
1754402160_J..N,083600_J..N,J,0,1754402160,1J 1356 BRD/P-A,1754420282,1754420293,976,0,0
1754402550_J..S12R,084250_J..S12R,J,1,1754402550,1J 1402+ P-A/BRD,1754420477,1754420488,950,0,0
1754402640_J..N,084400_J..N,J,0,1754402640,1J 1404 BRD/P-A,1754420943,1754420953,1000,0,0
1754403030_J..S12R,085050_J..S12R,J,1,1754403030,1J 1410+ P-A/BRD,1754420758,1754420763,923,0,0
1754403120_J..N,085200_J..N,J,0,1754403120,1J 1412 BRD/P-A,1754420943,1754420953,936,0,0
1754403510_J..S12R,085850_J..S12R,J,1,1754403510,1J 1418+ P-A/BRD,1754421299,1754421303,931,0,0
1754403600_J..N,086000_J..N,J,0,1754403600,1J 1420 BRD/P-A,1754421484,1754421494,944,0,0
1754403990_J..S12R,086650_J..S12R,J,1,1754403990,1J 1426+ P-A/BRD,1754421719,1754421724,923,0,0
1754404080_J..N,086800_J..N,J,0,1754404080,1J 1428 BRD/P-A,1754421814,1754421824,924,0,0
1754404440_J..S12R,087400_J..S12R,J,1,1754404440,1J 1434 P-A/BRD,1754422294,1754422305,940,0,0
1754404560_J..N45R,087600_J..N45R,J,0,1754404560,1J 1436 BRD/P-A,1754422725,1754422730,981,0,0
1754404920_J..S12R,088200_J..S12R,J,1,1754404920,1J 1442 P-A/BRD,1754422595,1754422605,916,0,0
1754405040_J..N45R,088400_J..N45R,J,0,1754405040,1J 1444 BRD/P-A,1754422715,1754422725,916,0,0
1754405400_J..S12R,089000_J..S12R,J,1,1754405400,1J 1450 P-A/BRD,1754423165,1754423176,928,0,0
1754405520_J..N45R,089200_J..N45R,J,0,1754405520,1J 1452 BRD/P-A,1754423661,1754423671,978,0,0
1754405880_J..S12R,089800_J..S12R,J,1,1754405880,1J 1458 P-A/BRD,1754423466,1754423476,904,0,0
1754406000_J..N45R,090000_J..N45R,J,0,1754406000,1J 1500 BRD/P-A,1754424607,1754424617,1039,0,0
1754406360_J..S12R,090600_J..S12R,J,1,1754406360,1J 1506 P-A/BRD,1754423866,1754423871,892,0,0
1754406480_J..N45R,090800_J..N45R,J,0,1754406480,1J 1508 BRD/P-A,1754425428,1754425433,1084,0,0
1754406840_J..S12R,091400_J..S12R,J,1,1754406840,1J 1514 P-A/BRD,1754424502,1754424512,914,0,0
1754406960_J..N45R,091600_J..N45R,J,0,1754406960,1J 1516 BRD/P-A,1754425428,1754425433,1021,0,0
1754407320_J..S12R,092200_J..S12R,J,1,1754407320,1J 1522 P-A/BRD,1754424767,1754424772,885,0,0
1754407380_J..N45R,092300_J..N45R,J,0,1754407380,1J 1523 BRD/P-A,1754426244,1754426254,1074,0,0
1754407800_J..S12R,093000_J..S12R,J,1,1754407800,1J 1530 P-A/BRD,1754425293,1754425298,891,0,0
1754407860_J..N45R,093100_J..N45R,J,0,1754407860,1J 1531 BRD/P-A,1754426244,1754426254,1010,0,0
1754408280_J..S12R,093800_J..S12R,J,1,1754408280,1J 1538 P-A/BRD,1754426854,1754426859,1035,0,0
1754408340_J..N45R,093900_J..N45R,J,0,1754408340,1J 1539 BRD/P-A,1754426244,1754426254,946,0,0
1754408760_J..S12R,094600_J..S12R,J,1,1754408760,1J 1546 P-A/BRD,1754426304,1754426314,899,0,0
1754408820_J..N45R,094700_J..N45R,J,0,1754408820,1J 1547 BRD/P-A,1754426514,1754426524,919,0,0
1754409120_J..S12R,095200_J..S12R,J,1,1754409120,1J 1552 P-A/BRD,1754426975,1754426979,940,0,0
1754409300_J..N45R,095500_J..N45R,J,0,1754409300,1J 1555 BRD/P-A,1754426904,1754426915,907,0,0
1754409540_J..S12R,095900_J..S12R,J,1,1754409540,1J 1559 P-A/BRD,1754427280,1754427290,925,0,0
1754409780_J..N45R,096300_J..N45R,J,0,1754409780,1J 1603 BRD/P-A,1754428176,1754428180,1012,0,0
1754409990_J..S12R,096650_J..S12R,J,1,1754409990,1J 1606+ P-A/BRD,1754427500,1754427505,894,0,0
1754410230_J..N45R,097050_J..N45R,J,0,1754410230,1J 1610+ BRD/P-A,1754428176,1754428180,952,0,0
1754410440_J..S12R,097400_J..S12R,J,1,1754410440,1J 1614 P-A/BRD,1754428101,1754428106,914,0,0
1754410710_J..N45R,097850_J..N45R,J,0,1754410710,1J 1618+ BRD/P-A,1754428180,1754428191,889,0,0
1754410890_J..S12R,098150_J..S12R,J,1,1754410890,1J 1621+ P-A/BRD,1754428521,1754428526,910,0,0
1754411190_J..N45R,098650_J..N45R,J,0,1754411190,1J 1626+ BRD/P-A,1754428796,1754428807,908,0,0
1754411400_J..S12R,099000_J..S12R,J,1,1754411400,1J 1630 P-A/BRD,1754429141,1754429152,926,0,0
1754411670_J..N45R,099450_J..N45R,J,0,1754411670,1J 1634+ BRD/P-A,1754429171,1754429182,894,0,0
1754411760_J..S12R,099600_J..S12R,J,1,1754411760,1J 1636 P-A/BRD,1754429412,1754429422,914,0,0
1754411760_J..S54R,099600_J..S54R,J,1,1754411760,1J 1636 EPY/BRD,1754427790,1754427800,698,0,0
1754412090_J..N45R,100150_J..N45R,J,0,1754412090,1J 1641+ BRD/P-A,1754429502,1754429512,882,0,0
1754412090_J..S12R,100150_J..S12R,J,1,1754412090,1J 1641+ P-A/BRD,1754429622,1754429632,898,0,0
1754412390_J..N45R,100650_J..N45R,J,0,1754412390,1J 1646+ BRD/P-A,1754429982,1754429993,906,0,0
1754412540_J..S12R,100900_J..S12R,J,1,1754412540,1J 1649 P-A/BRD,1754430083,1754430087,899,0,0
1754412660_J..S54R,101100_J..S54R,J,1,1754412660,1J 1651 EPY/BRD,1754428916,1754428927,728,0,0
1754412870_J..N47R,101450_J..N47R,Z,0,1754412870,1Z 1654+ BRD/P-A,1754430428,1754430433,901,0,0
1754413020_J..S12R,101700_J..S12R,J,1,1754413020,1J 1657 P-A/BRD,1754430538,1754430548,896,0,0
1754413230_J..N49R,102050_J..N49R,J,0,1754413230,1J 1700+ BRD/P-A,1754431078,1754431089,940,0,0
1754413500_J..S12R,102500_J..S12R,J,1,1754413500,1J 1705 P-A/BRD,1754431224,1754431229,924,0,0
1754413530_J..N47R,102550_J..N47R,Z,0,1754413530,1Z 1705+ BRD/P-A,1754431404,1754431409,944,0,0
1754413830_J..N49R,103050_J..N49R,J,0,1754413830,1J 1710+ BRD/P-A,1754431404,1754431409,904,0,0
1754413980_J..S12R,103300_J..S12R,J,1,1754413980,1J 1713 P-A/BRD,1754431544,1754431554,904,0,0
1754414130_J..N47R,103550_J..N47R,Z,0,1754414130,1Z 1715+ BRD/P-A,1754431754,1754431765,912,0,0
1754414430_J..N49R,104050_J..N49R,J,0,1754414430,1J 1720+ BRD/P-A,1754431934,1754431945,896,0,0
1754414460_J..S12R,104100_J..S12R,J,1,1754414460,1J 1721 P-A/BRD,1754432009,1754432020,902,0,0
1754414700_J..N47R,104500_J..N47R,Z,0,1754414700,1Z 1725 BRD/P-A,1754432355,1754432365,916,0,0
1754414940_J..S12R,104900_J..S12R,J,1,1754414940,1J 1729 P-A/BRD,1754432410,1754432415,891,0,0
1754415000_J..N49R,105000_J..N49R,J,0,1754415000,1J 1730 BRD/P-A,1754432430,1754432440,886,0,0
1754415300_J..N47R,105500_J..N47R,Z,0,1754415300,1Z 1735 BRD/P-A,1754432670,1754432680,878,0,0
1754415420_J..S12R,105700_J..S12R,J,1,1754415420,1J 1737 P-A/BRD,1754432996,1754433001,905,0,0
1754415630_J..N49R,106050_J..N49R,J,0,1754415630,1J 1740+ BRD/P-A,1754432820,1754432831,854,0,0
1754415960_J..N47R,106600_J..N47R,Z,0,1754415960,1Z 1746 BRD/P-A,1754433196,1754433206,860,0,0
1754416020_J..S12R,106700_J..S12R,J,1,1754416020,1J 1747 P-A/BRD,1754433551,1754433556,899,0,0
1754416320_J..N45R,107200_J..N45R,J,0,1754416320,1J 1752 BRD/P-A,1754433916,1754433927,908,0,0
1754416620_J..S12R,107700_J..S12R,J,1,1754416620,1J 1757 P-A/BRD,1754434272,1754434277,915,0,0
1754416860_J..N45R,108100_J..N45R,J,0,1754416860,1J 1801 BRD/P-A,1754434382,1754434392,898,0,0
1754417220_J..S12R,108700_J..S12R,J,1,1754417220,1J 1807 P-A/BRD,1754434907,1754434918,920,0,0
1754417400_J..N45R,109000_J..N45R,J,0,1754417400,1J 1810 BRD/P-A,1754434712,1754434723,870,0,0
1754417820_J..S12R,109700_J..S12R,J,1,1754417820,1J 1817 P-A/BRD,1754435278,1754435283,889,0,0
1754417880_J..N45R,109800_J..N45R,J,0,1754417880,1J 1818 BRD/P-A,1754435448,1754435458,904,0,0
1754418360_J..N45R,110600_J..N45R,J,0,1754418360,1J 1826 BRD/P-A,1754435823,1754435834,890,0,0
1754418390_J..S12R,110650_J..S12R,J,1,1754418390,1J 1826+ P-A/BRD,1754435793,1754435804,882,0,0
1754418840_J..N45R,111400_J..N45R,J,0,1754418840,1J 1834 BRD/P-A,1754436334,1754436344,894,0,0
1754419050_J..S12R,111750_J..S12R,J,1,1754419050,1J 1837+ P-A/BRD,1754436464,1754436469,883,0,0
1754419320_J..N45R,112200_J..N45R,J,0,1754419320,1J 1842 BRD/P-A,1754436754,1754436765,886,0,0
1754419650_J..S12R,112750_J..S12R,J,1,1754419650,1J 1847+ P-A/BRD,1754437425,1754437430,931,0,0
1754419800_J..N45R,113000_J..N45R,J,0,1754419800,1J 1850 BRD/P-A,1754437160,1754437170,876,0,0
1754420250_J..S12R,113750_J..S12R,J,1,1754420250,1J 1857+ P-A/BRD,1754437726,1754437730,891,0,0
1754420400_J..N45R,114000_J..N45R,J,0,1754420400,1J 1900 BRD/P-A,1754437850,1754437861,887,0,0
1754420850_J..S12R,114750_J..S12R,J,1,1754420850,1J 1907+ P-A/BRD,1754438507,1754438511,913,0,0
1754421060_J..N45R,115100_J..N45R,J,0,1754421060,1J 1911 BRD/P-A,1754438646,1754438657,904,0,0
1754421450_J..S12R,115750_J..S12R,J,1,1754421450,1J 1917+ P-A/BRD,1754439287,1754439292,938,0,0
1754421660_J..N45R,116100_J..N45R,J,0,1754421660,1J 1921 BRD/P-A,1754440343,1754440354,1051,0,0
1754422050_J..S12R,116750_J..S12R,J,1,1754422050,1J 1927+ P-A/BRD,1754440534,1754440538,1024,0,0
1754422320_J..N45R,117200_J..N45R,J,0,1754422320,1J 1932 BRD/P-A,1754440354,1754440358,964,0,0
1754422650_J..S12R,117750_J..S12R,J,1,1754422650,1J 1937+ P-A/BRD,1754440534,1754440538,944,0,0
1754422800_J..N41R,118000_J..N41R,J,0,1754422800,1J 1940 BRD/P-A,1754440354,1754440358,900,0,0
1754423250_J..S12R,118750_J..S12R,J,1,1754423250,1J 1947+ P-A/BRD,1754440658,1754440669,881,0,0
1754423430_J..N41R,119050_J..N41R,J,0,1754423430,1J 1950+ BRD/P-A,1754441199,1754441209,929,0,0
1754423850_J..S12R,119750_J..S12R,J,1,1754423850,1J 1957+ P-A/BRD,1754441364,1754441375,895,0,0
1754424030_J..N41R,120050_J..N41R,J,0,1754424030,1J 2000+ BRD/P-A,1754441555,1754441559,896,0,0
1754424450_J..S12R,120750_J..S12R,J,1,1754424450,1J 2007+ P-A/BRD,1754442130,1754442140,917,0,0
1754424630_J..N41R,121050_J..N41R,J,0,1754424630,1J 2010+ BRD/P-A,1754442175,1754442185,899,0,0
1754425050_J..S12R,121750_J..S12R,J,1,1754425050,1J 2017+ P-A/BRD,1754442441,1754442445,878,0,0
1754425650_J..S12R,122750_J..S12R,J,1,1754425650,1J 2027+ P-A/BRD,1754443046,1754443056,879,0,0
1754425830_J..N41R,123050_J..N41R,J,0,1754425830,1J 2030+ BRD/P-A,1754443241,1754443252,882,0,0
1754426160_J..N,123600_J..N,J,0,1754426160,EJ 2036 BRD/P-A,1754443702,1754443706,443,0,0
1754426250_J..S12R,123750_J..S12R,J,1,1754426250,1J 2037+ P-A/BRD,1754443616,1754443627,876,0,0
1754426460_J..N41R,124100_J..N41R,J,0,1754426460,1J 2041 BRD/P-A,1754444708,1754444712,993,0,0
1754426850_J..S12R,124750_J..S12R,J,1,1754426850,1J 2047+ P-A/BRD,1754444423,1754444427,903,0,0
1754427060_J..N41R,125100_J..N41R,J,0,1754427060,1J 2051 BRD/P-A,1754444708,1754444712,913,0,0
1754427480_J..S12R,125800_J..S12R,J,1,1754427480,1J 2058 P-A/BRD,1754445328,1754445339,940,0,0
1754427660_J..N41R,126100_J..N41R,J,0,1754427660,1J 2101 BRD/P-A,1754445403,1754445414,926,0,0
1754428080_J..S12R,126800_J..S12R,J,1,1754428080,1J 2108 P-A/BRD,1754445929,1754445939,941,0,0
1754428260_J..N41R,127100_J..N41R,J,0,1754428260,1J 2111 BRD/P-A,1754446450,1754446454,986,0,0
1754428800_J..S12R,128000_J..S12R,J,1,1754428800,1J 2120 P-A/BRD,1754446214,1754446225,883,0,0
1754428860_J..N41R,128100_J..N41R,J,0,1754428860,1J 2121 BRD/P-A,1754446454,1754446465,907,0,0
1754429460_J..N41R,129100_J..N41R,J,0,1754429460,1J 2131 BRD/P-A,1754447100,1754447110,913,0,0
1754429520_J..S12R,129200_J..S12R,J,1,1754429520,1J 2132 P-A/BRD,1754447100,1754447110,905,0,0
1754430060_J..N41R,130100_J..N41R,J,0,1754430060,1J 2141 BRD/P-A,1754447576,1754447580,896,0,0
1754430240_J..S12R,130400_J..S12R,J,1,1754430240,1J 2144 P-A/BRD,1754447686,1754447696,887,0,0
1754430660_J..N41R,131100_J..N41R,J,0,1754430660,1J 2151 BRD/P-A,1754448312,1754448316,914,0,0
1754430960_J..S12R,131600_J..S12R,J,1,1754430960,1J 2156 P-A/BRD,1754448571,1754448582,909,0,0
1754431260_J..N41R,132100_J..N41R,J,0,1754431260,1J 2201 BRD/P-A,1754449678,1754449683,1016,0,0
1754431680_J..S12R,132800_J..S12R,J,1,1754431680,1J 2208 P-A/BRD,1754449127,1754449138,887,0,0
1754431860_J..N41R,133100_J..N41R,J,0,1754431860,1J 2211 BRD/P-A,1754449758,1754449768,947,0,0
1754432400_J..S12R,134000_J..S12R,J,1,1754432400,1J 2220 P-A/BRD,1754449833,1754449843,885,0,0
1754432580_J..N41R,134300_J..N41R,J,0,1754432580,1J 2223 BRD/P-A,1754449998,1754450008,883,0,0
1754433180_J..S12R,135300_J..S12R,J,1,1754433180,1J 2233 P-A/BRD,1754450523,1754450534,873,0,0
1754433300_J..N41R,135500_J..N41R,J,0,1754433300,1J 2235 BRD/P-A,1754450924,1754450929,910,0,0
1754434020_J..N41R,136700_J..N41R,J,0,1754434020,1J 2247 BRD/P-A,1754451574,1754451585,901,0,0
1754434110_J..S12R,136850_J..S12R,J,1,1754434110,1J 2248+ P-A/BRD,1754451454,1754451465,873,0,0
1754434740_J..N41R,137900_J..N41R,J,0,1754434740,1J 2259 BRD/P-A,1754454443,1754454453,1187,0,0
1754435010_J..S12R,138350_J..S12R,J,1,1754435010,1J 2303+ P-A/BRD,1754452686,1754452696,916,0,0
1754435460_J..N41R,139100_J..N41R,J,0,1754435460,1J 2311 BRD/P-A,1754454487,1754454498,1096,0,0
1754435910_J..S12R,139850_J..S12R,J,1,1754435910,1J 2318+ P-A/BRD,1754453932,1754453943,963,0,0
1754436180_J..N41R,140300_J..N41R,J,0,1754436180,1J 2323 BRD/P-A,1754454502,1754454513,1003,0,0
1754436810_J..S12R,141350_J..S12R,J,1,1754436810,1J 2333+ P-A/BRD,1754454453,1754454457,912,0,0
1754437020_J..N41R,141700_J..N41R,J,0,1754437020,1J 2337 BRD/P-A,1754454513,1754454518,892,0,0
1754437830_J..S12R,143050_J..S12R,J,1,1754437830,1J 2350+ P-A/BRD,1754455253,1754455264,883,0,0
1754437920_J..N41R,143200_J..N41R,J,0,1754437920,1J 2352 BRD/P-A,1754455403,1754455414,891,0,0
1754438820_J..N41R,000700_J..N41R,J,0,1754438820,1J 0007 BRD/P-A,1754456540,1754456545,922,0,0
1754438910_J..S12R,000850_J..S12R,J,1,1754438910,1J 0008+ P-A/BRD,1754456349,1754456360,885,0,0
1754439720_J..N41R,002200_J..N41R,J,0,1754439720,1J 0022 BRD/P-A,1754458241,1754458252,1029,0,0
1754440110_J..S12R,002850_J..S12R,J,1,1754440110,1J 0028+ P-A/BRD,1754457561,1754457566,886,0,0
1754440620_J..N41R,003700_J..N41R,J,0,1754440620,1J 0037 BRD/P-A,1754458572,1754458582,954,0,0
1754441310_J..S12R,004850_J..S12R,J,1,1754441310,1J 0048+ P-A/BRD,1754458707,1754458718,880,0,0
1754441700_J..N41R,005500_J..N41R,J,0,1754441700,1J 0055 BRD/P-A,1754459067,1754459078,876,0,0
1754442510_J..S12R,006850_J..S12R,J,1,1754442510,1J 0108+ P-A/BRD,1754459709,1754459713,853,0,0
1754442900_J..N41R,007500_J..N41R,J,0,1754442900,1J 0115 BRD/P-A,1754461665,1754461676,1049,0,0
1754443710_J..S12R,008850_J..S12R,J,1,1754443710,1J 0128+ P-A/BRD,1754461470,1754461480,915,0,0
1754444100_J..N41R,009500_J..N41R,J,0,1754444100,1J 0135 BRD/P-A,1754462757,1754462761,1034,0,0
1754444910_J..S12R,010850_J..S12R,J,1,1754444910,1J 0148+ P-A/BRD,1754462386,1754462396,877,0,0
1754445300_J..N41R,011500_J..N41R,J,0,1754445300,1J 0155 BRD/P-A,1754463136,1754463147,925,0,0
1754446110_J..S12R,012850_J..S12R,J,1,1754446110,1J 0208+ P-A/BRD,1754464593,1754464604,1011,0,0
1754446500_J..N41R,013500_J..N41R,J,0,1754446500,1J 0215 BRD/P-A,1754464172,1754464183,903,0,0
1754447310_J..S12R,014850_J..S12R,J,1,1754447310,1J 0228+ P-A/BRD,1754464964,1754464968,882,0,0
1754447700_J..N41R,015500_J..N41R,J,0,1754447700,1J 0235 BRD/P-A,1754465494,1754465505,901,0,0
1754448510_J..S12R,016850_J..S12R,J,1,1754448510,1J 0248+ P-A/BRD,1754467010,1754467021,995,0,0
1754448900_J..N41R,017500_J..N41R,J,0,1754448900,1J 0255 BRD/P-A,1754466530,1754466541,879,0,0
1754449710_J..S12R,018850_J..S12R,J,1,1754449710,1J 0308+ P-A/BRD,1754466995,1754467006,846,0,0
1754450100_J..N41R,019500_J..N41R,J,0,1754450100,1J 0315 BRD/P-A,1754467607,1754467611,930,0,0
1754450910_J..S12R,020850_J..S12R,J,1,1754450910,1J 0328+ P-A/BRD,1754468407,1754468418,1036,0,0
1754451300_J..N41R,021500_J..N41R,J,0,1754451300,1J 0335 BRD/P-A,1754469623,1754469638,1253,0,0
1754452110_J..S12R,022850_J..S12R,J,1,1754452110,1J 0348+ P-A/BRD,1754469698,1754469709,1155,0,0
1754452500_J..N41R,023500_J..N41R,J,0,1754452500,1J 0355 BRD/P-A,1754470794,,1349,0,0
1754366580_L..N,024300_L..N,L,0,1754366580,0L 0403 RPY/8AV,1754383302,1754383311,550,0,0
1754367210_L..S,025350_L..S,L,1,1754367210,0L 0413+8AV/RPY,1754384052,1754384061,566,0,0
1754367780_L..N,026300_L..N,L,0,1754367780,0L 0423 RPY/8AV,1754384592,1754384601,560,0,0
1754368410_L..S,027350_L..S,L,1,1754368410,0L 0433+8AV/RPY,1754385642,1754385651,618,0,0
1754368980_L..N,028300_L..N,L,0,1754368980,0L 0443 RPY/8AV,1754385687,1754385696,548,0,0
1754369700_L..S,029500_L..S,L,1,1754369700,0L 0455 8AV/RPY,1754386527,1754386536,564,0,0
1754370030_L..N,030050_L..N,L,0,1754370030,0L 0500+RPY/8AV,1754387007,1754387016,584,0,0
1754370660_L..N,031100_L..N,L,0,1754370660,0L 0511 RPY/8AV,1754387217,1754387226,528,0,0
1754370990_L..S,031650_L..S,L,1,1754370990,0L 0516+8AV/RPY,1754387337,1754387346,500,0,0
1754371170_L..N,031950_L..N,L,0,1754371170,0L 0519+105/8AV,1754387502,1754387511,498,0,0
1754371470_L..N,032450_L..N,L,0,1754371470,0L 0524+RPY/8AV,1754387922,1754387931,512,0,0
1754371920_L..S,033200_L..S,L,1,1754371920,0L 0532 8AV/RPY,1754388267,1754388276,500,0,0
1754371950_L..N,033250_L..N,L,0,1754371950,0L 0532+105/8AV,1754388102,1754388111,474,0,0
1754372220_L..N,033700_L..N,L,0,1754372220,0L 0537 RPY/8AV,1754388597,1754388606,504,0,0
1754372640_L..S,034400_L..S,L,1,1754372640,0L 0544 8AV/RPY,1754389257,1754389266,530,0,0
1754372670_L..N,034450_L..N,L,0,1754372670,0L 0544+105/8AV,1754388822,1754388831,474,0,0
1754372940_L..N,034900_L..N,L,0,1754372940,0L 0549 RPY/8AV,1754389257,1754389266,494,0,0
1754373240_L..S,035400_L..S,L,1,1754373240,0L 0554 8AV/RPY,1754389752,1754389761,522,0,0
1754373390_L..N,035650_L..N,L,0,1754373390,0L 0556+105/8AV,1754389572,1754389581,478,0,0
1754373660_L..N,036100_L..N,L,0,1754373660,0L 0601 RPY/8AV,1754390067,1754390076,508,0,0
1754373720_L..S,036200_L..S,L,1,1754373720,0L 0602 8AV/RPY,1754390172,1754390181,512,0,0
1754374080_L..S,036800_L..S,L,1,1754374080,0L 0608 8AV/RPY,1754390457,1754390466,504,0,0
1754374110_L..N,036850_L..N,L,0,1754374110,0L 0608+105/8AV,1754390322,1754390331,482,0,0
1754374380_L..N,037300_L..N,L,0,1754374380,0L 0613 RPY/8AV,1754390757,1754390766,504,0,0
1754374440_L..S,037400_L..S,L,1,1754374440,0L 0614 8AV/RPY,1754390787,1754390796,500,0,0
1754374800_L..S,038000_L..S,L,1,1754374800,0L 0620 8AV/RPY,1754391087,1754391097,492,0,0
1754374830_L..N,038050_L..N,L,0,1754374830,0L 0620+105/8AV,1754391102,1754391111,490,0,0
1754375100_L..N,038500_L..N,L,0,1754375100,0L 0625 RPY/8AV,1754391522,1754391532,510,0,0
1754375160_L..S,038600_L..S,L,1,1754375160,0L 0626 8AV/RPY,1754391702,1754391712,526,0,0
1754375430_L..N,039050_L..N,L,0,1754375430,0L 0630+RPY/8AV,1754391897,1754391907,516,0,0
1754375520_L..S,039200_L..S,L,1,1754375520,0L 0632 8AV/RPY,1754391912,1754391922,506,0,0
1754375790_L..N,039650_L..N,L,0,1754375790,0L 0636+RPY/8AV,1754392167,1754392177,504,0,0
1754375880_L..S,039800_L..S,L,1,1754375880,0L 0638 8AV/RPY,1754392167,1754392177,492,0,0
1754376180_L..N,040300_L..N,L,0,1754376180,0L 0643 105/8AV,1754392512,1754392522,498,0,0
1754376240_L..S,040400_L..S,L,1,1754376240,0L 0644 8AV/RPY,1754392632,1754392642,506,0,0
1754376360_L..N,040600_L..N,L,0,1754376360,0L 0646 RPY/8AV,1754392737,1754392747,504,0,0
1754376600_L..S,041000_L..S,L,1,1754376600,0L 0650 8AV/RPY,1754392917,1754392927,496,0,0
1754376660_L..N,041100_L..N,L,0,1754376660,0L 0651 RPY/8AV,1754393232,1754393242,530,0,0
1754376930_L..N,041550_L..N,L,0,1754376930,0L 0655+RPY/8AV,1754393382,1754393392,514,0,0
1754376960_L..S,041600_L..S,L,1,1754376960,0L 0656 8AV/RPY,1754393262,1754393272,494,0,0
1754377200_L..N,042000_L..N,L,0,1754377200,0L 0700 105/8AV,1754393502,1754393512,494,0,0
1754377320_L..S,042200_L..S,L,1,1754377320,0L 0702 8AV/RPY,1754393637,1754393647,496,0,0
1754377350_L..N,042250_L..N,L,0,1754377350,0L 0702+RPY/8AV,1754393997,1754394007,540,0,0
1754377590_L..N,042650_L..N,L,0,1754377590,0L 0706+RPY/8AV,1754394147,1754394157,528,0,0
1754377680_L..S,042800_L..S,L,1,1754377680,0L 0708 8AV/RPY,1754394162,1754394172,518,0,0
1754377920_L..N,043200_L..N,L,0,1754377920,0L 0712 105/8AV,1754394252,1754394262,498,0,0
1754378040_L..S,043400_L..S,L,1,1754378040,0L 0714 8AV/RPY,1754394432,1754394442,506,0,0
1754378070_L..N,043450_L..N,L,0,1754378070,0L 0714+RPY/8AV,1754394447,1754394457,504,0,0
1754378310_L..N,043850_L..N,L,0,1754378310,0L 0718+RPY/8AV,1754394792,1754394802,518,0,0
1754378340_L..S,043900_L..S,L,1,1754378340,0L 0719 8AV/RPY,1754394882,1754394892,526,0,0
1754378640_L..N,044400_L..N,L,0,1754378640,0L 0724 105/8AV,1754394957,1754394967,496,0,0
1754378640_L..S,044400_L..S,L,1,1754378640,0L 0724 8AV/RPY,1754395032,1754395042,506,0,0
1754378670_L..N,044450_L..N,L,0,1754378670,0L 0724+RPY/8AV,1754395212,1754395222,526,0,0
1754378940_L..S,044900_L..S,L,1,1754378940,0L 0729 8AV/RPY,1754395332,1754395342,506,0,0
1754379030_L..N,045050_L..N,L,0,1754379030,0L 0730+RPY/8AV,1754395407,1754395417,502,0,0
1754379180_L..S,045300_L..S,L,1,1754379180,0L 0733 8AV/MYR,1754394687,1754394697,388,0,0
1754379300_L..N,045500_L..N,L,0,1754379300,0L 0735 105/8AV,1754395692,1754395702,506,0,0
1754379390_L..N,045650_L..N,L,0,1754379390,0L 0736+RPY/8AV,1754395842,1754395852,512,0,0
1754379420_L..S,045700_L..S,L,1,1754379420,0L 0737 8AV/RPY,1754395842,1754395852,508,0,0
1754379660_L..N,046100_L..N,L,0,1754379660,0L 0741 105/8AV,1754396097,1754396107,512,0,0
1754379660_L..S,046100_L..S,L,1,1754379660,0L 0741 8AV/RPY,1754396097,1754396107,512,0,0
1754379750_L..N,046250_L..N,L,0,1754379750,0L 0742+RPY/8AV,1754396262,1754396272,522,0,0
1754379900_L..S,046500_L..S,L,1,1754379900,0L 0745 8AV/MYR,1754395512,1754395522,402,0,0
1754380020_L..N,046700_L..N,L,0,1754380020,0L 0747 105/8AV,1754396442,1754396452,510,0,0
1754380110_L..N,046850_L..N,L,0,1754380110,0L 0748+RPY/8AV,1754396532,1754396542,510,0,0
1754380140_L..S,046900_L..S,L,1,1754380140,0L 0749 8AV/RPY,1754396637,1754396647,518,0,0
1754380380_L..S,047300_L..S,L,1,1754380380,0L 0753 8AV/RPY,1754396937,1754396947,528,0,0
1754380470_L..N,047450_L..N,L,0,1754380470,0L 0754+RPY/8AV,1754396922,1754396932,514,0,0
1754380620_L..S,047700_L..S,L,1,1754380620,0L 0757 8AV/MYR,1754396217,1754396227,398,0,0
1754380740_L..N,047900_L..N,L,0,1754380740,0L 0759 105/8AV,1754397162,1754397172,510,0,0
1754380830_L..N,048050_L..N,L,0,1754380830,0L 0800+RPY/8AV,1754397417,1754397427,532,0,0
1754380860_L..S,048100_L..S,L,1,1754380860,0L 0801 8AV/RPY,1754397342,1754397352,518,0,0
1754381100_L..S,048500_L..S,L,1,1754381100,0L 0805 8AV/RPY,1754397507,1754397517,506,0,0
1754381190_L..N,048650_L..N,L,0,1754381190,0L 0806+RPY/8AV,1754397807,1754397817,536,0,0
1754381250_L..N,048750_L..N,L,0,1754381250,0L 0807+MYR/8AV,1754396787,1754396797,392,0,0
1754381280_L..S,048800_L..S,L,1,1754381280,0L 0808 8AV/RPY,1754397732,1754397742,514,0,0
1754381460_L..N,049100_L..N,L,0,1754381460,0L 0811 105/8AV,1754397912,1754397922,512,0,0
1754381460_L..S,049100_L..S,L,1,1754381460,0L 0811 8AV/MYR,1754396997,1754397007,390,0,0
1754381550_L..N,049250_L..N,L,0,1754381550,0L 0812+RPY/8AV,1754398122,1754398132,530,0,0
1754381640_L..S,049400_L..S,L,1,1754381640,0L 0814 8AV/RPY,1754398257,1754398267,536,0,0
1754381820_L..S,049700_L..S,L,1,1754381820,0L 0817 8AV/RPY,1754398407,1754398417,532,0,0
1754381910_L..N,049850_L..N,L,0,1754381910,0L 0818+RPY/8AV,1754398572,1754398582,542,0,0
1754381970_L..N,049950_L..N,L,0,1754381970,0L 0819+MYR/8AV,1754397537,1754397547,396,0,0
1754382000_L..S,050000_L..S,L,1,1754382000,0L 0820 8AV/RPY,1754398512,1754398522,522,0,0
1754382180_L..N,050300_L..N,L,0,1754382180,0L 0823 105/8AV,1754398737,1754398747,528,0,0
1754382180_L..S,050300_L..S,L,1,1754382180,0L 0823 8AV/MYR,1754397597,1754397607,376,0,0
1754382270_L..N,050450_L..N,L,0,1754382270,0L 0824+RPY/8AV,1754398947,1754398950,536,0,0
1754382360_L..S,050600_L..S,L,1,1754382360,0L 0826 8AV/RPY,1754398812,1754398827,512,0,0
1754382540_L..S,050900_L..S,L,1,1754382540,0L 0829 8AV/RPY,1754399007,1754399022,506,0,0
1754382660_L..N,051100_L..N,L,0,1754382660,0L 0831 RPY/8AV,1754399217,1754399227,517,0,0
1754382690_L..N,051150_L..N,L,0,1754382690,0L 0831+MYR/8AV,1754398407,1754398417,416,0,0
1754382720_L..S,051200_L..S,L,1,1754382720,0L 0832 8AV/MYR,1754398287,1754398297,396,0,0
1754382870_L..N,051450_L..N,L,0,1754382870,0L 0834+RPY/8AV,1754399487,1754399497,525,0,0
1754382900_L..S,051500_L..S,L,1,1754382900,0L 0835 8AV/RPY,1754399352,1754399362,501,0,0
1754383080_L..S,051800_L..S,L,1,1754383080,0L 0838 8AV/RPY,1754399622,1754399632,515,0,0
1754383260_L..S,052100_L..S,L,1,1754383260,0L 0841 8AV/RPY,1754399847,1754399857,521,0,0
1754383290_L..N,052150_L..N,L,0,1754383290,0L 0841+RPY/8AV,1754399757,1754399767,505,0,0
1754383410_L..N,052350_L..N,L,0,1754383410,0L 0843+MYR/8AV,1754399037,1754399039,392,0,0
1754383440_L..S,052400_L..S,L,1,1754383440,0L 0844 8AV/MYR,1754399037,1754399039,386,0,0
1754383560_L..N,052600_L..N,L,0,1754383560,0L 0846 RPY/8AV,1754400087,1754400097,513,0,0
1754383620_L..S,052700_L..S,L,1,1754383620,0L 0847 8AV/RPY,1754400357,1754400367,541,0,0
1754383800_L..S,053000_L..S,L,1,1754383800,0L 0850 8AV/RPY,1754400507,1754400517,537,0,0
1754383920_L..N,053200_L..N,L,0,1754383920,0L 0852 RPY/8AV,1754400477,1754400487,515,0,0
1754383980_L..S,053300_L..S,L,1,1754383980,0L 0853 8AV/RPY,1754400717,1754400727,541,0,0
1754384040_L..N,053400_L..N,L,0,1754384040,0L 0854 MYR/8AV,1754399607,1754399617,385,0,0
1754384160_L..N,053600_L..N,L,0,1754384160,0L 0856 RPY/8AV,1754400612,1754400622,503,0,0
1754384160_L..S,053600_L..S,L,1,1754384160,0L 0856 8AV/MYR,1754399892,1754399902,407,0,0
1754384340_L..S,053900_L..S,L,1,1754384340,0L 0859 8AV/RPY,1754401077,1754401087,541,0,0
1754384400_L..N,054000_L..N,L,0,1754384400,0L 0900 RPY/8AV,1754400882,1754400892,507,0,0
1754384520_L..S,054200_L..S,L,1,1754384520,0L 0902 8AV/RPY,1754401287,1754401297,545,0,0
1754384700_L..N,054500_L..N,L,0,1754384700,0L 0905 RPY/8AV,1754401302,1754401312,523,0,0
1754384700_L..S,054500_L..S,L,1,1754384700,0L 0905 8AV/RPY,1754401482,1754401492,547,0,0
1754384730_L..N,054550_L..N,L,0,1754384730,0L 0905+MYR/8AV,1754400252,1754400262,379,0,0
1754384910_L..S,054850_L..S,L,1,1754384910,0L 0908+8AV/MYR,1754400447,1754400457,381,0,0
1754384970_L..N,054950_L..N,L,0,1754384970,0L 0909+RPY/8AV,1754401542,1754401552,517,0,0
1754385120_L..S,055200_L..S,L,1,1754385120,0L 0912 8AV/RPY,1754401632,1754401642,511,0,0
1754385270_L..N,055450_L..N,L,0,1754385270,0L 0914+RPY/8AV,1754401797,1754401807,511,0,0
1754385330_L..S,055550_L..S,L,1,1754385330,0L 0915+8AV/RPY,1754401857,1754401867,513,0,0
1754385480_L..N,055800_L..N,L,0,1754385480,0L 0918 RPY/8AV,1754402037,1754402047,517,0,0
1754385510_L..N,055850_L..N,L,0,1754385510,0L 0918+MYR/8AV,1754401002,1754401012,375,0,0
1754385630_L..S,056050_L..S,L,1,1754385630,0L 0920+8AV/RPY,1754402067,1754402077,501,0,0
1754385780_L..N,056300_L..N,L,0,1754385780,0L 0923 RPY/8AV,1754402172,1754402182,495,0,0
1754385840_L..S,056400_L..S,L,1,1754385840,0L 0924 8AV/RPY,1754402217,1754402227,493,0,0
1754386050_L..S,056750_L..S,L,1,1754386050,0L 0927+8AV/RPY,1754402437,1754402452,493,0,0
1754386110_L..N,056850_L..N,L,0,1754386110,0L 0928+RPY/8AV,1754402787,1754402797,519,0,0
1754386140_L..N,056900_L..N,L,0,1754386140,0L 0929 MYR/8AV,1754401662,1754401672,379,0,0
1754386260_L..S,057100_L..S,L,1,1754386260,0L 0931 8AV/RPY,1754402772,1754402782,498,0,0
1754386320_L..N,057200_L..N,L,0,1754386320,0L 0932 RPY/8AV,1754402937,1754402947,515,0,0
1754386470_L..S,057450_L..S,L,1,1754386470,0L 0934+8AV/RPY,1754402907,1754402917,498,0,0
1754386590_L..N,057650_L..N,L,0,1754386590,0L 0936+RPY/8AV,1754403252,1754403262,528,0,0
1754386620_L..S,057700_L..S,L,1,1754386620,0L 0937 8AV/RPY,1754403207,1754403217,518,0,0
1754386800_L..N,058000_L..N,L,0,1754386800,0L 0940 RPY/8AV,1754403417,1754403427,522,0,0
1754386830_L..S,058050_L..S,L,1,1754386830,0L 0940+8AV/MYR,1754402352,1754402362,390,0,0
1754387010_L..N,058350_L..N,L,0,1754387010,0L 0943+MYR/8AV,1754402482,1754402492,379,0,0
1754387040_L..N,058400_L..N,L,0,1754387040,0L 0944 RPY/8AV,1754403492,1754403502,498,0,0
1754387040_L..S,058400_L..S,L,1,1754387040,0L 0944 8AV/RPY,1754403492,1754403502,498,0,0
1754387250_L..S,058750_L..S,L,1,1754387250,0L 0947+8AV/RPY,1754403822,1754403832,516,0,0
1754387280_L..N,058800_L..N,L,0,1754387280,0L 0948 RPY/8AV,1754403882,1754403892,520,0,0
1754387460_L..S,059100_L..S,L,1,1754387460,0L 0951 8AV/RPY,1754404032,1754404042,516,0,0
1754387520_L..N,059200_L..N,L,0,1754387520,0L 0952 RPY/8AV,1754404017,1754404027,506,0,0
1754387670_L..S,059450_L..S,L,1,1754387670,0L 0954+8AV/RPY,1754404272,1754404282,520,0,0
1754387760_L..N,059600_L..N,L,0,1754387760,0L 0956 RPY/8AV,1754404242,1754404252,502,0,0
1754387880_L..S,059800_L..S,L,1,1754387880,0L 0958 8AV/RPY,1754404497,1754404507,520,0,0
1754388030_L..N,060050_L..N,L,0,1754388030,0L 1000+RPY/8AV,1754404482,1754404492,500,0,0
1754388090_L..S,060150_L..S,L,1,1754388090,0L 1001+8AV/RPY,1754404707,1754404717,522,0,0
1754388270_L..N,060450_L..N,L,0,1754388270,0L 1004+RPY/8AV,1754404587,1754404597,482,0,0
1754388270_L..S,060450_L..S,L,1,1754388270,0L 1004+8AV/RPY,1754404842,1754404852,516,0,0
1754388480_L..S,060800_L..S,L,1,1754388480,0L 1008 8AV/RPY,1754405007,1754405017,510,0,0
1754388510_L..N,060850_L..N,L,0,1754388510,0L 1008+RPY/8AV,1754405067,1754405077,514,0,0
1754388690_L..S,061150_L..S,L,1,1754388690,0L 1011+8AV/RPY,1754405217,1754405227,510,0,0
1754388750_L..N,061250_L..N,L,0,1754388750,0L 1012+RPY/8AV,1754405322,1754405332,516,0,0
1754388900_L..S,061500_L..S,L,1,1754388900,/L 1015 8AV/RPY,1754405847,1754405857,564,6,4
1754388990_L..N,061650_L..N,L,0,1754388990,0L 1016+RPY/8AV,1754405637,1754405647,526,0,0
1754389110_L..S,061850_L..S,L,1,1754389110,0L 1018+8AV/RPY,1754406117,1754406127,574,0,0
1754389230_L..N,062050_L..N,L,0,1754389230,0L 1020+RPY/8AV,1754405997,1754406007,542,0,0
1754389350_L..S,062250_L..S,L,1,1754389350,0L 1022+8AV/RPY,1754406282,1754406292,564,0,0
1754389470_L..N,062450_L..N,L,0,1754389470,0L 1024+RPY/8AV,1754406117,1754406127,526,0,0
1754389590_L..S,062650_L..S,L,1,1754389590,0L 1026+8AV/RPY,1754406492,1754406502,560,0,0
1754389710_L..N,062850_L..N,L,0,1754389710,0L 1028+RPY/8AV,1754406372,1754406382,528,0,0
1754389830_L..S,063050_L..S,L,1,1754389830,0L 1030+8AV/RPY,1754406702,1754406712,556,0,0
1754389950_L..N,063250_L..N,L,0,1754389950,0L 1032+RPY/8AV,1754406522,1754406532,522,0,0
1754390070_L..S,063450_L..S,L,1,1754390070,0L 1034+8AV/RPY,1754406912,1754406922,566,0,0
1754390190_L..N,063650_L..N,L,0,1754390190,0L 1036+RPY/8AV,1754406822,1754406832,538,0,0
1754390310_L..S,063850_L..S,L,1,1754390310,0L 1038+8AV/RPY,1754407137,1754407147,564,0,0
1754390430_L..N,064050_L..N,L,0,1754390430,0L 1040+RPY/8AV,1754407107,1754407117,544,0,0
1754390550_L..S,064250_L..S,L,1,1754390550,0L 1042+8AV/RPY,1754407537,1754407552,587,0,0
1754390670_L..N,064450_L..N,L,0,1754390670,0L 1044+RPY/8AV,1754407552,1754407572,574,0,0
1754390790_L..S,064650_L..S,L,1,1754390790,0L 1046+8AV/RPY,1754407707,1754407717,577,0,0
1754390910_L..N,064850_L..N,L,0,1754390910,0L 1048+RPY/8AV,1754407932,1754407942,591,0,0
1754391030_L..S,065050_L..S,L,1,1754391030,0L 1050+8AV/RPY,1754407902,1754407912,571,0,0
1754391150_L..N,065250_L..N,L,0,1754391150,0L 1052+RPY/8AV,1754407602,1754407612,515,0,0
1754391270_L..S,065450_L..S,L,1,1754391270,0L 1054+8AV/RPY,1754408097,1754408107,565,0,0
1754391390_L..N,065650_L..N,L,0,1754391390,0L 1056+RPY/8AV,1754408577,1754408587,613,0,0
1754391510_L..S,065850_L..S,L,1,1754391510,0L 1058+8AV/RPY,1754408382,1754408392,571,0,0
1754391630_L..N,066050_L..N,L,0,1754391630,0L 1100+RPY/8AV,1754408682,1754408692,595,0,0
1754391750_L..S,066250_L..S,L,1,1754391750,0L 1102+8AV/RPY,1754408562,1754408572,563,0,0
1754391870_L..N,066450_L..N,L,0,1754391870,0L 1104+RPY/8AV,1754408772,1754408782,575,0,0
1754391990_L..S,066650_L..S,L,1,1754391990,0L 1106+8AV/RPY,1754408982,1754408992,587,0,0
1754392110_L..N,066850_L..N,L,0,1754392110,0L 1108+RPY/8AV,1754409012,1754409022,575,0,0
1754392230_L..S,067050_L..S,L,1,1754392230,0L 1110+8AV/RPY,1754409237,1754409247,589,0,0
1754392350_L..N,067250_L..N,L,0,1754392350,0L 1112+RPY/8AV,1754409267,1754409277,577,0,0
1754392470_L..S,067450_L..S,L,1,1754392470,0L 1114+8AV/RPY,1754409522,1754409532,595,0,0
1754392590_L..N,067650_L..N,L,0,1754392590,0L 1116+RPY/8AV,1754409732,1754409742,607,0,0
1754392710_L..S,067850_L..S,L,1,1754392710,0L 1118+8AV/RPY,1754409972,1754409982,623,0,0
1754392830_L..N,068050_L..N,L,0,1754392830,0L 1120+RPY/8AV,1754409822,1754409832,587,0,0
1754392950_L..S,068250_L..S,L,1,1754392950,0L 1122+8AV/RPY,1754407582,1754407602,274,0,0
1754393070_L..N,068450_L..N,L,0,1754393070,0L 1124+RPY/8AV,1754409957,1754409967,573,0,0
1754393205_L..S,068675_L..S,L,1,1754393205,0L 1126+8AV/RPY,1754410347,1754410357,364,0,0
1754393310_L..N,068850_L..N,L,0,1754393310,0L 1128+RPY/8AV,1754410107,1754410117,561,0,0
1754393325_L..S,068875_L..S,L,1,1754393325,EL 1128+BED/RPY,1754409762,1754409772,270,0,0
1754393610_L..N,069350_L..N,L,0,1754393610,0L 1133+RPY/8AV,1754410467,1754410477,569,0,0
1754393670_L..S,069450_L..S,L,1,1754393670,0L 1134+8AV/RPY,1754410632,1754410642,583,0,0
1754393910_L..N,069850_L..N,L,0,1754393910,0L 1138+RPY/8AV,1754410542,1754410552,539,0,0
1754393910_L..S,069850_L..S,L,1,1754393910,0L 1138+8AV/RPY,1754408247,1754408257,233,0,0
1754394150_L..S,070250_L..S,L,1,1754394150,0L 1142+8AV/RPY,1754410797,1754410807,541,0,0
1754394210_L..N,070350_L..N,L,0,1754394210,0L 1143+RPY/8AV,1754410722,1754410732,523,0,0
1754394390_L..S,070650_L..S,L,1,1754394390,0L 1146+8AV/RPY,1754410947,1754410957,529,0,0
1754394510_L..N,070850_L..N,L,0,1754394510,0L 1148+RPY/8AV,1754411322,1754411332,563,0,0
1754394630_L..S,071050_L..S,L,1,1754394630,0L 1150+8AV/RPY,1754411127,1754411137,521,0,0
1754394810_L..N,071350_L..N,L,0,1754394810,0L 1153+RPY/8AV,1754411577,1754411587,557,0,0
1754394870_L..S,071450_L..S,L,1,1754394870,0L 1154+8AV/RPY,1754411487,1754411497,537,0,0
1754395110_L..N,071850_L..N,L,0,1754395110,0L 1158+RPY/8AV,1754411652,1754411662,526,0,0
1754395110_L..S,071850_L..S,L,1,1754395110,0L 1158+8AV/RPY,1754411787,1754411797,544,0,0
1754395350_L..S,072250_L..S,L,1,1754395350,0L 1202+8AV/RPY,1754411937,1754411947,532,0,0
1754395410_L..N,072350_L..N,L,0,1754395410,0L 1203+RPY/8AV,1754411922,1754411932,522,0,0
1754395650_L..S,072750_L..S,L,1,1754395650,0L 1207+8AV/RPY,1754412162,1754412172,522,0,0
1754395710_L..N,072850_L..N,L,0,1754395710,0L 1208+RPY/8AV,1754412252,1754412262,526,0,0
1754395800_L..S,073000_L..S,L,1,1754395800,EL 1210 8AV/RPY,1754412432,1754412442,330,0,0
1754395950_L..S,073250_L..S,L,1,1754395950,0L 1212+8AV/RPY,1754412657,1754412667,548,0,0
1754396010_L..N,073350_L..N,L,0,1754396010,0L 1213+RPY/8AV,1754412612,1754412622,534,0,0
1754396250_L..S,073750_L..S,L,1,1754396250,0L 1217+8AV/RPY,1754412807,1754412822,525,0,0
1754396310_L..N,073850_L..N,L,0,1754396310,0L 1218+RPY/8AV,1754412957,1754412972,531,0,0
1754396550_L..S,074250_L..S,L,1,1754396550,0L 1222+8AV/RPY,1754413002,1754413012,503,0,0
1754396610_L..N,074350_L..N,L,0,1754396610,0L 1223+RPY/8AV,1754413167,1754413178,511,0,0
1754396700_L..S,074500_L..S,L,1,1754396700,EL 1225 8AV/RPY,1754413422,1754413432,310,0,0
1754396850_L..S,074750_L..S,L,1,1754396850,0L 1227+8AV/RPY,1754413587,1754413596,534,0,0
1754396910_L..N,074850_L..N,L,0,1754396910,0L 1228+RPY/8AV,1754413557,1754413566,522,0,0
1754397150_L..S,075250_L..S,L,1,1754397150,0L 1232+8AV/RPY,1754413782,1754413792,518,0,0
1754397210_L..N,075350_L..N,L,0,1754397210,0L 1233+RPY/8AV,1754413782,1754413792,512,0,0
1754397450_L..S,075750_L..S,L,1,1754397450,0L 1237+8AV/RPY,1754414052,1754414062,516,0,0
1754397510_L..N,075850_L..N,L,0,1754397510,0L 1238+RPY/8AV,1754414142,1754414152,520,0,0
1754397750_L..S,076250_L..S,L,1,1754397750,0L 1242+8AV/RPY,1754414487,1754414496,534,0,0
1754397810_L..N,076350_L..N,L,0,1754397810,0L 1243+RPY/8AV,1754414382,1754414392,512,0,0
1754398050_L..S,076750_L..S,L,1,1754398050,0L 1247+8AV/RPY,1754414802,1754414811,536,0,0
1754398110_L..N,076850_L..N,L,0,1754398110,0L 1248+RPY/8AV,1754414742,1754414751,520,0,0
1754398350_L..S,077250_L..S,L,1,1754398350,0L 1252+8AV/RPY,1754415192,1754415201,548,0,0
1754398410_L..N,077350_L..N,L,0,1754398410,0L 1253+RPY/8AV,1754414892,1754414901,500,0,0
1754398650_L..S,077750_L..S,L,1,1754398650,0L 1257+8AV/RPY,1754415432,1754415441,538,0,0
1754398710_L..N,077850_L..N,L,0,1754398710,0L 1258+RPY/8AV,1754415192,1754415201,500,0,0
1754398950_L..S,078250_L..S,L,1,1754398950,0L 1302+8AV/RPY,1754415717,1754415726,538,0,0
1754399010_L..N,078350_L..N,L,0,1754399010,0L 1303+RPY/8AV,1754415462,1754415472,496,0,0
1754399250_L..S,078750_L..S,L,1,1754399250,0L 1307+8AV/RPY,1754415912,1754415921,524,0,0
1754399310_L..N,078850_L..N,L,0,1754399310,0L 1308+RPY/8AV,1754415612,1754415622,476,0,0
1754399550_L..S,079250_L..S,L,1,1754399550,0L 1312+8AV/RPY,1754416182,1754416192,520,0,0
1754399610_L..N,079350_L..N,L,0,1754399610,0L 1313+RPY/8AV,1754416122,1754416132,504,0,0
1754399850_L..S,079750_L..S,L,1,1754399850,0L 1317+8AV/RPY,1754416407,1754416416,510,0,0
1754399910_L..N,079850_L..N,L,0,1754399910,0L 1318+RPY/8AV,1754416422,1754416431,504,0,0
1754400150_L..S,080250_L..S,L,1,1754400150,0L 1322+8AV/RPY,1754416602,1754416611,496,0,0
1754400210_L..N,080350_L..N,L,0,1754400210,0L 1323+RPY/8AV,1754416857,1754416866,523,0,0
1754400450_L..S,080750_L..S,L,1,1754400450,0L 1327+8AV/RPY,1754417127,1754417136,537,0,0
1754400510_L..N,080850_L..N,L,0,1754400510,0L 1328+RPY/8AV,1754417112,1754417121,530,0,0
1754400750_L..S,081250_L..S,L,1,1754400750,0L 1332+8AV/RPY,1754417502,1754417511,554,0,0
1754400810_L..N,081350_L..N,L,0,1754400810,0L 1333+RPY/8AV,1754417187,1754417196,504,0,0
1754401050_L..S,081750_L..S,L,1,1754401050,0L 1337+8AV/RPY,1754417697,1754417706,540,0,0
1754401110_L..N,081850_L..N,L,0,1754401110,0L 1338+RPY/8AV,1754417592,1754417602,518,0,0
1754401350_L..S,082250_L..S,L,1,1754401350,0L 1342+8AV/RPY,1754417922,1754417932,530,0,0
1754401410_L..N,082350_L..N,L,0,1754401410,0L 1343+RPY/8AV,1754417892,1754417902,518,0,0
1754401650_L..S,082750_L..S,L,1,1754401650,0L 1347+8AV/RPY,1754418342,1754418351,546,0,0
1754401710_L..N,082850_L..N,L,0,1754401710,0L 1348+RPY/8AV,1754418147,1754418157,512,0,0
1754401950_L..S,083250_L..S,L,1,1754401950,0L 1352+8AV/RPY,1754418552,1754418561,534,0,0
1754402100_L..N,083500_L..N,L,0,1754402100,0L 1355 RPY/8AV,1754418477,1754418486,500,0,0
1754402250_L..S,083750_L..S,L,1,1754402250,0L 1357+8AV/RPY,1754418867,1754418877,536,0,0
1754402490_L..N,084150_L..N,L,0,1754402490,0L 1401+RPY/8AV,1754418987,1754418996,392,0,0
1754402550_L..S,084250_L..S,L,1,1754402550,0L 1402+8AV/RPY,1754419152,1754419162,532,0,0
1754402850_L..S,084750_L..S,L,1,1754402850,0L 1407+8AV/RPY,1754419287,1754419296,512,0,0
1754402910_L..N,084850_L..N,L,0,1754402910,0L 1408+RPY/8AV,1754419332,1754419341,510,0,0
1754403150_L..S,085250_L..S,L,1,1754403150,0L 1412+8AV/RPY,1754419902,1754419912,552,0,0
1754403210_L..N,085350_L..N,L,0,1754403210,0L 1413+RPY/8AV,1754419782,1754419791,530,0,0
1754403450_L..S,085750_L..S,L,1,1754403450,0L 1417+8AV/RPY,1754420022,1754420031,530,0,0
1754403510_L..N,085850_L..N,L,0,1754403510,0L 1418+RPY/8AV,1754420022,1754420031,522,0,0
1754403750_L..S,086250_L..S,L,1,1754403750,0L 1422+8AV/RPY,1754420172,1754420181,508,0,0
1754403810_L..N,086350_L..N,L,0,1754403810,0L 1423+RPY/8AV,1754420157,1754420166,498,0,0
1754404050_L..S,086750_L..S,L,1,1754404050,0L 1427+8AV/RPY,1754420517,1754420526,516,0,0
1754404110_L..N,086850_L..N,L,0,1754404110,0L 1428+RPY/8AV,1754420697,1754420707,532,0,0
1754404350_L..S,087250_L..S,L,1,1754404350,0L 1432+8AV/RPY,1754420697,1754420707,500,0,0
1754404410_L..N,087350_L..N,L,0,1754404410,0L 1433+RPY/8AV,1754420817,1754420826,508,0,0
1754404650_L..S,087750_L..S,L,1,1754404650,0L 1437+8AV/RPY,1754421132,1754421142,518,0,0
1754404710_L..N,087850_L..N,L,0,1754404710,0L 1438+RPY/8AV,1754421162,1754421172,514,0,0
1754404950_L..S,088250_L..S,L,1,1754404950,0L 1442+8AV/RPY,1754419062,1754419072,202,0,0
1754404980_L..N,088300_L..N,L,0,1754404980,0L 1443 RPY/8AV,1754421492,1754421502,522,0,0
1754405101_L..S,088502_L..S,L,1,1754405101,0L 1445 8AV/RPY,1754421537,1754421547,330,0,0
1754405280_L..N,088800_L..N,L,0,1754405280,0L 1448 RPY/8AV,1754421762,1754421772,518,0,0
1754405550_L..N,089250_L..N,L,0,1754405550,0L 1452+RPY/8AV,1754422197,1754422206,540,0,0
1754405550_L..S,089250_L..S,L,1,1754405550,0L 1452+8AV/RPY,1754422062,1754422072,522,0,0
1754405850_L..N,089750_L..N,L,0,1754405850,0L 1457+RPY/8AV,1754422392,1754422402,526,0,0
1754405850_L..S,089750_L..S,L,1,1754405850,0L 1457+8AV/RPY,1754422227,1754422236,504,0,0
1754406120_L..N,090200_L..N,L,0,1754406120,0L 1502 RPY/8AV,1754422512,1754422521,506,0,0
1754406150_L..S,090250_L..S,L,1,1754406150,0L 1502+8AV/RPY,1754422647,1754422657,520,0,0
1754406420_L..N,090700_L..N,L,0,1754406420,0L 1507 RPY/8AV,1754422992,1754423002,530,0,0
1754406450_L..S,090750_L..S,L,1,1754406450,0L 1507+8AV/RPY,1754423082,1754423092,538,0,0
1754406720_L..N,091200_L..N,L,0,1754406720,0L 1512 RPY/8AV,1754423277,1754423287,528,0,0
1754406750_L..S,091250_L..S,L,1,1754406750,0L 1512+8AV/RPY,1754423217,1754423227,514,0,0
1754407020_L..N,091700_L..N,L,0,1754407020,0L 1517 RPY/8AV,1754423472,1754423482,514,0,0
1754407050_L..S,091750_L..S,L,1,1754407050,0L 1517+8AV/RPY,1754423547,1754423557,518,0,0
1754407350_L..N,092250_L..N,L,0,1754407350,0L 1522+RPY/8AV,1754423817,1754423827,516,0,0
1754407350_L..S,092250_L..S,L,1,1754407350,0L 1522+8AV/RPY,1754423682,1754423691,498,0,0
1754407650_L..S,092750_L..S,L,1,1754407650,0L 1527+8AV/RPY,1754424102,1754424112,514,0,0
1754407710_L..N,092850_L..N,L,0,1754407710,0L 1528+RPY/8AV,1754424237,1754424247,524,0,0
1754407950_L..S,093250_L..S,L,1,1754407950,0L 1532+8AV/RPY,1754424447,1754424457,520,0,0
1754408040_L..N,093400_L..N,L,0,1754408040,0L 1534 RPY/8AV,1754424627,1754424637,532,0,0
1754408250_L..S,093750_L..S,L,1,1754408250,0L 1537+8AV/RPY,1754424747,1754424757,520,0,0
1754408370_L..N,093950_L..N,L,0,1754408370,0L 1539+RPY/8AV,1754424777,1754424787,508,0,0
1754408550_L..S,094250_L..S,L,1,1754408550,0L 1542+8AV/RPY,1754425242,1754425252,546,0,0
1754408670_L..N,094450_L..N,L,0,1754408670,0L 1544+RPY/8AV,1754425077,1754425087,508,0,0
1754408850_L..S,094750_L..S,L,1,1754408850,0L 1547+8AV/RPY,1754425377,1754425387,524,0,0
1754408970_L..N,094950_L..N,L,0,1754408970,0L 1549+RPY/8AV,1754425542,1754425552,530,0,0
1754409150_L..S,095250_L..S,L,1,1754409150,0L 1552+8AV/RPY,1754425542,1754425552,504,0,0
1754409270_L..N,095450_L..N,L,0,1754409270,0L 1554+RPY/8AV,1754425677,1754425687,508,0,0
1754409450_L..S,095750_L..S,L,1,1754409450,0L 1557+8AV/RPY,1754425992,1754426002,526,0,0
1754409570_L..N,095950_L..N,L,0,1754409570,0L 1559+RPY/8AV,1754425947,1754425957,504,0,0
1754409750_L..S,096250_L..S,L,1,1754409750,0L 1602+8AV/RPY,1754426307,1754426317,528,0,0
1754409870_L..N,096450_L..N,L,0,1754409870,0L 1604+RPY/8AV,1754426277,1754426287,508,0,0
1754410050_L..S,096750_L..S,L,1,1754410050,0L 1607+8AV/RPY,1754426637,1754426647,532,0,0
1754410170_L..N,096950_L..N,L,0,1754410170,0L 1609+RPY/8AV,1754426592,1754426602,510,0,0
1754410350_L..S,097250_L..S,L,1,1754410350,0L 1612+8AV/RPY,1754426832,1754426842,518,0,0
1754410440_L..N,097400_L..N,L,0,1754410440,0L 1614 RPY/8AV,1754427042,1754427052,534,0,0
1754410650_L..S,097750_L..S,L,1,1754410650,0L 1617+8AV/RPY,1754427087,1754427097,510,0,0
1754410680_L..N,097800_L..N,L,0,1754410680,0L 1618 RPY/8AV,1754427282,1754427292,534,0,0
1754410920_L..N,098200_L..N,L,0,1754410920,0L 1622 RPY/8AV,1754427522,1754427652,534,0,0
1754410950_L..S,098250_L..S,L,1,1754410950,0L 1622+8AV/RPY,1754427432,1754427442,518,0,0
1754411160_L..N,098600_L..N,L,0,1754411160,0L 1626 RPY/8AV,1754427672,1754427682,506,0,0
1754411250_L..S,098750_L..S,L,1,1754411250,0L 1627+8AV/RPY,1754427777,1754427787,508,0,0
1754411400_L..N,099000_L..N,L,0,1754411400,0L 1630 RPY/8AV,1754427912,1754427922,506,0,0
1754411550_L..S,099250_L..S,L,1,1754411550,0L 1632+8AV/RPY,1754428107,1754428117,512,0,0
1754411730_L..N,099550_L..N,L,0,1754411730,0L 1635+105/8AV,1754428047,1754428057,478,0,0
1754411850_L..S,099750_L..S,L,1,1754411850,0L 1637+8AV/RPY,1754428392,1754428402,510,0,0
1754411880_L..N,099800_L..N,L,0,1754411880,0L 1638 RPY/8AV,1754428512,1754428522,522,0,0
1754412090_L..S,100150_L..S,L,1,1754412090,0L 1641+8AV/RPY,1754428557,1754428567,500,0,0
1754412120_L..N,100200_L..N,L,0,1754412120,0L 1642 RPY/8AV,1754428662,1754428672,508,0,0
1754412360_L..N,100600_L..N,L,0,1754412360,0L 1646 RPY/8AV,1754428872,1754428882,506,0,0
1754412390_L..S,100650_L..S,L,1,1754412390,0L 1646+8AV/RPY,1754428827,1754428837,496,0,0
1754412600_L..N,101000_L..N,L,0,1754412600,0L 1650 RPY/8AV,1754429037,1754429047,496,0,0
1754412630_L..S,101050_L..S,L,1,1754412630,0L 1650+8AV/RPY,1754429157,1754429167,508,0,0
1754412870_L..S,101450_L..S,L,1,1754412870,0L 1654+8AV/RPY,1754429427,1754429437,512,0,0
1754412930_L..N,101550_L..N,L,0,1754412930,0L 1655+105/8AV,1754429172,1754429182,470,0,0
1754413050_L..N,101750_L..N,L,0,1754413050,0L 1657+RPY/8AV,1754429547,1754429557,504,0,0
1754413110_L..S,101850_L..S,L,1,1754413110,0L 1658+8AV/RPY,1754429802,1754429812,528,0,0
1754413260_L..N,102100_L..N,L,0,1754413260,0L 1701 RPY/8AV,1754429967,1754429977,532,0,0
1754413350_L..S,102250_L..S,L,1,1754413350,0L 1702+8AV/RPY,1754430312,1754430322,566,0,0
1754413560_L..N,102600_L..N,L,0,1754413560,0L 1706 105/8AV,1754430087,1754430097,508,0,0
1754413590_L..S,102650_L..S,L,1,1754413590,0L 1706+8AV/RPY,1754430507,1754430517,560,0,0
1754413680_L..N,102800_L..N,L,0,1754413680,0L 1708 RPY/8AV,1754430177,1754430187,504,0,0
1754413830_L..S,103050_L..S,L,1,1754413830,0L 1710+8AV/RPY,1754430732,1754430742,558,0,0
1754413890_L..N,103150_L..N,L,0,1754413890,0L 1711+RPY/8AV,1754430327,1754430337,496,0,0
1754414070_L..S,103450_L..S,L,1,1754414070,0L 1714+8AV/RPY,1754430852,1754430862,542,0,0
1754414100_L..N,103500_L..N,L,0,1754414100,0L 1715 RPY/8AV,1754430597,1754430607,504,0,0
1754414310_L..S,103850_L..S,L,1,1754414310,0L 1718+8AV/RPY,1754431047,1754431057,536,0,0
1754414400_L..N,104000_L..N,L,0,1754414400,0L 1720 105/8AV,1754430747,1754430757,484,0,0
1754414520_L..N,104200_L..N,L,0,1754414520,0L 1722 RPY/8AV,1754430987,1754430997,500,0,0
1754414550_L..S,104250_L..S,L,1,1754414550,0L 1722+8AV/RPY,1754431182,1754431192,522,0,0
1754414730_L..N,104550_L..N,L,0,1754414730,0L 1725+RPY/8AV,1754431107,1754431117,488,0,0
1754414790_L..S,104650_L..S,L,1,1754414790,0L 1726+8AV/RPY,1754431377,1754431387,517,0,0
1754414940_L..N,104900_L..N,L,0,1754414940,0L 1729 RPY/8AV,1754431422,1754431432,505,0,0
1754415000_L..S,105000_L..S,L,1,1754415000,0L 1730 8AV/RPY,1754431527,1754431537,519,0,0
1754415210_L..S,105350_L..S,L,1,1754415210,0L 1733+8AV/RPY,1754431737,1754431747,525,0,0
1754415240_L..N,105400_L..N,L,0,1754415240,0L 1734 105/8AV,1754431647,1754431657,509,0,0
1754415330_L..N,105550_L..N,L,0,1754415330,0L 1735+RPY/8AV,1754431722,1754431732,507,0,0
1754415420_L..S,105700_L..S,L,1,1754415420,0L 1737 8AV/RPY,1754432007,1754432017,533,0,0
1754415570_L..N,105950_L..N,L,0,1754415570,0L 1739+RPY/8AV,1754432007,1754432017,513,0,0
1754415630_L..S,106050_L..S,L,1,1754415630,0L 1740+8AV/RPY,1754432322,1754432332,547,0,0
1754415780_L..N,106300_L..N,L,0,1754415780,0L 1743 RPY/8AV,1754432202,1754432212,511,0,0
1754415840_L..S,106400_L..S,L,1,1754415840,0L 1744 8AV/RPY,1754432517,1754432527,545,0,0
1754415990_L..N,106650_L..N,L,0,1754415990,0L 1746+RPY/8AV,1754432652,1754432662,523,0,0
1754416050_L..S,106750_L..S,L,1,1754416050,0L 1747+8AV/RPY,1754432637,1754432647,533,0,0
1754416200_L..N,107000_L..N,L,0,1754416200,0L 1750 RPY/8AV,1754432922,1754432932,535,0,0
1754416260_L..S,107100_L..S,L,1,1754416260,0L 1751 8AV/RPY,1754432847,1754432857,531,0,0
1754416410_L..N,107350_L..N,L,0,1754416410,0L 1753+RPY/8AV,1754433117,1754433127,549,0,0
1754416470_L..S,107450_L..S,L,1,1754416470,0L 1754+8AV/RPY,1754432997,1754433007,525,0,0
1754416620_L..N,107700_L..N,L,0,1754416620,0L 1757 RPY/8AV,1754433222,1754433232,535,0,0
1754416680_L..S,107800_L..S,L,1,1754416680,0L 1758 8AV/RPY,1754433192,1754433202,523,0,0
1754416890_L..N,108150_L..N,L,0,1754416890,0L 1801+105/8AV,1754432367,1754432377,385,0,0
1754416890_L..S,108150_L..S,L,1,1754416890,0L 1801+8AV/RPY,1754433432,1754433442,527,0,0
1754416950_L..N,108250_L..N,L,0,1754416950,0L 1802+RPY/8AV,1754433417,1754433427,517,0,0
1754417100_L..S,108500_L..S,L,1,1754417100,0L 1805 8AV/RPY,1754433612,1754433622,523,0,0
1754417160_L..N,108600_L..N,L,0,1754417160,0L 1806 RPY/8AV,1754433597,1754433607,513,0,0
1754417310_L..S,108850_L..S,L,1,1754417310,0L 1808+8AV/RPY,1754433822,1754433832,523,0,0
1754417370_L..N,108950_L..N,L,0,1754417370,0L 1809+RPY/8AV,1754433792,1754433802,511,0,0
1754417520_L..S,109200_L..S,L,1,1754417520,0L 1812 8AV/RPY,1754434017,1754434027,521,0,0
1754417580_L..N,109300_L..N,L,0,1754417580,0L 1813 RPY/8AV,1754434032,1754434042,515,0,0
1754417730_L..S,109550_L..S,L,1,1754417730,0L 1815+8AV/RPY,1754434332,1754434342,535,0,0
1754417790_L..N,109650_L..N,L,0,1754417790,0L 1816+RPY/8AV,1754434212,1754434222,509,0,0
1754417940_L..S,109900_L..S,L,1,1754417940,0L 1819 8AV/RPY,1754434527,1754434537,533,0,0
1754418000_L..N,110000_L..N,L,0,1754418000,0L 1820 RPY/8AV,1754434467,1754434477,517,0,0
1754418150_L..S,110250_L..S,L,1,1754418150,0L 1822+8AV/RPY,1754434647,1754434657,521,0,0
1754418210_L..N,110350_L..N,L,0,1754418210,0L 1823+RPY/8AV,1754434662,1754434672,513,0,0
1754418360_L..S,110600_L..S,L,1,1754418360,0L 1826 8AV/RPY,1754434932,1754434942,529,0,0
1754418420_L..N,110700_L..N,L,0,1754418420,0L 1827 RPY/8AV,1754434857,1754434867,513,0,0
1754418570_L..S,110950_L..S,L,1,1754418570,0L 1829+8AV/RPY,1754435142,1754435152,531,0,0
1754418630_L..N,111050_L..N,L,0,1754418630,0L 1830+RPY/8AV,1754435037,1754435047,508,0,0
1754418780_L..S,111300_L..S,L,1,1754418780,0L 1833 8AV/RPY,1754435277,1754435287,520,0,0
1754418840_L..N,111400_L..N,L,0,1754418840,0L 1834 RPY/8AV,1754435277,1754435287,512,0,0
1754418990_L..S,111650_L..S,L,1,1754418990,0L 1836+8AV/RPY,1754435412,1754435422,510,0,0
1754419050_L..N,111750_L..N,L,0,1754419050,0L 1837+RPY/8AV,1754435622,1754435632,530,0,0
1754419200_L..S,112000_L..S,L,1,1754419200,0L 1840 8AV/RPY,1754435727,1754435737,524,0,0
1754419260_L..N,112100_L..N,L,0,1754419260,0L 1841 RPY/8AV,1754435742,1754435752,518,0,0
1754419410_L..S,112350_L..S,L,1,1754419410,0L 1843+8AV/RPY,1754435982,1754435992,530,0,0
1754419470_L..N,112450_L..N,L,0,1754419470,0L 1844+RPY/8AV,1754435907,1754435917,512,0,0
1754419620_L..S,112700_L..S,L,1,1754419620,0L 1847 8AV/RPY,1754436237,1754436247,536,0,0
1754419680_L..N,112800_L..N,L,0,1754419680,0L 1848 RPY/8AV,1754435982,1754435992,494,0,0
1754419830_L..S,113050_L..S,L,1,1754419830,0L 1850+8AV/RPY,1754436462,1754436472,538,0,0
1754419890_L..N,113150_L..N,L,0,1754419890,0L 1851+RPY/8AV,1754436222,1754436232,498,0,0
1754420040_L..S,113400_L..S,L,1,1754420040,0L 1854 8AV/RPY,1754436597,1754436607,528,0,0
1754420160_L..N,113600_L..N,L,0,1754420160,0L 1856 RPY/8AV,1754436462,1754436472,494,0,0
1754420250_L..S,113750_L..S,L,1,1754420250,0L 1857+8AV/RPY,1754436762,1754436772,522,0,0
1754420460_L..N,114100_L..N,L,0,1754420460,0L 1901 RPY/8AV,1754436822,1754436832,502,0,0
1754420460_L..S,114100_L..S,L,1,1754420460,0L 1901 8AV/RPY,1754436972,1754436982,522,0,0
1754420670_L..N,114450_L..N,L,0,1754420670,0L 1904+RPY/8AV,1754437212,1754437222,524,0,0
1754420670_L..S,114450_L..S,L,1,1754420670,0L 1904+8AV/RPY,1754437722,1754437732,592,0,0
1754420880_L..S,114800_L..S,L,1,1754420880,0L 1908 8AV/RPY,1754437932,1754437942,594,0,0
1754420910_L..N,114850_L..N,L,0,1754420910,0L 1908+RPY/8AV,1754437302,1754437312,506,0,0
1754421090_L..S,115150_L..S,L,1,1754421090,0L 1911+8AV/RPY,1754438172,1754438182,598,0,0
1754421240_L..N,115400_L..N,L,0,1754421240,0L 1914 RPY/8AV,1754437587,1754437597,500,0,0
1754421300_L..S,115500_L..S,L,1,1754421300,0L 1915 8AV/RPY,1754438382,1754438392,598,0,0
1754421450_L..N,115750_L..N,L,0,1754421450,0L 1917+RPY/8AV,1754437992,1754438002,526,0,0
1754421510_L..S,115850_L..S,L,1,1754421510,0L 1918+8AV/RPY,1754438532,1754438542,590,0,0
1754421660_L..N,116100_L..N,L,0,1754421660,0L 1921 RPY/8AV,1754438097,1754438107,512,0,0
1754421720_L..S,116200_L..S,L,1,1754421720,0L 1922 8AV/RPY,1754438712,1754438722,586,0,0
1754421870_L..N,116450_L..N,L,0,1754421870,0L 1924+RPY/8AV,1754438307,1754438317,510,0,0
1754421930_L..S,116550_L..S,L,1,1754421930,0L 1925+8AV/RPY,1754437797,1754437807,436,0,0
1754422080_L..N,116800_L..N,L,0,1754422080,0L 1928 RPY/8AV,1754438742,1754438752,542,0,0
1754422230_L..S,117050_L..S,L,1,1754422230,0L 1930+8AV/RPY,1754438892,1754438902,542,0,0
1754422320_L..N,117200_L..N,L,0,1754422320,0L 1932 RPY/8AV,1754437107,1754437117,292,0,0
1754422470_L..S,117450_L..S,L,1,1754422470,0L 1934+8AV/RPY,1754439102,1754439112,538,0,0
1754422560_L..N,117600_L..N,L,0,1754422560,0L 1936 RPY/8AV,1754437272,1754437282,282,0,0
1754422710_L..S,117850_L..S,L,1,1754422710,0L 1938+8AV/RPY,1754439237,1754439247,524,0,0
1754422800_L..N,118000_L..N,L,0,1754422800,0L 1940 RPY/8AV,1754437497,1754437507,280,0,0
1754422950_L..S,118250_L..S,L,1,1754422950,0L 1942+8AV/RPY,1754439357,1754439367,508,0,0
1754423040_L..N,118400_L..N,L,0,1754423040,0L 1944 RPY/8AV,1754439597,1754439607,512,0,0
1754423190_L..S,118650_L..S,L,1,1754423190,0L 1946+8AV/RPY,1754439612,1754439622,510,0,0
1754423280_L..N,118800_L..N,L,0,1754423280,0L 1948 RPY/8AV,1754439762,1754439772,518,0,0
1754423430_L..S,119050_L..S,L,1,1754423430,0L 1950+8AV/RPY,1754439852,1754439862,510,0,0
1754423520_L..N,119200_L..N,L,0,1754423520,0L 1952 RPY/8AV,1754439912,1754439922,506,0,0
1754423640_L..N,119400_L..N,L,0,1754423640,EL 1954 RPY/8AV,1754440257,1754440267,304,0,0
1754423670_L..S,119450_L..S,L,1,1754423670,0L 1954+8AV/RPY,1754440122,1754440132,514,0,0
1754423760_L..N,119600_L..N,L,0,1754423760,0L 1956 RPY/8AV,1754440497,1754440507,526,0,0
1754423910_L..S,119850_L..S,L,1,1754423910,0L 1958+8AV/RPY,1754440467,1754440477,528,0,0
1754424000_L..N,120000_L..N,L,0,1754424000,0L 2000 RPY/8AV,1754440707,1754440717,546,0,0
1754424150_L..S,120250_L..S,L,1,1754424150,0L 2002+8AV/RPY,1754440662,1754440672,522,0,0
1754424240_L..N,120400_L..N,L,0,1754424240,0L 2004 RPY/8AV,1754440932,1754440942,544,0,0
1754424390_L..S,120650_L..S,L,1,1754424390,0L 2006+8AV/RPY,1754440977,1754440987,532,0,0
1754424480_L..N,120800_L..N,L,0,1754424480,0L 2008 RPY/8AV,1754441097,1754441107,536,0,0
1754424630_L..S,121050_L..S,L,1,1754424630,0L 2010+8AV/RPY,1754438817,1754438827,212,0,0
1754424720_L..N,121200_L..N,L,0,1754424720,0L 2012 RPY/8AV,1754441217,1754441227,520,0,0
1754424721_L..S,121202_L..S,L,1,1754424721,0L 2012 8AV/RPY,1754441172,1754441182,314,0,0
1754424960_L..N,121600_L..N,L,0,1754424960,0L 2016 RPY/8AV,1754441337,1754441347,504,0,0
1754425110_L..S,121850_L..S,L,1,1754425110,0L 2018+8AV/RPY,1754441667,1754441677,528,0,0
1754425200_L..N,122000_L..N,L,0,1754425200,0L 2020 RPY/8AV,1754441637,1754441647,512,0,0
1754425350_L..S,122250_L..S,L,1,1754425350,0L 2022+8AV/RPY,1754441862,1754441872,522,0,0
1754425440_L..N,122400_L..N,L,0,1754425440,0L 2024 RPY/8AV,1754439627,1754439637,212,0,0
1754425590_L..S,122650_L..S,L,1,1754425590,0L 2026+8AV/RPY,1754442102,1754442112,522,0,0
1754425680_L..N,122800_L..N,L,0,1754425680,0L 2028 RPY/8AV,1754441937,1754441947,488,0,0
1754425830_L..S,123050_L..S,L,1,1754425830,0L 2030+8AV/RPY,1754442282,1754442292,514,0,0
1754425920_L..N,123200_L..N,L,0,1754425920,0L 2032 RPY/8AV,1754442357,1754442367,512,0,0
1754426070_L..S,123450_L..S,L,1,1754426070,0L 2034+8AV/RPY,1754442447,1754442457,504,0,0
1754426160_L..N,123600_L..N,L,0,1754426160,0L 2036 RPY/8AV,1754442522,1754442532,502,0,0
1754426310_L..S,123850_L..S,L,1,1754426310,0L 2038+8AV/RPY,1754442822,1754442832,522,0,0
1754426400_L..N,124000_L..N,L,0,1754426400,0L 2040 RPY/8AV,1754442777,1754442787,504,0,0
1754426550_L..S,124250_L..S,L,1,1754426550,0L 2042+8AV/RPY,1754443137,1754443147,532,0,0
1754426640_L..N,124400_L..N,L,0,1754426640,0L 2044 RPY/8AV,1754443032,1754443042,506,0,0
1754426790_L..S,124650_L..S,L,1,1754426790,0L 2046+8AV/RPY,1754443392,1754443402,534,0,0
1754426880_L..N,124800_L..N,L,0,1754426880,0L 2048 RPY/8AV,1754443242,1754443252,502,0,0
1754427030_L..S,125050_L..S,L,1,1754427030,0L 2050+8AV/RPY,1754443572,1754443582,526,0,0
1754427120_L..N,125200_L..N,L,0,1754427120,0L 2052 RPY/8AV,1754443557,1754443567,512,0,0
1754427270_L..S,125450_L..S,L,1,1754427270,0L 2054+8AV/RPY,1754443707,1754443717,512,0,0
1754427360_L..N,125600_L..N,L,0,1754427360,0L 2056 RPY/8AV,1754443782,1754443792,510,0,0
1754427510_L..S,125850_L..S,L,1,1754427510,0L 2058+8AV/RPY,1754444007,1754444017,520,0,0
1754427600_L..N,126000_L..N,L,0,1754427600,0L 2100 RPY/8AV,1754444082,1754444092,518,0,0
1754427840_L..N,126400_L..N,L,0,1754427840,0L 2104 RPY/8AV,1754444397,1754444407,528,0,0
1754427990_L..S,126650_L..S,L,1,1754427990,0L 2106+8AV/RPY,1754444592,1754444602,534,0,0
1754428080_L..N,126800_L..N,L,0,1754428080,0L 2108 RPY/8AV,1754444532,1754444542,514,0,0
1754428230_L..S,127050_L..S,L,1,1754428230,0L 2110+8AV/RPY,1754444772,1754444782,526,0,0
1754428320_L..N,127200_L..N,L,0,1754428320,0L 2112 RPY/8AV,1754444787,1754444797,516,0,0
1754428470_L..S,127450_L..S,L,1,1754428470,0L 2114+8AV/RPY,1754444907,1754444917,512,0,0
1754428560_L..N,127600_L..N,L,0,1754428560,0L 2116 RPY/8AV,1754444967,1754444977,508,0,0
1754428710_L..S,127850_L..S,L,1,1754428710,0L 2118+8AV/RPY,1754445102,1754445112,506,0,0
1754428800_L..N,128000_L..N,L,0,1754428800,0L 2120 RPY/8AV,1754445267,1754445277,516,0,0
1754428950_L..S,128250_L..S,L,1,1754428950,0L 2122+8AV/RPY,1754445477,1754445487,524,0,0
1754429040_L..N,128400_L..N,L,0,1754429040,0L 2124 RPY/8AV,1754445567,1754445577,524,0,0
1754429190_L..S,128650_L..S,L,1,1754429190,0L 2126+8AV/RPY,1754445882,1754445892,546,0,0
1754429280_L..N,128800_L..N,L,0,1754429280,0L 2128 RPY/8AV,1754445792,1754445802,522,0,0
1754429430_L..S,129050_L..S,L,1,1754429430,0L 2130+8AV/RPY,1754446002,1754446012,530,0,0
1754429520_L..N,129200_L..N,L,0,1754429520,0L 2132 RPY/8AV,1754446002,1754446012,518,0,0
1754429670_L..S,129450_L..S,L,1,1754429670,0L 2134+8AV/RPY,1754446197,1754446207,524,0,0
1754429730_L..N,129550_L..N,L,0,1754429730,0L 2135+RPY/8AV,1754446272,1754446282,524,0,0
1754429910_L..S,129850_L..S,L,1,1754429910,0L 2138+8AV/RPY,1754446452,1754446462,524,0,0
1754430030_L..N,130050_L..N,L,0,1754430030,0L 2140+RPY/8AV,1754446692,1754446702,542,0,0
1754430150_L..S,130250_L..S,L,1,1754430150,0L 2142+8AV/RPY,1754446602,1754446612,514,0,0
1754430390_L..S,130650_L..S,L,1,1754430390,0L 2146+8AV/RPY,1754446857,1754446867,516,0,0
1754430450_L..N,130750_L..N,L,0,1754430450,0L 2147+RPY/8AV,1754447007,1754447017,528,0,0
1754430630_L..S,131050_L..S,L,1,1754430630,0L 2150+8AV/RPY,1754447142,1754447157,522,0,0
1754430690_L..N,131150_L..N,L,0,1754430690,0L 2151+RPY/8AV,1754447142,1754447157,514,0,0
1754430870_L..S,131450_L..S,L,1,1754430870,0L 2154+8AV/RPY,1754447352,1754447361,517,0,0
1754431050_L..N,131750_L..N,L,0,1754431050,0L 2157+RPY/8AV,1754447592,1754447601,525,0,0
1754431110_L..S,131850_L..S,L,1,1754431110,0L 2158+8AV/RPY,1754447592,1754447601,517,0,0
1754431320_L..N,132200_L..N,L,0,1754431320,0L 2202 RPY/8AV,1754447757,1754447766,511,0,0
1754431350_L..S,132250_L..S,L,1,1754431350,0L 2202+8AV/RPY,1754447727,1754447736,503,0,0
1754431590_L..S,132650_L..S,L,1,1754431590,0L 2206+8AV/RPY,1754445717,1754445727,204,0,0
1754431620_L..N,132700_L..N,L,0,1754431620,0L 2207 RPY/8AV,1754448012,1754448021,505,0,0
1754431681_L..S,132802_L..S,L,1,1754431681,0L 2208 8AV/RPY,1754448117,1754448126,319,0,0
1754431890_L..N,133150_L..N,L,0,1754431890,0L 2211+RPY/8AV,1754448432,1754448441,523,0,0
1754432070_L..S,133450_L..S,L,1,1754432070,0L 2214+8AV/RPY,1754448582,1754448591,521,0,0
1754432220_L..N,133700_L..N,L,0,1754432220,0L 2217 RPY/8AV,1754448702,1754448711,515,0,0
1754432370_L..S,133950_L..S,L,1,1754432370,0L 2219+8AV/RPY,1754449062,1754449071,543,0,0
1754432520_L..N,134200_L..N,L,0,1754432520,0L 2222 RPY/8AV,1754448987,1754448996,515,0,0
1754432670_L..S,134450_L..S,L,1,1754432670,0L 2224+8AV/RPY,1754449377,1754449386,545,0,0
1754432820_L..N,134700_L..N,L,0,1754432820,0L 2227 RPY/8AV,1754449272,1754449281,513,0,0
1754432970_L..S,134950_L..S,L,1,1754432970,0L 2229+8AV/RPY,1754449527,1754449536,527,0,0
1754433150_L..N,135250_L..N,L,0,1754433150,0L 2232+RPY/8AV,1754449677,1754449686,521,0,0
1754433270_L..S,135450_L..S,L,1,1754433270,0L 2234+8AV/RPY,1754449842,1754449851,529,0,0
1754433570_L..S,135950_L..S,L,1,1754433570,0L 2239+8AV/RPY,1754450067,1754450076,519,0,0
1754433690_L..N,136150_L..N,L,0,1754433690,0L 2241+RPY/8AV,1754450172,1754450181,517,0,0
1754433870_L..S,136450_L..S,L,1,1754433870,0L 2244+8AV/RPY,1754450292,1754450736,507,0,0
1754434170_L..S,136950_L..S,L,1,1754434170,0L 2249+8AV/RPY,1754450292,1754450736,469,0,0
1754434350_L..N,137250_L..N,L,0,1754434350,0L 2252+RPY/8AV,1754450292,1754450736,443,0,0
1754434470_L..S,137450_L..S,L,1,1754434470,0L 2254+8AV/RPY,1754450292,1754450736,429,0,0
1754434830_L..S,138050_L..S,L,1,1754434830,0L 2300+8AV/RPY,1754450292,1754450736,382,0,0
1754434950_L..N,138250_L..N,L,0,1754434950,0L 2302+RPY/8AV,1754450292,1754450736,366,0,0
1754435190_L..S,138650_L..S,L,1,1754435190,0L 2306+8AV/RPY,1754450292,1754450736,334,0,0
1754435524_L..S,139208_L..S,L,1,1754435524,0L 2312 8AV/RPY,1754453067,1754453076,16,0,0
1754435550_L..N,139250_L..N,L,0,1754435550,0L 2312+RPY/8AV,1754450292,1754450736,284,0,0
1754435610_L..S,139350_L..S,L,1,1754435610,0L 2313+8AV/RPY,1754450292,1754450736,278,0,0
1754436030_L..S,140050_L..S,L,1,1754436030,0L 2320+8AV/RPY,1754450292,1754450736,222,0,0
1754436139_L..N,140233_L..N,L,0,1754436139,0L 2322 RPY/8AV,1754452872,1754452881,28,0,0
1754436150_L..N,140250_L..N,L,0,1754436150,0L 2322+RPY/8AV,1754450847,1754450856,222,0,0
1754436555_L..S,140925_L..S,L,1,1754436555,0L 2329 8AV/RPY,1754453652,1754453661,111,0,0
1754436775_L..N,141293_L..N,L,0,1754436775,0L 2332+RPY/8AV,1754453337,1754453346,94,0,0
1754437251_L..S,142085_L..S,L,1,1754437251,0L 2340+8AV/RPY,1754453892,1754453901,147,0,0
1754437327_L..N,142213_L..N,L,0,1754437327,0L 2342 RPY/8AV,1754454057,1754454066,197,0,0
1754437800_L..S,143000_L..S,L,1,1754437800,0L 2350 8AV/RPY,1754454222,1754454231,467,0,0
1754438040_L..N,143400_L..N,L,0,1754438040,0L 2354 RPY/8AV,1754452737,1754452746,26,0,0
1754438070_L..N,143450_L..N,L,0,1754438070,0L 2354+RPY/8AV,1754452932,1754452941,294,0,0
1754438127_L..S,143545_L..S,L,1,1754438127,EL 2355 8AV/RPY,1754454492,1754454501,261,0,0
1754438400_L..S,000000_L..S,L,1,1754438400,0L 0000 8AV/RPY,1754452527,1754452536,204,0,0
1754438404_L..S,000008_L..S,L,1,1754438404,0L 0000 8AV/RPY,1754455017,1754455026,309,0,0
1754438790_L..N,000650_L..N,L,0,1754438790,0L 0006+RPY/8AV,1754455467,1754455476,545,0,0
1754439000_L..S,001000_L..S,L,1,1754439000,0L 0010 8AV/RPY,1754455782,1754455791,559,0,0
1754439510_L..N,001850_L..N,L,0,1754439510,0L 0018+RPY/8AV,1754456427,1754456436,577,0,0
1754439600_L..S,002000_L..S,L,1,1754439600,0L 0020 8AV/RPY,1754456412,1754456421,563,0,0
1754440200_L..S,003000_L..S,L,1,1754440200,0L 0030 8AV/RPY,1754454567,1754454576,237,0,0
1754440230_L..N,003050_L..N,L,0,1754440230,0L 0030+RPY/8AV,1754457012,1754457021,559,0,0
1754440621_L..S,003702_L..S,L,1,1754440621,0L 0037 8AV/RPY,1754457687,1754457696,416,0,0
1754440980_L..N,004300_L..N,L,0,1754440980,0L 0043 RPY/8AV,1754457882,1754457891,574,0,0
1754441640_L..S,005400_L..S,L,1,1754441640,0L 0054 8AV/RPY,1754458242,1754458251,534,0,0
1754442180_L..N,006300_L..N,L,0,1754442180,0L 0103 RPY/8AV,1754459097,1754459106,576,0,0
1754442360_L..S,006600_L..S,L,1,1754442360,0L 0106 8AV/RPY,1754459292,1754459301,578,0,0
1754443080_L..S,007800_L..S,L,1,1754443080,0L 0118 8AV/RPY,1754459697,1754459706,536,0,0
1754443380_L..N,008300_L..N,L,0,1754443380,0L 0123 RPY/8AV,1754460162,1754460171,558,0,0
1754443950_L..S,009250_L..S,L,1,1754443950,0L 0132+8AV/RPY,1754458362,1754458371,242,0,0
1754444161_L..S,009602_L..S,L,1,1754444161,0L 0136 8AV/RPY,1754461257,1754461266,386,0,0
1754444580_L..N,010300_L..N,L,0,1754444580,0L 0143 RPY/8AV,1754461527,1754461536,580,0,0
1754445150_L..S,011250_L..S,L,1,1754445150,0L 0152+8AV/RPY,1754462457,1754462466,628,0,0
1754445780_L..N,012300_L..N,L,0,1754445780,0L 0203 RPY/8AV,1754462967,1754462976,612,0,0
1754446350_L..S,013250_L..S,L,1,1754446350,0L 0212+8AV/RPY,1754463597,1754463606,620,0,0
1754446980_L..N,014300_L..N,L,0,1754446980,0L 0223 RPY/8AV,1754464707,1754464716,682,0,0
1754447550_L..S,015250_L..S,L,1,1754447550,0L 0232+8AV/RPY,1754461872,1754461881,230,0,0
1754447761_L..S,015602_L..S,L,1,1754447761,0L 0236 8AV/RPY,1754465217,1754465226,446,0,0
1754448180_L..N,016300_L..N,L,0,1754448180,0L 0243 RPY/8AV,1754465022,1754465031,566,0,0
1754448750_L..S,017250_L..S,L,1,1754448750,0L 0252+8AV/RPY,1754463087,1754463096,232,0,0
1754448961_L..S,017602_L..S,L,1,1754448961,0L 0256 8AV/RPY,1754465817,1754465826,362,0,0
1754449380_L..N,018300_L..N,L,0,1754449380,0L 0303 RPY/8AV,1754466477,1754466486,598,0,0
1754450161_L..S,019602_L..S,L,1,1754450161,0L 0316 8AV/RPY,1754467302,1754467311,298,0,0
1754450580_L..N,020300_L..N,L,0,1754450580,0L 0323 RPY/8AV,1754467437,1754467446,600,0,0
1754451150_L..S,021250_L..S,L,1,1754451150,0L 0332+8AV/RPY,1754465382,1754465391,216,0,0
1754451361_L..S,021602_L..S,L,1,1754451361,0L 0336 8AV/RPY,1754468247,1754468256,522,0,0
1754451780_L..N,022300_L..N,L,0,1754451780,0L 0343 RPY/8AV,1754468682,1754468691,772,0,0
1754452350_L..S,023250_L..S,L,1,1754452350,0L 0352+8AV/RPY,1754466597,1754466606,220,0,0
1754452561_L..S,023602_L..S,L,1,1754452561,0L 0356 8AV/RPY,1754469267,1754469276,632,0,0
1754366460_Q..N39R,024100_Q..N39R,Q,0,1754366460,1Q 0401 STL/962,1754385310,1754385314,1076,0,0
1754366700_Q..S39X001,024500_Q..S39X001,Q,1,1754366700,1Q 0405 962/STL,1754386636,1754386646,1221,0,0
1754366760_R..N59X001,024600_R..N59X001,R,0,1754366760,1R 0406 95S/59S,1754381600,1754381605,539,0,0
1754367030_N..S,025050_N..S,N,1,1754367030,1N 0410+ DIT/STL,1754387532,1754387537,1296,0,0
1754367360_R..S59X002,025600_R..S59X002,R,1,1754367360,1R 0416 59S/95S,1754384338,1754384348,824,0,0
1754367420_N..N20R,025700_N..N20R,N,0,1754367420,1N 0417 STL/DIT,1754386471,1754386481,1103,0,0
1754367660_Q..N39R,026100_Q..N39R,Q,0,1754367660,1Q 0421 STL/962,1754385915,1754385925,997,0,0
1754367960_R..N59X001,026600_R..N59X001,R,0,1754367960,1R 0426 95S/59S,1754382862,1754382867,547,0,0
1754368230_N..S20R,027050_N..S20R,N,1,1754368230,1N 0430+ DIT/STL,1754387987,1754387998,1197,0,0
1754368500_Q..S39X001,027500_Q..S39X001,Q,1,1754368500,1Q 0435 962/STL,1754387266,1754387277,1065,0,0
1754368560_R..S59X002,027600_R..S59X002,R,1,1754368560,1R 0436 59S/95S,1754384338,1754384348,664,0,0
1754368620_N..N20R,027700_N..N20R,N,0,1754368620,1N 0437 STL/DIT,1754388753,1754388763,1247,0,0
1754369145_Q..N39R,028575_Q..N39R,Q,0,1754369145,1Q 0445+ STL/962,1754387952,1754387957,798,0,0
1754369160_R..N59X001,028600_R..N59X001,R,0,1754369160,1R 0446 95S/59S,1754383948,1754383958,532,0,0
1754369430_N..S20R,029050_N..S20R,N,1,1754369430,1N 0450+ DIT/STL,1754388918,1754388928,1161,0,0
1754369760_R..S59X002,029600_R..S59X002,R,1,1754369760,1R 0456 59S/95S,1754385630,1754385640,679,0,0
1754369820_N..N20R,029700_N..N20R,N,0,1754369820,1N 0457 STL/DIT,1754389859,1754389864,1234,0,0
1754370300_Q..S39R,030500_Q..S39R,Q,1,1754370300,1Q 0505 962/STL,1754388753,1754388763,1023,0,0
1754370360_R..N27R,030600_R..N27R,R,0,1754370360,1R 0506 95S/WHL,1754395555,1754395566,1921,0,0
1754370630_N..S20R,031050_N..S20R,N,1,1754370630,1N 0510+ DIT/STL,1754390615,1754390625,1227,0,0
1754370630_Q..N39R,031050_Q..N39R,Q,0,1754370630,1Q 0510+ STL/962,1754388603,1754388613,959,0,0
1754370960_R..S59X002,031600_R..S59X002,R,1,1754370960,1R 0516 59S/95S,1754386005,1754386015,569,0,0
1754370990_R..S71R,031650_R..S71R,R,1,1754370990,1R 0516+ CTL/95S,1754389905,1754389909,1084,0,0
1754371020_N..N31R,031700_N..N31R,N,0,1754371020,1N 0517 STL/DIT,1754389845,1754389849,1072,0,0
1754371110_R..N93R,031850_R..N93R,R,0,1754371110,1R 0518+ 95S/CTL,1754391276,1754391286,1251,0,0
1754371200_Q..N36R,032000_Q..N36R,Q,0,1754371200,1Q 0520 STL/962,1754389594,1754389604,1015,0,0
1754371200_Q..S39R,032000_Q..S39R,Q,1,1754371200,1Q 0520 962/STL,1754389924,1754389935,1059,0,0
1754371410_N..N31R,032350_N..N31R,N,0,1754371410,1N 0523+ STL/DIT,1754390746,1754390750,1140,0,0
1754371500_R..S36R,032500_R..S36R,R,1,1754371500,1R 0525 364/95S,1754387097,1754387101,642,0,0
1754371800_N..S31R,033000_N..S31R,N,1,1754371800,1N 0530 DIT/STL,1754391336,1754391346,1167,1,1
1754371800_R..S71R,033000_R..S71R,R,1,1754371800,1R 0530 CTL/95S,1754391230,1754391241,1153,0,0
1754371950_Q..N36R,033250_Q..N36R,Q,0,1754371950,1Q 0532+ STL/962,1754390870,1754390881,1085,0,0
1754371980_R..N93R,033300_R..N93R,R,0,1754371980,1R 0533 95S/CTL,1754391887,1754391891,1216,0,0
1754372100_N..N31R,033500_N..N31R,N,0,1754372100,1N 0535 STL/DIT,1754391711,1754391722,1177,0,0
1754372100_Q..S36R,033500_Q..S36R,Q,1,1754372100,1Q 0535 962/STL,1754393798,1754393809,1455,0,0
1754372160_R..S59X002,033600_R..S59X002,R,1,1754372160,1R 0536 59S/95S,1754387112,1754387117,556,0,0
1754372520_R..S71R,034200_R..S71R,R,1,1754372520,1R 0542 CTL/95S,1754391846,1754391857,1139,0,0
1754372550_Q..N36R,034250_Q..N36R,Q,0,1754372550,1Q 0542+ STL/962,1754390960,1754390971,1017,0,0
1754372670_R..N93R,034450_R..N93R,R,0,1754372670,1R 0544+ 95S/CTL,1754392172,1754392177,1162,0,0
1754372700_N..S31R,034500_N..S31R,N,1,1754372700,1N 0545 DIT/STL,1754392307,1754392312,1176,1,1
1754372700_R..S36R,034500_R..S36R,R,1,1754372700,1R 0545 364/95S,1754387937,1754387942,594,0,0
1754372820_Q..S36R,034700_Q..S36R,Q,1,1754372820,1Q 0547 962/STL,1754392172,1754392177,1122,1,1
1754373030_N..N35R,035050_N..N35R,N,0,1754373030,1N 0550+ 86S/DIT,1754391846,1754391857,1071,0,0
1754373060_Q..N36R,035100_Q..N36R,Q,0,1754373060,1Q 0551 STL/962,1754391346,1754391351,1000,0,0
1754373060_R..S71R,035100_R..S71R,R,1,1754373060,1R 0551 CTL/95S,1754392913,1754392923,1209,0,0
1754373330_N..N33R,035550_N..N33R,N,0,1754373330,1N 0555+ STL/DIT,1754392057,1754392067,1059,0,0
1754373360_R..N93R,035600_R..N93R,R,0,1754373360,1R 0556 95S/CTL,1754392592,1754392597,1126,0,0
1754373360_R..S59X002,035600_R..S59X002,R,1,1754373360,1R 0556 59S/95S,1754388513,1754388523,583,0,0
1754373420_N..S31R,035700_N..S31R,N,1,1754373420,1N 0557 DIT/STL,1754392728,1754392732,1136,0,0
1754373660_Q..N36R,036100_Q..N36R,Q,0,1754373660,1Q 0601 STL/962,1754391756,1754391767,974,0,0
1754373690_R..S71R,036150_R..S71R,R,1,1754373690,1R 0601+ CTL/95S,1754393348,1754393358,1182,0,0
1754373855_Q..S36R,036425_Q..S36R,Q,1,1754373855,1Q 0604 962/STL,1754393813,1754393824,1222,0,0
1754373930_R..N93R,036550_R..N93R,R,0,1754373930,1R 0605+ 95S/CTL,1754393303,1754393313,1141,0,0
1754374020_N..S31R,036700_N..S31R,N,1,1754374020,1N 0607 DIT/STL,1754393513,1754393524,1158,0,0
1754374170_N..N35R,036950_N..N35R,N,0,1754374170,1N 0609+ 86S/DIT,1754393013,1754393017,1071,0,0
1754374230_Q..N36R,037050_Q..N36R,Q,0,1754374230,1Q 0610+ STL/962,1754392402,1754392412,982,0,0
1754374350_R..S71R,037250_R..S71R,R,1,1754374350,1R 0612+ CTL/95S,1754393829,1754393839,1156,0,0
1754374380_N..S72R,037300_N..S72R,W,1,1754374380,1W 0613 DIT/WHL,1754391526,1754391531,845,0,0
1754374530_N..N33R,037550_N..N33R,N,0,1754374530,1N 0615+ STL/DIT,1754393423,1754393433,1078,0,0
1754374530_R..N93R,037550_R..N93R,R,0,1754374530,1R 0615+ 95S/CTL,1754394099,1754394109,1168,0,0
1754374590_R..S71R,037650_R..S71R,R,1,1754374590,1R 0616+ CTL/95S,1754394154,1754394159,1167,0,0
1754374620_N..S31R,037700_N..S31R,N,1,1754374620,1N 0617 DIT/STL,1754394189,1754394199,1169,0,0
1754374830_Q..N36R,038050_Q..N36R,Q,0,1754374830,1Q 0620+ STL/962,1754392893,1754392897,968,0,0
1754374890_Q..S36R,038150_Q..S36R,Q,1,1754374890,1Q 0621+ 962/STL,1754393813,1754393824,1083,0,0
1754375010_R..S71R,038350_R..S71R,R,1,1754375010,1R 0623+ CTL/95S,1754394519,1754394529,1161,0,0
1754375100_R..N93R,038500_R..N93R,R,0,1754375100,1R 0625 95S/CTL,1754394534,1754394544,1151,0,0
1754375220_N..S34R,038700_N..S34R,N,1,1754375220,1N 0627 DIT/STL,1754394594,1754394605,1143,0,0
1754375310_N..N35R,038850_N..N35R,N,0,1754375310,1N 0628+ 86S/DIT,1754393948,1754393959,1045,0,0
1754375310_R..S71R,038850_R..S71R,R,1,1754375310,1R 0628+ CTL/95S,1754394935,1754394939,1176,0,0
1754375340_Q..N36R,038900_Q..N36R,Q,0,1754375340,1Q 0629 STL/962,1754393483,1754393493,979,0,0
1754375490_Q..S36R,039150_Q..S36R,Q,1,1754375490,1Q 0631+ 962/STL,1754394069,1754394079,1037,0,0
1754375520_N..N33R,039200_N..N33R,N,0,1754375520,1N 0632 STL/DIT,1754394609,1754394619,1105,0,0
1754375580_N..S72R,039300_N..S72R,W,1,1754375580,1W 0633 DIT/WHL,1754392267,1754392277,785,0,0
1754375610_R..S71R,039350_R..S71R,R,1,1754375610,1R 0633+ CTL/95S,1754395270,1754395280,1181,0,0
1754375700_R..N93R,039500_R..N93R,R,0,1754375700,1R 0635 95S/CTL,1754395175,1754395180,1156,0,0
1754375820_N..S34R,039700_N..S34R,N,1,1754375820,1N 0637 DIT/STL,1754394609,1754394619,1065,0,0
1754375970_R..S71R,039950_R..S71R,R,1,1754375970,1R 0639+ CTL/95S,1754395540,1754395550,1169,0,0
1754376015_Q..N36R,040025_Q..N36R,Q,0,1754376015,1Q 0640 STL/962,1754394129,1754394139,632,0,0
1754376090_Q..S36R,040150_Q..S36R,Q,1,1754376090,1Q 0641+ 962/STL,1754394474,1754394484,1011,0,0
1754376180_N..S72R,040300_N..S72R,W,1,1754376180,1W 0643 DIT/WHL,1754393373,1754393378,852,0,0
1754376240_R..N93R,040400_R..N93R,R,0,1754376240,1R 0644 95S/CTL,1754395615,1754395626,1143,0,0
1754376270_N..N35R,040450_N..N35R,N,0,1754376270,1N 0644+ 86S/DIT,1754394895,1754394905,1043,0,0
1754376450_R..S71R,040750_R..S71R,R,1,1754376450,1R 0647+ CTL/95S,1754396301,1754396306,1206,0,0
1754376480_N..S34R,040800_N..S34R,N,1,1754376480,1N 0648 DIT/STL,1754395115,1754395120,1044,0,0
1754376690_Q..N36R,041150_Q..N36R,Q,0,1754376690,1Q 0651+ STL/962,1754395135,1754395145,1019,0,0
1754376690_Q..S36R,041150_Q..S36R,Q,1,1754376690,1Q 0651+ 962/STL,1754395450,1754395460,1061,0,0
1754376720_N..N33R,041200_N..N33R,N,0,1754376720,1N 0652 STL/DIT,1754395870,1754395881,1017,0,0
1754376720_R..N93R,041200_R..N93R,R,0,1754376720,1R 0652 95S/CTL,1754396261,1754396271,1165,0,0
1754376810_N..S72R,041350_N..S72R,W,1,1754376810,1W 0653+ DIT/WHL,1754393628,1754393633,802,0,0
1754377050_N..S34R,041750_N..S34R,N,1,1754377050,1N 0657+ DIT/STL,1754395930,1754395941,1077,0,0
1754377110_R..N76R,041850_R..N76R,R,0,1754377110,1R 0658+ 95S/962,1754395415,1754395420,1000,0,0
1754377110_R..S71R,041850_R..S71R,R,1,1754377110,1R 0658+ CTL/95S,1754396471,1754396481,1141,0,0
1754377170_Q..N36R,041950_Q..N36R,Q,0,1754377170,1Q 0659+ STL/962,1754395415,1754395420,967,0,0
1754377170_Q..S36R,041950_Q..S36R,Q,1,1754377170,1Q 0659+ 962/STL,1754396181,1754396186,1094,0,0
1754377290_N..N70R,042150_N..N70R,W,0,1754377290,1W 0701+ 86S/DIT,1754396921,1754396932,1177,0,0
1754377410_R..N93R,042350_R..N93R,R,0,1754377410,1R 0703+ 95S/CTL,1754397057,1754397067,1178,0,0
1754377560_N..N72R,042600_N..N72R,W,0,1754377560,1W 0706 WHL/DIT,1754394384,1754394394,803,0,0
1754377560_Q..N36R,042600_Q..N36R,Q,0,1754377560,1Q 0706 STL/962,1754395821,1754395825,994,0,0
1754377590_N..S72R,042650_N..S72R,W,1,1754377590,1W 0706+ DIT/WHL,1754394489,1754394499,378,0,0
1754377650_N..N35R,042750_N..N35R,N,0,1754377650,1N 0707+ 86S/DIT,1754396301,1754396306,1046,0,0
1754377650_N..S34R,042750_N..S34R,N,1,1754377650,1N 0707+ DIT/STL,1754396977,1754396982,1136,0,0
1754377650_Q..S36R,042750_Q..S36R,Q,1,1754377650,1Q 0707+ 962/STL,1754396181,1754396186,1030,0,0
1754377680_N..N33R,042800_N..N33R,N,0,1754377680,1N 0708 STL/DIT,1754396802,1754396812,1109,0,0
1754377920_R..N93R,043200_R..N93R,R,0,1754377920,1R 0712 95S/CTL,1754397522,1754397533,1172,0,0
1754377980_Q..N36R,043300_Q..N36R,Q,0,1754377980,1Q 0713 STL/962,1754396256,1754396261,996,0,0
1754378040_R..S71R,043400_R..S71R,R,1,1754378040,1R 0714 CTL/95S,1754397687,1754397698,1178,0,0
1754378130_Q..S36R,043550_Q..S36R,Q,1,1754378130,1Q 0715+ 962/STL,1754396962,1754396967,1070,0,0
1754378220_N..S34R,043700_N..S34R,N,1,1754378220,1N 0717 DIT/STL,1754396977,1754396982,1060,0,0
1754378340_Q..N36R,043900_Q..N36R,Q,0,1754378340,1Q 0719 STL/962,1754396542,1754396546,986,0,0
1754378370_N..N35R,043950_N..N35R,N,0,1754378370,1N 0719+ 86S/DIT,1754397327,1754397337,1086,0,0
1754378400_R..N93R,044000_R..N93R,R,0,1754378400,1R 0720 95S/CTL,1754398283,1754398288,1209,0,0
1754378430_N..N33R,044050_N..N33R,N,0,1754378430,1N 0720+ STL/DIT,1754397552,1754397563,1108,0,0
1754378550_R..S71R,044250_R..S71R,R,1,1754378550,1R 0722+ CTL/95S,1754398798,1754398809,1259,1,0
1754378580_Q..S36R,044300_Q..S36R,Q,1,1754378580,1Q 0723 962/STL,1754397867,1754397878,1130,0,0
1754378610_N..N72R,044350_N..N72R,W,0,1754378610,1W 0723+ WHL/DIT,1754395240,1754395250,777,0,0
1754378610_N..S72R,044350_N..S72R,W,1,1754378610,1W 0723+ DIT/WHL,1754395360,1754395370,793,0,0
1754378670_R..S,044450_R..S,R,1,1754378670,ER 0724+ CTL/95S,1754398964,1754398974,822,4,0
1754378850_N..S34R,044750_N..S34R,N,1,1754378850,1N 0727+ DIT/STL,1754397327,1754397337,1022,0,0
1754378880_R..N93R,044800_R..N93R,R,0,1754378880,1R 0728 95S/CTL,1754398483,1754398494,1172,0,0
1754378910_Q..N36R,044850_Q..N36R,Q,0,1754378910,1Q 0728+ STL/962,1754397177,1754397187,531,0,0
1754378940_R..S71R,044900_R..S71R,R,1,1754378940,1R 0729 CTL/95S,1754399710,1754399714,1333,1,0
1754379090_Q..S36R,045150_Q..S36R,Q,1,1754379090,1Q 0731+ 962/STL,1754397882,1754397893,1064,0,0
1754379150_N..N35R,045250_N..N35R,N,0,1754379150,1N 0732+ 86S/DIT,1754397927,1754397938,1063,0,0
1754379180_N..N72R,045300_N..N72R,W,0,1754379180,1W 0733 WHL/DIT,1754396136,1754396141,821,0,0
1754379270_N..N16R,045450_N..N16R,N,0,1754379270,1N 0734+ STL/962,1754397327,1754397337,967,0,0
1754379270_R..S71R,045450_R..S71R,R,1,1754379270,1R 0734+ CTL/95S,1754399950,1754399955,1321,1,0
1754379330_R..N93R,045550_R..N93R,R,0,1754379330,1R 0735+ 95S/CTL,1754398648,1754398659,1134,0,0
1754379450_N..S72R,045750_N..S72R,W,1,1754379450,1W 0737+ DIT/WHL,1754396662,1754396666,622,0,0
1754379510_N..S34R,045850_N..S34R,N,1,1754379510,1N 0738+ DIT/STL,1754398929,1754398934,1149,0,0
1754379510_Q..N36R,045850_Q..N36R,Q,0,1754379510,1Q 0738+ STL/962,1754398223,1754398228,1054,0,0
1754379570_D..S,045950_D..S,D,1,1754379570,=D 0855 364/BPY,1754404775,1754404785,783,0,0
1754379570_R..S71R,045950_R..S71R,R,1,1754379570,1R 0739+ CTL/95S,1754404775,1754404785,1924,1,0
1754379630_N..N33R,046050_N..N33R,N,0,1754379630,1N 0740+ STL/DIT,1754398463,1754398468,1070,0,0
1754379690_Q..S36R,046150_Q..S36R,Q,1,1754379690,1Q 0741+ 962/STL,1754397942,1754397953,809,0,0
1754379690_R..N93R,046150_R..N93R,R,0,1754379690,1R 0741+ 95S/CTL,1754399099,1754399114,1149,0,0
1754379870_Q..N36R,046450_Q..N36R,Q,0,1754379870,1Q 0744+ STL/962,1754398303,1754398313,1017,0,0
1754379930_N..N33R,046550_N..N33R,N,0,1754379930,1N 0745+ STL/DIT,1754399124,1754399129,1121,0,0
1754380020_N..N72R,046700_N..N72R,W,0,1754380020,1W 0747 WHL/DIT,1754397202,1754397207,803,0,0
1754380020_N..S34R,046700_N..S34R,N,1,1754380020,1N 0747 DIT/STL,1754399084,1754399099,1102,0,0
1754380020_R..S98X002,046700_R..S98X002,R,1,1754380020,1R 0747 CTL/95S,1754400210,1754400220,1257,1,0
1754380050_R..N93R,046750_R..N93R,R,0,1754380050,1R 0747+ 95S/CTL,1754399459,1754399469,1153,0,0
1754380230_Q..N36R,047050_Q..N36R,Q,0,1754380230,1Q 0750+ STL/962,1754398629,1754398633,1012,0,0
1754380230_R..S71R,047050_R..S71R,R,1,1754380230,1R 0750+ CTL/95S,1754400465,1754400476,1263,0,0
1754380290_Q..S36R,047150_Q..S36R,Q,1,1754380290,1Q 0751+ 962/STL,1754398944,1754398949,943,0,0
1754380380_N..S72R,047300_N..S72R,W,1,1754380380,1W 0753 DIT/WHL,1754397657,1754397668,863,0,0
1754380380_R..N93R,047300_R..N93R,R,0,1754380380,1R 0753 95S/CTL,1754399819,1754399830,1157,0,0
1754380440_N..N33R,047400_N..N33R,N,0,1754380440,1N 0754 STL/DIT,1754399804,1754399815,1147,0,0
1754380500_N..N35R,047500_N..N35R,N,0,1754380500,1N 0755 86S/DIT,1754399264,1754399274,1067,0,0
1754380500_Q..N36R,047500_Q..N36R,Q,0,1754380500,1Q 0755 STL/962,1754399129,1754399139,1046,0,0
1754380560_R..S71R,047600_R..S71R,R,1,1754380560,1R 0756 CTL/95S,1754400661,1754400671,1245,0,0
1754380740_N..S34R,047900_N..S34R,N,1,1754380740,1N 0759 DIT/STL,1754399910,1754399920,1121,0,0
1754380740_R..N93R,047900_R..N93R,R,0,1754380740,1R 0759 95S/CTL,1754400285,1754400295,1171,0,0
1754380830_Q..N36R,048050_Q..N36R,Q,0,1754380830,1Q 0800+ STL/962,1754399399,1754399410,1041,0,0
1754380860_N..N72R,048100_N..N72R,W,0,1754380860,1W 0801 WHL/DIT,1754398168,1754398178,840,0,0
1754380890_Q..S36R,048150_Q..S36R,Q,1,1754380890,1Q 0801+ 962/STL,1754399289,1754399294,1018,0,0
1754380920_N..N33R,048200_N..N33R,N,0,1754380920,1N 0802 STL/DIT,1754400390,1754400401,1161,0,0
1754380950_R..S71R,048250_R..S71R,R,1,1754380950,1R 0802+ CTL/95S,1754400851,1754400855,1218,0,0
1754381070_N..S72R,048450_N..S72R,W,1,1754381070,1W 0804+ DIT/WHL,1754398498,1754398509,883,0,0
1754381070_R..N93R,048450_R..N93R,R,0,1754381070,1R 0804+ 95S/CTL,1754400555,1754400566,1163,0,0
1754381310_N..S34R,048850_N..S34R,N,1,1754381310,1N 0808+ DIT/STL,1754400420,1754400430,1113,0,0
1754381310_Q..N36R,048850_Q..N36R,Q,0,1754381310,1Q 0808+ STL/962,1754399529,1754399534,994,0,0
1754381310_Q..S36R,048850_Q..S36R,Q,1,1754381310,1Q 0808+ 962/STL,1754399940,1754399950,1049,0,0
1754381400_R..S71R,049000_R..S71R,R,1,1754381400,1R 0810 CTL/95S,1754401111,1754401121,1193,0,0
1754381490_N..N33R,049150_N..N33R,N,0,1754381490,1N 0811+ STL/DIT,1754400405,1754400416,1087,0,0
1754381490_R..N93R,049150_R..N93R,R,0,1754381490,1R 0811+ 95S/CTL,1754401411,1754401422,1221,0,0
1754381610_N..S72R,049350_N..S72R,W,1,1754381610,1W 0813+ DIT/WHL,1754398858,1754398869,860,0,0
1754381700_R..S71R,049500_R..S71R,R,1,1754381700,1R 0815 CTL/95S,1754401737,1754401741,1236,0,0
1754381730_Q..N36R,049550_Q..N36R,Q,0,1754381730,1Q 0815+ STL/962,1754400060,1754400070,1009,0,0
1754381730_Q..S36R,049550_Q..S36R,Q,1,1754381730,1Q 0815+ 962/STL,1754400120,1754400130,1017,0,0
1754381790_N..S34R,049650_N..S34R,N,1,1754381790,1N 0816+ DIT/STL,1754400705,1754400716,1087,0,0
1754381850_N..N16R,049750_N..N16R,N,0,1754381850,1N 0817+ STL/962,1754400370,1754400375,1034,0,0
1754381880_R..N93R,049800_R..N93R,R,0,1754381880,1R 0818 95S/CTL,1754401797,1754401802,1220,0,0
1754381970_N..S72R,049950_N..S72R,W,1,1754381970,1W 0819+ DIT/WHL,1754399189,1754399204,860,0,0
1754382060_Q..S36R,050100_Q..S36R,Q,1,1754382060,1Q 0821 962/STL,1754400751,1754400761,1057,0,0
1754382090_R..S71R,050150_R..S71R,R,1,1754382090,1R 0821+ CTL/95S,1754402027,1754402037,1223,0,0
1754382180_N..N72R,050300_N..N72R,W,0,1754382180,1W 0823 WHL/DIT,1754399424,1754399429,864,0,0
1754382180_N..S34R,050300_N..S34R,N,1,1754382180,1N 0823 DIT/STL,1754407372,1754407383,1922,1,0
1754382180_Q..N36R,050300_Q..N36R,Q,0,1754382180,1Q 0823 STL/962,1754400480,1754400491,1005,0,0
1754382240_N..N33R,050400_N..N33R,N,0,1754382240,1N 0824 STL/DIT,1754402232,1754402237,1226,0,0
1754382330_R..S71R,050550_R..S71R,R,1,1754382330,1R 0825+ CTL/95S,1754402372,1754402382,1237,0,0
1754382360_N..S72R,050600_N..S72R,W,1,1754382360,1W 0826 DIT/WHL,1754399685,1754399695,875,0,0
1754382390_Q..S36R,050650_Q..S36R,Q,1,1754382390,1Q 0826+ 962/STL,1754400751,1754400761,1013,0,0
1754382405_R..N93R,050675_R..N93R,R,0,1754382405,1R 0826+ 95S/CTL,1754402112,1754402117,809,0,0
1754382660_Q..N36R,051100_Q..N36R,Q,0,1754382660,1Q 0831 STL/962,1754401186,1754401196,1035,0,0
1754382720_N..S34R,051200_N..S34R,N,1,1754382720,1N 0832 DIT/STL,1754401967,1754401977,768,0,0
1754382750_N..N33R,051250_N..N33R,N,0,1754382750,1N 0832+ STL/DIT,1754402657,1754402668,1219,0,0
1754382780_N..S70X011,051300_N..S70X011,W,1,1754382780,1W 0833 DIT/BPY,1754407973,1754407984,1922,0,0
1754382849_Q..S36R,051416_Q..S36R,Q,1,1754382849,1Q 0834 962/STL,1754401036,1754401046,971,0,0
1754382930_R..N93R,051550_R..N93R,R,0,1754382930,1R 0835+ 95S/CTL,1754402853,1754402863,1221,0,0
1754382960_R..S71R,051600_R..S71R,R,1,1754382960,1R 0836 CTL/95S,1754402778,1754402788,1207,0,0
1754383200_Q..N36R,052000_Q..N36R,Q,0,1754383200,1Q 0840 STL/962,1754401496,1754401501,1004,0,0
1754383230_N..S72R,052050_N..S72R,W,1,1754383230,1W 0840+ DIT/WHL,1754400450,1754400461,861,0,0
1754383230_Q..S36R,052050_Q..S36R,Q,1,1754383230,1Q 0840+ 962/STL,1754401677,1754401681,578,0,0
1754383290_N..N33R,052150_N..N33R,N,0,1754383290,1N 0841+ STL/DIT,1754403093,1754403103,1205,0,0
1754383410_N..N72R,052350_N..N72R,W,0,1754383410,1W 0843+ WHL/DIT,1754400931,1754400941,901,0,0
1754383410_N..S34R,052350_N..S34R,N,1,1754383410,1N 0843+ DIT/STL,1754402537,1754402548,1115,0,0
1754383440_R..N93R,052400_R..N93R,R,0,1754383440,1R 0844 95S/CTL,1754403408,1754403418,1226,0,0
1754383500_Q..N36R,052500_Q..N36R,Q,0,1754383500,1Q 0845 STL/962,1754401666,1754401677,987,0,0
1754383530_N..S16R,052550_N..S16R,N,1,1754383530,1N 0845+ 962/STL,1754401967,1754401977,1023,0,0
1754383620_R..S71R,052700_R..S71R,R,1,1754383620,1R 0847 CTL/95S,1754403093,1754403103,1161,0,0
1754383740_N..N33R,052900_N..N33R,N,0,1754383740,1N 0849 STL/DIT,1754403659,1754403663,1219,0,0
1754383770_Q..S36R,052950_Q..S36R,Q,1,1754383770,1Q 0849+ 962/STL,1754402898,1754402908,1115,0,0
1754383830_N..S72R,053050_N..S72R,W,1,1754383830,1W 0850+ DIT/WHL,1754400901,1754400911,841,0,0
1754383920_Q..N36R,053200_Q..N36R,Q,0,1754383920,1Q 0852 STL/962,1754402097,1754402102,988,0,0
1754383980_N..N72R,053300_N..N72R,W,0,1754383980,1W 0853 WHL/DIT,1754402172,1754402177,990,0,0
1754384070_N..S34R,053450_N..S34R,N,1,1754384070,1N 0854+ DIT/STL,1754403333,1754403343,1132,0,0
1754384130_N..N33R,053550_N..N33R,N,0,1754384130,1N 0855+ STL/DIT,1754403949,1754403959,1206,0,0
1754384130_Q..S36R,053550_Q..S36R,Q,1,1754384130,1Q 0855+ 962/STL,1754403108,1754403118,1095,1,0
1754384160_R..S71R,053600_R..S71R,R,1,1754384160,1R 0856 CTL/95S,1754403764,1754403769,1177,0,0
1754384250_R..N93R,053750_R..N93R,R,0,1754384250,1R 0857+ 95S/CTL,1754403884,1754403889,751,0,0
1754384520_N..N72R,054200_N..N72R,W,0,1754384520,1W 0902 WHL/DIT,1754402327,1754402337,939,0,0
1754384550_N..S72R,054250_N..S72R,W,1,1754384550,1W 0902+ DIT/WHL,1754401557,1754401561,377,0,0
1754384550_Q..N36R,054250_Q..N36R,Q,0,1754384550,1Q 0902+ STL/962,1754402878,1754402883,604,0,0
1754384550_Q..S36R,054250_Q..S36R,Q,1,1754384550,1Q 0902+ 962/STL,1754403573,1754403584,1100,0,0
1754384640_R..S71R,054400_R..S71R,R,1,1754384640,1R 0904 CTL/95S,1754404184,1754404189,1169,0,0
1754384670_N..S34R,054450_N..S34R,N,1,1754384670,1N 0904+ DIT/STL,1754403528,1754403539,1078,0,0
1754384760_N..N33R,054600_N..N33R,N,0,1754384760,1N 0906 STL/DIT,1754404560,1754404565,1202,0,0
1754384880_N..S34R,054800_N..S34R,N,1,1754384880,1N 0908 DIT/STL,1754404064,1754404069,1121,0,0
1754384970_Q..S36R,054950_Q..S36R,Q,1,1754384970,1Q 0909+ 962/STL,1754404079,1754404084,1111,0,0
1754385000_N..N72R,055000_N..N72R,W,0,1754385000,1W 0910 WHL/DIT,1754403058,1754403063,972,0,0
1754385060_R..N93R,055100_R..N93R,R,0,1754385060,1R 0911 95S/CTL,1754405280,1754405285,1259,0,0
1754385090_R..S71R,055150_R..S71R,R,1,1754385090,1R 0911+ CTL/95S,1754404805,1754404815,1192,0,0
1754385180_Q..N36R,055300_Q..N36R,Q,0,1754385180,1Q 0913 STL/962,1754403359,1754403363,987,0,0
1754385300_N..S34R,055500_N..S34R,N,1,1754385300,1N 0915 DIT/STL,1754404805,1754404815,1164,0,0
1754385300_R..N93R,055500_R..N93R,R,0,1754385300,1R 0915 95S/CTL,1754405480,1754405491,1254,0,0
1754385330_Q..N36X002,055550_Q..N36X002,Q,0,1754385330,1Q 0915+ STL/962,1754403874,1754403884,1036,1,0
1754385360_N..N33R,055600_N..N33R,N,0,1754385360,1N 0916 STL/DIT,1754405285,1754405295,1220,0,0
1754385450_Q..S36R,055750_Q..S36R,Q,1,1754385450,1Q 0917+ 962/STL,1754404339,1754404350,1082,0,0
1754385480_N..N72R,055800_N..N72R,W,0,1754385480,1W 0918 WHL/DIT,1754403604,1754403614,980,0,0
1754385540_R..N,055900_R..N,R,0,1754385540,ER 0919 95S/CTL,1754405566,1754405570,808,0,0
1754385540_R..S71R,055900_R..S71R,R,1,1754385540,1R 0919 CTL/95S,1754405075,1754405085,1168,0,0
1754385630_N..N34X001,056050_N..N34X001,N,0,1754385630,1N 0920+ STL/DIT,1754405806,1754405811,1253,0,0
1754385780_Q..S36R,056300_Q..S36R,Q,1,1754385780,1Q 0923 962/STL,1754405120,1754405130,1095,0,0
1754385780_R..N93R,056300_R..N93R,R,0,1754385780,1R 0923 95S/CTL,1754405901,1754405911,1246,0,0
1754385900_Q..N36X002,056500_Q..N36X002,Q,0,1754385900,1Q 0925 STL/962,1754404500,1754404504,1043,0,0
1754385930_N..S36X001,056550_N..S36X001,N,1,1754385930,1N 0925+ DIT/STL,1754405585,1754405596,1184,0,0
1754385990_N..N34X001,056650_N..N34X001,N,0,1754385990,1N 0926+ STL/DIT,1754405931,1754405941,1222,0,0
1754386080_R..N,056800_R..N,R,0,1754386080,ER 0928 95S/CTL,1754406106,1754406111,862,0,0
1754386110_N..S16R,056850_N..S16R,N,1,1754386110,1N 0928+ 962/STL,1754404820,1754404830,1058,0,0
1754386140_R..S71R,056900_R..S71R,R,1,1754386140,1R 0929 CTL/95S,1754405826,1754405836,1188,0,0
1754386320_N..N72R,057200_N..N72R,W,0,1754386320,1W 0932 WHL/DIT,1754404174,1754404184,945,0,0
1754386350_Q..S36R,057250_Q..S36R,Q,1,1754386350,1Q 0932+ 962/STL,1754405525,1754405536,1086,0,0
1754386380_R..N93R,057300_R..N93R,R,0,1754386380,1R 0933 95S/CTL,1754406666,1754406677,1269,0,0
1754386500_Q..N36X002,057500_Q..N36X002,Q,0,1754386500,1Q 0935 STL/962,1754405585,1754405596,1109,0,0
1754386530_N..S36X001,057550_N..S36X001,N,1,1754386530,1N 0935+ DIT/STL,1754406186,1754406196,1185,0,0
1754386590_N..N34X001,057650_N..N34X001,N,0,1754386590,1N 0936+ STL/DIT,1754406561,1754406572,1227,0,0
1754386740_R..S71R,057900_R..S71R,R,1,1754386740,1R 0939 CTL/95S,1754407413,1754407417,1320,0,0
1754386890_N..N72R,058150_N..N72R,W,0,1754386890,1W 0941+ WHL/DIT,1754404715,1754404725,941,0,0
1754386980_Q..S36X001,058300_Q..S36X001,Q,1,1754386980,1Q 0943 962/STL,1754406336,1754406347,1145,0,0
1754386980_R..N93R,058300_R..N93R,R,0,1754386980,1R 0943 95S/CTL,1754407102,1754407113,1247,0,0
1754387100_Q..N36X002,058500_Q..N36X002,Q,0,1754387100,1Q 0945 STL/962,1754405806,1754405811,934,0,0
1754387130_N..S36X001,058550_N..S36X001,N,1,1754387130,1N 0945+ DIT/STL,1754406407,1754406411,1134,0,0
1754387160_N..N34X001,058600_N..N34X001,N,0,1754387160,1N 0946 STL/DIT,1754407673,1754407683,1299,0,0
1754387340_R..S71R,058900_R..S71R,R,1,1754387340,1R 0949 CTL/95S,1754407488,1754407492,1250,0,0
1754387520_N..N72R,059200_N..N72R,W,0,1754387520,1W 0952 WHL/DIT,1754405340,1754405345,940,0,0
1754387520_Q..N36X002,059200_Q..N36X002,Q,0,1754387520,1Q 0952 STL/962,1754406381,1754406392,1079,0,0
1754387580_Q..S36X001,059300_Q..S36X001,Q,1,1754387580,1Q 0953 962/STL,1754406467,1754406471,1082,0,0
1754387580_R..N93R,059300_R..N93R,R,0,1754387580,1R 0953 95S/CTL,1754407492,1754407503,1219,0,0
1754387730_N..S36X001,059550_N..S36X001,N,1,1754387730,1N 0955+ DIT/STL,1754407282,1754407293,1171,0,0
1754387760_N..N34X001,059600_N..N34X001,N,0,1754387760,1N 0956 STL/DIT,1754407928,1754407938,1253,0,0
1754387940_R..S71R,059900_R..S71R,R,1,1754387940,1R 0959 CTL/95S,1754407733,1754407743,1203,0,0
1754388180_Q..S36X001,060300_Q..S36X001,Q,1,1754388180,1Q 1003 962/STL,1754407127,1754407132,1089,0,0
1754388180_R..N93R,060300_R..N93R,R,0,1754388180,1R 1003 95S/CTL,1754407908,1754407913,1193,0,0
1754388270_N..N34X001,060450_N..N34X001,N,0,1754388270,1N 1004+ STL/DIT,1754408333,1754408348,1235,0,0
1754388330_N..S36X001,060550_N..S36X001,N,1,1754388330,1N 1005+ DIT/STL,1754408273,1754408284,1218,0,0
1754388420_Q..N36X002,060700_Q..N36X002,Q,0,1754388420,1Q 1007 STL/962,1754407282,1754407293,1073,0,0
1754388540_R..S71R,060900_R..S71R,R,1,1754388540,1R 1009 CTL/95S,1754408153,1754408164,1173,0,0
1754388720_Q..S36X001,061200_Q..S36X001,Q,1,1754388720,1Q 1012 962/STL,1754407608,1754407613,1076,0,0
1754388780_R..N93R,061300_R..N93R,R,0,1754388780,1R 1013 95S/CTL,1754408318,1754408333,1161,0,0
1754388930_N..S36X001,061550_N..S36X001,N,1,1754388930,1N 1015+ DIT/STL,1754408453,1754408464,1157,0,0
1754388930_Q..N36X002,061550_Q..N36X002,Q,0,1754388930,1Q 1015+ STL/962,1754407943,1754407953,1093,0,0
1754388960_N..N34X001,061600_N..N34X001,N,0,1754388960,1N 1016 STL/DIT,1754409339,1754409350,1271,0,0
1754389140_R..S71R,061900_R..S71R,R,1,1754389140,1R 1019 CTL/95S,1754409444,1754409455,1261,0,0
1754389380_Q..S36X001,062300_Q..S36X001,Q,1,1754389380,1Q 1023 962/STL,1754408468,1754408479,1100,0,0
1754389380_R..N93R,062300_R..N93R,R,0,1754389380,1R 1023 95S/CTL,1754409696,1754409699,1263,0,0
1754389530_N..S36X001,062550_N..S36X001,N,1,1754389530,1N 1025+ DIT/STL,1754413378,1754413389,1716,0,0
1754389530_Q..N36X002,062550_Q..N36X002,Q,0,1754389530,1Q 1025+ STL/962,1754408348,1754408359,1064,0,0
1754389560_N..N34X001,062600_N..N34X001,N,0,1754389560,1N 1026 STL/DIT,1754409459,1754409470,1208,0,0
1754389740_R..S71R,062900_R..S71R,R,1,1754389740,1R 1029 CTL/95S,1754404414,1754404424,516,0,0
1754389980_Q..N36X002,063300_Q..N36X002,Q,0,1754389980,1Q 1033 STL/962,1754410075,1754410086,1234,0,0
1754389980_Q..S36X001,063300_Q..S36X001,Q,1,1754389980,1Q 1033 962/STL,1754409264,1754409275,1126,0,0
1754389980_R..N93R,063300_R..N93R,R,0,1754389980,1R 1033 95S/CTL,1754410330,1754410341,1268,0,0
1754390100_R..S71R,063500_R..S71R,R,1,1754390100,1R 1035 CTL/95S,1754410000,1754410011,740,0,0
1754390130_N..S36X001,063550_N..S36X001,N,1,1754390130,1N 1035+ DIT/STL,1754413389,1754413393,1637,1,0
1754390160_N..N34X001,063600_N..N34X001,N,0,1754390160,1N 1036 STL/DIT,1754410030,1754410041,1204,1,0
1754390580_R..N93R,064300_R..N93R,R,0,1754390580,1R 1043 95S/CTL,1754410480,1754410491,1208,0,0
1754390730_N..S36X001,064550_N..S36X001,N,1,1754390730,1N 1045+ DIT/STL,1754411081,1754411092,1268,0,0
1754390760_N..N34X001,064600_N..N34X001,N,0,1754390760,1N 1046 STL/DIT,1754411257,1754411261,1287,1,1
1754390779_Q..S36X001,064633_Q..S36X001,Q,1,1754390779,1Q 1046 962/STL,1754410390,1754410401,1154,1,0
1754390820_Q..N36X002,064700_Q..N36X002,Q,0,1754390820,1Q 1047 STL/962,1754410751,1754410761,1212,0,0
1754390940_F..S,064900_F..S,F,1,1754390940,=F 1049 36Q/STL,1754408318,1754408333,10,1,1
1754390940_R..S71R,064900_R..S71R,R,1,1754390940,1R 1049 CTL/95S,1754411156,1754411167,1250,6,3
1754391210_R..N93R,065350_R..N93R,R,0,1754391210,1R 1053+ 95S/CTL,1754411843,1754411847,1305,0,0
1754391330_N..N34X001,065550_N..N34X001,N,0,1754391330,1N 1055+ STL/DIT,1754411437,1754411441,1235,1,0
1754391330_N..S36X001,065550_N..S36X001,N,1,1754391330,1N 1055+ DIT/STL,1754411096,1754411107,1190,0,0
1754391330_Q..N36X002,065550_Q..N36X002,Q,0,1754391330,1Q 1055+ STL/962,1754411036,1754411047,1182,0,0
1754391540_R..S71R,065900_R..S71R,R,1,1754391540,1R 1059 CTL/95S,1754411602,1754411607,1229,0,0
1754391579_Q..S36X001,065966_Q..S36X001,Q,1,1754391579,1Q 1059+ 962/STL,1754410811,1754410822,1119,0,0
1754391780_R..N93R,066300_R..N93R,R,0,1754391780,1R 1103 95S/CTL,1754412462,1754412473,1312,0,0
1754391870_N..N34X001,066450_N..N34X001,N,0,1754391870,1N 1104+ STL/DIT,1754412042,1754412053,1242,0,0
1754391930_N..S36X001,066550_N..S36X001,N,1,1754391930,1N 1105+ DIT/STL,1754411622,1754411632,1180,0,0
1754391930_Q..N36X002,066550_Q..N36X002,Q,0,1754391930,1Q 1105+ STL/962,1754411246,1754411257,1130,0,0
1754392140_R..S71R,066900_R..S71R,R,1,1754392140,1R 1109 CTL/95S,1754412477,1754412488,1266,0,0
1754392380_Q..S36X001,067300_Q..S36X001,Q,1,1754392380,1Q 1113 962/STL,1754411922,1754411933,1160,0,0
1754392380_R..N93R,067300_R..N93R,R,0,1754392380,1R 1113 95S/CTL,1754412729,1754412733,1267,0,0
1754392440_R..S,067400_R..S,R,1,1754392440,ER 1114 CTL/95S,1754411171,1754411182,663,3,0
1754392530_N..S36X001,067550_N..S36X001,N,1,1754392530,1N 1115+ DIT/STL,1754412552,1754412563,1225,0,0
1754392530_Q..N36X002,067550_Q..N36X002,Q,0,1754392530,1Q 1115+ STL/962,1754411662,1754411667,1106,0,0
1754392560_N..N34X001,067600_N..N34X001,N,0,1754392560,1N 1116 STL/DIT,1754413048,1754413063,1282,0,0
1754392740_R..S71R,067900_R..S71R,R,1,1754392740,1R 1119 CTL/95S,1754413483,1754413494,1297,1,0
1754392980_Q..S36X001,068300_Q..S36X001,Q,1,1754392980,1Q 1123 962/STL,1754412057,1754412068,1099,0,0
1754392980_R..N93R,068300_R..N93R,R,0,1754392980,1R 1123 95S/CTL,1754413063,1754413078,1227,0,0
1754393070_Q..N36X002,068450_Q..N36X002,Q,0,1754393070,1Q 1124+ STL/962,1754412282,1754412293,1117,0,0
1754393130_N..S36X001,068550_N..S36X001,N,1,1754393130,1N 1125+ DIT/STL,1754413389,1754413393,1238,0,0
1754393160_N..N34X001,068600_N..N34X001,N,0,1754393160,1N 1126 STL/DIT,1754413603,1754413614,1264,0,0
1754393340_R..S71R,068900_R..S71R,R,1,1754393340,1R 1129 CTL/95S,1754414470,1754414474,1354,0,0
1754393580_Q..S36X001,069300_Q..S36X001,Q,1,1754393580,1Q 1133 962/STL,1754412669,1754412673,1100,1,0
1754393580_R..N93R,069300_R..N93R,R,0,1754393580,1R 1133 95S/CTL,1754413543,1754413554,1200,0,0
1754393730_N..S36X001,069550_N..S36X001,N,1,1754393730,1N 1135+ DIT/STL,1754414490,1754414500,1306,0,0
1754393730_Q..N36X002,069550_Q..N36X002,Q,0,1754393730,1Q 1135+ STL/962,1754412868,1754412878,1107,0,0
1754393760_N..N34X001,069600_N..N34X001,N,0,1754393760,1N 1136 STL/DIT,1754413664,1754413675,1193,3,0
1754393940_R..S71R,069900_R..S71R,R,1,1754393940,1R 1139 CTL/95S,1754413438,1754413449,1127,5,2
1754394120_Q..S36X001,070200_Q..S36X001,Q,1,1754394120,1Q 1142 962/STL,1754413269,1754413273,1094,0,0
1754394180_R..N93R,070300_R..N93R,R,0,1754394180,1R 1143 95S/CTL,1754413964,1754413975,1177,0,0
1754394270_N..N34X001,070450_N..N34X001,N,0,1754394270,1N 1144+ STL/DIT,1754414204,1754414215,1196,0,0
1754394330_N..N,070550_N..N,N,0,1754394330,=N 1252+ USQ/DIT,1754414891,1754414895,265,0,0
1754394330_N..S36X001,070550_N..S36X001,N,1,1754394330,1N 1145+ DIT/STL,1754419535,1754419546,1879,0,0
1754394330_Q..N36X002,070550_Q..N36X002,Q,0,1754394330,1Q 1145+ STL/962,1754413389,1754413393,1079,0,0
1754394330_W..N,070550_W..N,W,0,1754394330,$W 1240 WHL/USQ,1754419535,1754419546,910,0,0
1754394540_R..S71R,070900_R..S71R,R,1,1754394540,1R 1149 CTL/95S,1754414429,1754414440,1190,0,0
1754394780_Q..S36X001,071300_Q..S36X001,Q,1,1754394780,1Q 1153 962/STL,1754414234,1754414245,1132,0,0
1754394780_R..N93R,071300_R..N93R,R,0,1754394780,1R 1153 95S/CTL,1754414350,1754414354,1147,0,0
1754394930_N..S36X001,071550_N..S36X001,N,1,1754394930,1N 1155+ DIT/STL,1754414895,1754414906,1200,0,0
1754394930_Q..N36X002,071550_Q..N36X002,Q,0,1754394930,1Q 1155+ STL/962,1754413990,1754413994,1080,0,0
1754394960_N..N34X001,071600_N..N34X001,N,0,1754394960,1N 1156 STL/DIT,1754415191,1754415195,1235,0,0
1754395140_R..S71R,071900_R..S71R,R,1,1754395140,1R 1159 CTL/95S,1754414850,1754414861,1166,0,0
1754395380_Q..S36X001,072300_Q..S36X001,Q,1,1754395380,1Q 1203 962/STL,1754414399,1754414410,1074,0,0
1754395380_R..N93R,072300_R..N93R,R,0,1754395380,1R 1203 95S/CTL,1754415251,1754415255,1187,0,0
1754395530_N..S36X001,072550_N..S36X001,N,1,1754395530,1N 1205+ DIT/STL,1754415210,1754415221,1162,0,0
1754395560_N..N34X001,072600_N..N34X001,N,0,1754395560,1N 1206 STL/DIT,1754415871,1754415882,1246,0,0
1754395620_Q..N36X002,072700_Q..N36X002,Q,0,1754395620,1Q 1207 STL/962,1754414530,1754414535,1059,0,0
1754395740_R..S71R,072900_R..S71R,R,1,1754395740,1R 1209 CTL/95S,1754415736,1754415747,1204,5,3
1754395980_Q..S36X001,073300_Q..S36X001,Q,1,1754395980,1Q 1213 962/STL,1754415270,1754415281,1110,1,0
1754395980_R..N93R,073300_R..N93R,R,0,1754395980,1R 1213 95S/CTL,1754416216,1754416227,1236,0,0
1754396130_N..S36X001,073550_N..S36X001,N,1,1754396130,1N 1215+ DIT/STL,1754416171,1754416182,1210,0,0
1754396130_Q..N36X002,073550_Q..N36X002,Q,0,1754396130,1Q 1215+ STL/962,1754415646,1754415657,1140,0,0
1754396160_N..N34X001,073600_N..N34X001,N,0,1754396160,1N 1216 STL/DIT,1754416212,1754416216,1211,0,0
1754396340_R..S71R,073900_R..S71R,R,1,1754396340,1R 1219 CTL/95S,1754415976,1754415987,1156,0,0
1754396520_Q..S36X001,074200_Q..S36X001,Q,1,1754396520,1Q 1222 962/STL,1754415912,1754415916,1123,0,0
1754396580_R..N93R,074300_R..N93R,R,0,1754396580,1R 1223 95S/CTL,1754416637,1754416648,1212,0,0
1754396670_N..N34X001,074450_N..N34X001,N,0,1754396670,1N 1224+ STL/DIT,1754416471,1754416482,1178,0,0
1754396730_N..S36X001,074550_N..S36X001,N,1,1754396730,1N 1225+ DIT/STL,1754416351,1754416362,1154,0,0
1754396940_R..S71R,074900_R..S71R,R,1,1754396940,1R 1229 CTL/95S,1754416497,1754416502,1145,0,0
1754397180_Q..S36X001,075300_Q..S36X001,Q,1,1754397180,1Q 1233 962/STL,1754416497,1754416502,1113,0,0
1754397180_R..N93R,075300_R..N93R,R,0,1754397180,1R 1233 95S/CTL,1754417222,1754417233,1210,0,0
1754397330_N..S36X001,075550_N..S36X001,N,1,1754397330,1N 1235+ DIT/STL,1754417072,1754417083,1170,0,0
1754397330_Q..N36X002,075550_Q..N36X002,Q,0,1754397330,1Q 1235+ STL/962,1754416697,1754416708,1068,0,0
1754397360_N..N34X001,075600_N..N34X001,N,0,1754397360,1N 1236 STL/DIT,1754417402,1754417413,1199,0,0
1754397540_R..S71R,075900_R..S71R,R,1,1754397540,1R 1239 CTL/95S,1754418138,1754418149,1268,0,0
1754397780_Q..S36X001,076300_Q..S36X001,Q,1,1754397780,1Q 1243 962/STL,1754417327,1754417338,1148,1,0
1754397780_R..N93R,076300_R..N93R,R,0,1754397780,1R 1243 95S/CTL,1754417643,1754417654,1190,0,0
1754397930_N..S36X001,076550_N..S36X001,N,1,1754397930,1N 1245+ DIT/STL,1754417458,1754417462,1145,0,0
1754398020_Q..N36X002,076700_Q..N36X002,Q,0,1754398020,1Q 1247 STL/962,1754416667,1754416678,1028,0,0
1754398080_N..N34X001,076800_N..N34X001,N,0,1754398080,1N 1248 STL/DIT,1754418108,1754418119,801,0,0
1754398140_R..S71R,076900_R..S71R,R,1,1754398140,1R 1249 CTL/95S,1754418765,1754418769,1272,0,0
1754398380_Q..S36X001,077300_Q..S36X001,Q,1,1754398380,1Q 1253 962/STL,1754417598,1754417609,1104,0,0
1754398380_R..N93R,077300_R..N93R,R,0,1754398380,1R 1253 95S/CTL,1754417943,1754417958,1139,0,0
1754398530_N..S36X001,077550_N..S36X001,N,1,1754398530,1N 1255+ DIT/STL,1754418138,1754418149,1137,0,0
1754398530_Q..N36X002,077550_Q..N36X002,Q,0,1754398530,1Q 1255+ STL/962,1754417372,1754417383,1054,0,0
1754398740_R..S71R,077900_R..S71R,R,1,1754398740,1R 1259 CTL/95S,1754418945,1754418949,1216,0,0
1754398800_N..N34X001,078000_N..N34X001,N,0,1754398800,1N 1300 STL/DIT,1754418393,1754418404,774,0,0
1754398890_Q..S36X001,078150_Q..S36X001,Q,1,1754398890,1Q 1301+ 962/STL,1754418119,1754418123,1086,0,0
1754398980_R..N93R,078300_R..N93R,R,0,1754398980,1R 1303 95S/CTL,1754418780,1754418784,1162,0,0
1754399130_N..S36X001,078550_N..S36X001,N,1,1754399130,1N 1305+ DIT/STL,1754418904,1754418915,1159,0,0
1754399130_Q..N36X002,078550_Q..N36X002,Q,0,1754399130,1Q 1305+ STL/962,1754417883,1754417898,1035,0,0
1754399340_R..S71R,078900_R..S71R,R,1,1754399340,1R 1309 CTL/95S,1754419080,1754419084,1154,0,0
1754399520_N..N34X001,079200_N..N34X001,N,0,1754399520,1N 1312 STL/DIT,1754419099,1754419110,857,0,0
1754399580_Q..S36X001,079300_Q..S36X001,Q,1,1754399580,1Q 1313 962/STL,1754418784,1754418795,1082,0,0
1754399580_R..N93R,079300_R..N93R,R,0,1754399580,1R 1313 95S/CTL,1754419384,1754419395,1163,0,0
1754399730_N..S36X001,079550_N..S36X001,N,1,1754399730,1N 1315+ DIT/STL,1754419501,1754419505,1158,0,0
1754399730_Q..N36X002,079550_Q..N36X002,Q,0,1754399730,1Q 1315+ STL/962,1754418284,1754418288,996,0,0
1754399940_R..S71R,079900_R..S71R,R,1,1754399940,1R 1319 CTL/95S,1754419535,1754419546,1135,0,0
1754400180_Q..S36X001,080300_Q..S36X001,Q,1,1754400180,1Q 1323 962/STL,1754419099,1754419110,1045,0,0
1754400180_R..N93R,080300_R..N93R,R,0,1754400180,1R 1323 95S/CTL,1754420090,1754420101,1176,1,0
1754400240_N..N34X001,080400_N..N34X001,N,0,1754400240,1N 1324 STL/DIT,1754420026,1754420030,973,0,0
1754400330_N..S36X001,080550_N..S36X001,N,1,1754400330,1N 1325+ DIT/STL,1754419966,1754419970,1140,0,0
1754400420_Q..N36X002,080700_Q..N36X002,Q,0,1754400420,1Q 1327 STL/962,1754419125,1754419129,1016,0,0
1754400540_R..S71R,080900_R..S71R,R,1,1754400540,1R 1329 CTL/95S,1754420387,1754420390,1167,0,0
1754400780_R..N93R,081300_R..N93R,R,0,1754400780,1R 1333 95S/CTL,1754420661,1754420672,1148,1,0
1754400930_N..S36X001,081550_N..S36X001,N,1,1754400930,1N 1335+ DIT/STL,1754420586,1754420597,1142,0,0
1754400930_Q..N36X002,081550_Q..N36X002,Q,0,1754400930,1Q 1335+ STL/962,1754419546,1754419550,1004,0,0
1754400960_N..N34X001,081600_N..N34X001,N,0,1754400960,1N 1336 STL/DIT,1754420285,1754420297,1098,0,0
1754400979_Q..S36X001,081633_Q..S36X001,Q,1,1754400979,1Q 1336 962/STL,1754419685,1754419696,834,0,0
1754401140_R..S71R,081900_R..S71R,R,1,1754401140,1R 1339 CTL/95S,1754420991,1754421002,1168,0,0
1754401380_R..N93R,082300_R..N93R,R,0,1754401380,1R 1343 95S/CTL,1754422147,1754422158,1290,0,0
1754401470_N..N34X001,082450_N..N34X001,N,0,1754401470,1N 1344+ STL/DIT,1754420871,1754420882,1108,0,0
1754401500_Q..N36X002,082500_Q..N36X002,Q,0,1754401500,1Q 1345 STL/962,1754420255,1754420267,1022,0,0
1754401530_N..S36X001,082550_N..S36X001,N,1,1754401530,1N 1345+ DIT/STL,1754420841,1754420852,1096,0,0
1754401740_R..N,082900_R..N,R,0,1754401740,$R 1548 364/CTL,1754426938,1754426948,211,0,0
1754401740_R..S71R,082900_R..S71R,R,1,1754401740,1R 1349 CTL/95S,1754422763,1754422778,1309,0,0
1754401779_Q..S36X001,082966_Q..S36X001,Q,1,1754401779,1Q 1349+ 962/STL,1754420747,1754420751,974,0,0
1754401830_N..S36X001,083050_N..S36X001,N,1,1754401830,1N 1350+ DIT/STL,1754421588,1754421592,1155,0,0
1754401980_R..N93R,083300_R..N93R,R,0,1754401980,1R 1353 95S/CTL,1754422162,1754422173,1212,0,0
1754402100_Q..N36X002,083500_Q..N36X002,Q,0,1754402100,1Q 1355 STL/962,1754420687,1754420691,1000,0,0
1754402130_N..S36X001,083550_N..S36X001,N,1,1754402130,1N 1355+ DIT/STL,1754422293,1754422297,1210,0,0
1754402190_N..N34X001,083650_N..N34X001,N,0,1754402190,1N 1356+ STL/DIT,1754421907,1754421918,1152,0,0
1754402340_R..N,083900_R..N,R,0,1754402340,$R 1534 364/CTL,1754427249,1754427253,587,0,0
1754402340_R..S71R,083900_R..S71R,R,1,1754402340,1R 1359 CTL/95S,1754427538,1754427549,1856,0,0
1754402580_Q..S36X001,084300_Q..S36X001,Q,1,1754402580,1Q 1403 962/STL,1754421427,1754421438,1052,0,0
1754402580_R..N93R,084300_R..N93R,R,0,1754402580,1R 1403 95S/CTL,1754422354,1754422358,1175,0,0
1754402730_N..S36X001,084550_N..S36X001,N,1,1754402730,1N 1405+ DIT/STL,1754422898,1754422913,1204,0,0
1754402760_N..N34X001,084600_N..N34X001,N,0,1754402760,1N 1406 STL/DIT,1754422222,1754422233,1133,0,0
1754402790_Q..N36X002,084650_Q..N36X002,Q,0,1754402790,1Q 1406+ STL/962,1754421753,1754421757,1066,0,0
1754402940_R..S71R,084900_R..S71R,R,1,1754402940,1R 1409 CTL/95S,1754428139,1754428150,1866,0,0
1754403120_R..N93R,085200_R..N93R,R,0,1754403120,1R 1412 95S/CTL,1754422928,1754422943,1153,0,0
1754403180_Q..S36X001,085300_Q..S36X001,Q,1,1754403180,1Q 1413 962/STL,1754421948,1754421952,1040,0,0
1754403240_N..N33X009,085400_N..N33X009,N,0,1754403240,1N 1414 STL/DIT,1754423029,1754423033,1149,0,0
1754403300_Q..N36X002,085500_Q..N36X002,Q,0,1754403300,1Q 1415 STL/962,1754422613,1754422628,1108,0,0
1754403330_N..S36X001,085550_N..S36X001,N,1,1754403330,1N 1415+ DIT/STL,1754425931,1754425942,1525,0,0
1754403540_R..S71R,085900_R..S71R,R,1,1754403540,1R 1419 CTL/95S,1754428739,1754428750,1867,2,2
1754403690_R..N93R,086150_R..N93R,R,0,1754403690,1R 1421+ 95S/CTL,1754423529,1754423540,1157,0,0
1754403720_Q..S36X001,086200_Q..S36X001,Q,1,1754403720,1Q 1422 962/STL,1754422463,1754422474,1037,0,0
1754403780_N..N33R,086300_N..N33R,N,0,1754403780,1N 1423 STL/DIT,1754422703,1754422718,1051,0,0
1754403930_N..S36X001,086550_N..S36X001,N,1,1754403930,1N 1425+ DIT/STL,1754424039,1754424050,1194,1,0
1754404080_R..N93R,086800_R..N93R,R,0,1754404080,1R 1428 95S/CTL,1754424430,1754424441,1226,0,0
1754404140_R..N,086900_R..N,R,0,1754404140,$R 1620 364/CTL,1754429340,1754429351,489,0,0
1754404140_R..S71R,086900_R..S71R,R,1,1754404140,1R 1429 CTL/95S,1754429340,1754429351,1868,0,0
1754404230_N..S72R,087050_N..S72R,W,1,1754404230,1W 1430+ DIT/WHL,1754421096,1754421107,789,0,0
1754404290_N..N33R,087150_N..N33R,N,0,1754404290,1N 1431+ STL/DIT,1754423484,1754423495,1072,0,0
1754404350_Q..N36R,087250_Q..N36R,Q,0,1754404350,1Q 1432+ STL/962,1754422658,1754422673,973,0,0
1754404470_N..S34R,087450_N..S34R,N,1,1754404470,1N 1434+ DIT/STL,1754425436,1754425447,1308,0,0
1754404500_R..N93R,087500_R..N93R,R,0,1754404500,1R 1435 95S/CTL,1754424741,1754424745,1211,0,0
1754404620_R..S71R,087700_R..S71R,R,1,1754404620,1R 1437 CTL/95S,1754425522,1754425526,1299,0,0
1754404650_Q..S36R,087750_Q..S36R,Q,1,1754404650,1Q 1437+ 962/STL,1754423153,1754423164,980,0,0
1754404830_N..N33R,088050_N..N33R,N,0,1754404830,1N 1440+ STL/DIT,1754430030,1754430041,1868,0,0
1754404890_N..S72R,088150_N..S72R,W,1,1754404890,1W 1441+ DIT/WHL,1754422053,1754422057,828,0,0
1754404890_Q..N36R,088150_Q..N36R,Q,0,1754404890,1Q 1441+ STL/962,1754423014,1754423018,929,0,0
1754405040_N..S34R,088400_N..S34R,N,1,1754405040,1N 1444 DIT/STL,1754426742,1754426753,1406,1,1
1754405100_R..S71R,088500_R..S71R,R,1,1754405100,1R 1445 CTL/95S,1754426247,1754426258,1296,0,0
1754405130_Q..S36R,088550_Q..S36R,Q,1,1754405130,1Q 1445+ 962/STL,1754423855,1754423859,1009,0,0
1754405220_R..N93R,088700_R..N93R,R,0,1754405220,1R 1447 95S/CTL,1754425931,1754425942,1274,0,0
1754405370_N..N33R,088950_N..N33R,N,0,1754405370,1N 1449+ STL/DIT,1754428319,1754428330,1568,0,0
1754405370_Q..N36R,088950_Q..N36R,Q,0,1754405370,1Q 1449+ STL/962,1754423604,1754423615,944,0,0
1754405430_N..S72R,089050_N..S72R,W,1,1754405430,1W 1450+ DIT/WHL,1754422433,1754422448,807,0,0
1754405550_N..S34R,089250_N..S34R,N,1,1754405550,1N 1452+ DIT/STL,1754426122,1754426127,1255,1,0
1754405580_Q..S36R,089300_Q..S36R,Q,1,1754405580,1Q 1453 962/STL,1754424576,1754424580,1045,0,0
1754405580_R..S71R,089300_R..S71R,R,1,1754405580,1R 1453 CTL/95S,1754426382,1754426393,1276,0,0
1754405850_N..S34R,089750_N..S34R,N,1,1754405850,1N 1457+ DIT/STL,1754426363,1754426367,1247,0,0
1754405940_N..N16R,089900_N..N16R,N,0,1754405940,1N 1459 STL/962,1754428589,1754428600,1528,0,0
1754405940_R..N93R,089900_R..N93R,R,0,1754405940,1R 1459 95S/CTL,1754430116,1754430121,1731,0,0
1754406060_N..S72R,090100_N..S72R,W,1,1754406060,1W 1501 DIT/WHL,1754423168,1754423179,794,0,0
1754406090_Q..N36R,090150_Q..N36R,Q,0,1754406090,1Q 1501+ STL/962,1754424321,1754424325,733,0,0
1754406090_Q..S36R,090150_Q..S36R,Q,1,1754406090,1Q 1501+ 962/STL,1754425511,1754425522,1102,0,0
1754406150_R..S71R,090250_R..S71R,R,1,1754406150,1R 1502+ CTL/95S,1754426893,1754426903,1278,0,0
1754406240_N..N33R,090400_N..N33R,N,0,1754406240,1N 1504 STL/DIT,1754430192,1754430196,1701,0,0
1754406390_N..S34R,090650_N..S34R,N,1,1754406390,1N 1506+ DIT/STL,1754427384,1754427388,1309,0,0
1754406510_R..S71R,090850_R..S71R,R,1,1754406510,1R 1508+ CTL/95S,1754427343,1754427358,1290,0,0
1754406570_N..N74R,090950_N..N74R,W,0,1754406570,1W 1509+ CAN/DIT,1754423784,1754423795,808,0,0
1754406570_Q..S36R,090950_Q..S36R,Q,1,1754406570,1Q 1509+ 962/STL,1754425706,1754425717,1064,0,0
1754406660_N..S72R,091100_N..S72R,W,1,1754406660,1W 1511 DIT/WHL,1754423934,1754423945,816,0,0
1754406750_N..N33R,091250_N..N33R,N,0,1754406750,1N 1512+ STL/DIT,1754425856,1754425867,1060,2,0
1754406810_Q..N36R,091350_Q..N36R,Q,0,1754406810,1Q 1513+ STL/962,1754424670,1754424681,894,0,0
1754406870_N..S34R,091450_N..S34R,N,1,1754406870,1N 1514+ DIT/STL,1754427763,1754427774,1288,0,0
1754406930_R..N96R,091550_R..N96R,R,0,1754406930,1R 1515+ 364/CTL,1754425961,1754425972,1051,0,0
1754406990_R..S71R,091650_R..S71R,R,1,1754406990,1R 1516+ CTL/95S,1754427628,1754427639,1256,0,0
1754407050_Q..S36R,091750_Q..S36R,Q,1,1754407050,1Q 1517+ 962/STL,1754426157,1754426167,1066,0,0
1754407170_N..N74R,091950_N..N74R,W,0,1754407170,1W 1519+ CAN/DIT,1754424095,1754424099,782,0,0
1754407230_N..S72R,092050_N..S72R,W,1,1754407230,1W 1520+ DIT/WHL,1754424355,1754424366,812,0,0
1754407260_Q..N36R,092100_Q..N36R,Q,0,1754407260,1Q 1521 STL/962,1754425706,1754425717,989,0,0
1754407320_N..N72R,092200_N..N72R,W,0,1754407320,1W 1522 WHL/DIT,1754424385,1754424396,807,0,0
1754407350_N..S34R,092250_N..S34R,N,1,1754407350,1N 1522+ DIT/STL,1754427924,1754427929,1265,0,0
1754407410_N..N33R,092350_N..N33R,N,0,1754407410,1N 1523+ STL/DIT,1754426247,1754426258,1043,1,0
1754407530_Q..S36R,092550_Q..S36R,Q,1,1754407530,1Q 1525+ 962/STL,1754426292,1754426303,1033,0,0
1754407590_R..S71R,092650_R..S71R,R,1,1754407590,1R 1526+ CTL/95S,1754427989,1754427999,1247,0,0
1754407680_Q..N36R,092800_Q..N36R,Q,0,1754407680,1Q 1528 STL/962,1754425882,1754425886,958,0,0
1754407740_N..S34R,092900_N..S34R,N,1,1754407740,1N 1529 DIT/STL,1754428379,1754428390,1280,0,0
1754407770_N..N16R,092950_N..N16R,N,0,1754407770,1N 1529+ STL/962,1754426397,1754426408,1016,1,0
1754407860_N..N72R,093100_N..N72R,W,0,1754407860,1W 1531 WHL/DIT,1754424790,1754424801,790,0,0
1754407860_N..S72R,093100_N..S72R,W,1,1754407860,1W 1531 DIT/WHL,1754425056,1754425061,825,0,0
1754407860_R..N93R,093100_R..N93R,R,0,1754407860,1R 1531 95S/CTL,1754428604,1754428615,1293,0,0
1754407980_Q..S36R,093300_Q..S36R,Q,1,1754407980,1Q 1533 962/STL,1754426543,1754426547,1006,0,0
1754408070_R..S71R,093450_R..S71R,R,1,1754408070,1R 1534+ CTL/95S,1754428319,1754428330,1227,0,0
1754408250_Q..N36R,093750_Q..N36R,Q,0,1754408250,1Q 1537+ STL/962,1754426588,1754426592,977,0,0
1754408340_R..S71R,093900_R..S71R,R,1,1754408340,1R 1539 CTL/95S,1754428619,1754428630,1232,0,0
1754408460_N..N72R,094100_N..N72R,W,0,1754408460,1W 1541 WHL/DIT,1754425241,1754425252,770,0,0
1754408460_Q..S36R,094100_Q..S36R,Q,1,1754408460,1Q 1541 962/STL,1754427058,1754427068,1012,0,0
1754408490_N..N33R,094150_N..N33R,N,0,1754408490,1N 1541+ STL/DIT,1754429010,1754429020,1264,1,0
1754408550_N..S72R,094250_N..S72R,W,1,1754408550,1W 1542+ DIT/WHL,1754425391,1754425402,778,0,0
1754408760_N..N16R,094600_N..N16R,N,0,1754408760,1N 1546 STL/962,1754427448,1754427459,1019,1,0
1754408820_Q..N36R,094700_Q..N36R,Q,0,1754408820,1Q 1547 STL/962,1754426903,1754426907,943,0,0
1754408910_R..N96R,094850_R..N96R,R,0,1754408910,1R 1548+ 364/CTL,1754427328,1754427339,988,0,0
1754408940_N..S72R,094900_N..S72R,W,1,1754408940,1W 1549 DIT/WHL,1754425841,1754425852,786,0,0
1754408970_Q..S36R,094950_Q..S36R,Q,1,1754408970,1Q 1549+ 962/STL,1754427384,1754427388,985,0,0
1754408970_R..S71R,094950_R..S71R,R,1,1754408970,1R 1549+ CTL/95S,1754429070,1754429080,1208,0,0
1754409060_N..N72R,095100_N..N72R,W,0,1754409060,1W 1551 WHL/DIT,1754426097,1754426107,804,0,0
1754409270_N..S34R,095450_N..S34R,N,1,1754409270,1N 1554+ DIT/STL,1754428649,1754428660,1113,0,0
1754409300_Q..N36R,095500_Q..N36R,Q,0,1754409300,1Q 1555 STL/962,1754427984,1754427989,1019,1,0
1754409450_Q..S36R,095750_Q..S36R,Q,1,1754409450,1Q 1557+ 962/STL,1754427789,1754427793,968,0,0
1754409570_R..S71R,095950_R..S71R,R,1,1754409570,1R 1559+ CTL/95S,1754429415,1754429426,876,0,0
1754409600_N..N72R,096000_N..N72R,W,0,1754409600,1W 1600 WHL/DIT,1754426517,1754426528,789,0,0
1754409600_N..S72R,096000_N..S72R,W,1,1754409600,1W 1600 DIT/WHL,1754426607,1754426618,801,0,0
1754409720_Q..N36R,096200_Q..N36R,Q,0,1754409720,1Q 1602 STL/962,1754428199,1754428209,993,0,0
1754409900_N..S34R,096500_N..S34R,N,1,1754409900,1N 1605 DIT/STL,1754429070,1754429080,1085,0,0
1754410140_R..S71R,096900_R..S71R,R,1,1754410140,1R 1609 CTL/95S,1754429985,1754429996,1175,0,0
1754410170_Q..S36R,096950_Q..S36R,Q,1,1754410170,1Q 1609+ 962/STL,1754429175,1754429186,1033,0,0
1754410200_N..N,097000_N..N,N,0,1754410200,EN 1610 STL/DIT,1754429475,1754429486,648,2,2
1754410200_Q..N36R,097000_Q..N36R,Q,0,1754410200,1Q 1610 STL/962,1754429085,1754429095,1047,0,0
1754410260_N..N72R,097100_N..N72R,W,0,1754410260,1W 1611 WHL/DIT,1754427343,1754427358,811,0,0
1754410290_N..S72R,097150_N..S72R,W,1,1754410290,1W 1611+ DIT/WHL,1754427478,1754427493,820,0,0
1754410560_N..S34R,097600_N..S34R,N,1,1754410560,1N 1616 DIT/STL,1754429535,1754429546,1059,0,0
1754410590_R..N93R,097650_R..N93R,R,0,1754410590,1R 1616+ 95S/CTL,1754431472,1754431483,1313,0,0
1754410740_R..S71R,097900_R..S71R,R,1,1754410740,1R 1619 CTL/95S,1754430852,1754430856,1064,0,0
1754410830_N..N72R,098050_N..N72R,W,0,1754410830,1W 1620+ WHL/DIT,1754427944,1754427958,808,1,0
1754410890_N..S72R,098150_N..S72R,W,1,1754410890,1W 1621+ DIT/WHL,1754427969,1754427973,804,0,0
1754410890_Q..S36R,098150_Q..S36R,Q,1,1754410890,1Q 1621+ 962/STL,1754429235,1754429246,975,0,0
1754410950_Q..N36R,098250_Q..N36R,Q,0,1754410950,1Q 1622+ STL/962,1754429295,1754429306,512,1,1
1754410980_R..N93R,098300_R..N93R,R,0,1754410980,1R 1623 95S/CTL,1754432339,1754432343,1373,0,0
1754411100_N..N33R,098500_N..N33R,N,0,1754411100,1N 1625 STL/DIT,1754430286,1754430297,703,0,0
1754411160_N..S34R,098600_N..S34R,N,1,1754411160,1N 1626 DIT/STL,1754430537,1754430541,1112,0,0
1754411340_R..S71R,098900_R..S71R,R,1,1754411340,1R 1629 CTL/95S,1754431457,1754431468,1211,1,0
1754411370_N..N72R,098950_N..N72R,W,0,1754411370,1W 1629+ WHL/DIT,1754430132,1754430136,1030,0,0
1754411370_Q..S36R,098950_Q..S36R,Q,1,1754411370,1Q 1629+ 962/STL,1754429580,1754429591,957,0,0
1754411460_N..N70R,099100_N..N70R,W,0,1754411460,1W 1631 86S/DIT,1754431352,1754431363,1181,0,0
1754411460_N..S72R,099100_N..S72R,W,1,1754411460,1W 1631 DIT/WHL,1754428829,1754428840,845,0,0
1754411460_R..N93R,099100_R..N93R,R,0,1754411460,1R 1631 95S/CTL,1754432313,1754432328,1307,0,0
1754411670_Q..S36R,099450_Q..S36R,Q,1,1754411670,1Q 1634+ 962/STL,1754430045,1754430057,980,0,0
1754411700_Q..N36R,099500_Q..N36R,Q,0,1754411700,1Q 1635 STL/962,1754429625,1754429636,920,0,0
1754411760_N..N33R,099600_N..N33R,N,0,1754411760,1N 1636 STL/DIT,1754431247,1754431258,704,0,0
1754411820_R..N93R,099700_R..N93R,R,0,1754411820,1R 1637 95S/CTL,1754432748,1754432759,1310,0,0
1754411850_N..N72R,099750_N..N72R,W,0,1754411850,1W 1637+ WHL/DIT,1754429700,1754429711,916,0,0
1754411940_Q..N36R,099900_Q..N36R,Q,0,1754411940,1Q 1639 STL/962,1754430376,1754430387,1000,0,0
1754411940_R..S71R,099900_R..S71R,R,1,1754411940,1R 1639 CTL/95S,1754431487,1754431498,1112,0,0
1754412030_N..S72R,100050_N..S72R,W,1,1754412030,1W 1640+ DIT/WHL,1754429115,1754429126,826,0,0
1754412060_N..S16R,100100_N..S16R,N,1,1754412060,1N 1641 962/STL,1754430286,1754430297,980,0,0
1754412120_N..N16R,100200_N..N16R,N,0,1754412120,1N 1642 STL/DIT,1754431532,1754431543,1064,1,0
1754412240_Q..S36R,100400_Q..S36R,Q,1,1754412240,1Q 1644 962/STL,1754430826,1754430837,1034,0,0
1754412450_R..N93R,100750_R..N93R,R,0,1754412450,1R 1647+ 95S/CTL,1754433094,1754433105,1296,0,0
1754412480_N..S72R,100800_N..S72R,W,1,1754412480,1W 1648 DIT/WHL,1754429531,1754429535,829,0,0
1754412480_Q..N36R,100800_Q..N36R,Q,0,1754412480,1Q 1648 STL/962,1754430672,1754430676,981,0,0
1754412480_Q..S36R,100800_Q..S36R,Q,1,1754412480,1Q 1648 962/STL,1754430972,1754430976,1021,0,0
1754412510_N..N72R,100850_N..N72R,W,0,1754412510,1W 1648+ WHL/DIT,1754429625,1754429636,838,0,0
1754412570_R..S71R,100950_R..S71R,R,1,1754412570,1R 1649+ CTL/95S,1754432219,1754432223,1175,0,0
1754412660_N..S34R,101100_N..S34R,N,1,1754412660,1N 1651 DIT/STL,1754431652,1754431663,1088,0,0
1754412720_N..N33R,101200_N..N33R,N,0,1754412720,1N 1652 STL/DIT,1754431738,1754431742,1091,0,0
1754412780_R..N93R,101300_R..N93R,R,0,1754412780,1R 1653 95S/CTL,1754433304,1754433315,1280,0,0
1754412810_Q..N36R,101350_Q..N36R,Q,0,1754412810,1Q 1653+ STL/962,1754430912,1754430916,969,0,0
1754412840_N..S16R,101400_N..S16R,N,1,1754412840,1N 1654 962/STL,1754431798,1754431802,1083,0,0
1754413080_Q..S36R,101800_Q..S36R,Q,1,1754413080,1Q 1658 962/STL,1754431622,1754431633,1028,0,0
1754413140_N..N33R,101900_N..N33R,N,0,1754413140,1N 1659 STL/DIT,1754432508,1754432523,1127,0,0
1754413140_N..N72R,101900_N..N72R,W,0,1754413140,1W 1659 WHL/DIT,1754430271,1754430282,840,0,0
1754413140_R..S71R,101900_R..S71R,R,1,1754413140,1R 1659 CTL/95S,1754432613,1754432624,1140,0,0
1754413200_Q..N36R,102000_Q..N36R,Q,0,1754413200,1Q 1700 STL/962,1754431412,1754431423,984,0,0
1754413200_R..N93R,102000_R..N93R,R,0,1754413200,1R 1700 95S/CTL,1754433724,1754433735,1280,0,0
1754413230_N..S72R,102050_N..S72R,W,1,1754413230,1W 1700+ DIT/WHL,1754430297,1754430301,831,0,0
1754413320_Q..S36R,102200_Q..S36R,Q,1,1754413320,1Q 1702 962/STL,1754432013,1754432024,1048,0,0
1754413380_N..N,102300_N..N,N,0,1754413380,EN 1703 STL/962,1754431832,1754431843,728,0,0
1754413440_R..N,102400_R..N,R,0,1754413440,ER 1704 95S/CTL,1754434141,1754434145,1003,0,0
1754413470_Q..N36R,102450_Q..N36R,Q,0,1754413470,1Q 1704+ STL/962,1754431577,1754431588,970,0,0
1754413620_N..N33R,102700_N..N33R,N,0,1754413620,1N 1707 STL/DIT,1754432939,1754432944,1119,0,0
1754413680_R..N93R,102800_R..N93R,R,0,1754413680,1R 1708 95S/CTL,1754434486,1754434490,1317,0,0
1754413740_N..S34R,102900_N..S34R,N,1,1754413740,1N 1709 DIT/STL,1754432853,1754432864,1092,0,0
1754413740_R..S71R,102900_R..S71R,R,1,1754413740,1R 1709 CTL/95S,1754433334,1754433345,1118,0,0
1754413770_Q..S36R,102950_Q..S36R,Q,1,1754413770,1Q 1709+ 962/STL,1754432148,1754432159,1006,0,0
1754413800_N..N72R,103000_N..N72R,W,0,1754413800,1W 1710 WHL/DIT,1754430691,1754430702,808,0,0
1754413890_Q..N36R,103150_Q..N36R,Q,0,1754413890,1Q 1711+ STL/962,1754432238,1754432249,1002,0,0
1754413920_N..S72R,103200_N..S72R,W,1,1754413920,1W 1712 DIT/WHL,1754430976,1754430988,830,0,0
1754413980_N..N33R,103300_N..N33R,N,0,1754413980,1N 1713 STL/DIT,1754433285,1754433289,1117,0,0
1754414040_R..N93R,103400_R..N93R,R,0,1754414040,1R 1714 95S/CTL,1754434640,1754434651,1290,0,0
1754414190_Q..S36R,103650_Q..S36R,Q,1,1754414190,1Q 1716+ 962/STL,1754432579,1754432583,995,0,0
1754414250_N..S34R,103750_N..S34R,N,1,1754414250,1N 1717+ DIT/STL,1754433784,1754433795,1148,0,0
1754414280_Q..N36R,103800_Q..N36R,Q,0,1754414280,1Q 1718 STL/962,1754432448,1754432463,969,0,0
1754414340_N..N72R,103900_N..N72R,W,0,1754414340,1W 1719 WHL/DIT,1754432118,1754432129,926,0,0
1754414370_N..N33R,103950_N..N33R,N,0,1754414370,1N 1719+ STL/DIT,1754433585,1754433589,1105,0,0
1754414430_N..S72R,104050_N..S72R,W,1,1754414430,1W 1720+ DIT/WHL,1754431878,1754431888,882,0,0
1754414460_R..N93R,104100_R..N93R,R,0,1754414460,1R 1721 95S/CTL,1754435196,1754435207,1308,0,0
1754414550_Q..S36R,104250_Q..S36R,Q,1,1754414550,1Q 1722+ 962/STL,1754433285,1754433289,1041,0,0
1754414640_R..S71R,104400_R..S71R,R,1,1754414640,1R 1724 CTL/95S,1754434175,1754434186,789,0,0
1754414730_N..S34R,104550_N..S34R,N,1,1754414730,1N 1725+ DIT/STL,1754433935,1754433945,1104,0,0
1754414820_N..N72R,104700_N..N72R,W,0,1754414820,1W 1727 WHL/DIT,1754432639,1754432643,919,0,0
1754414880_R..N93R,104800_R..N93R,R,0,1754414880,1R 1728 95S/CTL,1754435571,1754435582,1302,0,0
1754414940_N..S72R,104900_N..S72R,W,1,1754414940,1W 1729 DIT/WHL,1754432219,1754432223,859,0,0
1754414940_Q..N36R,104900_Q..N36R,Q,0,1754414940,1Q 1729 STL/962,1754433199,1754433210,584,0,0
1754415030_N..N33R,105050_N..N33R,N,0,1754415030,1N 1730+ STL/DIT,1754433960,1754433965,1067,0,0
1754415165_Q..S36R,105275_Q..S36R,Q,1,1754415165,1Q 1732+ 962/STL,1754433635,1754433645,718,0,0
1754415240_N..S34R,105400_N..S34R,N,1,1754415240,1N 1734 DIT/STL,1754434655,1754434666,1132,0,0
1754415300_R..N93R,105500_R..N93R,R,0,1754415300,1R 1735 95S/CTL,1754435766,1754435777,1272,0,0
1754415390_N..N72R,105650_N..N72R,W,0,1754415390,1W 1736+ WHL/DIT,1754433064,1754433075,900,0,0
1754415540_R..S71R,105900_R..S71R,R,1,1754415540,1R 1739 CTL/95S,1754435586,1754435597,1216,0,0
1754415600_N..S72R,106000_N..S72R,W,1,1754415600,1W 1740 DIT/WHL,1754433105,1754433109,877,0,0
1754415600_Q..N36R,106000_Q..N36R,Q,0,1754415600,1Q 1740 STL/962,1754433875,1754433885,980,0,0
1754415720_N..N33R,106200_N..N33R,N,0,1754415720,1N 1742 STL/DIT,1754434505,1754434516,664,0,0
1754415720_R..N93R,106200_R..N93R,R,0,1754415720,1R 1742 95S/CTL,1754436093,1754436097,1259,0,0
1754415780_Q..S36R,106300_Q..S36R,Q,1,1754415780,1Q 1743 962/STL,1754434115,1754434125,988,0,0
1754415870_N..S34R,106450_N..S34R,N,1,1754415870,1N 1744+ DIT/STL,1754435331,1754435343,1138,0,0
1754416050_Q..N36R,106750_Q..N36R,Q,0,1754416050,1Q 1747+ STL/962,1754434125,1754434130,953,0,0
1754416080_R..N93R,106800_R..N93R,R,0,1754416080,1R 1748 95S/CTL,1754436292,1754436303,1238,0,0
1754416110_N..N72R,106850_N..N72R,W,0,1754416110,1W 1748+ WHL/DIT,1754433739,1754433750,894,0,0
1754416140_N..S72R,106900_N..S72R,W,1,1754416140,1W 1749 DIT/WHL,1754433379,1754433390,842,0,0
1754416230_N..S16R,107050_N..S16R,N,1,1754416230,1N 1750+ 962/STL,1754434355,1754434366,815,0,0
1754416230_N..S34R,107050_N..S34R,N,1,1754416230,1N 1750+ DIT/STL,1754435631,1754435642,1130,0,0
1754416260_R..S71R,107100_R..S71R,R,1,1754416260,1R 1751 CTL/95S,1754436273,1754436277,851,0,0
1754416290_Q..S36R,107150_Q..S36R,Q,1,1754416290,1Q 1751+ 962/STL,1754434820,1754434831,995,0,0
1754416410_Q..N36R,107350_Q..N36R,Q,0,1754416410,1Q 1753+ STL/962,1754434726,1754434731,985,0,0
1754416470_N..N33R,107450_N..N33R,N,0,1754416470,1N 1754+ STL/DIT,1754435466,1754435477,1076,0,0
1754416650_N..S34R,107750_N..S34R,N,1,1754416650,1N 1757+ DIT/STL,1754435932,1754435943,1119,0,0
1754416650_Q..S36R,107750_Q..S36R,Q,1,1754416650,1Q 1757+ 962/STL,1754435016,1754435027,997,0,0
1754416680_N..N72R,107800_N..N72R,W,0,1754416680,1W 1758 WHL/DIT,1754434295,1754434306,897,0,0
1754416770_R..N93R,107950_R..N93R,R,0,1754416770,1R 1759+ 95S/CTL,1754437193,1754437208,861,0,0
1754416800_Q..N36R,108000_Q..N36R,Q,0,1754416800,1Q 1800 STL/962,1754434786,1754434790,951,0,0
1754416920_N..S72R,108200_N..S72R,W,1,1754416920,1W 1802 DIT/WHL,1754434020,1754434025,833,0,0
1754416950_Q..S36R,108250_Q..S36R,Q,1,1754416950,1Q 1802+ 962/STL,1754435511,1754435522,1028,0,0
1754416980_R..S71R,108300_R..S71R,R,1,1754416980,1R 1803 CTL/95S,1754436888,1754436892,923,0,0
1754417010_N..N33R,108350_N..N33R,N,0,1754417010,1N 1803+ STL/DIT,1754435887,1754435897,1070,0,0
1754417160_N..S34R,108600_N..S34R,N,1,1754417160,1N 1806 DIT/STL,1754436768,1754436772,1163,0,0
1754417160_Q..N36R,108600_Q..N36R,Q,0,1754417160,1Q 1806 STL/962,1754435421,1754435432,984,0,0
1754417340_Q..N,108900_Q..N,Q,0,1754417340,EQ 1809 STL/962,1754435807,1754435811,624,0,0
1754417370_N..N72R,108950_N..N72R,W,0,1754417370,1W 1809+ WHL/DIT,1754434761,1754434771,866,0,0
1754417370_Q..S36R,108950_Q..S36R,Q,1,1754417370,1Q 1809+ 962/STL,1754435872,1754435883,1014,0,0
1754417430_N..S72R,109050_N..S72R,W,1,1754417430,1W 1810+ DIT/WHL,1754435016,1754435027,892,0,0
1754417520_Q..N36R,109200_Q..N36R,Q,0,1754417520,1Q 1812 STL/962,1754436052,1754436063,1018,0,0
1754417520_R..S71R,109200_R..S71R,R,1,1754417520,1R 1812 CTL/95S,1754437253,1754437268,1175,0,0
1754417550_N..S,109250_N..S,N,1,1754417550,EN 1812+ 962/STL,1754436393,1754436397,597,0,0
1754417550_R..N93R,109250_R..N93R,R,0,1754417550,1R 1812+ 95S/CTL,1754437894,1754437899,1239,0,0
1754417610_N..N33R,109350_N..N33R,N,0,1754417610,1N 1813+ STL/DIT,1754436427,1754436438,1056,0,0
1754417640_Q..S36R,109400_Q..S36R,Q,1,1754417640,1Q 1814 962/STL,1754436333,1754436337,1039,0,0
1754417700_N..S34R,109500_N..S34R,N,1,1754417700,1N 1815 DIT/STL,1754437129,1754437133,1136,0,0
1754417880_Q..N36R,109800_Q..N36R,Q,0,1754417880,1Q 1818 STL/962,1754436142,1754436153,982,0,0
1754417940_N..N72R,109900_N..N72R,W,0,1754417940,1W 1819 WHL/DIT,1754435196,1754435207,848,0,0
1754418000_N..S72R,110000_N..S72R,W,1,1754418000,1W 1820 DIT/WHL,1754435091,1754435102,826,0,0
1754418030_R..N93R,110050_R..N93R,R,0,1754418030,1R 1820+ 95S/CTL,1754438184,1754438195,1214,0,0
1754418120_N..N33R,110200_N..N33R,N,0,1754418120,1N 1822 STL/DIT,1754437028,1754437039,1067,0,0
1754418156_Q..S36R,110261_Q..S36R,Q,1,1754418156,1Q 1822+ 962/STL,1754436573,1754436577,611,0,0
1754418270_Q..N36R,110450_Q..N36R,Q,0,1754418270,1Q 1824+ STL/962,1754436528,1754436532,981,0,0
1754418300_R..S71R,110500_R..S71R,R,1,1754418300,1R 1825 CTL/95S,1754437883,1754437894,904,0,0
1754418360_N..N31R,110600_N..N31R,N,0,1754418360,1N 1826 STL/DIT,1754437493,1754437508,1085,0,0
1754418360_R..N93R,110600_R..N93R,R,0,1754418360,1R 1826 95S/CTL,1754438529,1754438540,1216,0,0
1754418540_N..S34R,110900_N..S34R,N,1,1754418540,1N 1829 DIT/STL,1754437538,1754437553,1065,0,0
1754418540_Q..N36R,110900_Q..N36R,Q,0,1754418540,1Q 1829 STL/962,1754437054,1754437058,1015,0,0
1754418660_N..N72R,111100_N..N72R,W,0,1754418660,1W 1831 WHL/DIT,1754435706,1754435717,821,0,0
1754418675_Q..S36R,111125_Q..S36R,Q,1,1754418675,1Q 1831 962/STL,1754437114,1754437118,682,0,0
1754418750_N..S72R,111250_N..S72R,W,1,1754418750,1W 1832+ DIT/WHL,1754435601,1754435612,795,0,0
1754418840_R..N93R,111400_R..N93R,R,0,1754418840,1R 1834 95S/CTL,1754439460,1754439471,1277,0,0
1754418960_N..S34R,111600_N..S34R,N,1,1754418960,1N 1836 DIT/STL,1754438109,1754438120,1081,0,0
1754419020_Q..N36R,111700_Q..N36R,Q,0,1754419020,1Q 1837 STL/962,1754437193,1754437208,970,0,0
1754419080_R..S71R,111800_R..S71R,R,1,1754419080,1R 1838 CTL/95S,1754438679,1754438690,1141,0,0
1754419170_N..N31R,111950_N..N31R,N,0,1754419170,1N 1839+ STL/DIT,1754439036,1754439040,1176,1,0
1754419170_N..S72R,111950_N..S72R,W,1,1754419170,1W 1839+ DIT/WHL,1754436408,1754436412,846,0,0
1754419191_Q..S36R,111986_Q..S36R,Q,1,1754419191,1Q 1839+ 962/STL,1754437294,1754437298,703,0,0
1754419200_N..N72R,112000_N..N72R,W,0,1754419200,1W 1840 WHL/DIT,1754436108,1754436112,802,0,0
1754419350_Q..N36R,112250_Q..N36R,Q,0,1754419350,1Q 1842+ STL/962,1754437523,1754437538,956,0,0
1754419410_N..S34R,112350_N..S34R,N,1,1754419410,1N 1843+ DIT/STL,1754438499,1754438510,1073,0,0
1754419530_R..N93R,112550_R..N93R,R,0,1754419530,1R 1845+ 95S/CTL,1754439535,1754439546,827,0,0
1754419710_N..S72R,112850_N..S72R,W,1,1754419710,1W 1848+ DIT/WHL,1754436802,1754436813,827,0,0
1754419710_Q..S36R,112850_Q..S36R,Q,1,1754419710,1Q 1848+ 962/STL,1754437883,1754437894,951,0,0
1754419740_R..S71R,112900_R..S71R,R,1,1754419740,1R 1849 CTL/95S,1754439040,1754439051,1101,0,0
1754419770_Q..N36R,112950_Q..N36R,Q,0,1754419770,1Q 1849+ STL/962,1754438014,1754438019,960,0,0
1754419860_N..N72R,113100_N..N72R,W,0,1754419860,1W 1851 WHL/DIT,1754436633,1754436637,784,0,0
1754420010_N..N31R,113350_N..N31R,N,0,1754420010,1N 1853+ STL/DIT,1754439456,1754439460,1120,0,0
1754420010_N..S34R,113350_N..S34R,N,1,1754420010,1N 1853+ DIT/STL,1754438859,1754438870,1041,0,0
1754420010_R..S71R,113350_R..S71R,R,1,1754420010,1R 1853+ CTL/95S,1754439475,1754439486,1123,0,0
1754420190_Q..S36R,113650_Q..S36R,Q,1,1754420190,1Q 1856+ 962/STL,1754438409,1754438420,957,0,0
1754420220_R..N93R,113700_R..N93R,R,0,1754420220,1R 1857 95S/CTL,1754440541,1754440552,1237,0,0
1754420280_Q..N36R,113800_Q..N36R,Q,0,1754420280,1Q 1858 STL/962,1754438919,1754438931,1013,0,0
1754420310_N..S72R,113850_N..S72R,W,1,1754420310,1W 1858+ DIT/WHL,1754437253,1754437268,804,0,0
1754420400_N..N72R,114000_N..N72R,W,0,1754420400,1W 1900 WHL/DIT,1754437343,1754437358,802,0,0
1754420490_Q..S36R,114150_Q..S36R,Q,1,1754420490,1Q 1901+ 962/STL,1754438615,1754438619,944,0,0
1754420550_N..S34R,114250_N..S34R,N,1,1754420550,1N 1902+ DIT/STL,1754439681,1754439686,1078,0,0
1754420580_R..S71R,114300_R..S71R,R,1,1754420580,1R 1903 CTL/95S,1754440211,1754440222,1145,0,0
1754420700_Q..N36R,114500_Q..N36R,Q,0,1754420700,1Q 1905 STL/962,1754439100,1754439110,981,0,0
1754420730_N..N31R,114550_N..N31R,N,0,1754420730,1N 1905+ STL/DIT,1754440001,1754440012,1097,0,0
1754420940_N..S34R,114900_N..S34R,N,1,1754420940,1N 1909 DIT/STL,1754439816,1754439821,1044,0,0
1754420970_Q..N36R,114950_Q..N36R,Q,0,1754420970,1Q 1909+ STL/962,1754439460,1754439471,993,0,0
1754420970_Q..S36R,114950_Q..S36R,Q,1,1754420970,1Q 1909+ 962/STL,1754438739,1754438750,897,0,0
1754421000_N..N72R,115000_N..N72R,W,0,1754421000,1W 1910 WHL/DIT,1754437838,1754437849,773,0,0
1754421060_R..S71R,115100_R..S71R,R,1,1754421060,1R 1911 CTL/95S,1754440646,1754440657,1139,0,0
1754421090_N..S72R,115150_N..S72R,W,1,1754421090,1W 1911+ DIT/WHL,1754438495,1754438499,848,0,0
1754421120_R..N93R,115200_R..N93R,R,0,1754421120,1R 1912 95S/CTL,1754441607,1754441618,1217,0,0
1754421360_N..N31R,115600_N..N31R,N,0,1754421360,1N 1916 STL/DIT,1754440762,1754440767,1114,0,0
1754421390_Q..S36R,115650_Q..S36R,Q,1,1754421390,1Q 1916+ 962/STL,1754440061,1754440072,1017,0,0
1754421450_N..S34R,115750_N..S34R,N,1,1754421450,1N 1917+ DIT/STL,1754440481,1754440492,1065,0,0
1754421480_N..N72R,115800_N..N72R,W,0,1754421480,1W 1918 WHL/DIT,1754438394,1754438405,784,0,0
1754421570_N..S72R,115950_N..S72R,W,1,1754421570,1W 1919+ DIT/WHL,1754438484,1754438495,788,0,0
1754421570_Q..S,115950_Q..S,Q,1,1754421570,EQ 1919+ 962/STL,1754440582,1754440586,642,0,0
1754421570_R..S71R,115950_R..S71R,R,1,1754421570,1R 1919+ CTL/95S,1754441217,1754441228,1152,0,0
1754421645_Q..N36R,116075_Q..N36R,Q,0,1754421645,1Q 1920+ STL/962,1754440031,1754440042,610,0,0
1754421750_Q..S36R,116250_Q..S36R,Q,1,1754421750,1Q 1922+ 962/STL,1754440586,1754440597,1051,0,0
1754421930_N..S34R,116550_N..S34R,N,1,1754421930,1N 1925+ DIT/STL,1754440767,1754440777,1051,0,0
1754422080_N..N72R,116800_N..N72R,W,0,1754422080,1W 1928 WHL/DIT,1754438935,1754438945,787,0,0
1754422140_R..S71R,116900_R..S71R,R,1,1754422140,1R 1929 CTL/95S,1754441998,1754442009,1187,0,0
1754422170_N..S72R,116950_N..S72R,W,1,1754422170,1W 1929+ DIT/WHL,1754439160,1754439171,806,0,0
1754422230_N..N31R,117050_N..N31R,N,0,1754422230,1N 1930+ STL/DIT,1754441547,1754441558,1116,0,0
1754422230_Q..S36R,117050_Q..S36R,Q,1,1754422230,1Q 1930+ 962/STL,1754440902,1754440913,1029,0,0
1754422320_Q..N36R,117200_Q..N36R,Q,0,1754422320,1Q 1932 STL/962,1754440737,1754440747,995,0,0
1754422500_R..N93R,117500_R..N93R,R,0,1754422500,1R 1935 95S/CTL,1754442504,1754442508,1199,0,0
1754422530_N..S34R,117550_N..S34R,N,1,1754422530,1N 1935+ DIT/STL,1754441607,1754441618,1084,0,0
1754422650_Q..S36R,117750_Q..S36R,Q,1,1754422650,1Q 1937+ 962/STL,1754441142,1754441153,1006,0,0
1754422680_Q..N36R,117800_Q..N36R,Q,0,1754422680,1Q 1938 STL/962,1754441217,1754441228,1012,0,0
1754422710_N..N72R,117850_N..N72R,W,0,1754422710,1W 1938+ WHL/DIT,1754439681,1754439686,803,0,0
1754422740_N..S72R,117900_N..S72R,W,1,1754422740,1W 1939 DIT/WHL,1754439655,1754439666,796,0,0
1754422740_R..S71R,117900_R..S71R,R,1,1754422740,1R 1939 CTL/95S,1754442463,1754442474,1162,0,0
1754422890_N..N31R,118150_N..N31R,N,0,1754422890,1N 1941+ STL/DIT,1754442343,1754442354,1130,0,0
1754422920_R..N93R,118200_R..N93R,R,0,1754422920,1R 1942 95S/CTL,1754443139,1754443150,1229,0,0
1754423010_N..S34R,118350_N..S34R,N,1,1754423010,1N 1943+ DIT/STL,1754442298,1754442313,1110,0,0
1754423040_Q..S36R,118400_Q..S36R,Q,1,1754423040,1Q 1944 962/STL,1754441648,1754441652,1021,0,0
1754423160_Q..N36R,118600_Q..N36R,Q,0,1754423160,1Q 1946 STL/962,1754441768,1754441773,1021,0,0
1754423310_N..S72R,118850_N..S72R,W,1,1754423310,1W 1948+ DIT/WHL,1754440616,1754440627,848,0,0
1754423340_R..S71R,118900_R..S71R,R,1,1754423340,1R 1949 CTL/95S,1754443079,1754443090,1165,0,0
1754423370_N..N72R,118950_N..N72R,W,0,1754423370,1W 1949+ WHL/DIT,1754440526,1754440537,828,0,0
1754423430_Q..S36R,119050_Q..S36R,Q,1,1754423430,1Q 1950+ 962/STL,1754441903,1754441908,1003,0,0
1754423490_N..N31R,119150_N..N31R,N,0,1754423490,1N 1951+ STL/DIT,1754442849,1754442854,1114,0,0
1754423559_R..N93R,119266_R..N93R,R,0,1754423559,1R 1952+ 95S/CTL,1754444505,1754444516,1164,0,0
1754423580_Q..N36R,119300_Q..N36R,Q,0,1754423580,1Q 1953 STL/962,1754442658,1754442669,1077,0,0
1754423610_N..S34R,119350_N..S34R,N,1,1754423610,1N 1953+ DIT/STL,1754442744,1754442749,1084,0,0
1754423850_N..S72R,119750_N..S72R,W,1,1754423850,1W 1957+ DIT/WHL,1754440707,1754440717,788,0,0
1754423910_Q..S36R,119850_Q..S36R,Q,1,1754423910,1Q 1958+ 962/STL,1754442448,1754442459,1005,0,0
1754423940_N..N72R,119900_N..N72R,W,0,1754423940,1W 1959 WHL/DIT,1754440992,1754441003,814,0,0
1754423940_R..S71R,119900_R..S71R,R,1,1754423940,1R 1959 CTL/95S,1754443740,1754443750,1173,0,0
1754423970_Q..N36R,119950_Q..N36R,Q,0,1754423970,1Q 1959+ STL/962,1754442643,1754442654,1023,0,0
1754424199_R..N93R,120333_R..N93R,R,0,1754424199,1R 2003 95S/CTL,1754444756,1754444761,1197,0,0
1754424330_N..N31R,120550_N..N31R,N,0,1754424330,1N 2005+ STL/DIT,1754443935,1754443946,1147,0,0
1754424390_Q..S36R,120650_Q..S36R,Q,1,1754424390,1Q 2006+ 962/STL,1754438919,1754438931,30,0,0
1754424450_N..S72R,120750_N..S72R,W,1,1754424450,1W 2007+ DIT/WHL,1754441487,1754441498,812,0,0
1754424450_Q..S36R,120750_Q..S36R,Q,1,1754424450,1Q 2007+ 962/STL,1754442749,1754442759,503,0,0
1754424540_N..N72R,120900_N..N72R,W,0,1754424540,1W 2009 WHL/DIT,1754441472,1754441483,798,0,0
1754424540_R..S71R,120900_R..S71R,R,1,1754424540,1R 2009 CTL/95S,1754444396,1754444400,1180,0,0
1754424600_Q..N36R,121000_Q..N36R,Q,0,1754424600,1Q 2010 STL/962,1754443154,1754443165,1007,0,0
1754424630_N..S34R,121050_N..S34R,N,1,1754424630,1N 2010+ DIT/STL,1754443750,1754443755,1082,0,0
1754424840_R..N93R,121400_R..N93R,R,0,1754424840,1R 2014 95S/CTL,1754445256,1754445267,1255,0,0
1754424990_Q..N36R,121650_Q..N36R,Q,0,1754424990,1Q 2016+ STL/962,1754443390,1754443394,986,0,0
1754424990_Q..S36R,121650_Q..S36R,Q,1,1754424990,1Q 2016+ 962/STL,1754443349,1754443360,581,0,0
1754425140_N..N72R,121900_N..N72R,W,0,1754425140,1W 2019 WHL/DIT,1754442084,1754442088,799,0,0
1754425140_N..S72R,121900_N..S72R,W,1,1754425140,1W 2019 DIT/WHL,1754442178,1754442189,812,0,0
1754425140_R..S71R,121900_R..S71R,R,1,1754425140,1R 2019 CTL/95S,1754445151,1754445162,1201,0,0
1754425230_N..N31R,122050_N..N31R,N,0,1754425230,1N 2020+ STL/DIT,1754444956,1754444966,1163,0,0
1754425440_N..S34R,122400_N..S34R,N,1,1754425440,1N 2024 DIT/STL,1754444475,1754444486,1071,0,0
1754425500_Q..N36R,122500_Q..N36R,Q,0,1754425500,1Q 2025 STL/962,1754444190,1754444201,1025,0,0
1754425560_R..N93R,122600_R..N93R,R,0,1754425560,1R 2026 95S/CTL,1754445902,1754445912,1245,0,0
1754425590_Q..S36R,122650_Q..S36R,Q,1,1754425590,1Q 2026+ 962/STL,1754443709,1754443720,698,0,0
1754425680_N..S72R,122800_N..S72R,W,1,1754425680,1W 2028 DIT/WHL,1754442624,1754442628,792,0,0
1754425710_N..N72R,122850_N..N72R,W,0,1754425710,1W 2028+ WHL/DIT,1754442568,1754442579,781,0,0
1754425740_R..S71R,122900_R..S71R,R,1,1754425740,1R 2029 CTL/95S,1754446337,1754446348,1279,0,0
1754425830_N..N31R,123050_N..N31R,N,0,1754425830,1N 2030+ STL/DIT,1754445331,1754445342,1133,0,0
1754426010_N..S34R,123350_N..S34R,N,1,1754426010,1N 2033+ DIT/STL,1754445552,1754445556,1138,0,0
1754426169_Q..S36R,123616_Q..S36R,Q,1,1754426169,1Q 2036 962/STL,1754444576,1754444580,752,0,0
1754426190_N..N72R,123650_N..N72R,W,0,1754426190,1W 2036+ WHL/DIT,1754443105,1754443109,789,0,0
1754426190_N..S70R,123650_N..S70R,W,1,1754426190,1W 2036+ DIT/86S,1754445917,1754445927,1164,0,0
1754426250_Q..N36R,123750_Q..N36R,Q,0,1754426250,1Q 2037+ STL/962,1754444490,1754444501,593,0,0
1754426280_R..N93R,123800_R..N93R,R,0,1754426280,1R 2038 95S/CTL,1754446558,1754446562,1237,0,0
1754426340_R..S71R,123900_R..S71R,R,1,1754426340,1R 2039 CTL/95S,1754446378,1754446382,1205,0,0
1754426610_N..S34R,124350_N..S34R,N,1,1754426610,1N 2043+ DIT/STL,1754445857,1754445868,1107,0,0
1754426749_Q..S36R,124583_Q..S36R,Q,1,1754426749,1Q 2045+ 962/STL,1754445211,1754445222,837,0,0
1754426790_N..S72R,124650_N..S72R,W,1,1754426790,1W 2046+ DIT/WHL,1754443830,1754443840,824,0,0
1754426880_N..N31R,124800_N..N31R,N,0,1754426880,1N 2048 STL/DIT,1754446138,1754446142,680,0,0
1754426940_N..N72R,124900_N..N72R,W,0,1754426940,1W 2049 WHL/DIT,1754443750,1754443755,794,0,0
1754426940_R..S71R,124900_R..S71R,R,1,1754426940,1R 2049 CTL/95S,1754447148,1754447159,1247,0,0
1754427000_R..N78R,125000_R..N78R,R,0,1754427000,1R 2050 95S/QPL,1754445406,1754445417,1007,0,0
1754427030_Q..N36R,125050_Q..N36R,Q,0,1754427030,1Q 2050+ STL/962,1754445316,1754445327,991,0,0
1754427330_Q..S36R,125550_Q..S36R,Q,1,1754427330,1Q 2055+ 962/STL,1754445571,1754445582,985,0,0
1754427480_R..N78R,125800_R..N78R,R,0,1754427480,1R 2058 95S/QPL,1754445707,1754445717,983,0,0
1754427510_Q..N36R,125850_Q..N36R,Q,0,1754427510,1Q 2058+ STL/962,1754445957,1754445962,1012,0,0
1754427540_N..N72R,125900_N..N72R,W,0,1754427540,1W 2059 WHL/DIT,1754444471,1754444475,810,0,0
1754427540_N..S34R,125900_N..S34R,N,1,1754427540,1N 2059 DIT/STL,1754446878,1754446888,1131,0,0
1754427720_Q..S36R,126200_Q..S36R,Q,1,1754427720,1Q 2102 962/STL,1754445902,1754445912,977,0,0
1754427840_R..S71R,126400_R..S71R,R,1,1754427840,1R 2104 CTL/95S,1754447523,1754447534,1067,0,0
1754427900_N..N31R,126500_N..N31R,N,0,1754427900,1N 2105 STL/DIT,1754447088,1754447099,1111,0,0
1754427990_N..S72R,126650_N..S72R,W,1,1754427990,1W 2106+ DIT/WHL,1754444671,1754444681,777,0,0
1754428110_Q..N36R,126850_Q..N36R,Q,0,1754428110,1Q 2108+ STL/962,1754446172,1754446183,961,0,0
1754428140_N..N72R,126900_N..N72R,W,0,1754428140,1W 2109 WHL/DIT,1754445211,1754445222,829,0,0
1754428230_Q..S36R,127050_Q..S36R,Q,1,1754428230,1Q 2110+ 962/STL,1754446918,1754446923,1044,0,0
1754428260_R..N78R,127100_R..N78R,R,0,1754428260,1R 2111 95S/QPL,1754446367,1754446378,967,0,0
1754428410_N..S34R,127350_N..S34R,N,1,1754428410,1N 2113+ DIT/STL,1754447358,1754447369,1076,0,0
1754428470_Q..N36R,127450_Q..N36R,Q,0,1754428470,1Q 2114+ STL/962,1754446803,1754446813,997,0,0
1754428590_N..S72R,127650_N..S72R,W,1,1754428590,1W 2116+ DIT/WHL,1754445526,1754445537,811,0,0
1754428620_N..N31R,127700_N..N31R,N,0,1754428620,1N 2117 STL/DIT,1754448034,1754448045,1137,0,0
1754428710_Q..S36R,127850_Q..S36R,Q,1,1754428710,1Q 2118+ 962/STL,1754447118,1754447129,1007,0,0
1754428740_R..S71R,127900_R..S71R,R,1,1754428740,1R 2119 CTL/95S,1754448304,1754448315,1157,0,0
1754428830_N..N72R,128050_N..N72R,W,0,1754428830,1W 2120+ WHL/DIT,1754445657,1754445662,796,0,0
1754429010_N..S34R,128350_N..S34R,N,1,1754429010,1N 2123+ DIT/STL,1754447538,1754447549,1019,0,0
1754429070_R..N78R,128450_R..N78R,R,0,1754429070,1R 2124+ 95S/QPL,1754447583,1754447594,1017,0,0
1754429100_Q..N36R,128500_Q..N36R,Q,0,1754429100,1Q 2125 STL/962,1754447433,1754447444,994,0,0
1754429190_N..S72R,128650_N..S72R,W,1,1754429190,1W 2126+ DIT/WHL,1754445792,1754445797,766,0,0
1754429340_N..N31R,128900_N..N31R,N,0,1754429340,1N 2129 STL/DIT,1754448574,1754448585,1113,0,0
1754429340_R..S71R,128900_R..S71R,R,1,1754429340,1R 2129 CTL/95S,1754448920,1754448930,1159,0,0
1754429400_Q..S36R,129000_Q..S36R,Q,1,1754429400,1Q 2130 962/STL,1754447819,1754447824,766,0,0
1754429700_Q..N36R,129500_Q..N36R,Q,0,1754429700,1Q 2135 STL/962,1754448045,1754448049,994,0,0
1754429760_N..S42R,129600_N..S42R,N,1,1754429760,1N 2136 DIT/STL,1754448420,1754448424,1036,0,0
1754429790_N..N72R,129650_N..N72R,W,0,1754429790,1W 2136+ WHL/DIT,1754446607,1754446618,795,0,0
1754429790_R..N78R,129650_R..N78R,R,0,1754429790,1R 2136+ 95S/QPL,1754448244,1754448255,1009,0,0
1754430090_N..N31R,130150_N..N31R,N,0,1754430090,1N 2141+ STL/DIT,1754449265,1754449276,1105,0,0
1754430090_Q..S36R,130150_Q..S36R,Q,1,1754430090,1Q 2141+ 962/STL,1754448139,1754448150,955,0,0
1754430225_R..S71R,130375_R..S71R,R,1,1754430225,1R 2143+ CTL/95S,1754450207,1754450211,1212,0,0
1754430300_Q..N36R,130500_Q..N36R,Q,0,1754430300,1Q 2145 STL/962,1754448394,1754448405,961,0,0
1754430570_N..S42R,130950_N..S42R,N,1,1754430570,1N 2149+ DIT/STL,1754450087,1754450091,1150,0,0
1754430750_N..N72R,131250_N..N72R,W,0,1754430750,1W 2152+ WHL/DIT,1754447504,1754447508,782,0,0
1754430810_Q..S36R,131350_Q..S36R,Q,1,1754430810,1Q 2153+ 962/STL,1754449686,1754449696,842,0,0
1754430870_N..N31R,131450_N..N31R,N,0,1754430870,1N 2154+ STL/DIT,1754450046,1754450057,1105,0,0
1754430900_Q..N36R,131500_Q..N36R,Q,0,1754430900,1Q 2155 STL/962,1754449340,1754449351,1007,0,0
1754430945_R..N78R,131575_R..N78R,R,0,1754430945,1R 2155+ 95S/QPL,1754450061,1754450072,1029,0,0
1754431110_R..S71R,131850_R..S71R,R,1,1754431110,1R 2158+ CTL/95S,1754450868,1754450872,1182,0,0
1754431350_N..N72R,132250_N..N72R,W,0,1754431350,1W 2202+ WHL/DIT,1754448360,1754448364,816,0,0
1754431380_N..S42R,132300_N..S42R,N,1,1754431380,1N 2203 DIT/STL,1754450241,1754450252,1063,0,0
1754431530_N..N31R,132550_N..N31R,N,0,1754431530,1N 2205+ STL/DIT,1754450928,1754450932,1138,0,0
1754431530_Q..S36R,132550_Q..S36R,Q,1,1754431530,1Q 2205+ 962/STL,1754450226,1754450237,914,0,0
1754431680_Q..N36R,132800_Q..N36R,Q,0,1754431680,1Q 2208 STL/962,1754449836,1754449846,681,0,0
1754431770_R..S71R,132950_R..S71R,R,1,1754431770,1R 2209+ CTL/95S,1754451232,1754451243,1150,0,0
1754431980_N..N23R,133300_N..N23R,N,0,1754431980,1N 2213 STL/DIT,1754451893,1754451904,1210,0,0
1754431980_N..S42R,133300_N..S42R,N,1,1754431980,1N 2213 DIT/STL,1754451142,1754451153,1110,0,0
1754432040_N..N72R,133400_N..N72R,W,0,1754432040,1W 2214 WHL/DIT,1754448845,1754448855,796,0,0
1754432100_R..N78R,133500_R..N78R,R,0,1754432100,1R 2215 95S/QPL,1754450687,1754450692,1033,0,0
1754432250_Q..S36R,133750_Q..S36R,Q,1,1754432250,1Q 2217+ 962/STL,1754450391,1754450402,936,0,0
1754432460_Q..N36R,134100_Q..N36R,Q,0,1754432460,1Q 2221 STL/962,1754450842,1754450853,1006,0,0
1754432490_R..S71R,134150_R..S71R,R,1,1754432490,1R 2221+ CTL/95S,1754452253,1754452268,1189,0,0
1754432640_N..S42R,134400_N..S42R,N,1,1754432640,1N 2224 DIT/STL,1754451623,1754451633,1050,0,0
1754432910_R..N78R,134850_R..N78R,R,0,1754432910,1R 2228+ 95S/QPL,1754451487,1754451498,1032,0,0
1754432970_Q..S36R,134950_Q..S36R,Q,1,1754432970,1Q 2229+ 962/STL,1754451067,1754451078,968,0,0
1754433030_N..N20R,135050_N..N20R,N,0,1754433030,1N 2230+ STL/DIT,1754452674,1754452684,1171,0,0
1754433270_R..S71R,135450_R..S71R,R,1,1754433270,1R 2234+ CTL/95S,1754453980,1754453991,1313,0,0
1754433420_Q..N36R,135700_Q..N36R,Q,0,1754433420,1Q 2237 STL/962,1754451878,1754451889,1017,0,0
1754433570_Q..S36R,135950_Q..S36R,Q,1,1754433570,1Q 2239+ 962/STL,1754451803,1754451813,987,0,0
1754433690_N..S42R,136150_N..S42R,N,1,1754433690,1N 2241+ DIT/STL,1754452794,1754452804,788,0,0
1754433750_N..N20R,136250_N..N20R,N,0,1754433750,1N 2242+ STL/DIT,1754454430,1754454441,1309,0,0
1754433780_R..N78R,136300_R..N78R,R,0,1754433780,1R 2243 95S/QPL,1754458976,1754458980,1902,0,0
1754434200_Q..N36R,137000_Q..N36R,Q,0,1754434200,1Q 2250 STL/962,1754452193,1754452204,955,0,0
1754434230_Q..S36R,137050_Q..S36R,Q,1,1754434230,1Q 2250+ 962/STL,1754453289,1754453300,1093,0,0
1754434560_N..N20R,137600_N..N20R,N,0,1754434560,1N 2256 STL/DIT,1754454941,1754454952,1269,0,0
1754434620_R..N78R,137700_R..N78R,R,0,1754434620,1R 2257 95S/QPL,1754453755,1754453765,1103,0,0
1754434740_N..S,137900_N..S,N,1,1754434740,1N 2259 DIT/STL,1754454175,1754454186,1143,0,0
1754434830_Q..S36R,138050_Q..S36R,Q,1,1754434830,1Q 2300+ 962/STL,1754453300,1754453304,1014,0,0
1754435130_R..N59R,138550_R..N59R,R,0,1754435130,1R 2305+ 95S/59S,1754450361,1754450372,587,0,0
1754435280_Q..N39R,138800_Q..N39R,Q,0,1754435280,1Q 2308 STL/962,1754453740,1754453750,782,0,0
1754435370_N..N20R,138950_N..N20R,N,0,1754435370,1N 2309+ STL/DIT,1754455707,1754455717,1263,0,0
1754435460_N..S,139100_N..S,N,1,1754435460,1N 2311 DIT/STL,1754454926,1754454937,1147,0,0
1754435490_Q..S36R,139150_Q..S36R,Q,1,1754435490,1Q 2311+ 962/STL,1754454096,1754454100,1032,0,0
1754436120_N..N20R,140200_N..N20R,N,0,1754436120,1N 2322 STL/DIT,1754456187,1754456198,1227,0,0
1754436180_N..S,140300_N..S,N,1,1754436180,1N 2323 DIT/STL,1754455857,1754455868,1175,0,0
1754436330_Q..S39R,140550_Q..S39R,Q,1,1754436330,1Q 2325+ 962/STL,1754455211,1754455222,1069,0,0
1754436330_R..N59R,140550_R..N59R,R,0,1754436330,1R 2325+ 95S/59S,1754451307,1754451318,553,0,0
1754436360_Q..N39R,140600_Q..N39R,Q,0,1754436360,1Q 2326 STL/962,1754454956,1754454967,1031,0,0
1754436930_N..S,141550_N..S,N,1,1754436930,1N 2335+ DIT/STL,1754456363,1754456367,1146,0,0
1754437020_N..N20R,141700_N..N20R,N,0,1754437020,1N 2337 STL/DIT,1754457549,1754457554,1284,0,0
1754437260_Q..N39R,142100_Q..N39R,Q,0,1754437260,1Q 2341 STL/962,1754455361,1754455372,969,0,0
1754437335_Q..S39X001,142225_Q..S39X001,Q,1,1754437335,1Q 2342 962/STL,1754456067,1754456078,1053,0,0
1754437410_R..N59R,142350_R..N59R,R,0,1754437410,1R 2343+ 95S/59S,1754452268,1754452283,539,0,0
1754438040_N..S,143400_N..S,N,1,1754438040,1N 2354 DIT/STL,1754457463,1754457474,1138,0,0
1754438220_N..N20R,143700_N..N20R,N,0,1754438220,1N 2357 STL/DIT,1754458349,1754458360,1616,0,0
1754438340_Q..S39X001,143900_Q..S39X001,Q,1,1754438340,1Q 2359 962/STL,1754457429,1754457433,1093,0,0
1754438460_Q..N39R,000100_Q..N39R,Q,0,1754438460,1Q 0001 STL/962,1754457539,1754457549,1092,0,0
1754438760_R..N59X001,000600_R..N59X001,R,0,1754438760,1R 0006 95S/59S,1754453660,1754453665,543,0,0
1754439030_N..S,001050_N..S,N,1,1754439030,1N 0010+ DIT/STL,1754458469,1754458480,1140,0,0
1754439180_Q..S39X001,001300_Q..S39X001,Q,1,1754439180,1Q 0013 962/STL,1754458270,1754458274,1093,0,0
1754439360_R..S59X002,001600_R..S59X002,R,1,1754439360,1R 0016 59S/95S,1754454216,1754454220,537,0,0
1754439420_N..N20R,001700_N..N20R,N,0,1754439420,1N 0017 STL/DIT,1754460091,1754460102,1304,0,0
1754439660_Q..N39R,002100_Q..N39R,Q,0,1754439660,1Q 0021 STL/962,1754458424,1754458435,1050,0,0
1754439960_R..N59X001,002600_R..N59X001,R,0,1754439960,1R 0026 95S/59S,1754454802,1754454806,535,0,0
1754440080_Q..S39X001,002800_Q..S39X001,Q,1,1754440080,1Q 0028 962/STL,1754459531,1754459536,1141,0,0
1754440230_N..S,003050_N..S,N,1,1754440230,1N 0030+ DIT/STL,1754459986,1754459997,1182,0,0
1754440560_R..S59X002,003600_R..S59X002,R,1,1754440560,1R 0036 59S/95S,1754455376,1754455387,532,0,0
1754440620_N..N20R,003700_N..N20R,N,0,1754440620,1N 0037 STL/DIT,1754461848,1754461863,1366,0,0
1754440860_Q..N39R,004100_Q..N39R,Q,0,1754440860,1Q 0041 STL/962,1754459591,1754459596,1045,0,0
1754441100_Q..S39X001,004500_Q..S39X001,Q,1,1754441100,1Q 0045 962/STL,1754460256,1754460267,1102,0,0
1754441160_R..N59X001,004600_R..N59X001,R,0,1754441160,1R 0046 95S/59S,1754455977,1754455988,532,0,0
1754441430_N..S,005050_N..S,N,1,1754441430,1N 0050+ DIT/STL,1754463406,1754463410,1464,0,0
1754441760_R..S59X002,005600_R..S59X002,R,1,1754441760,1R 0056 59S/95S,1754457914,1754457925,706,0,0
1754441820_N..N20R,005700_N..N20R,N,0,1754441820,1N 0057 STL/DIT,1754462505,1754462509,1295,0,0
1754442060_Q..N39R,006100_Q..N39R,Q,0,1754442060,1Q 0101 STL/962,1754460542,1754460553,1016,0,0
1754442300_Q..S39X001,006500_Q..S39X001,Q,1,1754442300,1Q 0105 962/STL,1754462400,1754462404,1217,0,0
1754442360_R..N59X001,006600_R..N59X001,R,0,1754442360,1R 0106 95S/59S,1754457223,1754457234,534,0,0
1754442630_N..S,007050_N..S,N,1,1754442630,1N 0110+ DIT/STL,1754463395,1754463406,1306,0,0
1754442960_R..S59X002,007600_R..S59X002,R,1,1754442960,1R 0116 59S/95S,1754457910,1754457914,545,0,0
1754443020_N..N20R,007700_N..N20R,N,0,1754443020,1N 0117 STL/DIT,1754463826,1754463830,1311,0,0
1754443260_Q..N39R,008100_Q..N39R,Q,0,1754443260,1Q 0121 STL/962,1754461818,1754461833,1016,0,0
1754443500_Q..S39X001,008500_Q..S39X001,Q,1,1754443500,1Q 0125 962/STL,1754462779,1754462790,1108,0,0
1754443830_N..S,009050_N..S,N,1,1754443830,1N 0130+ DIT/STL,1754463395,1754463406,1146,0,0
1754444160_R..S59X002,009600_R..S59X002,R,1,1754444160,1R 0136 59S/95S,1754459036,1754459040,535,0,0
1754444220_N..N20R,009700_N..N20R,N,0,1754444220,1N 0137 STL/DIT,1754463830,1754463841,1152,0,0
1754444460_Q..N39R,010100_Q..N39R,Q,0,1754444460,1Q 0141 STL/962,1754463139,1754463150,1028,0,0
1754444700_Q..S39X001,010500_Q..S39X001,Q,1,1754444700,1Q 0145 962/STL,1754464010,1754464021,1112,0,0
1754444760_R..N59X001,010600_R..N59X001,R,0,1754444760,1R 0146 95S/59S,1754459516,1754459521,519,0,0
1754445030_N..S,011050_N..S,N,1,1754445030,1N 0150+ DIT/STL,1754464836,1754464847,1178,0,0
1754445360_R..S59X002,011600_R..S59X002,R,1,1754445360,1R 0156 59S/95S,1754460417,1754460422,559,0,0
1754445420_N..N20R,011700_N..N20R,N,0,1754445420,1N 0157 STL/DIT,1754465287,1754465298,1186,1,0
1754445660_Q..N39R,012100_Q..N39R,Q,0,1754445660,1Q 0201 STL/962,1754463980,1754463991,980,11,0
1754445900_Q..S39X001,012500_Q..S39X001,Q,1,1754445900,1Q 0205 962/STL,1754465797,1754465808,1190,0,0
1754445960_R..N59X001,012600_R..N59X001,R,0,1754445960,1R 0206 95S/59S,1754460797,1754460808,530,0,0
1754446230_N..S,013050_N..S,N,1,1754446230,1N 0210+ DIT/STL,1754465722,1754465733,1137,0,0
1754446560_R..S59X002,013600_R..S59X002,R,1,1754446560,1R 0216 59S/95S,1754462719,1754462730,700,0,0
1754446620_N..N20R,013700_N..N20R,N,0,1754446620,1N 0217 STL/DIT,1754467295,1754467299,1296,1,0
1754446860_Q..N39R,014100_Q..N39R,Q,0,1754446860,1Q 0221 STL/962,1754465242,1754465253,996,0,0
1754447100_Q..S39X001,014500_Q..S39X001,Q,1,1754447100,1Q 0225 962/STL,1754466308,1754466319,1106,0,0
1754447160_R..N59X001,014600_R..N59X001,R,0,1754447160,1R 0226 95S/59S,1754462159,1754462163,545,0,0
1754447430_N..S,015050_N..S,N,1,1754447430,1N 0230+ DIT/STL,1754466503,1754466518,1087,0,0
1754447760_R..S59X002,015600_R..S59X002,R,1,1754447760,1R 0236 59S/95S,1754465192,1754465197,869,0,0
1754447820_N..N20R,015700_N..N20R,N,0,1754447820,1N 0237 STL/DIT,1754467535,1754467539,1197,0,0
1754448060_Q..N39R,016100_Q..N39R,Q,0,1754448060,1Q 0241 STL/962,1754466428,1754466439,995,0,0
1754448300_Q..S39X001,016500_Q..S39X001,Q,1,1754448300,1Q 0245 962/STL,1754467415,1754467419,1101,0,0
1754448360_R..N59X001,016600_R..N59X001,R,0,1754448360,1R 0246 95S/59S,1754463225,1754463230,528,0,0
1754448630_N..S,017050_N..S,N,1,1754448630,1N 0250+ DIT/STL,1754468800,1754468811,1427,0,0
1754448960_R..S59X002,017600_R..S59X002,R,1,1754448960,1R 0256 59S/95S,1754466214,1754466218,846,0,0
1754449020_N..N20R,017700_N..N20R,N,0,1754449020,1N 0257 STL/DIT,1754469506,1754469517,1563,1,1
1754449260_Q..N39R,018100_Q..N39R,Q,0,1754449260,1Q 0301 STL/962,1754467614,1754467625,1027,0,0
1754449500_Q..S39X001,018500_Q..S39X001,Q,1,1754449500,1Q 0305 962/STL,1754468110,1754468121,1127,0,0
1754449560_R..N59X001,018600_R..N59X001,R,0,1754449560,1R 0306 95S/59S,1754464401,1754464412,525,0,0
1754449830_N..S,019050_N..S,N,1,1754449830,1N 0310+ DIT/STL,1754468800,1754468811,1267,0,0
1754450160_R..S59X002,019600_R..S59X002,R,1,1754450160,1R 0316 59S/95S,1754466214,1754466218,684,0,0
1754450220_N..N20R,019700_N..N20R,N,0,1754450220,1N 0317 STL/DIT,1754469491,1754469502,1399,0,0
1754450460_Q..N39R,020100_Q..N39R,Q,0,1754450460,1Q 0321 STL/962,1754468800,1754468811,1183,0,0
1754450700_Q..S39X001,020500_Q..S39X001,Q,1,1754450700,1Q 0325 962/STL,1754469987,1754469998,1467,0,0
1754450760_R..N59X001,020600_R..N59X001,R,0,1754450760,1R 0326 95S/59S,1754465527,1754465538,515,0,0
1754451030_N..S,021050_N..S,N,1,1754451030,1N 0330+ DIT/STL,1754469716,1754469727,1362,0,0
1754451360_R..S59X002,021600_R..S59X002,R,1,1754451360,1R 0336 59S/95S,1754467434,1754467445,635,0,0
1754451420_N..N20R,021700_N..N20R,N,0,1754451420,1N 0337 STL/DIT,1754470557,1754470568,1523,0,0
1754451660_Q..N39R,022100_Q..N39R,Q,0,1754451660,1Q 0341 STL/962,1754470122,1754470133,1389,0,0
1754451900_Q..S39X001,022500_Q..S39X001,Q,1,1754451900,1Q 0345 962/STL,1754470798,,1508,0,0
1754451960_R..N59X001,022600_R..N59X001,R,0,1754451960,1R 0346 95S/59S,1754466773,1754466784,525,0,0
1754452230_N..S,023050_N..S,N,1,1754452230,1N 0350+ DIT/STL,1754470798,,1464,0,0
1754452560_R..S59X002,023600_R..S59X002,R,1,1754452560,1R 0356 59S/95S,1754467449,1754467460,558,0,0
1754452620_N..N20R,023700_N..N20R,N,0,1754452620,1N 0357 STL/DIT,1754470798,,1412,0,0
1754366460_SI.N03R,024100_SI.N03R,SI,0,1754366460,1SI 0401 TNV/STG,1754383668,1754383682,608,0,0
1754366760_SI.S03R,024600_SI.S03R,SI,1,1754366760,1SI 0406 STG/TNV,1754383894,1754383907,618,0,0
1754368260_SI.N03R,027100_SI.N03R,SI,0,1754368260,1SI 0431 TNV/STG,1754385305,1754385318,679,0,0
1754368560_SI.S03R,027600_SI.S03R,SI,1,1754368560,1SI 0436 STG/TNV,1754386266,1754386281,749,0,0
1754370060_SI.N03R,030100_SI.N03R,SI,0,1754370060,1SI 0501 TNV/STG,1754387242,1754387257,615,0,0
1754370360_SI.S03R,030600_SI.S03R,SI,1,1754370360,1SI 0506 STG/TNV,1754387467,1754387482,590,0,0
1754371560_SI.N03R,032600_SI.N03R,SI,0,1754371560,1SI 0526 TNV/STG,1754388443,1754388456,582,0,0
1754371860_SI.S03R,033100_SI.S03R,SI,1,1754371860,1SI 0531 STG/TNV,1754388819,1754388832,612,0,0
1754372760_SI.N03R,034600_SI.N03R,SI,0,1754372760,1SI 0546 TNV/STG,1754389720,1754389733,667,0,0
1754373660_SI.S03R,036100_SI.S03R,SI,1,1754373660,1SI 0601 STG/TNV,1754390951,1754390966,703,0,0
1754373840_SI.N03R,036400_SI.N03R,SI,0,1754373840,1SI 0604 TNV/STG,1754389359,1754389372,475,0,0
1754374500_SI.N28R,037500_SI.N28R,SS,0,1754374500,1SS 0615 TNV/STG,1754391852,1754391867,651,0,0
1754375400_SI.N16R,039000_SI.N16R,SI,0,1754375400,1SI 0630 HGS/STG,1754391852,1754391867,544,0,0
1754375400_SI.N28R,039000_SI.N28R,SS,0,1754375400,1SS 0630 TNV/STG,1754391972,1754391987,552,0,0
1754375460_SI.S03R,039100_SI.S03R,SI,1,1754375460,1SI 0631 STG/TNV,1754392407,1754392422,577,0,0
1754376300_SI.N16R,040500_SI.N16R,SI,0,1754376300,1SI 0645 HGS/STG,1754392678,1754392693,539,0,0
1754376300_SI.N28R,040500_SI.N28R,SS,0,1754376300,1SS 0645 TNV/STG,1754392918,1754392933,555,0,0
1754377200_SI.N16R,042000_SI.N16R,SI,0,1754377200,1SI 0700 HGS/STG,1754393532,1754393534,568,0,0
1754377200_SI.N28R,042000_SI.N28R,SS,0,1754377200,1SS 0700 TNV/STG,1754394104,1754394117,645,0,0
1754377260_SI.S07R,042100_SI.S07R,SS,1,1754377260,1SS 0701 STG/TNV,1754393592,1754393594,572,0,0
1754377380_SI.S02R,042300_SI.S02R,SI,1,1754377380,1SI 0703 STG/GKS,1754393504,1754393517,553,0,0
1754378100_SI.N16R,043500_SI.N16R,SI,0,1754378100,1SI 0715 HGS/STG,1754394359,1754394373,581,0,0
1754378100_SI.N28R,043500_SI.N28R,SS,0,1754378100,1SS 0715 TNV/STG,1754394855,1754394868,647,0,0
1754378160_SI.S07R,043600_SI.S07R,SS,1,1754378160,1SS 0716 STG/TNV,1754394930,1754394943,649,0,0
1754378280_SI.S02R,043800_SI.S02R,SI,1,1754378280,1SI 0718 STG/GKS,1754394254,1754394267,543,0,0
1754379000_SI.N28R,045000_SI.N28R,SS,0,1754379000,1SS 0730 TNV/STG,1754395619,1754395621,628,0,0
1754379060_SI.S07R,045100_SI.S07R,SS,1,1754379060,1SS 0731 STG/TNV,1754395966,1754395981,647,0,0
1754379180_SI.S02R,045300_SI.S02R,SI,1,1754379180,1SI 0733 STG/GKS,1754395110,1754395123,537,0,0
1754379360_SI.N02R,045600_SI.N02R,SI,0,1754379360,1SI 0736 GKS/STG,1754395426,1754395439,555,0,0
1754379900_SI.N28R,046500_SI.N28R,SS,0,1754379900,1SS 0745 TNV/STG,1754396612,1754396627,578,0,0
1754379960_SI.S07R,046600_SI.S07R,SS,1,1754379960,1SS 0746 STG/TNV,1754396627,1754396642,571,0,0
1754380080_SI.S02R,046800_SI.S02R,SI,1,1754380080,1SI 0748 STG/GKS,1754396071,1754396086,521,0,0
1754380260_SI.N02R,047100_SI.N02R,SI,0,1754380260,1SI 0751 GKS/STG,1754396296,1754396311,524,0,0
1754380800_SI.N28R,048000_SI.N28R,SS,0,1754380800,1SS 0800 TNV/STG,1754397768,1754397783,587,0,0
1754380860_SS..S,048100_SS..S,SS,1,1754380860,1SS 0801 STG/TNV,1754397813,1754397828,586,0,0
1754381160_SI.N02R,048600_SI.N02R,SI,0,1754381160,1SI 0806 GKS/STG,1754397242,1754397257,527,0,0
1754381280_SI..S,048800_SI..S,SI,1,1754381280,1SI 0808 STG/TNV,1754398534,1754398547,649,0,0
1754381700_SI.N28R,049500_SI.N28R,SS,0,1754381700,1SS 0815 TNV/STG,1754398414,1754398427,605,0,0
1754381760_SI..S,049600_SI..S,SI,1,1754381760,1SI 0816 STG/TNV,1754398774,1754398787,649,0,0
1754382060_SI.N02R,050100_SI.N02R,SI,0,1754382060,1SI 0821 GKS/STG,1754398126,1754398128,542,0,0
1754382660_SI..S,051100_SI..S,SI,1,1754382660,1SI 0831 STG/TNV,1754400156,1754400169,745,0,0
1754382660_SI.N03R,051100_SI.N03R,SI,0,1754382660,1SI 0831 TNV/STG,1754399495,1754399508,657,0,0
1754383560_SI..S,052600_SI..S,SI,1,1754383560,1SI 0846 STG/TNV,1754400696,1754400711,689,0,0
1754384460_SI..N,054100_SI..N,SI,0,1754384460,1SI 0901 TNV/STG,1754401552,1754401567,626,0,0
1754384760_SI..S,054600_SI..S,SI,1,1754384760,1SI 0906 STG/TNV,1754402963,1754402976,695,0,0
1754386260_SI..N,057100_SI..N,SI,0,1754386260,1SI 0931 TNV/STG,1754403144,1754403157,612,0,0
1754386560_SI..S,057600_SI..S,SI,1,1754386560,1SI 0936 STG/TNV,1754403924,1754403937,696,0,0
1754388060_SI..N,060100_SI..N,SI,0,1754388060,1SI 1001 TNV/STG,1754405486,1754405501,731,0,0
1754388360_SI..S,060600_SI..S,SI,1,1754388360,1SI 1006 STG/TNV,1754405711,1754405726,706,0,0
1754389860_SI..N,063100_SI..N,SI,0,1754389860,1SI 1031 TNV/STG,1754406868,1754406883,589,0,0
1754390160_SI..S,063600_SI..S,SI,1,1754390160,1SI 1036 STG/TNV,1754408219,1754408232,712,0,0
1754391660_SI..N,066100_SI..N,SI,0,1754391660,1SI 1101 TNV/STG,1754409135,1754409148,734,0,0
1754391960_SI..S,066600_SI..S,SI,1,1754391960,1SI 1106 STG/TNV,1754409570,1754409583,771,0,0
1754393460_SI..N,069100_SI..N,SI,0,1754393460,1SI 1131 TNV/STG,1754410982,1754410997,710,0,0
1754393760_SI..S,069600_SI..S,SI,1,1754393760,1SI 1136 STG/TNV,1754411102,1754411117,666,0,0
1754394660_SI..S,071100_SI..S,SI,1,1754394660,1SI 1151 HGS/TNV,1754409315,1754409328,18,0,2
1754395260_SI..N,072100_SI..N,SI,0,1754395260,1SI 1201 TNV/STG,1754412767,1754412769,668,0,0
1754395560_SI..S,072600_SI..S,SI,1,1754395560,1SI 1206 STG/TNV,1754413504,1754413517,747,0,0
1754397060_SI..N,075100_SI..N,SI,0,1754397060,1SI 1231 TNV/STG,1754413970,1754413983,680,0,0
1754397360_SI..S,075600_SI..S,SI,1,1754397360,1SI 1236 STG/TNV,1754414916,1754414929,766,0,0
1754398860_SI..N,078100_SI..N,SI,0,1754398860,1SI 1301 TNV/STG,1754416598,1754416613,691,0,0
1754399160_SI..S,078600_SI..S,SI,1,1754399160,1SI 1306 STG/TNV,1754417889,1754417902,793,0,0
1754400660_SI..N,081100_SI..N,SI,0,1754400660,1SI 1331 TNV/STG,1754417889,1754417902,674,0,0
1754400960_SI..S,081600_SI..S,SI,1,1754400960,1SI 1336 STG/TNV,1754418322,1754418324,711,0,0
1754402460_SI..N,084100_SI..N,SI,0,1754402460,1SI 1401 TNV/STG,1754419330,1754419343,680,0,0
1754402760_SI..S,084600_SI..S,SI,1,1754402760,1SI 1406 STG/TNV,1754420337,1754420352,745,0,0
1754404260_SI..N,087100_SI..N,SI,0,1754404260,1SI 1431 TNV/STG,1754421117,1754421132,597,0,0
1754404560_SI..S,087600_SI..S,SI,1,1754404560,1SI 1436 STG/TNV,1754421971,1754421973,639,0,0
1754405940_SI..N,089900_SI..N,SI,0,1754405940,1SI 1459 TNV/STG,1754423280,1754423292,722,0,0
1754406060_SI..S,090100_SI..S,SI,1,1754406060,1SI 1501 STG/TNV,1754423280,1754423292,714,0,0
1754406960_SI.S03R,091600_SI.S03R,SI,1,1754406960,1SI 1516 STG/TNV,1754424238,1754424241,734,0,0
1754407140_SI..N,091900_SI..N,SI,0,1754407140,1SI 1519 TNV/STG,1754424406,1754424419,733,0,0
1754407980_SI.S03R,093300_SI.S03R,SI,1,1754407980,1SI 1533 STG/TNV,1754422692,1754422694,392,0,0
1754408280_SI.S03R,093800_SI.S03R,SI,1,1754408280,1SI 1538 STG/TNV,1754426388,1754426403,380,0,0
1754408340_SI..N,093900_SI..N,SI,0,1754408340,1SI 1539 TNV/STG,1754426283,1754426298,719,0,0
1754409540_SI..N,095900_SI..N,SI,0,1754409540,1SI 1559 TNV/STG,1754427094,1754427106,672,0,0
1754409660_SI.S07R,096100_SI.S07R,SS,1,1754409660,1SS 1601 STG/TNV,1754424511,1754424524,448,0,0
1754409780_SI.S03R,096300_SI.S03R,SI,1,1754409780,1SI 1603 STG/TNV,1754424526,1754424539,442,0,0
1754410080_SI.S07R,096800_SI.S07R,SS,1,1754410080,1SS 1608 STG/TNV,1754426433,1754426448,142,0,0
1754410140_SI.S03R,096900_SI.S03R,SI,1,1754410140,1SI 1609 STG/TNV,1754427169,1754427181,224,0,0
1754410740_SI.N03R,097900_SI.N03R,SI,0,1754410740,1SI 1619 TNV/STG,1754427709,1754427722,674,0,0
1754411460_SI.S07R,099100_SI.S07R,SS,1,1754411460,1SS 1631 STG/TNV,1754426073,1754426088,418,0,0
1754411580_SI.S03R,099300_SI.S03R,SI,1,1754411580,1SI 1633 STG/TNV,1754426208,1754426223,411,0,0
1754411640_SI.S07R,099400_SI.S07R,SS,1,1754411640,1SS 1634 STG/TNV,1754427889,1754427902,204,0,0
1754411760_SI.S03R,099600_SI.S03R,SI,1,1754411760,1SI 1636 STG/TNV,1754428685,1754428698,301,0,0
1754411940_SI.N03R,099900_SI.N03R,SI,0,1754411940,1SI 1639 TNV/STG,1754429001,1754429013,706,0,0
1754412660_SI.S07R,101100_SI.S07R,SS,1,1754412660,1SS 1651 STG/TNV,1754427214,1754427227,373,0,0
1754412780_SI.S02R,101300_SI.S02R,SI,1,1754412780,1SI 1653 STG/GKS,1754427227,1754427229,358,0,0
1754412840_SI.N03R,101400_SI.N03R,SI,0,1754412840,1SI 1654 TNV/STG,1754429917,1754429932,685,0,0
1754412840_SI.S07R,101400_SI.S07R,SS,1,1754412840,1SS 1654 STG/TNV,1754429256,1754429269,272,0,0
1754412900_SI.S02R,101500_SI.S02R,SI,1,1754412900,1SI 1655 STG/GKS,1754428685,1754428698,195,0,0
1754413740_SI.N03R,102900_SI.N03R,SI,0,1754413740,1SI 1709 TNV/STG,1754430712,1754430727,618,0,0
1754413860_SI.S07R,103100_SI.S07R,SS,1,1754413860,1SS 1711 STG/TNV,1754428535,1754428548,389,0,0
1754413980_SI.S02R,103300_SI.S02R,SI,1,1754413980,1SI 1713 STG/GKS,1754428325,1754428338,349,0,0
1754414100_SI.S07R,103500_SI.S07R,SS,1,1754414100,1SS 1715 STG/TNV,1754431283,1754431298,237,0,0
1754414640_SI.N03R,104400_SI.N03R,SI,0,1754414640,1SI 1724 TNV/STG,1754431839,1754431851,646,0,0
1754415060_SI.S07R,105100_SI.S07R,SS,1,1754415060,1SS 1731 STG/TNV,1754431628,1754431641,590,0,0
1754415180_SI.S02R,105300_SI.S02R,SI,1,1754415180,1SI 1733 STG/GKS,1754431283,1754431298,548,0,0
1754415540_SI.N03R,105900_SI.N03R,SI,0,1754415540,1SI 1739 TNV/STG,1754432679,1754432692,698,0,0
1754415960_SI.S07R,106600_SI.S07R,SS,1,1754415960,1SS 1746 STG/TNV,1754432499,1754432512,638,0,0
1754416080_SI.S02R,106800_SI.S02R,SI,1,1754416080,1SI 1748 STG/GKS,1754432319,1754432332,599,0,0
1754416440_SI.N03R,107400_SI.N03R,SI,0,1754416440,1SI 1754 TNV/STG,1754433503,1754433505,708,0,0
1754416860_SI.S07R,108100_SI.S07R,SS,1,1754416860,1SS 1801 STG/TNV,1754431433,1754431448,380,0,0
1754416980_SI.S02R,108300_SI.S02R,SI,1,1754416980,1SI 1803 STG/GKS,1754431433,1754431448,364,0,0
1754417040_SI.S07R,108400_SI.S07R,SS,1,1754417040,1SS 1804 STG/TNV,1754433370,1754433383,255,0,0
1754417100_SI.S02R,108500_SI.S02R,SI,1,1754417100,1SI 1805 STG/GKS,1754433310,1754433323,247,0,0
1754417340_SI.N03R,108900_SI.N03R,SI,0,1754417340,1SI 1809 TNV/STG,1754434511,1754434526,715,0,0
1754417760_SI.S07R,109600_SI.S07R,SS,1,1754417760,1SS 1816 STG/TNV,1754432379,1754432392,383,0,0
1754417880_SI.S02R,109800_SI.S02R,SI,1,1754417880,1SI 1818 STG/GKS,1754432514,1754432527,385,0,0
1754417940_SI.S07R,109900_SI.S07R,SS,1,1754417940,1SS 1819 STG/TNV,1754434361,1754434376,264,0,0
1754418060_SI.S02R,110100_SI.S02R,SI,1,1754418060,1SI 1821 STG/GKS,1754433956,1754433968,192,0,0
1754418240_SI.N03R,110400_SI.N03R,SI,0,1754418240,1SI 1824 TNV/STG,1754435337,1754435352,650,0,0
1754418660_SI.S07R,111100_SI.S07R,SS,1,1754418660,1SS 1831 STG/TNV,1754435397,1754435412,598,0,0
1754418780_SI.S02R,111300_SI.S02R,SI,1,1754418780,1SI 1833 STG/GKS,1754434616,1754434631,531,0,0
1754419260_SI.N03R,112100_SI.N03R,SI,0,1754419260,1SI 1841 TNV/STG,1754436193,1754436208,604,0,0
1754419560_SI.S07R,112600_SI.S07R,SS,1,1754419560,1SS 1846 STG/TNV,1754436268,1754436281,591,0,0
1754419680_SI.S02R,112800_SI.S02R,SI,1,1754419680,1SI 1848 STG/GKS,1754435683,1754435698,542,0,0
1754420160_SI.N03R,113600_SI.N03R,SI,0,1754420160,1SI 1856 TNV/STG,1754437064,1754437077,657,0,0
1754420460_SI.S07R,114100_SI.S07R,SS,1,1754420460,1SS 1901 STG/TNV,1754437965,1754437978,757,0,0
1754420580_SI.S02R,114300_SI.S02R,SI,1,1754420580,1SI 1903 STG/GKS,1754436794,1754436806,593,0,0
1754421060_SI.N03R,115100_SI.N03R,SI,0,1754421060,1SI 1911 TNV/STG,1754438070,1754438083,705,0,0
1754421360_SI.S07R,115600_SI.S07R,SS,1,1754421360,1SS 1916 STG/TNV,1754436283,1754436296,427,0,0
1754421480_SI.S02R,115800_SI.S02R,SI,1,1754421480,1SI 1918 STG/GKS,1754436298,1754436311,413,0,0
1754421900_SI.S07R,116500_SI.S07R,SS,1,1754421900,1SS 1925 STG/TNV,1754438398,1754438400,281,0,0
1754421960_SI.N03R,116600_SI.N03R,SI,0,1754421960,1SI 1926 TNV/STG,1754439091,1754439104,721,0,0
1754421960_SI.S02R,116600_SI.S02R,SI,1,1754421960,1SI 1926 STG/GKS,1754437905,1754437918,214,0,0
1754422260_SI.S07R,117100_SI.S07R,SS,1,1754422260,1SS 1931 STG/TNV,1754436972,1754436974,398,0,0
1754422380_SI..S,117300_SI..S,SI,1,1754422380,1SI 1933 STG/TNV,1754437079,1754437092,397,0,0
1754422560_SI.S07R,117600_SI.S07R,SS,1,1754422560,1SS 1936 STG/TNV,1754439181,1754439194,295,0,0
1754422680_SI..S,117800_SI..S,SI,1,1754422680,1SI 1938 STG/TNV,1754439947,1754439962,309,0,0
1754422860_SI.N03R,118100_SI.N03R,SI,0,1754422860,1SI 1941 TNV/STG,1754439962,1754439977,675,0,0
1754423460_SS..S,119100_SS..S,SS,1,1754423460,1SS 1951 STG/TNV,1754439947,1754439962,594,0,0
1754423580_SI..S,119300_SI..S,SI,1,1754423580,1SI 1953 STG/TNV,1754441148,1754441161,665,0,0
1754423760_SI.N03R,119600_SI.N03R,SI,0,1754423760,1SI 1956 TNV/STG,1754438398,1754438400,399,0,0
1754423940_SI.N03R,119900_SI.N03R,SI,0,1754423940,1SI 1959 TNV/STG,1754441146,1754441148,251,1,1
1754424660_SI..S,121100_SI..S,SI,1,1754424660,1SI 2011 STG/TNV,1754449857,1754449872,1570,0,0
1754424660_SI.N03R,121100_SI.N03R,SI,0,1754424660,1SI 2011 TNV/STG,1754441854,1754441867,685,0,0
1754425140_SI..N,121900_SI..N,SI,0,1754425140,1SI 2019 TKS/G08,1754439842,1754439855,1,-1,0
1754425860_SI..N,123100_SI..N,SI,0,1754425860,1SI 2031 TNV/STG,1754443055,1754443068,737,0,0
1754426160_SI..S,123600_SI..S,SI,1,1754426160,1SI 2036 STG/TNV,1754443128,1754443130,706,0,0
1754427660_SI..N,126100_SI..N,SI,0,1754427660,1SI 2101 TNV/STG,1754444602,1754444617,673,0,0
1754427960_SI..S,126600_SI..S,SI,1,1754427960,1SI 2106 STG/TNV,1754445503,1754445518,693,0,0
1754429460_SI..N,129100_SI..N,SI,0,1754429460,1SI 2131 TNV/STG,1754446509,1754446521,659,0,0
1754429760_SI..S,129600_SI..S,SI,1,1754429760,1SI 2136 STG/TNV,1754449647,1754449662,1011,0,0
1754431260_SI..N,132100_SI..N,SI,0,1754431260,1SI 2201 TNV/STG,1754449617,1754449632,843,0,0
1754431560_SI..S,132600_SI..S,SI,1,1754431560,1SI 2206 STG/TNV,1754449677,1754449692,807,0,0
1754433060_SI..N,135100_SI..N,SI,0,1754433060,1SI 2231 TNV/STG,1754450353,1754450368,652,0,0
1754433360_SI..S,135600_SI..S,SI,1,1754433360,1SI 2236 STG/TNV,1754450353,1754450368,613,0,0
1754434860_SI..N,138100_SI..N,SI,0,1754434860,1SI 2301 TNV/STG,1754451914,1754451927,700,0,0
1754435160_SI..S,138600_SI..S,SI,1,1754435160,1SI 2306 STG/TNV,1754455638,1754455651,1071,0,0
1754436660_SI..N,141100_SI..N,SI,0,1754436660,1SI 2331 TNV/STG,1754455038,1754455053,820,0,0
1754436960_SI..S,141600_SI..S,SI,1,1754436960,1SI 2336 STG/TNV,1754455683,1754455696,838,0,0
1754438460_SI..N,000100_SI..N,SI,0,1754438460,1SI 0001 TNV/STG,1754455638,1754455651,652,0,0
1754438760_SI..S,000600_SI..S,SI,1,1754438760,1SI 0006 STG/TNV,1754456179,1754456191,704,0,0
1754440260_SI..N,003100_SI..N,SI,0,1754440260,1SI 0031 TNV/STG,1754458236,1754458248,852,0,0
1754440560_SI..S,003600_SI..S,SI,1,1754440560,1SI 0036 STG/TNV,1754458701,1754458716,874,0,0
1754442060_SI..N,006100_SI..N,SI,0,1754442060,1SI 0101 TNV/STG,1754459227,1754459242,710,0,0
1754442360_SI..S,006600_SI..S,SI,1,1754442360,1SI 0106 STG/TNV,1754460516,1754460518,762,0,0
1754443860_SI..N,009100_SI..N,SI,0,1754443860,1SI 0131 TNV/STG,1754460774,1754460786,658,0,0
1754444160_SI..S,009600_SI..S,SI,1,1754444160,1SI 0136 STG/TNV,1754461419,1754461432,637,0,0
1754445660_SI..N,012100_SI..N,SI,0,1754445660,1SI 0201 TNV/STG,1754462666,1754462678,724,0,0
1754445960_SI..S,012600_SI..S,SI,1,1754445960,1SI 0206 STG/TNV,1754463221,1754463234,758,0,0
1754447460_SI..N,015100_SI..N,SI,0,1754447460,1SI 0231 TNV/STG,1754464558,1754464573,670,0,0
1754447760_SI..S,015600_SI..S,SI,1,1754447760,1SI 0236 STG/TNV,1754466795,1754466807,897,0,0
1754449260_SI..N,018100_SI..N,SI,0,1754449260,1SI 0301 TNV/STG,1754466810,1754466822,789,0,0
1754449560_SI..S,018600_SI..S,SI,1,1754449560,1SI 0306 STG/TNV,1754466810,1754466822,732,0,0
1754451060_SI..N,021100_SI..N,SI,0,1754451060,1SI 0331 TNV/STG,1754468462,1754468477,902,0,0
1754451360_SI..S,021600_SI..S,SI,1,1754451360,1SI 0336 STG/TNV,1754468221,1754468234,797,0,0
